revenue_section_id,revenue_item_key,fiscal_year,account_code,account_name,budget_side,kan_code,kan_name,kou_code,kou_name,moku_code,moku_name,setsu_code,setsu_name,previous_amount_thousand_yen,current_amount_thousand_yen,diff_amount_thousand_yen,allocated_amount_thousand_yen,unallocated_amount_thousand_yen,general_revenue_thousand_yen,specific_revenue_thousand_yen,special_account_revenue_thousand_yen,detail_count,validation_status,source_type
rs_2026_general_revenue_01_01_01_01,2026_general_revenue_01_01_01,2026,general,一般会計,revenue,01,特別区税,01,特別区民税,01,特別区民税,01,現年課税分,138498315,153521706,15023391,0,153521706,153521706,0,0,1,ok,derived
rs_2026_general_revenue_01_01_01_02,2026_general_revenue_01_01_01,2026,general,一般会計,revenue,01,特別区税,01,特別区民税,01,特別区民税,02,滞納繰越分,1006388,1042919,36531,0,1042919,1042919,0,0,1,ok,derived
rs_2026_general_revenue_01_02_01_01,2026_general_revenue_01_02_01,2026,general,一般会計,revenue,01,特別区税,02,軽自動車税,01,軽自動車税（種別割）,01,現年課税分,348559,0,-348559,0,0,0,0,0,1,ok_zero_amount,derived
rs_2026_general_revenue_01_02_01_02,2026_general_revenue_01_02_01,2026,general,一般会計,revenue,01,特別区税,02,軽自動車税,01,軽自動車税（種別割）,02,滞納繰越分,5676,6160,484,0,6160,6160,0,0,1,ok,derived
rs_2026_general_revenue_01_02_02_01,2026_general_revenue_01_02_02,2026,general,一般会計,revenue,01,特別区税,02,軽自動車税,02,軽自動車税（環境性能割）,01,現年課税分,33221,5103,-28118,0,5103,5103,0,0,1,ok,derived
rs_2026_general_revenue_01_02_03_01,2026_general_revenue_01_02_03,2026,general,一般会計,revenue,01,特別区税,02,軽自動車税,03,軽自動車税,01,現年課税分,0,362518,362518,0,362518,362518,0,0,1,ok,derived
rs_2026_general_revenue_01_06_01_01,2026_general_revenue_01_06_01,2026,general,一般会計,revenue,01,特別区税,06,特別区たばこ税,01,特別区たばこ税,01,現年課税分,4612411,4525026,-87385,0,4525026,4525026,0,0,1,ok,derived
rs_2026_general_revenue_01_07_01_01,2026_general_revenue_01_07_01,2026,general,一般会計,revenue,01,特別区税,07,入湯税,01,入湯税,01,現年課税分,9404,9404,0,0,9404,9404,0,0,1,ok,derived
rs_2026_general_revenue_02_02_01_01,2026_general_revenue_02_02_01,2026,general,一般会計,revenue,02,地方譲与税,02,自動車重量譲与税,01,自動車重量譲与税,01,自動車重量譲与税,958000,986000,28000,0,986000,986000,0,0,1,ok,derived
rs_2026_general_revenue_02_04_01_01,2026_general_revenue_02_04_01,2026,general,一般会計,revenue,02,地方譲与税,04,地方揮発油譲与税,01,地方揮発油譲与税,01,地方揮発油譲与税,282000,236000,-46000,0,236000,236000,0,0,1,ok,derived
rs_2026_general_revenue_02_05_01_01,2026_general_revenue_02_05_01,2026,general,一般会計,revenue,02,地方譲与税,05,森林環境譲与税,01,森林環境譲与税,01,森林環境譲与税,127000,122000,-5000,0,122000,122000,0,0,1,ok,derived
rs_2026_general_revenue_03_01_01_01,2026_general_revenue_03_01_01,2026,general,一般会計,revenue,03,利子割交付金,01,利子割交付金,01,利子割交付金,01,利子割交付金,1645000,2280000,635000,0,2280000,2280000,0,0,1,ok,derived
rs_2026_general_revenue_04_01_01_01,2026_general_revenue_04_01_01,2026,general,一般会計,revenue,04,配当割交付金,01,配当割交付金,01,配当割交付金,01,配当割交付金,4045000,4018000,-27000,0,4018000,4018000,0,0,1,ok,derived
rs_2026_general_revenue_05_01_01_01,2026_general_revenue_05_01_01,2026,general,一般会計,revenue,05,株式等譲渡所得割交付金,01,株式等譲渡所得割交付金,01,株式等譲渡所得割交付金,01,株式等譲渡所得割交付金,4921000,8074000,3153000,0,8074000,8074000,0,0,1,ok,derived
rs_2026_general_revenue_06_01_01_01,2026_general_revenue_06_01_01,2026,general,一般会計,revenue,06,地方消費税交付金,01,地方消費税交付金,01,地方消費税交付金,01,地方消費税交付金,23946000,27048000,3102000,0,27048000,27048000,0,0,1,ok,derived
rs_2026_general_revenue_08_01_01_01,2026_general_revenue_08_01_01,2026,general,一般会計,revenue,08,地方特例交付金,01,地方特例交付金,01,地方特例交付金,01,地方特例交付金,343000,847000,504000,0,847000,847000,0,0,1,ok,derived
rs_2026_general_revenue_09_01_01_01,2026_general_revenue_09_01_01,2026,general,一般会計,revenue,09,特別区交付金,01,特別区財政調整交付金,01,普通交付金,01,普通交付金,68505000,69191707,686707,0,69191707,69191707,0,0,1,ok,derived
rs_2026_general_revenue_09_01_02_01,2026_general_revenue_09_01_02,2026,general,一般会計,revenue,09,特別区交付金,01,特別区財政調整交付金,02,特別交付金,01,特別交付金,4000000,5000000,1000000,0,5000000,5000000,0,0,1,ok,derived
rs_2026_general_revenue_10_01_01_01,2026_general_revenue_10_01_01,2026,general,一般会計,revenue,10,交通安全対策特別交付金,01,交通安全対策特別交付金,01,交通安全対策特別交付金,01,交通安全対策特別交付金,80000,76000,-4000,0,76000,76000,0,0,1,ok,derived
rs_2026_general_revenue_11_01_01_01,2026_general_revenue_11_01_01,2026,general,一般会計,revenue,11,分担金及負担金,01,負担金,01,民生費負担金,01,老人福祉施設費,48487,50235,1748,50235,0,0,50235,0,1,ok,derived
rs_2026_general_revenue_11_01_01_04,2026_general_revenue_11_01_01,2026,general,一般会計,revenue,11,分担金及負担金,01,負担金,01,民生費負担金,04,保育所費,2276151,11767,-2264384,11767,0,0,11767,0,3,ok,derived
rs_2026_general_revenue_11_01_01_05,2026_general_revenue_11_01_01,2026,general,一般会計,revenue,11,分担金及負担金,01,負担金,01,民生費負担金,05,児童保護費,732,732,0,732,0,0,732,0,1,ok,derived
rs_2026_general_revenue_11_01_01_08,2026_general_revenue_11_01_01,2026,general,一般会計,revenue,11,分担金及負担金,01,負担金,01,民生費負担金,08,母子生活支援施設費,659,621,-38,621,0,0,621,0,2,ok,derived
rs_2026_general_revenue_11_01_01_11,2026_general_revenue_11_01_01,2026,general,一般会計,revenue,11,分担金及負担金,01,負担金,01,民生費負担金,11,児童養護施設退所者等住宅支援費,620,500,-120,500,0,0,500,0,1,ok,derived
rs_2026_general_revenue_11_01_01_12,2026_general_revenue_11_01_01,2026,general,一般会計,revenue,11,分担金及負担金,01,負担金,01,民生費負担金,12,児童福祉施設等費,7709,10219,2510,10219,0,0,10219,0,1,ok,derived
rs_2026_general_revenue_11_01_01_13,2026_general_revenue_11_01_01,2026,general,一般会計,revenue,11,分担金及負担金,01,負担金,01,民生費負担金,13,障害児入所施設費,699,960,261,960,0,0,960,0,1,ok,derived
rs_2026_general_revenue_11_01_01_14,2026_general_revenue_11_01_01,2026,general,一般会計,revenue,11,分担金及負担金,01,負担金,01,民生費負担金,14,措置費共同経理費,0,3596,3596,3596,0,0,3596,0,2,ok,derived
rs_2026_general_revenue_11_01_03_02,2026_general_revenue_11_01_03,2026,general,一般会計,revenue,11,分担金及負担金,01,負担金,03,土木費負担金,02,多摩川玉堤広場管理費,75859,85386,9527,85386,0,0,85386,0,1,ok,derived
rs_2026_general_revenue_11_01_03_06,2026_general_revenue_11_01_03,2026,general,一般会計,revenue,11,分担金及負担金,01,負担金,03,土木費負担金,06,無電柱化整備費,0,9725,9725,9725,0,0,9725,0,1,ok,derived
rs_2026_general_revenue_11_01_03_07,2026_general_revenue_11_01_03,2026,general,一般会計,revenue,11,分担金及負担金,01,負担金,03,土木費負担金,07,鉄道立体化調査費,8000,0,-8000,0,0,0,0,0,1,ok_zero_amount,derived
rs_2026_general_revenue_12_01_01_01,2026_general_revenue_12_01_01,2026,general,一般会計,revenue,12,使用料及手数料,01,使用料,01,総務使用料,01,区民会館,76843,121347,44504,121347,0,0,121347,0,2,ok,derived
rs_2026_general_revenue_12_01_01_02,2026_general_revenue_12_01_01,2026,general,一般会計,revenue,12,使用料及手数料,01,使用料,01,総務使用料,02,区民センター,68899,77435,8536,77435,0,0,77435,0,12,ok,derived
rs_2026_general_revenue_12_01_01_03,2026_general_revenue_12_01_01,2026,general,一般会計,revenue,12,使用料及手数料,01,使用料,01,総務使用料,03,食堂施設,923,924,1,924,0,0,924,0,2,ok,derived
rs_2026_general_revenue_12_01_01_05,2026_general_revenue_12_01_01,2026,general,一般会計,revenue,12,使用料及手数料,01,使用料,01,総務使用料,05,総務施設,19564,21780,2216,21780,0,0,21780,0,26,ok,derived
rs_2026_general_revenue_12_01_01_11,2026_general_revenue_12_01_01,2026,general,一般会計,revenue,12,使用料及手数料,01,使用料,01,総務使用料,11,地区会館,80286,93450,13164,93450,0,0,93450,0,5,ok,derived
rs_2026_general_revenue_12_01_01_12,2026_general_revenue_12_01_01,2026,general,一般会計,revenue,12,使用料及手数料,01,使用料,01,総務使用料,12,区民集会所,45411,52690,7279,52690,0,0,52690,0,5,ok,derived
rs_2026_general_revenue_12_01_01_13,2026_general_revenue_12_01_01,2026,general,一般会計,revenue,12,使用料及手数料,01,使用料,01,総務使用料,13,文化施設,14720,17610,2890,17610,0,0,17610,0,3,ok,derived
rs_2026_general_revenue_12_01_01_15,2026_general_revenue_12_01_01,2026,general,一般会計,revenue,12,使用料及手数料,01,使用料,01,総務使用料,15,区役所駐車場,5565,5381,-184,5381,0,0,5381,0,1,ok,derived
rs_2026_general_revenue_12_01_01_16,2026_general_revenue_12_01_01,2026,general,一般会計,revenue,12,使用料及手数料,01,使用料,01,総務使用料,16,スポーツ施設,22406,21346,-1060,21346,0,0,21346,0,1,ok,derived
rs_2026_general_revenue_12_01_01_17,2026_general_revenue_12_01_01,2026,general,一般会計,revenue,12,使用料及手数料,01,使用料,01,総務使用料,17,生涯現役施設,6943,7057,114,7057,0,0,7057,0,5,ok,derived
rs_2026_general_revenue_12_01_02_02,2026_general_revenue_12_01_02,2026,general,一般会計,revenue,12,使用料及手数料,01,使用料,02,民生使用料,02,民生施設,42293,44376,2083,44376,0,0,44376,0,26,ok,derived
rs_2026_general_revenue_12_01_02_03,2026_general_revenue_12_01_02,2026,general,一般会計,revenue,12,使用料及手数料,01,使用料,02,民生使用料,03,高齢者住宅,11060,8912,-2148,8912,0,0,8912,0,2,ok,derived
rs_2026_general_revenue_12_01_03_01,2026_general_revenue_12_01_03,2026,general,一般会計,revenue,12,使用料及手数料,01,使用料,03,衛生使用料,01,保健所,6569,6432,-137,6432,0,0,6432,0,13,ok,derived
rs_2026_general_revenue_12_01_03_02,2026_general_revenue_12_01_03,2026,general,一般会計,revenue,12,使用料及手数料,01,使用料,03,衛生使用料,02,保健センター,17101,17007,-94,17007,0,0,17007,0,3,ok,derived
rs_2026_general_revenue_12_01_03_03,2026_general_revenue_12_01_03,2026,general,一般会計,revenue,12,使用料及手数料,01,使用料,03,衛生使用料,03,衛生施設,136,272,136,272,0,0,272,0,1,ok,derived
rs_2026_general_revenue_12_01_04_03,2026_general_revenue_12_01_04,2026,general,一般会計,revenue,12,使用料及手数料,01,使用料,04,産業経済使用料,03,区民農園,11911,19565,7654,19565,0,0,19565,0,1,ok,derived
rs_2026_general_revenue_12_01_05_01,2026_general_revenue_12_01_05,2026,general,一般会計,revenue,12,使用料及手数料,01,使用料,05,土木使用料,01,道路占用,3760500,3747000,-13500,3747000,0,0,3747000,0,4,ok,derived
rs_2026_general_revenue_12_01_05_02,2026_general_revenue_12_01_05,2026,general,一般会計,revenue,12,使用料及手数料,01,使用料,05,土木使用料,02,公共物占用,16700,19000,2300,19000,0,0,19000,0,1,ok,derived
rs_2026_general_revenue_12_01_05_03,2026_general_revenue_12_01_05,2026,general,一般会計,revenue,12,使用料及手数料,01,使用料,05,土木使用料,03,土木施設,2153,3240,1087,3240,0,0,3240,0,4,ok,derived
rs_2026_general_revenue_12_01_05_05,2026_general_revenue_12_01_05,2026,general,一般会計,revenue,12,使用料及手数料,01,使用料,05,土木使用料,05,公園占用,47549,38237,-9312,38237,0,0,38237,0,2,ok,derived
rs_2026_general_revenue_12_01_05_06,2026_general_revenue_12_01_05,2026,general,一般会計,revenue,12,使用料及手数料,01,使用料,05,土木使用料,06,公園施設,140446,165744,25298,165744,0,0,165744,0,7,ok,derived
rs_2026_general_revenue_12_01_05_07,2026_general_revenue_12_01_05,2026,general,一般会計,revenue,12,使用料及手数料,01,使用料,05,土木使用料,07,公的住宅,639089,635431,-3658,635431,0,0,635431,0,5,ok,derived
rs_2026_general_revenue_12_01_06_01,2026_general_revenue_12_01_06,2026,general,一般会計,revenue,12,使用料及手数料,01,使用料,06,教育使用料,01,学校施設,9362,8187,-1175,8187,0,0,8187,0,3,ok,derived
rs_2026_general_revenue_12_01_06_02,2026_general_revenue_12_01_06,2026,general,一般会計,revenue,12,使用料及手数料,01,使用料,06,教育使用料,02,幼稚園,10817,4260,-6557,4260,0,0,4260,0,2,ok,derived
rs_2026_general_revenue_12_01_06_05,2026_general_revenue_12_01_06,2026,general,一般会計,revenue,12,使用料及手数料,01,使用料,06,教育使用料,05,教育施設,576184,571861,-4323,571861,0,0,571861,0,12,ok,derived
rs_2026_general_revenue_12_01_07_01,2026_general_revenue_12_01_07,2026,general,一般会計,revenue,12,使用料及手数料,01,使用料,07,環境使用料,01,清掃・リサイクル普及啓発施設,3537,3958,421,3958,0,0,3958,0,1,ok,derived
rs_2026_general_revenue_12_01_07_02,2026_general_revenue_12_01_07,2026,general,一般会計,revenue,12,使用料及手数料,01,使用料,07,環境使用料,02,清掃事務所,8,8,0,8,0,0,8,0,1,ok,derived
rs_2026_general_revenue_12_01_07_03,2026_general_revenue_12_01_07,2026,general,一般会計,revenue,12,使用料及手数料,01,使用料,07,環境使用料,03,清掃・リサイクル施設,69,72,3,72,0,0,72,0,2,ok,derived
rs_2026_general_revenue_12_01_07_04,2026_general_revenue_12_01_07,2026,general,一般会計,revenue,12,使用料及手数料,01,使用料,07,環境使用料,04,太陽光発電施設（三浦）,3,3,0,3,0,0,3,0,1,ok,derived
rs_2026_general_revenue_12_02_01_01,2026_general_revenue_12_02_01,2026,general,一般会計,revenue,12,使用料及手数料,02,手数料,01,総務手数料,01,証明閲覧,309834,286906,-22928,286906,0,0,286906,0,8,ok,derived
rs_2026_general_revenue_12_02_01_02,2026_general_revenue_12_02_01,2026,general,一般会計,revenue,12,使用料及手数料,02,手数料,01,総務手数料,02,システム登録,9300,18700,9400,18700,0,0,18700,0,1,ok,derived
rs_2026_general_revenue_12_02_02_01,2026_general_revenue_12_02_02,2026,general,一般会計,revenue,12,使用料及手数料,02,手数料,02,民生手数料,01,諸証明,5,7,2,7,0,0,7,0,2,ok,derived
rs_2026_general_revenue_12_02_03_01,2026_general_revenue_12_02_03,2026,general,一般会計,revenue,12,使用料及手数料,02,手数料,03,環境手数料,01,工場公害防止認可,64,64,0,64,0,0,64,0,2,ok,derived
rs_2026_general_revenue_12_02_03_03,2026_general_revenue_12_02_03,2026,general,一般会計,revenue,12,使用料及手数料,02,手数料,03,環境手数料,03,諸証明,1,1,0,1,0,0,1,0,1,ok,derived
rs_2026_general_revenue_12_02_03_04,2026_general_revenue_12_02_03,2026,general,一般会計,revenue,12,使用料及手数料,02,手数料,03,環境手数料,04,清掃等指導業務,1613,1183,-430,1183,0,0,1183,0,1,ok,derived
rs_2026_general_revenue_12_02_03_05,2026_general_revenue_12_02_03,2026,general,一般会計,revenue,12,使用料及手数料,02,手数料,03,環境手数料,05,有料ごみ処理券,742162,554444,-187718,554444,0,0,554444,0,1,ok,derived
rs_2026_general_revenue_12_02_03_06,2026_general_revenue_12_02_03,2026,general,一般会計,revenue,12,使用料及手数料,02,手数料,03,環境手数料,06,動物死体処理,930,930,0,930,0,0,930,0,1,ok,derived
rs_2026_general_revenue_12_02_03_07,2026_general_revenue_12_02_03,2026,general,一般会計,revenue,12,使用料及手数料,02,手数料,03,環境手数料,07,廃棄物処理,1,1,0,1,0,0,1,0,2,ok,derived
rs_2026_general_revenue_12_02_03_08,2026_general_revenue_12_02_03,2026,general,一般会計,revenue,12,使用料及手数料,02,手数料,03,環境手数料,08,粗大ごみ処理,49454,202302,152848,202302,0,0,202302,0,1,ok,derived
rs_2026_general_revenue_12_02_04_01,2026_general_revenue_12_02_04,2026,general,一般会計,revenue,12,使用料及手数料,02,手数料,04,衛生手数料,01,証明閲覧,121,124,3,124,0,0,124,0,5,ok,derived
rs_2026_general_revenue_12_02_04_03,2026_general_revenue_12_02_04,2026,general,一般会計,revenue,12,使用料及手数料,02,手数料,04,衛生手数料,03,畜犬登録,20567,20771,204,20771,0,0,20771,0,1,ok,derived
rs_2026_general_revenue_12_02_04_04,2026_general_revenue_12_02_04,2026,general,一般会計,revenue,12,使用料及手数料,02,手数料,04,衛生手数料,04,食品衛生,26650,27000,350,27000,0,0,27000,0,1,ok,derived
rs_2026_general_revenue_12_02_04_05,2026_general_revenue_12_02_04,2026,general,一般会計,revenue,12,使用料及手数料,02,手数料,04,衛生手数料,05,環境衛生,5472,6898,1426,6898,0,0,6898,0,1,ok,derived
rs_2026_general_revenue_12_02_04_06,2026_general_revenue_12_02_04,2026,general,一般会計,revenue,12,使用料及手数料,02,手数料,04,衛生手数料,06,診療所開設許可等,717,729,12,729,0,0,729,0,1,ok,derived
rs_2026_general_revenue_12_02_04_08,2026_general_revenue_12_02_04,2026,general,一般会計,revenue,12,使用料及手数料,02,手数料,04,衛生手数料,08,医務薬務,4533,4559,26,4559,0,0,4559,0,1,ok,derived
rs_2026_general_revenue_12_02_04_09,2026_general_revenue_12_02_04,2026,general,一般会計,revenue,12,使用料及手数料,02,手数料,04,衛生手数料,09,毒劇物,188,210,22,210,0,0,210,0,1,ok,derived
rs_2026_general_revenue_12_02_04_14,2026_general_revenue_12_02_04,2026,general,一般会計,revenue,12,使用料及手数料,02,手数料,04,衛生手数料,14,麻薬,745,703,-42,703,0,0,703,0,1,ok,derived
rs_2026_general_revenue_12_02_05_01,2026_general_revenue_12_02_05,2026,general,一般会計,revenue,12,使用料及手数料,02,手数料,05,土木手数料,01,屋外広告物許可,23400,20900,-2500,20900,0,0,20900,0,2,ok,derived
rs_2026_general_revenue_12_02_05_02,2026_general_revenue_12_02_05,2026,general,一般会計,revenue,12,使用料及手数料,02,手数料,05,土木手数料,02,自動車臨時運行許可,1875,1875,0,1875,0,0,1875,0,1,ok,derived
rs_2026_general_revenue_12_02_05_03,2026_general_revenue_12_02_05,2026,general,一般会計,revenue,12,使用料及手数料,02,手数料,05,土木手数料,03,放置自転車,33408,27708,-5700,27708,0,0,27708,0,2,ok,derived
rs_2026_general_revenue_12_02_05_05,2026_general_revenue_12_02_05,2026,general,一般会計,revenue,12,使用料及手数料,02,手数料,05,土木手数料,05,長期優良住宅認定,6813,6813,0,6813,0,0,6813,0,1,ok,derived
rs_2026_general_revenue_12_02_05_10,2026_general_revenue_12_02_05,2026,general,一般会計,revenue,12,使用料及手数料,02,手数料,05,土木手数料,10,諸証明,12723,12527,-196,12527,0,0,12527,0,10,ok,derived
rs_2026_general_revenue_12_02_05_11,2026_general_revenue_12_02_05,2026,general,一般会計,revenue,12,使用料及手数料,02,手数料,05,土木手数料,11,開発許可,6177,6169,-8,6169,0,0,6169,0,1,ok,derived
rs_2026_general_revenue_12_02_05_15,2026_general_revenue_12_02_05,2026,general,一般会計,revenue,12,使用料及手数料,02,手数料,05,土木手数料,15,位置指定申請,1000,1000,0,1000,0,0,1000,0,1,ok,derived
rs_2026_general_revenue_12_02_05_16,2026_general_revenue_12_02_05,2026,general,一般会計,revenue,12,使用料及手数料,02,手数料,05,土木手数料,16,宅地造成許可,1,1,0,1,0,0,1,0,1,ok,derived
rs_2026_general_revenue_12_02_05_17,2026_general_revenue_12_02_05,2026,general,一般会計,revenue,12,使用料及手数料,02,手数料,05,土木手数料,17,建築確認・検査,16025,16060,35,16060,0,0,16060,0,1,ok,derived
rs_2026_general_revenue_12_02_05_18,2026_general_revenue_12_02_05,2026,general,一般会計,revenue,12,使用料及手数料,02,手数料,05,土木手数料,18,低炭素建築物認定,1000,1500,500,1500,0,0,1500,0,1,ok,derived
rs_2026_general_revenue_12_02_05_19,2026_general_revenue_12_02_05,2026,general,一般会計,revenue,12,使用料及手数料,02,手数料,05,土木手数料,19,建築物エネルギー消費性能向上認定,5,5,0,5,0,0,5,0,1,ok,derived
rs_2026_general_revenue_12_02_05_21,2026_general_revenue_12_02_05,2026,general,一般会計,revenue,12,使用料及手数料,02,手数料,05,土木手数料,21,盛土規制法許可,200,304,104,304,0,0,304,0,1,ok,derived
rs_2026_general_revenue_13_01_01_05,2026_general_revenue_13_01_01,2026,general,一般会計,revenue,13,国庫支出金,01,国庫負担金,01,民生費負担金,05,特別障害者手当等支給費,221782,218577,-3205,218577,0,0,218577,0,1,ok,derived
rs_2026_general_revenue_13_01_01_06,2026_general_revenue_13_01_01,2026,general,一般会計,revenue,13,国庫支出金,01,国庫負担金,01,民生費負担金,06,生活保護費,16541975,17042070,500095,17042070,0,0,17042070,0,3,ok,derived
rs_2026_general_revenue_13_01_01_07,2026_general_revenue_13_01_01,2026,general,一般会計,revenue,13,国庫支出金,01,国庫負担金,01,民生費負担金,07,入院助産措置費,5276,4857,-419,4857,0,0,4857,0,1,ok,derived
rs_2026_general_revenue_13_01_01_08,2026_general_revenue_13_01_01,2026,general,一般会計,revenue,13,国庫支出金,01,国庫負担金,01,民生費負担金,08,障害福祉サービス費等,10013795,10499072,485277,10499072,0,0,10499072,0,5,ok,derived
rs_2026_general_revenue_13_01_01_09,2026_general_revenue_13_01_01,2026,general,一般会計,revenue,13,国庫支出金,01,国庫負担金,01,民生費負担金,09,児童手当支給費,15489902,14142587,-1347315,14142587,0,0,14142587,0,1,ok,derived
rs_2026_general_revenue_13_01_01_11,2026_general_revenue_13_01_01,2026,general,一般会計,revenue,13,国庫支出金,01,国庫負担金,01,民生費負担金,11,国民年金事務費,214909,223711,8802,223711,0,0,223711,0,2,ok,derived
rs_2026_general_revenue_13_01_01_14,2026_general_revenue_13_01_01,2026,general,一般会計,revenue,13,国庫支出金,01,国庫負担金,01,民生費負担金,14,保険基盤安定費,801612,819796,18184,819796,0,0,819796,0,1,ok,derived
rs_2026_general_revenue_13_01_01_17,2026_general_revenue_13_01_01,2026,general,一般会計,revenue,13,国庫支出金,01,国庫負担金,01,民生費負担金,17,母子生活支援施設費,118714,112870,-5844,112870,0,0,112870,0,2,ok,derived
rs_2026_general_revenue_13_01_01_18,2026_general_revenue_13_01_01,2026,general,一般会計,revenue,13,国庫支出金,01,国庫負担金,01,民生費負担金,18,児童扶養手当支給費,410048,454542,44494,454542,0,0,454542,0,1,ok,derived
rs_2026_general_revenue_13_01_01_20,2026_general_revenue_13_01_01,2026,general,一般会計,revenue,13,国庫支出金,01,国庫負担金,01,民生費負担金,20,特別障害給付事務費,140,153,13,153,0,0,153,0,1,ok,derived
rs_2026_general_revenue_13_01_01_23,2026_general_revenue_13_01_01,2026,general,一般会計,revenue,13,国庫支出金,01,国庫負担金,01,民生費負担金,23,特定中国残留邦人等支援事業,34761,33769,-992,33769,0,0,33769,0,3,ok,derived
rs_2026_general_revenue_13_01_01_28,2026_general_revenue_13_01_01,2026,general,一般会計,revenue,13,国庫支出金,01,国庫負担金,01,民生費負担金,28,介護保険料軽減費,277544,266451,-11093,266451,0,0,266451,0,1,ok,derived
rs_2026_general_revenue_13_01_01_31,2026_general_revenue_13_01_01,2026,general,一般会計,revenue,13,国庫支出金,01,国庫負担金,01,民生費負担金,31,生活困窮者自立相談支援事業費等負担金,99888,97665,-2223,97665,0,0,97665,0,6,ok,derived
rs_2026_general_revenue_13_01_01_33,2026_general_revenue_13_01_01,2026,general,一般会計,revenue,13,国庫支出金,01,国庫負担金,01,民生費負担金,33,施設型給付費（私立保育園）,11014091,11736952,722861,11736952,0,0,11736952,0,1,ok,derived
rs_2026_general_revenue_13_01_01_34,2026_general_revenue_13_01_01,2026,general,一般会計,revenue,13,国庫支出金,01,国庫負担金,01,民生費負担金,34,施設型給付費（認定こども園）,503482,526693,23211,526693,0,0,526693,0,2,ok,derived
rs_2026_general_revenue_13_01_01_35,2026_general_revenue_13_01_01,2026,general,一般会計,revenue,13,国庫支出金,01,国庫負担金,01,民生費負担金,35,施設型給付費（地域型保育事業）,630982,867897,236915,867897,0,0,867897,0,4,ok,derived
rs_2026_general_revenue_13_01_01_38,2026_general_revenue_13_01_01,2026,general,一般会計,revenue,13,国庫支出金,01,国庫負担金,01,民生費負担金,38,施設型給付費（私立幼稚園）,189542,257971,68429,257971,0,0,257971,0,1,ok,derived
rs_2026_general_revenue_13_01_01_40,2026_general_revenue_13_01_01,2026,general,一般会計,revenue,13,国庫支出金,01,国庫負担金,01,民生費負担金,40,子育てのための施設等利用給付交付金,1187433,1210078,22645,1210078,0,0,1210078,0,5,ok,derived
rs_2026_general_revenue_13_01_01_41,2026_general_revenue_13_01_01,2026,general,一般会計,revenue,13,国庫支出金,01,国庫負担金,01,民生費負担金,41,障害児入所施設措置費,39998,33786,-6212,33786,0,0,33786,0,1,ok,derived
rs_2026_general_revenue_13_01_01_43,2026_general_revenue_13_01_01,2026,general,一般会計,revenue,13,国庫支出金,01,国庫負担金,01,民生費負担金,43,児童入所施設費等,77930,85058,7128,85058,0,0,85058,0,2,ok,derived
rs_2026_general_revenue_13_01_01_44,2026_general_revenue_13_01_01,2026,general,一般会計,revenue,13,国庫支出金,01,国庫負担金,01,民生費負担金,44,児童入所施設措置費等,632068,753461,121393,753461,0,0,753461,0,4,ok,derived
rs_2026_general_revenue_13_01_01_45,2026_general_revenue_13_01_01,2026,general,一般会計,revenue,13,国庫支出金,01,国庫負担金,01,民生費負担金,45,重層的支援体制整備事業,214639,224473,9834,224473,0,0,224473,0,4,ok,derived
rs_2026_general_revenue_13_01_01_46,2026_general_revenue_13_01_01,2026,general,一般会計,revenue,13,国庫支出金,01,国庫負担金,01,民生費負担金,46,未就学児均等割保険料負担金,34330,33663,-667,33663,0,0,33663,0,1,ok,derived
rs_2026_general_revenue_13_01_01_47,2026_general_revenue_13_01_01,2026,general,一般会計,revenue,13,国庫支出金,01,国庫負担金,01,民生費負担金,47,産前産後保険料負担金,16402,21463,5061,21463,0,0,21463,0,1,ok,derived
rs_2026_general_revenue_13_01_01_48,2026_general_revenue_13_01_01,2026,general,一般会計,revenue,13,国庫支出金,01,国庫負担金,01,民生費負担金,48,乳児等支援給付費（私立幼稚園）,0,623,623,623,0,0,623,0,2,ok,derived
rs_2026_general_revenue_13_01_01_49,2026_general_revenue_13_01_01,2026,general,一般会計,revenue,13,国庫支出金,01,国庫負担金,01,民生費負担金,49,乳児等支援給付費（私立幼稚園施設型給付）,0,364,364,364,0,0,364,0,1,ok,derived
rs_2026_general_revenue_13_01_01_50,2026_general_revenue_13_01_01,2026,general,一般会計,revenue,13,国庫支出金,01,国庫負担金,01,民生費負担金,50,乳児等支援給付費（私立保育園）,0,7704,7704,7704,0,0,7704,0,1,ok,derived
rs_2026_general_revenue_13_01_01_51,2026_general_revenue_13_01_01,2026,general,一般会計,revenue,13,国庫支出金,01,国庫負担金,01,民生費負担金,51,乳児等支援給付費（認定こども園）,0,335,335,335,0,0,335,0,1,ok,derived
rs_2026_general_revenue_13_01_01_52,2026_general_revenue_13_01_01,2026,general,一般会計,revenue,13,国庫支出金,01,国庫負担金,01,民生費負担金,52,乳児等支援給付費（特定地域型保育事業）,0,2679,2679,2679,0,0,2679,0,1,ok,derived
rs_2026_general_revenue_13_01_01_53,2026_general_revenue_13_01_01,2026,general,一般会計,revenue,13,国庫支出金,01,国庫負担金,01,民生費負担金,53,乳児等支援給付費（認証保育所）,0,8424,8424,8424,0,0,8424,0,1,ok,derived
rs_2026_general_revenue_13_01_02_04,2026_general_revenue_13_01_02,2026,general,一般会計,revenue,13,国庫支出金,01,国庫負担金,02,衛生費負担金,04,結核対策費,12355,11509,-846,11509,0,0,11509,0,2,ok,derived
rs_2026_general_revenue_13_01_02_06,2026_general_revenue_13_01_02,2026,general,一般会計,revenue,13,国庫支出金,01,国庫負担金,02,衛生費負担金,06,母子衛生費,11609,10205,-1404,10205,0,0,10205,0,1,ok,derived
rs_2026_general_revenue_13_01_02_07,2026_general_revenue_13_01_02,2026,general,一般会計,revenue,13,国庫支出金,01,国庫負担金,02,衛生費負担金,07,感染症対策費,3479,5718,2239,5718,0,0,5718,0,6,ok,derived
rs_2026_general_revenue_13_01_02_08,2026_general_revenue_13_01_02,2026,general,一般会計,revenue,13,国庫支出金,01,国庫負担金,02,衛生費負担金,08,育成医療費,340,121,-219,121,0,0,121,0,1,ok,derived
rs_2026_general_revenue_13_01_02_09,2026_general_revenue_13_01_02,2026,general,一般会計,revenue,13,国庫支出金,01,国庫負担金,02,衛生費負担金,09,小児慢性特定疾病医療費,105003,104735,-268,104735,0,0,104735,0,1,ok,derived
rs_2026_general_revenue_13_01_02_10,2026_general_revenue_13_01_02,2026,general,一般会計,revenue,13,国庫支出金,01,国庫負担金,02,衛生費負担金,10,小児慢性特定疾病児童等自立支援事業費,362,449,87,449,0,0,449,0,1,ok,derived
rs_2026_general_revenue_13_01_02_11,2026_general_revenue_13_01_02,2026,general,一般会計,revenue,13,国庫支出金,01,国庫負担金,02,衛生費負担金,11,新型コロナウイルスワクチン接種事業,216781,253336,36555,253336,0,0,253336,0,1,ok,derived
rs_2026_general_revenue_13_01_03_03,2026_general_revenue_13_01_03,2026,general,一般会計,revenue,13,国庫支出金,01,国庫負担金,03,教育費負担金,03,子育てのための施設等利用給付交付金,1994,2094,100,2094,0,0,2094,0,1,ok,derived
rs_2026_general_revenue_13_02_01_01,2026_general_revenue_13_02_01,2026,general,一般会計,revenue,13,国庫支出金,02,国庫補助金,01,民生費補助金,01,相談員費,10482,0,-10482,0,0,0,0,0,5,ok_zero_amount,derived
rs_2026_general_revenue_13_02_01_09,2026_general_revenue_13_02_01,2026,general,一般会計,revenue,13,国庫支出金,02,国庫補助金,01,民生費補助金,09,障害者福祉諸費,128,131,3,131,0,0,131,0,1,ok,derived
rs_2026_general_revenue_13_02_01_23,2026_general_revenue_13_02_01,2026,general,一般会計,revenue,13,国庫支出金,02,国庫補助金,01,民生費補助金,23,次世代育成支援対策施設整備交付金,113429,38664,-74765,38664,0,0,38664,0,8,ok,derived
rs_2026_general_revenue_13_02_01_24,2026_general_revenue_13_02_01,2026,general,一般会計,revenue,13,国庫支出金,02,国庫補助金,01,民生費補助金,24,母子家庭自立支援給付金,62292,0,-62292,0,0,0,0,0,2,ok_zero_amount,derived
rs_2026_general_revenue_13_02_01_28,2026_general_revenue_13_02_01,2026,general,一般会計,revenue,13,国庫支出金,02,国庫補助金,01,民生費補助金,28,地域介護・福祉空間整備等交付金,38650,38650,0,38650,0,0,38650,0,1,ok,derived
rs_2026_general_revenue_13_02_01_32,2026_general_revenue_13_02_01,2026,general,一般会計,revenue,13,国庫支出金,02,国庫補助金,01,民生費補助金,32,地域生活支援事業費,274734,306494,31760,306494,0,0,306494,0,19,ok,derived
rs_2026_general_revenue_13_02_01_54,2026_general_revenue_13_02_01,2026,general,一般会計,revenue,13,国庫支出金,02,国庫補助金,01,民生費補助金,54,地域子ども・子育て支援事業,739732,900459,160727,900459,0,0,900459,0,33,ok,derived
rs_2026_general_revenue_13_02_01_55,2026_general_revenue_13_02_01,2026,general,一般会計,revenue,13,国庫支出金,02,国庫補助金,01,民生費補助金,55,保育士宿舎借り上げ支援,645644,447180,-198464,447180,0,0,447180,0,1,ok,derived
rs_2026_general_revenue_13_02_01_56,2026_general_revenue_13_02_01,2026,general,一般会計,revenue,13,国庫支出金,02,国庫補助金,01,民生費補助金,56,生活困窮者就労準備支援事業費等補助金,158298,219420,61122,219420,0,0,219420,0,16,ok,derived
rs_2026_general_revenue_13_02_01_57,2026_general_revenue_13_02_01,2026,general,一般会計,revenue,13,国庫支出金,02,国庫補助金,01,民生費補助金,57,子ども・子育て支援体制整備総合推進事業,10653,14429,3776,14429,0,0,14429,0,5,ok,derived
rs_2026_general_revenue_13_02_01_58,2026_general_revenue_13_02_01,2026,general,一般会計,revenue,13,国庫支出金,02,国庫補助金,01,民生費補助金,58,保育対策総合支援事業費補助金,326692,466975,140283,466975,0,0,466975,0,9,ok,derived
rs_2026_general_revenue_13_02_01_59,2026_general_revenue_13_02_01,2026,general,一般会計,revenue,13,国庫支出金,02,国庫補助金,01,民生費補助金,59,保育所等整備交付金,147458,0,-147458,0,0,0,0,0,2,ok_zero_amount,derived
rs_2026_general_revenue_13_02_01_60,2026_general_revenue_13_02_01,2026,general,一般会計,revenue,13,国庫支出金,02,国庫補助金,01,民生費補助金,60,妊娠・出産包括支援事業,3968,3968,0,3968,0,0,3968,0,1,ok,derived
rs_2026_general_revenue_13_02_01_69,2026_general_revenue_13_02_01,2026,general,一般会計,revenue,13,国庫支出金,02,国庫補助金,01,民生費補助金,69,地域生活支援促進事業費,62547,69363,6816,69363,0,0,69363,0,10,ok,derived
rs_2026_general_revenue_13_02_01_71,2026_general_revenue_13_02_01,2026,general,一般会計,revenue,13,国庫支出金,02,国庫補助金,01,民生費補助金,71,地域少子化対策重点推進交付金,0,515,515,515,0,0,515,0,1,ok,derived
rs_2026_general_revenue_13_02_01_73,2026_general_revenue_13_02_01,2026,general,一般会計,revenue,13,国庫支出金,02,国庫補助金,01,民生費補助金,73,母子家庭等対策総合支援事業費,1996,55260,53264,55260,0,0,55260,0,5,ok,derived
rs_2026_general_revenue_13_02_01_78,2026_general_revenue_13_02_01,2026,general,一般会計,revenue,13,国庫支出金,02,国庫補助金,01,民生費補助金,78,重層的支援体制整備事業,892928,960666,67738,960666,0,0,960666,0,24,ok,derived
rs_2026_general_revenue_13_02_01_91,2026_general_revenue_13_02_01,2026,general,一般会計,revenue,13,国庫支出金,02,国庫補助金,01,民生費補助金,91,困難な問題を抱える女性支援推進等事業,1478,14005,12527,14005,0,0,14005,0,2,ok,derived
rs_2026_general_revenue_13_02_01_92,2026_general_revenue_13_02_01,2026,general,一般会計,revenue,13,国庫支出金,02,国庫補助金,01,民生費補助金,92,地域女性活躍推進交付金,4230,1304,-2926,1304,0,0,1304,0,3,ok,derived
rs_2026_general_revenue_13_02_01_93,2026_general_revenue_13_02_01,2026,general,一般会計,revenue,13,国庫支出金,02,国庫補助金,01,民生費補助金,93,児童虐待防止対策等総合支援事業費,129234,117214,-12020,117214,0,0,117214,0,30,ok,derived
rs_2026_general_revenue_13_02_01_97,2026_general_revenue_13_02_01,2026,general,一般会計,revenue,13,国庫支出金,02,国庫補助金,01,民生費補助金,97,こどもの居場所づくり支援体制強化事業,2497,1892,-605,1892,0,0,1892,0,2,ok,derived
rs_2026_general_revenue_13_02_01_98,2026_general_revenue_13_02_01,2026,general,一般会計,revenue,13,国庫支出金,02,国庫補助金,01,民生費補助金,98,地域こどもの生活支援強化事業,184,1425,1241,1425,0,0,1425,0,1,ok,derived
rs_2026_general_revenue_13_02_01_99,2026_general_revenue_13_02_01,2026,general,一般会計,revenue,13,国庫支出金,02,国庫補助金,01,民生費補助金,99,子ども・子育て支援施設整備交付金,77563,217910,140347,217910,0,0,217910,0,1,ok,derived
rs_2026_general_revenue_13_02_03_01,2026_general_revenue_13_02_03,2026,general,一般会計,revenue,13,国庫支出金,02,国庫補助金,03,衛生費補助金,01,結核対策費,1989,2324,335,2324,0,0,2324,0,2,ok,derived
rs_2026_general_revenue_13_02_03_03,2026_general_revenue_13_02_03,2026,general,一般会計,revenue,13,国庫支出金,02,国庫補助金,03,衛生費補助金,03,母子衛生費,0,0,0,0,0,0,0,0,1,ok_zero_amount,derived
rs_2026_general_revenue_13_02_03_11,2026_general_revenue_13_02_03,2026,general,一般会計,revenue,13,国庫支出金,02,国庫補助金,03,衛生費補助金,11,感染症対策,4405,9522,5117,9522,0,0,9522,0,3,ok,derived
rs_2026_general_revenue_13_02_03_13,2026_general_revenue_13_02_03,2026,general,一般会計,revenue,13,国庫支出金,02,国庫補助金,03,衛生費補助金,13,健康増進対策費,35497,37663,2166,37663,0,0,37663,0,2,ok,derived
rs_2026_general_revenue_13_02_03_15,2026_general_revenue_13_02_03,2026,general,一般会計,revenue,13,国庫支出金,02,国庫補助金,03,衛生費補助金,15,地域保健対策費,7815,6363,-1452,6363,0,0,6363,0,2,ok,derived
rs_2026_general_revenue_13_02_03_16,2026_general_revenue_13_02_03,2026,general,一般会計,revenue,13,国庫支出金,02,国庫補助金,03,衛生費補助金,16,感染症予防事業費,4246,9309,5063,9309,0,0,9309,0,6,ok,derived
rs_2026_general_revenue_13_02_03_17,2026_general_revenue_13_02_03,2026,general,一般会計,revenue,13,国庫支出金,02,国庫補助金,03,衛生費補助金,17,医療施設運営費等補助金,5879,7277,1398,7277,0,0,7277,0,3,ok,derived
rs_2026_general_revenue_13_02_03_18,2026_general_revenue_13_02_03,2026,general,一般会計,revenue,13,国庫支出金,02,国庫補助金,03,衛生費補助金,18,母子保健衛生費,18826,47773,28947,47773,0,0,47773,0,7,ok,derived
rs_2026_general_revenue_13_02_03_19,2026_general_revenue_13_02_03,2026,general,一般会計,revenue,13,国庫支出金,02,国庫補助金,03,衛生費補助金,19,小児慢性特定疾病対策費,850,852,2,852,0,0,852,0,1,ok,derived
rs_2026_general_revenue_13_02_03_21,2026_general_revenue_13_02_03,2026,general,一般会計,revenue,13,国庫支出金,02,国庫補助金,03,衛生費補助金,21,出産・子育て応援交付金,57095,0,-57095,0,0,0,0,0,1,ok_zero_amount,derived
rs_2026_general_revenue_13_02_03_23,2026_general_revenue_13_02_03,2026,general,一般会計,revenue,13,国庫支出金,02,国庫補助金,03,衛生費補助金,23,新型コロナ定期接種ワクチン確保事業,525514,0,-525514,0,0,0,0,0,1,ok_zero_amount,derived
rs_2026_general_revenue_13_02_03_24,2026_general_revenue_13_02_03,2026,general,一般会計,revenue,13,国庫支出金,02,国庫補助金,03,衛生費補助金,24,妊婦のための支援給付交付金,608000,690000,82000,690000,0,0,690000,0,1,ok,derived
rs_2026_general_revenue_13_02_03_25,2026_general_revenue_13_02_03,2026,general,一般会計,revenue,13,国庫支出金,02,国庫補助金,03,衛生費補助金,25,妊婦のための支援給付事業,0,4500,4500,4500,0,0,4500,0,1,ok,derived
rs_2026_general_revenue_13_02_04_49,2026_general_revenue_13_02_04,2026,general,一般会計,revenue,13,国庫支出金,02,国庫補助金,04,土木費補助金,49,アスベスト調査助成事業,500,500,0,500,0,0,500,0,1,ok,derived
rs_2026_general_revenue_13_02_04_51,2026_general_revenue_13_02_04,2026,general,一般会計,revenue,13,国庫支出金,02,国庫補助金,04,土木費補助金,51,社会資本整備総合交付金,2350168,2062263,-287905,2062263,0,0,2062263,0,17,ok,derived
rs_2026_general_revenue_13_02_04_54,2026_general_revenue_13_02_04,2026,general,一般会計,revenue,13,国庫支出金,02,国庫補助金,04,土木費補助金,54,地域優良賃貸住宅費,16313,11168,-5145,11168,0,0,11168,0,1,ok,derived
rs_2026_general_revenue_13_02_04_57,2026_general_revenue_13_02_04,2026,general,一般会計,revenue,13,国庫支出金,02,国庫補助金,04,土木費補助金,57,密集市街地総合防災事業,186415,47590,-138825,47590,0,0,47590,0,2,ok,derived
rs_2026_general_revenue_13_02_04_58,2026_general_revenue_13_02_04,2026,general,一般会計,revenue,13,国庫支出金,02,国庫補助金,04,土木費補助金,58,社会資本整備総合交付金（２）,222322,335426,113104,335426,0,0,335426,0,13,ok,derived
rs_2026_general_revenue_13_02_04_59,2026_general_revenue_13_02_04,2026,general,一般会計,revenue,13,国庫支出金,02,国庫補助金,04,土木費補助金,59,公的賃貸住宅家賃対策調整補助金,109043,124605,15562,124605,0,0,124605,0,2,ok,derived
rs_2026_general_revenue_13_02_04_63,2026_general_revenue_13_02_04,2026,general,一般会計,revenue,13,国庫支出金,02,国庫補助金,04,土木費補助金,63,無電柱化推進事業,36300,41250,4950,41250,0,0,41250,0,1,ok,derived
rs_2026_general_revenue_13_02_04_64,2026_general_revenue_13_02_04,2026,general,一般会計,revenue,13,国庫支出金,02,国庫補助金,04,土木費補助金,64,道路メンテナンス事業,8800,0,-8800,0,0,0,0,0,2,ok_zero_amount,derived
rs_2026_general_revenue_13_02_04_66,2026_general_revenue_13_02_04,2026,general,一般会計,revenue,13,国庫支出金,02,国庫補助金,04,土木費補助金,66,地域防災拠点建築物整備緊急促進事業補助金,36955,0,-36955,0,0,0,0,0,1,ok_zero_amount,derived
rs_2026_general_revenue_13_02_04_68,2026_general_revenue_13_02_04,2026,general,一般会計,revenue,13,国庫支出金,02,国庫補助金,04,土木費補助金,68,住宅・建築物防災力緊急促進事業補助金,0,75963,75963,75963,0,0,75963,0,1,ok,derived
rs_2026_general_revenue_13_02_05_01,2026_general_revenue_13_02_05,2026,general,一般会計,revenue,13,国庫支出金,02,国庫補助金,05,教育費補助金,01,理科教育設備費,3229,3288,59,3288,0,0,3288,0,3,ok,derived
rs_2026_general_revenue_13_02_05_04,2026_general_revenue_13_02_05,2026,general,一般会計,revenue,13,国庫支出金,02,国庫補助金,05,教育費補助金,04,就学援助扶助費,1257,1185,-72,1185,0,0,1185,0,1,ok,derived
rs_2026_general_revenue_13_02_05_20,2026_general_revenue_13_02_05,2026,general,一般会計,revenue,13,国庫支出金,02,国庫補助金,05,教育費補助金,20,特別支援学級就学奨励費,9044,10931,1887,10931,0,0,10931,0,2,ok,derived
rs_2026_general_revenue_13_02_05_22,2026_general_revenue_13_02_05,2026,general,一般会計,revenue,13,国庫支出金,02,国庫補助金,05,教育費補助金,22,学校施設環境改善交付金,694247,831731,137484,831731,0,0,831731,0,9,ok,derived
rs_2026_general_revenue_13_02_05_25,2026_general_revenue_13_02_05,2026,general,一般会計,revenue,13,国庫支出金,02,国庫補助金,05,教育費補助金,25,教育支援体制整備事業費補助金,22776,34570,11794,34570,0,0,34570,0,3,ok,derived
rs_2026_general_revenue_13_02_05_26,2026_general_revenue_13_02_05,2026,general,一般会計,revenue,13,国庫支出金,02,国庫補助金,05,教育費補助金,26,文化財保存事業費関係補助金,12912,11153,-1759,11153,0,0,11153,0,1,ok,derived
rs_2026_general_revenue_13_02_05_32,2026_general_revenue_13_02_05,2026,general,一般会計,revenue,13,国庫支出金,02,国庫補助金,05,教育費補助金,32,幼児教育推進体制の充実・活用強化事業,3586,0,-3586,0,0,0,0,0,1,ok_zero_amount,derived
rs_2026_general_revenue_13_02_05_35,2026_general_revenue_13_02_05,2026,general,一般会計,revenue,13,国庫支出金,02,国庫補助金,05,教育費補助金,35,公立学校情報機器活用支援体制整備費補助金,2229,0,-2229,0,0,0,0,0,1,ok_zero_amount,derived
rs_2026_general_revenue_13_02_08_21,2026_general_revenue_13_02_08,2026,general,一般会計,revenue,13,国庫支出金,02,国庫補助金,08,総務費補助金,21,個人番号カード交付事務費補助金,496574,831958,335384,831958,0,0,831958,0,6,ok,derived
rs_2026_general_revenue_13_02_08_27,2026_general_revenue_13_02_08,2026,general,一般会計,revenue,13,国庫支出金,02,国庫補助金,08,総務費補助金,27,外国人受入環境整備交付金,4272,4537,265,4537,0,0,4537,0,2,ok,derived
rs_2026_general_revenue_13_02_08_33,2026_general_revenue_13_02_08,2026,general,一般会計,revenue,13,国庫支出金,02,国庫補助金,08,総務費補助金,33,新しい地方経済・生活環境創生交付金,0,94600,94600,94600,0,0,94600,0,1,ok,derived
rs_2026_general_revenue_13_02_09_06,2026_general_revenue_13_02_09,2026,general,一般会計,revenue,13,国庫支出金,02,国庫補助金,09,環境費補助金,06,地域脱炭素実現に向けた具体施策実装支援事業,0,2475,2475,2475,0,0,2475,0,1,ok,derived
rs_2026_general_revenue_13_02_10_02,2026_general_revenue_13_02_10,2026,general,一般会計,revenue,13,国庫支出金,02,国庫補助金,10,民生費補助金（２）,02,こどもの居場所づくりコーディネーター配置等支援事業,0,7515,7515,7515,0,0,7515,0,3,ok,derived
rs_2026_general_revenue_13_03_01_02,2026_general_revenue_13_03_01,2026,general,一般会計,revenue,13,国庫支出金,03,国庫委託金,01,民生費委託金,02,児童扶養手当支給事務費,1285,1297,12,1297,0,0,1297,0,1,ok,derived
rs_2026_general_revenue_13_03_01_05,2026_general_revenue_13_03_01,2026,general,一般会計,revenue,13,国庫支出金,03,国庫委託金,01,民生費委託金,05,特定中国残留邦人等支援事業,2227,2462,235,2462,0,0,2462,0,2,ok,derived
rs_2026_general_revenue_13_03_02_01,2026_general_revenue_13_03_02,2026,general,一般会計,revenue,13,国庫支出金,03,国庫委託金,02,衛生費委託金,01,栄養調査費,963,1298,335,1298,0,0,1298,0,1,ok,derived
rs_2026_general_revenue_13_03_03_01,2026_general_revenue_13_03_03,2026,general,一般会計,revenue,13,国庫支出金,03,国庫委託金,03,土木費委託金,01,水門管理事務費,595,628,33,628,0,0,628,0,1,ok,derived
rs_2026_general_revenue_13_03_04_08,2026_general_revenue_13_03_04,2026,general,一般会計,revenue,13,国庫支出金,03,国庫委託金,04,総務費委託金,08,中長期在留者住居地届出等事務委託費,5913,8837,2924,8837,0,0,8837,0,1,ok,derived
rs_2026_general_revenue_14_01_01_02,2026_general_revenue_14_01_01,2026,general,一般会計,revenue,14,都支出金,01,都負担金,01,民生費負担金,02,民生委員運営費,76718,86003,9285,86003,0,0,86003,0,1,ok,derived
rs_2026_general_revenue_14_01_01_03,2026_general_revenue_14_01_01,2026,general,一般会計,revenue,14,都支出金,01,都負担金,01,民生費負担金,03,民生委員推せん会費,324,298,-26,298,0,0,298,0,1,ok,derived
rs_2026_general_revenue_14_01_01_04,2026_general_revenue_14_01_01,2026,general,一般会計,revenue,14,都支出金,01,都負担金,01,民生費負担金,04,行旅病人及死亡人取扱費,712,736,24,736,0,0,736,0,1,ok,derived
rs_2026_general_revenue_14_01_01_05,2026_general_revenue_14_01_01,2026,general,一般会計,revenue,14,都支出金,01,都負担金,01,民生費負担金,05,生活保護費,286691,247126,-39565,247126,0,0,247126,0,1,ok,derived
rs_2026_general_revenue_14_01_01_07,2026_general_revenue_14_01_01,2026,general,一般会計,revenue,14,都支出金,01,都負担金,01,民生費負担金,07,障害福祉サービス費等,4988748,5249534,260786,5249534,0,0,5249534,0,4,ok,derived
rs_2026_general_revenue_14_01_01_08,2026_general_revenue_14_01_01,2026,general,一般会計,revenue,14,都支出金,01,都負担金,01,民生費負担金,08,児童手当支給費,1773658,1591147,-182511,1591147,0,0,1591147,0,1,ok,derived
rs_2026_general_revenue_14_01_01_10,2026_general_revenue_14_01_01,2026,general,一般会計,revenue,14,都支出金,01,都負担金,01,民生費負担金,10,重度脳性麻痺者介護人派遣費,25689,21478,-4211,21478,0,0,21478,0,1,ok,derived
rs_2026_general_revenue_14_01_01_13,2026_general_revenue_14_01_01,2026,general,一般会計,revenue,14,都支出金,01,都負担金,01,民生費負担金,13,保険基盤安定費,3421611,3642395,220784,3642395,0,0,3642395,0,2,ok,derived
rs_2026_general_revenue_14_01_01_16,2026_general_revenue_14_01_01,2026,general,一般会計,revenue,14,都支出金,01,都負担金,01,民生費負担金,16,墓地埋葬取扱費,4155,4606,451,4606,0,0,4606,0,1,ok,derived
rs_2026_general_revenue_14_01_01_24,2026_general_revenue_14_01_01,2026,general,一般会計,revenue,14,都支出金,01,都負担金,01,民生費負担金,24,身体障害者相談員研修会費,25,41,16,41,0,0,41,0,1,ok,derived
rs_2026_general_revenue_14_01_01_25,2026_general_revenue_14_01_01,2026,general,一般会計,revenue,14,都支出金,01,都負担金,01,民生費負担金,25,知的障害者相談員研修会費,13,24,11,24,0,0,24,0,1,ok,derived
rs_2026_general_revenue_14_01_01_26,2026_general_revenue_14_01_01,2026,general,一般会計,revenue,14,都支出金,01,都負担金,01,民生費負担金,26,介護保険料軽減費,138772,133225,-5547,133225,0,0,133225,0,1,ok,derived
rs_2026_general_revenue_14_01_01_28,2026_general_revenue_14_01_01,2026,general,一般会計,revenue,14,都支出金,01,都負担金,01,民生費負担金,28,施設型給付費（私立保育園）,4433406,4629592,196186,4629592,0,0,4629592,0,1,ok,derived
rs_2026_general_revenue_14_01_01_29,2026_general_revenue_14_01_01,2026,general,一般会計,revenue,14,都支出金,01,都負担金,01,民生費負担金,29,施設型給付費（認定こども園）,275413,287396,11983,287396,0,0,287396,0,2,ok,derived
rs_2026_general_revenue_14_01_01_30,2026_general_revenue_14_01_01,2026,general,一般会計,revenue,14,都支出金,01,都負担金,01,民生費負担金,30,施設型給付費（地域型保育事業）,226310,289297,62987,289297,0,0,289297,0,4,ok,derived
rs_2026_general_revenue_14_01_01_32,2026_general_revenue_14_01_01,2026,general,一般会計,revenue,14,都支出金,01,都負担金,01,民生費負担金,32,施設型給付費（私立幼稚園）,159990,219624,59634,219624,0,0,219624,0,1,ok,derived
rs_2026_general_revenue_14_01_01_33,2026_general_revenue_14_01_01,2026,general,一般会計,revenue,14,都支出金,01,都負担金,01,民生費負担金,33,子育てのための施設等利用給付交付金,593716,605038,11322,605038,0,0,605038,0,5,ok,derived
rs_2026_general_revenue_14_01_01_34,2026_general_revenue_14_01_01,2026,general,一般会計,revenue,14,都支出金,01,都負担金,01,民生費負担金,34,未就学児均等割保険料負担金,17164,16831,-333,16831,0,0,16831,0,1,ok,derived
rs_2026_general_revenue_14_01_01_35,2026_general_revenue_14_01_01,2026,general,一般会計,revenue,14,都支出金,01,都負担金,01,民生費負担金,35,産前産後保険料負担金,8201,10731,2530,10731,0,0,10731,0,1,ok,derived
rs_2026_general_revenue_14_01_01_36,2026_general_revenue_14_01_01,2026,general,一般会計,revenue,14,都支出金,01,都負担金,01,民生費負担金,36,乳児等支援給付費（私立幼稚園）,0,103,103,103,0,0,103,0,2,ok,derived
rs_2026_general_revenue_14_01_01_37,2026_general_revenue_14_01_01,2026,general,一般会計,revenue,14,都支出金,01,都負担金,01,民生費負担金,37,乳児等支援給付費（私立幼稚園施設型給付）,0,60,60,60,0,0,60,0,1,ok,derived
rs_2026_general_revenue_14_01_01_38,2026_general_revenue_14_01_01,2026,general,一般会計,revenue,14,都支出金,01,都負担金,01,民生費負担金,38,乳児等支援給付費（私立保育園）,0,1284,1284,1284,0,0,1284,0,1,ok,derived
rs_2026_general_revenue_14_01_01_39,2026_general_revenue_14_01_01,2026,general,一般会計,revenue,14,都支出金,01,都負担金,01,民生費負担金,39,乳児等支援給付費（認定こども園）,0,56,56,56,0,0,56,0,1,ok,derived
rs_2026_general_revenue_14_01_01_40,2026_general_revenue_14_01_01,2026,general,一般会計,revenue,14,都支出金,01,都負担金,01,民生費負担金,40,乳児等支援給付費（特定地域型保育事業）,0,446,446,446,0,0,446,0,1,ok,derived
rs_2026_general_revenue_14_01_01_41,2026_general_revenue_14_01_01,2026,general,一般会計,revenue,14,都支出金,01,都負担金,01,民生費負担金,41,乳児等支援給付費（認証保育所）,0,1404,1404,1404,0,0,1404,0,1,ok,derived
rs_2026_general_revenue_14_01_02_02,2026_general_revenue_14_01_02,2026,general,一般会計,revenue,14,都支出金,01,都負担金,02,衛生費負担金,02,予防接種費,6764,7526,762,7526,0,0,7526,0,1,ok,derived
rs_2026_general_revenue_14_01_02_07,2026_general_revenue_14_01_02,2026,general,一般会計,revenue,14,都支出金,01,都負担金,02,衛生費負担金,07,育成医療費,170,60,-110,60,0,0,60,0,1,ok,derived
rs_2026_general_revenue_14_01_02_09,2026_general_revenue_14_01_02,2026,general,一般会計,revenue,14,都支出金,01,都負担金,02,衛生費負担金,09,母子衛生費,5804,5102,-702,5102,0,0,5102,0,1,ok,derived
rs_2026_general_revenue_14_01_03_01,2026_general_revenue_14_01_03,2026,general,一般会計,revenue,14,都支出金,01,都負担金,03,土木費負担金,01,国土調査事業費,63859,90665,26806,90665,0,0,90665,0,1,ok,derived
rs_2026_general_revenue_14_01_04_02,2026_general_revenue_14_01_04,2026,general,一般会計,revenue,14,都支出金,01,都負担金,04,教育費負担金,02,子育てのための施設等利用給付交付金,997,1047,50,1047,0,0,1047,0,1,ok,derived
rs_2026_general_revenue_14_01_05_01,2026_general_revenue_14_01_05,2026,general,一般会計,revenue,14,都支出金,01,都負担金,05,総務費負担金,01,災害救助法による求償,7906,0,-7906,0,0,0,0,0,1,ok_zero_amount,derived
rs_2026_general_revenue_14_02_01_01,2026_general_revenue_14_02_01,2026,general,一般会計,revenue,14,都支出金,02,都補助金,01,総務費補助金,01,私立幼稚園園児保護者負担軽減費,143699,127223,-16476,127223,0,0,127223,0,4,ok,derived
rs_2026_general_revenue_14_02_01_14,2026_general_revenue_14_02_01,2026,general,一般会計,revenue,14,都支出金,02,都補助金,01,総務費補助金,14,防犯設備整備費,70493,101808,31315,101808,0,0,101808,0,1,ok,derived
rs_2026_general_revenue_14_02_01_21,2026_general_revenue_14_02_01,2026,general,一般会計,revenue,14,都支出金,02,都補助金,01,総務費補助金,21,人権啓発活動地方委託事業,1012,987,-25,987,0,0,987,0,1,ok,derived
rs_2026_general_revenue_14_02_01_38,2026_general_revenue_14_02_01,2026,general,一般会計,revenue,14,都支出金,02,都補助金,01,総務費補助金,38,防犯設備維持管理経費,2957,2499,-458,2499,0,0,2499,0,1,ok,derived
rs_2026_general_revenue_14_02_01_40,2026_general_revenue_14_02_01,2026,general,一般会計,revenue,14,都支出金,02,都補助金,01,総務費補助金,40,自転車安全利用促進事業,1128,0,-1128,0,0,0,0,0,1,ok_zero_amount,derived
rs_2026_general_revenue_14_02_01_44,2026_general_revenue_14_02_01,2026,general,一般会計,revenue,14,都支出金,02,都補助金,01,総務費補助金,44,防犯設備運用経費,2009,2912,903,2912,0,0,2912,0,1,ok,derived
rs_2026_general_revenue_14_02_01_45,2026_general_revenue_14_02_01,2026,general,一般会計,revenue,14,都支出金,02,都補助金,01,総務費補助金,45,消費者行政強化交付金,6591,5799,-792,5799,0,0,5799,0,1,ok,derived
rs_2026_general_revenue_14_02_01_48,2026_general_revenue_14_02_01,2026,general,一般会計,revenue,14,都支出金,02,都補助金,01,総務費補助金,48,区市町村スポーツ実施促進事業,3729,5500,1771,5500,0,0,5500,0,5,ok,derived
rs_2026_general_revenue_14_02_01_50,2026_general_revenue_14_02_01,2026,general,一般会計,revenue,14,都支出金,02,都補助金,01,総務費補助金,50,消費者行政強化交付金,3224,2173,-1051,2173,0,0,2173,0,3,ok,derived
rs_2026_general_revenue_14_02_01_51,2026_general_revenue_14_02_01,2026,general,一般会計,revenue,14,都支出金,02,都補助金,01,総務費補助金,51,区市町村災害対応力向上支援事業,6712,6000,-712,6000,0,0,6000,0,2,ok,derived
rs_2026_general_revenue_14_02_01_53,2026_general_revenue_14_02_01,2026,general,一般会計,revenue,14,都支出金,02,都補助金,01,総務費補助金,53,物価高騰対応重点支援地方創生臨時交付金,0,0,0,0,0,0,0,0,2,ok_zero_amount,derived
rs_2026_general_revenue_14_02_01_54,2026_general_revenue_14_02_01,2026,general,一般会計,revenue,14,都支出金,02,都補助金,01,総務費補助金,54,地域における青少年健全育成応援事業,550,550,0,550,0,0,550,0,1,ok,derived
rs_2026_general_revenue_14_02_01_55,2026_general_revenue_14_02_01,2026,general,一般会計,revenue,14,都支出金,02,都補助金,01,総務費補助金,55,東京都防犯機器等購入緊急補助事業,0,108649,108649,108649,0,0,108649,0,1,ok,derived
rs_2026_general_revenue_14_02_01_56,2026_general_revenue_14_02_01,2026,general,一般会計,revenue,14,都支出金,02,都補助金,01,総務費補助金,56,子供の未来を育む「体験活動」推進区市町村支援事業補助金,0,6891,6891,6891,0,0,6891,0,1,ok,derived
rs_2026_general_revenue_14_02_01_58,2026_general_revenue_14_02_01,2026,general,一般会計,revenue,14,都支出金,02,都補助金,01,総務費補助金,58,避難所環境整備・災害時トイレ確保等区市町村支援事業,0,1663,1663,1663,0,0,1663,0,1,ok,derived
rs_2026_general_revenue_14_02_01_59,2026_general_revenue_14_02_01,2026,general,一般会計,revenue,14,都支出金,02,都補助金,01,総務費補助金,59,子供・長寿・居場所区市町村包括補助事業,0,0,0,0,0,0,0,0,1,ok_zero_amount,derived
rs_2026_general_revenue_14_02_01_60,2026_general_revenue_14_02_01,2026,general,一般会計,revenue,14,都支出金,02,都補助金,01,総務費補助金,60,地域課題解決型スマート東京普及促進事業,0,4900,4900,4900,0,0,4900,0,1,ok,derived
rs_2026_general_revenue_14_02_02_01,2026_general_revenue_14_02_02,2026,general,一般会計,revenue,14,都支出金,02,都補助金,02,民生費補助金,01,老人福祉諸費,220372,122356,-98016,122356,0,0,122356,0,7,ok,derived
rs_2026_general_revenue_14_02_02_03,2026_general_revenue_14_02_02,2026,general,一般会計,revenue,14,都支出金,02,都補助金,02,民生費補助金,03,子供の貧困対策支援事業,939,984,45,984,0,0,984,0,1,ok,derived
rs_2026_general_revenue_14_02_02_05,2026_general_revenue_14_02_02,2026,general,一般会計,revenue,14,都支出金,02,都補助金,02,民生費補助金,05,旧軍人援護費,367,1644,1277,1644,0,0,1644,0,1,ok,derived
rs_2026_general_revenue_14_02_02_09,2026_general_revenue_14_02_02,2026,general,一般会計,revenue,14,都支出金,02,都補助金,02,民生費補助金,09,保育人材確保支援事業補助金,2741,2929,188,2929,0,0,2929,0,1,ok,derived
rs_2026_general_revenue_14_02_02_10,2026_general_revenue_14_02_02,2026,general,一般会計,revenue,14,都支出金,02,都補助金,02,民生費補助金,10,保育所等利用多子世帯負担軽減事業,1736285,0,-1736285,0,0,0,0,0,4,ok_zero_amount,derived
rs_2026_general_revenue_14_02_02_13,2026_general_revenue_14_02_02,2026,general,一般会計,revenue,14,都支出金,02,都補助金,02,民生費補助金,13,認可外保育施設利用支援事業,541453,1957171,1415718,1957171,0,0,1957171,0,3,ok,derived
rs_2026_general_revenue_14_02_02_16,2026_general_revenue_14_02_02,2026,general,一般会計,revenue,14,都支出金,02,都補助金,02,民生費補助金,16,次世代育成支援対策施設整備交付金,14387,14972,585,14972,0,0,14972,0,1,ok,derived
rs_2026_general_revenue_14_02_02_19,2026_general_revenue_14_02_02,2026,general,一般会計,revenue,14,都支出金,02,都補助金,02,民生費補助金,19,保育サービス推進事業,391321,424659,33338,424659,0,0,424659,0,6,ok,derived
rs_2026_general_revenue_14_02_02_20,2026_general_revenue_14_02_02,2026,general,一般会計,revenue,14,都支出金,02,都補助金,02,民生費補助金,20,保育所等賃借料補助事業,110447,57558,-52889,57558,0,0,57558,0,3,ok,derived
rs_2026_general_revenue_14_02_02_21,2026_general_revenue_14_02_02,2026,general,一般会計,revenue,14,都支出金,02,都補助金,02,民生費補助金,21,賃貸物件による保育所の開設準備経費補助事業,51250,256250,205000,256250,0,0,256250,0,1,ok,derived
rs_2026_general_revenue_14_02_02_24,2026_general_revenue_14_02_02,2026,general,一般会計,revenue,14,都支出金,02,都補助金,02,民生費補助金,24,地域福祉推進事業費,14485,13320,-1165,13320,0,0,13320,0,2,ok,derived
rs_2026_general_revenue_14_02_02_25,2026_general_revenue_14_02_02,2026,general,一般会計,revenue,14,都支出金,02,都補助金,02,民生費補助金,25,保育士等キャリアアップ研修支援事業,492,951,459,951,0,0,951,0,1,ok,derived
rs_2026_general_revenue_14_02_02_31,2026_general_revenue_14_02_02,2026,general,一般会計,revenue,14,都支出金,02,都補助金,02,民生費補助金,31,人生１００年時代セカンドライフ応援事業補助金,7991,7581,-410,7581,0,0,7581,0,3,ok,derived
rs_2026_general_revenue_14_02_02_36,2026_general_revenue_14_02_02,2026,general,一般会計,revenue,14,都支出金,02,都補助金,02,民生費補助金,36,地域生活支援促進事業費,4069,6473,2404,6473,0,0,6473,0,4,ok,derived
rs_2026_general_revenue_14_02_02_37,2026_general_revenue_14_02_02,2026,general,一般会計,revenue,14,都支出金,02,都補助金,02,民生費補助金,37,地域生活支援事業費,137367,153246,15879,153246,0,0,153246,0,19,ok,derived
rs_2026_general_revenue_14_02_02_38,2026_general_revenue_14_02_02,2026,general,一般会計,revenue,14,都支出金,02,都補助金,02,民生費補助金,38,利用者支援体制強化事業,7962,10382,2420,10382,0,0,10382,0,1,ok,derived
rs_2026_general_revenue_14_02_02_40,2026_general_revenue_14_02_02,2026,general,一般会計,revenue,14,都支出金,02,都補助金,02,民生費補助金,40,保健医療政策区市町村包括補助事業費,96026,108591,12565,108591,0,0,108591,0,34,ok,derived
rs_2026_general_revenue_14_02_02_42,2026_general_revenue_14_02_02,2026,general,一般会計,revenue,14,都支出金,02,都補助金,02,民生費補助金,42,高齢者施策推進区市町村包括補助事業,156898,169918,13020,169918,0,0,169918,0,33,ok,derived
rs_2026_general_revenue_14_02_02_44,2026_general_revenue_14_02_02,2026,general,一般会計,revenue,14,都支出金,02,都補助金,02,民生費補助金,44,障害者施策推進区市町村包括補助事業費,228105,361465,133360,361465,0,0,361465,0,31,ok,derived
rs_2026_general_revenue_14_02_02_45,2026_general_revenue_14_02_02,2026,general,一般会計,revenue,14,都支出金,02,都補助金,02,民生費補助金,45,保育所等におけるＩＣＴ化推進事業,1500,5000,3500,5000,0,0,5000,0,2,ok,derived
rs_2026_general_revenue_14_02_02_50,2026_general_revenue_14_02_02,2026,general,一般会計,revenue,14,都支出金,02,都補助金,02,民生費補助金,50,福祉サービス費等,310284,701706,391422,701706,0,0,701706,0,2,ok,derived
rs_2026_general_revenue_14_02_02_54,2026_general_revenue_14_02_02,2026,general,一般会計,revenue,14,都支出金,02,都補助金,02,民生費補助金,54,区市町村高次脳機能障害者支援促進事業補助金,3076,3076,0,3076,0,0,3076,0,1,ok,derived
rs_2026_general_revenue_14_02_02_56,2026_general_revenue_14_02_02,2026,general,一般会計,revenue,14,都支出金,02,都補助金,02,民生費補助金,56,安心こども基金交付金,11708,22144,10436,22144,0,0,22144,0,3,ok,derived
rs_2026_general_revenue_14_02_02_57,2026_general_revenue_14_02_02,2026,general,一般会計,revenue,14,都支出金,02,都補助金,02,民生費補助金,57,待機児童解消区市町村支援事業,185611,919040,733429,919040,0,0,919040,0,2,ok,derived
rs_2026_general_revenue_14_02_02_59,2026_general_revenue_14_02_02,2026,general,一般会計,revenue,14,都支出金,02,都補助金,02,民生費補助金,59,子ども家庭支援区市町村包括補助事業,101886,101910,24,101910,0,0,101910,0,15,ok,derived
rs_2026_general_revenue_14_02_02_60,2026_general_revenue_14_02_02,2026,general,一般会計,revenue,14,都支出金,02,都補助金,02,民生費補助金,60,地域福祉推進区市町村包括補助事業,120029,135948,15919,135948,0,0,135948,0,20,ok,derived
rs_2026_general_revenue_14_02_02_61,2026_general_revenue_14_02_02,2026,general,一般会計,revenue,14,都支出金,02,都補助金,02,民生費補助金,61,一時預かり事業,13397,17461,4064,17461,0,0,17461,0,2,ok,derived
rs_2026_general_revenue_14_02_02_64,2026_general_revenue_14_02_02,2026,general,一般会計,revenue,14,都支出金,02,都補助金,02,民生費補助金,64,施設開設準備経費助成特別対策事業,65396,21336,-44060,21336,0,0,21336,0,1,ok,derived
rs_2026_general_revenue_14_02_02_68,2026_general_revenue_14_02_02,2026,general,一般会計,revenue,14,都支出金,02,都補助金,02,民生費補助金,68,子供家庭支援区市町村包括補助事業,261872,312389,50517,312389,0,0,312389,0,39,ok,derived
rs_2026_general_revenue_14_02_02_75,2026_general_revenue_14_02_02,2026,general,一般会計,revenue,14,都支出金,02,都補助金,02,民生費補助金,75,ひとり親家庭生活支援事業,29071,29879,808,29879,0,0,29879,0,3,ok,derived
rs_2026_general_revenue_14_02_02_82,2026_general_revenue_14_02_02,2026,general,一般会計,revenue,14,都支出金,02,都補助金,02,民生費補助金,82,区市町村在宅療養推進事業,17895,40740,22845,40740,0,0,40740,0,3,ok,derived
rs_2026_general_revenue_14_02_02_87,2026_general_revenue_14_02_02,2026,general,一般会計,revenue,14,都支出金,02,都補助金,02,民生費補助金,87,保育士等キャリアアップ補助金,777994,796860,18866,796860,0,0,796860,0,5,ok,derived
rs_2026_general_revenue_14_02_02_88,2026_general_revenue_14_02_02,2026,general,一般会計,revenue,14,都支出金,02,都補助金,02,民生費補助金,88,子供の居場所創設事業,2880,2880,0,2880,0,0,2880,0,1,ok,derived
rs_2026_general_revenue_14_02_02_91,2026_general_revenue_14_02_02,2026,general,一般会計,revenue,14,都支出金,02,都補助金,02,民生費補助金,91,定期利用保育事業,464,964,500,964,0,0,964,0,1,ok,derived
rs_2026_general_revenue_14_02_02_92,2026_general_revenue_14_02_02,2026,general,一般会計,revenue,14,都支出金,02,都補助金,02,民生費補助金,92,地域子ども・子育て支援事業,723507,971393,247886,971393,0,0,971393,0,33,ok,derived
rs_2026_general_revenue_14_02_02_93,2026_general_revenue_14_02_02,2026,general,一般会計,revenue,14,都支出金,02,都補助金,02,民生費補助金,93,東京都保育従事職員宿舎借り上げ支援事業,1136343,1176815,40472,1176815,0,0,1176815,0,1,ok,derived
rs_2026_general_revenue_14_02_02_95,2026_general_revenue_14_02_02,2026,general,一般会計,revenue,14,都支出金,02,都補助金,02,民生費補助金,95,保育対策総合支援事業費補助金,314711,290638,-24073,290638,0,0,290638,0,7,ok,derived
rs_2026_general_revenue_14_02_02_96,2026_general_revenue_14_02_02,2026,general,一般会計,revenue,14,都支出金,02,都補助金,02,民生費補助金,96,保育環境改善事業,2312,2353,41,2353,0,0,2353,0,1,ok,derived
rs_2026_general_revenue_14_02_02_98,2026_general_revenue_14_02_02,2026,general,一般会計,revenue,14,都支出金,02,都補助金,02,民生費補助金,98,出産・子育て応援事業,464810,492700,27890,492700,0,0,492700,0,2,ok,derived
rs_2026_general_revenue_14_02_02_99,2026_general_revenue_14_02_02,2026,general,一般会計,revenue,14,都支出金,02,都補助金,02,民生費補助金,99,地域医療介護総合確保基金,239916,44760,-195156,44760,0,0,44760,0,2,ok,derived
rs_2026_general_revenue_14_02_03_22,2026_general_revenue_14_02_03,2026,general,一般会計,revenue,14,都支出金,02,都補助金,03,環境費補助金,22,一般廃棄物の適正処理・資源利用における働き方改革事業,0,30000,30000,30000,0,0,30000,0,1,ok,derived
rs_2026_general_revenue_14_02_04_17,2026_general_revenue_14_02_04,2026,general,一般会計,revenue,14,都支出金,02,都補助金,04,衛生費補助金,17,健康診査費,33985,32550,-1435,32550,0,0,32550,0,3,ok,derived
rs_2026_general_revenue_14_02_04_18,2026_general_revenue_14_02_04,2026,general,一般会計,revenue,14,都支出金,02,都補助金,04,衛生費補助金,18,感染症対策費,6079,6364,285,6364,0,0,6364,0,1,ok,derived
rs_2026_general_revenue_14_02_04_19,2026_general_revenue_14_02_04,2026,general,一般会計,revenue,14,都支出金,02,都補助金,04,衛生費補助金,19,東京都妊婦健康診査事業費,92299,89501,-2798,89501,0,0,89501,0,2,ok,derived
rs_2026_general_revenue_14_02_04_26,2026_general_revenue_14_02_04,2026,general,一般会計,revenue,14,都支出金,02,都補助金,04,衛生費補助金,26,地域自殺対策強化交付金,7006,5768,-1238,5768,0,0,5768,0,1,ok,derived
rs_2026_general_revenue_14_02_04_27,2026_general_revenue_14_02_04,2026,general,一般会計,revenue,14,都支出金,02,都補助金,04,衛生費補助金,27,小児初期救急施設整備費等補助金,79,378,299,378,0,0,378,0,1,ok,derived
rs_2026_general_revenue_14_02_04_32,2026_general_revenue_14_02_04,2026,general,一般会計,revenue,14,都支出金,02,都補助金,04,衛生費補助金,32,健康相談費,1289,1289,0,1289,0,0,1289,0,1,ok,derived
rs_2026_general_revenue_14_02_04_38,2026_general_revenue_14_02_04,2026,general,一般会計,revenue,14,都支出金,02,都補助金,04,衛生費補助金,38,帯状疱疹ワクチン任意接種補助事業,63243,0,-63243,0,0,0,0,0,1,ok_zero_amount,derived
rs_2026_general_revenue_14_02_04_39,2026_general_revenue_14_02_04,2026,general,一般会計,revenue,14,都支出金,02,都補助金,04,衛生費補助金,39,ＨＰＶワクチン男性接種補助事業,26483,17870,-8613,17870,0,0,17870,0,1,ok,derived
rs_2026_general_revenue_14_02_04_41,2026_general_revenue_14_02_04,2026,general,一般会計,revenue,14,都支出金,02,都補助金,04,衛生費補助金,41,小児インフルエンザワクチン任意接種補助事業,80844,89978,9134,89978,0,0,89978,0,1,ok,derived
rs_2026_general_revenue_14_02_05_01,2026_general_revenue_14_02_05,2026,general,一般会計,revenue,14,都支出金,02,都補助金,05,産業経済費補助金,01,農業委員会費,1295,1295,0,1295,0,0,1295,0,2,ok,derived
rs_2026_general_revenue_14_02_05_05,2026_general_revenue_14_02_05,2026,general,一般会計,revenue,14,都支出金,02,都補助金,05,産業経済費補助金,05,商業振興費,124282,143691,19409,143691,0,0,143691,0,2,ok,derived
rs_2026_general_revenue_14_02_05_10,2026_general_revenue_14_02_05,2026,general,一般会計,revenue,14,都支出金,02,都補助金,05,産業経済費補助金,10,就業推進事業費,14995,14995,0,14995,0,0,14995,0,1,ok,derived
rs_2026_general_revenue_14_02_05_18,2026_general_revenue_14_02_05,2026,general,一般会計,revenue,14,都支出金,02,都補助金,05,産業経済費補助金,18,区市町村食育推進活動支援事業費補助金,1000,980,-20,980,0,0,980,0,1,ok,derived
rs_2026_general_revenue_14_02_05_21,2026_general_revenue_14_02_05,2026,general,一般会計,revenue,14,都支出金,02,都補助金,05,産業経済費補助金,21,都内ものづくり企業立地継続支援事業,2500,2500,0,2500,0,0,2500,0,1,ok,derived
rs_2026_general_revenue_14_02_05_26,2026_general_revenue_14_02_05,2026,general,一般会計,revenue,14,都支出金,02,都補助金,05,産業経済費補助金,26,農作物獣害防止対策事業費補助金,594,594,0,594,0,0,594,0,1,ok,derived
rs_2026_general_revenue_14_02_05_27,2026_general_revenue_14_02_05,2026,general,一般会計,revenue,14,都支出金,02,都補助金,05,産業経済費補助金,27,都市農地保全支援プロジェクト補助金,0,8147,8147,8147,0,0,8147,0,1,ok,derived
rs_2026_general_revenue_14_02_05_31,2026_general_revenue_14_02_05,2026,general,一般会計,revenue,14,都支出金,02,都補助金,05,産業経済費補助金,31,公共施設への多摩産材利用促進プロジェクト事業,16464,0,-16464,0,0,0,0,0,2,ok_zero_amount,derived
rs_2026_general_revenue_14_02_05_34,2026_general_revenue_14_02_05,2026,general,一般会計,revenue,14,都支出金,02,都補助金,05,産業経済費補助金,34,未来を創る商店街支援事業,2500,3000,500,3000,0,0,3000,0,1,ok,derived
rs_2026_general_revenue_14_02_05_36,2026_general_revenue_14_02_05,2026,general,一般会計,revenue,14,都支出金,02,都補助金,05,産業経済費補助金,36,未来に残す東京の農地プロジェクト補助金,19200,34321,15121,34321,0,0,34321,0,2,ok,derived
rs_2026_general_revenue_14_02_05_37,2026_general_revenue_14_02_05,2026,general,一般会計,revenue,14,都支出金,02,都補助金,05,産業経済費補助金,37,都市農業経営力強化事業補助金,17220,0,-17220,0,0,0,0,0,1,ok_zero_amount,derived
rs_2026_general_revenue_14_02_05_38,2026_general_revenue_14_02_05,2026,general,一般会計,revenue,14,都支出金,02,都補助金,05,産業経済費補助金,38,地域の観光需要対応支援事業,5000,0,-5000,0,0,0,0,0,1,ok_zero_amount,derived
rs_2026_general_revenue_14_02_05_39,2026_general_revenue_14_02_05,2026,general,一般会計,revenue,14,都支出金,02,都補助金,05,産業経済費補助金,39,地域産業活力創出支援事業,105409,108907,3498,108907,0,0,108907,0,7,ok,derived
rs_2026_general_revenue_14_02_05_40,2026_general_revenue_14_02_05,2026,general,一般会計,revenue,14,都支出金,02,都補助金,05,産業経済費補助金,40,東京都地域人材確保総合支援事業,41553,45752,4199,45752,0,0,45752,0,3,ok,derived
rs_2026_general_revenue_14_02_05_41,2026_general_revenue_14_02_05,2026,general,一般会計,revenue,14,都支出金,02,都補助金,05,産業経済費補助金,41,未来商店街活力向上支援事業,0,7000,7000,7000,0,0,7000,0,1,ok,derived
rs_2026_general_revenue_14_02_06_01,2026_general_revenue_14_02_06,2026,general,一般会計,revenue,14,都支出金,02,都補助金,06,土木費補助金,01,都市計画交付金,1877837,1954645,76808,1954645,0,0,1954645,0,17,ok,derived
rs_2026_general_revenue_14_02_06_11,2026_general_revenue_14_02_06,2026,general,一般会計,revenue,14,都支出金,02,都補助金,06,土木費補助金,11,木造住宅密集地域整備促進費,14504,34196,19692,34196,0,0,34196,0,2,ok,derived
rs_2026_general_revenue_14_02_06_14,2026_general_revenue_14_02_06,2026,general,一般会計,revenue,14,都支出金,02,都補助金,06,土木費補助金,14,国土利用計画事務費,96,86,-10,86,0,0,86,0,1,ok,derived
rs_2026_general_revenue_14_02_06_23,2026_general_revenue_14_02_06,2026,general,一般会計,revenue,14,都支出金,02,都補助金,06,土木費補助金,23,家賃収入補助,16619,18401,1782,18401,0,0,18401,0,1,ok,derived
rs_2026_general_revenue_14_02_06_25,2026_general_revenue_14_02_06,2026,general,一般会計,revenue,14,都支出金,02,都補助金,06,土木費補助金,25,鉄道駅エレベーター等整備補助,240000,0,-240000,0,0,0,0,0,1,ok_zero_amount,derived
rs_2026_general_revenue_14_02_06_37,2026_general_revenue_14_02_06,2026,general,一般会計,revenue,14,都支出金,02,都補助金,06,土木費補助金,37,緊急輸送道路沿道建築物耐震化促進事業費,23267,37981,14714,37981,0,0,37981,0,1,ok,derived
rs_2026_general_revenue_14_02_06_39,2026_general_revenue_14_02_06,2026,general,一般会計,revenue,14,都支出金,02,都補助金,06,土木費補助金,39,耐震化促進普及啓発活動支援事業,3904,5386,1482,5386,0,0,5386,0,1,ok,derived
rs_2026_general_revenue_14_02_06_41,2026_general_revenue_14_02_06,2026,general,一般会計,revenue,14,都支出金,02,都補助金,06,土木費補助金,41,無電柱化事業補助,13500,8400,-5100,8400,0,0,8400,0,2,ok,derived
rs_2026_general_revenue_14_02_06_45,2026_general_revenue_14_02_06,2026,general,一般会計,revenue,14,都支出金,02,都補助金,06,土木費補助金,45,不燃化推進特定整備事業,155521,130360,-25161,130360,0,0,130360,0,1,ok,derived
rs_2026_general_revenue_14_02_06_48,2026_general_revenue_14_02_06,2026,general,一般会計,revenue,14,都支出金,02,都補助金,06,土木費補助金,48,マンション耐震化促進事業,32903,28012,-4891,28012,0,0,28012,0,1,ok,derived
rs_2026_general_revenue_14_02_06_52,2026_general_revenue_14_02_06,2026,general,一般会計,revenue,14,都支出金,02,都補助金,06,土木費補助金,52,空き家利活用等区市町村支援事業,6073,16109,10036,16109,0,0,16109,0,3,ok,derived
rs_2026_general_revenue_14_02_06_57,2026_general_revenue_14_02_06,2026,general,一般会計,revenue,14,都支出金,02,都補助金,06,土木費補助金,57,防災生活道路整備・不燃化促進事業費,2661,2749,88,2749,0,0,2749,0,1,ok,derived
rs_2026_general_revenue_14_02_06_58,2026_general_revenue_14_02_06,2026,general,一般会計,revenue,14,都支出金,02,都補助金,06,土木費補助金,58,住宅セーフティネット制度活用助成事業,3480,3720,240,3720,0,0,3720,0,1,ok,derived
rs_2026_general_revenue_14_02_06_61,2026_general_revenue_14_02_06,2026,general,一般会計,revenue,14,都支出金,02,都補助金,06,土木費補助金,61,生産緑地買取り事業補助金,421865,135557,-286308,135557,0,0,135557,0,1,ok,derived
rs_2026_general_revenue_14_02_06_62,2026_general_revenue_14_02_06,2026,general,一般会計,revenue,14,都支出金,02,都補助金,06,土木費補助金,62,ブロック塀等安全対策促進事業,1000,1062,62,1062,0,0,1062,0,1,ok,derived
rs_2026_general_revenue_14_02_06_65,2026_general_revenue_14_02_06,2026,general,一般会計,revenue,14,都支出金,02,都補助金,06,土木費補助金,65,戸建住宅等耐震化促進事業,30415,42684,12269,42684,0,0,42684,0,1,ok,derived
rs_2026_general_revenue_14_02_06_66,2026_general_revenue_14_02_06,2026,general,一般会計,revenue,14,都支出金,02,都補助金,06,土木費補助金,66,持続可能な地域公共交通実現に向けた事業費補助金,13053,5232,-7821,5232,0,0,5232,0,1,ok,derived
rs_2026_general_revenue_14_02_06_70,2026_general_revenue_14_02_06,2026,general,一般会計,revenue,14,都支出金,02,都補助金,06,土木費補助金,70,東京都住宅・建築物土砂災害対策事業補助金,193,193,0,193,0,0,193,0,1,ok,derived
rs_2026_general_revenue_14_02_06_71,2026_general_revenue_14_02_06,2026,general,一般会計,revenue,14,都支出金,02,都補助金,06,土木費補助金,71,流域対策等強化・推進事業,4234,41241,37007,41241,0,0,41241,0,5,ok,derived
rs_2026_general_revenue_14_02_06_72,2026_general_revenue_14_02_06,2026,general,一般会計,revenue,14,都支出金,02,都補助金,06,土木費補助金,72,特別緑地保全地区買取等補助事業,0,0,0,0,0,0,0,0,1,ok_zero_amount,derived
rs_2026_general_revenue_14_02_07_09,2026_general_revenue_14_02_07,2026,general,一般会計,revenue,14,都支出金,02,都補助金,07,教育費補助金,09,放課後子どもプラン,253321,262885,9564,262885,0,0,262885,0,2,ok,derived
rs_2026_general_revenue_14_02_07_15,2026_general_revenue_14_02_07,2026,general,一般会計,revenue,14,都支出金,02,都補助金,07,教育費補助金,15,スクールソーシャルワーカー活用事業費,26629,40794,14165,40794,0,0,40794,0,4,ok,derived
rs_2026_general_revenue_14_02_07_18,2026_general_revenue_14_02_07,2026,general,一般会計,revenue,14,都支出金,02,都補助金,07,教育費補助金,18,教育支援活動促進事業,262,262,0,262,0,0,262,0,2,ok,derived
rs_2026_general_revenue_14_02_07_19,2026_general_revenue_14_02_07,2026,general,一般会計,revenue,14,都支出金,02,都補助金,07,教育費補助金,19,家庭教育支援基盤形成事業費,1767,1720,-47,1720,0,0,1720,0,1,ok,derived
rs_2026_general_revenue_14_02_07_20,2026_general_revenue_14_02_07,2026,general,一般会計,revenue,14,都支出金,02,都補助金,07,教育費補助金,20,人権啓発活動区市町村補助金,1023,913,-110,913,0,0,913,0,1,ok,derived
rs_2026_general_revenue_14_02_07_21,2026_general_revenue_14_02_07,2026,general,一般会計,revenue,14,都支出金,02,都補助金,07,教育費補助金,21,文化財保存事業費補助金,6456,5576,-880,5576,0,0,5576,0,1,ok,derived
rs_2026_general_revenue_14_02_07_23,2026_general_revenue_14_02_07,2026,general,一般会計,revenue,14,都支出金,02,都補助金,07,教育費補助金,23,公立学校施設非構造部材耐震化支援事業補助金,0,0,0,0,0,0,0,0,2,ok_zero_amount,derived
rs_2026_general_revenue_14_02_07_27,2026_general_revenue_14_02_07,2026,general,一般会計,revenue,14,都支出金,02,都補助金,07,教育費補助金,27,公立学校施設トイレ整備支援事業,60868,0,-60868,0,0,0,0,0,2,ok_zero_amount,derived
rs_2026_general_revenue_14_02_07_30,2026_general_revenue_14_02_07,2026,general,一般会計,revenue,14,都支出金,02,都補助金,07,教育費補助金,30,地域学校協働活動推進事業,22256,0,-22256,0,0,0,0,0,1,ok_zero_amount,derived
rs_2026_general_revenue_14_02_07_31,2026_general_revenue_14_02_07,2026,general,一般会計,revenue,14,都支出金,02,都補助金,07,教育費補助金,31,スクール・サポート・スタッフ配置支援事業補助金,193382,218228,24846,218228,0,0,218228,0,1,ok,derived
rs_2026_general_revenue_14_02_07_38,2026_general_revenue_14_02_07,2026,general,一般会計,revenue,14,都支出金,02,都補助金,07,教育費補助金,38,不登校特例校設置学習環境整備事業,10000,0,-10000,0,0,0,0,0,1,ok_zero_amount,derived
rs_2026_general_revenue_14_02_07_41,2026_general_revenue_14_02_07,2026,general,一般会計,revenue,14,都支出金,02,都補助金,07,教育費補助金,41,学校飼育動物にかかる獣医師活用補助事業,106,82,-24,82,0,0,82,0,1,ok,derived
rs_2026_general_revenue_14_02_07_44,2026_general_revenue_14_02_07,2026,general,一般会計,revenue,14,都支出金,02,都補助金,07,教育費補助金,44,教育支援センター機能強化補助事業補助金,7080,2100,-4980,2100,0,0,2100,0,1,ok,derived
rs_2026_general_revenue_14_02_07_45,2026_general_revenue_14_02_07,2026,general,一般会計,revenue,14,都支出金,02,都補助金,07,教育費補助金,45,東京都デジタル利活用支援員配置支援事業,189428,229499,40071,229499,0,0,229499,0,1,ok,derived
rs_2026_general_revenue_14_02_07_48,2026_general_revenue_14_02_07,2026,general,一般会計,revenue,14,都支出金,02,都補助金,07,教育費補助金,48,中学校の部活動における外部指導者配置支援事業,100891,122447,21556,122447,0,0,122447,0,1,ok,derived
rs_2026_general_revenue_14_02_07_53,2026_general_revenue_14_02_07,2026,general,一般会計,revenue,14,都支出金,02,都補助金,07,教育費補助金,53,学校マネジメント強化事業,32558,53601,21043,53601,0,0,53601,0,1,ok,derived
rs_2026_general_revenue_14_02_07_54,2026_general_revenue_14_02_07,2026,general,一般会計,revenue,14,都支出金,02,都補助金,07,教育費補助金,54,学校給食費支援事業,1249712,1356389,106677,1356389,0,0,1356389,0,7,ok,derived
rs_2026_general_revenue_14_02_07_58,2026_general_revenue_14_02_07,2026,general,一般会計,revenue,14,都支出金,02,都補助金,07,教育費補助金,58,エデュケーション・アシスタント配置支援事業,266039,293532,27493,293532,0,0,293532,0,1,ok,derived
rs_2026_general_revenue_14_02_07_59,2026_general_revenue_14_02_07,2026,general,一般会計,revenue,14,都支出金,02,都補助金,07,教育費補助金,59,東京都公立小・中学校インクルーシブ教育支援員配置補助事業,194241,212715,18474,212715,0,0,212715,0,4,ok,derived
rs_2026_general_revenue_14_02_07_60,2026_general_revenue_14_02_07,2026,general,一般会計,revenue,14,都支出金,02,都補助金,07,教育費補助金,60,公立幼稚園におけるＩＣＴ環境整備支援事業補助金,1457,0,-1457,0,0,0,0,0,1,ok_zero_amount,derived
rs_2026_general_revenue_14_02_07_61,2026_general_revenue_14_02_07,2026,general,一般会計,revenue,14,都支出金,02,都補助金,07,教育費補助金,61,笑顔と学びの体験活動プロジェクト子供企画型補助金,0,7200,7200,7200,0,0,7200,0,1,ok,derived
rs_2026_general_revenue_14_02_07_62,2026_general_revenue_14_02_07,2026,general,一般会計,revenue,14,都支出金,02,都補助金,07,教育費補助金,62,朝の子供の居場所づくり事業費補助金,0,15560,15560,15560,0,0,15560,0,1,ok,derived
rs_2026_general_revenue_14_02_07_63,2026_general_revenue_14_02_07,2026,general,一般会計,revenue,14,都支出金,02,都補助金,07,教育費補助金,63,地域学校協働活動推進事業,0,33538,33538,33538,0,0,33538,0,1,ok,derived
rs_2026_general_revenue_14_02_07_64,2026_general_revenue_14_02_07,2026,general,一般会計,revenue,14,都支出金,02,都補助金,07,教育費補助金,64,公立学校施設防災機能強化支援事業補助金,0,158583,158583,158583,0,0,158583,0,3,ok,derived
rs_2026_general_revenue_14_02_07_65,2026_general_revenue_14_02_07,2026,general,一般会計,revenue,14,都支出金,02,都補助金,07,教育費補助金,65,東京都教育支援体制整備事業費補助金,0,30280,30280,30280,0,0,30280,0,3,ok,derived
rs_2026_general_revenue_14_02_08_02,2026_general_revenue_14_02_08,2026,general,一般会計,revenue,14,都支出金,02,都補助金,08,民生費補助金（２）,02,保育力強化事業補助金,97645,105843,8198,105843,0,0,105843,0,3,ok,derived
rs_2026_general_revenue_14_02_08_04,2026_general_revenue_14_02_08,2026,general,一般会計,revenue,14,都支出金,02,都補助金,08,民生費補助金（２）,04,介護予防・フレイル予防推進員配置事業補助金,7959,7763,-196,7763,0,0,7763,0,2,ok,derived
rs_2026_general_revenue_14_02_08_08,2026_general_revenue_14_02_08,2026,general,一般会計,revenue,14,都支出金,02,都補助金,08,民生費補助金（２）,08,未就園児等全戸訪問事業,891,441,-450,441,0,0,441,0,1,ok,derived
rs_2026_general_revenue_14_02_08_10,2026_general_revenue_14_02_08,2026,general,一般会計,revenue,14,都支出金,02,都補助金,08,民生費補助金（２）,10,とうきょうママパパ応援事業,241356,201687,-39669,201687,0,0,201687,0,9,ok,derived
rs_2026_general_revenue_14_02_08_11,2026_general_revenue_14_02_08,2026,general,一般会計,revenue,14,都支出金,02,都補助金,08,民生費補助金（２）,11,認証保育所１歳児受入促進事業,18596,25667,7071,25667,0,0,25667,0,1,ok,derived
rs_2026_general_revenue_14_02_08_14,2026_general_revenue_14_02_08,2026,general,一般会計,revenue,14,都支出金,02,都補助金,08,民生費補助金（２）,14,地域少子化対策重点推進交付金,2481,2689,208,2689,0,0,2689,0,1,ok,derived
rs_2026_general_revenue_14_02_08_16,2026_general_revenue_14_02_08,2026,general,一般会計,revenue,14,都支出金,02,都補助金,08,民生費補助金（２）,16,重層的支援体制整備事業,520930,556667,35737,556667,0,0,556667,0,21,ok,derived
rs_2026_general_revenue_14_02_08_20,2026_general_revenue_14_02_08,2026,general,一般会計,revenue,14,都支出金,02,都補助金,08,民生費補助金（２）,20,東京都子供・子育て支援交付金,4500,103700,99200,103700,0,0,103700,0,1,ok,derived
rs_2026_general_revenue_14_02_08_21,2026_general_revenue_14_02_08,2026,general,一般会計,revenue,14,都支出金,02,都補助金,08,民生費補助金（２）,21,医療的ケア児及び重症心身障害児の放課後等支援事業補助金,5000,5000,0,5000,0,0,5000,0,1,ok,derived
rs_2026_general_revenue_14_02_08_22,2026_general_revenue_14_02_08,2026,general,一般会計,revenue,14,都支出金,02,都補助金,08,民生費補助金（２）,22,児童相談所設置区における児童福祉施設等整備費補助事業,0,0,0,0,0,0,0,0,1,ok_zero_amount,derived
rs_2026_general_revenue_14_02_08_23,2026_general_revenue_14_02_08,2026,general,一般会計,revenue,14,都支出金,02,都補助金,08,民生費補助金（２）,23,都型学童クラブ事業,24528,8184,-16344,8184,0,0,8184,0,1,ok,derived
rs_2026_general_revenue_14_02_08_24,2026_general_revenue_14_02_08,2026,general,一般会計,revenue,14,都支出金,02,都補助金,08,民生費補助金（２）,24,医療的ケア児保育支援事業,2099,1972,-127,1972,0,0,1972,0,1,ok,derived
rs_2026_general_revenue_14_02_08_31,2026_general_revenue_14_02_08,2026,general,一般会計,revenue,14,都支出金,02,都補助金,08,民生費補助金（２）,31,在宅レスパイト・就労等支援事業,14608,23131,8523,23131,0,0,23131,0,1,ok,derived
rs_2026_general_revenue_14_02_08_33,2026_general_revenue_14_02_08,2026,general,一般会計,revenue,14,都支出金,02,都補助金,08,民生費補助金（２）,33,高校生等医療費助成事業,652992,439944,-213048,439944,0,0,439944,0,1,ok,derived
rs_2026_general_revenue_14_02_08_34,2026_general_revenue_14_02_08,2026,general,一般会計,revenue,14,都支出金,02,都補助金,08,民生費補助金（２）,34,受験生チャレンジ支援貸付窓口の運営事業,9399,9799,400,9799,0,0,9799,0,1,ok,derived
rs_2026_general_revenue_14_02_08_35,2026_general_revenue_14_02_08,2026,general,一般会計,revenue,14,都支出金,02,都補助金,08,民生費補助金（２）,35,一時預かり事業・定期利用保育事業,18263,31371,13108,31371,0,0,31371,0,2,ok,derived
rs_2026_general_revenue_14_02_08_37,2026_general_revenue_14_02_08,2026,general,一般会計,revenue,14,都支出金,02,都補助金,08,民生費補助金（２）,37,東京都地域人材確保総合支援事業,6983,7054,71,7054,0,0,7054,0,3,ok,derived
rs_2026_general_revenue_14_02_08_41,2026_general_revenue_14_02_08,2026,general,一般会計,revenue,14,都支出金,02,都補助金,08,民生費補助金（２）,41,保育所等物価高騰緊急対策事業,0,0,0,0,0,0,0,0,8,ok_zero_amount,derived
rs_2026_general_revenue_14_02_08_46,2026_general_revenue_14_02_08,2026,general,一般会計,revenue,14,都支出金,02,都補助金,08,民生費補助金（２）,46,子供・長寿・居場所区市町村包括補助事業,97929,42672,-55257,42672,0,0,42672,0,4,ok,derived
rs_2026_general_revenue_14_02_08_47,2026_general_revenue_14_02_08,2026,general,一般会計,revenue,14,都支出金,02,都補助金,08,民生費補助金（２）,47,養育費確保支援事業,533,0,-533,0,0,0,0,0,1,ok_zero_amount,derived
rs_2026_general_revenue_14_02_08_48,2026_general_revenue_14_02_08,2026,general,一般会計,revenue,14,都支出金,02,都補助金,08,民生費補助金（２）,48,多様な他者との関わりの機会の創出事業費補助金,694274,587087,-107187,587087,0,0,587087,0,7,ok,derived
rs_2026_general_revenue_14_02_08_49,2026_general_revenue_14_02_08,2026,general,一般会計,revenue,14,都支出金,02,都補助金,08,民生費補助金（２）,49,ファミリー・アテンダント先進事例創出事業補助金,453679,390713,-62966,390713,0,0,390713,0,1,ok,derived
rs_2026_general_revenue_14_02_08_50,2026_general_revenue_14_02_08,2026,general,一般会計,revenue,14,都支出金,02,都補助金,08,民生費補助金（２）,50,保育補助者雇上強化事業,35023,65506,30483,65506,0,0,65506,0,1,ok,derived
rs_2026_general_revenue_14_02_08_51,2026_general_revenue_14_02_08,2026,general,一般会計,revenue,14,都支出金,02,都補助金,08,民生費補助金（２）,51,母子保健支援事業,597,1120,523,1120,0,0,1120,0,1,ok,derived
rs_2026_general_revenue_14_02_08_53,2026_general_revenue_14_02_08,2026,general,一般会計,revenue,14,都支出金,02,都補助金,08,民生費補助金（２）,53,ヤングケアラー・コーディネーター配置促進事業,1895,0,-1895,0,0,0,0,0,1,ok_zero_amount,derived
rs_2026_general_revenue_14_02_08_54,2026_general_revenue_14_02_08,2026,general,一般会計,revenue,14,都支出金,02,都補助金,08,民生費補助金（２）,54,障害者日中活動系サービス推進事業補助金,344752,337432,-7320,337432,0,0,337432,0,3,ok,derived
rs_2026_general_revenue_14_02_08_55,2026_general_revenue_14_02_08,2026,general,一般会計,revenue,14,都支出金,02,都補助金,08,民生費補助金（２）,55,児童館環境整備事業,63892,0,-63892,0,0,0,0,0,4,ok_zero_amount,derived
rs_2026_general_revenue_14_02_08_56,2026_general_revenue_14_02_08,2026,general,一般会計,revenue,14,都支出金,02,都補助金,08,民生費補助金（２）,56,児童虐待防止等対策総合支援事業費,1393,1393,0,1393,0,0,1393,0,2,ok,derived
rs_2026_general_revenue_14_02_08_59,2026_general_revenue_14_02_08,2026,general,一般会計,revenue,14,都支出金,02,都補助金,08,民生費補助金（２）,59,区市町村発達検査体制整備支援事業,5000,10000,5000,10000,0,0,10000,0,2,ok,derived
rs_2026_general_revenue_14_02_08_60,2026_general_revenue_14_02_08,2026,general,一般会計,revenue,14,都支出金,02,都補助金,08,民生費補助金（２）,60,高齢者聞こえのコミュニケーション支援事業,16784,16493,-291,16493,0,0,16493,0,2,ok,derived
rs_2026_general_revenue_14_02_08_62,2026_general_revenue_14_02_08,2026,general,一般会計,revenue,14,都支出金,02,都補助金,08,民生費補助金（２）,62,子供食堂推進事業,22150,21520,-630,21520,0,0,21520,0,1,ok,derived
rs_2026_general_revenue_14_02_08_63,2026_general_revenue_14_02_08,2026,general,一般会計,revenue,14,都支出金,02,都補助金,08,民生費補助金（２）,63,認証保育所運営費等補助金,25000,20042,-4958,20042,0,0,20042,0,1,ok,derived
rs_2026_general_revenue_14_02_08_64,2026_general_revenue_14_02_08,2026,general,一般会計,revenue,14,都支出金,02,都補助金,08,民生費補助金（２）,64,認証保育所障害児受入促進事業,17611,17706,95,17706,0,0,17706,0,1,ok,derived
rs_2026_general_revenue_14_02_08_65,2026_general_revenue_14_02_08,2026,general,一般会計,revenue,14,都支出金,02,都補助金,08,民生費補助金（２）,65,学童クラブ整備費補助金,46537,130744,84207,130744,0,0,130744,0,1,ok,derived
rs_2026_general_revenue_14_02_08_66,2026_general_revenue_14_02_08,2026,general,一般会計,revenue,14,都支出金,02,都補助金,08,民生費補助金（２）,66,認知症の人の社会参加推進事業補助金,6721,6952,231,6952,0,0,6952,0,2,ok,derived
rs_2026_general_revenue_14_02_08_67,2026_general_revenue_14_02_08,2026,general,一般会計,revenue,14,都支出金,02,都補助金,08,民生費補助金（２）,67,社会福祉施設等への非常用電源等整備促進事業,17571,0,-17571,0,0,0,0,0,3,ok_zero_amount,derived
rs_2026_general_revenue_14_02_08_68,2026_general_revenue_14_02_08,2026,general,一般会計,revenue,14,都支出金,02,都補助金,08,民生費補助金（２）,68,子供家庭支援区市町村包括補助事業（２）,105549,188885,83336,188885,0,0,188885,0,7,ok,derived
rs_2026_general_revenue_14_02_08_69,2026_general_revenue_14_02_08,2026,general,一般会計,revenue,14,都支出金,02,都補助金,08,民生費補助金（２）,69,子供の未来を育む「体験活動」推進区市町村支援事業,4081,6553,2472,6553,0,0,6553,0,7,ok,derived
rs_2026_general_revenue_14_02_08_70,2026_general_revenue_14_02_08,2026,general,一般会計,revenue,14,都支出金,02,都補助金,08,民生費補助金（２）,70,認証学童クラブ制度事業補助金,0,120699,120699,120699,0,0,120699,0,1,ok,derived
rs_2026_general_revenue_14_02_08_72,2026_general_revenue_14_02_08,2026,general,一般会計,revenue,14,都支出金,02,都補助金,08,民生費補助金（２）,72,子育て世帯訪問支援利用者負担軽減事業,3409,13985,10576,13985,0,0,13985,0,2,ok,derived
rs_2026_general_revenue_14_02_08_74,2026_general_revenue_14_02_08,2026,general,一般会計,revenue,14,都支出金,02,都補助金,08,民生費補助金（２）,74,児童発達支援事業所等利用支援事業,0,8280,8280,8280,0,0,8280,0,1,ok,derived
rs_2026_general_revenue_14_02_08_75,2026_general_revenue_14_02_08,2026,general,一般会計,revenue,14,都支出金,02,都補助金,08,民生費補助金（２）,75,保育所等利用世帯負担軽減事業,0,5204167,5204167,5204167,0,0,5204167,0,5,ok,derived
rs_2026_general_revenue_14_02_08_78,2026_general_revenue_14_02_08,2026,general,一般会計,revenue,14,都支出金,02,都補助金,08,民生費補助金（２）,78,子供・若者自立等支援体制整備事業,0,6000,6000,6000,0,0,6000,0,1,ok,derived
rs_2026_general_revenue_14_02_08_79,2026_general_revenue_14_02_08,2026,general,一般会計,revenue,14,都支出金,02,都補助金,08,民生費補助金（２）,79,地域におけるケアプランデータ連携システム活用促進事業,0,29828,29828,29828,0,0,29828,0,1,ok,derived
rs_2026_general_revenue_14_02_08_80,2026_general_revenue_14_02_08,2026,general,一般会計,revenue,14,都支出金,02,都補助金,08,民生費補助金（２）,80,ベビーシッター利用支援事業,0,392935,392935,392935,0,0,392935,0,2,ok,derived
rs_2026_general_revenue_14_02_08_81,2026_general_revenue_14_02_08,2026,general,一般会計,revenue,14,都支出金,02,都補助金,08,民生費補助金（２）,81,要支援家庭を対象としたショートステイ事業,0,0,0,0,0,0,0,0,1,ok_zero_amount,derived
rs_2026_general_revenue_14_02_08_82,2026_general_revenue_14_02_08,2026,general,一般会計,revenue,14,都支出金,02,都補助金,08,民生費補助金（２）,82,要支援家庭を対象としたショートステイ事業,0,5060,5060,5060,0,0,5060,0,1,ok,derived
rs_2026_general_revenue_14_02_08_83,2026_general_revenue_14_02_08,2026,general,一般会計,revenue,14,都支出金,02,都補助金,08,民生費補助金（２）,83,認知症サポート検診事業補助金,0,3340,3340,3340,0,0,3340,0,2,ok,derived
rs_2026_general_revenue_14_03_01_01,2026_general_revenue_14_03_01,2026,general,一般会計,revenue,14,都支出金,03,都委託金,01,総務費委託金,01,徴税費,1851808,1925292,73484,1925292,0,0,1925292,0,1,ok,derived
rs_2026_general_revenue_14_03_01_02,2026_general_revenue_14_03_01,2026,general,一般会計,revenue,14,都支出金,03,都委託金,01,総務費委託金,02,自衛隊員募集費,200,200,0,200,0,0,200,0,1,ok,derived
rs_2026_general_revenue_14_03_01_03,2026_general_revenue_14_03_01,2026,general,一般会計,revenue,14,都支出金,03,都委託金,01,総務費委託金,03,統計費,704743,97544,-607199,97544,0,0,97544,0,3,ok,derived
rs_2026_general_revenue_14_03_01_04,2026_general_revenue_14_03_01,2026,general,一般会計,revenue,14,都支出金,03,都委託金,01,総務費委託金,04,住民記録費,1511,1510,-1,1510,0,0,1510,0,1,ok,derived
rs_2026_general_revenue_14_03_01_05,2026_general_revenue_14_03_01,2026,general,一般会計,revenue,14,都支出金,03,都委託金,01,総務費委託金,05,戸籍統計費,722,722,0,722,0,0,722,0,1,ok,derived
rs_2026_general_revenue_14_03_01_07,2026_general_revenue_14_03_01,2026,general,一般会計,revenue,14,都支出金,03,都委託金,01,総務費委託金,07,地方選挙費,321693,0,-321693,0,0,0,0,0,2,ok_zero_amount,derived
rs_2026_general_revenue_14_03_01_08,2026_general_revenue_14_03_01,2026,general,一般会計,revenue,14,都支出金,03,都委託金,01,総務費委託金,08,参議院議員選挙費,412517,0,-412517,0,0,0,0,0,2,ok_zero_amount,derived
rs_2026_general_revenue_14_03_01_12,2026_general_revenue_14_03_01,2026,general,一般会計,revenue,14,都支出金,03,都委託金,01,総務費委託金,12,在外選挙人名簿登録費,767,450,-317,450,0,0,450,0,1,ok,derived
rs_2026_general_revenue_14_03_01_13,2026_general_revenue_14_03_01,2026,general,一般会計,revenue,14,都支出金,03,都委託金,01,総務費委託金,13,事務処理特例交付金,524222,512508,-11714,512508,0,0,512508,0,5,ok,derived
rs_2026_general_revenue_14_03_02_01,2026_general_revenue_14_03_02,2026,general,一般会計,revenue,14,都支出金,03,都委託金,02,衛生費委託金,01,衛生統計費,2029,3627,1598,3627,0,0,3627,0,2,ok,derived
rs_2026_general_revenue_14_03_02_02,2026_general_revenue_14_03_02,2026,general,一般会計,revenue,14,都支出金,03,都委託金,02,衛生費委託金,02,医療費助成事務費,22326,25030,2704,25030,0,0,25030,0,2,ok,derived
rs_2026_general_revenue_14_03_03_01,2026_general_revenue_14_03_03,2026,general,一般会計,revenue,14,都支出金,03,都委託金,03,民生費委託金,01,民生統計費,0,4146,4146,4146,0,0,4146,0,1,ok,derived
rs_2026_general_revenue_14_03_03_02,2026_general_revenue_14_03_03,2026,general,一般会計,revenue,14,都支出金,03,都委託金,03,民生費委託金,02,無料乗車券発行事務費,255,259,4,259,0,0,259,0,1,ok,derived
rs_2026_general_revenue_14_03_03_09,2026_general_revenue_14_03_03,2026,general,一般会計,revenue,14,都支出金,03,都委託金,03,民生費委託金,09,全国ひとり親世帯等調査費,0,25,25,25,0,0,25,0,1,ok,derived
rs_2026_general_revenue_14_03_04_01,2026_general_revenue_14_03_04,2026,general,一般会計,revenue,14,都支出金,03,都委託金,04,土木費委託金,01,建設統計費,415,0,-415,0,0,0,0,0,1,ok_zero_amount,derived
rs_2026_general_revenue_14_03_04_02,2026_general_revenue_14_03_04,2026,general,一般会計,revenue,14,都支出金,03,都委託金,04,土木費委託金,02,建築行政費,44,42,-2,42,0,0,42,0,1,ok,derived
rs_2026_general_revenue_14_03_04_03,2026_general_revenue_14_03_04,2026,general,一般会計,revenue,14,都支出金,03,都委託金,04,土木費委託金,03,水門管理費,9134,9462,328,9462,0,0,9462,0,1,ok,derived
rs_2026_general_revenue_14_03_04_06,2026_general_revenue_14_03_04,2026,general,一般会計,revenue,14,都支出金,03,都委託金,04,土木費委託金,06,側溝施設管理,9133,9728,595,9728,0,0,9728,0,2,ok,derived
rs_2026_general_revenue_14_03_07_02,2026_general_revenue_14_03_07,2026,general,一般会計,revenue,14,都支出金,03,都委託金,07,教育費委託金,02,研修・研究費,1772,2441,669,2441,0,0,2441,0,7,ok,derived
rs_2026_general_revenue_14_03_07_08,2026_general_revenue_14_03_07,2026,general,一般会計,revenue,14,都支出金,03,都委託金,07,教育費委託金,08,会計年度任用職員報酬,33210,36687,3477,36687,0,0,36687,0,2,ok,derived
rs_2026_general_revenue_15_01_01_01,2026_general_revenue_15_01_01,2026,general,一般会計,revenue,15,財産収入,01,財産運用収入,01,財産貸付収入,01,職員住宅,10249,9873,-376,9873,0,0,9873,0,1,ok,derived
rs_2026_general_revenue_15_01_01_03,2026_general_revenue_15_01_01,2026,general,一般会計,revenue,15,財産収入,01,財産運用収入,01,財産貸付収入,03,建物貸付,90507,94378,3871,46766,47612,47612,46766,0,27,ok,derived
rs_2026_general_revenue_15_01_01_04,2026_general_revenue_15_01_01,2026,general,一般会計,revenue,15,財産収入,01,財産運用収入,01,財産貸付収入,04,土地貸付,255916,284384,28468,169138,115246,115246,169138,0,40,ok,derived
rs_2026_general_revenue_15_01_01_05,2026_general_revenue_15_01_01,2026,general,一般会計,revenue,15,財産収入,01,財産運用収入,01,財産貸付収入,05,物品貸付,36,21,-15,21,0,0,21,0,1,ok,derived
rs_2026_general_revenue_15_01_01_06,2026_general_revenue_15_01_01,2026,general,一般会計,revenue,15,財産収入,01,財産運用収入,01,財産貸付収入,06,広告板貸付,2970,2970,0,2970,0,0,2970,0,1,ok,derived
rs_2026_general_revenue_15_01_02_02,2026_general_revenue_15_01_02,2026,general,一般会計,revenue,15,財産収入,01,財産運用収入,02,利子及配当金,02,基金利子,404182,980757,576575,980757,0,0,980757,0,18,ok,derived
rs_2026_general_revenue_15_01_02_03,2026_general_revenue_15_01_02,2026,general,一般会計,revenue,15,財産収入,01,財産運用収入,02,利子及配当金,03,株式配当金,54384,58061,3677,0,58061,58061,0,0,1,ok,derived
rs_2026_general_revenue_15_02_01_01,2026_general_revenue_15_02_01,2026,general,一般会計,revenue,15,財産収入,02,財産売払収入,01,不動産売払収入,01,土地,206500,692277,485777,0,692277,692277,0,0,2,ok,derived
rs_2026_general_revenue_15_02_02_01,2026_general_revenue_15_02_02,2026,general,一般会計,revenue,15,財産収入,02,財産売払収入,02,物品売払収入,01,不用品売払,1161111,863264,-297847,846295,16969,16969,846295,0,14,ok,derived
rs_2026_general_revenue_15_02_02_02,2026_general_revenue_15_02_02,2026,general,一般会計,revenue,15,財産収入,02,財産売払収入,02,物品売払収入,02,物品売払,649,649,0,649,0,0,649,0,3,ok,derived
rs_2026_general_revenue_16_01_01_01,2026_general_revenue_16_01_01,2026,general,一般会計,revenue,16,寄附金,01,寄附金,01,一般寄附金,01,一般寄附金,300000,300000,0,0,300000,300000,0,0,1,ok,derived
rs_2026_general_revenue_16_01_02_01,2026_general_revenue_16_01_02,2026,general,一般会計,revenue,16,寄附金,01,寄附金,02,指定寄附金,01,総務費,70658,77943,7285,77943,0,0,77943,0,8,ok,derived
rs_2026_general_revenue_16_01_02_02,2026_general_revenue_16_01_02,2026,general,一般会計,revenue,16,寄附金,01,寄附金,02,指定寄附金,02,土木費,55379,35023,-20356,35023,0,0,35023,0,3,ok,derived
rs_2026_general_revenue_16_01_02_03,2026_general_revenue_16_01_02,2026,general,一般会計,revenue,16,寄附金,01,寄附金,02,指定寄附金,03,民生費,249385,254356,4971,254356,0,0,254356,0,5,ok,derived
rs_2026_general_revenue_16_01_02_04,2026_general_revenue_16_01_02,2026,general,一般会計,revenue,16,寄附金,01,寄附金,02,指定寄附金,04,教育費,11578,24352,12774,24352,0,0,24352,0,4,ok,derived
rs_2026_general_revenue_16_01_02_05,2026_general_revenue_16_01_02,2026,general,一般会計,revenue,16,寄附金,01,寄附金,02,指定寄附金,05,環境費,13000,8326,-4674,8326,0,0,8326,0,1,ok,derived
rs_2026_general_revenue_17_01_01_01,2026_general_revenue_17_01_01,2026,general,一般会計,revenue,17,繰入金,01,基金繰入金,01,減債基金繰入金,01,特別区債償還,1094698,0,-1094698,0,0,0,0,0,1,ok_zero_amount,derived
rs_2026_general_revenue_17_01_06_01,2026_general_revenue_17_01_06,2026,general,一般会計,revenue,17,繰入金,01,基金繰入金,06,義務教育施設整備基金繰入金,01,義務教育,800000,3459834,2659834,3459834,0,0,3459834,0,4,ok,derived
rs_2026_general_revenue_17_01_10_01,2026_general_revenue_17_01_10,2026,general,一般会計,revenue,17,繰入金,01,基金繰入金,10,都市整備基金繰入金,01,都市整備基金繰入金,2750000,2300000,-450000,2300000,0,0,2300000,0,7,ok,derived
rs_2026_general_revenue_17_01_15_01,2026_general_revenue_17_01_15,2026,general,一般会計,revenue,17,繰入金,01,基金繰入金,15,財政調整基金繰入金,01,財政調整,0,0,0,0,0,0,0,0,1,ok_zero_amount,derived
rs_2026_general_revenue_17_01_16_04,2026_general_revenue_17_01_16,2026,general,一般会計,revenue,17,繰入金,01,基金繰入金,16,地域保健福祉等推進基金繰入金,04,市民活動の促進,13180,15300,2120,15300,0,0,15300,0,1,ok,derived
rs_2026_general_revenue_17_01_16_10,2026_general_revenue_17_01_16,2026,general,一般会計,revenue,17,繰入金,01,基金繰入金,16,地域保健福祉等推進基金繰入金,10,地域福祉活動等促進事業,16000,17700,1700,17700,0,0,17700,0,1,ok,derived
rs_2026_general_revenue_17_01_16_12,2026_general_revenue_17_01_16,2026,general,一般会計,revenue,17,繰入金,01,基金繰入金,16,地域保健福祉等推進基金繰入金,12,障害者施設受注拡大・工賃向上推進事業,29000,17000,-12000,17000,0,0,17000,0,1,ok,derived
rs_2026_general_revenue_17_01_16_16,2026_general_revenue_17_01_16,2026,general,一般会計,revenue,17,繰入金,01,基金繰入金,16,地域保健福祉等推進基金繰入金,16,合理的配慮提供支援助成事業,1200,1200,0,1200,0,0,1200,0,1,ok,derived
rs_2026_general_revenue_17_01_16_19,2026_general_revenue_17_01_16,2026,general,一般会計,revenue,17,繰入金,01,基金繰入金,16,地域保健福祉等推進基金繰入金,19,介護人材確保支援事業,101358,68727,-32631,68727,0,0,68727,0,1,ok,derived
rs_2026_general_revenue_17_01_16_25,2026_general_revenue_17_01_16,2026,general,一般会計,revenue,17,繰入金,01,基金繰入金,16,地域保健福祉等推進基金繰入金,25,人と動物との共生推進事業,4010,6510,2500,6510,0,0,6510,0,1,ok,derived
rs_2026_general_revenue_17_01_16_26,2026_general_revenue_17_01_16,2026,general,一般会計,revenue,17,繰入金,01,基金繰入金,16,地域保健福祉等推進基金繰入金,26,ひきこもり対策,9765,15691,5926,15691,0,0,15691,0,2,ok,derived
rs_2026_general_revenue_17_01_16_27,2026_general_revenue_17_01_16,2026,general,一般会計,revenue,17,繰入金,01,基金繰入金,16,地域保健福祉等推進基金繰入金,27,福祉人材確保支援事業,4425,7899,3474,7899,0,0,7899,0,1,ok,derived
rs_2026_general_revenue_17_01_16_28,2026_general_revenue_17_01_16,2026,general,一般会計,revenue,17,繰入金,01,基金繰入金,16,地域保健福祉等推進基金繰入金,28,多世代食堂支援事業,2000,1800,-200,1800,0,0,1800,0,1,ok,derived
rs_2026_general_revenue_17_01_16_29,2026_general_revenue_17_01_16,2026,general,一般会計,revenue,17,繰入金,01,基金繰入金,16,地域保健福祉等推進基金繰入金,29,若者支援事業運営,20000,23024,3024,23024,0,0,23024,0,1,ok,derived
rs_2026_general_revenue_17_01_21_01,2026_general_revenue_17_01_21,2026,general,一般会計,revenue,17,繰入金,01,基金繰入金,21,住宅基金繰入金,01,住宅基金繰入金,669359,555623,-113736,555623,0,0,555623,0,1,ok,derived
rs_2026_general_revenue_17_01_22_01,2026_general_revenue_17_01_22,2026,general,一般会計,revenue,17,繰入金,01,基金繰入金,22,国際平和交流基金繰入金,01,国際平和交流,2020,7553,5533,7553,0,0,7553,0,3,ok,derived
rs_2026_general_revenue_17_01_35_01,2026_general_revenue_17_01_35,2026,general,一般会計,revenue,17,繰入金,01,基金繰入金,35,庁舎等建設等基金繰入金,01,庁舎建設,3527000,5887860,2360860,5887860,0,0,5887860,0,1,ok,derived
rs_2026_general_revenue_17_01_35_07,2026_general_revenue_17_01_35,2026,general,一般会計,revenue,17,繰入金,01,基金繰入金,35,庁舎等建設等基金繰入金,07,図書館整備,700000,0,-700000,0,0,0,0,0,1,ok_zero_amount,derived
rs_2026_general_revenue_17_01_36_01,2026_general_revenue_17_01_36,2026,general,一般会計,revenue,17,繰入金,01,基金繰入金,36,文化振興基金繰入金,01,文化振興,2600,4600,2000,4600,0,0,4600,0,1,ok,derived
rs_2026_general_revenue_17_01_38_01,2026_general_revenue_17_01_38,2026,general,一般会計,revenue,17,繰入金,01,基金繰入金,38,子ども・若者基金繰入金,01,子ども・若者基金,31343,49634,18291,49634,0,0,49634,0,9,ok,derived
rs_2026_general_revenue_17_01_40_01,2026_general_revenue_17_01_40,2026,general,一般会計,revenue,17,繰入金,01,基金繰入金,40,災害対策基金繰入金,01,災害対策基金繰入金,464936,53425,-411511,53425,0,0,53425,0,14,ok,derived
rs_2026_general_revenue_17_01_41_01,2026_general_revenue_17_01_41,2026,general,一般会計,revenue,17,繰入金,01,基金繰入金,41,みどりのトラスト基金繰入金,01,みどりのトラスト基金,1172546,1258518,85972,1258518,0,0,1258518,0,8,ok,derived
rs_2026_general_revenue_17_01_43_01,2026_general_revenue_17_01_43,2026,general,一般会計,revenue,17,繰入金,01,基金繰入金,43,スポーツ推進基金繰入金,01,スポーツ推進基金,201680,796,-200884,796,0,0,796,0,4,ok,derived
rs_2026_general_revenue_17_01_45_01,2026_general_revenue_17_01_45,2026,general,一般会計,revenue,17,繰入金,01,基金繰入金,45,世田谷遊びと学びの教育基金繰入金,01,世田谷遊びと学びの教育基金,4605,5476,871,5476,0,0,5476,0,3,ok,derived
rs_2026_general_revenue_17_01_46_01,2026_general_revenue_17_01_46,2026,general,一般会計,revenue,17,繰入金,01,基金繰入金,46,医療的ケア児の笑顔を支える基金繰入金,01,医療的ケア児の笑顔を支える基金,12240,33189,20949,33189,0,0,33189,0,1,ok,derived
rs_2026_general_revenue_17_01_47_01,2026_general_revenue_17_01_47,2026,general,一般会計,revenue,17,繰入金,01,基金繰入金,47,気候危機対策基金繰入金,01,気候危機対策基金,59199,54355,-4844,54355,0,0,54355,0,5,ok,derived
rs_2026_general_revenue_17_01_48_01,2026_general_revenue_17_01_48,2026,general,一般会計,revenue,17,繰入金,01,基金繰入金,48,児童養護施設退所者等奨学・自立支援基金繰入金,01,児童養護施設退所者等奨学・自立支援基金繰入金,46522,40101,-6421,40101,0,0,40101,0,1,ok,derived
rs_2026_general_revenue_17_01_49_01,2026_general_revenue_17_01_49,2026,general,一般会計,revenue,17,繰入金,01,基金繰入金,49,犯罪被害者等支援等基金繰入金,01,犯罪被害者等支援等基金,9999,9614,-385,9614,0,0,9614,0,1,ok,derived
rs_2026_general_revenue_17_02_03_01,2026_general_revenue_17_02_03,2026,general,一般会計,revenue,17,繰入金,02,特別会計繰入金,03,介護保険事業会計繰入金,01,重層的支援体制整備事業繰入金,240011,255661,15650,255661,0,0,255661,0,5,ok,derived
rs_2026_general_revenue_18_01_01_01,2026_general_revenue_18_01_01,2026,general,一般会計,revenue,18,繰越金,01,繰越金,01,繰越金,01,前年度繰越金,1,1,0,0,1,1,0,0,1,ok,derived
rs_2026_general_revenue_19_01_01_01,2026_general_revenue_19_01_01,2026,general,一般会計,revenue,19,諸収入,01,延滞金加算金及過料,01,延滞金,01,延滞金,103052,104027,975,0,104027,104027,0,0,2,ok,derived
rs_2026_general_revenue_19_02_01_01,2026_general_revenue_19_02_01,2026,general,一般会計,revenue,19,諸収入,02,特別区預金利子,01,特別区預金利子,01,特別区預金利子,17730,37626,19896,0,37626,37626,0,0,1,ok,derived
rs_2026_general_revenue_19_03_01_01,2026_general_revenue_19_03_01,2026,general,一般会計,revenue,19,諸収入,03,貸付金元利収入,01,奨学資金等収入,01,貸付金返還金,17485,14361,-3124,14361,0,0,14361,0,1,ok,derived
rs_2026_general_revenue_19_03_04_01,2026_general_revenue_19_03_04,2026,general,一般会計,revenue,19,諸収入,03,貸付金元利収入,04,区民生活事業資金収入,01,貸付金返還金,624,617,-7,0,617,617,0,0,1,ok,derived
rs_2026_general_revenue_19_03_04_02,2026_general_revenue_19_03_04,2026,general,一般会計,revenue,19,諸収入,03,貸付金元利収入,04,区民生活事業資金収入,02,貸付金利子,202,221,19,0,221,221,0,0,1,ok,derived
rs_2026_general_revenue_19_03_05_01,2026_general_revenue_19_03_05,2026,general,一般会計,revenue,19,諸収入,03,貸付金元利収入,05,母子福祉応急小口資金収入,01,貸付金返還金,663,547,-116,547,0,0,547,0,1,ok,derived
rs_2026_general_revenue_19_03_06_01,2026_general_revenue_19_03_06,2026,general,一般会計,revenue,19,諸収入,03,貸付金元利収入,06,女性福祉資金収入,01,貸付金返還金,10845,9920,-925,9920,0,0,9920,0,1,ok,derived
rs_2026_general_revenue_19_03_06_02,2026_general_revenue_19_03_06,2026,general,一般会計,revenue,19,諸収入,03,貸付金元利収入,06,女性福祉資金収入,02,貸付金利子,2,3,1,3,0,0,3,0,1,ok,derived
rs_2026_general_revenue_19_03_07_01,2026_general_revenue_19_03_07,2026,general,一般会計,revenue,19,諸収入,03,貸付金元利収入,07,応急小口資金収入,01,貸付金返還金,994,798,-196,798,0,0,798,0,1,ok,derived
rs_2026_general_revenue_19_03_09_01,2026_general_revenue_19_03_09,2026,general,一般会計,revenue,19,諸収入,03,貸付金元利収入,09,私立保育所増改築資金収入,01,貸付金返還金,45531,41931,-3600,41931,0,0,41931,0,1,ok,derived
rs_2026_general_revenue_19_03_09_02,2026_general_revenue_19_03_09,2026,general,一般会計,revenue,19,諸収入,03,貸付金元利収入,09,私立保育所増改築資金収入,02,貸付金利子,3976,3226,-750,3226,0,0,3226,0,1,ok,derived
rs_2026_general_revenue_19_03_12_01,2026_general_revenue_19_03_12,2026,general,一般会計,revenue,19,諸収入,03,貸付金元利収入,12,土地開発公社貸付金収入,01,貸付金返還金,2809890,1274832,-1535058,1274832,0,0,1274832,0,1,ok,derived
rs_2026_general_revenue_19_03_25_01,2026_general_revenue_19_03_25,2026,general,一般会計,revenue,19,諸収入,03,貸付金元利収入,25,災害援護貸付金,01,貸付金返還金,2772,2772,0,2772,0,0,2772,0,1,ok,derived
rs_2026_general_revenue_19_04_01_02,2026_general_revenue_19_04_01,2026,general,一般会計,revenue,19,諸収入,04,受託事業収入,01,民生費受託収入,02,保育所費,44399,50935,6536,50935,0,0,50935,0,1,ok,derived
rs_2026_general_revenue_19_04_01_06,2026_general_revenue_19_04_01,2026,general,一般会計,revenue,19,諸収入,04,受託事業収入,01,民生費受託収入,06,児童相談所費,464,450,-14,450,0,0,450,0,1,ok,derived
rs_2026_general_revenue_19_04_02_01,2026_general_revenue_19_04_02,2026,general,一般会計,revenue,19,諸収入,04,受託事業収入,02,産業経済費受託収入,01,農業者年金費,88,80,-8,80,0,0,80,0,1,ok,derived
rs_2026_general_revenue_19_04_03_01,2026_general_revenue_19_04_03,2026,general,一般会計,revenue,19,諸収入,04,受託事業収入,03,土木費受託収入,01,掘さく道路復旧費,529400,545700,16300,545700,0,0,545700,0,1,ok,derived
rs_2026_general_revenue_19_04_03_03,2026_general_revenue_19_04_03,2026,general,一般会計,revenue,19,諸収入,04,受託事業収入,03,土木費受託収入,03,下水道建設費,903578,427940,-475638,427940,0,0,427940,0,1,ok,derived
rs_2026_general_revenue_19_04_03_07,2026_general_revenue_19_04_03,2026,general,一般会計,revenue,19,諸収入,04,受託事業収入,03,土木費受託収入,07,連続立体化費,226532,160125,-66407,160125,0,0,160125,0,1,ok,derived
rs_2026_general_revenue_19_04_03_20,2026_general_revenue_19_04_03,2026,general,一般会計,revenue,19,諸収入,04,受託事業収入,03,土木費受託収入,20,主要生活道路事業執行費,0,36845,36845,36845,0,0,36845,0,1,ok,derived
rs_2026_general_revenue_19_04_04_04,2026_general_revenue_19_04_04,2026,general,一般会計,revenue,19,諸収入,04,受託事業収入,04,衛生費受託収入,04,感染症予防費,173352,284884,111532,284884,0,0,284884,0,5,ok,derived
rs_2026_general_revenue_19_05_01_01,2026_general_revenue_19_05_01,2026,general,一般会計,revenue,19,諸収入,05,収益事業収入,01,競馬組合分配金,01,競馬組合分配金,600000,600000,0,0,600000,600000,0,0,1,ok,derived
rs_2026_general_revenue_19_06_01_01,2026_general_revenue_19_06_01,2026,general,一般会計,revenue,19,諸収入,06,雑入,01,弁償金,01,軽自動車標識,54,46,-8,46,0,0,46,0,1,ok,derived
rs_2026_general_revenue_19_06_01_02,2026_general_revenue_19_06_01,2026,general,一般会計,revenue,19,諸収入,06,雑入,01,弁償金,02,生活保護,232455,198872,-33583,198872,0,0,198872,0,1,ok,derived
rs_2026_general_revenue_19_06_01_03,2026_general_revenue_19_06_01,2026,general,一般会計,revenue,19,諸収入,06,雑入,01,弁償金,03,許可番号標,4,4,0,4,0,0,4,0,1,ok,derived
rs_2026_general_revenue_19_06_01_05,2026_general_revenue_19_06_01,2026,general,一般会計,revenue,19,諸収入,06,雑入,01,弁償金,05,特定中国残留邦人等に係る支援給付,1,1,0,1,0,0,1,0,1,ok,derived
rs_2026_general_revenue_19_06_03_03,2026_general_revenue_19_06_03,2026,general,一般会計,revenue,19,諸収入,06,雑入,03,賄収入,03,障害者休養施設,9,7,-2,7,0,0,7,0,1,ok,derived
rs_2026_general_revenue_19_06_03_05,2026_general_revenue_19_06_03,2026,general,一般会計,revenue,19,諸収入,06,雑入,03,賄収入,05,学童クラブ,15,15,0,15,0,0,15,0,1,ok,derived
rs_2026_general_revenue_19_06_03_11,2026_general_revenue_19_06_03,2026,general,一般会計,revenue,19,諸収入,06,雑入,03,賄収入,11,保育園,107914,124060,16146,124060,0,0,124060,0,1,ok,derived
rs_2026_general_revenue_19_06_03_12,2026_general_revenue_19_06_03,2026,general,一般会計,revenue,19,諸収入,06,雑入,03,賄収入,12,認定こども園,2053,1838,-215,1838,0,0,1838,0,1,ok,derived
rs_2026_general_revenue_19_06_03_13,2026_general_revenue_19_06_03,2026,general,一般会計,revenue,19,諸収入,06,雑入,03,賄収入,13,一時保護所,2628,2628,0,2628,0,0,2628,0,1,ok,derived
rs_2026_general_revenue_19_06_03_14,2026_general_revenue_19_06_03,2026,general,一般会計,revenue,19,諸収入,06,雑入,03,賄収入,14,学校給食,0,526888,526888,526888,0,0,526888,0,1,ok,derived
rs_2026_general_revenue_19_06_03_15,2026_general_revenue_19_06_03,2026,general,一般会計,revenue,19,諸収入,06,雑入,03,賄収入,15,ほっとスクール,0,633,633,633,0,0,633,0,1,ok,derived
rs_2026_general_revenue_19_06_04_01,2026_general_revenue_19_06_04,2026,general,一般会計,revenue,19,諸収入,06,雑入,04,納付金,01,納付金,73152,49044,-24108,49044,0,0,49044,0,10,ok,derived
rs_2026_general_revenue_19_06_04_06,2026_general_revenue_19_06_04,2026,general,一般会計,revenue,19,諸収入,06,雑入,04,納付金,06,納付金（３）,1650338,1918343,268005,1918343,0,0,1918343,0,35,ok,derived
rs_2026_general_revenue_19_06_06_01,2026_general_revenue_19_06_06,2026,general,一般会計,revenue,19,諸収入,06,雑入,06,滞納処分費,01,滞納処分費,437,568,131,568,0,0,568,0,1,ok,derived
rs_2026_general_revenue_19_06_09_01,2026_general_revenue_19_06_09,2026,general,一般会計,revenue,19,諸収入,06,雑入,09,雑入,01,電話料,86,31,-55,0,31,31,0,0,8,ok,derived
rs_2026_general_revenue_19_06_09_02,2026_general_revenue_19_06_09,2026,general,一般会計,revenue,19,諸収入,06,雑入,09,雑入,02,施設入居者負担金,280,300,20,0,300,300,0,0,1,ok,derived
rs_2026_general_revenue_19_06_09_05,2026_general_revenue_19_06_09,2026,general,一般会計,revenue,19,諸収入,06,雑入,09,雑入,05,光熱水費等負担金,125403,130647,5244,130647,0,0,130647,0,48,ok,derived
rs_2026_general_revenue_19_06_09_06,2026_general_revenue_19_06_09,2026,general,一般会計,revenue,19,諸収入,06,雑入,09,雑入,06,住宅利用料,35776,33976,-1800,33976,0,0,33976,0,2,ok,derived
rs_2026_general_revenue_19_06_09_07,2026_general_revenue_19_06_09,2026,general,一般会計,revenue,19,諸収入,06,雑入,09,雑入,07,住宅共益費,37069,34550,-2519,34550,0,0,34550,0,3,ok,derived
rs_2026_general_revenue_19_06_09_08,2026_general_revenue_19_06_09,2026,general,一般会計,revenue,19,諸収入,06,雑入,09,雑入,08,参加料・利用料,65305,43158,-22147,43158,0,0,43158,0,27,ok,derived
rs_2026_general_revenue_19_06_09_09,2026_general_revenue_19_06_09,2026,general,一般会計,revenue,19,諸収入,06,雑入,09,雑入,09,自治体賠償,70,16787,16717,16687,100,100,16687,0,2,ok,derived
rs_2026_general_revenue_19_06_09_10,2026_general_revenue_19_06_09,2026,general,一般会計,revenue,19,諸収入,06,雑入,09,雑入,10,自転車等駐車場利用料金納付金,47442,28463,-18979,28463,0,0,28463,0,1,ok,derived
rs_2026_general_revenue_19_06_09_12,2026_general_revenue_19_06_09,2026,general,一般会計,revenue,19,諸収入,06,雑入,09,雑入,12,緊急・一時保育,4597,3,-4594,3,0,0,3,0,2,ok,derived
rs_2026_general_revenue_19_06_09_15,2026_general_revenue_19_06_09,2026,general,一般会計,revenue,19,諸収入,06,雑入,09,雑入,15,リサイクル資源売払金,2142,1897,-245,1897,0,0,1897,0,7,ok,derived
rs_2026_general_revenue_19_06_09_16,2026_general_revenue_19_06_09,2026,general,一般会計,revenue,19,諸収入,06,雑入,09,雑入,16,有償刊行物売払料,572,700,128,700,0,0,700,0,1,ok,derived
rs_2026_general_revenue_19_06_09_18,2026_general_revenue_19_06_09,2026,general,一般会計,revenue,19,諸収入,06,雑入,09,雑入,18,施設管理費負担金,25618,44947,19329,44947,0,0,44947,0,2,ok,derived
rs_2026_general_revenue_19_06_09_23,2026_general_revenue_19_06_09,2026,general,一般会計,revenue,19,諸収入,06,雑入,09,雑入,23,自動証明写真機管理協力金,540,270,-270,0,270,270,0,0,1,ok,derived
rs_2026_general_revenue_19_06_09_27,2026_general_revenue_19_06_09,2026,general,一般会計,revenue,19,諸収入,06,雑入,09,雑入,27,区市町村振興協会交付金,64131,61220,-2911,0,61220,61220,0,0,1,ok,derived
rs_2026_general_revenue_19_06_09_31,2026_general_revenue_19_06_09,2026,general,一般会計,revenue,19,諸収入,06,雑入,09,雑入,31,屋外広告物除却費,1,1,0,1,0,0,1,0,1,ok,derived
rs_2026_general_revenue_19_06_09_34,2026_general_revenue_19_06_09,2026,general,一般会計,revenue,19,諸収入,06,雑入,09,雑入,34,施設利用者負担金,10605,10605,0,10605,0,0,10605,0,1,ok,derived
rs_2026_general_revenue_19_06_09_36,2026_general_revenue_19_06_09,2026,general,一般会計,revenue,19,諸収入,06,雑入,09,雑入,36,電力売払収入,20382,18700,-1682,18700,0,0,18700,0,4,ok,derived
rs_2026_general_revenue_19_06_09_38,2026_general_revenue_19_06_09,2026,general,一般会計,revenue,19,諸収入,06,雑入,09,雑入,38,東京都道路整備保全公社助成金,2861,5000,2139,5000,0,0,5000,0,1,ok,derived
rs_2026_general_revenue_19_06_09_45,2026_general_revenue_19_06_09,2026,general,一般会計,revenue,19,諸収入,06,雑入,09,雑入,45,広告料収入,18741,17828,-913,17828,0,0,17828,0,14,ok,derived
rs_2026_general_revenue_19_06_09_48,2026_general_revenue_19_06_09,2026,general,一般会計,revenue,19,諸収入,06,雑入,09,雑入,48,広域連合支出金,10374,11012,638,11012,0,0,11012,0,3,ok,derived
rs_2026_general_revenue_19_06_09_50,2026_general_revenue_19_06_09,2026,general,一般会計,revenue,19,諸収入,06,雑入,09,雑入,50,雑入,38700,32587,-6113,32587,0,0,32587,0,11,ok,derived
rs_2026_general_revenue_19_06_09_51,2026_general_revenue_19_06_09,2026,general,一般会計,revenue,19,諸収入,06,雑入,09,雑入,51,雑入（２）,28206,29290,1084,28670,620,620,28670,0,14,ok,derived
rs_2026_general_revenue_19_06_09_52,2026_general_revenue_19_06_09,2026,general,一般会計,revenue,19,諸収入,06,雑入,09,雑入,52,返還金・戻入金（２）,1,1,0,1,0,0,1,0,1,ok,derived
rs_2026_general_revenue_19_06_09_53,2026_general_revenue_19_06_09,2026,general,一般会計,revenue,19,諸収入,06,雑入,09,雑入,53,都市計画道路事業補償金,0,15372,15372,0,15372,15372,0,0,1,ok,derived
rs_2026_general_revenue_19_06_09_54,2026_general_revenue_19_06_09,2026,general,一般会計,revenue,19,諸収入,06,雑入,09,雑入,54,光熱水費等負担金（２）,43573,44199,626,44199,0,0,44199,0,41,ok,derived
rs_2026_general_revenue_19_06_09_60,2026_general_revenue_19_06_09,2026,general,一般会計,revenue,19,諸収入,06,雑入,09,雑入,60,スポーツ振興くじ助成金,0,1108,1108,1108,0,0,1108,0,1,ok,derived
rs_2026_general_revenue_19_06_09_64,2026_general_revenue_19_06_09,2026,general,一般会計,revenue,19,諸収入,06,雑入,09,雑入,64,空家等対策,15062,1155,-13907,1155,0,0,1155,0,1,ok,derived
rs_2026_general_revenue_19_06_09_66,2026_general_revenue_19_06_09,2026,general,一般会計,revenue,19,諸収入,06,雑入,09,雑入,66,東京都環境公社補助金,54529,57336,2807,57336,0,0,57336,0,11,ok,derived
rs_2026_general_revenue_19_06_09_67,2026_general_revenue_19_06_09,2026,general,一般会計,revenue,19,諸収入,06,雑入,09,雑入,67,第三者求償事務,5320,9429,4109,9429,0,0,9429,0,1,ok,derived
rs_2026_general_revenue_19_06_09_69,2026_general_revenue_19_06_09,2026,general,一般会計,revenue,19,諸収入,06,雑入,09,雑入,69,定期利用保育事業,2356,0,-2356,0,0,0,0,0,1,ok_zero_amount,derived
rs_2026_general_revenue_19_06_09_70,2026_general_revenue_19_06_09,2026,general,一般会計,revenue,19,諸収入,06,雑入,09,雑入,70,生活環境保全事業,364,435,71,435,0,0,435,0,1,ok,derived
rs_2026_general_revenue_19_06_09_71,2026_general_revenue_19_06_09,2026,general,一般会計,revenue,19,諸収入,06,雑入,09,雑入,71,次世代自動車振興センター補助金,0,23,23,23,0,0,23,0,1,ok,derived
rs_2026_general_revenue_19_06_09_73,2026_general_revenue_19_06_09,2026,general,一般会計,revenue,19,諸収入,06,雑入,09,雑入,73,特別区全国連携プロジェクト関連事業助成金,0,2000,2000,2000,0,0,2000,0,1,ok,derived
rs_2026_general_revenue_19_06_09_76,2026_general_revenue_19_06_09,2026,general,一般会計,revenue,19,諸収入,06,雑入,09,雑入,76,大蔵第二運動場利用料金納付金,221854,127039,-94815,127039,0,0,127039,0,2,ok,derived
rs_2026_general_revenue_19_06_09_77,2026_general_revenue_19_06_09,2026,general,一般会計,revenue,19,諸収入,06,雑入,09,雑入,77,自治総合センター補助金,3100,3600,500,3600,0,0,3600,0,2,ok,derived
rs_2026_general_revenue_19_06_09_82,2026_general_revenue_19_06_09,2026,general,一般会計,revenue,19,諸収入,06,雑入,09,雑入,82,返還金・戻入金（３）,105057,0,-105057,0,0,0,0,0,2,ok_zero_amount,derived
rs_2026_general_revenue_19_06_09_83,2026_general_revenue_19_06_09,2026,general,一般会計,revenue,19,諸収入,06,雑入,09,雑入,83,雑入（３）,124632,126323,1691,126323,0,0,126323,0,8,ok,derived
rs_2026_general_revenue_19_06_09_85,2026_general_revenue_19_06_09,2026,general,一般会計,revenue,19,諸収入,06,雑入,09,雑入,85,保育園給食費,91985,0,-91985,0,0,0,0,0,1,ok_zero_amount,derived
rs_2026_general_revenue_19_06_09_90,2026_general_revenue_19_06_09,2026,general,一般会計,revenue,19,諸収入,06,雑入,09,雑入,90,地方公共団体情報システム機構手数料,13658,11796,-1862,11796,0,0,11796,0,1,ok,derived
rs_2026_general_revenue_19_06_09_97,2026_general_revenue_19_06_09,2026,general,一般会計,revenue,19,諸収入,06,雑入,09,雑入,97,参加料・利用料（２）,9255,10223,968,10223,0,0,10223,0,9,ok,derived
rs_2026_general_revenue_19_06_09_98,2026_general_revenue_19_06_09,2026,general,一般会計,revenue,19,諸収入,06,雑入,09,雑入,98,デジタル基盤改革支援補助金,200308,227403,27095,227403,0,0,227403,0,2,ok,derived
rs_2026_general_revenue_19_06_10_01,2026_general_revenue_19_06_10,2026,general,一般会計,revenue,19,諸収入,06,雑入,10,自立支援給付サービス収入,01,利用者負担金,4891,4770,-121,4770,0,0,4770,0,3,ok,derived
rs_2026_general_revenue_19_06_10_02,2026_general_revenue_19_06_10,2026,general,一般会計,revenue,19,諸収入,06,雑入,10,自立支援給付サービス収入,02,自立支援サービス収入,146059,141357,-4702,141357,0,0,141357,0,3,ok,derived
rs_2026_general_revenue_19_06_11_01,2026_general_revenue_19_06_11,2026,general,一般会計,revenue,19,諸収入,06,雑入,11,自立支援給付サービス収入（２）,01,利用者負担金,35061,34183,-878,34183,0,0,34183,0,6,ok,derived
rs_2026_general_revenue_19_06_11_02,2026_general_revenue_19_06_11,2026,general,一般会計,revenue,19,諸収入,06,雑入,11,自立支援給付サービス収入（２）,02,自立支援サービス収入,1668391,1673680,5289,1673680,0,0,1673680,0,4,ok,derived
rs_2026_general_revenue_19_06_12_01,2026_general_revenue_19_06_12,2026,general,一般会計,revenue,19,諸収入,06,雑入,12,雑入（２）,01,電気自動車公共用急速充電器利用料金納付金,213,256,43,256,0,0,256,0,1,ok,derived
rs_2026_general_revenue_19_06_12_05,2026_general_revenue_19_06_12,2026,general,一般会計,revenue,19,諸収入,06,雑入,12,雑入（２）,05,光熱水費等負担金（３）,292,845,553,845,0,0,845,0,9,ok,derived
rs_2026_general_revenue_19_06_12_08,2026_general_revenue_19_06_12,2026,general,一般会計,revenue,19,諸収入,06,雑入,12,雑入（２）,08,返還金・戻入金（４）,9900,9900,0,9900,0,0,9900,0,1,ok,derived
rs_2026_general_revenue_19_06_12_09,2026_general_revenue_19_06_12,2026,general,一般会計,revenue,19,諸収入,06,雑入,12,雑入（２）,09,居住支援協議会等活動支援事業補助金,0,816,816,816,0,0,816,0,1,ok,derived
rs_2026_general_revenue_19_06_12_10,2026_general_revenue_19_06_12,2026,general,一般会計,revenue,19,諸収入,06,雑入,12,雑入（２）,10,ＡＩの活用による英語教育強化事業費,0,15000,15000,15000,0,0,15000,0,2,ok,derived
rs_2026_general_revenue_20_01_01_17,2026_general_revenue_20_01_01,2026,general,一般会計,revenue,20,特別区債,01,特別区債,01,総務債,17,本庁舎等整備費,870000,1471000,601000,1471000,0,0,1471000,0,1,ok,derived
rs_2026_general_revenue_20_01_03_04,2026_general_revenue_20_01_03,2026,general,一般会計,revenue,20,特別区債,01,特別区債,03,土木債,04,公園用地費,1000000,1000000,0,1000000,0,0,1000000,0,1,ok,derived
rs_2026_general_revenue_20_01_03_07,2026_general_revenue_20_01_03,2026,general,一般会計,revenue,20,特別区債,01,特別区債,03,土木債,07,連続立体化費,550000,500000,-50000,500000,0,0,500000,0,1,ok,derived
rs_2026_general_revenue_20_01_04_01,2026_general_revenue_20_01_04,2026,general,一般会計,revenue,20,特別区債,01,特別区債,04,教育債,01,学校建設費,1000000,2083000,1083000,2083000,0,0,2083000,0,3,ok,derived
rs_2026_general_revenue_21_01_01_01,2026_general_revenue_21_01_01,2026,general,一般会計,revenue,21,環境性能割交付金,01,環境性能割交付金,01,環境性能割交付金,01,環境性能割交付金,545000,0,-545000,0,0,0,0,0,1,ok_zero_amount,derived
rs_2026_latter_stage_elderly_healthcare_revenue_61_01_01_01,2026_latter_stage_elderly_healthcare_revenue_61_01_01,2026,latter_stage_elderly_healthcare,後期高齢者医療会計,revenue,61,後期高齢者医療保険料,01,後期高齢者医療保険料,01,後期高齢者医療保険料,01,現年度分特別徴収分,5107535,5673239,565704,5673239,0,0,0,5673239,1,ok,derived
rs_2026_latter_stage_elderly_healthcare_revenue_61_01_01_02,2026_latter_stage_elderly_healthcare_revenue_61_01_01,2026,latter_stage_elderly_healthcare,後期高齢者医療会計,revenue,61,後期高齢者医療保険料,01,後期高齢者医療保険料,01,後期高齢者医療保険料,02,現年度分普通徴収分,10576734,12201837,1625103,12201837,0,0,0,12201837,1,ok,derived
rs_2026_latter_stage_elderly_healthcare_revenue_61_01_01_03,2026_latter_stage_elderly_healthcare_revenue_61_01_01,2026,latter_stage_elderly_healthcare,後期高齢者医療会計,revenue,61,後期高齢者医療保険料,01,後期高齢者医療保険料,01,後期高齢者医療保険料,03,滞納繰越分普通徴収分,223956,194613,-29343,194613,0,0,0,194613,1,ok,derived
rs_2026_latter_stage_elderly_healthcare_revenue_62_01_01_01,2026_latter_stage_elderly_healthcare_revenue_62_01_01,2026,latter_stage_elderly_healthcare,後期高齢者医療会計,revenue,62,使用料及手数料,01,手数料,01,総務手数料,01,総務手数料,30,30,0,30,0,0,0,30,1,ok,derived
rs_2026_latter_stage_elderly_healthcare_revenue_63_01_01_01,2026_latter_stage_elderly_healthcare_revenue_63_01_01,2026,latter_stage_elderly_healthcare,後期高齢者医療会計,revenue,63,繰入金,01,一般会計繰入金,01,一般会計繰入金,01,職員給与費等繰入金,869156,907869,38713,907869,0,0,0,907869,5,ok,derived
rs_2026_latter_stage_elderly_healthcare_revenue_63_01_01_02,2026_latter_stage_elderly_healthcare_revenue_63_01_01,2026,latter_stage_elderly_healthcare,後期高齢者医療会計,revenue,63,繰入金,01,一般会計繰入金,01,一般会計繰入金,02,療養給付費繰入金,6735622,7064085,328463,7064085,0,0,0,7064085,1,ok,derived
rs_2026_latter_stage_elderly_healthcare_revenue_63_01_01_03,2026_latter_stage_elderly_healthcare_revenue_63_01_01,2026,latter_stage_elderly_healthcare,後期高齢者医療会計,revenue,63,繰入金,01,一般会計繰入金,01,一般会計繰入金,03,保険基盤安定繰入金,1474772,1722772,248000,1722772,0,0,0,1722772,1,ok,derived
rs_2026_latter_stage_elderly_healthcare_revenue_63_01_01_04,2026_latter_stage_elderly_healthcare_revenue_63_01_01,2026,latter_stage_elderly_healthcare,後期高齢者医療会計,revenue,63,繰入金,01,一般会計繰入金,01,一般会計繰入金,04,保険料軽減措置繰入金,527427,527000,-427,527000,0,0,0,527000,1,ok,derived
rs_2026_latter_stage_elderly_healthcare_revenue_63_01_01_05,2026_latter_stage_elderly_healthcare_revenue_63_01_01,2026,latter_stage_elderly_healthcare,後期高齢者医療会計,revenue,63,繰入金,01,一般会計繰入金,01,一般会計繰入金,05,健康診査費繰入金,295779,307271,11492,307271,0,0,0,307271,1,ok,derived
rs_2026_latter_stage_elderly_healthcare_revenue_63_01_01_06,2026_latter_stage_elderly_healthcare_revenue_63_01_01,2026,latter_stage_elderly_healthcare,後期高齢者医療会計,revenue,63,繰入金,01,一般会計繰入金,01,一般会計繰入金,06,葬祭費繰入金,121800,119720,-2080,119720,0,0,0,119720,1,ok,derived
rs_2026_latter_stage_elderly_healthcare_revenue_63_01_01_07,2026_latter_stage_elderly_healthcare_revenue_63_01_01,2026,latter_stage_elderly_healthcare,後期高齢者医療会計,revenue,63,繰入金,01,一般会計繰入金,01,一般会計繰入金,07,その他一般会計繰入金,30000,30000,0,30000,0,0,0,30000,1,ok,derived
rs_2026_latter_stage_elderly_healthcare_revenue_64_01_01_01,2026_latter_stage_elderly_healthcare_revenue_64_01_01,2026,latter_stage_elderly_healthcare,後期高齢者医療会計,revenue,64,繰越金,01,繰越金,01,繰越金,01,繰越金,1,1,0,1,0,0,0,1,1,ok,derived
rs_2026_latter_stage_elderly_healthcare_revenue_64_01_01_02,2026_latter_stage_elderly_healthcare_revenue_64_01_01,2026,latter_stage_elderly_healthcare,後期高齢者医療会計,revenue,64,繰越金,01,繰越金,01,繰越金,02,その他繰越金,0,0,0,0,0,0,0,0,3,ok_zero_amount,derived
rs_2026_latter_stage_elderly_healthcare_revenue_65_01_01_01,2026_latter_stage_elderly_healthcare_revenue_65_01_01,2026,latter_stage_elderly_healthcare,後期高齢者医療会計,revenue,65,諸収入,01,延滞金加算金及過料,01,延滞金,01,延滞金,5000,5000,0,5000,0,0,0,5000,1,ok,derived
rs_2026_latter_stage_elderly_healthcare_revenue_65_02_03_01,2026_latter_stage_elderly_healthcare_revenue_65_02_03,2026,latter_stage_elderly_healthcare,後期高齢者医療会計,revenue,65,諸収入,02,償還金及還付加算金,03,保険料還付金及還付加算金,01,保険料還付金及還付加算金,35400,35400,0,35400,0,0,0,35400,3,ok,derived
rs_2026_latter_stage_elderly_healthcare_revenue_65_03_01_01,2026_latter_stage_elderly_healthcare_revenue_65_03_01,2026,latter_stage_elderly_healthcare,後期高齢者医療会計,revenue,65,諸収入,03,特別区預金利子,01,特別区預金利子,01,特別区預金利子,1,1,0,1,0,0,0,1,1,ok,derived
rs_2026_latter_stage_elderly_healthcare_revenue_65_04_01_01,2026_latter_stage_elderly_healthcare_revenue_65_04_01,2026,latter_stage_elderly_healthcare,後期高齢者医療会計,revenue,65,諸収入,04,受託事業収入,01,受託事業収入,01,健康診査費受託事業収入,310028,306333,-3695,306333,0,0,0,306333,1,ok,derived
rs_2026_latter_stage_elderly_healthcare_revenue_65_04_01_02,2026_latter_stage_elderly_healthcare_revenue_65_04_01,2026,latter_stage_elderly_healthcare,後期高齢者医療会計,revenue,65,諸収入,04,受託事業収入,01,受託事業収入,02,葬祭費受託事業収入,304500,299300,-5200,299300,0,0,0,299300,1,ok,derived
rs_2026_latter_stage_elderly_healthcare_revenue_65_04_01_03,2026_latter_stage_elderly_healthcare_revenue_65_04_01,2026,latter_stage_elderly_healthcare,後期高齢者医療会計,revenue,65,諸収入,04,受託事業収入,01,受託事業収入,03,保健事業費受託事業収入,4642,4642,0,4642,0,0,0,4642,1,ok,derived
rs_2026_latter_stage_elderly_healthcare_revenue_65_05_01_01,2026_latter_stage_elderly_healthcare_revenue_65_05_01,2026,latter_stage_elderly_healthcare,後期高齢者医療会計,revenue,65,諸収入,05,雑入,01,雑入,01,雑入,1,1,0,1,0,0,0,1,1,ok,derived
rs_2026_latter_stage_elderly_healthcare_revenue_65_05_01_03,2026_latter_stage_elderly_healthcare_revenue_65_05_01,2026,latter_stage_elderly_healthcare,後期高齢者医療会計,revenue,65,諸収入,05,雑入,01,雑入,03,広域連合特別交付金,14457,15681,1224,15681,0,0,0,15681,1,ok,derived
rs_2026_latter_stage_elderly_healthcare_revenue_65_05_03_03,2026_latter_stage_elderly_healthcare_revenue_65_05_03,2026,latter_stage_elderly_healthcare,後期高齢者医療会計,revenue,65,諸収入,05,雑入,03,広域連合負担金返還金,03,未収金補填分負担金返還金,1,1,0,1,0,0,0,1,1,ok,derived
rs_2026_long_term_care_insurance_revenue_41_01_01_01,2026_long_term_care_insurance_revenue_41_01_01,2026,long_term_care_insurance,介護保険事業会計,revenue,41,保険料,01,介護保険料,01,第１号被保険者保険料,01,現年度分特別徴収分,14323670,14057187,-266483,14057187,0,0,0,14057187,31,ok,derived
rs_2026_long_term_care_insurance_revenue_41_01_01_02,2026_long_term_care_insurance_revenue_41_01_01,2026,long_term_care_insurance,介護保険事業会計,revenue,41,保険料,01,介護保険料,01,第１号被保険者保険料,02,現年度分普通徴収分,2004252,2470958,466706,2470958,0,0,0,2470958,1,ok,derived
rs_2026_long_term_care_insurance_revenue_41_01_01_03,2026_long_term_care_insurance_revenue_41_01_01,2026,long_term_care_insurance,介護保険事業会計,revenue,41,保険料,01,介護保険料,01,第１号被保険者保険料,03,滞納繰越分普通徴収分,70411,69249,-1162,69249,0,0,0,69249,4,ok,derived
rs_2026_long_term_care_insurance_revenue_42_01_01_01,2026_long_term_care_insurance_revenue_42_01_01,2026,long_term_care_insurance,介護保険事業会計,revenue,42,使用料及手数料,01,手数料,01,総務手数料,01,総務手数料,1,1,0,1,0,0,0,1,1,ok,derived
rs_2026_long_term_care_insurance_revenue_43_01_01_01,2026_long_term_care_insurance_revenue_43_01_01,2026,long_term_care_insurance,介護保険事業会計,revenue,43,国庫支出金,01,国庫負担金,01,介護給付費負担金,01,現年度分,12774188,13000447,226259,13000447,0,0,0,13000447,18,ok,derived
rs_2026_long_term_care_insurance_revenue_43_02_01_01,2026_long_term_care_insurance_revenue_43_02_01,2026,long_term_care_insurance,介護保険事業会計,revenue,43,国庫支出金,02,国庫補助金,01,調整交付金,01,現年度分,1166174,895698,-270476,895698,0,0,0,895698,23,ok,derived
rs_2026_long_term_care_insurance_revenue_43_02_05_01,2026_long_term_care_insurance_revenue_43_02_05,2026,long_term_care_insurance,介護保険事業会計,revenue,43,国庫支出金,02,国庫補助金,05,地域支援事業交付金（包括的支援事業・任意事業）,01,現年度分,182299,177937,-4362,177937,0,0,0,177937,10,ok,derived
rs_2026_long_term_care_insurance_revenue_43_02_10_01,2026_long_term_care_insurance_revenue_43_02_10,2026,long_term_care_insurance,介護保険事業会計,revenue,43,国庫支出金,02,国庫補助金,10,介護保険災害臨時特例補助金,01,介護保険災害臨時特例補助金,59,47,-12,47,0,0,0,47,2,ok,derived
rs_2026_long_term_care_insurance_revenue_43_02_14_01,2026_long_term_care_insurance_revenue_43_02_14,2026,long_term_care_insurance,介護保険事業会計,revenue,43,国庫支出金,02,国庫補助金,14,地域支援事業交付金（介護予防・日常生活支援総合事業）,01,現年度分,347220,353805,6585,353805,0,0,0,353805,4,ok,derived
rs_2026_long_term_care_insurance_revenue_43_02_16_01,2026_long_term_care_insurance_revenue_43_02_16,2026,long_term_care_insurance,介護保険事業会計,revenue,43,国庫支出金,02,国庫補助金,16,保険者機能強化推進交付金,01,保険者機能強化推進交付金,48837,43954,-4883,43954,0,0,0,43954,1,ok,derived
rs_2026_long_term_care_insurance_revenue_43_02_17_01,2026_long_term_care_insurance_revenue_43_02_17,2026,long_term_care_insurance,介護保険事業会計,revenue,43,国庫支出金,02,国庫補助金,17,介護保険保険者努力支援交付金,01,介護保険保険者努力支援交付金,96735,94767,-1968,94767,0,0,0,94767,4,ok,derived
rs_2026_long_term_care_insurance_revenue_44_01_01_01,2026_long_term_care_insurance_revenue_44_01_01,2026,long_term_care_insurance,介護保険事業会計,revenue,44,支払基金交付金,01,支払基金交付金,01,介護給付費交付金,01,現年度分,18963489,19340931,377442,19340931,0,0,0,19340931,18,ok,derived
rs_2026_long_term_care_insurance_revenue_44_01_03_01,2026_long_term_care_insurance_revenue_44_01_03,2026,long_term_care_insurance,介護保険事業会計,revenue,44,支払基金交付金,01,支払基金交付金,03,地域支援事業支援交付金（介護予防・日常生活支援総合事業）,01,現年度分,483443,493473,10030,493473,0,0,0,493473,5,ok,derived
rs_2026_long_term_care_insurance_revenue_45_01_01_01,2026_long_term_care_insurance_revenue_45_01_01,2026,long_term_care_insurance,介護保険事業会計,revenue,45,都支出金,01,都負担金,01,介護給付費負担金,01,現年度分,10052233,10280302,228069,10280302,0,0,0,10280302,18,ok,derived
rs_2026_long_term_care_insurance_revenue_45_03_02_01,2026_long_term_care_insurance_revenue_45_03_02,2026,long_term_care_insurance,介護保険事業会計,revenue,45,都支出金,03,都補助金,02,地域支援事業交付金（包括的支援事業・任意事業）,01,現年度分,91149,88968,-2181,88968,0,0,0,88968,10,ok,derived
rs_2026_long_term_care_insurance_revenue_45_03_08_01,2026_long_term_care_insurance_revenue_45_03_08,2026,long_term_care_insurance,介護保険事業会計,revenue,45,都支出金,03,都補助金,08,地域支援事業交付金（介護予防・日常生活支援総合事業）,01,現年度分,217013,221128,4115,221128,0,0,0,221128,4,ok,derived
rs_2026_long_term_care_insurance_revenue_46_01_02_01,2026_long_term_care_insurance_revenue_46_01_02,2026,long_term_care_insurance,介護保険事業会計,revenue,46,財産収入,01,財産運用収入,02,利子及配当金,01,基金利子,34640,65792,31152,65792,0,0,0,65792,1,ok,derived
rs_2026_long_term_care_insurance_revenue_48_01_01_01,2026_long_term_care_insurance_revenue_48_01_01,2026,long_term_care_insurance,介護保険事業会計,revenue,48,繰入金,01,一般会計繰入金,01,介護給付費繰入金,01,現年度分,8809393,8984135,174742,8984135,0,0,0,8984135,19,ok,derived
rs_2026_long_term_care_insurance_revenue_48_01_02_01,2026_long_term_care_insurance_revenue_48_01_02,2026,long_term_care_insurance,介護保険事業会計,revenue,48,繰入金,01,一般会計繰入金,02,その他一般会計繰入金,01,職員給与費等繰入金,616836,651864,35028,651864,0,0,0,651864,1,ok,derived
rs_2026_long_term_care_insurance_revenue_48_01_02_02,2026_long_term_care_insurance_revenue_48_01_02,2026,long_term_care_insurance,介護保険事業会計,revenue,48,繰入金,01,一般会計繰入金,02,その他一般会計繰入金,02,事務費繰入金,873621,1116196,242575,1116196,0,0,0,1116196,4,ok,derived
rs_2026_long_term_care_insurance_revenue_48_01_02_03,2026_long_term_care_insurance_revenue_48_01_02,2026,long_term_care_insurance,介護保険事業会計,revenue,48,繰入金,01,一般会計繰入金,02,その他一般会計繰入金,03,保険料還付等繰入金,30,20,-10,20,0,0,0,20,1,ok,derived
rs_2026_long_term_care_insurance_revenue_48_01_04_01,2026_long_term_care_insurance_revenue_48_01_04,2026,long_term_care_insurance,介護保険事業会計,revenue,48,繰入金,01,一般会計繰入金,04,地域支援事業繰入金（包括的支援・任意事業）,01,現年度分,91149,88968,-2181,88968,0,0,0,88968,10,ok,derived
rs_2026_long_term_care_insurance_revenue_48_01_05_01,2026_long_term_care_insurance_revenue_48_01_05,2026,long_term_care_insurance,介護保険事業会計,revenue,48,繰入金,01,一般会計繰入金,05,地域支援事業繰入金（介護予防・日常生活支援総合事業）,01,現年度分,217013,221128,4115,221128,0,0,0,221128,4,ok,derived
rs_2026_long_term_care_insurance_revenue_48_01_06_01,2026_long_term_care_insurance_revenue_48_01_06,2026,long_term_care_insurance,介護保険事業会計,revenue,48,繰入金,01,一般会計繰入金,06,低所得者保険料軽減繰入金,01,現年度分,555088,532902,-22186,532902,0,0,0,532902,1,ok,derived
rs_2026_long_term_care_insurance_revenue_48_02_01_01,2026_long_term_care_insurance_revenue_48_02_01,2026,long_term_care_insurance,介護保険事業会計,revenue,48,繰入金,02,基金繰入金,01,介護給付費準備基金繰入金,01,介護給付費準備基金繰入金,2369832,2776668,406836,2776668,0,0,0,2776668,1,ok,derived
rs_2026_long_term_care_insurance_revenue_49_01_01_01,2026_long_term_care_insurance_revenue_49_01_01,2026,long_term_care_insurance,介護保険事業会計,revenue,49,繰越金,01,繰越金,01,繰越金,01,繰越金,2,2,0,2,0,0,0,2,4,ok,derived
rs_2026_long_term_care_insurance_revenue_50_01_01_01,2026_long_term_care_insurance_revenue_50_01_01,2026,long_term_care_insurance,介護保険事業会計,revenue,50,諸収入,01,延滞金加算金及過料,01,第１号被保険者延滞金,01,第１号被保険者延滞金,1283,732,-551,732,0,0,0,732,1,ok,derived
rs_2026_long_term_care_insurance_revenue_50_01_03_01,2026_long_term_care_insurance_revenue_50_01_03,2026,long_term_care_insurance,介護保険事業会計,revenue,50,諸収入,01,延滞金加算金及過料,03,加算金,01,加算金,2,2,0,2,0,0,0,2,2,ok,derived
rs_2026_long_term_care_insurance_revenue_50_02_01_01,2026_long_term_care_insurance_revenue_50_02_01,2026,long_term_care_insurance,介護保険事業会計,revenue,50,諸収入,02,特別区預金利子,01,特別区預金利子,01,特別区預金利子,1,1,0,1,0,0,0,1,1,ok,derived
rs_2026_long_term_care_insurance_revenue_50_04_02_01,2026_long_term_care_insurance_revenue_50_04_02,2026,long_term_care_insurance,介護保険事業会計,revenue,50,諸収入,04,雑入,02,第三者納付金,01,第三者納付金,2,2,0,2,0,0,0,2,2,ok,derived
rs_2026_long_term_care_insurance_revenue_50_04_03_01,2026_long_term_care_insurance_revenue_50_04_03,2026,long_term_care_insurance,介護保険事業会計,revenue,50,諸収入,04,雑入,03,返納金,01,返納金,2,2,0,2,0,0,0,2,2,ok,derived
rs_2026_long_term_care_insurance_revenue_50_04_04_01,2026_long_term_care_insurance_revenue_50_04_04,2026,long_term_care_insurance,介護保険事業会計,revenue,50,諸収入,04,雑入,04,雑入,01,雑入,0,1,1,1,0,0,0,1,1,ok,derived
rs_2026_long_term_care_insurance_revenue_50_04_05_01,2026_long_term_care_insurance_revenue_50_04_05,2026,long_term_care_insurance,介護保険事業会計,revenue,50,諸収入,04,雑入,05,納付金,01,納付金,26660,31686,5026,31686,0,0,0,31686,2,ok,derived
rs_2026_national_health_insurance_revenue_21_01_01_01,2026_national_health_insurance_revenue_21_01_01,2026,national_health_insurance,国民健康保険事業会計,revenue,21,国民健康保険料,01,国民健康保険料,01,国民健康保険料,01,医療給付費分現年分,16071782,16279323,207541,16279323,0,0,0,16279323,7,ok,derived
rs_2026_national_health_insurance_revenue_21_01_01_02,2026_national_health_insurance_revenue_21_01_01,2026,national_health_insurance,国民健康保険事業会計,revenue,21,国民健康保険料,01,国民健康保険料,01,国民健康保険料,02,医療給付費分滞納繰越分,832366,744620,-87746,744620,0,0,0,744620,1,ok,derived
rs_2026_national_health_insurance_revenue_21_01_01_03,2026_national_health_insurance_revenue_21_01_01,2026,national_health_insurance,国民健康保険事業会計,revenue,21,国民健康保険料,01,国民健康保険料,01,国民健康保険料,03,介護納付金分現年分,2277819,2349544,71725,2349544,0,0,0,2349544,2,ok,derived
rs_2026_national_health_insurance_revenue_21_01_01_04,2026_national_health_insurance_revenue_21_01_01,2026,national_health_insurance,国民健康保険事業会計,revenue,21,国民健康保険料,01,国民健康保険料,01,国民健康保険料,04,介護納付金分滞納繰越分,144386,105317,-39069,105317,0,0,0,105317,1,ok,derived
rs_2026_national_health_insurance_revenue_21_01_01_05,2026_national_health_insurance_revenue_21_01_01,2026,national_health_insurance,国民健康保険事業会計,revenue,21,国民健康保険料,01,国民健康保険料,01,国民健康保険料,05,後期高齢者支援金分現年分,5631018,5902275,271257,5902275,0,0,0,5902275,2,ok,derived
rs_2026_national_health_insurance_revenue_21_01_01_06,2026_national_health_insurance_revenue_21_01_01,2026,national_health_insurance,国民健康保険事業会計,revenue,21,国民健康保険料,01,国民健康保険料,01,国民健康保険料,06,後期高齢者支援金分滞納繰越分,278006,269841,-8165,269841,0,0,0,269841,1,ok,derived
rs_2026_national_health_insurance_revenue_21_01_01_07,2026_national_health_insurance_revenue_21_01_01,2026,national_health_insurance,国民健康保険事業会計,revenue,21,国民健康保険料,01,国民健康保険料,01,国民健康保険料,07,医療給付費分現年分特別徴収分,538760,473404,-65356,473404,0,0,0,473404,1,ok,derived
rs_2026_national_health_insurance_revenue_21_01_01_08,2026_national_health_insurance_revenue_21_01_01,2026,national_health_insurance,国民健康保険事業会計,revenue,21,国民健康保険料,01,国民健康保険料,01,国民健康保険料,08,介護納付金分現年分特別徴収分,1,1,0,1,0,0,0,1,1,ok,derived
rs_2026_national_health_insurance_revenue_21_01_01_09,2026_national_health_insurance_revenue_21_01_01,2026,national_health_insurance,国民健康保険事業会計,revenue,21,国民健康保険料,01,国民健康保険料,01,国民健康保険料,09,後期高齢者支援金分現年分特別徴収分,190511,169839,-20672,169839,0,0,0,169839,1,ok,derived
rs_2026_national_health_insurance_revenue_21_01_01_10,2026_national_health_insurance_revenue_21_01_01,2026,national_health_insurance,国民健康保険事業会計,revenue,21,国民健康保険料,01,国民健康保険料,01,国民健康保険料,10,子ども・子育て支援金分現年分,0,520842,520842,520842,0,0,0,520842,2,ok,derived
rs_2026_national_health_insurance_revenue_21_01_01_11,2026_national_health_insurance_revenue_21_01_01,2026,national_health_insurance,国民健康保険事業会計,revenue,21,国民健康保険料,01,国民健康保険料,01,国民健康保険料,11,子ども・子育て支援金分滞納繰越分,0,0,0,0,0,0,0,0,1,ok_zero_amount,derived
rs_2026_national_health_insurance_revenue_21_01_01_12,2026_national_health_insurance_revenue_21_01_01,2026,national_health_insurance,国民健康保険事業会計,revenue,21,国民健康保険料,01,国民健康保険料,01,国民健康保険料,12,子ども・子育て支援金分現年分特別徴収分,0,14987,14987,14987,0,0,0,14987,1,ok,derived
rs_2026_national_health_insurance_revenue_22_01_01_01,2026_national_health_insurance_revenue_22_01_01,2026,national_health_insurance,国民健康保険事業会計,revenue,22,一部負担金,01,一部負担金,01,一部負担金,01,現年分,1,1,0,1,0,0,0,1,1,ok,derived
rs_2026_national_health_insurance_revenue_22_01_01_02,2026_national_health_insurance_revenue_22_01_01,2026,national_health_insurance,国民健康保険事業会計,revenue,22,一部負担金,01,一部負担金,01,一部負担金,02,滞納繰越分,1,1,0,1,0,0,0,1,1,ok,derived
rs_2026_national_health_insurance_revenue_23_01_01_01,2026_national_health_insurance_revenue_23_01_01,2026,national_health_insurance,国民健康保険事業会計,revenue,23,使用料及手数料,01,手数料,01,総務手数料,01,総務手数料,127,140,13,140,0,0,0,140,1,ok,derived
rs_2026_national_health_insurance_revenue_24_02_12_01,2026_national_health_insurance_revenue_24_02_12,2026,national_health_insurance,国民健康保険事業会計,revenue,24,国庫支出金,02,国庫補助金,12,子ども・子育て支援事業費補助金,01,子ども・子育て支援事業費補助金,121017,0,-121017,0,0,0,0,0,1,ok_zero_amount,derived
rs_2026_national_health_insurance_revenue_26_02_03_01,2026_national_health_insurance_revenue_26_02_03,2026,national_health_insurance,国民健康保険事業会計,revenue,26,都支出金,02,都補助金,03,保険給付費等交付金,01,普通交付金,47909372,48438583,529211,48438583,0,0,0,48438583,7,ok,derived
rs_2026_national_health_insurance_revenue_26_02_03_02,2026_national_health_insurance_revenue_26_02_03,2026,national_health_insurance,国民健康保険事業会計,revenue,26,都支出金,02,都補助金,03,保険給付費等交付金,02,特別交付金,541764,523315,-18449,523315,0,0,0,523315,12,ok,derived
rs_2026_national_health_insurance_revenue_27_01_01_01,2026_national_health_insurance_revenue_27_01_01,2026,national_health_insurance,国民健康保険事業会計,revenue,27,繰入金,01,一般会計繰入金,01,一般会計繰入金,01,その他一般会計繰入金,1594977,2060160,465183,2060160,0,0,0,2060160,7,ok,derived
rs_2026_national_health_insurance_revenue_27_01_01_03,2026_national_health_insurance_revenue_27_01_01,2026,national_health_insurance,国民健康保険事業会計,revenue,27,繰入金,01,一般会計繰入金,01,一般会計繰入金,03,出産育児一時金等繰入金,152666,0,-152666,0,0,0,0,0,1,ok_zero_amount,derived
rs_2026_national_health_insurance_revenue_27_01_01_04,2026_national_health_insurance_revenue_27_01_01,2026,national_health_insurance,国民健康保険事業会計,revenue,27,繰入金,01,一般会計繰入金,01,一般会計繰入金,04,職員給与費等繰入金,1623947,1935882,311935,1935882,0,0,0,1935882,7,ok,derived
rs_2026_national_health_insurance_revenue_27_01_01_05,2026_national_health_insurance_revenue_27_01_01,2026,national_health_insurance,国民健康保険事業会計,revenue,27,繰入金,01,一般会計繰入金,01,一般会計繰入金,05,保険基盤安定繰入金（保険料軽減分）,2552969,2587224,34255,2587224,0,0,0,2587224,4,ok,derived
rs_2026_national_health_insurance_revenue_27_01_01_06,2026_national_health_insurance_revenue_27_01_01,2026,national_health_insurance,国民健康保険事業会計,revenue,27,繰入金,01,一般会計繰入金,01,一般会計繰入金,06,保険基盤安定繰入金（保険者支援分）,1603224,1639592,36368,1639592,0,0,0,1639592,4,ok,derived
rs_2026_national_health_insurance_revenue_27_01_01_08,2026_national_health_insurance_revenue_27_01_01,2026,national_health_insurance,国民健康保険事業会計,revenue,27,繰入金,01,一般会計繰入金,01,一般会計繰入金,08,未就学児均等割保険料繰入金,68659,67327,-1332,67327,0,0,0,67327,3,ok,derived
rs_2026_national_health_insurance_revenue_27_01_01_09,2026_national_health_insurance_revenue_27_01_01,2026,national_health_insurance,国民健康保険事業会計,revenue,27,繰入金,01,一般会計繰入金,01,一般会計繰入金,09,産前産後保険料繰入金,32805,42927,10122,42927,0,0,0,42927,4,ok,derived
rs_2026_national_health_insurance_revenue_28_01_02_01,2026_national_health_insurance_revenue_28_01_02,2026,national_health_insurance,国民健康保険事業会計,revenue,28,繰越金,01,繰越金,02,その他繰越金,01,その他繰越金,1,1,0,1,0,0,0,1,4,ok,derived
rs_2026_national_health_insurance_revenue_29_01_01_01,2026_national_health_insurance_revenue_29_01_01,2026,national_health_insurance,国民健康保険事業会計,revenue,29,諸収入,01,延滞金加算金及過料,01,延滞金,01,延滞金,24282,20600,-3682,20600,0,0,0,20600,1,ok,derived
rs_2026_national_health_insurance_revenue_29_01_03_01,2026_national_health_insurance_revenue_29_01_03,2026,national_health_insurance,国民健康保険事業会計,revenue,29,諸収入,01,延滞金加算金及過料,03,加算金,01,加算金,1,1,0,1,0,0,0,1,1,ok,derived
rs_2026_national_health_insurance_revenue_29_01_05_01,2026_national_health_insurance_revenue_29_01_05,2026,national_health_insurance,国民健康保険事業会計,revenue,29,諸収入,01,延滞金加算金及過料,05,過料,01,過料,1,1,0,1,0,0,0,1,1,ok,derived
rs_2026_national_health_insurance_revenue_29_02_01_01,2026_national_health_insurance_revenue_29_02_01,2026,national_health_insurance,国民健康保険事業会計,revenue,29,諸収入,02,特別区預金利子,01,特別区預金利子,01,特別区預金利子,1,1,0,1,0,0,0,1,1,ok,derived
rs_2026_national_health_insurance_revenue_29_03_01_01,2026_national_health_insurance_revenue_29_03_01,2026,national_health_insurance,国民健康保険事業会計,revenue,29,諸収入,03,雑入,01,第三者納付金,01,第三者納付金,18588,18142,-446,18142,0,0,0,18142,1,ok,derived
rs_2026_national_health_insurance_revenue_29_03_03_01,2026_national_health_insurance_revenue_29_03_03,2026,national_health_insurance,国民健康保険事業会計,revenue,29,諸収入,03,雑入,03,返納金,01,返納金,27545,28181,636,28181,0,0,0,28181,1,ok,derived
rs_2026_national_health_insurance_revenue_29_03_05_01,2026_national_health_insurance_revenue_29_03_05,2026,national_health_insurance,国民健康保険事業会計,revenue,29,諸収入,03,雑入,05,納付金,01,納付金,8474,8830,356,8830,0,0,0,8830,2,ok,derived
rs_2026_national_health_insurance_revenue_29_03_06_01,2026_national_health_insurance_revenue_29_03_06,2026,national_health_insurance,国民健康保険事業会計,revenue,29,諸収入,03,雑入,06,雑入,01,雑入,1,1,0,1,0,0,0,1,1,ok,derived
rs_2026_national_health_insurance_revenue_29_03_06_02,2026_national_health_insurance_revenue_29_03_06,2026,national_health_insurance,国民健康保険事業会計,revenue,29,諸収入,03,雑入,06,雑入,02,滞納処分費,1,1,0,1,0,0,0,1,1,ok,derived
rs_2026_national_health_insurance_revenue_29_03_06_26,2026_national_health_insurance_revenue_29_03_06,2026,national_health_insurance,国民健康保険事業会計,revenue,29,諸収入,03,雑入,06,雑入,26,療養費分,1,1,0,1,0,0,0,1,1,ok,derived
rs_2026_national_health_insurance_revenue_29_04_01_02,2026_national_health_insurance_revenue_29_04_01,2026,national_health_insurance,国民健康保険事業会計,revenue,29,諸収入,04,受託事業収入,01,特定健康診査等受託料,02,保健事業費受託料,5800,6000,200,6000,0,0,0,6000,1,ok,derived
rs_2026_school_lunch_fee_revenue_71_01_01_01,2026_school_lunch_fee_revenue_71_01_01,2026,school_lunch_fee,学校給食費会計,revenue,71,給食費,01,給食費,01,給食費収入,01,給食費収入,475731,0,-475731,0,0,0,0,0,1,ok_zero_amount,derived
rs_2026_school_lunch_fee_revenue_72_01_01_01,2026_school_lunch_fee_revenue_72_01_01,2026,school_lunch_fee,学校給食費会計,revenue,72,繰入金,01,一般会計繰入金,01,一般会計繰入金,01,給食費繰入金,3470906,0,-3470906,0,0,0,0,0,1,ok_zero_amount,derived
rs_2026_school_lunch_fee_revenue_73_01_01_01,2026_school_lunch_fee_revenue_73_01_01,2026,school_lunch_fee,学校給食費会計,revenue,73,繰越金,01,繰越金,01,繰越金,01,前年度繰越金,1,0,-1,0,0,0,0,0,1,ok_zero_amount,derived
rs_2026_school_lunch_fee_revenue_74_01_01_01,2026_school_lunch_fee_revenue_74_01_01,2026,school_lunch_fee,学校給食費会計,revenue,74,諸収入,01,特別区預金利子,01,特別区預金利子,01,特別区預金利子,1,0,-1,0,0,0,0,0,1,ok_zero_amount,derived
