section_id,budget_item_key,fiscal_year,account_code,account_name,budget_side,kan_code,kan_name,kou_code,kou_name,moku_code,moku_name,setsu_code,setsu_name,amount_thousand_yen,budget_book_page,pdf_page,source_file,source_type
bs_2026_general_expenditure_01_01_01_01,2026_general_expenditure_01_01_01,2026,general,一般会計,expenditure,01,議会費,01,議会費,01,議会費,01,報酬,600135,311,159,r8tousyoyosanallpage.pdf,official_pdf
bs_2026_general_expenditure_01_01_01_04,2026_general_expenditure_01_01_01,2026,general,一般会計,expenditure,01,議会費,01,議会費,01,議会費,04,共済費,92256,311,159,r8tousyoyosanallpage.pdf,official_pdf
bs_2026_general_expenditure_01_01_01_07,2026_general_expenditure_01_01_01,2026,general,一般会計,expenditure,01,議会費,01,議会費,01,議会費,07,報償費,105,311,159,r8tousyoyosanallpage.pdf,official_pdf
bs_2026_general_expenditure_01_01_01_08,2026_general_expenditure_01_01_01,2026,general,一般会計,expenditure,01,議会費,01,議会費,01,議会費,08,旅費,6712,311,159,r8tousyoyosanallpage.pdf,official_pdf
bs_2026_general_expenditure_01_01_01_09,2026_general_expenditure_01_01_01,2026,general,一般会計,expenditure,01,議会費,01,議会費,01,議会費,09,交際費,1800,311,159,r8tousyoyosanallpage.pdf,official_pdf
bs_2026_general_expenditure_01_01_01_10,2026_general_expenditure_01_01_01,2026,general,一般会計,expenditure,01,議会費,01,議会費,01,議会費,10,需用費,15747,311,159,r8tousyoyosanallpage.pdf,official_pdf
bs_2026_general_expenditure_01_01_01_11,2026_general_expenditure_01_01_01,2026,general,一般会計,expenditure,01,議会費,01,議会費,01,議会費,11,役務費,24989,311,159,r8tousyoyosanallpage.pdf,official_pdf
bs_2026_general_expenditure_01_01_01_12,2026_general_expenditure_01_01_01,2026,general,一般会計,expenditure,01,議会費,01,議会費,01,議会費,12,委託料,24539,311,159,r8tousyoyosanallpage.pdf,official_pdf
bs_2026_general_expenditure_01_01_01_13,2026_general_expenditure_01_01_01,2026,general,一般会計,expenditure,01,議会費,01,議会費,01,議会費,13,使用料及賃借料,1133,311,159,r8tousyoyosanallpage.pdf,official_pdf
bs_2026_general_expenditure_01_01_01_18,2026_general_expenditure_01_01_01,2026,general,一般会計,expenditure,01,議会費,01,議会費,01,議会費,18,負担金補助及交付金,3137,311,159,r8tousyoyosanallpage.pdf,official_pdf
bs_2026_general_expenditure_02_01_01_01,2026_general_expenditure_02_01_01,2026,general,一般会計,expenditure,02,総務費,01,総務管理費,01,一般管理費,01,報酬,3587,317,162,r8tousyoyosanallpage.pdf,official_pdf
bs_2026_general_expenditure_02_01_01_04,2026_general_expenditure_02_01_01,2026,general,一般会計,expenditure,02,総務費,01,総務管理費,01,一般管理費,04,共済費,24586,317,162,r8tousyoyosanallpage.pdf,official_pdf
bs_2026_general_expenditure_02_01_01_05,2026_general_expenditure_02_01_01,2026,general,一般会計,expenditure,02,総務費,01,総務管理費,01,一般管理費,05,災害補償費,225,317,162,r8tousyoyosanallpage.pdf,official_pdf
bs_2026_general_expenditure_02_01_01_07,2026_general_expenditure_02_01_01,2026,general,一般会計,expenditure,02,総務費,01,総務管理費,01,一般管理費,07,報償費,39435,317,162,r8tousyoyosanallpage.pdf,official_pdf
bs_2026_general_expenditure_02_01_01_08,2026_general_expenditure_02_01_01,2026,general,一般会計,expenditure,02,総務費,01,総務管理費,01,一般管理費,08,旅費,13940,317,162,r8tousyoyosanallpage.pdf,official_pdf
bs_2026_general_expenditure_02_01_01_09,2026_general_expenditure_02_01_01,2026,general,一般会計,expenditure,02,総務費,01,総務管理費,01,一般管理費,09,交際費,3150,317,162,r8tousyoyosanallpage.pdf,official_pdf
bs_2026_general_expenditure_02_01_01_10,2026_general_expenditure_02_01_01,2026,general,一般会計,expenditure,02,総務費,01,総務管理費,01,一般管理費,10,需用費,857822,317,162,r8tousyoyosanallpage.pdf,official_pdf
bs_2026_general_expenditure_02_01_01_11,2026_general_expenditure_02_01_01,2026,general,一般会計,expenditure,02,総務費,01,総務管理費,01,一般管理費,11,役務費,294031,317,162,r8tousyoyosanallpage.pdf,official_pdf
bs_2026_general_expenditure_02_01_01_12,2026_general_expenditure_02_01_01,2026,general,一般会計,expenditure,02,総務費,01,総務管理費,01,一般管理費,12,委託料,2219532,317,162,r8tousyoyosanallpage.pdf,official_pdf
bs_2026_general_expenditure_02_01_01_13,2026_general_expenditure_02_01_01,2026,general,一般会計,expenditure,02,総務費,01,総務管理費,01,一般管理費,13,使用料及賃借料,631250,317,162,r8tousyoyosanallpage.pdf,official_pdf
bs_2026_general_expenditure_02_01_01_14,2026_general_expenditure_02_01_01,2026,general,一般会計,expenditure,02,総務費,01,総務管理費,01,一般管理費,14,工事請負費,7405735,317,162,r8tousyoyosanallpage.pdf,official_pdf
bs_2026_general_expenditure_02_01_01_17,2026_general_expenditure_02_01_01,2026,general,一般会計,expenditure,02,総務費,01,総務管理費,01,一般管理費,17,備品購入費,746074,317,162,r8tousyoyosanallpage.pdf,official_pdf
bs_2026_general_expenditure_02_01_01_18,2026_general_expenditure_02_01_01,2026,general,一般会計,expenditure,02,総務費,01,総務管理費,01,一般管理費,18,負担金補助及交付金,1622919,317,162,r8tousyoyosanallpage.pdf,official_pdf
bs_2026_general_expenditure_02_01_01_19,2026_general_expenditure_02_01_01,2026,general,一般会計,expenditure,02,総務費,01,総務管理費,01,一般管理費,19,扶助費,121406,317,162,r8tousyoyosanallpage.pdf,official_pdf
bs_2026_general_expenditure_02_01_01_24,2026_general_expenditure_02_01_01,2026,general,一般会計,expenditure,02,総務費,01,総務管理費,01,一般管理費,24,積立金,161031,317,162,r8tousyoyosanallpage.pdf,official_pdf
bs_2026_general_expenditure_02_01_01_26,2026_general_expenditure_02_01_01,2026,general,一般会計,expenditure,02,総務費,01,総務管理費,01,一般管理費,26,公課費,2,317,162,r8tousyoyosanallpage.pdf,official_pdf
bs_2026_general_expenditure_02_01_02_07,2026_general_expenditure_02_01_02,2026,general,一般会計,expenditure,02,総務費,01,総務管理費,02,広報広聴費,07,報償費,6680,319,163,r8tousyoyosanallpage.pdf,official_pdf
bs_2026_general_expenditure_02_01_02_08,2026_general_expenditure_02_01_02,2026,general,一般会計,expenditure,02,総務費,01,総務管理費,02,広報広聴費,08,旅費,6,319,163,r8tousyoyosanallpage.pdf,official_pdf
bs_2026_general_expenditure_02_01_02_10,2026_general_expenditure_02_01_02,2026,general,一般会計,expenditure,02,総務費,01,総務管理費,02,広報広聴費,10,需用費,71491,319,163,r8tousyoyosanallpage.pdf,official_pdf
bs_2026_general_expenditure_02_01_02_11,2026_general_expenditure_02_01_02,2026,general,一般会計,expenditure,02,総務費,01,総務管理費,02,広報広聴費,11,役務費,74351,319,163,r8tousyoyosanallpage.pdf,official_pdf
bs_2026_general_expenditure_02_01_02_12,2026_general_expenditure_02_01_02,2026,general,一般会計,expenditure,02,総務費,01,総務管理費,02,広報広聴費,12,委託料,277311,319,163,r8tousyoyosanallpage.pdf,official_pdf
bs_2026_general_expenditure_02_01_02_13,2026_general_expenditure_02_01_02,2026,general,一般会計,expenditure,02,総務費,01,総務管理費,02,広報広聴費,13,使用料及賃借料,6707,319,163,r8tousyoyosanallpage.pdf,official_pdf
bs_2026_general_expenditure_02_01_02_18,2026_general_expenditure_02_01_02,2026,general,一般会計,expenditure,02,総務費,01,総務管理費,02,広報広聴費,18,負担金補助及交付金,73,319,163,r8tousyoyosanallpage.pdf,official_pdf
bs_2026_general_expenditure_02_01_03_01,2026_general_expenditure_02_01_03,2026,general,一般会計,expenditure,02,総務費,01,総務管理費,03,企画調整費,01,報酬,11719,319,163,r8tousyoyosanallpage.pdf,official_pdf
bs_2026_general_expenditure_02_01_03_04,2026_general_expenditure_02_01_03,2026,general,一般会計,expenditure,02,総務費,01,総務管理費,03,企画調整費,04,共済費,2574,319,163,r8tousyoyosanallpage.pdf,official_pdf
bs_2026_general_expenditure_02_01_03_07,2026_general_expenditure_02_01_03,2026,general,一般会計,expenditure,02,総務費,01,総務管理費,03,企画調整費,07,報償費,16448,319,163,r8tousyoyosanallpage.pdf,official_pdf
bs_2026_general_expenditure_02_01_03_08,2026_general_expenditure_02_01_03,2026,general,一般会計,expenditure,02,総務費,01,総務管理費,03,企画調整費,08,旅費,2043,319,163,r8tousyoyosanallpage.pdf,official_pdf
bs_2026_general_expenditure_02_01_03_10,2026_general_expenditure_02_01_03,2026,general,一般会計,expenditure,02,総務費,01,総務管理費,03,企画調整費,10,需用費,7339,319,163,r8tousyoyosanallpage.pdf,official_pdf
bs_2026_general_expenditure_02_01_03_11,2026_general_expenditure_02_01_03,2026,general,一般会計,expenditure,02,総務費,01,総務管理費,03,企画調整費,11,役務費,87373,319,163,r8tousyoyosanallpage.pdf,official_pdf
bs_2026_general_expenditure_02_01_03_12,2026_general_expenditure_02_01_03,2026,general,一般会計,expenditure,02,総務費,01,総務管理費,03,企画調整費,12,委託料,435881,319,163,r8tousyoyosanallpage.pdf,official_pdf
bs_2026_general_expenditure_02_01_03_13,2026_general_expenditure_02_01_03,2026,general,一般会計,expenditure,02,総務費,01,総務管理費,03,企画調整費,13,使用料及賃借料,36234,319,163,r8tousyoyosanallpage.pdf,official_pdf
bs_2026_general_expenditure_02_01_03_17,2026_general_expenditure_02_01_03,2026,general,一般会計,expenditure,02,総務費,01,総務管理費,03,企画調整費,17,備品購入費,697,321,164,r8tousyoyosanallpage.pdf,official_pdf
bs_2026_general_expenditure_02_01_03_18,2026_general_expenditure_02_01_03,2026,general,一般会計,expenditure,02,総務費,01,総務管理費,03,企画調整費,18,負担金補助及交付金,2418,321,164,r8tousyoyosanallpage.pdf,official_pdf
bs_2026_general_expenditure_02_01_04_01,2026_general_expenditure_02_01_04,2026,general,一般会計,expenditure,02,総務費,01,総務管理費,04,電子計算費,01,報酬,7993,321,164,r8tousyoyosanallpage.pdf,official_pdf
bs_2026_general_expenditure_02_01_04_04,2026_general_expenditure_02_01_04,2026,general,一般会計,expenditure,02,総務費,01,総務管理費,04,電子計算費,04,共済費,1473,321,164,r8tousyoyosanallpage.pdf,official_pdf
bs_2026_general_expenditure_02_01_04_07,2026_general_expenditure_02_01_04,2026,general,一般会計,expenditure,02,総務費,01,総務管理費,04,電子計算費,07,報償費,418,321,164,r8tousyoyosanallpage.pdf,official_pdf
bs_2026_general_expenditure_02_01_04_08,2026_general_expenditure_02_01_04,2026,general,一般会計,expenditure,02,総務費,01,総務管理費,04,電子計算費,08,旅費,310,321,164,r8tousyoyosanallpage.pdf,official_pdf
bs_2026_general_expenditure_02_01_04_10,2026_general_expenditure_02_01_04,2026,general,一般会計,expenditure,02,総務費,01,総務管理費,04,電子計算費,10,需用費,182385,321,164,r8tousyoyosanallpage.pdf,official_pdf
bs_2026_general_expenditure_02_01_04_11,2026_general_expenditure_02_01_04,2026,general,一般会計,expenditure,02,総務費,01,総務管理費,04,電子計算費,11,役務費,516934,321,164,r8tousyoyosanallpage.pdf,official_pdf
bs_2026_general_expenditure_02_01_04_12,2026_general_expenditure_02_01_04,2026,general,一般会計,expenditure,02,総務費,01,総務管理費,04,電子計算費,12,委託料,9290909,321,164,r8tousyoyosanallpage.pdf,official_pdf
bs_2026_general_expenditure_02_01_04_13,2026_general_expenditure_02_01_04,2026,general,一般会計,expenditure,02,総務費,01,総務管理費,04,電子計算費,13,使用料及賃借料,4152670,321,164,r8tousyoyosanallpage.pdf,official_pdf
bs_2026_general_expenditure_02_01_04_14,2026_general_expenditure_02_01_04,2026,general,一般会計,expenditure,02,総務費,01,総務管理費,04,電子計算費,14,工事請負費,16370,321,164,r8tousyoyosanallpage.pdf,official_pdf
bs_2026_general_expenditure_02_01_04_17,2026_general_expenditure_02_01_04,2026,general,一般会計,expenditure,02,総務費,01,総務管理費,04,電子計算費,17,備品購入費,11659,321,164,r8tousyoyosanallpage.pdf,official_pdf
bs_2026_general_expenditure_02_01_04_18,2026_general_expenditure_02_01_04,2026,general,一般会計,expenditure,02,総務費,01,総務管理費,04,電子計算費,18,負担金補助及交付金,44965,321,164,r8tousyoyosanallpage.pdf,official_pdf
bs_2026_general_expenditure_02_01_05_01,2026_general_expenditure_02_01_05,2026,general,一般会計,expenditure,02,総務費,01,総務管理費,05,財政管理費,01,報酬,1097,321,164,r8tousyoyosanallpage.pdf,official_pdf
bs_2026_general_expenditure_02_01_05_07,2026_general_expenditure_02_01_05,2026,general,一般会計,expenditure,02,総務費,01,総務管理費,05,財政管理費,07,報償費,124,321,164,r8tousyoyosanallpage.pdf,official_pdf
bs_2026_general_expenditure_02_01_05_10,2026_general_expenditure_02_01_05,2026,general,一般会計,expenditure,02,総務費,01,総務管理費,05,財政管理費,10,需用費,1793,321,164,r8tousyoyosanallpage.pdf,official_pdf
bs_2026_general_expenditure_02_01_05_11,2026_general_expenditure_02_01_05,2026,general,一般会計,expenditure,02,総務費,01,総務管理費,05,財政管理費,11,役務費,432,321,164,r8tousyoyosanallpage.pdf,official_pdf
bs_2026_general_expenditure_02_01_05_12,2026_general_expenditure_02_01_05,2026,general,一般会計,expenditure,02,総務費,01,総務管理費,05,財政管理費,12,委託料,6043,321,164,r8tousyoyosanallpage.pdf,official_pdf
bs_2026_general_expenditure_02_01_05_13,2026_general_expenditure_02_01_05,2026,general,一般会計,expenditure,02,総務費,01,総務管理費,05,財政管理費,13,使用料及賃借料,40,321,164,r8tousyoyosanallpage.pdf,official_pdf
bs_2026_general_expenditure_02_01_05_18,2026_general_expenditure_02_01_05,2026,general,一般会計,expenditure,02,総務費,01,総務管理費,05,財政管理費,18,負担金補助及交付金,400,321,164,r8tousyoyosanallpage.pdf,official_pdf
bs_2026_general_expenditure_02_01_06_01,2026_general_expenditure_02_01_06,2026,general,一般会計,expenditure,02,総務費,01,総務管理費,06,財産管理費,01,報酬,469,321,164,r8tousyoyosanallpage.pdf,official_pdf
bs_2026_general_expenditure_02_01_06_08,2026_general_expenditure_02_01_06,2026,general,一般会計,expenditure,02,総務費,01,総務管理費,06,財産管理費,08,旅費,2640,321,164,r8tousyoyosanallpage.pdf,official_pdf
bs_2026_general_expenditure_02_01_06_09,2026_general_expenditure_02_01_06,2026,general,一般会計,expenditure,02,総務費,01,総務管理費,06,財産管理費,09,交際費,20,321,164,r8tousyoyosanallpage.pdf,official_pdf
bs_2026_general_expenditure_02_01_06_10,2026_general_expenditure_02_01_06,2026,general,一般会計,expenditure,02,総務費,01,総務管理費,06,財産管理費,10,需用費,6306,321,164,r8tousyoyosanallpage.pdf,official_pdf
bs_2026_general_expenditure_02_01_06_11,2026_general_expenditure_02_01_06,2026,general,一般会計,expenditure,02,総務費,01,総務管理費,06,財産管理費,11,役務費,4879,321,164,r8tousyoyosanallpage.pdf,official_pdf
bs_2026_general_expenditure_02_01_06_12,2026_general_expenditure_02_01_06,2026,general,一般会計,expenditure,02,総務費,01,総務管理費,06,財産管理費,12,委託料,730142,321,164,r8tousyoyosanallpage.pdf,official_pdf
bs_2026_general_expenditure_02_01_06_13,2026_general_expenditure_02_01_06,2026,general,一般会計,expenditure,02,総務費,01,総務管理費,06,財産管理費,13,使用料及賃借料,15809,323,165,r8tousyoyosanallpage.pdf,official_pdf
bs_2026_general_expenditure_02_01_06_14,2026_general_expenditure_02_01_06,2026,general,一般会計,expenditure,02,総務費,01,総務管理費,06,財産管理費,14,工事請負費,214488,323,165,r8tousyoyosanallpage.pdf,official_pdf
bs_2026_general_expenditure_02_01_06_18,2026_general_expenditure_02_01_06,2026,general,一般会計,expenditure,02,総務費,01,総務管理費,06,財産管理費,18,負担金補助及交付金,19755,323,165,r8tousyoyosanallpage.pdf,official_pdf
bs_2026_general_expenditure_02_01_07_10,2026_general_expenditure_02_01_07,2026,general,一般会計,expenditure,02,総務費,01,総務管理費,07,車両管理費,10,需用費,22473,323,165,r8tousyoyosanallpage.pdf,official_pdf
bs_2026_general_expenditure_02_01_07_11,2026_general_expenditure_02_01_07,2026,general,一般会計,expenditure,02,総務費,01,総務管理費,07,車両管理費,11,役務費,4491,323,165,r8tousyoyosanallpage.pdf,official_pdf
bs_2026_general_expenditure_02_01_07_12,2026_general_expenditure_02_01_07,2026,general,一般会計,expenditure,02,総務費,01,総務管理費,07,車両管理費,12,委託料,49677,323,165,r8tousyoyosanallpage.pdf,official_pdf
bs_2026_general_expenditure_02_01_07_13,2026_general_expenditure_02_01_07,2026,general,一般会計,expenditure,02,総務費,01,総務管理費,07,車両管理費,13,使用料及賃借料,125148,323,165,r8tousyoyosanallpage.pdf,official_pdf
bs_2026_general_expenditure_02_01_07_17,2026_general_expenditure_02_01_07,2026,general,一般会計,expenditure,02,総務費,01,総務管理費,07,車両管理費,17,備品購入費,3327,323,165,r8tousyoyosanallpage.pdf,official_pdf
bs_2026_general_expenditure_02_01_07_18,2026_general_expenditure_02_01_07,2026,general,一般会計,expenditure,02,総務費,01,総務管理費,07,車両管理費,18,負担金補助及交付金,50,323,165,r8tousyoyosanallpage.pdf,official_pdf
bs_2026_general_expenditure_02_01_08_07,2026_general_expenditure_02_01_08,2026,general,一般会計,expenditure,02,総務費,01,総務管理費,08,会計管理費,07,報償費,63,323,165,r8tousyoyosanallpage.pdf,official_pdf
bs_2026_general_expenditure_02_01_08_08,2026_general_expenditure_02_01_08,2026,general,一般会計,expenditure,02,総務費,01,総務管理費,08,会計管理費,08,旅費,75,323,165,r8tousyoyosanallpage.pdf,official_pdf
bs_2026_general_expenditure_02_01_08_10,2026_general_expenditure_02_01_08,2026,general,一般会計,expenditure,02,総務費,01,総務管理費,08,会計管理費,10,需用費,682,323,165,r8tousyoyosanallpage.pdf,official_pdf
bs_2026_general_expenditure_02_01_08_11,2026_general_expenditure_02_01_08,2026,general,一般会計,expenditure,02,総務費,01,総務管理費,08,会計管理費,11,役務費,218301,323,165,r8tousyoyosanallpage.pdf,official_pdf
bs_2026_general_expenditure_02_01_08_12,2026_general_expenditure_02_01_08,2026,general,一般会計,expenditure,02,総務費,01,総務管理費,08,会計管理費,12,委託料,23120,323,165,r8tousyoyosanallpage.pdf,official_pdf
bs_2026_general_expenditure_02_01_08_18,2026_general_expenditure_02_01_08,2026,general,一般会計,expenditure,02,総務費,01,総務管理費,08,会計管理費,18,負担金補助及交付金,318,323,165,r8tousyoyosanallpage.pdf,official_pdf
bs_2026_general_expenditure_02_02_01_07,2026_general_expenditure_02_02_01,2026,general,一般会計,expenditure,02,総務費,02,徴税費,01,税務総務費,07,報償費,55,325,166,r8tousyoyosanallpage.pdf,official_pdf
bs_2026_general_expenditure_02_02_01_10,2026_general_expenditure_02_02_01,2026,general,一般会計,expenditure,02,総務費,02,徴税費,01,税務総務費,10,需用費,13,325,166,r8tousyoyosanallpage.pdf,official_pdf
bs_2026_general_expenditure_02_02_01_11,2026_general_expenditure_02_02_01,2026,general,一般会計,expenditure,02,総務費,02,徴税費,01,税務総務費,11,役務費,34,325,166,r8tousyoyosanallpage.pdf,official_pdf
bs_2026_general_expenditure_02_02_01_12,2026_general_expenditure_02_02_01,2026,general,一般会計,expenditure,02,総務費,02,徴税費,01,税務総務費,12,委託料,880,325,166,r8tousyoyosanallpage.pdf,official_pdf
bs_2026_general_expenditure_02_02_01_18,2026_general_expenditure_02_02_01,2026,general,一般会計,expenditure,02,総務費,02,徴税費,01,税務総務費,18,負担金補助及交付金,1200,325,166,r8tousyoyosanallpage.pdf,official_pdf
bs_2026_general_expenditure_02_02_02_07,2026_general_expenditure_02_02_02,2026,general,一般会計,expenditure,02,総務費,02,徴税費,02,賦課徴収費,07,報償費,423,325,166,r8tousyoyosanallpage.pdf,official_pdf
bs_2026_general_expenditure_02_02_02_10,2026_general_expenditure_02_02_02,2026,general,一般会計,expenditure,02,総務費,02,徴税費,02,賦課徴収費,10,需用費,39114,325,166,r8tousyoyosanallpage.pdf,official_pdf
bs_2026_general_expenditure_02_02_02_11,2026_general_expenditure_02_02_02,2026,general,一般会計,expenditure,02,総務費,02,徴税費,02,賦課徴収費,11,役務費,127967,325,166,r8tousyoyosanallpage.pdf,official_pdf
bs_2026_general_expenditure_02_02_02_12,2026_general_expenditure_02_02_02,2026,general,一般会計,expenditure,02,総務費,02,徴税費,02,賦課徴収費,12,委託料,454378,325,166,r8tousyoyosanallpage.pdf,official_pdf
bs_2026_general_expenditure_02_02_02_13,2026_general_expenditure_02_02_02,2026,general,一般会計,expenditure,02,総務費,02,徴税費,02,賦課徴収費,13,使用料及賃借料,2375,325,166,r8tousyoyosanallpage.pdf,official_pdf
bs_2026_general_expenditure_02_02_02_18,2026_general_expenditure_02_02_02,2026,general,一般会計,expenditure,02,総務費,02,徴税費,02,賦課徴収費,18,負担金補助及交付金,105313,325,166,r8tousyoyosanallpage.pdf,official_pdf
bs_2026_general_expenditure_02_02_02_21,2026_general_expenditure_02_02_02,2026,general,一般会計,expenditure,02,総務費,02,徴税費,02,賦課徴収費,21,補償補填及賠償金,6,325,166,r8tousyoyosanallpage.pdf,official_pdf
bs_2026_general_expenditure_02_02_02_22,2026_general_expenditure_02_02_02,2026,general,一般会計,expenditure,02,総務費,02,徴税費,02,賦課徴収費,22,償還金利子及割引料,650000,325,166,r8tousyoyosanallpage.pdf,official_pdf
bs_2026_general_expenditure_02_03_01_01,2026_general_expenditure_02_03_01,2026,general,一般会計,expenditure,02,総務費,03,区民費,01,区民総務費,01,報酬,1861,327,167,r8tousyoyosanallpage.pdf,official_pdf
bs_2026_general_expenditure_02_03_01_07,2026_general_expenditure_02_03_01,2026,general,一般会計,expenditure,02,総務費,03,区民費,01,区民総務費,07,報償費,13014,327,167,r8tousyoyosanallpage.pdf,official_pdf
bs_2026_general_expenditure_02_03_01_08,2026_general_expenditure_02_03_01,2026,general,一般会計,expenditure,02,総務費,03,区民費,01,区民総務費,08,旅費,5182,327,167,r8tousyoyosanallpage.pdf,official_pdf
bs_2026_general_expenditure_02_03_01_09,2026_general_expenditure_02_03_01,2026,general,一般会計,expenditure,02,総務費,03,区民費,01,区民総務費,09,交際費,35,327,167,r8tousyoyosanallpage.pdf,official_pdf
bs_2026_general_expenditure_02_03_01_10,2026_general_expenditure_02_03_01,2026,general,一般会計,expenditure,02,総務費,03,区民費,01,区民総務費,10,需用費,71175,327,167,r8tousyoyosanallpage.pdf,official_pdf
bs_2026_general_expenditure_02_03_01_11,2026_general_expenditure_02_03_01,2026,general,一般会計,expenditure,02,総務費,03,区民費,01,区民総務費,11,役務費,48277,327,167,r8tousyoyosanallpage.pdf,official_pdf
bs_2026_general_expenditure_02_03_01_12,2026_general_expenditure_02_03_01,2026,general,一般会計,expenditure,02,総務費,03,区民費,01,区民総務費,12,委託料,795181,327,167,r8tousyoyosanallpage.pdf,official_pdf
bs_2026_general_expenditure_02_03_01_13,2026_general_expenditure_02_03_01,2026,general,一般会計,expenditure,02,総務費,03,区民費,01,区民総務費,13,使用料及賃借料,72787,327,167,r8tousyoyosanallpage.pdf,official_pdf
bs_2026_general_expenditure_02_03_01_14,2026_general_expenditure_02_03_01,2026,general,一般会計,expenditure,02,総務費,03,区民費,01,区民総務費,14,工事請負費,10470,327,167,r8tousyoyosanallpage.pdf,official_pdf
bs_2026_general_expenditure_02_03_01_17,2026_general_expenditure_02_03_01,2026,general,一般会計,expenditure,02,総務費,03,区民費,01,区民総務費,17,備品購入費,1057,327,167,r8tousyoyosanallpage.pdf,official_pdf
bs_2026_general_expenditure_02_03_01_18,2026_general_expenditure_02_03_01,2026,general,一般会計,expenditure,02,総務費,03,区民費,01,区民総務費,18,負担金補助及交付金,733174,327,167,r8tousyoyosanallpage.pdf,official_pdf
bs_2026_general_expenditure_02_03_01_22,2026_general_expenditure_02_03_01,2026,general,一般会計,expenditure,02,総務費,03,区民費,01,区民総務費,22,償還金利子及割引料,10,327,167,r8tousyoyosanallpage.pdf,official_pdf
bs_2026_general_expenditure_02_03_01_24,2026_general_expenditure_02_03_01,2026,general,一般会計,expenditure,02,総務費,03,区民費,01,区民総務費,24,積立金,7323,327,167,r8tousyoyosanallpage.pdf,official_pdf
bs_2026_general_expenditure_02_03_01_26,2026_general_expenditure_02_03_01,2026,general,一般会計,expenditure,02,総務費,03,区民費,01,区民総務費,26,公課費,7,327,167,r8tousyoyosanallpage.pdf,official_pdf
bs_2026_general_expenditure_02_03_02_01,2026_general_expenditure_02_03_02,2026,general,一般会計,expenditure,02,総務費,03,区民費,02,支所費,01,報酬,5148,331,169,r8tousyoyosanallpage.pdf,official_pdf
bs_2026_general_expenditure_02_03_02_04,2026_general_expenditure_02_03_02,2026,general,一般会計,expenditure,02,総務費,03,区民費,02,支所費,04,共済費,1576,331,169,r8tousyoyosanallpage.pdf,official_pdf
bs_2026_general_expenditure_02_03_02_07,2026_general_expenditure_02_03_02,2026,general,一般会計,expenditure,02,総務費,03,区民費,02,支所費,07,報償費,2710,331,169,r8tousyoyosanallpage.pdf,official_pdf
bs_2026_general_expenditure_02_03_02_08,2026_general_expenditure_02_03_02,2026,general,一般会計,expenditure,02,総務費,03,区民費,02,支所費,08,旅費,4117,331,169,r8tousyoyosanallpage.pdf,official_pdf
bs_2026_general_expenditure_02_03_02_09,2026_general_expenditure_02_03_02,2026,general,一般会計,expenditure,02,総務費,03,区民費,02,支所費,09,交際費,7429,331,169,r8tousyoyosanallpage.pdf,official_pdf
bs_2026_general_expenditure_02_03_02_10,2026_general_expenditure_02_03_02,2026,general,一般会計,expenditure,02,総務費,03,区民費,02,支所費,10,需用費,342269,331,169,r8tousyoyosanallpage.pdf,official_pdf
bs_2026_general_expenditure_02_03_02_11,2026_general_expenditure_02_03_02,2026,general,一般会計,expenditure,02,総務費,03,区民費,02,支所費,11,役務費,51588,331,169,r8tousyoyosanallpage.pdf,official_pdf
bs_2026_general_expenditure_02_03_02_12,2026_general_expenditure_02_03_02,2026,general,一般会計,expenditure,02,総務費,03,区民費,02,支所費,12,委託料,1798837,331,169,r8tousyoyosanallpage.pdf,official_pdf
bs_2026_general_expenditure_02_03_02_13,2026_general_expenditure_02_03_02,2026,general,一般会計,expenditure,02,総務費,03,区民費,02,支所費,13,使用料及賃借料,113846,331,169,r8tousyoyosanallpage.pdf,official_pdf
bs_2026_general_expenditure_02_03_02_14,2026_general_expenditure_02_03_02,2026,general,一般会計,expenditure,02,総務費,03,区民費,02,支所費,14,工事請負費,420334,331,169,r8tousyoyosanallpage.pdf,official_pdf
bs_2026_general_expenditure_02_03_02_17,2026_general_expenditure_02_03_02,2026,general,一般会計,expenditure,02,総務費,03,区民費,02,支所費,17,備品購入費,33226,331,169,r8tousyoyosanallpage.pdf,official_pdf
bs_2026_general_expenditure_02_03_02_18,2026_general_expenditure_02_03_02,2026,general,一般会計,expenditure,02,総務費,03,区民費,02,支所費,18,負担金補助及交付金,27363,331,169,r8tousyoyosanallpage.pdf,official_pdf
bs_2026_general_expenditure_02_03_02_21,2026_general_expenditure_02_03_02,2026,general,一般会計,expenditure,02,総務費,03,区民費,02,支所費,21,補償補填及賠償金,121,331,169,r8tousyoyosanallpage.pdf,official_pdf
bs_2026_general_expenditure_02_03_06_07,2026_general_expenditure_02_03_06,2026,general,一般会計,expenditure,02,総務費,03,区民費,06,区民施設費,07,報償費,6443,333,170,r8tousyoyosanallpage.pdf,official_pdf
bs_2026_general_expenditure_02_03_06_10,2026_general_expenditure_02_03_06,2026,general,一般会計,expenditure,02,総務費,03,区民費,06,区民施設費,10,需用費,392757,333,170,r8tousyoyosanallpage.pdf,official_pdf
bs_2026_general_expenditure_02_03_06_11,2026_general_expenditure_02_03_06,2026,general,一般会計,expenditure,02,総務費,03,区民費,06,区民施設費,11,役務費,84796,333,170,r8tousyoyosanallpage.pdf,official_pdf
bs_2026_general_expenditure_02_03_06_12,2026_general_expenditure_02_03_06,2026,general,一般会計,expenditure,02,総務費,03,区民費,06,区民施設費,12,委託料,2630829,333,170,r8tousyoyosanallpage.pdf,official_pdf
bs_2026_general_expenditure_02_03_06_13,2026_general_expenditure_02_03_06,2026,general,一般会計,expenditure,02,総務費,03,区民費,06,区民施設費,13,使用料及賃借料,210899,333,170,r8tousyoyosanallpage.pdf,official_pdf
bs_2026_general_expenditure_02_03_06_14,2026_general_expenditure_02_03_06,2026,general,一般会計,expenditure,02,総務費,03,区民費,06,区民施設費,14,工事請負費,771568,333,170,r8tousyoyosanallpage.pdf,official_pdf
bs_2026_general_expenditure_02_03_06_17,2026_general_expenditure_02_03_06,2026,general,一般会計,expenditure,02,総務費,03,区民費,06,区民施設費,17,備品購入費,58256,333,170,r8tousyoyosanallpage.pdf,official_pdf
bs_2026_general_expenditure_02_03_06_18,2026_general_expenditure_02_03_06,2026,general,一般会計,expenditure,02,総務費,03,区民費,06,区民施設費,18,負担金補助及交付金,107665,333,170,r8tousyoyosanallpage.pdf,official_pdf
bs_2026_general_expenditure_02_03_06_21,2026_general_expenditure_02_03_06,2026,general,一般会計,expenditure,02,総務費,03,区民費,06,区民施設費,21,補償補填及賠償金,2727,333,170,r8tousyoyosanallpage.pdf,official_pdf
bs_2026_general_expenditure_02_03_06_22,2026_general_expenditure_02_03_06,2026,general,一般会計,expenditure,02,総務費,03,区民費,06,区民施設費,22,償還金利子及割引料,7849,333,170,r8tousyoyosanallpage.pdf,official_pdf
bs_2026_general_expenditure_02_03_09_01,2026_general_expenditure_02_03_09,2026,general,一般会計,expenditure,02,総務費,03,区民費,09,防災対策費,01,報酬,210,337,172,r8tousyoyosanallpage.pdf,official_pdf
bs_2026_general_expenditure_02_03_09_07,2026_general_expenditure_02_03_09,2026,general,一般会計,expenditure,02,総務費,03,区民費,09,防災対策費,07,報償費,28895,337,172,r8tousyoyosanallpage.pdf,official_pdf
bs_2026_general_expenditure_02_03_09_08,2026_general_expenditure_02_03_09,2026,general,一般会計,expenditure,02,総務費,03,区民費,09,防災対策費,08,旅費,314,337,172,r8tousyoyosanallpage.pdf,official_pdf
bs_2026_general_expenditure_02_03_09_09,2026_general_expenditure_02_03_09,2026,general,一般会計,expenditure,02,総務費,03,区民費,09,防災対策費,09,交際費,110,337,172,r8tousyoyosanallpage.pdf,official_pdf
bs_2026_general_expenditure_02_03_09_10,2026_general_expenditure_02_03_09,2026,general,一般会計,expenditure,02,総務費,03,区民費,09,防災対策費,10,需用費,136681,337,172,r8tousyoyosanallpage.pdf,official_pdf
bs_2026_general_expenditure_02_03_09_11,2026_general_expenditure_02_03_09,2026,general,一般会計,expenditure,02,総務費,03,区民費,09,防災対策費,11,役務費,20175,337,172,r8tousyoyosanallpage.pdf,official_pdf
bs_2026_general_expenditure_02_03_09_12,2026_general_expenditure_02_03_09,2026,general,一般会計,expenditure,02,総務費,03,区民費,09,防災対策費,12,委託料,556912,337,172,r8tousyoyosanallpage.pdf,official_pdf
bs_2026_general_expenditure_02_03_09_13,2026_general_expenditure_02_03_09,2026,general,一般会計,expenditure,02,総務費,03,区民費,09,防災対策費,13,使用料及賃借料,18029,337,172,r8tousyoyosanallpage.pdf,official_pdf
bs_2026_general_expenditure_02_03_09_14,2026_general_expenditure_02_03_09,2026,general,一般会計,expenditure,02,総務費,03,区民費,09,防災対策費,14,工事請負費,24134,337,172,r8tousyoyosanallpage.pdf,official_pdf
bs_2026_general_expenditure_02_03_09_17,2026_general_expenditure_02_03_09,2026,general,一般会計,expenditure,02,総務費,03,区民費,09,防災対策費,17,備品購入費,20286,337,172,r8tousyoyosanallpage.pdf,official_pdf
bs_2026_general_expenditure_02_03_09_18,2026_general_expenditure_02_03_09,2026,general,一般会計,expenditure,02,総務費,03,区民費,09,防災対策費,18,負担金補助及交付金,57408,337,172,r8tousyoyosanallpage.pdf,official_pdf
bs_2026_general_expenditure_02_03_09_22,2026_general_expenditure_02_03_09,2026,general,一般会計,expenditure,02,総務費,03,区民費,09,防災対策費,22,償還金利子及割引料,3038,337,172,r8tousyoyosanallpage.pdf,official_pdf
bs_2026_general_expenditure_02_03_09_24,2026_general_expenditure_02_03_09,2026,general,一般会計,expenditure,02,総務費,03,区民費,09,防災対策費,24,積立金,30902,337,172,r8tousyoyosanallpage.pdf,official_pdf
bs_2026_general_expenditure_02_03_10_07,2026_general_expenditure_02_03_10,2026,general,一般会計,expenditure,02,総務費,03,区民費,10,健康村費,07,報償費,350,339,173,r8tousyoyosanallpage.pdf,official_pdf
bs_2026_general_expenditure_02_03_10_08,2026_general_expenditure_02_03_10,2026,general,一般会計,expenditure,02,総務費,03,区民費,10,健康村費,08,旅費,842,339,173,r8tousyoyosanallpage.pdf,official_pdf
bs_2026_general_expenditure_02_03_10_10,2026_general_expenditure_02_03_10,2026,general,一般会計,expenditure,02,総務費,03,区民費,10,健康村費,10,需用費,1460,339,173,r8tousyoyosanallpage.pdf,official_pdf
bs_2026_general_expenditure_02_03_10_11,2026_general_expenditure_02_03_10,2026,general,一般会計,expenditure,02,総務費,03,区民費,10,健康村費,11,役務費,1243,339,173,r8tousyoyosanallpage.pdf,official_pdf
bs_2026_general_expenditure_02_03_10_12,2026_general_expenditure_02_03_10,2026,general,一般会計,expenditure,02,総務費,03,区民費,10,健康村費,12,委託料,464034,339,173,r8tousyoyosanallpage.pdf,official_pdf
bs_2026_general_expenditure_02_03_10_13,2026_general_expenditure_02_03_10,2026,general,一般会計,expenditure,02,総務費,03,区民費,10,健康村費,13,使用料及賃借料,17309,339,173,r8tousyoyosanallpage.pdf,official_pdf
bs_2026_general_expenditure_02_03_10_14,2026_general_expenditure_02_03_10,2026,general,一般会計,expenditure,02,総務費,03,区民費,10,健康村費,14,工事請負費,323133,339,173,r8tousyoyosanallpage.pdf,official_pdf
bs_2026_general_expenditure_02_03_10_17,2026_general_expenditure_02_03_10,2026,general,一般会計,expenditure,02,総務費,03,区民費,10,健康村費,17,備品購入費,10597,339,173,r8tousyoyosanallpage.pdf,official_pdf
bs_2026_general_expenditure_02_03_10_18,2026_general_expenditure_02_03_10,2026,general,一般会計,expenditure,02,総務費,03,区民費,10,健康村費,18,負担金補助及交付金,25083,339,173,r8tousyoyosanallpage.pdf,official_pdf
bs_2026_general_expenditure_02_03_11_07,2026_general_expenditure_02_03_11,2026,general,一般会計,expenditure,02,総務費,03,区民費,11,文化・国際費,07,報償費,1676,339,173,r8tousyoyosanallpage.pdf,official_pdf
bs_2026_general_expenditure_02_03_11_08,2026_general_expenditure_02_03_11,2026,general,一般会計,expenditure,02,総務費,03,区民費,11,文化・国際費,08,旅費,3490,339,173,r8tousyoyosanallpage.pdf,official_pdf
bs_2026_general_expenditure_02_03_11_10,2026_general_expenditure_02_03_11,2026,general,一般会計,expenditure,02,総務費,03,区民費,11,文化・国際費,10,需用費,5742,339,173,r8tousyoyosanallpage.pdf,official_pdf
bs_2026_general_expenditure_02_03_11_11,2026_general_expenditure_02_03_11,2026,general,一般会計,expenditure,02,総務費,03,区民費,11,文化・国際費,11,役務費,8467,339,173,r8tousyoyosanallpage.pdf,official_pdf
bs_2026_general_expenditure_02_03_11_12,2026_general_expenditure_02_03_11,2026,general,一般会計,expenditure,02,総務費,03,区民費,11,文化・国際費,12,委託料,58921,339,173,r8tousyoyosanallpage.pdf,official_pdf
bs_2026_general_expenditure_02_03_11_13,2026_general_expenditure_02_03_11,2026,general,一般会計,expenditure,02,総務費,03,区民費,11,文化・国際費,13,使用料及賃借料,1081,339,173,r8tousyoyosanallpage.pdf,official_pdf
bs_2026_general_expenditure_02_03_11_17,2026_general_expenditure_02_03_11,2026,general,一般会計,expenditure,02,総務費,03,区民費,11,文化・国際費,17,備品購入費,8345,339,173,r8tousyoyosanallpage.pdf,official_pdf
bs_2026_general_expenditure_02_03_11_18,2026_general_expenditure_02_03_11,2026,general,一般会計,expenditure,02,総務費,03,区民費,11,文化・国際費,18,負担金補助及交付金,6342,339,173,r8tousyoyosanallpage.pdf,official_pdf
bs_2026_general_expenditure_02_03_11_24,2026_general_expenditure_02_03_11,2026,general,一般会計,expenditure,02,総務費,03,区民費,11,文化・国際費,24,積立金,18610,339,173,r8tousyoyosanallpage.pdf,official_pdf
bs_2026_general_expenditure_02_03_12_01,2026_general_expenditure_02_03_12,2026,general,一般会計,expenditure,02,総務費,03,区民費,12,文化施設費,01,報酬,229,341,174,r8tousyoyosanallpage.pdf,official_pdf
bs_2026_general_expenditure_02_03_12_07,2026_general_expenditure_02_03_12,2026,general,一般会計,expenditure,02,総務費,03,区民費,12,文化施設費,07,報償費,271,341,174,r8tousyoyosanallpage.pdf,official_pdf
bs_2026_general_expenditure_02_03_12_08,2026_general_expenditure_02_03_12,2026,general,一般会計,expenditure,02,総務費,03,区民費,12,文化施設費,08,旅費,30,341,174,r8tousyoyosanallpage.pdf,official_pdf
bs_2026_general_expenditure_02_03_12_10,2026_general_expenditure_02_03_12,2026,general,一般会計,expenditure,02,総務費,03,区民費,12,文化施設費,10,需用費,113934,341,174,r8tousyoyosanallpage.pdf,official_pdf
bs_2026_general_expenditure_02_03_12_11,2026_general_expenditure_02_03_12,2026,general,一般会計,expenditure,02,総務費,03,区民費,12,文化施設費,11,役務費,128,341,174,r8tousyoyosanallpage.pdf,official_pdf
bs_2026_general_expenditure_02_03_12_12,2026_general_expenditure_02_03_12,2026,general,一般会計,expenditure,02,総務費,03,区民費,12,文化施設費,12,委託料,1015988,341,174,r8tousyoyosanallpage.pdf,official_pdf
bs_2026_general_expenditure_02_03_12_13,2026_general_expenditure_02_03_12,2026,general,一般会計,expenditure,02,総務費,03,区民費,12,文化施設費,13,使用料及賃借料,416,341,174,r8tousyoyosanallpage.pdf,official_pdf
bs_2026_general_expenditure_02_03_12_14,2026_general_expenditure_02_03_12,2026,general,一般会計,expenditure,02,総務費,03,区民費,12,文化施設費,14,工事請負費,1042940,341,174,r8tousyoyosanallpage.pdf,official_pdf
bs_2026_general_expenditure_02_03_12_18,2026_general_expenditure_02_03_12,2026,general,一般会計,expenditure,02,総務費,03,区民費,12,文化施設費,18,負担金補助及交付金,1956330,341,174,r8tousyoyosanallpage.pdf,official_pdf
bs_2026_general_expenditure_02_03_13_01,2026_general_expenditure_02_03_13,2026,general,一般会計,expenditure,02,総務費,03,区民費,13,消費者行政費,01,報酬,118,341,174,r8tousyoyosanallpage.pdf,official_pdf
bs_2026_general_expenditure_02_03_13_07,2026_general_expenditure_02_03_13,2026,general,一般会計,expenditure,02,総務費,03,区民費,13,消費者行政費,07,報償費,3653,341,174,r8tousyoyosanallpage.pdf,official_pdf
bs_2026_general_expenditure_02_03_13_08,2026_general_expenditure_02_03_13,2026,general,一般会計,expenditure,02,総務費,03,区民費,13,消費者行政費,08,旅費,63,341,174,r8tousyoyosanallpage.pdf,official_pdf
bs_2026_general_expenditure_02_03_13_10,2026_general_expenditure_02_03_13,2026,general,一般会計,expenditure,02,総務費,03,区民費,13,消費者行政費,10,需用費,6065,341,174,r8tousyoyosanallpage.pdf,official_pdf
bs_2026_general_expenditure_02_03_13_11,2026_general_expenditure_02_03_13,2026,general,一般会計,expenditure,02,総務費,03,区民費,13,消費者行政費,11,役務費,953,341,174,r8tousyoyosanallpage.pdf,official_pdf
bs_2026_general_expenditure_02_03_13_12,2026_general_expenditure_02_03_13,2026,general,一般会計,expenditure,02,総務費,03,区民費,13,消費者行政費,12,委託料,3064,341,174,r8tousyoyosanallpage.pdf,official_pdf
bs_2026_general_expenditure_02_03_13_18,2026_general_expenditure_02_03_13,2026,general,一般会計,expenditure,02,総務費,03,区民費,13,消費者行政費,18,負担金補助及交付金,103,341,174,r8tousyoyosanallpage.pdf,official_pdf
bs_2026_general_expenditure_02_03_14_01,2026_general_expenditure_02_03_14,2026,general,一般会計,expenditure,02,総務費,03,区民費,14,スポーツ振興費,01,報酬,6562,341,174,r8tousyoyosanallpage.pdf,official_pdf
bs_2026_general_expenditure_02_03_14_07,2026_general_expenditure_02_03_14,2026,general,一般会計,expenditure,02,総務費,03,区民費,14,スポーツ振興費,07,報償費,3543,341,174,r8tousyoyosanallpage.pdf,official_pdf
bs_2026_general_expenditure_02_03_14_08,2026_general_expenditure_02_03_14,2026,general,一般会計,expenditure,02,総務費,03,区民費,14,スポーツ振興費,08,旅費,1309,341,174,r8tousyoyosanallpage.pdf,official_pdf
bs_2026_general_expenditure_02_03_14_09,2026_general_expenditure_02_03_14,2026,general,一般会計,expenditure,02,総務費,03,区民費,14,スポーツ振興費,09,交際費,50,341,174,r8tousyoyosanallpage.pdf,official_pdf
bs_2026_general_expenditure_02_03_14_10,2026_general_expenditure_02_03_14,2026,general,一般会計,expenditure,02,総務費,03,区民費,14,スポーツ振興費,10,需用費,377776,341,174,r8tousyoyosanallpage.pdf,official_pdf
bs_2026_general_expenditure_02_03_14_11,2026_general_expenditure_02_03_14,2026,general,一般会計,expenditure,02,総務費,03,区民費,14,スポーツ振興費,11,役務費,4238,341,174,r8tousyoyosanallpage.pdf,official_pdf
bs_2026_general_expenditure_02_03_14_12,2026_general_expenditure_02_03_14,2026,general,一般会計,expenditure,02,総務費,03,区民費,14,スポーツ振興費,12,委託料,1216617,341,174,r8tousyoyosanallpage.pdf,official_pdf
bs_2026_general_expenditure_02_03_14_13,2026_general_expenditure_02_03_14,2026,general,一般会計,expenditure,02,総務費,03,区民費,14,スポーツ振興費,13,使用料及賃借料,41459,341,174,r8tousyoyosanallpage.pdf,official_pdf
bs_2026_general_expenditure_02_03_14_14,2026_general_expenditure_02_03_14,2026,general,一般会計,expenditure,02,総務費,03,区民費,14,スポーツ振興費,14,工事請負費,406124,341,174,r8tousyoyosanallpage.pdf,official_pdf
bs_2026_general_expenditure_02_03_14_17,2026_general_expenditure_02_03_14,2026,general,一般会計,expenditure,02,総務費,03,区民費,14,スポーツ振興費,17,備品購入費,17728,341,174,r8tousyoyosanallpage.pdf,official_pdf
bs_2026_general_expenditure_02_03_14_18,2026_general_expenditure_02_03_14,2026,general,一般会計,expenditure,02,総務費,03,区民費,14,スポーツ振興費,18,負担金補助及交付金,498939,341,174,r8tousyoyosanallpage.pdf,official_pdf
bs_2026_general_expenditure_02_03_14_24,2026_general_expenditure_02_03_14,2026,general,一般会計,expenditure,02,総務費,03,区民費,14,スポーツ振興費,24,積立金,117745,341,174,r8tousyoyosanallpage.pdf,official_pdf
bs_2026_general_expenditure_02_03_14_26,2026_general_expenditure_02_03_14,2026,general,一般会計,expenditure,02,総務費,03,区民費,14,スポーツ振興費,26,公課費,89,341,174,r8tousyoyosanallpage.pdf,official_pdf
bs_2026_general_expenditure_02_03_15_07,2026_general_expenditure_02_03_15,2026,general,一般会計,expenditure,02,総務費,03,区民費,15,生涯現役推進費,07,報償費,29551,343,175,r8tousyoyosanallpage.pdf,official_pdf
bs_2026_general_expenditure_02_03_15_08,2026_general_expenditure_02_03_15,2026,general,一般会計,expenditure,02,総務費,03,区民費,15,生涯現役推進費,08,旅費,42,343,175,r8tousyoyosanallpage.pdf,official_pdf
bs_2026_general_expenditure_02_03_15_10,2026_general_expenditure_02_03_15,2026,general,一般会計,expenditure,02,総務費,03,区民費,15,生涯現役推進費,10,需用費,58661,343,175,r8tousyoyosanallpage.pdf,official_pdf
bs_2026_general_expenditure_02_03_15_11,2026_general_expenditure_02_03_15,2026,general,一般会計,expenditure,02,総務費,03,区民費,15,生涯現役推進費,11,役務費,7726,343,175,r8tousyoyosanallpage.pdf,official_pdf
bs_2026_general_expenditure_02_03_15_12,2026_general_expenditure_02_03_15,2026,general,一般会計,expenditure,02,総務費,03,区民費,15,生涯現役推進費,12,委託料,216079,343,175,r8tousyoyosanallpage.pdf,official_pdf
bs_2026_general_expenditure_02_03_15_13,2026_general_expenditure_02_03_15,2026,general,一般会計,expenditure,02,総務費,03,区民費,15,生涯現役推進費,13,使用料及賃借料,9446,343,175,r8tousyoyosanallpage.pdf,official_pdf
bs_2026_general_expenditure_02_03_15_17,2026_general_expenditure_02_03_15,2026,general,一般会計,expenditure,02,総務費,03,区民費,15,生涯現役推進費,17,備品購入費,77,343,175,r8tousyoyosanallpage.pdf,official_pdf
bs_2026_general_expenditure_02_03_15_18,2026_general_expenditure_02_03_15,2026,general,一般会計,expenditure,02,総務費,03,区民費,15,生涯現役推進費,18,負担金補助及交付金,36893,343,175,r8tousyoyosanallpage.pdf,official_pdf
bs_2026_general_expenditure_02_04_01_07,2026_general_expenditure_02_04_01,2026,general,一般会計,expenditure,02,総務費,04,戸籍住民基本台帳費,01,戸籍事務費,07,報償費,66,345,176,r8tousyoyosanallpage.pdf,official_pdf
bs_2026_general_expenditure_02_04_01_08,2026_general_expenditure_02_04_01,2026,general,一般会計,expenditure,02,総務費,04,戸籍住民基本台帳費,01,戸籍事務費,08,旅費,56,345,176,r8tousyoyosanallpage.pdf,official_pdf
bs_2026_general_expenditure_02_04_01_10,2026_general_expenditure_02_04_01,2026,general,一般会計,expenditure,02,総務費,04,戸籍住民基本台帳費,01,戸籍事務費,10,需用費,16215,345,176,r8tousyoyosanallpage.pdf,official_pdf
bs_2026_general_expenditure_02_04_01_11,2026_general_expenditure_02_04_01,2026,general,一般会計,expenditure,02,総務費,04,戸籍住民基本台帳費,01,戸籍事務費,11,役務費,2172,345,176,r8tousyoyosanallpage.pdf,official_pdf
bs_2026_general_expenditure_02_04_01_12,2026_general_expenditure_02_04_01,2026,general,一般会計,expenditure,02,総務費,04,戸籍住民基本台帳費,01,戸籍事務費,12,委託料,96238,345,176,r8tousyoyosanallpage.pdf,official_pdf
bs_2026_general_expenditure_02_04_01_13,2026_general_expenditure_02_04_01,2026,general,一般会計,expenditure,02,総務費,04,戸籍住民基本台帳費,01,戸籍事務費,13,使用料及賃借料,7073,345,176,r8tousyoyosanallpage.pdf,official_pdf
bs_2026_general_expenditure_02_04_01_17,2026_general_expenditure_02_04_01,2026,general,一般会計,expenditure,02,総務費,04,戸籍住民基本台帳費,01,戸籍事務費,17,備品購入費,1995,345,176,r8tousyoyosanallpage.pdf,official_pdf
bs_2026_general_expenditure_02_04_01_18,2026_general_expenditure_02_04_01,2026,general,一般会計,expenditure,02,総務費,04,戸籍住民基本台帳費,01,戸籍事務費,18,負担金補助及交付金,25,345,176,r8tousyoyosanallpage.pdf,official_pdf
bs_2026_general_expenditure_02_04_02_07,2026_general_expenditure_02_04_02,2026,general,一般会計,expenditure,02,総務費,04,戸籍住民基本台帳費,02,住民記録費,07,報償費,396,345,176,r8tousyoyosanallpage.pdf,official_pdf
bs_2026_general_expenditure_02_04_02_08,2026_general_expenditure_02_04_02,2026,general,一般会計,expenditure,02,総務費,04,戸籍住民基本台帳費,02,住民記録費,08,旅費,240,345,176,r8tousyoyosanallpage.pdf,official_pdf
bs_2026_general_expenditure_02_04_02_10,2026_general_expenditure_02_04_02,2026,general,一般会計,expenditure,02,総務費,04,戸籍住民基本台帳費,02,住民記録費,10,需用費,46232,345,176,r8tousyoyosanallpage.pdf,official_pdf
bs_2026_general_expenditure_02_04_02_11,2026_general_expenditure_02_04_02,2026,general,一般会計,expenditure,02,総務費,04,戸籍住民基本台帳費,02,住民記録費,11,役務費,33807,345,176,r8tousyoyosanallpage.pdf,official_pdf
bs_2026_general_expenditure_02_04_02_12,2026_general_expenditure_02_04_02,2026,general,一般会計,expenditure,02,総務費,04,戸籍住民基本台帳費,02,住民記録費,12,委託料,688062,345,176,r8tousyoyosanallpage.pdf,official_pdf
bs_2026_general_expenditure_02_04_02_13,2026_general_expenditure_02_04_02,2026,general,一般会計,expenditure,02,総務費,04,戸籍住民基本台帳費,02,住民記録費,13,使用料及賃借料,15221,345,176,r8tousyoyosanallpage.pdf,official_pdf
bs_2026_general_expenditure_02_04_02_17,2026_general_expenditure_02_04_02,2026,general,一般会計,expenditure,02,総務費,04,戸籍住民基本台帳費,02,住民記録費,17,備品購入費,1246,345,176,r8tousyoyosanallpage.pdf,official_pdf
bs_2026_general_expenditure_02_04_02_21,2026_general_expenditure_02_04_02,2026,general,一般会計,expenditure,02,総務費,04,戸籍住民基本台帳費,02,住民記録費,21,補償補填及賠償金,120,345,176,r8tousyoyosanallpage.pdf,official_pdf
bs_2026_general_expenditure_02_05_01_08,2026_general_expenditure_02_05_01,2026,general,一般会計,expenditure,02,総務費,05,統計調査費,01,統計調査総務費,08,旅費,44,347,177,r8tousyoyosanallpage.pdf,official_pdf
bs_2026_general_expenditure_02_05_01_10,2026_general_expenditure_02_05_01,2026,general,一般会計,expenditure,02,総務費,05,統計調査費,01,統計調査総務費,10,需用費,464,347,177,r8tousyoyosanallpage.pdf,official_pdf
bs_2026_general_expenditure_02_05_01_12,2026_general_expenditure_02_05_01,2026,general,一般会計,expenditure,02,総務費,05,統計調査費,01,統計調査総務費,12,委託料,136,347,177,r8tousyoyosanallpage.pdf,official_pdf
bs_2026_general_expenditure_02_05_01_13,2026_general_expenditure_02_05_01,2026,general,一般会計,expenditure,02,総務費,05,統計調査費,01,統計調査総務費,13,使用料及賃借料,568,347,177,r8tousyoyosanallpage.pdf,official_pdf
bs_2026_general_expenditure_02_05_04_01,2026_general_expenditure_02_05_04,2026,general,一般会計,expenditure,02,総務費,05,統計調査費,04,基幹統計調査費,01,報酬,56429,347,177,r8tousyoyosanallpage.pdf,official_pdf
bs_2026_general_expenditure_02_05_04_03,2026_general_expenditure_02_05_04,2026,general,一般会計,expenditure,02,総務費,05,統計調査費,04,基幹統計調査費,03,職員手当等,2059,347,177,r8tousyoyosanallpage.pdf,official_pdf
bs_2026_general_expenditure_02_05_04_07,2026_general_expenditure_02_05_04,2026,general,一般会計,expenditure,02,総務費,05,統計調査費,04,基幹統計調査費,07,報償費,28,347,177,r8tousyoyosanallpage.pdf,official_pdf
bs_2026_general_expenditure_02_05_04_08,2026_general_expenditure_02_05_04,2026,general,一般会計,expenditure,02,総務費,05,統計調査費,04,基幹統計調査費,08,旅費,1229,347,177,r8tousyoyosanallpage.pdf,official_pdf
bs_2026_general_expenditure_02_05_04_10,2026_general_expenditure_02_05_04,2026,general,一般会計,expenditure,02,総務費,05,統計調査費,04,基幹統計調査費,10,需用費,1333,347,177,r8tousyoyosanallpage.pdf,official_pdf
bs_2026_general_expenditure_02_05_04_11,2026_general_expenditure_02_05_04,2026,general,一般会計,expenditure,02,総務費,05,統計調査費,04,基幹統計調査費,11,役務費,5806,347,177,r8tousyoyosanallpage.pdf,official_pdf
bs_2026_general_expenditure_02_05_04_12,2026_general_expenditure_02_05_04,2026,general,一般会計,expenditure,02,総務費,05,統計調査費,04,基幹統計調査費,12,委託料,352,347,177,r8tousyoyosanallpage.pdf,official_pdf
bs_2026_general_expenditure_02_07_01_01,2026_general_expenditure_02_07_01,2026,general,一般会計,expenditure,02,総務費,07,選挙費,01,選挙管理委員会費,01,報酬,12161,349,178,r8tousyoyosanallpage.pdf,official_pdf
bs_2026_general_expenditure_02_07_01_08,2026_general_expenditure_02_07_01,2026,general,一般会計,expenditure,02,総務費,07,選挙費,01,選挙管理委員会費,08,旅費,858,349,178,r8tousyoyosanallpage.pdf,official_pdf
bs_2026_general_expenditure_02_07_01_09,2026_general_expenditure_02_07_01,2026,general,一般会計,expenditure,02,総務費,07,選挙費,01,選挙管理委員会費,09,交際費,20,349,178,r8tousyoyosanallpage.pdf,official_pdf
bs_2026_general_expenditure_02_07_01_10,2026_general_expenditure_02_07_01,2026,general,一般会計,expenditure,02,総務費,07,選挙費,01,選挙管理委員会費,10,需用費,474,349,178,r8tousyoyosanallpage.pdf,official_pdf
bs_2026_general_expenditure_02_07_01_11,2026_general_expenditure_02_07_01,2026,general,一般会計,expenditure,02,総務費,07,選挙費,01,選挙管理委員会費,11,役務費,105,349,178,r8tousyoyosanallpage.pdf,official_pdf
bs_2026_general_expenditure_02_07_01_18,2026_general_expenditure_02_07_01,2026,general,一般会計,expenditure,02,総務費,07,選挙費,01,選挙管理委員会費,18,負担金補助及交付金,164,349,178,r8tousyoyosanallpage.pdf,official_pdf
bs_2026_general_expenditure_02_07_02_07,2026_general_expenditure_02_07_02,2026,general,一般会計,expenditure,02,総務費,07,選挙費,02,選挙啓発費,07,報償費,1378,349,178,r8tousyoyosanallpage.pdf,official_pdf
bs_2026_general_expenditure_02_07_02_10,2026_general_expenditure_02_07_02,2026,general,一般会計,expenditure,02,総務費,07,選挙費,02,選挙啓発費,10,需用費,1930,349,178,r8tousyoyosanallpage.pdf,official_pdf
bs_2026_general_expenditure_02_07_02_11,2026_general_expenditure_02_07_02,2026,general,一般会計,expenditure,02,総務費,07,選挙費,02,選挙啓発費,11,役務費,533,349,178,r8tousyoyosanallpage.pdf,official_pdf
bs_2026_general_expenditure_02_07_02_12,2026_general_expenditure_02_07_02,2026,general,一般会計,expenditure,02,総務費,07,選挙費,02,選挙啓発費,12,委託料,15,349,178,r8tousyoyosanallpage.pdf,official_pdf
bs_2026_general_expenditure_02_07_03_03,2026_general_expenditure_02_07_03,2026,general,一般会計,expenditure,02,総務費,07,選挙費,03,地方選挙費,03,職員手当等,13392,349,178,r8tousyoyosanallpage.pdf,official_pdf
bs_2026_general_expenditure_02_07_03_08,2026_general_expenditure_02_07_03,2026,general,一般会計,expenditure,02,総務費,07,選挙費,03,地方選挙費,08,旅費,16,349,178,r8tousyoyosanallpage.pdf,official_pdf
bs_2026_general_expenditure_02_07_03_10,2026_general_expenditure_02_07_03,2026,general,一般会計,expenditure,02,総務費,07,選挙費,03,地方選挙費,10,需用費,23033,349,178,r8tousyoyosanallpage.pdf,official_pdf
bs_2026_general_expenditure_02_07_03_11,2026_general_expenditure_02_07_03,2026,general,一般会計,expenditure,02,総務費,07,選挙費,03,地方選挙費,11,役務費,780,349,178,r8tousyoyosanallpage.pdf,official_pdf
bs_2026_general_expenditure_02_07_03_12,2026_general_expenditure_02_07_03,2026,general,一般会計,expenditure,02,総務費,07,選挙費,03,地方選挙費,12,委託料,1252,349,178,r8tousyoyosanallpage.pdf,official_pdf
bs_2026_general_expenditure_02_07_03_13,2026_general_expenditure_02_07_03,2026,general,一般会計,expenditure,02,総務費,07,選挙費,03,地方選挙費,13,使用料及賃借料,253,349,178,r8tousyoyosanallpage.pdf,official_pdf
bs_2026_general_expenditure_02_07_03_17,2026_general_expenditure_02_07_03,2026,general,一般会計,expenditure,02,総務費,07,選挙費,03,地方選挙費,17,備品購入費,898,349,178,r8tousyoyosanallpage.pdf,official_pdf
bs_2026_general_expenditure_02_08_01_01,2026_general_expenditure_02_08_01,2026,general,一般会計,expenditure,02,総務費,08,監査委員費,01,監査委員費,01,報酬,7548,351,179,r8tousyoyosanallpage.pdf,official_pdf
bs_2026_general_expenditure_02_08_01_07,2026_general_expenditure_02_08_01,2026,general,一般会計,expenditure,02,総務費,08,監査委員費,01,監査委員費,07,報償費,6,351,179,r8tousyoyosanallpage.pdf,official_pdf
bs_2026_general_expenditure_02_08_01_08,2026_general_expenditure_02_08_01,2026,general,一般会計,expenditure,02,総務費,08,監査委員費,01,監査委員費,08,旅費,190,351,179,r8tousyoyosanallpage.pdf,official_pdf
bs_2026_general_expenditure_02_08_01_10,2026_general_expenditure_02_08_01,2026,general,一般会計,expenditure,02,総務費,08,監査委員費,01,監査委員費,10,需用費,864,351,179,r8tousyoyosanallpage.pdf,official_pdf
bs_2026_general_expenditure_02_08_01_11,2026_general_expenditure_02_08_01,2026,general,一般会計,expenditure,02,総務費,08,監査委員費,01,監査委員費,11,役務費,235,351,179,r8tousyoyosanallpage.pdf,official_pdf
bs_2026_general_expenditure_02_08_01_12,2026_general_expenditure_02_08_01,2026,general,一般会計,expenditure,02,総務費,08,監査委員費,01,監査委員費,12,委託料,1021,351,179,r8tousyoyosanallpage.pdf,official_pdf
bs_2026_general_expenditure_02_08_01_18,2026_general_expenditure_02_08_01,2026,general,一般会計,expenditure,02,総務費,08,監査委員費,01,監査委員費,18,負担金補助及交付金,125,351,179,r8tousyoyosanallpage.pdf,official_pdf
bs_2026_general_expenditure_03_01_01_01,2026_general_expenditure_03_01_01,2026,general,一般会計,expenditure,03,民生費,01,社会福祉費,01,社会福祉総務費,01,報酬,41664,357,182,r8tousyoyosanallpage.pdf,official_pdf
bs_2026_general_expenditure_03_01_01_07,2026_general_expenditure_03_01_01,2026,general,一般会計,expenditure,03,民生費,01,社会福祉費,01,社会福祉総務費,07,報償費,117350,357,182,r8tousyoyosanallpage.pdf,official_pdf
bs_2026_general_expenditure_03_01_01_08,2026_general_expenditure_03_01_01,2026,general,一般会計,expenditure,03,民生費,01,社会福祉費,01,社会福祉総務費,08,旅費,18440,357,182,r8tousyoyosanallpage.pdf,official_pdf
bs_2026_general_expenditure_03_01_01_09,2026_general_expenditure_03_01_01,2026,general,一般会計,expenditure,03,民生費,01,社会福祉費,01,社会福祉総務費,09,交際費,75,357,182,r8tousyoyosanallpage.pdf,official_pdf
bs_2026_general_expenditure_03_01_01_10,2026_general_expenditure_03_01_01,2026,general,一般会計,expenditure,03,民生費,01,社会福祉費,01,社会福祉総務費,10,需用費,104082,357,182,r8tousyoyosanallpage.pdf,official_pdf
bs_2026_general_expenditure_03_01_01_11,2026_general_expenditure_03_01_01,2026,general,一般会計,expenditure,03,民生費,01,社会福祉費,01,社会福祉総務費,11,役務費,35313,357,182,r8tousyoyosanallpage.pdf,official_pdf
bs_2026_general_expenditure_03_01_01_12,2026_general_expenditure_03_01_01,2026,general,一般会計,expenditure,03,民生費,01,社会福祉費,01,社会福祉総務費,12,委託料,1724413,357,182,r8tousyoyosanallpage.pdf,official_pdf
bs_2026_general_expenditure_03_01_01_13,2026_general_expenditure_03_01_01,2026,general,一般会計,expenditure,03,民生費,01,社会福祉費,01,社会福祉総務費,13,使用料及賃借料,20497,357,182,r8tousyoyosanallpage.pdf,official_pdf
bs_2026_general_expenditure_03_01_01_17,2026_general_expenditure_03_01_01,2026,general,一般会計,expenditure,03,民生費,01,社会福祉費,01,社会福祉総務費,17,備品購入費,8729,357,182,r8tousyoyosanallpage.pdf,official_pdf
bs_2026_general_expenditure_03_01_01_18,2026_general_expenditure_03_01_01,2026,general,一般会計,expenditure,03,民生費,01,社会福祉費,01,社会福祉総務費,18,負担金補助及交付金,1835262,357,182,r8tousyoyosanallpage.pdf,official_pdf
bs_2026_general_expenditure_03_01_01_19,2026_general_expenditure_03_01_01,2026,general,一般会計,expenditure,03,民生費,01,社会福祉費,01,社会福祉総務費,19,扶助費,62353,357,182,r8tousyoyosanallpage.pdf,official_pdf
bs_2026_general_expenditure_03_01_01_20,2026_general_expenditure_03_01_01,2026,general,一般会計,expenditure,03,民生費,01,社会福祉費,01,社会福祉総務費,20,貸付金,9700,357,182,r8tousyoyosanallpage.pdf,official_pdf
bs_2026_general_expenditure_03_01_01_24,2026_general_expenditure_03_01_01,2026,general,一般会計,expenditure,03,民生費,01,社会福祉費,01,社会福祉総務費,24,積立金,76926,357,182,r8tousyoyosanallpage.pdf,official_pdf
bs_2026_general_expenditure_03_01_01_27,2026_general_expenditure_03_01_01,2026,general,一般会計,expenditure,03,民生費,01,社会福祉費,01,社会福祉総務費,27,繰出金,30607042,357,182,r8tousyoyosanallpage.pdf,official_pdf
bs_2026_general_expenditure_03_01_02_07,2026_general_expenditure_03_01_02,2026,general,一般会計,expenditure,03,民生費,01,社会福祉費,02,高齢者福祉費,07,報償費,10136,363,185,r8tousyoyosanallpage.pdf,official_pdf
bs_2026_general_expenditure_03_01_02_08,2026_general_expenditure_03_01_02,2026,general,一般会計,expenditure,03,民生費,01,社会福祉費,02,高齢者福祉費,08,旅費,120,363,185,r8tousyoyosanallpage.pdf,official_pdf
bs_2026_general_expenditure_03_01_02_10,2026_general_expenditure_03_01_02,2026,general,一般会計,expenditure,03,民生費,01,社会福祉費,02,高齢者福祉費,10,需用費,105751,363,185,r8tousyoyosanallpage.pdf,official_pdf
bs_2026_general_expenditure_03_01_02_11,2026_general_expenditure_03_01_02,2026,general,一般会計,expenditure,03,民生費,01,社会福祉費,02,高齢者福祉費,11,役務費,52655,363,185,r8tousyoyosanallpage.pdf,official_pdf
bs_2026_general_expenditure_03_01_02_12,2026_general_expenditure_03_01_02,2026,general,一般会計,expenditure,03,民生費,01,社会福祉費,02,高齢者福祉費,12,委託料,1818367,363,185,r8tousyoyosanallpage.pdf,official_pdf
bs_2026_general_expenditure_03_01_02_13,2026_general_expenditure_03_01_02,2026,general,一般会計,expenditure,03,民生費,01,社会福祉費,02,高齢者福祉費,13,使用料及賃借料,170985,363,185,r8tousyoyosanallpage.pdf,official_pdf
bs_2026_general_expenditure_03_01_02_17,2026_general_expenditure_03_01_02,2026,general,一般会計,expenditure,03,民生費,01,社会福祉費,02,高齢者福祉費,17,備品購入費,1098,363,185,r8tousyoyosanallpage.pdf,official_pdf
bs_2026_general_expenditure_03_01_02_18,2026_general_expenditure_03_01_02,2026,general,一般会計,expenditure,03,民生費,01,社会福祉費,02,高齢者福祉費,18,負担金補助及交付金,28218,363,185,r8tousyoyosanallpage.pdf,official_pdf
bs_2026_general_expenditure_03_01_02_19,2026_general_expenditure_03_01_02,2026,general,一般会計,expenditure,03,民生費,01,社会福祉費,02,高齢者福祉費,19,扶助費,319011,363,185,r8tousyoyosanallpage.pdf,official_pdf
bs_2026_general_expenditure_03_01_03_01,2026_general_expenditure_03_01_03,2026,general,一般会計,expenditure,03,民生費,01,社会福祉費,03,障害者福祉費,01,報酬,899,367,187,r8tousyoyosanallpage.pdf,official_pdf
bs_2026_general_expenditure_03_01_03_07,2026_general_expenditure_03_01_03,2026,general,一般会計,expenditure,03,民生費,01,社会福祉費,03,障害者福祉費,07,報償費,197695,367,187,r8tousyoyosanallpage.pdf,official_pdf
bs_2026_general_expenditure_03_01_03_10,2026_general_expenditure_03_01_03,2026,general,一般会計,expenditure,03,民生費,01,社会福祉費,03,障害者福祉費,10,需用費,11549,367,187,r8tousyoyosanallpage.pdf,official_pdf
bs_2026_general_expenditure_03_01_03_11,2026_general_expenditure_03_01_03,2026,general,一般会計,expenditure,03,民生費,01,社会福祉費,03,障害者福祉費,11,役務費,7326,367,187,r8tousyoyosanallpage.pdf,official_pdf
bs_2026_general_expenditure_03_01_03_12,2026_general_expenditure_03_01_03,2026,general,一般会計,expenditure,03,民生費,01,社会福祉費,03,障害者福祉費,12,委託料,1073798,367,187,r8tousyoyosanallpage.pdf,official_pdf
bs_2026_general_expenditure_03_01_03_13,2026_general_expenditure_03_01_03,2026,general,一般会計,expenditure,03,民生費,01,社会福祉費,03,障害者福祉費,13,使用料及賃借料,6899,367,187,r8tousyoyosanallpage.pdf,official_pdf
bs_2026_general_expenditure_03_01_03_18,2026_general_expenditure_03_01_03,2026,general,一般会計,expenditure,03,民生費,01,社会福祉費,03,障害者福祉費,18,負担金補助及交付金,11582,367,187,r8tousyoyosanallpage.pdf,official_pdf
bs_2026_general_expenditure_03_01_03_19,2026_general_expenditure_03_01_03,2026,general,一般会計,expenditure,03,民生費,01,社会福祉費,03,障害者福祉費,19,扶助費,28244057,367,187,r8tousyoyosanallpage.pdf,official_pdf
bs_2026_general_expenditure_03_01_03_22,2026_general_expenditure_03_01_03,2026,general,一般会計,expenditure,03,民生費,01,社会福祉費,03,障害者福祉費,22,償還金利子及割引料,5722,367,187,r8tousyoyosanallpage.pdf,official_pdf
bs_2026_general_expenditure_03_01_16_07,2026_general_expenditure_03_01_16,2026,general,一般会計,expenditure,03,民生費,01,社会福祉費,16,障害者施設費,07,報償費,1078,369,188,r8tousyoyosanallpage.pdf,official_pdf
bs_2026_general_expenditure_03_01_16_08,2026_general_expenditure_03_01_16,2026,general,一般会計,expenditure,03,民生費,01,社会福祉費,16,障害者施設費,08,旅費,264,369,188,r8tousyoyosanallpage.pdf,official_pdf
bs_2026_general_expenditure_03_01_16_10,2026_general_expenditure_03_01_16,2026,general,一般会計,expenditure,03,民生費,01,社会福祉費,16,障害者施設費,10,需用費,71318,369,188,r8tousyoyosanallpage.pdf,official_pdf
bs_2026_general_expenditure_03_01_16_11,2026_general_expenditure_03_01_16,2026,general,一般会計,expenditure,03,民生費,01,社会福祉費,16,障害者施設費,11,役務費,18646,369,188,r8tousyoyosanallpage.pdf,official_pdf
bs_2026_general_expenditure_03_01_16_12,2026_general_expenditure_03_01_16,2026,general,一般会計,expenditure,03,民生費,01,社会福祉費,16,障害者施設費,12,委託料,5327809,369,188,r8tousyoyosanallpage.pdf,official_pdf
bs_2026_general_expenditure_03_01_16_13,2026_general_expenditure_03_01_16,2026,general,一般会計,expenditure,03,民生費,01,社会福祉費,16,障害者施設費,13,使用料及賃借料,254111,369,188,r8tousyoyosanallpage.pdf,official_pdf
bs_2026_general_expenditure_03_01_16_14,2026_general_expenditure_03_01_16,2026,general,一般会計,expenditure,03,民生費,01,社会福祉費,16,障害者施設費,14,工事請負費,294621,369,188,r8tousyoyosanallpage.pdf,official_pdf
bs_2026_general_expenditure_03_01_16_17,2026_general_expenditure_03_01_16,2026,general,一般会計,expenditure,03,民生費,01,社会福祉費,16,障害者施設費,17,備品購入費,4512,369,188,r8tousyoyosanallpage.pdf,official_pdf
bs_2026_general_expenditure_03_01_16_18,2026_general_expenditure_03_01_16,2026,general,一般会計,expenditure,03,民生費,01,社会福祉費,16,障害者施設費,18,負担金補助及交付金,2110023,369,188,r8tousyoyosanallpage.pdf,official_pdf
bs_2026_general_expenditure_03_01_17_14,2026_general_expenditure_03_01_17,2026,general,一般会計,expenditure,03,民生費,01,社会福祉費,17,高齢者施設費,14,工事請負費,111921,371,189,r8tousyoyosanallpage.pdf,official_pdf
bs_2026_general_expenditure_03_01_20_10,2026_general_expenditure_03_01_20,2026,general,一般会計,expenditure,03,民生費,01,社会福祉費,20,国民年金総務費,10,需用費,1692,371,189,r8tousyoyosanallpage.pdf,official_pdf
bs_2026_general_expenditure_03_01_20_11,2026_general_expenditure_03_01_20,2026,general,一般会計,expenditure,03,民生費,01,社会福祉費,20,国民年金総務費,11,役務費,935,371,189,r8tousyoyosanallpage.pdf,official_pdf
bs_2026_general_expenditure_03_01_20_12,2026_general_expenditure_03_01_20,2026,general,一般会計,expenditure,03,民生費,01,社会福祉費,20,国民年金総務費,12,委託料,196,371,189,r8tousyoyosanallpage.pdf,official_pdf
bs_2026_general_expenditure_03_01_20_13,2026_general_expenditure_03_01_20,2026,general,一般会計,expenditure,03,民生費,01,社会福祉費,20,国民年金総務費,13,使用料及賃借料,186,371,189,r8tousyoyosanallpage.pdf,official_pdf
bs_2026_general_expenditure_03_02_01_01,2026_general_expenditure_03_02_01,2026,general,一般会計,expenditure,03,民生費,02,児童福祉費,01,児童福祉総務費,01,報酬,17509,375,191,r8tousyoyosanallpage.pdf,official_pdf
bs_2026_general_expenditure_03_02_01_07,2026_general_expenditure_03_02_01,2026,general,一般会計,expenditure,03,民生費,02,児童福祉費,01,児童福祉総務費,07,報償費,43250,375,191,r8tousyoyosanallpage.pdf,official_pdf
bs_2026_general_expenditure_03_02_01_08,2026_general_expenditure_03_02_01,2026,general,一般会計,expenditure,03,民生費,02,児童福祉費,01,児童福祉総務費,08,旅費,12567,375,191,r8tousyoyosanallpage.pdf,official_pdf
bs_2026_general_expenditure_03_02_01_09,2026_general_expenditure_03_02_01,2026,general,一般会計,expenditure,03,民生費,02,児童福祉費,01,児童福祉総務費,09,交際費,10,375,191,r8tousyoyosanallpage.pdf,official_pdf
bs_2026_general_expenditure_03_02_01_10,2026_general_expenditure_03_02_01,2026,general,一般会計,expenditure,03,民生費,02,児童福祉費,01,児童福祉総務費,10,需用費,575959,375,191,r8tousyoyosanallpage.pdf,official_pdf
bs_2026_general_expenditure_03_02_01_11,2026_general_expenditure_03_02_01,2026,general,一般会計,expenditure,03,民生費,02,児童福祉費,01,児童福祉総務費,11,役務費,20350,375,191,r8tousyoyosanallpage.pdf,official_pdf
bs_2026_general_expenditure_03_02_01_12,2026_general_expenditure_03_02_01,2026,general,一般会計,expenditure,03,民生費,02,児童福祉費,01,児童福祉総務費,12,委託料,3247211,375,191,r8tousyoyosanallpage.pdf,official_pdf
bs_2026_general_expenditure_03_02_01_13,2026_general_expenditure_03_02_01,2026,general,一般会計,expenditure,03,民生費,02,児童福祉費,01,児童福祉総務費,13,使用料及賃借料,65952,375,191,r8tousyoyosanallpage.pdf,official_pdf
bs_2026_general_expenditure_03_02_01_14,2026_general_expenditure_03_02_01,2026,general,一般会計,expenditure,03,民生費,02,児童福祉費,01,児童福祉総務費,14,工事請負費,157439,375,191,r8tousyoyosanallpage.pdf,official_pdf
bs_2026_general_expenditure_03_02_01_17,2026_general_expenditure_03_02_01,2026,general,一般会計,expenditure,03,民生費,02,児童福祉費,01,児童福祉総務費,17,備品購入費,29610,375,191,r8tousyoyosanallpage.pdf,official_pdf
bs_2026_general_expenditure_03_02_01_18,2026_general_expenditure_03_02_01,2026,general,一般会計,expenditure,03,民生費,02,児童福祉費,01,児童福祉総務費,18,負担金補助及交付金,9844089,375,191,r8tousyoyosanallpage.pdf,official_pdf
bs_2026_general_expenditure_03_02_01_19,2026_general_expenditure_03_02_01,2026,general,一般会計,expenditure,03,民生費,02,児童福祉費,01,児童福祉総務費,19,扶助費,1989098,375,191,r8tousyoyosanallpage.pdf,official_pdf
bs_2026_general_expenditure_03_02_01_24,2026_general_expenditure_03_02_01,2026,general,一般会計,expenditure,03,民生費,02,児童福祉費,01,児童福祉総務費,24,積立金,183427,375,191,r8tousyoyosanallpage.pdf,official_pdf
bs_2026_general_expenditure_03_02_03_10,2026_general_expenditure_03_02_03,2026,general,一般会計,expenditure,03,民生費,02,児童福祉費,03,児童措置費,10,需用費,2624,381,194,r8tousyoyosanallpage.pdf,official_pdf
bs_2026_general_expenditure_03_02_03_11,2026_general_expenditure_03_02_03,2026,general,一般会計,expenditure,03,民生費,02,児童福祉費,03,児童措置費,11,役務費,30471,381,194,r8tousyoyosanallpage.pdf,official_pdf
bs_2026_general_expenditure_03_02_03_12,2026_general_expenditure_03_02_03,2026,general,一般会計,expenditure,03,民生費,02,児童福祉費,03,児童措置費,12,委託料,197935,381,194,r8tousyoyosanallpage.pdf,official_pdf
bs_2026_general_expenditure_03_02_03_13,2026_general_expenditure_03_02_03,2026,general,一般会計,expenditure,03,民生費,02,児童福祉費,03,児童措置費,13,使用料及賃借料,309087,381,194,r8tousyoyosanallpage.pdf,official_pdf
bs_2026_general_expenditure_03_02_03_18,2026_general_expenditure_03_02_03,2026,general,一般会計,expenditure,03,民生費,02,児童福祉費,03,児童措置費,18,負担金補助及交付金,1648984,381,194,r8tousyoyosanallpage.pdf,official_pdf
bs_2026_general_expenditure_03_02_03_19,2026_general_expenditure_03_02_03,2026,general,一般会計,expenditure,03,民生費,02,児童福祉費,03,児童措置費,19,扶助費,67741931,381,194,r8tousyoyosanallpage.pdf,official_pdf
bs_2026_general_expenditure_03_02_03_22,2026_general_expenditure_03_02_03,2026,general,一般会計,expenditure,03,民生費,02,児童福祉費,03,児童措置費,22,償還金利子及割引料,923,381,194,r8tousyoyosanallpage.pdf,official_pdf
bs_2026_general_expenditure_03_02_05_01,2026_general_expenditure_03_02_05,2026,general,一般会計,expenditure,03,民生費,02,児童福祉費,05,保育所費,01,報酬,33565,381,194,r8tousyoyosanallpage.pdf,official_pdf
bs_2026_general_expenditure_03_02_05_07,2026_general_expenditure_03_02_05,2026,general,一般会計,expenditure,03,民生費,02,児童福祉費,05,保育所費,07,報償費,541,381,194,r8tousyoyosanallpage.pdf,official_pdf
bs_2026_general_expenditure_03_02_05_08,2026_general_expenditure_03_02_05,2026,general,一般会計,expenditure,03,民生費,02,児童福祉費,05,保育所費,08,旅費,91,381,194,r8tousyoyosanallpage.pdf,official_pdf
bs_2026_general_expenditure_03_02_05_10,2026_general_expenditure_03_02_05,2026,general,一般会計,expenditure,03,民生費,02,児童福祉費,05,保育所費,10,需用費,1086145,381,194,r8tousyoyosanallpage.pdf,official_pdf
bs_2026_general_expenditure_03_02_05_11,2026_general_expenditure_03_02_05,2026,general,一般会計,expenditure,03,民生費,02,児童福祉費,05,保育所費,11,役務費,47989,381,194,r8tousyoyosanallpage.pdf,official_pdf
bs_2026_general_expenditure_03_02_05_12,2026_general_expenditure_03_02_05,2026,general,一般会計,expenditure,03,民生費,02,児童福祉費,05,保育所費,12,委託料,620993,381,194,r8tousyoyosanallpage.pdf,official_pdf
bs_2026_general_expenditure_03_02_05_13,2026_general_expenditure_03_02_05,2026,general,一般会計,expenditure,03,民生費,02,児童福祉費,05,保育所費,13,使用料及賃借料,12066,381,194,r8tousyoyosanallpage.pdf,official_pdf
bs_2026_general_expenditure_03_02_05_17,2026_general_expenditure_03_02_05,2026,general,一般会計,expenditure,03,民生費,02,児童福祉費,05,保育所費,17,備品購入費,43980,381,194,r8tousyoyosanallpage.pdf,official_pdf
bs_2026_general_expenditure_03_02_05_18,2026_general_expenditure_03_02_05,2026,general,一般会計,expenditure,03,民生費,02,児童福祉費,05,保育所費,18,負担金補助及交付金,2858,381,194,r8tousyoyosanallpage.pdf,official_pdf
bs_2026_general_expenditure_03_02_05_22,2026_general_expenditure_03_02_05,2026,general,一般会計,expenditure,03,民生費,02,児童福祉費,05,保育所費,22,償還金利子及割引料,228,381,194,r8tousyoyosanallpage.pdf,official_pdf
bs_2026_general_expenditure_03_02_06_07,2026_general_expenditure_03_02_06,2026,general,一般会計,expenditure,03,民生費,02,児童福祉費,06,児童育成費,07,報償費,34324,383,195,r8tousyoyosanallpage.pdf,official_pdf
bs_2026_general_expenditure_03_02_06_08,2026_general_expenditure_03_02_06,2026,general,一般会計,expenditure,03,民生費,02,児童福祉費,06,児童育成費,08,旅費,989,383,195,r8tousyoyosanallpage.pdf,official_pdf
bs_2026_general_expenditure_03_02_06_09,2026_general_expenditure_03_02_06,2026,general,一般会計,expenditure,03,民生費,02,児童福祉費,06,児童育成費,09,交際費,113,383,195,r8tousyoyosanallpage.pdf,official_pdf
bs_2026_general_expenditure_03_02_06_10,2026_general_expenditure_03_02_06,2026,general,一般会計,expenditure,03,民生費,02,児童福祉費,06,児童育成費,10,需用費,324198,383,195,r8tousyoyosanallpage.pdf,official_pdf
bs_2026_general_expenditure_03_02_06_11,2026_general_expenditure_03_02_06,2026,general,一般会計,expenditure,03,民生費,02,児童福祉費,06,児童育成費,11,役務費,10452,383,195,r8tousyoyosanallpage.pdf,official_pdf
bs_2026_general_expenditure_03_02_06_12,2026_general_expenditure_03_02_06,2026,general,一般会計,expenditure,03,民生費,02,児童福祉費,06,児童育成費,12,委託料,578676,383,195,r8tousyoyosanallpage.pdf,official_pdf
bs_2026_general_expenditure_03_02_06_13,2026_general_expenditure_03_02_06,2026,general,一般会計,expenditure,03,民生費,02,児童福祉費,06,児童育成費,13,使用料及賃借料,39349,383,195,r8tousyoyosanallpage.pdf,official_pdf
bs_2026_general_expenditure_03_02_06_17,2026_general_expenditure_03_02_06,2026,general,一般会計,expenditure,03,民生費,02,児童福祉費,06,児童育成費,17,備品購入費,6916,383,195,r8tousyoyosanallpage.pdf,official_pdf
bs_2026_general_expenditure_03_02_06_18,2026_general_expenditure_03_02_06,2026,general,一般会計,expenditure,03,民生費,02,児童福祉費,06,児童育成費,18,負担金補助及交付金,1807783,383,195,r8tousyoyosanallpage.pdf,official_pdf
bs_2026_general_expenditure_03_02_06_19,2026_general_expenditure_03_02_06,2026,general,一般会計,expenditure,03,民生費,02,児童福祉費,06,児童育成費,19,扶助費,150,383,195,r8tousyoyosanallpage.pdf,official_pdf
bs_2026_general_expenditure_03_02_12_10,2026_general_expenditure_03_02_12,2026,general,一般会計,expenditure,03,民生費,02,児童福祉費,12,保育児童施設費,10,需用費,64840,383,195,r8tousyoyosanallpage.pdf,official_pdf
bs_2026_general_expenditure_03_02_12_11,2026_general_expenditure_03_02_12,2026,general,一般会計,expenditure,03,民生費,02,児童福祉費,12,保育児童施設費,11,役務費,65704,383,195,r8tousyoyosanallpage.pdf,official_pdf
bs_2026_general_expenditure_03_02_12_12,2026_general_expenditure_03_02_12,2026,general,一般会計,expenditure,03,民生費,02,児童福祉費,12,保育児童施設費,12,委託料,277219,383,195,r8tousyoyosanallpage.pdf,official_pdf
bs_2026_general_expenditure_03_02_12_14,2026_general_expenditure_03_02_12,2026,general,一般会計,expenditure,03,民生費,02,児童福祉費,12,保育児童施設費,14,工事請負費,910619,383,195,r8tousyoyosanallpage.pdf,official_pdf
bs_2026_general_expenditure_03_02_12_15,2026_general_expenditure_03_02_12,2026,general,一般会計,expenditure,03,民生費,02,児童福祉費,12,保育児童施設費,15,原材料費,1280,383,195,r8tousyoyosanallpage.pdf,official_pdf
bs_2026_general_expenditure_03_02_12_17,2026_general_expenditure_03_02_12,2026,general,一般会計,expenditure,03,民生費,02,児童福祉費,12,保育児童施設費,17,備品購入費,1903,383,195,r8tousyoyosanallpage.pdf,official_pdf
bs_2026_general_expenditure_03_02_12_18,2026_general_expenditure_03_02_12,2026,general,一般会計,expenditure,03,民生費,02,児童福祉費,12,保育児童施設費,18,負担金補助及交付金,2210074,383,195,r8tousyoyosanallpage.pdf,official_pdf
bs_2026_general_expenditure_03_02_13_01,2026_general_expenditure_03_02_13,2026,general,一般会計,expenditure,03,民生費,02,児童福祉費,13,児童相談所費,01,報酬,8575,385,196,r8tousyoyosanallpage.pdf,official_pdf
bs_2026_general_expenditure_03_02_13_07,2026_general_expenditure_03_02_13,2026,general,一般会計,expenditure,03,民生費,02,児童福祉費,13,児童相談所費,07,報償費,7878,385,196,r8tousyoyosanallpage.pdf,official_pdf
bs_2026_general_expenditure_03_02_13_08,2026_general_expenditure_03_02_13,2026,general,一般会計,expenditure,03,民生費,02,児童福祉費,13,児童相談所費,08,旅費,7161,385,196,r8tousyoyosanallpage.pdf,official_pdf
bs_2026_general_expenditure_03_02_13_10,2026_general_expenditure_03_02_13,2026,general,一般会計,expenditure,03,民生費,02,児童福祉費,13,児童相談所費,10,需用費,65606,385,196,r8tousyoyosanallpage.pdf,official_pdf
bs_2026_general_expenditure_03_02_13_11,2026_general_expenditure_03_02_13,2026,general,一般会計,expenditure,03,民生費,02,児童福祉費,13,児童相談所費,11,役務費,9815,385,196,r8tousyoyosanallpage.pdf,official_pdf
bs_2026_general_expenditure_03_02_13_12,2026_general_expenditure_03_02_13,2026,general,一般会計,expenditure,03,民生費,02,児童福祉費,13,児童相談所費,12,委託料,456947,385,196,r8tousyoyosanallpage.pdf,official_pdf
bs_2026_general_expenditure_03_02_13_13,2026_general_expenditure_03_02_13,2026,general,一般会計,expenditure,03,民生費,02,児童福祉費,13,児童相談所費,13,使用料及賃借料,3978,385,196,r8tousyoyosanallpage.pdf,official_pdf
bs_2026_general_expenditure_03_02_13_14,2026_general_expenditure_03_02_13,2026,general,一般会計,expenditure,03,民生費,02,児童福祉費,13,児童相談所費,14,工事請負費,2420,385,196,r8tousyoyosanallpage.pdf,official_pdf
bs_2026_general_expenditure_03_02_13_18,2026_general_expenditure_03_02_13,2026,general,一般会計,expenditure,03,民生費,02,児童福祉費,13,児童相談所費,18,負担金補助及交付金,1342386,385,196,r8tousyoyosanallpage.pdf,official_pdf
bs_2026_general_expenditure_03_02_13_19,2026_general_expenditure_03_02_13,2026,general,一般会計,expenditure,03,民生費,02,児童福祉費,13,児童相談所費,19,扶助費,409835,385,196,r8tousyoyosanallpage.pdf,official_pdf
bs_2026_general_expenditure_03_03_01_07,2026_general_expenditure_03_03_01,2026,general,一般会計,expenditure,03,民生費,03,生活保護費,01,生活保護総務費,07,報償費,44,387,197,r8tousyoyosanallpage.pdf,official_pdf
bs_2026_general_expenditure_03_03_01_08,2026_general_expenditure_03_03_01,2026,general,一般会計,expenditure,03,民生費,03,生活保護費,01,生活保護総務費,08,旅費,375,387,197,r8tousyoyosanallpage.pdf,official_pdf
bs_2026_general_expenditure_03_03_01_10,2026_general_expenditure_03_03_01,2026,general,一般会計,expenditure,03,民生費,03,生活保護費,01,生活保護総務費,10,需用費,6456,387,197,r8tousyoyosanallpage.pdf,official_pdf
bs_2026_general_expenditure_03_03_01_11,2026_general_expenditure_03_03_01,2026,general,一般会計,expenditure,03,民生費,03,生活保護費,01,生活保護総務費,11,役務費,5700,387,197,r8tousyoyosanallpage.pdf,official_pdf
bs_2026_general_expenditure_03_03_01_12,2026_general_expenditure_03_03_01,2026,general,一般会計,expenditure,03,民生費,03,生活保護費,01,生活保護総務費,12,委託料,183355,387,197,r8tousyoyosanallpage.pdf,official_pdf
bs_2026_general_expenditure_03_03_01_13,2026_general_expenditure_03_03_01,2026,general,一般会計,expenditure,03,民生費,03,生活保護費,01,生活保護総務費,13,使用料及賃借料,9102,387,197,r8tousyoyosanallpage.pdf,official_pdf
bs_2026_general_expenditure_03_03_01_18,2026_general_expenditure_03_03_01,2026,general,一般会計,expenditure,03,民生費,03,生活保護費,01,生活保護総務費,18,負担金補助及交付金,1125,387,197,r8tousyoyosanallpage.pdf,official_pdf
bs_2026_general_expenditure_03_03_03_10,2026_general_expenditure_03_03_03,2026,general,一般会計,expenditure,03,民生費,03,生活保護費,03,扶助費,10,需用費,470,387,197,r8tousyoyosanallpage.pdf,official_pdf
bs_2026_general_expenditure_03_03_03_12,2026_general_expenditure_03_03_03,2026,general,一般会計,expenditure,03,民生費,03,生活保護費,03,扶助費,12,委託料,112,387,197,r8tousyoyosanallpage.pdf,official_pdf
bs_2026_general_expenditure_03_03_03_18,2026_general_expenditure_03_03_03,2026,general,一般会計,expenditure,03,民生費,03,生活保護費,03,扶助費,18,負担金補助及交付金,16000,387,197,r8tousyoyosanallpage.pdf,official_pdf
bs_2026_general_expenditure_03_03_03_19,2026_general_expenditure_03_03_03,2026,general,一般会計,expenditure,03,民生費,03,生活保護費,03,扶助費,19,扶助費,23087745,387,197,r8tousyoyosanallpage.pdf,official_pdf
bs_2026_general_expenditure_04_02_01_01,2026_general_expenditure_04_02_01,2026,general,一般会計,expenditure,04,環境費,02,環境費,01,環境対策費,01,報酬,1380,391,199,r8tousyoyosanallpage.pdf,official_pdf
bs_2026_general_expenditure_04_02_01_07,2026_general_expenditure_04_02_01,2026,general,一般会計,expenditure,04,環境費,02,環境費,01,環境対策費,07,報償費,232,391,199,r8tousyoyosanallpage.pdf,official_pdf
bs_2026_general_expenditure_04_02_01_08,2026_general_expenditure_04_02_01,2026,general,一般会計,expenditure,04,環境費,02,環境費,01,環境対策費,08,旅費,2717,391,199,r8tousyoyosanallpage.pdf,official_pdf
bs_2026_general_expenditure_04_02_01_09,2026_general_expenditure_04_02_01,2026,general,一般会計,expenditure,04,環境費,02,環境費,01,環境対策費,09,交際費,102,391,199,r8tousyoyosanallpage.pdf,official_pdf
bs_2026_general_expenditure_04_02_01_10,2026_general_expenditure_04_02_01,2026,general,一般会計,expenditure,04,環境費,02,環境費,01,環境対策費,10,需用費,11103,391,199,r8tousyoyosanallpage.pdf,official_pdf
bs_2026_general_expenditure_04_02_01_11,2026_general_expenditure_04_02_01,2026,general,一般会計,expenditure,04,環境費,02,環境費,01,環境対策費,11,役務費,4371,391,199,r8tousyoyosanallpage.pdf,official_pdf
bs_2026_general_expenditure_04_02_01_12,2026_general_expenditure_04_02_01,2026,general,一般会計,expenditure,04,環境費,02,環境費,01,環境対策費,12,委託料,284805,391,199,r8tousyoyosanallpage.pdf,official_pdf
bs_2026_general_expenditure_04_02_01_13,2026_general_expenditure_04_02_01,2026,general,一般会計,expenditure,04,環境費,02,環境費,01,環境対策費,13,使用料及賃借料,15143,391,199,r8tousyoyosanallpage.pdf,official_pdf
bs_2026_general_expenditure_04_02_01_14,2026_general_expenditure_04_02_01,2026,general,一般会計,expenditure,04,環境費,02,環境費,01,環境対策費,14,工事請負費,238,391,199,r8tousyoyosanallpage.pdf,official_pdf
bs_2026_general_expenditure_04_02_01_17,2026_general_expenditure_04_02_01,2026,general,一般会計,expenditure,04,環境費,02,環境費,01,環境対策費,17,備品購入費,4899,391,199,r8tousyoyosanallpage.pdf,official_pdf
bs_2026_general_expenditure_04_02_01_18,2026_general_expenditure_04_02_01,2026,general,一般会計,expenditure,04,環境費,02,環境費,01,環境対策費,18,負担金補助及交付金,105940,391,199,r8tousyoyosanallpage.pdf,official_pdf
bs_2026_general_expenditure_04_02_01_24,2026_general_expenditure_04_02_01,2026,general,一般会計,expenditure,04,環境費,02,環境費,01,環境対策費,24,積立金,33922,391,199,r8tousyoyosanallpage.pdf,official_pdf
bs_2026_general_expenditure_04_03_01_01,2026_general_expenditure_04_03_01,2026,general,一般会計,expenditure,04,環境費,03,清掃費,01,清掃管理費,01,報酬,1913,393,200,r8tousyoyosanallpage.pdf,official_pdf
bs_2026_general_expenditure_04_03_01_07,2026_general_expenditure_04_03_01,2026,general,一般会計,expenditure,04,環境費,03,清掃費,01,清掃管理費,07,報償費,556,393,200,r8tousyoyosanallpage.pdf,official_pdf
bs_2026_general_expenditure_04_03_01_08,2026_general_expenditure_04_03_01,2026,general,一般会計,expenditure,04,環境費,03,清掃費,01,清掃管理費,08,旅費,36,393,200,r8tousyoyosanallpage.pdf,official_pdf
bs_2026_general_expenditure_04_03_01_10,2026_general_expenditure_04_03_01,2026,general,一般会計,expenditure,04,環境費,03,清掃費,01,清掃管理費,10,需用費,141588,393,200,r8tousyoyosanallpage.pdf,official_pdf
bs_2026_general_expenditure_04_03_01_11,2026_general_expenditure_04_03_01,2026,general,一般会計,expenditure,04,環境費,03,清掃費,01,清掃管理費,11,役務費,46066,393,200,r8tousyoyosanallpage.pdf,official_pdf
bs_2026_general_expenditure_04_03_01_12,2026_general_expenditure_04_03_01,2026,general,一般会計,expenditure,04,環境費,03,清掃費,01,清掃管理費,12,委託料,278558,393,200,r8tousyoyosanallpage.pdf,official_pdf
bs_2026_general_expenditure_04_03_01_13,2026_general_expenditure_04_03_01,2026,general,一般会計,expenditure,04,環境費,03,清掃費,01,清掃管理費,13,使用料及賃借料,6351,393,200,r8tousyoyosanallpage.pdf,official_pdf
bs_2026_general_expenditure_04_03_01_17,2026_general_expenditure_04_03_01,2026,general,一般会計,expenditure,04,環境費,03,清掃費,01,清掃管理費,17,備品購入費,1651,393,200,r8tousyoyosanallpage.pdf,official_pdf
bs_2026_general_expenditure_04_03_01_18,2026_general_expenditure_04_03_01,2026,general,一般会計,expenditure,04,環境費,03,清掃費,01,清掃管理費,18,負担金補助及交付金,5211582,393,200,r8tousyoyosanallpage.pdf,official_pdf
bs_2026_general_expenditure_04_03_01_22,2026_general_expenditure_04_03_01,2026,general,一般会計,expenditure,04,環境費,03,清掃費,01,清掃管理費,22,償還金利子及割引料,450,393,200,r8tousyoyosanallpage.pdf,official_pdf
bs_2026_general_expenditure_04_03_02_10,2026_general_expenditure_04_03_02,2026,general,一般会計,expenditure,04,環境費,03,清掃費,02,廃棄物対策費,10,需用費,25590,395,201,r8tousyoyosanallpage.pdf,official_pdf
bs_2026_general_expenditure_04_03_02_11,2026_general_expenditure_04_03_02,2026,general,一般会計,expenditure,04,環境費,03,清掃費,02,廃棄物対策費,11,役務費,3147435,395,201,r8tousyoyosanallpage.pdf,official_pdf
bs_2026_general_expenditure_04_03_02_12,2026_general_expenditure_04_03_02,2026,general,一般会計,expenditure,04,環境費,03,清掃費,02,廃棄物対策費,12,委託料,1017417,395,201,r8tousyoyosanallpage.pdf,official_pdf
bs_2026_general_expenditure_04_03_02_13,2026_general_expenditure_04_03_02,2026,general,一般会計,expenditure,04,環境費,03,清掃費,02,廃棄物対策費,13,使用料及賃借料,50520,395,201,r8tousyoyosanallpage.pdf,official_pdf
bs_2026_general_expenditure_04_03_02_17,2026_general_expenditure_04_03_02,2026,general,一般会計,expenditure,04,環境費,03,清掃費,02,廃棄物対策費,17,備品購入費,59527,395,201,r8tousyoyosanallpage.pdf,official_pdf
bs_2026_general_expenditure_04_03_02_18,2026_general_expenditure_04_03_02,2026,general,一般会計,expenditure,04,環境費,03,清掃費,02,廃棄物対策費,18,負担金補助及交付金,13,395,201,r8tousyoyosanallpage.pdf,official_pdf
bs_2026_general_expenditure_04_03_02_26,2026_general_expenditure_04_03_02,2026,general,一般会計,expenditure,04,環境費,03,清掃費,02,廃棄物対策費,26,公課費,276,395,201,r8tousyoyosanallpage.pdf,official_pdf
bs_2026_general_expenditure_04_03_03_07,2026_general_expenditure_04_03_03,2026,general,一般会計,expenditure,04,環境費,03,清掃費,03,省資源対策費,07,報償費,68299,395,201,r8tousyoyosanallpage.pdf,official_pdf
bs_2026_general_expenditure_04_03_03_10,2026_general_expenditure_04_03_03,2026,general,一般会計,expenditure,04,環境費,03,清掃費,03,省資源対策費,10,需用費,42288,395,201,r8tousyoyosanallpage.pdf,official_pdf
bs_2026_general_expenditure_04_03_03_11,2026_general_expenditure_04_03_03,2026,general,一般会計,expenditure,04,環境費,03,清掃費,03,省資源対策費,11,役務費,895187,395,201,r8tousyoyosanallpage.pdf,official_pdf
bs_2026_general_expenditure_04_03_03_12,2026_general_expenditure_04_03_03,2026,general,一般会計,expenditure,04,環境費,03,清掃費,03,省資源対策費,12,委託料,2716113,395,201,r8tousyoyosanallpage.pdf,official_pdf
bs_2026_general_expenditure_04_03_03_13,2026_general_expenditure_04_03_03,2026,general,一般会計,expenditure,04,環境費,03,清掃費,03,省資源対策費,13,使用料及賃借料,64,395,201,r8tousyoyosanallpage.pdf,official_pdf
bs_2026_general_expenditure_04_03_03_17,2026_general_expenditure_04_03_03,2026,general,一般会計,expenditure,04,環境費,03,清掃費,03,省資源対策費,17,備品購入費,1175,395,201,r8tousyoyosanallpage.pdf,official_pdf
bs_2026_general_expenditure_04_03_03_18,2026_general_expenditure_04_03_03,2026,general,一般会計,expenditure,04,環境費,03,清掃費,03,省資源対策費,18,負担金補助及交付金,104,395,201,r8tousyoyosanallpage.pdf,official_pdf
bs_2026_general_expenditure_04_03_04_12,2026_general_expenditure_04_03_04,2026,general,一般会計,expenditure,04,環境費,03,清掃費,04,施設整備費,12,委託料,105184,395,201,r8tousyoyosanallpage.pdf,official_pdf
bs_2026_general_expenditure_04_03_04_14,2026_general_expenditure_04_03_04,2026,general,一般会計,expenditure,04,環境費,03,清掃費,04,施設整備費,14,工事請負費,95052,395,201,r8tousyoyosanallpage.pdf,official_pdf
bs_2026_general_expenditure_05_01_01_07,2026_general_expenditure_05_01_01,2026,general,一般会計,expenditure,05,衛生費,01,衛生管理費,01,衛生総務費,07,報償費,145,397,202,r8tousyoyosanallpage.pdf,official_pdf
bs_2026_general_expenditure_05_01_01_10,2026_general_expenditure_05_01_01,2026,general,一般会計,expenditure,05,衛生費,01,衛生管理費,01,衛生総務費,10,需用費,2382,397,202,r8tousyoyosanallpage.pdf,official_pdf
bs_2026_general_expenditure_05_01_01_11,2026_general_expenditure_05_01_01,2026,general,一般会計,expenditure,05,衛生費,01,衛生管理費,01,衛生総務費,11,役務費,3942,397,202,r8tousyoyosanallpage.pdf,official_pdf
bs_2026_general_expenditure_05_01_01_12,2026_general_expenditure_05_01_01,2026,general,一般会計,expenditure,05,衛生費,01,衛生管理費,01,衛生総務費,12,委託料,639699,397,202,r8tousyoyosanallpage.pdf,official_pdf
bs_2026_general_expenditure_05_01_01_13,2026_general_expenditure_05_01_01,2026,general,一般会計,expenditure,05,衛生費,01,衛生管理費,01,衛生総務費,13,使用料及賃借料,63772,397,202,r8tousyoyosanallpage.pdf,official_pdf
bs_2026_general_expenditure_05_01_01_14,2026_general_expenditure_05_01_01,2026,general,一般会計,expenditure,05,衛生費,01,衛生管理費,01,衛生総務費,14,工事請負費,54000,397,202,r8tousyoyosanallpage.pdf,official_pdf
bs_2026_general_expenditure_05_01_01_17,2026_general_expenditure_05_01_01,2026,general,一般会計,expenditure,05,衛生費,01,衛生管理費,01,衛生総務費,17,備品購入費,2869,397,202,r8tousyoyosanallpage.pdf,official_pdf
bs_2026_general_expenditure_05_01_01_18,2026_general_expenditure_05_01_01,2026,general,一般会計,expenditure,05,衛生費,01,衛生管理費,01,衛生総務費,18,負担金補助及交付金,40255,397,202,r8tousyoyosanallpage.pdf,official_pdf
bs_2026_general_expenditure_05_01_03_01,2026_general_expenditure_05_01_03,2026,general,一般会計,expenditure,05,衛生費,01,衛生管理費,03,衛生統計費,01,報酬,1441,399,203,r8tousyoyosanallpage.pdf,official_pdf
bs_2026_general_expenditure_05_01_03_08,2026_general_expenditure_05_01_03,2026,general,一般会計,expenditure,05,衛生費,01,衛生管理費,03,衛生統計費,08,旅費,19,399,203,r8tousyoyosanallpage.pdf,official_pdf
bs_2026_general_expenditure_05_01_03_10,2026_general_expenditure_05_01_03,2026,general,一般会計,expenditure,05,衛生費,01,衛生管理費,03,衛生統計費,10,需用費,756,399,203,r8tousyoyosanallpage.pdf,official_pdf
bs_2026_general_expenditure_05_01_03_11,2026_general_expenditure_05_01_03,2026,general,一般会計,expenditure,05,衛生費,01,衛生管理費,03,衛生統計費,11,役務費,1670,399,203,r8tousyoyosanallpage.pdf,official_pdf
bs_2026_general_expenditure_05_01_04_10,2026_general_expenditure_05_01_04,2026,general,一般会計,expenditure,05,衛生費,01,衛生管理費,04,保健センター費,10,需用費,800,399,203,r8tousyoyosanallpage.pdf,official_pdf
bs_2026_general_expenditure_05_01_04_11,2026_general_expenditure_05_01_04,2026,general,一般会計,expenditure,05,衛生費,01,衛生管理費,04,保健センター費,11,役務費,15,399,203,r8tousyoyosanallpage.pdf,official_pdf
bs_2026_general_expenditure_05_01_04_12,2026_general_expenditure_05_01_04,2026,general,一般会計,expenditure,05,衛生費,01,衛生管理費,04,保健センター費,12,委託料,400147,399,203,r8tousyoyosanallpage.pdf,official_pdf
bs_2026_general_expenditure_05_01_04_17,2026_general_expenditure_05_01_04,2026,general,一般会計,expenditure,05,衛生費,01,衛生管理費,04,保健センター費,17,備品購入費,12337,399,203,r8tousyoyosanallpage.pdf,official_pdf
bs_2026_general_expenditure_05_01_04_18,2026_general_expenditure_05_01_04,2026,general,一般会計,expenditure,05,衛生費,01,衛生管理費,04,保健センター費,18,負担金補助及交付金,97979,399,203,r8tousyoyosanallpage.pdf,official_pdf
bs_2026_general_expenditure_05_01_04_21,2026_general_expenditure_05_01_04,2026,general,一般会計,expenditure,05,衛生費,01,衛生管理費,04,保健センター費,21,補償補填及賠償金,10,399,203,r8tousyoyosanallpage.pdf,official_pdf
bs_2026_general_expenditure_05_02_01_07,2026_general_expenditure_05_02_01,2026,general,一般会計,expenditure,05,衛生費,02,保健所費,01,保健所費,07,報償費,52619,401,204,r8tousyoyosanallpage.pdf,official_pdf
bs_2026_general_expenditure_05_02_01_08,2026_general_expenditure_05_02_01,2026,general,一般会計,expenditure,05,衛生費,02,保健所費,01,保健所費,08,旅費,3145,401,204,r8tousyoyosanallpage.pdf,official_pdf
bs_2026_general_expenditure_05_02_01_09,2026_general_expenditure_05_02_01,2026,general,一般会計,expenditure,05,衛生費,02,保健所費,01,保健所費,09,交際費,50,401,204,r8tousyoyosanallpage.pdf,official_pdf
bs_2026_general_expenditure_05_02_01_10,2026_general_expenditure_05_02_01,2026,general,一般会計,expenditure,05,衛生費,02,保健所費,01,保健所費,10,需用費,31425,401,204,r8tousyoyosanallpage.pdf,official_pdf
bs_2026_general_expenditure_05_02_01_11,2026_general_expenditure_05_02_01,2026,general,一般会計,expenditure,05,衛生費,02,保健所費,01,保健所費,11,役務費,8259,401,204,r8tousyoyosanallpage.pdf,official_pdf
bs_2026_general_expenditure_05_02_01_12,2026_general_expenditure_05_02_01,2026,general,一般会計,expenditure,05,衛生費,02,保健所費,01,保健所費,12,委託料,120888,401,204,r8tousyoyosanallpage.pdf,official_pdf
bs_2026_general_expenditure_05_02_01_13,2026_general_expenditure_05_02_01,2026,general,一般会計,expenditure,05,衛生費,02,保健所費,01,保健所費,13,使用料及賃借料,7986,401,204,r8tousyoyosanallpage.pdf,official_pdf
bs_2026_general_expenditure_05_02_01_17,2026_general_expenditure_05_02_01,2026,general,一般会計,expenditure,05,衛生費,02,保健所費,01,保健所費,17,備品購入費,528,401,204,r8tousyoyosanallpage.pdf,official_pdf
bs_2026_general_expenditure_05_02_01_18,2026_general_expenditure_05_02_01,2026,general,一般会計,expenditure,05,衛生費,02,保健所費,01,保健所費,18,負担金補助及交付金,8098,401,204,r8tousyoyosanallpage.pdf,official_pdf
bs_2026_general_expenditure_05_02_01_21,2026_general_expenditure_05_02_01,2026,general,一般会計,expenditure,05,衛生費,02,保健所費,01,保健所費,21,補償補填及賠償金,50,401,204,r8tousyoyosanallpage.pdf,official_pdf
bs_2026_general_expenditure_05_03_03_01,2026_general_expenditure_05_03_03,2026,general,一般会計,expenditure,05,衛生費,03,公衆衛生費,03,成人病予防費,01,報酬,806,403,205,r8tousyoyosanallpage.pdf,official_pdf
bs_2026_general_expenditure_05_03_03_07,2026_general_expenditure_05_03_03,2026,general,一般会計,expenditure,05,衛生費,03,公衆衛生費,03,成人病予防費,07,報償費,1121,403,205,r8tousyoyosanallpage.pdf,official_pdf
bs_2026_general_expenditure_05_03_03_10,2026_general_expenditure_05_03_03,2026,general,一般会計,expenditure,05,衛生費,03,公衆衛生費,03,成人病予防費,10,需用費,80477,403,205,r8tousyoyosanallpage.pdf,official_pdf
bs_2026_general_expenditure_05_03_03_11,2026_general_expenditure_05_03_03,2026,general,一般会計,expenditure,05,衛生費,03,公衆衛生費,03,成人病予防費,11,役務費,79734,403,205,r8tousyoyosanallpage.pdf,official_pdf
bs_2026_general_expenditure_05_03_03_12,2026_general_expenditure_05_03_03,2026,general,一般会計,expenditure,05,衛生費,03,公衆衛生費,03,成人病予防費,12,委託料,2214407,403,205,r8tousyoyosanallpage.pdf,official_pdf
bs_2026_general_expenditure_05_03_03_13,2026_general_expenditure_05_03_03,2026,general,一般会計,expenditure,05,衛生費,03,公衆衛生費,03,成人病予防費,13,使用料及賃借料,231,403,205,r8tousyoyosanallpage.pdf,official_pdf
bs_2026_general_expenditure_05_03_03_17,2026_general_expenditure_05_03_03,2026,general,一般会計,expenditure,05,衛生費,03,公衆衛生費,03,成人病予防費,17,備品購入費,2229,403,205,r8tousyoyosanallpage.pdf,official_pdf
bs_2026_general_expenditure_05_03_03_18,2026_general_expenditure_05_03_03,2026,general,一般会計,expenditure,05,衛生費,03,公衆衛生費,03,成人病予防費,18,負担金補助及交付金,80178,403,205,r8tousyoyosanallpage.pdf,official_pdf
bs_2026_general_expenditure_05_03_03_19,2026_general_expenditure_05_03_03,2026,general,一般会計,expenditure,05,衛生費,03,公衆衛生費,03,成人病予防費,19,扶助費,297,403,205,r8tousyoyosanallpage.pdf,official_pdf
bs_2026_general_expenditure_05_03_03_21,2026_general_expenditure_05_03_03,2026,general,一般会計,expenditure,05,衛生費,03,公衆衛生費,03,成人病予防費,21,補償補填及賠償金,10,403,205,r8tousyoyosanallpage.pdf,official_pdf
bs_2026_general_expenditure_05_03_03_22,2026_general_expenditure_05_03_03,2026,general,一般会計,expenditure,05,衛生費,03,公衆衛生費,03,成人病予防費,22,償還金利子及割引料,10,403,205,r8tousyoyosanallpage.pdf,official_pdf
bs_2026_general_expenditure_05_03_04_01,2026_general_expenditure_05_03_04,2026,general,一般会計,expenditure,05,衛生費,03,公衆衛生費,04,栄養指導費,01,報酬,1068,405,206,r8tousyoyosanallpage.pdf,official_pdf
bs_2026_general_expenditure_05_03_04_07,2026_general_expenditure_05_03_04,2026,general,一般会計,expenditure,05,衛生費,03,公衆衛生費,04,栄養指導費,07,報償費,4770,405,206,r8tousyoyosanallpage.pdf,official_pdf
bs_2026_general_expenditure_05_03_04_10,2026_general_expenditure_05_03_04,2026,general,一般会計,expenditure,05,衛生費,03,公衆衛生費,04,栄養指導費,10,需用費,3004,405,206,r8tousyoyosanallpage.pdf,official_pdf
bs_2026_general_expenditure_05_03_04_11,2026_general_expenditure_05_03_04,2026,general,一般会計,expenditure,05,衛生費,03,公衆衛生費,04,栄養指導費,11,役務費,141,405,206,r8tousyoyosanallpage.pdf,official_pdf
bs_2026_general_expenditure_05_03_04_12,2026_general_expenditure_05_03_04,2026,general,一般会計,expenditure,05,衛生費,03,公衆衛生費,04,栄養指導費,12,委託料,454,405,206,r8tousyoyosanallpage.pdf,official_pdf
bs_2026_general_expenditure_05_03_04_13,2026_general_expenditure_05_03_04,2026,general,一般会計,expenditure,05,衛生費,03,公衆衛生費,04,栄養指導費,13,使用料及賃借料,523,405,206,r8tousyoyosanallpage.pdf,official_pdf
bs_2026_general_expenditure_05_03_05_01,2026_general_expenditure_05_03_05,2026,general,一般会計,expenditure,05,衛生費,03,公衆衛生費,05,母子保健費,01,報酬,816,405,206,r8tousyoyosanallpage.pdf,official_pdf
bs_2026_general_expenditure_05_03_05_07,2026_general_expenditure_05_03_05,2026,general,一般会計,expenditure,05,衛生費,03,公衆衛生費,05,母子保健費,07,報償費,180992,405,206,r8tousyoyosanallpage.pdf,official_pdf
bs_2026_general_expenditure_05_03_05_08,2026_general_expenditure_05_03_05,2026,general,一般会計,expenditure,05,衛生費,03,公衆衛生費,05,母子保健費,08,旅費,138,405,206,r8tousyoyosanallpage.pdf,official_pdf
bs_2026_general_expenditure_05_03_05_10,2026_general_expenditure_05_03_05,2026,general,一般会計,expenditure,05,衛生費,03,公衆衛生費,05,母子保健費,10,需用費,25287,405,206,r8tousyoyosanallpage.pdf,official_pdf
bs_2026_general_expenditure_05_03_05_11,2026_general_expenditure_05_03_05,2026,general,一般会計,expenditure,05,衛生費,03,公衆衛生費,05,母子保健費,11,役務費,9279,405,206,r8tousyoyosanallpage.pdf,official_pdf
bs_2026_general_expenditure_05_03_05_12,2026_general_expenditure_05_03_05,2026,general,一般会計,expenditure,05,衛生費,03,公衆衛生費,05,母子保健費,12,委託料,1114068,405,206,r8tousyoyosanallpage.pdf,official_pdf
bs_2026_general_expenditure_05_03_05_17,2026_general_expenditure_05_03_05,2026,general,一般会計,expenditure,05,衛生費,03,公衆衛生費,05,母子保健費,17,備品購入費,1438,405,206,r8tousyoyosanallpage.pdf,official_pdf
bs_2026_general_expenditure_05_03_05_18,2026_general_expenditure_05_03_05,2026,general,一般会計,expenditure,05,衛生費,03,公衆衛生費,05,母子保健費,18,負担金補助及交付金,669,405,206,r8tousyoyosanallpage.pdf,official_pdf
bs_2026_general_expenditure_05_03_05_19,2026_general_expenditure_05_03_05,2026,general,一般会計,expenditure,05,衛生費,03,公衆衛生費,05,母子保健費,19,扶助費,1012044,405,206,r8tousyoyosanallpage.pdf,official_pdf
bs_2026_general_expenditure_05_03_06_01,2026_general_expenditure_05_03_06,2026,general,一般会計,expenditure,05,衛生費,03,公衆衛生費,06,公害保健費,01,報酬,984,407,207,r8tousyoyosanallpage.pdf,official_pdf
bs_2026_general_expenditure_05_03_06_10,2026_general_expenditure_05_03_06,2026,general,一般会計,expenditure,05,衛生費,03,公衆衛生費,06,公害保健費,10,需用費,604,407,207,r8tousyoyosanallpage.pdf,official_pdf
bs_2026_general_expenditure_05_03_06_11,2026_general_expenditure_05_03_06,2026,general,一般会計,expenditure,05,衛生費,03,公衆衛生費,06,公害保健費,11,役務費,282,407,207,r8tousyoyosanallpage.pdf,official_pdf
bs_2026_general_expenditure_05_03_07_01,2026_general_expenditure_05_03_07,2026,general,一般会計,expenditure,05,衛生費,03,公衆衛生費,07,感染症予防費,01,報酬,3479,407,207,r8tousyoyosanallpage.pdf,official_pdf
bs_2026_general_expenditure_05_03_07_07,2026_general_expenditure_05_03_07,2026,general,一般会計,expenditure,05,衛生費,03,公衆衛生費,07,感染症予防費,07,報償費,4517,407,207,r8tousyoyosanallpage.pdf,official_pdf
bs_2026_general_expenditure_05_03_07_10,2026_general_expenditure_05_03_07,2026,general,一般会計,expenditure,05,衛生費,03,公衆衛生費,07,感染症予防費,10,需用費,43494,407,207,r8tousyoyosanallpage.pdf,official_pdf
bs_2026_general_expenditure_05_03_07_11,2026_general_expenditure_05_03_07,2026,general,一般会計,expenditure,05,衛生費,03,公衆衛生費,07,感染症予防費,11,役務費,25822,407,207,r8tousyoyosanallpage.pdf,official_pdf
bs_2026_general_expenditure_05_03_07_12,2026_general_expenditure_05_03_07,2026,general,一般会計,expenditure,05,衛生費,03,公衆衛生費,07,感染症予防費,12,委託料,3906295,407,207,r8tousyoyosanallpage.pdf,official_pdf
bs_2026_general_expenditure_05_03_07_18,2026_general_expenditure_05_03_07,2026,general,一般会計,expenditure,05,衛生費,03,公衆衛生費,07,感染症予防費,18,負担金補助及交付金,672555,407,207,r8tousyoyosanallpage.pdf,official_pdf
bs_2026_general_expenditure_05_03_07_19,2026_general_expenditure_05_03_07,2026,general,一般会計,expenditure,05,衛生費,03,公衆衛生費,07,感染症予防費,19,扶助費,112288,407,207,r8tousyoyosanallpage.pdf,official_pdf
bs_2026_general_expenditure_05_04_01_07,2026_general_expenditure_05_04_01,2026,general,一般会計,expenditure,05,衛生費,04,環境衛生費,01,環境衛生費,07,報償費,5698,409,208,r8tousyoyosanallpage.pdf,official_pdf
bs_2026_general_expenditure_05_04_01_08,2026_general_expenditure_05_04_01,2026,general,一般会計,expenditure,05,衛生費,04,環境衛生費,01,環境衛生費,08,旅費,276,409,208,r8tousyoyosanallpage.pdf,official_pdf
bs_2026_general_expenditure_05_04_01_10,2026_general_expenditure_05_04_01,2026,general,一般会計,expenditure,05,衛生費,04,環境衛生費,01,環境衛生費,10,需用費,38240,409,208,r8tousyoyosanallpage.pdf,official_pdf
bs_2026_general_expenditure_05_04_01_11,2026_general_expenditure_05_04_01,2026,general,一般会計,expenditure,05,衛生費,04,環境衛生費,01,環境衛生費,11,役務費,2072,409,208,r8tousyoyosanallpage.pdf,official_pdf
bs_2026_general_expenditure_05_04_01_12,2026_general_expenditure_05_04_01,2026,general,一般会計,expenditure,05,衛生費,04,環境衛生費,01,環境衛生費,12,委託料,138156,409,208,r8tousyoyosanallpage.pdf,official_pdf
bs_2026_general_expenditure_05_04_01_13,2026_general_expenditure_05_04_01,2026,general,一般会計,expenditure,05,衛生費,04,環境衛生費,01,環境衛生費,13,使用料及賃借料,95585,409,208,r8tousyoyosanallpage.pdf,official_pdf
bs_2026_general_expenditure_05_04_01_17,2026_general_expenditure_05_04_01,2026,general,一般会計,expenditure,05,衛生費,04,環境衛生費,01,環境衛生費,17,備品購入費,6568,409,208,r8tousyoyosanallpage.pdf,official_pdf
bs_2026_general_expenditure_05_04_01_18,2026_general_expenditure_05_04_01,2026,general,一般会計,expenditure,05,衛生費,04,環境衛生費,01,環境衛生費,18,負担金補助及交付金,17526,409,208,r8tousyoyosanallpage.pdf,official_pdf
bs_2026_general_expenditure_06_01_01_01,2026_general_expenditure_06_01_01,2026,general,一般会計,expenditure,06,産業経済費,01,商工費,01,商工振興費,01,報酬,953,411,209,r8tousyoyosanallpage.pdf,official_pdf
bs_2026_general_expenditure_06_01_01_07,2026_general_expenditure_06_01_01,2026,general,一般会計,expenditure,06,産業経済費,01,商工費,01,商工振興費,07,報償費,755,411,209,r8tousyoyosanallpage.pdf,official_pdf
bs_2026_general_expenditure_06_01_01_08,2026_general_expenditure_06_01_01,2026,general,一般会計,expenditure,06,産業経済費,01,商工費,01,商工振興費,08,旅費,1170,411,209,r8tousyoyosanallpage.pdf,official_pdf
bs_2026_general_expenditure_06_01_01_10,2026_general_expenditure_06_01_01,2026,general,一般会計,expenditure,06,産業経済費,01,商工費,01,商工振興費,10,需用費,10827,411,209,r8tousyoyosanallpage.pdf,official_pdf
bs_2026_general_expenditure_06_01_01_11,2026_general_expenditure_06_01_01,2026,general,一般会計,expenditure,06,産業経済費,01,商工費,01,商工振興費,11,役務費,1590,411,209,r8tousyoyosanallpage.pdf,official_pdf
bs_2026_general_expenditure_06_01_01_12,2026_general_expenditure_06_01_01,2026,general,一般会計,expenditure,06,産業経済費,01,商工費,01,商工振興費,12,委託料,288904,411,209,r8tousyoyosanallpage.pdf,official_pdf
bs_2026_general_expenditure_06_01_01_13,2026_general_expenditure_06_01_01,2026,general,一般会計,expenditure,06,産業経済費,01,商工費,01,商工振興費,13,使用料及賃借料,1495,411,209,r8tousyoyosanallpage.pdf,official_pdf
bs_2026_general_expenditure_06_01_01_17,2026_general_expenditure_06_01_01,2026,general,一般会計,expenditure,06,産業経済費,01,商工費,01,商工振興費,17,備品購入費,250,411,209,r8tousyoyosanallpage.pdf,official_pdf
bs_2026_general_expenditure_06_01_01_18,2026_general_expenditure_06_01_01,2026,general,一般会計,expenditure,06,産業経済費,01,商工費,01,商工振興費,18,負担金補助及交付金,2195255,411,209,r8tousyoyosanallpage.pdf,official_pdf
bs_2026_general_expenditure_06_02_01_01,2026_general_expenditure_06_02_01,2026,general,一般会計,expenditure,06,産業経済費,02,農業費,01,農業委員会費,01,報酬,7380,415,211,r8tousyoyosanallpage.pdf,official_pdf
bs_2026_general_expenditure_06_02_01_07,2026_general_expenditure_06_02_01,2026,general,一般会計,expenditure,06,産業経済費,02,農業費,01,農業委員会費,07,報償費,100,415,211,r8tousyoyosanallpage.pdf,official_pdf
bs_2026_general_expenditure_06_02_01_08,2026_general_expenditure_06_02_01,2026,general,一般会計,expenditure,06,産業経済費,02,農業費,01,農業委員会費,08,旅費,298,415,211,r8tousyoyosanallpage.pdf,official_pdf
bs_2026_general_expenditure_06_02_01_09,2026_general_expenditure_06_02_01,2026,general,一般会計,expenditure,06,産業経済費,02,農業費,01,農業委員会費,09,交際費,120,415,211,r8tousyoyosanallpage.pdf,official_pdf
bs_2026_general_expenditure_06_02_01_10,2026_general_expenditure_06_02_01,2026,general,一般会計,expenditure,06,産業経済費,02,農業費,01,農業委員会費,10,需用費,512,415,211,r8tousyoyosanallpage.pdf,official_pdf
bs_2026_general_expenditure_06_02_01_11,2026_general_expenditure_06_02_01,2026,general,一般会計,expenditure,06,産業経済費,02,農業費,01,農業委員会費,11,役務費,1153,415,211,r8tousyoyosanallpage.pdf,official_pdf
bs_2026_general_expenditure_06_02_01_12,2026_general_expenditure_06_02_01,2026,general,一般会計,expenditure,06,産業経済費,02,農業費,01,農業委員会費,12,委託料,787,415,211,r8tousyoyosanallpage.pdf,official_pdf
bs_2026_general_expenditure_06_02_01_13,2026_general_expenditure_06_02_01,2026,general,一般会計,expenditure,06,産業経済費,02,農業費,01,農業委員会費,13,使用料及賃借料,233,415,211,r8tousyoyosanallpage.pdf,official_pdf
bs_2026_general_expenditure_06_02_01_18,2026_general_expenditure_06_02_01,2026,general,一般会計,expenditure,06,産業経済費,02,農業費,01,農業委員会費,18,負担金補助及交付金,469,415,211,r8tousyoyosanallpage.pdf,official_pdf
bs_2026_general_expenditure_06_02_02_01,2026_general_expenditure_06_02_02,2026,general,一般会計,expenditure,06,産業経済費,02,農業費,02,農業総務費,01,報酬,762,415,211,r8tousyoyosanallpage.pdf,official_pdf
bs_2026_general_expenditure_06_02_02_07,2026_general_expenditure_06_02_02,2026,general,一般会計,expenditure,06,産業経済費,02,農業費,02,農業総務費,07,報償費,5170,415,211,r8tousyoyosanallpage.pdf,official_pdf
bs_2026_general_expenditure_06_02_02_10,2026_general_expenditure_06_02_02,2026,general,一般会計,expenditure,06,産業経済費,02,農業費,02,農業総務費,10,需用費,14599,415,211,r8tousyoyosanallpage.pdf,official_pdf
bs_2026_general_expenditure_06_02_02_11,2026_general_expenditure_06_02_02,2026,general,一般会計,expenditure,06,産業経済費,02,農業費,02,農業総務費,11,役務費,2110,415,211,r8tousyoyosanallpage.pdf,official_pdf
bs_2026_general_expenditure_06_02_02_12,2026_general_expenditure_06_02_02,2026,general,一般会計,expenditure,06,産業経済費,02,農業費,02,農業総務費,12,委託料,146670,415,211,r8tousyoyosanallpage.pdf,official_pdf
bs_2026_general_expenditure_06_02_02_13,2026_general_expenditure_06_02_02,2026,general,一般会計,expenditure,06,産業経済費,02,農業費,02,農業総務費,13,使用料及賃借料,1833,415,211,r8tousyoyosanallpage.pdf,official_pdf
bs_2026_general_expenditure_06_02_02_16,2026_general_expenditure_06_02_02,2026,general,一般会計,expenditure,06,産業経済費,02,農業費,02,農業総務費,16,公有財産購入費,419,415,211,r8tousyoyosanallpage.pdf,official_pdf
bs_2026_general_expenditure_06_02_02_17,2026_general_expenditure_06_02_02,2026,general,一般会計,expenditure,06,産業経済費,02,農業費,02,農業総務費,17,備品購入費,561,415,211,r8tousyoyosanallpage.pdf,official_pdf
bs_2026_general_expenditure_06_02_02_18,2026_general_expenditure_06_02_02,2026,general,一般会計,expenditure,06,産業経済費,02,農業費,02,農業総務費,18,負担金補助及交付金,50631,415,211,r8tousyoyosanallpage.pdf,official_pdf
bs_2026_general_expenditure_06_02_02_22,2026_general_expenditure_06_02_02,2026,general,一般会計,expenditure,06,産業経済費,02,農業費,02,農業総務費,22,償還金利子及割引料,48,415,211,r8tousyoyosanallpage.pdf,official_pdf
bs_2026_general_expenditure_07_01_01_08,2026_general_expenditure_07_01_01,2026,general,一般会計,expenditure,07,土木費,01,土木管理費,01,土木総務費,08,旅費,1707,419,213,r8tousyoyosanallpage.pdf,official_pdf
bs_2026_general_expenditure_07_01_01_10,2026_general_expenditure_07_01_01,2026,general,一般会計,expenditure,07,土木費,01,土木管理費,01,土木総務費,10,需用費,51883,419,213,r8tousyoyosanallpage.pdf,official_pdf
bs_2026_general_expenditure_07_01_01_11,2026_general_expenditure_07_01_01,2026,general,一般会計,expenditure,07,土木費,01,土木管理費,01,土木総務費,11,役務費,14186,419,213,r8tousyoyosanallpage.pdf,official_pdf
bs_2026_general_expenditure_07_01_01_12,2026_general_expenditure_07_01_01,2026,general,一般会計,expenditure,07,土木費,01,土木管理費,01,土木総務費,12,委託料,62486,419,213,r8tousyoyosanallpage.pdf,official_pdf
bs_2026_general_expenditure_07_01_01_13,2026_general_expenditure_07_01_01,2026,general,一般会計,expenditure,07,土木費,01,土木管理費,01,土木総務費,13,使用料及賃借料,2207,419,213,r8tousyoyosanallpage.pdf,official_pdf
bs_2026_general_expenditure_07_01_01_14,2026_general_expenditure_07_01_01,2026,general,一般会計,expenditure,07,土木費,01,土木管理費,01,土木総務費,14,工事請負費,1868,419,213,r8tousyoyosanallpage.pdf,official_pdf
bs_2026_general_expenditure_07_01_01_18,2026_general_expenditure_07_01_01,2026,general,一般会計,expenditure,07,土木費,01,土木管理費,01,土木総務費,18,負担金補助及交付金,1317,419,213,r8tousyoyosanallpage.pdf,official_pdf
bs_2026_general_expenditure_07_01_01_26,2026_general_expenditure_07_01_01,2026,general,一般会計,expenditure,07,土木費,01,土木管理費,01,土木総務費,26,公課費,256,419,213,r8tousyoyosanallpage.pdf,official_pdf
bs_2026_general_expenditure_07_02_01_07,2026_general_expenditure_07_02_01,2026,general,一般会計,expenditure,07,土木費,02,道路橋梁費,01,道路橋梁総務費,07,報償費,44,421,214,r8tousyoyosanallpage.pdf,official_pdf
bs_2026_general_expenditure_07_02_01_08,2026_general_expenditure_07_02_01,2026,general,一般会計,expenditure,07,土木費,02,道路橋梁費,01,道路橋梁総務費,08,旅費,2139,421,214,r8tousyoyosanallpage.pdf,official_pdf
bs_2026_general_expenditure_07_02_01_10,2026_general_expenditure_07_02_01,2026,general,一般会計,expenditure,07,土木費,02,道路橋梁費,01,道路橋梁総務費,10,需用費,7691,421,214,r8tousyoyosanallpage.pdf,official_pdf
bs_2026_general_expenditure_07_02_01_11,2026_general_expenditure_07_02_01,2026,general,一般会計,expenditure,07,土木費,02,道路橋梁費,01,道路橋梁総務費,11,役務費,964,421,214,r8tousyoyosanallpage.pdf,official_pdf
bs_2026_general_expenditure_07_02_01_12,2026_general_expenditure_07_02_01,2026,general,一般会計,expenditure,07,土木費,02,道路橋梁費,01,道路橋梁総務費,12,委託料,324928,421,214,r8tousyoyosanallpage.pdf,official_pdf
bs_2026_general_expenditure_07_02_01_13,2026_general_expenditure_07_02_01,2026,general,一般会計,expenditure,07,土木費,02,道路橋梁費,01,道路橋梁総務費,13,使用料及賃借料,15279,421,214,r8tousyoyosanallpage.pdf,official_pdf
bs_2026_general_expenditure_07_02_01_15,2026_general_expenditure_07_02_01,2026,general,一般会計,expenditure,07,土木費,02,道路橋梁費,01,道路橋梁総務費,15,原材料費,1831,421,214,r8tousyoyosanallpage.pdf,official_pdf
bs_2026_general_expenditure_07_02_01_18,2026_general_expenditure_07_02_01,2026,general,一般会計,expenditure,07,土木費,02,道路橋梁費,01,道路橋梁総務費,18,負担金補助及交付金,9459,421,214,r8tousyoyosanallpage.pdf,official_pdf
bs_2026_general_expenditure_07_02_02_07,2026_general_expenditure_07_02_02,2026,general,一般会計,expenditure,07,土木費,02,道路橋梁費,02,道路維持費,07,報償費,983,423,215,r8tousyoyosanallpage.pdf,official_pdf
bs_2026_general_expenditure_07_02_02_10,2026_general_expenditure_07_02_02,2026,general,一般会計,expenditure,07,土木費,02,道路橋梁費,02,道路維持費,10,需用費,11250,423,215,r8tousyoyosanallpage.pdf,official_pdf
bs_2026_general_expenditure_07_02_02_11,2026_general_expenditure_07_02_02,2026,general,一般会計,expenditure,07,土木費,02,道路橋梁費,02,道路維持費,11,役務費,637521,423,215,r8tousyoyosanallpage.pdf,official_pdf
bs_2026_general_expenditure_07_02_02_12,2026_general_expenditure_07_02_02,2026,general,一般会計,expenditure,07,土木費,02,道路橋梁費,02,道路維持費,12,委託料,227767,423,215,r8tousyoyosanallpage.pdf,official_pdf
bs_2026_general_expenditure_07_02_02_14,2026_general_expenditure_07_02_02,2026,general,一般会計,expenditure,07,土木費,02,道路橋梁費,02,道路維持費,14,工事請負費,656840,423,215,r8tousyoyosanallpage.pdf,official_pdf
bs_2026_general_expenditure_07_02_02_15,2026_general_expenditure_07_02_02,2026,general,一般会計,expenditure,07,土木費,02,道路橋梁費,02,道路維持費,15,原材料費,19256,423,215,r8tousyoyosanallpage.pdf,official_pdf
bs_2026_general_expenditure_07_02_02_17,2026_general_expenditure_07_02_02,2026,general,一般会計,expenditure,07,土木費,02,道路橋梁費,02,道路維持費,17,備品購入費,16442,423,215,r8tousyoyosanallpage.pdf,official_pdf
bs_2026_general_expenditure_07_02_03_07,2026_general_expenditure_07_02_03,2026,general,一般会計,expenditure,07,土木費,02,道路橋梁費,03,道路新設改良費,07,報償費,361,423,215,r8tousyoyosanallpage.pdf,official_pdf
bs_2026_general_expenditure_07_02_03_08,2026_general_expenditure_07_02_03,2026,general,一般会計,expenditure,07,土木費,02,道路橋梁費,03,道路新設改良費,08,旅費,996,423,215,r8tousyoyosanallpage.pdf,official_pdf
bs_2026_general_expenditure_07_02_03_10,2026_general_expenditure_07_02_03,2026,general,一般会計,expenditure,07,土木費,02,道路橋梁費,03,道路新設改良費,10,需用費,3580,423,215,r8tousyoyosanallpage.pdf,official_pdf
bs_2026_general_expenditure_07_02_03_11,2026_general_expenditure_07_02_03,2026,general,一般会計,expenditure,07,土木費,02,道路橋梁費,03,道路新設改良費,11,役務費,47419,423,215,r8tousyoyosanallpage.pdf,official_pdf
bs_2026_general_expenditure_07_02_03_12,2026_general_expenditure_07_02_03,2026,general,一般会計,expenditure,07,土木費,02,道路橋梁費,03,道路新設改良費,12,委託料,1786037,423,215,r8tousyoyosanallpage.pdf,official_pdf
bs_2026_general_expenditure_07_02_03_14,2026_general_expenditure_07_02_03,2026,general,一般会計,expenditure,07,土木費,02,道路橋梁費,03,道路新設改良費,14,工事請負費,3596603,423,215,r8tousyoyosanallpage.pdf,official_pdf
bs_2026_general_expenditure_07_02_03_15,2026_general_expenditure_07_02_03,2026,general,一般会計,expenditure,07,土木費,02,道路橋梁費,03,道路新設改良費,15,原材料費,548,423,215,r8tousyoyosanallpage.pdf,official_pdf
bs_2026_general_expenditure_07_02_03_16,2026_general_expenditure_07_02_03,2026,general,一般会計,expenditure,07,土木費,02,道路橋梁費,03,道路新設改良費,16,公有財産購入費,3574678,423,215,r8tousyoyosanallpage.pdf,official_pdf
bs_2026_general_expenditure_07_02_03_18,2026_general_expenditure_07_02_03,2026,general,一般会計,expenditure,07,土木費,02,道路橋梁費,03,道路新設改良費,18,負担金補助及交付金,58550,423,215,r8tousyoyosanallpage.pdf,official_pdf
bs_2026_general_expenditure_07_02_03_21,2026_general_expenditure_07_02_03,2026,general,一般会計,expenditure,07,土木費,02,道路橋梁費,03,道路新設改良費,21,補償補填及賠償金,228872,423,215,r8tousyoyosanallpage.pdf,official_pdf
bs_2026_general_expenditure_07_02_03_22,2026_general_expenditure_07_02_03,2026,general,一般会計,expenditure,07,土木費,02,道路橋梁費,03,道路新設改良費,22,償還金利子及割引料,202667,423,215,r8tousyoyosanallpage.pdf,official_pdf
bs_2026_general_expenditure_07_02_04_18,2026_general_expenditure_07_02_04,2026,general,一般会計,expenditure,07,土木費,02,道路橋梁費,04,私道整備費,18,負担金補助及交付金,39000,425,216,r8tousyoyosanallpage.pdf,official_pdf
bs_2026_general_expenditure_07_02_06_01,2026_general_expenditure_07_02_06,2026,general,一般会計,expenditure,07,土木費,02,道路橋梁費,06,交通安全対策費,01,報酬,670,425,216,r8tousyoyosanallpage.pdf,official_pdf
bs_2026_general_expenditure_07_02_06_07,2026_general_expenditure_07_02_06,2026,general,一般会計,expenditure,07,土木費,02,道路橋梁費,06,交通安全対策費,07,報償費,49,425,216,r8tousyoyosanallpage.pdf,official_pdf
bs_2026_general_expenditure_07_02_06_10,2026_general_expenditure_07_02_06,2026,general,一般会計,expenditure,07,土木費,02,道路橋梁費,06,交通安全対策費,10,需用費,18790,425,216,r8tousyoyosanallpage.pdf,official_pdf
bs_2026_general_expenditure_07_02_06_11,2026_general_expenditure_07_02_06,2026,general,一般会計,expenditure,07,土木費,02,道路橋梁費,06,交通安全対策費,11,役務費,2461,425,216,r8tousyoyosanallpage.pdf,official_pdf
bs_2026_general_expenditure_07_02_06_12,2026_general_expenditure_07_02_06,2026,general,一般会計,expenditure,07,土木費,02,道路橋梁費,06,交通安全対策費,12,委託料,471647,425,216,r8tousyoyosanallpage.pdf,official_pdf
bs_2026_general_expenditure_07_02_06_13,2026_general_expenditure_07_02_06,2026,general,一般会計,expenditure,07,土木費,02,道路橋梁費,06,交通安全対策費,13,使用料及賃借料,167098,425,216,r8tousyoyosanallpage.pdf,official_pdf
bs_2026_general_expenditure_07_02_06_14,2026_general_expenditure_07_02_06,2026,general,一般会計,expenditure,07,土木費,02,道路橋梁費,06,交通安全対策費,14,工事請負費,295267,425,216,r8tousyoyosanallpage.pdf,official_pdf
bs_2026_general_expenditure_07_02_06_15,2026_general_expenditure_07_02_06,2026,general,一般会計,expenditure,07,土木費,02,道路橋梁費,06,交通安全対策費,15,原材料費,4145,425,216,r8tousyoyosanallpage.pdf,official_pdf
bs_2026_general_expenditure_07_02_06_18,2026_general_expenditure_07_02_06,2026,general,一般会計,expenditure,07,土木費,02,道路橋梁費,06,交通安全対策費,18,負担金補助及交付金,6236,425,216,r8tousyoyosanallpage.pdf,official_pdf
bs_2026_general_expenditure_07_02_07_10,2026_general_expenditure_07_02_07,2026,general,一般会計,expenditure,07,土木費,02,道路橋梁費,07,街路照明費,10,需用費,297325,425,216,r8tousyoyosanallpage.pdf,official_pdf
bs_2026_general_expenditure_07_02_07_11,2026_general_expenditure_07_02_07,2026,general,一般会計,expenditure,07,土木費,02,道路橋梁費,07,街路照明費,11,役務費,216,425,216,r8tousyoyosanallpage.pdf,official_pdf
bs_2026_general_expenditure_07_02_07_12,2026_general_expenditure_07_02_07,2026,general,一般会計,expenditure,07,土木費,02,道路橋梁費,07,街路照明費,12,委託料,49702,425,216,r8tousyoyosanallpage.pdf,official_pdf
bs_2026_general_expenditure_07_02_07_14,2026_general_expenditure_07_02_07,2026,general,一般会計,expenditure,07,土木費,02,道路橋梁費,07,街路照明費,14,工事請負費,501051,425,216,r8tousyoyosanallpage.pdf,official_pdf
bs_2026_general_expenditure_07_02_07_15,2026_general_expenditure_07_02_07,2026,general,一般会計,expenditure,07,土木費,02,道路橋梁費,07,街路照明費,15,原材料費,4186,425,216,r8tousyoyosanallpage.pdf,official_pdf
bs_2026_general_expenditure_07_02_07_18,2026_general_expenditure_07_02_07,2026,general,一般会計,expenditure,07,土木費,02,道路橋梁費,07,街路照明費,18,負担金補助及交付金,1134,425,216,r8tousyoyosanallpage.pdf,official_pdf
bs_2026_general_expenditure_07_02_08_08,2026_general_expenditure_07_02_08,2026,general,一般会計,expenditure,07,土木費,02,道路橋梁費,08,公共下水道建設費,08,旅費,400,425,216,r8tousyoyosanallpage.pdf,official_pdf
bs_2026_general_expenditure_07_02_08_10,2026_general_expenditure_07_02_08,2026,general,一般会計,expenditure,07,土木費,02,道路橋梁費,08,公共下水道建設費,10,需用費,91,425,216,r8tousyoyosanallpage.pdf,official_pdf
bs_2026_general_expenditure_07_02_08_11,2026_general_expenditure_07_02_08,2026,general,一般会計,expenditure,07,土木費,02,道路橋梁費,08,公共下水道建設費,11,役務費,1,425,216,r8tousyoyosanallpage.pdf,official_pdf
bs_2026_general_expenditure_07_02_08_12,2026_general_expenditure_07_02_08,2026,general,一般会計,expenditure,07,土木費,02,道路橋梁費,08,公共下水道建設費,12,委託料,80203,425,216,r8tousyoyosanallpage.pdf,official_pdf
bs_2026_general_expenditure_07_02_08_14,2026_general_expenditure_07_02_08,2026,general,一般会計,expenditure,07,土木費,02,道路橋梁費,08,公共下水道建設費,14,工事請負費,348000,425,216,r8tousyoyosanallpage.pdf,official_pdf
bs_2026_general_expenditure_07_02_08_18,2026_general_expenditure_07_02_08,2026,general,一般会計,expenditure,07,土木費,02,道路橋梁費,08,公共下水道建設費,18,負担金補助及交付金,199,425,216,r8tousyoyosanallpage.pdf,official_pdf
bs_2026_general_expenditure_07_02_09_18,2026_general_expenditure_07_02_09,2026,general,一般会計,expenditure,07,土木費,02,道路橋梁費,09,水洗化促進費,18,負担金補助及交付金,3500,425,216,r8tousyoyosanallpage.pdf,official_pdf
bs_2026_general_expenditure_07_02_10_12,2026_general_expenditure_07_02_10,2026,general,一般会計,expenditure,07,土木費,02,道路橋梁費,10,橋梁新設改良費,12,委託料,135087,427,217,r8tousyoyosanallpage.pdf,official_pdf
bs_2026_general_expenditure_07_02_10_13,2026_general_expenditure_07_02_10,2026,general,一般会計,expenditure,07,土木費,02,道路橋梁費,10,橋梁新設改良費,13,使用料及賃借料,1488,427,217,r8tousyoyosanallpage.pdf,official_pdf
bs_2026_general_expenditure_07_02_10_14,2026_general_expenditure_07_02_10,2026,general,一般会計,expenditure,07,土木費,02,道路橋梁費,10,橋梁新設改良費,14,工事請負費,1337838,427,217,r8tousyoyosanallpage.pdf,official_pdf
bs_2026_general_expenditure_07_03_01_10,2026_general_expenditure_07_03_01,2026,general,一般会計,expenditure,07,土木費,03,河川費,01,河川総務費,10,需用費,8270,429,218,r8tousyoyosanallpage.pdf,official_pdf
bs_2026_general_expenditure_07_03_01_11,2026_general_expenditure_07_03_01,2026,general,一般会計,expenditure,07,土木費,03,河川費,01,河川総務費,11,役務費,129788,429,218,r8tousyoyosanallpage.pdf,official_pdf
bs_2026_general_expenditure_07_03_01_12,2026_general_expenditure_07_03_01,2026,general,一般会計,expenditure,07,土木費,03,河川費,01,河川総務費,12,委託料,84243,429,218,r8tousyoyosanallpage.pdf,official_pdf
bs_2026_general_expenditure_07_03_01_14,2026_general_expenditure_07_03_01,2026,general,一般会計,expenditure,07,土木費,03,河川費,01,河川総務費,14,工事請負費,30345,429,218,r8tousyoyosanallpage.pdf,official_pdf
bs_2026_general_expenditure_07_03_01_15,2026_general_expenditure_07_03_01,2026,general,一般会計,expenditure,07,土木費,03,河川費,01,河川総務費,15,原材料費,938,429,218,r8tousyoyosanallpage.pdf,official_pdf
bs_2026_general_expenditure_07_03_01_17,2026_general_expenditure_07_03_01,2026,general,一般会計,expenditure,07,土木費,03,河川費,01,河川総務費,17,備品購入費,605,429,218,r8tousyoyosanallpage.pdf,official_pdf
bs_2026_general_expenditure_07_03_01_18,2026_general_expenditure_07_03_01,2026,general,一般会計,expenditure,07,土木費,03,河川費,01,河川総務費,18,負担金補助及交付金,442,429,218,r8tousyoyosanallpage.pdf,official_pdf
bs_2026_general_expenditure_07_03_05_12,2026_general_expenditure_07_03_05,2026,general,一般会計,expenditure,07,土木費,03,河川費,05,河川整備費,12,委託料,11041,429,218,r8tousyoyosanallpage.pdf,official_pdf
bs_2026_general_expenditure_07_03_05_14,2026_general_expenditure_07_03_05,2026,general,一般会計,expenditure,07,土木費,03,河川費,05,河川整備費,14,工事請負費,80308,429,218,r8tousyoyosanallpage.pdf,official_pdf
bs_2026_general_expenditure_07_04_01_07,2026_general_expenditure_07_04_01,2026,general,一般会計,expenditure,07,土木費,04,公園費,01,公園管理費,07,報償費,22822,431,219,r8tousyoyosanallpage.pdf,official_pdf
bs_2026_general_expenditure_07_04_01_08,2026_general_expenditure_07_04_01,2026,general,一般会計,expenditure,07,土木費,04,公園費,01,公園管理費,08,旅費,1129,431,219,r8tousyoyosanallpage.pdf,official_pdf
bs_2026_general_expenditure_07_04_01_09,2026_general_expenditure_07_04_01,2026,general,一般会計,expenditure,07,土木費,04,公園費,01,公園管理費,09,交際費,66,431,219,r8tousyoyosanallpage.pdf,official_pdf
bs_2026_general_expenditure_07_04_01_10,2026_general_expenditure_07_04_01,2026,general,一般会計,expenditure,07,土木費,04,公園費,01,公園管理費,10,需用費,313670,431,219,r8tousyoyosanallpage.pdf,official_pdf
bs_2026_general_expenditure_07_04_01_11,2026_general_expenditure_07_04_01,2026,general,一般会計,expenditure,07,土木費,04,公園費,01,公園管理費,11,役務費,1720975,431,219,r8tousyoyosanallpage.pdf,official_pdf
bs_2026_general_expenditure_07_04_01_12,2026_general_expenditure_07_04_01,2026,general,一般会計,expenditure,07,土木費,04,公園費,01,公園管理費,12,委託料,1650949,431,219,r8tousyoyosanallpage.pdf,official_pdf
bs_2026_general_expenditure_07_04_01_13,2026_general_expenditure_07_04_01,2026,general,一般会計,expenditure,07,土木費,04,公園費,01,公園管理費,13,使用料及賃借料,61718,431,219,r8tousyoyosanallpage.pdf,official_pdf
bs_2026_general_expenditure_07_04_01_14,2026_general_expenditure_07_04_01,2026,general,一般会計,expenditure,07,土木費,04,公園費,01,公園管理費,14,工事請負費,226625,431,219,r8tousyoyosanallpage.pdf,official_pdf
bs_2026_general_expenditure_07_04_01_15,2026_general_expenditure_07_04_01,2026,general,一般会計,expenditure,07,土木費,04,公園費,01,公園管理費,15,原材料費,1319,431,219,r8tousyoyosanallpage.pdf,official_pdf
bs_2026_general_expenditure_07_04_01_18,2026_general_expenditure_07_04_01,2026,general,一般会計,expenditure,07,土木費,04,公園費,01,公園管理費,18,負担金補助及交付金,46895,431,219,r8tousyoyosanallpage.pdf,official_pdf
bs_2026_general_expenditure_07_04_01_21,2026_general_expenditure_07_04_01,2026,general,一般会計,expenditure,07,土木費,04,公園費,01,公園管理費,21,補償補填及賠償金,16687,431,219,r8tousyoyosanallpage.pdf,official_pdf
bs_2026_general_expenditure_07_04_01_26,2026_general_expenditure_07_04_01,2026,general,一般会計,expenditure,07,土木費,04,公園費,01,公園管理費,26,公課費,75,431,219,r8tousyoyosanallpage.pdf,official_pdf
bs_2026_general_expenditure_07_04_02_07,2026_general_expenditure_07_04_02,2026,general,一般会計,expenditure,07,土木費,04,公園費,02,公園新設改良費,07,報償費,384,433,220,r8tousyoyosanallpage.pdf,official_pdf
bs_2026_general_expenditure_07_04_02_10,2026_general_expenditure_07_04_02,2026,general,一般会計,expenditure,07,土木費,04,公園費,02,公園新設改良費,10,需用費,258,433,220,r8tousyoyosanallpage.pdf,official_pdf
bs_2026_general_expenditure_07_04_02_11,2026_general_expenditure_07_04_02,2026,general,一般会計,expenditure,07,土木費,04,公園費,02,公園新設改良費,11,役務費,173,433,220,r8tousyoyosanallpage.pdf,official_pdf
bs_2026_general_expenditure_07_04_02_12,2026_general_expenditure_07_04_02,2026,general,一般会計,expenditure,07,土木費,04,公園費,02,公園新設改良費,12,委託料,589856,433,220,r8tousyoyosanallpage.pdf,official_pdf
bs_2026_general_expenditure_07_04_02_13,2026_general_expenditure_07_04_02,2026,general,一般会計,expenditure,07,土木費,04,公園費,02,公園新設改良費,13,使用料及賃借料,800,433,220,r8tousyoyosanallpage.pdf,official_pdf
bs_2026_general_expenditure_07_04_02_14,2026_general_expenditure_07_04_02,2026,general,一般会計,expenditure,07,土木費,04,公園費,02,公園新設改良費,14,工事請負費,1713513,433,220,r8tousyoyosanallpage.pdf,official_pdf
bs_2026_general_expenditure_07_04_02_16,2026_general_expenditure_07_04_02,2026,general,一般会計,expenditure,07,土木費,04,公園費,02,公園新設改良費,16,公有財産購入費,3209710,433,220,r8tousyoyosanallpage.pdf,official_pdf
bs_2026_general_expenditure_07_04_05_07,2026_general_expenditure_07_04_05,2026,general,一般会計,expenditure,07,土木費,04,公園費,05,緑化推進費,07,報償費,1108,433,220,r8tousyoyosanallpage.pdf,official_pdf
bs_2026_general_expenditure_07_04_05_10,2026_general_expenditure_07_04_05,2026,general,一般会計,expenditure,07,土木費,04,公園費,05,緑化推進費,10,需用費,17693,433,220,r8tousyoyosanallpage.pdf,official_pdf
bs_2026_general_expenditure_07_04_05_11,2026_general_expenditure_07_04_05,2026,general,一般会計,expenditure,07,土木費,04,公園費,05,緑化推進費,11,役務費,711,433,220,r8tousyoyosanallpage.pdf,official_pdf
bs_2026_general_expenditure_07_04_05_12,2026_general_expenditure_07_04_05,2026,general,一般会計,expenditure,07,土木費,04,公園費,05,緑化推進費,12,委託料,289759,433,220,r8tousyoyosanallpage.pdf,official_pdf
bs_2026_general_expenditure_07_04_05_18,2026_general_expenditure_07_04_05,2026,general,一般会計,expenditure,07,土木費,04,公園費,05,緑化推進費,18,負担金補助及交付金,45033,433,220,r8tousyoyosanallpage.pdf,official_pdf
bs_2026_general_expenditure_07_04_05_24,2026_general_expenditure_07_04_05,2026,general,一般会計,expenditure,07,土木費,04,公園費,05,緑化推進費,24,積立金,109193,433,220,r8tousyoyosanallpage.pdf,official_pdf
bs_2026_general_expenditure_07_04_06_10,2026_general_expenditure_07_04_06,2026,general,一般会計,expenditure,07,土木費,04,公園費,06,公衆トイレ費,10,需用費,6438,433,220,r8tousyoyosanallpage.pdf,official_pdf
bs_2026_general_expenditure_07_04_06_11,2026_general_expenditure_07_04_06,2026,general,一般会計,expenditure,07,土木費,04,公園費,06,公衆トイレ費,11,役務費,27109,433,220,r8tousyoyosanallpage.pdf,official_pdf
bs_2026_general_expenditure_07_04_06_12,2026_general_expenditure_07_04_06,2026,general,一般会計,expenditure,07,土木費,04,公園費,06,公衆トイレ費,12,委託料,1586,433,220,r8tousyoyosanallpage.pdf,official_pdf
bs_2026_general_expenditure_07_05_01_01,2026_general_expenditure_07_05_01,2026,general,一般会計,expenditure,07,土木費,05,建築費,01,建築行政費,01,報酬,914,435,221,r8tousyoyosanallpage.pdf,official_pdf
bs_2026_general_expenditure_07_05_01_07,2026_general_expenditure_07_05_01,2026,general,一般会計,expenditure,07,土木費,05,建築費,01,建築行政費,07,報償費,713,435,221,r8tousyoyosanallpage.pdf,official_pdf
bs_2026_general_expenditure_07_05_01_10,2026_general_expenditure_07_05_01,2026,general,一般会計,expenditure,07,土木費,05,建築費,01,建築行政費,10,需用費,5591,435,221,r8tousyoyosanallpage.pdf,official_pdf
bs_2026_general_expenditure_07_05_01_11,2026_general_expenditure_07_05_01,2026,general,一般会計,expenditure,07,土木費,05,建築費,01,建築行政費,11,役務費,2548,435,221,r8tousyoyosanallpage.pdf,official_pdf
bs_2026_general_expenditure_07_05_01_12,2026_general_expenditure_07_05_01,2026,general,一般会計,expenditure,07,土木費,05,建築費,01,建築行政費,12,委託料,126350,435,221,r8tousyoyosanallpage.pdf,official_pdf
bs_2026_general_expenditure_07_05_01_17,2026_general_expenditure_07_05_01,2026,general,一般会計,expenditure,07,土木費,05,建築費,01,建築行政費,17,備品購入費,68,435,221,r8tousyoyosanallpage.pdf,official_pdf
bs_2026_general_expenditure_07_05_01_18,2026_general_expenditure_07_05_01,2026,general,一般会計,expenditure,07,土木費,05,建築費,01,建築行政費,18,負担金補助及交付金,403572,435,221,r8tousyoyosanallpage.pdf,official_pdf
bs_2026_general_expenditure_07_05_02_01,2026_general_expenditure_07_05_02,2026,general,一般会計,expenditure,07,土木費,05,建築費,02,住宅費,01,報酬,1512,437,222,r8tousyoyosanallpage.pdf,official_pdf
bs_2026_general_expenditure_07_05_02_07,2026_general_expenditure_07_05_02,2026,general,一般会計,expenditure,07,土木費,05,建築費,02,住宅費,07,報償費,8272,437,222,r8tousyoyosanallpage.pdf,official_pdf
bs_2026_general_expenditure_07_05_02_08,2026_general_expenditure_07_05_02,2026,general,一般会計,expenditure,07,土木費,05,建築費,02,住宅費,08,旅費,81,437,222,r8tousyoyosanallpage.pdf,official_pdf
bs_2026_general_expenditure_07_05_02_10,2026_general_expenditure_07_05_02,2026,general,一般会計,expenditure,07,土木費,05,建築費,02,住宅費,10,需用費,25613,437,222,r8tousyoyosanallpage.pdf,official_pdf
bs_2026_general_expenditure_07_05_02_11,2026_general_expenditure_07_05_02,2026,general,一般会計,expenditure,07,土木費,05,建築費,02,住宅費,11,役務費,2879,437,222,r8tousyoyosanallpage.pdf,official_pdf
bs_2026_general_expenditure_07_05_02_12,2026_general_expenditure_07_05_02,2026,general,一般会計,expenditure,07,土木費,05,建築費,02,住宅費,12,委託料,989007,437,222,r8tousyoyosanallpage.pdf,official_pdf
bs_2026_general_expenditure_07_05_02_13,2026_general_expenditure_07_05_02,2026,general,一般会計,expenditure,07,土木費,05,建築費,02,住宅費,13,使用料及賃借料,483757,437,222,r8tousyoyosanallpage.pdf,official_pdf
bs_2026_general_expenditure_07_05_02_14,2026_general_expenditure_07_05_02,2026,general,一般会計,expenditure,07,土木費,05,建築費,02,住宅費,14,工事請負費,574817,437,222,r8tousyoyosanallpage.pdf,official_pdf
bs_2026_general_expenditure_07_05_02_18,2026_general_expenditure_07_05_02,2026,general,一般会計,expenditure,07,土木費,05,建築費,02,住宅費,18,負担金補助及交付金,250184,437,222,r8tousyoyosanallpage.pdf,official_pdf
bs_2026_general_expenditure_07_05_02_24,2026_general_expenditure_07_05_02,2026,general,一般会計,expenditure,07,土木費,05,建築費,02,住宅費,24,積立金,84254,437,222,r8tousyoyosanallpage.pdf,official_pdf
bs_2026_general_expenditure_07_06_01_01,2026_general_expenditure_07_06_01,2026,general,一般会計,expenditure,07,土木費,06,都市計画費,01,都市計画総務費,01,報酬,4546,439,223,r8tousyoyosanallpage.pdf,official_pdf
bs_2026_general_expenditure_07_06_01_07,2026_general_expenditure_07_06_01,2026,general,一般会計,expenditure,07,土木費,06,都市計画費,01,都市計画総務費,07,報償費,6413,439,223,r8tousyoyosanallpage.pdf,official_pdf
bs_2026_general_expenditure_07_06_01_08,2026_general_expenditure_07_06_01,2026,general,一般会計,expenditure,07,土木費,06,都市計画費,01,都市計画総務費,08,旅費,4745,439,223,r8tousyoyosanallpage.pdf,official_pdf
bs_2026_general_expenditure_07_06_01_09,2026_general_expenditure_07_06_01,2026,general,一般会計,expenditure,07,土木費,06,都市計画費,01,都市計画総務費,09,交際費,55,439,223,r8tousyoyosanallpage.pdf,official_pdf
bs_2026_general_expenditure_07_06_01_10,2026_general_expenditure_07_06_01,2026,general,一般会計,expenditure,07,土木費,06,都市計画費,01,都市計画総務費,10,需用費,55546,439,223,r8tousyoyosanallpage.pdf,official_pdf
bs_2026_general_expenditure_07_06_01_11,2026_general_expenditure_07_06_01,2026,general,一般会計,expenditure,07,土木費,06,都市計画費,01,都市計画総務費,11,役務費,14982,439,223,r8tousyoyosanallpage.pdf,official_pdf
bs_2026_general_expenditure_07_06_01_12,2026_general_expenditure_07_06_01,2026,general,一般会計,expenditure,07,土木費,06,都市計画費,01,都市計画総務費,12,委託料,560817,439,223,r8tousyoyosanallpage.pdf,official_pdf
bs_2026_general_expenditure_07_06_01_13,2026_general_expenditure_07_06_01,2026,general,一般会計,expenditure,07,土木費,06,都市計画費,01,都市計画総務費,13,使用料及賃借料,1005,439,223,r8tousyoyosanallpage.pdf,official_pdf
bs_2026_general_expenditure_07_06_01_14,2026_general_expenditure_07_06_01,2026,general,一般会計,expenditure,07,土木費,06,都市計画費,01,都市計画総務費,14,工事請負費,65513,439,223,r8tousyoyosanallpage.pdf,official_pdf
bs_2026_general_expenditure_07_06_01_18,2026_general_expenditure_07_06_01,2026,general,一般会計,expenditure,07,土木費,06,都市計画費,01,都市計画総務費,18,負担金補助及交付金,2502575,439,223,r8tousyoyosanallpage.pdf,official_pdf
bs_2026_general_expenditure_07_06_01_20,2026_general_expenditure_07_06_01,2026,general,一般会計,expenditure,07,土木費,06,都市計画費,01,都市計画総務費,20,貸付金,2944131,439,223,r8tousyoyosanallpage.pdf,official_pdf
bs_2026_general_expenditure_07_06_02_07,2026_general_expenditure_07_06_02,2026,general,一般会計,expenditure,07,土木費,06,都市計画費,02,市街地開発費,07,報償費,264,441,224,r8tousyoyosanallpage.pdf,official_pdf
bs_2026_general_expenditure_07_06_02_10,2026_general_expenditure_07_06_02,2026,general,一般会計,expenditure,07,土木費,06,都市計画費,02,市街地開発費,10,需用費,2861,441,224,r8tousyoyosanallpage.pdf,official_pdf
bs_2026_general_expenditure_07_06_02_11,2026_general_expenditure_07_06_02,2026,general,一般会計,expenditure,07,土木費,06,都市計画費,02,市街地開発費,11,役務費,4548,441,224,r8tousyoyosanallpage.pdf,official_pdf
bs_2026_general_expenditure_07_06_02_12,2026_general_expenditure_07_06_02,2026,general,一般会計,expenditure,07,土木費,06,都市計画費,02,市街地開発費,12,委託料,107982,441,224,r8tousyoyosanallpage.pdf,official_pdf
bs_2026_general_expenditure_07_06_02_14,2026_general_expenditure_07_06_02,2026,general,一般会計,expenditure,07,土木費,06,都市計画費,02,市街地開発費,14,工事請負費,51578,441,224,r8tousyoyosanallpage.pdf,official_pdf
bs_2026_general_expenditure_07_06_02_16,2026_general_expenditure_07_06_02,2026,general,一般会計,expenditure,07,土木費,06,都市計画費,02,市街地開発費,16,公有財産購入費,132953,441,224,r8tousyoyosanallpage.pdf,official_pdf
bs_2026_general_expenditure_07_06_02_18,2026_general_expenditure_07_06_02,2026,general,一般会計,expenditure,07,土木費,06,都市計画費,02,市街地開発費,18,負担金補助及交付金,383799,441,224,r8tousyoyosanallpage.pdf,official_pdf
bs_2026_general_expenditure_07_06_02_21,2026_general_expenditure_07_06_02,2026,general,一般会計,expenditure,07,土木費,06,都市計画費,02,市街地開発費,21,補償補填及賠償金,2870,441,224,r8tousyoyosanallpage.pdf,official_pdf
bs_2026_general_expenditure_07_06_02_24,2026_general_expenditure_07_06_02,2026,general,一般会計,expenditure,07,土木費,06,都市計画費,02,市街地開発費,24,積立金,78169,441,224,r8tousyoyosanallpage.pdf,official_pdf
bs_2026_general_expenditure_08_01_01_01,2026_general_expenditure_08_01_01,2026,general,一般会計,expenditure,08,教育費,01,教育総務費,01,教育委員会費,01,報酬,11556,443,225,r8tousyoyosanallpage.pdf,official_pdf
bs_2026_general_expenditure_08_01_01_07,2026_general_expenditure_08_01_01,2026,general,一般会計,expenditure,08,教育費,01,教育総務費,01,教育委員会費,07,報償費,66,443,225,r8tousyoyosanallpage.pdf,official_pdf
bs_2026_general_expenditure_08_01_01_08,2026_general_expenditure_08_01_01,2026,general,一般会計,expenditure,08,教育費,01,教育総務費,01,教育委員会費,08,旅費,454,443,225,r8tousyoyosanallpage.pdf,official_pdf
bs_2026_general_expenditure_08_01_01_09,2026_general_expenditure_08_01_01,2026,general,一般会計,expenditure,08,教育費,01,教育総務費,01,教育委員会費,09,交際費,360,443,225,r8tousyoyosanallpage.pdf,official_pdf
bs_2026_general_expenditure_08_01_01_10,2026_general_expenditure_08_01_01,2026,general,一般会計,expenditure,08,教育費,01,教育総務費,01,教育委員会費,10,需用費,11,443,225,r8tousyoyosanallpage.pdf,official_pdf
bs_2026_general_expenditure_08_01_01_11,2026_general_expenditure_08_01_01,2026,general,一般会計,expenditure,08,教育費,01,教育総務費,01,教育委員会費,11,役務費,924,443,225,r8tousyoyosanallpage.pdf,official_pdf
bs_2026_general_expenditure_08_01_02_07,2026_general_expenditure_08_01_02,2026,general,一般会計,expenditure,08,教育費,01,教育総務費,02,事務局費,07,報償費,5459,445,226,r8tousyoyosanallpage.pdf,official_pdf
bs_2026_general_expenditure_08_01_02_08,2026_general_expenditure_08_01_02,2026,general,一般会計,expenditure,08,教育費,01,教育総務費,02,事務局費,08,旅費,3546,445,226,r8tousyoyosanallpage.pdf,official_pdf
bs_2026_general_expenditure_08_01_02_10,2026_general_expenditure_08_01_02,2026,general,一般会計,expenditure,08,教育費,01,教育総務費,02,事務局費,10,需用費,37019,445,226,r8tousyoyosanallpage.pdf,official_pdf
bs_2026_general_expenditure_08_01_02_11,2026_general_expenditure_08_01_02,2026,general,一般会計,expenditure,08,教育費,01,教育総務費,02,事務局費,11,役務費,57301,445,226,r8tousyoyosanallpage.pdf,official_pdf
bs_2026_general_expenditure_08_01_02_12,2026_general_expenditure_08_01_02,2026,general,一般会計,expenditure,08,教育費,01,教育総務費,02,事務局費,12,委託料,1416819,445,226,r8tousyoyosanallpage.pdf,official_pdf
bs_2026_general_expenditure_08_01_02_13,2026_general_expenditure_08_01_02,2026,general,一般会計,expenditure,08,教育費,01,教育総務費,02,事務局費,13,使用料及賃借料,710470,445,226,r8tousyoyosanallpage.pdf,official_pdf
bs_2026_general_expenditure_08_01_02_17,2026_general_expenditure_08_01_02,2026,general,一般会計,expenditure,08,教育費,01,教育総務費,02,事務局費,17,備品購入費,44083,445,226,r8tousyoyosanallpage.pdf,official_pdf
bs_2026_general_expenditure_08_01_02_18,2026_general_expenditure_08_01_02,2026,general,一般会計,expenditure,08,教育費,01,教育総務費,02,事務局費,18,負担金補助及交付金,476,445,226,r8tousyoyosanallpage.pdf,official_pdf
bs_2026_general_expenditure_08_01_03_01,2026_general_expenditure_08_01_03,2026,general,一般会計,expenditure,08,教育費,01,教育総務費,03,教育指導費,01,報酬,30576,445,226,r8tousyoyosanallpage.pdf,official_pdf
bs_2026_general_expenditure_08_01_03_07,2026_general_expenditure_08_01_03,2026,general,一般会計,expenditure,08,教育費,01,教育総務費,03,教育指導費,07,報償費,794000,445,226,r8tousyoyosanallpage.pdf,official_pdf
bs_2026_general_expenditure_08_01_03_08,2026_general_expenditure_08_01_03,2026,general,一般会計,expenditure,08,教育費,01,教育総務費,03,教育指導費,08,旅費,9446,445,226,r8tousyoyosanallpage.pdf,official_pdf
bs_2026_general_expenditure_08_01_03_10,2026_general_expenditure_08_01_03,2026,general,一般会計,expenditure,08,教育費,01,教育総務費,03,教育指導費,10,需用費,109289,445,226,r8tousyoyosanallpage.pdf,official_pdf
bs_2026_general_expenditure_08_01_03_11,2026_general_expenditure_08_01_03,2026,general,一般会計,expenditure,08,教育費,01,教育総務費,03,教育指導費,11,役務費,17318,445,226,r8tousyoyosanallpage.pdf,official_pdf
bs_2026_general_expenditure_08_01_03_12,2026_general_expenditure_08_01_03,2026,general,一般会計,expenditure,08,教育費,01,教育総務費,03,教育指導費,12,委託料,2410527,445,226,r8tousyoyosanallpage.pdf,official_pdf
bs_2026_general_expenditure_08_01_03_13,2026_general_expenditure_08_01_03,2026,general,一般会計,expenditure,08,教育費,01,教育総務費,03,教育指導費,13,使用料及賃借料,281744,445,226,r8tousyoyosanallpage.pdf,official_pdf
bs_2026_general_expenditure_08_01_03_17,2026_general_expenditure_08_01_03,2026,general,一般会計,expenditure,08,教育費,01,教育総務費,03,教育指導費,17,備品購入費,3041,445,226,r8tousyoyosanallpage.pdf,official_pdf
bs_2026_general_expenditure_08_01_03_18,2026_general_expenditure_08_01_03,2026,general,一般会計,expenditure,08,教育費,01,教育総務費,03,教育指導費,18,負担金補助及交付金,22624,445,226,r8tousyoyosanallpage.pdf,official_pdf
bs_2026_general_expenditure_08_01_03_19,2026_general_expenditure_08_01_03,2026,general,一般会計,expenditure,08,教育費,01,教育総務費,03,教育指導費,19,扶助費,996,445,226,r8tousyoyosanallpage.pdf,official_pdf
bs_2026_general_expenditure_08_01_03_24,2026_general_expenditure_08_01_03,2026,general,一般会計,expenditure,08,教育費,01,教育総務費,03,教育指導費,24,積立金,2733,445,226,r8tousyoyosanallpage.pdf,official_pdf
bs_2026_general_expenditure_08_01_04_19,2026_general_expenditure_08_01_04,2026,general,一般会計,expenditure,08,教育費,01,教育総務費,04,教育振興費,19,扶助費,1647359,447,227,r8tousyoyosanallpage.pdf,official_pdf
bs_2026_general_expenditure_08_01_07_07,2026_general_expenditure_08_01_07,2026,general,一般会計,expenditure,08,教育費,01,教育総務費,07,教育センター費,07,報償費,2725,447,227,r8tousyoyosanallpage.pdf,official_pdf
bs_2026_general_expenditure_08_01_07_08,2026_general_expenditure_08_01_07,2026,general,一般会計,expenditure,08,教育費,01,教育総務費,07,教育センター費,08,旅費,1244,447,227,r8tousyoyosanallpage.pdf,official_pdf
bs_2026_general_expenditure_08_01_07_10,2026_general_expenditure_08_01_07,2026,general,一般会計,expenditure,08,教育費,01,教育総務費,07,教育センター費,10,需用費,38693,447,227,r8tousyoyosanallpage.pdf,official_pdf
bs_2026_general_expenditure_08_01_07_11,2026_general_expenditure_08_01_07,2026,general,一般会計,expenditure,08,教育費,01,教育総務費,07,教育センター費,11,役務費,20338,447,227,r8tousyoyosanallpage.pdf,official_pdf
bs_2026_general_expenditure_08_01_07_12,2026_general_expenditure_08_01_07,2026,general,一般会計,expenditure,08,教育費,01,教育総務費,07,教育センター費,12,委託料,282813,447,227,r8tousyoyosanallpage.pdf,official_pdf
bs_2026_general_expenditure_08_01_07_13,2026_general_expenditure_08_01_07,2026,general,一般会計,expenditure,08,教育費,01,教育総務費,07,教育センター費,13,使用料及賃借料,3271,447,227,r8tousyoyosanallpage.pdf,official_pdf
bs_2026_general_expenditure_08_01_07_14,2026_general_expenditure_08_01_07,2026,general,一般会計,expenditure,08,教育費,01,教育総務費,07,教育センター費,14,工事請負費,4975,447,227,r8tousyoyosanallpage.pdf,official_pdf
bs_2026_general_expenditure_08_01_07_17,2026_general_expenditure_08_01_07,2026,general,一般会計,expenditure,08,教育費,01,教育総務費,07,教育センター費,17,備品購入費,2513,447,227,r8tousyoyosanallpage.pdf,official_pdf
bs_2026_general_expenditure_08_01_07_18,2026_general_expenditure_08_01_07,2026,general,一般会計,expenditure,08,教育費,01,教育総務費,07,教育センター費,18,負担金補助及交付金,6930,447,227,r8tousyoyosanallpage.pdf,official_pdf
bs_2026_general_expenditure_08_02_01_07,2026_general_expenditure_08_02_01,2026,general,一般会計,expenditure,08,教育費,02,小学校費,01,学校管理費,07,報償費,6671,449,228,r8tousyoyosanallpage.pdf,official_pdf
bs_2026_general_expenditure_08_02_01_08,2026_general_expenditure_08_02_01,2026,general,一般会計,expenditure,08,教育費,02,小学校費,01,学校管理費,08,旅費,2156,449,228,r8tousyoyosanallpage.pdf,official_pdf
bs_2026_general_expenditure_08_02_01_09,2026_general_expenditure_08_02_01,2026,general,一般会計,expenditure,08,教育費,02,小学校費,01,学校管理費,09,交際費,3660,449,228,r8tousyoyosanallpage.pdf,official_pdf
bs_2026_general_expenditure_08_02_01_10,2026_general_expenditure_08_02_01,2026,general,一般会計,expenditure,08,教育費,02,小学校費,01,学校管理費,10,需用費,1801555,449,228,r8tousyoyosanallpage.pdf,official_pdf
bs_2026_general_expenditure_08_02_01_11,2026_general_expenditure_08_02_01,2026,general,一般会計,expenditure,08,教育費,02,小学校費,01,学校管理費,11,役務費,101494,449,228,r8tousyoyosanallpage.pdf,official_pdf
bs_2026_general_expenditure_08_02_01_12,2026_general_expenditure_08_02_01,2026,general,一般会計,expenditure,08,教育費,02,小学校費,01,学校管理費,12,委託料,2589790,449,228,r8tousyoyosanallpage.pdf,official_pdf
bs_2026_general_expenditure_08_02_01_13,2026_general_expenditure_08_02_01,2026,general,一般会計,expenditure,08,教育費,02,小学校費,01,学校管理費,13,使用料及賃借料,705025,449,228,r8tousyoyosanallpage.pdf,official_pdf
bs_2026_general_expenditure_08_02_01_17,2026_general_expenditure_08_02_01,2026,general,一般会計,expenditure,08,教育費,02,小学校費,01,学校管理費,17,備品購入費,65426,449,228,r8tousyoyosanallpage.pdf,official_pdf
bs_2026_general_expenditure_08_02_01_18,2026_general_expenditure_08_02_01,2026,general,一般会計,expenditure,08,教育費,02,小学校費,01,学校管理費,18,負担金補助及交付金,3512,449,228,r8tousyoyosanallpage.pdf,official_pdf
bs_2026_general_expenditure_08_02_02_19,2026_general_expenditure_08_02_02,2026,general,一般会計,expenditure,08,教育費,02,小学校費,02,教育振興費,19,扶助費,328270,449,228,r8tousyoyosanallpage.pdf,official_pdf
bs_2026_general_expenditure_08_02_04_01,2026_general_expenditure_08_02_04,2026,general,一般会計,expenditure,08,教育費,02,小学校費,04,学校保健費,01,報酬,137616,449,228,r8tousyoyosanallpage.pdf,official_pdf
bs_2026_general_expenditure_08_02_04_07,2026_general_expenditure_08_02_04,2026,general,一般会計,expenditure,08,教育費,02,小学校費,04,学校保健費,07,報償費,29692,449,228,r8tousyoyosanallpage.pdf,official_pdf
bs_2026_general_expenditure_08_02_04_10,2026_general_expenditure_08_02_04,2026,general,一般会計,expenditure,08,教育費,02,小学校費,04,学校保健費,10,需用費,64450,449,228,r8tousyoyosanallpage.pdf,official_pdf
bs_2026_general_expenditure_08_02_04_11,2026_general_expenditure_08_02_04,2026,general,一般会計,expenditure,08,教育費,02,小学校費,04,学校保健費,11,役務費,7029,449,228,r8tousyoyosanallpage.pdf,official_pdf
bs_2026_general_expenditure_08_02_04_12,2026_general_expenditure_08_02_04,2026,general,一般会計,expenditure,08,教育費,02,小学校費,04,学校保健費,12,委託料,112512,449,228,r8tousyoyosanallpage.pdf,official_pdf
bs_2026_general_expenditure_08_02_04_13,2026_general_expenditure_08_02_04,2026,general,一般会計,expenditure,08,教育費,02,小学校費,04,学校保健費,13,使用料及賃借料,6960,449,228,r8tousyoyosanallpage.pdf,official_pdf
bs_2026_general_expenditure_08_02_04_17,2026_general_expenditure_08_02_04,2026,general,一般会計,expenditure,08,教育費,02,小学校費,04,学校保健費,17,備品購入費,8744,449,228,r8tousyoyosanallpage.pdf,official_pdf
bs_2026_general_expenditure_08_02_04_18,2026_general_expenditure_08_02_04,2026,general,一般会計,expenditure,08,教育費,02,小学校費,04,学校保健費,18,負担金補助及交付金,35064,449,228,r8tousyoyosanallpage.pdf,official_pdf
bs_2026_general_expenditure_08_02_06_10,2026_general_expenditure_08_02_06,2026,general,一般会計,expenditure,08,教育費,02,小学校費,06,学校施設充実費,10,需用費,145563,451,229,r8tousyoyosanallpage.pdf,official_pdf
bs_2026_general_expenditure_08_02_06_11,2026_general_expenditure_08_02_06,2026,general,一般会計,expenditure,08,教育費,02,小学校費,06,学校施設充実費,11,役務費,2050,451,229,r8tousyoyosanallpage.pdf,official_pdf
bs_2026_general_expenditure_08_02_06_12,2026_general_expenditure_08_02_06,2026,general,一般会計,expenditure,08,教育費,02,小学校費,06,学校施設充実費,12,委託料,90677,451,229,r8tousyoyosanallpage.pdf,official_pdf
bs_2026_general_expenditure_08_02_06_14,2026_general_expenditure_08_02_06,2026,general,一般会計,expenditure,08,教育費,02,小学校費,06,学校施設充実費,14,工事請負費,4188664,451,229,r8tousyoyosanallpage.pdf,official_pdf
bs_2026_general_expenditure_08_02_06_15,2026_general_expenditure_08_02_06,2026,general,一般会計,expenditure,08,教育費,02,小学校費,06,学校施設充実費,15,原材料費,1400,451,229,r8tousyoyosanallpage.pdf,official_pdf
bs_2026_general_expenditure_08_02_10_07,2026_general_expenditure_08_02_10,2026,general,一般会計,expenditure,08,教育費,02,小学校費,10,学校施設建設費,07,報償費,319,451,229,r8tousyoyosanallpage.pdf,official_pdf
bs_2026_general_expenditure_08_02_10_10,2026_general_expenditure_08_02_10,2026,general,一般会計,expenditure,08,教育費,02,小学校費,10,学校施設建設費,10,需用費,353,451,229,r8tousyoyosanallpage.pdf,official_pdf
bs_2026_general_expenditure_08_02_10_11,2026_general_expenditure_08_02_10,2026,general,一般会計,expenditure,08,教育費,02,小学校費,10,学校施設建設費,11,役務費,1230,451,229,r8tousyoyosanallpage.pdf,official_pdf
bs_2026_general_expenditure_08_02_10_12,2026_general_expenditure_08_02_10,2026,general,一般会計,expenditure,08,教育費,02,小学校費,10,学校施設建設費,12,委託料,292298,451,229,r8tousyoyosanallpage.pdf,official_pdf
bs_2026_general_expenditure_08_02_10_13,2026_general_expenditure_08_02_10,2026,general,一般会計,expenditure,08,教育費,02,小学校費,10,学校施設建設費,13,使用料及賃借料,1272251,451,229,r8tousyoyosanallpage.pdf,official_pdf
bs_2026_general_expenditure_08_02_10_14,2026_general_expenditure_08_02_10,2026,general,一般会計,expenditure,08,教育費,02,小学校費,10,学校施設建設費,14,工事請負費,242958,451,229,r8tousyoyosanallpage.pdf,official_pdf
bs_2026_general_expenditure_08_02_10_16,2026_general_expenditure_08_02_10,2026,general,一般会計,expenditure,08,教育費,02,小学校費,10,学校施設建設費,16,公有財産購入費,92635,451,229,r8tousyoyosanallpage.pdf,official_pdf
bs_2026_general_expenditure_08_02_10_17,2026_general_expenditure_08_02_10,2026,general,一般会計,expenditure,08,教育費,02,小学校費,10,学校施設建設費,17,備品購入費,1376,451,229,r8tousyoyosanallpage.pdf,official_pdf
bs_2026_general_expenditure_08_02_11_07,2026_general_expenditure_08_02_11,2026,general,一般会計,expenditure,08,教育費,02,小学校費,11,校外施設費,07,報償費,15985,451,229,r8tousyoyosanallpage.pdf,official_pdf
bs_2026_general_expenditure_08_02_11_08,2026_general_expenditure_08_02_11,2026,general,一般会計,expenditure,08,教育費,02,小学校費,11,校外施設費,08,旅費,1903,451,229,r8tousyoyosanallpage.pdf,official_pdf
bs_2026_general_expenditure_08_02_11_10,2026_general_expenditure_08_02_11,2026,general,一般会計,expenditure,08,教育費,02,小学校費,11,校外施設費,10,需用費,786,451,229,r8tousyoyosanallpage.pdf,official_pdf
bs_2026_general_expenditure_08_02_11_11,2026_general_expenditure_08_02_11,2026,general,一般会計,expenditure,08,教育費,02,小学校費,11,校外施設費,11,役務費,306,451,229,r8tousyoyosanallpage.pdf,official_pdf
bs_2026_general_expenditure_08_02_11_12,2026_general_expenditure_08_02_11,2026,general,一般会計,expenditure,08,教育費,02,小学校費,11,校外施設費,12,委託料,16362,451,229,r8tousyoyosanallpage.pdf,official_pdf
bs_2026_general_expenditure_08_02_11_13,2026_general_expenditure_08_02_11,2026,general,一般会計,expenditure,08,教育費,02,小学校費,11,校外施設費,13,使用料及賃借料,99344,451,229,r8tousyoyosanallpage.pdf,official_pdf
bs_2026_general_expenditure_08_02_11_18,2026_general_expenditure_08_02_11,2026,general,一般会計,expenditure,08,教育費,02,小学校費,11,校外施設費,18,負担金補助及交付金,1871,451,229,r8tousyoyosanallpage.pdf,official_pdf
bs_2026_general_expenditure_08_03_01_07,2026_general_expenditure_08_03_01,2026,general,一般会計,expenditure,08,教育費,03,中学校費,01,学校管理費,07,報償費,1799,453,230,r8tousyoyosanallpage.pdf,official_pdf
bs_2026_general_expenditure_08_03_01_08,2026_general_expenditure_08_03_01,2026,general,一般会計,expenditure,08,教育費,03,中学校費,01,学校管理費,08,旅費,1660,453,230,r8tousyoyosanallpage.pdf,official_pdf
bs_2026_general_expenditure_08_03_01_09,2026_general_expenditure_08_03_01,2026,general,一般会計,expenditure,08,教育費,03,中学校費,01,学校管理費,09,交際費,1800,453,230,r8tousyoyosanallpage.pdf,official_pdf
bs_2026_general_expenditure_08_03_01_10,2026_general_expenditure_08_03_01,2026,general,一般会計,expenditure,08,教育費,03,中学校費,01,学校管理費,10,需用費,987454,453,230,r8tousyoyosanallpage.pdf,official_pdf
bs_2026_general_expenditure_08_03_01_11,2026_general_expenditure_08_03_01,2026,general,一般会計,expenditure,08,教育費,03,中学校費,01,学校管理費,11,役務費,41204,453,230,r8tousyoyosanallpage.pdf,official_pdf
bs_2026_general_expenditure_08_03_01_12,2026_general_expenditure_08_03_01,2026,general,一般会計,expenditure,08,教育費,03,中学校費,01,学校管理費,12,委託料,1087639,453,230,r8tousyoyosanallpage.pdf,official_pdf
bs_2026_general_expenditure_08_03_01_13,2026_general_expenditure_08_03_01,2026,general,一般会計,expenditure,08,教育費,03,中学校費,01,学校管理費,13,使用料及賃借料,303155,453,230,r8tousyoyosanallpage.pdf,official_pdf
bs_2026_general_expenditure_08_03_01_17,2026_general_expenditure_08_03_01,2026,general,一般会計,expenditure,08,教育費,03,中学校費,01,学校管理費,17,備品購入費,56275,453,230,r8tousyoyosanallpage.pdf,official_pdf
bs_2026_general_expenditure_08_03_01_18,2026_general_expenditure_08_03_01,2026,general,一般会計,expenditure,08,教育費,03,中学校費,01,学校管理費,18,負担金補助及交付金,1955,453,230,r8tousyoyosanallpage.pdf,official_pdf
bs_2026_general_expenditure_08_03_02_19,2026_general_expenditure_08_03_02,2026,general,一般会計,expenditure,08,教育費,03,中学校費,02,教育振興費,19,扶助費,198479,453,230,r8tousyoyosanallpage.pdf,official_pdf
bs_2026_general_expenditure_08_03_04_01,2026_general_expenditure_08_03_04,2026,general,一般会計,expenditure,08,教育費,03,中学校費,04,学校保健費,01,報酬,68726,453,230,r8tousyoyosanallpage.pdf,official_pdf
bs_2026_general_expenditure_08_03_04_07,2026_general_expenditure_08_03_04,2026,general,一般会計,expenditure,08,教育費,03,中学校費,04,学校保健費,07,報償費,6389,453,230,r8tousyoyosanallpage.pdf,official_pdf
bs_2026_general_expenditure_08_03_04_10,2026_general_expenditure_08_03_04,2026,general,一般会計,expenditure,08,教育費,03,中学校費,04,学校保健費,10,需用費,42258,453,230,r8tousyoyosanallpage.pdf,official_pdf
bs_2026_general_expenditure_08_03_04_11,2026_general_expenditure_08_03_04,2026,general,一般会計,expenditure,08,教育費,03,中学校費,04,学校保健費,11,役務費,3311,453,230,r8tousyoyosanallpage.pdf,official_pdf
bs_2026_general_expenditure_08_03_04_12,2026_general_expenditure_08_03_04,2026,general,一般会計,expenditure,08,教育費,03,中学校費,04,学校保健費,12,委託料,45085,453,230,r8tousyoyosanallpage.pdf,official_pdf
bs_2026_general_expenditure_08_03_04_13,2026_general_expenditure_08_03_04,2026,general,一般会計,expenditure,08,教育費,03,中学校費,04,学校保健費,13,使用料及賃借料,3430,453,230,r8tousyoyosanallpage.pdf,official_pdf
bs_2026_general_expenditure_08_03_04_17,2026_general_expenditure_08_03_04,2026,general,一般会計,expenditure,08,教育費,03,中学校費,04,学校保健費,17,備品購入費,4500,453,230,r8tousyoyosanallpage.pdf,official_pdf
bs_2026_general_expenditure_08_03_04_18,2026_general_expenditure_08_03_04,2026,general,一般会計,expenditure,08,教育費,03,中学校費,04,学校保健費,18,負担金補助及交付金,11333,455,231,r8tousyoyosanallpage.pdf,official_pdf
bs_2026_general_expenditure_08_03_05_10,2026_general_expenditure_08_03_05,2026,general,一般会計,expenditure,08,教育費,03,中学校費,05,学校施設充実費,10,需用費,86218,455,231,r8tousyoyosanallpage.pdf,official_pdf
bs_2026_general_expenditure_08_03_05_11,2026_general_expenditure_08_03_05,2026,general,一般会計,expenditure,08,教育費,03,中学校費,05,学校施設充実費,11,役務費,1435,455,231,r8tousyoyosanallpage.pdf,official_pdf
bs_2026_general_expenditure_08_03_05_12,2026_general_expenditure_08_03_05,2026,general,一般会計,expenditure,08,教育費,03,中学校費,05,学校施設充実費,12,委託料,43785,455,231,r8tousyoyosanallpage.pdf,official_pdf
bs_2026_general_expenditure_08_03_05_14,2026_general_expenditure_08_03_05,2026,general,一般会計,expenditure,08,教育費,03,中学校費,05,学校施設充実費,14,工事請負費,2207116,455,231,r8tousyoyosanallpage.pdf,official_pdf
bs_2026_general_expenditure_08_03_05_15,2026_general_expenditure_08_03_05,2026,general,一般会計,expenditure,08,教育費,03,中学校費,05,学校施設充実費,15,原材料費,682,455,231,r8tousyoyosanallpage.pdf,official_pdf
bs_2026_general_expenditure_08_03_05_22,2026_general_expenditure_08_03_05,2026,general,一般会計,expenditure,08,教育費,03,中学校費,05,学校施設充実費,22,償還金利子及割引料,20,455,231,r8tousyoyosanallpage.pdf,official_pdf
bs_2026_general_expenditure_08_03_09_07,2026_general_expenditure_08_03_09,2026,general,一般会計,expenditure,08,教育費,03,中学校費,09,学校施設建設費,07,報償費,440,455,231,r8tousyoyosanallpage.pdf,official_pdf
bs_2026_general_expenditure_08_03_09_10,2026_general_expenditure_08_03_09,2026,general,一般会計,expenditure,08,教育費,03,中学校費,09,学校施設建設費,10,需用費,6,455,231,r8tousyoyosanallpage.pdf,official_pdf
bs_2026_general_expenditure_08_03_09_12,2026_general_expenditure_08_03_09,2026,general,一般会計,expenditure,08,教育費,03,中学校費,09,学校施設建設費,12,委託料,382874,455,231,r8tousyoyosanallpage.pdf,official_pdf
bs_2026_general_expenditure_08_03_09_13,2026_general_expenditure_08_03_09,2026,general,一般会計,expenditure,08,教育費,03,中学校費,09,学校施設建設費,13,使用料及賃借料,569367,455,231,r8tousyoyosanallpage.pdf,official_pdf
bs_2026_general_expenditure_08_03_09_14,2026_general_expenditure_08_03_09,2026,general,一般会計,expenditure,08,教育費,03,中学校費,09,学校施設建設費,14,工事請負費,3553811,455,231,r8tousyoyosanallpage.pdf,official_pdf
bs_2026_general_expenditure_08_03_09_24,2026_general_expenditure_08_03_09,2026,general,一般会計,expenditure,08,教育費,03,中学校費,09,学校施設建設費,24,積立金,341460,455,231,r8tousyoyosanallpage.pdf,official_pdf
bs_2026_general_expenditure_08_03_10_07,2026_general_expenditure_08_03_10,2026,general,一般会計,expenditure,08,教育費,03,中学校費,10,校外施設費,07,報償費,309,455,231,r8tousyoyosanallpage.pdf,official_pdf
bs_2026_general_expenditure_08_03_10_08,2026_general_expenditure_08_03_10,2026,general,一般会計,expenditure,08,教育費,03,中学校費,10,校外施設費,08,旅費,187,455,231,r8tousyoyosanallpage.pdf,official_pdf
bs_2026_general_expenditure_08_03_10_10,2026_general_expenditure_08_03_10,2026,general,一般会計,expenditure,08,教育費,03,中学校費,10,校外施設費,10,需用費,14994,455,231,r8tousyoyosanallpage.pdf,official_pdf
bs_2026_general_expenditure_08_03_10_11,2026_general_expenditure_08_03_10,2026,general,一般会計,expenditure,08,教育費,03,中学校費,10,校外施設費,11,役務費,12394,455,231,r8tousyoyosanallpage.pdf,official_pdf
bs_2026_general_expenditure_08_03_10_12,2026_general_expenditure_08_03_10,2026,general,一般会計,expenditure,08,教育費,03,中学校費,10,校外施設費,12,委託料,69591,455,231,r8tousyoyosanallpage.pdf,official_pdf
bs_2026_general_expenditure_08_03_10_13,2026_general_expenditure_08_03_10,2026,general,一般会計,expenditure,08,教育費,03,中学校費,10,校外施設費,13,使用料及賃借料,92302,455,231,r8tousyoyosanallpage.pdf,official_pdf
bs_2026_general_expenditure_08_03_10_14,2026_general_expenditure_08_03_10,2026,general,一般会計,expenditure,08,教育費,03,中学校費,10,校外施設費,14,工事請負費,7369,455,231,r8tousyoyosanallpage.pdf,official_pdf
bs_2026_general_expenditure_08_03_10_15,2026_general_expenditure_08_03_10,2026,general,一般会計,expenditure,08,教育費,03,中学校費,10,校外施設費,15,原材料費,50,455,231,r8tousyoyosanallpage.pdf,official_pdf
bs_2026_general_expenditure_08_03_10_18,2026_general_expenditure_08_03_10,2026,general,一般会計,expenditure,08,教育費,03,中学校費,10,校外施設費,18,負担金補助及交付金,1999,455,231,r8tousyoyosanallpage.pdf,official_pdf
bs_2026_general_expenditure_08_03_10_26,2026_general_expenditure_08_03_10,2026,general,一般会計,expenditure,08,教育費,03,中学校費,10,校外施設費,26,公課費,9,455,231,r8tousyoyosanallpage.pdf,official_pdf
bs_2026_general_expenditure_08_05_01_07,2026_general_expenditure_08_05_01,2026,general,一般会計,expenditure,08,教育費,05,幼稚園費,01,幼稚園管理費,07,報償費,554,457,232,r8tousyoyosanallpage.pdf,official_pdf
bs_2026_general_expenditure_08_05_01_08,2026_general_expenditure_08_05_01,2026,general,一般会計,expenditure,08,教育費,05,幼稚園費,01,幼稚園管理費,08,旅費,1604,457,232,r8tousyoyosanallpage.pdf,official_pdf
bs_2026_general_expenditure_08_05_01_09,2026_general_expenditure_08_05_01,2026,general,一般会計,expenditure,08,教育費,05,幼稚園費,01,幼稚園管理費,09,交際費,154,457,232,r8tousyoyosanallpage.pdf,official_pdf
bs_2026_general_expenditure_08_05_01_10,2026_general_expenditure_08_05_01,2026,general,一般会計,expenditure,08,教育費,05,幼稚園費,01,幼稚園管理費,10,需用費,45202,457,232,r8tousyoyosanallpage.pdf,official_pdf
bs_2026_general_expenditure_08_05_01_11,2026_general_expenditure_08_05_01,2026,general,一般会計,expenditure,08,教育費,05,幼稚園費,01,幼稚園管理費,11,役務費,4616,457,232,r8tousyoyosanallpage.pdf,official_pdf
bs_2026_general_expenditure_08_05_01_12,2026_general_expenditure_08_05_01,2026,general,一般会計,expenditure,08,教育費,05,幼稚園費,01,幼稚園管理費,12,委託料,98809,457,232,r8tousyoyosanallpage.pdf,official_pdf
bs_2026_general_expenditure_08_05_01_13,2026_general_expenditure_08_05_01,2026,general,一般会計,expenditure,08,教育費,05,幼稚園費,01,幼稚園管理費,13,使用料及賃借料,1882,457,232,r8tousyoyosanallpage.pdf,official_pdf
bs_2026_general_expenditure_08_05_01_14,2026_general_expenditure_08_05_01,2026,general,一般会計,expenditure,08,教育費,05,幼稚園費,01,幼稚園管理費,14,工事請負費,504814,457,232,r8tousyoyosanallpage.pdf,official_pdf
bs_2026_general_expenditure_08_05_01_17,2026_general_expenditure_08_05_01,2026,general,一般会計,expenditure,08,教育費,05,幼稚園費,01,幼稚園管理費,17,備品購入費,16986,457,232,r8tousyoyosanallpage.pdf,official_pdf
bs_2026_general_expenditure_08_05_01_18,2026_general_expenditure_08_05_01,2026,general,一般会計,expenditure,08,教育費,05,幼稚園費,01,幼稚園管理費,18,負担金補助及交付金,173,457,232,r8tousyoyosanallpage.pdf,official_pdf
bs_2026_general_expenditure_08_05_01_19,2026_general_expenditure_08_05_01,2026,general,一般会計,expenditure,08,教育費,05,幼稚園費,01,幼稚園管理費,19,扶助費,4269,457,232,r8tousyoyosanallpage.pdf,official_pdf
bs_2026_general_expenditure_08_05_02_01,2026_general_expenditure_08_05_02,2026,general,一般会計,expenditure,08,教育費,05,幼稚園費,02,幼稚園保健費,01,報酬,5684,457,232,r8tousyoyosanallpage.pdf,official_pdf
bs_2026_general_expenditure_08_05_02_07,2026_general_expenditure_08_05_02,2026,general,一般会計,expenditure,08,教育費,05,幼稚園費,02,幼稚園保健費,07,報償費,1221,457,232,r8tousyoyosanallpage.pdf,official_pdf
bs_2026_general_expenditure_08_05_02_10,2026_general_expenditure_08_05_02,2026,general,一般会計,expenditure,08,教育費,05,幼稚園費,02,幼稚園保健費,10,需用費,1449,457,232,r8tousyoyosanallpage.pdf,official_pdf
bs_2026_general_expenditure_08_05_02_11,2026_general_expenditure_08_05_02,2026,general,一般会計,expenditure,08,教育費,05,幼稚園費,02,幼稚園保健費,11,役務費,219,457,232,r8tousyoyosanallpage.pdf,official_pdf
bs_2026_general_expenditure_08_05_02_12,2026_general_expenditure_08_05_02,2026,general,一般会計,expenditure,08,教育費,05,幼稚園費,02,幼稚園保健費,12,委託料,1373,457,232,r8tousyoyosanallpage.pdf,official_pdf
bs_2026_general_expenditure_08_05_02_13,2026_general_expenditure_08_05_02,2026,general,一般会計,expenditure,08,教育費,05,幼稚園費,02,幼稚園保健費,13,使用料及賃借料,328,457,232,r8tousyoyosanallpage.pdf,official_pdf
bs_2026_general_expenditure_08_05_02_18,2026_general_expenditure_08_05_02,2026,general,一般会計,expenditure,08,教育費,05,幼稚園費,02,幼稚園保健費,18,負担金補助及交付金,116,457,232,r8tousyoyosanallpage.pdf,official_pdf
bs_2026_general_expenditure_08_06_01_07,2026_general_expenditure_08_06_01,2026,general,一般会計,expenditure,08,教育費,06,社会教育費,01,社会教育総務費,07,報償費,619964,459,233,r8tousyoyosanallpage.pdf,official_pdf
bs_2026_general_expenditure_08_06_01_08,2026_general_expenditure_08_06_01,2026,general,一般会計,expenditure,08,教育費,06,社会教育費,01,社会教育総務費,08,旅費,1178,459,233,r8tousyoyosanallpage.pdf,official_pdf
bs_2026_general_expenditure_08_06_01_10,2026_general_expenditure_08_06_01,2026,general,一般会計,expenditure,08,教育費,06,社会教育費,01,社会教育総務費,10,需用費,53746,459,233,r8tousyoyosanallpage.pdf,official_pdf
bs_2026_general_expenditure_08_06_01_11,2026_general_expenditure_08_06_01,2026,general,一般会計,expenditure,08,教育費,06,社会教育費,01,社会教育総務費,11,役務費,21786,459,233,r8tousyoyosanallpage.pdf,official_pdf
bs_2026_general_expenditure_08_06_01_12,2026_general_expenditure_08_06_01,2026,general,一般会計,expenditure,08,教育費,06,社会教育費,01,社会教育総務費,12,委託料,495613,459,233,r8tousyoyosanallpage.pdf,official_pdf
bs_2026_general_expenditure_08_06_01_13,2026_general_expenditure_08_06_01,2026,general,一般会計,expenditure,08,教育費,06,社会教育費,01,社会教育総務費,13,使用料及賃借料,10758,459,233,r8tousyoyosanallpage.pdf,official_pdf
bs_2026_general_expenditure_08_06_01_17,2026_general_expenditure_08_06_01,2026,general,一般会計,expenditure,08,教育費,06,社会教育費,01,社会教育総務費,17,備品購入費,6196,459,233,r8tousyoyosanallpage.pdf,official_pdf
bs_2026_general_expenditure_08_06_02_01,2026_general_expenditure_08_06_02,2026,general,一般会計,expenditure,08,教育費,06,社会教育費,02,社会教育活動費,01,報酬,7935,459,233,r8tousyoyosanallpage.pdf,official_pdf
bs_2026_general_expenditure_08_06_02_07,2026_general_expenditure_08_06_02,2026,general,一般会計,expenditure,08,教育費,06,社会教育費,02,社会教育活動費,07,報償費,6156,459,233,r8tousyoyosanallpage.pdf,official_pdf
bs_2026_general_expenditure_08_06_02_08,2026_general_expenditure_08_06_02,2026,general,一般会計,expenditure,08,教育費,06,社会教育費,02,社会教育活動費,08,旅費,988,459,233,r8tousyoyosanallpage.pdf,official_pdf
bs_2026_general_expenditure_08_06_02_10,2026_general_expenditure_08_06_02,2026,general,一般会計,expenditure,08,教育費,06,社会教育費,02,社会教育活動費,10,需用費,6886,459,233,r8tousyoyosanallpage.pdf,official_pdf
bs_2026_general_expenditure_08_06_02_11,2026_general_expenditure_08_06_02,2026,general,一般会計,expenditure,08,教育費,06,社会教育費,02,社会教育活動費,11,役務費,3163,459,233,r8tousyoyosanallpage.pdf,official_pdf
bs_2026_general_expenditure_08_06_02_12,2026_general_expenditure_08_06_02,2026,general,一般会計,expenditure,08,教育費,06,社会教育費,02,社会教育活動費,12,委託料,42003,459,233,r8tousyoyosanallpage.pdf,official_pdf
bs_2026_general_expenditure_08_06_02_13,2026_general_expenditure_08_06_02,2026,general,一般会計,expenditure,08,教育費,06,社会教育費,02,社会教育活動費,13,使用料及賃借料,3668,459,233,r8tousyoyosanallpage.pdf,official_pdf
bs_2026_general_expenditure_08_06_02_18,2026_general_expenditure_08_06_02,2026,general,一般会計,expenditure,08,教育費,06,社会教育費,02,社会教育活動費,18,負担金補助及交付金,9254,459,233,r8tousyoyosanallpage.pdf,official_pdf
bs_2026_general_expenditure_08_06_03_01,2026_general_expenditure_08_06_03,2026,general,一般会計,expenditure,08,教育費,06,社会教育費,03,文化財費,01,報酬,1315,461,234,r8tousyoyosanallpage.pdf,official_pdf
bs_2026_general_expenditure_08_06_03_07,2026_general_expenditure_08_06_03,2026,general,一般会計,expenditure,08,教育費,06,社会教育費,03,文化財費,07,報償費,4973,461,234,r8tousyoyosanallpage.pdf,official_pdf
bs_2026_general_expenditure_08_06_03_08,2026_general_expenditure_08_06_03,2026,general,一般会計,expenditure,08,教育費,06,社会教育費,03,文化財費,08,旅費,232,461,234,r8tousyoyosanallpage.pdf,official_pdf
bs_2026_general_expenditure_08_06_03_10,2026_general_expenditure_08_06_03,2026,general,一般会計,expenditure,08,教育費,06,社会教育費,03,文化財費,10,需用費,12742,461,234,r8tousyoyosanallpage.pdf,official_pdf
bs_2026_general_expenditure_08_06_03_11,2026_general_expenditure_08_06_03,2026,general,一般会計,expenditure,08,教育費,06,社会教育費,03,文化財費,11,役務費,6198,461,234,r8tousyoyosanallpage.pdf,official_pdf
bs_2026_general_expenditure_08_06_03_12,2026_general_expenditure_08_06_03,2026,general,一般会計,expenditure,08,教育費,06,社会教育費,03,文化財費,12,委託料,175018,461,234,r8tousyoyosanallpage.pdf,official_pdf
bs_2026_general_expenditure_08_06_03_13,2026_general_expenditure_08_06_03,2026,general,一般会計,expenditure,08,教育費,06,社会教育費,03,文化財費,13,使用料及賃借料,2037,461,234,r8tousyoyosanallpage.pdf,official_pdf
bs_2026_general_expenditure_08_06_03_14,2026_general_expenditure_08_06_03,2026,general,一般会計,expenditure,08,教育費,06,社会教育費,03,文化財費,14,工事請負費,45241,461,234,r8tousyoyosanallpage.pdf,official_pdf
bs_2026_general_expenditure_08_06_03_15,2026_general_expenditure_08_06_03,2026,general,一般会計,expenditure,08,教育費,06,社会教育費,03,文化財費,15,原材料費,348,461,234,r8tousyoyosanallpage.pdf,official_pdf
bs_2026_general_expenditure_08_06_03_17,2026_general_expenditure_08_06_03,2026,general,一般会計,expenditure,08,教育費,06,社会教育費,03,文化財費,17,備品購入費,297,461,234,r8tousyoyosanallpage.pdf,official_pdf
bs_2026_general_expenditure_08_06_03_18,2026_general_expenditure_08_06_03,2026,general,一般会計,expenditure,08,教育費,06,社会教育費,03,文化財費,18,負担金補助及交付金,9638,461,234,r8tousyoyosanallpage.pdf,official_pdf
bs_2026_general_expenditure_08_06_04_07,2026_general_expenditure_08_06_04,2026,general,一般会計,expenditure,08,教育費,06,社会教育費,04,図書館費,07,報償費,5070,461,234,r8tousyoyosanallpage.pdf,official_pdf
bs_2026_general_expenditure_08_06_04_08,2026_general_expenditure_08_06_04,2026,general,一般会計,expenditure,08,教育費,06,社会教育費,04,図書館費,08,旅費,204,461,234,r8tousyoyosanallpage.pdf,official_pdf
bs_2026_general_expenditure_08_06_04_10,2026_general_expenditure_08_06_04,2026,general,一般会計,expenditure,08,教育費,06,社会教育費,04,図書館費,10,需用費,338342,461,234,r8tousyoyosanallpage.pdf,official_pdf
bs_2026_general_expenditure_08_06_04_11,2026_general_expenditure_08_06_04,2026,general,一般会計,expenditure,08,教育費,06,社会教育費,04,図書館費,11,役務費,78221,461,234,r8tousyoyosanallpage.pdf,official_pdf
bs_2026_general_expenditure_08_06_04_12,2026_general_expenditure_08_06_04,2026,general,一般会計,expenditure,08,教育費,06,社会教育費,04,図書館費,12,委託料,1193443,461,234,r8tousyoyosanallpage.pdf,official_pdf
bs_2026_general_expenditure_08_06_04_13,2026_general_expenditure_08_06_04,2026,general,一般会計,expenditure,08,教育費,06,社会教育費,04,図書館費,13,使用料及賃借料,72044,461,234,r8tousyoyosanallpage.pdf,official_pdf
bs_2026_general_expenditure_08_06_04_14,2026_general_expenditure_08_06_04,2026,general,一般会計,expenditure,08,教育費,06,社会教育費,04,図書館費,14,工事請負費,39344,461,234,r8tousyoyosanallpage.pdf,official_pdf
bs_2026_general_expenditure_08_06_04_17,2026_general_expenditure_08_06_04,2026,general,一般会計,expenditure,08,教育費,06,社会教育費,04,図書館費,17,備品購入費,21113,461,234,r8tousyoyosanallpage.pdf,official_pdf
bs_2026_general_expenditure_08_06_04_18,2026_general_expenditure_08_06_04,2026,general,一般会計,expenditure,08,教育費,06,社会教育費,04,図書館費,18,負担金補助及交付金,4198,461,234,r8tousyoyosanallpage.pdf,official_pdf
bs_2026_general_expenditure_08_06_04_21,2026_general_expenditure_08_06_04,2026,general,一般会計,expenditure,08,教育費,06,社会教育費,04,図書館費,21,補償補填及賠償金,168,461,234,r8tousyoyosanallpage.pdf,official_pdf
bs_2026_general_expenditure_08_06_06_07,2026_general_expenditure_08_06_06,2026,general,一般会計,expenditure,08,教育費,06,社会教育費,06,資料館費,07,報償費,3844,461,234,r8tousyoyosanallpage.pdf,official_pdf
bs_2026_general_expenditure_08_06_06_10,2026_general_expenditure_08_06_06,2026,general,一般会計,expenditure,08,教育費,06,社会教育費,06,資料館費,10,需用費,13289,461,234,r8tousyoyosanallpage.pdf,official_pdf
bs_2026_general_expenditure_08_06_06_11,2026_general_expenditure_08_06_06,2026,general,一般会計,expenditure,08,教育費,06,社会教育費,06,資料館費,11,役務費,3599,461,234,r8tousyoyosanallpage.pdf,official_pdf
bs_2026_general_expenditure_08_06_06_12,2026_general_expenditure_08_06_06,2026,general,一般会計,expenditure,08,教育費,06,社会教育費,06,資料館費,12,委託料,7972,461,234,r8tousyoyosanallpage.pdf,official_pdf
bs_2026_general_expenditure_08_06_06_13,2026_general_expenditure_08_06_06,2026,general,一般会計,expenditure,08,教育費,06,社会教育費,06,資料館費,13,使用料及賃借料,147,461,234,r8tousyoyosanallpage.pdf,official_pdf
bs_2026_general_expenditure_08_06_06_14,2026_general_expenditure_08_06_06,2026,general,一般会計,expenditure,08,教育費,06,社会教育費,06,資料館費,14,工事請負費,3190,461,234,r8tousyoyosanallpage.pdf,official_pdf
bs_2026_general_expenditure_08_06_06_17,2026_general_expenditure_08_06_06,2026,general,一般会計,expenditure,08,教育費,06,社会教育費,06,資料館費,17,備品購入費,5445,461,234,r8tousyoyosanallpage.pdf,official_pdf
bs_2026_general_expenditure_08_06_06_18,2026_general_expenditure_08_06_06,2026,general,一般会計,expenditure,08,教育費,06,社会教育費,06,資料館費,18,負担金補助及交付金,17826,461,234,r8tousyoyosanallpage.pdf,official_pdf
bs_2026_general_expenditure_08_08_01_07,2026_general_expenditure_08_08_01,2026,general,一般会計,expenditure,08,教育費,08,学校給食管理費,01,学校給食管理費,07,報償費,2401,463,235,r8tousyoyosanallpage.pdf,official_pdf
bs_2026_general_expenditure_08_08_01_10,2026_general_expenditure_08_08_01,2026,general,一般会計,expenditure,08,教育費,08,学校給食管理費,01,学校給食管理費,10,需用費,4679148,463,235,r8tousyoyosanallpage.pdf,official_pdf
bs_2026_general_expenditure_08_08_01_11,2026_general_expenditure_08_08_01,2026,general,一般会計,expenditure,08,教育費,08,学校給食管理費,01,学校給食管理費,11,役務費,173096,463,235,r8tousyoyosanallpage.pdf,official_pdf
bs_2026_general_expenditure_08_08_01_12,2026_general_expenditure_08_08_01,2026,general,一般会計,expenditure,08,教育費,08,学校給食管理費,01,学校給食管理費,12,委託料,4020870,463,235,r8tousyoyosanallpage.pdf,official_pdf
bs_2026_general_expenditure_08_08_01_13,2026_general_expenditure_08_08_01,2026,general,一般会計,expenditure,08,教育費,08,学校給食管理費,01,学校給食管理費,13,使用料及賃借料,691,463,235,r8tousyoyosanallpage.pdf,official_pdf
bs_2026_general_expenditure_08_08_01_14,2026_general_expenditure_08_08_01,2026,general,一般会計,expenditure,08,教育費,08,学校給食管理費,01,学校給食管理費,14,工事請負費,69278,463,235,r8tousyoyosanallpage.pdf,official_pdf
bs_2026_general_expenditure_08_08_01_17,2026_general_expenditure_08_08_01,2026,general,一般会計,expenditure,08,教育費,08,学校給食管理費,01,学校給食管理費,17,備品購入費,270504,463,235,r8tousyoyosanallpage.pdf,official_pdf
bs_2026_general_expenditure_08_08_01_18,2026_general_expenditure_08_08_01,2026,general,一般会計,expenditure,08,教育費,08,学校給食管理費,01,学校給食管理費,18,負担金補助及交付金,38770,463,235,r8tousyoyosanallpage.pdf,official_pdf
bs_2026_general_expenditure_08_08_01_22,2026_general_expenditure_08_08_01,2026,general,一般会計,expenditure,08,教育費,08,学校給食管理費,01,学校給食管理費,22,償還金利子及割引料,1500,463,235,r8tousyoyosanallpage.pdf,official_pdf
bs_2026_general_expenditure_08_08_01_26,2026_general_expenditure_08_08_01,2026,general,一般会計,expenditure,08,教育費,08,学校給食管理費,01,学校給食管理費,26,公課費,5000,463,235,r8tousyoyosanallpage.pdf,official_pdf
bs_2026_general_expenditure_09_01_01_02,2026_general_expenditure_09_01_01,2026,general,一般会計,expenditure,09,職員費,01,職員費,01,議会職員費,02,給料,105212,465,236,r8tousyoyosanallpage.pdf,official_pdf
bs_2026_general_expenditure_09_01_01_03,2026_general_expenditure_09_01_01,2026,general,一般会計,expenditure,09,職員費,01,職員費,01,議会職員費,03,職員手当等,98845,465,236,r8tousyoyosanallpage.pdf,official_pdf
bs_2026_general_expenditure_09_01_01_04,2026_general_expenditure_09_01_01,2026,general,一般会計,expenditure,09,職員費,01,職員費,01,議会職員費,04,共済費,40100,465,236,r8tousyoyosanallpage.pdf,official_pdf
bs_2026_general_expenditure_09_01_02_01,2026_general_expenditure_09_01_02,2026,general,一般会計,expenditure,09,職員費,01,職員費,02,総務職員費,01,報酬,3017874,465,236,r8tousyoyosanallpage.pdf,official_pdf
bs_2026_general_expenditure_09_01_02_02,2026_general_expenditure_09_01_02,2026,general,一般会計,expenditure,09,職員費,01,職員費,02,総務職員費,02,給料,5096108,465,236,r8tousyoyosanallpage.pdf,official_pdf
bs_2026_general_expenditure_09_01_02_03,2026_general_expenditure_09_01_02,2026,general,一般会計,expenditure,09,職員費,01,職員費,02,総務職員費,03,職員手当等,12850539,465,236,r8tousyoyosanallpage.pdf,official_pdf
bs_2026_general_expenditure_09_01_02_04,2026_general_expenditure_09_01_02,2026,general,一般会計,expenditure,09,職員費,01,職員費,02,総務職員費,04,共済費,4118396,465,236,r8tousyoyosanallpage.pdf,official_pdf
bs_2026_general_expenditure_09_01_02_05,2026_general_expenditure_09_01_02,2026,general,一般会計,expenditure,09,職員費,01,職員費,02,総務職員費,05,災害補償費,2580,465,236,r8tousyoyosanallpage.pdf,official_pdf
bs_2026_general_expenditure_09_01_02_08,2026_general_expenditure_09_01_02,2026,general,一般会計,expenditure,09,職員費,01,職員費,02,総務職員費,08,旅費,122161,465,236,r8tousyoyosanallpage.pdf,official_pdf
bs_2026_general_expenditure_09_01_03_01,2026_general_expenditure_09_01_03,2026,general,一般会計,expenditure,09,職員費,01,職員費,03,民生職員費,01,報酬,1908763,467,237,r8tousyoyosanallpage.pdf,official_pdf
bs_2026_general_expenditure_09_01_03_02,2026_general_expenditure_09_01_03,2026,general,一般会計,expenditure,09,職員費,01,職員費,03,民生職員費,02,給料,9063208,467,237,r8tousyoyosanallpage.pdf,official_pdf
bs_2026_general_expenditure_09_01_03_03,2026_general_expenditure_09_01_03,2026,general,一般会計,expenditure,09,職員費,01,職員費,03,民生職員費,03,職員手当等,7701605,467,237,r8tousyoyosanallpage.pdf,official_pdf
bs_2026_general_expenditure_09_01_03_04,2026_general_expenditure_09_01_03,2026,general,一般会計,expenditure,09,職員費,01,職員費,03,民生職員費,04,共済費,3657805,467,237,r8tousyoyosanallpage.pdf,official_pdf
bs_2026_general_expenditure_09_01_03_08,2026_general_expenditure_09_01_03,2026,general,一般会計,expenditure,09,職員費,01,職員費,03,民生職員費,08,旅費,57761,467,237,r8tousyoyosanallpage.pdf,official_pdf
bs_2026_general_expenditure_09_01_04_01,2026_general_expenditure_09_01_04,2026,general,一般会計,expenditure,09,職員費,01,職員費,04,環境職員費,01,報酬,9839,469,238,r8tousyoyosanallpage.pdf,official_pdf
bs_2026_general_expenditure_09_01_04_02,2026_general_expenditure_09_01_04,2026,general,一般会計,expenditure,09,職員費,01,職員費,04,環境職員費,02,給料,329736,469,238,r8tousyoyosanallpage.pdf,official_pdf
bs_2026_general_expenditure_09_01_04_03,2026_general_expenditure_09_01_04,2026,general,一般会計,expenditure,09,職員費,01,職員費,04,環境職員費,03,職員手当等,292899,469,238,r8tousyoyosanallpage.pdf,official_pdf
bs_2026_general_expenditure_09_01_04_04,2026_general_expenditure_09_01_04,2026,general,一般会計,expenditure,09,職員費,01,職員費,04,環境職員費,04,共済費,123843,469,238,r8tousyoyosanallpage.pdf,official_pdf
bs_2026_general_expenditure_09_01_04_08,2026_general_expenditure_09_01_04,2026,general,一般会計,expenditure,09,職員費,01,職員費,04,環境職員費,08,旅費,960,469,238,r8tousyoyosanallpage.pdf,official_pdf
bs_2026_general_expenditure_09_01_05_01,2026_general_expenditure_09_01_05,2026,general,一般会計,expenditure,09,職員費,01,職員費,05,衛生職員費,01,報酬,157293,469,238,r8tousyoyosanallpage.pdf,official_pdf
bs_2026_general_expenditure_09_01_05_02,2026_general_expenditure_09_01_05,2026,general,一般会計,expenditure,09,職員費,01,職員費,05,衛生職員費,02,給料,1130777,469,238,r8tousyoyosanallpage.pdf,official_pdf
bs_2026_general_expenditure_09_01_05_03,2026_general_expenditure_09_01_05,2026,general,一般会計,expenditure,09,職員費,01,職員費,05,衛生職員費,03,職員手当等,1039714,469,238,r8tousyoyosanallpage.pdf,official_pdf
bs_2026_general_expenditure_09_01_05_04,2026_general_expenditure_09_01_05,2026,general,一般会計,expenditure,09,職員費,01,職員費,05,衛生職員費,04,共済費,459872,469,238,r8tousyoyosanallpage.pdf,official_pdf
bs_2026_general_expenditure_09_01_05_08,2026_general_expenditure_09_01_05,2026,general,一般会計,expenditure,09,職員費,01,職員費,05,衛生職員費,08,旅費,6891,469,238,r8tousyoyosanallpage.pdf,official_pdf
bs_2026_general_expenditure_09_01_06_02,2026_general_expenditure_09_01_06,2026,general,一般会計,expenditure,09,職員費,01,職員費,06,産業経済職員費,02,給料,227631,471,239,r8tousyoyosanallpage.pdf,official_pdf
bs_2026_general_expenditure_09_01_06_03,2026_general_expenditure_09_01_06,2026,general,一般会計,expenditure,09,職員費,01,職員費,06,産業経済職員費,03,職員手当等,218487,471,239,r8tousyoyosanallpage.pdf,official_pdf
bs_2026_general_expenditure_09_01_06_04,2026_general_expenditure_09_01_06,2026,general,一般会計,expenditure,09,職員費,01,職員費,06,産業経済職員費,04,共済費,86500,471,239,r8tousyoyosanallpage.pdf,official_pdf
bs_2026_general_expenditure_09_01_07_01,2026_general_expenditure_09_01_07,2026,general,一般会計,expenditure,09,職員費,01,職員費,07,土木職員費,01,報酬,2518,471,239,r8tousyoyosanallpage.pdf,official_pdf
bs_2026_general_expenditure_09_01_07_02,2026_general_expenditure_09_01_07,2026,general,一般会計,expenditure,09,職員費,01,職員費,07,土木職員費,02,給料,2463709,471,239,r8tousyoyosanallpage.pdf,official_pdf
bs_2026_general_expenditure_09_01_07_03,2026_general_expenditure_09_01_07,2026,general,一般会計,expenditure,09,職員費,01,職員費,07,土木職員費,03,職員手当等,2213968,471,239,r8tousyoyosanallpage.pdf,official_pdf
bs_2026_general_expenditure_09_01_07_04,2026_general_expenditure_09_01_07,2026,general,一般会計,expenditure,09,職員費,01,職員費,07,土木職員費,04,共済費,913169,471,239,r8tousyoyosanallpage.pdf,official_pdf
bs_2026_general_expenditure_09_01_07_08,2026_general_expenditure_09_01_07,2026,general,一般会計,expenditure,09,職員費,01,職員費,07,土木職員費,08,旅費,330,471,239,r8tousyoyosanallpage.pdf,official_pdf
bs_2026_general_expenditure_09_01_08_01,2026_general_expenditure_09_01_08,2026,general,一般会計,expenditure,09,職員費,01,職員費,08,教育職員費,01,報酬,4561598,471,239,r8tousyoyosanallpage.pdf,official_pdf
bs_2026_general_expenditure_09_01_08_02,2026_general_expenditure_09_01_08,2026,general,一般会計,expenditure,09,職員費,01,職員費,08,教育職員費,02,給料,1807157,471,239,r8tousyoyosanallpage.pdf,official_pdf
bs_2026_general_expenditure_09_01_08_03,2026_general_expenditure_09_01_08,2026,general,一般会計,expenditure,09,職員費,01,職員費,08,教育職員費,03,職員手当等,1405051,471,239,r8tousyoyosanallpage.pdf,official_pdf
bs_2026_general_expenditure_09_01_08_04,2026_general_expenditure_09_01_08,2026,general,一般会計,expenditure,09,職員費,01,職員費,08,教育職員費,04,共済費,1833208,471,239,r8tousyoyosanallpage.pdf,official_pdf
bs_2026_general_expenditure_09_01_08_08,2026_general_expenditure_09_01_08,2026,general,一般会計,expenditure,09,職員費,01,職員費,08,教育職員費,08,旅費,198677,471,239,r8tousyoyosanallpage.pdf,official_pdf
bs_2026_general_expenditure_09_01_09_02,2026_general_expenditure_09_01_09,2026,general,一般会計,expenditure,09,職員費,01,職員費,09,学校職員費,02,給料,856176,473,240,r8tousyoyosanallpage.pdf,official_pdf
bs_2026_general_expenditure_09_01_09_03,2026_general_expenditure_09_01_09,2026,general,一般会計,expenditure,09,職員費,01,職員費,09,学校職員費,03,職員手当等,686165,473,240,r8tousyoyosanallpage.pdf,official_pdf
bs_2026_general_expenditure_09_01_09_04,2026_general_expenditure_09_01_09,2026,general,一般会計,expenditure,09,職員費,01,職員費,09,学校職員費,04,共済費,354168,473,240,r8tousyoyosanallpage.pdf,official_pdf
bs_2026_general_expenditure_09_01_10_02,2026_general_expenditure_09_01_10,2026,general,一般会計,expenditure,09,職員費,01,職員費,10,清掃職員費,02,給料,1072833,473,240,r8tousyoyosanallpage.pdf,official_pdf
bs_2026_general_expenditure_09_01_10_03,2026_general_expenditure_09_01_10,2026,general,一般会計,expenditure,09,職員費,01,職員費,10,清掃職員費,03,職員手当等,1045078,473,240,r8tousyoyosanallpage.pdf,official_pdf
bs_2026_general_expenditure_09_01_10_04,2026_general_expenditure_09_01_10,2026,general,一般会計,expenditure,09,職員費,01,職員費,10,清掃職員費,04,共済費,422004,473,240,r8tousyoyosanallpage.pdf,official_pdf
bs_2026_general_expenditure_10_01_01_22,2026_general_expenditure_10_01_01,2026,general,一般会計,expenditure,10,公債費,01,公債費,01,一時借入金,22,償還金利子及割引料,5137,475,241,r8tousyoyosanallpage.pdf,official_pdf
bs_2026_general_expenditure_10_01_02_22,2026_general_expenditure_10_01_02,2026,general,一般会計,expenditure,10,公債費,01,公債費,02,元金,22,償還金利子及割引料,3408955,475,241,r8tousyoyosanallpage.pdf,official_pdf
bs_2026_general_expenditure_10_01_03_22,2026_general_expenditure_10_01_03,2026,general,一般会計,expenditure,10,公債費,01,公債費,03,利子,22,償還金利子及割引料,357591,475,241,r8tousyoyosanallpage.pdf,official_pdf
bs_2026_general_expenditure_10_01_04_11,2026_general_expenditure_10_01_04,2026,general,一般会計,expenditure,10,公債費,01,公債費,04,公債諸費,11,役務費,2957,475,241,r8tousyoyosanallpage.pdf,official_pdf
bs_2026_general_expenditure_10_01_04_22,2026_general_expenditure_10_01_04,2026,general,一般会計,expenditure,10,公債費,01,公債費,04,公債諸費,22,償還金利子及割引料,11160,475,241,r8tousyoyosanallpage.pdf,official_pdf
bs_2026_general_expenditure_11_01_01_24,2026_general_expenditure_11_01_01,2026,general,一般会計,expenditure,11,諸支出金,01,財政積立金,01,財政積立金,24,積立金,287299,477,242,r8tousyoyosanallpage.pdf,official_pdf
bs_2026_general_expenditure_12_01_01_30,2026_general_expenditure_12_01_01,2026,general,一般会計,expenditure,12,予備費,01,予備費,01,予備費,30,予備費,500000,479,243,r8tousyoyosanallpage.pdf,official_pdf
bs_2026_national_health_insurance_expenditure_21_01_01_07,2026_national_health_insurance_expenditure_21_01_01,2026,national_health_insurance,国民健康保険事業会計,expenditure,21,総務費,01,総務管理費,01,一般管理費,07,報償費,189,591,299,r8tousyoyosanallpage.pdf,official_pdf
bs_2026_national_health_insurance_expenditure_21_01_01_08,2026_national_health_insurance_expenditure_21_01_01,2026,national_health_insurance,国民健康保険事業会計,expenditure,21,総務費,01,総務管理費,01,一般管理費,08,旅費,337,591,299,r8tousyoyosanallpage.pdf,official_pdf
bs_2026_national_health_insurance_expenditure_21_01_01_10,2026_national_health_insurance_expenditure_21_01_01,2026,national_health_insurance,国民健康保険事業会計,expenditure,21,総務費,01,総務管理費,01,一般管理費,10,需用費,47211,591,299,r8tousyoyosanallpage.pdf,official_pdf
bs_2026_national_health_insurance_expenditure_21_01_01_11,2026_national_health_insurance_expenditure_21_01_01,2026,national_health_insurance,国民健康保険事業会計,expenditure,21,総務費,01,総務管理費,01,一般管理費,11,役務費,127054,591,299,r8tousyoyosanallpage.pdf,official_pdf
bs_2026_national_health_insurance_expenditure_21_01_01_12,2026_national_health_insurance_expenditure_21_01_01,2026,national_health_insurance,国民健康保険事業会計,expenditure,21,総務費,01,総務管理費,01,一般管理費,12,委託料,948534,591,299,r8tousyoyosanallpage.pdf,official_pdf
bs_2026_national_health_insurance_expenditure_21_01_01_13,2026_national_health_insurance_expenditure_21_01_01,2026,national_health_insurance,国民健康保険事業会計,expenditure,21,総務費,01,総務管理費,01,一般管理費,13,使用料及賃借料,5817,591,299,r8tousyoyosanallpage.pdf,official_pdf
bs_2026_national_health_insurance_expenditure_21_01_01_18,2026_national_health_insurance_expenditure_21_01_01,2026,national_health_insurance,国民健康保険事業会計,expenditure,21,総務費,01,総務管理費,01,一般管理費,18,負担金補助及交付金,8471,591,299,r8tousyoyosanallpage.pdf,official_pdf
bs_2026_national_health_insurance_expenditure_21_01_02_01,2026_national_health_insurance_expenditure_21_01_02,2026,national_health_insurance,国民健康保険事業会計,expenditure,21,総務費,01,総務管理費,02,運営協議会費,01,報酬,384,593,300,r8tousyoyosanallpage.pdf,official_pdf
bs_2026_national_health_insurance_expenditure_21_01_02_10,2026_national_health_insurance_expenditure_21_01_02,2026,national_health_insurance,国民健康保険事業会計,expenditure,21,総務費,01,総務管理費,02,運営協議会費,10,需用費,77,593,300,r8tousyoyosanallpage.pdf,official_pdf
bs_2026_national_health_insurance_expenditure_21_01_02_11,2026_national_health_insurance_expenditure_21_01_02,2026,national_health_insurance,国民健康保険事業会計,expenditure,21,総務費,01,総務管理費,02,運営協議会費,11,役務費,63,593,300,r8tousyoyosanallpage.pdf,official_pdf
bs_2026_national_health_insurance_expenditure_21_01_03_10,2026_national_health_insurance_expenditure_21_01_03,2026,national_health_insurance,国民健康保険事業会計,expenditure,21,総務費,01,総務管理費,03,趣旨普及費,10,需用費,5300,593,300,r8tousyoyosanallpage.pdf,official_pdf
bs_2026_national_health_insurance_expenditure_21_01_03_11,2026_national_health_insurance_expenditure_21_01_03,2026,national_health_insurance,国民健康保険事業会計,expenditure,21,総務費,01,総務管理費,03,趣旨普及費,11,役務費,167,593,300,r8tousyoyosanallpage.pdf,official_pdf
bs_2026_national_health_insurance_expenditure_21_01_03_12,2026_national_health_insurance_expenditure_21_01_03,2026,national_health_insurance,国民健康保険事業会計,expenditure,21,総務費,01,総務管理費,03,趣旨普及費,12,委託料,139,593,300,r8tousyoyosanallpage.pdf,official_pdf
bs_2026_national_health_insurance_expenditure_21_01_04_18,2026_national_health_insurance_expenditure_21_01_04,2026,national_health_insurance,国民健康保険事業会計,expenditure,21,総務費,01,総務管理費,04,連合会負担金,18,負担金補助及交付金,16525,593,300,r8tousyoyosanallpage.pdf,official_pdf
bs_2026_national_health_insurance_expenditure_22_01_01_18,2026_national_health_insurance_expenditure_22_01_01,2026,national_health_insurance,国民健康保険事業会計,expenditure,22,保険給付費,01,療養諸費,01,療養給付費,18,負担金補助及交付金,41817513,595,301,r8tousyoyosanallpage.pdf,official_pdf
bs_2026_national_health_insurance_expenditure_22_01_03_18,2026_national_health_insurance_expenditure_22_01_03,2026,national_health_insurance,国民健康保険事業会計,expenditure,22,保険給付費,01,療養諸費,03,療養費,18,負担金補助及交付金,566541,595,301,r8tousyoyosanallpage.pdf,official_pdf
bs_2026_national_health_insurance_expenditure_22_01_05_12,2026_national_health_insurance_expenditure_22_01_05,2026,national_health_insurance,国民健康保険事業会計,expenditure,22,保険給付費,01,療養諸費,05,審査支払手数料,12,委託料,217239,595,301,r8tousyoyosanallpage.pdf,official_pdf
bs_2026_national_health_insurance_expenditure_22_02_01_18,2026_national_health_insurance_expenditure_22_02_01,2026,national_health_insurance,国民健康保険事業会計,expenditure,22,保険給付費,02,高額療養費,01,高額療養費,18,負担金補助及交付金,5886421,597,302,r8tousyoyosanallpage.pdf,official_pdf
bs_2026_national_health_insurance_expenditure_22_02_03_18,2026_national_health_insurance_expenditure_22_02_03,2026,national_health_insurance,国民健康保険事業会計,expenditure,22,保険給付費,02,高額療養費,03,高額介護合算療養費,18,負担金補助及交付金,8024,597,302,r8tousyoyosanallpage.pdf,official_pdf
bs_2026_national_health_insurance_expenditure_22_03_02_18,2026_national_health_insurance_expenditure_22_03_02,2026,national_health_insurance,国民健康保険事業会計,expenditure,22,保険給付費,03,出産育児費,02,出産育児一時金,18,負担金補助及交付金,260500,599,303,r8tousyoyosanallpage.pdf,official_pdf
bs_2026_national_health_insurance_expenditure_22_03_03_12,2026_national_health_insurance_expenditure_22_03_03,2026,national_health_insurance,国民健康保険事業会計,expenditure,22,保険給付費,03,出産育児費,03,支払手数料,12,委託料,110,599,303,r8tousyoyosanallpage.pdf,official_pdf
bs_2026_national_health_insurance_expenditure_22_04_01_18,2026_national_health_insurance_expenditure_22_04_01,2026,national_health_insurance,国民健康保険事業会計,expenditure,22,保険給付費,04,葬祭費,01,葬祭費,18,負担金補助及交付金,36400,601,304,r8tousyoyosanallpage.pdf,official_pdf
bs_2026_national_health_insurance_expenditure_22_06_01_18,2026_national_health_insurance_expenditure_22_06_01,2026,national_health_insurance,国民健康保険事業会計,expenditure,22,保険給付費,06,移送費,01,移送費,18,負担金補助及交付金,300,603,305,r8tousyoyosanallpage.pdf,official_pdf
bs_2026_national_health_insurance_expenditure_22_07_01_18,2026_national_health_insurance_expenditure_22_07_01,2026,national_health_insurance,国民健康保険事業会計,expenditure,22,保険給付費,07,結核・精神医療給付金,01,結核・精神医療給付金,18,負担金補助及交付金,77084,605,306,r8tousyoyosanallpage.pdf,official_pdf
bs_2026_national_health_insurance_expenditure_25_02_01_07,2026_national_health_insurance_expenditure_25_02_01,2026,national_health_insurance,国民健康保険事業会計,expenditure,25,保健事業費,02,特定健康診査等事業費,01,特定健康診査等事業費,07,報償費,88,607,307,r8tousyoyosanallpage.pdf,official_pdf
bs_2026_national_health_insurance_expenditure_25_02_01_10,2026_national_health_insurance_expenditure_25_02_01,2026,national_health_insurance,国民健康保険事業会計,expenditure,25,保健事業費,02,特定健康診査等事業費,01,特定健康診査等事業費,10,需用費,17124,607,307,r8tousyoyosanallpage.pdf,official_pdf
bs_2026_national_health_insurance_expenditure_25_02_01_11,2026_national_health_insurance_expenditure_25_02_01,2026,national_health_insurance,国民健康保険事業会計,expenditure,25,保健事業費,02,特定健康診査等事業費,01,特定健康診査等事業費,11,役務費,24619,607,307,r8tousyoyosanallpage.pdf,official_pdf
bs_2026_national_health_insurance_expenditure_25_02_01_12,2026_national_health_insurance_expenditure_25_02_01,2026,national_health_insurance,国民健康保険事業会計,expenditure,25,保健事業費,02,特定健康診査等事業費,01,特定健康診査等事業費,12,委託料,756864,607,307,r8tousyoyosanallpage.pdf,official_pdf
bs_2026_national_health_insurance_expenditure_25_02_01_13,2026_national_health_insurance_expenditure_25_02_01,2026,national_health_insurance,国民健康保険事業会計,expenditure,25,保健事業費,02,特定健康診査等事業費,01,特定健康診査等事業費,13,使用料及賃借料,111,607,307,r8tousyoyosanallpage.pdf,official_pdf
bs_2026_national_health_insurance_expenditure_25_02_01_18,2026_national_health_insurance_expenditure_25_02_01,2026,national_health_insurance,国民健康保険事業会計,expenditure,25,保健事業費,02,特定健康診査等事業費,01,特定健康診査等事業費,18,負担金補助及交付金,14417,607,307,r8tousyoyosanallpage.pdf,official_pdf
bs_2026_national_health_insurance_expenditure_25_02_01_22,2026_national_health_insurance_expenditure_25_02_01,2026,national_health_insurance,国民健康保険事業会計,expenditure,25,保健事業費,02,特定健康診査等事業費,01,特定健康診査等事業費,22,償還金利子及割引料,453,607,307,r8tousyoyosanallpage.pdf,official_pdf
bs_2026_national_health_insurance_expenditure_26_01_01_01,2026_national_health_insurance_expenditure_26_01_01,2026,national_health_insurance,国民健康保険事業会計,expenditure,26,職員費,01,職員費,01,職員費,01,報酬,44737,609,308,r8tousyoyosanallpage.pdf,official_pdf
bs_2026_national_health_insurance_expenditure_26_01_01_02,2026_national_health_insurance_expenditure_26_01_01,2026,national_health_insurance,国民健康保険事業会計,expenditure,26,職員費,01,職員費,01,職員費,02,給料,342370,609,308,r8tousyoyosanallpage.pdf,official_pdf
bs_2026_national_health_insurance_expenditure_26_01_01_03,2026_national_health_insurance_expenditure_26_01_01,2026,national_health_insurance,国民健康保険事業会計,expenditure,26,職員費,01,職員費,01,職員費,03,職員手当等,326643,609,308,r8tousyoyosanallpage.pdf,official_pdf
bs_2026_national_health_insurance_expenditure_26_01_01_04,2026_national_health_insurance_expenditure_26_01_01,2026,national_health_insurance,国民健康保険事業会計,expenditure,26,職員費,01,職員費,01,職員費,04,共済費,138426,609,308,r8tousyoyosanallpage.pdf,official_pdf
bs_2026_national_health_insurance_expenditure_26_01_01_08,2026_national_health_insurance_expenditure_26_01_01,2026,national_health_insurance,国民健康保険事業会計,expenditure,26,職員費,01,職員費,01,職員費,08,旅費,2532,609,308,r8tousyoyosanallpage.pdf,official_pdf
bs_2026_national_health_insurance_expenditure_27_03_01_22,2026_national_health_insurance_expenditure_27_03_01,2026,national_health_insurance,国民健康保険事業会計,expenditure,27,諸支出金,03,償還金及還付加算金,01,保険料還付金及還付加算金,22,償還金利子及割引料,205650,611,309,r8tousyoyosanallpage.pdf,official_pdf
bs_2026_national_health_insurance_expenditure_32_01_01_18,2026_national_health_insurance_expenditure_32_01_01,2026,national_health_insurance,国民健康保険事業会計,expenditure,32,国民健康保険事業費納付金,01,医療給付費分,01,医療給付費分,18,負担金補助及交付金,20790477,613,310,r8tousyoyosanallpage.pdf,official_pdf
bs_2026_national_health_insurance_expenditure_32_02_01_18,2026_national_health_insurance_expenditure_32_02_01,2026,national_health_insurance,国民健康保険事業会計,expenditure,32,国民健康保険事業費納付金,02,後期高齢者支援金等分,01,後期高齢者支援金等分,18,負担金補助及交付金,7764099,615,311,r8tousyoyosanallpage.pdf,official_pdf
bs_2026_national_health_insurance_expenditure_32_03_01_18,2026_national_health_insurance_expenditure_32_03_01,2026,national_health_insurance,国民健康保険事業会計,expenditure,32,国民健康保険事業費納付金,03,介護納付金分,01,介護納付金分,18,負担金補助及交付金,3051753,617,312,r8tousyoyosanallpage.pdf,official_pdf
bs_2026_national_health_insurance_expenditure_32_04_01_18,2026_national_health_insurance_expenditure_32_04_01,2026,national_health_insurance,国民健康保険事業会計,expenditure,32,国民健康保険事業費納付金,04,子ども・子育て支援金分,01,子ども・子育て支援金分,18,負担金補助及交付金,666142,619,313,r8tousyoyosanallpage.pdf,official_pdf
bs_2026_national_health_insurance_expenditure_34_01_01_30,2026_national_health_insurance_expenditure_34_01_01,2026,national_health_insurance,国民健康保険事業会計,expenditure,34,予備費,01,予備費,01,予備費,30,予備費,30000,621,314,r8tousyoyosanallpage.pdf,official_pdf
bs_2026_latter_stage_elderly_healthcare_expenditure_61_01_01_08,2026_latter_stage_elderly_healthcare_expenditure_61_01_01,2026,latter_stage_elderly_healthcare,後期高齢者医療会計,expenditure,61,総務費,01,総務管理費,01,一般管理費,08,旅費,80,669,338,r8tousyoyosanallpage.pdf,official_pdf
bs_2026_latter_stage_elderly_healthcare_expenditure_61_01_01_10,2026_latter_stage_elderly_healthcare_expenditure_61_01_01,2026,latter_stage_elderly_healthcare,後期高齢者医療会計,expenditure,61,総務費,01,総務管理費,01,一般管理費,10,需用費,32873,669,338,r8tousyoyosanallpage.pdf,official_pdf
bs_2026_latter_stage_elderly_healthcare_expenditure_61_01_01_11,2026_latter_stage_elderly_healthcare_expenditure_61_01_01,2026,latter_stage_elderly_healthcare,後期高齢者医療会計,expenditure,61,総務費,01,総務管理費,01,一般管理費,11,役務費,82446,669,338,r8tousyoyosanallpage.pdf,official_pdf
bs_2026_latter_stage_elderly_healthcare_expenditure_61_01_01_12,2026_latter_stage_elderly_healthcare_expenditure_61_01_01,2026,latter_stage_elderly_healthcare,後期高齢者医療会計,expenditure,61,総務費,01,総務管理費,01,一般管理費,12,委託料,143932,669,338,r8tousyoyosanallpage.pdf,official_pdf
bs_2026_latter_stage_elderly_healthcare_expenditure_61_01_01_13,2026_latter_stage_elderly_healthcare_expenditure_61_01_01,2026,latter_stage_elderly_healthcare,後期高齢者医療会計,expenditure,61,総務費,01,総務管理費,01,一般管理費,13,使用料及賃借料,1540,669,338,r8tousyoyosanallpage.pdf,official_pdf
bs_2026_latter_stage_elderly_healthcare_expenditure_61_01_01_17,2026_latter_stage_elderly_healthcare_expenditure_61_01_01,2026,latter_stage_elderly_healthcare,後期高齢者医療会計,expenditure,61,総務費,01,総務管理費,01,一般管理費,17,備品購入費,65,669,338,r8tousyoyosanallpage.pdf,official_pdf
bs_2026_latter_stage_elderly_healthcare_expenditure_61_01_01_18,2026_latter_stage_elderly_healthcare_expenditure_61_01_01,2026,latter_stage_elderly_healthcare,後期高齢者医療会計,expenditure,61,総務費,01,総務管理費,01,一般管理費,18,負担金補助及交付金,419020,669,338,r8tousyoyosanallpage.pdf,official_pdf
bs_2026_latter_stage_elderly_healthcare_expenditure_62_01_01_18,2026_latter_stage_elderly_healthcare_expenditure_62_01_01,2026,latter_stage_elderly_healthcare,後期高齢者医療会計,expenditure,62,分担金及負担金,01,広域連合負担金,01,広域連合分賦金,18,負担金補助及交付金,27794600,671,339,r8tousyoyosanallpage.pdf,official_pdf
bs_2026_latter_stage_elderly_healthcare_expenditure_63_01_01_10,2026_latter_stage_elderly_healthcare_expenditure_63_01_01,2026,latter_stage_elderly_healthcare,後期高齢者医療会計,expenditure,63,保健事業費,01,保健事業費,01,健康診査費,10,需用費,13082,673,340,r8tousyoyosanallpage.pdf,official_pdf
bs_2026_latter_stage_elderly_healthcare_expenditure_63_01_01_11,2026_latter_stage_elderly_healthcare_expenditure_63_01_01,2026,latter_stage_elderly_healthcare,後期高齢者医療会計,expenditure,63,保健事業費,01,保健事業費,01,健康診査費,11,役務費,19773,673,340,r8tousyoyosanallpage.pdf,official_pdf
bs_2026_latter_stage_elderly_healthcare_expenditure_63_01_01_12,2026_latter_stage_elderly_healthcare_expenditure_63_01_01,2026,latter_stage_elderly_healthcare,後期高齢者医療会計,expenditure,63,保健事業費,01,保健事業費,01,健康診査費,12,委託料,634148,673,340,r8tousyoyosanallpage.pdf,official_pdf
bs_2026_latter_stage_elderly_healthcare_expenditure_63_01_01_18,2026_latter_stage_elderly_healthcare_expenditure_63_01_01,2026,latter_stage_elderly_healthcare,後期高齢者医療会計,expenditure,63,保健事業費,01,保健事業費,01,健康診査費,18,負担金補助及交付金,84,673,340,r8tousyoyosanallpage.pdf,official_pdf
bs_2026_latter_stage_elderly_healthcare_expenditure_63_01_01_22,2026_latter_stage_elderly_healthcare_expenditure_63_01_01,2026,latter_stage_elderly_healthcare,後期高齢者医療会計,expenditure,63,保健事業費,01,保健事業費,01,健康診査費,22,償還金利子及割引料,5,673,340,r8tousyoyosanallpage.pdf,official_pdf
bs_2026_latter_stage_elderly_healthcare_expenditure_63_01_02_12,2026_latter_stage_elderly_healthcare_expenditure_63_01_02,2026,latter_stage_elderly_healthcare,後期高齢者医療会計,expenditure,63,保健事業費,01,保健事業費,02,その他健康保持増進費,12,委託料,4642,673,340,r8tousyoyosanallpage.pdf,official_pdf
bs_2026_latter_stage_elderly_healthcare_expenditure_64_01_01_01,2026_latter_stage_elderly_healthcare_expenditure_64_01_01,2026,latter_stage_elderly_healthcare,後期高齢者医療会計,expenditure,64,職員費,01,職員費,01,職員費,01,報酬,5472,675,341,r8tousyoyosanallpage.pdf,official_pdf
bs_2026_latter_stage_elderly_healthcare_expenditure_64_01_01_02,2026_latter_stage_elderly_healthcare_expenditure_64_01_01,2026,latter_stage_elderly_healthcare,後期高齢者医療会計,expenditure,64,職員費,01,職員費,01,職員費,02,給料,81136,675,341,r8tousyoyosanallpage.pdf,official_pdf
bs_2026_latter_stage_elderly_healthcare_expenditure_64_01_01_03,2026_latter_stage_elderly_healthcare_expenditure_64_01_01,2026,latter_stage_elderly_healthcare,後期高齢者医療会計,expenditure,64,職員費,01,職員費,01,職員費,03,職員手当等,85739,675,341,r8tousyoyosanallpage.pdf,official_pdf
bs_2026_latter_stage_elderly_healthcare_expenditure_64_01_01_04,2026_latter_stage_elderly_healthcare_expenditure_64_01_01,2026,latter_stage_elderly_healthcare,後期高齢者医療会計,expenditure,64,職員費,01,職員費,01,職員費,04,共済費,30168,675,341,r8tousyoyosanallpage.pdf,official_pdf
bs_2026_latter_stage_elderly_healthcare_expenditure_64_01_01_08,2026_latter_stage_elderly_healthcare_expenditure_64_01_01,2026,latter_stage_elderly_healthcare,後期高齢者医療会計,expenditure,64,職員費,01,職員費,01,職員費,08,旅費,591,675,341,r8tousyoyosanallpage.pdf,official_pdf
bs_2026_latter_stage_elderly_healthcare_expenditure_65_01_03_22,2026_latter_stage_elderly_healthcare_expenditure_65_01_03,2026,latter_stage_elderly_healthcare,後期高齢者医療会計,expenditure,65,諸支出金,01,償還金及還付加算金,03,保険料還付金及還付加算金,22,償還金利子及割引料,35400,677,342,r8tousyoyosanallpage.pdf,official_pdf
bs_2026_latter_stage_elderly_healthcare_expenditure_66_01_01_30,2026_latter_stage_elderly_healthcare_expenditure_66_01_01,2026,latter_stage_elderly_healthcare,後期高齢者医療会計,expenditure,66,予備費,01,予備費,01,予備費,30,予備費,30000,679,343,r8tousyoyosanallpage.pdf,official_pdf
bs_2026_long_term_care_insurance_expenditure_41_01_01_08,2026_long_term_care_insurance_expenditure_41_01_01,2026,long_term_care_insurance,介護保険事業会計,expenditure,41,総務費,01,総務管理費,01,一般管理費,08,旅費,300,751,379,r8tousyoyosanallpage.pdf,official_pdf
bs_2026_long_term_care_insurance_expenditure_41_01_01_10,2026_long_term_care_insurance_expenditure_41_01_01,2026,long_term_care_insurance,介護保険事業会計,expenditure,41,総務費,01,総務管理費,01,一般管理費,10,需用費,19558,751,379,r8tousyoyosanallpage.pdf,official_pdf
bs_2026_long_term_care_insurance_expenditure_41_01_01_11,2026_long_term_care_insurance_expenditure_41_01_01,2026,long_term_care_insurance,介護保険事業会計,expenditure,41,総務費,01,総務管理費,01,一般管理費,11,役務費,63153,751,379,r8tousyoyosanallpage.pdf,official_pdf
bs_2026_long_term_care_insurance_expenditure_41_01_01_12,2026_long_term_care_insurance_expenditure_41_01_01,2026,long_term_care_insurance,介護保険事業会計,expenditure,41,総務費,01,総務管理費,01,一般管理費,12,委託料,288932,751,379,r8tousyoyosanallpage.pdf,official_pdf
bs_2026_long_term_care_insurance_expenditure_41_01_01_13,2026_long_term_care_insurance_expenditure_41_01_01,2026,long_term_care_insurance,介護保険事業会計,expenditure,41,総務費,01,総務管理費,01,一般管理費,13,使用料及賃借料,1809,751,379,r8tousyoyosanallpage.pdf,official_pdf
bs_2026_long_term_care_insurance_expenditure_41_01_01_18,2026_long_term_care_insurance_expenditure_41_01_01,2026,long_term_care_insurance,介護保険事業会計,expenditure,41,総務費,01,総務管理費,01,一般管理費,18,負担金補助及交付金,411,751,379,r8tousyoyosanallpage.pdf,official_pdf
bs_2026_long_term_care_insurance_expenditure_41_02_01_01,2026_long_term_care_insurance_expenditure_41_02_01,2026,long_term_care_insurance,介護保険事業会計,expenditure,41,総務費,02,介護認定審査会費,01,介護認定審査会費,01,報酬,124930,753,380,r8tousyoyosanallpage.pdf,official_pdf
bs_2026_long_term_care_insurance_expenditure_41_02_01_07,2026_long_term_care_insurance_expenditure_41_02_01,2026,long_term_care_insurance,介護保険事業会計,expenditure,41,総務費,02,介護認定審査会費,01,介護認定審査会費,07,報償費,185513,753,380,r8tousyoyosanallpage.pdf,official_pdf
bs_2026_long_term_care_insurance_expenditure_41_02_01_08,2026_long_term_care_insurance_expenditure_41_02_01,2026,long_term_care_insurance,介護保険事業会計,expenditure,41,総務費,02,介護認定審査会費,01,介護認定審査会費,08,旅費,2296,753,380,r8tousyoyosanallpage.pdf,official_pdf
bs_2026_long_term_care_insurance_expenditure_41_02_01_10,2026_long_term_care_insurance_expenditure_41_02_01,2026,long_term_care_insurance,介護保険事業会計,expenditure,41,総務費,02,介護認定審査会費,01,介護認定審査会費,10,需用費,7690,753,380,r8tousyoyosanallpage.pdf,official_pdf
bs_2026_long_term_care_insurance_expenditure_41_02_01_11,2026_long_term_care_insurance_expenditure_41_02_01,2026,long_term_care_insurance,介護保険事業会計,expenditure,41,総務費,02,介護認定審査会費,01,介護認定審査会費,11,役務費,33005,753,380,r8tousyoyosanallpage.pdf,official_pdf
bs_2026_long_term_care_insurance_expenditure_41_02_01_12,2026_long_term_care_insurance_expenditure_41_02_01,2026,long_term_care_insurance,介護保険事業会計,expenditure,41,総務費,02,介護認定審査会費,01,介護認定審査会費,12,委託料,140697,753,380,r8tousyoyosanallpage.pdf,official_pdf
bs_2026_long_term_care_insurance_expenditure_41_02_01_13,2026_long_term_care_insurance_expenditure_41_02_01,2026,long_term_care_insurance,介護保険事業会計,expenditure,41,総務費,02,介護認定審査会費,01,介護認定審査会費,13,使用料及賃借料,11,753,380,r8tousyoyosanallpage.pdf,official_pdf
bs_2026_long_term_care_insurance_expenditure_41_03_01_10,2026_long_term_care_insurance_expenditure_41_03_01,2026,long_term_care_insurance,介護保険事業会計,expenditure,41,総務費,03,趣旨普及費,01,趣旨普及費,10,需用費,1274,755,381,r8tousyoyosanallpage.pdf,official_pdf
bs_2026_long_term_care_insurance_expenditure_41_03_01_12,2026_long_term_care_insurance_expenditure_41_03_01,2026,long_term_care_insurance,介護保険事業会計,expenditure,41,総務費,03,趣旨普及費,01,趣旨普及費,12,委託料,2931,755,381,r8tousyoyosanallpage.pdf,official_pdf
bs_2026_long_term_care_insurance_expenditure_42_01_01_18,2026_long_term_care_insurance_expenditure_42_01_01,2026,long_term_care_insurance,介護保険事業会計,expenditure,42,保険給付費,01,介護サービス等諸費,01,居宅介護サービス給付費,18,負担金補助及交付金,38847776,759,383,r8tousyoyosanallpage.pdf,official_pdf
bs_2026_long_term_care_insurance_expenditure_42_01_02_18,2026_long_term_care_insurance_expenditure_42_01_02,2026,long_term_care_insurance,介護保険事業会計,expenditure,42,保険給付費,01,介護サービス等諸費,02,施設介護サービス給付費,18,負担金補助及交付金,13763000,759,383,r8tousyoyosanallpage.pdf,official_pdf
bs_2026_long_term_care_insurance_expenditure_42_01_03_18,2026_long_term_care_insurance_expenditure_42_01_03,2026,long_term_care_insurance,介護保険事業会計,expenditure,42,保険給付費,01,介護サービス等諸費,03,居宅介護福祉用具購入費,18,負担金補助及交付金,93376,761,384,r8tousyoyosanallpage.pdf,official_pdf
bs_2026_long_term_care_insurance_expenditure_42_01_04_18,2026_long_term_care_insurance_expenditure_42_01_04,2026,long_term_care_insurance,介護保険事業会計,expenditure,42,保険給付費,01,介護サービス等諸費,04,居宅介護住宅改修費,18,負担金補助及交付金,142779,761,384,r8tousyoyosanallpage.pdf,official_pdf
bs_2026_long_term_care_insurance_expenditure_42_01_05_18,2026_long_term_care_insurance_expenditure_42_01_05,2026,long_term_care_insurance,介護保険事業会計,expenditure,42,保険給付費,01,介護サービス等諸費,05,居宅介護サービス計画給付費,18,負担金補助及交付金,3926000,761,384,r8tousyoyosanallpage.pdf,official_pdf
bs_2026_long_term_care_insurance_expenditure_42_01_06_18,2026_long_term_care_insurance_expenditure_42_01_06,2026,long_term_care_insurance,介護保険事業会計,expenditure,42,保険給付費,01,介護サービス等諸費,06,地域密着型介護サービス給付費,18,負担金補助及交付金,9591000,763,385,r8tousyoyosanallpage.pdf,official_pdf
bs_2026_long_term_care_insurance_expenditure_42_03_01_12,2026_long_term_care_insurance_expenditure_42_03_01,2026,long_term_care_insurance,介護保険事業会計,expenditure,42,保険給付費,03,その他諸費,01,審査支払手数料,12,委託料,84929,765,386,r8tousyoyosanallpage.pdf,official_pdf
bs_2026_long_term_care_insurance_expenditure_42_04_01_18,2026_long_term_care_insurance_expenditure_42_04_01,2026,long_term_care_insurance,介護保険事業会計,expenditure,42,保険給付費,04,高額介護サービス等費,01,高額介護サービス費,18,負担金補助及交付金,2361028,767,387,r8tousyoyosanallpage.pdf,official_pdf
bs_2026_long_term_care_insurance_expenditure_42_04_03_18,2026_long_term_care_insurance_expenditure_42_04_03,2026,long_term_care_insurance,介護保険事業会計,expenditure,42,保険給付費,04,高額介護サービス等費,03,高額介護予防サービス費,18,負担金補助及交付金,4995,767,387,r8tousyoyosanallpage.pdf,official_pdf
bs_2026_long_term_care_insurance_expenditure_42_06_01_18,2026_long_term_care_insurance_expenditure_42_06_01,2026,long_term_care_insurance,介護保険事業会計,expenditure,42,保険給付費,06,介護予防サービス等諸費,01,介護予防サービス給付費,18,負担金補助及交付金,1338000,769,388,r8tousyoyosanallpage.pdf,official_pdf
bs_2026_long_term_care_insurance_expenditure_42_06_02_18,2026_long_term_care_insurance_expenditure_42_06_02,2026,long_term_care_insurance,介護保険事業会計,expenditure,42,保険給付費,06,介護予防サービス等諸費,02,地域密着型介護予防サービス給付費,18,負担金補助及交付金,35885,769,388,r8tousyoyosanallpage.pdf,official_pdf
bs_2026_long_term_care_insurance_expenditure_42_06_03_18,2026_long_term_care_insurance_expenditure_42_06_03,2026,long_term_care_insurance,介護保険事業会計,expenditure,42,保険給付費,06,介護予防サービス等諸費,03,介護予防福祉用具購入費,18,負担金補助及交付金,17108,771,389,r8tousyoyosanallpage.pdf,official_pdf
bs_2026_long_term_care_insurance_expenditure_42_06_04_18,2026_long_term_care_insurance_expenditure_42_06_04,2026,long_term_care_insurance,介護保険事業会計,expenditure,42,保険給付費,06,介護予防サービス等諸費,04,介護予防住宅改修費,18,負担金補助及交付金,80511,771,389,r8tousyoyosanallpage.pdf,official_pdf
bs_2026_long_term_care_insurance_expenditure_42_06_05_18,2026_long_term_care_insurance_expenditure_42_06_05,2026,long_term_care_insurance,介護保険事業会計,expenditure,42,保険給付費,06,介護予防サービス等諸費,05,介護予防サービス計画給付費,18,負担金補助及交付金,243457,771,389,r8tousyoyosanallpage.pdf,official_pdf
bs_2026_long_term_care_insurance_expenditure_42_07_01_18,2026_long_term_care_insurance_expenditure_42_07_01,2026,long_term_care_insurance,介護保険事業会計,expenditure,42,保険給付費,07,特定入所者介護サービス等費,01,特定入所者介護サービス費,18,負担金補助及交付金,665690,773,390,r8tousyoyosanallpage.pdf,official_pdf
bs_2026_long_term_care_insurance_expenditure_42_07_03_18,2026_long_term_care_insurance_expenditure_42_07_03,2026,long_term_care_insurance,介護保険事業会計,expenditure,42,保険給付費,07,特定入所者介護サービス等費,03,特定入所者介護予防サービス費,18,負担金補助及交付金,403,773,390,r8tousyoyosanallpage.pdf,official_pdf
bs_2026_long_term_care_insurance_expenditure_42_09_01_18,2026_long_term_care_insurance_expenditure_42_09_01,2026,long_term_care_insurance,介護保険事業会計,expenditure,42,保険給付費,09,高額医療合算介護サービス等,01,高額医療合算介護サービス費,18,負担金補助及交付金,432570,775,391,r8tousyoyosanallpage.pdf,official_pdf
bs_2026_long_term_care_insurance_expenditure_42_09_02_18,2026_long_term_care_insurance_expenditure_42_09_02,2026,long_term_care_insurance,介護保険事業会計,expenditure,42,保険給付費,09,高額医療合算介護サービス等,02,高額医療合算介護予防サービス費,18,負担金補助及交付金,4569,775,391,r8tousyoyosanallpage.pdf,official_pdf
bs_2026_long_term_care_insurance_expenditure_45_01_01_24,2026_long_term_care_insurance_expenditure_45_01_01,2026,long_term_care_insurance,介護保険事業会計,expenditure,45,基金積立金,01,基金積立金,01,介護給付費準備基金積立金,24,積立金,65792,777,392,r8tousyoyosanallpage.pdf,official_pdf
bs_2026_long_term_care_insurance_expenditure_46_01_01_01,2026_long_term_care_insurance_expenditure_46_01_01,2026,long_term_care_insurance,介護保険事業会計,expenditure,46,職員費,01,職員費,01,職員費,01,報酬,145345,779,393,r8tousyoyosanallpage.pdf,official_pdf
bs_2026_long_term_care_insurance_expenditure_46_01_01_02,2026_long_term_care_insurance_expenditure_46_01_01,2026,long_term_care_insurance,介護保険事業会計,expenditure,46,職員費,01,職員費,01,職員費,02,給料,270790,779,393,r8tousyoyosanallpage.pdf,official_pdf
bs_2026_long_term_care_insurance_expenditure_46_01_01_03,2026_long_term_care_insurance_expenditure_46_01_01,2026,long_term_care_insurance,介護保険事業会計,expenditure,46,職員費,01,職員費,01,職員費,03,職員手当等,337542,779,393,r8tousyoyosanallpage.pdf,official_pdf
bs_2026_long_term_care_insurance_expenditure_46_01_01_04,2026_long_term_care_insurance_expenditure_46_01_01,2026,long_term_care_insurance,介護保険事業会計,expenditure,46,職員費,01,職員費,01,職員費,04,共済費,167981,779,393,r8tousyoyosanallpage.pdf,official_pdf
bs_2026_long_term_care_insurance_expenditure_46_01_01_08,2026_long_term_care_insurance_expenditure_46_01_01,2026,long_term_care_insurance,介護保険事業会計,expenditure,46,職員費,01,職員費,01,職員費,08,旅費,5640,779,393,r8tousyoyosanallpage.pdf,official_pdf
bs_2026_long_term_care_insurance_expenditure_48_01_04_22,2026_long_term_care_insurance_expenditure_48_01_04,2026,long_term_care_insurance,介護保険事業会計,expenditure,48,諸支出金,01,償還金及還付加算金,04,第1号被保険者保険料還付金及還付加算金,22,償還金利子及割引料,43417,781,394,r8tousyoyosanallpage.pdf,official_pdf
bs_2026_long_term_care_insurance_expenditure_48_02_01_27,2026_long_term_care_insurance_expenditure_48_02_01,2026,long_term_care_insurance,介護保険事業会計,expenditure,48,諸支出金,02,繰出金,01,他会計繰出金,27,繰出金,255661,783,395,r8tousyoyosanallpage.pdf,official_pdf
bs_2026_long_term_care_insurance_expenditure_49_02_01_01,2026_long_term_care_insurance_expenditure_49_02_01,2026,long_term_care_insurance,介護保険事業会計,expenditure,49,地域支援事業費,02,包括支援事業・任意事業費,01,包括的支援事業費,01,報酬,1925,785,396,r8tousyoyosanallpage.pdf,official_pdf
bs_2026_long_term_care_insurance_expenditure_49_02_01_07,2026_long_term_care_insurance_expenditure_49_02_01,2026,long_term_care_insurance,介護保険事業会計,expenditure,49,地域支援事業費,02,包括支援事業・任意事業費,01,包括的支援事業費,07,報償費,1837,785,396,r8tousyoyosanallpage.pdf,official_pdf
bs_2026_long_term_care_insurance_expenditure_49_02_01_10,2026_long_term_care_insurance_expenditure_49_02_01,2026,long_term_care_insurance,介護保険事業会計,expenditure,49,地域支援事業費,02,包括支援事業・任意事業費,01,包括的支援事業費,10,需用費,1262,785,396,r8tousyoyosanallpage.pdf,official_pdf
bs_2026_long_term_care_insurance_expenditure_49_02_01_11,2026_long_term_care_insurance_expenditure_49_02_01,2026,long_term_care_insurance,介護保険事業会計,expenditure,49,地域支援事業費,02,包括支援事業・任意事業費,01,包括的支援事業費,11,役務費,550,785,396,r8tousyoyosanallpage.pdf,official_pdf
bs_2026_long_term_care_insurance_expenditure_49_02_01_12,2026_long_term_care_insurance_expenditure_49_02_01,2026,long_term_care_insurance,介護保険事業会計,expenditure,49,地域支援事業費,02,包括支援事業・任意事業費,01,包括的支援事業費,12,委託料,166003,785,396,r8tousyoyosanallpage.pdf,official_pdf
bs_2026_long_term_care_insurance_expenditure_49_02_01_18,2026_long_term_care_insurance_expenditure_49_02_01,2026,long_term_care_insurance,介護保険事業会計,expenditure,49,地域支援事業費,02,包括支援事業・任意事業費,01,包括的支援事業費,18,負担金補助及交付金,450,785,396,r8tousyoyosanallpage.pdf,official_pdf
bs_2026_long_term_care_insurance_expenditure_49_02_02_07,2026_long_term_care_insurance_expenditure_49_02_02,2026,long_term_care_insurance,介護保険事業会計,expenditure,49,地域支援事業費,02,包括支援事業・任意事業費,02,任意事業費,07,報償費,3567,785,396,r8tousyoyosanallpage.pdf,official_pdf
bs_2026_long_term_care_insurance_expenditure_49_02_02_10,2026_long_term_care_insurance_expenditure_49_02_02,2026,long_term_care_insurance,介護保険事業会計,expenditure,49,地域支援事業費,02,包括支援事業・任意事業費,02,任意事業費,10,需用費,572,785,396,r8tousyoyosanallpage.pdf,official_pdf
bs_2026_long_term_care_insurance_expenditure_49_02_02_11,2026_long_term_care_insurance_expenditure_49_02_02,2026,long_term_care_insurance,介護保険事業会計,expenditure,49,地域支援事業費,02,包括支援事業・任意事業費,02,任意事業費,11,役務費,43,785,396,r8tousyoyosanallpage.pdf,official_pdf
bs_2026_long_term_care_insurance_expenditure_49_02_02_12,2026_long_term_care_insurance_expenditure_49_02_02,2026,long_term_care_insurance,介護保険事業会計,expenditure,49,地域支援事業費,02,包括支援事業・任意事業費,02,任意事業費,12,委託料,241831,785,396,r8tousyoyosanallpage.pdf,official_pdf
bs_2026_long_term_care_insurance_expenditure_49_02_02_18,2026_long_term_care_insurance_expenditure_49_02_02,2026,long_term_care_insurance,介護保険事業会計,expenditure,49,地域支援事業費,02,包括支援事業・任意事業費,02,任意事業費,18,負担金補助及交付金,24363,785,396,r8tousyoyosanallpage.pdf,official_pdf
bs_2026_long_term_care_insurance_expenditure_49_02_02_19,2026_long_term_care_insurance_expenditure_49_02_02,2026,long_term_care_insurance,介護保険事業会計,expenditure,49,地域支援事業費,02,包括支援事業・任意事業費,02,任意事業費,19,扶助費,19770,785,396,r8tousyoyosanallpage.pdf,official_pdf
bs_2026_long_term_care_insurance_expenditure_49_03_01_07,2026_long_term_care_insurance_expenditure_49_03_01,2026,long_term_care_insurance,介護保険事業会計,expenditure,49,地域支援事業費,03,介護予防・日常生活支援総合,01,介護予防・日常生活支援総合事業費,07,報償費,1465,789,398,r8tousyoyosanallpage.pdf,official_pdf
bs_2026_long_term_care_insurance_expenditure_49_03_01_10,2026_long_term_care_insurance_expenditure_49_03_01,2026,long_term_care_insurance,介護保険事業会計,expenditure,49,地域支援事業費,03,介護予防・日常生活支援総合,01,介護予防・日常生活支援総合事業費,10,需用費,6068,789,398,r8tousyoyosanallpage.pdf,official_pdf
bs_2026_long_term_care_insurance_expenditure_49_03_01_11,2026_long_term_care_insurance_expenditure_49_03_01,2026,long_term_care_insurance,介護保険事業会計,expenditure,49,地域支援事業費,03,介護予防・日常生活支援総合,01,介護予防・日常生活支援総合事業費,11,役務費,655,789,398,r8tousyoyosanallpage.pdf,official_pdf
bs_2026_long_term_care_insurance_expenditure_49_03_01_12,2026_long_term_care_insurance_expenditure_49_03_01,2026,long_term_care_insurance,介護保険事業会計,expenditure,49,地域支援事業費,03,介護予防・日常生活支援総合,01,介護予防・日常生活支援総合事業費,12,委託料,270173,789,398,r8tousyoyosanallpage.pdf,official_pdf
bs_2026_long_term_care_insurance_expenditure_49_03_01_18,2026_long_term_care_insurance_expenditure_49_03_01,2026,long_term_care_insurance,介護保険事業会計,expenditure,49,地域支援事業費,03,介護予防・日常生活支援総合,01,介護予防・日常生活支援総合事業費,18,負担金補助及交付金,1490665,789,398,r8tousyoyosanallpage.pdf,official_pdf
bs_2026_long_term_care_insurance_expenditure_50_01_01_30,2026_long_term_care_insurance_expenditure_50_01_01,2026,long_term_care_insurance,介護保険事業会計,expenditure,50,予備費,01,予備費,01,予備費,30,予備費,30000,791,399,r8tousyoyosanallpage.pdf,official_pdf
