allocation_link_id,revenue_detail_id,target_budget_program_group_id,target_budget_item_key,target_account_code,pdf_target_program_name,matched_budget_program_name,target_budget_book_page,source_pdf_page,source_budget_book_page,target_match_status,target_match_method,amount_attribution_status,allocation_amount_thousand_yen,source_file,raw_text,review_note,target_budget_program_identity_id,target_resolution_level,target_group_resolution_status,candidate_target_group_count
ral_2026_general_052_001,rd_2026_general_revenue_11_01_01_01_01_3645100000,2026_general_expenditure_03_01_02_01_01,2026_general_expenditure_03_01_02,general,養護老人ホーム入所措置,養護老人ホーム入所措置,363,52,97,matched,page_and_exact_name,not_available,,r8tousyoyosanallpage.pdf,"1 養護老人ホーム入所者負担金(高齢福祉部) 50,235
充当事業:養護老人ホーム入所措置・P363",target_page_account_and_exact_name_unique;page_offset=0,bpi_5ef1a8da6724c02dc4d6870b123f5f3a4d61e3411cf8ab60ee241dbcad0516c2,exact_group,exact,1
ral_2026_general_052_002,rd_2026_general_revenue_11_01_01_04_01_3665580000,2026_general_expenditure_03_02_05_01_01,2026_general_expenditure_03_02_05,general,区立保育園運営,区立保育園運営,381,52,97,matched,page_and_exact_name,not_available,,r8tousyoyosanallpage.pdf,"1 区立保育園入所者負担金(子ども・若者部) 11,767
充当事業:区立保育園運営・P381",target_page_account_and_exact_name_unique;page_offset=0,bpi_cd88696d105d5fd4493ad43119716ef01897dc1ccd62a75e668a2c9179db33a0,exact_group,exact,1
ral_2026_general_052_003,rd_2026_general_revenue_11_01_01_05_01_3665500000,2026_general_expenditure_03_02_03_01_02,2026_general_expenditure_03_02_03,general,入院助産措置,入院助産措置,381,52,97,matched,page_and_exact_name,not_available,,r8tousyoyosanallpage.pdf,"1 入院助産入所者負担金(子ども・若者部) 732
充当事業:入院助産措置・P381",target_page_account_and_exact_name_unique;page_offset=0,bpi_d3444af3cdc8f5ef93952ea5d623e284b0dd3bf1e576c27c3b7bb364b4e716fb,exact_group,exact,1
ral_2026_general_052_004,rd_2026_general_revenue_11_01_01_08_02_3665500000,2026_general_expenditure_03_02_03_01_01,2026_general_expenditure_03_02_03,general,私立母子生活支援施設への保護委託,私立母子生活支援施設への保護委託,381,52,97,matched,page_and_exact_name,not_available,,r8tousyoyosanallpage.pdf,"2 私立母子生活支援施設入所者負担金(子ども・若者部) 226
充当事業:私立母子生活支援施設への保護委託・P381",target_page_account_and_exact_name_unique;page_offset=0,bpi_4a652a5e6ae80c14247f55b106c251c66720a51aefa7d1eb683419b0c968de2c,exact_group,exact,1
ral_2026_general_052_005,rd_2026_general_revenue_11_01_01_08_04_3665500000,2026_general_expenditure_03_02_01_01_54,2026_general_expenditure_03_02_01,general,ひとり親家庭への支援,ひとり親家庭への支援,377,52,97,matched,page_and_exact_name,not_available,,r8tousyoyosanallpage.pdf,"4 区立母子生活支援施設入所者負担金(子ども・若者部) 395
充当事業:ひとり親家庭への支援・P377",target_page_account_and_exact_name_unique;page_offset=2,bpi_41040ca747d4a337137a00fa3d6aead795e46721cd32e0936d92cdb3f6a7b468,exact_group,exact,1
ral_2026_general_052_006,rd_2026_general_revenue_11_01_01_11_01_3665570000,2026_general_expenditure_03_02_01_01_66,2026_general_expenditure_03_02_01,general,児童養護施設退所者等支援事業,児童養護施設退所者等支援事業,377,52,97,matched,page_and_exact_name,not_available,,r8tousyoyosanallpage.pdf,"1 児童養護施設退所者等入居者負担金(子ども・若者部) 500
充当事業:児童養護施設退所者等支援事業・P377",target_page_account_and_exact_name_unique;page_offset=2,bpi_6605cd83287c40610b0aa32ffc8cae989f94b531663e196d1421ff40eb1878c8,exact_group,exact,1
ral_2026_general_052_007,rd_2026_general_revenue_11_01_01_12_01_3665570000,2026_general_expenditure_03_02_13_02_01,2026_general_expenditure_03_02_13,general,児童福祉施設等への措置費支弁,児童福祉施設等への措置費支弁,385,52,97,matched,page_and_exact_name,not_available,,r8tousyoyosanallpage.pdf,"1 児童福祉施設等入所者負担金(子ども・若者部) 10,219
充当事業:児童福祉施設等への措置費支弁・P385",target_page_account_and_exact_name_unique;page_offset=0,bpi_4c3083c58caa1619bc11622992fe0e9047bbddad2650a670388ce07da10f2704,exact_group,exact,1
ral_2026_general_052_008,rd_2026_general_revenue_11_01_01_13_01_3665570000,2026_general_expenditure_03_02_13_02_01,2026_general_expenditure_03_02_13,general,児童福祉施設等への措置費支弁,児童福祉施設等への措置費支弁,385,52,97,matched,page_and_exact_name,not_available,,r8tousyoyosanallpage.pdf,"1 障害児施設入所者負担金(子ども・若者部) 960
充当事業:児童福祉施設等への措置費支弁・P385",target_page_account_and_exact_name_unique;page_offset=0,bpi_4c3083c58caa1619bc11622992fe0e9047bbddad2650a670388ce07da10f2704,exact_group,exact,1
ral_2026_general_052_009,rd_2026_general_revenue_11_01_01_14_01_3665570000,2026_general_expenditure_03_02_13_02_01,2026_general_expenditure_03_02_13,general,児童福祉施設等への措置費支弁,児童福祉施設等への措置費支弁,385,52,97,matched,page_and_exact_name,not_available,,r8tousyoyosanallpage.pdf,"1 措置費共同経理負担金(子ども・若者部) 118
充当事業:児童福祉施設等への措置費支弁・P385",target_page_account_and_exact_name_unique;page_offset=0,bpi_4c3083c58caa1619bc11622992fe0e9047bbddad2650a670388ce07da10f2704,exact_group,exact,1
ral_2026_general_052_010,rd_2026_general_revenue_11_01_01_14_02_3095100000,2026_general_expenditure_02_01_04_01_07,2026_general_expenditure_02_01_04,general,共通基盤システム運用,共通基盤システム運用,321,52,97,matched,page_and_exact_name,not_available,,r8tousyoyosanallpage.pdf,"2 措置費共同経理負担金(DX推進担当部) 3,478
充当事業:共通基盤システム運用・P321",target_page_account_and_exact_name_unique;page_offset=0,bpi_1accd222350bdb9f6be90ef20cec7890d84f0d5118de8a58f9aaa67ab17a8335,exact_group,exact,1
ral_2026_general_052_011,rd_2026_general_revenue_11_01_03_02_01_3835300000,2026_general_expenditure_07_04_01_01_01,2026_general_expenditure_07_04_01,general,多摩川玉堤広場維持管理,多摩川玉堤広場維持管理,431,52,97,matched,page_and_exact_name,not_available,,r8tousyoyosanallpage.pdf,"1 多摩川玉堤広場共同管理負担金(みどり33推進担当部) 85,386
充当事業:多摩川玉堤広場維持管理・P431",target_page_account_and_exact_name_unique;page_offset=0,bpi_4a36b092eb3a237461040e6c0341150fc7fdb95e370ba266f205914960a55fcb,exact_group,exact,1
ral_2026_general_052_012,rd_2026_general_revenue_11_01_03_06_01_3895300000,2026_general_expenditure_07_02_03_01_90,2026_general_expenditure_07_02_03,general,無電柱化整備(世田谷・北沢・烏山),無電柱化整備（世田谷・北沢・烏山）,423,52,97,matched,page_and_normalized_name,not_available,,r8tousyoyosanallpage.pdf,"1 無電柱化事業建設負担金(世田谷・北沢・烏山)(土木部) 9,725
充当事業:無電柱化整備(世田谷・北沢・烏山)・P423",target_page_account_and_nfkc_name_unique;page_offset=0,bpi_422a5e9d6be8685cbe000c7f54e68ad1fd5345629be1ca6050bfa0faa0c70e83,exact_group,exact,1
ral_2026_general_053_001,rd_2026_general_revenue_12_01_01_01_05_2535100000,2026_general_expenditure_02_03_06_01_29,2026_general_expenditure_02_03_06,general,烏山区民会館・区民センター維持運営,烏山区民会館・区民センター維持運営,335,53,99,matched,page_and_exact_name,not_available,,r8tousyoyosanallpage.pdf,"5 烏山区民会館(烏山総合支所) 28,699
充当事業:烏山区民会館・区民センター維持運営・P335",target_page_account_and_exact_name_unique;page_offset=2,bpi_8dc6864f8ba930b92d0cbb74e1b6a3f37a6c2c187266a79e6cb699d256730903,exact_group,exact,1
ral_2026_general_053_002,rd_2026_general_revenue_12_01_01_01_07_3405400000,2026_general_expenditure_02_03_06_01_38,2026_general_expenditure_02_03_06,general,世田谷区民会館維持運営,世田谷区民会館維持運営,337,53,99,matched,page_and_exact_name,not_available,,r8tousyoyosanallpage.pdf,"7 世田谷区民会館(生活文化政策部) 92,648
充当事業:世田谷区民会館維持運営・P337",target_page_account_and_exact_name_unique;page_offset=4,bpi_6e3826d3a86f6beda5f2fd1113078499d4accf6e8bb3b5b6505bc7a537d6bf6b,exact_group,exact,1
ral_2026_general_053_003,rd_2026_general_revenue_12_01_01_02_01_2535100000,2026_general_expenditure_02_03_06_01_29,2026_general_expenditure_02_03_06,general,烏山区民会館・区民センター維持運営,烏山区民会館・区民センター維持運営,335,53,99,matched,page_and_exact_name,not_available,,r8tousyoyosanallpage.pdf,"1 烏山区民センター(烏山総合支所) 5,474
充当事業:烏山区民会館・区民センター維持運営・P335",target_page_account_and_exact_name_unique;page_offset=2,bpi_8dc6864f8ba930b92d0cbb74e1b6a3f37a6c2c187266a79e6cb699d256730903,exact_group,exact,1
ral_2026_general_053_004,rd_2026_general_revenue_12_01_01_02_02_2135100000,2026_general_expenditure_02_03_06_01_04,2026_general_expenditure_02_03_06,general,太子堂区民センター維持運営,太子堂区民センター維持運営,333,53,99,matched,page_and_exact_name,not_available,,r8tousyoyosanallpage.pdf,"2 太子堂区民センター(世田谷総合支所) 6,355
充当事業:太子堂区民センター維持運営・P333",target_page_account_and_exact_name_unique;page_offset=0,bpi_751f3643eb3178f9f3129cce6578da6bf7d1f6714bd7e07fa6c0bb5771e63f0a,exact_group,exact,1
ral_2026_general_053_005,rd_2026_general_revenue_12_01_01_02_03_2135100000,2026_general_expenditure_02_03_06_01_05,2026_general_expenditure_02_03_06,general,弦巻区民センター維持運営,弦巻区民センター維持運営,333,53,99,matched,page_and_exact_name,not_available,,r8tousyoyosanallpage.pdf,"3 弦巻区民センター(世田谷総合支所) 8,761
充当事業:弦巻区民センター維持運営・P333",target_page_account_and_exact_name_unique;page_offset=0,bpi_6a3d5b077386aeb21af52bc03bdc94bcd3822bdb2c611b522aac2eb6c5ffe437,exact_group,exact,1
ral_2026_general_053_006,rd_2026_general_revenue_12_01_01_02_04_2135100000,2026_general_expenditure_02_03_06_01_07,2026_general_expenditure_02_03_06,general,宮坂区民センター維持運営,宮坂区民センター維持運営,333,53,99,matched,page_and_exact_name,not_available,,r8tousyoyosanallpage.pdf,"4 宮坂区民センター(世田谷総合支所) 15,334
充当事業:宮坂区民センター維持運営・P333",target_page_account_and_exact_name_unique;page_offset=0,bpi_5a760a3b16e34f902ea73ab81eecbd68a7f2fb2160d01bdeaba3dfd584b1b691,exact_group,exact,1
ral_2026_general_053_007,rd_2026_general_revenue_12_01_01_02_05_2235100000,2026_general_expenditure_02_03_06_01_13,2026_general_expenditure_02_03_06,general,代田区民センター維持運営,代田区民センター維持運営,335,53,99,matched,page_and_exact_name,not_available,,r8tousyoyosanallpage.pdf,"5 代田区民センター(北沢総合支所) 6,387
充当事業:代田区民センター維持運営・P335",target_page_account_and_exact_name_unique;page_offset=2,bpi_d0b78f80918456bacd47a72d32906b27f20a686d844f4abf1a818d14f6f7b22b,exact_group,exact,1
ral_2026_general_053_008,rd_2026_general_revenue_12_01_01_02_06_2335100000,2026_general_expenditure_02_03_06_01_19,2026_general_expenditure_02_03_06,general,玉川地域区民センター維持運営,玉川地域区民センター維持運営,335,53,99,matched,page_and_exact_name,not_available,,r8tousyoyosanallpage.pdf,"6 深沢区民センター(玉川総合支所) 3,750
充当事業:玉川地域区民センター維持運営・P335",target_page_account_and_exact_name_unique;page_offset=2,bpi_cc60dba29af4f6dbb4b3a49bd2f997641ccd23092152b76044ffda13c6e13994,exact_group,exact,1
ral_2026_general_053_009,rd_2026_general_revenue_12_01_01_02_07_2335100000,2026_general_expenditure_02_03_06_01_19,2026_general_expenditure_02_03_06,general,玉川地域区民センター維持運営,玉川地域区民センター維持運営,335,53,99,matched,page_and_exact_name,not_available,,r8tousyoyosanallpage.pdf,"7 奥沢区民センター(玉川総合支所) 2,110
充当事業:玉川地域区民センター維持運営・P335",target_page_account_and_exact_name_unique;page_offset=2,bpi_cc60dba29af4f6dbb4b3a49bd2f997641ccd23092152b76044ffda13c6e13994,exact_group,exact,1
ral_2026_general_053_010,rd_2026_general_revenue_12_01_01_02_08_2335100000,2026_general_expenditure_02_03_06_01_19,2026_general_expenditure_02_03_06,general,玉川地域区民センター維持運営,玉川地域区民センター維持運営,335,53,99,matched,page_and_exact_name,not_available,,r8tousyoyosanallpage.pdf,"8 玉川台区民センター(玉川総合支所) 4,920
充当事業:玉川地域区民センター維持運営・P335",target_page_account_and_exact_name_unique;page_offset=2,bpi_cc60dba29af4f6dbb4b3a49bd2f997641ccd23092152b76044ffda13c6e13994,exact_group,exact,1
ral_2026_general_053_011,rd_2026_general_revenue_12_01_01_02_09_2535100000,2026_general_expenditure_02_03_06_01_30,2026_general_expenditure_02_03_06,general,上北沢区民センター維持運営,上北沢区民センター維持運営,335,53,99,matched,page_and_exact_name,not_available,,r8tousyoyosanallpage.pdf,"9 上北沢区民センター(烏山総合支所) 3,530
充当事業:上北沢区民センター維持運営・P335",target_page_account_and_exact_name_unique;page_offset=2,bpi_b84a8ef137571c1276f5281266ad73554c101d00b6f5521c7fc618a0f9339c1f,exact_group,exact,1
ral_2026_general_053_012,rd_2026_general_revenue_12_01_01_02_10_2535100000,2026_general_expenditure_02_03_06_01_31,2026_general_expenditure_02_03_06,general,粕谷区民センター維持運営,粕谷区民センター維持運営,335,53,99,matched,page_and_exact_name,not_available,,r8tousyoyosanallpage.pdf,"10 粕谷区民センター(烏山総合支所) 4,731
充当事業:粕谷区民センター維持運営・P335",target_page_account_and_exact_name_unique;page_offset=2,bpi_148a9e7f043c741a1c911089b62b1d9229a5038374687ea48d307e8aa0db9cec,exact_group,exact,1
ral_2026_general_053_013,rd_2026_general_revenue_12_01_01_02_11_2435100000,2026_general_expenditure_02_03_06_01_24,2026_general_expenditure_02_03_06,general,鎌田区民センター維持運営,鎌田区民センター維持運営,335,53,99,matched,page_and_exact_name,not_available,,r8tousyoyosanallpage.pdf,"11 鎌田区民センター(砧総合支所) 5,810
充当事業:鎌田区民センター維持運営・P335",target_page_account_and_exact_name_unique;page_offset=2,bpi_21d8a0e434b707b362e97d914617024882c832767e8f058d29d780beafaeaccf,exact_group,exact,1
ral_2026_general_053_014,rd_2026_general_revenue_12_01_01_02_12_2135100000,2026_general_expenditure_02_03_06_01_06,2026_general_expenditure_02_03_06,general,桜丘区民センター維持運営,桜丘区民センター維持運営,333,53,99,matched,page_and_exact_name,not_available,,r8tousyoyosanallpage.pdf,"12 桜丘区民センター(世田谷総合支所) 10,273
充当事業:桜丘区民センター維持運営・P333",target_page_account_and_exact_name_unique;page_offset=0,bpi_d1c5eb3a63b5ac54b861a5279fe4818996e1e523eb4cde8a670e879ed8bc1646,exact_group,exact,1
ral_2026_general_053_015,rd_2026_general_revenue_12_01_01_03_06_2535100000,2026_general_expenditure_02_03_06_01_30,2026_general_expenditure_02_03_06,general,上北沢区民センター維持運営,上北沢区民センター維持運営,335,53,99,matched,page_and_exact_name,not_available,,r8tousyoyosanallpage.pdf,"6 上北沢区民センター(烏山総合支所) 489
充当事業:上北沢区民センター維持運営・P335",target_page_account_and_exact_name_unique;page_offset=2,bpi_b84a8ef137571c1276f5281266ad73554c101d00b6f5521c7fc618a0f9339c1f,exact_group,exact,1
ral_2026_general_053_016,rd_2026_general_revenue_12_01_01_03_08_2135100000,2026_general_expenditure_02_03_06_01_07,2026_general_expenditure_02_03_06,general,宮坂区民センター維持運営,宮坂区民センター維持運営,333,53,99,matched,page_and_exact_name,not_available,,r8tousyoyosanallpage.pdf,"8 宮坂区民センター(世田谷総合支所) 435
充当事業:宮坂区民センター維持運営・P333",target_page_account_and_exact_name_unique;page_offset=0,bpi_5a760a3b16e34f902ea73ab81eecbd68a7f2fb2160d01bdeaba3dfd584b1b691,exact_group,exact,1
ral_2026_general_053_017,rd_2026_general_revenue_12_01_01_05_01_3235200000,2026_general_expenditure_02_01_01_02_01,2026_general_expenditure_02_01_01,general,庁舎維持管理,庁舎維持管理,317,53,99,matched,page_and_exact_name,not_available,,r8tousyoyosanallpage.pdf,"1 庁舎(庁舎整備担当部) 3,974
充当事業:庁舎維持管理・P317",target_page_account_and_exact_name_unique;page_offset=0,bpi_c34fb87998d2beb1da3e5e8011a45c4cf624372d28878d78816749aacd40fd45,exact_group,exact,1
ral_2026_general_053_018,rd_2026_general_revenue_12_01_01_05_02_2335100000,2026_general_expenditure_02_03_02_01_14,2026_general_expenditure_02_03_02,general,玉川総合支所維持管理,玉川総合支所維持管理,331,53,99,matched,page_and_exact_name,not_available,,r8tousyoyosanallpage.pdf,"2 玉川総合支所(玉川総合支所) 6,222
充当事業:玉川総合支所維持管理・P331",target_page_account_and_exact_name_unique;page_offset=0,bpi_0bd26d7858b3cdc1d2b77bcc9a3f770b7aa2c24629f6a756f70e33d070d41781,exact_group,exact,1
ral_2026_general_054_001,rd_2026_general_revenue_12_01_01_05_04_2335100000,2026_general_expenditure_02_03_02_02_03,2026_general_expenditure_02_03_02,general,玉川地域出張所維持運営,玉川地域出張所維持運営,333,54,101,matched,page_and_exact_name,not_available,,r8tousyoyosanallpage.pdf,"4 玉川地域出張所(玉川総合支所) 44
充当事業:玉川地域出張所維持運営・P333",target_page_account_and_exact_name_unique;page_offset=2,bpi_a92861b2e0efb12280e8f627bb5e987f1ffd43f58d6fb4047e7049d41b3383ab,exact_group,exact,1
ral_2026_general_054_002,rd_2026_general_revenue_12_01_01_05_05_2435100000,2026_general_expenditure_02_03_02_02_04,2026_general_expenditure_02_03_02,general,砧地域出張所維持運営,砧地域出張所維持運営,333,54,101,matched,page_and_exact_name,not_available,,r8tousyoyosanallpage.pdf,"5 砧地域出張所(砧総合支所) 122
充当事業:砧地域出張所維持運営・P333",target_page_account_and_exact_name_unique;page_offset=2,bpi_0e862aca8b338cf70404ee3f6679da4561576691915c9e878b0a1db98df98931,exact_group,exact,1
ral_2026_general_054_003,rd_2026_general_revenue_12_01_01_05_06_2535100000,2026_general_expenditure_02_03_06_01_29,2026_general_expenditure_02_03_06,general,烏山区民会館・区民センター維持運営,烏山区民会館・区民センター維持運営,335,54,101,matched,page_and_exact_name,not_available,,r8tousyoyosanallpage.pdf,"6 烏山区民センター(烏山総合支所) 811
充当事業:烏山区民会館・区民センター維持運営・P335",target_page_account_and_exact_name_unique;page_offset=2,bpi_8dc6864f8ba930b92d0cbb74e1b6a3f37a6c2c187266a79e6cb699d256730903,exact_group,exact,1
ral_2026_general_054_004,rd_2026_general_revenue_12_01_01_05_12_2435100000,2026_general_expenditure_02_03_06_01_25,2026_general_expenditure_02_03_06,general,砧地域地区会館維持運営,砧地域地区会館維持運営,335,54,101,matched,page_and_exact_name,not_available,,r8tousyoyosanallpage.pdf,"12 砧地域地区会館(砧総合支所) 44
充当事業:砧地域地区会館維持運営・P335",target_page_account_and_exact_name_unique;page_offset=2,bpi_46eb8a3b474855f7a468012b785ad8a7565d1c214faf97b2da78f90690006818,exact_group,exact,1
ral_2026_general_054_005,rd_2026_general_revenue_12_01_01_05_13_2235100000,2026_general_expenditure_02_03_02_02_02,2026_general_expenditure_02_03_02,general,北沢地域出張所維持運営,北沢地域出張所維持運営,333,54,101,matched,page_and_exact_name,not_available,,r8tousyoyosanallpage.pdf,"13 北沢地域出張所(北沢総合支所) 50
充当事業:北沢地域出張所維持運営・P333",target_page_account_and_exact_name_unique;page_offset=2,bpi_d86e47dcf75b685675bbbbb468ddc48ff62603dc0d9d6e5fddaf26f032d49146,exact_group,exact,1
ral_2026_general_054_006,rd_2026_general_revenue_12_01_01_05_14_2135100000,2026_general_expenditure_02_03_06_01_06,2026_general_expenditure_02_03_06,general,桜丘区民センター維持運営,桜丘区民センター維持運営,333,54,101,matched,page_and_exact_name,not_available,,r8tousyoyosanallpage.pdf,"14 桜丘区民センター(世田谷総合支所) 58
充当事業:桜丘区民センター維持運営・P333",target_page_account_and_exact_name_unique;page_offset=0,bpi_d1c5eb3a63b5ac54b861a5279fe4818996e1e523eb4cde8a670e879ed8bc1646,exact_group,exact,1
ral_2026_general_054_007,rd_2026_general_revenue_12_01_01_05_15_2135100000,2026_general_expenditure_02_03_06_01_08,2026_general_expenditure_02_03_06,general,世田谷地域地区会館維持運営,世田谷地域地区会館維持運営,333,54,101,matched,page_and_exact_name,not_available,,r8tousyoyosanallpage.pdf,"15 世田谷地域地区会館(世田谷総合支所) 251
充当事業:世田谷地域地区会館維持運営・P333",target_page_account_and_exact_name_unique;page_offset=0,bpi_eb573cc64a7619201aec4d480cd6ca50fe9d58132ab0c94aae65c9148d3bbcb6,exact_group,exact,1
ral_2026_general_054_008,rd_2026_general_revenue_12_01_01_05_17_2535100000,2026_general_expenditure_02_03_06_01_32,2026_general_expenditure_02_03_06,general,烏山地域地区会館維持運営,烏山地域地区会館維持運営,335,54,101,matched,page_and_exact_name,not_available,,r8tousyoyosanallpage.pdf,"17 烏山地域地区会館(烏山総合支所) 151
充当事業:烏山地域地区会館維持運営・P335",target_page_account_and_exact_name_unique;page_offset=2,bpi_5743b7f24432b061f0817fb55244e87e9dac04480e956613f83263cc86168dbc,exact_group,exact,1
ral_2026_general_054_009,rd_2026_general_revenue_12_01_01_05_18_2235100000,2026_general_expenditure_02_03_02_01_13,2026_general_expenditure_02_03_02,general,北沢総合支所維持管理,北沢総合支所維持管理,331,54,101,matched,page_and_exact_name,not_available,,r8tousyoyosanallpage.pdf,"18 北沢タウンホール(北沢総合支所) 5,800
充当事業:北沢総合支所維持管理・P331",target_page_account_and_exact_name_unique;page_offset=0,bpi_d42db30ccf3e6ab15db7a06543dbca0ec4d46b65173034608f08fdee31e3fd8e,exact_group,exact,1
ral_2026_general_054_010,rd_2026_general_revenue_12_01_01_05_20_3405450000,2026_general_expenditure_02_03_01_05_01,2026_general_expenditure_02_03_01,general,男女共同参画センター維持運営,男女共同参画センター維持運営,329,54,101,matched,page_and_exact_name,not_available,,r8tousyoyosanallpage.pdf,"20 男女共同参画センター研修室(生活文化政策部) 600
充当事業:男女共同参画センター維持運営・P329",target_page_account_and_exact_name_unique;page_offset=2,bpi_278dffbda09304351acfab039b899b7c50f427b95392196fde4ea6708daa2c0c,exact_group,exact,1
ral_2026_general_054_011,rd_2026_general_revenue_12_01_01_05_34_2535100000,2026_general_expenditure_02_03_06_01_31,2026_general_expenditure_02_03_06,general,粕谷区民センター維持運営,粕谷区民センター維持運営,335,54,101,matched,page_and_exact_name,not_available,,r8tousyoyosanallpage.pdf,"34 粕谷区民センター(烏山総合支所) 92
充当事業:粕谷区民センター維持運営・P335",target_page_account_and_exact_name_unique;page_offset=2,bpi_148a9e7f043c741a1c911089b62b1d9229a5038374687ea48d307e8aa0db9cec,exact_group,exact,1
ral_2026_general_054_012,rd_2026_general_revenue_12_01_01_05_41_2435100000,2026_general_expenditure_02_03_02_01_15,2026_general_expenditure_02_03_02,general,砧総合支所維持管理,砧総合支所維持管理,331,54,101,matched,page_and_exact_name,not_available,,r8tousyoyosanallpage.pdf,"41 砧総合支所(砧総合支所) 204
充当事業:砧総合支所維持管理・P331",target_page_account_and_exact_name_unique;page_offset=0,bpi_e3c6630cd0366dee667af96052f1fd3dac4e9f5a54972e89f579ece6d7ec6979,exact_group,exact,1
ral_2026_general_054_013,rd_2026_general_revenue_12_01_01_05_43_3405500000,2026_general_expenditure_02_03_10_01_03,2026_general_expenditure_02_03_10,general,区民健康村維持運営,区民健康村維持運営,339,54,101,matched,page_and_exact_name,not_available,,r8tousyoyosanallpage.pdf,"43 区民健康村用地(生活文化政策部) 213
充当事業:区民健康村維持運営・P339",target_page_account_and_exact_name_unique;page_offset=0,bpi_4d2822234e97c11a5037fc2c9095b14ef764d5e39cf0eeb1eb258c6020e4f76b,exact_group,exact,1
ral_2026_general_054_014,rd_2026_general_revenue_12_01_01_05_44_3235200000,2026_general_expenditure_02_01_01_02_04,2026_general_expenditure_02_01_01,general,分庁舎維持管理,分庁舎維持管理,317,54,101,matched,page_and_exact_name,not_available,,r8tousyoyosanallpage.pdf,"44 分庁舎(庁舎整備担当部) 10
充当事業:分庁舎維持管理・P317",target_page_account_and_exact_name_unique;page_offset=0,bpi_edea666e29fce2c27b5d8a034813a1a80ac0d58a6f9cd6a20478ca9497387c20,exact_group,exact,1
ral_2026_general_054_015,rd_2026_general_revenue_12_01_01_05_47_3445550000,2026_general_expenditure_02_03_14_01_09,2026_general_expenditure_02_03_14,general,大蔵第二運動公園運動施設維持運営,大蔵第二運動公園運動施設維持運営,341,54,101,matched,page_and_exact_name,not_available,,r8tousyoyosanallpage.pdf,"47 大蔵第二運動公園運動施設(スポーツ推進部) 1,000
充当事業:大蔵第二運動公園運動施設維持運営・P341",target_page_account_and_exact_name_unique;page_offset=0,bpi_aec834437755df303e099c4ebe7b7707f8816ccd8bce10a3fcbc11c3cf8518ae,exact_group,exact,1
ral_2026_general_054_016,rd_2026_general_revenue_12_01_01_05_48_2135100000,2026_general_expenditure_02_03_06_01_05,2026_general_expenditure_02_03_06,general,弦巻区民センター維持運営,弦巻区民センター維持運営,333,54,101,matched,page_and_exact_name,not_available,,r8tousyoyosanallpage.pdf,"48 弦巻区民センター(世田谷総合支所) 587
充当事業:弦巻区民センター維持運営・P333",target_page_account_and_exact_name_unique;page_offset=0,bpi_6a3d5b077386aeb21af52bc03bdc94bcd3822bdb2c611b522aac2eb6c5ffe437,exact_group,exact,1
ral_2026_general_054_017,rd_2026_general_revenue_12_01_01_05_50_3445550000,2026_general_expenditure_02_03_14_01_05,2026_general_expenditure_02_03_14,general,総合運動場維持運営,総合運動場維持運営,341,54,101,matched,page_and_exact_name,not_available,,r8tousyoyosanallpage.pdf,"50 総合運動場(スポーツ推進部) 440
充当事業:総合運動場維持運営・P341",target_page_account_and_exact_name_unique;page_offset=0,bpi_03c663aa4f8dc3e80014cc0428b9de15d44f2b5710a88d4d6c98f4cf2d6ca601,exact_group,exact,1
ral_2026_general_054_018,rd_2026_general_revenue_12_01_01_05_51_3445550000,2026_general_expenditure_02_03_14_01_07,2026_general_expenditure_02_03_14,general,千歳温水プール維持運営,千歳温水プール維持運営,341,54,101,matched,page_and_exact_name,not_available,,r8tousyoyosanallpage.pdf,"51 千歳温水プール(スポーツ推進部) 547
充当事業:千歳温水プール維持運営・P341",target_page_account_and_exact_name_unique;page_offset=0,bpi_62a26ba248202e364005fd2d64262bae4c0588694934abbc1117ce10d4da1b44,exact_group,exact,1
ral_2026_general_054_019,rd_2026_general_revenue_12_01_01_05_52_2535100000,2026_general_expenditure_02_03_02_01_16,2026_general_expenditure_02_03_02,general,烏山総合支所維持管理,烏山総合支所維持管理,331,54,101,matched,page_and_exact_name,not_available,,r8tousyoyosanallpage.pdf,"52 烏山総合支所(烏山総合支所) 8
充当事業:烏山総合支所維持管理・P331",target_page_account_and_exact_name_unique;page_offset=0,bpi_03acf7882be09550fa989b1e65f35ed250077e82331a1371bcd8adfde8c75612,exact_group,exact,1
ral_2026_general_054_020,rd_2026_general_revenue_12_01_01_05_54_2535100000,2026_general_expenditure_02_03_06_01_30,2026_general_expenditure_02_03_06,general,上北沢区民センター維持運営,上北沢区民センター維持運営,335,54,101,matched,page_and_exact_name,not_available,,r8tousyoyosanallpage.pdf,"54 上北沢区民センター(烏山総合支所) 23
充当事業:上北沢区民センター維持運営・P335",target_page_account_and_exact_name_unique;page_offset=2,bpi_b84a8ef137571c1276f5281266ad73554c101d00b6f5521c7fc618a0f9339c1f,exact_group,exact,1
ral_2026_general_055_001,rd_2026_general_revenue_12_01_01_05_55_2135100000,2026_general_expenditure_02_03_06_01_37,2026_general_expenditure_02_03_06,general,世田谷区民会館別館等維持運営,世田谷区民会館別館等維持運営,337,55,103,matched,page_and_exact_name,not_available,,r8tousyoyosanallpage.pdf,"55 スカイキャロット展望ロビー(世田谷総合支所) 529
充当事業:世田谷区民会館別館等維持運営・P337",target_page_account_and_exact_name_unique;page_offset=4,bpi_179d1a18346c96ab9f2f72b0549019d1fd5128eda755225363ccd1da3733add2,exact_group,exact,1
ral_2026_general_055_002,rd_2026_general_revenue_12_01_01_11_01_2135100000,2026_general_expenditure_02_03_06_01_08,2026_general_expenditure_02_03_06,general,世田谷地域地区会館維持運営,世田谷地域地区会館維持運営,333,55,103,matched,page_and_exact_name,not_available,,r8tousyoyosanallpage.pdf,"1 世田谷地域地区会館(世田谷総合支所) 27,536
充当事業:世田谷地域地区会館維持運営・P333",target_page_account_and_exact_name_unique;page_offset=0,bpi_eb573cc64a7619201aec4d480cd6ca50fe9d58132ab0c94aae65c9148d3bbcb6,exact_group,exact,1
ral_2026_general_055_003,rd_2026_general_revenue_12_01_01_11_02_2235100000,2026_general_expenditure_02_03_06_01_14,2026_general_expenditure_02_03_06,general,北沢地域地区会館維持運営,北沢地域地区会館維持運営,335,55,103,matched,page_and_exact_name,not_available,,r8tousyoyosanallpage.pdf,"2 北沢地域地区会館(北沢総合支所) 16,164
充当事業:北沢地域地区会館維持運営・P335",target_page_account_and_exact_name_unique;page_offset=2,bpi_228d7616759740f25875b46590b03ae5b1c3c7e4f2b9e0a356bf098a84dd20da,exact_group,exact,1
ral_2026_general_055_004,rd_2026_general_revenue_12_01_01_11_03_2335100000,2026_general_expenditure_02_03_06_01_20,2026_general_expenditure_02_03_06,general,玉川地域地区会館維持運営,玉川地域地区会館維持運営,335,55,103,matched,page_and_exact_name,not_available,,r8tousyoyosanallpage.pdf,"3 玉川地域地区会館(玉川総合支所) 29,000
充当事業:玉川地域地区会館維持運営・P335",target_page_account_and_exact_name_unique;page_offset=2,bpi_ed4859c69461cbbfe21122c15542b78acedace9bd67448f9e9469dd7c53d3a6e,exact_group,exact,1
ral_2026_general_055_005,rd_2026_general_revenue_12_01_01_11_04_2435100000,2026_general_expenditure_02_03_06_01_25,2026_general_expenditure_02_03_06,general,砧地域地区会館維持運営,砧地域地区会館維持運営,335,55,103,matched,page_and_exact_name,not_available,,r8tousyoyosanallpage.pdf,"4 砧地域地区会館(砧総合支所) 16,408
充当事業:砧地域地区会館維持運営・P335",target_page_account_and_exact_name_unique;page_offset=2,bpi_46eb8a3b474855f7a468012b785ad8a7565d1c214faf97b2da78f90690006818,exact_group,exact,1
ral_2026_general_055_006,rd_2026_general_revenue_12_01_01_11_05_2535100000,2026_general_expenditure_02_03_06_01_32,2026_general_expenditure_02_03_06,general,烏山地域地区会館維持運営,烏山地域地区会館維持運営,335,55,103,matched,page_and_exact_name,not_available,,r8tousyoyosanallpage.pdf,"5 烏山地域地区会館(烏山総合支所) 4,342
充当事業:烏山地域地区会館維持運営・P335",target_page_account_and_exact_name_unique;page_offset=2,bpi_5743b7f24432b061f0817fb55244e87e9dac04480e956613f83263cc86168dbc,exact_group,exact,1
ral_2026_general_055_007,rd_2026_general_revenue_12_01_01_12_01_2135100000,2026_general_expenditure_02_03_06_01_09,2026_general_expenditure_02_03_06,general,世田谷地域区民集会所維持運営,世田谷地域区民集会所維持運営,333,55,103,matched,page_and_exact_name,not_available,,r8tousyoyosanallpage.pdf,"1 世田谷地域区民集会所(世田谷総合支所) 15,693
充当事業:世田谷地域区民集会所維持運営・P333",target_page_account_and_exact_name_unique;page_offset=0,bpi_b697673205119273185803cf8ea22b7d72e13a99b21b7b27efb1d5172af5c562,exact_group,exact,1
ral_2026_general_055_008,rd_2026_general_revenue_12_01_01_12_02_2235100000,2026_general_expenditure_02_03_06_01_15,2026_general_expenditure_02_03_06,general,北沢地域区民集会所維持運営,北沢地域区民集会所維持運営,335,55,103,matched,page_and_exact_name,not_available,,r8tousyoyosanallpage.pdf,"2 北沢地域区民集会所(北沢総合支所) 12,376
充当事業:北沢地域区民集会所維持運営・P335",target_page_account_and_exact_name_unique;page_offset=2,bpi_7100bc03fe9af3950615221aa57a7429d4aeb1d36939f009752e0e01ba1f778f,exact_group,exact,1
ral_2026_general_055_009,rd_2026_general_revenue_12_01_01_12_03_2335100000,2026_general_expenditure_02_03_06_01_20,2026_general_expenditure_02_03_06,general,玉川地域地区会館維持運営,玉川地域地区会館維持運営,335,55,103,matched,page_and_exact_name,not_available,,r8tousyoyosanallpage.pdf,"3 玉川地域区民集会所(玉川総合支所) 8,300
充当事業:玉川地域地区会館維持運営・P335",target_page_account_and_exact_name_unique;page_offset=2,bpi_ed4859c69461cbbfe21122c15542b78acedace9bd67448f9e9469dd7c53d3a6e,exact_group,exact,1
ral_2026_general_055_010,rd_2026_general_revenue_12_01_01_12_04_2435100000,2026_general_expenditure_02_03_06_01_26,2026_general_expenditure_02_03_06,general,砧地域区民集会所維持運営,砧地域区民集会所維持運営,335,55,103,matched,page_and_exact_name,not_available,,r8tousyoyosanallpage.pdf,"4 砧地域区民集会所(砧総合支所) 11,865
充当事業:砧地域区民集会所維持運営・P335",target_page_account_and_exact_name_unique;page_offset=2,bpi_4d9a4c54de45422820fc45f2eb3f02b674c60c35f5016f08e269570e179e309e,exact_group,exact,1
ral_2026_general_055_011,rd_2026_general_revenue_12_01_01_12_05_2535100000,2026_general_expenditure_02_03_06_01_34,2026_general_expenditure_02_03_06,general,烏山地域区民集会所維持運営,烏山地域区民集会所維持運営,335,55,103,matched,page_and_exact_name,not_available,,r8tousyoyosanallpage.pdf,"5 烏山地域区民集会所(烏山総合支所) 4,456
充当事業:烏山地域区民集会所維持運営・P335",target_page_account_and_exact_name_unique;page_offset=2,bpi_ed0d340b446afaaa17d1942aa7ad70674e41954c4c1a202d749eae1f7cc02c25,exact_group,exact,1
ral_2026_general_055_012,rd_2026_general_revenue_12_01_01_13_01_3405400000,2026_general_expenditure_02_03_12_01_04,2026_general_expenditure_02_03_12,general,文化施設事業運営,文化施設事業運営,341,55,103,matched,page_and_exact_name,not_available,,r8tousyoyosanallpage.pdf,"1 美術館(生活文化政策部) 13,516
充当事業:文化施設事業運営・P341",target_page_account_and_exact_name_unique;page_offset=0,bpi_b3b322559262409ac2a910333c9a84ae9758b030472e9ea8cf393955b0b31d70,exact_group,exact,1
ral_2026_general_055_013,rd_2026_general_revenue_12_01_01_13_02_3405400000,2026_general_expenditure_02_03_12_01_04,2026_general_expenditure_02_03_12,general,文化施設事業運営,文化施設事業運営,341,55,103,matched,page_and_exact_name,not_available,,r8tousyoyosanallpage.pdf,"2 文学館(生活文化政策部) 748
充当事業:文化施設事業運営・P341",target_page_account_and_exact_name_unique;page_offset=0,bpi_b3b322559262409ac2a910333c9a84ae9758b030472e9ea8cf393955b0b31d70,exact_group,exact,1
ral_2026_general_055_014,rd_2026_general_revenue_12_01_01_13_03_3405400000,2026_general_expenditure_02_03_12_01_05,2026_general_expenditure_02_03_12,general,文化生活情報センター維持管理,文化生活情報センター維持管理,341,55,103,matched,page_and_exact_name,not_available,,r8tousyoyosanallpage.pdf,"3 文化生活情報センター(生活文化政策部) 3,346
充当事業:文化生活情報センター維持管理・P341",target_page_account_and_exact_name_unique;page_offset=0,bpi_dbc145d7554808b3c1e2f7851994fdf554f7aef10a20d0757cd36ca3a28df3c5,exact_group,exact,1
ral_2026_general_055_015,rd_2026_general_revenue_12_01_01_15_02_2435100000,2026_general_expenditure_02_03_02_01_15,2026_general_expenditure_02_03_02,general,砧総合支所維持管理,砧総合支所維持管理,331,55,103,matched,page_and_exact_name,not_available,,r8tousyoyosanallpage.pdf,"2 砧総合支所駐車場(砧総合支所) 5,381
充当事業:砧総合支所維持管理・P331",target_page_account_and_exact_name_unique;page_offset=0,bpi_e3c6630cd0366dee667af96052f1fd3dac4e9f5a54972e89f579ece6d7ec6979,exact_group,exact,1
ral_2026_general_055_016,rd_2026_general_revenue_12_01_01_16_02_3445550000,2026_general_expenditure_02_03_14_01_04,2026_general_expenditure_02_03_14,general,地域体育施設の維持運営,地域体育施設の維持運営,341,55,103,matched,page_and_exact_name,not_available,,r8tousyoyosanallpage.pdf,"2 地域体育館・地区体育室(スポーツ推進部) 21,346
充当事業:地域体育施設の維持運営・P341",target_page_account_and_exact_name_unique;page_offset=0,bpi_0c8019d933f968d6d1c27c2b01fb2f1dc4998e18357792591f8fabf1eb7a309c,exact_group,exact,1
ral_2026_general_055_017,rd_2026_general_revenue_12_01_01_17_02_3405350000,2026_general_expenditure_02_03_15_02_04,2026_general_expenditure_02_03_15,general,土と農の交流園運営,土と農の交流園運営,343,55,103,matched,page_and_exact_name,not_available,,r8tousyoyosanallpage.pdf,"2 土と農の交流園(生活文化政策部) 1
充当事業:土と農の交流園運営・P343",target_page_account_and_exact_name_unique;page_offset=0,bpi_6c3bfeb54297a07eaff3cc6a241ca53873628ffc43670f3acaaed562cdc8b5d4,exact_group,exact,1
ral_2026_general_055_018,rd_2026_general_revenue_12_01_01_17_04_3405350000,2026_general_expenditure_02_03_15_02_03,2026_general_expenditure_02_03_15,general,敬老会館運営,敬老会館運営,343,55,103,matched,page_and_exact_name,not_available,,r8tousyoyosanallpage.pdf,"4 敬老会館・高齢者集会所(生活文化政策部) 4,789
充当事業:敬老会館運営・P343",target_page_account_and_exact_name_unique;page_offset=0,bpi_aa0aac232a01f09b668baa383c7a9e54cc36b198c41362e467694bb5a5310271,exact_group,exact,1
ral_2026_general_055_019,rd_2026_general_revenue_12_01_01_17_05_3405350000,2026_general_expenditure_02_03_15_01_01,2026_general_expenditure_02_03_15,general,地域支えあい活動への支援,地域支えあい活動への支援,343,55,103,matched,page_and_exact_name,not_available,,r8tousyoyosanallpage.pdf,"5 支えあい活動拠点(生活文化政策部) 311
充当事業:地域支えあい活動への支援・P343",target_page_account_and_exact_name_unique;page_offset=0,bpi_e7d6148c16b7c59a4cdc9716d403ecdbfc7e05d8de6c7f39d468b67b74962e6c,exact_group,exact,1
ral_2026_general_056_001,rd_2026_general_revenue_12_01_01_17_06_3405350000,2026_general_expenditure_02_03_15_01_03,2026_general_expenditure_02_03_15,general,いきがい講座,いきがい講座,343,56,105,matched,page_and_exact_name,not_available,,r8tousyoyosanallpage.pdf,"6 陶芸教室(生活文化政策部) 4
充当事業:いきがい講座・P343",target_page_account_and_exact_name_unique;page_offset=0,bpi_991602891359a7cdddaf90d97b9a6a7819764c9706355361dcd9198357130eea,exact_group,exact,1
ral_2026_general_056_002,rd_2026_general_revenue_12_01_01_17_07_3405350000,2026_general_expenditure_02_03_15_02_05,2026_general_expenditure_02_03_15,general,健康増進・交流施設運営,健康増進・交流施設運営,343,56,105,matched,page_and_exact_name,not_available,,r8tousyoyosanallpage.pdf,"7 健康増進・交流施設(生活文化政策部) 1,952
充当事業:健康増進・交流施設運営・P343",target_page_account_and_exact_name_unique;page_offset=0,bpi_122b90f41d1b2adb4e7fc0b7e0df37b5eedbdccb2a2bbc3f985cdebf24717f94,exact_group,exact,1
ral_2026_general_056_003,rd_2026_general_revenue_12_01_02_02_02_3665200000,2026_general_expenditure_03_02_06_01_01,2026_general_expenditure_03_02_06,general,児童館運営,児童館運営,383,56,105,matched,page_and_exact_name,not_available,,r8tousyoyosanallpage.pdf,"2 児童館(子ども・若者部) 1,840
充当事業:児童館運営・P383",target_page_account_and_exact_name_unique;page_offset=0,bpi_942a7f15b4d7356dade676478eb8ce744a9cc7a485eacd6f22749f4ce2a5155f,exact_group,exact,1
ral_2026_general_056_004,rd_2026_general_revenue_12_01_02_02_03_3665580000,2026_general_expenditure_03_02_12_01_01,2026_general_expenditure_03_02_12,general,区立保育園維持管理,区立保育園維持管理,383,56,105,matched,page_and_exact_name,not_available,,r8tousyoyosanallpage.pdf,"3 保育園(子ども・若者部) 68
充当事業:区立保育園維持管理・P383",target_page_account_and_exact_name_unique;page_offset=0,bpi_b2c535a20a2f5249a9affcd6f39e86a437363e4e5cf52674b78bd10255a1a66b,exact_group,exact,1
ral_2026_general_056_005,rd_2026_general_revenue_12_01_02_02_12_3655200000,2026_general_expenditure_03_01_16_02_01,2026_general_expenditure_03_01_16,general,障害者休養ホームひまわり荘運営管理,障害者休養ホームひまわり荘運営管理,371,56,105,matched,page_and_exact_name,not_available,,r8tousyoyosanallpage.pdf,"12 障害者休養ホームひまわり荘(障害福祉部) 776
充当事業:障害者休養ホームひまわり荘運営管理・P371",target_page_account_and_exact_name_unique;page_offset=2,bpi_4fe0a4eb3c9e0eb1bdd7d3ceb568f6d49bb8de5c8d0934feeeae24aa56e3c964,exact_group,exact,1
ral_2026_general_056_006,rd_2026_general_revenue_12_01_02_02_17_3665500000,2026_general_expenditure_03_02_06_01_02,2026_general_expenditure_03_02_06,general,母子生活支援施設運営,母子生活支援施設運営,383,56,105,matched,page_and_exact_name,not_available,,r8tousyoyosanallpage.pdf,"17 母子生活支援施設(子ども・若者部) 4
充当事業:母子生活支援施設運営・P383",target_page_account_and_exact_name_unique;page_offset=0,bpi_c0c0785df3b9bedc4d3f115b7a800c03a60a583ff11355217e70d1d5ba6e4d2b,exact_group,exact,1
ral_2026_general_056_007,rd_2026_general_revenue_12_01_02_02_29_3645100000,2026_general_expenditure_03_01_02_05_03,2026_general_expenditure_03_01_02,general,高齢者在宅サービスセンター維持管理,高齢者在宅サービスセンター維持管理,363,56,105,matched,page_and_exact_name,not_available,,r8tousyoyosanallpage.pdf,"29 高齢者在宅サービスセンター(開放分)(高齢福祉部) 557
充当事業:高齢者在宅サービスセンター維持管理・P363",target_page_account_and_exact_name_unique;page_offset=0,bpi_3185b834105801ef1e808729a34c7f7a3a358ab284d54e82a3514c1cc3339206,exact_group,exact,1
ral_2026_general_056_008,rd_2026_general_revenue_12_01_02_02_31_3645100000,2026_general_expenditure_03_01_02_05_03,2026_general_expenditure_03_01_02,general,高齢者在宅サービスセンター維持管理,高齢者在宅サービスセンター維持管理,363,56,105,matched,page_and_exact_name,not_available,,r8tousyoyosanallpage.pdf,"31 梅丘高齢者在宅サービスセンター(高齢福祉部) 5,463
充当事業:高齢者在宅サービスセンター維持管理・P363",target_page_account_and_exact_name_unique;page_offset=0,bpi_3185b834105801ef1e808729a34c7f7a3a358ab284d54e82a3514c1cc3339206,exact_group,exact,1
ral_2026_general_056_009,rd_2026_general_revenue_12_01_02_02_34_3655200000,2026_general_expenditure_03_01_16_02_06,2026_general_expenditure_03_01_16,general,障害施設維持管理,障害施設維持管理,371,56,105,matched,page_and_exact_name,not_available,,r8tousyoyosanallpage.pdf,"34 奥沢福祉園(障害福祉部) 5
充当事業:障害施設維持管理・P371",target_page_account_and_exact_name_unique;page_offset=2,bpi_d0efae81788048e9ec2fb0e0bf881a8c3713978727d2028bde187d13de2d19d8,exact_group,exact,1
ral_2026_general_056_010,rd_2026_general_revenue_12_01_02_02_36_3665580000,2026_general_expenditure_03_02_03_01_03,2026_general_expenditure_03_02_03,general,私立保育園運営,私立保育園運営,381,56,105,matched,page_and_exact_name,not_available,,r8tousyoyosanallpage.pdf,"36 私立保育園(子ども・若者部) 2,741
充当事業:私立保育園運営・P381",target_page_account_and_exact_name_unique;page_offset=0,bpi_19bacff6a2545c8ca7b835bb3f9f0a08d490992ea139a5070f3506ef5067a441,exact_group,exact,1
ral_2026_general_056_011,rd_2026_general_revenue_12_01_02_02_38_3665500000,2026_general_expenditure_03_02_01_01_33,2026_general_expenditure_03_02_01,general,子育てステーション事業,子育てステーション事業,375,56,105,matched,page_and_exact_name,not_available,,r8tousyoyosanallpage.pdf,"38 子育てステーション(子ども・若者部) 6,642
充当事業:子育てステーション事業・P375",target_page_account_and_exact_name_unique;page_offset=0,bpi_5cad8d56f77ca5cbc11b574d0c840a191a1ad7de1764742ff81be502f4b47192,exact_group,exact,1
ral_2026_general_056_012,rd_2026_general_revenue_12_01_02_02_39_3655200000,2026_general_expenditure_03_01_16_01_34,2026_general_expenditure_03_01_16,general,障害者自立体験等運営事業,障害者自立体験等運営事業,371,56,105,matched,page_and_exact_name,not_available,,r8tousyoyosanallpage.pdf,"39 生活寮(障害福祉部) 1,162
充当事業:障害者自立体験等運営事業・P371",target_page_account_and_exact_name_unique;page_offset=2,bpi_b8f1327febb9ab5bc0553cce3212760e002b7d952586aecbecd2479c78c66958,exact_group,exact,1
ral_2026_general_056_013,rd_2026_general_revenue_12_01_02_02_40_3655200000,2026_general_expenditure_03_01_16_01_34,2026_general_expenditure_03_01_16,general,障害者自立体験等運営事業,障害者自立体験等運営事業,371,56,105,matched,page_and_exact_name,not_available,,r8tousyoyosanallpage.pdf,"40 身体障害者自立体験ホーム(障害福祉部) 1,499
充当事業:障害者自立体験等運営事業・P371",target_page_account_and_exact_name_unique;page_offset=2,bpi_b8f1327febb9ab5bc0553cce3212760e002b7d952586aecbecd2479c78c66958,exact_group,exact,1
ral_2026_general_056_014,rd_2026_general_revenue_12_01_02_02_46_3655200000,2026_general_expenditure_03_01_16_02_06,2026_general_expenditure_03_01_16,general,障害施設維持管理,障害施設維持管理,371,56,105,matched,page_and_exact_name,not_available,,r8tousyoyosanallpage.pdf,"46 CATV使用料(障害福祉部) 23
充当事業:障害施設維持管理・P371",target_page_account_and_exact_name_unique;page_offset=2,bpi_d0efae81788048e9ec2fb0e0bf881a8c3713978727d2028bde187d13de2d19d8,exact_group,exact,1
ral_2026_general_056_015,rd_2026_general_revenue_12_01_02_02_54_3655200000,2026_general_expenditure_03_01_16_02_01,2026_general_expenditure_03_01_16,general,障害者休養ホームひまわり荘運営管理,障害者休養ホームひまわり荘運営管理,371,56,105,matched,page_and_exact_name,not_available,,r8tousyoyosanallpage.pdf,"54 緊急一時保護(ひまわり荘)(障害福祉部) 46
充当事業:障害者休養ホームひまわり荘運営管理・P371",target_page_account_and_exact_name_unique;page_offset=2,bpi_4fe0a4eb3c9e0eb1bdd7d3ceb568f6d49bb8de5c8d0934feeeae24aa56e3c964,exact_group,exact,1
ral_2026_general_056_016,rd_2026_general_revenue_12_01_02_02_55_3655200000,2026_general_expenditure_03_01_16_02_06,2026_general_expenditure_03_01_16,general,障害施設維持管理,障害施設維持管理,371,56,105,matched,page_and_exact_name,not_available,,r8tousyoyosanallpage.pdf,"55 北烏山三丁目障害者施設(障害福祉部) 199
充当事業:障害施設維持管理・P371",target_page_account_and_exact_name_unique;page_offset=2,bpi_d0efae81788048e9ec2fb0e0bf881a8c3713978727d2028bde187d13de2d19d8,exact_group,exact,1
ral_2026_general_056_017,rd_2026_general_revenue_12_01_02_02_56_3655200000,2026_general_expenditure_03_01_16_02_06,2026_general_expenditure_03_01_16,general,障害施設維持管理,障害施設維持管理,371,56,105,matched,page_and_exact_name,not_available,,r8tousyoyosanallpage.pdf,"56 駒沢生活実習所(障害福祉部) 222
充当事業:障害施設維持管理・P371",target_page_account_and_exact_name_unique;page_offset=2,bpi_d0efae81788048e9ec2fb0e0bf881a8c3713978727d2028bde187d13de2d19d8,exact_group,exact,1
ral_2026_general_056_018,rd_2026_general_revenue_12_01_02_02_57_3665150000,2026_general_expenditure_03_02_01_01_61,2026_general_expenditure_03_02_01,general,池之上青少年交流センター維持運営,池之上青少年交流センター維持運営,377,56,105,matched,page_and_exact_name,not_available,,r8tousyoyosanallpage.pdf,"57 池之上青少年交流センター(子ども・若者部) 396
充当事業:池之上青少年交流センター維持運営・P377",target_page_account_and_exact_name_unique;page_offset=2,bpi_d764f6298f565a4e62056b135614974f1ac40cd2cd71c31a0a46f8f09f8d4d2a,exact_group,exact,1
ral_2026_general_056_019,rd_2026_general_revenue_12_01_02_02_58_3665150000,2026_general_expenditure_03_02_01_01_60,2026_general_expenditure_03_02_01,general,野毛青少年交流センター維持運営,野毛青少年交流センター維持運営,377,56,105,matched,page_and_exact_name,not_available,,r8tousyoyosanallpage.pdf,"58 野毛青少年交流センター(子ども・若者部) 27
充当事業:野毛青少年交流センター維持運営・P377",target_page_account_and_exact_name_unique;page_offset=2,bpi_94259aa3219275e8aac0fc8a6ef57a52277e68afa306989f6190a7c24ae47275,exact_group,exact,1
ral_2026_general_056_020,rd_2026_general_revenue_12_01_02_02_60_3665570000,2026_general_expenditure_03_02_01_01_45,2026_general_expenditure_03_02_01,general,産後ケア事業,産後ケア事業,377,56,105,matched,page_and_exact_name,not_available,,r8tousyoyosanallpage.pdf,"60 産後ケアセンター(子ども・若者部) 11,523
充当事業:産後ケア事業・P377",target_page_account_and_exact_name_unique;page_offset=2,bpi_19c522f8e05318de25782c4820bd72b15afc3a2f9597cf7d2d4c331838fb3029,exact_group,exact,1
ral_2026_general_057_001,rd_2026_general_revenue_12_01_02_02_63_3595150000,2026_general_expenditure_03_01_01_06_08,2026_general_expenditure_03_01_01,general,保健医療福祉総合プラザ維持運営,保健医療福祉総合プラザ維持運営,361,57,107,matched,page_and_exact_name,not_available,,r8tousyoyosanallpage.pdf,"63 保健医療福祉総合プラザ(保健福祉政策部) 10,375
充当事業:保健医療福祉総合プラザ維持運営・P361",target_page_account_and_exact_name_unique;page_offset=4,bpi_3a4ca2dacc42f04bcd7c691830ae05096658ae0931f919679b77f332d7512116,exact_group,exact,1
ral_2026_general_057_002,rd_2026_general_revenue_12_01_02_02_66_3645100000,2026_general_expenditure_03_01_02_05_20,2026_general_expenditure_03_01_02,general,一時生活援助施設運営,一時生活援助施設運営,365,57,107,matched,page_and_exact_name,not_available,,r8tousyoyosanallpage.pdf,"66 一時生活援助施設(高齢福祉部) 637
充当事業:一時生活援助施設運営・P365",target_page_account_and_exact_name_unique;page_offset=2,bpi_aad5c45f028086408560f664a1481c914f097ebf34beb1a0a28efc2c706f91c9,exact_group,exact,1
ral_2026_general_057_003,rd_2026_general_revenue_12_01_02_02_67_3645100000,2026_general_expenditure_03_01_02_05_20,2026_general_expenditure_03_01_02,general,一時生活援助施設運営,一時生活援助施設運営,365,57,107,matched,page_and_exact_name,not_available,,r8tousyoyosanallpage.pdf,"67 南烏山四丁目高齢者施設(高齢福祉部) 23
充当事業:一時生活援助施設運営・P365",target_page_account_and_exact_name_unique;page_offset=2,bpi_aad5c45f028086408560f664a1481c914f097ebf34beb1a0a28efc2c706f91c9,exact_group,exact,1
ral_2026_general_057_004,rd_2026_general_revenue_12_01_02_02_68_3665150000,2026_general_expenditure_03_02_01_01_95,2026_general_expenditure_03_02_01,general,希望丘青少年交流センター維持運営,希望丘青少年交流センター維持運営,379,57,107,matched,page_and_exact_name,not_available,,r8tousyoyosanallpage.pdf,"68 希望丘青少年交流センター(子ども・若者部) 1
充当事業:希望丘青少年交流センター維持運営・P379",target_page_account_and_exact_name_unique;page_offset=4,bpi_2c7765977eed9e3f206c0fc86266c8a752dff19ca4d64030235c48ea233863c4,exact_group,exact,1
ral_2026_general_057_005,rd_2026_general_revenue_12_01_02_02_74_3665150000,2026_general_expenditure_03_02_01_01_60,2026_general_expenditure_03_02_01,general,野毛青少年交流センター維持運営,野毛青少年交流センター維持運営,377,57,107,matched,page_and_exact_name,not_available,,r8tousyoyosanallpage.pdf,"74 利用者実費負担(野毛青少年交流センター)(子ども・若者部) 133
充当事業:野毛青少年交流センター維持運営・P377",target_page_account_and_exact_name_unique;page_offset=2,bpi_94259aa3219275e8aac0fc8a6ef57a52277e68afa306989f6190a7c24ae47275,exact_group,exact,1
ral_2026_general_057_006,rd_2026_general_revenue_12_01_02_02_75_3665150000,2026_general_expenditure_03_02_01_01_95,2026_general_expenditure_03_02_01,general,希望丘青少年交流センター維持運営,希望丘青少年交流センター維持運営,379,57,107,matched,page_and_exact_name,not_available,,r8tousyoyosanallpage.pdf,"75 利用者実費負担(希望丘青少年交流センター)(子ども・若者部) 14
充当事業:希望丘青少年交流センター維持運営・P379",target_page_account_and_exact_name_unique;page_offset=4,bpi_2c7765977eed9e3f206c0fc86266c8a752dff19ca4d64030235c48ea233863c4,exact_group,exact,1
ral_2026_general_057_007,rd_2026_general_revenue_12_01_02_03_02_3815450000,2026_general_expenditure_07_05_02_01_02,2026_general_expenditure_07_05_02,general,公的住宅維持運営,公的住宅維持運営,437,57,107,matched,page_and_exact_name,not_available,,r8tousyoyosanallpage.pdf,"2 高齢者集合住宅(都市整備政策部) 6,502
充当事業:公的住宅維持運営・P437",target_page_account_and_exact_name_unique;page_offset=0,bpi_5d66f5466a45f6791ec2938deb5f1c73b83cd35406ec9403aec973949ca88f7b,exact_group,exact,1
ral_2026_general_057_008,rd_2026_general_revenue_12_01_02_03_05_3645100000,2026_general_expenditure_03_01_02_05_20,2026_general_expenditure_03_01_02,general,一時生活援助施設運営,一時生活援助施設運営,365,57,107,matched,page_and_exact_name,not_available,,r8tousyoyosanallpage.pdf,"5 認知症高齢者グループホーム(高齢福祉部) 2,410
充当事業:一時生活援助施設運営・P365",target_page_account_and_exact_name_unique;page_offset=2,bpi_aad5c45f028086408560f664a1481c914f097ebf34beb1a0a28efc2c706f91c9,exact_group,exact,1
ral_2026_general_057_009,rd_2026_general_revenue_12_01_03_01_10_3785700000,2026_general_expenditure_05_04_01_01_07,2026_general_expenditure_05_04_01,general,食品衛生監視普及,食品衛生監視普及,409,57,107,matched,page_and_exact_name,not_available,,r8tousyoyosanallpage.pdf,"10 食品従事者検便(世田谷保健所) 2,940
充当事業:食品衛生監視普及・P409",target_page_account_and_exact_name_unique;page_offset=0,bpi_51bac6640a5bf7d8fa0d7325237a095805546edcb568d90d7254b3673bf92b3c,exact_group,exact,1
ral_2026_general_057_010,rd_2026_general_revenue_12_01_03_01_11_2165300000,2026_general_expenditure_05_02_01_02_04,2026_general_expenditure_05_02_01,general,区民健康診断(世田谷),区民健康診断（世田谷）,401,57,107,matched,page_and_normalized_name,not_available,,r8tousyoyosanallpage.pdf,"11 健康相談(世田谷)(世田谷総合支所) 197
充当事業:区民健康診断(世田谷)・P401",target_page_account_and_nfkc_name_unique;page_offset=0,bpi_d5651b31c9b0fc7ecb0d74a7a1dadabd7c334b98b07df3503494fe97f916f577,exact_group,exact,1
ral_2026_general_057_011,rd_2026_general_revenue_12_01_03_01_12_2265300000,2026_general_expenditure_05_02_01_02_05,2026_general_expenditure_05_02_01,general,区民健康診断(北沢),区民健康診断（北沢）,401,57,107,matched,page_and_normalized_name,not_available,,r8tousyoyosanallpage.pdf,"12 健康相談(北沢)(北沢総合支所) 191
充当事業:区民健康診断(北沢)・P401",target_page_account_and_nfkc_name_unique;page_offset=0,bpi_8aa15a8c64ce446a5dfaec0dabe384825f1bbefb0879f4ee84d306821a2cc51f,exact_group,exact,1
ral_2026_general_057_012,rd_2026_general_revenue_12_01_03_01_13_2365300000,2026_general_expenditure_05_02_01_02_06,2026_general_expenditure_05_02_01,general,区民健康診断(玉川),区民健康診断（玉川）,401,57,107,matched,page_and_normalized_name,not_available,,r8tousyoyosanallpage.pdf,"13 健康相談(玉川)(玉川総合支所) 193
充当事業:区民健康診断(玉川)・P401",target_page_account_and_nfkc_name_unique;page_offset=0,bpi_842c09ecf0744f0d8ce00152964ce54399eca41c34c5237d1d35d9ec485a0719,exact_group,exact,1
ral_2026_general_057_013,rd_2026_general_revenue_12_01_03_01_14_2465300000,2026_general_expenditure_05_02_01_02_07,2026_general_expenditure_05_02_01,general,区民健康診断(砧),区民健康診断（砧）,401,57,107,matched,page_and_normalized_name,not_available,,r8tousyoyosanallpage.pdf,"14 健康相談(砧)(砧総合支所) 186
充当事業:区民健康診断(砧)・P401",target_page_account_and_nfkc_name_unique;page_offset=0,bpi_9bcbb566479141e05bb7ff297eabdaabcd0ef01fe19d7df5311c15948ef60aa7,exact_group,exact,1
ral_2026_general_057_014,rd_2026_general_revenue_12_01_03_01_15_2565300000,2026_general_expenditure_05_02_01_02_08,2026_general_expenditure_05_02_01,general,区民健康診断(烏山),区民健康診断（烏山）,401,57,107,matched,page_and_normalized_name,not_available,,r8tousyoyosanallpage.pdf,"15 健康相談(烏山)(烏山総合支所) 160
充当事業:区民健康診断(烏山)・P401",target_page_account_and_nfkc_name_unique;page_offset=0,bpi_56e23bb373d4836b301fdf71d91bc5540348ec95abcf44a9c189933fc951b5ec,exact_group,exact,1
ral_2026_general_057_015,rd_2026_general_revenue_12_01_03_01_16_2165300000,2026_general_expenditure_05_02_01_02_04,2026_general_expenditure_05_02_01,general,区民健康診断(世田谷),区民健康診断（世田谷）,401,57,107,matched,page_and_normalized_name,not_available,,r8tousyoyosanallpage.pdf,"16 歯科相談(世田谷)(世田谷総合支所) 173
充当事業:区民健康診断(世田谷)・P401",target_page_account_and_nfkc_name_unique;page_offset=0,bpi_d5651b31c9b0fc7ecb0d74a7a1dadabd7c334b98b07df3503494fe97f916f577,exact_group,exact,1
ral_2026_general_057_016,rd_2026_general_revenue_12_01_03_01_17_2265300000,2026_general_expenditure_05_02_01_02_05,2026_general_expenditure_05_02_01,general,区民健康診断(北沢),区民健康診断（北沢）,401,57,107,matched,page_and_normalized_name,not_available,,r8tousyoyosanallpage.pdf,"17 歯科相談(北沢)(北沢総合支所) 246
充当事業:区民健康診断(北沢)・P401",target_page_account_and_nfkc_name_unique;page_offset=0,bpi_8aa15a8c64ce446a5dfaec0dabe384825f1bbefb0879f4ee84d306821a2cc51f,exact_group,exact,1
ral_2026_general_057_017,rd_2026_general_revenue_12_01_03_01_18_2365300000,2026_general_expenditure_05_02_01_02_06,2026_general_expenditure_05_02_01,general,区民健康診断(玉川),区民健康診断（玉川）,401,57,107,matched,page_and_normalized_name,not_available,,r8tousyoyosanallpage.pdf,"18 歯科相談(玉川)(玉川総合支所) 232
充当事業:区民健康診断(玉川)・P401",target_page_account_and_nfkc_name_unique;page_offset=0,bpi_842c09ecf0744f0d8ce00152964ce54399eca41c34c5237d1d35d9ec485a0719,exact_group,exact,1
ral_2026_general_057_018,rd_2026_general_revenue_12_01_03_01_19_2465300000,2026_general_expenditure_05_02_01_02_07,2026_general_expenditure_05_02_01,general,区民健康診断(砧),区民健康診断（砧）,401,57,107,matched,page_and_normalized_name,not_available,,r8tousyoyosanallpage.pdf,"19 歯科相談(砧)(砧総合支所) 176
充当事業:区民健康診断(砧)・P401",target_page_account_and_nfkc_name_unique;page_offset=0,bpi_9bcbb566479141e05bb7ff297eabdaabcd0ef01fe19d7df5311c15948ef60aa7,exact_group,exact,1
ral_2026_general_057_019,rd_2026_general_revenue_12_01_03_01_20_2565300000,2026_general_expenditure_05_02_01_02_08,2026_general_expenditure_05_02_01,general,区民健康診断(烏山),区民健康診断（烏山）,401,57,107,matched,page_and_normalized_name,not_available,,r8tousyoyosanallpage.pdf,"20 歯科相談(烏山)(烏山総合支所) 352
充当事業:区民健康診断(烏山)・P401",target_page_account_and_nfkc_name_unique;page_offset=0,bpi_56e23bb373d4836b301fdf71d91bc5540348ec95abcf44a9c189933fc951b5ec,exact_group,exact,1
ral_2026_general_058_001,rd_2026_general_revenue_12_01_03_01_31_3785100000,2026_general_expenditure_05_03_03_01_04,2026_general_expenditure_05_03_03,general,がん検診,がん検診,403,58,109,matched,page_and_exact_name,not_available,,r8tousyoyosanallpage.pdf,"31 大腸がん検診(世田谷保健所) 1,057
充当事業:がん検診・P403",target_page_account_and_exact_name_unique;page_offset=0,bpi_a55d19ad94a24877ec56cebf3c061844846b1552ddff6a48ff060c12029518ab,exact_group,exact,1
ral_2026_general_058_002,rd_2026_general_revenue_12_01_03_01_32_3785250000,2026_general_expenditure_05_03_07_01_01,2026_general_expenditure_05_03_07,general,感染症対策,感染症対策,407,58,109,matched,page_and_exact_name,not_available,,r8tousyoyosanallpage.pdf,"32 健康者検便(世田谷保健所) 329
充当事業:感染症対策・P407",target_page_account_and_exact_name_unique;page_offset=0,bpi_62f1dddc29b8cddd4063da64d35288ca2207c2cfa6544bd8d7e43189f101bbc9,exact_group,exact,1
ral_2026_general_058_003,rd_2026_general_revenue_12_01_03_02_03_3785100000,2026_general_expenditure_05_01_04_01_02,2026_general_expenditure_05_01_04,general,保健センター事業運営,保健センター事業運営,399,58,109,matched,page_and_exact_name,not_available,,r8tousyoyosanallpage.pdf,"3 健康増進(世田谷保健所) 11,510
充当事業:保健センター事業運営・P399",target_page_account_and_exact_name_unique;page_offset=0,bpi_adacda5bb8de766bbf4583a979a011dc53f5e0eee717080a7ceb793455d1e2fb,exact_group,exact,1
ral_2026_general_058_004,rd_2026_general_revenue_12_01_03_02_06_3785100000,2026_general_expenditure_05_03_03_01_04,2026_general_expenditure_05_03_03,general,がん検診,がん検診,403,58,109,matched,page_and_exact_name,not_available,,r8tousyoyosanallpage.pdf,"6 胃がん検診(世田谷保健所) 4,053
充当事業:がん検診・P403",target_page_account_and_exact_name_unique;page_offset=0,bpi_a55d19ad94a24877ec56cebf3c061844846b1552ddff6a48ff060c12029518ab,exact_group,exact,1
ral_2026_general_058_005,rd_2026_general_revenue_12_01_03_02_07_3785100000,2026_general_expenditure_05_03_03_01_04,2026_general_expenditure_05_03_03,general,がん検診,がん検診,403,58,109,matched,page_and_exact_name,not_available,,r8tousyoyosanallpage.pdf,"7 乳がん検診(世田谷保健所) 1,444
充当事業:がん検診・P403",target_page_account_and_exact_name_unique;page_offset=0,bpi_a55d19ad94a24877ec56cebf3c061844846b1552ddff6a48ff060c12029518ab,exact_group,exact,1
ral_2026_general_058_006,rd_2026_general_revenue_12_01_03_03_02_3595150000,2026_general_expenditure_05_01_04_01_01,2026_general_expenditure_05_01_04,general,保健センター維持運営,保健センター維持運営,399,58,109,matched,page_and_exact_name,not_available,,r8tousyoyosanallpage.pdf,"2 保健センター(保健福祉政策部) 272
充当事業:保健センター維持運営・P399",target_page_account_and_exact_name_unique;page_offset=0,bpi_d1d620477a8794f7a707d169d7a7fc654e17b4680820a50102f16b82eef660b6,exact_group,exact,1
ral_2026_general_058_007,rd_2026_general_revenue_12_01_04_03_01_3525400000,2026_general_expenditure_06_02_02_01_10,2026_general_expenditure_06_02_02,general,区民農園維持運営,区民農園維持運営,415,58,109,matched,page_and_exact_name,not_available,,r8tousyoyosanallpage.pdf,"1 区民農園(経済産業部) 19,565
充当事業:区民農園維持運営・P415",target_page_account_and_exact_name_unique;page_offset=0,bpi_c5c11e0d18b6a537a9faeac27417d2e2ec36dccf5bea4d128b598d4050120da6,exact_group,exact,1
ral_2026_general_058_008,rd_2026_general_revenue_12_01_05_01_25_3895300000,2026_general_expenditure_09_01_07_01_01,2026_general_expenditure_09_01_07,general,土木関係事務従事職員の人件費,土木関係事務従事職員の人件費,471,58,109,matched,page_and_exact_name,not_available,,r8tousyoyosanallpage.pdf,"25 電力関係(土木部) 1,297,500
充当事業:土木関係事務従事職員の人件費・P471",target_page_account_and_exact_name_unique;page_offset=0,bpi_6defa968f245a1daf2d467f021bd8c3d52d87579f5b7d449db5be58808ca5162,exact_group,exact,1
ral_2026_general_058_009,rd_2026_general_revenue_12_01_05_01_26_3895300000,2026_general_expenditure_07_02_02_01_14,2026_general_expenditure_07_02_02,general,道路側溝維持修繕(世田谷・北沢・烏山),道路側溝維持修繕（世田谷・北沢・烏山）,423,58,109,matched,page_and_normalized_name,not_available,,r8tousyoyosanallpage.pdf,"26 ガス関係(土木部) 922,900
充当事業:道路側溝維持修繕(世田谷・北沢・烏山)・P423",target_page_account_and_nfkc_name_unique;page_offset=0,bpi_28997cea7ef2741d9d936c78a70859b7d1d2aeaabf4f307d90ba81e2a630a894,exact_group,exact,1
ral_2026_general_058_010,rd_2026_general_revenue_12_01_05_01_26_3895300000,2026_general_expenditure_09_01_07_01_01,2026_general_expenditure_09_01_07,general,土木関係事務従事職員の人件費,土木関係事務従事職員の人件費,471,58,109,matched,page_and_exact_name,not_available,,r8tousyoyosanallpage.pdf,"26 ガス関係(土木部) 922,900
充当事業:土木関係事務従事職員の人件費・P471",target_page_account_and_exact_name_unique;page_offset=0,bpi_6defa968f245a1daf2d467f021bd8c3d52d87579f5b7d449db5be58808ca5162,exact_group,exact,1
ral_2026_general_058_011,rd_2026_general_revenue_12_01_05_01_28_3895300000,2026_general_expenditure_09_01_07_01_01,2026_general_expenditure_09_01_07,general,土木関係事務従事職員の人件費,土木関係事務従事職員の人件費,471,58,109,matched,page_and_exact_name,not_available,,r8tousyoyosanallpage.pdf,"28 電気通信関係(土木部) 1,101,600
充当事業:土木関係事務従事職員の人件費・P471",target_page_account_and_exact_name_unique;page_offset=0,bpi_6defa968f245a1daf2d467f021bd8c3d52d87579f5b7d449db5be58808ca5162,exact_group,exact,1
ral_2026_general_058_012,rd_2026_general_revenue_12_01_05_01_29_3895300000,2026_general_expenditure_07_02_02_01_14,2026_general_expenditure_07_02_02,general,道路側溝維持修繕(世田谷・北沢・烏山),道路側溝維持修繕（世田谷・北沢・烏山）,423,58,109,matched,page_and_normalized_name,not_available,,r8tousyoyosanallpage.pdf,"29 一般占用(土木部) 425,000
充当事業:道路側溝維持修繕(世田谷・北沢・烏山)・P423",target_page_account_and_nfkc_name_unique;page_offset=0,bpi_28997cea7ef2741d9d936c78a70859b7d1d2aeaabf4f307d90ba81e2a630a894,exact_group,exact,1
ral_2026_general_058_013,rd_2026_general_revenue_12_01_05_02_08_3895300000,2026_general_expenditure_07_03_01_01_22,2026_general_expenditure_07_03_01,general,河川・水路維持管理(世田谷・北沢・烏山),河川・水路維持管理（世田谷・北沢・烏山）,429,58,109,matched,page_and_normalized_name,not_available,,r8tousyoyosanallpage.pdf,"8 水路(土木部) 19,000
充当事業:河川・水路維持管理(世田谷・北沢・烏山)・P429",target_page_account_and_nfkc_name_unique;page_offset=0,bpi_6b2d79636a06e2430aca597b5fa4037d315d12cb1039d890983a85a7f475a772,exact_group,exact,1
ral_2026_general_058_014,rd_2026_general_revenue_12_01_05_03_01_3895200000,2026_general_expenditure_07_02_06_01_43,2026_general_expenditure_07_02_06,general,自転車等駐車場等維持運営,自転車等駐車場等維持運営,425,58,109,matched,page_and_exact_name,not_available,,r8tousyoyosanallpage.pdf,"1 自転車等駐車場(土木部) 2,904
充当事業:自転車等駐車場等維持運営・P425",target_page_account_and_exact_name_unique;page_offset=0,bpi_9dde83627ec263a77f8f2f48120a12bf94385a1820d0fc771fbe1dac4528ed4c,exact_group,exact,1
ral_2026_general_058_015,rd_2026_general_revenue_12_01_05_03_06_3815450000,2026_general_expenditure_07_05_02_01_02,2026_general_expenditure_07_05_02,general,公的住宅維持運営,公的住宅維持運営,437,58,109,matched,page_and_exact_name,not_available,,r8tousyoyosanallpage.pdf,"6 公営住宅(都市整備政策部) 247
充当事業:公的住宅維持運営・P437",target_page_account_and_exact_name_unique;page_offset=0,bpi_5d66f5466a45f6791ec2938deb5f1c73b83cd35406ec9403aec973949ca88f7b,exact_group,exact,1
ral_2026_general_058_016,rd_2026_general_revenue_12_01_05_03_07_3895200000,2026_general_expenditure_07_02_06_01_12,2026_general_expenditure_07_02_06,general,放置自転車対策,放置自転車対策,425,58,109,matched,page_and_exact_name,not_available,,r8tousyoyosanallpage.pdf,"7 放置自転車等保管所(土木部) 66
充当事業:放置自転車対策・P425",target_page_account_and_exact_name_unique;page_offset=0,bpi_f7e9e562a20c43c869a6ae54134beed891d30129370bc08bfc65856718fd57b1,exact_group,exact,1
ral_2026_general_058_017,rd_2026_general_revenue_12_01_05_03_10_3895300000,2026_general_expenditure_07_01_01_01_42,2026_general_expenditure_07_01_01,general,土木施設維持管理(世田谷・北沢・烏山),土木施設維持管理（世田谷・北沢・烏山）,419,58,109,matched,page_and_normalized_name,not_available,,r8tousyoyosanallpage.pdf,"10 土木管理事務所(世田谷・北沢・烏山)(土木部) 23
充当事業:土木施設維持管理(世田谷・北沢・烏山)・P419",target_page_account_and_nfkc_name_unique;page_offset=0,bpi_6cc1bef56a8349776ed6539fbfbc9e297e8efe0b13791d3ea11423c46256c8e6,exact_group,exact,1
ral_2026_general_058_018,rd_2026_general_revenue_12_01_05_05_03_3835300000,2026_general_expenditure_07_04_01_01_13,2026_general_expenditure_07_04_01,general,公園・身近な広場維持運営,公園・身近な広場維持運営,431,58,109,matched,page_and_exact_name,not_available,,r8tousyoyosanallpage.pdf,"3 公園常時占用(みどり33推進担当部) 10,571
充当事業:公園・身近な広場維持運営・P431",target_page_account_and_exact_name_unique;page_offset=0,bpi_09d3870d14aac465d638f58e958e4113a78851829efeb7ba88c02cc4ef6fd509,exact_group,exact,1
ral_2026_general_058_019,rd_2026_general_revenue_12_01_05_05_04_3835300000,2026_general_expenditure_07_04_01_01_13,2026_general_expenditure_07_04_01,general,公園・身近な広場維持運営,公園・身近な広場維持運営,431,58,109,matched,page_and_exact_name,not_available,,r8tousyoyosanallpage.pdf,"4 公園一時占用(みどり33推進担当部) 27,666
充当事業:公園・身近な広場維持運営・P431",target_page_account_and_exact_name_unique;page_offset=0,bpi_09d3870d14aac465d638f58e958e4113a78851829efeb7ba88c02cc4ef6fd509,exact_group,exact,1
ral_2026_general_058_020,rd_2026_general_revenue_12_01_05_06_01_3835300000,2026_general_expenditure_07_04_01_01_06,2026_general_expenditure_07_04_01,general,ミニSL管理運営,ミニＳＬ管理運営,431,58,109,matched,page_and_normalized_name,not_available,,r8tousyoyosanallpage.pdf,"1 ミニSL(みどり33推進担当部) 5,360
充当事業:ミニSL管理運営・P431",target_page_account_and_nfkc_name_unique;page_offset=0,bpi_b5e30635cd3ac5636755ccfbcc4c0763dec83ab18ab234875a7b4adc63c51bb0,exact_group,exact,1
ral_2026_general_059_001,rd_2026_general_revenue_12_01_05_06_04_3835300000,2026_general_expenditure_07_04_01_01_01,2026_general_expenditure_07_04_01,general,多摩川玉堤広場維持管理,多摩川玉堤広場維持管理,431,59,111,matched,page_and_exact_name,not_available,,r8tousyoyosanallpage.pdf,"4 多摩川玉堤広場(みどり33推進担当部) 18,846
充当事業:多摩川玉堤広場維持管理・P431",target_page_account_and_exact_name_unique;page_offset=0,bpi_4a36b092eb3a237461040e6c0341150fc7fdb95e370ba266f205914960a55fcb,exact_group,exact,1
ral_2026_general_059_002,rd_2026_general_revenue_12_01_05_06_05_3835300000,2026_general_expenditure_07_04_01_01_12,2026_general_expenditure_07_04_01,general,公園プール維持運営,公園プール維持運営,431,59,111,matched,page_and_exact_name,not_available,,r8tousyoyosanallpage.pdf,"5 公園水泳場(みどり33推進担当部) 6,166
充当事業:公園プール維持運営・P431",target_page_account_and_exact_name_unique;page_offset=0,bpi_f7529051efff04177f53f94110d58d9e502973971632f248ead2c4f304727c22,exact_group,exact,1
ral_2026_general_059_003,rd_2026_general_revenue_12_01_05_06_10_3835300000,2026_general_expenditure_07_04_01_01_13,2026_general_expenditure_07_04_01,general,公園・身近な広場維持運営,公園・身近な広場維持運営,431,59,111,matched,page_and_exact_name,not_available,,r8tousyoyosanallpage.pdf,"10 公園有料施設(みどり33推進担当部) 81,104
充当事業:公園・身近な広場維持運営・P431",target_page_account_and_exact_name_unique;page_offset=0,bpi_09d3870d14aac465d638f58e958e4113a78851829efeb7ba88c02cc4ef6fd509,exact_group,exact,1
ral_2026_general_059_004,rd_2026_general_revenue_12_01_05_06_13_3835300000,2026_general_expenditure_07_04_01_01_13,2026_general_expenditure_07_04_01,general,公園・身近な広場維持運営,公園・身近な広場維持運営,431,59,111,matched,page_and_exact_name,not_available,,r8tousyoyosanallpage.pdf,"13 公園駐車場(みどり33推進担当部) 42,340
充当事業:公園・身近な広場維持運営・P431",target_page_account_and_exact_name_unique;page_offset=0,bpi_09d3870d14aac465d638f58e958e4113a78851829efeb7ba88c02cc4ef6fd509,exact_group,exact,1
ral_2026_general_059_005,rd_2026_general_revenue_12_01_05_06_14_3835300000,2026_general_expenditure_07_04_01_01_13,2026_general_expenditure_07_04_01,general,公園・身近な広場維持運営,公園・身近な広場維持運営,431,59,111,matched,page_and_exact_name,not_available,,r8tousyoyosanallpage.pdf,"14 公園売店(みどり33推進担当部) 9,140
充当事業:公園・身近な広場維持運営・P431",target_page_account_and_exact_name_unique;page_offset=0,bpi_09d3870d14aac465d638f58e958e4113a78851829efeb7ba88c02cc4ef6fd509,exact_group,exact,1
ral_2026_general_059_006,rd_2026_general_revenue_12_01_05_06_15_3835300000,2026_general_expenditure_07_04_01_01_13,2026_general_expenditure_07_04_01,general,公園・身近な広場維持運営,公園・身近な広場維持運営,431,59,111,matched,page_and_exact_name,not_available,,r8tousyoyosanallpage.pdf,"15 シェアサイクルポート(みどり33推進担当部) 2,788
充当事業:公園・身近な広場維持運営・P431",target_page_account_and_exact_name_unique;page_offset=0,bpi_09d3870d14aac465d638f58e958e4113a78851829efeb7ba88c02cc4ef6fd509,exact_group,exact,1
ral_2026_general_059_007,rd_2026_general_revenue_12_01_05_07_01_3815450000,2026_general_expenditure_07_05_02_01_02,2026_general_expenditure_07_05_02,general,公的住宅維持運営,公的住宅維持運営,437,59,111,matched,page_and_exact_name,not_available,,r8tousyoyosanallpage.pdf,"1 公営住宅(都市整備政策部) 518,910
充当事業:公的住宅維持運営・P437",target_page_account_and_exact_name_unique;page_offset=0,bpi_5d66f5466a45f6791ec2938deb5f1c73b83cd35406ec9403aec973949ca88f7b,exact_group,exact,1
ral_2026_general_059_008,rd_2026_general_revenue_12_01_05_07_03_3815450000,2026_general_expenditure_07_05_02_01_18,2026_general_expenditure_07_05_02,general,住宅基金積立金,住宅基金積立金,437,59,111,matched,page_and_exact_name,not_available,,r8tousyoyosanallpage.pdf,"3 公営住宅(基金)(都市整備政策部) 35,192
充当事業:住宅基金積立金・P437",target_page_account_and_exact_name_unique;page_offset=0,bpi_bcf55c5c7d8abf6ecad541fc28030c1e210cc2c7939ffd52c9bd0f9d145fde2b,exact_group,exact,1
ral_2026_general_059_009,rd_2026_general_revenue_12_01_05_07_09_3815450000,2026_general_expenditure_07_05_02_01_18,2026_general_expenditure_07_05_02,general,住宅基金積立金,住宅基金積立金,437,59,111,matched,page_and_exact_name,not_available,,r8tousyoyosanallpage.pdf,"9 特定公共賃貸住宅(基金)(都市整備政策部) 7,402
充当事業:住宅基金積立金・P437",target_page_account_and_exact_name_unique;page_offset=0,bpi_bcf55c5c7d8abf6ecad541fc28030c1e210cc2c7939ffd52c9bd0f9d145fde2b,exact_group,exact,1
ral_2026_general_059_010,rd_2026_general_revenue_12_01_05_07_10_3815450000,2026_general_expenditure_07_05_02_01_02,2026_general_expenditure_07_05_02,general,公的住宅維持運営,公的住宅維持運営,437,59,111,matched,page_and_exact_name,not_available,,r8tousyoyosanallpage.pdf,"10 区立地域優良賃貸住宅(都市整備政策部) 37,170
充当事業:公的住宅維持運営・P437",target_page_account_and_exact_name_unique;page_offset=0,bpi_5d66f5466a45f6791ec2938deb5f1c73b83cd35406ec9403aec973949ca88f7b,exact_group,exact,1
ral_2026_general_059_011,rd_2026_general_revenue_12_01_05_07_11_3815450000,2026_general_expenditure_07_05_02_01_18,2026_general_expenditure_07_05_02,general,住宅基金積立金,住宅基金積立金,437,59,111,matched,page_and_exact_name,not_available,,r8tousyoyosanallpage.pdf,"11 区立地域優良賃貸住宅(基金)(都市整備政策部) 36,757
充当事業:住宅基金積立金・P437",target_page_account_and_exact_name_unique;page_offset=0,bpi_bcf55c5c7d8abf6ecad541fc28030c1e210cc2c7939ffd52c9bd0f9d145fde2b,exact_group,exact,1
ral_2026_general_059_012,rd_2026_general_revenue_12_01_06_01_01_4960160000,2026_general_expenditure_08_02_01_01_02,2026_general_expenditure_08_02_01,general,小学校維持管理,小学校維持管理,449,59,111,matched,page_and_exact_name,not_available,,r8tousyoyosanallpage.pdf,"1 小学校(教育委員会事務局) 2,274
充当事業:小学校維持管理・P449",target_page_account_and_exact_name_unique;page_offset=0,bpi_bdf5952754017d246f8fee1bd0e38ed3fbfa7a8fc3db9fb43bfa7b9fb97c0e9e,exact_group,exact,1
ral_2026_general_059_013,rd_2026_general_revenue_12_01_06_01_02_4960160000,2026_general_expenditure_08_03_01_01_02,2026_general_expenditure_08_03_01,general,中学校維持管理,中学校維持管理,453,59,111,matched,page_and_exact_name,not_available,,r8tousyoyosanallpage.pdf,"2 中学校(教育委員会事務局) 5,840
充当事業:中学校維持管理・P453",target_page_account_and_exact_name_unique;page_offset=0,bpi_e960ca518f125183ebd9ccbd9dfbd9fae08ae55924b25b0e7f19494fb7d6f20b,exact_group,exact,1
ral_2026_general_059_014,rd_2026_general_revenue_12_01_06_01_03_4960160000,2026_general_expenditure_08_05_01_01_01,2026_general_expenditure_08_05_01,general,区立幼稚園施設維持管理,区立幼稚園施設維持管理,457,59,111,matched,page_and_exact_name,not_available,,r8tousyoyosanallpage.pdf,"3 幼稚園(教育委員会事務局) 73
充当事業:区立幼稚園施設維持管理・P457",target_page_account_and_exact_name_unique;page_offset=0,bpi_b8e14d3cb3c7a4146aa942c7f64f133474abe9fb6aaf4ea4ff30a3dc57bf0722,exact_group,exact,1
ral_2026_general_059_015,rd_2026_general_revenue_12_01_06_02_01_4985400000,2026_general_expenditure_08_05_01_01_02,2026_general_expenditure_08_05_01,general,区立幼稚園維持運営,区立幼稚園維持運営,457,59,111,matched,page_and_exact_name,not_available,,r8tousyoyosanallpage.pdf,"1 幼稚園保育料(教育委員会事務局) 127
充当事業:区立幼稚園維持運営・P457",target_page_account_and_exact_name_unique;page_offset=0,bpi_c070e52c097b63df06f1ba2a7b4c2909519913003bae5d0506d2326246e28340,exact_group,exact,1
ral_2026_general_059_016,rd_2026_general_revenue_12_01_06_02_02_4985400000,2026_general_expenditure_08_05_01_01_04,2026_general_expenditure_08_05_01,general,区立幼稚園預かり保育事業,区立幼稚園預かり保育事業,457,59,111,matched,page_and_exact_name,not_available,,r8tousyoyosanallpage.pdf,"2 幼稚園預かり保育料(教育委員会事務局) 4,133
充当事業:区立幼稚園預かり保育事業・P457",target_page_account_and_exact_name_unique;page_offset=0,bpi_4ac918ad7e35afaece6bfc4de48c320eeb20df357909d1e79174ea231e9d7d9c,exact_group,exact,1
ral_2026_general_059_017,rd_2026_general_revenue_12_01_06_02_02_4985400000,2026_general_expenditure_09_01_08_01_01,2026_general_expenditure_09_01_08,general,教育関係事務従事職員の人件費,教育関係事務従事職員の人件費,471,59,111,matched,page_and_exact_name,not_available,,r8tousyoyosanallpage.pdf,"2 幼稚園預かり保育料(教育委員会事務局) 4,133
充当事業:教育関係事務従事職員の人件費・P471",target_page_account_and_exact_name_unique;page_offset=0,bpi_d217e916810a3cb94e8650936067abad934f1d4c33f5779441597cc79cb69555,exact_group,exact,1
ral_2026_general_059_018,rd_2026_general_revenue_12_01_06_05_05_4965100000,2026_general_expenditure_08_06_03_01_05,2026_general_expenditure_08_06_03,general,民家園維持運営,民家園維持運営,461,59,111,matched,page_and_exact_name,not_available,,r8tousyoyosanallpage.pdf,"5 民家園(教育委員会事務局) 43
充当事業:民家園維持運営・P461",target_page_account_and_exact_name_unique;page_offset=0,bpi_efc43032e1e032f71b5ebc7919d9433eea691dda381ef7a04424308a28261295,exact_group,exact,1
ral_2026_general_059_019,rd_2026_general_revenue_12_01_06_05_07_4965100000,2026_general_expenditure_08_06_02_01_11,2026_general_expenditure_08_06_02,general,成人教育,成人教育,459,59,111,matched,page_and_exact_name,not_available,,r8tousyoyosanallpage.pdf,"7 陶芸室(教育委員会事務局) 1,415
充当事業:成人教育・P459",target_page_account_and_exact_name_unique;page_offset=0,bpi_f69abf9efe178c2218948309ff50e3f3414c1cb61c510dd514137cb20ef910f1,exact_group,exact,1
ral_2026_general_059_020,rd_2026_general_revenue_12_01_06_05_11_4980100000,2026_general_expenditure_08_06_01_01_03,2026_general_expenditure_08_06_01,general,放課後の遊び場対策(BOP),放課後の遊び場対策（ＢＯＰ）,459,59,111,matched,page_and_normalized_name,not_available,,r8tousyoyosanallpage.pdf,"11 新BOP(教育委員会事務局) 481,459
充当事業:放課後の遊び場対策(BOP)・P459",target_page_account_and_nfkc_name_unique;page_offset=0,bpi_3489e5ae961166d433b1f3b6eb5799621c4a4b9e8deb3189b9bed60a8e100822,exact_group,exact,1
ral_2026_general_060_001,rd_2026_general_revenue_12_01_06_05_12_4965100000,2026_general_expenditure_08_06_06_01_03,2026_general_expenditure_08_06_06,general,郷土資料館維持運営,郷土資料館維持運営,461,60,113,matched,page_and_exact_name,not_available,,r8tousyoyosanallpage.pdf,"12 郷土資料館(教育委員会事務局) 3
充当事業:郷土資料館維持運営・P461",target_page_account_and_exact_name_unique;page_offset=0,bpi_34f65e48764e6de31ef04330d4b55400dc62ba070648459485e5303f06e118fe,exact_group,exact,1
ral_2026_general_060_002,rd_2026_general_revenue_12_01_06_05_15_4980100000,2026_general_expenditure_08_06_01_01_04,2026_general_expenditure_08_06_01,general,小・中学校施設開放,小・中学校施設開放,459,60,113,matched,page_and_exact_name,not_available,,r8tousyoyosanallpage.pdf,"15 学校施設開放(教育委員会事務局) 77,694
充当事業:小・中学校施設開放・P459",target_page_account_and_exact_name_unique;page_offset=0,bpi_6c5b1ea7b2d909ed4ab59abc24c9fda00ad3e20f64240392a5d60ac877a3dc03,exact_group,exact,1
ral_2026_general_060_003,rd_2026_general_revenue_12_01_06_05_19_4985100000,2026_general_expenditure_08_01_07_02_01,2026_general_expenditure_08_01_07,general,教育総合センター維持管理,教育総合センター維持管理,447,60,113,matched,page_and_exact_name,not_available,,r8tousyoyosanallpage.pdf,"19 教育総合センター研修室(教育委員会事務局) 105
充当事業:教育総合センター維持管理・P447",target_page_account_and_exact_name_unique;page_offset=0,bpi_507022c3562239d0dddda33595fe42e768f7ca1dac2f22d2d9b8409a6e0e2f14,exact_group,exact,1
ral_2026_general_060_004,rd_2026_general_revenue_12_01_06_05_21_4965200000,2026_general_expenditure_08_06_04_01_14,2026_general_expenditure_08_06_04,general,プラネタリウム事業運営,プラネタリウム事業運営,461,60,113,matched,page_and_exact_name,not_available,,r8tousyoyosanallpage.pdf,"21 プラネタリウム(教育委員会事務局) 7,255
充当事業:プラネタリウム事業運営・P461",target_page_account_and_exact_name_unique;page_offset=0,bpi_4de4be678eb026fd5fa0528f77467d1747ab48fa24be1f365614d5de897d8d4f,exact_group,exact,1
ral_2026_general_060_005,rd_2026_general_revenue_12_01_06_05_22_4985100000,2026_general_expenditure_08_01_07_02_04,2026_general_expenditure_08_01_07,general,教育相談・ネットワーク連携,教育相談・ネットワーク連携,447,60,113,matched,page_and_exact_name,not_available,,r8tousyoyosanallpage.pdf,"22 教育相談室(教育委員会事務局) 2,739
充当事業:教育相談・ネットワーク連携・P447",target_page_account_and_exact_name_unique;page_offset=0,bpi_203a76b084f136f09969c88b9e2a45b888ef145fa4d79fc0397eeffb0528787b,exact_group,exact,1
ral_2026_general_060_006,rd_2026_general_revenue_12_01_06_05_23_4965200000,2026_general_expenditure_08_06_04_01_13,2026_general_expenditure_08_06_04,general,教育会館維持管理,教育会館維持管理,461,60,113,matched,page_and_exact_name,not_available,,r8tousyoyosanallpage.pdf,"23 教育会館(教育委員会事務局) 23
充当事業:教育会館維持管理・P461",target_page_account_and_exact_name_unique;page_offset=0,bpi_fa5d249831f54eacc33495fd8681553a1601c5e5a81c0d29b7700e5872a3e0f7,exact_group,exact,1
ral_2026_general_060_007,rd_2026_general_revenue_12_01_06_05_24_4965200000,2026_general_expenditure_08_06_04_01_15,2026_general_expenditure_08_06_04,general,図書館管理運営,図書館管理運営,461,60,113,matched,page_and_exact_name,not_available,,r8tousyoyosanallpage.pdf,"24 図書館(教育委員会事務局) 25
充当事業:図書館管理運営・P461",target_page_account_and_exact_name_unique;page_offset=0,bpi_6ee9796d9f747d38173580e0d2138d7ba17fdc6fb77fc5d7d31f0ffc384f7a1c,exact_group,exact,1
ral_2026_general_060_008,rd_2026_general_revenue_12_01_06_05_25_4965200000,2026_general_expenditure_08_06_04_01_02,2026_general_expenditure_08_06_04,general,図書館サービスの推進,図書館サービスの推進,461,60,113,matched,page_and_exact_name,not_available,,r8tousyoyosanallpage.pdf,"25 梅丘図書館(教育委員会事務局) 1,100
充当事業:図書館サービスの推進・P461",target_page_account_and_exact_name_unique;page_offset=0,bpi_65d0d328ba56f819547de57aee417c8815c8915f0f20c7292c8721c71e8d5426,exact_group,exact,1
ral_2026_general_060_009,rd_2026_general_revenue_12_01_07_01_01_3555300000,2026_general_expenditure_04_03_01_01_13,2026_general_expenditure_04_03_01,general,ごみ減量・リサイクル普及・啓発施設運営,ごみ減量・リサイクル普及・啓発施設運営,393,60,113,matched,page_and_exact_name,not_available,,r8tousyoyosanallpage.pdf,"1 エコプラザ用賀(環境政策部) 3,958
充当事業:ごみ減量・リサイクル普及・啓発施設運営・P393",target_page_account_and_exact_name_unique;page_offset=0,bpi_bc1b031edb252543706db6adbe30630f20aaec924b824ceca1849687fdcaef13,exact_group,exact,1
ral_2026_general_060_010,rd_2026_general_revenue_12_01_07_02_02_3555500000,2026_general_expenditure_04_03_01_01_18,2026_general_expenditure_04_03_01,general,玉川清掃事務所維持管理,玉川清掃事務所維持管理,393,60,113,matched,page_and_exact_name,not_available,,r8tousyoyosanallpage.pdf,"2 玉川清掃事務所(環境政策部) 8
充当事業:玉川清掃事務所維持管理・P393",target_page_account_and_exact_name_unique;page_offset=0,bpi_24c2c5d422d00d7764e0f5dd6bbd703c76793cb24c442fee2172e630eb7d1289,exact_group,exact,1
ral_2026_general_060_011,rd_2026_general_revenue_12_01_07_03_02_3555100000,2026_general_expenditure_04_03_01_01_27,2026_general_expenditure_04_03_01,general,清掃事業管理・調整事務,清掃事業管理・調整事務,393,60,113,matched,page_and_exact_name,not_available,,r8tousyoyosanallpage.pdf,"2 大蔵一丁目施設(環境政策部) 72
充当事業:清掃事業管理・調整事務・P393",target_page_account_and_exact_name_unique;page_offset=0,bpi_ad85a5902ec66292e972dc286726c2d3b86bcbc80e569fae3fe593be10f4a0d5,exact_group,exact,1
ral_2026_general_060_012,rd_2026_general_revenue_12_01_07_04_01_3465120000,2026_general_expenditure_04_02_01_01_11,2026_general_expenditure_04_02_01,general,再生可能エネルギーの利用拡大と促進,再生可能エネルギーの利用拡大と促進,391,60,113,matched,page_and_exact_name,not_available,,r8tousyoyosanallpage.pdf,"1 太陽光発電施設(三浦)(環境政策部) 3
充当事業:再生可能エネルギーの利用拡大と促進・P391",target_page_account_and_exact_name_unique;page_offset=0,bpi_29305c1b2c26207087df7c71f789e6605f203ebad9badf1fc325f350ee5501c3,exact_group,exact,1
ral_2026_general_061_001,rd_2026_general_revenue_12_02_01_01_01_3355400000,2026_general_expenditure_02_02_02_01_02,2026_general_expenditure_02_02_02,general,区税徴収,区税徴収,325,61,115,matched,page_and_exact_name,not_available,,r8tousyoyosanallpage.pdf,"1 納・課税証明(財務部) 27,120
充当事業:区税徴収・P325",target_page_account_and_exact_name_unique;page_offset=0,bpi_33e89cb42b3447c815f652a156d83aec3fbf81f2b7f156bd38dc0832c5023412,exact_group,exact,1
ral_2026_general_061_002,rd_2026_general_revenue_12_02_01_01_02_3415220000,2026_general_expenditure_02_04_02_01_01,2026_general_expenditure_02_04_02,general,住民記録事務,住民記録事務,345,61,115,matched,page_and_exact_name,not_available,,r8tousyoyosanallpage.pdf,"2 住民基本台帳証明・閲覧(地域行政部) 106,491
充当事業:住民記録事務・P345",target_page_account_and_exact_name_unique;page_offset=0,bpi_fe3a39722e0e3cab08c1a4409be06e903b0734d21b08fc51170971071e24a644,exact_group,exact,1
ral_2026_general_061_003,rd_2026_general_revenue_12_02_01_01_02_3415220000,2026_general_expenditure_09_01_02_01_02,2026_general_expenditure_09_01_02,general,総務関係事務従事職員の人件費,総務関係事務従事職員の人件費,465,61,115,matched,page_and_exact_name,not_available,,r8tousyoyosanallpage.pdf,"2 住民基本台帳証明・閲覧(地域行政部) 106,491
充当事業:総務関係事務従事職員の人件費・P465",target_page_account_and_exact_name_unique;page_offset=0,bpi_88eb8874cf6e6990e0a9e42edfeb5f6bb0b30dac9672ec5c4c20c048e9a2e1b4,exact_group,exact,1
ral_2026_general_061_004,rd_2026_general_revenue_12_02_01_01_03_3415220000,2026_general_expenditure_02_04_02_01_01,2026_general_expenditure_02_04_02,general,住民記録事務,住民記録事務,345,61,115,matched,page_and_exact_name,not_available,,r8tousyoyosanallpage.pdf,"3 印鑑登録証明(地域行政部) 52,555
充当事業:住民記録事務・P345",target_page_account_and_exact_name_unique;page_offset=0,bpi_fe3a39722e0e3cab08c1a4409be06e903b0734d21b08fc51170971071e24a644,exact_group,exact,1
ral_2026_general_061_005,rd_2026_general_revenue_12_02_01_01_04_3415220000,2026_general_expenditure_02_04_02_01_01,2026_general_expenditure_02_04_02,general,住民記録事務,住民記録事務,345,61,115,matched,page_and_exact_name,not_available,,r8tousyoyosanallpage.pdf,"4 印鑑登録証(地域行政部) 2,980
充当事業:住民記録事務・P345",target_page_account_and_exact_name_unique;page_offset=0,bpi_fe3a39722e0e3cab08c1a4409be06e903b0734d21b08fc51170971071e24a644,exact_group,exact,1
ral_2026_general_061_006,rd_2026_general_revenue_12_02_01_01_05_3415220000,2026_general_expenditure_02_04_01_01_01,2026_general_expenditure_02_04_01,general,戸籍事務,戸籍事務,345,61,115,matched,page_and_exact_name,not_available,,r8tousyoyosanallpage.pdf,"5 戸籍謄抄本諸証明(地域行政部) 88,758
充当事業:戸籍事務・P345",target_page_account_and_exact_name_unique;page_offset=0,bpi_4b4c6cdbcd06be015205014589ca4f2550474e623b59b459e53a8801fb24fd1d,exact_group,exact,1
ral_2026_general_061_007,rd_2026_general_revenue_12_02_01_01_08_3415220000,2026_general_expenditure_02_04_01_01_01,2026_general_expenditure_02_04_01,general,戸籍事務,戸籍事務,345,61,115,matched,page_and_exact_name,not_available,,r8tousyoyosanallpage.pdf,"8 戸籍の附票・身分証明等(地域行政部) 9,000
充当事業:戸籍事務・P345",target_page_account_and_exact_name_unique;page_offset=0,bpi_4b4c6cdbcd06be015205014589ca4f2550474e623b59b459e53a8801fb24fd1d,exact_group,exact,1
ral_2026_general_061_008,rd_2026_general_revenue_12_02_01_01_14_3205100000,2026_general_expenditure_02_01_01_01_13,2026_general_expenditure_02_01_01,general,総務部庶務事務,総務部庶務事務,317,61,115,matched,page_and_exact_name,not_available,,r8tousyoyosanallpage.pdf,"14 その他行政証明(総務部)(総務部) 1
充当事業:総務部庶務事務・P317",target_page_account_and_exact_name_unique;page_offset=0,bpi_bc20cb57bef4780e43e9670821fed1d0556079e9ee857c322001ea46097cdea2,exact_group,exact,1
ral_2026_general_061_009,rd_2026_general_revenue_12_02_01_01_19_3415220000,2026_general_expenditure_02_03_01_01_12,2026_general_expenditure_02_03_01,general,住居表示維持管理,住居表示維持管理,327,61,115,matched,page_and_exact_name,not_available,,r8tousyoyosanallpage.pdf,"19 耕地整理証明(地域行政部) 1
充当事業:住居表示維持管理・P327",target_page_account_and_exact_name_unique;page_offset=0,bpi_afdba6d6b7f65185e3ad3c4ef001bc70f47e8a044e464e699d0d024e3c3311c8,exact_group,exact,1
ral_2026_general_061_010,rd_2026_general_revenue_12_02_01_02_01_3415100000,2026_general_expenditure_02_03_01_02_03,2026_general_expenditure_02_03_01,general,公共施設利用案内システム維持運営,公共施設利用案内システム維持運営,327,61,115,matched,page_and_exact_name,not_available,,r8tousyoyosanallpage.pdf,"1 けやきネット(システム)(地域行政部) 18,700
充当事業:公共施設利用案内システム維持運営・P327",target_page_account_and_exact_name_unique;page_offset=0,bpi_1092f1db902642ec96cbe841da2ea005808cce8fc9ac64f4efc741b21fab437d,exact_group,exact,1
ral_2026_general_061_011,rd_2026_general_revenue_12_02_02_01_02_3595110000,2026_general_expenditure_03_01_01_03_90,2026_general_expenditure_03_01_01,general,社会福祉法人の認可・指導検査,社会福祉法人の認可・指導検査,359,61,115,matched,page_and_exact_name,not_available,,r8tousyoyosanallpage.pdf,"2 社会福祉法人理事証明等(保健福祉政策部) 1
充当事業:社会福祉法人の認可・指導検査・P359",target_page_account_and_exact_name_unique;page_offset=2,bpi_ac4757046c5ab41a885d6874d3f42223fa295c91ec63943d427cb6894f9a1813,exact_group,exact,1
ral_2026_general_061_012,rd_2026_general_revenue_12_02_02_01_03_3665580000,2026_general_expenditure_03_02_01_01_15,2026_general_expenditure_03_02_01,general,子育て支援事業,子育て支援事業,375,61,115,matched,page_and_exact_name,not_available,,r8tousyoyosanallpage.pdf,"3 児童福祉施設等諸証明(子ども・若者部) 6
充当事業:子育て支援事業・P375",target_page_account_and_exact_name_unique;page_offset=0,bpi_a6c91eb078316228801c87fc17a7b9b81afb8df337bd6305cb7aa67e8d01ad75,exact_group,exact,1
ral_2026_general_061_013,rd_2026_general_revenue_12_02_03_01_01_3465200000,2026_general_expenditure_04_02_01_01_08,2026_general_expenditure_04_02_01,general,公害防止等指導,公害防止等指導,391,61,115,matched,page_and_exact_name,not_available,,r8tousyoyosanallpage.pdf,"1 工場設置認可(環境政策部) 26
充当事業:公害防止等指導・P391",target_page_account_and_exact_name_unique;page_offset=0,bpi_4658188555b456ac837974a9ab5ae550e36508dcb00c6dda3d81b1c5a2080bc6,exact_group,exact,1
ral_2026_general_061_014,rd_2026_general_revenue_12_02_03_01_02_3465200000,2026_general_expenditure_04_02_01_01_08,2026_general_expenditure_04_02_01,general,公害防止等指導,公害防止等指導,391,61,115,matched,page_and_exact_name,not_available,,r8tousyoyosanallpage.pdf,"2 変更認可(環境政策部) 38
充当事業:公害防止等指導・P391",target_page_account_and_exact_name_unique;page_offset=0,bpi_4658188555b456ac837974a9ab5ae550e36508dcb00c6dda3d81b1c5a2080bc6,exact_group,exact,1
ral_2026_general_061_015,rd_2026_general_revenue_12_02_03_03_01_3465200000,2026_general_expenditure_04_02_01_01_08,2026_general_expenditure_04_02_01,general,公害防止等指導,公害防止等指導,391,61,115,matched,page_and_exact_name,not_available,,r8tousyoyosanallpage.pdf,"1 電気供給・工場認可証明(環境政策部) 1
充当事業:公害防止等指導・P391",target_page_account_and_exact_name_unique;page_offset=0,bpi_4658188555b456ac837974a9ab5ae550e36508dcb00c6dda3d81b1c5a2080bc6,exact_group,exact,1
ral_2026_general_061_016,rd_2026_general_revenue_12_02_03_04_03_3555300000,2026_general_expenditure_04_03_01_01_15,2026_general_expenditure_04_03_01,general,清掃指導業務,清掃指導業務,393,61,115,matched,page_and_exact_name,not_available,,r8tousyoyosanallpage.pdf,"3 一般廃棄物処理業許可(環境政策部) 1,183
充当事業:清掃指導業務・P393",target_page_account_and_exact_name_unique;page_offset=0,bpi_081b749a1c8eb99defe90707c5a58f38f3859e16d17f18efe1b35d14e53af34e,exact_group,exact,1
ral_2026_general_061_017,rd_2026_general_revenue_12_02_03_05_01_3555300000,2026_general_expenditure_04_03_02_01_01,2026_general_expenditure_04_03_02,general,ごみ収集作業,ごみ収集作業,395,61,115,matched,page_and_exact_name,not_available,,r8tousyoyosanallpage.pdf,"1 有料ごみ処理券(環境政策部) 554,444
充当事業:ごみ収集作業・P395",target_page_account_and_exact_name_unique;page_offset=0,bpi_6b9d2197dba15c7b72f878f5704fa5475f891e6d8639f651197efb09c9982ca6,exact_group,exact,1
ral_2026_general_061_018,rd_2026_general_revenue_12_02_03_06_01_3555300000,2026_general_expenditure_04_03_02_01_03,2026_general_expenditure_04_03_02,general,動物死体処理作業,動物死体処理作業,395,61,115,matched,page_and_exact_name,not_available,,r8tousyoyosanallpage.pdf,"1 動物死体処理(環境政策部) 930
充当事業:動物死体処理作業・P395",target_page_account_and_exact_name_unique;page_offset=0,bpi_2bb66a44a56d184ad9768fd9ac3c7b8b5483fcf0d8c487086363caaf1acbed2e,exact_group,exact,1
ral_2026_general_061_019,rd_2026_general_revenue_12_02_03_07_05_3555100000,2026_general_expenditure_04_03_01_01_28,2026_general_expenditure_04_03_01,general,清掃事業運営,清掃事業運営,393,61,115,matched,page_and_exact_name,not_available,,r8tousyoyosanallpage.pdf,"5 廃棄物処理(環境政策部) 1
充当事業:清掃事業運営・P393",target_page_account_and_exact_name_unique;page_offset=0,bpi_c2dd9567ca7b44192d70fa7e0c6a5a25ecd2747f7f2bd2b99c84d6159d122b72,exact_group,exact,1
ral_2026_general_062_001,rd_2026_general_revenue_12_02_03_08_01_3555300000,2026_general_expenditure_04_03_02_01_01,2026_general_expenditure_04_03_02,general,ごみ収集作業,ごみ収集作業,395,62,117,matched,page_and_exact_name,not_available,,r8tousyoyosanallpage.pdf,"1 粗大ごみ処理キャッシュレス決済手数料(環境政策部) 202,302
充当事業:ごみ収集作業・P395",target_page_account_and_exact_name_unique;page_offset=0,bpi_6b9d2197dba15c7b72f878f5704fa5475f891e6d8639f651197efb09c9982ca6,exact_group,exact,1
ral_2026_general_062_002,rd_2026_general_revenue_12_02_04_01_01_3785700000,2026_general_expenditure_05_04_01_01_07,2026_general_expenditure_05_04_01,general,食品衛生監視普及,食品衛生監視普及,409,62,117,matched,page_and_exact_name,not_available,,r8tousyoyosanallpage.pdf,"1 証明閲覧(食品衛生)(世田谷保健所) 21
充当事業:食品衛生監視普及・P409",target_page_account_and_exact_name_unique;page_offset=0,bpi_51bac6640a5bf7d8fa0d7325237a095805546edcb568d90d7254b3673bf92b3c,exact_group,exact,1
ral_2026_general_062_003,rd_2026_general_revenue_12_02_04_01_02_3785700000,2026_general_expenditure_05_04_01_01_05,2026_general_expenditure_05_04_01,general,狂犬病予防法事務,狂犬病予防法事務,409,62,117,matched,page_and_exact_name,not_available,,r8tousyoyosanallpage.pdf,"2 証明閲覧(畜犬)(世田谷保健所) 1
充当事業:狂犬病予防法事務・P409",target_page_account_and_exact_name_unique;page_offset=0,bpi_87910c8114bdf3f10747d062bdf1fd936a595e9f25bb05b7e2947d75c16e909e,exact_group,exact,1
ral_2026_general_062_004,rd_2026_general_revenue_12_02_04_01_04_3785700000,2026_general_expenditure_05_04_01_01_08,2026_general_expenditure_05_04_01,general,医事薬事監視普及,医事薬事監視普及,409,62,117,matched,page_and_exact_name,not_available,,r8tousyoyosanallpage.pdf,"4 証明閲覧(医事薬事)(世田谷保健所) 30
充当事業:医事薬事監視普及・P409",target_page_account_and_exact_name_unique;page_offset=0,bpi_48200a63fad993a4652cc3c878835ff073105a6ba31c2a7565700db88cbbd08c,exact_group,exact,1
ral_2026_general_062_005,rd_2026_general_revenue_12_02_04_01_05_3785700000,2026_general_expenditure_05_04_01_01_09,2026_general_expenditure_05_04_01,general,環境衛生監視普及,環境衛生監視普及,409,62,117,matched,page_and_exact_name,not_available,,r8tousyoyosanallpage.pdf,"5 証明閲覧(環境衛生)(世田谷保健所) 12
充当事業:環境衛生監視普及・P409",target_page_account_and_exact_name_unique;page_offset=0,bpi_68552800dd59cb354b24bf2de4bea1189223f0b1ecadc9030f432bdb83a78b1d,exact_group,exact,1
ral_2026_general_062_006,rd_2026_general_revenue_12_02_04_01_09_3785250000,2026_general_expenditure_05_03_07_02_01,2026_general_expenditure_05_03_07,general,定期及臨時予防接種,定期及臨時予防接種,407,62,117,matched,page_and_exact_name,not_available,,r8tousyoyosanallpage.pdf,"9 予防接種証明書(世田谷保健所) 60
充当事業:定期及臨時予防接種・P407",target_page_account_and_exact_name_unique;page_offset=0,bpi_6f2147ca2ac49424cc6464e12969ea1c61daf8a893aa0347a26f363c43df5933,exact_group,exact,1
ral_2026_general_062_007,rd_2026_general_revenue_12_02_04_03_03_3785700000,2026_general_expenditure_05_04_01_01_05,2026_general_expenditure_05_04_01,general,狂犬病予防法事務,狂犬病予防法事務,409,62,117,matched,page_and_exact_name,not_available,,r8tousyoyosanallpage.pdf,"3 畜犬登録手数料(世田谷保健所) 20,771
充当事業:狂犬病予防法事務・P409",target_page_account_and_exact_name_unique;page_offset=0,bpi_87910c8114bdf3f10747d062bdf1fd936a595e9f25bb05b7e2947d75c16e909e,exact_group,exact,1
ral_2026_general_062_008,rd_2026_general_revenue_12_02_04_04_02_3785700000,2026_general_expenditure_05_04_01_01_07,2026_general_expenditure_05_04_01,general,食品衛生監視普及,食品衛生監視普及,409,62,117,matched,page_and_exact_name,not_available,,r8tousyoyosanallpage.pdf,"2 衛生監視(世田谷保健所) 27,000
充当事業:食品衛生監視普及・P409",target_page_account_and_exact_name_unique;page_offset=0,bpi_51bac6640a5bf7d8fa0d7325237a095805546edcb568d90d7254b3673bf92b3c,exact_group,exact,1
ral_2026_general_062_009,rd_2026_general_revenue_12_02_04_04_02_3785700000,2026_general_expenditure_09_01_05_01_01,2026_general_expenditure_09_01_05,general,衛生関係事務従事職員の人件費,衛生関係事務従事職員の人件費,469,62,117,matched,page_and_exact_name,not_available,,r8tousyoyosanallpage.pdf,"2 衛生監視(世田谷保健所) 27,000
充当事業:衛生関係事務従事職員の人件費・P469",target_page_account_and_exact_name_unique;page_offset=0,bpi_9d639f61d0cd8ae35f2160fcb55a44122da0209fd05f067ee108471955cb843a,exact_group,exact,1
ral_2026_general_062_010,rd_2026_general_revenue_12_02_04_05_03_3785700000,2026_general_expenditure_05_04_01_01_09,2026_general_expenditure_05_04_01,general,環境衛生監視普及,環境衛生監視普及,409,62,117,matched,page_and_exact_name,not_available,,r8tousyoyosanallpage.pdf,"3 環境監視手数料(世田谷保健所) 6,898
充当事業:環境衛生監視普及・P409",target_page_account_and_exact_name_unique;page_offset=0,bpi_68552800dd59cb354b24bf2de4bea1189223f0b1ecadc9030f432bdb83a78b1d,exact_group,exact,1
ral_2026_general_062_011,rd_2026_general_revenue_12_02_04_05_03_3785700000,2026_general_expenditure_09_01_05_01_01,2026_general_expenditure_09_01_05,general,衛生関係事務従事職員の人件費,衛生関係事務従事職員の人件費,469,62,117,matched,page_and_exact_name,not_available,,r8tousyoyosanallpage.pdf,"3 環境監視手数料(世田谷保健所) 6,898
充当事業:衛生関係事務従事職員の人件費・P469",target_page_account_and_exact_name_unique;page_offset=0,bpi_9d639f61d0cd8ae35f2160fcb55a44122da0209fd05f067ee108471955cb843a,exact_group,exact,1
ral_2026_general_062_012,rd_2026_general_revenue_12_02_04_06_02_3785700000,2026_general_expenditure_05_04_01_01_08,2026_general_expenditure_05_04_01,general,医事薬事監視普及,医事薬事監視普及,409,62,117,matched,page_and_exact_name,not_available,,r8tousyoyosanallpage.pdf,"2 診療所開設許可(世田谷保健所) 729
充当事業:医事薬事監視普及・P409",target_page_account_and_exact_name_unique;page_offset=0,bpi_48200a63fad993a4652cc3c878835ff073105a6ba31c2a7565700db88cbbd08c,exact_group,exact,1
ral_2026_general_062_013,rd_2026_general_revenue_12_02_04_08_02_3785700000,2026_general_expenditure_05_04_01_01_08,2026_general_expenditure_05_04_01,general,医事薬事監視普及,医事薬事監視普及,409,62,117,matched,page_and_exact_name,not_available,,r8tousyoyosanallpage.pdf,"2 医薬品販売業等許可(世田谷保健所) 4,559
充当事業:医事薬事監視普及・P409",target_page_account_and_exact_name_unique;page_offset=0,bpi_48200a63fad993a4652cc3c878835ff073105a6ba31c2a7565700db88cbbd08c,exact_group,exact,1
ral_2026_general_062_014,rd_2026_general_revenue_12_02_04_08_02_3785700000,2026_general_expenditure_09_01_05_01_01,2026_general_expenditure_09_01_05,general,衛生関係事務従事職員の人件費,衛生関係事務従事職員の人件費,469,62,117,matched,page_and_exact_name,not_available,,r8tousyoyosanallpage.pdf,"2 医薬品販売業等許可(世田谷保健所) 4,559
充当事業:衛生関係事務従事職員の人件費・P469",target_page_account_and_exact_name_unique;page_offset=0,bpi_9d639f61d0cd8ae35f2160fcb55a44122da0209fd05f067ee108471955cb843a,exact_group,exact,1
ral_2026_general_062_015,rd_2026_general_revenue_12_02_04_09_02_3785700000,2026_general_expenditure_05_04_01_01_08,2026_general_expenditure_05_04_01,general,医事薬事監視普及,医事薬事監視普及,409,62,117,matched,page_and_exact_name,not_available,,r8tousyoyosanallpage.pdf,"2 毒劇物許可(医事薬事)(世田谷保健所) 210
充当事業:医事薬事監視普及・P409",target_page_account_and_exact_name_unique;page_offset=0,bpi_48200a63fad993a4652cc3c878835ff073105a6ba31c2a7565700db88cbbd08c,exact_group,exact,1
ral_2026_general_062_016,rd_2026_general_revenue_12_02_04_14_01_3785700000,2026_general_expenditure_05_04_01_01_08,2026_general_expenditure_05_04_01,general,医事薬事監視普及,医事薬事監視普及,409,62,117,matched,page_and_exact_name,not_available,,r8tousyoyosanallpage.pdf,"1 麻薬許可(医事薬事)(世田谷保健所) 703
充当事業:医事薬事監視普及・P409",target_page_account_and_exact_name_unique;page_offset=0,bpi_48200a63fad993a4652cc3c878835ff073105a6ba31c2a7565700db88cbbd08c,exact_group,exact,1
ral_2026_general_062_017,rd_2026_general_revenue_12_02_05_01_30_3815250000,2026_general_expenditure_09_01_07_01_01,2026_general_expenditure_09_01_07,general,土木関係事務従事職員の人件費,土木関係事務従事職員の人件費,471,62,117,matched,page_and_exact_name,not_available,,r8tousyoyosanallpage.pdf,"30 広告物許可申請手数料(都市整備政策部) 15,300
充当事業:土木関係事務従事職員の人件費・P471",target_page_account_and_exact_name_unique;page_offset=0,bpi_6defa968f245a1daf2d467f021bd8c3d52d87579f5b7d449db5be58808ca5162,exact_group,exact,1
ral_2026_general_062_018,rd_2026_general_revenue_12_02_05_01_31_3895300000,2026_general_expenditure_07_02_02_01_14,2026_general_expenditure_07_02_02,general,道路側溝維持修繕(世田谷・北沢・烏山),道路側溝維持修繕（世田谷・北沢・烏山）,423,62,117,matched,page_and_normalized_name,not_available,,r8tousyoyosanallpage.pdf,"31 広告物許可申請手数料(土木部) 5,600
充当事業:道路側溝維持修繕(世田谷・北沢・烏山)・P423",target_page_account_and_nfkc_name_unique;page_offset=0,bpi_28997cea7ef2741d9d936c78a70859b7d1d2aeaabf4f307d90ba81e2a630a894,exact_group,exact,1
ral_2026_general_062_019,rd_2026_general_revenue_12_02_05_02_24_3895140000,2026_general_expenditure_07_01_01_01_38,2026_general_expenditure_07_01_01,general,自動車臨時運行許可,自動車臨時運行許可,419,62,117,matched,page_and_exact_name,not_available,,r8tousyoyosanallpage.pdf,"24 臨時運行許可申請手数料(土木部) 1,875
充当事業:自動車臨時運行許可・P419",target_page_account_and_exact_name_unique;page_offset=0,bpi_e6d46ac2900b3a76e5186c83fb0e4e7b098bfef45ad9789ca70aab7fe0e7ba76,exact_group,exact,1
ral_2026_general_062_020,rd_2026_general_revenue_12_02_05_02_24_3895140000,2026_general_expenditure_09_01_07_01_01,2026_general_expenditure_09_01_07,general,土木関係事務従事職員の人件費,土木関係事務従事職員の人件費,471,62,117,matched,page_and_exact_name,not_available,,r8tousyoyosanallpage.pdf,"24 臨時運行許可申請手数料(土木部) 1,875
充当事業:土木関係事務従事職員の人件費・P471",target_page_account_and_exact_name_unique;page_offset=0,bpi_6defa968f245a1daf2d467f021bd8c3d52d87579f5b7d449db5be58808ca5162,exact_group,exact,1
ral_2026_general_062_021,rd_2026_general_revenue_12_02_05_03_16_3895200000,2026_general_expenditure_07_02_06_01_12,2026_general_expenditure_07_02_06,general,放置自転車対策,放置自転車対策,425,62,117,matched,page_and_exact_name,not_available,,r8tousyoyosanallpage.pdf,"16 放置自転車等撤去手数料(土木部) 27,700
充当事業:放置自転車対策・P425",target_page_account_and_exact_name_unique;page_offset=0,bpi_f7e9e562a20c43c869a6ae54134beed891d30129370bc08bfc65856718fd57b1,exact_group,exact,1
ral_2026_general_063_001,rd_2026_general_revenue_12_02_05_03_17_3835300000,2026_general_expenditure_07_04_01_01_13,2026_general_expenditure_07_04_01,general,公園・身近な広場維持運営,公園・身近な広場維持運営,431,63,119,matched,page_and_exact_name,not_available,,r8tousyoyosanallpage.pdf,"17 放置自動二輪車等撤去手数料(みどり33推進担当部) 8
充当事業:公園・身近な広場維持運営・P431",target_page_account_and_exact_name_unique;page_offset=0,bpi_09d3870d14aac465d638f58e958e4113a78851829efeb7ba88c02cc4ef6fd509,exact_group,exact,1
ral_2026_general_063_002,rd_2026_general_revenue_12_02_05_05_01_3815250000,2026_general_expenditure_09_01_07_01_01,2026_general_expenditure_09_01_07,general,土木関係事務従事職員の人件費,土木関係事務従事職員の人件費,471,63,119,matched,page_and_exact_name,not_available,,r8tousyoyosanallpage.pdf,"1 長期優良住宅認定手数料(都市整備政策部) 6,813
充当事業:土木関係事務従事職員の人件費・P471",target_page_account_and_exact_name_unique;page_offset=0,bpi_6defa968f245a1daf2d467f021bd8c3d52d87579f5b7d449db5be58808ca5162,exact_group,exact,1
ral_2026_general_063_003,rd_2026_general_revenue_12_02_05_10_38_3815250000,2026_general_expenditure_09_01_07_01_01,2026_general_expenditure_09_01_07,general,土木関係事務従事職員の人件費,土木関係事務従事職員の人件費,471,63,119,matched,page_and_exact_name,not_available,,r8tousyoyosanallpage.pdf,"38 住宅用家屋証明手数料(都市整備政策部) 5,501
充当事業:土木関係事務従事職員の人件費・P471",target_page_account_and_exact_name_unique;page_offset=0,bpi_6defa968f245a1daf2d467f021bd8c3d52d87579f5b7d449db5be58808ca5162,exact_group,exact,1
ral_2026_general_063_004,rd_2026_general_revenue_12_02_05_10_39_3815250000,2026_general_expenditure_07_05_01_01_02,2026_general_expenditure_07_05_01,general,建築行政事務,建築行政事務,435,63,119,matched,page_and_exact_name,not_available,,r8tousyoyosanallpage.pdf,"39 建築諸証明手数料(都市整備政策部) 3,500
充当事業:建築行政事務・P435",target_page_account_and_exact_name_unique;page_offset=0,bpi_b5f73ed2c757baa8ed2f1d5876e6d6332b8586023e49260d03f49056f5325ba2,exact_group,exact,1
ral_2026_general_063_005,rd_2026_general_revenue_12_02_05_10_39_3815250000,2026_general_expenditure_09_01_07_01_01,2026_general_expenditure_09_01_07,general,土木関係事務従事職員の人件費,土木関係事務従事職員の人件費,471,63,119,matched,page_and_exact_name,not_available,,r8tousyoyosanallpage.pdf,"39 建築諸証明手数料(都市整備政策部) 3,500
充当事業:土木関係事務従事職員の人件費・P471",target_page_account_and_exact_name_unique;page_offset=0,bpi_6defa968f245a1daf2d467f021bd8c3d52d87579f5b7d449db5be58808ca5162,exact_group,exact,1
ral_2026_general_063_006,rd_2026_general_revenue_12_02_05_10_50_3825150000,2026_general_expenditure_07_02_03_01_01,2026_general_expenditure_07_02_03,general,建築線・狭あい道路事業,建築線・狭あい道路事業,423,63,119,matched,page_and_exact_name,not_available,,r8tousyoyosanallpage.pdf,"50 位置指定道路証明手数料(防災街づくり担当部) 2,100
充当事業:建築線・狭あい道路事業・P423",target_page_account_and_exact_name_unique;page_offset=0,bpi_f28b2b1d530e5171a126ea1b55496be9e55fd906dd17e2054f9cb24d7274713a,exact_group,exact,1
ral_2026_general_063_007,rd_2026_general_revenue_12_02_05_10_54_3865100000,2026_general_expenditure_07_02_01_01_19,2026_general_expenditure_07_02_01,general,公共物管理・道路認定,公共物管理・道路認定,421,63,119,matched,page_and_exact_name,not_available,,r8tousyoyosanallpage.pdf,"54 認定境界証明手数料(道路・交通計画部) 828
充当事業:公共物管理・道路認定・P421",target_page_account_and_exact_name_unique;page_offset=0,bpi_07e483ac628d477387910555dc2e2c53e435f236be4d1c287a2d524c589c93ae,exact_group,exact,1
ral_2026_general_063_008,rd_2026_general_revenue_12_02_05_10_57_3895140000,2026_general_expenditure_07_01_01_01_34,2026_general_expenditure_07_01_01,general,不法占用対策,不法占用対策,419,63,119,matched,page_and_exact_name,not_available,,r8tousyoyosanallpage.pdf,"57 土木諸証明手数料(土木部) 18
充当事業:不法占用対策・P419",target_page_account_and_exact_name_unique;page_offset=0,bpi_909446b89e9922144e46aeccef10cf75163cffdcf3283dcb8bc1b78587756caa,exact_group,exact,1
ral_2026_general_063_009,rd_2026_general_revenue_12_02_05_10_59_3815500000,2026_general_expenditure_07_05_02_01_08,2026_general_expenditure_07_05_02,general,住宅施策の計画,住宅施策の計画,437,63,119,matched,page_and_exact_name,not_available,,r8tousyoyosanallpage.pdf,"59 マンション建替円滑化法諸証明手数料(都市整備政策部) 1
充当事業:住宅施策の計画・P437",target_page_account_and_exact_name_unique;page_offset=0,bpi_bb3b1e9faf4a31f3bfb37015384a13292bdea13fe2e7308ee9f0a893d6ed396d,exact_group,exact,1
ral_2026_general_063_010,rd_2026_general_revenue_12_02_05_10_64_3825100000,2026_general_expenditure_07_06_01_01_52,2026_general_expenditure_07_06_01,general,防災街づくり担当部庶務事務,防災街づくり担当部庶務事務,441,63,119,matched,page_and_exact_name,not_available,,r8tousyoyosanallpage.pdf,"64 開発登録簿発行手数料(防災街づくり担当部) 576
充当事業:防災街づくり担当部庶務事務・P441",target_page_account_and_exact_name_unique;page_offset=2,bpi_6fedbc7951f4607ba91fd16aa61d04ae1bbfe4d779e3c15d5d48f99603d41eac,exact_group,exact,1
ral_2026_general_063_011,rd_2026_general_revenue_12_02_05_10_65_3825100000,2026_general_expenditure_07_06_01_01_52,2026_general_expenditure_07_06_01,general,防災街づくり担当部庶務事務,防災街づくり担当部庶務事務,441,63,119,matched,page_and_exact_name,not_available,,r8tousyoyosanallpage.pdf,"65 盛土規制法調書発行手数料(防災街づくり担当部) 1
充当事業:防災街づくり担当部庶務事務・P441",target_page_account_and_exact_name_unique;page_offset=2,bpi_6fedbc7951f4607ba91fd16aa61d04ae1bbfe4d779e3c15d5d48f99603d41eac,exact_group,exact,1
ral_2026_general_063_012,rd_2026_general_revenue_12_02_05_10_66_3825100000,2026_general_expenditure_07_06_01_01_52,2026_general_expenditure_07_06_01,general,防災街づくり担当部庶務事務,防災街づくり担当部庶務事務,441,63,119,matched,page_and_exact_name,not_available,,r8tousyoyosanallpage.pdf,"66 都市計画法適合証明書発行手数料(防災街づくり担当部) 1
充当事業:防災街づくり担当部庶務事務・P441",target_page_account_and_exact_name_unique;page_offset=2,bpi_6fedbc7951f4607ba91fd16aa61d04ae1bbfe4d779e3c15d5d48f99603d41eac,exact_group,exact,1
ral_2026_general_063_013,rd_2026_general_revenue_12_02_05_10_67_3825100000,2026_general_expenditure_07_06_01_01_52,2026_general_expenditure_07_06_01,general,防災街づくり担当部庶務事務,防災街づくり担当部庶務事務,441,63,119,matched,page_and_exact_name,not_available,,r8tousyoyosanallpage.pdf,"67 盛土規制法適合証明書発行手数料(防災街づくり担当部) 1
充当事業:防災街づくり担当部庶務事務・P441",target_page_account_and_exact_name_unique;page_offset=2,bpi_6fedbc7951f4607ba91fd16aa61d04ae1bbfe4d779e3c15d5d48f99603d41eac,exact_group,exact,1
ral_2026_general_063_014,rd_2026_general_revenue_12_02_05_11_20_3825100000,2026_general_expenditure_07_06_01_01_52,2026_general_expenditure_07_06_01,general,防災街づくり担当部庶務事務,防災街づくり担当部庶務事務,441,63,119,matched,page_and_exact_name,not_available,,r8tousyoyosanallpage.pdf,"20 開発行為許可申請手数料(防災街づくり担当部) 6,169
充当事業:防災街づくり担当部庶務事務・P441",target_page_account_and_exact_name_unique;page_offset=2,bpi_6fedbc7951f4607ba91fd16aa61d04ae1bbfe4d779e3c15d5d48f99603d41eac,exact_group,exact,1
ral_2026_general_063_015,rd_2026_general_revenue_12_02_05_11_20_3825100000,2026_general_expenditure_09_01_07_01_01,2026_general_expenditure_09_01_07,general,土木関係事務従事職員の人件費,土木関係事務従事職員の人件費,471,63,119,matched,page_and_exact_name,not_available,,r8tousyoyosanallpage.pdf,"20 開発行為許可申請手数料(防災街づくり担当部) 6,169
充当事業:土木関係事務従事職員の人件費・P471",target_page_account_and_exact_name_unique;page_offset=0,bpi_6defa968f245a1daf2d467f021bd8c3d52d87579f5b7d449db5be58808ca5162,exact_group,exact,1
ral_2026_general_063_016,rd_2026_general_revenue_12_02_05_15_06_3825150000,2026_general_expenditure_07_02_03_01_01,2026_general_expenditure_07_02_03,general,建築線・狭あい道路事業,建築線・狭あい道路事業,423,63,119,matched,page_and_exact_name,not_available,,r8tousyoyosanallpage.pdf,"6 位置指定申請手数料(防災街づくり担当部) 1,000
充当事業:建築線・狭あい道路事業・P423",target_page_account_and_exact_name_unique;page_offset=0,bpi_f28b2b1d530e5171a126ea1b55496be9e55fd906dd17e2054f9cb24d7274713a,exact_group,exact,1
ral_2026_general_063_017,rd_2026_general_revenue_12_02_05_16_04_3825100000,2026_general_expenditure_07_06_01_01_52,2026_general_expenditure_07_06_01,general,防災街づくり担当部庶務事務,防災街づくり担当部庶務事務,441,63,119,matched,page_and_exact_name,not_available,,r8tousyoyosanallpage.pdf,"4 宅地造成許可申請手数料(防災街づくり担当部) 1
充当事業:防災街づくり担当部庶務事務・P441",target_page_account_and_exact_name_unique;page_offset=2,bpi_6fedbc7951f4607ba91fd16aa61d04ae1bbfe4d779e3c15d5d48f99603d41eac,exact_group,exact,1
ral_2026_general_063_018,rd_2026_general_revenue_12_02_05_17_06_3815250000,2026_general_expenditure_09_01_07_01_01,2026_general_expenditure_09_01_07,general,土木関係事務従事職員の人件費,土木関係事務従事職員の人件費,471,63,119,matched,page_and_exact_name,not_available,,r8tousyoyosanallpage.pdf,"6 建築確認・検査申請手数料(都市整備政策部) 16,060
充当事業:土木関係事務従事職員の人件費・P471",target_page_account_and_exact_name_unique;page_offset=0,bpi_6defa968f245a1daf2d467f021bd8c3d52d87579f5b7d449db5be58808ca5162,exact_group,exact,1
ral_2026_general_063_019,rd_2026_general_revenue_12_02_05_18_01_3815250000,2026_general_expenditure_07_05_01_01_02,2026_general_expenditure_07_05_01,general,建築行政事務,建築行政事務,435,63,119,matched,page_and_exact_name,not_available,,r8tousyoyosanallpage.pdf,"1 低炭素建築物認定手数料(都市整備政策部) 1,500
充当事業:建築行政事務・P435",target_page_account_and_exact_name_unique;page_offset=0,bpi_b5f73ed2c757baa8ed2f1d5876e6d6332b8586023e49260d03f49056f5325ba2,exact_group,exact,1
ral_2026_general_063_020,rd_2026_general_revenue_12_02_05_19_01_3815250000,2026_general_expenditure_07_05_01_01_02,2026_general_expenditure_07_05_01,general,建築行政事務,建築行政事務,435,63,119,matched,page_and_exact_name,not_available,,r8tousyoyosanallpage.pdf,"1 建築物エネルギー消費性能向上認定手数料(都市整備政策部) 5
充当事業:建築行政事務・P435",target_page_account_and_exact_name_unique;page_offset=0,bpi_b5f73ed2c757baa8ed2f1d5876e6d6332b8586023e49260d03f49056f5325ba2,exact_group,exact,1
ral_2026_general_064_001,rd_2026_general_revenue_12_02_05_21_02_3825100000,2026_general_expenditure_07_06_01_01_52,2026_general_expenditure_07_06_01,general,防災街づくり担当部庶務事務,防災街づくり担当部庶務事務,441,64,121,matched,page_and_exact_name,not_available,,r8tousyoyosanallpage.pdf,"2 盛土規制法許可申請手数料(防災街づくり担当部) 304
充当事業:防災街づくり担当部庶務事務・P441",target_page_account_and_exact_name_unique;page_offset=2,bpi_6fedbc7951f4607ba91fd16aa61d04ae1bbfe4d779e3c15d5d48f99603d41eac,exact_group,exact,1
ral_2026_general_065_001,rd_2026_general_revenue_13_01_01_05_01_3655100000,2026_general_expenditure_03_01_03_03_13,2026_general_expenditure_03_01_03,general,障害者福祉手当,障害者福祉手当,367,65,123,matched,page_and_exact_name,not_available,,r8tousyoyosanallpage.pdf,"1 特別障害者手当等支給費(障害福祉部) 218,577
充当事業:障害者福祉手当・P367",target_page_account_and_exact_name_unique;page_offset=0,bpi_d8d618a0946e2bf871464575be14f61fcb8d5a1fce3470f5cb79468147a81cf0,exact_group,exact,1
ral_2026_general_065_002,rd_2026_general_revenue_13_01_01_06_02_3595200000,2026_general_expenditure_03_03_03_01_01,2026_general_expenditure_03_03_03,general,生活保護法に基づく保護費,生活保護法に基づく保護費,387,65,123,matched,page_and_exact_name,not_available,,r8tousyoyosanallpage.pdf,"2 生活保護費(生活扶助費等)(保健福祉政策部) 9,224,284
充当事業:生活保護法に基づく保護費・P387",target_page_account_and_exact_name_unique;page_offset=0,bpi_0eb7b3360ac500246fe3cad6504fa0c0fed9e72ff3d2d6c398d288cdbcc7b3a1,exact_group,exact,1
ral_2026_general_065_003,rd_2026_general_revenue_13_01_01_06_03_3595200000,2026_general_expenditure_03_03_03_01_01,2026_general_expenditure_03_03_03,general,生活保護法に基づく保護費,生活保護法に基づく保護費,387,65,123,matched,page_and_exact_name,not_available,,r8tousyoyosanallpage.pdf,"3 生活保護費(医療扶助費等)(保健福祉政策部) 7,390,130
充当事業:生活保護法に基づく保護費・P387",target_page_account_and_exact_name_unique;page_offset=0,bpi_0eb7b3360ac500246fe3cad6504fa0c0fed9e72ff3d2d6c398d288cdbcc7b3a1,exact_group,exact,1
ral_2026_general_065_004,rd_2026_general_revenue_13_01_01_06_04_3595200000,2026_general_expenditure_03_03_03_01_01,2026_general_expenditure_03_03_03,general,生活保護法に基づく保護費,生活保護法に基づく保護費,387,65,123,matched,page_and_exact_name,not_available,,r8tousyoyosanallpage.pdf,"4 生活保護費(介護扶助費等)(保健福祉政策部) 427,656
充当事業:生活保護法に基づく保護費・P387",target_page_account_and_exact_name_unique;page_offset=0,bpi_0eb7b3360ac500246fe3cad6504fa0c0fed9e72ff3d2d6c398d288cdbcc7b3a1,exact_group,exact,1
ral_2026_general_065_005,rd_2026_general_revenue_13_01_01_07_01_3665500000,2026_general_expenditure_03_02_03_01_02,2026_general_expenditure_03_02_03,general,入院助産措置,入院助産措置,381,65,123,matched,page_and_exact_name,not_available,,r8tousyoyosanallpage.pdf,"1 入院助産措置費(子ども・若者部) 4,857
充当事業:入院助産措置・P381",target_page_account_and_exact_name_unique;page_offset=0,bpi_d3444af3cdc8f5ef93952ea5d623e284b0dd3bf1e576c27c3b7bb364b4e716fb,exact_group,exact,1
ral_2026_general_065_006,rd_2026_general_revenue_13_01_01_08_16_3655100000,2026_general_expenditure_03_01_03_06_01,2026_general_expenditure_03_01_03,general,障害者自立支援給付,障害者自立支援給付,369,65,123,matched,page_and_exact_name,not_available,,r8tousyoyosanallpage.pdf,"16 障害児通所・相談支援給付等(障害福祉部) 2,100,167
充当事業:障害者自立支援給付・P369",target_page_account_and_exact_name_unique;page_offset=2,bpi_be7553f41733bb99a982ad78c0f0049f541fe54a9cecd4ab5b6af2973d55ff32,exact_group,exact,1
ral_2026_general_065_007,rd_2026_general_revenue_13_01_01_08_17_3655100000,2026_general_expenditure_03_01_03_06_01,2026_general_expenditure_03_01_03,general,障害者自立支援給付,障害者自立支援給付,369,65,123,matched,page_and_exact_name,not_available,,r8tousyoyosanallpage.pdf,"17 障害者自立支援給付等(障害福祉部) 7,915,312
充当事業:障害者自立支援給付・P369",target_page_account_and_exact_name_unique;page_offset=2,bpi_be7553f41733bb99a982ad78c0f0049f541fe54a9cecd4ab5b6af2973d55ff32,exact_group,exact,1
ral_2026_general_065_008,rd_2026_general_revenue_13_01_01_08_18_3655100000,2026_general_expenditure_03_01_03_06_02,2026_general_expenditure_03_01_03,general,補装具給付,補装具給付,369,65,123,matched,page_and_exact_name,not_available,,r8tousyoyosanallpage.pdf,"18 補装具給付(障害福祉部) 84,805
充当事業:補装具給付・P369",target_page_account_and_exact_name_unique;page_offset=2,bpi_38d9ee5ec6b6bcc4487239a93a05987e9793c849e0e499bd31aa5247b0b44474,exact_group,exact,1
ral_2026_general_065_009,rd_2026_general_revenue_13_01_01_08_19_3655100000,2026_general_expenditure_03_01_03_06_03,2026_general_expenditure_03_01_03,general,自立支援医療,自立支援医療,369,65,123,matched,page_and_exact_name,not_available,,r8tousyoyosanallpage.pdf,"19 自立支援医療(更生医療)(障害福祉部) 366,249
充当事業:自立支援医療・P369",target_page_account_and_exact_name_unique;page_offset=2,bpi_8c02ca57d651706c0a5f6891941a9b091145605f2a62e7a880e18ac876a5fda9,exact_group,exact,1
ral_2026_general_065_010,rd_2026_general_revenue_13_01_01_08_21_3655100000,2026_general_expenditure_03_01_03_06_01,2026_general_expenditure_03_01_03,general,障害者自立支援給付,障害者自立支援給付,369,65,123,matched,page_and_exact_name,not_available,,r8tousyoyosanallpage.pdf,"21 療養介護医療(障害福祉部) 32,539
充当事業:障害者自立支援給付・P369",target_page_account_and_exact_name_unique;page_offset=2,bpi_be7553f41733bb99a982ad78c0f0049f541fe54a9cecd4ab5b6af2973d55ff32,exact_group,exact,1
ral_2026_general_065_011,rd_2026_general_revenue_13_01_01_09_06_3665500000,2026_general_expenditure_03_02_03_01_12,2026_general_expenditure_03_02_03,general,児童手当支給,児童手当支給,381,65,123,matched,page_and_exact_name,not_available,,r8tousyoyosanallpage.pdf,"6 児童手当(子ども・若者部) 14,142,587
充当事業:児童手当支給・P381",target_page_account_and_exact_name_unique;page_offset=0,bpi_a3bbcbeb4d2145811cb26c1ca64bdf21d11967ccf3905de8eb8ff27c07114f42,exact_group,exact,1
ral_2026_general_065_012,rd_2026_general_revenue_13_01_01_11_05_3595400000,2026_general_expenditure_09_01_03_01_01,2026_general_expenditure_09_01_03,general,民生関係事務従事職員の人件費,民生関係事務従事職員の人件費,467,65,123,matched,page_and_exact_name,not_available,,r8tousyoyosanallpage.pdf,"5 年金事務(保健福祉政策部) 220,616
充当事業:民生関係事務従事職員の人件費・P467",target_page_account_and_exact_name_unique;page_offset=0,bpi_5514ebac92df97541fc72dcb995412a4efd023cee05294300d6b86ca6ced3ee6,exact_group,exact,1
ral_2026_general_065_013,rd_2026_general_revenue_13_01_01_11_08_3595400000,2026_general_expenditure_03_01_20_01_01,2026_general_expenditure_03_01_20,general,国民年金運営事業,国民年金運営事業,371,65,123,matched,page_and_exact_name,not_available,,r8tousyoyosanallpage.pdf,"8 年金生活者支援給付金(保健福祉政策部) 3,095
充当事業:国民年金運営事業・P371",target_page_account_and_exact_name_unique;page_offset=0,bpi_707e10a0154b52f946c23b02d77026ae345d498b4de22f9d8a7460999980a4e5,exact_group,exact,1
ral_2026_general_065_014,rd_2026_general_revenue_13_01_01_11_08_3595400000,2026_general_expenditure_09_01_03_01_01,2026_general_expenditure_09_01_03,general,民生関係事務従事職員の人件費,民生関係事務従事職員の人件費,467,65,123,matched,page_and_exact_name,not_available,,r8tousyoyosanallpage.pdf,"8 年金生活者支援給付金(保健福祉政策部) 3,095
充当事業:民生関係事務従事職員の人件費・P467",target_page_account_and_exact_name_unique;page_offset=0,bpi_5514ebac92df97541fc72dcb995412a4efd023cee05294300d6b86ca6ced3ee6,exact_group,exact,1
ral_2026_general_065_015,rd_2026_general_revenue_13_01_01_14_01_3595400000,2026_general_expenditure_03_01_01_04_02,2026_general_expenditure_03_01_01,general,国民健康保険事業会計繰出金,国民健康保険事業会計繰出金,361,65,123,matched,page_and_exact_name,not_available,,r8tousyoyosanallpage.pdf,"1 国民健康保険(保健福祉政策部) 819,796
充当事業:国民健康保険事業会計繰出金・P361",target_page_account_and_exact_name_unique;page_offset=4,bpi_5f7e8094a7f7be9aa37f3cfc8805beb25f9a62a0c10da09f41875c7ac180ee3a,exact_group,exact,1
ral_2026_general_065_016,rd_2026_general_revenue_13_01_01_17_02_3665500000,2026_general_expenditure_03_02_03_01_01,2026_general_expenditure_03_02_03,general,私立母子生活支援施設への保護委託,私立母子生活支援施設への保護委託,381,65,123,matched,page_and_exact_name,not_available,,r8tousyoyosanallpage.pdf,"2 私立母子生活支援施設(子ども・若者部) 80,462
充当事業:私立母子生活支援施設への保護委託・P381",target_page_account_and_exact_name_unique;page_offset=0,bpi_4a652a5e6ae80c14247f55b106c251c66720a51aefa7d1eb683419b0c968de2c,exact_group,exact,1
ral_2026_general_065_017,rd_2026_general_revenue_13_01_01_17_04_3665500000,2026_general_expenditure_03_02_01_01_54,2026_general_expenditure_03_02_01,general,ひとり親家庭への支援,ひとり親家庭への支援,377,65,123,matched,page_and_exact_name,not_available,,r8tousyoyosanallpage.pdf,"4 区立母子生活支援施設(子ども・若者部) 32,408
充当事業:ひとり親家庭への支援・P377",target_page_account_and_exact_name_unique;page_offset=2,bpi_41040ca747d4a337137a00fa3d6aead795e46721cd32e0936d92cdb3f6a7b468,exact_group,exact,1
ral_2026_general_065_018,rd_2026_general_revenue_13_01_01_18_02_3665500000,2026_general_expenditure_03_02_03_01_10,2026_general_expenditure_03_02_03,general,児童扶養手当等支給,児童扶養手当等支給,381,65,123,matched,page_and_exact_name,not_available,,r8tousyoyosanallpage.pdf,"2 児童扶養手当(子ども・若者部) 454,542
充当事業:児童扶養手当等支給・P381",target_page_account_and_exact_name_unique;page_offset=0,bpi_2e7c4d0ea515a4fd3b5c6719d805d3d280902fff50851ff215a69b8637fc16d8,exact_group,exact,1
ral_2026_general_066_001,rd_2026_general_revenue_13_01_01_20_02_3595400000,2026_general_expenditure_03_01_20_01_01,2026_general_expenditure_03_01_20,general,国民年金運営事業,国民年金運営事業,371,66,125,matched,page_and_exact_name,not_available,,r8tousyoyosanallpage.pdf,"2 特別障害給付事務(保健福祉政策部) 153
充当事業:国民年金運営事業・P371",target_page_account_and_exact_name_unique;page_offset=0,bpi_707e10a0154b52f946c23b02d77026ae345d498b4de22f9d8a7460999980a4e5,exact_group,exact,1
ral_2026_general_066_002,rd_2026_general_revenue_13_01_01_23_02_3595200000,2026_general_expenditure_03_01_01_03_73,2026_general_expenditure_03_01_01,general,特定中国残留邦人等支援事業,特定中国残留邦人等支援事業,359,66,125,matched,page_and_exact_name,not_available,,r8tousyoyosanallpage.pdf,"2 特定中国残留邦人等支援事業費(生活扶助費等)(保健福祉政策部) 14,233
充当事業:特定中国残留邦人等支援事業・P359",target_page_account_and_exact_name_unique;page_offset=2,bpi_bfa673964bc0e45fbcadbde15b82b585b4c949a022d9038f050b7b1571a6a694,exact_group,exact,1
ral_2026_general_066_003,rd_2026_general_revenue_13_01_01_23_03_3595200000,2026_general_expenditure_03_01_01_03_73,2026_general_expenditure_03_01_01,general,特定中国残留邦人等支援事業,特定中国残留邦人等支援事業,359,66,125,matched,page_and_exact_name,not_available,,r8tousyoyosanallpage.pdf,"3 特定中国残留邦人等支援事業費(医療扶助費等)(保健福祉政策部) 18,720
充当事業:特定中国残留邦人等支援事業・P359",target_page_account_and_exact_name_unique;page_offset=2,bpi_bfa673964bc0e45fbcadbde15b82b585b4c949a022d9038f050b7b1571a6a694,exact_group,exact,1
ral_2026_general_066_004,rd_2026_general_revenue_13_01_01_23_04_3595200000,2026_general_expenditure_03_01_01_03_73,2026_general_expenditure_03_01_01,general,特定中国残留邦人等支援事業,特定中国残留邦人等支援事業,359,66,125,matched,page_and_exact_name,not_available,,r8tousyoyosanallpage.pdf,"4 特定中国残留邦人等支援事業費(介護扶助費等)(保健福祉政策部) 816
充当事業:特定中国残留邦人等支援事業・P359",target_page_account_and_exact_name_unique;page_offset=2,bpi_bfa673964bc0e45fbcadbde15b82b585b4c949a022d9038f050b7b1571a6a694,exact_group,exact,1
ral_2026_general_066_005,rd_2026_general_revenue_13_01_01_28_01_3645200000,2026_general_expenditure_03_01_01_04_01,2026_general_expenditure_03_01_01,general,介護保険事業会計繰出金,介護保険事業会計繰出金,361,66,125,matched,page_and_exact_name,not_available,,r8tousyoyosanallpage.pdf,"1 介護保険料軽減費(高齢福祉部) 266,451
充当事業:介護保険事業会計繰出金・P361",target_page_account_and_exact_name_unique;page_offset=4,bpi_094d4b85387f045563371f907ec0b584b704cf965981447c4eb33a540e87f75f,exact_group,exact,1
ral_2026_general_066_006,rd_2026_general_revenue_13_01_01_31_01_3595200000,2026_general_expenditure_03_03_01_01_01,2026_general_expenditure_03_03_01,general,生活保護法施行事務,生活保護法施行事務,387,66,125,matched,page_and_exact_name,not_available,,r8tousyoyosanallpage.pdf,"1 被保護者就労支援事業費(生保事務)(保健福祉政策部) 112
充当事業:生活保護法施行事務・P387",target_page_account_and_exact_name_unique;page_offset=0,bpi_4ad8bd8a05fbb52656a39ca428a447579bc051d541961f53025256c569e25bc0,exact_group,exact,1
ral_2026_general_066_007,rd_2026_general_revenue_13_01_01_31_02_3595200000,2026_general_expenditure_03_01_01_03_92,2026_general_expenditure_03_01_01,general,生活困窮者自立促進支援事業,生活困窮者自立促進支援事業,359,66,125,matched,page_and_exact_name,not_available,,r8tousyoyosanallpage.pdf,"2 被保護者就労支援事業費(自立促進)(保健福祉政策部) 15,562
充当事業:生活困窮者自立促進支援事業・P359",target_page_account_and_exact_name_unique;page_offset=2,bpi_8e78b4300e3721219224ec405cc4afb7ac5cddccc085bca5669a671b66611c6b,exact_group,exact,1
ral_2026_general_066_008,rd_2026_general_revenue_13_01_01_31_06_3595200000,2026_general_expenditure_03_01_01_03_83,2026_general_expenditure_03_01_01,general,住宅手当緊急特別措置事業,住宅手当緊急特別措置事業,359,66,125,matched,page_and_exact_name,not_available,,r8tousyoyosanallpage.pdf,"6 生活困窮者住居確保給付金(保健福祉政策部) 12,655
充当事業:住宅手当緊急特別措置事業・P359",target_page_account_and_exact_name_unique;page_offset=2,bpi_089a00966b0f4c20fbc57d45c0cfc53a705b6e1c52172b20e2208c12d311e0a7,exact_group,exact,1
ral_2026_general_066_009,rd_2026_general_revenue_13_01_01_31_07_3595110000,2026_general_expenditure_09_01_03_01_15,2026_general_expenditure_09_01_03,general,会計年度任用職員の人件費(保健福祉政策部),会計年度任用職員の人件費（保健福祉政策部）,467,66,125,matched,page_and_normalized_name,not_available,,r8tousyoyosanallpage.pdf,"7 被保護者就労支援事業費(生保事務)(保健福祉政策部) 17,865
充当事業:会計年度任用職員の人件費(保健福祉政策部)・P467",target_page_account_and_nfkc_name_unique;page_offset=0,bpi_b9f1165f165cc6c8a854899bb8a10556c041f2a5f248c866e36eadfd1f138699,exact_group,exact,1
ral_2026_general_066_010,rd_2026_general_revenue_13_01_01_31_08_3595110000,2026_general_expenditure_09_01_03_01_15,2026_general_expenditure_09_01_03,general,会計年度任用職員の人件費(保健福祉政策部),会計年度任用職員の人件費（保健福祉政策部）,467,66,125,matched,page_and_normalized_name,not_available,,r8tousyoyosanallpage.pdf,"8 生活困窮者自立相談支援事業費(保健福祉政策部) 7,557
充当事業:会計年度任用職員の人件費(保健福祉政策部)・P467",target_page_account_and_nfkc_name_unique;page_offset=0,bpi_b9f1165f165cc6c8a854899bb8a10556c041f2a5f248c866e36eadfd1f138699,exact_group,exact,1
ral_2026_general_066_011,rd_2026_general_revenue_13_01_01_31_09_3595200000,2026_general_expenditure_03_03_01_01_01,2026_general_expenditure_03_03_01,general,生活保護法施行事務,生活保護法施行事務,387,66,125,matched,page_and_exact_name,not_available,,r8tousyoyosanallpage.pdf,"9 被保護者健康管理支援事業費(保健福祉政策部) 43,914
充当事業:生活保護法施行事務・P387",target_page_account_and_exact_name_unique;page_offset=0,bpi_4ad8bd8a05fbb52656a39ca428a447579bc051d541961f53025256c569e25bc0,exact_group,exact,1
ral_2026_general_066_012,rd_2026_general_revenue_13_01_01_33_01_3665580000,2026_general_expenditure_03_02_03_01_03,2026_general_expenditure_03_02_03,general,私立保育園運営,私立保育園運営,381,66,125,matched,page_and_exact_name,not_available,,r8tousyoyosanallpage.pdf,"1 私立保育園(子ども・若者部) 11,736,952
充当事業:私立保育園運営・P381",target_page_account_and_exact_name_unique;page_offset=0,bpi_19bacff6a2545c8ca7b835bb3f9f0a08d490992ea139a5070f3506ef5067a441,exact_group,exact,1
ral_2026_general_066_013,rd_2026_general_revenue_13_01_01_34_01_3665580000,2026_general_expenditure_03_02_03_01_13,2026_general_expenditure_03_02_03,general,認定こども園運営,認定こども園運営,381,66,125,matched,page_and_exact_name,not_available,,r8tousyoyosanallpage.pdf,"1 幼稚園型(子ども・若者部) 57,147
充当事業:認定こども園運営・P381",target_page_account_and_exact_name_unique;page_offset=0,bpi_85cf890e8ddb0fc6f130ed8798b6f4e11a89dbc34309b8558ae7a8731ac2ce01,exact_group,exact,1
ral_2026_general_066_014,rd_2026_general_revenue_13_01_01_34_02_3665580000,2026_general_expenditure_03_02_03_01_13,2026_general_expenditure_03_02_03,general,認定こども園運営,認定こども園運営,381,66,125,matched,page_and_exact_name,not_available,,r8tousyoyosanallpage.pdf,"2 幼保連携型(子ども・若者部) 469,546
充当事業:認定こども園運営・P381",target_page_account_and_exact_name_unique;page_offset=0,bpi_85cf890e8ddb0fc6f130ed8798b6f4e11a89dbc34309b8558ae7a8731ac2ce01,exact_group,exact,1
ral_2026_general_066_015,rd_2026_general_revenue_13_01_01_35_01_3665580000,2026_general_expenditure_03_02_03_01_14,2026_general_expenditure_03_02_03,general,特定地域型保育事業,特定地域型保育事業,381,66,125,matched,page_and_exact_name,not_available,,r8tousyoyosanallpage.pdf,"1 小規模保育事業(子ども・若者部) 657,488
充当事業:特定地域型保育事業・P381",target_page_account_and_exact_name_unique;page_offset=0,bpi_c3e09b21d66c0c25400cd650444267d7b9c41a6ce0b4edc5d4c60f63e57a1027,exact_group,exact,1
ral_2026_general_066_016,rd_2026_general_revenue_13_01_01_35_02_3665580000,2026_general_expenditure_03_02_03_01_14,2026_general_expenditure_03_02_03,general,特定地域型保育事業,特定地域型保育事業,381,66,125,matched,page_and_exact_name,not_available,,r8tousyoyosanallpage.pdf,"2 家庭的保育事業(子ども・若者部) 110,882
充当事業:特定地域型保育事業・P381",target_page_account_and_exact_name_unique;page_offset=0,bpi_c3e09b21d66c0c25400cd650444267d7b9c41a6ce0b4edc5d4c60f63e57a1027,exact_group,exact,1
ral_2026_general_066_017,rd_2026_general_revenue_13_01_01_35_03_3665580000,2026_general_expenditure_03_02_03_01_14,2026_general_expenditure_03_02_03,general,特定地域型保育事業,特定地域型保育事業,381,66,125,matched,page_and_exact_name,not_available,,r8tousyoyosanallpage.pdf,"3 居宅訪問型保育事業(子ども・若者部) 42,236
充当事業:特定地域型保育事業・P381",target_page_account_and_exact_name_unique;page_offset=0,bpi_c3e09b21d66c0c25400cd650444267d7b9c41a6ce0b4edc5d4c60f63e57a1027,exact_group,exact,1
ral_2026_general_066_018,rd_2026_general_revenue_13_01_01_35_04_3665580000,2026_general_expenditure_03_02_03_01_14,2026_general_expenditure_03_02_03,general,特定地域型保育事業,特定地域型保育事業,381,66,125,matched,page_and_exact_name,not_available,,r8tousyoyosanallpage.pdf,"4 事業所内保育事業(子ども・若者部) 57,291
充当事業:特定地域型保育事業・P381",target_page_account_and_exact_name_unique;page_offset=0,bpi_c3e09b21d66c0c25400cd650444267d7b9c41a6ce0b4edc5d4c60f63e57a1027,exact_group,exact,1
ral_2026_general_067_001,rd_2026_general_revenue_13_01_01_38_01_3665580000,2026_general_expenditure_03_02_01_01_71,2026_general_expenditure_03_02_01,general,私立幼稚園施設型給付,私立幼稚園施設型給付,377,67,127,matched,page_and_exact_name,not_available,,r8tousyoyosanallpage.pdf,"1 私立幼稚園(子ども・若者部) 257,971
充当事業:私立幼稚園施設型給付・P377",target_page_account_and_exact_name_unique;page_offset=2,bpi_67660d63f419537db5975a7e0a2382f9c8f13833c98bad257f02c75536ce9600,exact_group,exact,1
ral_2026_general_067_002,rd_2026_general_revenue_13_01_01_40_01_3665590000,2026_general_expenditure_03_02_01_01_11,2026_general_expenditure_03_02_01,general,保育料負担軽減補助,保育料負担軽減補助,375,67,127,matched,page_and_exact_name,not_available,,r8tousyoyosanallpage.pdf,"1 認可外保育施設分(子ども・若者部) 326,178
充当事業:保育料負担軽減補助・P375",target_page_account_and_exact_name_unique;page_offset=0,bpi_f54fe13212d6851386a6b4e64de6d4c79f4d43c64183365c6c7c1e5617fcf8b1,exact_group,exact,1
ral_2026_general_067_003,rd_2026_general_revenue_13_01_01_40_02_3665580000,2026_general_expenditure_03_02_01_01_71,2026_general_expenditure_03_02_01,general,私立幼稚園施設型給付,私立幼稚園施設型給付,377,67,127,matched,page_and_exact_name,not_available,,r8tousyoyosanallpage.pdf,"2 預かり保育(私立幼稚園(施設型給付))(子ども・若者部) 4,326
充当事業:私立幼稚園施設型給付・P377",target_page_account_and_exact_name_unique;page_offset=2,bpi_67660d63f419537db5975a7e0a2382f9c8f13833c98bad257f02c75536ce9600,exact_group,exact,1
ral_2026_general_067_004,rd_2026_general_revenue_13_01_01_40_03_3665580000,2026_general_expenditure_03_02_03_01_13,2026_general_expenditure_03_02_03,general,認定こども園運営,認定こども園運営,381,67,127,matched,page_and_exact_name,not_available,,r8tousyoyosanallpage.pdf,"3 預かり保育(認定こども園)(子ども・若者部) 6,684
充当事業:認定こども園運営・P381",target_page_account_and_exact_name_unique;page_offset=0,bpi_85cf890e8ddb0fc6f130ed8798b6f4e11a89dbc34309b8558ae7a8731ac2ce01,exact_group,exact,1
ral_2026_general_067_005,rd_2026_general_revenue_13_01_01_40_05_3665150000,2026_general_expenditure_02_01_01_01_10,2026_general_expenditure_02_01_01,general,私立幼稚園指導助成,私立幼稚園指導助成,317,67,127,matched,page_and_exact_name,not_available,,r8tousyoyosanallpage.pdf,"5 預かり保育(私立幼稚園)(子ども・若者部) 49,211
充当事業:私立幼稚園指導助成・P317",target_page_account_and_exact_name_unique;page_offset=0,bpi_e640b3411585bc3a7b66cbbaad0d8f82314e4a7c5ca6dcaf0e277b5cbeee33d9,exact_group,exact,1
ral_2026_general_067_006,rd_2026_general_revenue_13_01_01_40_08_3665150000,2026_general_expenditure_08_01_04_02_01,2026_general_expenditure_08_01_04,general,私立幼稚園施設等利用給付,私立幼稚園施設等利用給付,447,67,127,matched,page_and_exact_name,not_available,,r8tousyoyosanallpage.pdf,"8 私立幼稚園(子ども・若者部) 823,679
充当事業:私立幼稚園施設等利用給付・P447",target_page_account_and_exact_name_unique;page_offset=0,bpi_7fc474cb88c61f73194838556c1c41e8ecf1b4f938492a04fb780e0b86e8deb2,exact_group,exact,1
ral_2026_general_067_007,rd_2026_general_revenue_13_01_01_41_01_3665570000,2026_general_expenditure_03_01_03_04_22,2026_general_expenditure_03_01_03,general,障害児入所給付費,障害児入所給付費,369,67,127,matched,page_and_exact_name,not_available,,r8tousyoyosanallpage.pdf,"1 障害児入所施設措置費(子ども・若者部) 33,786
充当事業:障害児入所給付費・P369",target_page_account_and_exact_name_unique;page_offset=2,bpi_d71c3214aaa2b06dc95207d34ea7b6f0d455da6e824cc226d96e7114f81638d5,exact_group,exact,1
ral_2026_general_067_008,rd_2026_general_revenue_13_01_01_43_02_3695150000,2026_general_expenditure_03_02_13_01_02,2026_general_expenditure_03_02_13,general,児童相談所運営,児童相談所運営,385,67,127,matched,page_and_exact_name,not_available,,r8tousyoyosanallpage.pdf,"2 児童相談所運営(児童相談所) 27,532
充当事業:児童相談所運営・P385",target_page_account_and_exact_name_unique;page_offset=0,bpi_9ce68288146421160d150f61736011a92a8522f802ee0559b3e9a2fafbaa21da,exact_group,exact,1
ral_2026_general_067_009,rd_2026_general_revenue_13_01_01_43_03_3695200000,2026_general_expenditure_03_02_13_01_03,2026_general_expenditure_03_02_13,general,一時保護所運営,一時保護所運営,385,67,127,matched,page_and_exact_name,not_available,,r8tousyoyosanallpage.pdf,"3 一時保護所運営(児童相談所) 57,526
充当事業:一時保護所運営・P385",target_page_account_and_exact_name_unique;page_offset=0,bpi_fc60bc95c3bffd8dff1a88c4f6aa8db1a51fbd09526f8780f3129c482980bd34,exact_group,exact,1
ral_2026_general_067_010,rd_2026_general_revenue_13_01_01_43_03_3695200000,2026_general_expenditure_09_01_03_01_19,2026_general_expenditure_09_01_03,general,会計年度任用職員の人件費(児童相談所),会計年度任用職員の人件費（児童相談所）,469,67,127,matched,page_and_normalized_name,not_available,,r8tousyoyosanallpage.pdf,"3 一時保護所運営(児童相談所) 57,526
充当事業:会計年度任用職員の人件費(児童相談所)・P469",target_page_account_and_nfkc_name_unique;page_offset=2,bpi_abbd17f8fda03037d67a0c443732282df2af2dadfa3166b668a4dab9be8a79b0,exact_group,exact,1
ral_2026_general_067_011,rd_2026_general_revenue_13_01_01_44_01_3665570000,2026_general_expenditure_03_02_13_02_01,2026_general_expenditure_03_02_13,general,児童福祉施設等への措置費支弁,児童福祉施設等への措置費支弁,385,67,127,matched,page_and_exact_name,not_available,,r8tousyoyosanallpage.pdf,"1 児童福祉施設等措置費(子ども・若者部) 674,932
充当事業:児童福祉施設等への措置費支弁・P385",target_page_account_and_exact_name_unique;page_offset=0,bpi_4c3083c58caa1619bc11622992fe0e9047bbddad2650a670388ce07da10f2704,exact_group,exact,1
ral_2026_general_067_012,rd_2026_general_revenue_13_01_01_44_02_3695150000,2026_general_expenditure_03_02_13_01_02,2026_general_expenditure_03_02_13,general,児童相談所運営,児童相談所運営,385,67,127,matched,page_and_exact_name,not_available,,r8tousyoyosanallpage.pdf,"2 児童相談所運営(児童相談所) 35,084
充当事業:児童相談所運営・P385",target_page_account_and_exact_name_unique;page_offset=0,bpi_9ce68288146421160d150f61736011a92a8522f802ee0559b3e9a2fafbaa21da,exact_group,exact,1
ral_2026_general_067_013,rd_2026_general_revenue_13_01_01_44_03_3665570000,2026_general_expenditure_03_02_13_03_01,2026_general_expenditure_03_02_13,general,家庭養育の推進,家庭養育の推進,385,67,127,matched,page_and_exact_name,not_available,,r8tousyoyosanallpage.pdf,"3 家庭養育の推進(子ども・若者部) 43,131
充当事業:家庭養育の推進・P385",target_page_account_and_exact_name_unique;page_offset=0,bpi_a80f3aca602e6b276212fec3bb748fee3330717a619f89a48ded34456781d0b1,exact_group,exact,1
ral_2026_general_067_014,rd_2026_general_revenue_13_01_01_44_04_3665570000,2026_general_expenditure_03_02_13_03_04,2026_general_expenditure_03_02_13,general,児童相談所が関わる子どもの権利擁護,児童相談所が関わる子どもの権利擁護,385,67,127,matched,page_and_exact_name,not_available,,r8tousyoyosanallpage.pdf,"4 事務費(第三者評価)(子ども・若者部) 314
充当事業:児童相談所が関わる子どもの権利擁護・P385",target_page_account_and_exact_name_unique;page_offset=0,bpi_a1d3160c1de4ce9f16d944ec6a67a08125c89de4773eb535dd767517c1a33cb5,exact_group,exact,1
ral_2026_general_067_015,rd_2026_general_revenue_13_01_01_45_01_3595200000,2026_general_expenditure_03_01_01_03_92,2026_general_expenditure_03_01_01,general,生活困窮者自立促進支援事業,生活困窮者自立促進支援事業,359,67,127,matched,page_and_exact_name,not_available,,r8tousyoyosanallpage.pdf,"1 生活困窮者自立相談支援事業費(保健福祉政策部) 162,148
充当事業:生活困窮者自立促進支援事業・P359",target_page_account_and_exact_name_unique;page_offset=2,bpi_8e78b4300e3721219224ec405cc4afb7ac5cddccc085bca5669a671b66611c6b,exact_group,exact,1
ral_2026_general_067_016,rd_2026_general_revenue_13_01_01_45_02_3595200000,2026_general_expenditure_03_01_01_03_83,2026_general_expenditure_03_01_01,general,住宅手当緊急特別措置事業,住宅手当緊急特別措置事業,359,67,127,matched,page_and_exact_name,not_available,,r8tousyoyosanallpage.pdf,"2 生活困窮者自立相談支援事業費(住宅確保)(保健福祉政策部) 22,348
充当事業:住宅手当緊急特別措置事業・P359",target_page_account_and_exact_name_unique;page_offset=2,bpi_089a00966b0f4c20fbc57d45c0cfc53a705b6e1c52172b20e2208c12d311e0a7,exact_group,exact,1
ral_2026_general_067_017,rd_2026_general_revenue_13_01_01_45_04_3595200000,2026_general_expenditure_03_01_01_06_21,2026_general_expenditure_03_01_01,general,ひきこもり対策,ひきこもり対策,361,67,127,matched,page_and_exact_name,not_available,,r8tousyoyosanallpage.pdf,"4 生活困窮者自立相談支援事業費(保健福祉政策部) 28,480
充当事業:ひきこもり対策・P361",target_page_account_and_exact_name_unique;page_offset=4,bpi_58995cec2dd99a6ad5fb4331cc06bf33677954681bdf66df79c30f911d65a868,exact_group,exact,1
ral_2026_general_067_018,rd_2026_general_revenue_13_01_01_45_05_3595110000,2026_general_expenditure_09_01_03_01_15,2026_general_expenditure_09_01_03,general,会計年度任用職員の人件費(保健福祉政策部),会計年度任用職員の人件費（保健福祉政策部）,467,67,127,matched,page_and_normalized_name,not_available,,r8tousyoyosanallpage.pdf,"5 生活困窮者自立相談支援事業費(会計年度任用職員人件費)(保健福祉政策部) 11,497
充当事業:会計年度任用職員の人件費(保健福祉政策部)・P467",target_page_account_and_nfkc_name_unique;page_offset=0,bpi_b9f1165f165cc6c8a854899bb8a10556c041f2a5f248c866e36eadfd1f138699,exact_group,exact,1
ral_2026_general_068_001,rd_2026_general_revenue_13_01_01_46_01_3595400000,2026_general_expenditure_03_01_01_04_02,2026_general_expenditure_03_01_01,general,国民健康保険事業会計繰出金,国民健康保険事業会計繰出金,361,68,129,matched,page_and_exact_name,not_available,,r8tousyoyosanallpage.pdf,"1 国民健康保険(保健福祉政策部) 33,663
充当事業:国民健康保険事業会計繰出金・P361",target_page_account_and_exact_name_unique;page_offset=4,bpi_5f7e8094a7f7be9aa37f3cfc8805beb25f9a62a0c10da09f41875c7ac180ee3a,exact_group,exact,1
ral_2026_general_068_002,rd_2026_general_revenue_13_01_01_47_01_3595400000,2026_general_expenditure_03_01_01_04_02,2026_general_expenditure_03_01_01,general,国民健康保険事業会計繰出金,国民健康保険事業会計繰出金,361,68,129,matched,page_and_exact_name,not_available,,r8tousyoyosanallpage.pdf,"1 国民健康保険(保健福祉政策部) 21,463
充当事業:国民健康保険事業会計繰出金・P361",target_page_account_and_exact_name_unique;page_offset=4,bpi_5f7e8094a7f7be9aa37f3cfc8805beb25f9a62a0c10da09f41875c7ac180ee3a,exact_group,exact,1
ral_2026_general_068_003,rd_2026_general_revenue_13_01_01_48_02_3665150000,2026_general_expenditure_02_01_01_01_29,2026_general_expenditure_02_01_01,general,こども誰でも通園制度,こども誰でも通園制度,317,68,129,matched,page_and_exact_name,not_available,,r8tousyoyosanallpage.pdf,"2 私立幼稚園(こども誰でも通園制度)(子ども・若者部) 623
充当事業:こども誰でも通園制度・P317",target_page_account_and_exact_name_unique;page_offset=0,bpi_9191ca3ce125f46a4f691cbbee2210ee57898959123f4b4cfdd6c8228aacee80,exact_group,exact,1
ral_2026_general_068_004,rd_2026_general_revenue_13_01_01_49_01_3665580000,2026_general_expenditure_03_02_01_01_38,2026_general_expenditure_03_02_01,general,認可保育施設等の一時預かり事業の推進,認可保育施設等の一時預かり事業の推進,377,68,129,matched,page_and_exact_name,not_available,,r8tousyoyosanallpage.pdf,"1 私立幼稚園施設型給付(子ども・若者部) 364
充当事業:認可保育施設等の一時預かり事業の推進・P377",target_page_account_and_exact_name_unique;page_offset=2,bpi_cfd43136e9ab8956cee74c3a6a0a6683b01e852b3a0be5c71df3b7da0b8c6209,exact_group,exact,1
ral_2026_general_068_005,rd_2026_general_revenue_13_01_01_50_01_3665580000,2026_general_expenditure_03_02_01_01_38,2026_general_expenditure_03_02_01,general,認可保育施設等の一時預かり事業の推進,認可保育施設等の一時預かり事業の推進,377,68,129,matched,page_and_exact_name,not_available,,r8tousyoyosanallpage.pdf,"1 私立保育園(子ども・若者部) 7,704
充当事業:認可保育施設等の一時預かり事業の推進・P377",target_page_account_and_exact_name_unique;page_offset=2,bpi_cfd43136e9ab8956cee74c3a6a0a6683b01e852b3a0be5c71df3b7da0b8c6209,exact_group,exact,1
ral_2026_general_068_006,rd_2026_general_revenue_13_01_01_51_01_3665580000,2026_general_expenditure_03_02_01_01_38,2026_general_expenditure_03_02_01,general,認可保育施設等の一時預かり事業の推進,認可保育施設等の一時預かり事業の推進,377,68,129,matched,page_and_exact_name,not_available,,r8tousyoyosanallpage.pdf,"1 認定こども園(子ども・若者部) 335
充当事業:認可保育施設等の一時預かり事業の推進・P377",target_page_account_and_exact_name_unique;page_offset=2,bpi_cfd43136e9ab8956cee74c3a6a0a6683b01e852b3a0be5c71df3b7da0b8c6209,exact_group,exact,1
ral_2026_general_068_007,rd_2026_general_revenue_13_01_01_52_01_3665580000,2026_general_expenditure_03_02_01_01_38,2026_general_expenditure_03_02_01,general,認可保育施設等の一時預かり事業の推進,認可保育施設等の一時預かり事業の推進,377,68,129,matched,page_and_exact_name,not_available,,r8tousyoyosanallpage.pdf,"1 特定地域型保育事業(子ども・若者部) 2,679
充当事業:認可保育施設等の一時預かり事業の推進・P377",target_page_account_and_exact_name_unique;page_offset=2,bpi_cfd43136e9ab8956cee74c3a6a0a6683b01e852b3a0be5c71df3b7da0b8c6209,exact_group,exact,1
ral_2026_general_068_008,rd_2026_general_revenue_13_01_01_53_01_3665590000,2026_general_expenditure_03_02_01_01_36,2026_general_expenditure_03_02_01,general,認可外保育施設の一時預かり事業の推進,認可外保育施設の一時預かり事業の推進,377,68,129,matched,page_and_exact_name,not_available,,r8tousyoyosanallpage.pdf,"1 認証保育所(子ども・若者部) 8,424
充当事業:認可外保育施設の一時預かり事業の推進・P377",target_page_account_and_exact_name_unique;page_offset=2,bpi_91f966c1dccf8dd2c999fc417a9154eeba3870705893b183fc40bd80030c615d,exact_group,exact,1
ral_2026_general_068_009,rd_2026_general_revenue_13_01_02_04_04_3785250000,2026_general_expenditure_05_03_07_03_01,2026_general_expenditure_05_03_07,general,結核対策,結核対策,407,68,129,matched,page_and_exact_name,not_available,,r8tousyoyosanallpage.pdf,"4 結核医療費公費負担(世田谷保健所) 8,545
充当事業:結核対策・P407",target_page_account_and_exact_name_unique;page_offset=0,bpi_5c98b6d127a5df2466f60b34c135019e133145be2ed4cdcfda7517a9e5a8f66c,exact_group,exact,1
ral_2026_general_068_010,rd_2026_general_revenue_13_01_02_04_05_3785250000,2026_general_expenditure_05_03_07_03_01,2026_general_expenditure_05_03_07,general,結核対策,結核対策,407,68,129,matched,page_and_exact_name,not_available,,r8tousyoyosanallpage.pdf,"5 結核予防対策事業(世田谷保健所) 2,964
充当事業:結核対策・P407",target_page_account_and_exact_name_unique;page_offset=0,bpi_5c98b6d127a5df2466f60b34c135019e133145be2ed4cdcfda7517a9e5a8f66c,exact_group,exact,1
ral_2026_general_068_011,rd_2026_general_revenue_13_01_02_06_03_3785200000,2026_general_expenditure_05_03_05_01_11,2026_general_expenditure_05_03_05,general,未熟児等に対する医療費公費負担,未熟児等に対する医療費公費負担,405,68,129,matched,page_and_exact_name,not_available,,r8tousyoyosanallpage.pdf,"3 医療費公費負担(世田谷保健所) 10,205
充当事業:未熟児等に対する医療費公費負担・P405",target_page_account_and_exact_name_unique;page_offset=0,bpi_93a8628e5dd7edeb020fece4d5aa9441bac352d61396d154e25932db053b8e68,exact_group,exact,1
ral_2026_general_068_012,rd_2026_general_revenue_13_01_02_07_01_3785250000,2026_general_expenditure_05_03_07_01_01,2026_general_expenditure_05_03_07,general,感染症対策,感染症対策,407,68,129,matched,page_and_exact_name,not_available,,r8tousyoyosanallpage.pdf,"1 感染症対策(世田谷保健所) 739
充当事業:感染症対策・P407",target_page_account_and_exact_name_unique;page_offset=0,bpi_62f1dddc29b8cddd4063da64d35288ca2207c2cfa6544bd8d7e43189f101bbc9,exact_group,exact,1
ral_2026_general_068_013,rd_2026_general_revenue_13_01_02_07_03_3785100000,2026_general_expenditure_05_04_01_01_03,2026_general_expenditure_05_04_01,general,細菌検査事業運営,細菌検査事業運営,409,68,129,matched,page_and_exact_name,not_available,,r8tousyoyosanallpage.pdf,"3 細菌等検査用備品(世田谷保健所) 1,250
充当事業:細菌検査事業運営・P409",target_page_account_and_exact_name_unique;page_offset=0,bpi_d4198eb6cee49764708c537222845bd3240194ad9d44194da7c7c1385d605afe,exact_group,exact,1
ral_2026_general_068_014,rd_2026_general_revenue_13_01_02_07_06_3785250000,2026_general_expenditure_05_03_07_01_01,2026_general_expenditure_05_03_07,general,感染症対策,感染症対策,407,68,129,matched,page_and_exact_name,not_available,,r8tousyoyosanallpage.pdf,"6 感染症対策(新型コロナウイルス感染症)(世田谷保健所) 1,650
充当事業:感染症対策・P407",target_page_account_and_exact_name_unique;page_offset=0,bpi_62f1dddc29b8cddd4063da64d35288ca2207c2cfa6544bd8d7e43189f101bbc9,exact_group,exact,1
ral_2026_general_069_001,rd_2026_general_revenue_13_01_02_07_07_3785700000,2026_general_expenditure_05_04_01_01_06,2026_general_expenditure_05_04_01,general,鼠・害虫相談・水害消毒,鼠・害虫相談・水害消毒,409,69,131,matched,page_and_exact_name,not_available,,r8tousyoyosanallpage.pdf,"7 感染症対策(施設等消毒事業)(世田谷保健所) 1,127
充当事業:鼠・害虫相談・水害消毒・P409",target_page_account_and_exact_name_unique;page_offset=0,bpi_0a5eab774d65273d2f554b2aba95c28982bad3a59f5e9c411166e88e4867ff90,exact_group,exact,1
ral_2026_general_069_002,rd_2026_general_revenue_13_01_02_07_08_3785100000,2026_general_expenditure_05_04_01_01_03,2026_general_expenditure_05_04_01,general,細菌検査事業運営,細菌検査事業運営,409,69,131,matched,page_and_exact_name,not_available,,r8tousyoyosanallpage.pdf,"8 細菌等検査(世田谷保健所) 32
充当事業:細菌検査事業運営・P409",target_page_account_and_exact_name_unique;page_offset=0,bpi_d4198eb6cee49764708c537222845bd3240194ad9d44194da7c7c1385d605afe,exact_group,exact,1
ral_2026_general_069_003,rd_2026_general_revenue_13_01_02_07_09_3785100000,2026_general_expenditure_05_04_01_01_01,2026_general_expenditure_05_04_01,general,臨床検査事業運営,臨床検査事業運営,409,69,131,matched,page_and_exact_name,not_available,,r8tousyoyosanallpage.pdf,"9 臨床検査(世田谷保健所) 920
充当事業:臨床検査事業運営・P409",target_page_account_and_exact_name_unique;page_offset=0,bpi_1eda6e90e9f333dabbc832997f5293334d4f3b85ccd4505e3bd05cb8bc3342d5,exact_group,exact,1
ral_2026_general_069_004,rd_2026_general_revenue_13_01_02_08_01_3785200000,2026_general_expenditure_05_03_05_01_11,2026_general_expenditure_05_03_05,general,未熟児等に対する医療費公費負担,未熟児等に対する医療費公費負担,405,69,131,matched,page_and_exact_name,not_available,,r8tousyoyosanallpage.pdf,"1 育成医療(世田谷保健所) 121
充当事業:未熟児等に対する医療費公費負担・P405",target_page_account_and_exact_name_unique;page_offset=0,bpi_93a8628e5dd7edeb020fece4d5aa9441bac352d61396d154e25932db053b8e68,exact_group,exact,1
ral_2026_general_069_005,rd_2026_general_revenue_13_01_02_09_01_3785250000,2026_general_expenditure_05_03_05_01_16,2026_general_expenditure_05_03_05,general,小児慢性特定疾病医療費給付,小児慢性特定疾病医療費給付,405,69,131,matched,page_and_exact_name,not_available,,r8tousyoyosanallpage.pdf,"1 小児慢性特定疾病医療費(世田谷保健所) 104,735
充当事業:小児慢性特定疾病医療費給付・P405",target_page_account_and_exact_name_unique;page_offset=0,bpi_3f03d32792476d76955fbfc7fb00a11d81c205d3b810e0f9cb58487821cc1277,exact_group,exact,1
ral_2026_general_069_006,rd_2026_general_revenue_13_01_02_10_01_3785250000,2026_general_expenditure_05_03_05_01_16,2026_general_expenditure_05_03_05,general,小児慢性特定疾病医療費給付,小児慢性特定疾病医療費給付,405,69,131,matched,page_and_exact_name,not_available,,r8tousyoyosanallpage.pdf,"1 小児慢性特定疾病児童等自立支援事業(世田谷保健所) 449
充当事業:小児慢性特定疾病医療費給付・P405",target_page_account_and_exact_name_unique;page_offset=0,bpi_3f03d32792476d76955fbfc7fb00a11d81c205d3b810e0f9cb58487821cc1277,exact_group,exact,1
ral_2026_general_069_007,rd_2026_general_revenue_13_01_02_11_06_3785250000,2026_general_expenditure_05_03_07_02_10,2026_general_expenditure_05_03_07,general,高齢者新型コロナ予防接種,高齢者新型コロナ予防接種,407,69,131,matched,page_and_exact_name,not_available,,r8tousyoyosanallpage.pdf,"6 新型コロナウイルス予防接種健康被害給付費負担金(世田谷保健所) 253,336
充当事業:高齢者新型コロナ予防接種・P407",target_page_account_and_exact_name_unique;page_offset=0,bpi_0c682bc161ab72104116c54b21aa13f921c1b265e7d80cba018b68f9b459f5a8,exact_group,exact,1
ral_2026_general_069_008,rd_2026_general_revenue_13_01_03_03_01_4985400000,2026_general_expenditure_08_05_01_01_04,2026_general_expenditure_08_05_01,general,区立幼稚園預かり保育事業,区立幼稚園預かり保育事業,457,69,131,matched,page_and_exact_name,not_available,,r8tousyoyosanallpage.pdf,"1 預かり保育(区立幼稚園)(教育委員会事務局) 2,094
充当事業:区立幼稚園預かり保育事業・P457",target_page_account_and_exact_name_unique;page_offset=0,bpi_4ac918ad7e35afaece6bfc4de48c320eeb20df357909d1e79174ea231e9d7d9c,exact_group,exact,1
ral_2026_general_070_001,rd_2026_general_revenue_13_02_01_09_22_3655100000,2026_general_expenditure_03_01_03_03_07,2026_general_expenditure_03_01_03,general,障害者日常生活用具等給付,障害者日常生活用具等給付,367,70,133,matched,page_and_exact_name,not_available,,r8tousyoyosanallpage.pdf,"22 小児慢性特定疾病児童日常生活用具給付(障害福祉部) 131
充当事業:障害者日常生活用具等給付・P367",target_page_account_and_exact_name_unique;page_offset=0,bpi_2a5de5c23ed57145e5333153c170ea8b77cb637794705a22748cf3eddb0259ea,exact_group,exact,1
ral_2026_general_070_002,rd_2026_general_revenue_13_02_01_23_03_3665200000,2026_general_expenditure_03_02_12_01_04,2026_general_expenditure_03_02_12,general,児童施設改修,児童施設改修,383,70,133,matched,page_and_exact_name,not_available,,r8tousyoyosanallpage.pdf,"3 児童施設改修工事(子ども・若者部) 14,972
充当事業:児童施設改修・P383",target_page_account_and_exact_name_unique;page_offset=0,bpi_d3a5e1ff660b0483f731b53080e8b28f455ae051ff6634a18afb97116f24fb9d,exact_group,exact,1
ral_2026_general_070_003,rd_2026_general_revenue_13_02_01_23_10_3665570000,2026_general_expenditure_03_02_13_03_02,2026_general_expenditure_03_02_13,general,児童養護施設等の体制強化事業,児童養護施設等の体制強化事業,385,70,133,matched,page_and_exact_name,not_available,,r8tousyoyosanallpage.pdf,"10 児童養護施設等整備費(子ども・若者部) 17,143
充当事業:児童養護施設等の体制強化事業・P385",target_page_account_and_exact_name_unique;page_offset=0,bpi_75b30aa8433aef837e3792c6df8ff7894421d482b3c266df0eb501a4f395164b,exact_group,exact,1
ral_2026_general_070_004,rd_2026_general_revenue_13_02_01_23_22_3665150000,2026_general_expenditure_03_02_01_01_80,2026_general_expenditure_03_02_01,general,子ども・子育て総合センター改修,子ども・子育て総合センター改修,379,70,133,matched,page_and_exact_name,not_available,,r8tousyoyosanallpage.pdf,"22 子ども・子育て総合センター改修(子ども・若者部) 3,488
充当事業:子ども・子育て総合センター改修・P379",target_page_account_and_exact_name_unique;page_offset=4,bpi_6c915bc0a6a80c6ac59646519e864b44e5a5bf7f1ef66b0a03781b9ab5db9b80,exact_group,exact,1
ral_2026_general_070_005,rd_2026_general_revenue_13_02_01_23_23_3665570000,2026_general_expenditure_03_02_13_03_03,2026_general_expenditure_03_02_13,general,児童養護施設における良好な家庭的環境の整備,児童養護施設における良好な家庭的環境の整備,385,70,133,matched,page_and_exact_name,not_available,,r8tousyoyosanallpage.pdf,"23 児童養護施設整備(子ども・若者部) 3,061
充当事業:児童養護施設における良好な家庭的環境の整備・P385",target_page_account_and_exact_name_unique;page_offset=0,bpi_1c45908bdacca70208ba97f767811402077ee2c36915f97e700a8590b08fc2da,exact_group,exact,1
ral_2026_general_070_006,rd_2026_general_revenue_13_02_01_28_02_3645100000,2026_general_expenditure_03_01_01_03_40,2026_general_expenditure_03_01_01,general,地域密着型サービス拠点等整備助成,地域密着型サービス拠点等整備助成,357,70,133,matched,page_and_exact_name,not_available,,r8tousyoyosanallpage.pdf,"2 地域密着型サービスの拠点整備(高齢福祉部) 38,650
充当事業:地域密着型サービス拠点等整備助成・P357",target_page_account_and_exact_name_unique;page_offset=0,bpi_b94acf74559d3eaf6ff1635ce5c4d363ea8c0aad316945afcdb4ddb4baa53c47,exact_group,exact,1
ral_2026_general_070_007,rd_2026_general_revenue_13_02_01_32_02_3655100000,2026_general_expenditure_03_01_03_02_02,2026_general_expenditure_03_01_03,general,障害者コミュニケーションサービス,障害者コミュニケーションサービス,367,70,133,matched,page_and_exact_name,not_available,,r8tousyoyosanallpage.pdf,"2 コミュニケーション支援(障害福祉部) 7,448
充当事業:障害者コミュニケーションサービス・P367",target_page_account_and_exact_name_unique;page_offset=0,bpi_4f9ad83f2b43b70781f8bf13d76a552839085b06c3395d02a12d7b5d58fe5898,exact_group,exact,1
ral_2026_general_070_008,rd_2026_general_revenue_13_02_01_32_03_3655100000,2026_general_expenditure_03_01_03_03_07,2026_general_expenditure_03_01_03,general,障害者日常生活用具等給付,障害者日常生活用具等給付,367,70,133,matched,page_and_exact_name,not_available,,r8tousyoyosanallpage.pdf,"3 日常生活用具給付(障害福祉部) 36,813
充当事業:障害者日常生活用具等給付・P367",target_page_account_and_exact_name_unique;page_offset=0,bpi_2a5de5c23ed57145e5333153c170ea8b77cb637794705a22748cf3eddb0259ea,exact_group,exact,1
ral_2026_general_070_009,rd_2026_general_revenue_13_02_01_32_08_3655100000,2026_general_expenditure_03_01_03_03_05,2026_general_expenditure_03_01_03,general,障害者入浴サービス,障害者入浴サービス,367,70,133,matched,page_and_exact_name,not_available,,r8tousyoyosanallpage.pdf,"8 訪問入浴サービス(障害福祉部) 15,293
充当事業:障害者入浴サービス・P367",target_page_account_and_exact_name_unique;page_offset=0,bpi_c5ea5af5346e53f2cb7d84cfaee1cf2ed42cfa57261fc96442c8ad18f9a96444,exact_group,exact,1
ral_2026_general_070_010,rd_2026_general_revenue_13_02_01_32_11_3065600000,2026_general_expenditure_02_01_02_01_03,2026_general_expenditure_02_01_02,general,区のおしらせ『せたがや』発行,区のおしらせ『せたがや』発行,319,70,133,matched,page_and_exact_name,not_available,,r8tousyoyosanallpage.pdf,"11 点字・声の広報(区のおしらせ)(政策経営部) 6,654
充当事業:区のおしらせ『せたがや』発行・P319",target_page_account_and_exact_name_unique;page_offset=0,bpi_6be01a354c49d1f568d25ef507acecf1c19daca25e56f35babc9a9cd1c75d545,exact_group,exact,1
ral_2026_general_070_011,rd_2026_general_revenue_13_02_01_32_12_3655100000,2026_general_expenditure_03_01_03_02_02,2026_general_expenditure_03_01_03,general,障害者コミュニケーションサービス,障害者コミュニケーションサービス,367,70,133,matched,page_and_exact_name,not_available,,r8tousyoyosanallpage.pdf,"12 奉仕員養成研修(障害福祉部) 2,381
充当事業:障害者コミュニケーションサービス・P367",target_page_account_and_exact_name_unique;page_offset=0,bpi_4f9ad83f2b43b70781f8bf13d76a552839085b06c3395d02a12d7b5d58fe5898,exact_group,exact,1
ral_2026_general_070_012,rd_2026_general_revenue_13_02_01_32_15_3655100000,2026_general_expenditure_03_01_03_03_09,2026_general_expenditure_03_01_03,general,障害者設備改善費給付,障害者設備改善費給付,367,70,133,matched,page_and_exact_name,not_available,,r8tousyoyosanallpage.pdf,"15 住宅改修(障害福祉部) 549
充当事業:障害者設備改善費給付・P367",target_page_account_and_exact_name_unique;page_offset=0,bpi_dbeb6ae858915eff98e09f6ac65509f2a196bc88a97284eddd0b5f57310b2a6b,exact_group,exact,1
ral_2026_general_070_013,rd_2026_general_revenue_13_02_01_32_16_5105100000,2026_general_expenditure_01_01_01_02_02,2026_general_expenditure_01_01_01,general,区議会広報活動,区議会広報活動,311,70,133,matched,page_and_exact_name,not_available,,r8tousyoyosanallpage.pdf,"16 声の広報(区議会だより)(区議会事務局) 763
充当事業:区議会広報活動・P311",target_page_account_and_exact_name_unique;page_offset=0,bpi_86a32a08be06c3b67e6347e816654ab2bc49c7c4b328d291d4017edf5b27af47,exact_group,exact,1
ral_2026_general_070_014,rd_2026_general_revenue_13_02_01_32_19_3655200000,2026_general_expenditure_03_01_16_03_05,2026_general_expenditure_03_01_16,general,障害者短期入所等事業,障害者短期入所等事業,371,70,133,matched,page_and_exact_name,not_available,,r8tousyoyosanallpage.pdf,"19 日中一時支援(短期入所)(障害福祉部) 3,724
充当事業:障害者短期入所等事業・P371",target_page_account_and_exact_name_unique;page_offset=2,bpi_6d4dcae0b0c2dd6f29b9aa89a75555f03c4c9a6a030f36453a05dc2227966192,exact_group,exact,1
ral_2026_general_070_015,rd_2026_general_revenue_13_02_01_32_22_3655100000,2026_general_expenditure_03_01_01_03_36,2026_general_expenditure_03_01_01,general,障害者サービス広報事業,障害者サービス広報事業,357,70,133,matched,page_and_exact_name,not_available,,r8tousyoyosanallpage.pdf,"22 点字・声の広報等発行事業(障害福祉部) 1,221
充当事業:障害者サービス広報事業・P357",target_page_account_and_exact_name_unique;page_offset=0,bpi_f1d920a449ca435023f84c5d79578e28e189e6d6e688ae734da9c937a7b3b0ae,exact_group,exact,1
ral_2026_general_070_016,rd_2026_general_revenue_13_02_01_32_27_3655200000,2026_general_expenditure_03_01_16_01_34,2026_general_expenditure_03_01_16,general,障害者自立体験等運営事業,障害者自立体験等運営事業,371,70,133,matched,page_and_exact_name,not_available,,r8tousyoyosanallpage.pdf,"27 居宅の確保(障害福祉部) 1,954
充当事業:障害者自立体験等運営事業・P371",target_page_account_and_exact_name_unique;page_offset=2,bpi_b8f1327febb9ab5bc0553cce3212760e002b7d952586aecbecd2479c78c66958,exact_group,exact,1
ral_2026_general_070_017,rd_2026_general_revenue_13_02_01_32_28_3655200000,2026_general_expenditure_03_01_16_01_34,2026_general_expenditure_03_01_16,general,障害者自立体験等運営事業,障害者自立体験等運営事業,371,70,133,matched,page_and_exact_name,not_available,,r8tousyoyosanallpage.pdf,"28 地域生活体験事業(障害福祉部) 2,350
充当事業:障害者自立体験等運営事業・P371",target_page_account_and_exact_name_unique;page_offset=2,bpi_b8f1327febb9ab5bc0553cce3212760e002b7d952586aecbecd2479c78c66958,exact_group,exact,1
ral_2026_general_070_018,rd_2026_general_revenue_13_02_01_32_33_3655100000,2026_general_expenditure_03_01_03_06_01,2026_general_expenditure_03_01_03,general,障害者自立支援給付,障害者自立支援給付,369,70,133,matched,page_and_exact_name,not_available,,r8tousyoyosanallpage.pdf,"33 福祉ホーム(障害福祉部) 1,129
充当事業:障害者自立支援給付・P369",target_page_account_and_exact_name_unique;page_offset=2,bpi_be7553f41733bb99a982ad78c0f0049f541fe54a9cecd4ab5b6af2973d55ff32,exact_group,exact,1
ral_2026_general_071_001,rd_2026_general_revenue_13_02_01_32_34_3655100000,2026_general_expenditure_03_01_03_06_01,2026_general_expenditure_03_01_03,general,障害者自立支援給付,障害者自立支援給付,369,71,135,matched,page_and_exact_name,not_available,,r8tousyoyosanallpage.pdf,"34 移動支援(障害福祉部) 214,129
充当事業:障害者自立支援給付・P369",target_page_account_and_exact_name_unique;page_offset=2,bpi_be7553f41733bb99a982ad78c0f0049f541fe54a9cecd4ab5b6af2973d55ff32,exact_group,exact,1
ral_2026_general_071_002,rd_2026_general_revenue_13_02_01_32_40_3655100000,2026_general_expenditure_03_01_03_04_14,2026_general_expenditure_03_01_03,general,障害理解促進,障害理解促進,367,71,135,matched,page_and_exact_name,not_available,,r8tousyoyosanallpage.pdf,"40 理解促進研修・啓発事業(障害理解促進事業)(障害福祉部) 855
充当事業:障害理解促進・P367",target_page_account_and_exact_name_unique;page_offset=0,bpi_74ef728f2b642d3487427b02347bc3262ff3e657c93600fd239841ecd547b517,exact_group,exact,1
ral_2026_general_071_003,rd_2026_general_revenue_13_02_01_32_41_3655200000,2026_general_expenditure_03_01_16_01_06,2026_general_expenditure_03_01_16,general,障害者授産事業,障害者授産事業,369,71,135,matched,page_and_exact_name,not_available,,r8tousyoyosanallpage.pdf,"41 理解促進研修・啓発事業(カタログリーフレット作成)(障害福祉部) 31
充当事業:障害者授産事業・P369",target_page_account_and_exact_name_unique;page_offset=0,bpi_ec45351d16bba62810ce70f3037ef5f13968d1c4830ea9ed8b1b32f9954d20d5,exact_group,exact,1
ral_2026_general_071_004,rd_2026_general_revenue_13_02_01_32_48_3655100000,2026_general_expenditure_03_01_03_02_02,2026_general_expenditure_03_01_03,general,障害者コミュニケーションサービス,障害者コミュニケーションサービス,367,71,135,matched,page_and_exact_name,not_available,,r8tousyoyosanallpage.pdf,"48 失語症者向け意思疎通支援者派遣事業(障害福祉部) 800
充当事業:障害者コミュニケーションサービス・P367",target_page_account_and_exact_name_unique;page_offset=0,bpi_4f9ad83f2b43b70781f8bf13d76a552839085b06c3395d02a12d7b5d58fe5898,exact_group,exact,1
ral_2026_general_071_005,rd_2026_general_revenue_13_02_01_32_49_3655100000,2026_general_expenditure_03_01_03_04_23,2026_general_expenditure_03_01_03,general,地域生活支援拠点等整備事業,地域生活支援拠点等整備事業,369,71,135,matched,page_and_exact_name,not_available,,r8tousyoyosanallpage.pdf,"49 コーディネート事業(障害福祉部) 9,820
充当事業:地域生活支援拠点等整備事業・P369",target_page_account_and_exact_name_unique;page_offset=2,bpi_51bb4176098e3be73c7e2f49050ddef081c00301d6d46035a9dbdb1a9f6a9c02,exact_group,exact,1
ral_2026_general_071_006,rd_2026_general_revenue_13_02_01_32_50_3655100000,2026_general_expenditure_03_01_01_06_05,2026_general_expenditure_03_01_01,general,障害者差別解消推進,障害者差別解消推進,361,71,135,matched,page_and_exact_name,not_available,,r8tousyoyosanallpage.pdf,"50 理解促進研修・啓発事業(障害理解促進事業)(障害福祉部) 458
充当事業:障害者差別解消推進・P361",target_page_account_and_exact_name_unique;page_offset=4,bpi_ebf1f3a64d011092e963d53f304265610bbb702c71be73dba92204b68992f62d,exact_group,exact,1
ral_2026_general_071_007,rd_2026_general_revenue_13_02_01_32_53_3065600000,2026_general_expenditure_02_01_02_01_04,2026_general_expenditure_02_01_02,general,区政PR,区政ＰＲ,319,71,135,matched,page_and_normalized_name,not_available,,r8tousyoyosanallpage.pdf,"53 点字・声の広報(区政PR)(政策経営部) 122
充当事業:区政PR・P319",target_page_account_and_nfkc_name_unique;page_offset=0,bpi_2ebebeafea2dd534586e4670e355f38f45018655c2390044a7e8840362d2b8f7,exact_group,exact,1
ral_2026_general_071_008,rd_2026_general_revenue_13_02_01_54_03_3665580000,2026_general_expenditure_03_02_01_01_40,2026_general_expenditure_03_02_01,general,病児・病後児保育事業,病児・病後児保育事業,377,71,135,matched,page_and_exact_name,not_available,,r8tousyoyosanallpage.pdf,"3 病児・病後児保育事業(子ども・若者部) 68,514
充当事業:病児・病後児保育事業・P377",target_page_account_and_exact_name_unique;page_offset=2,bpi_567fe165d301ff2244821e28bfef3294599dd774be4c47a071d8482b67e7722b,exact_group,exact,1
ral_2026_general_071_009,rd_2026_general_revenue_13_02_01_54_04_3665580000,2026_general_expenditure_03_02_03_01_03,2026_general_expenditure_03_02_03,general,私立保育園運営,私立保育園運営,381,71,135,matched,page_and_exact_name,not_available,,r8tousyoyosanallpage.pdf,"4 延長保育事業(私立保育園)(子ども・若者部) 61,549
充当事業:私立保育園運営・P381",target_page_account_and_exact_name_unique;page_offset=0,bpi_19bacff6a2545c8ca7b835bb3f9f0a08d490992ea139a5070f3506ef5067a441,exact_group,exact,1
ral_2026_general_071_010,rd_2026_general_revenue_13_02_01_54_05_3665580000,2026_general_expenditure_03_02_03_01_13,2026_general_expenditure_03_02_03,general,認定こども園運営,認定こども園運営,381,71,135,matched,page_and_exact_name,not_available,,r8tousyoyosanallpage.pdf,"5 延長保育事業(認定こども園)(子ども・若者部) 3,600
充当事業:認定こども園運営・P381",target_page_account_and_exact_name_unique;page_offset=0,bpi_85cf890e8ddb0fc6f130ed8798b6f4e11a89dbc34309b8558ae7a8731ac2ce01,exact_group,exact,1
ral_2026_general_071_011,rd_2026_general_revenue_13_02_01_54_06_3665580000,2026_general_expenditure_03_02_03_01_14,2026_general_expenditure_03_02_03,general,特定地域型保育事業,特定地域型保育事業,381,71,135,matched,page_and_exact_name,not_available,,r8tousyoyosanallpage.pdf,"6 延長保育事業(地域型保育事業)(子ども・若者部) 8,519
充当事業:特定地域型保育事業・P381",target_page_account_and_exact_name_unique;page_offset=0,bpi_c3e09b21d66c0c25400cd650444267d7b9c41a6ce0b4edc5d4c60f63e57a1027,exact_group,exact,1
ral_2026_general_071_012,rd_2026_general_revenue_13_02_01_54_14_3665580000,2026_general_expenditure_03_02_03_01_03,2026_general_expenditure_03_02_03,general,私立保育園運営,私立保育園運営,381,71,135,matched,page_and_exact_name,not_available,,r8tousyoyosanallpage.pdf,"14 一時預かり事業(私立保育園)(子ども・若者部) 9,240
充当事業:私立保育園運営・P381",target_page_account_and_exact_name_unique;page_offset=0,bpi_19bacff6a2545c8ca7b835bb3f9f0a08d490992ea139a5070f3506ef5067a441,exact_group,exact,1
ral_2026_general_071_013,rd_2026_general_revenue_13_02_01_54_17_3665580000,2026_general_expenditure_03_02_01_01_14,2026_general_expenditure_03_02_01,general,単独施設型一時保育事業,単独施設型一時保育事業,375,71,135,matched,page_and_exact_name,not_available,,r8tousyoyosanallpage.pdf,"17 一時預かり事業(単独施設型)(子ども・若者部) 5,635
充当事業:単独施設型一時保育事業・P375",target_page_account_and_exact_name_unique;page_offset=0,bpi_7686c4156e6b6b8d72792aa24ed226581ec8c9abfc20acc82cea9a03366664d9,exact_group,exact,1
ral_2026_general_071_014,rd_2026_general_revenue_13_02_01_54_18_3665580000,2026_general_expenditure_03_02_03_01_13,2026_general_expenditure_03_02_03,general,認定こども園運営,認定こども園運営,381,71,135,matched,page_and_exact_name,not_available,,r8tousyoyosanallpage.pdf,"18 一時預かり事業(幼稚園型)(子ども・若者部) 7,889
充当事業:認定こども園運営・P381",target_page_account_and_exact_name_unique;page_offset=0,bpi_85cf890e8ddb0fc6f130ed8798b6f4e11a89dbc34309b8558ae7a8731ac2ce01,exact_group,exact,1
ral_2026_general_071_015,rd_2026_general_revenue_13_02_01_54_20_3665500000,2026_general_expenditure_03_02_03_01_01,2026_general_expenditure_03_02_03,general,私立母子生活支援施設への保護委託,私立母子生活支援施設への保護委託,381,71,135,matched,page_and_exact_name,not_available,,r8tousyoyosanallpage.pdf,"20 子育て短期支援事業(子ども・若者部) 996
充当事業:私立母子生活支援施設への保護委託・P381",target_page_account_and_exact_name_unique;page_offset=0,bpi_4a652a5e6ae80c14247f55b106c251c66720a51aefa7d1eb683419b0c968de2c,exact_group,exact,1
ral_2026_general_071_016,rd_2026_general_revenue_13_02_01_54_23_3665570000,2026_general_expenditure_03_02_01_01_24,2026_general_expenditure_03_02_01,general,セーフティネットの整備,セーフティネットの整備,375,71,135,matched,page_and_exact_name,not_available,,r8tousyoyosanallpage.pdf,"23 子どもを守る地域ネットワーク機能強化事業(子ども・若者部) 199
充当事業:セーフティネットの整備・P375",target_page_account_and_exact_name_unique;page_offset=0,bpi_d95351e271cf75f188df86946de66bcfd7376720c26b8ddb88f990c93677f157,exact_group,exact,1
ral_2026_general_071_017,rd_2026_general_revenue_13_02_01_54_26_3665500000,2026_general_expenditure_03_02_01_01_33,2026_general_expenditure_03_02_01,general,子育てステーション事業,子育てステーション事業,375,71,135,matched,page_and_exact_name,not_available,,r8tousyoyosanallpage.pdf,"26 一時預かり事業(子育てステーション)(子ども・若者部) 19,910
充当事業:子育てステーション事業・P375",target_page_account_and_exact_name_unique;page_offset=0,bpi_5cad8d56f77ca5cbc11b574d0c840a191a1ad7de1764742ff81be502f4b47192,exact_group,exact,1
ral_2026_general_071_018,rd_2026_general_revenue_13_02_01_54_28_3785200000,2026_general_expenditure_05_03_05_01_13,2026_general_expenditure_05_03_05,general,乳児期家庭(新生児)訪問事業,乳児期家庭（新生児）訪問事業,405,71,135,matched,page_and_normalized_name,not_available,,r8tousyoyosanallpage.pdf,"28 乳児家庭全戸訪問事業(世田谷保健所) 16,533
充当事業:乳児期家庭(新生児)訪問事業・P405",target_page_account_and_nfkc_name_unique;page_offset=0,bpi_e8e191db019ff1826724cc4ac0bb5bede3f62c8a134267e6d476e6a1ab029013,exact_group,exact,1
ral_2026_general_071_019,rd_2026_general_revenue_13_02_01_54_29_3665500000,2026_general_expenditure_03_02_01_01_42,2026_general_expenditure_03_02_01,general,子育てつどいの広場,子育てつどいの広場,377,71,135,matched,page_and_exact_name,not_available,,r8tousyoyosanallpage.pdf,"29 一時預かり事業(単独施設型・子育てつどいの広場)(子ども・若者部) 26,552
充当事業:子育てつどいの広場・P377",target_page_account_and_exact_name_unique;page_offset=2,bpi_621484ebbe2396c3165c332904394c6fe8b24bbae3809b705562a4f0e56fcef1,exact_group,exact,1
ral_2026_general_072_001,rd_2026_general_revenue_13_02_01_54_33_4985400000,2026_general_expenditure_08_05_01_01_02,2026_general_expenditure_08_05_01,general,区立幼稚園維持運営,区立幼稚園維持運営,457,72,137,matched,page_and_exact_name,not_available,,r8tousyoyosanallpage.pdf,"33 実費徴収補足給付事業(区立幼稚園)(教育委員会事務局) 26
充当事業:区立幼稚園維持運営・P457",target_page_account_and_exact_name_unique;page_offset=0,bpi_c070e52c097b63df06f1ba2a7b4c2909519913003bae5d0506d2326246e28340,exact_group,exact,1
ral_2026_general_072_002,rd_2026_general_revenue_13_02_01_54_34_3665570000,2026_general_expenditure_03_02_01_01_24,2026_general_expenditure_03_02_01,general,セーフティネットの整備,セーフティネットの整備,375,72,137,matched,page_and_exact_name,not_available,,r8tousyoyosanallpage.pdf,"34 子育て短期支援事業(セーフティネットの整備)(子ども・若者部) 9,837
充当事業:セーフティネットの整備・P375",target_page_account_and_exact_name_unique;page_offset=0,bpi_d95351e271cf75f188df86946de66bcfd7376720c26b8ddb88f990c93677f157,exact_group,exact,1
ral_2026_general_072_003,rd_2026_general_revenue_13_02_01_54_35_4985400000,2026_general_expenditure_08_05_01_01_04,2026_general_expenditure_08_05_01,general,区立幼稚園預かり保育事業,区立幼稚園預かり保育事業,457,72,137,matched,page_and_exact_name,not_available,,r8tousyoyosanallpage.pdf,"35 一時預かり事業(区立幼稚園)(教育委員会事務局) 193
充当事業:区立幼稚園預かり保育事業・P457",target_page_account_and_exact_name_unique;page_offset=0,bpi_4ac918ad7e35afaece6bfc4de48c320eeb20df357909d1e79174ea231e9d7d9c,exact_group,exact,1
ral_2026_general_072_004,rd_2026_general_revenue_13_02_01_54_36_3665580000,2026_general_expenditure_03_02_05_01_01,2026_general_expenditure_03_02_05,general,区立保育園運営,区立保育園運営,381,72,137,matched,page_and_exact_name,not_available,,r8tousyoyosanallpage.pdf,"36 一時預かり事業(区立保育園)(子ども・若者部) 6,020
充当事業:区立保育園運営・P381",target_page_account_and_exact_name_unique;page_offset=0,bpi_cd88696d105d5fd4493ad43119716ef01897dc1ccd62a75e668a2c9179db33a0,exact_group,exact,1
ral_2026_general_072_005,rd_2026_general_revenue_13_02_01_54_37_3665580000,2026_general_expenditure_03_02_01_01_71,2026_general_expenditure_03_02_01,general,私立幼稚園施設型給付,私立幼稚園施設型給付,377,72,137,matched,page_and_exact_name,not_available,,r8tousyoyosanallpage.pdf,"37 一時預かり事業(私立幼稚園)(子ども・若者部) 3,401
充当事業:私立幼稚園施設型給付・P377",target_page_account_and_exact_name_unique;page_offset=2,bpi_67660d63f419537db5975a7e0a2382f9c8f13833c98bad257f02c75536ce9600,exact_group,exact,1
ral_2026_general_072_006,rd_2026_general_revenue_13_02_01_54_38_3665150000,2026_general_expenditure_02_01_01_01_10,2026_general_expenditure_02_01_01,general,私立幼稚園指導助成,私立幼稚園指導助成,317,72,137,matched,page_and_exact_name,not_available,,r8tousyoyosanallpage.pdf,"38 一時預かり事業(私立幼稚園)(子ども・若者部) 8,908
充当事業:私立幼稚園指導助成・P317",target_page_account_and_exact_name_unique;page_offset=0,bpi_e640b3411585bc3a7b66cbbaad0d8f82314e4a7c5ca6dcaf0e277b5cbeee33d9,exact_group,exact,1
ral_2026_general_072_007,rd_2026_general_revenue_13_02_01_54_39_3665500000,2026_general_expenditure_03_02_01_01_53,2026_general_expenditure_03_02_01,general,子どもを育む地域活動の支援,子どもを育む地域活動の支援,377,72,137,matched,page_and_exact_name,not_available,,r8tousyoyosanallpage.pdf,"39 子育て援助活動支援事業(子ども・若者部) 12,286
充当事業:子どもを育む地域活動の支援・P377",target_page_account_and_exact_name_unique;page_offset=2,bpi_87bf62e6b0c87cf88956d2401bbe9a367608d28ace021d75f5ae0cda82f7a652,exact_group,exact,1
ral_2026_general_072_008,rd_2026_general_revenue_13_02_01_54_41_3665150000,2026_general_expenditure_02_01_01_01_10,2026_general_expenditure_02_01_01,general,私立幼稚園指導助成,私立幼稚園指導助成,317,72,137,matched,page_and_exact_name,not_available,,r8tousyoyosanallpage.pdf,"41 実費徴収補足給付事業(私立幼稚園)(子ども・若者部) 2,733
充当事業:私立幼稚園指導助成・P317",target_page_account_and_exact_name_unique;page_offset=0,bpi_e640b3411585bc3a7b66cbbaad0d8f82314e4a7c5ca6dcaf0e277b5cbeee33d9,exact_group,exact,1
ral_2026_general_072_009,rd_2026_general_revenue_13_02_01_54_44_4960100000,,2026_general_expenditure_09_01_08,general,会計年度任用職員の人件費(教育委員会事務局),会計年度任用職員の人件費（教育委員会事務局）,471,72,137,matched,page_name_department_identity_cluster,not_available,,r8tousyoyosanallpage.pdf,"44 一時預かり事業(区立幼稚園)(教育委員会事務局) 6,252
充当事業:会計年度任用職員の人件費(教育委員会事務局)・P471",official_pdf_does_not_identify_internal_budget_program_group,bpi_b55e51de6d41c9f9e2302349c0f7a11790df1cb4835ebe1c8990b0dd44d25850,public_identity,not_distinguishable_from_public_source,5
ral_2026_general_072_010,rd_2026_general_revenue_13_02_01_54_45_4960100000,,2026_general_expenditure_09_01_08,general,会計年度任用職員の人件費(教育委員会事務局),会計年度任用職員の人件費（教育委員会事務局）,471,72,137,matched,page_name_department_identity_cluster,not_available,,r8tousyoyosanallpage.pdf,"45 放課後児童健全育成事業(教育委員会事務局) 233,046
充当事業:会計年度任用職員の人件費(教育委員会事務局)・P471",official_pdf_does_not_identify_internal_budget_program_group,bpi_b55e51de6d41c9f9e2302349c0f7a11790df1cb4835ebe1c8990b0dd44d25850,public_identity,not_distinguishable_from_public_source,5
ral_2026_general_072_011,rd_2026_general_revenue_13_02_01_54_56_3665500000,2026_general_expenditure_03_02_01_01_42,2026_general_expenditure_03_02_01,general,子育てつどいの広場,子育てつどいの広場,377,72,137,matched,page_and_exact_name,not_available,,r8tousyoyosanallpage.pdf,"56 相談支援体制強化事業(子育てつどいの広場)(子ども・若者部) 600
充当事業:子育てつどいの広場・P377",target_page_account_and_exact_name_unique;page_offset=2,bpi_621484ebbe2396c3165c332904394c6fe8b24bbae3809b705562a4f0e56fcef1,exact_group,exact,1
ral_2026_general_072_012,rd_2026_general_revenue_13_02_01_54_74_3665500000,2026_general_expenditure_03_02_01_01_53,2026_general_expenditure_03_02_01,general,子どもを育む地域活動の支援,子どもを育む地域活動の支援,377,72,137,matched,page_and_exact_name,not_available,,r8tousyoyosanallpage.pdf,"74 多様な事業者の参入促進・能力活用事業(子ども・若者部) 800
充当事業:子どもを育む地域活動の支援・P377",target_page_account_and_exact_name_unique;page_offset=2,bpi_87bf62e6b0c87cf88956d2401bbe9a367608d28ace021d75f5ae0cda82f7a652,exact_group,exact,1
ral_2026_general_072_013,rd_2026_general_revenue_13_02_01_54_75_3665200000,2026_general_expenditure_03_02_06_01_03,2026_general_expenditure_03_02_06,general,学童クラブ運営,学童クラブ運営,383,72,137,matched,page_and_exact_name,not_available,,r8tousyoyosanallpage.pdf,"75 放課後児童健全育成事業(子ども・若者部) 187,535
充当事業:学童クラブ運営・P383",target_page_account_and_exact_name_unique;page_offset=0,bpi_b3f0f775f7a8418d16387028882a91f33dd64c33e41cb23bb0bd6440c56bbacc,exact_group,exact,1
ral_2026_general_072_014,rd_2026_general_revenue_13_02_01_54_81_3595110000,2026_general_expenditure_03_01_01_03_86,2026_general_expenditure_03_01_01,general,保健福祉サービス質の向上の推進,保健福祉サービス質の向上の推進,359,72,137,matched,page_and_exact_name,not_available,,r8tousyoyosanallpage.pdf,"81 放課後児童健全育成事業第三者評価受審推進事業(保健福祉政策部) 2,400
充当事業:保健福祉サービス質の向上の推進・P359",target_page_account_and_exact_name_unique;page_offset=2,bpi_0db879e6838637427c9ea43398b354c2e0c550180f6375b20698eb0c0409206f,exact_group,exact,1
ral_2026_general_072_015,rd_2026_general_revenue_13_02_01_54_86_3665580000,2026_general_expenditure_03_02_01_01_38,2026_general_expenditure_03_02_01,general,認可保育施設等の一時預かり事業の推進,認可保育施設等の一時預かり事業の推進,377,72,137,matched,page_and_exact_name,not_available,,r8tousyoyosanallpage.pdf,"86 一時預かり事業(私立保育園)(子ども・若者部) 57,489
充当事業:認可保育施設等の一時預かり事業の推進・P377",target_page_account_and_exact_name_unique;page_offset=2,bpi_cfd43136e9ab8956cee74c3a6a0a6683b01e852b3a0be5c71df3b7da0b8c6209,exact_group,exact,1
ral_2026_general_072_016,rd_2026_general_revenue_13_02_01_54_87_3665580000,2026_general_expenditure_03_02_01_01_38,2026_general_expenditure_03_02_01,general,認可保育施設等の一時預かり事業の推進,認可保育施設等の一時預かり事業の推進,377,72,137,matched,page_and_exact_name,not_available,,r8tousyoyosanallpage.pdf,"87 一時預かり事業(認定こども園)(子ども・若者部) 2,236
充当事業:認可保育施設等の一時預かり事業の推進・P377",target_page_account_and_exact_name_unique;page_offset=2,bpi_cfd43136e9ab8956cee74c3a6a0a6683b01e852b3a0be5c71df3b7da0b8c6209,exact_group,exact,1
ral_2026_general_072_017,rd_2026_general_revenue_13_02_01_54_90_3665570000,2026_general_expenditure_03_02_01_01_24,2026_general_expenditure_03_02_01,general,セーフティネットの整備,セーフティネットの整備,375,72,137,matched,page_and_exact_name,not_available,,r8tousyoyosanallpage.pdf,"90 親子関係形成支援事業(子ども・若者部) 120
充当事業:セーフティネットの整備・P375",target_page_account_and_exact_name_unique;page_offset=0,bpi_d95351e271cf75f188df86946de66bcfd7376720c26b8ddb88f990c93677f157,exact_group,exact,1
ral_2026_general_072_018,rd_2026_general_revenue_13_02_01_54_91_3665570000,2026_general_expenditure_03_02_01_01_96,2026_general_expenditure_03_02_01,general,養育支援等ホームヘルパー訪問事業,養育支援等ホームヘルパー訪問事業,379,72,137,matched,page_and_exact_name,not_available,,r8tousyoyosanallpage.pdf,"91 子育て世帯訪問支援事業(養育支援等ホームヘルパー訪問事業)(子ども・若者部) 13,838
充当事業:養育支援等ホームヘルパー訪問事業・P379",target_page_account_and_exact_name_unique;page_offset=4,bpi_f0e1c562eb99ede5f81d313e966752f7107e76a25d3614bea0f31955c2024513,exact_group,exact,1
ral_2026_general_073_001,rd_2026_general_revenue_13_02_01_54_92_3665570000,2026_general_expenditure_03_02_01_01_24,2026_general_expenditure_03_02_01,general,セーフティネットの整備,セーフティネットの整備,375,73,139,matched,page_and_exact_name,not_available,,r8tousyoyosanallpage.pdf,"92 子育て世帯訪問支援事業(学生ボランティア派遣事業)(子ども・若者部) 937
充当事業:セーフティネットの整備・P375",target_page_account_and_exact_name_unique;page_offset=0,bpi_d95351e271cf75f188df86946de66bcfd7376720c26b8ddb88f990c93677f157,exact_group,exact,1
ral_2026_general_073_002,rd_2026_general_revenue_13_02_01_54_93_3665570000,2026_general_expenditure_03_02_01_01_45,2026_general_expenditure_03_02_01,general,産後ケア事業,産後ケア事業,377,73,139,matched,page_and_exact_name,not_available,,r8tousyoyosanallpage.pdf,"93 産後ケア事業(子ども・若者部) 112,143
充当事業:産後ケア事業・P377",target_page_account_and_exact_name_unique;page_offset=2,bpi_19c522f8e05318de25782c4820bd72b15afc3a2f9597cf7d2d4c331838fb3029,exact_group,exact,1
ral_2026_general_073_003,rd_2026_general_revenue_13_02_01_54_94_3665500000,2026_general_expenditure_03_02_01_01_26,2026_general_expenditure_03_02_01,general,在宅子育て支援,在宅子育て支援,375,73,139,matched,page_and_exact_name,not_available,,r8tousyoyosanallpage.pdf,"94 子育て世帯訪問支援事業(在宅子育て支援)(子ども・若者部) 10,523
充当事業:在宅子育て支援・P375",target_page_account_and_exact_name_unique;page_offset=0,bpi_8a0f54d9e647e1a2b62e1075cb7040e5db102777c0d4afc9e87058e56ea4e4fb,exact_group,exact,1
ral_2026_general_073_004,rd_2026_general_revenue_13_02_01_55_01_3665580000,2026_general_expenditure_03_02_01_01_15,2026_general_expenditure_03_02_01,general,子育て支援事業,子育て支援事業,375,73,139,matched,page_and_exact_name,not_available,,r8tousyoyosanallpage.pdf,"1 保育士宿舎借り上げ支援事業(子ども・若者部) 447,180
充当事業:子育て支援事業・P375",target_page_account_and_exact_name_unique;page_offset=0,bpi_a6c91eb078316228801c87fc17a7b9b81afb8df337bd6305cb7aa67e8d01ad75,exact_group,exact,1
ral_2026_general_073_005,rd_2026_general_revenue_13_02_01_56_02_3595200000,2026_general_expenditure_03_03_01_01_01,2026_general_expenditure_03_03_01,general,生活保護法施行事務,生活保護法施行事務,387,73,139,matched,page_and_exact_name,not_available,,r8tousyoyosanallpage.pdf,"2 生活保護適正実施推進事業(保健福祉政策部) 6,115
充当事業:生活保護法施行事務・P387",target_page_account_and_exact_name_unique;page_offset=0,bpi_4ad8bd8a05fbb52656a39ca428a447579bc051d541961f53025256c569e25bc0,exact_group,exact,1
ral_2026_general_073_006,rd_2026_general_revenue_13_02_01_56_03_3595200000,2026_general_expenditure_03_01_01_03_73,2026_general_expenditure_03_01_01,general,特定中国残留邦人等支援事業,特定中国残留邦人等支援事業,359,73,139,matched,page_and_exact_name,not_available,,r8tousyoyosanallpage.pdf,"3 中国残留邦人等地域生活支援事業(保健福祉政策部) 392
充当事業:特定中国残留邦人等支援事業・P359",target_page_account_and_exact_name_unique;page_offset=2,bpi_bfa673964bc0e45fbcadbde15b82b585b4c949a022d9038f050b7b1571a6a694,exact_group,exact,1
ral_2026_general_073_007,rd_2026_general_revenue_13_02_01_56_06_3595200000,2026_general_expenditure_03_01_01_03_92,2026_general_expenditure_03_01_01,general,生活困窮者自立促進支援事業,生活困窮者自立促進支援事業,359,73,139,matched,page_and_exact_name,not_available,,r8tousyoyosanallpage.pdf,"6 生活困窮者家計相談支援事業(保健福祉政策部) 6,010
充当事業:生活困窮者自立促進支援事業・P359",target_page_account_and_exact_name_unique;page_offset=2,bpi_8e78b4300e3721219224ec405cc4afb7ac5cddccc085bca5669a671b66611c6b,exact_group,exact,1
ral_2026_general_073_008,rd_2026_general_revenue_13_02_01_56_07_3595200000,2026_general_expenditure_03_01_01_03_92,2026_general_expenditure_03_01_01,general,生活困窮者自立促進支援事業,生活困窮者自立促進支援事業,359,73,139,matched,page_and_exact_name,not_available,,r8tousyoyosanallpage.pdf,"7 生活困窮世帯の子どもに対する学習支援事業(保健福祉政策部) 12,039
充当事業:生活困窮者自立促進支援事業・P359",target_page_account_and_exact_name_unique;page_offset=2,bpi_8e78b4300e3721219224ec405cc4afb7ac5cddccc085bca5669a671b66611c6b,exact_group,exact,1
ral_2026_general_073_009,rd_2026_general_revenue_13_02_01_56_09_3595200000,2026_general_expenditure_03_01_01_03_92,2026_general_expenditure_03_01_01,general,生活困窮者自立促進支援事業,生活困窮者自立促進支援事業,359,73,139,matched,page_and_exact_name,not_available,,r8tousyoyosanallpage.pdf,"9 生活困窮者就労準備支援事業(保健福祉政策部) 7,601
充当事業:生活困窮者自立促進支援事業・P359",target_page_account_and_exact_name_unique;page_offset=2,bpi_8e78b4300e3721219224ec405cc4afb7ac5cddccc085bca5669a671b66611c6b,exact_group,exact,1
ral_2026_general_073_010,rd_2026_general_revenue_13_02_01_56_11_3595200000,2026_general_expenditure_03_01_01_03_92,2026_general_expenditure_03_01_01,general,生活困窮者自立促進支援事業,生活困窮者自立促進支援事業,359,73,139,matched,page_and_exact_name,not_available,,r8tousyoyosanallpage.pdf,"11 被保護者就労準備支援等事業(自立促進)(保健福祉政策部) 16,304
充当事業:生活困窮者自立促進支援事業・P359",target_page_account_and_exact_name_unique;page_offset=2,bpi_8e78b4300e3721219224ec405cc4afb7ac5cddccc085bca5669a671b66611c6b,exact_group,exact,1
ral_2026_general_073_011,rd_2026_general_revenue_13_02_01_56_12_3595200000,2026_general_expenditure_03_03_01_01_01,2026_general_expenditure_03_03_01,general,生活保護法施行事務,生活保護法施行事務,387,73,139,matched,page_and_exact_name,not_available,,r8tousyoyosanallpage.pdf,"12 被保護者就労準備支援等事業(生保事務)(保健福祉政策部) 27,790
充当事業:生活保護法施行事務・P387",target_page_account_and_exact_name_unique;page_offset=0,bpi_4ad8bd8a05fbb52656a39ca428a447579bc051d541961f53025256c569e25bc0,exact_group,exact,1
ral_2026_general_073_012,rd_2026_general_revenue_13_02_01_56_17_3665500000,2026_general_expenditure_03_02_01_01_88,2026_general_expenditure_03_02_01,general,生活困難を抱える子どもと家庭への支援,生活困難を抱える子どもと家庭への支援,379,73,139,matched,page_and_exact_name,not_available,,r8tousyoyosanallpage.pdf,"17 生活困窮世帯等の子どものための学習・生活支援の拠点事業(子ども・若者部) 45,070
充当事業:生活困難を抱える子どもと家庭への支援・P379",target_page_account_and_exact_name_unique;page_offset=4,bpi_0f09a7e1b773926a8014040783f429af5db10dd522350bea60f2728508375de0,exact_group,exact,1
ral_2026_general_073_013,rd_2026_general_revenue_13_02_01_56_18_3595110000,2026_general_expenditure_09_01_03_01_15,2026_general_expenditure_09_01_03,general,会計年度任用職員の人件費(保健福祉政策部),会計年度任用職員の人件費（保健福祉政策部）,467,73,139,matched,page_and_normalized_name,not_available,,r8tousyoyosanallpage.pdf,"18 生活保護適正実施推進事業(保健福祉政策部) 38,812
充当事業:会計年度任用職員の人件費(保健福祉政策部)・P467",target_page_account_and_nfkc_name_unique;page_offset=0,bpi_b9f1165f165cc6c8a854899bb8a10556c041f2a5f248c866e36eadfd1f138699,exact_group,exact,1
ral_2026_general_073_014,rd_2026_general_revenue_13_02_01_56_19_3595200000,2026_general_expenditure_03_01_01_03_21,2026_general_expenditure_03_01_01,general,成年後見制度,成年後見制度,357,73,139,matched,page_and_exact_name,not_available,,r8tousyoyosanallpage.pdf,"19 成年後見制度利用促進体制整備推進事業(保健福祉政策部) 1,150
充当事業:成年後見制度・P357",target_page_account_and_exact_name_unique;page_offset=0,bpi_0ebada9cbe60a0d39534020f0cd38f66c40bdd997c8903a63b528d0776831969,exact_group,exact,1
ral_2026_general_073_015,rd_2026_general_revenue_13_02_01_56_23_3595200000,2026_general_expenditure_03_01_01_06_21,2026_general_expenditure_03_01_01,general,ひきこもり対策,ひきこもり対策,361,73,139,matched,page_and_exact_name,not_available,,r8tousyoyosanallpage.pdf,"23 生活困窮者家計相談支援事業(保健福祉政策部) 667
充当事業:ひきこもり対策・P361",target_page_account_and_exact_name_unique;page_offset=4,bpi_58995cec2dd99a6ad5fb4331cc06bf33677954681bdf66df79c30f911d65a868,exact_group,exact,1
ral_2026_general_073_016,rd_2026_general_revenue_13_02_01_56_24_3595200000,2026_general_expenditure_03_01_01_06_21,2026_general_expenditure_03_01_01,general,ひきこもり対策,ひきこもり対策,361,73,139,matched,page_and_exact_name,not_available,,r8tousyoyosanallpage.pdf,"24 生活困窮者就労準備支援事業(保健福祉政策部) 844
充当事業:ひきこもり対策・P361",target_page_account_and_exact_name_unique;page_offset=4,bpi_58995cec2dd99a6ad5fb4331cc06bf33677954681bdf66df79c30f911d65a868,exact_group,exact,1
ral_2026_general_073_017,rd_2026_general_revenue_13_02_01_56_25_3595200000,2026_general_expenditure_03_01_01_06_21,2026_general_expenditure_03_01_01,general,ひきこもり対策,ひきこもり対策,361,73,139,matched,page_and_exact_name,not_available,,r8tousyoyosanallpage.pdf,"25 被保護者就労準備支援等事業(自立促進)(保健福祉政策部) 1,428
充当事業:ひきこもり対策・P361",target_page_account_and_exact_name_unique;page_offset=4,bpi_58995cec2dd99a6ad5fb4331cc06bf33677954681bdf66df79c30f911d65a868,exact_group,exact,1
ral_2026_general_073_018,rd_2026_general_revenue_13_02_01_56_28_3595200000,2026_general_expenditure_03_01_01_06_21,2026_general_expenditure_03_01_01,general,ひきこもり対策,ひきこもり対策,361,73,139,matched,page_and_exact_name,not_available,,r8tousyoyosanallpage.pdf,"28 ひきこもり地域支援センター事業(保健福祉政策部) 15,750
充当事業:ひきこもり対策・P361",target_page_account_and_exact_name_unique;page_offset=4,bpi_58995cec2dd99a6ad5fb4331cc06bf33677954681bdf66df79c30f911d65a868,exact_group,exact,1
ral_2026_general_073_019,rd_2026_general_revenue_13_02_01_56_29_3645100000,2026_general_expenditure_03_01_01_06_03,2026_general_expenditure_03_01_01,general,介護人材確保・定着支援事業,介護人材確保・定着支援事業,361,73,139,matched,page_and_exact_name,not_available,,r8tousyoyosanallpage.pdf,"29 スポットワーク支援助成事業(高齢福祉部) 36,000
充当事業:介護人材確保・定着支援事業・P361",target_page_account_and_exact_name_unique;page_offset=4,bpi_dd2e219578a48dc2b911320bb3888286f25d642e91c7b505b6ce7ed5054a63c1,exact_group,exact,1
ral_2026_general_074_001,rd_2026_general_revenue_13_02_01_56_34_3595200000,2026_general_expenditure_03_01_01_03_92,2026_general_expenditure_03_01_01,general,生活困窮者自立促進支援事業,生活困窮者自立促進支援事業,359,74,141,matched,page_and_exact_name,not_available,,r8tousyoyosanallpage.pdf,"34 地域居住支援事業(保健福祉政策部) 3,448
充当事業:生活困窮者自立促進支援事業・P359",target_page_account_and_exact_name_unique;page_offset=2,bpi_8e78b4300e3721219224ec405cc4afb7ac5cddccc085bca5669a671b66611c6b,exact_group,exact,1
ral_2026_general_074_002,rd_2026_general_revenue_13_02_01_57_01_3665580000,2026_general_expenditure_03_02_01_01_15,2026_general_expenditure_03_02_01,general,子育て支援事業,子育て支援事業,375,74,141,matched,page_and_exact_name,not_available,,r8tousyoyosanallpage.pdf,"1 職員の資質向上・人材確保等研修事業(子ども・若者部) 10,007
充当事業:子育て支援事業・P375",target_page_account_and_exact_name_unique;page_offset=0,bpi_a6c91eb078316228801c87fc17a7b9b81afb8df337bd6305cb7aa67e8d01ad75,exact_group,exact,1
ral_2026_general_074_003,rd_2026_general_revenue_13_02_01_57_04_3665500000,2026_general_expenditure_03_02_01_01_53,2026_general_expenditure_03_02_01,general,子どもを育む地域活動の支援,子どもを育む地域活動の支援,377,74,141,matched,page_and_exact_name,not_available,,r8tousyoyosanallpage.pdf,"4 職員の資質向上・人材確保等研修事業(援助会員研修)(子ども・若者部) 933
充当事業:子どもを育む地域活動の支援・P377",target_page_account_and_exact_name_unique;page_offset=2,bpi_87bf62e6b0c87cf88956d2401bbe9a367608d28ace021d75f5ae0cda82f7a652,exact_group,exact,1
ral_2026_general_074_004,rd_2026_general_revenue_13_02_01_57_05_3665200000,2026_general_expenditure_03_02_01_01_99,2026_general_expenditure_03_02_01,general,児童館を拠点とした見守りネットワーク強化,児童館を拠点とした見守りネットワーク強化,379,74,141,matched,page_and_exact_name,not_available,,r8tousyoyosanallpage.pdf,"5 職員の資質向上・人材確保等研修事業(放課後児童支援員等研修)(子ども・若者部) 204
充当事業:児童館を拠点とした見守りネットワーク強化・P379",target_page_account_and_exact_name_unique;page_offset=4,bpi_3618c9e0d1187b4e45eff6fe46814fc992f29fd6008a5a3b18e527e5d8104b4e,exact_group,exact,1
ral_2026_general_074_005,rd_2026_general_revenue_13_02_01_57_06_3665200000,2026_general_expenditure_03_02_01_01_99,2026_general_expenditure_03_02_01,general,児童館を拠点とした見守りネットワーク強化,児童館を拠点とした見守りネットワーク強化,379,74,141,matched,page_and_exact_name,not_available,,r8tousyoyosanallpage.pdf,"6 職員の資質向上・人材確保等研修事業(児童館運営)(子ども・若者部) 82
充当事業:児童館を拠点とした見守りネットワーク強化・P379",target_page_account_and_exact_name_unique;page_offset=4,bpi_3618c9e0d1187b4e45eff6fe46814fc992f29fd6008a5a3b18e527e5d8104b4e,exact_group,exact,1
ral_2026_general_074_006,rd_2026_general_revenue_13_02_01_57_08_3665580000,2026_general_expenditure_03_02_01_01_35,2026_general_expenditure_03_02_01,general,保育施設等の質の向上,保育施設等の質の向上,375,74,141,matched,page_and_exact_name,not_available,,r8tousyoyosanallpage.pdf,"8 職員の資質向上・人材確保等研修事業(子ども・若者部) 3,203
充当事業:保育施設等の質の向上・P375",target_page_account_and_exact_name_unique;page_offset=0,bpi_b84a2e04cee22e24ceb1fc05f9893b7df32d865c115ca33bc91ac1ac10a4e9eb,exact_group,exact,1
ral_2026_general_074_007,rd_2026_general_revenue_13_02_01_58_09_3665580000,2026_general_expenditure_03_02_12_01_06,2026_general_expenditure_03_02_12,general,保育施設整備,保育施設整備,383,74,141,matched,page_and_exact_name,not_available,,r8tousyoyosanallpage.pdf,"9 賃貸物件の活用による保育所改修費等支援事業(保育施設整備)(子ども・若者部) 236,076
充当事業:保育施設整備・P383",target_page_account_and_exact_name_unique;page_offset=0,bpi_b06c5de3cfc2378a7b0c0793eaecad95c224cedb5799fc82836c314463a2e31b,exact_group,exact,1
ral_2026_general_074_008,rd_2026_general_revenue_13_02_01_58_11_3665580000,2026_general_expenditure_03_02_03_01_03,2026_general_expenditure_03_02_03,general,私立保育園運営,私立保育園運営,381,74,141,matched,page_and_exact_name,not_available,,r8tousyoyosanallpage.pdf,"11 保育所等における業務効率化推進事業(私立保育園)(子ども・若者部) 6,500
充当事業:私立保育園運営・P381",target_page_account_and_exact_name_unique;page_offset=0,bpi_19bacff6a2545c8ca7b835bb3f9f0a08d490992ea139a5070f3506ef5067a441,exact_group,exact,1
ral_2026_general_074_009,rd_2026_general_revenue_13_02_01_58_21_3665580000,2026_general_expenditure_03_02_03_01_03,2026_general_expenditure_03_02_03,general,私立保育園運営,私立保育園運営,381,74,141,matched,page_and_exact_name,not_available,,r8tousyoyosanallpage.pdf,"21 都市部における保育所等への賃借料支援事業(私立保育園)(子ども・若者部) 215,030
充当事業:私立保育園運営・P381",target_page_account_and_exact_name_unique;page_offset=0,bpi_19bacff6a2545c8ca7b835bb3f9f0a08d490992ea139a5070f3506ef5067a441,exact_group,exact,1
ral_2026_general_074_010,rd_2026_general_revenue_13_02_01_58_27_3665580000,2026_general_expenditure_03_02_03_01_03,2026_general_expenditure_03_02_03,general,私立保育園運営,私立保育園運営,381,74,141,matched,page_and_exact_name,not_available,,r8tousyoyosanallpage.pdf,"27 保育所等事故防止推進事業(私立保育園)(子ども・若者部) 2,500
充当事業:私立保育園運営・P381",target_page_account_and_exact_name_unique;page_offset=0,bpi_19bacff6a2545c8ca7b835bb3f9f0a08d490992ea139a5070f3506ef5067a441,exact_group,exact,1
ral_2026_general_074_011,rd_2026_general_revenue_13_02_01_58_30_3665580000,2026_general_expenditure_03_02_01_01_15,2026_general_expenditure_03_02_01,general,子育て支援事業,子育て支援事業,375,74,141,matched,page_and_exact_name,not_available,,r8tousyoyosanallpage.pdf,"30 保育人材就職支援事業(子ども・若者部) 5,904
充当事業:子育て支援事業・P375",target_page_account_and_exact_name_unique;page_offset=0,bpi_a6c91eb078316228801c87fc17a7b9b81afb8df337bd6305cb7aa67e8d01ad75,exact_group,exact,1
ral_2026_general_074_012,rd_2026_general_revenue_13_02_01_58_53_3665200000,2026_general_expenditure_03_02_06_01_03,2026_general_expenditure_03_02_06,general,学童クラブ運営,学童クラブ運営,383,74,141,matched,page_and_exact_name,not_available,,r8tousyoyosanallpage.pdf,"53 若手保育士や保育事業者等への巡回支援事業(子ども・若者部) 965
充当事業:学童クラブ運営・P383",target_page_account_and_exact_name_unique;page_offset=0,bpi_b3f0f775f7a8418d16387028882a91f33dd64c33e41cb23bb0bd6440c56bbacc,exact_group,exact,1
ral_2026_general_074_013,rd_2026_general_revenue_13_02_01_60_03_3665500000,2026_general_expenditure_03_02_01_01_26,2026_general_expenditure_03_02_01,general,在宅子育て支援,在宅子育て支援,375,74,141,matched,page_and_exact_name,not_available,,r8tousyoyosanallpage.pdf,"3 多胎妊産婦等支援(子ども・若者部) 3,968
充当事業:在宅子育て支援・P375",target_page_account_and_exact_name_unique;page_offset=0,bpi_8a0f54d9e647e1a2b62e1075cb7040e5db102777c0d4afc9e87058e56ea4e4fb,exact_group,exact,1
ral_2026_general_074_014,rd_2026_general_revenue_13_02_01_69_01_3655100000,2026_general_expenditure_03_01_03_04_15,2026_general_expenditure_03_01_03,general,障害者虐待防止推進事業,障害者虐待防止推進事業,369,74,141,matched,page_and_exact_name,not_available,,r8tousyoyosanallpage.pdf,"1 障害者虐待防止対策支援事業(障害福祉部) 1,505
充当事業:障害者虐待防止推進事業・P369",target_page_account_and_exact_name_unique;page_offset=2,bpi_d7550c3bad812006d6c23f6647a16c9058f2f4b21faf30ae2e357a6e4494ca27,exact_group,exact,1
ral_2026_general_074_015,rd_2026_general_revenue_13_02_01_69_04_3655300000,2026_general_expenditure_03_01_16_01_40,2026_general_expenditure_03_01_16,general,配慮を要する児童への支援事業,配慮を要する児童への支援事業,371,74,141,matched,page_and_exact_name,not_available,,r8tousyoyosanallpage.pdf,"4 発達障害児者及び家族等支援事業(障害福祉部) 1,413
充当事業:配慮を要する児童への支援事業・P371",target_page_account_and_exact_name_unique;page_offset=2,bpi_a0e9577342786c020a22796e2cca204df41dd09fdff99b7b54416d3fb2c87a9b,exact_group,exact,1
ral_2026_general_075_001,rd_2026_general_revenue_13_02_01_69_06_3655100000,2026_general_expenditure_03_01_01_03_37,2026_general_expenditure_03_01_01,general,障害者福祉施策の計画・調整,障害者福祉施策の計画・調整,357,75,143,matched,page_and_exact_name,not_available,,r8tousyoyosanallpage.pdf,"6 精神障害・地域包括ケアシステム推進(協議の場の設置)(障害福祉部) 337
充当事業:障害者福祉施策の計画・調整・P357",target_page_account_and_exact_name_unique;page_offset=0,bpi_611fa5b6c957992e4782608e8a6472641341ce042adaaad0d9fdb53299f132c2,exact_group,exact,1
ral_2026_general_075_002,rd_2026_general_revenue_13_02_01_69_07_3785200000,2026_general_expenditure_05_02_01_02_02,2026_general_expenditure_05_02_01,general,精神保健福祉推進,精神保健福祉推進,401,75,143,matched,page_and_exact_name,not_available,,r8tousyoyosanallpage.pdf,"7 精神障害・地域包括ケアシステム推進(精神保健福祉推進)(世田谷保健所) 40,161
充当事業:精神保健福祉推進・P401",target_page_account_and_exact_name_unique;page_offset=0,bpi_87967b38ace617e9bc2b3ba779f5f8111b9e4726003e1cdf0ad3f02f0a3af119,exact_group,exact,1
ral_2026_general_075_003,rd_2026_general_revenue_13_02_01_69_08_3655300000,2026_general_expenditure_03_01_03_03_20,2026_general_expenditure_03_01_03,general,障害者相談支援,障害者相談支援,367,75,143,matched,page_and_exact_name,not_available,,r8tousyoyosanallpage.pdf,"8 精神障害・地域包括ケアシステム推進(地域移行)(障害福祉部) 9,291
充当事業:障害者相談支援・P367",target_page_account_and_exact_name_unique;page_offset=0,bpi_fd92a91d10b5432e3dcf7886f17e6641d8fc90ba5437e5ab5f5a6c5574eca3bf,exact_group,exact,1
ral_2026_general_075_004,rd_2026_general_revenue_13_02_01_69_14_3785200000,2026_general_expenditure_05_02_01_02_01,2026_general_expenditure_05_02_01,general,精神保健福祉相談,精神保健福祉相談,401,75,143,matched,page_and_exact_name,not_available,,r8tousyoyosanallpage.pdf,"14 精神障害・地域包括ケアシステム推進(精神保健福祉相談)(世田谷保健所) 261
充当事業:精神保健福祉相談・P401",target_page_account_and_exact_name_unique;page_offset=0,bpi_351ce5fec1a4a850a8513cc118cb370753dac097a100b72f3a334a41661bfc3d,exact_group,exact,1
ral_2026_general_075_005,rd_2026_general_revenue_13_02_01_69_15_3655100000,2026_general_expenditure_03_01_03_06_01,2026_general_expenditure_03_01_03,general,障害者自立支援給付,障害者自立支援給付,369,75,143,matched,page_and_exact_name,not_available,,r8tousyoyosanallpage.pdf,"15 雇用施策との連携による重度障害者等就労支援特別事業(障害福祉部) 10,030
充当事業:障害者自立支援給付・P369",target_page_account_and_exact_name_unique;page_offset=2,bpi_be7553f41733bb99a982ad78c0f0049f541fe54a9cecd4ab5b6af2973d55ff32,exact_group,exact,1
ral_2026_general_075_006,rd_2026_general_revenue_13_02_01_69_16_3655300000,2026_general_expenditure_03_01_03_03_25,2026_general_expenditure_03_01_03,general,精神障害者ピアサポート支援事業,精神障害者ピアサポート支援事業,367,75,143,matched,page_and_exact_name,not_available,,r8tousyoyosanallpage.pdf,"16 精神障害・地域包括ケアシステム推進(精神障害者ピアサポート)(障害福祉部) 6,365
充当事業:精神障害者ピアサポート支援事業・P367",target_page_account_and_exact_name_unique;page_offset=0,bpi_f8d3c953cd52e3e0d3810602fe6c37cda8a278653756b74d57ed2ac5e6e211c5,exact_group,exact,1
ral_2026_general_075_007,rd_2026_general_revenue_13_02_01_71_02_3665150000,2026_general_expenditure_03_02_01_01_37,2026_general_expenditure_03_02_01,general,青少年交流センターでの若者の主体的な活動の推進,青少年交流センターでの若者の主体的な活動の推進,377,75,143,matched,page_and_exact_name,not_available,,r8tousyoyosanallpage.pdf,"2 地域少子化対策重点推進事業(子ども・若者部) 515
充当事業:青少年交流センターでの若者の主体的な活動の推進・P377",target_page_account_and_exact_name_unique;page_offset=2,bpi_db51b5e9151e467a28cb8afb1b75fac74f19c50d30b713c2229fe408a92d90e3,exact_group,exact,1
ral_2026_general_075_008,rd_2026_general_revenue_13_02_01_73_06_3665500000,2026_general_expenditure_03_02_01_01_54,2026_general_expenditure_03_02_01,general,ひとり親家庭への支援,ひとり親家庭への支援,377,75,143,matched,page_and_exact_name,not_available,,r8tousyoyosanallpage.pdf,"6 ひとり親家庭への総合的な支援のための相談窓口の強化事業(子ども・若者部) 3,269
充当事業:ひとり親家庭への支援・P377",target_page_account_and_exact_name_unique;page_offset=2,bpi_41040ca747d4a337137a00fa3d6aead795e46721cd32e0936d92cdb3f6a7b468,exact_group,exact,1
ral_2026_general_075_009,rd_2026_general_revenue_13_02_01_73_08_3665500000,2026_general_expenditure_03_02_01_01_54,2026_general_expenditure_03_02_01,general,ひとり親家庭への支援,ひとり親家庭への支援,377,75,143,matched,page_and_exact_name,not_available,,r8tousyoyosanallpage.pdf,"8 離婚前後家庭支援事業(子ども・若者部) 1,355
充当事業:ひとり親家庭への支援・P377",target_page_account_and_exact_name_unique;page_offset=2,bpi_41040ca747d4a337137a00fa3d6aead795e46721cd32e0936d92cdb3f6a7b468,exact_group,exact,1
ral_2026_general_075_010,rd_2026_general_revenue_13_02_01_73_09_3665500000,2026_general_expenditure_03_02_01_01_54,2026_general_expenditure_03_02_01,general,ひとり親家庭への支援,ひとり親家庭への支援,377,75,143,matched,page_and_exact_name,not_available,,r8tousyoyosanallpage.pdf,"9 ひとり親家庭等就業・自立支援事業(子ども・若者部) 436
充当事業:ひとり親家庭への支援・P377",target_page_account_and_exact_name_unique;page_offset=2,bpi_41040ca747d4a337137a00fa3d6aead795e46721cd32e0936d92cdb3f6a7b468,exact_group,exact,1
ral_2026_general_075_011,rd_2026_general_revenue_13_02_01_73_10_3665500000,2026_general_expenditure_03_02_01_01_54,2026_general_expenditure_03_02_01,general,ひとり親家庭への支援,ひとり親家庭への支援,377,75,143,matched,page_and_exact_name,not_available,,r8tousyoyosanallpage.pdf,"10 母子家庭自立支援給付金及び父子家庭自立支援給付金事業(子ども・若者部) 50,200
充当事業:ひとり親家庭への支援・P377",target_page_account_and_exact_name_unique;page_offset=2,bpi_41040ca747d4a337137a00fa3d6aead795e46721cd32e0936d92cdb3f6a7b468,exact_group,exact,1
ral_2026_general_075_012,rd_2026_general_revenue_13_02_01_78_01_3655200000,2026_general_expenditure_03_01_16_01_30,2026_general_expenditure_03_01_16,general,地域活動支援センター運営助成,地域活動支援センター運営助成,369,75,143,matched,page_and_exact_name,not_available,,r8tousyoyosanallpage.pdf,"1 地域活動支援センター(障害福祉部) 7,500
充当事業:地域活動支援センター運営助成・P369",target_page_account_and_exact_name_unique;page_offset=0,bpi_8022f874cd03bd0d45b36bfc6e8e5dcb3b3e3ca7d07c159d7c6242e498985685,exact_group,exact,1
ral_2026_general_075_013,rd_2026_general_revenue_13_02_01_78_02_3655300000,2026_general_expenditure_03_01_03_03_20,2026_general_expenditure_03_01_03,general,障害者相談支援,障害者相談支援,367,75,143,matched,page_and_exact_name,not_available,,r8tousyoyosanallpage.pdf,"2 相談支援(機能強化事業)(障害福祉部) 73,065
充当事業:障害者相談支援・P367",target_page_account_and_exact_name_unique;page_offset=0,bpi_fd92a91d10b5432e3dcf7886f17e6641d8fc90ba5437e5ab5f5a6c5574eca3bf,exact_group,exact,1
ral_2026_general_075_014,rd_2026_general_revenue_13_02_01_78_03_3655300000,2026_general_expenditure_03_01_03_04_16,2026_general_expenditure_03_01_03,general,基幹相談支援センター事業運営,基幹相談支援センター事業運営,369,75,143,matched,page_and_exact_name,not_available,,r8tousyoyosanallpage.pdf,"3 相談支援(基幹相談支援センター)(障害福祉部) 10,899
充当事業:基幹相談支援センター事業運営・P369",target_page_account_and_exact_name_unique;page_offset=2,bpi_ec20c8eb551522aad785dd39ca3def6440a30e8e84962e2a939e4114839d4e74,exact_group,exact,1
ral_2026_general_075_015,rd_2026_general_revenue_13_02_01_78_04_3655300000,2026_general_expenditure_03_01_03_04_18,2026_general_expenditure_03_01_03,general,障害者専門相談事業運営,障害者専門相談事業運営,369,75,143,matched,page_and_exact_name,not_available,,r8tousyoyosanallpage.pdf,"4 相談支援(保健センター障害者専門相談)(障害福祉部) 29,705
充当事業:障害者専門相談事業運営・P369",target_page_account_and_exact_name_unique;page_offset=2,bpi_c0518452b8effd4f79e81a32125ad81611708108cc1319ae3bdae965689d37fa,exact_group,exact,1
ral_2026_general_075_016,rd_2026_general_revenue_13_02_01_78_05_3655300000,2026_general_expenditure_03_01_03_04_19,2026_general_expenditure_03_01_03,general,乳幼児育成相談事業運営,乳幼児育成相談事業運営,369,75,143,matched,page_and_exact_name,not_available,,r8tousyoyosanallpage.pdf,"5 相談支援(保健センター乳幼児育成相談)(障害福祉部) 31,978
充当事業:乳幼児育成相談事業運営・P369",target_page_account_and_exact_name_unique;page_offset=2,bpi_11bb8e55b2855b6d81e581900bc84042892fc68e33d0aa825cc4ddd41f2fbaa7,exact_group,exact,1
ral_2026_general_076_001,rd_2026_general_revenue_13_02_01_78_07_3665580000,2026_general_expenditure_03_02_05_01_01,2026_general_expenditure_03_02_05,general,区立保育園運営,区立保育園運営,381,76,145,matched,page_and_exact_name,not_available,,r8tousyoyosanallpage.pdf,"7 地域子育て支援拠点事業(区立保育園)(子ども・若者部) 22,029
充当事業:区立保育園運営・P381",target_page_account_and_exact_name_unique;page_offset=0,bpi_cd88696d105d5fd4493ad43119716ef01897dc1ccd62a75e668a2c9179db33a0,exact_group,exact,1
ral_2026_general_076_002,rd_2026_general_revenue_13_02_01_78_08_3665500000,2026_general_expenditure_03_02_01_01_26,2026_general_expenditure_03_02_01,general,在宅子育て支援,在宅子育て支援,375,76,145,matched,page_and_exact_name,not_available,,r8tousyoyosanallpage.pdf,"8 利用者支援事業(子ども・若者部) 89,304
充当事業:在宅子育て支援・P375",target_page_account_and_exact_name_unique;page_offset=0,bpi_8a0f54d9e647e1a2b62e1075cb7040e5db102777c0d4afc9e87058e56ea4e4fb,exact_group,exact,1
ral_2026_general_076_003,rd_2026_general_revenue_13_02_01_78_09_3665500000,2026_general_expenditure_03_02_01_01_42,2026_general_expenditure_03_02_01,general,子育てつどいの広場,子育てつどいの広場,377,76,145,matched,page_and_exact_name,not_available,,r8tousyoyosanallpage.pdf,"9 地域子育て支援拠点事業(単独施設)(子ども・若者部) 166,185
充当事業:子育てつどいの広場・P377",target_page_account_and_exact_name_unique;page_offset=2,bpi_621484ebbe2396c3165c332904394c6fe8b24bbae3809b705562a4f0e56fcef1,exact_group,exact,1
ral_2026_general_076_004,rd_2026_general_revenue_13_02_01_78_10_3665500000,2026_general_expenditure_03_02_01_01_33,2026_general_expenditure_03_02_01,general,子育てステーション事業,子育てステーション事業,375,76,145,matched,page_and_exact_name,not_available,,r8tousyoyosanallpage.pdf,"10 地域子育て支援拠点事業(子育てステーション)(子ども・若者部) 25,548
充当事業:子育てステーション事業・P375",target_page_account_and_exact_name_unique;page_offset=0,bpi_5cad8d56f77ca5cbc11b574d0c840a191a1ad7de1764742ff81be502f4b47192,exact_group,exact,1
ral_2026_general_076_005,rd_2026_general_revenue_13_02_01_78_11_3665200000,2026_general_expenditure_03_02_06_01_04,2026_general_expenditure_03_02_06,general,児童館在宅子育て支援,児童館在宅子育て支援,383,76,145,matched,page_and_exact_name,not_available,,r8tousyoyosanallpage.pdf,"11 地域子育て支援拠点事業(児童館)(子ども・若者部) 5,580
充当事業:児童館在宅子育て支援・P383",target_page_account_and_exact_name_unique;page_offset=0,bpi_6f4fd04431873b0d80c1d64857234adf6489821b2e201a14c968a03cea97d880,exact_group,exact,1
ral_2026_general_076_006,rd_2026_general_revenue_13_02_01_78_14_3595200000,2026_general_expenditure_03_01_01_03_92,2026_general_expenditure_03_01_01,general,生活困窮者自立促進支援事業,生活困窮者自立促進支援事業,359,76,145,matched,page_and_exact_name,not_available,,r8tousyoyosanallpage.pdf,"14 生活困窮者就労準備支援事業(保健福祉政策部) 1,276
充当事業:生活困窮者自立促進支援事業・P359",target_page_account_and_exact_name_unique;page_offset=2,bpi_8e78b4300e3721219224ec405cc4afb7ac5cddccc085bca5669a671b66611c6b,exact_group,exact,1
ral_2026_general_076_007,rd_2026_general_revenue_13_02_01_78_16_3645300000,2026_general_expenditure_03_01_02_08_01,2026_general_expenditure_03_01_02,general,地域包括支援センター運営委託,地域包括支援センター運営委託,365,76,145,matched,page_and_exact_name,not_available,,r8tousyoyosanallpage.pdf,"16 地域包括支援センター運営(高齢福祉部) 276,134
充当事業:地域包括支援センター運営委託・P365",target_page_account_and_exact_name_unique;page_offset=2,bpi_4bf6a4b7dc1193b7912000d17491a175e96d19dc6e40e9d646a58acdb6e07378,exact_group,exact,1
ral_2026_general_076_008,rd_2026_general_revenue_13_02_01_78_17_3645300000,2026_general_expenditure_03_01_02_08_02,2026_general_expenditure_03_01_02,general,あんしん見守り事業,あんしん見守り事業,365,76,145,matched,page_and_exact_name,not_available,,r8tousyoyosanallpage.pdf,"17 あんしん見守り事業(高齢福祉部) 51,630
充当事業:あんしん見守り事業・P365",target_page_account_and_exact_name_unique;page_offset=2,bpi_233e8dfc6624f18fd57f88bbb5753e40aeaddeadc05a3fe42abbb54c91d131f9,exact_group,exact,1
ral_2026_general_076_009,rd_2026_general_revenue_13_02_01_78_18_3645300000,2026_general_expenditure_03_01_02_08_03,2026_general_expenditure_03_01_02,general,生活支援体制整備事業,生活支援体制整備事業,365,76,145,matched,page_and_exact_name,not_available,,r8tousyoyosanallpage.pdf,"18 生活支援体制整備事業(高齢福祉部) 46,200
充当事業:生活支援体制整備事業・P365",target_page_account_and_exact_name_unique;page_offset=2,bpi_bd482fb02dfd2b7d23b6056c43a42481a34645424e6f602e8933258d5dfd38a4,exact_group,exact,1
ral_2026_general_076_010,rd_2026_general_revenue_13_02_01_78_19_3645300000,2026_general_expenditure_03_01_02_08_04,2026_general_expenditure_03_01_02,general,一般介護予防事業,一般介護予防事業,365,76,145,matched,page_and_exact_name,not_available,,r8tousyoyosanallpage.pdf,"19 一般介護予防事業(地域づくり支援)(高齢福祉部) 11,146
充当事業:一般介護予防事業・P365",target_page_account_and_exact_name_unique;page_offset=2,bpi_2bc4b15ad40b4a07db248a5de038814f366a8a31e49a024262823083bd3fd9ea,exact_group,exact,1
ral_2026_general_076_011,rd_2026_general_revenue_13_02_01_78_20_3645200000,2026_general_expenditure_03_01_02_08_05,2026_general_expenditure_03_01_02,general,シニアボランティアポイント事業,シニアボランティアポイント事業,365,76,145,matched,page_and_exact_name,not_available,,r8tousyoyosanallpage.pdf,"20 シニアボランティアポイント事業(高齢福祉部) 586
充当事業:シニアボランティアポイント事業・P365",target_page_account_and_exact_name_unique;page_offset=2,bpi_546e83b12fc9d686cd316c2682140b2a5643f16ea9b91f6e400bc79a5f1ccd37,exact_group,exact,1
ral_2026_general_076_012,rd_2026_general_revenue_13_02_01_78_26_3595200000,2026_general_expenditure_03_01_01_06_21,2026_general_expenditure_03_01_01,general,ひきこもり対策,ひきこもり対策,361,76,145,matched,page_and_exact_name,not_available,,r8tousyoyosanallpage.pdf,"26 生活困窮者就労準備支援事業(保健福祉政策部) 1,174
充当事業:ひきこもり対策・P361",target_page_account_and_exact_name_unique;page_offset=4,bpi_58995cec2dd99a6ad5fb4331cc06bf33677954681bdf66df79c30f911d65a868,exact_group,exact,1
ral_2026_general_076_013,rd_2026_general_revenue_13_02_01_78_29_3595200000,2026_general_expenditure_03_01_01_03_94,2026_general_expenditure_03_01_01,general,地域福祉資源開発事業,地域福祉資源開発事業,361,76,145,matched,page_and_exact_name,not_available,,r8tousyoyosanallpage.pdf,"29 多機関協働事業(保健福祉政策部) 27,500
充当事業:地域福祉資源開発事業・P361",target_page_account_and_exact_name_unique;page_offset=4,bpi_62717f81d312e852c8baec4fd5cffa73054a97dc214e440199a8ae0908c28e00,exact_group,exact,1
ral_2026_general_076_014,rd_2026_general_revenue_13_02_01_78_30_3665570000,2026_general_expenditure_03_02_01_01_04,2026_general_expenditure_03_02_01,general,子ども家庭支援センター運営事業,子ども家庭支援センター運営事業,375,76,145,matched,page_and_exact_name,not_available,,r8tousyoyosanallpage.pdf,"30 利用者支援事業(こども家庭センター型)(子ども・若者部) 40,316
充当事業:子ども家庭支援センター運営事業・P375",target_page_account_and_exact_name_unique;page_offset=0,bpi_ddff1041ff24ce4ef51cc14e284644c4cafd542812826a38e7001236cadb04b8,exact_group,exact,1
ral_2026_general_076_015,rd_2026_general_revenue_13_02_01_78_30_3665570000,,2026_general_expenditure_09_01_03,general,会計年度任用職員の人件費(子ども・若者部),会計年度任用職員の人件費（子ども・若者部）,469,76,145,matched,page_name_department_identity_cluster,not_available,,r8tousyoyosanallpage.pdf,"30 利用者支援事業(こども家庭センター型)(子ども・若者部) 40,316
充当事業:会計年度任用職員の人件費(子ども・若者部)・P469",official_pdf_does_not_identify_internal_budget_program_group,bpi_b20577636fe2f4187fd662b1f0fc27c1a15b49e5c5e258c012206f3f329eb489,public_identity,not_distinguishable_from_public_source,2
ral_2026_general_076_016,rd_2026_general_revenue_13_02_01_78_31_3665150000,2026_general_expenditure_03_02_01_01_37,2026_general_expenditure_03_02_01,general,青少年交流センターでの若者の主体的な活動の推進,青少年交流センターでの若者の主体的な活動の推進,377,76,145,matched,page_and_exact_name,not_available,,r8tousyoyosanallpage.pdf,"31 生活困窮者支援等のための地域づくり事業(青少年交流センター)(子ども・若者部) 1,134
充当事業:青少年交流センターでの若者の主体的な活動の推進・P377",target_page_account_and_exact_name_unique;page_offset=2,bpi_db51b5e9151e467a28cb8afb1b75fac74f19c50d30b713c2229fe408a92d90e3,exact_group,exact,1
ral_2026_general_076_017,rd_2026_general_revenue_13_02_01_78_32_3785200000,2026_general_expenditure_05_03_05_01_09,2026_general_expenditure_05_03_05,general,母子保健知識等の普及と啓発,母子保健知識等の普及と啓発,405,76,145,matched,page_and_exact_name,not_available,,r8tousyoyosanallpage.pdf,"32 利用者支援事業(こども家庭センター型)(世田谷保健所) 41,063
充当事業:母子保健知識等の普及と啓発・P405",target_page_account_and_exact_name_unique;page_offset=0,bpi_d61daf79353f3f19f6f1052baa04cb594662427887ed92f6af0f909f54216ea4,exact_group,exact,1
ral_2026_general_076_018,rd_2026_general_revenue_13_02_01_78_34_3665150000,2026_general_expenditure_03_02_01_01_37,2026_general_expenditure_03_02_01,general,青少年交流センターでの若者の主体的な活動の推進,青少年交流センターでの若者の主体的な活動の推進,377,76,145,matched,page_and_exact_name,not_available,,r8tousyoyosanallpage.pdf,"34 地域子育て支援拠点事業(青少年交流センター)(子ども・若者部) 714
充当事業:青少年交流センターでの若者の主体的な活動の推進・P377",target_page_account_and_exact_name_unique;page_offset=2,bpi_db51b5e9151e467a28cb8afb1b75fac74f19c50d30b713c2229fe408a92d90e3,exact_group,exact,1
ral_2026_general_076_019,rd_2026_general_revenue_13_02_01_91_03_3405350000,,2026_general_expenditure_09_01_02,general,会計年度任用職員の人件費(生活文化政策部),会計年度任用職員の人件費（生活文化政策部）,467,76,145,matched,page_name_department_identity_cluster,not_available,,r8tousyoyosanallpage.pdf,"3 困難な問題を抱える女性への支援体制構築事業(生活文化政策部) 13,868
充当事業:会計年度任用職員の人件費(生活文化政策部)・P467",official_pdf_does_not_identify_internal_budget_program_group,bpi_980ce9b70e37b092adb0d85b25c10ed7a4c4a19e87b3a53d40a768a182ae7832,public_identity,not_distinguishable_from_public_source,2
ral_2026_general_076_020,rd_2026_general_revenue_13_02_01_91_04_3405450000,2026_general_expenditure_02_03_01_05_07,2026_general_expenditure_02_03_01,general,DV防止・困難な問題を抱える女性支援事業,ＤＶ防止・困難な問題を抱える女性支援事業,331,76,145,matched,page_and_normalized_name,not_available,,r8tousyoyosanallpage.pdf,"4 困難女性支援活動・DV対策機能強化事業(生活文化政策部) 137
充当事業:DV防止・困難な問題を抱える女性支援事業・P331",target_page_account_and_nfkc_name_unique;page_offset=4,bpi_2e566fd2f0ccb408d7bfaa68296fa51b599f9bc4f52d920690ad759974f523a5,exact_group,exact,1
ral_2026_general_077_001,rd_2026_general_revenue_13_02_01_92_01_3405450000,2026_general_expenditure_02_03_01_05_02,2026_general_expenditure_02_03_01,general,男女共同参画社会推進事業,男女共同参画社会推進事業,329,77,147,matched,page_and_exact_name,not_available,,r8tousyoyosanallpage.pdf,"1 女性活躍推進等事業(生活文化政策部) 954
充当事業:男女共同参画社会推進事業・P329",target_page_account_and_exact_name_unique;page_offset=2,bpi_d69c8f3868a0459dace69418c364dbc0bdef2f61b764508ff66a0b74f8559153,exact_group,exact,1
ral_2026_general_077_002,rd_2026_general_revenue_13_02_01_92_03_3405450000,2026_general_expenditure_02_03_01_05_01,2026_general_expenditure_02_03_01,general,男女共同参画センター維持運営,男女共同参画センター維持運営,329,77,147,matched,page_and_exact_name,not_available,,r8tousyoyosanallpage.pdf,"3 女性活躍推進等事業(生活文化政策部) 350
充当事業:男女共同参画センター維持運営・P329",target_page_account_and_exact_name_unique;page_offset=2,bpi_278dffbda09304351acfab039b899b7c50f427b95392196fde4ea6708daa2c0c,exact_group,exact,1
ral_2026_general_077_003,rd_2026_general_revenue_13_02_01_93_02_3665570000,2026_general_expenditure_03_02_01_01_24,2026_general_expenditure_03_02_01,general,セーフティネットの整備,セーフティネットの整備,375,77,147,matched,page_and_exact_name,not_available,,r8tousyoyosanallpage.pdf,"2 こども家庭ソーシャルワーカー取得促進事業(子ども・若者部) 344
充当事業:セーフティネットの整備・P375",target_page_account_and_exact_name_unique;page_offset=0,bpi_d95351e271cf75f188df86946de66bcfd7376720c26b8ddb88f990c93677f157,exact_group,exact,1
ral_2026_general_077_004,rd_2026_general_revenue_13_02_01_93_03_3655300000,2026_general_expenditure_03_01_16_01_40,2026_general_expenditure_03_01_16,general,配慮を要する児童への支援事業,配慮を要する児童への支援事業,371,77,147,matched,page_and_exact_name,not_available,,r8tousyoyosanallpage.pdf,"3 巡回支援専門員整備事業(発達障害相談・療育センター)(障害福祉部) 1,663
充当事業:配慮を要する児童への支援事業・P371",target_page_account_and_exact_name_unique;page_offset=2,bpi_a0e9577342786c020a22796e2cca204df41dd09fdff99b7b54416d3fb2c87a9b,exact_group,exact,1
ral_2026_general_077_005,rd_2026_general_revenue_13_02_01_93_04_3655300000,2026_general_expenditure_03_01_03_04_20,2026_general_expenditure_03_01_03,general,技術支援(児童福祉施設)事業運営,技術支援（児童福祉施設）事業運営,369,77,147,matched,page_and_normalized_name,not_available,,r8tousyoyosanallpage.pdf,"4 巡回支援専門員整備事業(梅ヶ丘拠点障害者支援施設)(障害福祉部) 1,123
充当事業:技術支援(児童福祉施設)事業運営・P369",target_page_account_and_nfkc_name_unique;page_offset=2,bpi_f4b6bdcfa52a682c9e5acf43772c7da3616cfc7762e5e722da3ae93ed6d7062f,exact_group,exact,1
ral_2026_general_077_006,rd_2026_general_revenue_13_02_01_93_06_3695150000,2026_general_expenditure_03_02_13_01_02,2026_general_expenditure_03_02_13,general,児童相談所運営,児童相談所運営,385,77,147,matched,page_and_exact_name,not_available,,r8tousyoyosanallpage.pdf,"6 医療的機能強化等事業(児童相談所) 3,921
充当事業:児童相談所運営・P385",target_page_account_and_exact_name_unique;page_offset=0,bpi_9ce68288146421160d150f61736011a92a8522f802ee0559b3e9a2fafbaa21da,exact_group,exact,1
ral_2026_general_077_007,rd_2026_general_revenue_13_02_01_93_07_3695150000,2026_general_expenditure_03_02_13_01_02,2026_general_expenditure_03_02_13,general,児童相談所運営,児童相談所運営,385,77,147,matched,page_and_exact_name,not_available,,r8tousyoyosanallpage.pdf,"7 法的対応機能強化事業(児童相談所) 3,564
充当事業:児童相談所運営・P385",target_page_account_and_exact_name_unique;page_offset=0,bpi_9ce68288146421160d150f61736011a92a8522f802ee0559b3e9a2fafbaa21da,exact_group,exact,1
ral_2026_general_077_008,rd_2026_general_revenue_13_02_01_93_08_3695150000,2026_general_expenditure_03_02_13_01_02,2026_general_expenditure_03_02_13,general,児童相談所運営,児童相談所運営,385,77,147,matched,page_and_exact_name,not_available,,r8tousyoyosanallpage.pdf,"8 児童虐待防止対策事業(児童相談所) 15,896
充当事業:児童相談所運営・P385",target_page_account_and_exact_name_unique;page_offset=0,bpi_9ce68288146421160d150f61736011a92a8522f802ee0559b3e9a2fafbaa21da,exact_group,exact,1
ral_2026_general_077_009,rd_2026_general_revenue_13_02_01_93_09_3695150000,2026_general_expenditure_03_02_13_01_02,2026_general_expenditure_03_02_13,general,児童相談所運営,児童相談所運営,385,77,147,matched,page_and_exact_name,not_available,,r8tousyoyosanallpage.pdf,"9 未成年後見人支援事業(児童相談所) 252
充当事業:児童相談所運営・P385",target_page_account_and_exact_name_unique;page_offset=0,bpi_9ce68288146421160d150f61736011a92a8522f802ee0559b3e9a2fafbaa21da,exact_group,exact,1
ral_2026_general_077_010,rd_2026_general_revenue_13_02_01_93_10_3695200000,2026_general_expenditure_03_02_13_01_03,2026_general_expenditure_03_02_13,general,一時保護所運営,一時保護所運営,385,77,147,matched,page_and_exact_name,not_available,,r8tousyoyosanallpage.pdf,"10 一時保護所運営(児童相談所) 4,087
充当事業:一時保護所運営・P385",target_page_account_and_exact_name_unique;page_offset=0,bpi_fc60bc95c3bffd8dff1a88c4f6aa8db1a51fbd09526f8780f3129c482980bd34,exact_group,exact,1
ral_2026_general_077_011,rd_2026_general_revenue_13_02_01_93_11_3695200000,2026_general_expenditure_03_02_13_01_03,2026_general_expenditure_03_02_13,general,一時保護所運営,一時保護所運営,385,77,147,matched,page_and_exact_name,not_available,,r8tousyoyosanallpage.pdf,"11 学習支援(児童相談所) 4,803
充当事業:一時保護所運営・P385",target_page_account_and_exact_name_unique;page_offset=0,bpi_fc60bc95c3bffd8dff1a88c4f6aa8db1a51fbd09526f8780f3129c482980bd34,exact_group,exact,1
ral_2026_general_077_012,rd_2026_general_revenue_13_02_01_93_12_3665500000,2026_general_expenditure_03_02_01_01_88,2026_general_expenditure_03_02_01,general,生活困難を抱える子どもと家庭への支援,生活困難を抱える子どもと家庭への支援,379,77,147,matched,page_and_exact_name,not_available,,r8tousyoyosanallpage.pdf,"12 ヤングケアラー支援体制強化事業(子ども・若者部) 16,425
充当事業:生活困難を抱える子どもと家庭への支援・P379",target_page_account_and_exact_name_unique;page_offset=4,bpi_0f09a7e1b773926a8014040783f429af5db10dd522350bea60f2728508375de0,exact_group,exact,1
ral_2026_general_077_013,rd_2026_general_revenue_13_02_01_93_13_3665500000,2026_general_expenditure_03_02_01_01_88,2026_general_expenditure_03_02_01,general,生活困難を抱える子どもと家庭への支援,生活困難を抱える子どもと家庭への支援,379,77,147,matched,page_and_exact_name,not_available,,r8tousyoyosanallpage.pdf,"13 児童虐待防止等のための広報啓発事業(子ども・若者部) 460
充当事業:生活困難を抱える子どもと家庭への支援・P379",target_page_account_and_exact_name_unique;page_offset=4,bpi_0f09a7e1b773926a8014040783f429af5db10dd522350bea60f2728508375de0,exact_group,exact,1
ral_2026_general_077_014,rd_2026_general_revenue_13_02_01_93_14_3665500000,2026_general_expenditure_03_02_01_01_54,2026_general_expenditure_03_02_01,general,ひとり親家庭への支援,ひとり親家庭への支援,377,77,147,matched,page_and_exact_name,not_available,,r8tousyoyosanallpage.pdf,"14 児童養護施設等の生活向上のための環境改善事業(子ども・若者部) 500
充当事業:ひとり親家庭への支援・P377",target_page_account_and_exact_name_unique;page_offset=2,bpi_41040ca747d4a337137a00fa3d6aead795e46721cd32e0936d92cdb3f6a7b468,exact_group,exact,1
ral_2026_general_077_015,rd_2026_general_revenue_13_02_01_93_15_3665500000,2026_general_expenditure_03_02_01_01_54,2026_general_expenditure_03_02_01,general,ひとり親家庭への支援,ひとり親家庭への支援,377,77,147,matched,page_and_exact_name,not_available,,r8tousyoyosanallpage.pdf,"15 乳児院等多機能化推進事業(子ども・若者部) 2,663
充当事業:ひとり親家庭への支援・P377",target_page_account_and_exact_name_unique;page_offset=2,bpi_41040ca747d4a337137a00fa3d6aead795e46721cd32e0936d92cdb3f6a7b468,exact_group,exact,1
ral_2026_general_077_016,rd_2026_general_revenue_13_02_01_93_16_3665500000,2026_general_expenditure_03_02_03_01_01,2026_general_expenditure_03_02_03,general,私立母子生活支援施設への保護委託,私立母子生活支援施設への保護委託,381,77,147,matched,page_and_exact_name,not_available,,r8tousyoyosanallpage.pdf,"16 児童養護施設等の生活向上のための環境改善事業(子ども・若者部) 670
充当事業:私立母子生活支援施設への保護委託・P381",target_page_account_and_exact_name_unique;page_offset=0,bpi_4a652a5e6ae80c14247f55b106c251c66720a51aefa7d1eb683419b0c968de2c,exact_group,exact,1
ral_2026_general_077_017,rd_2026_general_revenue_13_02_01_93_17_3665500000,2026_general_expenditure_03_02_03_01_01,2026_general_expenditure_03_02_03,general,私立母子生活支援施設への保護委託,私立母子生活支援施設への保護委託,381,77,147,matched,page_and_exact_name,not_available,,r8tousyoyosanallpage.pdf,"17 乳児院等多機能化推進事業(子ども・若者部) 2,663
充当事業:私立母子生活支援施設への保護委託・P381",target_page_account_and_exact_name_unique;page_offset=0,bpi_4a652a5e6ae80c14247f55b106c251c66720a51aefa7d1eb683419b0c968de2c,exact_group,exact,1
ral_2026_general_077_018,rd_2026_general_revenue_13_02_01_93_18_3665570000,2026_general_expenditure_03_02_01_01_04,2026_general_expenditure_03_02_01,general,子ども家庭支援センター運営事業,子ども家庭支援センター運営事業,375,77,147,matched,page_and_exact_name,not_available,,r8tousyoyosanallpage.pdf,"18 児童の安全確認等のための体制(子ども・若者部) 6,882
充当事業:子ども家庭支援センター運営事業・P375",target_page_account_and_exact_name_unique;page_offset=0,bpi_ddff1041ff24ce4ef51cc14e284644c4cafd542812826a38e7001236cadb04b8,exact_group,exact,1
ral_2026_general_078_001,rd_2026_general_revenue_13_02_01_93_19_3665570000,2026_general_expenditure_03_02_01_01_24,2026_general_expenditure_03_02_01,general,セーフティネットの整備,セーフティネットの整備,375,78,149,matched,page_and_exact_name,not_available,,r8tousyoyosanallpage.pdf,"19 児童虐待防止対策強化(子ども・若者部) 14,239
充当事業:セーフティネットの整備・P375",target_page_account_and_exact_name_unique;page_offset=0,bpi_d95351e271cf75f188df86946de66bcfd7376720c26b8ddb88f990c93677f157,exact_group,exact,1
ral_2026_general_078_002,rd_2026_general_revenue_13_02_01_93_20_3665570000,2026_general_expenditure_03_02_13_03_01,2026_general_expenditure_03_02_13,general,家庭養育の推進,家庭養育の推進,385,78,149,matched,page_and_exact_name,not_available,,r8tousyoyosanallpage.pdf,"20 里親養育包括支援事業(子ども・若者部) 16,145
充当事業:家庭養育の推進・P385",target_page_account_and_exact_name_unique;page_offset=0,bpi_a80f3aca602e6b276212fec3bb748fee3330717a619f89a48ded34456781d0b1,exact_group,exact,1
ral_2026_general_078_003,rd_2026_general_revenue_13_02_01_93_21_3665570000,2026_general_expenditure_03_02_13_03_02,2026_general_expenditure_03_02_13,general,児童養護施設等の体制強化事業,児童養護施設等の体制強化事業,385,78,149,matched,page_and_exact_name,not_available,,r8tousyoyosanallpage.pdf,"21 児童養護施設等の生活向上のための環境改善事業(子ども・若者部) 6,500
充当事業:児童養護施設等の体制強化事業・P385",target_page_account_and_exact_name_unique;page_offset=0,bpi_75b30aa8433aef837e3792c6df8ff7894421d482b3c266df0eb501a4f395164b,exact_group,exact,1
ral_2026_general_078_004,rd_2026_general_revenue_13_02_01_93_28_3695150000,2026_general_expenditure_03_02_13_01_02,2026_general_expenditure_03_02_13,general,児童相談所運営,児童相談所運営,385,78,149,matched,page_and_exact_name,not_available,,r8tousyoyosanallpage.pdf,"28 ひきこもり等児童福祉対策事業(児童相談所) 54
充当事業:児童相談所運営・P385",target_page_account_and_exact_name_unique;page_offset=0,bpi_9ce68288146421160d150f61736011a92a8522f802ee0559b3e9a2fafbaa21da,exact_group,exact,1
ral_2026_general_078_005,rd_2026_general_revenue_13_02_01_93_29_3695200000,2026_general_expenditure_03_02_13_01_03,2026_general_expenditure_03_02_13,general,一時保護所運営,一時保護所運営,385,78,149,matched,page_and_exact_name,not_available,,r8tousyoyosanallpage.pdf,"29 一時保護施設学習支援強化事業(児童相談所) 444
充当事業:一時保護所運営・P385",target_page_account_and_exact_name_unique;page_offset=0,bpi_fc60bc95c3bffd8dff1a88c4f6aa8db1a51fbd09526f8780f3129c482980bd34,exact_group,exact,1
ral_2026_general_078_006,rd_2026_general_revenue_13_02_01_93_30_3665570000,2026_general_expenditure_03_02_13_03_02,2026_general_expenditure_03_02_13,general,児童養護施設等の体制強化事業,児童養護施設等の体制強化事業,385,78,149,matched,page_and_exact_name,not_available,,r8tousyoyosanallpage.pdf,"30 身元保証人確保対策事業(子ども・若者部) 61
充当事業:児童養護施設等の体制強化事業・P385",target_page_account_and_exact_name_unique;page_offset=0,bpi_75b30aa8433aef837e3792c6df8ff7894421d482b3c266df0eb501a4f395164b,exact_group,exact,1
ral_2026_general_078_007,rd_2026_general_revenue_13_02_01_93_31_3695150000,2026_general_expenditure_03_02_13_01_02,2026_general_expenditure_03_02_13,general,児童相談所運営,児童相談所運営,385,78,149,matched,page_and_exact_name,not_available,,r8tousyoyosanallpage.pdf,"31 一時保護機能強化事業(児童相談所) 2,054
充当事業:児童相談所運営・P385",target_page_account_and_exact_name_unique;page_offset=0,bpi_9ce68288146421160d150f61736011a92a8522f802ee0559b3e9a2fafbaa21da,exact_group,exact,1
ral_2026_general_078_008,rd_2026_general_revenue_13_02_01_93_32_3665500000,2026_general_expenditure_03_02_01_01_42,2026_general_expenditure_03_02_01,general,子育てつどいの広場,子育てつどいの広場,377,78,149,matched,page_and_exact_name,not_available,,r8tousyoyosanallpage.pdf,"32 児童養護施設等の生活向上のための環境改善事業(子ども・若者部) 6,500
充当事業:子育てつどいの広場・P377",target_page_account_and_exact_name_unique;page_offset=2,bpi_621484ebbe2396c3165c332904394c6fe8b24bbae3809b705562a4f0e56fcef1,exact_group,exact,1
ral_2026_general_078_009,rd_2026_general_revenue_13_02_01_93_34_3665500000,2026_general_expenditure_03_02_03_01_01,2026_general_expenditure_03_02_03,general,私立母子生活支援施設への保護委託,私立母子生活支援施設への保護委託,381,78,149,matched,page_and_exact_name,not_available,,r8tousyoyosanallpage.pdf,"34 児童養護施設等体制強化事業(私立母子生活支援施設)(子ども・若者部) 4,534
充当事業:私立母子生活支援施設への保護委託・P381",target_page_account_and_exact_name_unique;page_offset=0,bpi_4a652a5e6ae80c14247f55b106c251c66720a51aefa7d1eb683419b0c968de2c,exact_group,exact,1
ral_2026_general_078_010,rd_2026_general_revenue_13_02_01_93_36_3665500000,2026_general_expenditure_03_02_01_01_54,2026_general_expenditure_03_02_01,general,ひとり親家庭への支援,ひとり親家庭への支援,377,78,149,matched,page_and_exact_name,not_available,,r8tousyoyosanallpage.pdf,"36 児童養護施設等体制強化事業(区立母子生活支援施設)(子ども・若者部) 767
充当事業:ひとり親家庭への支援・P377",target_page_account_and_exact_name_unique;page_offset=2,bpi_41040ca747d4a337137a00fa3d6aead795e46721cd32e0936d92cdb3f6a7b468,exact_group,exact,1
ral_2026_general_078_011,rd_2026_general_revenue_13_02_01_97_02_3665200000,2026_general_expenditure_03_02_01_01_99,2026_general_expenditure_03_02_01,general,児童館を拠点とした見守りネットワーク強化,児童館を拠点とした見守りネットワーク強化,379,78,149,matched,page_and_exact_name,not_available,,r8tousyoyosanallpage.pdf,"2 児童館を拠点とした見守りネットワーク強化(子ども・若者部) 1,892
充当事業:児童館を拠点とした見守りネットワーク強化・P379",target_page_account_and_exact_name_unique;page_offset=4,bpi_3618c9e0d1187b4e45eff6fe46814fc992f29fd6008a5a3b18e527e5d8104b4e,exact_group,exact,1
ral_2026_general_078_012,rd_2026_general_revenue_13_02_01_98_01_3665150000,2026_general_expenditure_03_02_01_01_73,2026_general_expenditure_03_02_01,general,若者支援事業運営,若者支援事業運営,377,78,149,matched,page_and_exact_name,not_available,,r8tousyoyosanallpage.pdf,"1 若者支援事業運営(子ども・若者部) 1,425
充当事業:若者支援事業運営・P377",target_page_account_and_exact_name_unique;page_offset=2,bpi_50641002dd75c11de57f97831543478862a77123cc86f1b85727907685e817b2,exact_group,exact,1
ral_2026_general_078_013,rd_2026_general_revenue_13_02_01_99_01_3665200000,2026_general_expenditure_03_02_06_01_03,2026_general_expenditure_03_02_06,general,学童クラブ運営,学童クラブ運営,383,78,149,matched,page_and_exact_name,not_available,,r8tousyoyosanallpage.pdf,"1 学童クラブ運営(子ども・若者部) 217,910
充当事業:学童クラブ運営・P383",target_page_account_and_exact_name_unique;page_offset=0,bpi_b3f0f775f7a8418d16387028882a91f33dd64c33e41cb23bb0bd6440c56bbacc,exact_group,exact,1
ral_2026_general_078_014,rd_2026_general_revenue_13_02_03_01_12_3785250000,2026_general_expenditure_05_03_07_03_01,2026_general_expenditure_05_03_07,general,結核対策,結核対策,407,78,149,matched,page_and_exact_name,not_available,,r8tousyoyosanallpage.pdf,"12 結核医療費公費負担(世田谷保健所) 1,120
充当事業:結核対策・P407",target_page_account_and_exact_name_unique;page_offset=0,bpi_5c98b6d127a5df2466f60b34c135019e133145be2ed4cdcfda7517a9e5a8f66c,exact_group,exact,1
ral_2026_general_078_015,rd_2026_general_revenue_13_02_03_01_13_3785250000,2026_general_expenditure_05_03_07_03_01,2026_general_expenditure_05_03_07,general,結核対策,結核対策,407,78,149,matched,page_and_exact_name,not_available,,r8tousyoyosanallpage.pdf,"13 結核対策特別促進事業(世田谷保健所) 1,204
充当事業:結核対策・P407",target_page_account_and_exact_name_unique;page_offset=0,bpi_5c98b6d127a5df2466f60b34c135019e133145be2ed4cdcfda7517a9e5a8f66c,exact_group,exact,1
ral_2026_general_078_016,rd_2026_general_revenue_13_02_03_11_06_3785250000,2026_general_expenditure_05_03_07_01_01,2026_general_expenditure_05_03_07,general,感染症対策,感染症対策,407,78,149,matched,page_and_exact_name,not_available,,r8tousyoyosanallpage.pdf,"6 感染症対策(世田谷保健所) 5,366
充当事業:感染症対策・P407",target_page_account_and_exact_name_unique;page_offset=0,bpi_62f1dddc29b8cddd4063da64d35288ca2207c2cfa6544bd8d7e43189f101bbc9,exact_group,exact,1
ral_2026_general_079_001,rd_2026_general_revenue_13_02_03_11_08_3785100000,2026_general_expenditure_05_03_03_01_13,2026_general_expenditure_05_03_03,general,肝炎ウイルス検診,肝炎ウイルス検診,403,79,151,matched,page_and_exact_name,not_available,,r8tousyoyosanallpage.pdf,"8 肝炎ウイルス検診(世田谷保健所) 631
充当事業:肝炎ウイルス検診・P403",target_page_account_and_exact_name_unique;page_offset=0,bpi_7722f6501856688d644174fd4007827655881db29a6a95d8e53e40d18d212801,exact_group,exact,1
ral_2026_general_079_002,rd_2026_general_revenue_13_02_03_11_10_3785250000,2026_general_expenditure_05_03_07_02_08,2026_general_expenditure_05_03_07,general,風しん抗体検査・予防接種,風しん抗体検査・予防接種,407,79,151,matched,page_and_exact_name,not_available,,r8tousyoyosanallpage.pdf,"10 感染症対策(世田谷保健所) 3,525
充当事業:風しん抗体検査・予防接種・P407",target_page_account_and_exact_name_unique;page_offset=0,bpi_940fe3b36800c495e469d7c944246ee8ca38fb2be20204db6f3941c8ef13d9ae,exact_group,exact,1
ral_2026_general_079_003,rd_2026_general_revenue_13_02_03_13_04_3785100000,2026_general_expenditure_05_03_03_01_04,2026_general_expenditure_05_03_03,general,がん検診,がん検診,403,79,151,matched,page_and_exact_name,not_available,,r8tousyoyosanallpage.pdf,"4 がん検診推進事業(世田谷保健所) 37,399
充当事業:がん検診・P403",target_page_account_and_exact_name_unique;page_offset=0,bpi_a55d19ad94a24877ec56cebf3c061844846b1552ddff6a48ff060c12029518ab,exact_group,exact,1
ral_2026_general_079_004,rd_2026_general_revenue_13_02_03_13_05_3785100000,2026_general_expenditure_05_03_03_01_12,2026_general_expenditure_05_03_03,general,がん対策,がん対策,403,79,151,matched,page_and_exact_name,not_available,,r8tousyoyosanallpage.pdf,"5 がん検診精密検査勧奨事業(世田谷保健所) 264
充当事業:がん対策・P403",target_page_account_and_exact_name_unique;page_offset=0,bpi_f4ae08ea0946a738eb94aaef252f5bd859491d86f5c401fd6cde4b1653670344,exact_group,exact,1
ral_2026_general_079_005,rd_2026_general_revenue_13_02_03_15_01_3785100000,2026_general_expenditure_05_02_01_01_04,2026_general_expenditure_05_02_01,general,健康せたがやプランの推進,健康せたがやプランの推進,401,79,151,matched,page_and_exact_name,not_available,,r8tousyoyosanallpage.pdf,"1 地域・職域連携推進事業費(世田谷保健所) 252
充当事業:健康せたがやプランの推進・P401",target_page_account_and_exact_name_unique;page_offset=0,bpi_7300d4c8f8c294bee3b0f60d201c07584718a389bb137f6a800e1058464bd0e2,exact_group,exact,1
ral_2026_general_079_006,rd_2026_general_revenue_13_02_03_15_02_3785100000,,2026_general_expenditure_09_01_05,general,会計年度任用職員の人件費(世田谷保健所),会計年度任用職員の人件費（世田谷保健所）,469,79,151,matched,page_name_department_identity_cluster,not_available,,r8tousyoyosanallpage.pdf,"2 地域保健従事者現任教育推進事業(世田谷保健所) 6,111
充当事業:会計年度任用職員の人件費(世田谷保健所)・P469",official_pdf_does_not_identify_internal_budget_program_group,bpi_11c09a256ac1f0b08b604ed1e947ffc80d0cb7edff4703759634a064845e0bd8,public_identity,not_distinguishable_from_public_source,2
ral_2026_general_079_007,rd_2026_general_revenue_13_02_03_16_03_3785250000,2026_general_expenditure_05_03_07_03_03,2026_general_expenditure_05_03_07,general,難病・被爆者対策,難病・被爆者対策,407,79,151,matched,page_and_exact_name,not_available,,r8tousyoyosanallpage.pdf,"3 難病患者地域支援対策推進事業(世田谷保健所) 991
充当事業:難病・被爆者対策・P407",target_page_account_and_exact_name_unique;page_offset=0,bpi_5f3a27a6b7fd6534f062b1abf0cff735b50ed918be3fa1c05ee445bed856d7c7,exact_group,exact,1
ral_2026_general_079_008,rd_2026_general_revenue_13_02_03_16_06_3785100000,2026_general_expenditure_05_02_01_01_08,2026_general_expenditure_05_02_01,general,受動喫煙対策,受動喫煙対策,401,79,151,matched,page_and_exact_name,not_available,,r8tousyoyosanallpage.pdf,"6 健康的な生活習慣づくり重点化事業(世田谷保健所) 32
充当事業:受動喫煙対策・P401",target_page_account_and_exact_name_unique;page_offset=0,bpi_2e4546101b6d6fb73aa2b44737576499d43580b7d223e97a60d1d59124ecefff,exact_group,exact,1
ral_2026_general_079_009,rd_2026_general_revenue_13_02_03_16_07_3785250000,2026_general_expenditure_05_03_07_02_02,2026_general_expenditure_05_03_07,general,高齢者インフルエンザ予防接種,高齢者インフルエンザ予防接種,407,79,151,matched,page_and_exact_name,not_available,,r8tousyoyosanallpage.pdf,"7 疾病予防対策事業費(高齢者インフルエンザ)(世田谷保健所) 3,014
充当事業:高齢者インフルエンザ予防接種・P407",target_page_account_and_exact_name_unique;page_offset=0,bpi_a7c4e411d30a3d8be794ed960d92a18a421756b7c17c1543eca6bbb72adfeec0,exact_group,exact,1
ral_2026_general_079_010,rd_2026_general_revenue_13_02_03_16_08_3785250000,2026_general_expenditure_05_03_07_02_03,2026_general_expenditure_05_03_07,general,子どもインフルエンザ予防接種助成,子どもインフルエンザ予防接種助成,407,79,151,matched,page_and_exact_name,not_available,,r8tousyoyosanallpage.pdf,"8 疾病予防対策事業費(子どもインフルエンザ)(世田谷保健所) 419
充当事業:子どもインフルエンザ予防接種助成・P407",target_page_account_and_exact_name_unique;page_offset=0,bpi_ad89754ffc3ce0f627bbb49195e0ef02db1d4078442edfb002ebbd73d2a67427,exact_group,exact,1
ral_2026_general_079_011,rd_2026_general_revenue_13_02_03_16_10_3785100000,2026_general_expenditure_05_02_01_01_01,2026_general_expenditure_05_02_01,general,健康危機管理体制の充実,健康危機管理体制の充実,401,79,151,matched,page_and_exact_name,not_available,,r8tousyoyosanallpage.pdf,"10 地域健康危機管理体制推進事業(世田谷保健所) 4,413
充当事業:健康危機管理体制の充実・P401",target_page_account_and_exact_name_unique;page_offset=0,bpi_1d3af683b99ba3f20ab8b10a197a71479b0bf1e8b3c21df1a686f3b9dfe16239,exact_group,exact,1
ral_2026_general_079_012,rd_2026_general_revenue_13_02_03_16_11_3785100000,2026_general_expenditure_05_04_01_01_01,2026_general_expenditure_05_04_01,general,臨床検査事業運営,臨床検査事業運営,409,79,151,matched,page_and_exact_name,not_available,,r8tousyoyosanallpage.pdf,"11 特定感染症検査等事業(世田谷保健所) 440
充当事業:臨床検査事業運営・P409",target_page_account_and_exact_name_unique;page_offset=0,bpi_1eda6e90e9f333dabbc832997f5293334d4f3b85ccd4505e3bd05cb8bc3342d5,exact_group,exact,1
ral_2026_general_079_013,rd_2026_general_revenue_13_02_03_17_01_3595150000,2026_general_expenditure_05_01_01_01_02,2026_general_expenditure_05_01_01,general,歯科保健サービスの充実,歯科保健サービスの充実,397,79,151,matched,page_and_exact_name,not_available,,r8tousyoyosanallpage.pdf,"1 8020運動・口腔保健推進事業(保健福祉政策部) 2,002
充当事業:歯科保健サービスの充実・P397",target_page_account_and_exact_name_unique;page_offset=0,bpi_1b8dbeef1041f1563316645117732ae7e0aae301fed2a8d47fd6f14f461e6b26,exact_group,exact,1
ral_2026_general_079_014,rd_2026_general_revenue_13_02_03_17_02_3785200000,2026_general_expenditure_05_03_03_01_01,2026_general_expenditure_05_03_03,general,歯科保健対策,歯科保健対策,403,79,151,matched,page_and_exact_name,not_available,,r8tousyoyosanallpage.pdf,"2 8020運動・口腔保健推進事業(世田谷保健所) 3,491
充当事業:歯科保健対策・P403",target_page_account_and_exact_name_unique;page_offset=0,bpi_d7412756349e656a6a593b41892bb4b1d64c17bbfbe91588d4dcc5216e4a1373,exact_group,exact,1
ral_2026_general_079_015,rd_2026_general_revenue_13_02_03_17_03_3785200000,2026_general_expenditure_05_03_05_01_06,2026_general_expenditure_05_03_05,general,乳幼児歯科健康診査,乳幼児歯科健康診査,405,79,151,matched,page_and_exact_name,not_available,,r8tousyoyosanallpage.pdf,"3 8020運動・口腔保健推進事業(世田谷保健所) 1,784
充当事業:乳幼児歯科健康診査・P405",target_page_account_and_exact_name_unique;page_offset=0,bpi_ba78249c5bb2911d14f4144fb5e7e36a9f71f6dd0a2e0c3b4e14a87920ea5f21,exact_group,exact,1
ral_2026_general_079_016,rd_2026_general_revenue_13_02_03_18_08_3785200000,2026_general_expenditure_05_03_05_01_18,2026_general_expenditure_05_03_05,general,地域と連携した両親学級の充実,地域と連携した両親学級の充実,405,79,151,matched,page_and_exact_name,not_available,,r8tousyoyosanallpage.pdf,"8 母子保健対策強化事業(世田谷保健所) 163
充当事業:地域と連携した両親学級の充実・P405",target_page_account_and_exact_name_unique;page_offset=0,bpi_7d02bd16b0727ffb9bad840a9e0524f0ae7059dc3017a672d8f333219473154c,exact_group,exact,1
ral_2026_general_079_017,rd_2026_general_revenue_13_02_03_18_09_3785200000,2026_general_expenditure_05_03_05_01_19,2026_general_expenditure_05_03_05,general,妊産婦及び乳幼児健康診査,妊産婦及び乳幼児健康診査,405,79,151,matched,page_and_exact_name,not_available,,r8tousyoyosanallpage.pdf,"9 母子保健対策強化事業(世田谷保健所) 17,133
充当事業:妊産婦及び乳幼児健康診査・P405",target_page_account_and_exact_name_unique;page_offset=0,bpi_f340c8d2add0c8aa5453fdc636d4baf00a4ce17827b8256ff3ba7d88891a0391,exact_group,exact,1
ral_2026_general_079_018,rd_2026_general_revenue_13_02_03_18_10_3785200000,2026_general_expenditure_05_03_05_01_19,2026_general_expenditure_05_03_05,general,妊産婦及び乳幼児健康診査,妊産婦及び乳幼児健康診査,405,79,151,matched,page_and_exact_name,not_available,,r8tousyoyosanallpage.pdf,"10 多胎妊娠の妊婦健康診査支援事業(世田谷保健所) 17
充当事業:妊産婦及び乳幼児健康診査・P405",target_page_account_and_exact_name_unique;page_offset=0,bpi_f340c8d2add0c8aa5453fdc636d4baf00a4ce17827b8256ff3ba7d88891a0391,exact_group,exact,1
ral_2026_general_079_019,rd_2026_general_revenue_13_02_03_18_11_3785200000,2026_general_expenditure_05_03_05_01_19,2026_general_expenditure_05_03_05,general,妊産婦及び乳幼児健康診査,妊産婦及び乳幼児健康診査,405,79,151,matched,page_and_exact_name,not_available,,r8tousyoyosanallpage.pdf,"11 産婦健康診査事業(世田谷保健所) 14,460
充当事業:妊産婦及び乳幼児健康診査・P405",target_page_account_and_exact_name_unique;page_offset=0,bpi_f340c8d2add0c8aa5453fdc636d4baf00a4ce17827b8256ff3ba7d88891a0391,exact_group,exact,1
ral_2026_general_079_020,rd_2026_general_revenue_13_02_03_18_12_3785200000,2026_general_expenditure_05_03_05_01_04,2026_general_expenditure_05_03_05,general,保健福祉センター乳幼児健康診査,保健福祉センター乳幼児健康診査,405,79,151,matched,page_and_exact_name,not_available,,r8tousyoyosanallpage.pdf,"12 5歳児健康診査支援事業(世田谷保健所) 16,000
充当事業:保健福祉センター乳幼児健康診査・P405",target_page_account_and_exact_name_unique;page_offset=0,bpi_5b81f5972cea6ff79f543e44af8b370f3a063be92084ed4a3563986cae211c08,exact_group,exact,1
ral_2026_general_080_001,rd_2026_general_revenue_13_02_03_19_01_3785250000,2026_general_expenditure_05_03_05_01_16,2026_general_expenditure_05_03_05,general,小児慢性特定疾病医療費給付,小児慢性特定疾病医療費給付,405,80,153,matched,page_and_exact_name,not_available,,r8tousyoyosanallpage.pdf,"1 小児慢性特定疾病医療事務費(世田谷保健所) 852
充当事業:小児慢性特定疾病医療費給付・P405",target_page_account_and_exact_name_unique;page_offset=0,bpi_3f03d32792476d76955fbfc7fb00a11d81c205d3b810e0f9cb58487821cc1277,exact_group,exact,1
ral_2026_general_080_002,rd_2026_general_revenue_13_02_03_24_01_3785200000,2026_general_expenditure_05_03_05_01_09,2026_general_expenditure_05_03_05,general,母子保健知識等の普及と啓発,母子保健知識等の普及と啓発,405,80,153,matched,page_and_exact_name,not_available,,r8tousyoyosanallpage.pdf,"1 妊婦のための支援給付金(世田谷保健所) 690,000
充当事業:母子保健知識等の普及と啓発・P405",target_page_account_and_exact_name_unique;page_offset=0,bpi_d61daf79353f3f19f6f1052baa04cb594662427887ed92f6af0f909f54216ea4,exact_group,exact,1
ral_2026_general_080_003,rd_2026_general_revenue_13_02_03_25_01_3785200000,2026_general_expenditure_05_03_05_01_09,2026_general_expenditure_05_03_05,general,母子保健知識等の普及と啓発,母子保健知識等の普及と啓発,405,80,153,matched,page_and_exact_name,not_available,,r8tousyoyosanallpage.pdf,"1 妊婦のための支援給付事業(世田谷保健所) 4,500
充当事業:母子保健知識等の普及と啓発・P405",target_page_account_and_exact_name_unique;page_offset=0,bpi_d61daf79353f3f19f6f1052baa04cb594662427887ed92f6af0f909f54216ea4,exact_group,exact,1
ral_2026_general_080_004,rd_2026_general_revenue_13_02_04_49_01_3465200000,2026_general_expenditure_04_02_01_01_08,2026_general_expenditure_04_02_01,general,公害防止等指導,公害防止等指導,391,80,153,matched,page_and_exact_name,not_available,,r8tousyoyosanallpage.pdf,"1 民間建築物アスベスト含有調査助成事業(環境政策部) 500
充当事業:公害防止等指導・P391",target_page_account_and_exact_name_unique;page_offset=0,bpi_4658188555b456ac837974a9ab5ae550e36508dcb00c6dda3d81b1c5a2080bc6,exact_group,exact,1
ral_2026_general_080_005,rd_2026_general_revenue_13_02_04_51_01_3835400000,2026_general_expenditure_07_04_02_01_28,2026_general_expenditure_07_04_02,general,公園用地買収,公園用地買収,433,80,153,matched,page_and_exact_name,not_available,,r8tousyoyosanallpage.pdf,"1 公園用地買収(みどり33推進担当部) 1,008,611
充当事業:公園用地買収・P433",target_page_account_and_exact_name_unique;page_offset=0,bpi_ce720411b75ae5899b46cd419717f8bde68af21c822bb2d7f2e57f1093a940af,exact_group,exact,1
ral_2026_general_080_006,rd_2026_general_revenue_13_02_04_51_02_3835300000,2026_general_expenditure_07_04_02_01_27,2026_general_expenditure_07_04_02,general,公園新設,公園新設,433,80,153,matched,page_and_exact_name,not_available,,r8tousyoyosanallpage.pdf,"2 公園新設(みどり33推進担当部) 27,650
充当事業:公園新設・P433",target_page_account_and_exact_name_unique;page_offset=0,bpi_91675a8aa0cff4b45d59f28cb96d43ead49684d25d0e1b8ff3933891522c6979,exact_group,exact,1
ral_2026_general_080_007,rd_2026_general_revenue_13_02_04_51_14_3865300000,2026_general_expenditure_07_02_03_02_13,2026_general_expenditure_07_02_03,general,主要生活道路用地取得,主要生活道路用地取得,425,80,153,matched,page_and_exact_name,not_available,,r8tousyoyosanallpage.pdf,"14 主要生活道路(交通安全施設整備)(道路・交通計画部) 79,185
充当事業:主要生活道路用地取得・P425",target_page_account_and_exact_name_unique;page_offset=2,bpi_943d72093f7e1285883a93621895adc8699442f741b6d47a91b9b26f5912dee7,exact_group,exact,1
ral_2026_general_080_008,rd_2026_general_revenue_13_02_04_51_16_3865300000,2026_general_expenditure_07_02_03_02_13,2026_general_expenditure_07_02_03,general,主要生活道路用地取得,主要生活道路用地取得,425,80,153,matched,page_and_exact_name,not_available,,r8tousyoyosanallpage.pdf,"16 主要生活道路(住市総)(道路・交通計画部) 67,500
充当事業:主要生活道路用地取得・P425",target_page_account_and_exact_name_unique;page_offset=2,bpi_943d72093f7e1285883a93621895adc8699442f741b6d47a91b9b26f5912dee7,exact_group,exact,1
ral_2026_general_080_009,rd_2026_general_revenue_13_02_04_51_17_3865300000,2026_general_expenditure_07_02_03_02_02,2026_general_expenditure_07_02_03,general,地先道路用地取得,地先道路用地取得,423,80,153,matched,page_and_exact_name,not_available,,r8tousyoyosanallpage.pdf,"17 地先道路(住市総)(道路・交通計画部) 237,141
充当事業:地先道路用地取得・P423",target_page_account_and_exact_name_unique;page_offset=0,bpi_27af1b6cb664b0154a21f6f0b2b29dd229ec15ff8608943d265be234339f4c72,exact_group,exact,1
ral_2026_general_080_010,rd_2026_general_revenue_13_02_04_51_25_3825100000,2026_general_expenditure_07_05_01_01_04,2026_general_expenditure_07_05_01,general,建築物耐震診断・補強工事,建築物耐震診断・補強工事,435,80,153,matched,page_and_exact_name,not_available,,r8tousyoyosanallpage.pdf,"25 建築物耐震診断・補強工事(防災街づくり担当部) 129,111
充当事業:建築物耐震診断・補強工事・P435",target_page_account_and_exact_name_unique;page_offset=0,bpi_ceba32d2896c0b79cc87f23b0b11c83443b5564545d248c2c8bf8365882710b7,exact_group,exact,1
ral_2026_general_080_011,rd_2026_general_revenue_13_02_04_51_26_3815450000,2026_general_expenditure_07_05_02_01_05,2026_general_expenditure_07_05_02,general,公的住宅改修工事,公的住宅改修工事,437,80,153,matched,page_and_exact_name,not_available,,r8tousyoyosanallpage.pdf,"26 公的住宅改修(都市整備政策部) 33,194
充当事業:公的住宅改修工事・P437",target_page_account_and_exact_name_unique;page_offset=0,bpi_e90d4ed33cd84c408333d0e3902ca417380afc1a0bfb319738cadc41ab514539,exact_group,exact,1
ral_2026_general_080_012,rd_2026_general_revenue_13_02_04_51_29_3815500000,2026_general_expenditure_07_05_02_01_17,2026_general_expenditure_07_05_02,general,住まいサポートセンター運営,住まいサポートセンター運営,437,80,153,matched,page_and_exact_name,not_available,,r8tousyoyosanallpage.pdf,"29 住まいサポートセンター運営(都市整備政策部) 1,610
充当事業:住まいサポートセンター運営・P437",target_page_account_and_exact_name_unique;page_offset=0,bpi_8ae5b77291fc2ead06a1a71c88d38b92420266e8f278d4ef6ea063f52a15b6b4,exact_group,exact,1
ral_2026_general_080_013,rd_2026_general_revenue_13_02_04_51_42_4960160000,2026_general_expenditure_08_02_10_01_01,2026_general_expenditure_08_02_10,general,小学校改築工事,小学校改築工事,451,80,153,matched,page_and_exact_name,not_available,,r8tousyoyosanallpage.pdf,"42 流域貯留浸透事業(小学校)(教育委員会事務局) 23,808
充当事業:小学校改築工事・P451",target_page_account_and_exact_name_unique;page_offset=0,bpi_e01048bab09dca8ac69b46b753ca6831831da04e8d8641dc54d8dc6e4f5f505a,exact_group,exact,1
ral_2026_general_080_014,rd_2026_general_revenue_13_02_04_51_51_3825100000,2026_general_expenditure_07_06_02_01_26,2026_general_expenditure_07_06_02,general,木造住宅密集地域の解消,木造住宅密集地域の解消,441,80,153,matched,page_and_exact_name,not_available,,r8tousyoyosanallpage.pdf,"51 木造住宅密集地域の解消(住市総)(防災街づくり担当部) 207,320
充当事業:木造住宅密集地域の解消・P441",target_page_account_and_exact_name_unique;page_offset=0,bpi_74744aaec8ecd00ae341f3fe886619dafc6ec6997f2c75f9e3fde2dbb6a5a5ac,exact_group,exact,1
ral_2026_general_080_015,rd_2026_general_revenue_13_02_04_51_61_3815450000,2026_general_expenditure_07_05_02_01_02,2026_general_expenditure_07_05_02,general,公的住宅維持運営,公的住宅維持運営,437,80,153,matched,page_and_exact_name,not_available,,r8tousyoyosanallpage.pdf,"61 地域優良賃貸住宅(都市整備政策部) 7,560
充当事業:公的住宅維持運営・P437",target_page_account_and_exact_name_unique;page_offset=0,bpi_5d66f5466a45f6791ec2938deb5f1c73b83cd35406ec9403aec973949ca88f7b,exact_group,exact,1
ral_2026_general_080_016,rd_2026_general_revenue_13_02_04_51_62_3865300000,2026_general_expenditure_07_02_03_02_12,2026_general_expenditure_07_02_03,general,都市計画道路用地取得,都市計画道路用地取得,425,80,153,matched,page_and_exact_name,not_available,,r8tousyoyosanallpage.pdf,"62 都市計画道路(街路)(道路・交通計画部) 206,500
充当事業:都市計画道路用地取得・P425",target_page_account_and_exact_name_unique;page_offset=2,bpi_da0c09cdd21487a1853b8b2fa9d3d0da1a9ea4de8dda926fdca00e3d48877058,exact_group,exact,1
ral_2026_general_080_017,rd_2026_general_revenue_13_02_04_51_85_3815450000,2026_general_expenditure_07_05_02_01_02,2026_general_expenditure_07_05_02,general,公的住宅維持運営,公的住宅維持運営,437,80,153,matched,page_and_exact_name,not_available,,r8tousyoyosanallpage.pdf,"85 長寿命化計画(都市整備政策部) 27,573
充当事業:公的住宅維持運営・P437",target_page_account_and_exact_name_unique;page_offset=0,bpi_5d66f5466a45f6791ec2938deb5f1c73b83cd35406ec9403aec973949ca88f7b,exact_group,exact,1
ral_2026_general_081_001,rd_2026_general_revenue_13_02_04_51_88_3895300000,2026_general_expenditure_07_02_03_01_80,2026_general_expenditure_07_02_03,general,主要な生活道路築造(世田谷・北沢・烏山),主要な生活道路築造（世田谷・北沢・烏山）,423,81,155,matched,page_and_normalized_name,not_available,,r8tousyoyosanallpage.pdf,"88 主要な生活道路築造(世田谷・北沢・烏山)(街路)(土木部) 5,500
充当事業:主要な生活道路築造(世田谷・北沢・烏山)・P423",target_page_account_and_nfkc_name_unique;page_offset=0,bpi_5d979750c9a31c1b7f2719a9d9a0af53ac53932dc34f092513de3a50466aa13f,exact_group,exact,1
ral_2026_general_081_002,rd_2026_general_revenue_13_02_04_54_01_3815450000,2026_general_expenditure_07_05_02_01_11,2026_general_expenditure_07_05_02,general,「せたがやの家」運営補助,「せたがやの家」運営補助,437,81,155,matched,page_and_exact_name,not_available,,r8tousyoyosanallpage.pdf,"1 地域優良賃貸住宅(せたがやの家)(都市整備政策部) 11,168
充当事業:「せたがやの家」運営補助・P437",target_page_account_and_exact_name_unique;page_offset=0,bpi_96ea4ae800c219ff9fe8e3cff1f799f06d549c33ff00f4e11acf58eeccf4c8c9,exact_group,exact,1
ral_2026_general_081_003,rd_2026_general_revenue_13_02_04_57_02_3865300000,2026_general_expenditure_07_02_03_02_02,2026_general_expenditure_07_02_03,general,地先道路用地取得,地先道路用地取得,423,81,155,matched,page_and_exact_name,not_available,,r8tousyoyosanallpage.pdf,"2 地先道路(道路・交通計画部) 13,990
充当事業:地先道路用地取得・P423",target_page_account_and_exact_name_unique;page_offset=0,bpi_27af1b6cb664b0154a21f6f0b2b29dd229ec15ff8608943d265be234339f4c72,exact_group,exact,1
ral_2026_general_081_004,rd_2026_general_revenue_13_02_04_57_05_3895400000,2026_general_expenditure_07_02_10_01_08,2026_general_expenditure_07_02_10,general,橋梁新設改良,橋梁新設改良,427,81,155,matched,page_and_exact_name,not_available,,r8tousyoyosanallpage.pdf,"5 橋梁新設改良(土木部) 33,600
充当事業:橋梁新設改良・P427",target_page_account_and_exact_name_unique;page_offset=0,bpi_0b34804cb6dd88c7920baaf921e92f253b3a051a0b6754d3f685bdb48a21ca2f,exact_group,exact,1
ral_2026_general_081_005,rd_2026_general_revenue_13_02_04_58_05_3825150000,2026_general_expenditure_07_02_03_01_01,2026_general_expenditure_07_02_03,general,建築線・狭あい道路事業,建築線・狭あい道路事業,423,81,155,matched,page_and_exact_name,not_available,,r8tousyoyosanallpage.pdf,"5 狭あい道路整備等促進事業(防災街づくり担当部) 200,000
充当事業:建築線・狭あい道路事業・P423",target_page_account_and_exact_name_unique;page_offset=0,bpi_f28b2b1d530e5171a126ea1b55496be9e55fd906dd17e2054f9cb24d7274713a,exact_group,exact,1
ral_2026_general_081_006,rd_2026_general_revenue_13_02_04_58_06_3895300000,2026_general_expenditure_07_02_03_01_78,2026_general_expenditure_07_02_03,general,路面改良(世田谷・北沢・烏山),路面改良（世田谷・北沢・烏山）,423,81,155,matched,page_and_normalized_name,not_available,,r8tousyoyosanallpage.pdf,"6 路面改良(世田谷・北沢・烏山)(沿道環境)(土木部) 22,000
充当事業:路面改良(世田谷・北沢・烏山)・P423",target_page_account_and_nfkc_name_unique;page_offset=0,bpi_936e69e0d838a4881a745614f2c1b7ce014b57cd43d24e676cbf6c0c3a39b2d9,exact_group,exact,1
ral_2026_general_081_007,rd_2026_general_revenue_13_02_04_58_32_3815500000,2026_general_expenditure_07_05_02_01_08,2026_general_expenditure_07_05_02,general,住宅施策の計画,住宅施策の計画,437,81,155,matched,page_and_exact_name,not_available,,r8tousyoyosanallpage.pdf,"32 住まい・まち学習(都市整備政策部) 36
充当事業:住宅施策の計画・P437",target_page_account_and_exact_name_unique;page_offset=0,bpi_bb3b1e9faf4a31f3bfb37015384a13292bdea13fe2e7308ee9f0a893d6ed396d,exact_group,exact,1
ral_2026_general_081_008,rd_2026_general_revenue_13_02_04_58_42_3825110000,2026_general_expenditure_07_05_01_01_16,2026_general_expenditure_07_05_01,general,民間建築敷地の安全促進,民間建築敷地の安全促進,435,81,155,matched,page_and_exact_name,not_available,,r8tousyoyosanallpage.pdf,"42 民間建築敷地の安全促進(防災街づくり担当部) 890
充当事業:民間建築敷地の安全促進・P435",target_page_account_and_exact_name_unique;page_offset=0,bpi_5d37f920909a0bc14c35642ba9088fb14ad8d5accc3e9d4f933e70c2a6894b27,exact_group,exact,1
ral_2026_general_081_009,rd_2026_general_revenue_13_02_04_58_44_3815500000,2026_general_expenditure_07_05_02_01_08,2026_general_expenditure_07_05_02,general,住宅施策の計画,住宅施策の計画,437,81,155,matched,page_and_exact_name,not_available,,r8tousyoyosanallpage.pdf,"44 定住応援事業(都市整備政策部) 72,000
充当事業:住宅施策の計画・P437",target_page_account_and_exact_name_unique;page_offset=0,bpi_bb3b1e9faf4a31f3bfb37015384a13292bdea13fe2e7308ee9f0a893d6ed396d,exact_group,exact,1
ral_2026_general_081_010,rd_2026_general_revenue_13_02_04_58_45_3815500000,2026_general_expenditure_07_05_02_01_08,2026_general_expenditure_07_05_02,general,住宅施策の計画,住宅施策の計画,437,81,155,matched,page_and_exact_name,not_available,,r8tousyoyosanallpage.pdf,"45 住み替え応援事業(都市整備政策部) 27,000
充当事業:住宅施策の計画・P437",target_page_account_and_exact_name_unique;page_offset=0,bpi_bb3b1e9faf4a31f3bfb37015384a13292bdea13fe2e7308ee9f0a893d6ed396d,exact_group,exact,1
ral_2026_general_081_011,rd_2026_general_revenue_13_02_04_58_46_3815500000,2026_general_expenditure_07_05_02_01_08,2026_general_expenditure_07_05_02,general,住宅施策の計画,住宅施策の計画,437,81,155,matched,page_and_exact_name,not_available,,r8tousyoyosanallpage.pdf,"46 近居・同居推進に向けた転入・転居費等助成事業(都市整備政策部) 13,500
充当事業:住宅施策の計画・P437",target_page_account_and_exact_name_unique;page_offset=0,bpi_bb3b1e9faf4a31f3bfb37015384a13292bdea13fe2e7308ee9f0a893d6ed396d,exact_group,exact,1
ral_2026_general_081_012,rd_2026_general_revenue_13_02_04_59_01_3815450000,2026_general_expenditure_07_05_02_01_02,2026_general_expenditure_07_05_02,general,公的住宅維持運営,公的住宅維持運営,437,81,155,matched,page_and_exact_name,not_available,,r8tousyoyosanallpage.pdf,"1 公営住宅(都市整備政策部) 117,165
充当事業:公的住宅維持運営・P437",target_page_account_and_exact_name_unique;page_offset=0,bpi_5d66f5466a45f6791ec2938deb5f1c73b83cd35406ec9403aec973949ca88f7b,exact_group,exact,1
ral_2026_general_081_013,rd_2026_general_revenue_13_02_04_59_02_3815500000,2026_general_expenditure_07_05_02_01_09,2026_general_expenditure_07_05_02,general,民間住宅管理保全等の支援,民間住宅管理保全等の支援,437,81,155,matched,page_and_exact_name,not_available,,r8tousyoyosanallpage.pdf,"2 住宅確保要配慮者専用賃貸住宅(都市整備政策部) 7,440
充当事業:民間住宅管理保全等の支援・P437",target_page_account_and_exact_name_unique;page_offset=0,bpi_60b63f547be574fa912e3f05a1210bd024816b31d43c88ce3bbedea76478c9f9,exact_group,exact,1
ral_2026_general_081_014,rd_2026_general_revenue_13_02_04_63_01_3865300000,2026_general_expenditure_07_02_03_02_12,2026_general_expenditure_07_02_03,general,都市計画道路用地取得,都市計画道路用地取得,425,81,155,matched,page_and_exact_name,not_available,,r8tousyoyosanallpage.pdf,"1 都市計画道路用地取得(道路・交通計画部) 41,250
充当事業:都市計画道路用地取得・P425",target_page_account_and_exact_name_unique;page_offset=2,bpi_da0c09cdd21487a1853b8b2fa9d3d0da1a9ea4de8dda926fdca00e3d48877058,exact_group,exact,1
ral_2026_general_081_015,rd_2026_general_revenue_13_02_04_68_01_3825100000,2026_general_expenditure_07_05_01_01_04,2026_general_expenditure_07_05_01,general,建築物耐震診断・補強工事,建築物耐震診断・補強工事,435,81,155,matched,page_and_exact_name,not_available,,r8tousyoyosanallpage.pdf,"1 建築物耐震対策緊急促進事業(防災街づくり担当部) 75,963
充当事業:建築物耐震診断・補強工事・P435",target_page_account_and_exact_name_unique;page_offset=0,bpi_ceba32d2896c0b79cc87f23b0b11c83443b5564545d248c2c8bf8365882710b7,exact_group,exact,1
ral_2026_general_081_016,rd_2026_general_revenue_13_02_05_01_01_4975300000,2026_general_expenditure_08_02_01_01_03,2026_general_expenditure_08_02_01,general,小学校維持運営,小学校維持運営,449,81,155,matched,page_and_exact_name,not_available,,r8tousyoyosanallpage.pdf,"1 小学校(教育委員会事務局) 750
充当事業:小学校維持運営・P449",target_page_account_and_exact_name_unique;page_offset=0,bpi_e8a8fedc52aff12f7cb436ea6832a2eb74af32f375806960668278018aee9f6f,exact_group,exact,1
ral_2026_general_081_017,rd_2026_general_revenue_13_02_05_01_02_4975300000,2026_general_expenditure_08_03_01_01_03,2026_general_expenditure_08_03_01,general,中学校維持運営,中学校維持運営,453,81,155,matched,page_and_exact_name,not_available,,r8tousyoyosanallpage.pdf,"2 中学校(教育委員会事務局) 375
充当事業:中学校維持運営・P453",target_page_account_and_exact_name_unique;page_offset=0,bpi_f53d2800476e19e7c1ca146748644bbcac4db7c3de60171c3d2e6ae8f4741d8b,exact_group,exact,1
ral_2026_general_081_018,rd_2026_general_revenue_13_02_05_01_03_4975200000,2026_general_expenditure_08_01_03_01_36,2026_general_expenditure_08_01_03,general,指導補助員等配置,指導補助員等配置,445,81,155,matched,page_and_exact_name,not_available,,r8tousyoyosanallpage.pdf,"3 理科観察実験支援事業(教育委員会事務局) 2,163
充当事業:指導補助員等配置・P445",target_page_account_and_exact_name_unique;page_offset=0,bpi_ae1bb5a9c82cf898d879f22b0a23a439fb2bc610a77d55abad9cd65b34921fac,exact_group,exact,1
ral_2026_general_081_019,rd_2026_general_revenue_13_02_05_04_02_4975300000,2026_general_expenditure_08_03_02_01_01,2026_general_expenditure_08_03_02,general,要保護・準要保護生徒に対する扶助,要保護・準要保護生徒に対する扶助,453,81,155,matched,page_and_exact_name,not_available,,r8tousyoyosanallpage.pdf,"2 中学校(教育委員会事務局) 1,185
充当事業:要保護・準要保護生徒に対する扶助・P453",target_page_account_and_exact_name_unique;page_offset=0,bpi_57acce209855de0dffb2a4108439de421c0fcf10e13a4dd191430592524a53b9,exact_group,exact,1
ral_2026_general_082_001,rd_2026_general_revenue_13_02_05_20_01_4975300000,2026_general_expenditure_08_02_02_01_04,2026_general_expenditure_08_02_02,general,特別支援学級児童就学奨励,特別支援学級児童就学奨励,449,82,157,matched,page_and_exact_name,not_available,,r8tousyoyosanallpage.pdf,"1 小学校(教育委員会事務局) 5,143
充当事業:特別支援学級児童就学奨励・P449",target_page_account_and_exact_name_unique;page_offset=0,bpi_5ba793d65f3671f0d745c19d3a75462b44bae0da0c129818e7b344853ae4d534,exact_group,exact,1
ral_2026_general_082_002,rd_2026_general_revenue_13_02_05_20_02_4975300000,2026_general_expenditure_08_03_02_01_04,2026_general_expenditure_08_03_02,general,特別支援学級生徒就学奨励,特別支援学級生徒就学奨励,453,82,157,matched,page_and_exact_name,not_available,,r8tousyoyosanallpage.pdf,"2 中学校(教育委員会事務局) 5,788
充当事業:特別支援学級生徒就学奨励・P453",target_page_account_and_exact_name_unique;page_offset=0,bpi_4a7d9f4ba64a4605e508565f4e87025bf126485bfe593e018707a520b4418bbc,exact_group,exact,1
ral_2026_general_082_003,rd_2026_general_revenue_13_02_05_22_09_4960160000,2026_general_expenditure_08_03_09_01_02,2026_general_expenditure_08_03_09,general,中学校改築工事,中学校改築工事,455,82,157,matched,page_and_exact_name,not_available,,r8tousyoyosanallpage.pdf,"9 中学校改築(教育委員会事務局) 210,946
充当事業:中学校改築工事・P455",target_page_account_and_exact_name_unique;page_offset=0,bpi_ade86719922583315962d30cd076758c8266300b40233adc94c7fb2a1e3e721e,exact_group,exact,1
ral_2026_general_082_004,rd_2026_general_revenue_13_02_05_22_11_4960160000,2026_general_expenditure_08_03_09_01_02,2026_general_expenditure_08_03_09,general,中学校改築工事,中学校改築工事,455,82,157,matched,page_and_exact_name,not_available,,r8tousyoyosanallpage.pdf,"11 中学校改築(学校水泳プール)(教育委員会事務局) 34,311
充当事業:中学校改築工事・P455",target_page_account_and_exact_name_unique;page_offset=0,bpi_ade86719922583315962d30cd076758c8266300b40233adc94c7fb2a1e3e721e,exact_group,exact,1
ral_2026_general_082_005,rd_2026_general_revenue_13_02_05_22_15_4960160000,2026_general_expenditure_08_02_06_01_02,2026_general_expenditure_08_02_06,general,小学校施設改修工事,小学校施設改修工事,451,82,157,matched,page_and_exact_name,not_available,,r8tousyoyosanallpage.pdf,"15 小学校改修(大規模改造)(教育委員会事務局) 244,558
充当事業:小学校施設改修工事・P451",target_page_account_and_exact_name_unique;page_offset=0,bpi_664c16372df8ae4f31a48c463cd71931b75ca32f30231fdddb8ee05bdbfb3d1b,exact_group,exact,1
ral_2026_general_082_006,rd_2026_general_revenue_13_02_05_22_16_4960160000,2026_general_expenditure_08_03_05_01_02,2026_general_expenditure_08_03_05,general,中学校施設改修工事,中学校施設改修工事,455,82,157,matched,page_and_exact_name,not_available,,r8tousyoyosanallpage.pdf,"16 中学校改修(大規模改造)(教育委員会事務局) 24,740
充当事業:中学校施設改修工事・P455",target_page_account_and_exact_name_unique;page_offset=0,bpi_99ed3cb8df164fc0a25f1dccdc23b862b739384d9943072616bf4712cb9fb1a2,exact_group,exact,1
ral_2026_general_082_007,rd_2026_general_revenue_13_02_05_22_20_4960160000,2026_general_expenditure_08_02_06_01_02,2026_general_expenditure_08_02_06,general,小学校施設改修工事,小学校施設改修工事,451,82,157,matched,page_and_exact_name,not_available,,r8tousyoyosanallpage.pdf,"20 小学校改修(防災機能強化)(教育委員会事務局) 257,510
充当事業:小学校施設改修工事・P451",target_page_account_and_exact_name_unique;page_offset=0,bpi_664c16372df8ae4f31a48c463cd71931b75ca32f30231fdddb8ee05bdbfb3d1b,exact_group,exact,1
ral_2026_general_082_008,rd_2026_general_revenue_13_02_05_22_23_4960160000,2026_general_expenditure_08_03_05_01_02,2026_general_expenditure_08_03_05,general,中学校施設改修工事,中学校施設改修工事,455,82,157,matched,page_and_exact_name,not_available,,r8tousyoyosanallpage.pdf,"23 中学校改修(防災機能強化)(教育委員会事務局) 59,666
充当事業:中学校施設改修工事・P455",target_page_account_and_exact_name_unique;page_offset=0,bpi_99ed3cb8df164fc0a25f1dccdc23b862b739384d9943072616bf4712cb9fb1a2,exact_group,exact,1
ral_2026_general_082_009,rd_2026_general_revenue_13_02_05_25_03_4985300000,2026_general_expenditure_08_01_03_01_24,2026_general_expenditure_08_01_03,general,特別支援教育の推進,特別支援教育の推進,445,82,157,matched,page_and_exact_name,not_available,,r8tousyoyosanallpage.pdf,"3 インクルーシブ教育システム推進事業(教育委員会事務局) 24,336
充当事業:特別支援教育の推進・P445",target_page_account_and_exact_name_unique;page_offset=0,bpi_48959ace629ad06775a7cf9725c44a1e0d99bf276a3ba0affd371303b4b635ac,exact_group,exact,1
ral_2026_general_082_010,rd_2026_general_revenue_13_02_05_25_06_4960100000,,2026_general_expenditure_09_01_08,general,会計年度任用職員の人件費(教育委員会事務局),会計年度任用職員の人件費（教育委員会事務局）,471,82,157,matched,page_name_department_identity_cluster,not_available,,r8tousyoyosanallpage.pdf,"6 インクルーシブ教育システム推進事業(教育委員会事務局) 8,284
充当事業:会計年度任用職員の人件費(教育委員会事務局)・P471",official_pdf_does_not_identify_internal_budget_program_group,bpi_b55e51de6d41c9f9e2302349c0f7a11790df1cb4835ebe1c8990b0dd44d25850,public_identity,not_distinguishable_from_public_source,5
ral_2026_general_082_011,rd_2026_general_revenue_13_02_05_25_08_4985400000,2026_general_expenditure_08_01_03_01_48,2026_general_expenditure_08_01_03,general,乳幼児期の教育・保育の推進,乳幼児期の教育・保育の推進,447,82,157,matched,page_and_exact_name,not_available,,r8tousyoyosanallpage.pdf,"8 幼児教育推進体制等を活用した幼保小の架け橋プログラム促進事業(教育委員会事務局) 1,950
充当事業:乳幼児期の教育・保育の推進・P447",target_page_account_and_exact_name_unique;page_offset=2,bpi_4a7f6d0cf4e72cb6e76efc289f1e312203860d74efc679cedab44f185dad4462,exact_group,exact,1
ral_2026_general_082_012,rd_2026_general_revenue_13_02_05_26_02_4965100000,2026_general_expenditure_08_06_03_01_01,2026_general_expenditure_08_06_03,general,埋蔵文化財の保護及び調査,埋蔵文化財の保護及び調査,461,82,157,matched,page_and_exact_name,not_available,,r8tousyoyosanallpage.pdf,"2 埋蔵文化財緊急調査費(教育委員会事務局) 11,153
充当事業:埋蔵文化財の保護及び調査・P461",target_page_account_and_exact_name_unique;page_offset=0,bpi_99e7c62a92d5b91ce0fb6732baa53d9c3f8b8917d145a5c3d9acac9f34c63993,exact_group,exact,1
ral_2026_general_082_013,rd_2026_general_revenue_13_02_08_21_01_3415400000,2026_general_expenditure_02_04_02_03_01,2026_general_expenditure_02_04_02,general,社会保障・税番号制度事務,社会保障・税番号制度事務,345,82,157,matched,page_and_exact_name,not_available,,r8tousyoyosanallpage.pdf,"1 個人番号カード交付事務費補助金(地域行政部) 608,066
充当事業:社会保障・税番号制度事務・P345",target_page_account_and_exact_name_unique;page_offset=0,bpi_3d311336060f2bf80b5680cc9bb0643d78476e82f64182ab0d5151a8cba943b8,exact_group,exact,1
ral_2026_general_082_014,rd_2026_general_revenue_13_02_08_21_02_3415100000,2026_general_expenditure_09_01_02_01_24,2026_general_expenditure_09_01_02,general,会計年度任用職員の人件費(地域行政部),会計年度任用職員の人件費（地域行政部）,467,82,157,matched,page_and_normalized_name,not_available,,r8tousyoyosanallpage.pdf,"2 個人番号カード交付事務費補助金(地域行政部) 148,006
充当事業:会計年度任用職員の人件費(地域行政部)・P467",target_page_account_and_nfkc_name_unique;page_offset=2,bpi_36de967649456f996238acd833d9209a8b51d950cf817cbce673ecaffa259479,exact_group,exact,1
ral_2026_general_082_015,rd_2026_general_revenue_13_02_08_21_03_3095100000,2026_general_expenditure_02_01_04_01_05,2026_general_expenditure_02_01_04,general,庁内電算機システム運用,庁内電算機システム運用,321,82,157,matched,page_and_exact_name,not_available,,r8tousyoyosanallpage.pdf,"3 個人番号カード交付事務費補助金(DX推進担当部) 4,676
充当事業:庁内電算機システム運用・P321",target_page_account_and_exact_name_unique;page_offset=0,bpi_0cb7e983c1d9136ef5a28ea701736e9b27f40a8e32b773e0c7e97a1be33627fe,exact_group,exact,1
ral_2026_general_082_016,rd_2026_general_revenue_13_02_08_21_06_2235100000,2026_general_expenditure_02_03_02_01_13,2026_general_expenditure_02_03_02,general,北沢総合支所維持管理,北沢総合支所維持管理,331,82,157,matched,page_and_exact_name,not_available,,r8tousyoyosanallpage.pdf,"6 個人番号カード交付事務費補助金(北沢総合支所) 9,464
充当事業:北沢総合支所維持管理・P331",target_page_account_and_exact_name_unique;page_offset=0,bpi_d42db30ccf3e6ab15db7a06543dbca0ec4d46b65173034608f08fdee31e3fd8e,exact_group,exact,1
ral_2026_general_082_017,rd_2026_general_revenue_13_02_08_21_08_3095100000,2026_general_expenditure_02_01_04_01_07,2026_general_expenditure_02_01_04,general,共通基盤システム運用,共通基盤システム運用,321,82,157,matched,page_and_exact_name,not_available,,r8tousyoyosanallpage.pdf,"8 個人番号カード交付事務費補助金(DX推進担当部) 4,729
充当事業:共通基盤システム運用・P321",target_page_account_and_exact_name_unique;page_offset=0,bpi_1accd222350bdb9f6be90ef20cec7890d84f0d5118de8a58f9aaa67ab17a8335,exact_group,exact,1
ral_2026_general_082_018,rd_2026_general_revenue_13_02_08_21_09_2135100000,2026_general_expenditure_02_03_06_01_37,2026_general_expenditure_02_03_06,general,世田谷区民会館別館等維持運営,世田谷区民会館別館等維持運営,337,82,157,matched,page_and_exact_name,not_available,,r8tousyoyosanallpage.pdf,"9 個人番号カード交付事務費補助金(世田谷総合支所) 57,017
充当事業:世田谷区民会館別館等維持運営・P337",target_page_account_and_exact_name_unique;page_offset=4,bpi_179d1a18346c96ab9f2f72b0549019d1fd5128eda755225363ccd1da3733add2,exact_group,exact,1
ral_2026_general_083_001,rd_2026_general_revenue_13_02_08_27_01_3405400000,2026_general_expenditure_02_03_11_03_03,2026_general_expenditure_02_03_11,general,外国人が暮らしやすい環境づくり,外国人が暮らしやすい環境づくり,339,83,159,matched,page_and_exact_name,not_available,,r8tousyoyosanallpage.pdf,"1 タブレット端末運用(生活文化政策部) 324
充当事業:外国人が暮らしやすい環境づくり・P339",target_page_account_and_exact_name_unique;page_offset=0,bpi_a42ed7d07df58872c83da20bb452d30af48782d19872bf8949f33b6c7f5f8571,exact_group,exact,1
ral_2026_general_083_002,rd_2026_general_revenue_13_02_08_27_02_2135100000,2026_general_expenditure_09_01_02_01_19,2026_general_expenditure_09_01_02,general,会計年度任用職員の人件費(世田谷総合支所),会計年度任用職員の人件費（世田谷総合支所）,465,83,159,matched,page_and_normalized_name,not_available,,r8tousyoyosanallpage.pdf,"2 外国人相談員(世田谷総合支所) 4,213
充当事業:会計年度任用職員の人件費(世田谷総合支所)・P465",target_page_account_and_nfkc_name_unique;page_offset=0,bpi_34acf9623cc61d4b348c36d72445729b13128cdd9a95f1f5ce52bff56594835b,exact_group,exact,1
ral_2026_general_083_003,rd_2026_general_revenue_13_02_08_33_02_3095100000,2026_general_expenditure_02_01_04_01_05,2026_general_expenditure_02_01_04,general,庁内電算機システム運用,庁内電算機システム運用,321,83,159,matched,page_and_exact_name,not_available,,r8tousyoyosanallpage.pdf,"2 デジタル実装型交付金(DX推進担当部) 94,600
充当事業:庁内電算機システム運用・P321",target_page_account_and_exact_name_unique;page_offset=0,bpi_0cb7e983c1d9136ef5a28ea701736e9b27f40a8e32b773e0c7e97a1be33627fe,exact_group,exact,1
ral_2026_general_083_004,rd_2026_general_revenue_13_02_09_06_01_3465120000,2026_general_expenditure_04_02_01_01_11,2026_general_expenditure_04_02_01,general,再生可能エネルギーの利用拡大と促進,再生可能エネルギーの利用拡大と促進,391,83,159,matched,page_and_exact_name,not_available,,r8tousyoyosanallpage.pdf,"1 地域脱炭素実現に向けた具体施策実装支援事業(環境政策部) 2,475
充当事業:再生可能エネルギーの利用拡大と促進・P391",target_page_account_and_exact_name_unique;page_offset=0,bpi_29305c1b2c26207087df7c71f789e6605f203ebad9badf1fc325f350ee5501c3,exact_group,exact,1
ral_2026_general_083_005,rd_2026_general_revenue_13_02_10_02_01_3665150000,2026_general_expenditure_03_02_01_01_37,2026_general_expenditure_03_02_01,general,青少年交流センターでの若者の主体的な活動の推進,青少年交流センターでの若者の主体的な活動の推進,377,83,159,matched,page_and_exact_name,not_available,,r8tousyoyosanallpage.pdf,"1 池之上青少年交流センター(子ども・若者部) 2,509
充当事業:青少年交流センターでの若者の主体的な活動の推進・P377",target_page_account_and_exact_name_unique;page_offset=2,bpi_db51b5e9151e467a28cb8afb1b75fac74f19c50d30b713c2229fe408a92d90e3,exact_group,exact,1
ral_2026_general_083_006,rd_2026_general_revenue_13_02_10_02_02_3665150000,2026_general_expenditure_03_02_01_01_37,2026_general_expenditure_03_02_01,general,青少年交流センターでの若者の主体的な活動の推進,青少年交流センターでの若者の主体的な活動の推進,377,83,159,matched,page_and_exact_name,not_available,,r8tousyoyosanallpage.pdf,"2 野毛青少年交流センター(子ども・若者部) 2,509
充当事業:青少年交流センターでの若者の主体的な活動の推進・P377",target_page_account_and_exact_name_unique;page_offset=2,bpi_db51b5e9151e467a28cb8afb1b75fac74f19c50d30b713c2229fe408a92d90e3,exact_group,exact,1
ral_2026_general_083_007,rd_2026_general_revenue_13_02_10_02_03_3665150000,2026_general_expenditure_03_02_01_01_37,2026_general_expenditure_03_02_01,general,青少年交流センターでの若者の主体的な活動の推進,青少年交流センターでの若者の主体的な活動の推進,377,83,159,matched,page_and_exact_name,not_available,,r8tousyoyosanallpage.pdf,"3 希望丘青少年交流センター(子ども・若者部) 2,497
充当事業:青少年交流センターでの若者の主体的な活動の推進・P377",target_page_account_and_exact_name_unique;page_offset=2,bpi_db51b5e9151e467a28cb8afb1b75fac74f19c50d30b713c2229fe408a92d90e3,exact_group,exact,1
ral_2026_general_084_001,rd_2026_general_revenue_13_03_01_02_03_3665500000,2026_general_expenditure_03_02_03_01_10,2026_general_expenditure_03_02_03,general,児童扶養手当等支給,児童扶養手当等支給,381,84,161,matched,page_and_exact_name,not_available,,r8tousyoyosanallpage.pdf,"3 特別児童扶養手当事務(子ども・若者部) 1,297
充当事業:児童扶養手当等支給・P381",target_page_account_and_exact_name_unique;page_offset=0,bpi_2e7c4d0ea515a4fd3b5c6719d805d3d280902fff50851ff215a69b8637fc16d8,exact_group,exact,1
ral_2026_general_084_002,rd_2026_general_revenue_13_03_01_05_01_3595200000,2026_general_expenditure_03_01_01_03_73,2026_general_expenditure_03_01_01,general,特定中国残留邦人等支援事業,特定中国残留邦人等支援事業,359,84,161,matched,page_and_exact_name,not_available,,r8tousyoyosanallpage.pdf,"1 特定中国残留邦人等支援事業費(保健福祉政策部) 100
充当事業:特定中国残留邦人等支援事業・P359",target_page_account_and_exact_name_unique;page_offset=2,bpi_bfa673964bc0e45fbcadbde15b82b585b4c949a022d9038f050b7b1571a6a694,exact_group,exact,1
ral_2026_general_084_003,rd_2026_general_revenue_13_03_01_05_02_3595110000,2026_general_expenditure_09_01_03_01_15,2026_general_expenditure_09_01_03,general,会計年度任用職員の人件費(保健福祉政策部),会計年度任用職員の人件費（保健福祉政策部）,467,84,161,matched,page_and_normalized_name,not_available,,r8tousyoyosanallpage.pdf,"2 特定中国残留邦人等支援事業費(保健福祉政策部) 2,362
充当事業:会計年度任用職員の人件費(保健福祉政策部)・P467",target_page_account_and_nfkc_name_unique;page_offset=0,bpi_b9f1165f165cc6c8a854899bb8a10556c041f2a5f248c866e36eadfd1f138699,exact_group,exact,1
ral_2026_general_084_004,rd_2026_general_revenue_13_03_02_01_02_3785200000,2026_general_expenditure_05_03_04_01_01,2026_general_expenditure_05_03_04,general,食を通じた健康づくり対策,食を通じた健康づくり対策,405,84,161,matched,page_and_exact_name,not_available,,r8tousyoyosanallpage.pdf,"2 栄養調査費(世田谷保健所) 1,298
充当事業:食を通じた健康づくり対策・P405",target_page_account_and_exact_name_unique;page_offset=0,bpi_d76a6756b545ce00b969eab0b4234dba30da210c4f9f28702f8fbc11dca3fff5,exact_group,exact,1
ral_2026_general_084_005,rd_2026_general_revenue_13_03_03_01_02_3895400000,2026_general_expenditure_07_03_01_01_23,2026_general_expenditure_07_03_01,general,河川・水路維持管理(玉川・砧),河川・水路維持管理（玉川・砧）,429,84,161,matched,page_and_normalized_name,not_available,,r8tousyoyosanallpage.pdf,"2 玉川樋管管理事務費(土木部) 628
充当事業:河川・水路維持管理(玉川・砧)・P429",target_page_account_and_nfkc_name_unique;page_offset=0,bpi_c683bf380fec5add0a3b4b26146d4556b7d8ca7df8a6eaaa8faed497e8bfbcc4,exact_group,exact,1
ral_2026_general_084_006,rd_2026_general_revenue_13_03_04_08_01_3415220000,2026_general_expenditure_02_04_02_01_01,2026_general_expenditure_02_04_02,general,住民記録事務,住民記録事務,345,84,161,matched,page_and_exact_name,not_available,,r8tousyoyosanallpage.pdf,"1 中長期在留者住居地届出等事務委託費(地域行政部) 8,837
充当事業:住民記録事務・P345",target_page_account_and_exact_name_unique;page_offset=0,bpi_fe3a39722e0e3cab08c1a4409be06e903b0734d21b08fc51170971071e24a644,exact_group,exact,1
ral_2026_general_085_001,rd_2026_general_revenue_14_01_01_02_01_3595200000,2026_general_expenditure_03_01_01_01_01,2026_general_expenditure_03_01_01,general,民生委員等活動,民生委員等活動,357,85,163,matched,page_and_exact_name,not_available,,r8tousyoyosanallpage.pdf,"1 民生委員運営(保健福祉政策部) 86,003
充当事業:民生委員等活動・P357",target_page_account_and_exact_name_unique;page_offset=0,bpi_0ef50a2f2165875673915b55c8016d00c1d61727ee0b52cbb38f563672983f8d,exact_group,exact,1
ral_2026_general_085_002,rd_2026_general_revenue_14_01_01_03_01_3595200000,2026_general_expenditure_03_01_01_01_01,2026_general_expenditure_03_01_01,general,民生委員等活動,民生委員等活動,357,85,163,matched,page_and_exact_name,not_available,,r8tousyoyosanallpage.pdf,"1 民生委員推せん会(保健福祉政策部) 298
充当事業:民生委員等活動・P357",target_page_account_and_exact_name_unique;page_offset=0,bpi_0ef50a2f2165875673915b55c8016d00c1d61727ee0b52cbb38f563672983f8d,exact_group,exact,1
ral_2026_general_085_003,rd_2026_general_revenue_14_01_01_04_01_3595200000,2026_general_expenditure_03_01_01_01_03,2026_general_expenditure_03_01_01,general,行旅病人及死亡人取扱,行旅病人及死亡人取扱,357,85,163,matched,page_and_exact_name,not_available,,r8tousyoyosanallpage.pdf,"1 行旅病人及死亡人(保健福祉政策部) 736
充当事業:行旅病人及死亡人取扱・P357",target_page_account_and_exact_name_unique;page_offset=0,bpi_5061c07eb8f56a96dd2da6cdaea0c3c3f7796ef0db0cfa4bec9e62aecc6bb980,exact_group,exact,1
ral_2026_general_085_004,rd_2026_general_revenue_14_01_01_05_01_3595200000,2026_general_expenditure_03_03_03_01_01,2026_general_expenditure_03_03_03,general,生活保護法に基づく保護費,生活保護法に基づく保護費,387,85,163,matched,page_and_exact_name,not_available,,r8tousyoyosanallpage.pdf,"1 生活保護費(保健福祉政策部) 247,126
充当事業:生活保護法に基づく保護費・P387",target_page_account_and_exact_name_unique;page_offset=0,bpi_0eb7b3360ac500246fe3cad6504fa0c0fed9e72ff3d2d6c398d288cdbcc7b3a1,exact_group,exact,1
ral_2026_general_085_005,rd_2026_general_revenue_14_01_01_07_16_3655100000,2026_general_expenditure_03_01_03_06_01,2026_general_expenditure_03_01_03,general,障害者自立支援給付,障害者自立支援給付,369,85,163,matched,page_and_exact_name,not_available,,r8tousyoyosanallpage.pdf,"16 障害児通所・相談支援給付等(障害福祉部) 1,050,083
充当事業:障害者自立支援給付・P369",target_page_account_and_exact_name_unique;page_offset=2,bpi_be7553f41733bb99a982ad78c0f0049f541fe54a9cecd4ab5b6af2973d55ff32,exact_group,exact,1
ral_2026_general_085_006,rd_2026_general_revenue_14_01_01_07_17_3655100000,2026_general_expenditure_03_01_03_06_01,2026_general_expenditure_03_01_03,general,障害者自立支援給付,障害者自立支援給付,369,85,163,matched,page_and_exact_name,not_available,,r8tousyoyosanallpage.pdf,"17 障害者自立支援給付等(障害福祉部) 3,973,925
充当事業:障害者自立支援給付・P369",target_page_account_and_exact_name_unique;page_offset=2,bpi_be7553f41733bb99a982ad78c0f0049f541fe54a9cecd4ab5b6af2973d55ff32,exact_group,exact,1
ral_2026_general_085_007,rd_2026_general_revenue_14_01_01_07_18_3655100000,2026_general_expenditure_03_01_03_06_02,2026_general_expenditure_03_01_03,general,補装具給付,補装具給付,369,85,163,matched,page_and_exact_name,not_available,,r8tousyoyosanallpage.pdf,"18 補装具給付(障害福祉部) 42,402
充当事業:補装具給付・P369",target_page_account_and_exact_name_unique;page_offset=2,bpi_38d9ee5ec6b6bcc4487239a93a05987e9793c849e0e499bd31aa5247b0b44474,exact_group,exact,1
ral_2026_general_085_008,rd_2026_general_revenue_14_01_01_07_19_3655100000,2026_general_expenditure_03_01_03_06_03,2026_general_expenditure_03_01_03,general,自立支援医療,自立支援医療,369,85,163,matched,page_and_exact_name,not_available,,r8tousyoyosanallpage.pdf,"19 自立支援医療(更生医療)(障害福祉部) 183,124
充当事業:自立支援医療・P369",target_page_account_and_exact_name_unique;page_offset=2,bpi_8c02ca57d651706c0a5f6891941a9b091145605f2a62e7a880e18ac876a5fda9,exact_group,exact,1
ral_2026_general_085_009,rd_2026_general_revenue_14_01_01_08_06_3665500000,2026_general_expenditure_03_02_03_01_12,2026_general_expenditure_03_02_03,general,児童手当支給,児童手当支給,381,85,163,matched,page_and_exact_name,not_available,,r8tousyoyosanallpage.pdf,"6 児童手当(子ども・若者部) 1,591,147
充当事業:児童手当支給・P381",target_page_account_and_exact_name_unique;page_offset=0,bpi_a3bbcbeb4d2145811cb26c1ca64bdf21d11967ccf3905de8eb8ff27c07114f42,exact_group,exact,1
ral_2026_general_085_010,rd_2026_general_revenue_14_01_01_10_01_3655100000,2026_general_expenditure_03_01_03_03_02,2026_general_expenditure_03_01_03,general,重度脳性麻痺者介護人派遣,重度脳性麻痺者介護人派遣,367,85,163,matched,page_and_exact_name,not_available,,r8tousyoyosanallpage.pdf,"1 重度脳性麻痺者介護人派遣(障害福祉部) 21,478
充当事業:重度脳性麻痺者介護人派遣・P367",target_page_account_and_exact_name_unique;page_offset=0,bpi_c118baf1d0fa9a6650908f5c163d09c8c8e1ffc6eb355f7b60fd3056f17619b5,exact_group,exact,1
ral_2026_general_085_011,rd_2026_general_revenue_14_01_01_13_01_3595400000,2026_general_expenditure_03_01_01_04_02,2026_general_expenditure_03_01_01,general,国民健康保険事業会計繰出金,国民健康保険事業会計繰出金,361,85,163,matched,page_and_exact_name,not_available,,r8tousyoyosanallpage.pdf,"1 国民健康保険(保健福祉政策部) 2,350,316
充当事業:国民健康保険事業会計繰出金・P361",target_page_account_and_exact_name_unique;page_offset=4,bpi_5f7e8094a7f7be9aa37f3cfc8805beb25f9a62a0c10da09f41875c7ac180ee3a,exact_group,exact,1
ral_2026_general_085_012,rd_2026_general_revenue_14_01_01_13_03_3595400000,2026_general_expenditure_03_01_01_04_03,2026_general_expenditure_03_01_01,general,後期高齢者医療会計繰出金,後期高齢者医療会計繰出金,361,85,163,matched,page_and_exact_name,not_available,,r8tousyoyosanallpage.pdf,"3 後期高齢者医療(保健福祉政策部) 1,292,079
充当事業:後期高齢者医療会計繰出金・P361",target_page_account_and_exact_name_unique;page_offset=4,bpi_acdb45b3058664263ef2dad0bc40ce264f9dbdeff2a0d684a1dfe3ec7d87ddbb,exact_group,exact,1
ral_2026_general_085_013,rd_2026_general_revenue_14_01_01_16_01_3595200000,2026_general_expenditure_03_01_01_01_03,2026_general_expenditure_03_01_01,general,行旅病人及死亡人取扱,行旅病人及死亡人取扱,357,85,163,matched,page_and_exact_name,not_available,,r8tousyoyosanallpage.pdf,"1 墓地埋葬取扱(保健福祉政策部) 4,606
充当事業:行旅病人及死亡人取扱・P357",target_page_account_and_exact_name_unique;page_offset=0,bpi_5061c07eb8f56a96dd2da6cdaea0c3c3f7796ef0db0cfa4bec9e62aecc6bb980,exact_group,exact,1
ral_2026_general_085_014,rd_2026_general_revenue_14_01_01_24_01_3655100000,2026_general_expenditure_03_01_03_03_14,2026_general_expenditure_03_01_03,general,身体障害者及知的障害者相談員活動,身体障害者及知的障害者相談員活動,367,85,163,matched,page_and_exact_name,not_available,,r8tousyoyosanallpage.pdf,"1 身体障害者相談員研修会費(障害福祉部) 41
充当事業:身体障害者及知的障害者相談員活動・P367",target_page_account_and_exact_name_unique;page_offset=0,bpi_e539d08f939c50ff5109f0d23b21cf94560ab8f21478dc9379669651fd2153f6,exact_group,exact,1
ral_2026_general_085_015,rd_2026_general_revenue_14_01_01_25_01_3655100000,2026_general_expenditure_03_01_03_03_14,2026_general_expenditure_03_01_03,general,身体障害者及知的障害者相談員活動,身体障害者及知的障害者相談員活動,367,85,163,matched,page_and_exact_name,not_available,,r8tousyoyosanallpage.pdf,"1 知的障害者相談員研修会費(障害福祉部) 24
充当事業:身体障害者及知的障害者相談員活動・P367",target_page_account_and_exact_name_unique;page_offset=0,bpi_e539d08f939c50ff5109f0d23b21cf94560ab8f21478dc9379669651fd2153f6,exact_group,exact,1
ral_2026_general_085_016,rd_2026_general_revenue_14_01_01_26_01_3645200000,2026_general_expenditure_03_01_01_04_01,2026_general_expenditure_03_01_01,general,介護保険事業会計繰出金,介護保険事業会計繰出金,361,85,163,matched,page_and_exact_name,not_available,,r8tousyoyosanallpage.pdf,"1 介護保険料軽減費(高齢福祉部) 133,225
充当事業:介護保険事業会計繰出金・P361",target_page_account_and_exact_name_unique;page_offset=4,bpi_094d4b85387f045563371f907ec0b584b704cf965981447c4eb33a540e87f75f,exact_group,exact,1
ral_2026_general_086_001,rd_2026_general_revenue_14_01_01_28_01_3665580000,2026_general_expenditure_03_02_03_01_03,2026_general_expenditure_03_02_03,general,私立保育園運営,私立保育園運営,381,86,165,matched,page_and_exact_name,not_available,,r8tousyoyosanallpage.pdf,"1 私立保育園(子ども・若者部) 4,629,592
充当事業:私立保育園運営・P381",target_page_account_and_exact_name_unique;page_offset=0,bpi_19bacff6a2545c8ca7b835bb3f9f0a08d490992ea139a5070f3506ef5067a441,exact_group,exact,1
ral_2026_general_086_002,rd_2026_general_revenue_14_01_01_29_01_3665580000,2026_general_expenditure_03_02_03_01_13,2026_general_expenditure_03_02_03,general,認定こども園運営,認定こども園運営,381,86,165,matched,page_and_exact_name,not_available,,r8tousyoyosanallpage.pdf,"1 幼稚園型(子ども・若者部) 35,841
充当事業:認定こども園運営・P381",target_page_account_and_exact_name_unique;page_offset=0,bpi_85cf890e8ddb0fc6f130ed8798b6f4e11a89dbc34309b8558ae7a8731ac2ce01,exact_group,exact,1
ral_2026_general_086_003,rd_2026_general_revenue_14_01_01_29_02_3665580000,2026_general_expenditure_03_02_03_01_13,2026_general_expenditure_03_02_03,general,認定こども園運営,認定こども園運営,381,86,165,matched,page_and_exact_name,not_available,,r8tousyoyosanallpage.pdf,"2 幼保連携型(子ども・若者部) 251,555
充当事業:認定こども園運営・P381",target_page_account_and_exact_name_unique;page_offset=0,bpi_85cf890e8ddb0fc6f130ed8798b6f4e11a89dbc34309b8558ae7a8731ac2ce01,exact_group,exact,1
ral_2026_general_086_004,rd_2026_general_revenue_14_01_01_30_01_3665580000,2026_general_expenditure_03_02_03_01_14,2026_general_expenditure_03_02_03,general,特定地域型保育事業,特定地域型保育事業,381,86,165,matched,page_and_exact_name,not_available,,r8tousyoyosanallpage.pdf,"1 小規模保育事業(子ども・若者部) 219,162
充当事業:特定地域型保育事業・P381",target_page_account_and_exact_name_unique;page_offset=0,bpi_c3e09b21d66c0c25400cd650444267d7b9c41a6ce0b4edc5d4c60f63e57a1027,exact_group,exact,1
ral_2026_general_086_005,rd_2026_general_revenue_14_01_01_30_02_3665580000,2026_general_expenditure_03_02_03_01_14,2026_general_expenditure_03_02_03,general,特定地域型保育事業,特定地域型保育事業,381,86,165,matched,page_and_exact_name,not_available,,r8tousyoyosanallpage.pdf,"2 家庭的保育事業(子ども・若者部) 36,960
充当事業:特定地域型保育事業・P381",target_page_account_and_exact_name_unique;page_offset=0,bpi_c3e09b21d66c0c25400cd650444267d7b9c41a6ce0b4edc5d4c60f63e57a1027,exact_group,exact,1
ral_2026_general_086_006,rd_2026_general_revenue_14_01_01_30_03_3665580000,2026_general_expenditure_03_02_03_01_14,2026_general_expenditure_03_02_03,general,特定地域型保育事業,特定地域型保育事業,381,86,165,matched,page_and_exact_name,not_available,,r8tousyoyosanallpage.pdf,"3 居宅訪問型保育事業(子ども・若者部) 14,078
充当事業:特定地域型保育事業・P381",target_page_account_and_exact_name_unique;page_offset=0,bpi_c3e09b21d66c0c25400cd650444267d7b9c41a6ce0b4edc5d4c60f63e57a1027,exact_group,exact,1
ral_2026_general_086_007,rd_2026_general_revenue_14_01_01_30_04_3665580000,2026_general_expenditure_03_02_03_01_14,2026_general_expenditure_03_02_03,general,特定地域型保育事業,特定地域型保育事業,381,86,165,matched,page_and_exact_name,not_available,,r8tousyoyosanallpage.pdf,"4 事業所内保育事業(子ども・若者部) 19,097
充当事業:特定地域型保育事業・P381",target_page_account_and_exact_name_unique;page_offset=0,bpi_c3e09b21d66c0c25400cd650444267d7b9c41a6ce0b4edc5d4c60f63e57a1027,exact_group,exact,1
ral_2026_general_086_008,rd_2026_general_revenue_14_01_01_32_01_3665580000,2026_general_expenditure_03_02_01_01_71,2026_general_expenditure_03_02_01,general,私立幼稚園施設型給付,私立幼稚園施設型給付,377,86,165,matched,page_and_exact_name,not_available,,r8tousyoyosanallpage.pdf,"1 私立幼稚園(子ども・若者部) 219,624
充当事業:私立幼稚園施設型給付・P377",target_page_account_and_exact_name_unique;page_offset=2,bpi_67660d63f419537db5975a7e0a2382f9c8f13833c98bad257f02c75536ce9600,exact_group,exact,1
ral_2026_general_086_009,rd_2026_general_revenue_14_01_01_33_01_3665590000,2026_general_expenditure_03_02_01_01_11,2026_general_expenditure_03_02_01,general,保育料負担軽減補助,保育料負担軽減補助,375,86,165,matched,page_and_exact_name,not_available,,r8tousyoyosanallpage.pdf,"1 認可外保育施設分(子ども・若者部) 163,089
充当事業:保育料負担軽減補助・P375",target_page_account_and_exact_name_unique;page_offset=0,bpi_f54fe13212d6851386a6b4e64de6d4c79f4d43c64183365c6c7c1e5617fcf8b1,exact_group,exact,1
ral_2026_general_086_010,rd_2026_general_revenue_14_01_01_33_02_3665580000,2026_general_expenditure_03_02_01_01_71,2026_general_expenditure_03_02_01,general,私立幼稚園施設型給付,私立幼稚園施設型給付,377,86,165,matched,page_and_exact_name,not_available,,r8tousyoyosanallpage.pdf,"2 預かり保育(私立幼稚園(施設型給付))(子ども・若者部) 2,163
充当事業:私立幼稚園施設型給付・P377",target_page_account_and_exact_name_unique;page_offset=2,bpi_67660d63f419537db5975a7e0a2382f9c8f13833c98bad257f02c75536ce9600,exact_group,exact,1
ral_2026_general_086_011,rd_2026_general_revenue_14_01_01_33_03_3665580000,2026_general_expenditure_03_02_03_01_13,2026_general_expenditure_03_02_03,general,認定こども園運営,認定こども園運営,381,86,165,matched,page_and_exact_name,not_available,,r8tousyoyosanallpage.pdf,"3 預かり保育(認定こども園)(子ども・若者部) 3,342
充当事業:認定こども園運営・P381",target_page_account_and_exact_name_unique;page_offset=0,bpi_85cf890e8ddb0fc6f130ed8798b6f4e11a89dbc34309b8558ae7a8731ac2ce01,exact_group,exact,1
ral_2026_general_086_012,rd_2026_general_revenue_14_01_01_33_05_3665150000,2026_general_expenditure_02_01_01_01_10,2026_general_expenditure_02_01_01,general,私立幼稚園指導助成,私立幼稚園指導助成,317,86,165,matched,page_and_exact_name,not_available,,r8tousyoyosanallpage.pdf,"5 預かり保育(私立幼稚園)(子ども・若者部) 24,605
充当事業:私立幼稚園指導助成・P317",target_page_account_and_exact_name_unique;page_offset=0,bpi_e640b3411585bc3a7b66cbbaad0d8f82314e4a7c5ca6dcaf0e277b5cbeee33d9,exact_group,exact,1
ral_2026_general_086_013,rd_2026_general_revenue_14_01_01_33_08_3665150000,2026_general_expenditure_08_01_04_02_01,2026_general_expenditure_08_01_04,general,私立幼稚園施設等利用給付,私立幼稚園施設等利用給付,447,86,165,matched,page_and_exact_name,not_available,,r8tousyoyosanallpage.pdf,"8 私立幼稚園(子ども・若者部) 411,839
充当事業:私立幼稚園施設等利用給付・P447",target_page_account_and_exact_name_unique;page_offset=0,bpi_7fc474cb88c61f73194838556c1c41e8ecf1b4f938492a04fb780e0b86e8deb2,exact_group,exact,1
ral_2026_general_086_014,rd_2026_general_revenue_14_01_01_34_01_3595400000,2026_general_expenditure_03_01_01_04_02,2026_general_expenditure_03_01_01,general,国民健康保険事業会計繰出金,国民健康保険事業会計繰出金,361,86,165,matched,page_and_exact_name,not_available,,r8tousyoyosanallpage.pdf,"1 国民健康保険(保健福祉政策部) 16,831
充当事業:国民健康保険事業会計繰出金・P361",target_page_account_and_exact_name_unique;page_offset=4,bpi_5f7e8094a7f7be9aa37f3cfc8805beb25f9a62a0c10da09f41875c7ac180ee3a,exact_group,exact,1
ral_2026_general_086_015,rd_2026_general_revenue_14_01_01_35_01_3595400000,2026_general_expenditure_03_01_01_04_02,2026_general_expenditure_03_01_01,general,国民健康保険事業会計繰出金,国民健康保険事業会計繰出金,361,86,165,matched,page_and_exact_name,not_available,,r8tousyoyosanallpage.pdf,"1 国民健康保険(保健福祉政策部) 10,731
充当事業:国民健康保険事業会計繰出金・P361",target_page_account_and_exact_name_unique;page_offset=4,bpi_5f7e8094a7f7be9aa37f3cfc8805beb25f9a62a0c10da09f41875c7ac180ee3a,exact_group,exact,1
ral_2026_general_086_016,rd_2026_general_revenue_14_01_01_36_02_3665150000,2026_general_expenditure_02_01_01_01_29,2026_general_expenditure_02_01_01,general,こども誰でも通園制度,こども誰でも通園制度,317,86,165,matched,page_and_exact_name,not_available,,r8tousyoyosanallpage.pdf,"2 私立幼稚園(こども誰でも通園制度)(子ども・若者部) 103
充当事業:こども誰でも通園制度・P317",target_page_account_and_exact_name_unique;page_offset=0,bpi_9191ca3ce125f46a4f691cbbee2210ee57898959123f4b4cfdd6c8228aacee80,exact_group,exact,1
ral_2026_general_087_001,rd_2026_general_revenue_14_01_01_37_01_3665580000,2026_general_expenditure_03_02_01_01_38,2026_general_expenditure_03_02_01,general,認可保育施設等の一時預かり事業の推進,認可保育施設等の一時預かり事業の推進,377,87,167,matched,page_and_exact_name,not_available,,r8tousyoyosanallpage.pdf,"1 私立幼稚園施設型給付(子ども・若者部) 60
充当事業:認可保育施設等の一時預かり事業の推進・P377",target_page_account_and_exact_name_unique;page_offset=2,bpi_cfd43136e9ab8956cee74c3a6a0a6683b01e852b3a0be5c71df3b7da0b8c6209,exact_group,exact,1
ral_2026_general_087_002,rd_2026_general_revenue_14_01_01_38_01_3665580000,2026_general_expenditure_03_02_01_01_38,2026_general_expenditure_03_02_01,general,認可保育施設等の一時預かり事業の推進,認可保育施設等の一時預かり事業の推進,377,87,167,matched,page_and_exact_name,not_available,,r8tousyoyosanallpage.pdf,"1 私立保育園(子ども・若者部) 1,284
充当事業:認可保育施設等の一時預かり事業の推進・P377",target_page_account_and_exact_name_unique;page_offset=2,bpi_cfd43136e9ab8956cee74c3a6a0a6683b01e852b3a0be5c71df3b7da0b8c6209,exact_group,exact,1
ral_2026_general_087_003,rd_2026_general_revenue_14_01_01_39_01_3665580000,2026_general_expenditure_03_02_01_01_38,2026_general_expenditure_03_02_01,general,認可保育施設等の一時預かり事業の推進,認可保育施設等の一時預かり事業の推進,377,87,167,matched,page_and_exact_name,not_available,,r8tousyoyosanallpage.pdf,"1 認定こども園(子ども・若者部) 56
充当事業:認可保育施設等の一時預かり事業の推進・P377",target_page_account_and_exact_name_unique;page_offset=2,bpi_cfd43136e9ab8956cee74c3a6a0a6683b01e852b3a0be5c71df3b7da0b8c6209,exact_group,exact,1
ral_2026_general_087_004,rd_2026_general_revenue_14_01_01_40_01_3665580000,2026_general_expenditure_03_02_01_01_38,2026_general_expenditure_03_02_01,general,認可保育施設等の一時預かり事業の推進,認可保育施設等の一時預かり事業の推進,377,87,167,matched,page_and_exact_name,not_available,,r8tousyoyosanallpage.pdf,"1 特定地域型保育事業(子ども・若者部) 446
充当事業:認可保育施設等の一時預かり事業の推進・P377",target_page_account_and_exact_name_unique;page_offset=2,bpi_cfd43136e9ab8956cee74c3a6a0a6683b01e852b3a0be5c71df3b7da0b8c6209,exact_group,exact,1
ral_2026_general_087_005,rd_2026_general_revenue_14_01_01_41_01_3665590000,2026_general_expenditure_03_02_01_01_36,2026_general_expenditure_03_02_01,general,認可外保育施設の一時預かり事業の推進,認可外保育施設の一時預かり事業の推進,377,87,167,matched,page_and_exact_name,not_available,,r8tousyoyosanallpage.pdf,"1 認証保育所(子ども・若者部) 1,404
充当事業:認可外保育施設の一時預かり事業の推進・P377",target_page_account_and_exact_name_unique;page_offset=2,bpi_91f966c1dccf8dd2c999fc417a9154eeba3870705893b183fc40bd80030c615d,exact_group,exact,1
ral_2026_general_087_006,rd_2026_general_revenue_14_01_02_02_02_3785250000,2026_general_expenditure_05_03_07_02_01,2026_general_expenditure_05_03_07,general,定期及臨時予防接種,定期及臨時予防接種,407,87,167,matched,page_and_exact_name,not_available,,r8tousyoyosanallpage.pdf,"2 定期予防接種(世田谷保健所) 7,526
充当事業:定期及臨時予防接種・P407",target_page_account_and_exact_name_unique;page_offset=0,bpi_6f2147ca2ac49424cc6464e12969ea1c61daf8a893aa0347a26f363c43df5933,exact_group,exact,1
ral_2026_general_087_007,rd_2026_general_revenue_14_01_02_07_01_3785200000,2026_general_expenditure_05_03_05_01_11,2026_general_expenditure_05_03_05,general,未熟児等に対する医療費公費負担,未熟児等に対する医療費公費負担,405,87,167,matched,page_and_exact_name,not_available,,r8tousyoyosanallpage.pdf,"1 育成医療(世田谷保健所) 60
充当事業:未熟児等に対する医療費公費負担・P405",target_page_account_and_exact_name_unique;page_offset=0,bpi_93a8628e5dd7edeb020fece4d5aa9441bac352d61396d154e25932db053b8e68,exact_group,exact,1
ral_2026_general_087_008,rd_2026_general_revenue_14_01_02_09_01_3785200000,2026_general_expenditure_05_03_05_01_11,2026_general_expenditure_05_03_05,general,未熟児等に対する医療費公費負担,未熟児等に対する医療費公費負担,405,87,167,matched,page_and_exact_name,not_available,,r8tousyoyosanallpage.pdf,"1 医療費公費負担(世田谷保健所) 5,102
充当事業:未熟児等に対する医療費公費負担・P405",target_page_account_and_exact_name_unique;page_offset=0,bpi_93a8628e5dd7edeb020fece4d5aa9441bac352d61396d154e25932db053b8e68,exact_group,exact,1
ral_2026_general_087_009,rd_2026_general_revenue_14_01_03_01_01_3865100000,2026_general_expenditure_07_02_01_01_08,2026_general_expenditure_07_02_01,general,地籍調査事業,地籍調査事業,421,87,167,matched,page_and_exact_name,not_available,,r8tousyoyosanallpage.pdf,"1 地籍調査(道路・交通計画部) 90,665
充当事業:地籍調査事業・P421",target_page_account_and_exact_name_unique;page_offset=0,bpi_da1c943574838b73d79f81cc13edfc475e6c55f883f18800edd51bf117009026,exact_group,exact,1
ral_2026_general_087_010,rd_2026_general_revenue_14_01_04_02_01_4985400000,2026_general_expenditure_08_05_01_01_04,2026_general_expenditure_08_05_01,general,区立幼稚園預かり保育事業,区立幼稚園預かり保育事業,457,87,167,matched,page_and_exact_name,not_available,,r8tousyoyosanallpage.pdf,"1 預かり保育(区立幼稚園)(教育委員会事務局) 1,047
充当事業:区立幼稚園預かり保育事業・P457",target_page_account_and_exact_name_unique;page_offset=0,bpi_4ac918ad7e35afaece6bfc4de48c320eeb20df357909d1e79174ea231e9d7d9c,exact_group,exact,1
ral_2026_general_088_001,rd_2026_general_revenue_14_02_01_01_01_3665150000,2026_general_expenditure_02_01_01_01_10,2026_general_expenditure_02_01_01,general,私立幼稚園指導助成,私立幼稚園指導助成,317,88,169,matched,page_and_exact_name,not_available,,r8tousyoyosanallpage.pdf,"1 私立幼稚園園児保護者負担軽減(子ども・若者部) 119,137
充当事業:私立幼稚園指導助成・P317",target_page_account_and_exact_name_unique;page_offset=0,bpi_e640b3411585bc3a7b66cbbaad0d8f82314e4a7c5ca6dcaf0e277b5cbeee33d9,exact_group,exact,1
ral_2026_general_088_002,rd_2026_general_revenue_14_02_01_01_02_3665150000,2026_general_expenditure_02_01_01_01_12,2026_general_expenditure_02_01_01,general,幼稚園類似幼児施設助成,幼稚園類似幼児施設助成,317,88,169,matched,page_and_exact_name,not_available,,r8tousyoyosanallpage.pdf,"2 幼稚園類似幼児施設園児保護者負担軽減(子ども・若者部) 5,596
充当事業:幼稚園類似幼児施設助成・P317",target_page_account_and_exact_name_unique;page_offset=0,bpi_60a587e691dd04459ad8a5e4fcaa0b7defc46a0ba81812c84bc7dccdebc642f8,exact_group,exact,1
ral_2026_general_088_003,rd_2026_general_revenue_14_02_01_01_04_3665580000,2026_general_expenditure_03_02_03_01_13,2026_general_expenditure_03_02_03,general,認定こども園運営,認定こども園運営,381,88,169,matched,page_and_exact_name,not_available,,r8tousyoyosanallpage.pdf,"4 私立幼稚園園児保護者負担軽減(認定こども園)(子ども・若者部) 744
充当事業:認定こども園運営・P381",target_page_account_and_exact_name_unique;page_offset=0,bpi_85cf890e8ddb0fc6f130ed8798b6f4e11a89dbc34309b8558ae7a8731ac2ce01,exact_group,exact,1
ral_2026_general_088_004,rd_2026_general_revenue_14_02_01_01_05_3665580000,2026_general_expenditure_03_02_01_01_71,2026_general_expenditure_03_02_01,general,私立幼稚園施設型給付,私立幼稚園施設型給付,377,88,169,matched,page_and_exact_name,not_available,,r8tousyoyosanallpage.pdf,"5 私立幼稚園園児保護者負担軽減(私立幼稚園)(子ども・若者部) 1,746
充当事業:私立幼稚園施設型給付・P377",target_page_account_and_exact_name_unique;page_offset=2,bpi_67660d63f419537db5975a7e0a2382f9c8f13833c98bad257f02c75536ce9600,exact_group,exact,1
ral_2026_general_088_005,rd_2026_general_revenue_14_02_01_14_03_3305700000,2026_general_expenditure_02_03_01_02_26,2026_general_expenditure_02_03_01,general,防犯カメラ整備・維持管理助成,防犯カメラ整備・維持管理助成,329,88,169,matched,page_and_exact_name,not_available,,r8tousyoyosanallpage.pdf,"3 防犯設備整備費(危機管理部) 101,808
充当事業:防犯カメラ整備・維持管理助成・P329",target_page_account_and_exact_name_unique;page_offset=2,bpi_c1fb802f099e017bd0fc390d349b9122d5abdb0da575f5d8acebca8486f136a8,exact_group,exact,1
ral_2026_general_088_006,rd_2026_general_revenue_14_02_01_21_02_3405450000,2026_general_expenditure_02_03_01_07_01,2026_general_expenditure_02_03_01,general,人権推進事業,人権推進事業,331,88,169,matched,page_and_exact_name,not_available,,r8tousyoyosanallpage.pdf,"2 人権啓発活動地方委託事業(生活文化政策部) 987
充当事業:人権推進事業・P331",target_page_account_and_exact_name_unique;page_offset=4,bpi_0dc89eb2784d759b0c16006ac662d8861d8baa2ee9d2771591e8051c40e71132,exact_group,exact,1
ral_2026_general_088_007,rd_2026_general_revenue_14_02_01_38_01_3305700000,2026_general_expenditure_02_03_01_02_26,2026_general_expenditure_02_03_01,general,防犯カメラ整備・維持管理助成,防犯カメラ整備・維持管理助成,329,88,169,matched,page_and_exact_name,not_available,,r8tousyoyosanallpage.pdf,"1 防犯設備維持管理経費(危機管理部) 2,499
充当事業:防犯カメラ整備・維持管理助成・P329",target_page_account_and_exact_name_unique;page_offset=2,bpi_c1fb802f099e017bd0fc390d349b9122d5abdb0da575f5d8acebca8486f136a8,exact_group,exact,1
ral_2026_general_088_008,rd_2026_general_revenue_14_02_01_44_01_3305700000,2026_general_expenditure_02_03_01_02_26,2026_general_expenditure_02_03_01,general,防犯カメラ整備・維持管理助成,防犯カメラ整備・維持管理助成,329,88,169,matched,page_and_exact_name,not_available,,r8tousyoyosanallpage.pdf,"1 防犯設備運用経費(危機管理部) 2,912
充当事業:防犯カメラ整備・維持管理助成・P329",target_page_account_and_exact_name_unique;page_offset=2,bpi_c1fb802f099e017bd0fc390d349b9122d5abdb0da575f5d8acebca8486f136a8,exact_group,exact,1
ral_2026_general_088_009,rd_2026_general_revenue_14_02_01_45_01_3305700000,2026_general_expenditure_02_03_01_02_23,2026_general_expenditure_02_03_01,general,安全安心まちづくりの推進,安全安心まちづくりの推進,329,88,169,matched,page_and_exact_name,not_available,,r8tousyoyosanallpage.pdf,"1 消費者行政強化事業(危機管理部) 5,799
充当事業:安全安心まちづくりの推進・P329",target_page_account_and_exact_name_unique;page_offset=2,bpi_2b0d8b22fad33737b15e4d1eb16ef14f3929f286f4375276c12dc8cda7ace7a7,exact_group,exact,1
ral_2026_general_088_010,rd_2026_general_revenue_14_02_01_48_01_3445100000,2026_general_expenditure_02_03_14_01_27,2026_general_expenditure_02_03_14,general,東京2020大会レガシーの推進,東京２０２０大会レガシーの推進,343,88,169,matched,page_and_normalized_name,not_available,,r8tousyoyosanallpage.pdf,"1 地域スポーツ推進事業(スポーツ推進部) 728
充当事業:東京2020大会レガシーの推進・P343",target_page_account_and_nfkc_name_unique;page_offset=2,bpi_9902fad805b590288e1efad55191be59ec0105477260e94857d57a7864c4f572,exact_group,exact,1
ral_2026_general_088_011,rd_2026_general_revenue_14_02_01_48_02_3445100000,2026_general_expenditure_02_03_14_01_26,2026_general_expenditure_02_03_14,general,パラスポーツの推進,パラスポーツの推進,343,88,169,matched,page_and_exact_name,not_available,,r8tousyoyosanallpage.pdf,"2 パラスポーツ推進事業(スポーツ推進部) 519
充当事業:パラスポーツの推進・P343",target_page_account_and_exact_name_unique;page_offset=2,bpi_7be21c6b718c285bb28ff877b1b86b188587f1c5303a26746f817c8a4522478b,exact_group,exact,1
ral_2026_general_088_012,rd_2026_general_revenue_14_02_01_48_03_3445100000,2026_general_expenditure_02_03_14_01_03,2026_general_expenditure_02_03_14,general,生涯スポーツの振興,生涯スポーツの振興,341,88,169,matched,page_and_exact_name,not_available,,r8tousyoyosanallpage.pdf,"3 地域スポーツ推進事業(スポーツ推進部) 537
充当事業:生涯スポーツの振興・P341",target_page_account_and_exact_name_unique;page_offset=0,bpi_6ef44619578aea78193dc444d940730ab7d373e73ecf3341105f53b07b78fa6e,exact_group,exact,1
ral_2026_general_088_013,rd_2026_general_revenue_14_02_01_48_04_3445100000,2026_general_expenditure_02_03_14_01_02,2026_general_expenditure_02_03_14,general,世田谷区スポーツ振興財団運営助成,世田谷区スポーツ振興財団運営助成,341,88,169,matched,page_and_exact_name,not_available,,r8tousyoyosanallpage.pdf,"4 地域スポーツ推進事業(スポーツ推進部) 1,735
充当事業:世田谷区スポーツ振興財団運営助成・P341",target_page_account_and_exact_name_unique;page_offset=0,bpi_ee95ca9138d548c3ef880b192a62c383bf7a33bd76b28abe9c70f4f33ae8d6cb,exact_group,exact,1
ral_2026_general_088_014,rd_2026_general_revenue_14_02_01_48_05_3445100000,2026_general_expenditure_02_03_14_01_02,2026_general_expenditure_02_03_14,general,世田谷区スポーツ振興財団運営助成,世田谷区スポーツ振興財団運営助成,341,88,169,matched,page_and_exact_name,not_available,,r8tousyoyosanallpage.pdf,"5 パラスポーツ推進事業(スポーツ推進部) 1,981
充当事業:世田谷区スポーツ振興財団運営助成・P341",target_page_account_and_exact_name_unique;page_offset=0,bpi_ee95ca9138d548c3ef880b192a62c383bf7a33bd76b28abe9c70f4f33ae8d6cb,exact_group,exact,1
ral_2026_general_088_015,rd_2026_general_revenue_14_02_01_50_01_3525500000,2026_general_expenditure_02_03_13_01_06,2026_general_expenditure_02_03_13,general,消費者啓発,消費者啓発,341,88,169,matched,page_and_exact_name,not_available,,r8tousyoyosanallpage.pdf,"1 消費者行政強化事業(啓発)(経済産業部) 2,173
充当事業:消費者啓発・P341",target_page_account_and_exact_name_unique;page_offset=0,bpi_c0cdd485e0adce4a95b8d22febffccf7bf2527131a2d2a0a39c51e5bb9b25886,exact_group,exact,1
ral_2026_general_088_016,rd_2026_general_revenue_14_02_01_51_02_3305300000,2026_general_expenditure_02_03_09_01_04,2026_general_expenditure_02_03_09,general,災害対策・体制の整備,災害対策・体制の整備,337,88,169,matched,page_and_exact_name,not_available,,r8tousyoyosanallpage.pdf,"2 区市町村災害対応力向上支援事業(危機管理部) 6,000
充当事業:災害対策・体制の整備・P337",target_page_account_and_exact_name_unique;page_offset=0,bpi_7839b6f8500a585a8f501e37b44e5089302dafa15ca9089d41e793f16ce43dcd,exact_group,exact,1
ral_2026_general_088_017,rd_2026_general_revenue_14_02_01_54_01_4965100000,2026_general_expenditure_08_06_02_01_04,2026_general_expenditure_08_06_02,general,青少年教育,青少年教育,459,88,169,matched,page_and_exact_name,not_available,,r8tousyoyosanallpage.pdf,"1 地域における青少年健全育成応援事業(教育委員会事務局) 550
充当事業:青少年教育・P459",target_page_account_and_exact_name_unique;page_offset=0,bpi_7985e71ea7bc4e73d4bdd9db2db7304d6396f66fe09fff343ada2850e7a8765e,exact_group,exact,1
ral_2026_general_089_001,rd_2026_general_revenue_14_02_01_55_02_3305700000,2026_general_expenditure_02_03_01_02_23,2026_general_expenditure_02_03_01,general,安全安心まちづくりの推進,安全安心まちづくりの推進,329,89,171,matched,page_and_exact_name,not_available,,r8tousyoyosanallpage.pdf,"2 東京都防犯機器等購入緊急補助事業(危機管理部) 108,649
充当事業:安全安心まちづくりの推進・P329",target_page_account_and_exact_name_unique;page_offset=2,bpi_2b0d8b22fad33737b15e4d1eb16ef14f3929f286f4375276c12dc8cda7ace7a7,exact_group,exact,1
ral_2026_general_089_002,rd_2026_general_revenue_14_02_01_56_01_4975200000,2026_general_expenditure_08_01_03_01_45,2026_general_expenditure_08_01_03,general,小中学生の国際交流,小中学生の国際交流,447,89,171,matched,page_and_exact_name,not_available,,r8tousyoyosanallpage.pdf,"1 子供の未来を育む「体験活動」推進区市町村支援事業補助金(教育委員会事務局) 6,891
充当事業:小中学生の国際交流・P447",target_page_account_and_exact_name_unique;page_offset=2,bpi_775532e7d629270c5c0be18551d09e29d8b395fae463e489c7b67ec238d858ea,exact_group,exact,1
ral_2026_general_089_003,rd_2026_general_revenue_14_02_01_58_01_3305300000,2026_general_expenditure_02_03_09_01_02,2026_general_expenditure_02_03_09,general,備蓄体制等の整備,備蓄体制等の整備,337,89,171,matched,page_and_exact_name,not_available,,r8tousyoyosanallpage.pdf,"1 避難所環境整備・災害時トイレ確保等区市町村支援事業(危機管理部) 1,663
充当事業:備蓄体制等の整備・P337",target_page_account_and_exact_name_unique;page_offset=0,bpi_8f504f21095b757204bf1b3e5bbf4a4dfaa2349cbd9a0173f1d94db29c99173b,exact_group,exact,1
ral_2026_general_089_004,rd_2026_general_revenue_14_02_01_60_01_3065200000,2026_general_expenditure_02_01_03_01_18,2026_general_expenditure_02_01_03,general,官民連携の推進,官民連携の推進,319,89,171,matched,page_and_exact_name,not_available,,r8tousyoyosanallpage.pdf,"1 地域課題解決型スマート東京普及促進事業(政策経営部) 4,900
充当事業:官民連携の推進・P319",target_page_account_and_exact_name_unique;page_offset=0,bpi_7fc4f682e389d5fa8757d40473bae890813bac22946d85e01f87adeec1405414,exact_group,exact,1
ral_2026_general_089_005,rd_2026_general_revenue_14_02_02_01_44_3645100000,2026_general_expenditure_03_01_01_03_40,2026_general_expenditure_03_01_01,general,地域密着型サービス拠点等整備助成,地域密着型サービス拠点等整備助成,357,89,171,matched,page_and_exact_name,not_available,,r8tousyoyosanallpage.pdf,"44 認知症高齢者グループホーム(高齢福祉部) 65,022
充当事業:地域密着型サービス拠点等整備助成・P357",target_page_account_and_exact_name_unique;page_offset=0,bpi_b94acf74559d3eaf6ff1635ce5c4d363ea8c0aad316945afcdb4ddb4baa53c47,exact_group,exact,1
ral_2026_general_089_006,rd_2026_general_revenue_14_02_02_01_89_3645200000,2026_general_expenditure_03_01_02_07_01,2026_general_expenditure_03_01_02,general,生計困難者負担軽減事業,生計困難者負担軽減事業,365,89,171,matched,page_and_exact_name,not_available,,r8tousyoyosanallpage.pdf,"89 介護保険利用者負担軽減補助(高齢福祉部) 8,654
充当事業:生計困難者負担軽減事業・P365",target_page_account_and_exact_name_unique;page_offset=2,bpi_234f820a3434b1f4f2aaa08533f1a35cba5c4a72c07ca2ff7f2aefb5855c2963,exact_group,exact,1
ral_2026_general_089_007,rd_2026_general_revenue_14_02_02_01_92_3645100000,2026_general_expenditure_03_01_01_03_40,2026_general_expenditure_03_01_01,general,地域密着型サービス拠点等整備助成,地域密着型サービス拠点等整備助成,357,89,171,matched,page_and_exact_name,not_available,,r8tousyoyosanallpage.pdf,"92 小規模多機能型居宅介護(高齢福祉部) 9,519
充当事業:地域密着型サービス拠点等整備助成・P357",target_page_account_and_exact_name_unique;page_offset=0,bpi_b94acf74559d3eaf6ff1635ce5c4d363ea8c0aad316945afcdb4ddb4baa53c47,exact_group,exact,1
ral_2026_general_089_008,rd_2026_general_revenue_14_02_02_01_94_3645100000,2026_general_expenditure_03_01_01_03_89,2026_general_expenditure_03_01_01,general,ケアハウス整備促進等事業,ケアハウス整備促進等事業,359,89,171,matched,page_and_exact_name,not_available,,r8tousyoyosanallpage.pdf,"94 都市型軽費老人ホーム(高齢福祉部) 26,820
充当事業:ケアハウス整備促進等事業・P359",target_page_account_and_exact_name_unique;page_offset=2,bpi_55bd2f80d9eec103377685682d3e45d6b3840c49d3c1f38e9a6dee3a2c7fb796,exact_group,exact,1
ral_2026_general_089_009,rd_2026_general_revenue_14_02_02_01_96_3405350000,2026_general_expenditure_02_03_15_01_02,2026_general_expenditure_02_03_15,general,高齢者文化活動,高齢者文化活動,343,89,171,matched,page_and_exact_name,not_available,,r8tousyoyosanallpage.pdf,"96 高齢者クラブ助成(生活文化政策部) 2,822
充当事業:高齢者文化活動・P343",target_page_account_and_exact_name_unique;page_offset=0,bpi_e6d7960b70f7f7bb35393a0b2b0213869288453a550df131bcf11c285ac8f8b0,exact_group,exact,1
ral_2026_general_089_010,rd_2026_general_revenue_14_02_02_01_97_3645100000,2026_general_expenditure_03_01_01_03_40,2026_general_expenditure_03_01_01,general,地域密着型サービス拠点等整備助成,地域密着型サービス拠点等整備助成,357,89,171,matched,page_and_exact_name,not_available,,r8tousyoyosanallpage.pdf,"97 看護小規模多機能型居宅介護(高齢福祉部) 9,519
充当事業:地域密着型サービス拠点等整備助成・P357",target_page_account_and_exact_name_unique;page_offset=0,bpi_b94acf74559d3eaf6ff1635ce5c4d363ea8c0aad316945afcdb4ddb4baa53c47,exact_group,exact,1
ral_2026_general_089_011,rd_2026_general_revenue_14_02_02_03_04_3665500000,2026_general_expenditure_03_02_01_01_88,2026_general_expenditure_03_02_01,general,生活困難を抱える子どもと家庭への支援,生活困難を抱える子どもと家庭への支援,379,89,171,matched,page_and_exact_name,not_available,,r8tousyoyosanallpage.pdf,"4 子供の貧困対策支援事業(子ども・若者部) 984
充当事業:生活困難を抱える子どもと家庭への支援・P379",target_page_account_and_exact_name_unique;page_offset=4,bpi_0f09a7e1b773926a8014040783f429af5db10dd522350bea60f2728508375de0,exact_group,exact,1
ral_2026_general_089_012,rd_2026_general_revenue_14_02_02_05_01_3595200000,2026_general_expenditure_03_01_01_01_02,2026_general_expenditure_03_01_01,general,旧軍人等の援護,旧軍人等の援護,357,89,171,matched,page_and_exact_name,not_available,,r8tousyoyosanallpage.pdf,"1 旧軍人援護(保健福祉政策部) 1,644
充当事業:旧軍人等の援護・P357",target_page_account_and_exact_name_unique;page_offset=0,bpi_6121b619378d83393f8a2cf9969a5e96c6379f5ffb892ecdc07ee93ca6dc5150,exact_group,exact,1
ral_2026_general_089_013,rd_2026_general_revenue_14_02_02_05_01_3595200000,2026_general_expenditure_09_01_03_01_01,2026_general_expenditure_09_01_03,general,民生関係事務従事職員の人件費,民生関係事務従事職員の人件費,467,89,171,matched,page_and_exact_name,not_available,,r8tousyoyosanallpage.pdf,"1 旧軍人援護(保健福祉政策部) 1,644
充当事業:民生関係事務従事職員の人件費・P467",target_page_account_and_exact_name_unique;page_offset=0,bpi_5514ebac92df97541fc72dcb995412a4efd023cee05294300d6b86ca6ced3ee6,exact_group,exact,1
ral_2026_general_090_001,rd_2026_general_revenue_14_02_02_09_01_3665580000,2026_general_expenditure_03_02_01_01_15,2026_general_expenditure_03_02_01,general,子育て支援事業,子育て支援事業,375,90,173,matched,page_and_exact_name,not_available,,r8tousyoyosanallpage.pdf,"1 保育人材確保支援事業(子ども・若者部) 2,929
充当事業:子育て支援事業・P375",target_page_account_and_exact_name_unique;page_offset=0,bpi_a6c91eb078316228801c87fc17a7b9b81afb8df337bd6305cb7aa67e8d01ad75,exact_group,exact,1
ral_2026_general_090_002,rd_2026_general_revenue_14_02_02_13_01_3665590000,2026_general_expenditure_03_02_01_01_11,2026_general_expenditure_03_02_01,general,保育料負担軽減補助,保育料負担軽減補助,375,90,173,matched,page_and_exact_name,not_available,,r8tousyoyosanallpage.pdf,"1 保育料負担軽減補助事業(子ども・若者部) 1,952,256
充当事業:保育料負担軽減補助・P375",target_page_account_and_exact_name_unique;page_offset=0,bpi_f54fe13212d6851386a6b4e64de6d4c79f4d43c64183365c6c7c1e5617fcf8b1,exact_group,exact,1
ral_2026_general_090_003,rd_2026_general_revenue_14_02_02_13_03_3665590000,,2026_general_expenditure_03_02_01,general,ベビーシッター利用支援事業,ベビーシッター利用支援事業,379,90,173,matched,page_name_department_identity_cluster,not_available,,r8tousyoyosanallpage.pdf,"3 ベビーシッター利用支援事業(ベビーシッター事業者連携型)(子ども・若者部) 4,915
充当事業:ベビーシッター利用支援事業・P379",official_pdf_does_not_identify_internal_budget_program_group,bpi_020d87bdb6f88645e4edc52434ec6ef3f834637ed366ef07f96a394c3dedd7d4,public_identity,not_distinguishable_from_public_source,2
ral_2026_general_090_004,rd_2026_general_revenue_14_02_02_16_01_3665200000,2026_general_expenditure_03_02_12_01_04,2026_general_expenditure_03_02_12,general,児童施設改修,児童施設改修,383,90,173,matched,page_and_exact_name,not_available,,r8tousyoyosanallpage.pdf,"1 児童施設改修工事(子ども・若者部) 14,972
充当事業:児童施設改修・P383",target_page_account_and_exact_name_unique;page_offset=0,bpi_d3a5e1ff660b0483f731b53080e8b28f455ae051ff6634a18afb97116f24fb9d,exact_group,exact,1
ral_2026_general_090_005,rd_2026_general_revenue_14_02_02_19_01_3665580000,2026_general_expenditure_03_02_03_01_03,2026_general_expenditure_03_02_03,general,私立保育園運営,私立保育園運営,381,90,173,matched,page_and_exact_name,not_available,,r8tousyoyosanallpage.pdf,"1 私立保育園運営(子ども・若者部) 284,608
充当事業:私立保育園運営・P381",target_page_account_and_exact_name_unique;page_offset=0,bpi_19bacff6a2545c8ca7b835bb3f9f0a08d490992ea139a5070f3506ef5067a441,exact_group,exact,1
ral_2026_general_090_006,rd_2026_general_revenue_14_02_02_19_02_3665580000,2026_general_expenditure_03_02_03_01_14,2026_general_expenditure_03_02_03,general,特定地域型保育事業,特定地域型保育事業,381,90,173,matched,page_and_exact_name,not_available,,r8tousyoyosanallpage.pdf,"2 特定地域型保育事業(子ども・若者部) 32,905
充当事業:特定地域型保育事業・P381",target_page_account_and_exact_name_unique;page_offset=0,bpi_c3e09b21d66c0c25400cd650444267d7b9c41a6ce0b4edc5d4c60f63e57a1027,exact_group,exact,1
ral_2026_general_090_007,rd_2026_general_revenue_14_02_02_19_03_3665580000,2026_general_expenditure_03_02_03_01_13,2026_general_expenditure_03_02_03,general,認定こども園運営,認定こども園運営,381,90,173,matched,page_and_exact_name,not_available,,r8tousyoyosanallpage.pdf,"3 認定こども園運営(子ども・若者部) 27,646
充当事業:認定こども園運営・P381",target_page_account_and_exact_name_unique;page_offset=0,bpi_85cf890e8ddb0fc6f130ed8798b6f4e11a89dbc34309b8558ae7a8731ac2ce01,exact_group,exact,1
ral_2026_general_090_008,rd_2026_general_revenue_14_02_02_19_04_3595110000,2026_general_expenditure_03_01_01_03_86,2026_general_expenditure_03_01_01,general,保健福祉サービス質の向上の推進,保健福祉サービス質の向上の推進,359,90,173,matched,page_and_exact_name,not_available,,r8tousyoyosanallpage.pdf,"4 第三者評価受審費加算分(保健福祉政策部) 12,000
充当事業:保健福祉サービス質の向上の推進・P359",target_page_account_and_exact_name_unique;page_offset=2,bpi_0db879e6838637427c9ea43398b354c2e0c550180f6375b20698eb0c0409206f,exact_group,exact,1
ral_2026_general_090_009,rd_2026_general_revenue_14_02_02_19_05_3665580000,2026_general_expenditure_03_02_01_01_15,2026_general_expenditure_03_02_01,general,子育て支援事業,子育て支援事業,375,90,173,matched,page_and_exact_name,not_available,,r8tousyoyosanallpage.pdf,"5 子育て支援事業(子ども・若者部) 66,000
充当事業:子育て支援事業・P375",target_page_account_and_exact_name_unique;page_offset=0,bpi_a6c91eb078316228801c87fc17a7b9b81afb8df337bd6305cb7aa67e8d01ad75,exact_group,exact,1
ral_2026_general_090_010,rd_2026_general_revenue_14_02_02_19_06_4985400000,2026_general_expenditure_08_05_01_01_02,2026_general_expenditure_08_05_01,general,区立幼稚園維持運営,区立幼稚園維持運営,457,90,173,matched,page_and_exact_name,not_available,,r8tousyoyosanallpage.pdf,"6 区立幼稚園維持運営(教育委員会事務局) 1,500
充当事業:区立幼稚園維持運営・P457",target_page_account_and_exact_name_unique;page_offset=0,bpi_c070e52c097b63df06f1ba2a7b4c2909519913003bae5d0506d2326246e28340,exact_group,exact,1
ral_2026_general_090_011,rd_2026_general_revenue_14_02_02_20_01_3665580000,2026_general_expenditure_03_02_03_01_03,2026_general_expenditure_03_02_03,general,私立保育園運営,私立保育園運営,381,90,173,matched,page_and_exact_name,not_available,,r8tousyoyosanallpage.pdf,"1 私立保育園(子ども・若者部) 52,365
充当事業:私立保育園運営・P381",target_page_account_and_exact_name_unique;page_offset=0,bpi_19bacff6a2545c8ca7b835bb3f9f0a08d490992ea139a5070f3506ef5067a441,exact_group,exact,1
ral_2026_general_090_012,rd_2026_general_revenue_14_02_02_20_02_3665590000,2026_general_expenditure_03_02_01_01_09,2026_general_expenditure_03_02_01,general,認証保育所事業,認証保育所事業,375,90,173,matched,page_and_exact_name,not_available,,r8tousyoyosanallpage.pdf,"2 認証保育所(子ども・若者部) 5,193
充当事業:認証保育所事業・P375",target_page_account_and_exact_name_unique;page_offset=0,bpi_6356950f0fc306661633092aebe00e0ee8dee735c9ee0df107ee159cb7bfa7f1,exact_group,exact,1
ral_2026_general_090_013,rd_2026_general_revenue_14_02_02_21_01_3665580000,2026_general_expenditure_03_02_03_01_03,2026_general_expenditure_03_02_03,general,私立保育園運営,私立保育園運営,381,90,173,matched,page_and_exact_name,not_available,,r8tousyoyosanallpage.pdf,"1 私立保育園施設整備(子ども・若者部) 256,250
充当事業:私立保育園運営・P381",target_page_account_and_exact_name_unique;page_offset=0,bpi_19bacff6a2545c8ca7b835bb3f9f0a08d490992ea139a5070f3506ef5067a441,exact_group,exact,1
ral_2026_general_090_014,rd_2026_general_revenue_14_02_02_24_01_3655200000,2026_general_expenditure_03_01_01_03_14,2026_general_expenditure_03_01_01,general,世田谷区地域福祉推進事業,世田谷区地域福祉推進事業,357,90,173,matched,page_and_exact_name,not_available,,r8tousyoyosanallpage.pdf,"1 地域福祉推進事業(障害福祉部) 1,750
充当事業:世田谷区地域福祉推進事業・P357",target_page_account_and_exact_name_unique;page_offset=0,bpi_3b8d368adc13c07345dfabde5bdd7bcf5f9c1a59a00e19859029699283ad954d,exact_group,exact,1
ral_2026_general_090_015,rd_2026_general_revenue_14_02_02_24_02_3655200000,2026_general_expenditure_03_01_01_03_34,2026_general_expenditure_03_01_01,general,移動困難者の移送システム,移動困難者の移送システム,357,90,173,matched,page_and_exact_name,not_available,,r8tousyoyosanallpage.pdf,"2 地域福祉推進事業(移送サービス)(障害福祉部) 11,570
充当事業:移動困難者の移送システム・P357",target_page_account_and_exact_name_unique;page_offset=0,bpi_e37200b5d66987b8f4daa766792ac35dbd8e92d31f0fbc0b8e646d9a492e17b2,exact_group,exact,1
ral_2026_general_091_001,rd_2026_general_revenue_14_02_02_25_02_3665580000,2026_general_expenditure_03_02_01_01_35,2026_general_expenditure_03_02_01,general,保育施設等の質の向上,保育施設等の質の向上,375,91,175,matched,page_and_exact_name,not_available,,r8tousyoyosanallpage.pdf,"2 保育士等キャリアアップ研修支援事業(子ども・若者部) 951
充当事業:保育施設等の質の向上・P375",target_page_account_and_exact_name_unique;page_offset=0,bpi_b84a2e04cee22e24ceb1fc05f9893b7df32d865c115ca33bc91ac1ac10a4e9eb,exact_group,exact,1
ral_2026_general_091_002,rd_2026_general_revenue_14_02_02_31_02_3405350000,2026_general_expenditure_02_03_15_01_02,2026_general_expenditure_02_03_15,general,高齢者文化活動,高齢者文化活動,343,91,175,matched,page_and_exact_name,not_available,,r8tousyoyosanallpage.pdf,"2 高齢者いきいきせたがや文化祭(生活文化政策部) 649
充当事業:高齢者文化活動・P343",target_page_account_and_exact_name_unique;page_offset=0,bpi_e6d7960b70f7f7bb35393a0b2b0213869288453a550df131bcf11c285ac8f8b0,exact_group,exact,1
ral_2026_general_091_003,rd_2026_general_revenue_14_02_02_31_03_3405350000,2026_general_expenditure_02_03_15_02_04,2026_general_expenditure_02_03_15,general,土と農の交流園運営,土と農の交流園運営,343,91,175,matched,page_and_exact_name,not_available,,r8tousyoyosanallpage.pdf,"3 土と農の交流園(生活文化政策部) 6,666
充当事業:土と農の交流園運営・P343",target_page_account_and_exact_name_unique;page_offset=0,bpi_6c3bfeb54297a07eaff3cc6a241ca53873628ffc43670f3acaaed562cdc8b5d4,exact_group,exact,1
ral_2026_general_091_004,rd_2026_general_revenue_14_02_02_31_05_3655200000,2026_general_expenditure_03_01_16_01_35,2026_general_expenditure_03_01_16,general,障害者施設等運営助成,障害者施設等運営助成,371,91,175,matched,page_and_exact_name,not_available,,r8tousyoyosanallpage.pdf,"5 八幡山地域支え合い・介護予防事業(障害福祉部) 266
充当事業:障害者施設等運営助成・P371",target_page_account_and_exact_name_unique;page_offset=2,bpi_b51025445837cb1320053362a68bc33800a3c336fb0999297cc41f1e1a08f435,exact_group,exact,1
ral_2026_general_091_005,rd_2026_general_revenue_14_02_02_36_01_3655100000,2026_general_expenditure_03_01_03_04_15,2026_general_expenditure_03_01_03,general,障害者虐待防止推進事業,障害者虐待防止推進事業,369,91,175,matched,page_and_exact_name,not_available,,r8tousyoyosanallpage.pdf,"1 障害者虐待防止対策支援事業(障害福祉部) 752
充当事業:障害者虐待防止推進事業・P369",target_page_account_and_exact_name_unique;page_offset=2,bpi_d7550c3bad812006d6c23f6647a16c9058f2f4b21faf30ae2e357a6e4494ca27,exact_group,exact,1
ral_2026_general_091_006,rd_2026_general_revenue_14_02_02_36_04_3655300000,2026_general_expenditure_03_01_16_01_40,2026_general_expenditure_03_01_16,general,配慮を要する児童への支援事業,配慮を要する児童への支援事業,371,91,175,matched,page_and_exact_name,not_available,,r8tousyoyosanallpage.pdf,"4 発達障害児者及び家族等支援事業(障害福祉部) 706
充当事業:配慮を要する児童への支援事業・P371",target_page_account_and_exact_name_unique;page_offset=2,bpi_a0e9577342786c020a22796e2cca204df41dd09fdff99b7b54416d3fb2c87a9b,exact_group,exact,1
ral_2026_general_091_007,rd_2026_general_revenue_14_02_02_36_07_3655100000,2026_general_expenditure_03_01_03_06_01,2026_general_expenditure_03_01_03,general,障害者自立支援給付,障害者自立支援給付,369,91,175,matched,page_and_exact_name,not_available,,r8tousyoyosanallpage.pdf,"7 雇用施策との連携による重度障害者等就労支援特別事業(障害福祉部) 5,015
充当事業:障害者自立支援給付・P369",target_page_account_and_exact_name_unique;page_offset=2,bpi_be7553f41733bb99a982ad78c0f0049f541fe54a9cecd4ab5b6af2973d55ff32,exact_group,exact,1
ral_2026_general_091_008,rd_2026_general_revenue_14_02_02_37_02_3655100000,2026_general_expenditure_03_01_03_02_02,2026_general_expenditure_03_01_03,general,障害者コミュニケーションサービス,障害者コミュニケーションサービス,367,91,175,matched,page_and_exact_name,not_available,,r8tousyoyosanallpage.pdf,"2 コミュニケーション支援(障害福祉部) 3,723
充当事業:障害者コミュニケーションサービス・P367",target_page_account_and_exact_name_unique;page_offset=0,bpi_4f9ad83f2b43b70781f8bf13d76a552839085b06c3395d02a12d7b5d58fe5898,exact_group,exact,1
ral_2026_general_091_009,rd_2026_general_revenue_14_02_02_37_03_3655100000,2026_general_expenditure_03_01_03_03_07,2026_general_expenditure_03_01_03,general,障害者日常生活用具等給付,障害者日常生活用具等給付,367,91,175,matched,page_and_exact_name,not_available,,r8tousyoyosanallpage.pdf,"3 日常生活用具給付(障害福祉部) 18,406
充当事業:障害者日常生活用具等給付・P367",target_page_account_and_exact_name_unique;page_offset=0,bpi_2a5de5c23ed57145e5333153c170ea8b77cb637794705a22748cf3eddb0259ea,exact_group,exact,1
ral_2026_general_091_010,rd_2026_general_revenue_14_02_02_37_08_3655100000,2026_general_expenditure_03_01_03_03_05,2026_general_expenditure_03_01_03,general,障害者入浴サービス,障害者入浴サービス,367,91,175,matched,page_and_exact_name,not_available,,r8tousyoyosanallpage.pdf,"8 訪問入浴サービス(障害福祉部) 7,646
充当事業:障害者入浴サービス・P367",target_page_account_and_exact_name_unique;page_offset=0,bpi_c5ea5af5346e53f2cb7d84cfaee1cf2ed42cfa57261fc96442c8ad18f9a96444,exact_group,exact,1
ral_2026_general_091_011,rd_2026_general_revenue_14_02_02_37_11_3065600000,2026_general_expenditure_02_01_02_01_03,2026_general_expenditure_02_01_02,general,区のおしらせ『せたがや』発行,区のおしらせ『せたがや』発行,319,91,175,matched,page_and_exact_name,not_available,,r8tousyoyosanallpage.pdf,"11 点字・声の広報(区のおしらせ)(政策経営部) 3,327
充当事業:区のおしらせ『せたがや』発行・P319",target_page_account_and_exact_name_unique;page_offset=0,bpi_6be01a354c49d1f568d25ef507acecf1c19daca25e56f35babc9a9cd1c75d545,exact_group,exact,1
ral_2026_general_091_012,rd_2026_general_revenue_14_02_02_37_12_3655100000,2026_general_expenditure_03_01_03_02_02,2026_general_expenditure_03_01_03,general,障害者コミュニケーションサービス,障害者コミュニケーションサービス,367,91,175,matched,page_and_exact_name,not_available,,r8tousyoyosanallpage.pdf,"12 奉仕員養成研修(障害福祉部) 1,190
充当事業:障害者コミュニケーションサービス・P367",target_page_account_and_exact_name_unique;page_offset=0,bpi_4f9ad83f2b43b70781f8bf13d76a552839085b06c3395d02a12d7b5d58fe5898,exact_group,exact,1
ral_2026_general_091_013,rd_2026_general_revenue_14_02_02_37_15_3655100000,2026_general_expenditure_03_01_03_03_09,2026_general_expenditure_03_01_03,general,障害者設備改善費給付,障害者設備改善費給付,367,91,175,matched,page_and_exact_name,not_available,,r8tousyoyosanallpage.pdf,"15 住宅改修(障害福祉部) 275
充当事業:障害者設備改善費給付・P367",target_page_account_and_exact_name_unique;page_offset=0,bpi_dbeb6ae858915eff98e09f6ac65509f2a196bc88a97284eddd0b5f57310b2a6b,exact_group,exact,1
ral_2026_general_091_014,rd_2026_general_revenue_14_02_02_37_16_5105100000,2026_general_expenditure_01_01_01_02_02,2026_general_expenditure_01_01_01,general,区議会広報活動,区議会広報活動,311,91,175,matched,page_and_exact_name,not_available,,r8tousyoyosanallpage.pdf,"16 声の広報(区議会だより)(区議会事務局) 382
充当事業:区議会広報活動・P311",target_page_account_and_exact_name_unique;page_offset=0,bpi_86a32a08be06c3b67e6347e816654ab2bc49c7c4b328d291d4017edf5b27af47,exact_group,exact,1
ral_2026_general_091_015,rd_2026_general_revenue_14_02_02_37_18_3655200000,2026_general_expenditure_03_01_16_03_05,2026_general_expenditure_03_01_16,general,障害者短期入所等事業,障害者短期入所等事業,371,91,175,matched,page_and_exact_name,not_available,,r8tousyoyosanallpage.pdf,"18 日中一時支援(短期入所)(障害福祉部) 1,862
充当事業:障害者短期入所等事業・P371",target_page_account_and_exact_name_unique;page_offset=2,bpi_6d4dcae0b0c2dd6f29b9aa89a75555f03c4c9a6a030f36453a05dc2227966192,exact_group,exact,1
ral_2026_general_091_016,rd_2026_general_revenue_14_02_02_37_21_3655100000,2026_general_expenditure_03_01_01_03_36,2026_general_expenditure_03_01_01,general,障害者サービス広報事業,障害者サービス広報事業,357,91,175,matched,page_and_exact_name,not_available,,r8tousyoyosanallpage.pdf,"21 点字・声の広報等発行事業(障害福祉部) 610
充当事業:障害者サービス広報事業・P357",target_page_account_and_exact_name_unique;page_offset=0,bpi_f1d920a449ca435023f84c5d79578e28e189e6d6e688ae734da9c937a7b3b0ae,exact_group,exact,1
ral_2026_general_091_017,rd_2026_general_revenue_14_02_02_37_26_3655200000,2026_general_expenditure_03_01_16_01_34,2026_general_expenditure_03_01_16,general,障害者自立体験等運営事業,障害者自立体験等運営事業,371,91,175,matched,page_and_exact_name,not_available,,r8tousyoyosanallpage.pdf,"26 居宅の確保(障害福祉部) 977
充当事業:障害者自立体験等運営事業・P371",target_page_account_and_exact_name_unique;page_offset=2,bpi_b8f1327febb9ab5bc0553cce3212760e002b7d952586aecbecd2479c78c66958,exact_group,exact,1
ral_2026_general_091_018,rd_2026_general_revenue_14_02_02_37_27_3655200000,2026_general_expenditure_03_01_16_01_34,2026_general_expenditure_03_01_16,general,障害者自立体験等運営事業,障害者自立体験等運営事業,371,91,175,matched,page_and_exact_name,not_available,,r8tousyoyosanallpage.pdf,"27 地域生活体験事業(障害福祉部) 1,175
充当事業:障害者自立体験等運営事業・P371",target_page_account_and_exact_name_unique;page_offset=2,bpi_b8f1327febb9ab5bc0553cce3212760e002b7d952586aecbecd2479c78c66958,exact_group,exact,1
ral_2026_general_092_001,rd_2026_general_revenue_14_02_02_37_32_3655100000,2026_general_expenditure_03_01_03_06_01,2026_general_expenditure_03_01_03,general,障害者自立支援給付,障害者自立支援給付,369,92,177,matched,page_and_exact_name,not_available,,r8tousyoyosanallpage.pdf,"32 移動支援(障害福祉部) 107,067
充当事業:障害者自立支援給付・P369",target_page_account_and_exact_name_unique;page_offset=2,bpi_be7553f41733bb99a982ad78c0f0049f541fe54a9cecd4ab5b6af2973d55ff32,exact_group,exact,1
ral_2026_general_092_002,rd_2026_general_revenue_14_02_02_37_33_3655100000,2026_general_expenditure_03_01_03_06_01,2026_general_expenditure_03_01_03,general,障害者自立支援給付,障害者自立支援給付,369,92,177,matched,page_and_exact_name,not_available,,r8tousyoyosanallpage.pdf,"33 福祉ホーム(障害福祉部) 565
充当事業:障害者自立支援給付・P369",target_page_account_and_exact_name_unique;page_offset=2,bpi_be7553f41733bb99a982ad78c0f0049f541fe54a9cecd4ab5b6af2973d55ff32,exact_group,exact,1
ral_2026_general_092_003,rd_2026_general_revenue_14_02_02_37_39_3655100000,2026_general_expenditure_03_01_03_04_14,2026_general_expenditure_03_01_03,general,障害理解促進,障害理解促進,367,92,177,matched,page_and_exact_name,not_available,,r8tousyoyosanallpage.pdf,"39 理解促進研修・啓発事業(障害理解促進事業)(障害福祉部) 427
充当事業:障害理解促進・P367",target_page_account_and_exact_name_unique;page_offset=0,bpi_74ef728f2b642d3487427b02347bc3262ff3e657c93600fd239841ecd547b517,exact_group,exact,1
ral_2026_general_092_004,rd_2026_general_revenue_14_02_02_37_40_3655200000,2026_general_expenditure_03_01_16_01_06,2026_general_expenditure_03_01_16,general,障害者授産事業,障害者授産事業,369,92,177,matched,page_and_exact_name,not_available,,r8tousyoyosanallpage.pdf,"40 理解促進研修・啓発事業(カタログリーフレット作成)(障害福祉部) 15
充当事業:障害者授産事業・P369",target_page_account_and_exact_name_unique;page_offset=0,bpi_ec45351d16bba62810ce70f3037ef5f13968d1c4830ea9ed8b1b32f9954d20d5,exact_group,exact,1
ral_2026_general_092_005,rd_2026_general_revenue_14_02_02_37_47_3655100000,2026_general_expenditure_03_01_03_02_02,2026_general_expenditure_03_01_03,general,障害者コミュニケーションサービス,障害者コミュニケーションサービス,367,92,177,matched,page_and_exact_name,not_available,,r8tousyoyosanallpage.pdf,"47 失語症者向け意思疎通支援者派遣事業(障害福祉部) 400
充当事業:障害者コミュニケーションサービス・P367",target_page_account_and_exact_name_unique;page_offset=0,bpi_4f9ad83f2b43b70781f8bf13d76a552839085b06c3395d02a12d7b5d58fe5898,exact_group,exact,1
ral_2026_general_092_006,rd_2026_general_revenue_14_02_02_37_48_3655100000,2026_general_expenditure_03_01_03_04_23,2026_general_expenditure_03_01_03,general,地域生活支援拠点等整備事業,地域生活支援拠点等整備事業,369,92,177,matched,page_and_exact_name,not_available,,r8tousyoyosanallpage.pdf,"48 コーディネート事業(障害福祉部) 4,909
充当事業:地域生活支援拠点等整備事業・P369",target_page_account_and_exact_name_unique;page_offset=2,bpi_51bb4176098e3be73c7e2f49050ddef081c00301d6d46035a9dbdb1a9f6a9c02,exact_group,exact,1
ral_2026_general_092_007,rd_2026_general_revenue_14_02_02_37_49_3655100000,2026_general_expenditure_03_01_01_06_05,2026_general_expenditure_03_01_01,general,障害者差別解消推進,障害者差別解消推進,361,92,177,matched,page_and_exact_name,not_available,,r8tousyoyosanallpage.pdf,"49 理解促進研修・啓発事業(障害理解促進事業)(障害福祉部) 229
充当事業:障害者差別解消推進・P361",target_page_account_and_exact_name_unique;page_offset=4,bpi_ebf1f3a64d011092e963d53f304265610bbb702c71be73dba92204b68992f62d,exact_group,exact,1
ral_2026_general_092_008,rd_2026_general_revenue_14_02_02_37_52_3065600000,2026_general_expenditure_02_01_02_01_04,2026_general_expenditure_02_01_02,general,区政PR,区政ＰＲ,319,92,177,matched,page_and_normalized_name,not_available,,r8tousyoyosanallpage.pdf,"52 点字・声の広報(区政PR)(政策経営部) 61
充当事業:区政PR・P319",target_page_account_and_nfkc_name_unique;page_offset=0,bpi_2ebebeafea2dd534586e4670e355f38f45018655c2390044a7e8840362d2b8f7,exact_group,exact,1
ral_2026_general_092_009,rd_2026_general_revenue_14_02_02_38_01_3665500000,2026_general_expenditure_03_02_01_01_26,2026_general_expenditure_03_02_01,general,在宅子育て支援,在宅子育て支援,375,92,177,matched,page_and_exact_name,not_available,,r8tousyoyosanallpage.pdf,"1 利用者支援体制強化事業(子ども・若者部) 10,382
充当事業:在宅子育て支援・P375",target_page_account_and_exact_name_unique;page_offset=0,bpi_8a0f54d9e647e1a2b62e1075cb7040e5db102777c0d4afc9e87058e56ea4e4fb,exact_group,exact,1
ral_2026_general_092_010,rd_2026_general_revenue_14_02_02_40_07_3785250000,2026_general_expenditure_05_03_07_02_01,2026_general_expenditure_05_03_07,general,定期及臨時予防接種,定期及臨時予防接種,407,92,177,matched,page_and_exact_name,not_available,,r8tousyoyosanallpage.pdf,"7 小児のための予防接種支援事業(世田谷保健所) 2,563
充当事業:定期及臨時予防接種・P407",target_page_account_and_exact_name_unique;page_offset=0,bpi_6f2147ca2ac49424cc6464e12969ea1c61daf8a893aa0347a26f363c43df5933,exact_group,exact,1
ral_2026_general_092_011,rd_2026_general_revenue_14_02_02_40_08_3595150000,2026_general_expenditure_05_01_01_01_01,2026_general_expenditure_05_01_01,general,地域医療整備,地域医療整備,397,92,177,matched,page_and_exact_name,not_available,,r8tousyoyosanallpage.pdf,"8 小児救急普及啓発事業(保健福祉政策部) 417
充当事業:地域医療整備・P397",target_page_account_and_exact_name_unique;page_offset=0,bpi_3b7d22dbc4d07fdc98173798a94a046177dd13dcc168fe5abb2b973460a62eb4,exact_group,exact,1
ral_2026_general_092_012,rd_2026_general_revenue_14_02_02_40_13_3785100000,2026_general_expenditure_05_03_03_01_04,2026_general_expenditure_05_03_03,general,がん検診,がん検診,403,92,177,matched,page_and_exact_name,not_available,,r8tousyoyosanallpage.pdf,"13 がん予防対策事業(世田谷保健所) 499
充当事業:がん検診・P403",target_page_account_and_exact_name_unique;page_offset=0,bpi_a55d19ad94a24877ec56cebf3c061844846b1552ddff6a48ff060c12029518ab,exact_group,exact,1
ral_2026_general_092_013,rd_2026_general_revenue_14_02_02_40_18_3785100000,2026_general_expenditure_05_03_03_01_05,2026_general_expenditure_05_03_03,general,生活習慣病予防対策,生活習慣病予防対策,403,92,177,matched,page_and_exact_name,not_available,,r8tousyoyosanallpage.pdf,"18 糖尿病予防対策事業(世田谷保健所) 255
充当事業:生活習慣病予防対策・P403",target_page_account_and_exact_name_unique;page_offset=0,bpi_d602d19ef11c89718a752fabd39249179b4aacaa12b194d0ff827e0f79411482,exact_group,exact,1
ral_2026_general_092_014,rd_2026_general_revenue_14_02_02_40_22_3785700000,2026_general_expenditure_05_04_01_01_04,2026_general_expenditure_05_04_01,general,人と動物との共生推進事業,人と動物との共生推進事業,409,92,177,matched,page_and_exact_name,not_available,,r8tousyoyosanallpage.pdf,"22 飼い主のいない猫対策(世田谷保健所) 4,787
充当事業:人と動物との共生推進事業・P409",target_page_account_and_exact_name_unique;page_offset=0,bpi_801a822f4b1e581259a39dc17d52f2c54b53d2d627abbaea71ff150e073c25dc,exact_group,exact,1
ral_2026_general_092_015,rd_2026_general_revenue_14_02_02_40_32_3785100000,2026_general_expenditure_05_02_01_01_01,2026_general_expenditure_05_02_01,general,健康危機管理体制の充実,健康危機管理体制の充実,401,92,177,matched,page_and_exact_name,not_available,,r8tousyoyosanallpage.pdf,"32 熱中症対策に関する普及啓発等事業(世田谷保健所) 294
充当事業:健康危機管理体制の充実・P401",target_page_account_and_exact_name_unique;page_offset=0,bpi_1d3af683b99ba3f20ab8b10a197a71479b0bf1e8b3c21df1a686f3b9dfe16239,exact_group,exact,1
ral_2026_general_092_016,rd_2026_general_revenue_14_02_02_40_33_3785100000,2026_general_expenditure_05_02_01_01_01,2026_general_expenditure_05_02_01,general,健康危機管理体制の充実,健康危機管理体制の充実,401,92,177,matched,page_and_exact_name,not_available,,r8tousyoyosanallpage.pdf,"33 新型インフルエンザ初動対応事業(世田谷保健所) 3,938
充当事業:健康危機管理体制の充実・P401",target_page_account_and_exact_name_unique;page_offset=0,bpi_1d3af683b99ba3f20ab8b10a197a71479b0bf1e8b3c21df1a686f3b9dfe16239,exact_group,exact,1
ral_2026_general_092_017,rd_2026_general_revenue_14_02_02_40_36_3785100000,2026_general_expenditure_05_03_03_01_12,2026_general_expenditure_05_03_03,general,がん対策,がん対策,403,92,177,matched,page_and_exact_name,not_available,,r8tousyoyosanallpage.pdf,"36 がん検診精度管理事業(世田谷保健所) 772
充当事業:がん対策・P403",target_page_account_and_exact_name_unique;page_offset=0,bpi_f4ae08ea0946a738eb94aaef252f5bd859491d86f5c401fd6cde4b1653670344,exact_group,exact,1
ral_2026_general_092_018,rd_2026_general_revenue_14_02_02_40_37_3785100000,2026_general_expenditure_05_03_03_01_12,2026_general_expenditure_05_03_03,general,がん対策,がん対策,403,92,177,matched,page_and_exact_name,not_available,,r8tousyoyosanallpage.pdf,"37 がん予防普及啓発(世田谷保健所) 285
充当事業:がん対策・P403",target_page_account_and_exact_name_unique;page_offset=0,bpi_f4ae08ea0946a738eb94aaef252f5bd859491d86f5c401fd6cde4b1653670344,exact_group,exact,1
ral_2026_general_093_001,rd_2026_general_revenue_14_02_02_40_40_3785200000,2026_general_expenditure_05_02_01_02_02,2026_general_expenditure_05_02_01,general,精神保健福祉推進,精神保健福祉推進,401,93,179,matched,page_and_exact_name,not_available,,r8tousyoyosanallpage.pdf,"40 自殺対策事業(世田谷保健所) 525
充当事業:精神保健福祉推進・P401",target_page_account_and_exact_name_unique;page_offset=0,bpi_87967b38ace617e9bc2b3ba779f5f8111b9e4726003e1cdf0ad3f02f0a3af119,exact_group,exact,1
ral_2026_general_093_002,rd_2026_general_revenue_14_02_02_40_45_3785100000,2026_general_expenditure_05_02_01_01_02,2026_general_expenditure_05_02_01,general,保健所運営事務,保健所運営事務,401,93,179,matched,page_and_exact_name,not_available,,r8tousyoyosanallpage.pdf,"45 薬物乱用防止啓発促進事業(世田谷保健所) 546
充当事業:保健所運営事務・P401",target_page_account_and_exact_name_unique;page_offset=0,bpi_9110932c303833a38adac18d2775ed77999e6a5bf17223cf0ed1669f208bc33e,exact_group,exact,1
ral_2026_general_093_003,rd_2026_general_revenue_14_02_02_40_47_3785100000,2026_general_expenditure_05_02_01_01_04,2026_general_expenditure_05_02_01,general,健康せたがやプランの推進,健康せたがやプランの推進,401,93,179,matched,page_and_exact_name,not_available,,r8tousyoyosanallpage.pdf,"47 ウォーキングマップ作成・活用事業(世田谷保健所) 409
充当事業:健康せたがやプランの推進・P401",target_page_account_and_exact_name_unique;page_offset=0,bpi_7300d4c8f8c294bee3b0f60d201c07584718a389bb137f6a800e1058464bd0e2,exact_group,exact,1
ral_2026_general_093_004,rd_2026_general_revenue_14_02_02_40_48_3785700000,2026_general_expenditure_05_04_01_01_06,2026_general_expenditure_05_04_01,general,鼠・害虫相談・水害消毒,鼠・害虫相談・水害消毒,409,93,179,matched,page_and_exact_name,not_available,,r8tousyoyosanallpage.pdf,"48 地域環境改善対策事業(世田谷保健所) 1,521
充当事業:鼠・害虫相談・水害消毒・P409",target_page_account_and_exact_name_unique;page_offset=0,bpi_0a5eab774d65273d2f554b2aba95c28982bad3a59f5e9c411166e88e4867ff90,exact_group,exact,1
ral_2026_general_093_005,rd_2026_general_revenue_14_02_02_40_49_3785700000,2026_general_expenditure_05_04_01_01_09,2026_general_expenditure_05_04_01,general,環境衛生監視普及,環境衛生監視普及,409,93,179,matched,page_and_exact_name,not_available,,r8tousyoyosanallpage.pdf,"49 アレルギー疾患普及啓発(世田谷保健所) 813
充当事業:環境衛生監視普及・P409",target_page_account_and_exact_name_unique;page_offset=0,bpi_68552800dd59cb354b24bf2de4bea1189223f0b1ecadc9030f432bdb83a78b1d,exact_group,exact,1
ral_2026_general_093_006,rd_2026_general_revenue_14_02_02_40_51_3785700000,2026_general_expenditure_05_04_01_01_04,2026_general_expenditure_05_04_01,general,人と動物との共生推進事業,人と動物との共生推進事業,409,93,179,matched,page_and_exact_name,not_available,,r8tousyoyosanallpage.pdf,"51 地域における動物愛護の推進(世田谷保健所) 688
充当事業:人と動物との共生推進事業・P409",target_page_account_and_exact_name_unique;page_offset=0,bpi_801a822f4b1e581259a39dc17d52f2c54b53d2d627abbaea71ff150e073c25dc,exact_group,exact,1
ral_2026_general_093_007,rd_2026_general_revenue_14_02_02_40_52_3655300000,2026_general_expenditure_03_01_01_06_07,2026_general_expenditure_03_01_01,general,医療的ケア児(者)支援の充実,医療的ケア児（者）支援の充実,361,93,179,matched,page_and_normalized_name,not_available,,r8tousyoyosanallpage.pdf,"52 医療連携推進協議会(障害福祉部) 2,367
充当事業:医療的ケア児(者)支援の充実・P361",target_page_account_and_nfkc_name_unique;page_offset=4,bpi_fd8fda780e6171e66868717ab2d1cd7c47adf41c2de5a88c416f4ae51c158d5c,exact_group,exact,1
ral_2026_general_093_008,rd_2026_general_revenue_14_02_02_40_53_3785200000,2026_general_expenditure_05_03_04_01_09,2026_general_expenditure_05_03_04,general,食育の推進,食育の推進,405,93,179,matched,page_and_exact_name,not_available,,r8tousyoyosanallpage.pdf,"53 地域に根ざした食環境整備事業(世田谷保健所) 1,047
充当事業:食育の推進・P405",target_page_account_and_exact_name_unique;page_offset=0,bpi_538f5507d52dd1d6915242999e4534e81fc195f2daeb8091d189b593c5f5cf6a,exact_group,exact,1
ral_2026_general_093_009,rd_2026_general_revenue_14_02_02_40_58_3785700000,2026_general_expenditure_05_04_01_01_07,2026_general_expenditure_05_04_01,general,食品衛生監視普及,食品衛生監視普及,409,93,179,matched,page_and_exact_name,not_available,,r8tousyoyosanallpage.pdf,"58 HACCP衛生管理の導入・定着を推進する事業(世田谷保健所) 53
充当事業:食品衛生監視普及・P409",target_page_account_and_exact_name_unique;page_offset=0,bpi_51bac6640a5bf7d8fa0d7325237a095805546edcb568d90d7254b3673bf92b3c,exact_group,exact,1
ral_2026_general_093_010,rd_2026_general_revenue_14_02_02_40_59_3785700000,2026_general_expenditure_05_04_01_01_04,2026_general_expenditure_05_04_01,general,人と動物との共生推進事業,人と動物との共生推進事業,409,93,179,matched,page_and_exact_name,not_available,,r8tousyoyosanallpage.pdf,"59 地域における動物の相談支援体制整備事業(世田谷保健所) 2,364
充当事業:人と動物との共生推進事業・P409",target_page_account_and_exact_name_unique;page_offset=0,bpi_801a822f4b1e581259a39dc17d52f2c54b53d2d627abbaea71ff150e073c25dc,exact_group,exact,1
ral_2026_general_093_011,rd_2026_general_revenue_14_02_02_40_60_3785250000,2026_general_expenditure_05_03_07_03_03,2026_general_expenditure_05_03_07,general,難病・被爆者対策,難病・被爆者対策,407,93,179,matched,page_and_exact_name,not_available,,r8tousyoyosanallpage.pdf,"60 骨髄移植ドナー支援事業(世田谷保健所) 840
充当事業:難病・被爆者対策・P407",target_page_account_and_exact_name_unique;page_offset=0,bpi_5f3a27a6b7fd6534f062b1abf0cff735b50ed918be3fa1c05ee445bed856d7c7,exact_group,exact,1
ral_2026_general_093_012,rd_2026_general_revenue_14_02_02_40_61_3785250000,2026_general_expenditure_05_03_07_02_01,2026_general_expenditure_05_03_07,general,定期及臨時予防接種,定期及臨時予防接種,407,93,179,matched,page_and_exact_name,not_available,,r8tousyoyosanallpage.pdf,"61 医療行為による予防接種の免疫消失に対する再接種費助成事業(世田谷保健所) 250
充当事業:定期及臨時予防接種・P407",target_page_account_and_exact_name_unique;page_offset=0,bpi_6f2147ca2ac49424cc6464e12969ea1c61daf8a893aa0347a26f363c43df5933,exact_group,exact,1
ral_2026_general_093_013,rd_2026_general_revenue_14_02_02_40_62_3785200000,2026_general_expenditure_05_03_05_01_09,2026_general_expenditure_05_03_05,general,母子保健知識等の普及と啓発,母子保健知識等の普及と啓発,405,93,179,matched,page_and_exact_name,not_available,,r8tousyoyosanallpage.pdf,"62 思春期から更年期までの母性保健向上事業(世田谷保健所) 1,250
充当事業:母子保健知識等の普及と啓発・P405",target_page_account_and_exact_name_unique;page_offset=0,bpi_d61daf79353f3f19f6f1052baa04cb594662427887ed92f6af0f909f54216ea4,exact_group,exact,1
ral_2026_general_093_014,rd_2026_general_revenue_14_02_02_40_63_3785100000,2026_general_expenditure_05_02_01_01_08,2026_general_expenditure_05_02_01,general,受動喫煙対策,受動喫煙対策,401,93,179,matched,page_and_exact_name,not_available,,r8tousyoyosanallpage.pdf,"63 受動喫煙防止対策に係る実効性の担保に資する事業(世田谷保健所) 5,350
充当事業:受動喫煙対策・P401",target_page_account_and_exact_name_unique;page_offset=0,bpi_2e4546101b6d6fb73aa2b44737576499d43580b7d223e97a60d1d59124ecefff,exact_group,exact,1
ral_2026_general_093_015,rd_2026_general_revenue_14_02_02_40_64_3465200000,2026_general_expenditure_04_02_01_01_04,2026_general_expenditure_04_02_01,general,ポイ捨てごみゼロ等の推進,ポイ捨てごみゼロ等の推進,391,93,179,matched,page_and_exact_name,not_available,,r8tousyoyosanallpage.pdf,"64 受動喫煙防止対策の強化に伴う喫煙環境の整備事業(環境政策部) 5,000
充当事業:ポイ捨てごみゼロ等の推進・P391",target_page_account_and_exact_name_unique;page_offset=0,bpi_4e70af1c99723e197a7bcdd1128f307431d6fae52123f73ec92d3d8a2a4acc02,exact_group,exact,1
ral_2026_general_093_016,rd_2026_general_revenue_14_02_02_40_67_3785100000,2026_general_expenditure_05_03_03_01_12,2026_general_expenditure_05_03_03,general,がん対策,がん対策,403,93,179,matched,page_and_exact_name,not_available,,r8tousyoyosanallpage.pdf,"67 がん患者へのアピアランスケア支援事業(世田谷保健所) 39,600
充当事業:がん対策・P403",target_page_account_and_exact_name_unique;page_offset=0,bpi_f4ae08ea0946a738eb94aaef252f5bd859491d86f5c401fd6cde4b1653670344,exact_group,exact,1
ral_2026_general_093_017,rd_2026_general_revenue_14_02_02_40_68_3785250000,2026_general_expenditure_05_03_07_02_08,2026_general_expenditure_05_03_07,general,風しん抗体検査・予防接種,風しん抗体検査・予防接種,407,93,179,matched,page_and_exact_name,not_available,,r8tousyoyosanallpage.pdf,"68 予防接種促進事業(風しん予防緊急対策)(世田谷保健所) 3,391
充当事業:風しん抗体検査・予防接種・P407",target_page_account_and_exact_name_unique;page_offset=0,bpi_940fe3b36800c495e469d7c944246ee8ca38fb2be20204db6f3941c8ef13d9ae,exact_group,exact,1
ral_2026_general_093_018,rd_2026_general_revenue_14_02_02_40_69_3785100000,2026_general_expenditure_05_02_01_01_01,2026_general_expenditure_05_02_01,general,健康危機管理体制の充実,健康危機管理体制の充実,401,93,179,matched,page_and_exact_name,not_available,,r8tousyoyosanallpage.pdf,"69 災害医療計画策定支援事業(世田谷保健所) 777
充当事業:健康危機管理体制の充実・P401",target_page_account_and_exact_name_unique;page_offset=0,bpi_1d3af683b99ba3f20ab8b10a197a71479b0bf1e8b3c21df1a686f3b9dfe16239,exact_group,exact,1
ral_2026_general_093_019,rd_2026_general_revenue_14_02_02_40_70_3785200000,2026_general_expenditure_05_03_05_01_17,2026_general_expenditure_05_03_05,general,リプロダクティブ・ヘルス/ライツの周知啓発,リプロダクティブ・ヘルス／ライツの周知啓発,405,93,179,matched,page_and_normalized_name,not_available,,r8tousyoyosanallpage.pdf,"70 思春期から更年期までの母性保健向上事業(世田谷保健所) 1,250
充当事業:リプロダクティブ・ヘルス/ライツの周知啓発・P405",target_page_account_and_nfkc_name_unique;page_offset=0,bpi_c38cb802a5c9ef48e13ebf74be5fc2fad4731dba5b29ca80845ec8888ab8a1e9,exact_group,exact,1
ral_2026_general_094_001,rd_2026_general_revenue_14_02_02_40_71_3595150000,2026_general_expenditure_05_01_01_01_01,2026_general_expenditure_05_01_01,general,地域医療整備,地域医療整備,397,94,181,matched,page_and_exact_name,not_available,,r8tousyoyosanallpage.pdf,"71 小児初期救急平日夜間診療事業(保健福祉政策部) 5,560
充当事業:地域医療整備・P397",target_page_account_and_exact_name_unique;page_offset=0,bpi_3b7d22dbc4d07fdc98173798a94a046177dd13dcc168fe5abb2b973460a62eb4,exact_group,exact,1
ral_2026_general_094_002,rd_2026_general_revenue_14_02_02_40_72_3785250000,2026_general_expenditure_05_03_07_02_11,2026_general_expenditure_05_03_07,general,おたふくかぜ予防接種助成,おたふくかぜ予防接種助成,407,94,181,matched,page_and_exact_name,not_available,,r8tousyoyosanallpage.pdf,"72 おたふくかぜ予防接種事業(世田谷保健所) 19,229
充当事業:おたふくかぜ予防接種助成・P407",target_page_account_and_exact_name_unique;page_offset=0,bpi_f69c1e5b238373f7d5096a7415cfe93df944c40c94968f223baaa4d454056924,exact_group,exact,1
ral_2026_general_094_003,rd_2026_general_revenue_14_02_02_40_73_3785100000,2026_general_expenditure_05_03_03_01_12,2026_general_expenditure_05_03_03,general,がん対策,がん対策,403,94,181,matched,page_and_exact_name,not_available,,r8tousyoyosanallpage.pdf,"73 若年がん患者在宅療養支援事業(世田谷保健所) 400
充当事業:がん対策・P403",target_page_account_and_exact_name_unique;page_offset=0,bpi_f4ae08ea0946a738eb94aaef252f5bd859491d86f5c401fd6cde4b1653670344,exact_group,exact,1
ral_2026_general_094_004,rd_2026_general_revenue_14_02_02_40_74_3785200000,2026_general_expenditure_05_03_03_01_01,2026_general_expenditure_05_03_03,general,歯科保健対策,歯科保健対策,403,94,181,matched,page_and_exact_name,not_available,,r8tousyoyosanallpage.pdf,"74 歯科健康診査受診促進事業(世田谷保健所) 1,498
充当事業:歯科保健対策・P403",target_page_account_and_exact_name_unique;page_offset=0,bpi_d7412756349e656a6a593b41892bb4b1d64c17bbfbe91588d4dcc5216e4a1373,exact_group,exact,1
ral_2026_general_094_005,rd_2026_general_revenue_14_02_02_40_75_3785100000,2026_general_expenditure_05_02_01_01_04,2026_general_expenditure_05_02_01,general,健康せたがやプランの推進,健康せたがやプランの推進,401,94,181,matched,page_and_exact_name,not_available,,r8tousyoyosanallpage.pdf,"75 歩きたくなる・身体活動量を増やすための環境整備事業(世田谷保健所) 53
充当事業:健康せたがやプランの推進・P401",target_page_account_and_exact_name_unique;page_offset=0,bpi_7300d4c8f8c294bee3b0f60d201c07584718a389bb137f6a800e1058464bd0e2,exact_group,exact,1
ral_2026_general_094_006,rd_2026_general_revenue_14_02_02_42_06_3645100000,2026_general_expenditure_03_01_02_04_07,2026_general_expenditure_03_01_02,general,福祉緊急対応,福祉緊急対応,363,94,181,matched,page_and_exact_name,not_available,,r8tousyoyosanallpage.pdf,"6 高齢者虐待防止対策事業(高齢福祉部) 228
充当事業:福祉緊急対応・P363",target_page_account_and_exact_name_unique;page_offset=0,bpi_e96d42a3b8e6a108aa1ce2e8575714e5653a051499caaff6da27f2cc4db0bbe6,exact_group,exact,1
ral_2026_general_094_007,rd_2026_general_revenue_14_02_02_42_08_3815450000,2026_general_expenditure_07_05_02_01_07,2026_general_expenditure_07_05_02,general,生活協力員派遣事業,生活協力員派遣事業,437,94,181,matched,page_and_exact_name,not_available,,r8tousyoyosanallpage.pdf,"8 シルバーピア推進事業(都市整備政策部) 4,290
充当事業:生活協力員派遣事業・P437",target_page_account_and_exact_name_unique;page_offset=0,bpi_73aa4e651841b734f11078aad859a8453a83dc3d36bfa6bea645fca04b7a275d,exact_group,exact,1
ral_2026_general_094_008,rd_2026_general_revenue_14_02_02_42_09_3645100000,2026_general_expenditure_03_01_02_04_16,2026_general_expenditure_03_01_02,general,高齢者住宅改修助成,高齢者住宅改修助成,363,94,181,matched,page_and_exact_name,not_available,,r8tousyoyosanallpage.pdf,"9 高齢者住宅改修費助成(高齢福祉部) 3,132
充当事業:高齢者住宅改修助成・P363",target_page_account_and_exact_name_unique;page_offset=0,bpi_deae814fd5959224ec7b09efdd478a76c3c939149befdddfb6d7b732f5b63b09,exact_group,exact,1
ral_2026_general_094_009,rd_2026_general_revenue_14_02_02_42_11_3645100000,2026_general_expenditure_03_01_02_03_04,2026_general_expenditure_03_01_02,general,支えあいミニデイ支援の推進,支えあいミニデイ支援の推進,363,94,181,matched,page_and_exact_name,not_available,,r8tousyoyosanallpage.pdf,"11 支えあいミニデイ推進事業(高齢福祉部) 2,279
充当事業:支えあいミニデイ支援の推進・P363",target_page_account_and_exact_name_unique;page_offset=0,bpi_17b5e8c7016a06c0d4c7ece29737bd27e477e5abdbf272dfd91f62d05cd9cd82,exact_group,exact,1
ral_2026_general_094_010,rd_2026_general_revenue_14_02_02_42_18_3645100000,2026_general_expenditure_03_01_02_03_02,2026_general_expenditure_03_01_02,general,高齢者会食サービス,高齢者会食サービス,363,94,181,matched,page_and_exact_name,not_available,,r8tousyoyosanallpage.pdf,"18 ひとりぐらし高齢者等会食サービス(高齢福祉部) 1,546
充当事業:高齢者会食サービス・P363",target_page_account_and_exact_name_unique;page_offset=0,bpi_00eb4194255d32e902c2af8b2a19453e9af1ee04e8a62f869039557bdf89be9c,exact_group,exact,1
ral_2026_general_094_011,rd_2026_general_revenue_14_02_02_42_19_3645100000,2026_general_expenditure_03_01_02_03_02,2026_general_expenditure_03_01_02,general,高齢者会食サービス,高齢者会食サービス,363,94,181,matched,page_and_exact_name,not_available,,r8tousyoyosanallpage.pdf,"19 高齢者食事サービスサポートセンター運営支援(高齢福祉部) 1,767
充当事業:高齢者会食サービス・P363",target_page_account_and_exact_name_unique;page_offset=0,bpi_00eb4194255d32e902c2af8b2a19453e9af1ee04e8a62f869039557bdf89be9c,exact_group,exact,1
ral_2026_general_094_012,rd_2026_general_revenue_14_02_02_42_20_3645100000,2026_general_expenditure_03_01_02_05_01,2026_general_expenditure_03_01_02,general,ひとりぐらし高齢者等状況把握,ひとりぐらし高齢者等状況把握,363,94,181,matched,page_and_exact_name,not_available,,r8tousyoyosanallpage.pdf,"20 ひとりぐらし高齢者等状況把握(高齢福祉部) 1,242
充当事業:ひとりぐらし高齢者等状況把握・P363",target_page_account_and_exact_name_unique;page_offset=0,bpi_74b70512477d826dc6458deb87e2ef31c6202deb1909261c5376a04967215ab2,exact_group,exact,1
ral_2026_general_094_013,rd_2026_general_revenue_14_02_02_42_21_3645100000,2026_general_expenditure_03_01_02_04_11,2026_general_expenditure_03_01_02,general,高齢者はり・灸・マッサージサービス,高齢者はり・灸・マッサージサービス,363,94,181,matched,page_and_exact_name,not_available,,r8tousyoyosanallpage.pdf,"21 はり・灸・マッサージサービス(高齢福祉部) 13,438
充当事業:高齢者はり・灸・マッサージサービス・P363",target_page_account_and_exact_name_unique;page_offset=0,bpi_04afc305ad3e48fdf65a4f665ed4a7218a84afe67ff8bc062b8e6e9c730fbe5a,exact_group,exact,1
ral_2026_general_094_014,rd_2026_general_revenue_14_02_02_42_24_3645100000,2026_general_expenditure_03_01_01_03_06,2026_general_expenditure_03_01_01,general,社会福祉事業団運営助成,社会福祉事業団運営助成,357,94,181,matched,page_and_exact_name,not_available,,r8tousyoyosanallpage.pdf,"24 高齢者介護サービスネットワーク運営の支援(高齢福祉部) 4,608
充当事業:社会福祉事業団運営助成・P357",target_page_account_and_exact_name_unique;page_offset=0,bpi_de6c609fcdc138dbea76026917e9bf96333b52970941e2c140095ed68e11ad4b,exact_group,exact,1
ral_2026_general_094_015,rd_2026_general_revenue_14_02_02_42_25_3645100000,2026_general_expenditure_03_01_02_04_05,2026_general_expenditure_03_01_02,general,ひとりぐらし高齢者の安全確保,ひとりぐらし高齢者の安全確保,363,94,181,matched,page_and_exact_name,not_available,,r8tousyoyosanallpage.pdf,"25 高齢者緊急通報システム事業(高齢福祉部) 5,886
充当事業:ひとりぐらし高齢者の安全確保・P363",target_page_account_and_exact_name_unique;page_offset=0,bpi_b891ab06104e73fa714d4614a1cfec9ff42b49dca8c0c7e852eb690becad7be9,exact_group,exact,1
ral_2026_general_094_016,rd_2026_general_revenue_14_02_02_42_29_3825100000,2026_general_expenditure_07_05_01_01_04,2026_general_expenditure_07_05_01,general,建築物耐震診断・補強工事,建築物耐震診断・補強工事,435,94,181,matched,page_and_exact_name,not_available,,r8tousyoyosanallpage.pdf,"29 建築物耐震診断・補強工事(防災街づくり担当部) 2,500
充当事業:建築物耐震診断・補強工事・P435",target_page_account_and_exact_name_unique;page_offset=0,bpi_ceba32d2896c0b79cc87f23b0b11c83443b5564545d248c2c8bf8365882710b7,exact_group,exact,1
ral_2026_general_094_017,rd_2026_general_revenue_14_02_02_42_41_3645100000,2026_general_expenditure_03_01_01_03_93,2026_general_expenditure_03_01_01,general,地区高齢者見守りネットワーク事業,地区高齢者見守りネットワーク事業,359,94,181,matched,page_and_exact_name,not_available,,r8tousyoyosanallpage.pdf,"41 地区見守りネットワーク事業(高齢福祉部) 2,384
充当事業:地区高齢者見守りネットワーク事業・P359",target_page_account_and_exact_name_unique;page_offset=2,bpi_389fcf1740ecdfc48b05432462dbd9d7e6c2b173d7df1572cfe3a9ea138e8407,exact_group,exact,1
ral_2026_general_094_018,rd_2026_general_revenue_14_02_02_42_43_3645100000,2026_general_expenditure_03_01_02_05_15,2026_general_expenditure_03_01_02,general,民生委員ふれあい訪問,民生委員ふれあい訪問,363,94,181,matched,page_and_exact_name,not_available,,r8tousyoyosanallpage.pdf,"43 民生委員ふれあい訪問(高齢福祉部) 3,762
充当事業:民生委員ふれあい訪問・P363",target_page_account_and_exact_name_unique;page_offset=0,bpi_6b8232e4fb55f92bdbdbcd75ac7401f3fb4b1f9a915f884a6416c368dadd198f,exact_group,exact,1
ral_2026_general_094_019,rd_2026_general_revenue_14_02_02_42_44_3405350000,2026_general_expenditure_02_03_15_01_03,2026_general_expenditure_02_03_15,general,いきがい講座,いきがい講座,343,94,181,matched,page_and_exact_name,not_available,,r8tousyoyosanallpage.pdf,"44 シルバー工芸教室(生活文化政策部) 795
充当事業:いきがい講座・P343",target_page_account_and_exact_name_unique;page_offset=0,bpi_991602891359a7cdddaf90d97b9a6a7819764c9706355361dcd9198357130eea,exact_group,exact,1
ral_2026_general_095_001,rd_2026_general_revenue_14_02_02_42_45_3405350000,2026_general_expenditure_02_03_15_02_04,2026_general_expenditure_02_03_15,general,土と農の交流園運営,土と農の交流園運営,343,95,183,matched,page_and_exact_name,not_available,,r8tousyoyosanallpage.pdf,"45 土と農の交流園(生活文化政策部) 3,669
充当事業:土と農の交流園運営・P343",target_page_account_and_exact_name_unique;page_offset=0,bpi_6c3bfeb54297a07eaff3cc6a241ca53873628ffc43670f3acaaed562cdc8b5d4,exact_group,exact,1
ral_2026_general_095_002,rd_2026_general_revenue_14_02_02_42_47_3405350000,2026_general_expenditure_02_03_15_01_03,2026_general_expenditure_02_03_15,general,いきがい講座,いきがい講座,343,95,183,matched,page_and_exact_name,not_available,,r8tousyoyosanallpage.pdf,"47 陶芸教室(生活文化政策部) 1,054
充当事業:いきがい講座・P343",target_page_account_and_exact_name_unique;page_offset=0,bpi_991602891359a7cdddaf90d97b9a6a7819764c9706355361dcd9198357130eea,exact_group,exact,1
ral_2026_general_095_003,rd_2026_general_revenue_14_02_02_42_49_3405350000,2026_general_expenditure_02_03_15_01_05,2026_general_expenditure_02_03_15,general,生涯大学運営,生涯大学運営,343,95,183,matched,page_and_exact_name,not_available,,r8tousyoyosanallpage.pdf,"49 生涯大学(生活文化政策部) 7,187
充当事業:生涯大学運営・P343",target_page_account_and_exact_name_unique;page_offset=0,bpi_27981f0011f8677f219bf616b90856ff1688a925b6f54fb4e07104b7f8e294c5,exact_group,exact,1
ral_2026_general_095_004,rd_2026_general_revenue_14_02_02_42_50_3405350000,2026_general_expenditure_02_03_15_02_07,2026_general_expenditure_02_03_15,general,ひだまり友遊会館運営,ひだまり友遊会館運営,343,95,183,matched,page_and_exact_name,not_available,,r8tousyoyosanallpage.pdf,"50 福祉電話訪問(生活文化政策部) 574
充当事業:ひだまり友遊会館運営・P343",target_page_account_and_exact_name_unique;page_offset=0,bpi_86d3dbc1e6ac6a84afb01c29b12a6dc533492961be5e93748f68b4be37706a6e,exact_group,exact,1
ral_2026_general_095_005,rd_2026_general_revenue_14_02_02_42_53_3405350000,2026_general_expenditure_02_03_15_02_07,2026_general_expenditure_02_03_15,general,ひだまり友遊会館運営,ひだまり友遊会館運営,343,95,183,matched,page_and_exact_name,not_available,,r8tousyoyosanallpage.pdf,"53 高齢者なんでも相談(生活文化政策部) 157
充当事業:ひだまり友遊会館運営・P343",target_page_account_and_exact_name_unique;page_offset=0,bpi_86d3dbc1e6ac6a84afb01c29b12a6dc533492961be5e93748f68b4be37706a6e,exact_group,exact,1
ral_2026_general_095_006,rd_2026_general_revenue_14_02_02_42_54_3405350000,2026_general_expenditure_02_03_15_02_07,2026_general_expenditure_02_03_15,general,ひだまり友遊会館運営,ひだまり友遊会館運営,343,95,183,matched,page_and_exact_name,not_available,,r8tousyoyosanallpage.pdf,"54 高齢者講習会(生活文化政策部) 280
充当事業:ひだまり友遊会館運営・P343",target_page_account_and_exact_name_unique;page_offset=0,bpi_86d3dbc1e6ac6a84afb01c29b12a6dc533492961be5e93748f68b4be37706a6e,exact_group,exact,1
ral_2026_general_095_007,rd_2026_general_revenue_14_02_02_42_60_3645100000,2026_general_expenditure_03_01_01_06_03,2026_general_expenditure_03_01_01,general,介護人材確保・定着支援事業,介護人材確保・定着支援事業,361,95,183,matched,page_and_exact_name,not_available,,r8tousyoyosanallpage.pdf,"60 介護職員等宿舎借り上げ支援事業(高齢福祉部) 7,631
充当事業:介護人材確保・定着支援事業・P361",target_page_account_and_exact_name_unique;page_offset=4,bpi_dd2e219578a48dc2b911320bb3888286f25d642e91c7b505b6ce7ed5054a63c1,exact_group,exact,1
ral_2026_general_095_008,rd_2026_general_revenue_14_02_02_42_62_3645100000,2026_general_expenditure_03_01_01_06_03,2026_general_expenditure_03_01_01,general,介護人材確保・定着支援事業,介護人材確保・定着支援事業,361,95,183,matched,page_and_exact_name,not_available,,r8tousyoyosanallpage.pdf,"62 介護従事者等永年勤続表彰(高齢福祉部) 131
充当事業:介護人材確保・定着支援事業・P361",target_page_account_and_exact_name_unique;page_offset=4,bpi_dd2e219578a48dc2b911320bb3888286f25d642e91c7b505b6ce7ed5054a63c1,exact_group,exact,1
ral_2026_general_095_009,rd_2026_general_revenue_14_02_02_42_63_3595150000,2026_general_expenditure_03_01_01_06_12,2026_general_expenditure_03_01_01,general,福祉人材育成・研修センター運営事業,福祉人材育成・研修センター運営事業,361,95,183,matched,page_and_exact_name,not_available,,r8tousyoyosanallpage.pdf,"63 福祉人材育成・研修センター運営事業(保健福祉政策部) 44,729
充当事業:福祉人材育成・研修センター運営事業・P361",target_page_account_and_exact_name_unique;page_offset=4,bpi_47fc39f2fa618969d2497f5bd8e847169e47aef76c471711b5430ca0804e3434,exact_group,exact,1
ral_2026_general_095_010,rd_2026_general_revenue_14_02_02_42_64_3645100000,2026_general_expenditure_03_01_01_06_03,2026_general_expenditure_03_01_01,general,介護人材確保・定着支援事業,介護人材確保・定着支援事業,361,95,183,matched,page_and_exact_name,not_available,,r8tousyoyosanallpage.pdf,"64 主任介護支援専門員活用事業(高齢福祉部) 68
充当事業:介護人材確保・定着支援事業・P361",target_page_account_and_exact_name_unique;page_offset=4,bpi_dd2e219578a48dc2b911320bb3888286f25d642e91c7b505b6ce7ed5054a63c1,exact_group,exact,1
ral_2026_general_095_011,rd_2026_general_revenue_14_02_02_42_65_3645100000,2026_general_expenditure_03_01_01_06_18,2026_general_expenditure_03_01_01,general,特別養護老人ホーム等運営支援,特別養護老人ホーム等運営支援,361,95,183,matched,page_and_exact_name,not_available,,r8tousyoyosanallpage.pdf,"65 「世田谷区特別養護老人ホーム入所指針」に基づく実態調査(高齢福祉部) 398
充当事業:特別養護老人ホーム等運営支援・P361",target_page_account_and_exact_name_unique;page_offset=4,bpi_1546b5e022f658a1703fa7d4f1a61b8b04f656ab848a47907ad5c4de84aa9cc0,exact_group,exact,1
ral_2026_general_095_012,rd_2026_general_revenue_14_02_02_42_66_3645100000,2026_general_expenditure_03_01_02_05_20,2026_general_expenditure_03_01_02,general,一時生活援助施設運営,一時生活援助施設運営,365,95,183,matched,page_and_exact_name,not_available,,r8tousyoyosanallpage.pdf,"66 高齢者一時保護事業(高齢福祉部) 20,137
充当事業:一時生活援助施設運営・P365",target_page_account_and_exact_name_unique;page_offset=2,bpi_aad5c45f028086408560f664a1481c914f097ebf34beb1a0a28efc2c706f91c9,exact_group,exact,1
ral_2026_general_095_013,rd_2026_general_revenue_14_02_02_42_67_3405350000,2026_general_expenditure_02_03_15_01_07,2026_general_expenditure_02_03_15,general,高齢者の地域参加促進,高齢者の地域参加促進,343,95,183,matched,page_and_exact_name,not_available,,r8tousyoyosanallpage.pdf,"67 高齢者の地域参加促進(生活文化政策部) 13,783
充当事業:高齢者の地域参加促進・P343",target_page_account_and_exact_name_unique;page_offset=0,bpi_cee36e3f547d5e26f72a3dd79b4b66fd23149fd8b3955f12891231334742c18b,exact_group,exact,1
ral_2026_general_095_014,rd_2026_general_revenue_14_02_02_42_73_3785100000,2026_general_expenditure_05_02_01_01_01,2026_general_expenditure_05_02_01,general,健康危機管理体制の充実,健康危機管理体制の充実,401,95,183,matched,page_and_exact_name,not_available,,r8tousyoyosanallpage.pdf,"73 高齢者の熱中症予防支援事業(世田谷保健所) 7,500
充当事業:健康危機管理体制の充実・P401",target_page_account_and_exact_name_unique;page_offset=0,bpi_1d3af683b99ba3f20ab8b10a197a71479b0bf1e8b3c21df1a686f3b9dfe16239,exact_group,exact,1
ral_2026_general_095_015,rd_2026_general_revenue_14_02_02_42_75_3645100000,2026_general_expenditure_03_01_02_09_01,2026_general_expenditure_03_01_02,general,ひとりぐらし高齢者見守り機器補助事業,ひとりぐらし高齢者見守り機器補助事業,365,95,183,matched,page_and_exact_name,not_available,,r8tousyoyosanallpage.pdf,"75 ひとりぐらし高齢者見守り機器補助事業(高齢福祉部) 5,980
充当事業:ひとりぐらし高齢者見守り機器補助事業・P365",target_page_account_and_exact_name_unique;page_offset=2,bpi_dbbbf5203c74913965b261558e2bc2884db722f9ebfc89080b282a592c94605b,exact_group,exact,1
ral_2026_general_095_016,rd_2026_general_revenue_14_02_02_42_76_3405350000,2026_general_expenditure_02_03_15_01_06,2026_general_expenditure_02_03_15,general,市民大学運営,市民大学運営,343,95,183,matched,page_and_exact_name,not_available,,r8tousyoyosanallpage.pdf,"76 市民大学(生活文化政策部) 8,783
充当事業:市民大学運営・P343",target_page_account_and_exact_name_unique;page_offset=0,bpi_b18e45fe489e43699d42820189f37db23e07146788c07b407bced845fdc38901,exact_group,exact,1
ral_2026_general_095_017,rd_2026_general_revenue_14_02_02_44_03_3655200000,2026_general_expenditure_03_01_01_03_34,2026_general_expenditure_03_01_01,general,移動困難者の移送システム,移動困難者の移送システム,357,95,183,matched,page_and_exact_name,not_available,,r8tousyoyosanallpage.pdf,"3 高齢者・障害者等のための移送システム(障害福祉部) 3,778
充当事業:移動困難者の移送システム・P357",target_page_account_and_exact_name_unique;page_offset=0,bpi_e37200b5d66987b8f4daa766792ac35dbd8e92d31f0fbc0b8e646d9a492e17b2,exact_group,exact,1
ral_2026_general_095_018,rd_2026_general_revenue_14_02_02_44_06_3655100000,2026_general_expenditure_03_01_03_03_03,2026_general_expenditure_03_01_03,general,障害者緊急介護人派遣,障害者緊急介護人派遣,367,95,183,matched,page_and_exact_name,not_available,,r8tousyoyosanallpage.pdf,"6 障害者緊急介護人派遣事業(障害福祉部) 66,000
充当事業:障害者緊急介護人派遣・P367",target_page_account_and_exact_name_unique;page_offset=0,bpi_08a0f3399991bd6c6715612228adda3fc2f51c07ee0f3ab7578de791e3dc1a87,exact_group,exact,1
ral_2026_general_095_019,rd_2026_general_revenue_14_02_02_44_07_3655100000,2026_general_expenditure_03_01_03_03_04,2026_general_expenditure_03_01_03,general,障害者配食サービス,障害者配食サービス,367,95,183,matched,page_and_exact_name,not_available,,r8tousyoyosanallpage.pdf,"7 障害者配食サービス(障害福祉部) 2,122
充当事業:障害者配食サービス・P367",target_page_account_and_exact_name_unique;page_offset=0,bpi_8e2e95cca57fb8aa9780123431853e2491b20627037db62cea40ae8d1e39e804,exact_group,exact,1
ral_2026_general_096_001,rd_2026_general_revenue_14_02_02_44_10_3645100000,2026_general_expenditure_03_01_01_03_06,2026_general_expenditure_03_01_01,general,社会福祉事業団運営助成,社会福祉事業団運営助成,357,96,185,matched,page_and_exact_name,not_available,,r8tousyoyosanallpage.pdf,"10 障害者就労支援(高齢福祉部) 8,026
充当事業:社会福祉事業団運営助成・P357",target_page_account_and_exact_name_unique;page_offset=0,bpi_de6c609fcdc138dbea76026917e9bf96333b52970941e2c140095ed68e11ad4b,exact_group,exact,1
ral_2026_general_096_002,rd_2026_general_revenue_14_02_02_44_11_3655200000,2026_general_expenditure_03_01_16_01_30,2026_general_expenditure_03_01_16,general,地域活動支援センター運営助成,地域活動支援センター運営助成,369,96,185,matched,page_and_exact_name,not_available,,r8tousyoyosanallpage.pdf,"11 精神障害者社会復帰支援事業(障害福祉部) 3,244
充当事業:地域活動支援センター運営助成・P369",target_page_account_and_exact_name_unique;page_offset=0,bpi_8022f874cd03bd0d45b36bfc6e8e5dcb3b3e3ca7d07c159d7c6242e498985685,exact_group,exact,1
ral_2026_general_096_003,rd_2026_general_revenue_14_02_02_44_12_3655200000,2026_general_expenditure_03_01_03_02_01,2026_general_expenditure_03_01_03,general,障害者自動車利用支援,障害者自動車利用支援,367,96,185,matched,page_and_exact_name,not_available,,r8tousyoyosanallpage.pdf,"12 リフト付乗用自動車運行助成事業(障害福祉部) 1,763
充当事業:障害者自動車利用支援・P367",target_page_account_and_exact_name_unique;page_offset=0,bpi_047d6c357195a49493ced0f96b3fd560270269f544009056cdd8bfbc434c1495,exact_group,exact,1
ral_2026_general_096_004,rd_2026_general_revenue_14_02_02_44_15_3655200000,2026_general_expenditure_03_01_16_01_06,2026_general_expenditure_03_01_16,general,障害者授産事業,障害者授産事業,369,96,185,matched,page_and_exact_name,not_available,,r8tousyoyosanallpage.pdf,"15 授産体験実習事業(障害福祉部) 3,060
充当事業:障害者授産事業・P369",target_page_account_and_exact_name_unique;page_offset=0,bpi_ec45351d16bba62810ce70f3037ef5f13968d1c4830ea9ed8b1b32f9954d20d5,exact_group,exact,1
ral_2026_general_096_005,rd_2026_general_revenue_14_02_02_44_16_3655100000,2026_general_expenditure_03_01_03_03_09,2026_general_expenditure_03_01_03,general,障害者設備改善費給付,障害者設備改善費給付,367,96,185,matched,page_and_exact_name,not_available,,r8tousyoyosanallpage.pdf,"16 重度身体障害者(児)住宅改善費給付事業(障害福祉部) 665
充当事業:障害者設備改善費給付・P367",target_page_account_and_exact_name_unique;page_offset=0,bpi_dbeb6ae858915eff98e09f6ac65509f2a196bc88a97284eddd0b5f57310b2a6b,exact_group,exact,1
ral_2026_general_096_006,rd_2026_general_revenue_14_02_02_44_17_3655100000,2026_general_expenditure_03_01_03_02_02,2026_general_expenditure_03_01_03,general,障害者コミュニケーションサービス,障害者コミュニケーションサービス,367,96,185,matched,page_and_exact_name,not_available,,r8tousyoyosanallpage.pdf,"17 重度身体障害者等緊急通報システム事業(障害福祉部) 594
充当事業:障害者コミュニケーションサービス・P367",target_page_account_and_exact_name_unique;page_offset=0,bpi_4f9ad83f2b43b70781f8bf13d76a552839085b06c3395d02a12d7b5d58fe5898,exact_group,exact,1
ral_2026_general_096_007,rd_2026_general_revenue_14_02_02_44_23_3655200000,2026_general_expenditure_03_01_16_01_34,2026_general_expenditure_03_01_16,general,障害者自立体験等運営事業,障害者自立体験等運営事業,371,96,185,matched,page_and_exact_name,not_available,,r8tousyoyosanallpage.pdf,"23 身体障害者自立支援体験ホーム運営事業(障害福祉部) 21,605
充当事業:障害者自立体験等運営事業・P371",target_page_account_and_exact_name_unique;page_offset=2,bpi_b8f1327febb9ab5bc0553cce3212760e002b7d952586aecbecd2479c78c66958,exact_group,exact,1
ral_2026_general_096_008,rd_2026_general_revenue_14_02_02_44_26_3655200000,2026_general_expenditure_03_01_16_01_30,2026_general_expenditure_03_01_16,general,地域活動支援センター運営助成,地域活動支援センター運営助成,369,96,185,matched,page_and_exact_name,not_available,,r8tousyoyosanallpage.pdf,"26 地域活動支援センター機能充実事業(障害福祉部) 2,410
充当事業:地域活動支援センター運営助成・P369",target_page_account_and_exact_name_unique;page_offset=0,bpi_8022f874cd03bd0d45b36bfc6e8e5dcb3b3e3ca7d07c159d7c6242e498985685,exact_group,exact,1
ral_2026_general_096_009,rd_2026_general_revenue_14_02_02_44_44_3655300000,2026_general_expenditure_03_01_16_01_40,2026_general_expenditure_03_01_16,general,配慮を要する児童への支援事業,配慮を要する児童への支援事業,371,96,185,matched,page_and_exact_name,not_available,,r8tousyoyosanallpage.pdf,"44 発達障害相談・療育センター運営事業(障害福祉部) 11,614
充当事業:配慮を要する児童への支援事業・P371",target_page_account_and_exact_name_unique;page_offset=2,bpi_a0e9577342786c020a22796e2cca204df41dd09fdff99b7b54416d3fb2c87a9b,exact_group,exact,1
ral_2026_general_096_010,rd_2026_general_revenue_14_02_02_44_47_3655200000,2026_general_expenditure_03_01_16_01_07,2026_general_expenditure_03_01_16,general,障害者就労促進事業,障害者就労促進事業,369,96,185,matched,page_and_exact_name,not_available,,r8tousyoyosanallpage.pdf,"47 障害者就労支援事業(障害福祉部) 1,513
充当事業:障害者就労促進事業・P369",target_page_account_and_exact_name_unique;page_offset=0,bpi_180086237b7ddafd50b3a1c0c7e3ea14f117ac00c05445873d7580dbfbccd086,exact_group,exact,1
ral_2026_general_096_011,rd_2026_general_revenue_14_02_02_44_49_3655300000,2026_general_expenditure_03_01_03_03_20,2026_general_expenditure_03_01_03,general,障害者相談支援,障害者相談支援,367,96,185,matched,page_and_exact_name,not_available,,r8tousyoyosanallpage.pdf,"49 地域自立生活エンパワメント事業(障害福祉部) 1,293
充当事業:障害者相談支援・P367",target_page_account_and_exact_name_unique;page_offset=0,bpi_fd92a91d10b5432e3dcf7886f17e6641d8fc90ba5437e5ab5f5a6c5574eca3bf,exact_group,exact,1
ral_2026_general_096_012,rd_2026_general_revenue_14_02_02_44_53_3655300000,2026_general_expenditure_03_01_16_01_37,2026_general_expenditure_03_01_16,general,児童発達支援運営,児童発達支援運営,371,96,185,matched,page_and_exact_name,not_available,,r8tousyoyosanallpage.pdf,"53 児童発達支援センター運営事業(障害福祉部) 10,724
充当事業:児童発達支援運営・P371",target_page_account_and_exact_name_unique;page_offset=2,bpi_1b8778dd282b915ae4c6575bd79108425b3ea453e8833d033d972fd4fc5c3722,exact_group,exact,1
ral_2026_general_096_013,rd_2026_general_revenue_14_02_02_44_54_3655100000,2026_general_expenditure_03_01_03_06_01,2026_general_expenditure_03_01_03,general,障害者自立支援給付,障害者自立支援給付,369,96,185,matched,page_and_exact_name,not_available,,r8tousyoyosanallpage.pdf,"54 移動支援事業(障害福祉部) 14,412
充当事業:障害者自立支援給付・P369",target_page_account_and_exact_name_unique;page_offset=2,bpi_be7553f41733bb99a982ad78c0f0049f541fe54a9cecd4ab5b6af2973d55ff32,exact_group,exact,1
ral_2026_general_096_014,rd_2026_general_revenue_14_02_02_44_55_3655100000,2026_general_expenditure_03_01_03_06_01,2026_general_expenditure_03_01_03,general,障害者自立支援給付,障害者自立支援給付,369,96,185,matched,page_and_exact_name,not_available,,r8tousyoyosanallpage.pdf,"55 障害者(児)短期入所事業(都加算)(障害福祉部) 48,808
充当事業:障害者自立支援給付・P369",target_page_account_and_exact_name_unique;page_offset=2,bpi_be7553f41733bb99a982ad78c0f0049f541fe54a9cecd4ab5b6af2973d55ff32,exact_group,exact,1
ral_2026_general_096_015,rd_2026_general_revenue_14_02_02_44_56_3655300000,2026_general_expenditure_03_01_16_01_38,2026_general_expenditure_03_01_16,general,重症心身障害児(者)通園施設運営助成,重症心身障害児（者）通園施設運営助成,371,96,185,matched,page_and_normalized_name,not_available,,r8tousyoyosanallpage.pdf,"56 重症心身障害児(者)通園施設運営事業(障害福祉部) 117,338
充当事業:重症心身障害児(者)通園施設運営助成・P371",target_page_account_and_nfkc_name_unique;page_offset=2,bpi_2eecbc741bc5086b26093044c836930023a951b047f970e084ab84fae2f0e4f7,exact_group,exact,1
ral_2026_general_096_016,rd_2026_general_revenue_14_02_02_44_58_3655300000,2026_general_expenditure_03_01_16_01_40,2026_general_expenditure_03_01_16,general,配慮を要する児童への支援事業,配慮を要する児童への支援事業,371,96,185,matched,page_and_exact_name,not_available,,r8tousyoyosanallpage.pdf,"58 ピアサポート支援プログラム(障害福祉部) 7,548
充当事業:配慮を要する児童への支援事業・P371",target_page_account_and_exact_name_unique;page_offset=2,bpi_a0e9577342786c020a22796e2cca204df41dd09fdff99b7b54416d3fb2c87a9b,exact_group,exact,1
ral_2026_general_096_017,rd_2026_general_revenue_14_02_02_44_61_3655200000,2026_general_expenditure_03_01_16_01_07,2026_general_expenditure_03_01_16,general,障害者就労促進事業,障害者就労促進事業,369,96,185,matched,page_and_exact_name,not_available,,r8tousyoyosanallpage.pdf,"61 青年・成人期の余暇活動等支援事業(障害者就労促進事業)(障害福祉部) 5,070
充当事業:障害者就労促進事業・P369",target_page_account_and_exact_name_unique;page_offset=0,bpi_180086237b7ddafd50b3a1c0c7e3ea14f117ac00c05445873d7580dbfbccd086,exact_group,exact,1
ral_2026_general_096_018,rd_2026_general_revenue_14_02_02_44_63_3655100000,2026_general_expenditure_03_01_03_02_02,2026_general_expenditure_03_01_03,general,障害者コミュニケーションサービス,障害者コミュニケーションサービス,367,96,185,matched,page_and_exact_name,not_available,,r8tousyoyosanallpage.pdf,"63 中等度難聴児発達支援事業(障害福祉部) 2,447
充当事業:障害者コミュニケーションサービス・P367",target_page_account_and_exact_name_unique;page_offset=0,bpi_4f9ad83f2b43b70781f8bf13d76a552839085b06c3395d02a12d7b5d58fe5898,exact_group,exact,1
ral_2026_general_096_019,rd_2026_general_revenue_14_02_02_44_65_3655200000,2026_general_expenditure_03_01_16_01_06,2026_general_expenditure_03_01_16,general,障害者授産事業,障害者授産事業,369,96,185,matched,page_and_exact_name,not_available,,r8tousyoyosanallpage.pdf,"65 作業所等経営ネットワーク支援事業(障害福祉部) 2,893
充当事業:障害者授産事業・P369",target_page_account_and_exact_name_unique;page_offset=0,bpi_ec45351d16bba62810ce70f3037ef5f13968d1c4830ea9ed8b1b32f9954d20d5,exact_group,exact,1
ral_2026_general_097_001,rd_2026_general_revenue_14_02_02_44_67_3655200000,2026_general_expenditure_03_01_16_01_07,2026_general_expenditure_03_01_16,general,障害者就労促進事業,障害者就労促進事業,369,97,187,matched,page_and_exact_name,not_available,,r8tousyoyosanallpage.pdf,"67 区市町村発達障害者支援体制整備推進事業(成人期支援)(障害福祉部) 4,064
充当事業:障害者就労促進事業・P369",target_page_account_and_exact_name_unique;page_offset=0,bpi_180086237b7ddafd50b3a1c0c7e3ea14f117ac00c05445873d7580dbfbccd086,exact_group,exact,1
ral_2026_general_097_002,rd_2026_general_revenue_14_02_02_44_68_3655100000,2026_general_expenditure_03_01_01_06_05,2026_general_expenditure_03_01_01,general,障害者差別解消推進,障害者差別解消推進,361,97,187,matched,page_and_exact_name,not_available,,r8tousyoyosanallpage.pdf,"68 ヘルプマーク活用推進事業(障害福祉部) 500
充当事業:障害者差別解消推進・P361",target_page_account_and_exact_name_unique;page_offset=4,bpi_ebf1f3a64d011092e963d53f304265610bbb702c71be73dba92204b68992f62d,exact_group,exact,1
ral_2026_general_097_003,rd_2026_general_revenue_14_02_02_44_69_3655100000,2026_general_expenditure_03_01_01_06_05,2026_general_expenditure_03_01_01,general,障害者差別解消推進,障害者差別解消推進,361,97,187,matched,page_and_exact_name,not_available,,r8tousyoyosanallpage.pdf,"69 差別解消支援地域協議会活動促進事業(障害福祉部) 382
充当事業:障害者差別解消推進・P361",target_page_account_and_exact_name_unique;page_offset=4,bpi_ebf1f3a64d011092e963d53f304265610bbb702c71be73dba92204b68992f62d,exact_group,exact,1
ral_2026_general_097_004,rd_2026_general_revenue_14_02_02_44_70_3655100000,2026_general_expenditure_03_01_01_06_05,2026_general_expenditure_03_01_01,general,障害者差別解消推進,障害者差別解消推進,361,97,187,matched,page_and_exact_name,not_available,,r8tousyoyosanallpage.pdf,"70 障害理解・地域共生社会推進事業(障害福祉部) 10,000
充当事業:障害者差別解消推進・P361",target_page_account_and_exact_name_unique;page_offset=4,bpi_ebf1f3a64d011092e963d53f304265610bbb702c71be73dba92204b68992f62d,exact_group,exact,1
ral_2026_general_097_005,rd_2026_general_revenue_14_02_02_44_72_3655100000,2026_general_expenditure_03_01_03_04_23,2026_general_expenditure_03_01_03,general,地域生活支援拠点等整備事業,地域生活支援拠点等整備事業,369,97,187,matched,page_and_exact_name,not_available,,r8tousyoyosanallpage.pdf,"72 地域生活支援拠点連携強化支援事業(障害福祉部) 7,265
充当事業:地域生活支援拠点等整備事業・P369",target_page_account_and_exact_name_unique;page_offset=2,bpi_51bb4176098e3be73c7e2f49050ddef081c00301d6d46035a9dbdb1a9f6a9c02,exact_group,exact,1
ral_2026_general_097_006,rd_2026_general_revenue_14_02_02_44_73_3655100000,2026_general_expenditure_03_01_03_02_02,2026_general_expenditure_03_01_03,general,障害者コミュニケーションサービス,障害者コミュニケーションサービス,367,97,187,matched,page_and_exact_name,not_available,,r8tousyoyosanallpage.pdf,"73 障害者コミュニケーションサービス(障害福祉部) 249
充当事業:障害者コミュニケーションサービス・P367",target_page_account_and_exact_name_unique;page_offset=0,bpi_4f9ad83f2b43b70781f8bf13d76a552839085b06c3395d02a12d7b5d58fe5898,exact_group,exact,1
ral_2026_general_097_007,rd_2026_general_revenue_14_02_02_44_74_3655100000,2026_general_expenditure_03_01_01_06_23,2026_general_expenditure_03_01_01,general,専門的人材の確保・養成事業,専門的人材の確保・養成事業,363,97,187,matched,page_and_exact_name,not_available,,r8tousyoyosanallpage.pdf,"74 区市町村障害福祉人材確保対策事業(障害福祉部) 2,078
充当事業:専門的人材の確保・養成事業・P363",target_page_account_and_exact_name_unique;page_offset=6,bpi_c45fc671d24f612128d83a50871aaa520e65ff21ad04dc98fd7b1e1c26adddc1,exact_group,exact,1
ral_2026_general_097_008,rd_2026_general_revenue_14_02_02_45_01_3665580000,2026_general_expenditure_03_02_03_01_03,2026_general_expenditure_03_02_03,general,私立保育園運営,私立保育園運営,381,97,187,matched,page_and_exact_name,not_available,,r8tousyoyosanallpage.pdf,"1 私立保育園(子ども・若者部) 5,000
充当事業:私立保育園運営・P381",target_page_account_and_exact_name_unique;page_offset=0,bpi_19bacff6a2545c8ca7b835bb3f9f0a08d490992ea139a5070f3506ef5067a441,exact_group,exact,1
ral_2026_general_097_009,rd_2026_general_revenue_14_02_02_50_03_3655100000,2026_general_expenditure_03_01_03_06_01,2026_general_expenditure_03_01_03,general,障害者自立支援給付,障害者自立支援給付,369,97,187,matched,page_and_exact_name,not_available,,r8tousyoyosanallpage.pdf,"3 区市町村特別支援事業(障害福祉部) 654,982
充当事業:障害者自立支援給付・P369",target_page_account_and_exact_name_unique;page_offset=2,bpi_be7553f41733bb99a982ad78c0f0049f541fe54a9cecd4ab5b6af2973d55ff32,exact_group,exact,1
ral_2026_general_097_010,rd_2026_general_revenue_14_02_02_50_04_3655100000,2026_general_expenditure_03_01_03_06_01,2026_general_expenditure_03_01_03,general,障害者自立支援給付,障害者自立支援給付,369,97,187,matched,page_and_exact_name,not_available,,r8tousyoyosanallpage.pdf,"4 区市町村特別支援事業(重度障害者)(障害福祉部) 46,724
充当事業:障害者自立支援給付・P369",target_page_account_and_exact_name_unique;page_offset=2,bpi_be7553f41733bb99a982ad78c0f0049f541fe54a9cecd4ab5b6af2973d55ff32,exact_group,exact,1
ral_2026_general_097_011,rd_2026_general_revenue_14_02_02_54_02_3655200000,2026_general_expenditure_03_01_16_01_31,2026_general_expenditure_03_01_16,general,生活介護事業運営,生活介護事業運営,369,97,187,matched,page_and_exact_name,not_available,,r8tousyoyosanallpage.pdf,"2 区市町村高次脳機能障害者支援促進事業補助金(障害福祉部) 3,076
充当事業:生活介護事業運営・P369",target_page_account_and_exact_name_unique;page_offset=0,bpi_cd037da26e8c85d54176f7db24ef8082ad285bb27812b79ce63d7ba0333aae08,exact_group,exact,1
ral_2026_general_097_012,rd_2026_general_revenue_14_02_02_56_38_3695150000,2026_general_expenditure_03_02_13_01_02,2026_general_expenditure_03_02_13,general,児童相談所運営,児童相談所運営,385,97,187,matched,page_and_exact_name,not_available,,r8tousyoyosanallpage.pdf,"38 親子再統合支援事業(児童相談所) 627
充当事業:児童相談所運営・P385",target_page_account_and_exact_name_unique;page_offset=0,bpi_9ce68288146421160d150f61736011a92a8522f802ee0559b3e9a2fafbaa21da,exact_group,exact,1
ral_2026_general_097_013,rd_2026_general_revenue_14_02_02_56_39_3665570000,2026_general_expenditure_03_02_01_01_66,2026_general_expenditure_03_02_01,general,児童養護施設退所者等支援事業,児童養護施設退所者等支援事業,377,97,187,matched,page_and_exact_name,not_available,,r8tousyoyosanallpage.pdf,"39 社会的養護自立支援拠点事業(子ども・若者部) 14,923
充当事業:児童養護施設退所者等支援事業・P377",target_page_account_and_exact_name_unique;page_offset=2,bpi_6605cd83287c40610b0aa32ffc8cae989f94b531663e196d1421ff40eb1878c8,exact_group,exact,1
ral_2026_general_097_014,rd_2026_general_revenue_14_02_02_56_40_3665570000,2026_general_expenditure_03_02_13_03_04,2026_general_expenditure_03_02_13,general,児童相談所が関わる子どもの権利擁護,児童相談所が関わる子どもの権利擁護,385,97,187,matched,page_and_exact_name,not_available,,r8tousyoyosanallpage.pdf,"40 子供の権利擁護環境整備事業(子ども・若者部) 6,594
充当事業:児童相談所が関わる子どもの権利擁護・P385",target_page_account_and_exact_name_unique;page_offset=0,bpi_a1d3160c1de4ce9f16d944ec6a67a08125c89de4773eb535dd767517c1a33cb5,exact_group,exact,1
ral_2026_general_097_015,rd_2026_general_revenue_14_02_02_57_01_3665580000,2026_general_expenditure_03_02_12_01_06,2026_general_expenditure_03_02_12,general,保育施設整備,保育施設整備,383,97,187,matched,page_and_exact_name,not_available,,r8tousyoyosanallpage.pdf,"1 私立保育園施設整備(子ども・若者部) 919,040
充当事業:保育施設整備・P383",target_page_account_and_exact_name_unique;page_offset=0,bpi_b06c5de3cfc2378a7b0c0793eaecad95c224cedb5799fc82836c314463a2e31b,exact_group,exact,1
ral_2026_general_098_001,rd_2026_general_revenue_14_02_02_59_40_3665150000,2026_general_expenditure_03_02_01_01_60,2026_general_expenditure_03_02_01,general,野毛青少年交流センター維持運営,野毛青少年交流センター維持運営,377,98,189,matched,page_and_exact_name,not_available,,r8tousyoyosanallpage.pdf,"40 野毛青少年交流センター(子ども・若者部) 273
充当事業:野毛青少年交流センター維持運営・P377",target_page_account_and_exact_name_unique;page_offset=2,bpi_94259aa3219275e8aac0fc8a6ef57a52277e68afa306989f6190a7c24ae47275,exact_group,exact,1
ral_2026_general_098_002,rd_2026_general_revenue_14_02_02_59_41_3665150000,2026_general_expenditure_03_02_01_01_27,2026_general_expenditure_03_02_01,general,子ども環境基盤整備,子ども環境基盤整備,375,98,189,matched,page_and_exact_name,not_available,,r8tousyoyosanallpage.pdf,"41 子育て応援アプリ事業(子ども・若者部) 4
充当事業:子ども環境基盤整備・P375",target_page_account_and_exact_name_unique;page_offset=0,bpi_aa376360abea963de0712bb32e56bc59a91682a0260f86117b9aab9d530aee5d,exact_group,exact,1
ral_2026_general_098_003,rd_2026_general_revenue_14_02_02_59_51_3665150000,2026_general_expenditure_03_02_01_01_73,2026_general_expenditure_03_02_01,general,若者支援事業運営,若者支援事業運営,377,98,189,matched,page_and_exact_name,not_available,,r8tousyoyosanallpage.pdf,"51 子ども青少年協議会若者参加参画モデル事業(子ども・若者部) 2,964
充当事業:若者支援事業運営・P377",target_page_account_and_exact_name_unique;page_offset=2,bpi_50641002dd75c11de57f97831543478862a77123cc86f1b85727907685e817b2,exact_group,exact,1
ral_2026_general_098_004,rd_2026_general_revenue_14_02_02_59_60_3595110000,2026_general_expenditure_03_01_01_03_86,2026_general_expenditure_03_01_01,general,保健福祉サービス質の向上の推進,保健福祉サービス質の向上の推進,359,98,189,matched,page_and_exact_name,not_available,,r8tousyoyosanallpage.pdf,"60 認可外保育施設(ベビーホテル等)第三者評価受審費補助事業(保健福祉政策部) 4,576
充当事業:保健福祉サービス質の向上の推進・P359",target_page_account_and_exact_name_unique;page_offset=2,bpi_0db879e6838637427c9ea43398b354c2e0c550180f6375b20698eb0c0409206f,exact_group,exact,1
ral_2026_general_098_005,rd_2026_general_revenue_14_02_02_59_62_3665150000,2026_general_expenditure_03_02_01_01_61,2026_general_expenditure_03_02_01,general,池之上青少年交流センター維持運営,池之上青少年交流センター維持運営,377,98,189,matched,page_and_exact_name,not_available,,r8tousyoyosanallpage.pdf,"62 池之上青少年交流センター(子ども・若者部) 314
充当事業:池之上青少年交流センター維持運営・P377",target_page_account_and_exact_name_unique;page_offset=2,bpi_d764f6298f565a4e62056b135614974f1ac40cd2cd71c31a0a46f8f09f8d4d2a,exact_group,exact,1
ral_2026_general_098_006,rd_2026_general_revenue_14_02_02_59_68_3665150000,2026_general_expenditure_03_02_01_01_95,2026_general_expenditure_03_02_01,general,希望丘青少年交流センター維持運営,希望丘青少年交流センター維持運営,379,98,189,matched,page_and_exact_name,not_available,,r8tousyoyosanallpage.pdf,"68 希望丘青少年交流センター(子ども・若者部) 413
充当事業:希望丘青少年交流センター維持運営・P379",target_page_account_and_exact_name_unique;page_offset=4,bpi_2c7765977eed9e3f206c0fc86266c8a752dff19ca4d64030235c48ea233863c4,exact_group,exact,1
ral_2026_general_098_007,rd_2026_general_revenue_14_02_02_59_69_3595200000,2026_general_expenditure_03_01_01_06_21,2026_general_expenditure_03_01_01,general,ひきこもり対策,ひきこもり対策,361,98,189,matched,page_and_exact_name,not_available,,r8tousyoyosanallpage.pdf,"69 若者総合支援事業(保健福祉政策部) 6,320
充当事業:ひきこもり対策・P361",target_page_account_and_exact_name_unique;page_offset=4,bpi_58995cec2dd99a6ad5fb4331cc06bf33677954681bdf66df79c30f911d65a868,exact_group,exact,1
ral_2026_general_098_008,rd_2026_general_revenue_14_02_02_59_72_3665150000,2026_general_expenditure_03_02_01_01_37,2026_general_expenditure_03_02_01,general,青少年交流センターでの若者の主体的な活動の推進,青少年交流センターでの若者の主体的な活動の推進,377,98,189,matched,page_and_exact_name,not_available,,r8tousyoyosanallpage.pdf,"72 池之上青少年交流センター(子ども・若者部) 28,517
充当事業:青少年交流センターでの若者の主体的な活動の推進・P377",target_page_account_and_exact_name_unique;page_offset=2,bpi_db51b5e9151e467a28cb8afb1b75fac74f19c50d30b713c2229fe408a92d90e3,exact_group,exact,1
ral_2026_general_098_009,rd_2026_general_revenue_14_02_02_59_73_3665150000,2026_general_expenditure_03_02_01_01_37,2026_general_expenditure_03_02_01,general,青少年交流センターでの若者の主体的な活動の推進,青少年交流センターでの若者の主体的な活動の推進,377,98,189,matched,page_and_exact_name,not_available,,r8tousyoyosanallpage.pdf,"73 大学連携による若者の居場所スーパーバイズ事業(子ども・若者部) 1,735
充当事業:青少年交流センターでの若者の主体的な活動の推進・P377",target_page_account_and_exact_name_unique;page_offset=2,bpi_db51b5e9151e467a28cb8afb1b75fac74f19c50d30b713c2229fe408a92d90e3,exact_group,exact,1
ral_2026_general_098_010,rd_2026_general_revenue_14_02_02_59_74_3665150000,2026_general_expenditure_03_02_01_01_37,2026_general_expenditure_03_02_01,general,青少年交流センターでの若者の主体的な活動の推進,青少年交流センターでの若者の主体的な活動の推進,377,98,189,matched,page_and_exact_name,not_available,,r8tousyoyosanallpage.pdf,"74 希望丘青少年交流センター(子ども・若者部) 33,624
充当事業:青少年交流センターでの若者の主体的な活動の推進・P377",target_page_account_and_exact_name_unique;page_offset=2,bpi_db51b5e9151e467a28cb8afb1b75fac74f19c50d30b713c2229fe408a92d90e3,exact_group,exact,1
ral_2026_general_098_011,rd_2026_general_revenue_14_02_02_59_75_3665150000,2026_general_expenditure_03_02_01_01_37,2026_general_expenditure_03_02_01,general,青少年交流センターでの若者の主体的な活動の推進,青少年交流センターでの若者の主体的な活動の推進,377,98,189,matched,page_and_exact_name,not_available,,r8tousyoyosanallpage.pdf,"75 野毛青少年交流センター(子ども・若者部) 20,738
充当事業:青少年交流センターでの若者の主体的な活動の推進・P377",target_page_account_and_exact_name_unique;page_offset=2,bpi_db51b5e9151e467a28cb8afb1b75fac74f19c50d30b713c2229fe408a92d90e3,exact_group,exact,1
ral_2026_general_098_012,rd_2026_general_revenue_14_02_02_59_76_3665150000,2026_general_expenditure_03_02_01_01_34,2026_general_expenditure_03_02_01,general,子どもの権利事業,子どもの権利事業,375,98,189,matched,page_and_exact_name,not_available,,r8tousyoyosanallpage.pdf,"76 子ども環境基盤整備(子ども・若者部) 2,432
充当事業:子どもの権利事業・P375",target_page_account_and_exact_name_unique;page_offset=0,bpi_4e6935eb9e66f3507f0b9f235e03bd764ca8842ca173a203a75b6e4507602b48,exact_group,exact,1
ral_2026_general_098_013,rd_2026_general_revenue_14_02_02_60_04_3595200000,2026_general_expenditure_03_01_01_03_21,2026_general_expenditure_03_01_01,general,成年後見制度,成年後見制度,357,98,189,matched,page_and_exact_name,not_available,,r8tousyoyosanallpage.pdf,"4 成年後見制度等の利用支援事業(保健福祉政策部) 18,210
充当事業:成年後見制度・P357",target_page_account_and_exact_name_unique;page_offset=0,bpi_0ebada9cbe60a0d39534020f0cd38f66c40bdd997c8903a63b528d0776831969,exact_group,exact,1
ral_2026_general_098_014,rd_2026_general_revenue_14_02_02_60_08_3595110000,2026_general_expenditure_03_01_01_03_86,2026_general_expenditure_03_01_01,general,保健福祉サービス質の向上の推進,保健福祉サービス質の向上の推進,359,98,189,matched,page_and_exact_name,not_available,,r8tousyoyosanallpage.pdf,"8 保健福祉サービス第三者評価事業(保健福祉政策部) 22,504
充当事業:保健福祉サービス質の向上の推進・P359",target_page_account_and_exact_name_unique;page_offset=2,bpi_0db879e6838637427c9ea43398b354c2e0c550180f6375b20698eb0c0409206f,exact_group,exact,1
ral_2026_general_098_015,rd_2026_general_revenue_14_02_02_60_09_3595110000,2026_general_expenditure_03_01_01_03_86,2026_general_expenditure_03_01_01,general,保健福祉サービス質の向上の推進,保健福祉サービス質の向上の推進,359,98,189,matched,page_and_exact_name,not_available,,r8tousyoyosanallpage.pdf,"9 保健福祉サービス向上委員会運営事業(保健福祉政策部) 220
充当事業:保健福祉サービス質の向上の推進・P359",target_page_account_and_exact_name_unique;page_offset=2,bpi_0db879e6838637427c9ea43398b354c2e0c550180f6375b20698eb0c0409206f,exact_group,exact,1
ral_2026_general_098_016,rd_2026_general_revenue_14_02_02_60_10_3595110000,2026_general_expenditure_03_01_01_03_02,2026_general_expenditure_03_01_01,general,保健福祉サービス苦情審査会運営,保健福祉サービス苦情審査会運営,357,98,189,matched,page_and_exact_name,not_available,,r8tousyoyosanallpage.pdf,"10 保健福祉サービス苦情審査会(保健福祉政策部) 262
充当事業:保健福祉サービス苦情審査会運営・P357",target_page_account_and_exact_name_unique;page_offset=0,bpi_fa79a1125e7e966cda77a4bac676eb58db3d247d693055ce038c4be0fd0a58f2,exact_group,exact,1
ral_2026_general_098_017,rd_2026_general_revenue_14_02_02_60_31_3595200000,2026_general_expenditure_03_03_03_02_02,2026_general_expenditure_03_03_03,general,被保護世帯等に対する援護,被保護世帯等に対する援護,387,98,189,matched,page_and_exact_name,not_available,,r8tousyoyosanallpage.pdf,"31 被保護者自立促進事業(保健福祉政策部) 40,907
充当事業:被保護世帯等に対する援護・P387",target_page_account_and_exact_name_unique;page_offset=0,bpi_31841f7044b37d535b935a43584e3b146032c4691664d67673aabf38920e1263,exact_group,exact,1
ral_2026_general_098_018,rd_2026_general_revenue_14_02_02_60_40_3815150000,2026_general_expenditure_07_06_01_01_43,2026_general_expenditure_07_06_01,general,ユニバーサルデザイン環境整備推進,ユニバーサルデザイン環境整備推進,441,98,189,matched,page_and_exact_name,not_available,,r8tousyoyosanallpage.pdf,"40 ユニバーサルデザイン環境整備推進事業(都市整備政策部) 3,450
充当事業:ユニバーサルデザイン環境整備推進・P441",target_page_account_and_exact_name_unique;page_offset=2,bpi_267082f537b31d5ef7da53d17c756f84c7e6668313fae824e74ee47946cfd574,exact_group,exact,1
ral_2026_general_098_019,rd_2026_general_revenue_14_02_02_60_41_3595200000,2026_general_expenditure_03_01_01_03_77,2026_general_expenditure_03_01_01,general,社会福祉協議会運営助成,社会福祉協議会運営助成,359,98,189,matched,page_and_exact_name,not_available,,r8tousyoyosanallpage.pdf,"41 地域福祉権利擁護事業(保健福祉政策部) 96
充当事業:社会福祉協議会運営助成・P359",target_page_account_and_exact_name_unique;page_offset=2,bpi_238f07f006d92f498f4fcb83c123550e1858f2318cb1f7cbba708c0928aa1f16,exact_group,exact,1
ral_2026_general_099_001,rd_2026_general_revenue_14_02_02_60_45_3405350000,2026_general_expenditure_02_03_15_01_04,2026_general_expenditure_02_03_15,general,生涯現役社会づくりの支援,生涯現役社会づくりの支援,343,99,191,matched,page_and_exact_name,not_available,,r8tousyoyosanallpage.pdf,"45 住民との協働による生涯現役社会のしくみづくり支援事業(生活文化政策部) 947
充当事業:生涯現役社会づくりの支援・P343",target_page_account_and_exact_name_unique;page_offset=0,bpi_a158064eb68bbeb58ebd18526a5065153ebc25f58bd17aced716ac8ca9a429b9,exact_group,exact,1
ral_2026_general_099_002,rd_2026_general_revenue_14_02_02_60_53_3835300000,2026_general_expenditure_07_04_01_01_13,2026_general_expenditure_07_04_01,general,公園・身近な広場維持運営,公園・身近な広場維持運営,431,99,191,matched,page_and_exact_name,not_available,,r8tousyoyosanallpage.pdf,"53 公共施設バリアフリー(みどり33推進担当部) 13,524
充当事業:公園・身近な広場維持運営・P431",target_page_account_and_exact_name_unique;page_offset=0,bpi_09d3870d14aac465d638f58e958e4113a78851829efeb7ba88c02cc4ef6fd509,exact_group,exact,1
ral_2026_general_099_003,rd_2026_general_revenue_14_02_02_60_64_3595150000,2026_general_expenditure_03_01_01_06_02,2026_general_expenditure_03_01_01,general,避難行動要支援者支援の推進,避難行動要支援者支援の推進,361,99,191,matched,page_and_exact_name,not_available,,r8tousyoyosanallpage.pdf,"64 災害時要配慮者支援体制の整備(保健福祉政策部) 6,000
充当事業:避難行動要支援者支援の推進・P361",target_page_account_and_exact_name_unique;page_offset=4,bpi_f7d2954f58007fc2550025f5f7aa57178b65a3a25aa88f2eccae5efc18117e42,exact_group,exact,1
ral_2026_general_099_004,rd_2026_general_revenue_14_02_02_60_72_3595200000,2026_general_expenditure_03_01_01_03_88,2026_general_expenditure_03_01_01,general,生活安定支援事業,生活安定支援事業,359,99,191,matched,page_and_exact_name,not_available,,r8tousyoyosanallpage.pdf,"72 子供サポート事業立上げ支援事業(保健福祉政策部) 3,750
充当事業:生活安定支援事業・P359",target_page_account_and_exact_name_unique;page_offset=2,bpi_d974b21cbe467b7437eaee7177ba809970ef5bfa4100fb88976f9122e4dbba54,exact_group,exact,1
ral_2026_general_099_005,rd_2026_general_revenue_14_02_02_60_74_3595110000,2026_general_expenditure_09_01_03_01_15,2026_general_expenditure_09_01_03,general,会計年度任用職員の人件費(保健福祉政策部),会計年度任用職員の人件費（保健福祉政策部）,467,99,191,matched,page_and_normalized_name,not_available,,r8tousyoyosanallpage.pdf,"74 保健福祉サービス苦情審査会(専門調査員人件費分)(保健福祉政策部) 2,397
充当事業:会計年度任用職員の人件費(保健福祉政策部)・P467",target_page_account_and_nfkc_name_unique;page_offset=0,bpi_b9f1165f165cc6c8a854899bb8a10556c041f2a5f248c866e36eadfd1f138699,exact_group,exact,1
ral_2026_general_099_006,rd_2026_general_revenue_14_02_02_60_75_3595110000,2026_general_expenditure_09_01_03_01_15,2026_general_expenditure_09_01_03,general,会計年度任用職員の人件費(保健福祉政策部),会計年度任用職員の人件費（保健福祉政策部）,467,99,191,matched,page_and_normalized_name,not_available,,r8tousyoyosanallpage.pdf,"75 保健福祉サービス向上委員会運営事業(専門調査員人件費分)(保健福祉政策部) 4,750
充当事業:会計年度任用職員の人件費(保健福祉政策部)・P467",target_page_account_and_nfkc_name_unique;page_offset=0,bpi_b9f1165f165cc6c8a854899bb8a10556c041f2a5f248c866e36eadfd1f138699,exact_group,exact,1
ral_2026_general_099_007,rd_2026_general_revenue_14_02_02_60_76_3595200000,2026_general_expenditure_03_01_01_01_01,2026_general_expenditure_03_01_01,general,民生委員等活動,民生委員等活動,357,99,191,matched,page_and_exact_name,not_available,,r8tousyoyosanallpage.pdf,"76 民生委員・児童委員活動環境整備事業(保健福祉政策部) 126
充当事業:民生委員等活動・P357",target_page_account_and_exact_name_unique;page_offset=0,bpi_0ef50a2f2165875673915b55c8016d00c1d61727ee0b52cbb38f563672983f8d,exact_group,exact,1
ral_2026_general_099_008,rd_2026_general_revenue_14_02_02_60_82_3595200000,2026_general_expenditure_03_01_01_03_77,2026_general_expenditure_03_01_01,general,社会福祉協議会運営助成,社会福祉協議会運営助成,359,99,191,matched,page_and_exact_name,not_available,,r8tousyoyosanallpage.pdf,"82 法人後見の受任(保健福祉政策部) 1,207
充当事業:社会福祉協議会運営助成・P359",target_page_account_and_exact_name_unique;page_offset=2,bpi_238f07f006d92f498f4fcb83c123550e1858f2318cb1f7cbba708c0928aa1f16,exact_group,exact,1
ral_2026_general_099_009,rd_2026_general_revenue_14_02_02_60_83_3235200000,2026_general_expenditure_02_01_01_02_09,2026_general_expenditure_02_01_01,general,庁舎計画事務,庁舎計画事務,317,99,191,matched,page_and_exact_name,not_available,,r8tousyoyosanallpage.pdf,"83 情報バリアフリーに係る充実への支援(庁舎整備担当部) 1,098
充当事業:庁舎計画事務・P317",target_page_account_and_exact_name_unique;page_offset=0,bpi_59cbe2d128bcdecab6206dc99416f9ec8cf1ee502af8cd43a5336fccd8cf32d8,exact_group,exact,1
ral_2026_general_099_010,rd_2026_general_revenue_14_02_02_60_85_3595110000,2026_general_expenditure_03_01_01_06_13,2026_general_expenditure_03_01_01,general,保健福祉政策部運営事業,保健福祉政策部運営事業,361,99,191,matched,page_and_exact_name,not_available,,r8tousyoyosanallpage.pdf,"85 保健福祉政策部運営事業(保健福祉政策部) 6,500
充当事業:保健福祉政策部運営事業・P361",target_page_account_and_exact_name_unique;page_offset=4,bpi_ce206546ffe54b616fcf76bef029d2fe7a391b692116062b14f73be8c077b8a5,exact_group,exact,1
ral_2026_general_099_011,rd_2026_general_revenue_14_02_02_60_86_3595200000,2026_general_expenditure_03_01_01_06_27,2026_general_expenditure_03_01_01,general,終活支援センター運営事業,終活支援センター運営事業,363,99,191,matched,page_and_exact_name,not_available,,r8tousyoyosanallpage.pdf,"86 単身高齢者等の総合相談支援事業(保健福祉政策部) 10,000
充当事業:終活支援センター運営事業・P363",target_page_account_and_exact_name_unique;page_offset=6,bpi_2ac95c25ce20e9c7a14d65f1e3cbacbbc3c77fffbfe6d6da4fa96b10884ee7c2,exact_group,exact,1
ral_2026_general_099_012,rd_2026_general_revenue_14_02_02_61_04_3665580000,2026_general_expenditure_03_02_03_01_03,2026_general_expenditure_03_02_03,general,私立保育園運営,私立保育園運営,381,99,191,matched,page_and_exact_name,not_available,,r8tousyoyosanallpage.pdf,"4 私立保育園(子ども・若者部) 4,961
充当事業:私立保育園運営・P381",target_page_account_and_exact_name_unique;page_offset=0,bpi_19bacff6a2545c8ca7b835bb3f9f0a08d490992ea139a5070f3506ef5067a441,exact_group,exact,1
ral_2026_general_099_013,rd_2026_general_revenue_14_02_02_61_07_3665150000,2026_general_expenditure_02_01_01_01_10,2026_general_expenditure_02_01_01,general,私立幼稚園指導助成,私立幼稚園指導助成,317,99,191,matched,page_and_exact_name,not_available,,r8tousyoyosanallpage.pdf,"7 私立幼稚園(子ども・若者部) 12,500
充当事業:私立幼稚園指導助成・P317",target_page_account_and_exact_name_unique;page_offset=0,bpi_e640b3411585bc3a7b66cbbaad0d8f82314e4a7c5ca6dcaf0e277b5cbeee33d9,exact_group,exact,1
ral_2026_general_099_014,rd_2026_general_revenue_14_02_02_64_01_3645100000,2026_general_expenditure_03_01_01_03_40,2026_general_expenditure_03_01_01,general,地域密着型サービス拠点等整備助成,地域密着型サービス拠点等整備助成,357,99,191,matched,page_and_exact_name,not_available,,r8tousyoyosanallpage.pdf,"1 地域密着型サービスの拠点整備(高齢福祉部) 21,336
充当事業:地域密着型サービス拠点等整備助成・P357",target_page_account_and_exact_name_unique;page_offset=0,bpi_b94acf74559d3eaf6ff1635ce5c4d363ea8c0aad316945afcdb4ddb4baa53c47,exact_group,exact,1
ral_2026_general_099_015,rd_2026_general_revenue_14_02_02_68_02_3665150000,2026_general_expenditure_03_02_01_01_20,2026_general_expenditure_03_02_01,general,子育て安全・安心対策,子育て安全・安心対策,375,99,191,matched,page_and_exact_name,not_available,,r8tousyoyosanallpage.pdf,"2 子育て安心・安全(子ども・若者部) 5,215
充当事業:子育て安全・安心対策・P375",target_page_account_and_exact_name_unique;page_offset=0,bpi_5538af2f132f099af7d3b488b97e98c80d621931da36c385995a6d9ecdd5ede7,exact_group,exact,1
ral_2026_general_099_016,rd_2026_general_revenue_14_02_02_68_03_3665500000,2026_general_expenditure_03_02_01_01_26,2026_general_expenditure_03_02_01,general,在宅子育て支援,在宅子育て支援,375,99,191,matched,page_and_exact_name,not_available,,r8tousyoyosanallpage.pdf,"3 支えあいの環境づくり(在宅子育て)(子ども・若者部) 260
充当事業:在宅子育て支援・P375",target_page_account_and_exact_name_unique;page_offset=0,bpi_8a0f54d9e647e1a2b62e1075cb7040e5db102777c0d4afc9e87058e56ea4e4fb,exact_group,exact,1
ral_2026_general_099_017,rd_2026_general_revenue_14_02_02_68_08_3665200000,2026_general_expenditure_03_02_06_02_01,2026_general_expenditure_03_02_06,general,自然体験遊び場事業,自然体験遊び場事業,383,99,191,matched,page_and_exact_name,not_available,,r8tousyoyosanallpage.pdf,"8 自然体験遊び場事業(子ども・若者部) 56,057
充当事業:自然体験遊び場事業・P383",target_page_account_and_exact_name_unique;page_offset=0,bpi_3d6874b8b063f3519efffd604d05eff28d8ecd95851fbcc6250441d4c0c38e3f,exact_group,exact,1
ral_2026_general_100_001,rd_2026_general_revenue_14_02_02_68_10_3665200000,2026_general_expenditure_03_02_12_01_04,2026_general_expenditure_03_02_12,general,児童施設改修,児童施設改修,383,100,193,matched,page_and_exact_name,not_available,,r8tousyoyosanallpage.pdf,"10 児童施設改修工事(子ども・若者部) 67,560
充当事業:児童施設改修・P383",target_page_account_and_exact_name_unique;page_offset=0,bpi_d3a5e1ff660b0483f731b53080e8b28f455ae051ff6634a18afb97116f24fb9d,exact_group,exact,1
ral_2026_general_100_002,rd_2026_general_revenue_14_02_02_68_14_3665580000,2026_general_expenditure_03_02_03_01_03,2026_general_expenditure_03_02_03,general,私立保育園運営,私立保育園運営,381,100,193,matched,page_and_exact_name,not_available,,r8tousyoyosanallpage.pdf,"14 防犯カメラ設置(私立保育園)(子ども・若者部) 8,000
充当事業:私立保育園運営・P381",target_page_account_and_exact_name_unique;page_offset=0,bpi_19bacff6a2545c8ca7b835bb3f9f0a08d490992ea139a5070f3506ef5067a441,exact_group,exact,1
ral_2026_general_100_003,rd_2026_general_revenue_14_02_02_68_15_3665580000,2026_general_expenditure_03_02_03_01_03,2026_general_expenditure_03_02_03,general,私立保育園運営,私立保育園運営,381,100,193,matched,page_and_exact_name,not_available,,r8tousyoyosanallpage.pdf,"15 学校110番設置(私立保育園)(子ども・若者部) 3,000
充当事業:私立保育園運営・P381",target_page_account_and_exact_name_unique;page_offset=0,bpi_19bacff6a2545c8ca7b835bb3f9f0a08d490992ea139a5070f3506ef5067a441,exact_group,exact,1
ral_2026_general_100_004,rd_2026_general_revenue_14_02_02_68_17_3665590000,2026_general_expenditure_03_02_01_01_10,2026_general_expenditure_03_02_01,general,家庭福祉員制度運営,家庭福祉員制度運営,375,100,193,matched,page_and_exact_name,not_available,,r8tousyoyosanallpage.pdf,"17 家庭福祉員の環境整備(子ども・若者部) 175
充当事業:家庭福祉員制度運営・P375",target_page_account_and_exact_name_unique;page_offset=0,bpi_805b19d5f23ed69ed66b4afedab091416d7bc662f9498d8e5d0abe086000f92d,exact_group,exact,1
ral_2026_general_100_005,rd_2026_general_revenue_14_02_02_68_19_3665580000,2026_general_expenditure_03_02_05_01_01,2026_general_expenditure_03_02_05,general,区立保育園運営,区立保育園運営,381,100,193,matched,page_and_exact_name,not_available,,r8tousyoyosanallpage.pdf,"19 産休代替職員費(区立保育園)(子ども・若者部) 15,170
充当事業:区立保育園運営・P381",target_page_account_and_exact_name_unique;page_offset=0,bpi_cd88696d105d5fd4493ad43119716ef01897dc1ccd62a75e668a2c9179db33a0,exact_group,exact,1
ral_2026_general_100_006,rd_2026_general_revenue_14_02_02_68_20_3665580000,2026_general_expenditure_03_02_03_01_03,2026_general_expenditure_03_02_03,general,私立保育園運営,私立保育園運営,381,100,193,matched,page_and_exact_name,not_available,,r8tousyoyosanallpage.pdf,"20 産休代替職員費(私立保育所)(子ども・若者部) 18,962
充当事業:私立保育園運営・P381",target_page_account_and_exact_name_unique;page_offset=0,bpi_19bacff6a2545c8ca7b835bb3f9f0a08d490992ea139a5070f3506ef5067a441,exact_group,exact,1
ral_2026_general_100_007,rd_2026_general_revenue_14_02_02_68_21_3665570000,2026_general_expenditure_03_02_01_01_24,2026_general_expenditure_03_02_01,general,セーフティネットの整備,セーフティネットの整備,375,100,193,matched,page_and_exact_name,not_available,,r8tousyoyosanallpage.pdf,"21 セーフティネットの整備(子ども・若者部) 521
充当事業:セーフティネットの整備・P375",target_page_account_and_exact_name_unique;page_offset=0,bpi_d95351e271cf75f188df86946de66bcfd7376720c26b8ddb88f990c93677f157,exact_group,exact,1
ral_2026_general_100_008,rd_2026_general_revenue_14_02_02_68_22_3665570000,2026_general_expenditure_03_02_01_01_04,2026_general_expenditure_03_02_01,general,子ども家庭支援センター運営事業,子ども家庭支援センター運営事業,375,100,193,matched,page_and_exact_name,not_available,,r8tousyoyosanallpage.pdf,"22 子ども家庭支援センター運営(子ども・若者部) 5,539
充当事業:子ども家庭支援センター運営事業・P375",target_page_account_and_exact_name_unique;page_offset=0,bpi_ddff1041ff24ce4ef51cc14e284644c4cafd542812826a38e7001236cadb04b8,exact_group,exact,1
ral_2026_general_100_009,rd_2026_general_revenue_14_02_02_68_30_3665500000,2026_general_expenditure_03_02_01_01_50,2026_general_expenditure_03_02_01,general,発達支援親子グループ事業,発達支援親子グループ事業,377,100,193,matched,page_and_exact_name,not_available,,r8tousyoyosanallpage.pdf,"30 発達支援親子グループ事業(子ども・若者部) 12,497
充当事業:発達支援親子グループ事業・P377",target_page_account_and_exact_name_unique;page_offset=2,bpi_11340df1900c72e3a5c157115ccd465737459075b44d4359879de9e08d7bb8a4,exact_group,exact,1
ral_2026_general_100_010,rd_2026_general_revenue_14_02_02_68_30_3665500000,,2026_general_expenditure_09_01_03,general,会計年度任用職員の人件費(子ども・若者部),会計年度任用職員の人件費（子ども・若者部）,469,100,193,matched,page_name_department_identity_cluster,not_available,,r8tousyoyosanallpage.pdf,"30 発達支援親子グループ事業(子ども・若者部) 12,497
充当事業:会計年度任用職員の人件費(子ども・若者部)・P469",official_pdf_does_not_identify_internal_budget_program_group,bpi_b20577636fe2f4187fd662b1f0fc27c1a15b49e5c5e258c012206f3f329eb489,public_identity,not_distinguishable_from_public_source,2
ral_2026_general_100_011,rd_2026_general_revenue_14_02_02_68_34_3665500000,2026_general_expenditure_03_02_03_01_01,2026_general_expenditure_03_02_03,general,私立母子生活支援施設への保護委託,私立母子生活支援施設への保護委託,381,100,193,matched,page_and_exact_name,not_available,,r8tousyoyosanallpage.pdf,"34 母子一体型ショートケア事業(子ども・若者部) 666
充当事業:私立母子生活支援施設への保護委託・P381",target_page_account_and_exact_name_unique;page_offset=0,bpi_4a652a5e6ae80c14247f55b106c251c66720a51aefa7d1eb683419b0c968de2c,exact_group,exact,1
ral_2026_general_100_012,rd_2026_general_revenue_14_02_02_68_36_3655300000,2026_general_expenditure_03_01_16_01_40,2026_general_expenditure_03_01_16,general,配慮を要する児童への支援事業,配慮を要する児童への支援事業,371,100,193,matched,page_and_exact_name,not_available,,r8tousyoyosanallpage.pdf,"36 発達障害支援相談員(障害福祉部) 9,298
充当事業:配慮を要する児童への支援事業・P371",target_page_account_and_exact_name_unique;page_offset=2,bpi_a0e9577342786c020a22796e2cca204df41dd09fdff99b7b54416d3fb2c87a9b,exact_group,exact,1
ral_2026_general_100_013,rd_2026_general_revenue_14_02_02_68_39_3665500000,2026_general_expenditure_03_02_01_01_53,2026_general_expenditure_03_02_01,general,子どもを育む地域活動の支援,子どもを育む地域活動の支援,377,100,193,matched,page_and_exact_name,not_available,,r8tousyoyosanallpage.pdf,"39 支えあいの環境づくり事業(子ども・若者部) 2,976
充当事業:子どもを育む地域活動の支援・P377",target_page_account_and_exact_name_unique;page_offset=2,bpi_87bf62e6b0c87cf88956d2401bbe9a367608d28ace021d75f5ae0cda82f7a652,exact_group,exact,1
ral_2026_general_100_014,rd_2026_general_revenue_14_02_02_68_40_3665500000,2026_general_expenditure_03_02_01_01_54,2026_general_expenditure_03_02_01,general,ひとり親家庭への支援,ひとり親家庭への支援,377,100,193,matched,page_and_exact_name,not_available,,r8tousyoyosanallpage.pdf,"40 ひとり親家庭就労支援事業(子ども・若者部) 772
充当事業:ひとり親家庭への支援・P377",target_page_account_and_exact_name_unique;page_offset=2,bpi_41040ca747d4a337137a00fa3d6aead795e46721cd32e0936d92cdb3f6a7b468,exact_group,exact,1
ral_2026_general_100_015,rd_2026_general_revenue_14_02_02_68_42_3665500000,2026_general_expenditure_03_02_01_01_55,2026_general_expenditure_03_02_01,general,子育て環境推進事業,子育て環境推進事業,377,100,193,matched,page_and_exact_name,not_available,,r8tousyoyosanallpage.pdf,"42 夕焼けサポート(子ども・若者部) 2,489
充当事業:子育て環境推進事業・P377",target_page_account_and_exact_name_unique;page_offset=2,bpi_59c3cbb606db89e7fae878e4b899e970bf02b0b15cf3b42a7acdebbbf5759667,exact_group,exact,1
ral_2026_general_100_016,rd_2026_general_revenue_14_02_02_68_43_3665200000,2026_general_expenditure_03_02_06_01_04,2026_general_expenditure_03_02_06,general,児童館在宅子育て支援,児童館在宅子育て支援,383,100,193,matched,page_and_exact_name,not_available,,r8tousyoyosanallpage.pdf,"43 児童館在宅子育て支援(子ども・若者部) 4,909
充当事業:児童館在宅子育て支援・P383",target_page_account_and_exact_name_unique;page_offset=0,bpi_6f4fd04431873b0d80c1d64857234adf6489821b2e201a14c968a03cea97d880,exact_group,exact,1
ral_2026_general_100_017,rd_2026_general_revenue_14_02_02_68_44_3665200000,2026_general_expenditure_03_02_06_01_01,2026_general_expenditure_03_02_06,general,児童館運営,児童館運営,383,100,193,matched,page_and_exact_name,not_available,,r8tousyoyosanallpage.pdf,"44 自立支援事業(子ども・若者部) 801
充当事業:児童館運営・P383",target_page_account_and_exact_name_unique;page_offset=0,bpi_942a7f15b4d7356dade676478eb8ce744a9cc7a485eacd6f22749f4ce2a5155f,exact_group,exact,1
ral_2026_general_100_018,rd_2026_general_revenue_14_02_02_68_47_3405450000,2026_general_expenditure_02_03_01_05_01,2026_general_expenditure_02_03_01,general,男女共同参画センター維持運営,男女共同参画センター維持運営,329,100,193,matched,page_and_exact_name,not_available,,r8tousyoyosanallpage.pdf,"47 東京都ひとり親家庭生活支援事業(生活文化政策部) 90
充当事業:男女共同参画センター維持運営・P329",target_page_account_and_exact_name_unique;page_offset=2,bpi_278dffbda09304351acfab039b899b7c50f427b95392196fde4ea6708daa2c0c,exact_group,exact,1
ral_2026_general_100_019,rd_2026_general_revenue_14_02_02_68_49_3665580000,2026_general_expenditure_03_02_01_01_15,2026_general_expenditure_03_02_01,general,子育て支援事業,子育て支援事業,375,100,193,matched,page_and_exact_name,not_available,,r8tousyoyosanallpage.pdf,"49 保育人材確保支援事業(子ども・若者部) 5,911
充当事業:子育て支援事業・P375",target_page_account_and_exact_name_unique;page_offset=0,bpi_a6c91eb078316228801c87fc17a7b9b81afb8df337bd6305cb7aa67e8d01ad75,exact_group,exact,1
ral_2026_general_100_020,rd_2026_general_revenue_14_02_02_68_50_3785200000,2026_general_expenditure_05_03_05_01_15,2026_general_expenditure_05_03_05,general,育児不安・児童虐待防止対策,育児不安・児童虐待防止対策,405,100,193,matched,page_and_exact_name,not_available,,r8tousyoyosanallpage.pdf,"50 乳幼児フォローグループ(世田谷保健所) 2,929
充当事業:育児不安・児童虐待防止対策・P405",target_page_account_and_exact_name_unique;page_offset=0,bpi_312672c894774ea73e687eafab9b1256c141de92d4134fc9936eb0a94cedc4d1,exact_group,exact,1
ral_2026_general_101_001,rd_2026_general_revenue_14_02_02_68_57_3665580000,2026_general_expenditure_03_02_03_01_03,2026_general_expenditure_03_02_03,general,私立保育園運営,私立保育園運営,381,101,195,matched,page_and_exact_name,not_available,,r8tousyoyosanallpage.pdf,"57 送迎保育ステーション事業(子ども・若者部) 48,000
充当事業:私立保育園運営・P381",target_page_account_and_exact_name_unique;page_offset=0,bpi_19bacff6a2545c8ca7b835bb3f9f0a08d490992ea139a5070f3506ef5067a441,exact_group,exact,1
ral_2026_general_101_002,rd_2026_general_revenue_14_02_02_68_60_3665580000,2026_general_expenditure_03_02_03_01_03,2026_general_expenditure_03_02_03,general,私立保育園運営,私立保育園運営,381,101,195,matched,page_and_exact_name,not_available,,r8tousyoyosanallpage.pdf,"60 保育所地域活動事業(私立保育園)(子ども・若者部) 24,361
充当事業:私立保育園運営・P381",target_page_account_and_exact_name_unique;page_offset=0,bpi_19bacff6a2545c8ca7b835bb3f9f0a08d490992ea139a5070f3506ef5067a441,exact_group,exact,1
ral_2026_general_101_003,rd_2026_general_revenue_14_02_02_68_62_3665580000,2026_general_expenditure_03_02_03_01_13,2026_general_expenditure_03_02_03,general,認定こども園運営,認定こども園運営,381,101,195,matched,page_and_exact_name,not_available,,r8tousyoyosanallpage.pdf,"62 保育所地域活動事業(認定こども園)(子ども・若者部) 810
充当事業:認定こども園運営・P381",target_page_account_and_exact_name_unique;page_offset=0,bpi_85cf890e8ddb0fc6f130ed8798b6f4e11a89dbc34309b8558ae7a8731ac2ce01,exact_group,exact,1
ral_2026_general_101_004,rd_2026_general_revenue_14_02_02_68_64_3665500000,2026_general_expenditure_03_02_01_01_55,2026_general_expenditure_03_02_01,general,子育て環境推進事業,子育て環境推進事業,377,101,195,matched,page_and_exact_name,not_available,,r8tousyoyosanallpage.pdf,"64 支えあいの環境づくり(子育て環境推進事業)(子ども・若者部) 1,718
充当事業:子育て環境推進事業・P377",target_page_account_and_exact_name_unique;page_offset=2,bpi_59c3cbb606db89e7fae878e4b899e970bf02b0b15cf3b42a7acdebbbf5759667,exact_group,exact,1
ral_2026_general_101_005,rd_2026_general_revenue_14_02_02_68_69_3665500000,2026_general_expenditure_03_02_01_01_53,2026_general_expenditure_03_02_01,general,子どもを育む地域活動の支援,子どもを育む地域活動の支援,377,101,195,matched,page_and_exact_name,not_available,,r8tousyoyosanallpage.pdf,"69 子育て援助活動支援事業(ファミリー・サポート・センター事業)(子ども・若者部) 4,951
充当事業:子どもを育む地域活動の支援・P377",target_page_account_and_exact_name_unique;page_offset=2,bpi_87bf62e6b0c87cf88956d2401bbe9a367608d28ace021d75f5ae0cda82f7a652,exact_group,exact,1
ral_2026_general_101_006,rd_2026_general_revenue_14_02_02_68_70_3665580000,2026_general_expenditure_03_02_01_01_15,2026_general_expenditure_03_02_01,general,子育て支援事業,子育て支援事業,375,101,195,matched,page_and_exact_name,not_available,,r8tousyoyosanallpage.pdf,"70 保育運営支援専門員設置事業(子ども・若者部) 1,695
充当事業:子育て支援事業・P375",target_page_account_and_exact_name_unique;page_offset=0,bpi_a6c91eb078316228801c87fc17a7b9b81afb8df337bd6305cb7aa67e8d01ad75,exact_group,exact,1
ral_2026_general_101_007,rd_2026_general_revenue_14_02_02_68_72_3665580000,2026_general_expenditure_03_02_05_01_01,2026_general_expenditure_03_02_05,general,区立保育園運営,区立保育園運営,381,101,195,matched,page_and_exact_name,not_available,,r8tousyoyosanallpage.pdf,"72 安心安全確保対策支援事業(区立保育園)(子ども・若者部) 3,679
充当事業:区立保育園運営・P381",target_page_account_and_exact_name_unique;page_offset=0,bpi_cd88696d105d5fd4493ad43119716ef01897dc1ccd62a75e668a2c9179db33a0,exact_group,exact,1
ral_2026_general_101_008,rd_2026_general_revenue_14_02_02_68_78_3785200000,2026_general_expenditure_05_03_05_01_09,2026_general_expenditure_05_03_05,general,母子保健知識等の普及と啓発,母子保健知識等の普及と啓発,405,101,195,matched,page_and_exact_name,not_available,,r8tousyoyosanallpage.pdf,"78 子供手帳モデル活用支援事業(世田谷保健所) 1,121
充当事業:母子保健知識等の普及と啓発・P405",target_page_account_and_exact_name_unique;page_offset=0,bpi_d61daf79353f3f19f6f1052baa04cb594662427887ed92f6af0f909f54216ea4,exact_group,exact,1
ral_2026_general_101_009,rd_2026_general_revenue_14_02_02_68_86_3655100000,,2026_general_expenditure_09_01_03,general,会計年度任用職員の人件費(障害福祉部),会計年度任用職員の人件費（障害福祉部）,469,101,195,matched,page_name_department_identity_cluster,not_available,,r8tousyoyosanallpage.pdf,"86 発達障害支援相談員(障害福祉部) 418
充当事業:会計年度任用職員の人件費(障害福祉部)・P469",official_pdf_does_not_identify_internal_budget_program_group,bpi_181d68cd53e1bae8c0ff0b19f41abc04ca2fba5d55dc0649f06039d0ddf44c32,public_identity,not_distinguishable_from_public_source,2
ral_2026_general_101_010,rd_2026_general_revenue_14_02_02_68_96_3665580000,2026_general_expenditure_03_02_01_01_15,2026_general_expenditure_03_02_01,general,子育て支援事業,子育て支援事業,375,101,195,matched,page_and_exact_name,not_available,,r8tousyoyosanallpage.pdf,"96 研修参加代替職員確保補助事業(子育て支援事業)(子ども・若者部) 480
充当事業:子育て支援事業・P375",target_page_account_and_exact_name_unique;page_offset=0,bpi_a6c91eb078316228801c87fc17a7b9b81afb8df337bd6305cb7aa67e8d01ad75,exact_group,exact,1
ral_2026_general_101_011,rd_2026_general_revenue_14_02_02_68_97_3665590000,2026_general_expenditure_03_02_01_01_09,2026_general_expenditure_03_02_01,general,認証保育所事業,認証保育所事業,375,101,195,matched,page_and_exact_name,not_available,,r8tousyoyosanallpage.pdf,"97 研修参加代替職員確保補助事業(認証保育所事業)(子ども・若者部) 90
充当事業:認証保育所事業・P375",target_page_account_and_exact_name_unique;page_offset=0,bpi_6356950f0fc306661633092aebe00e0ee8dee735c9ee0df107ee159cb7bfa7f1,exact_group,exact,1
ral_2026_general_101_012,rd_2026_general_revenue_14_02_02_68_98_3665590000,2026_general_expenditure_03_02_01_01_12,2026_general_expenditure_03_02_01,general,保育室制度運営,保育室制度運営,375,101,195,matched,page_and_exact_name,not_available,,r8tousyoyosanallpage.pdf,"98 研修参加代替職員確保補助事業(保育室制度運営)(子ども・若者部) 32
充当事業:保育室制度運営・P375",target_page_account_and_exact_name_unique;page_offset=0,bpi_334db6a3dd0d9c58134787810e381492413fff8c49334c2d84cf3c76ee0bcda1,exact_group,exact,1
ral_2026_general_101_013,rd_2026_general_revenue_14_02_02_68_99_3665580000,2026_general_expenditure_03_02_01_01_15,2026_general_expenditure_03_02_01,general,子育て支援事業,子育て支援事業,375,101,195,matched,page_and_exact_name,not_available,,r8tousyoyosanallpage.pdf,"99 保育所地域活動事業(区立保育園)(子ども・若者部) 1,237
充当事業:子育て支援事業・P375",target_page_account_and_exact_name_unique;page_offset=0,bpi_a6c91eb078316228801c87fc17a7b9b81afb8df337bd6305cb7aa67e8d01ad75,exact_group,exact,1
ral_2026_general_101_014,rd_2026_general_revenue_14_02_02_75_02_3665500000,2026_general_expenditure_03_02_01_01_54,2026_general_expenditure_03_02_01,general,ひとり親家庭への支援,ひとり親家庭への支援,377,101,195,matched,page_and_exact_name,not_available,,r8tousyoyosanallpage.pdf,"2 ひとり親家庭学習支援事業(子ども・若者部) 12,070
充当事業:ひとり親家庭への支援・P377",target_page_account_and_exact_name_unique;page_offset=2,bpi_41040ca747d4a337137a00fa3d6aead795e46721cd32e0936d92cdb3f6a7b468,exact_group,exact,1
ral_2026_general_101_015,rd_2026_general_revenue_14_02_02_75_03_3665500000,2026_general_expenditure_03_02_01_01_54,2026_general_expenditure_03_02_01,general,ひとり親家庭への支援,ひとり親家庭への支援,377,101,195,matched,page_and_exact_name,not_available,,r8tousyoyosanallpage.pdf,"3 ひとり親家庭等生活支援事業(子ども・若者部) 594
充当事業:ひとり親家庭への支援・P377",target_page_account_and_exact_name_unique;page_offset=2,bpi_41040ca747d4a337137a00fa3d6aead795e46721cd32e0936d92cdb3f6a7b468,exact_group,exact,1
ral_2026_general_101_016,rd_2026_general_revenue_14_02_02_75_05_3665500000,2026_general_expenditure_03_02_01_01_88,2026_general_expenditure_03_02_01,general,生活困難を抱える子どもと家庭への支援,生活困難を抱える子どもと家庭への支援,379,101,195,matched,page_and_exact_name,not_available,,r8tousyoyosanallpage.pdf,"5 子供の生活・学習支援事業(子ども・若者部) 17,215
充当事業:生活困難を抱える子どもと家庭への支援・P379",target_page_account_and_exact_name_unique;page_offset=4,bpi_0f09a7e1b773926a8014040783f429af5db10dd522350bea60f2728508375de0,exact_group,exact,1
ral_2026_general_101_017,rd_2026_general_revenue_14_02_02_82_04_3655300000,2026_general_expenditure_03_01_03_03_20,2026_general_expenditure_03_01_03,general,障害者相談支援,障害者相談支援,367,101,195,matched,page_and_exact_name,not_available,,r8tousyoyosanallpage.pdf,"4 小児等在宅医療の提供体制の整備(従事者育成事業)(障害福祉部) 20,740
充当事業:障害者相談支援・P367",target_page_account_and_exact_name_unique;page_offset=0,bpi_fd92a91d10b5432e3dcf7886f17e6641d8fc90ba5437e5ab5f5a6c5574eca3bf,exact_group,exact,1
ral_2026_general_102_001,rd_2026_general_revenue_14_02_02_82_05_3595150000,2026_general_expenditure_05_01_01_01_04,2026_general_expenditure_05_01_01,general,在宅医療の充実,在宅医療の充実,397,102,197,matched,page_and_exact_name,not_available,,r8tousyoyosanallpage.pdf,"5 24時間診療体制推進事業(保健福祉政策部) 10,000
充当事業:在宅医療の充実・P397",target_page_account_and_exact_name_unique;page_offset=0,bpi_cbb172ed1191960dd526e0832dc19ec964d326592b374c670402cb191a9cb942,exact_group,exact,1
ral_2026_general_102_002,rd_2026_general_revenue_14_02_02_82_06_3595150000,2026_general_expenditure_05_01_01_01_04,2026_general_expenditure_05_01_01,general,在宅医療の充実,在宅医療の充実,397,102,197,matched,page_and_exact_name,not_available,,r8tousyoyosanallpage.pdf,"6 デジタル技術を活用した医療DX推進事業(保健福祉政策部) 10,000
充当事業:在宅医療の充実・P397",target_page_account_and_exact_name_unique;page_offset=0,bpi_cbb172ed1191960dd526e0832dc19ec964d326592b374c670402cb191a9cb942,exact_group,exact,1
ral_2026_general_102_003,rd_2026_general_revenue_14_02_02_87_01_3665580000,2026_general_expenditure_03_02_03_01_03,2026_general_expenditure_03_02_03,general,私立保育園運営,私立保育園運営,381,102,197,matched,page_and_exact_name,not_available,,r8tousyoyosanallpage.pdf,"1 私立保育園運営(子ども・若者部) 484,600
充当事業:私立保育園運営・P381",target_page_account_and_exact_name_unique;page_offset=0,bpi_19bacff6a2545c8ca7b835bb3f9f0a08d490992ea139a5070f3506ef5067a441,exact_group,exact,1
ral_2026_general_102_004,rd_2026_general_revenue_14_02_02_87_02_3665580000,2026_general_expenditure_03_02_03_01_13,2026_general_expenditure_03_02_03,general,認定こども園運営,認定こども園運営,381,102,197,matched,page_and_exact_name,not_available,,r8tousyoyosanallpage.pdf,"2 認定こども園運営(子ども・若者部) 46,920
充当事業:認定こども園運営・P381",target_page_account_and_exact_name_unique;page_offset=0,bpi_85cf890e8ddb0fc6f130ed8798b6f4e11a89dbc34309b8558ae7a8731ac2ce01,exact_group,exact,1
ral_2026_general_102_005,rd_2026_general_revenue_14_02_02_87_03_3665580000,2026_general_expenditure_03_02_03_01_14,2026_general_expenditure_03_02_03,general,特定地域型保育事業,特定地域型保育事業,381,102,197,matched,page_and_exact_name,not_available,,r8tousyoyosanallpage.pdf,"3 特定地域型保育事業(子ども・若者部) 50,525
充当事業:特定地域型保育事業・P381",target_page_account_and_exact_name_unique;page_offset=0,bpi_c3e09b21d66c0c25400cd650444267d7b9c41a6ce0b4edc5d4c60f63e57a1027,exact_group,exact,1
ral_2026_general_102_006,rd_2026_general_revenue_14_02_02_87_04_3665590000,2026_general_expenditure_03_02_01_01_09,2026_general_expenditure_03_02_01,general,認証保育所事業,認証保育所事業,375,102,197,matched,page_and_exact_name,not_available,,r8tousyoyosanallpage.pdf,"4 認証保育所事業(子ども・若者部) 206,947
充当事業:認証保育所事業・P375",target_page_account_and_exact_name_unique;page_offset=0,bpi_6356950f0fc306661633092aebe00e0ee8dee735c9ee0df107ee159cb7bfa7f1,exact_group,exact,1
ral_2026_general_102_007,rd_2026_general_revenue_14_02_02_87_05_3665580000,2026_general_expenditure_03_02_01_01_40,2026_general_expenditure_03_02_01,general,病児・病後児保育事業,病児・病後児保育事業,377,102,197,matched,page_and_exact_name,not_available,,r8tousyoyosanallpage.pdf,"5 病児・病後児保育事業(子ども・若者部) 7,868
充当事業:病児・病後児保育事業・P377",target_page_account_and_exact_name_unique;page_offset=2,bpi_567fe165d301ff2244821e28bfef3294599dd774be4c47a071d8482b67e7722b,exact_group,exact,1
ral_2026_general_102_008,rd_2026_general_revenue_14_02_02_88_02_3665500000,2026_general_expenditure_03_02_01_01_88,2026_general_expenditure_03_02_01,general,生活困難を抱える子どもと家庭への支援,生活困難を抱える子どもと家庭への支援,379,102,197,matched,page_and_exact_name,not_available,,r8tousyoyosanallpage.pdf,"2 生活困窮世帯等の子どものための学習・生活支援の拠点事業(子ども・若者部) 2,880
充当事業:生活困難を抱える子どもと家庭への支援・P379",target_page_account_and_exact_name_unique;page_offset=4,bpi_0f09a7e1b773926a8014040783f429af5db10dd522350bea60f2728508375de0,exact_group,exact,1
ral_2026_general_102_009,rd_2026_general_revenue_14_02_02_91_01_3665580000,2026_general_expenditure_03_02_05_01_01,2026_general_expenditure_03_02_05,general,区立保育園運営,区立保育園運営,381,102,197,matched,page_and_exact_name,not_available,,r8tousyoyosanallpage.pdf,"1 区立保育園(子ども・若者部) 964
充当事業:区立保育園運営・P381",target_page_account_and_exact_name_unique;page_offset=0,bpi_cd88696d105d5fd4493ad43119716ef01897dc1ccd62a75e668a2c9179db33a0,exact_group,exact,1
ral_2026_general_102_010,rd_2026_general_revenue_14_02_02_92_03_3665580000,2026_general_expenditure_03_02_01_01_40,2026_general_expenditure_03_02_01,general,病児・病後児保育事業,病児・病後児保育事業,377,102,197,matched,page_and_exact_name,not_available,,r8tousyoyosanallpage.pdf,"3 病児・病後児保育事業(子ども・若者部) 91,473
充当事業:病児・病後児保育事業・P377",target_page_account_and_exact_name_unique;page_offset=2,bpi_567fe165d301ff2244821e28bfef3294599dd774be4c47a071d8482b67e7722b,exact_group,exact,1
ral_2026_general_102_011,rd_2026_general_revenue_14_02_02_92_04_3665580000,2026_general_expenditure_03_02_03_01_03,2026_general_expenditure_03_02_03,general,私立保育園運営,私立保育園運営,381,102,197,matched,page_and_exact_name,not_available,,r8tousyoyosanallpage.pdf,"4 延長保育事業(私立保育園)(子ども・若者部) 61,549
充当事業:私立保育園運営・P381",target_page_account_and_exact_name_unique;page_offset=0,bpi_19bacff6a2545c8ca7b835bb3f9f0a08d490992ea139a5070f3506ef5067a441,exact_group,exact,1
ral_2026_general_102_012,rd_2026_general_revenue_14_02_02_92_05_3665580000,2026_general_expenditure_03_02_03_01_13,2026_general_expenditure_03_02_03,general,認定こども園運営,認定こども園運営,381,102,197,matched,page_and_exact_name,not_available,,r8tousyoyosanallpage.pdf,"5 延長保育事業(認定こども園)(子ども・若者部) 3,600
充当事業:認定こども園運営・P381",target_page_account_and_exact_name_unique;page_offset=0,bpi_85cf890e8ddb0fc6f130ed8798b6f4e11a89dbc34309b8558ae7a8731ac2ce01,exact_group,exact,1
ral_2026_general_102_013,rd_2026_general_revenue_14_02_02_92_06_3665580000,2026_general_expenditure_03_02_03_01_14,2026_general_expenditure_03_02_03,general,特定地域型保育事業,特定地域型保育事業,381,102,197,matched,page_and_exact_name,not_available,,r8tousyoyosanallpage.pdf,"6 延長保育事業(地域型保育事業)(子ども・若者部) 8,519
充当事業:特定地域型保育事業・P381",target_page_account_and_exact_name_unique;page_offset=0,bpi_c3e09b21d66c0c25400cd650444267d7b9c41a6ce0b4edc5d4c60f63e57a1027,exact_group,exact,1
ral_2026_general_102_014,rd_2026_general_revenue_14_02_02_92_14_3665580000,2026_general_expenditure_03_02_03_01_03,2026_general_expenditure_03_02_03,general,私立保育園運営,私立保育園運営,381,102,197,matched,page_and_exact_name,not_available,,r8tousyoyosanallpage.pdf,"14 一時預かり事業(私立保育園)(子ども・若者部) 9,240
充当事業:私立保育園運営・P381",target_page_account_and_exact_name_unique;page_offset=0,bpi_19bacff6a2545c8ca7b835bb3f9f0a08d490992ea139a5070f3506ef5067a441,exact_group,exact,1
ral_2026_general_102_015,rd_2026_general_revenue_14_02_02_92_17_3665580000,2026_general_expenditure_03_02_01_01_14,2026_general_expenditure_03_02_01,general,単独施設型一時保育事業,単独施設型一時保育事業,375,102,197,matched,page_and_exact_name,not_available,,r8tousyoyosanallpage.pdf,"17 一時預かり事業(単独施設型)(子ども・若者部) 5,635
充当事業:単独施設型一時保育事業・P375",target_page_account_and_exact_name_unique;page_offset=0,bpi_7686c4156e6b6b8d72792aa24ed226581ec8c9abfc20acc82cea9a03366664d9,exact_group,exact,1
ral_2026_general_102_016,rd_2026_general_revenue_14_02_02_92_18_3665580000,2026_general_expenditure_03_02_03_01_13,2026_general_expenditure_03_02_03,general,認定こども園運営,認定こども園運営,381,102,197,matched,page_and_exact_name,not_available,,r8tousyoyosanallpage.pdf,"18 一時預かり事業(幼稚園型)(子ども・若者部) 7,889
充当事業:認定こども園運営・P381",target_page_account_and_exact_name_unique;page_offset=0,bpi_85cf890e8ddb0fc6f130ed8798b6f4e11a89dbc34309b8558ae7a8731ac2ce01,exact_group,exact,1
ral_2026_general_102_017,rd_2026_general_revenue_14_02_02_92_20_3665500000,2026_general_expenditure_03_02_03_01_01,2026_general_expenditure_03_02_03,general,私立母子生活支援施設への保護委託,私立母子生活支援施設への保護委託,381,102,197,matched,page_and_exact_name,not_available,,r8tousyoyosanallpage.pdf,"20 子育て短期支援事業(子ども・若者部) 996
充当事業:私立母子生活支援施設への保護委託・P381",target_page_account_and_exact_name_unique;page_offset=0,bpi_4a652a5e6ae80c14247f55b106c251c66720a51aefa7d1eb683419b0c968de2c,exact_group,exact,1
ral_2026_general_102_018,rd_2026_general_revenue_14_02_02_92_23_3665570000,2026_general_expenditure_03_02_01_01_24,2026_general_expenditure_03_02_01,general,セーフティネットの整備,セーフティネットの整備,375,102,197,matched,page_and_exact_name,not_available,,r8tousyoyosanallpage.pdf,"23 子どもを守る地域ネットワーク機能強化事業(子ども・若者部) 309
充当事業:セーフティネットの整備・P375",target_page_account_and_exact_name_unique;page_offset=0,bpi_d95351e271cf75f188df86946de66bcfd7376720c26b8ddb88f990c93677f157,exact_group,exact,1
ral_2026_general_102_019,rd_2026_general_revenue_14_02_02_92_26_3665500000,2026_general_expenditure_03_02_01_01_33,2026_general_expenditure_03_02_01,general,子育てステーション事業,子育てステーション事業,375,102,197,matched,page_and_exact_name,not_available,,r8tousyoyosanallpage.pdf,"26 一時預かり事業(子育てステーション)(子ども・若者部) 19,910
充当事業:子育てステーション事業・P375",target_page_account_and_exact_name_unique;page_offset=0,bpi_5cad8d56f77ca5cbc11b574d0c840a191a1ad7de1764742ff81be502f4b47192,exact_group,exact,1
ral_2026_general_103_001,rd_2026_general_revenue_14_02_02_92_28_3785200000,2026_general_expenditure_05_03_05_01_13,2026_general_expenditure_05_03_05,general,乳児期家庭(新生児)訪問事業,乳児期家庭（新生児）訪問事業,405,103,199,matched,page_and_normalized_name,not_available,,r8tousyoyosanallpage.pdf,"28 乳児家庭全戸訪問事業(世田谷保健所) 16,533
充当事業:乳児期家庭(新生児)訪問事業・P405",target_page_account_and_nfkc_name_unique;page_offset=0,bpi_e8e191db019ff1826724cc4ac0bb5bede3f62c8a134267e6d476e6a1ab029013,exact_group,exact,1
ral_2026_general_103_002,rd_2026_general_revenue_14_02_02_92_29_3665500000,2026_general_expenditure_03_02_01_01_42,2026_general_expenditure_03_02_01,general,子育てつどいの広場,子育てつどいの広場,377,103,199,matched,page_and_exact_name,not_available,,r8tousyoyosanallpage.pdf,"29 一時預かり事業(単独施設型・子育てつどいの広場)(子ども・若者部) 26,552
充当事業:子育てつどいの広場・P377",target_page_account_and_exact_name_unique;page_offset=2,bpi_621484ebbe2396c3165c332904394c6fe8b24bbae3809b705562a4f0e56fcef1,exact_group,exact,1
ral_2026_general_103_003,rd_2026_general_revenue_14_02_02_92_32_4985400000,2026_general_expenditure_08_05_01_01_02,2026_general_expenditure_08_05_01,general,区立幼稚園維持運営,区立幼稚園維持運営,457,103,199,matched,page_and_exact_name,not_available,,r8tousyoyosanallpage.pdf,"32 実費徴収補足給付事業(区立幼稚園)(教育委員会事務局) 26
充当事業:区立幼稚園維持運営・P457",target_page_account_and_exact_name_unique;page_offset=0,bpi_c070e52c097b63df06f1ba2a7b4c2909519913003bae5d0506d2326246e28340,exact_group,exact,1
ral_2026_general_103_004,rd_2026_general_revenue_14_02_02_92_33_3665570000,2026_general_expenditure_03_02_01_01_24,2026_general_expenditure_03_02_01,general,セーフティネットの整備,セーフティネットの整備,375,103,199,matched,page_and_exact_name,not_available,,r8tousyoyosanallpage.pdf,"33 子育て短期支援事業(セーフティネットの整備)(子ども・若者部) 9,837
充当事業:セーフティネットの整備・P375",target_page_account_and_exact_name_unique;page_offset=0,bpi_d95351e271cf75f188df86946de66bcfd7376720c26b8ddb88f990c93677f157,exact_group,exact,1
ral_2026_general_103_005,rd_2026_general_revenue_14_02_02_92_35_4985400000,2026_general_expenditure_08_05_01_01_04,2026_general_expenditure_08_05_01,general,区立幼稚園預かり保育事業,区立幼稚園預かり保育事業,457,103,199,matched,page_and_exact_name,not_available,,r8tousyoyosanallpage.pdf,"35 一時預かり事業(区立幼稚園)(教育委員会事務局) 193
充当事業:区立幼稚園預かり保育事業・P457",target_page_account_and_exact_name_unique;page_offset=0,bpi_4ac918ad7e35afaece6bfc4de48c320eeb20df357909d1e79174ea231e9d7d9c,exact_group,exact,1
ral_2026_general_103_006,rd_2026_general_revenue_14_02_02_92_36_3665580000,2026_general_expenditure_03_02_05_01_01,2026_general_expenditure_03_02_05,general,区立保育園運営,区立保育園運営,381,103,199,matched,page_and_exact_name,not_available,,r8tousyoyosanallpage.pdf,"36 一時預かり事業(区立保育園)(子ども・若者部) 6,020
充当事業:区立保育園運営・P381",target_page_account_and_exact_name_unique;page_offset=0,bpi_cd88696d105d5fd4493ad43119716ef01897dc1ccd62a75e668a2c9179db33a0,exact_group,exact,1
ral_2026_general_103_007,rd_2026_general_revenue_14_02_02_92_37_3665580000,2026_general_expenditure_03_02_01_01_71,2026_general_expenditure_03_02_01,general,私立幼稚園施設型給付,私立幼稚園施設型給付,377,103,199,matched,page_and_exact_name,not_available,,r8tousyoyosanallpage.pdf,"37 一時預かり事業(私立幼稚園)(子ども・若者部) 9,467
充当事業:私立幼稚園施設型給付・P377",target_page_account_and_exact_name_unique;page_offset=2,bpi_67660d63f419537db5975a7e0a2382f9c8f13833c98bad257f02c75536ce9600,exact_group,exact,1
ral_2026_general_103_008,rd_2026_general_revenue_14_02_02_92_38_3665150000,2026_general_expenditure_02_01_01_01_10,2026_general_expenditure_02_01_01,general,私立幼稚園指導助成,私立幼稚園指導助成,317,103,199,matched,page_and_exact_name,not_available,,r8tousyoyosanallpage.pdf,"38 一時預かり事業(私立幼稚園)(子ども・若者部) 8,908
充当事業:私立幼稚園指導助成・P317",target_page_account_and_exact_name_unique;page_offset=0,bpi_e640b3411585bc3a7b66cbbaad0d8f82314e4a7c5ca6dcaf0e277b5cbeee33d9,exact_group,exact,1
ral_2026_general_103_009,rd_2026_general_revenue_14_02_02_92_39_3665500000,2026_general_expenditure_03_02_01_01_53,2026_general_expenditure_03_02_01,general,子どもを育む地域活動の支援,子どもを育む地域活動の支援,377,103,199,matched,page_and_exact_name,not_available,,r8tousyoyosanallpage.pdf,"39 子育て援助活動支援事業(子ども・若者部) 12,286
充当事業:子どもを育む地域活動の支援・P377",target_page_account_and_exact_name_unique;page_offset=2,bpi_87bf62e6b0c87cf88956d2401bbe9a367608d28ace021d75f5ae0cda82f7a652,exact_group,exact,1
ral_2026_general_103_010,rd_2026_general_revenue_14_02_02_92_41_3665150000,2026_general_expenditure_02_01_01_01_10,2026_general_expenditure_02_01_01,general,私立幼稚園指導助成,私立幼稚園指導助成,317,103,199,matched,page_and_exact_name,not_available,,r8tousyoyosanallpage.pdf,"41 実費徴収補足給付事業(私立幼稚園)(子ども・若者部) 2,733
充当事業:私立幼稚園指導助成・P317",target_page_account_and_exact_name_unique;page_offset=0,bpi_e640b3411585bc3a7b66cbbaad0d8f82314e4a7c5ca6dcaf0e277b5cbeee33d9,exact_group,exact,1
ral_2026_general_103_011,rd_2026_general_revenue_14_02_02_92_44_4960100000,,2026_general_expenditure_09_01_08,general,会計年度任用職員の人件費(教育委員会事務局),会計年度任用職員の人件費（教育委員会事務局）,471,103,199,matched,page_name_department_identity_cluster,not_available,,r8tousyoyosanallpage.pdf,"44 一時預かり事業(区立幼稚園)(教育委員会事務局) 6,252
充当事業:会計年度任用職員の人件費(教育委員会事務局)・P471",official_pdf_does_not_identify_internal_budget_program_group,bpi_b55e51de6d41c9f9e2302349c0f7a11790df1cb4835ebe1c8990b0dd44d25850,public_identity,not_distinguishable_from_public_source,5
ral_2026_general_103_012,rd_2026_general_revenue_14_02_02_92_45_4960100000,,2026_general_expenditure_09_01_08,general,会計年度任用職員の人件費(教育委員会事務局),会計年度任用職員の人件費（教育委員会事務局）,471,103,199,matched,page_name_department_identity_cluster,not_available,,r8tousyoyosanallpage.pdf,"45 放課後児童健全育成事業(教育委員会事務局) 232,630
充当事業:会計年度任用職員の人件費(教育委員会事務局)・P471",official_pdf_does_not_identify_internal_budget_program_group,bpi_b55e51de6d41c9f9e2302349c0f7a11790df1cb4835ebe1c8990b0dd44d25850,public_identity,not_distinguishable_from_public_source,5
ral_2026_general_103_013,rd_2026_general_revenue_14_02_02_92_47_3665500000,2026_general_expenditure_03_02_01_01_42,2026_general_expenditure_03_02_01,general,子育てつどいの広場,子育てつどいの広場,377,103,199,matched,page_and_exact_name,not_available,,r8tousyoyosanallpage.pdf,"47 相談支援体制強化事業(子育てつどいの広場)(子ども・若者部) 600
充当事業:子育てつどいの広場・P377",target_page_account_and_exact_name_unique;page_offset=2,bpi_621484ebbe2396c3165c332904394c6fe8b24bbae3809b705562a4f0e56fcef1,exact_group,exact,1
ral_2026_general_103_014,rd_2026_general_revenue_14_02_02_92_70_3665500000,2026_general_expenditure_03_02_01_01_53,2026_general_expenditure_03_02_01,general,子どもを育む地域活動の支援,子どもを育む地域活動の支援,377,103,199,matched,page_and_exact_name,not_available,,r8tousyoyosanallpage.pdf,"70 多様な事業者の参入促進・能力活用事業(子ども・若者部) 800
充当事業:子どもを育む地域活動の支援・P377",target_page_account_and_exact_name_unique;page_offset=2,bpi_87bf62e6b0c87cf88956d2401bbe9a367608d28ace021d75f5ae0cda82f7a652,exact_group,exact,1
ral_2026_general_103_015,rd_2026_general_revenue_14_02_02_92_71_3665200000,2026_general_expenditure_03_02_06_01_03,2026_general_expenditure_03_02_06,general,学童クラブ運営,学童クラブ運営,383,103,199,matched,page_and_exact_name,not_available,,r8tousyoyosanallpage.pdf,"71 放課後児童健全育成事業(子ども・若者部) 277,222
充当事業:学童クラブ運営・P383",target_page_account_and_exact_name_unique;page_offset=0,bpi_b3f0f775f7a8418d16387028882a91f33dd64c33e41cb23bb0bd6440c56bbacc,exact_group,exact,1
ral_2026_general_103_016,rd_2026_general_revenue_14_02_02_92_79_3595110000,2026_general_expenditure_03_01_01_03_86,2026_general_expenditure_03_01_01,general,保健福祉サービス質の向上の推進,保健福祉サービス質の向上の推進,359,103,199,matched,page_and_exact_name,not_available,,r8tousyoyosanallpage.pdf,"79 放課後児童健全育成事業第三者評価受審推進事業(保健福祉政策部) 11,000
充当事業:保健福祉サービス質の向上の推進・P359",target_page_account_and_exact_name_unique;page_offset=2,bpi_0db879e6838637427c9ea43398b354c2e0c550180f6375b20698eb0c0409206f,exact_group,exact,1
ral_2026_general_103_017,rd_2026_general_revenue_14_02_02_92_84_3665580000,2026_general_expenditure_03_02_01_01_38,2026_general_expenditure_03_02_01,general,認可保育施設等の一時預かり事業の推進,認可保育施設等の一時預かり事業の推進,377,103,199,matched,page_and_exact_name,not_available,,r8tousyoyosanallpage.pdf,"84 一時預かり事業(私立保育園)(子ども・若者部) 57,489
充当事業:認可保育施設等の一時預かり事業の推進・P377",target_page_account_and_exact_name_unique;page_offset=2,bpi_cfd43136e9ab8956cee74c3a6a0a6683b01e852b3a0be5c71df3b7da0b8c6209,exact_group,exact,1
ral_2026_general_103_018,rd_2026_general_revenue_14_02_02_92_85_3665580000,2026_general_expenditure_03_02_01_01_38,2026_general_expenditure_03_02_01,general,認可保育施設等の一時預かり事業の推進,認可保育施設等の一時預かり事業の推進,377,103,199,matched,page_and_exact_name,not_available,,r8tousyoyosanallpage.pdf,"85 一時預かり事業(認定こども園)(子ども・若者部) 2,236
充当事業:認可保育施設等の一時預かり事業の推進・P377",target_page_account_and_exact_name_unique;page_offset=2,bpi_cfd43136e9ab8956cee74c3a6a0a6683b01e852b3a0be5c71df3b7da0b8c6209,exact_group,exact,1
ral_2026_general_103_019,rd_2026_general_revenue_14_02_02_92_88_3665570000,2026_general_expenditure_03_02_01_01_24,2026_general_expenditure_03_02_01,general,セーフティネットの整備,セーフティネットの整備,375,103,199,matched,page_and_exact_name,not_available,,r8tousyoyosanallpage.pdf,"88 親子関係形成支援事業(子ども・若者部) 120
充当事業:セーフティネットの整備・P375",target_page_account_and_exact_name_unique;page_offset=0,bpi_d95351e271cf75f188df86946de66bcfd7376720c26b8ddb88f990c93677f157,exact_group,exact,1
ral_2026_general_104_001,rd_2026_general_revenue_14_02_02_92_89_3665570000,2026_general_expenditure_03_02_01_01_96,2026_general_expenditure_03_02_01,general,養育支援等ホームヘルパー訪問事業,養育支援等ホームヘルパー訪問事業,379,104,201,matched,page_and_exact_name,not_available,,r8tousyoyosanallpage.pdf,"89 子育て世帯訪問支援事業(養育支援等ホームヘルパー訪問事業)(子ども・若者部) 13,838
充当事業:養育支援等ホームヘルパー訪問事業・P379",target_page_account_and_exact_name_unique;page_offset=4,bpi_f0e1c562eb99ede5f81d313e966752f7107e76a25d3614bea0f31955c2024513,exact_group,exact,1
ral_2026_general_104_002,rd_2026_general_revenue_14_02_02_92_90_3665570000,2026_general_expenditure_03_02_01_01_24,2026_general_expenditure_03_02_01,general,セーフティネットの整備,セーフティネットの整備,375,104,201,matched,page_and_exact_name,not_available,,r8tousyoyosanallpage.pdf,"90 子育て世帯訪問支援事業(学生ボランティア派遣事業)(子ども・若者部) 937
充当事業:セーフティネットの整備・P375",target_page_account_and_exact_name_unique;page_offset=0,bpi_d95351e271cf75f188df86946de66bcfd7376720c26b8ddb88f990c93677f157,exact_group,exact,1
ral_2026_general_104_003,rd_2026_general_revenue_14_02_02_92_91_3665570000,2026_general_expenditure_03_02_01_01_45,2026_general_expenditure_03_02_01,general,産後ケア事業,産後ケア事業,377,104,201,matched,page_and_exact_name,not_available,,r8tousyoyosanallpage.pdf,"91 産後ケア事業(子ども・若者部) 56,071
充当事業:産後ケア事業・P377",target_page_account_and_exact_name_unique;page_offset=2,bpi_19c522f8e05318de25782c4820bd72b15afc3a2f9597cf7d2d4c331838fb3029,exact_group,exact,1
ral_2026_general_104_004,rd_2026_general_revenue_14_02_02_92_92_3665500000,2026_general_expenditure_03_02_01_01_26,2026_general_expenditure_03_02_01,general,在宅子育て支援,在宅子育て支援,375,104,201,matched,page_and_exact_name,not_available,,r8tousyoyosanallpage.pdf,"92 子育て世帯訪問支援事業(在宅子育て支援)(子ども・若者部) 10,523
充当事業:在宅子育て支援・P375",target_page_account_and_exact_name_unique;page_offset=0,bpi_8a0f54d9e647e1a2b62e1075cb7040e5db102777c0d4afc9e87058e56ea4e4fb,exact_group,exact,1
ral_2026_general_104_005,rd_2026_general_revenue_14_02_02_93_01_3665580000,2026_general_expenditure_03_02_01_01_15,2026_general_expenditure_03_02_01,general,子育て支援事業,子育て支援事業,375,104,201,matched,page_and_exact_name,not_available,,r8tousyoyosanallpage.pdf,"1 保育士宿舎借り上げ支援事業(子ども・若者部) 1,176,815
充当事業:子育て支援事業・P375",target_page_account_and_exact_name_unique;page_offset=0,bpi_a6c91eb078316228801c87fc17a7b9b81afb8df337bd6305cb7aa67e8d01ad75,exact_group,exact,1
ral_2026_general_104_006,rd_2026_general_revenue_14_02_02_95_11_3665580000,2026_general_expenditure_03_02_03_01_03,2026_general_expenditure_03_02_03,general,私立保育園運営,私立保育園運営,381,104,201,matched,page_and_exact_name,not_available,,r8tousyoyosanallpage.pdf,"11 保育補助者雇上強化事業(私立保育園)(子ども・若者部) 205,065
充当事業:私立保育園運営・P381",target_page_account_and_exact_name_unique;page_offset=0,bpi_19bacff6a2545c8ca7b835bb3f9f0a08d490992ea139a5070f3506ef5067a441,exact_group,exact,1
ral_2026_general_104_007,rd_2026_general_revenue_14_02_02_95_12_3665580000,2026_general_expenditure_03_02_03_01_13,2026_general_expenditure_03_02_03,general,認定こども園運営,認定こども園運営,381,104,201,matched,page_and_exact_name,not_available,,r8tousyoyosanallpage.pdf,"12 保育補助者雇上強化事業(認定こども園)(子ども・若者部) 7,323
充当事業:認定こども園運営・P381",target_page_account_and_exact_name_unique;page_offset=0,bpi_85cf890e8ddb0fc6f130ed8798b6f4e11a89dbc34309b8558ae7a8731ac2ce01,exact_group,exact,1
ral_2026_general_104_008,rd_2026_general_revenue_14_02_02_95_13_3665580000,2026_general_expenditure_03_02_03_01_14,2026_general_expenditure_03_02_03,general,特定地域型保育事業,特定地域型保育事業,381,104,201,matched,page_and_exact_name,not_available,,r8tousyoyosanallpage.pdf,"13 保育補助者雇上強化事業(特定地域型保育事業)(子ども・若者部) 23,190
充当事業:特定地域型保育事業・P381",target_page_account_and_exact_name_unique;page_offset=0,bpi_c3e09b21d66c0c25400cd650444267d7b9c41a6ce0b4edc5d4c60f63e57a1027,exact_group,exact,1
ral_2026_general_104_009,rd_2026_general_revenue_14_02_02_95_14_3665580000,2026_general_expenditure_03_02_03_01_03,2026_general_expenditure_03_02_03,general,私立保育園運営,私立保育園運営,381,104,201,matched,page_and_exact_name,not_available,,r8tousyoyosanallpage.pdf,"14 保育体制強化事業(私立保育園)(子ども・若者部) 7,016
充当事業:私立保育園運営・P381",target_page_account_and_exact_name_unique;page_offset=0,bpi_19bacff6a2545c8ca7b835bb3f9f0a08d490992ea139a5070f3506ef5067a441,exact_group,exact,1
ral_2026_general_104_010,rd_2026_general_revenue_14_02_02_95_15_3665580000,2026_general_expenditure_03_02_03_01_13,2026_general_expenditure_03_02_03,general,認定こども園運営,認定こども園運営,381,104,201,matched,page_and_exact_name,not_available,,r8tousyoyosanallpage.pdf,"15 保育体制強化事業(認定こども園)(子ども・若者部) 544
充当事業:認定こども園運営・P381",target_page_account_and_exact_name_unique;page_offset=0,bpi_85cf890e8ddb0fc6f130ed8798b6f4e11a89dbc34309b8558ae7a8731ac2ce01,exact_group,exact,1
ral_2026_general_104_011,rd_2026_general_revenue_14_02_02_95_22_3665580000,2026_general_expenditure_03_02_01_01_15,2026_general_expenditure_03_02_01,general,子育て支援事業,子育て支援事業,375,104,201,matched,page_and_exact_name,not_available,,r8tousyoyosanallpage.pdf,"22 保育所等の質の確保・向上のための巡回支援指導事業(子ども・若者部) 43,012
充当事業:子育て支援事業・P375",target_page_account_and_exact_name_unique;page_offset=0,bpi_a6c91eb078316228801c87fc17a7b9b81afb8df337bd6305cb7aa67e8d01ad75,exact_group,exact,1
ral_2026_general_104_012,rd_2026_general_revenue_14_02_02_95_26_4985400000,2026_general_expenditure_08_01_03_01_48,2026_general_expenditure_08_01_03,general,乳幼児期の教育・保育の推進,乳幼児期の教育・保育の推進,447,104,201,matched,page_and_exact_name,not_available,,r8tousyoyosanallpage.pdf,"26 保育所等の質の確保・向上のための巡回支援指導事業(教育委員会事務局) 4,488
充当事業:乳幼児期の教育・保育の推進・P447",target_page_account_and_exact_name_unique;page_offset=2,bpi_4a7f6d0cf4e72cb6e76efc289f1e312203860d74efc679cedab44f185dad4462,exact_group,exact,1
ral_2026_general_104_013,rd_2026_general_revenue_14_02_02_96_01_3665580000,2026_general_expenditure_03_02_01_01_15,2026_general_expenditure_03_02_01,general,子育て支援事業,子育て支援事業,375,104,201,matched,page_and_exact_name,not_available,,r8tousyoyosanallpage.pdf,"1 保育環境改善事業(子ども・若者部) 2,353
充当事業:子育て支援事業・P375",target_page_account_and_exact_name_unique;page_offset=0,bpi_a6c91eb078316228801c87fc17a7b9b81afb8df337bd6305cb7aa67e8d01ad75,exact_group,exact,1
ral_2026_general_104_014,rd_2026_general_revenue_14_02_02_98_03_3665500000,2026_general_expenditure_03_02_01_01_26,2026_general_expenditure_03_02_01,general,在宅子育て支援,在宅子育て支援,375,104,201,matched,page_and_exact_name,not_available,,r8tousyoyosanallpage.pdf,"3 バースデーサポート(子ども・若者部) 424,100
充当事業:在宅子育て支援・P375",target_page_account_and_exact_name_unique;page_offset=0,bpi_8a0f54d9e647e1a2b62e1075cb7040e5db102777c0d4afc9e87058e56ea4e4fb,exact_group,exact,1
ral_2026_general_104_015,rd_2026_general_revenue_14_02_02_98_04_3785200000,2026_general_expenditure_05_03_05_01_09,2026_general_expenditure_05_03_05,general,母子保健知識等の普及と啓発,母子保健知識等の普及と啓発,405,104,201,matched,page_and_exact_name,not_available,,r8tousyoyosanallpage.pdf,"4 育児パッケージ(世田谷保健所) 68,600
充当事業:母子保健知識等の普及と啓発・P405",target_page_account_and_exact_name_unique;page_offset=0,bpi_d61daf79353f3f19f6f1052baa04cb594662427887ed92f6af0f909f54216ea4,exact_group,exact,1
ral_2026_general_104_016,rd_2026_general_revenue_14_02_02_99_01_3645100000,2026_general_expenditure_03_01_01_03_40,2026_general_expenditure_03_01_01,general,地域密着型サービス拠点等整備助成,地域密着型サービス拠点等整備助成,357,104,201,matched,page_and_exact_name,not_available,,r8tousyoyosanallpage.pdf,"1 地域密着型サービス拠点の整備(高齢福祉部) 24,760
充当事業:地域密着型サービス拠点等整備助成・P357",target_page_account_and_exact_name_unique;page_offset=0,bpi_b94acf74559d3eaf6ff1635ce5c4d363ea8c0aad316945afcdb4ddb4baa53c47,exact_group,exact,1
ral_2026_general_105_001,rd_2026_general_revenue_14_02_02_99_02_3645100000,2026_general_expenditure_03_01_01_06_03,2026_general_expenditure_03_01_01,general,介護人材確保・定着支援事業,介護人材確保・定着支援事業,361,105,203,matched,page_and_exact_name,not_available,,r8tousyoyosanallpage.pdf,"2 介護人材確保・定着支援事業(高齢福祉部) 20,000
充当事業:介護人材確保・定着支援事業・P361",target_page_account_and_exact_name_unique;page_offset=4,bpi_dd2e219578a48dc2b911320bb3888286f25d642e91c7b505b6ce7ed5054a63c1,exact_group,exact,1
ral_2026_general_105_002,rd_2026_general_revenue_14_02_03_22_01_3555300000,2026_general_expenditure_04_03_03_01_09,2026_general_expenditure_04_03_03,general,資源分別回収事業,資源分別回収事業,395,105,203,matched,page_and_exact_name,not_available,,r8tousyoyosanallpage.pdf,"1 一般廃棄物の適正処理・資源利用における働き方改革事業(環境政策部) 30,000
充当事業:資源分別回収事業・P395",target_page_account_and_exact_name_unique;page_offset=0,bpi_6d9589f83a7741e1a146c5742f0e83592b24f7a4186514a309b7230fec444697,exact_group,exact,1
ral_2026_general_105_003,rd_2026_general_revenue_14_02_04_17_01_3785100000,2026_general_expenditure_05_03_03_01_03,2026_general_expenditure_05_03_03,general,骨粗しょう症検診,骨粗しょう症検診,403,105,203,matched,page_and_exact_name,not_available,,r8tousyoyosanallpage.pdf,"1 骨粗しょう症検診(世田谷保健所) 4,521
充当事業:骨粗しょう症検診・P403",target_page_account_and_exact_name_unique;page_offset=0,bpi_18a279335547211146a928856f260083af1c4595be51e7fdec6aafce7e93315b,exact_group,exact,1
ral_2026_general_105_004,rd_2026_general_revenue_14_02_04_17_02_3785200000,2026_general_expenditure_05_03_03_01_01,2026_general_expenditure_05_03_03,general,歯科保健対策,歯科保健対策,403,105,203,matched,page_and_exact_name,not_available,,r8tousyoyosanallpage.pdf,"2 歯周疾患健診(世田谷保健所) 16,536
充当事業:歯科保健対策・P403",target_page_account_and_exact_name_unique;page_offset=0,bpi_d7412756349e656a6a593b41892bb4b1d64c17bbfbe91588d4dcc5216e4a1373,exact_group,exact,1
ral_2026_general_105_005,rd_2026_general_revenue_14_02_04_17_03_3785100000,2026_general_expenditure_05_03_03_01_10,2026_general_expenditure_05_03_03,general,成人健康診査,成人健康診査,403,105,203,matched,page_and_exact_name,not_available,,r8tousyoyosanallpage.pdf,"3 成人健康診査(世田谷保健所) 11,493
充当事業:成人健康診査・P403",target_page_account_and_exact_name_unique;page_offset=0,bpi_1740f61c4451c951907f612ce4cefd8616ee0691bcd27086bd9f2ad842873241,exact_group,exact,1
ral_2026_general_105_006,rd_2026_general_revenue_14_02_04_18_03_3785100000,2026_general_expenditure_05_03_03_01_13,2026_general_expenditure_05_03_03,general,肝炎ウイルス検診,肝炎ウイルス検診,403,105,203,matched,page_and_exact_name,not_available,,r8tousyoyosanallpage.pdf,"3 肝炎ウイルス検診(世田谷保健所) 6,364
充当事業:肝炎ウイルス検診・P403",target_page_account_and_exact_name_unique;page_offset=0,bpi_7722f6501856688d644174fd4007827655881db29a6a95d8e53e40d18d212801,exact_group,exact,1
ral_2026_general_105_007,rd_2026_general_revenue_14_02_04_19_02_3785200000,2026_general_expenditure_05_03_05_01_19,2026_general_expenditure_05_03_05,general,妊産婦及び乳幼児健康診査,妊産婦及び乳幼児健康診査,405,105,203,matched,page_and_exact_name,not_available,,r8tousyoyosanallpage.pdf,"2 妊婦健康診査事業費(世田谷保健所) 89,501
充当事業:妊産婦及び乳幼児健康診査・P405",target_page_account_and_exact_name_unique;page_offset=0,bpi_f340c8d2add0c8aa5453fdc636d4baf00a4ce17827b8256ff3ba7d88891a0391,exact_group,exact,1
ral_2026_general_105_008,rd_2026_general_revenue_14_02_04_26_01_3785200000,2026_general_expenditure_05_02_01_02_02,2026_general_expenditure_05_02_01,general,精神保健福祉推進,精神保健福祉推進,401,105,203,matched,page_and_exact_name,not_available,,r8tousyoyosanallpage.pdf,"1 自殺対策強化事業(世田谷保健所) 5,768
充当事業:精神保健福祉推進・P401",target_page_account_and_exact_name_unique;page_offset=0,bpi_87967b38ace617e9bc2b3ba779f5f8111b9e4726003e1cdf0ad3f02f0a3af119,exact_group,exact,1
ral_2026_general_105_009,rd_2026_general_revenue_14_02_04_27_01_3595150000,2026_general_expenditure_05_01_01_01_01,2026_general_expenditure_05_01_01,general,地域医療整備,地域医療整備,397,105,203,matched,page_and_exact_name,not_available,,r8tousyoyosanallpage.pdf,"1 小児初期救急設備整備費(保健福祉政策部) 378
充当事業:地域医療整備・P397",target_page_account_and_exact_name_unique;page_offset=0,bpi_3b7d22dbc4d07fdc98173798a94a046177dd13dcc168fe5abb2b973460a62eb4,exact_group,exact,1
ral_2026_general_105_010,rd_2026_general_revenue_14_02_04_32_01_3785200000,2026_general_expenditure_05_03_03_01_01,2026_general_expenditure_05_03_03,general,歯科保健対策,歯科保健対策,403,105,203,matched,page_and_exact_name,not_available,,r8tousyoyosanallpage.pdf,"1 区民歯科相談(世田谷保健所) 1,289
充当事業:歯科保健対策・P403",target_page_account_and_exact_name_unique;page_offset=0,bpi_d7412756349e656a6a593b41892bb4b1d64c17bbfbe91588d4dcc5216e4a1373,exact_group,exact,1
ral_2026_general_105_011,rd_2026_general_revenue_14_02_04_39_02_3785250000,2026_general_expenditure_05_03_07_02_12,2026_general_expenditure_05_03_07,general,男性HPV予防接種助成,男性ＨＰＶ予防接種助成,407,105,203,matched,page_and_normalized_name,not_available,,r8tousyoyosanallpage.pdf,"2 HPVワクチン男性接種補助事業(世田谷保健所) 17,870
充当事業:男性HPV予防接種助成・P407",target_page_account_and_nfkc_name_unique;page_offset=0,bpi_ca7564853e7f3c034a9855cbc2eb53216b4a798500021431e0e1b1bbcfddef09,exact_group,exact,1
ral_2026_general_105_012,rd_2026_general_revenue_14_02_04_41_01_3785250000,2026_general_expenditure_05_03_07_02_03,2026_general_expenditure_05_03_07,general,子どもインフルエンザ予防接種助成,子どもインフルエンザ予防接種助成,407,105,203,matched,page_and_exact_name,not_available,,r8tousyoyosanallpage.pdf,"1 小児インフルエンザワクチン任意接種補助事業(世田谷保健所) 89,978
充当事業:子どもインフルエンザ予防接種助成・P407",target_page_account_and_exact_name_unique;page_offset=0,bpi_ad89754ffc3ce0f627bbb49195e0ef02db1d4078442edfb002ebbd73d2a67427,exact_group,exact,1
ral_2026_general_105_013,rd_2026_general_revenue_14_02_05_01_01_3525400000,2026_general_expenditure_06_02_01_01_01,2026_general_expenditure_06_02_01,general,農業委員会委員報酬,農業委員会委員報酬,415,105,203,matched,page_and_exact_name,not_available,,r8tousyoyosanallpage.pdf,"1 委員報酬(経済産業部) 1,135
充当事業:農業委員会委員報酬・P415",target_page_account_and_exact_name_unique;page_offset=0,bpi_754aea2fb9c5bedca128fe79cebf1f80e937f4a4e02dd2403c6b3b248ca90211,exact_group,exact,1
ral_2026_general_105_014,rd_2026_general_revenue_14_02_05_01_02_3525400000,2026_general_expenditure_06_02_01_02_01,2026_general_expenditure_06_02_01,general,農業委員会運営,農業委員会運営,415,105,203,matched,page_and_exact_name,not_available,,r8tousyoyosanallpage.pdf,"2 事務運営(経済産業部) 160
充当事業:農業委員会運営・P415",target_page_account_and_exact_name_unique;page_offset=0,bpi_d45b88b14d56708b593fab6935b48b3fc87d7d5b3b70b7b1097dd347a3ed32d9,exact_group,exact,1
ral_2026_general_106_001,rd_2026_general_revenue_14_02_05_05_11_3525100000,2026_general_expenditure_06_01_01_01_27,2026_general_expenditure_06_01_01,general,商業振興,商業振興,411,106,205,matched,page_and_exact_name,not_available,,r8tousyoyosanallpage.pdf,"11 商店街イベント支援事業(経済産業部) 125,472
充当事業:商業振興・P411",target_page_account_and_exact_name_unique;page_offset=0,bpi_502530c07547f97eb564c396fe264df9d820a9e2b7fd1a2034b456ef76f4559f,exact_group,exact,1
ral_2026_general_106_002,rd_2026_general_revenue_14_02_05_05_13_3525100000,2026_general_expenditure_06_01_01_01_27,2026_general_expenditure_06_01_01,general,商業振興,商業振興,411,106,205,matched,page_and_exact_name,not_available,,r8tousyoyosanallpage.pdf,"13 活力ある商店街育成事業(経済産業部) 18,219
充当事業:商業振興・P411",target_page_account_and_exact_name_unique;page_offset=0,bpi_502530c07547f97eb564c396fe264df9d820a9e2b7fd1a2034b456ef76f4559f,exact_group,exact,1
ral_2026_general_106_003,rd_2026_general_revenue_14_02_05_10_01_3525350000,2026_general_expenditure_06_01_01_02_04,2026_general_expenditure_06_01_01,general,シルバー人材センター育成,シルバー人材センター育成,413,106,205,matched,page_and_exact_name,not_available,,r8tousyoyosanallpage.pdf,"1 シルバー人材センター(経済産業部) 14,995
充当事業:シルバー人材センター育成・P413",target_page_account_and_exact_name_unique;page_offset=2,bpi_65adb67dc3f671073ddd64e2b93a0220342cf50af70f48bb4a10930d6ad87ec2,exact_group,exact,1
ral_2026_general_106_004,rd_2026_general_revenue_14_02_05_18_01_3785200000,2026_general_expenditure_05_03_04_01_09,2026_general_expenditure_05_03_04,general,食育の推進,食育の推進,405,106,205,matched,page_and_exact_name,not_available,,r8tousyoyosanallpage.pdf,"1 食育推進事業費(世田谷保健所) 980
充当事業:食育の推進・P405",target_page_account_and_exact_name_unique;page_offset=0,bpi_538f5507d52dd1d6915242999e4534e81fc195f2daeb8091d189b593c5f5cf6a,exact_group,exact,1
ral_2026_general_106_005,rd_2026_general_revenue_14_02_05_21_01_3525350000,2026_general_expenditure_06_01_01_01_44,2026_general_expenditure_06_01_01,general,工業・ものづくりの振興,工業・ものづくりの振興,411,106,205,matched,page_and_exact_name,not_available,,r8tousyoyosanallpage.pdf,"1 都内ものづくり企業立地継続支援事業(経済産業部) 2,500
充当事業:工業・ものづくりの振興・P411",target_page_account_and_exact_name_unique;page_offset=0,bpi_4da5f16ea682fd0eabe62a32f3c7270f9a3103c11866dca0395cb8fdd4e8b2bb,exact_group,exact,1
ral_2026_general_106_006,rd_2026_general_revenue_14_02_05_26_01_3525400000,2026_general_expenditure_06_02_02_01_04,2026_general_expenditure_06_02_02,general,農業経営安定化,農業経営安定化,415,106,205,matched,page_and_exact_name,not_available,,r8tousyoyosanallpage.pdf,"1 農作物獣害防止対策事業(経済産業部) 594
充当事業:農業経営安定化・P415",target_page_account_and_exact_name_unique;page_offset=0,bpi_78e53185e5e2e9d9df7412ed39adc54c705c94b6d3f32faf403fa146a76367a0,exact_group,exact,1
ral_2026_general_106_007,rd_2026_general_revenue_14_02_05_27_02_3835300000,2026_general_expenditure_07_04_02_01_27,2026_general_expenditure_07_04_02,general,公園新設,公園新設,433,106,205,matched,page_and_exact_name,not_available,,r8tousyoyosanallpage.pdf,"2 農業公園整備事業(みどり33推進担当部) 8,147
充当事業:公園新設・P433",target_page_account_and_exact_name_unique;page_offset=0,bpi_91675a8aa0cff4b45d59f28cb96d43ead49684d25d0e1b8ff3933891522c6979,exact_group,exact,1
ral_2026_general_106_008,rd_2026_general_revenue_14_02_05_34_01_3525100000,2026_general_expenditure_06_01_01_01_27,2026_general_expenditure_06_01_01,general,商業振興,商業振興,411,106,205,matched,page_and_exact_name,not_available,,r8tousyoyosanallpage.pdf,"1 未来を創る商店街支援事業(経済産業部) 3,000
充当事業:商業振興・P411",target_page_account_and_exact_name_unique;page_offset=0,bpi_502530c07547f97eb564c396fe264df9d820a9e2b7fd1a2034b456ef76f4559f,exact_group,exact,1
ral_2026_general_106_009,rd_2026_general_revenue_14_02_05_36_01_3525400000,2026_general_expenditure_06_02_02_01_10,2026_general_expenditure_06_02_02,general,区民農園維持運営,区民農園維持運営,415,106,205,matched,page_and_exact_name,not_available,,r8tousyoyosanallpage.pdf,"1 区民農園維持運営(経済産業部) 26,141
充当事業:区民農園維持運営・P415",target_page_account_and_exact_name_unique;page_offset=0,bpi_c5c11e0d18b6a537a9faeac27417d2e2ec36dccf5bea4d128b598d4050120da6,exact_group,exact,1
ral_2026_general_106_010,rd_2026_general_revenue_14_02_05_36_02_3525400000,2026_general_expenditure_06_02_02_01_02,2026_general_expenditure_06_02_02,general,農地の保全,農地の保全,415,106,205,matched,page_and_exact_name,not_available,,r8tousyoyosanallpage.pdf,"2 農地の保全(経済産業部) 8,180
充当事業:農地の保全・P415",target_page_account_and_exact_name_unique;page_offset=0,bpi_43ed92ba01b75a5e07351341e4a808aae9a6229951f46622b2116656bb3f2fd5,exact_group,exact,1
ral_2026_general_106_011,rd_2026_general_revenue_14_02_05_39_01_3525100000,2026_general_expenditure_06_01_01_01_27,2026_general_expenditure_06_01_01,general,商業振興,商業振興,411,106,205,matched,page_and_exact_name,not_available,,r8tousyoyosanallpage.pdf,"1 せたがやPay機能拡充事業(経済産業部) 4,000
充当事業:商業振興・P411",target_page_account_and_exact_name_unique;page_offset=0,bpi_502530c07547f97eb564c396fe264df9d820a9e2b7fd1a2034b456ef76f4559f,exact_group,exact,1
ral_2026_general_106_012,rd_2026_general_revenue_14_02_05_39_02_3525100000,2026_general_expenditure_06_01_01_01_54,2026_general_expenditure_06_01_01,general,商業支援,商業支援,413,106,205,matched,page_and_exact_name,not_available,,r8tousyoyosanallpage.pdf,"2 エリアリノベーション事業等(経済産業部) 6,363
充当事業:商業支援・P413",target_page_account_and_exact_name_unique;page_offset=2,bpi_4eb6df1c8e99b6e862dc18c6659c1c24a71574465b97ebfbfe47633f5b571ee5,exact_group,exact,1
ral_2026_general_106_013,rd_2026_general_revenue_14_02_05_39_03_3525210000,2026_general_expenditure_06_01_01_01_30,2026_general_expenditure_06_01_01,general,産業計画の推進,産業計画の推進,411,106,205,matched,page_and_exact_name,not_available,,r8tousyoyosanallpage.pdf,"3 事業承継プラットフォーム(経済産業部) 2,854
充当事業:産業計画の推進・P411",target_page_account_and_exact_name_unique;page_offset=0,bpi_26b6f99cc3a95b5dd1123297a4a618269f266d85913fd702276f0ef1b28b81c6,exact_group,exact,1
ral_2026_general_106_014,rd_2026_general_revenue_14_02_05_39_04_3525210000,2026_general_expenditure_06_01_01_01_55,2026_general_expenditure_06_01_01,general,産業創造プラットフォーム,産業創造プラットフォーム,413,106,205,matched,page_and_exact_name,not_available,,r8tousyoyosanallpage.pdf,"4 せたがや産業創造プラットフォーム(経済産業部) 14,712
充当事業:産業創造プラットフォーム・P413",target_page_account_and_exact_name_unique;page_offset=2,bpi_d18bcb44c4c2d1346a45eaef3afa0773551efd3760118fc7ae036e88aea73941,exact_group,exact,1
ral_2026_general_106_015,rd_2026_general_revenue_14_02_05_39_05_3525210000,2026_general_expenditure_06_01_01_01_57,2026_general_expenditure_06_01_01,general,地域産業支援,地域産業支援,413,106,205,matched,page_and_exact_name,not_available,,r8tousyoyosanallpage.pdf,"5 中小事業者経営支援事業(経済産業部) 38,792
充当事業:地域産業支援・P413",target_page_account_and_exact_name_unique;page_offset=2,bpi_a42aa618cca3d3d203fd2b3c7dd68125658e1748768344405bae7830df482c21,exact_group,exact,1
ral_2026_general_106_016,rd_2026_general_revenue_14_02_05_39_06_3525210000,2026_general_expenditure_06_01_01_01_58,2026_general_expenditure_06_01_01,general,地域経済活動の促進,地域経済活動の促進,413,106,205,matched,page_and_exact_name,not_available,,r8tousyoyosanallpage.pdf,"6 ソーシャルビジネス促進事業(経済産業部) 3,824
充当事業:地域経済活動の促進・P413",target_page_account_and_exact_name_unique;page_offset=2,bpi_f2e6edfde90fc71a0173dd42d6bd2c79fa52828302dce480c7ac0de4eaf14813,exact_group,exact,1
ral_2026_general_107_001,rd_2026_general_revenue_14_02_05_39_07_3525210000,2026_general_expenditure_06_01_01_01_56,2026_general_expenditure_06_01_01,general,産業活性化拠点事業,産業活性化拠点事業,413,107,207,matched,page_and_exact_name,not_available,,r8tousyoyosanallpage.pdf,"7 中小企業等ハンズオン支援事業(経済産業部) 38,362
充当事業:産業活性化拠点事業・P413",target_page_account_and_exact_name_unique;page_offset=2,bpi_e95fa0cc42a8423fbc88eb6539c3f2d98b2c44d2b8bc5056b7b70088822f4862,exact_group,exact,1
ral_2026_general_107_002,rd_2026_general_revenue_14_02_05_40_01_3595110000,2026_general_expenditure_03_01_01_06_13,2026_general_expenditure_03_01_01,general,保健福祉政策部運営事業,保健福祉政策部運営事業,361,107,207,matched,page_and_exact_name,not_available,,r8tousyoyosanallpage.pdf,"1 福祉人材確保対策事業(保健福祉政策部) 4,193
充当事業:保健福祉政策部運営事業・P361",target_page_account_and_exact_name_unique;page_offset=4,bpi_ce206546ffe54b616fcf76bef029d2fe7a391b692116062b14f73be8c077b8a5,exact_group,exact,1
ral_2026_general_107_003,rd_2026_general_revenue_14_02_05_40_02_3525350000,2026_general_expenditure_06_01_01_02_20,2026_general_expenditure_06_01_01,general,区内企業就業マッチングの推進,区内企業就業マッチングの推進,413,107,207,matched,page_and_exact_name,not_available,,r8tousyoyosanallpage.pdf,"2 地域人材確保総合支援事業(経済産業部) 41,559
充当事業:区内企業就業マッチングの推進・P413",target_page_account_and_exact_name_unique;page_offset=2,bpi_5ae4fd98dd51318ae281d08d4b1d12ca99a00a1d7b5c02a041394ead2623f3ef,exact_group,exact,1
ral_2026_general_107_004,rd_2026_general_revenue_14_02_05_41_01_3525100000,2026_general_expenditure_06_01_01_01_27,2026_general_expenditure_06_01_01,general,商業振興,商業振興,411,107,207,matched,page_and_exact_name,not_available,,r8tousyoyosanallpage.pdf,"1 未来商店街活力向上支援事業(経済産業部) 7,000
充当事業:商業振興・P411",target_page_account_and_exact_name_unique;page_offset=0,bpi_502530c07547f97eb564c396fe264df9d820a9e2b7fd1a2034b456ef76f4559f,exact_group,exact,1
ral_2026_general_107_005,rd_2026_general_revenue_14_02_06_01_01_3865300000,2026_general_expenditure_07_02_03_02_12,2026_general_expenditure_07_02_03,general,都市計画道路用地取得,都市計画道路用地取得,425,107,207,matched,page_and_exact_name,not_available,,r8tousyoyosanallpage.pdf,"1 道路用地(道路・交通計画部) 369,996
充当事業:都市計画道路用地取得・P425",target_page_account_and_exact_name_unique;page_offset=2,bpi_da0c09cdd21487a1853b8b2fa9d3d0da1a9ea4de8dda926fdca00e3d48877058,exact_group,exact,1
ral_2026_general_107_006,rd_2026_general_revenue_14_02_06_01_02_3835400000,2026_general_expenditure_07_04_02_01_28,2026_general_expenditure_07_04_02,general,公園用地買収,公園用地買収,433,107,207,matched,page_and_exact_name,not_available,,r8tousyoyosanallpage.pdf,"2 公園用地(みどり33推進担当部) 561,835
充当事業:公園用地買収・P433",target_page_account_and_exact_name_unique;page_offset=0,bpi_ce720411b75ae5899b46cd419717f8bde68af21c822bb2d7f2e57f1093a940af,exact_group,exact,1
ral_2026_general_107_007,rd_2026_general_revenue_14_02_06_01_03_3865500000,2026_general_expenditure_07_06_01_01_14,2026_general_expenditure_07_06_01,general,鉄道と道路の立体化の促進,鉄道と道路の立体化の促進,439,107,207,matched,page_and_exact_name,not_available,,r8tousyoyosanallpage.pdf,"3 連続立体交差化事業(道路・交通計画部) 404,765
充当事業:鉄道と道路の立体化の促進・P439",target_page_account_and_exact_name_unique;page_offset=0,bpi_3d2825748de24b03698a7e586c0ef3a2ee31d5eb4c7cdc12f81573020c30912a,exact_group,exact,1
ral_2026_general_107_008,rd_2026_general_revenue_14_02_06_01_05_3835300000,2026_general_expenditure_07_04_02_01_27,2026_general_expenditure_07_04_02,general,公園新設,公園新設,433,107,207,matched,page_and_exact_name,not_available,,r8tousyoyosanallpage.pdf,"5 公園整備(みどり33推進担当部) 27,215
充当事業:公園新設・P433",target_page_account_and_exact_name_unique;page_offset=0,bpi_91675a8aa0cff4b45d59f28cb96d43ead49684d25d0e1b8ff3933891522c6979,exact_group,exact,1
ral_2026_general_107_009,rd_2026_general_revenue_14_02_06_01_44_3865500000,2026_general_expenditure_07_06_01_01_45,2026_general_expenditure_07_06_01,general,鉄道沿線街づくりの推進,鉄道沿線街づくりの推進,441,107,207,matched,page_and_exact_name,not_available,,r8tousyoyosanallpage.pdf,"44 京王街づくり側道(道路・交通計画部) 75,266
充当事業:鉄道沿線街づくりの推進・P441",target_page_account_and_exact_name_unique;page_offset=2,bpi_33820c3319526f27878a421702de7af80de28aa9bd14c9723bb956b2ee49e8f7,exact_group,exact,1
ral_2026_general_107_010,rd_2026_general_revenue_14_02_06_01_47_3895300000,2026_general_expenditure_07_02_03_01_80,2026_general_expenditure_07_02_03,general,主要な生活道路築造(世田谷・北沢・烏山),主要な生活道路築造（世田谷・北沢・烏山）,423,107,207,matched,page_and_normalized_name,not_available,,r8tousyoyosanallpage.pdf,"47 道路整備(世田谷・北沢・烏山)(土木部) 14,032
充当事業:主要な生活道路築造(世田谷・北沢・烏山)・P423",target_page_account_and_nfkc_name_unique;page_offset=0,bpi_5d979750c9a31c1b7f2719a9d9a0af53ac53932dc34f092513de3a50466aa13f,exact_group,exact,1
ral_2026_general_107_011,rd_2026_general_revenue_14_02_06_01_48_3895400000,2026_general_expenditure_07_02_03_01_81,2026_general_expenditure_07_02_03,general,主要な生活道路築造(玉川・砧),主要な生活道路築造（玉川・砧）,423,107,207,matched,page_and_normalized_name,not_available,,r8tousyoyosanallpage.pdf,"48 道路整備(玉川・砧)(土木部) 18,443
充当事業:主要な生活道路築造(玉川・砧)・P423",target_page_account_and_nfkc_name_unique;page_offset=0,bpi_022e5b776485241851493f7cbdf98f2e1e033391b60e6f99e58cac69531f56c4,exact_group,exact,1
ral_2026_general_107_012,rd_2026_general_revenue_14_02_06_01_50_3895400000,2026_general_expenditure_07_02_10_01_08,2026_general_expenditure_07_02_10,general,橋梁新設改良,橋梁新設改良,427,107,207,matched,page_and_exact_name,not_available,,r8tousyoyosanallpage.pdf,"50 橋梁新設改良(土木部) 270,350
充当事業:橋梁新設改良・P427",target_page_account_and_exact_name_unique;page_offset=0,bpi_0b34804cb6dd88c7920baaf921e92f253b3a051a0b6754d3f685bdb48a21ca2f,exact_group,exact,1
ral_2026_general_107_013,rd_2026_general_revenue_14_02_06_01_51_3835300000,2026_general_expenditure_07_04_02_01_30,2026_general_expenditure_07_04_02,general,大規模公園改修,大規模公園改修,433,107,207,matched,page_and_exact_name,not_available,,r8tousyoyosanallpage.pdf,"51 大規模公園改修(みどり33推進担当部) 153,540
充当事業:大規模公園改修・P433",target_page_account_and_exact_name_unique;page_offset=0,bpi_2073b54f96f42cdf315b2f6d36636067341f2105e1ba4f089a77c0e667da4bdf,exact_group,exact,1
ral_2026_general_107_014,rd_2026_general_revenue_14_02_06_01_64_3895400000,2026_general_expenditure_07_02_03_01_91,2026_general_expenditure_07_02_03,general,無電柱化整備(玉川・砧),無電柱化整備（玉川・砧）,423,107,207,matched,page_and_normalized_name,not_available,,r8tousyoyosanallpage.pdf,"64 無電柱化整備(玉川・砧)(土木部) 9,263
充当事業:無電柱化整備(玉川・砧)・P423",target_page_account_and_nfkc_name_unique;page_offset=0,bpi_33a533060af44094dd3835ef47a581f429ddc4b517e94bd1fa0946d9fd0652df,exact_group,exact,1
ral_2026_general_107_015,rd_2026_general_revenue_14_02_06_01_66_3445600000,2026_general_expenditure_02_03_14_01_23,2026_general_expenditure_02_03_14,general,スポーツ施設整備事務,スポーツ施設整備事務,343,107,207,matched,page_and_exact_name,not_available,,r8tousyoyosanallpage.pdf,"66 上用賀公園拡張整備(スポーツ推進部) 39,457
充当事業:スポーツ施設整備事務・P343",target_page_account_and_exact_name_unique;page_offset=2,bpi_5df445261b4cc1e1c8aa6ddbc183b2c8bb5393c9ce3466b8b179570fee65631b,exact_group,exact,1
ral_2026_general_107_016,rd_2026_general_revenue_14_02_06_01_68_3865300000,2026_general_expenditure_07_02_03_02_14,2026_general_expenditure_07_02_03,general,都市計画道路(拠点整備・下北沢),都市計画道路（拠点整備・下北沢）,425,107,207,matched,page_and_normalized_name,not_available,,r8tousyoyosanallpage.pdf,"68 道路用地(道路・交通計画部) 10,483
充当事業:都市計画道路(拠点整備・下北沢)・P425",target_page_account_and_nfkc_name_unique;page_offset=2,bpi_f89f952c353b22920d10cdb0f925659aa9f7fbbdfe798f682dcccae1e5c0fc45,exact_group,exact,1
ral_2026_general_107_017,rd_2026_general_revenue_14_02_06_11_26_3825100000,2026_general_expenditure_07_06_02_01_26,2026_general_expenditure_07_06_02,general,木造住宅密集地域の解消,木造住宅密集地域の解消,441,107,207,matched,page_and_exact_name,not_available,,r8tousyoyosanallpage.pdf,"26 木造住宅密集地域の解消(木密)(防災街づくり担当部) 32,014
充当事業:木造住宅密集地域の解消・P441",target_page_account_and_exact_name_unique;page_offset=0,bpi_74744aaec8ecd00ae341f3fe886619dafc6ec6997f2c75f9e3fde2dbb6a5a5ac,exact_group,exact,1
ral_2026_general_107_018,rd_2026_general_revenue_14_02_06_11_32_3825100000,2026_general_expenditure_07_06_02_01_11,2026_general_expenditure_07_06_02,general,祖師ヶ谷大蔵駅周辺地区街づくりの推進,祖師ヶ谷大蔵駅周辺地区街づくりの推進,441,107,207,matched,page_and_exact_name,not_available,,r8tousyoyosanallpage.pdf,"32 祖師ヶ谷大蔵駅周辺地区街づくりの推進(防災街づくり担当部) 2,182
充当事業:祖師ヶ谷大蔵駅周辺地区街づくりの推進・P441",target_page_account_and_exact_name_unique;page_offset=0,bpi_7d1d3c60785990227e260d4852f2aa688d07f052c0f8bb03f0466ffdaa700960,exact_group,exact,1
ral_2026_general_107_019,rd_2026_general_revenue_14_02_06_14_01_3815100000,2026_general_expenditure_07_06_01_01_51,2026_general_expenditure_07_06_01,general,都市整備政策部庶務事務,都市整備政策部庶務事務,441,107,207,matched,page_and_exact_name,not_available,,r8tousyoyosanallpage.pdf,"1 国土利用計画(都市整備政策部) 86
充当事業:都市整備政策部庶務事務・P441",target_page_account_and_exact_name_unique;page_offset=2,bpi_5258bdac0d9535af48141fcb9a467d0ffb837d39f203927d86e1f0150e8fffdf,exact_group,exact,1
ral_2026_general_108_001,rd_2026_general_revenue_14_02_06_23_02_3815450000,2026_general_expenditure_07_05_02_01_02,2026_general_expenditure_07_05_02,general,公的住宅維持運営,公的住宅維持運営,437,108,209,matched,page_and_exact_name,not_available,,r8tousyoyosanallpage.pdf,"2 公営住宅(都市整備政策部) 18,401
充当事業:公的住宅維持運営・P437",target_page_account_and_exact_name_unique;page_offset=0,bpi_5d66f5466a45f6791ec2938deb5f1c73b83cd35406ec9403aec973949ca88f7b,exact_group,exact,1
ral_2026_general_108_002,rd_2026_general_revenue_14_02_06_37_01_3825100000,2026_general_expenditure_07_05_01_01_04,2026_general_expenditure_07_05_01,general,建築物耐震診断・補強工事,建築物耐震診断・補強工事,435,108,209,matched,page_and_exact_name,not_available,,r8tousyoyosanallpage.pdf,"1 緊急輸送道路沿道建築物耐震化促進事業費(防災街づくり担当部) 37,981
充当事業:建築物耐震診断・補強工事・P435",target_page_account_and_exact_name_unique;page_offset=0,bpi_ceba32d2896c0b79cc87f23b0b11c83443b5564545d248c2c8bf8365882710b7,exact_group,exact,1
ral_2026_general_108_003,rd_2026_general_revenue_14_02_06_39_01_3825100000,2026_general_expenditure_07_05_01_01_04,2026_general_expenditure_07_05_01,general,建築物耐震診断・補強工事,建築物耐震診断・補強工事,435,108,209,matched,page_and_exact_name,not_available,,r8tousyoyosanallpage.pdf,"1 建築物耐震診断・補強工事(防災街づくり担当部) 5,386
充当事業:建築物耐震診断・補強工事・P435",target_page_account_and_exact_name_unique;page_offset=0,bpi_ceba32d2896c0b79cc87f23b0b11c83443b5564545d248c2c8bf8365882710b7,exact_group,exact,1
ral_2026_general_108_004,rd_2026_general_revenue_14_02_06_41_06_3895300000,2026_general_expenditure_07_02_03_01_90,2026_general_expenditure_07_02_03,general,無電柱化整備(世田谷・北沢・烏山),無電柱化整備（世田谷・北沢・烏山）,423,108,209,matched,page_and_normalized_name,not_available,,r8tousyoyosanallpage.pdf,"6 無電柱化整備(世田谷・北沢・烏山)(土木部) 3,000
充当事業:無電柱化整備(世田谷・北沢・烏山)・P423",target_page_account_and_nfkc_name_unique;page_offset=0,bpi_422a5e9d6be8685cbe000c7f54e68ad1fd5345629be1ca6050bfa0faa0c70e83,exact_group,exact,1
ral_2026_general_108_005,rd_2026_general_revenue_14_02_06_41_07_3895400000,2026_general_expenditure_07_02_03_01_91,2026_general_expenditure_07_02_03,general,無電柱化整備(玉川・砧),無電柱化整備（玉川・砧）,423,108,209,matched,page_and_normalized_name,not_available,,r8tousyoyosanallpage.pdf,"7 無電柱化整備(玉川・砧)(土木部) 5,400
充当事業:無電柱化整備(玉川・砧)・P423",target_page_account_and_nfkc_name_unique;page_offset=0,bpi_33a533060af44094dd3835ef47a581f429ddc4b517e94bd1fa0946d9fd0652df,exact_group,exact,1
ral_2026_general_108_006,rd_2026_general_revenue_14_02_06_45_01_3825100000,2026_general_expenditure_07_06_02_01_26,2026_general_expenditure_07_06_02,general,木造住宅密集地域の解消,木造住宅密集地域の解消,441,108,209,matched,page_and_exact_name,not_available,,r8tousyoyosanallpage.pdf,"1 木造住宅密集地域の解消(不燃化特区)(防災街づくり担当部) 130,360
充当事業:木造住宅密集地域の解消・P441",target_page_account_and_exact_name_unique;page_offset=0,bpi_74744aaec8ecd00ae341f3fe886619dafc6ec6997f2c75f9e3fde2dbb6a5a5ac,exact_group,exact,1
ral_2026_general_108_007,rd_2026_general_revenue_14_02_06_48_01_3825100000,2026_general_expenditure_07_05_01_01_04,2026_general_expenditure_07_05_01,general,建築物耐震診断・補強工事,建築物耐震診断・補強工事,435,108,209,matched,page_and_exact_name,not_available,,r8tousyoyosanallpage.pdf,"1 マンション耐震化促進事業(防災街づくり担当部) 28,012
充当事業:建築物耐震診断・補強工事・P435",target_page_account_and_exact_name_unique;page_offset=0,bpi_ceba32d2896c0b79cc87f23b0b11c83443b5564545d248c2c8bf8365882710b7,exact_group,exact,1
ral_2026_general_108_008,rd_2026_general_revenue_14_02_06_52_06_3815500000,2026_general_expenditure_07_05_02_01_08,2026_general_expenditure_07_05_02,general,住宅施策の計画,住宅施策の計画,437,108,209,matched,page_and_exact_name,not_available,,r8tousyoyosanallpage.pdf,"6 空き家相談体制整備(都市整備政策部) 3,637
充当事業:住宅施策の計画・P437",target_page_account_and_exact_name_unique;page_offset=0,bpi_bb3b1e9faf4a31f3bfb37015384a13292bdea13fe2e7308ee9f0a893d6ed396d,exact_group,exact,1
ral_2026_general_108_009,rd_2026_general_revenue_14_02_06_52_08_3825150000,2026_general_expenditure_07_05_01_01_14,2026_general_expenditure_07_05_01,general,空家等対策事業運営,空家等対策事業運営,435,108,209,matched,page_and_exact_name,not_available,,r8tousyoyosanallpage.pdf,"8 空き家対策基本型事業(防災街づくり担当部) 10,972
充当事業:空家等対策事業運営・P435",target_page_account_and_exact_name_unique;page_offset=0,bpi_3e01729c012cd24c22b7010b25ac12d30196a2c93bd52d694c4cd6ec25c67f64,exact_group,exact,1
ral_2026_general_108_010,rd_2026_general_revenue_14_02_06_52_09_3815500000,2026_general_expenditure_07_05_02_01_08,2026_general_expenditure_07_05_02,general,住宅施策の計画,住宅施策の計画,437,108,209,matched,page_and_exact_name,not_available,,r8tousyoyosanallpage.pdf,"9 空き家地域活性化施設改修(都市整備政策部) 1,500
充当事業:住宅施策の計画・P437",target_page_account_and_exact_name_unique;page_offset=0,bpi_bb3b1e9faf4a31f3bfb37015384a13292bdea13fe2e7308ee9f0a893d6ed396d,exact_group,exact,1
ral_2026_general_108_011,rd_2026_general_revenue_14_02_06_57_01_3825100000,2026_general_expenditure_07_06_02_01_26,2026_general_expenditure_07_06_02,general,木造住宅密集地域の解消,木造住宅密集地域の解消,441,108,209,matched,page_and_exact_name,not_available,,r8tousyoyosanallpage.pdf,"1 木造住宅密集地域の解消(地区防災不燃化促進)(防災街づくり担当部) 2,749
充当事業:木造住宅密集地域の解消・P441",target_page_account_and_exact_name_unique;page_offset=0,bpi_74744aaec8ecd00ae341f3fe886619dafc6ec6997f2c75f9e3fde2dbb6a5a5ac,exact_group,exact,1
ral_2026_general_108_012,rd_2026_general_revenue_14_02_06_58_01_3815500000,2026_general_expenditure_07_05_02_01_09,2026_general_expenditure_07_05_02,general,民間住宅管理保全等の支援,民間住宅管理保全等の支援,437,108,209,matched,page_and_exact_name,not_available,,r8tousyoyosanallpage.pdf,"1 住宅セーフティネット制度活用助成事業(都市整備政策部) 3,720
充当事業:民間住宅管理保全等の支援・P437",target_page_account_and_exact_name_unique;page_offset=0,bpi_60b63f547be574fa912e3f05a1210bd024816b31d43c88ce3bbedea76478c9f9,exact_group,exact,1
ral_2026_general_108_013,rd_2026_general_revenue_14_02_06_61_01_3835400000,2026_general_expenditure_07_04_02_01_28,2026_general_expenditure_07_04_02,general,公園用地買収,公園用地買収,433,108,209,matched,page_and_exact_name,not_available,,r8tousyoyosanallpage.pdf,"1 都市計画公園・緑地整備(みどり33推進担当部) 135,557
充当事業:公園用地買収・P433",target_page_account_and_exact_name_unique;page_offset=0,bpi_ce720411b75ae5899b46cd419717f8bde68af21c822bb2d7f2e57f1093a940af,exact_group,exact,1
ral_2026_general_108_014,rd_2026_general_revenue_14_02_06_62_02_3825100000,2026_general_expenditure_07_05_01_01_04,2026_general_expenditure_07_05_01,general,建築物耐震診断・補強工事,建築物耐震診断・補強工事,435,108,209,matched,page_and_exact_name,not_available,,r8tousyoyosanallpage.pdf,"2 ブロック塀等安全対策促進事業(防災街づくり担当部) 1,062
充当事業:建築物耐震診断・補強工事・P435",target_page_account_and_exact_name_unique;page_offset=0,bpi_ceba32d2896c0b79cc87f23b0b11c83443b5564545d248c2c8bf8365882710b7,exact_group,exact,1
ral_2026_general_109_001,rd_2026_general_revenue_14_02_06_65_01_3825100000,2026_general_expenditure_07_05_01_01_04,2026_general_expenditure_07_05_01,general,建築物耐震診断・補強工事,建築物耐震診断・補強工事,435,109,211,matched,page_and_exact_name,not_available,,r8tousyoyosanallpage.pdf,"1 戸建住宅等耐震化促進事業(防災街づくり担当部) 42,684
充当事業:建築物耐震診断・補強工事・P435",target_page_account_and_exact_name_unique;page_offset=0,bpi_ceba32d2896c0b79cc87f23b0b11c83443b5564545d248c2c8bf8365882710b7,exact_group,exact,1
ral_2026_general_109_002,rd_2026_general_revenue_14_02_06_66_01_3865500000,2026_general_expenditure_07_06_01_01_29,2026_general_expenditure_07_06_01,general,交通バリアフリーの推進,交通バリアフリーの推進,439,109,211,matched,page_and_exact_name,not_available,,r8tousyoyosanallpage.pdf,"1 持続可能な地域公共交通実現に向けた事業費補助金(道路・交通計画部) 5,232
充当事業:交通バリアフリーの推進・P439",target_page_account_and_exact_name_unique;page_offset=0,bpi_4b5267edc396f75923bbdebb8a9f5293895b0a701e1751fe93da5314443bffe1,exact_group,exact,1
ral_2026_general_109_003,rd_2026_general_revenue_14_02_06_70_01_3825110000,2026_general_expenditure_07_05_01_01_16,2026_general_expenditure_07_05_01,general,民間建築敷地の安全促進,民間建築敷地の安全促進,435,109,211,matched,page_and_exact_name,not_available,,r8tousyoyosanallpage.pdf,"1 住宅・建築物土砂災害対策改修事業(防災街づくり担当部) 193
充当事業:民間建築敷地の安全促進・P435",target_page_account_and_exact_name_unique;page_offset=0,bpi_5d37f920909a0bc14c35642ba9088fb14ad8d5accc3e9d4f933e70c2a6894b27,exact_group,exact,1
ral_2026_general_109_004,rd_2026_general_revenue_14_02_06_71_01_3895170000,2026_general_expenditure_07_02_03_01_75,2026_general_expenditure_07_02_03,general,都市型水害対策の推進,都市型水害対策の推進,423,109,211,matched,page_and_exact_name,not_available,,r8tousyoyosanallpage.pdf,"1 雨水流出抑制施設設置事業(土木部) 2,347
充当事業:都市型水害対策の推進・P423",target_page_account_and_exact_name_unique;page_offset=0,bpi_d2d24c4997f17041d2c4e6f979b72e3b2a86200c1d111988d353a257c87bfd1c,exact_group,exact,1
ral_2026_general_109_005,rd_2026_general_revenue_14_02_06_71_02_3895170000,2026_general_expenditure_07_02_03_01_75,2026_general_expenditure_07_02_03,general,都市型水害対策の推進,都市型水害対策の推進,423,109,211,matched,page_and_exact_name,not_available,,r8tousyoyosanallpage.pdf,"2 雨水流出抑制気運醸成事業(土木部) 1,463
充当事業:都市型水害対策の推進・P423",target_page_account_and_exact_name_unique;page_offset=0,bpi_d2d24c4997f17041d2c4e6f979b72e3b2a86200c1d111988d353a257c87bfd1c,exact_group,exact,1
ral_2026_general_109_006,rd_2026_general_revenue_14_02_06_71_03_4960160000,2026_general_expenditure_08_02_10_01_01,2026_general_expenditure_08_02_10,general,小学校改築工事,小学校改築工事,451,109,211,matched,page_and_exact_name,not_available,,r8tousyoyosanallpage.pdf,"3 雨水流出抑制施設設置事業(小学校)(教育委員会事務局) 16,118
充当事業:小学校改築工事・P451",target_page_account_and_exact_name_unique;page_offset=0,bpi_e01048bab09dca8ac69b46b753ca6831831da04e8d8641dc54d8dc6e4f5f505a,exact_group,exact,1
ral_2026_general_109_007,rd_2026_general_revenue_14_02_06_71_04_3895170000,2026_general_expenditure_07_02_03_01_75,2026_general_expenditure_07_02_03,general,都市型水害対策の推進,都市型水害対策の推進,423,109,211,matched,page_and_exact_name,not_available,,r8tousyoyosanallpage.pdf,"4 雨水流出抑制先進的取組事業(土木部) 10,000
充当事業:都市型水害対策の推進・P423",target_page_account_and_exact_name_unique;page_offset=0,bpi_d2d24c4997f17041d2c4e6f979b72e3b2a86200c1d111988d353a257c87bfd1c,exact_group,exact,1
ral_2026_general_109_008,rd_2026_general_revenue_14_02_06_71_05_3895170000,2026_general_expenditure_07_02_03_01_75,2026_general_expenditure_07_02_03,general,都市型水害対策の推進,都市型水害対策の推進,423,109,211,matched,page_and_exact_name,not_available,,r8tousyoyosanallpage.pdf,"5 止水板設置事業(土木部) 11,313
充当事業:都市型水害対策の推進・P423",target_page_account_and_exact_name_unique;page_offset=0,bpi_d2d24c4997f17041d2c4e6f979b72e3b2a86200c1d111988d353a257c87bfd1c,exact_group,exact,1
ral_2026_general_109_009,rd_2026_general_revenue_14_02_07_09_01_4980100000,2026_general_expenditure_08_06_01_01_03,2026_general_expenditure_08_06_01,general,放課後の遊び場対策(BOP),放課後の遊び場対策（ＢＯＰ）,459,109,211,matched,page_and_normalized_name,not_available,,r8tousyoyosanallpage.pdf,"1 放課後子どもプラン(教育委員会事務局) 152,508
充当事業:放課後の遊び場対策(BOP)・P459",target_page_account_and_nfkc_name_unique;page_offset=0,bpi_3489e5ae961166d433b1f3b6eb5799621c4a4b9e8deb3189b9bed60a8e100822,exact_group,exact,1
ral_2026_general_109_010,rd_2026_general_revenue_14_02_07_09_02_4960100000,,2026_general_expenditure_09_01_08,general,会計年度任用職員の人件費(教育委員会事務局),会計年度任用職員の人件費（教育委員会事務局）,471,109,211,matched,page_name_department_identity_cluster,not_available,,r8tousyoyosanallpage.pdf,"2 放課後子どもプラン(教育委員会事務局) 110,377
充当事業:会計年度任用職員の人件費(教育委員会事務局)・P471",official_pdf_does_not_identify_internal_budget_program_group,bpi_b55e51de6d41c9f9e2302349c0f7a11790df1cb4835ebe1c8990b0dd44d25850,public_identity,not_distinguishable_from_public_source,5
ral_2026_general_109_011,rd_2026_general_revenue_14_02_07_15_04_4985300000,2026_general_expenditure_08_01_03_01_24,2026_general_expenditure_08_01_03,general,特別支援教育の推進,特別支援教育の推進,445,109,211,matched,page_and_exact_name,not_available,,r8tousyoyosanallpage.pdf,"4 スクールソーシャルワーカー活用事業費(教育委員会事務局) 115
充当事業:特別支援教育の推進・P445",target_page_account_and_exact_name_unique;page_offset=0,bpi_48959ace629ad06775a7cf9725c44a1e0d99bf276a3ba0affd371303b4b635ac,exact_group,exact,1
ral_2026_general_109_012,rd_2026_general_revenue_14_02_07_15_07_4960100000,,2026_general_expenditure_09_01_08,general,会計年度任用職員の人件費(教育委員会事務局),会計年度任用職員の人件費（教育委員会事務局）,471,109,211,matched,page_name_department_identity_cluster,not_available,,r8tousyoyosanallpage.pdf,"7 スクールソーシャルワーカー活用事業費(教育委員会事務局) 4,758
充当事業:会計年度任用職員の人件費(教育委員会事務局)・P471",official_pdf_does_not_identify_internal_budget_program_group,bpi_b55e51de6d41c9f9e2302349c0f7a11790df1cb4835ebe1c8990b0dd44d25850,public_identity,not_distinguishable_from_public_source,5
ral_2026_general_109_013,rd_2026_general_revenue_14_02_07_15_10_4960100000,,2026_general_expenditure_09_01_08,general,会計年度任用職員の人件費(教育委員会事務局),会計年度任用職員の人件費（教育委員会事務局）,471,109,211,matched,page_name_department_identity_cluster,not_available,,r8tousyoyosanallpage.pdf,"10 スクールソーシャルワーカー活用事業費(教育委員会事務局) 23,300
充当事業:会計年度任用職員の人件費(教育委員会事務局)・P471",official_pdf_does_not_identify_internal_budget_program_group,bpi_b55e51de6d41c9f9e2302349c0f7a11790df1cb4835ebe1c8990b0dd44d25850,public_identity,not_distinguishable_from_public_source,5
ral_2026_general_109_014,rd_2026_general_revenue_14_02_07_15_11_4960100000,,2026_general_expenditure_09_01_08,general,会計年度任用職員の人件費(教育委員会事務局),会計年度任用職員の人件費（教育委員会事務局）,471,109,211,matched,page_name_department_identity_cluster,not_available,,r8tousyoyosanallpage.pdf,"11 スクールソーシャルワーカー活用事業費(教育委員会事務局) 12,621
充当事業:会計年度任用職員の人件費(教育委員会事務局)・P471",official_pdf_does_not_identify_internal_budget_program_group,bpi_b55e51de6d41c9f9e2302349c0f7a11790df1cb4835ebe1c8990b0dd44d25850,public_identity,not_distinguishable_from_public_source,5
ral_2026_general_109_015,rd_2026_general_revenue_14_02_07_18_02_4965100000,2026_general_expenditure_08_06_02_01_12,2026_general_expenditure_08_06_02,general,PTA活動の支援,ＰＴＡ活動の支援,459,109,211,matched,page_and_normalized_name,not_available,,r8tousyoyosanallpage.pdf,"2 地域ぐるみの学校安全体制の整備補助金(こども110番)(教育委員会事務局) 240
充当事業:PTA活動の支援・P459",target_page_account_and_nfkc_name_unique;page_offset=0,bpi_f2f69f1e8119ba4bbb4a829f442e36eea24f6684092a435da93438f46d9e6b26,exact_group,exact,1
ral_2026_general_110_001,rd_2026_general_revenue_14_02_07_18_03_4960150000,2026_general_expenditure_08_02_01_01_06,2026_general_expenditure_08_02_01,general,通学路安全対策,通学路安全対策,449,110,213,matched,page_and_exact_name,not_available,,r8tousyoyosanallpage.pdf,"3 地域ぐるみの学校安全体制の整備補助金(登下校中のパトロール)(教育委員会事務局) 22
充当事業:通学路安全対策・P449",target_page_account_and_exact_name_unique;page_offset=0,bpi_02dbed34ad160c0e3e15b8c03f83c29729ff17dc8dbbdcb575381979af487a16,exact_group,exact,1
ral_2026_general_110_002,rd_2026_general_revenue_14_02_07_19_01_4965100000,2026_general_expenditure_08_06_02_01_14,2026_general_expenditure_08_06_02,general,家庭教育の支援,家庭教育の支援,459,110,213,matched,page_and_exact_name,not_available,,r8tousyoyosanallpage.pdf,"1 家庭教育支援基盤形成事業費(教育委員会事務局) 1,720
充当事業:家庭教育の支援・P459",target_page_account_and_exact_name_unique;page_offset=0,bpi_42263e10368bccda05d70142d112904680b99327e77fc451ced904efe339ac98,exact_group,exact,1
ral_2026_general_110_003,rd_2026_general_revenue_14_02_07_20_01_4965100000,2026_general_expenditure_08_06_02_01_11,2026_general_expenditure_08_06_02,general,成人教育,成人教育,459,110,213,matched,page_and_exact_name,not_available,,r8tousyoyosanallpage.pdf,"1 人権啓発活動区市町村補助金(教育委員会事務局) 913
充当事業:成人教育・P459",target_page_account_and_exact_name_unique;page_offset=0,bpi_f69abf9efe178c2218948309ff50e3f3414c1cb61c510dd514137cb20ef910f1,exact_group,exact,1
ral_2026_general_110_004,rd_2026_general_revenue_14_02_07_21_01_4965100000,2026_general_expenditure_08_06_03_01_01,2026_general_expenditure_08_06_03,general,埋蔵文化財の保護及び調査,埋蔵文化財の保護及び調査,461,110,213,matched,page_and_exact_name,not_available,,r8tousyoyosanallpage.pdf,"1 埋蔵文化財遺跡緊急発掘調査事業(教育委員会事務局) 5,576
充当事業:埋蔵文化財の保護及び調査・P461",target_page_account_and_exact_name_unique;page_offset=0,bpi_99e7c62a92d5b91ce0fb6732baa53d9c3f8b8917d145a5c3d9acac9f34c63993,exact_group,exact,1
ral_2026_general_110_005,rd_2026_general_revenue_14_02_07_31_02_4960100000,,2026_general_expenditure_09_01_08,general,会計年度任用職員の人件費(教育委員会事務局),会計年度任用職員の人件費（教育委員会事務局）,471,110,213,matched,page_name_department_identity_cluster,not_available,,r8tousyoyosanallpage.pdf,"2 スクール・サポート・スタッフ配置支援事業(教育委員会事務局) 218,228
充当事業:会計年度任用職員の人件費(教育委員会事務局)・P471",official_pdf_does_not_identify_internal_budget_program_group,bpi_b55e51de6d41c9f9e2302349c0f7a11790df1cb4835ebe1c8990b0dd44d25850,public_identity,not_distinguishable_from_public_source,5
ral_2026_general_110_006,rd_2026_general_revenue_14_02_07_41_01_4975300000,2026_general_expenditure_08_02_01_01_03,2026_general_expenditure_08_02_01,general,小学校維持運営,小学校維持運営,449,110,213,matched,page_and_exact_name,not_available,,r8tousyoyosanallpage.pdf,"1 学校飼育動物にかかる獣医師活用補助事業(教育委員会事務局) 82
充当事業:小学校維持運営・P449",target_page_account_and_exact_name_unique;page_offset=0,bpi_e8a8fedc52aff12f7cb436ea6832a2eb74af32f375806960668278018aee9f6f,exact_group,exact,1
ral_2026_general_110_007,rd_2026_general_revenue_14_02_07_44_02_4985100000,2026_general_expenditure_08_01_07_02_03,2026_general_expenditure_08_01_07,general,ほっとスクールの運営,ほっとスクールの運営,447,110,213,matched,page_and_exact_name,not_available,,r8tousyoyosanallpage.pdf,"2 教育支援センターの機能強化(教育委員会事務局) 2,100
充当事業:ほっとスクールの運営・P447",target_page_account_and_exact_name_unique;page_offset=0,bpi_cf121d338c553a44e34fdf5187ff9b689be429e12df5f7d3eab54494ceffbd28,exact_group,exact,1
ral_2026_general_110_008,rd_2026_general_revenue_14_02_07_45_01_4985120000,2026_general_expenditure_08_01_03_01_49,2026_general_expenditure_08_01_03,general,ICTを活用した学びの推進,ＩＣＴを活用した学びの推進,447,110,213,matched,page_and_normalized_name,not_available,,r8tousyoyosanallpage.pdf,"1 ICT支援員(教育委員会事務局) 229,499
充当事業:ICTを活用した学びの推進・P447",target_page_account_and_nfkc_name_unique;page_offset=2,bpi_b10236fb0974a5d6826efe2dbd3b445f6c4c0b9d7c9b5df779c9372e8b540323,exact_group,exact,1
ral_2026_general_110_009,rd_2026_general_revenue_14_02_07_48_01_4980100000,2026_general_expenditure_08_01_03_01_29,2026_general_expenditure_08_01_03,general,部活動の支援,部活動の支援,445,110,213,matched,page_and_exact_name,not_available,,r8tousyoyosanallpage.pdf,"1 中学校の部活動における外部指導者配置支援事業(教育委員会事務局) 122,447
充当事業:部活動の支援・P445",target_page_account_and_exact_name_unique;page_offset=0,bpi_bcffc2ad0eeaf6c34c32c2893f1ec55777adeda9e09e66f8612d1e4a1ce66581,exact_group,exact,1
ral_2026_general_110_010,rd_2026_general_revenue_14_02_07_53_01_4960100000,,2026_general_expenditure_09_01_08,general,会計年度任用職員の人件費(教育委員会事務局),会計年度任用職員の人件費（教育委員会事務局）,471,110,213,matched,page_name_department_identity_cluster,not_available,,r8tousyoyosanallpage.pdf,"1 副校長補佐の配置(教育委員会事務局) 53,601
充当事業:会計年度任用職員の人件費(教育委員会事務局)・P471",official_pdf_does_not_identify_internal_budget_program_group,bpi_b55e51de6d41c9f9e2302349c0f7a11790df1cb4835ebe1c8990b0dd44d25850,public_identity,not_distinguishable_from_public_source,5
ral_2026_general_110_011,rd_2026_general_revenue_14_02_07_54_05_4960150000,2026_general_expenditure_08_08_01_01_01,2026_general_expenditure_08_08_01,general,小学校給食維持運営,小学校給食維持運営,463,110,213,matched,page_and_exact_name,not_available,,r8tousyoyosanallpage.pdf,"5 学校給食費支援事業(教育委員会事務局) 8,726
充当事業:小学校給食維持運営・P463",target_page_account_and_exact_name_unique;page_offset=0,bpi_910a35cc9e5e73b00e129e16cf76f5c607cd9536b554e7462642aefcd5ac5487,exact_group,exact,1
ral_2026_general_110_012,rd_2026_general_revenue_14_02_07_54_07_4960150000,2026_general_expenditure_08_08_01_01_05,2026_general_expenditure_08_08_01,general,学校給食事務運営,学校給食事務運営,463,110,213,matched,page_and_exact_name,not_available,,r8tousyoyosanallpage.pdf,"7 学校給食費支援事業(教育委員会事務局) 1,345,295
充当事業:学校給食事務運営・P463",target_page_account_and_exact_name_unique;page_offset=0,bpi_2f71dc6a1bb24ac902f856df671525cbb761e76677a2a03d90602f612dfd5f0a,exact_group,exact,1
ral_2026_general_111_001,rd_2026_general_revenue_14_02_07_54_08_4960150000,2026_general_expenditure_08_08_01_01_07,2026_general_expenditure_08_08_01,general,学校給食保護者負担軽減事務,学校給食保護者負担軽減事務,463,111,215,matched,page_and_exact_name,not_available,,r8tousyoyosanallpage.pdf,"8 学校給食費支援事業(教育委員会事務局) 2,368
充当事業:学校給食保護者負担軽減事務・P463",target_page_account_and_exact_name_unique;page_offset=0,bpi_76644b661851bd4cd3dbd5d1c5eda0b04e17616f1b2695d4c3dcdc2569aaefbd,exact_group,exact,1
ral_2026_general_111_002,rd_2026_general_revenue_14_02_07_58_01_4975200000,2026_general_expenditure_08_01_03_01_34,2026_general_expenditure_08_01_03,general,学校支援・生活指導相談等,学校支援・生活指導相談等,445,111,215,matched,page_and_exact_name,not_available,,r8tousyoyosanallpage.pdf,"1 エデュケーション・アシスタント配置支援事業(教育委員会事務局) 293,532
充当事業:学校支援・生活指導相談等・P445",target_page_account_and_exact_name_unique;page_offset=0,bpi_ebb4aa1427050eece558b12256b2b2019831576149306b9ccb2206e9fa35de01,exact_group,exact,1
ral_2026_general_111_003,rd_2026_general_revenue_14_02_07_59_01_4960100000,,2026_general_expenditure_09_01_08,general,会計年度任用職員の人件費(教育委員会事務局),会計年度任用職員の人件費（教育委員会事務局）,471,111,215,matched,page_name_department_identity_cluster,not_available,,r8tousyoyosanallpage.pdf,"1 東京都公立小・中学校インクルーシブ教育支援員配置補助事業(教育委員会事務局) 195,004
充当事業:会計年度任用職員の人件費(教育委員会事務局)・P471",official_pdf_does_not_identify_internal_budget_program_group,bpi_b55e51de6d41c9f9e2302349c0f7a11790df1cb4835ebe1c8990b0dd44d25850,public_identity,not_distinguishable_from_public_source,5
ral_2026_general_111_004,rd_2026_general_revenue_14_02_07_59_03_4985300000,2026_general_expenditure_08_01_03_01_24,2026_general_expenditure_08_01_03,general,特別支援教育の推進,特別支援教育の推進,445,111,215,matched,page_and_exact_name,not_available,,r8tousyoyosanallpage.pdf,"3 東京都公立小・中学校インクルーシブ教育支援員配置補助事業(教育委員会事務局) 9,434
充当事業:特別支援教育の推進・P445",target_page_account_and_exact_name_unique;page_offset=0,bpi_48959ace629ad06775a7cf9725c44a1e0d99bf276a3ba0affd371303b4b635ac,exact_group,exact,1
ral_2026_general_111_005,rd_2026_general_revenue_14_02_07_59_04_4975200000,2026_general_expenditure_08_01_03_01_34,2026_general_expenditure_08_01_03,general,学校支援・生活指導相談等,学校支援・生活指導相談等,445,111,215,matched,page_and_exact_name,not_available,,r8tousyoyosanallpage.pdf,"4 東京都公立小・中学校インクルーシブ教育支援員配置補助事業(教育委員会事務局) 8,277
充当事業:学校支援・生活指導相談等・P445",target_page_account_and_exact_name_unique;page_offset=0,bpi_ebb4aa1427050eece558b12256b2b2019831576149306b9ccb2206e9fa35de01,exact_group,exact,1
ral_2026_general_111_006,rd_2026_general_revenue_14_02_07_61_01_4975200000,2026_general_expenditure_08_01_03_01_20,2026_general_expenditure_08_01_03,general,特色ある学校づくり推進事業,特色ある学校づくり推進事業,445,111,215,matched,page_and_exact_name,not_available,,r8tousyoyosanallpage.pdf,"1 笑顔と学びの体験活動プロジェクト子供企画型補助金(教育委員会事務局) 7,200
充当事業:特色ある学校づくり推進事業・P445",target_page_account_and_exact_name_unique;page_offset=0,bpi_4fce8db6742d4f96ef91b8cb1d91ab5031ae799c57c757018c19dc60ec0a8b44,exact_group,exact,1
ral_2026_general_111_007,rd_2026_general_revenue_14_02_07_62_01_4980100000,2026_general_expenditure_08_06_01_01_07,2026_general_expenditure_08_06_01,general,地域連携事業,地域連携事業,459,111,215,matched,page_and_exact_name,not_available,,r8tousyoyosanallpage.pdf,"1 朝の子供の居場所づくり事業費補助金(教育委員会事務局) 15,560
充当事業:地域連携事業・P459",target_page_account_and_exact_name_unique;page_offset=0,bpi_80c8de95d7b2ebca189b5adf292ebd6b88bdb6e54602fe1e00f226b0b0bf6b01,exact_group,exact,1
ral_2026_general_111_008,rd_2026_general_revenue_14_02_07_63_01_4980100000,2026_general_expenditure_08_01_03_01_52,2026_general_expenditure_08_01_03,general,学校運営協議会,学校運営協議会,447,111,215,matched,page_and_exact_name,not_available,,r8tousyoyosanallpage.pdf,"1 学校支援地域本部(教育委員会事務局) 33,538
充当事業:学校運営協議会・P447",target_page_account_and_exact_name_unique;page_offset=2,bpi_d719a9c956c85eac1e6e91276a9960b01aee6a307f34411484e87a8bd7e69a82,exact_group,exact,1
ral_2026_general_111_009,rd_2026_general_revenue_14_02_07_64_01_4960160000,2026_general_expenditure_08_02_06_01_02,2026_general_expenditure_08_02_06,general,小学校施設改修工事,小学校施設改修工事,451,111,215,matched,page_and_exact_name,not_available,,r8tousyoyosanallpage.pdf,"1 小学校(防災機能強化)(教育委員会事務局) 128,751
充当事業:小学校施設改修工事・P451",target_page_account_and_exact_name_unique;page_offset=0,bpi_664c16372df8ae4f31a48c463cd71931b75ca32f30231fdddb8ee05bdbfb3d1b,exact_group,exact,1
ral_2026_general_111_010,rd_2026_general_revenue_14_02_07_64_02_4960160000,2026_general_expenditure_08_03_05_01_02,2026_general_expenditure_08_03_05,general,中学校施設改修工事,中学校施設改修工事,455,111,215,matched,page_and_exact_name,not_available,,r8tousyoyosanallpage.pdf,"2 中学校(防災機能強化)(教育委員会事務局) 29,832
充当事業:中学校施設改修工事・P455",target_page_account_and_exact_name_unique;page_offset=0,bpi_99ed3cb8df164fc0a25f1dccdc23b862b739384d9943072616bf4712cb9fb1a2,exact_group,exact,1
ral_2026_general_111_011,rd_2026_general_revenue_14_02_07_65_01_4975300000,2026_general_expenditure_08_01_02_01_10,2026_general_expenditure_08_01_02,general,帰国・外国人児童・生徒教育の推進,帰国・外国人児童・生徒教育の推進,445,111,215,matched,page_and_exact_name,not_available,,r8tousyoyosanallpage.pdf,"1 帰国・外国人児童生徒等に対するきめ細かな支援事業(教育委員会事務局) 4,256
充当事業:帰国・外国人児童・生徒教育の推進・P445",target_page_account_and_exact_name_unique;page_offset=0,bpi_cbf8b954fa11203f1394532fd5b7601515919374d83d9a458e9d38e59c3dd680,exact_group,exact,1
ral_2026_general_111_012,rd_2026_general_revenue_14_02_07_65_02_4975200000,2026_general_expenditure_08_01_03_01_21,2026_general_expenditure_08_01_03,general,外国人児童生徒等日本語指導員派遣,外国人児童生徒等日本語指導員派遣,445,111,215,matched,page_and_exact_name,not_available,,r8tousyoyosanallpage.pdf,"2 帰国・外国人児童生徒等に対するきめ細かな支援事業(教育委員会事務局) 12,305
充当事業:外国人児童生徒等日本語指導員派遣・P445",target_page_account_and_exact_name_unique;page_offset=0,bpi_5ec1bc4902ac43f06a05e66e6004839fe493543c3ee27619e8a6fd762fe3859c,exact_group,exact,1
ral_2026_general_112_001,rd_2026_general_revenue_14_02_07_65_03_4960100000,,2026_general_expenditure_09_01_08,general,会計年度任用職員の人件費(教育委員会事務局),会計年度任用職員の人件費（教育委員会事務局）,471,112,217,matched,page_name_department_identity_cluster,not_available,,r8tousyoyosanallpage.pdf,"3 帰国・外国人児童生徒等に対するきめ細かな支援事業(教育委員会事務局) 13,719
充当事業:会計年度任用職員の人件費(教育委員会事務局)・P471",official_pdf_does_not_identify_internal_budget_program_group,bpi_b55e51de6d41c9f9e2302349c0f7a11790df1cb4835ebe1c8990b0dd44d25850,public_identity,not_distinguishable_from_public_source,5
ral_2026_general_112_002,rd_2026_general_revenue_14_02_08_02_01_3595110000,2026_general_expenditure_03_01_01_03_86,2026_general_expenditure_03_01_01,general,保健福祉サービス質の向上の推進,保健福祉サービス質の向上の推進,359,112,217,matched,page_and_exact_name,not_available,,r8tousyoyosanallpage.pdf,"1 第三者評価受審費加算分(保健福祉政策部) 3,478
充当事業:保健福祉サービス質の向上の推進・P359",target_page_account_and_exact_name_unique;page_offset=2,bpi_0db879e6838637427c9ea43398b354c2e0c550180f6375b20698eb0c0409206f,exact_group,exact,1
ral_2026_general_112_003,rd_2026_general_revenue_14_02_08_02_02_3665590000,2026_general_expenditure_03_02_01_01_09,2026_general_expenditure_03_02_01,general,認証保育所事業,認証保育所事業,375,112,217,matched,page_and_exact_name,not_available,,r8tousyoyosanallpage.pdf,"2 認証保育所事業(子ども・若者部) 99,612
充当事業:認証保育所事業・P375",target_page_account_and_exact_name_unique;page_offset=0,bpi_6356950f0fc306661633092aebe00e0ee8dee735c9ee0df107ee159cb7bfa7f1,exact_group,exact,1
ral_2026_general_112_004,rd_2026_general_revenue_14_02_08_02_03_3665590000,2026_general_expenditure_03_02_01_01_36,2026_general_expenditure_03_02_01,general,認可外保育施設の一時預かり事業の推進,認可外保育施設の一時預かり事業の推進,377,112,217,matched,page_and_exact_name,not_available,,r8tousyoyosanallpage.pdf,"3 一時預かり事業(認証保育所)(子ども・若者部) 2,753
充当事業:認可外保育施設の一時預かり事業の推進・P377",target_page_account_and_exact_name_unique;page_offset=2,bpi_91f966c1dccf8dd2c999fc417a9154eeba3870705893b183fc40bd80030c615d,exact_group,exact,1
ral_2026_general_112_005,rd_2026_general_revenue_14_02_08_04_01_3645300000,2026_general_expenditure_03_01_02_05_18,2026_general_expenditure_03_01_02,general,介護予防施策推進事業,介護予防施策推進事業,365,112,217,matched,page_and_exact_name,not_available,,r8tousyoyosanallpage.pdf,"1 介護予防・フレイル予防推進員配置事業(高齢福祉部) 120
充当事業:介護予防施策推進事業・P365",target_page_account_and_exact_name_unique;page_offset=2,bpi_510c609f4c923fc1ff036ec3b779db407be8fb2ddd4ed91d8e14936333558eb2,exact_group,exact,1
ral_2026_general_112_006,rd_2026_general_revenue_14_02_08_04_03_3645100000,2026_general_expenditure_09_01_03_01_16,2026_general_expenditure_09_01_03,general,会計年度任用職員の人件費(高齢福祉部),会計年度任用職員の人件費（高齢福祉部）,469,112,217,matched,page_and_normalized_name,not_available,,r8tousyoyosanallpage.pdf,"3 介護予防・フレイル予防推進員配置事業(高齢福祉部) 7,643
充当事業:会計年度任用職員の人件費(高齢福祉部)・P469",target_page_account_and_nfkc_name_unique;page_offset=2,bpi_609a88730a098d9b7d92ee3c6917e6326a529d94def926bfc64471a2252bebf7,exact_group,exact,1
ral_2026_general_112_007,rd_2026_general_revenue_14_02_08_08_01_3665570000,2026_general_expenditure_03_02_01_01_24,2026_general_expenditure_03_02_01,general,セーフティネットの整備,セーフティネットの整備,375,112,217,matched,page_and_exact_name,not_available,,r8tousyoyosanallpage.pdf,"1 未就園児等全戸訪問事業(子ども・若者部) 441
充当事業:セーフティネットの整備・P375",target_page_account_and_exact_name_unique;page_offset=0,bpi_d95351e271cf75f188df86946de66bcfd7376720c26b8ddb88f990c93677f157,exact_group,exact,1
ral_2026_general_112_008,rd_2026_general_revenue_14_02_08_10_01_3785200000,2026_general_expenditure_05_03_05_01_09,2026_general_expenditure_05_03_05,general,母子保健知識等の普及と啓発,母子保健知識等の普及と啓発,405,112,217,matched,page_and_exact_name,not_available,,r8tousyoyosanallpage.pdf,"1 必須事業(世田谷保健所) 64,594
充当事業:母子保健知識等の普及と啓発・P405",target_page_account_and_exact_name_unique;page_offset=0,bpi_d61daf79353f3f19f6f1052baa04cb594662427887ed92f6af0f909f54216ea4,exact_group,exact,1
ral_2026_general_112_009,rd_2026_general_revenue_14_02_08_10_04_3665500000,2026_general_expenditure_03_02_01_01_26,2026_general_expenditure_03_02_01,general,在宅子育て支援,在宅子育て支援,375,112,217,matched,page_and_exact_name,not_available,,r8tousyoyosanallpage.pdf,"4 多胎児家庭支援事業(子ども・若者部) 53,004
充当事業:在宅子育て支援・P375",target_page_account_and_exact_name_unique;page_offset=0,bpi_8a0f54d9e647e1a2b62e1075cb7040e5db102777c0d4afc9e87058e56ea4e4fb,exact_group,exact,1
ral_2026_general_112_010,rd_2026_general_revenue_14_02_08_10_08_3665200000,2026_general_expenditure_03_02_06_01_04,2026_general_expenditure_03_02_06,general,児童館在宅子育て支援,児童館在宅子育て支援,383,112,217,matched,page_and_exact_name,not_available,,r8tousyoyosanallpage.pdf,"8 多胎ピアサポート事業(子ども・若者部) 1,228
充当事業:児童館在宅子育て支援・P383",target_page_account_and_exact_name_unique;page_offset=0,bpi_6f4fd04431873b0d80c1d64857234adf6489821b2e201a14c968a03cea97d880,exact_group,exact,1
ral_2026_general_112_011,rd_2026_general_revenue_14_02_08_10_10_3665500000,2026_general_expenditure_03_02_01_01_26,2026_general_expenditure_03_02_01,general,在宅子育て支援,在宅子育て支援,375,112,217,matched,page_and_exact_name,not_available,,r8tousyoyosanallpage.pdf,"10 バースデーサポート(子ども・若者部) 19,552
充当事業:在宅子育て支援・P375",target_page_account_and_exact_name_unique;page_offset=0,bpi_8a0f54d9e647e1a2b62e1075cb7040e5db102777c0d4afc9e87058e56ea4e4fb,exact_group,exact,1
ral_2026_general_112_012,rd_2026_general_revenue_14_02_08_10_12_3665570000,2026_general_expenditure_03_02_01_01_45,2026_general_expenditure_03_02_01,general,産後ケア事業,産後ケア事業,377,112,217,matched,page_and_exact_name,not_available,,r8tousyoyosanallpage.pdf,"12 産後ケア事業(子ども・若者部) 56,071
充当事業:産後ケア事業・P377",target_page_account_and_exact_name_unique;page_offset=2,bpi_19c522f8e05318de25782c4820bd72b15afc3a2f9597cf7d2d4c331838fb3029,exact_group,exact,1
ral_2026_general_112_013,rd_2026_general_revenue_14_02_08_10_14_3785200000,2026_general_expenditure_05_03_05_01_19,2026_general_expenditure_05_03_05,general,妊産婦及び乳幼児健康診査,妊産婦及び乳幼児健康診査,405,112,217,matched,page_and_exact_name,not_available,,r8tousyoyosanallpage.pdf,"14 多胎児家庭支援事業(世田谷保健所) 8
充当事業:妊産婦及び乳幼児健康診査・P405",target_page_account_and_exact_name_unique;page_offset=0,bpi_f340c8d2add0c8aa5453fdc636d4baf00a4ce17827b8256ff3ba7d88891a0391,exact_group,exact,1
ral_2026_general_112_014,rd_2026_general_revenue_14_02_08_10_15_3785200000,2026_general_expenditure_05_03_05_01_19,2026_general_expenditure_05_03_05,general,妊産婦及び乳幼児健康診査,妊産婦及び乳幼児健康診査,405,112,217,matched,page_and_exact_name,not_available,,r8tousyoyosanallpage.pdf,"15 産婦健康診査事業(世田谷保健所) 7,230
充当事業:妊産婦及び乳幼児健康診査・P405",target_page_account_and_exact_name_unique;page_offset=0,bpi_f340c8d2add0c8aa5453fdc636d4baf00a4ce17827b8256ff3ba7d88891a0391,exact_group,exact,1
ral_2026_general_112_015,rd_2026_general_revenue_14_02_08_11_01_3665590000,2026_general_expenditure_03_02_01_01_09,2026_general_expenditure_03_02_01,general,認証保育所事業,認証保育所事業,375,112,217,matched,page_and_exact_name,not_available,,r8tousyoyosanallpage.pdf,"1 認証保育所1歳児受入促進事業(子ども・若者部) 25,667
充当事業:認証保育所事業・P375",target_page_account_and_exact_name_unique;page_offset=0,bpi_6356950f0fc306661633092aebe00e0ee8dee735c9ee0df107ee159cb7bfa7f1,exact_group,exact,1
ral_2026_general_112_016,rd_2026_general_revenue_14_02_08_14_03_3665500000,2026_general_expenditure_03_02_01_01_26,2026_general_expenditure_03_02_01,general,在宅子育て支援,在宅子育て支援,375,112,217,matched,page_and_exact_name,not_available,,r8tousyoyosanallpage.pdf,"3 地域少子化対策重点推進交付金(子ども・若者部) 2,689
充当事業:在宅子育て支援・P375",target_page_account_and_exact_name_unique;page_offset=0,bpi_8a0f54d9e647e1a2b62e1075cb7040e5db102777c0d4afc9e87058e56ea4e4fb,exact_group,exact,1
ral_2026_general_113_001,rd_2026_general_revenue_14_02_08_16_01_3655200000,2026_general_expenditure_03_01_16_01_30,2026_general_expenditure_03_01_16,general,地域活動支援センター運営助成,地域活動支援センター運営助成,369,113,219,matched,page_and_exact_name,not_available,,r8tousyoyosanallpage.pdf,"1 地域活動支援センター運営助成(障害福祉部) 3,750
充当事業:地域活動支援センター運営助成・P369",target_page_account_and_exact_name_unique;page_offset=0,bpi_8022f874cd03bd0d45b36bfc6e8e5dcb3b3e3ca7d07c159d7c6242e498985685,exact_group,exact,1
ral_2026_general_113_002,rd_2026_general_revenue_14_02_08_16_02_3655300000,2026_general_expenditure_03_01_03_03_20,2026_general_expenditure_03_01_03,general,障害者相談支援,障害者相談支援,367,113,219,matched,page_and_exact_name,not_available,,r8tousyoyosanallpage.pdf,"2 相談支援(機能強化事業)(障害福祉部) 36,532
充当事業:障害者相談支援・P367",target_page_account_and_exact_name_unique;page_offset=0,bpi_fd92a91d10b5432e3dcf7886f17e6641d8fc90ba5437e5ab5f5a6c5574eca3bf,exact_group,exact,1
ral_2026_general_113_003,rd_2026_general_revenue_14_02_08_16_03_3655300000,2026_general_expenditure_03_01_03_04_16,2026_general_expenditure_03_01_03,general,基幹相談支援センター事業運営,基幹相談支援センター事業運営,369,113,219,matched,page_and_exact_name,not_available,,r8tousyoyosanallpage.pdf,"3 相談支援(基幹相談支援センター)(障害福祉部) 5,449
充当事業:基幹相談支援センター事業運営・P369",target_page_account_and_exact_name_unique;page_offset=2,bpi_ec20c8eb551522aad785dd39ca3def6440a30e8e84962e2a939e4114839d4e74,exact_group,exact,1
ral_2026_general_113_004,rd_2026_general_revenue_14_02_08_16_04_3655300000,2026_general_expenditure_03_01_03_04_18,2026_general_expenditure_03_01_03,general,障害者専門相談事業運営,障害者専門相談事業運営,369,113,219,matched,page_and_exact_name,not_available,,r8tousyoyosanallpage.pdf,"4 相談支援(保健センター障害者専門相談)(障害福祉部) 14,852
充当事業:障害者専門相談事業運営・P369",target_page_account_and_exact_name_unique;page_offset=2,bpi_c0518452b8effd4f79e81a32125ad81611708108cc1319ae3bdae965689d37fa,exact_group,exact,1
ral_2026_general_113_005,rd_2026_general_revenue_14_02_08_16_05_3655300000,2026_general_expenditure_03_01_03_04_19,2026_general_expenditure_03_01_03,general,乳幼児育成相談事業運営,乳幼児育成相談事業運営,369,113,219,matched,page_and_exact_name,not_available,,r8tousyoyosanallpage.pdf,"5 相談支援(保健センター乳幼児育成相談)(障害福祉部) 15,989
充当事業:乳幼児育成相談事業運営・P369",target_page_account_and_exact_name_unique;page_offset=2,bpi_11bb8e55b2855b6d81e581900bc84042892fc68e33d0aa825cc4ddd41f2fbaa7,exact_group,exact,1
ral_2026_general_113_006,rd_2026_general_revenue_14_02_08_16_06_3665580000,2026_general_expenditure_03_02_05_01_01,2026_general_expenditure_03_02_05,general,区立保育園運営,区立保育園運営,381,113,219,matched,page_and_exact_name,not_available,,r8tousyoyosanallpage.pdf,"6 地域子育て支援拠点事業(区立保育園)(子ども・若者部) 22,029
充当事業:区立保育園運営・P381",target_page_account_and_exact_name_unique;page_offset=0,bpi_cd88696d105d5fd4493ad43119716ef01897dc1ccd62a75e668a2c9179db33a0,exact_group,exact,1
ral_2026_general_113_007,rd_2026_general_revenue_14_02_08_16_07_3665500000,2026_general_expenditure_03_02_01_01_26,2026_general_expenditure_03_02_01,general,在宅子育て支援,在宅子育て支援,375,113,219,matched,page_and_exact_name,not_available,,r8tousyoyosanallpage.pdf,"7 利用者支援事業(子ども・若者部) 31,631
充当事業:在宅子育て支援・P375",target_page_account_and_exact_name_unique;page_offset=0,bpi_8a0f54d9e647e1a2b62e1075cb7040e5db102777c0d4afc9e87058e56ea4e4fb,exact_group,exact,1
ral_2026_general_113_008,rd_2026_general_revenue_14_02_08_16_08_3665500000,2026_general_expenditure_03_02_01_01_42,2026_general_expenditure_03_02_01,general,子育てつどいの広場,子育てつどいの広場,377,113,219,matched,page_and_exact_name,not_available,,r8tousyoyosanallpage.pdf,"8 地域子育て支援拠点事業(単独施設)(子ども・若者部) 166,185
充当事業:子育てつどいの広場・P377",target_page_account_and_exact_name_unique;page_offset=2,bpi_621484ebbe2396c3165c332904394c6fe8b24bbae3809b705562a4f0e56fcef1,exact_group,exact,1
ral_2026_general_113_009,rd_2026_general_revenue_14_02_08_16_09_3665500000,2026_general_expenditure_03_02_01_01_33,2026_general_expenditure_03_02_01,general,子育てステーション事業,子育てステーション事業,375,113,219,matched,page_and_exact_name,not_available,,r8tousyoyosanallpage.pdf,"9 地域子育て支援拠点事業(子育てステーション)(子ども・若者部) 25,548
充当事業:子育てステーション事業・P375",target_page_account_and_exact_name_unique;page_offset=0,bpi_5cad8d56f77ca5cbc11b574d0c840a191a1ad7de1764742ff81be502f4b47192,exact_group,exact,1
ral_2026_general_113_010,rd_2026_general_revenue_14_02_08_16_10_3665200000,2026_general_expenditure_03_02_06_01_04,2026_general_expenditure_03_02_06,general,児童館在宅子育て支援,児童館在宅子育て支援,383,113,219,matched,page_and_exact_name,not_available,,r8tousyoyosanallpage.pdf,"10 地域子育て支援拠点事業(児童館)(子ども・若者部) 5,580
充当事業:児童館在宅子育て支援・P383",target_page_account_and_exact_name_unique;page_offset=0,bpi_6f4fd04431873b0d80c1d64857234adf6489821b2e201a14c968a03cea97d880,exact_group,exact,1
ral_2026_general_113_011,rd_2026_general_revenue_14_02_08_16_12_3645300000,2026_general_expenditure_03_01_02_08_01,2026_general_expenditure_03_01_02,general,地域包括支援センター運営委託,地域包括支援センター運営委託,365,113,219,matched,page_and_exact_name,not_available,,r8tousyoyosanallpage.pdf,"12 地域包括支援センター運営委託(高齢福祉部) 138,067
充当事業:地域包括支援センター運営委託・P365",target_page_account_and_exact_name_unique;page_offset=2,bpi_4bf6a4b7dc1193b7912000d17491a175e96d19dc6e40e9d646a58acdb6e07378,exact_group,exact,1
ral_2026_general_113_012,rd_2026_general_revenue_14_02_08_16_13_3645300000,2026_general_expenditure_03_01_02_08_02,2026_general_expenditure_03_01_02,general,あんしん見守り事業,あんしん見守り事業,365,113,219,matched,page_and_exact_name,not_available,,r8tousyoyosanallpage.pdf,"13 あんしん見守り事業(高齢福祉部) 25,815
充当事業:あんしん見守り事業・P365",target_page_account_and_exact_name_unique;page_offset=2,bpi_233e8dfc6624f18fd57f88bbb5753e40aeaddeadc05a3fe42abbb54c91d131f9,exact_group,exact,1
ral_2026_general_113_013,rd_2026_general_revenue_14_02_08_16_14_3645300000,2026_general_expenditure_03_01_02_08_03,2026_general_expenditure_03_01_02,general,生活支援体制整備事業,生活支援体制整備事業,365,113,219,matched,page_and_exact_name,not_available,,r8tousyoyosanallpage.pdf,"14 生活支援体制整備事業(高齢福祉部) 23,100
充当事業:生活支援体制整備事業・P365",target_page_account_and_exact_name_unique;page_offset=2,bpi_bd482fb02dfd2b7d23b6056c43a42481a34645424e6f602e8933258d5dfd38a4,exact_group,exact,1
ral_2026_general_113_014,rd_2026_general_revenue_14_02_08_16_15_3645300000,2026_general_expenditure_03_01_02_08_04,2026_general_expenditure_03_01_02,general,一般介護予防事業,一般介護予防事業,365,113,219,matched,page_and_exact_name,not_available,,r8tousyoyosanallpage.pdf,"15 一般介護予防事業(高齢福祉部) 6,966
充当事業:一般介護予防事業・P365",target_page_account_and_exact_name_unique;page_offset=2,bpi_2bc4b15ad40b4a07db248a5de038814f366a8a31e49a024262823083bd3fd9ea,exact_group,exact,1
ral_2026_general_113_015,rd_2026_general_revenue_14_02_08_16_16_3645200000,2026_general_expenditure_03_01_02_08_05,2026_general_expenditure_03_01_02,general,シニアボランティアポイント事業,シニアボランティアポイント事業,365,113,219,matched,page_and_exact_name,not_available,,r8tousyoyosanallpage.pdf,"16 シニアボランティアポイント事業(高齢福祉部) 366
充当事業:シニアボランティアポイント事業・P365",target_page_account_and_exact_name_unique;page_offset=2,bpi_546e83b12fc9d686cd316c2682140b2a5643f16ea9b91f6e400bc79a5f1ccd37,exact_group,exact,1
ral_2026_general_113_016,rd_2026_general_revenue_14_02_08_16_24_3595200000,2026_general_expenditure_03_01_01_03_94,2026_general_expenditure_03_01_01,general,地域福祉資源開発事業,地域福祉資源開発事業,361,113,219,matched,page_and_exact_name,not_available,,r8tousyoyosanallpage.pdf,"24 多機関協働事業(保健福祉政策部) 13,750
充当事業:地域福祉資源開発事業・P361",target_page_account_and_exact_name_unique;page_offset=4,bpi_62717f81d312e852c8baec4fd5cffa73054a97dc214e440199a8ae0908c28e00,exact_group,exact,1
ral_2026_general_113_017,rd_2026_general_revenue_14_02_08_16_25_3665570000,2026_general_expenditure_03_02_01_01_04,2026_general_expenditure_03_02_01,general,子ども家庭支援センター運営事業,子ども家庭支援センター運営事業,375,113,219,matched,page_and_exact_name,not_available,,r8tousyoyosanallpage.pdf,"25 利用者支援事業(こども家庭センター型)(子ども・若者部) 10,079
充当事業:子ども家庭支援センター運営事業・P375",target_page_account_and_exact_name_unique;page_offset=0,bpi_ddff1041ff24ce4ef51cc14e284644c4cafd542812826a38e7001236cadb04b8,exact_group,exact,1
ral_2026_general_113_018,rd_2026_general_revenue_14_02_08_16_26_3785200000,2026_general_expenditure_05_03_05_01_09,2026_general_expenditure_05_03_05,general,母子保健知識等の普及と啓発,母子保健知識等の普及と啓発,405,113,219,matched,page_and_exact_name,not_available,,r8tousyoyosanallpage.pdf,"26 利用者支援事業(こども家庭センター型)(世田谷保健所) 10,265
充当事業:母子保健知識等の普及と啓発・P405",target_page_account_and_exact_name_unique;page_offset=0,bpi_d61daf79353f3f19f6f1052baa04cb594662427887ed92f6af0f909f54216ea4,exact_group,exact,1
ral_2026_general_113_019,rd_2026_general_revenue_14_02_08_16_28_3665150000,2026_general_expenditure_03_02_01_01_37,2026_general_expenditure_03_02_01,general,青少年交流センターでの若者の主体的な活動の推進,青少年交流センターでの若者の主体的な活動の推進,377,113,219,matched,page_and_exact_name,not_available,,r8tousyoyosanallpage.pdf,"28 地域子育て支援拠点事業(青少年交流センター)(子ども・若者部) 714
充当事業:青少年交流センターでの若者の主体的な活動の推進・P377",target_page_account_and_exact_name_unique;page_offset=2,bpi_db51b5e9151e467a28cb8afb1b75fac74f19c50d30b713c2229fe408a92d90e3,exact_group,exact,1
ral_2026_general_114_001,rd_2026_general_revenue_14_02_08_20_02_3665200000,2026_general_expenditure_03_02_06_01_03,2026_general_expenditure_03_02_06,general,学童クラブ運営,学童クラブ運営,383,114,221,matched,page_and_exact_name,not_available,,r8tousyoyosanallpage.pdf,"2 学童クラブ事業(子ども・若者部) 103,700
充当事業:学童クラブ運営・P383",target_page_account_and_exact_name_unique;page_offset=0,bpi_b3f0f775f7a8418d16387028882a91f33dd64c33e41cb23bb0bd6440c56bbacc,exact_group,exact,1
ral_2026_general_114_002,rd_2026_general_revenue_14_02_08_21_01_3655300000,2026_general_expenditure_03_01_16_01_42,2026_general_expenditure_03_01_16,general,梅ヶ丘拠点障害児通所事業運営助成,梅ヶ丘拠点障害児通所事業運営助成,371,114,221,matched,page_and_exact_name,not_available,,r8tousyoyosanallpage.pdf,"1 医療的ケア児及び重症心身障害児の放課後等支援事業補助金(障害福祉部) 5,000
充当事業:梅ヶ丘拠点障害児通所事業運営助成・P371",target_page_account_and_exact_name_unique;page_offset=2,bpi_e8eb68dd92f5ee9cfc1d7b973b15adbab7660276ec630760f33cfbfe4bd4dcea,exact_group,exact,1
ral_2026_general_114_003,rd_2026_general_revenue_14_02_08_23_02_3665200000,2026_general_expenditure_03_02_06_01_03,2026_general_expenditure_03_02_06,general,学童クラブ運営,学童クラブ運営,383,114,221,matched,page_and_exact_name,not_available,,r8tousyoyosanallpage.pdf,"2 都型学童クラブ事業(子ども・若者部) 8,184
充当事業:学童クラブ運営・P383",target_page_account_and_exact_name_unique;page_offset=0,bpi_b3f0f775f7a8418d16387028882a91f33dd64c33e41cb23bb0bd6440c56bbacc,exact_group,exact,1
ral_2026_general_114_004,rd_2026_general_revenue_14_02_08_24_01_3665580000,2026_general_expenditure_03_02_01_01_98,2026_general_expenditure_03_02_01,general,医療的ケア児預かりの充実,医療的ケア児預かりの充実,379,114,221,matched,page_and_exact_name,not_available,,r8tousyoyosanallpage.pdf,"1 医療的ケア児保育支援事業(子ども・若者部) 1,972
充当事業:医療的ケア児預かりの充実・P379",target_page_account_and_exact_name_unique;page_offset=4,bpi_c2311388ecf39ba0351c09d83be65fc55c84481aee24607b3c958df058e81648,exact_group,exact,1
ral_2026_general_114_005,rd_2026_general_revenue_14_02_08_31_01_3655100000,2026_general_expenditure_03_01_03_03_01,2026_general_expenditure_03_01_03,general,障害者ホームヘルパー等派遣,障害者ホームヘルパー等派遣,367,114,221,matched,page_and_exact_name,not_available,,r8tousyoyosanallpage.pdf,"1 在宅レスパイト・就労等支援事業(障害福祉部) 23,131
充当事業:障害者ホームヘルパー等派遣・P367",target_page_account_and_exact_name_unique;page_offset=0,bpi_39e9fd68b4d06f857cf08be47b46b05f303b047be9c3a2cf5f21664442fec9c6,exact_group,exact,1
ral_2026_general_114_006,rd_2026_general_revenue_14_02_08_33_02_3665500000,2026_general_expenditure_03_02_03_01_05,2026_general_expenditure_03_02_03,general,子ども医療費助成,子ども医療費助成,381,114,221,matched,page_and_exact_name,not_available,,r8tousyoyosanallpage.pdf,"2 高校生等医療費助成事業(子ども・若者部) 439,944
充当事業:子ども医療費助成・P381",target_page_account_and_exact_name_unique;page_offset=0,bpi_3b107869af5b7488db64769d2266f5d7a541cbb215f1fa9a35f3f3113b415754,exact_group,exact,1
ral_2026_general_114_007,rd_2026_general_revenue_14_02_08_34_01_3595200000,2026_general_expenditure_03_01_01_03_88,2026_general_expenditure_03_01_01,general,生活安定支援事業,生活安定支援事業,359,114,221,matched,page_and_exact_name,not_available,,r8tousyoyosanallpage.pdf,"1 受験生チャレンジ支援貸付窓口の運営事業(保健福祉政策部) 9,799
充当事業:生活安定支援事業・P359",target_page_account_and_exact_name_unique;page_offset=2,bpi_d974b21cbe467b7437eaee7177ba809970ef5bfa4100fb88976f9122e4dbba54,exact_group,exact,1
ral_2026_general_114_008,rd_2026_general_revenue_14_02_08_35_02_3665590000,2026_general_expenditure_03_02_01_01_11,2026_general_expenditure_03_02_01,general,保育料負担軽減補助,保育料負担軽減補助,375,114,221,matched,page_and_exact_name,not_available,,r8tousyoyosanallpage.pdf,"2 多子世帯負担軽減(子ども・若者部) 30,240
充当事業:保育料負担軽減補助・P375",target_page_account_and_exact_name_unique;page_offset=0,bpi_f54fe13212d6851386a6b4e64de6d4c79f4d43c64183365c6c7c1e5617fcf8b1,exact_group,exact,1
ral_2026_general_114_009,rd_2026_general_revenue_14_02_08_35_08_3665590000,2026_general_expenditure_03_02_01_01_36,2026_general_expenditure_03_02_01,general,認可外保育施設の一時預かり事業の推進,認可外保育施設の一時預かり事業の推進,377,114,221,matched,page_and_exact_name,not_available,,r8tousyoyosanallpage.pdf,"8 都単独型一時預かり事業(子ども・若者部) 1,131
充当事業:認可外保育施設の一時預かり事業の推進・P377",target_page_account_and_exact_name_unique;page_offset=2,bpi_91f966c1dccf8dd2c999fc417a9154eeba3870705893b183fc40bd80030c615d,exact_group,exact,1
ral_2026_general_114_010,rd_2026_general_revenue_14_02_08_37_04_3665150000,2026_general_expenditure_03_02_01_01_37,2026_general_expenditure_03_02_01,general,青少年交流センターでの若者の主体的な活動の推進,青少年交流センターでの若者の主体的な活動の推進,377,114,221,matched,page_and_exact_name,not_available,,r8tousyoyosanallpage.pdf,"4 若者福祉的就労プログラム事業(池之上青少年交流センター)(子ども・若者部) 1,625
充当事業:青少年交流センターでの若者の主体的な活動の推進・P377",target_page_account_and_exact_name_unique;page_offset=2,bpi_db51b5e9151e467a28cb8afb1b75fac74f19c50d30b713c2229fe408a92d90e3,exact_group,exact,1
ral_2026_general_114_011,rd_2026_general_revenue_14_02_08_37_05_3665150000,2026_general_expenditure_03_02_01_01_37,2026_general_expenditure_03_02_01,general,青少年交流センターでの若者の主体的な活動の推進,青少年交流センターでの若者の主体的な活動の推進,377,114,221,matched,page_and_exact_name,not_available,,r8tousyoyosanallpage.pdf,"5 若者福祉的就労プログラム事業(野毛青少年交流センター)(子ども・若者部) 2,110
充当事業:青少年交流センターでの若者の主体的な活動の推進・P377",target_page_account_and_exact_name_unique;page_offset=2,bpi_db51b5e9151e467a28cb8afb1b75fac74f19c50d30b713c2229fe408a92d90e3,exact_group,exact,1
ral_2026_general_114_012,rd_2026_general_revenue_14_02_08_37_06_3665150000,2026_general_expenditure_03_02_01_01_37,2026_general_expenditure_03_02_01,general,青少年交流センターでの若者の主体的な活動の推進,青少年交流センターでの若者の主体的な活動の推進,377,114,221,matched,page_and_exact_name,not_available,,r8tousyoyosanallpage.pdf,"6 若者福祉的就労プログラム事業(希望丘青少年交流センター)(子ども・若者部) 3,319
充当事業:青少年交流センターでの若者の主体的な活動の推進・P377",target_page_account_and_exact_name_unique;page_offset=2,bpi_db51b5e9151e467a28cb8afb1b75fac74f19c50d30b713c2229fe408a92d90e3,exact_group,exact,1
ral_2026_general_115_001,rd_2026_general_revenue_14_02_08_46_05_3665150000,2026_general_expenditure_03_02_01_02_02,2026_general_expenditure_03_02_01,general,青少年交流センター整備,青少年交流センター整備,379,115,223,matched,page_and_exact_name,not_available,,r8tousyoyosanallpage.pdf,"5 子供・長寿・居場所区市町村包括補助事業(子ども・若者部) 42,672
充当事業:青少年交流センター整備・P379",target_page_account_and_exact_name_unique;page_offset=4,bpi_41871d9082b25e4e3f92570e4cc55d2992ca46ce05e4a07bc86070a331d9e907,exact_group,exact,1
ral_2026_general_115_002,rd_2026_general_revenue_14_02_08_48_08_3665580000,2026_general_expenditure_03_02_01_01_38,2026_general_expenditure_03_02_01,general,認可保育施設等の一時預かり事業の推進,認可保育施設等の一時預かり事業の推進,377,115,223,matched,page_and_exact_name,not_available,,r8tousyoyosanallpage.pdf,"8 私立保育園(子ども・若者部) 209,104
充当事業:認可保育施設等の一時預かり事業の推進・P377",target_page_account_and_exact_name_unique;page_offset=2,bpi_cfd43136e9ab8956cee74c3a6a0a6683b01e852b3a0be5c71df3b7da0b8c6209,exact_group,exact,1
ral_2026_general_115_003,rd_2026_general_revenue_14_02_08_48_09_3665580000,2026_general_expenditure_03_02_01_01_38,2026_general_expenditure_03_02_01,general,認可保育施設等の一時預かり事業の推進,認可保育施設等の一時預かり事業の推進,377,115,223,matched,page_and_exact_name,not_available,,r8tousyoyosanallpage.pdf,"9 認定こども園(子ども・若者部) 9,091
充当事業:認可保育施設等の一時預かり事業の推進・P377",target_page_account_and_exact_name_unique;page_offset=2,bpi_cfd43136e9ab8956cee74c3a6a0a6683b01e852b3a0be5c71df3b7da0b8c6209,exact_group,exact,1
ral_2026_general_115_004,rd_2026_general_revenue_14_02_08_48_10_3665580000,2026_general_expenditure_03_02_01_01_38,2026_general_expenditure_03_02_01,general,認可保育施設等の一時預かり事業の推進,認可保育施設等の一時預かり事業の推進,377,115,223,matched,page_and_exact_name,not_available,,r8tousyoyosanallpage.pdf,"10 特定地域型保育事業(子ども・若者部) 72,733
充当事業:認可保育施設等の一時預かり事業の推進・P377",target_page_account_and_exact_name_unique;page_offset=2,bpi_cfd43136e9ab8956cee74c3a6a0a6683b01e852b3a0be5c71df3b7da0b8c6209,exact_group,exact,1
ral_2026_general_115_005,rd_2026_general_revenue_14_02_08_48_11_3665580000,2026_general_expenditure_03_02_01_01_38,2026_general_expenditure_03_02_01,general,認可保育施設等の一時預かり事業の推進,認可保育施設等の一時預かり事業の推進,377,115,223,matched,page_and_exact_name,not_available,,r8tousyoyosanallpage.pdf,"11 私立幼稚園(施設型給付)(子ども・若者部) 44,118
充当事業:認可保育施設等の一時預かり事業の推進・P377",target_page_account_and_exact_name_unique;page_offset=2,bpi_cfd43136e9ab8956cee74c3a6a0a6683b01e852b3a0be5c71df3b7da0b8c6209,exact_group,exact,1
ral_2026_general_115_006,rd_2026_general_revenue_14_02_08_48_12_3665590000,2026_general_expenditure_03_02_01_01_36,2026_general_expenditure_03_02_01,general,認可外保育施設の一時預かり事業の推進,認可外保育施設の一時預かり事業の推進,377,115,223,matched,page_and_exact_name,not_available,,r8tousyoyosanallpage.pdf,"12 認証保育所(子ども・若者部) 238,090
充当事業:認可外保育施設の一時預かり事業の推進・P377",target_page_account_and_exact_name_unique;page_offset=2,bpi_91f966c1dccf8dd2c999fc417a9154eeba3870705893b183fc40bd80030c615d,exact_group,exact,1
ral_2026_general_115_007,rd_2026_general_revenue_14_02_08_48_14_3665150000,2026_general_expenditure_02_01_01_01_29,2026_general_expenditure_02_01_01,general,こども誰でも通園制度,こども誰でも通園制度,317,115,223,matched,page_and_exact_name,not_available,,r8tousyoyosanallpage.pdf,"14 私立幼稚園(こども誰でも通園制度)(子ども・若者部) 13,951
充当事業:こども誰でも通園制度・P317",target_page_account_and_exact_name_unique;page_offset=0,bpi_9191ca3ce125f46a4f691cbbee2210ee57898959123f4b4cfdd6c8228aacee80,exact_group,exact,1
ral_2026_general_115_008,rd_2026_general_revenue_14_02_08_49_01_3665500000,2026_general_expenditure_03_02_01_01_26,2026_general_expenditure_03_02_01,general,在宅子育て支援,在宅子育て支援,375,115,223,matched,page_and_exact_name,not_available,,r8tousyoyosanallpage.pdf,"1 ファミリー・アテンダント先進事例創出事業補助金(子ども・若者部) 390,713
充当事業:在宅子育て支援・P375",target_page_account_and_exact_name_unique;page_offset=0,bpi_8a0f54d9e647e1a2b62e1075cb7040e5db102777c0d4afc9e87058e56ea4e4fb,exact_group,exact,1
ral_2026_general_115_009,rd_2026_general_revenue_14_02_08_50_01_3665590000,2026_general_expenditure_03_02_01_01_09,2026_general_expenditure_03_02_01,general,認証保育所事業,認証保育所事業,375,115,223,matched,page_and_exact_name,not_available,,r8tousyoyosanallpage.pdf,"1 認証保育所(子ども・若者部) 65,506
充当事業:認証保育所事業・P375",target_page_account_and_exact_name_unique;page_offset=0,bpi_6356950f0fc306661633092aebe00e0ee8dee735c9ee0df107ee159cb7bfa7f1,exact_group,exact,1
ral_2026_general_115_010,rd_2026_general_revenue_14_02_08_51_01_3785200000,2026_general_expenditure_05_03_05_01_04,2026_general_expenditure_05_03_05,general,保健福祉センター乳幼児健康診査,保健福祉センター乳幼児健康診査,405,115,223,matched,page_and_exact_name,not_available,,r8tousyoyosanallpage.pdf,"1 母子保健支援事業(世田谷保健所) 1,120
充当事業:保健福祉センター乳幼児健康診査・P405",target_page_account_and_exact_name_unique;page_offset=0,bpi_5b81f5972cea6ff79f543e44af8b370f3a063be92084ed4a3563986cae211c08,exact_group,exact,1
ral_2026_general_115_011,rd_2026_general_revenue_14_02_08_54_01_3655200000,2026_general_expenditure_03_01_16_01_31,2026_general_expenditure_03_01_16,general,生活介護事業運営,生活介護事業運営,369,115,223,matched,page_and_exact_name,not_available,,r8tousyoyosanallpage.pdf,"1 障害者日中活動系サービス推進事業(生活介護)(障害福祉部) 82,413
充当事業:生活介護事業運営・P369",target_page_account_and_exact_name_unique;page_offset=0,bpi_cd037da26e8c85d54176f7db24ef8082ad285bb27812b79ce63d7ba0333aae08,exact_group,exact,1
ral_2026_general_115_012,rd_2026_general_revenue_14_02_08_54_02_3655200000,2026_general_expenditure_03_01_16_01_32,2026_general_expenditure_03_01_16,general,就労移行・継続支援事業運営,就労移行・継続支援事業運営,369,115,223,matched,page_and_exact_name,not_available,,r8tousyoyosanallpage.pdf,"2 障害者日中活動系サービス推進事業(就労系)(障害福祉部) 249,426
充当事業:就労移行・継続支援事業運営・P369",target_page_account_and_exact_name_unique;page_offset=0,bpi_9fad8289f5aa68ac515874dc66a106ad20b8c6ba3d56dd6d8314a155a37e2522,exact_group,exact,1
ral_2026_general_115_013,rd_2026_general_revenue_14_02_08_54_03_3595110000,2026_general_expenditure_03_01_01_03_86,2026_general_expenditure_03_01_01,general,保健福祉サービス質の向上の推進,保健福祉サービス質の向上の推進,359,115,223,matched,page_and_exact_name,not_available,,r8tousyoyosanallpage.pdf,"3 障害者日中活動系サービス推進事業(第三者評価)(保健福祉政策部) 5,593
充当事業:保健福祉サービス質の向上の推進・P359",target_page_account_and_exact_name_unique;page_offset=2,bpi_0db879e6838637427c9ea43398b354c2e0c550180f6375b20698eb0c0409206f,exact_group,exact,1
ral_2026_general_115_014,rd_2026_general_revenue_14_02_08_56_01_3655300000,2026_general_expenditure_03_01_16_01_40,2026_general_expenditure_03_01_16,general,配慮を要する児童への支援事業,配慮を要する児童への支援事業,371,115,223,matched,page_and_exact_name,not_available,,r8tousyoyosanallpage.pdf,"1 巡回支援専門員整備事業(発達障害相談・療育センター)(障害福祉部) 831
充当事業:配慮を要する児童への支援事業・P371",target_page_account_and_exact_name_unique;page_offset=2,bpi_a0e9577342786c020a22796e2cca204df41dd09fdff99b7b54416d3fb2c87a9b,exact_group,exact,1
ral_2026_general_115_015,rd_2026_general_revenue_14_02_08_56_02_3655300000,2026_general_expenditure_03_01_03_04_20,2026_general_expenditure_03_01_03,general,技術支援(児童福祉施設)事業運営,技術支援（児童福祉施設）事業運営,369,115,223,matched,page_and_normalized_name,not_available,,r8tousyoyosanallpage.pdf,"2 巡回支援専門員整備事業(梅ヶ丘拠点障害者支援施設)(障害福祉部) 562
充当事業:技術支援(児童福祉施設)事業運営・P369",target_page_account_and_nfkc_name_unique;page_offset=2,bpi_f4b6bdcfa52a682c9e5acf43772c7da3616cfc7762e5e722da3ae93ed6d7062f,exact_group,exact,1
ral_2026_general_116_001,rd_2026_general_revenue_14_02_08_59_01_3655300000,2026_general_expenditure_03_01_16_01_40,2026_general_expenditure_03_01_16,general,配慮を要する児童への支援事業,配慮を要する児童への支援事業,371,116,225,matched,page_and_exact_name,not_available,,r8tousyoyosanallpage.pdf,"1 発達障害支援の中核的拠点事業(障害福祉部) 5,000
充当事業:配慮を要する児童への支援事業・P371",target_page_account_and_exact_name_unique;page_offset=2,bpi_a0e9577342786c020a22796e2cca204df41dd09fdff99b7b54416d3fb2c87a9b,exact_group,exact,1
ral_2026_general_116_002,rd_2026_general_revenue_14_02_08_59_04_4985100000,2026_general_expenditure_08_01_07_02_04,2026_general_expenditure_08_01_07,general,教育相談・ネットワーク連携,教育相談・ネットワーク連携,447,116,225,matched,page_and_exact_name,not_available,,r8tousyoyosanallpage.pdf,"4 教育相談事業(教育委員会事務局) 5,000
充当事業:教育相談・ネットワーク連携・P447",target_page_account_and_exact_name_unique;page_offset=0,bpi_203a76b084f136f09969c88b9e2a45b888ef145fa4d79fc0397eeffb0528787b,exact_group,exact,1
ral_2026_general_116_003,rd_2026_general_revenue_14_02_08_60_01_3645100000,2026_general_expenditure_03_01_02_03_12,2026_general_expenditure_03_01_02,general,高齢者補聴器購入費助成,高齢者補聴器購入費助成,363,116,225,matched,page_and_exact_name,not_available,,r8tousyoyosanallpage.pdf,"1 高齢者補聴器購入費助成(高齢福祉部) 14,704
充当事業:高齢者補聴器購入費助成・P363",target_page_account_and_exact_name_unique;page_offset=0,bpi_4ff711d08b714e4254a287a54ef3c1a135f8ef897ab3bfa94f5545b068c987b5,exact_group,exact,1
ral_2026_general_116_004,rd_2026_general_revenue_14_02_08_60_02_3655300000,2026_general_expenditure_03_01_03_04_18,2026_general_expenditure_03_01_03,general,障害者専門相談事業運営,障害者専門相談事業運営,369,116,225,matched,page_and_exact_name,not_available,,r8tousyoyosanallpage.pdf,"2 福祉用具相談(障害福祉部) 1,789
充当事業:障害者専門相談事業運営・P369",target_page_account_and_exact_name_unique;page_offset=2,bpi_c0518452b8effd4f79e81a32125ad81611708108cc1319ae3bdae965689d37fa,exact_group,exact,1
ral_2026_general_116_005,rd_2026_general_revenue_14_02_08_62_01_3595200000,2026_general_expenditure_03_01_01_03_88,2026_general_expenditure_03_01_01,general,生活安定支援事業,生活安定支援事業,359,116,225,matched,page_and_exact_name,not_available,,r8tousyoyosanallpage.pdf,"1 子供食堂推進事業(保健福祉政策部) 21,520
充当事業:生活安定支援事業・P359",target_page_account_and_exact_name_unique;page_offset=2,bpi_d974b21cbe467b7437eaee7177ba809970ef5bfa4100fb88976f9122e4dbba54,exact_group,exact,1
ral_2026_general_116_006,rd_2026_general_revenue_14_02_08_63_01_3665590000,2026_general_expenditure_03_02_01_01_09,2026_general_expenditure_03_02_01,general,認証保育所事業,認証保育所事業,375,116,225,matched,page_and_exact_name,not_available,,r8tousyoyosanallpage.pdf,"1 認証保育所事業(子ども・若者部) 20,042
充当事業:認証保育所事業・P375",target_page_account_and_exact_name_unique;page_offset=0,bpi_6356950f0fc306661633092aebe00e0ee8dee735c9ee0df107ee159cb7bfa7f1,exact_group,exact,1
ral_2026_general_116_007,rd_2026_general_revenue_14_02_08_64_01_3665590000,2026_general_expenditure_03_02_01_01_09,2026_general_expenditure_03_02_01,general,認証保育所事業,認証保育所事業,375,116,225,matched,page_and_exact_name,not_available,,r8tousyoyosanallpage.pdf,"1 認証保育所事業(子ども・若者部) 17,706
充当事業:認証保育所事業・P375",target_page_account_and_exact_name_unique;page_offset=0,bpi_6356950f0fc306661633092aebe00e0ee8dee735c9ee0df107ee159cb7bfa7f1,exact_group,exact,1
ral_2026_general_116_008,rd_2026_general_revenue_14_02_08_65_01_3665200000,2026_general_expenditure_03_02_06_01_03,2026_general_expenditure_03_02_06,general,学童クラブ運営,学童クラブ運営,383,116,225,matched,page_and_exact_name,not_available,,r8tousyoyosanallpage.pdf,"1 学童クラブ運営(子ども・若者部) 130,744
充当事業:学童クラブ運営・P383",target_page_account_and_exact_name_unique;page_offset=0,bpi_b3f0f775f7a8418d16387028882a91f33dd64c33e41cb23bb0bd6440c56bbacc,exact_group,exact,1
ral_2026_general_116_009,rd_2026_general_revenue_14_02_08_66_01_3645300000,2026_general_expenditure_03_01_02_05_21,2026_general_expenditure_03_01_02,general,認知症在宅生活サポートセンター認知症社会参加推進事業,認知症在宅生活サポートセンター認知症社会参加推進事業,365,116,225,matched,page_and_exact_name,not_available,,r8tousyoyosanallpage.pdf,"1 認知症在宅生活サポートセンター認知症社会参加推進事業(高齢福祉部) 2,675
充当事業:認知症在宅生活サポートセンター認知症社会参加推進事業・P365",target_page_account_and_exact_name_unique;page_offset=2,bpi_29700f9c1af9e5a0924069c05621ebcbe28fa74d9e71c2828463eee94894668f,exact_group,exact,1
ral_2026_general_116_010,rd_2026_general_revenue_14_02_08_66_02_3645300000,2026_general_expenditure_03_01_02_05_22,2026_general_expenditure_03_01_02,general,地域包括支援センター認知症社会参加推進事業,地域包括支援センター認知症社会参加推進事業,365,116,225,matched,page_and_exact_name,not_available,,r8tousyoyosanallpage.pdf,"2 地域包括支援センター認知症社会参加推進事業(高齢福祉部) 4,277
充当事業:地域包括支援センター認知症社会参加推進事業・P365",target_page_account_and_exact_name_unique;page_offset=2,bpi_de7721d58c48290903fb78f7388dbd525502c8067d987ad2a0180a35e156af5f,exact_group,exact,1
ral_2026_general_116_011,rd_2026_general_revenue_14_02_08_68_05_3665200000,2026_general_expenditure_03_02_06_01_03,2026_general_expenditure_03_02_06,general,学童クラブ運営,学童クラブ運営,383,116,225,matched,page_and_exact_name,not_available,,r8tousyoyosanallpage.pdf,"5 学童クラブ整備(子ども・若者部) 165,185
充当事業:学童クラブ運営・P383",target_page_account_and_exact_name_unique;page_offset=0,bpi_b3f0f775f7a8418d16387028882a91f33dd64c33e41cb23bb0bd6440c56bbacc,exact_group,exact,1
ral_2026_general_116_012,rd_2026_general_revenue_14_02_08_68_06_3665150000,2026_general_expenditure_03_02_01_02_01,2026_general_expenditure_03_02_01,general,子どもの権利擁護の推進,子どもの権利擁護の推進,379,116,225,matched,page_and_exact_name,not_available,,r8tousyoyosanallpage.pdf,"6 子どもの権利擁護(子ども・若者部) 23,700
充当事業:子どもの権利擁護の推進・P379",target_page_account_and_exact_name_unique;page_offset=4,bpi_fc86070a22f1d9a4bf844e9a29a8403dcf57720d1682a331bdc99cc9c7e20aad,exact_group,exact,1
ral_2026_general_116_013,rd_2026_general_revenue_14_02_08_68_06_3665150000,,2026_general_expenditure_09_01_03,general,会計年度任用職員の人件費(子ども・若者部),会計年度任用職員の人件費（子ども・若者部）,469,116,225,matched,page_name_department_identity_cluster,not_available,,r8tousyoyosanallpage.pdf,"6 子どもの権利擁護(子ども・若者部) 23,700
充当事業:会計年度任用職員の人件費(子ども・若者部)・P469",official_pdf_does_not_identify_internal_budget_program_group,bpi_b20577636fe2f4187fd662b1f0fc27c1a15b49e5c5e258c012206f3f329eb489,public_identity,not_distinguishable_from_public_source,2
ral_2026_general_116_014,rd_2026_general_revenue_14_02_08_69_01_3665200000,2026_general_expenditure_03_02_06_01_01,2026_general_expenditure_03_02_06,general,児童館運営,児童館運営,383,116,225,matched,page_and_exact_name,not_available,,r8tousyoyosanallpage.pdf,"1 児童館運営(子ども・若者部) 3,737
充当事業:児童館運営・P383",target_page_account_and_exact_name_unique;page_offset=0,bpi_942a7f15b4d7356dade676478eb8ce744a9cc7a485eacd6f22749f4ce2a5155f,exact_group,exact,1
ral_2026_general_116_015,rd_2026_general_revenue_14_02_08_69_02_3665200000,2026_general_expenditure_03_02_06_02_03,2026_general_expenditure_03_02_06,general,中高生支援事業,中高生支援事業,383,116,225,matched,page_and_exact_name,not_available,,r8tousyoyosanallpage.pdf,"2 中高生支援事業(子ども・若者部) 1,031
充当事業:中高生支援事業・P383",target_page_account_and_exact_name_unique;page_offset=0,bpi_3257164081662ef4ecdc2e99498541c4fb91cedaf8b2d86d7fc5544dcff52e66,exact_group,exact,1
ral_2026_general_116_016,rd_2026_general_revenue_14_02_08_69_03_3665200000,2026_general_expenditure_03_02_06_02_04,2026_general_expenditure_03_02_06,general,児童館キャンプ,児童館キャンプ,383,116,225,matched,page_and_exact_name,not_available,,r8tousyoyosanallpage.pdf,"3 児童館キャンプ(子ども・若者部) 1,060
充当事業:児童館キャンプ・P383",target_page_account_and_exact_name_unique;page_offset=0,bpi_2c852aac7aa9799721df8c8f52857a0163ca4e11acfae1592e3dfe91c82fda88,exact_group,exact,1
ral_2026_general_116_017,rd_2026_general_revenue_14_02_08_69_04_3665150000,2026_general_expenditure_03_02_01_01_37,2026_general_expenditure_03_02_01,general,青少年交流センターでの若者の主体的な活動の推進,青少年交流センターでの若者の主体的な活動の推進,377,116,225,matched,page_and_exact_name,not_available,,r8tousyoyosanallpage.pdf,"4 池之上青少年交流センター(子ども・若者部) 219
充当事業:青少年交流センターでの若者の主体的な活動の推進・P377",target_page_account_and_exact_name_unique;page_offset=2,bpi_db51b5e9151e467a28cb8afb1b75fac74f19c50d30b713c2229fe408a92d90e3,exact_group,exact,1
ral_2026_general_116_018,rd_2026_general_revenue_14_02_08_69_05_3665150000,2026_general_expenditure_03_02_01_01_37,2026_general_expenditure_03_02_01,general,青少年交流センターでの若者の主体的な活動の推進,青少年交流センターでの若者の主体的な活動の推進,377,116,225,matched,page_and_exact_name,not_available,,r8tousyoyosanallpage.pdf,"5 希望丘青少年交流センター(子ども・若者部) 214
充当事業:青少年交流センターでの若者の主体的な活動の推進・P377",target_page_account_and_exact_name_unique;page_offset=2,bpi_db51b5e9151e467a28cb8afb1b75fac74f19c50d30b713c2229fe408a92d90e3,exact_group,exact,1
ral_2026_general_117_001,rd_2026_general_revenue_14_02_08_69_06_3665150000,2026_general_expenditure_03_02_01_01_37,2026_general_expenditure_03_02_01,general,青少年交流センターでの若者の主体的な活動の推進,青少年交流センターでの若者の主体的な活動の推進,377,117,227,matched,page_and_exact_name,not_available,,r8tousyoyosanallpage.pdf,"6 野毛青少年交流センター(子ども・若者部) 229
充当事業:青少年交流センターでの若者の主体的な活動の推進・P377",target_page_account_and_exact_name_unique;page_offset=2,bpi_db51b5e9151e467a28cb8afb1b75fac74f19c50d30b713c2229fe408a92d90e3,exact_group,exact,1
ral_2026_general_117_002,rd_2026_general_revenue_14_02_08_69_07_3665150000,2026_general_expenditure_03_02_01_01_37,2026_general_expenditure_03_02_01,general,青少年交流センターでの若者の主体的な活動の推進,青少年交流センターでの若者の主体的な活動の推進,377,117,227,matched,page_and_exact_name,not_available,,r8tousyoyosanallpage.pdf,"7 大学連携による若者の居場所スーパーバイズ事業(子ども・若者部) 63
充当事業:青少年交流センターでの若者の主体的な活動の推進・P377",target_page_account_and_exact_name_unique;page_offset=2,bpi_db51b5e9151e467a28cb8afb1b75fac74f19c50d30b713c2229fe408a92d90e3,exact_group,exact,1
ral_2026_general_117_003,rd_2026_general_revenue_14_02_08_70_01_3665200000,2026_general_expenditure_03_02_06_01_03,2026_general_expenditure_03_02_06,general,学童クラブ運営,学童クラブ運営,383,117,227,matched,page_and_exact_name,not_available,,r8tousyoyosanallpage.pdf,"1 学童クラブ運営(子ども・若者部) 120,699
充当事業:学童クラブ運営・P383",target_page_account_and_exact_name_unique;page_offset=0,bpi_b3f0f775f7a8418d16387028882a91f33dd64c33e41cb23bb0bd6440c56bbacc,exact_group,exact,1
ral_2026_general_117_004,rd_2026_general_revenue_14_02_08_72_01_3665570000,2026_general_expenditure_03_02_01_01_96,2026_general_expenditure_03_02_01,general,養育支援等ホームヘルパー訪問事業,養育支援等ホームヘルパー訪問事業,379,117,227,matched,page_and_exact_name,not_available,,r8tousyoyosanallpage.pdf,"1 養育支援等ホームヘルパー訪問事業(子ども・若者部) 12,547
充当事業:養育支援等ホームヘルパー訪問事業・P379",target_page_account_and_exact_name_unique;page_offset=4,bpi_f0e1c562eb99ede5f81d313e966752f7107e76a25d3614bea0f31955c2024513,exact_group,exact,1
ral_2026_general_117_005,rd_2026_general_revenue_14_02_08_72_02_3665570000,2026_general_expenditure_03_02_01_01_24,2026_general_expenditure_03_02_01,general,セーフティネットの整備,セーフティネットの整備,375,117,227,matched,page_and_exact_name,not_available,,r8tousyoyosanallpage.pdf,"2 学生ボランティア派遣事業(子ども・若者部) 1,438
充当事業:セーフティネットの整備・P375",target_page_account_and_exact_name_unique;page_offset=0,bpi_d95351e271cf75f188df86946de66bcfd7376720c26b8ddb88f990c93677f157,exact_group,exact,1
ral_2026_general_117_006,rd_2026_general_revenue_14_02_08_74_01_3655100000,2026_general_expenditure_03_01_03_06_01,2026_general_expenditure_03_01_03,general,障害者自立支援給付,障害者自立支援給付,369,117,227,matched,page_and_exact_name,not_available,,r8tousyoyosanallpage.pdf,"1 児童発達支援事業所等利用支援事業(障害福祉部) 8,280
充当事業:障害者自立支援給付・P369",target_page_account_and_exact_name_unique;page_offset=2,bpi_be7553f41733bb99a982ad78c0f0049f541fe54a9cecd4ab5b6af2973d55ff32,exact_group,exact,1
ral_2026_general_117_007,rd_2026_general_revenue_14_02_08_75_01_3665580000,2026_general_expenditure_03_02_03_01_03,2026_general_expenditure_03_02_03,general,私立保育園運営,私立保育園運営,381,117,227,matched,page_and_exact_name,not_available,,r8tousyoyosanallpage.pdf,"1 私立保育園(子ども・若者部) 4,246,285
充当事業:私立保育園運営・P381",target_page_account_and_exact_name_unique;page_offset=0,bpi_19bacff6a2545c8ca7b835bb3f9f0a08d490992ea139a5070f3506ef5067a441,exact_group,exact,1
ral_2026_general_117_008,rd_2026_general_revenue_14_02_08_75_02_3665580000,2026_general_expenditure_03_02_03_01_14,2026_general_expenditure_03_02_03,general,特定地域型保育事業,特定地域型保育事業,381,117,227,matched,page_and_exact_name,not_available,,r8tousyoyosanallpage.pdf,"2 地域型保育事業(子ども・若者部) 256,736
充当事業:特定地域型保育事業・P381",target_page_account_and_exact_name_unique;page_offset=0,bpi_c3e09b21d66c0c25400cd650444267d7b9c41a6ce0b4edc5d4c60f63e57a1027,exact_group,exact,1
ral_2026_general_117_009,rd_2026_general_revenue_14_02_08_75_03_3665580000,2026_general_expenditure_03_02_03_01_13,2026_general_expenditure_03_02_03,general,認定こども園運営,認定こども園運営,381,117,227,matched,page_and_exact_name,not_available,,r8tousyoyosanallpage.pdf,"3 認定こども園(子ども・若者部) 110,922
充当事業:認定こども園運営・P381",target_page_account_and_exact_name_unique;page_offset=0,bpi_85cf890e8ddb0fc6f130ed8798b6f4e11a89dbc34309b8558ae7a8731ac2ce01,exact_group,exact,1
ral_2026_general_117_010,rd_2026_general_revenue_14_02_08_75_04_3665580000,2026_general_expenditure_03_02_05_01_01,2026_general_expenditure_03_02_05,general,区立保育園運営,区立保育園運営,381,117,227,matched,page_and_exact_name,not_available,,r8tousyoyosanallpage.pdf,"4 区立保育園(子ども・若者部) 590,224
充当事業:区立保育園運営・P381",target_page_account_and_exact_name_unique;page_offset=0,bpi_cd88696d105d5fd4493ad43119716ef01897dc1ccd62a75e668a2c9179db33a0,exact_group,exact,1
ral_2026_general_117_011,rd_2026_general_revenue_14_02_08_78_01_3665150000,2026_general_expenditure_03_02_01_02_02,2026_general_expenditure_03_02_01,general,青少年交流センター整備,青少年交流センター整備,379,117,227,matched,page_and_exact_name,not_available,,r8tousyoyosanallpage.pdf,"1 青少年交流センター整備(子ども・若者部) 6,000
充当事業:青少年交流センター整備・P379",target_page_account_and_exact_name_unique;page_offset=4,bpi_41871d9082b25e4e3f92570e4cc55d2992ca46ce05e4a07bc86070a331d9e907,exact_group,exact,1
ral_2026_general_117_012,rd_2026_general_revenue_14_02_08_79_01_3645100000,2026_general_expenditure_03_01_01_03_99,2026_general_expenditure_03_01_01,general,高齢福祉部運営事業,高齢福祉部運営事業,361,117,227,matched,page_and_exact_name,not_available,,r8tousyoyosanallpage.pdf,"1 地域におけるケアプランデータ連携システム活用促進事業(高齢福祉部) 29,828
充当事業:高齢福祉部運営事業・P361",target_page_account_and_exact_name_unique;page_offset=4,bpi_626ba2a51b9c462a4f7a5d54988d18fe15de9f101795c6b8a3a2cc2525a0ffed,exact_group,exact,1
ral_2026_general_117_013,rd_2026_general_revenue_14_02_08_80_02_3665590000,,2026_general_expenditure_03_02_01,general,ベビーシッター利用支援事業,ベビーシッター利用支援事業,379,117,227,matched,page_name_department_identity_cluster,not_available,,r8tousyoyosanallpage.pdf,"2 ベビーシッター利用支援事業(一時預かり利用支援)(子ども・若者部) 392,935
充当事業:ベビーシッター利用支援事業・P379",official_pdf_does_not_identify_internal_budget_program_group,bpi_020d87bdb6f88645e4edc52434ec6ef3f834637ed366ef07f96a394c3dedd7d4,public_identity,not_distinguishable_from_public_source,2
ral_2026_general_118_001,rd_2026_general_revenue_14_02_08_82_01_3665570000,2026_general_expenditure_03_02_01_01_24,2026_general_expenditure_03_02_01,general,セーフティネットの整備,セーフティネットの整備,375,118,229,matched,page_and_exact_name,not_available,,r8tousyoyosanallpage.pdf,"1 要支援家庭を対象としたショートステイ事業(子ども・若者部) 5,060
充当事業:セーフティネットの整備・P375",target_page_account_and_exact_name_unique;page_offset=0,bpi_d95351e271cf75f188df86946de66bcfd7376720c26b8ddb88f990c93677f157,exact_group,exact,1
ral_2026_general_118_002,rd_2026_general_revenue_14_02_08_83_01_3645300000,2026_general_expenditure_03_01_02_05_17,2026_general_expenditure_03_01_02,general,認知症施策運営事業,認知症施策運営事業,365,118,229,matched,page_and_exact_name,not_available,,r8tousyoyosanallpage.pdf,"1 認知症サポート検診事業補助金(高齢福祉部) 2,341
充当事業:認知症施策運営事業・P365",target_page_account_and_exact_name_unique;page_offset=2,bpi_0005e1c9534100821b30f68dddfefb0f6581363263975a9b8e609894dc283463,exact_group,exact,1
ral_2026_general_118_003,rd_2026_general_revenue_14_02_08_83_02_3095100000,2026_general_expenditure_02_01_04_01_05,2026_general_expenditure_02_01_04,general,庁内電算機システム運用,庁内電算機システム運用,321,118,229,matched,page_and_exact_name,not_available,,r8tousyoyosanallpage.pdf,"2 認知症サポート検診事業補助金(DX推進担当部) 999
充当事業:庁内電算機システム運用・P321",target_page_account_and_exact_name_unique;page_offset=0,bpi_0cb7e983c1d9136ef5a28ea701736e9b27f40a8e32b773e0c7e97a1be33627fe,exact_group,exact,1
ral_2026_general_119_001,rd_2026_general_revenue_14_03_01_01_06_3355300000,2026_general_expenditure_02_02_02_01_01,2026_general_expenditure_02_02_02,general,区税賦課,区税賦課,325,119,231,matched,page_and_exact_name,not_available,,r8tousyoyosanallpage.pdf,"6 徴税費(財務部) 1,925,292
充当事業:区税賦課・P325",target_page_account_and_exact_name_unique;page_offset=0,bpi_d868092c0dfb0b8bba64746beb2be9cd5ccb1935b9c1ed4548ceb478bdd9c2c1,exact_group,exact,1
ral_2026_general_119_002,rd_2026_general_revenue_14_03_01_01_06_3355300000,2026_general_expenditure_02_01_04_01_08,2026_general_expenditure_02_01_04,general,基幹業務システム運用,基幹業務システム運用,321,119,231,matched,page_and_exact_name,not_available,,r8tousyoyosanallpage.pdf,"6 徴税費(財務部) 1,925,292
充当事業:基幹業務システム運用・P321",target_page_account_and_exact_name_unique;page_offset=0,bpi_c8f71e18c243fb14f7f2387161d408a5dbaf9a28862c72b9dc2c824621dfe7e4,exact_group,exact,1
ral_2026_general_119_003,rd_2026_general_revenue_14_03_01_01_06_3355300000,2026_general_expenditure_02_01_08_01_01,2026_general_expenditure_02_01_08,general,公金取扱手数料,公金取扱手数料,323,119,231,matched,page_and_exact_name,not_available,,r8tousyoyosanallpage.pdf,"6 徴税費(財務部) 1,925,292
充当事業:公金取扱手数料・P323",target_page_account_and_exact_name_unique;page_offset=0,bpi_851cbc3f0a76e721ff9b3c26d645b93d67bd23a2b0492b5ff9f29cbe52982416,exact_group,exact,1
ral_2026_general_119_004,rd_2026_general_revenue_14_03_01_01_06_3355300000,2026_general_expenditure_02_02_01_01_01,2026_general_expenditure_02_02_01,general,納税奨励,納税奨励,325,119,231,matched,page_and_exact_name,not_available,,r8tousyoyosanallpage.pdf,"6 徴税費(財務部) 1,925,292
充当事業:納税奨励・P325",target_page_account_and_exact_name_unique;page_offset=0,bpi_0342095b88060e967ae274ee6e2ee1e97debd297243cef51ce8fa26e1ec3d8e9,exact_group,exact,1
ral_2026_general_119_005,rd_2026_general_revenue_14_03_01_01_06_3355300000,2026_general_expenditure_02_02_01_01_02,2026_general_expenditure_02_02_01,general,納税意識啓発事業,納税意識啓発事業,325,119,231,matched,page_and_exact_name,not_available,,r8tousyoyosanallpage.pdf,"6 徴税費(財務部) 1,925,292
充当事業:納税意識啓発事業・P325",target_page_account_and_exact_name_unique;page_offset=0,bpi_1648ec561aaef4f7d70cdf8751234084887a29cf35b91cd10e1dfcda64487bf0,exact_group,exact,1
ral_2026_general_119_006,rd_2026_general_revenue_14_03_01_01_06_3355300000,2026_general_expenditure_02_02_02_01_02,2026_general_expenditure_02_02_02,general,区税徴収,区税徴収,325,119,231,matched,page_and_exact_name,not_available,,r8tousyoyosanallpage.pdf,"6 徴税費(財務部) 1,925,292
充当事業:区税徴収・P325",target_page_account_and_exact_name_unique;page_offset=0,bpi_33e89cb42b3447c815f652a156d83aec3fbf81f2b7f156bd38dc0832c5023412,exact_group,exact,1
ral_2026_general_119_007,rd_2026_general_revenue_14_03_01_02_04_3415100000,2026_general_expenditure_02_03_01_01_11,2026_general_expenditure_02_03_01,general,区広報板維持管理,区広報板維持管理,327,119,231,matched,page_and_exact_name,not_available,,r8tousyoyosanallpage.pdf,"4 自衛隊員募集(地域行政部) 200
充当事業:区広報板維持管理・P327",target_page_account_and_exact_name_unique;page_offset=0,bpi_c428fc69da6c8cc79ef71acd4bc1643c0bafcc9050050214320c02f3c21f62bf,exact_group,exact,1
ral_2026_general_119_008,rd_2026_general_revenue_14_03_01_03_04_3065400000,2026_general_expenditure_02_05_04_01_01,2026_general_expenditure_02_05_04,general,基幹統計調査,基幹統計調査,347,119,231,matched,page_and_exact_name,not_available,,r8tousyoyosanallpage.pdf,"4 基幹統計(政策経営部) 67,236
充当事業:基幹統計調査・P347",target_page_account_and_exact_name_unique;page_offset=0,bpi_1fa1a581af2e8f4f04c375a5f6842a2c4ab791d022049846c409badf8721fc43,exact_group,exact,1
ral_2026_general_119_009,rd_2026_general_revenue_14_03_01_03_06_3065100000,,2026_general_expenditure_09_01_02,general,会計年度任用職員の人件費(政策経営部),会計年度任用職員の人件費（政策経営部）,467,119,231,matched,page_name_department_identity_cluster,not_available,,r8tousyoyosanallpage.pdf,"6 基幹統計(政策経営部) 738
充当事業:会計年度任用職員の人件費(政策経営部)・P467",official_pdf_does_not_identify_internal_budget_program_group,bpi_9e17ec8a82ad9617376b596db8314c0b6c9e1f7f25ba095dd7e0658be37011d5,public_identity,not_distinguishable_from_public_source,2
ral_2026_general_119_010,rd_2026_general_revenue_14_03_01_03_07_3065100000,2026_general_expenditure_02_01_03_01_01,2026_general_expenditure_02_01_03,general,政策経営部庶務事務,政策経営部庶務事務,319,119,231,matched,page_and_exact_name,not_available,,r8tousyoyosanallpage.pdf,"7 基幹統計(政策経営部) 29,570
充当事業:政策経営部庶務事務・P319",target_page_account_and_exact_name_unique;page_offset=0,bpi_d20f8dd995304ee1b4326a41cef4d4af14311b2709bd5313aa727099e18fd6a5,exact_group,exact,1
ral_2026_general_119_011,rd_2026_general_revenue_14_03_01_04_01_3415220000,2026_general_expenditure_02_04_02_01_01,2026_general_expenditure_02_04_02,general,住民記録事務,住民記録事務,345,119,231,matched,page_and_exact_name,not_available,,r8tousyoyosanallpage.pdf,"1 住民記録(地域行政部) 1,510
充当事業:住民記録事務・P345",target_page_account_and_exact_name_unique;page_offset=0,bpi_fe3a39722e0e3cab08c1a4409be06e903b0734d21b08fc51170971071e24a644,exact_group,exact,1
ral_2026_general_119_012,rd_2026_general_revenue_14_03_01_05_01_3415220000,2026_general_expenditure_02_04_01_01_01,2026_general_expenditure_02_04_01,general,戸籍事務,戸籍事務,345,119,231,matched,page_and_exact_name,not_available,,r8tousyoyosanallpage.pdf,"1 戸籍統計(地域行政部) 722
充当事業:戸籍事務・P345",target_page_account_and_exact_name_unique;page_offset=0,bpi_4b4c6cdbcd06be015205014589ca4f2550474e623b59b459e53a8801fb24fd1d,exact_group,exact,1
ral_2026_general_119_013,rd_2026_general_revenue_14_03_01_12_01_5305100000,2026_general_expenditure_02_07_01_02_01,2026_general_expenditure_02_07_01,general,選挙管理委員会庶務事務,選挙管理委員会庶務事務,349,119,231,matched,page_and_exact_name,not_available,,r8tousyoyosanallpage.pdf,"1 住所地・本籍地登録(選挙管理委員会事務局) 450
充当事業:選挙管理委員会庶務事務・P349",target_page_account_and_exact_name_unique;page_offset=0,bpi_439e3890df431113362da3059e3647bed919d14859df06eacf89f3f8121846bd,exact_group,exact,1
ral_2026_general_119_014,rd_2026_general_revenue_14_03_01_13_01_3205500000,2026_general_expenditure_09_01_02_01_02,2026_general_expenditure_09_01_02,general,総務関係事務従事職員の人件費,総務関係事務従事職員の人件費,465,119,231,matched,page_and_exact_name,not_available,,r8tousyoyosanallpage.pdf,"1 事務処理特例交付金(総務部) 406,000
充当事業:総務関係事務従事職員の人件費・P465",target_page_account_and_exact_name_unique;page_offset=0,bpi_88eb8874cf6e6990e0a9e42edfeb5f6bb0b30dac9672ec5c4c20c048e9a2e1b4,exact_group,exact,1
ral_2026_general_119_015,rd_2026_general_revenue_14_03_01_13_09_3895400000,2026_general_expenditure_07_03_05_01_07,2026_general_expenditure_07_03_05,general,河川・水路整備(玉川・砧),河川・水路整備（玉川・砧）,429,119,231,matched,page_and_normalized_name,not_available,,r8tousyoyosanallpage.pdf,"9 事務処理特例交付金(河川)(土木部) 48,708
充当事業:河川・水路整備(玉川・砧)・P429",target_page_account_and_nfkc_name_unique;page_offset=0,bpi_e5e5dabe1b8f63938ebd282367449637c86f5f5d66f4923448f92f5f140329e2,exact_group,exact,1
ral_2026_general_119_016,rd_2026_general_revenue_14_03_01_13_10_3895300000,2026_general_expenditure_07_03_05_01_06,2026_general_expenditure_07_03_05,general,河川・水路整備(世田谷・北沢・烏山),河川・水路整備（世田谷・北沢・烏山）,429,119,231,matched,page_and_normalized_name,not_available,,r8tousyoyosanallpage.pdf,"10 事務処理特例交付金(河川)(土木部) 9,009
充当事業:河川・水路整備(世田谷・北沢・烏山)・P429",target_page_account_and_nfkc_name_unique;page_offset=0,bpi_087a3eb0853f8be313f6a1d6a2c7694afc0fd524713b04be8d97709a80e6ba26,exact_group,exact,1
ral_2026_general_119_017,rd_2026_general_revenue_14_03_01_13_12_3815100000,2026_general_expenditure_09_01_07_01_10,2026_general_expenditure_09_01_07,general,会計年度任用職員の人件費(都市整備政策部),会計年度任用職員の人件費（都市整備政策部）,471,119,231,matched,page_and_normalized_name,not_available,,r8tousyoyosanallpage.pdf,"12 事務処理特例交付金(都市整備政策部) 6,024
充当事業:会計年度任用職員の人件費(都市整備政策部)・P471",target_page_account_and_nfkc_name_unique;page_offset=0,bpi_160eb5548a15560a8844f0e8ba391aaa2ac566bece093319999a2464997ff584,exact_group,exact,1
ral_2026_general_119_018,rd_2026_general_revenue_14_03_01_13_12_3815100000,2026_general_expenditure_09_01_07_01_01,2026_general_expenditure_09_01_07,general,土木関係事務従事職員の人件費,土木関係事務従事職員の人件費,471,119,231,matched,page_and_exact_name,not_available,,r8tousyoyosanallpage.pdf,"12 事務処理特例交付金(都市整備政策部) 6,024
充当事業:土木関係事務従事職員の人件費・P471",target_page_account_and_exact_name_unique;page_offset=0,bpi_6defa968f245a1daf2d467f021bd8c3d52d87579f5b7d449db5be58808ca5162,exact_group,exact,1
ral_2026_general_119_019,rd_2026_general_revenue_14_03_01_13_13_3465110000,2026_general_expenditure_09_01_04_01_06,2026_general_expenditure_09_01_04,general,会計年度任用職員の人件費(環境政策部),会計年度任用職員の人件費（環境政策部）,469,119,231,matched,page_and_normalized_name,not_available,,r8tousyoyosanallpage.pdf,"13 事務処理特例交付金(環境政策部) 42,767
充当事業:会計年度任用職員の人件費(環境政策部)・P469",target_page_account_and_nfkc_name_unique;page_offset=0,bpi_d875764da6ed62c98e434cb9d23ea268ab012271184d5cd51c16a38427a2597f,exact_group,exact,1
ral_2026_general_119_020,rd_2026_general_revenue_14_03_02_01_01_3785100000,2026_general_expenditure_05_01_03_01_01,2026_general_expenditure_05_01_03,general,衛生統計調査,衛生統計調査,399,119,231,matched,page_and_exact_name,not_available,,r8tousyoyosanallpage.pdf,"1 人口動態調査等(世田谷保健所) 3,222
充当事業:衛生統計調査・P399",target_page_account_and_exact_name_unique;page_offset=0,bpi_3d4c18743abbad33b0eff7902cc680dbfccac7a9187facdf74395c7753a4c131,exact_group,exact,1
ral_2026_general_119_021,rd_2026_general_revenue_14_03_02_01_03_3785100000,,2026_general_expenditure_09_01_05,general,会計年度任用職員の人件費(世田谷保健所),会計年度任用職員の人件費（世田谷保健所）,469,119,231,matched,page_name_department_identity_cluster,not_available,,r8tousyoyosanallpage.pdf,"3 人口動態調査等(世田谷保健所) 405
充当事業:会計年度任用職員の人件費(世田谷保健所)・P469",official_pdf_does_not_identify_internal_budget_program_group,bpi_11c09a256ac1f0b08b604ed1e947ffc80d0cb7edff4703759634a064845e0bd8,public_identity,not_distinguishable_from_public_source,2
ral_2026_general_119_022,rd_2026_general_revenue_14_03_02_02_09_3655300000,2026_general_expenditure_05_01_01_02_01,2026_general_expenditure_05_01_01,general,精神障害者保健福祉手帳等進達事務,精神障害者保健福祉手帳等進達事務,397,119,231,matched,page_and_exact_name,not_available,,r8tousyoyosanallpage.pdf,"9 小児精神病等(障害福祉部) 16,935
充当事業:精神障害者保健福祉手帳等進達事務・P397",target_page_account_and_exact_name_unique;page_offset=0,bpi_7a3ee8a75c47a08ccde7436f0fee145e328037c879ffe1688daec3d38216ee2f,exact_group,exact,1
ral_2026_general_120_001,rd_2026_general_revenue_14_03_02_02_09_3655300000,2026_general_expenditure_09_01_05_01_01,2026_general_expenditure_09_01_05,general,衛生関係事務従事職員の人件費,衛生関係事務従事職員の人件費,469,120,233,matched,page_and_exact_name,not_available,,r8tousyoyosanallpage.pdf,"9 小児精神病等(障害福祉部) 16,935
充当事業:衛生関係事務従事職員の人件費・P469",target_page_account_and_exact_name_unique;page_offset=0,bpi_9d639f61d0cd8ae35f2160fcb55a44122da0209fd05f067ee108471955cb843a,exact_group,exact,1
ral_2026_general_120_002,rd_2026_general_revenue_14_03_02_02_11_3785250000,2026_general_expenditure_05_03_07_03_03,2026_general_expenditure_05_03_07,general,難病・被爆者対策,難病・被爆者対策,407,120,233,matched,page_and_exact_name,not_available,,r8tousyoyosanallpage.pdf,"11 難病医療費事務費交付金(世田谷保健所) 8,095
充当事業:難病・被爆者対策・P407",target_page_account_and_exact_name_unique;page_offset=0,bpi_5f3a27a6b7fd6534f062b1abf0cff735b50ed918be3fa1c05ee445bed856d7c7,exact_group,exact,1
ral_2026_general_120_003,rd_2026_general_revenue_14_03_02_02_11_3785250000,2026_general_expenditure_09_01_05_01_01,2026_general_expenditure_09_01_05,general,衛生関係事務従事職員の人件費,衛生関係事務従事職員の人件費,469,120,233,matched,page_and_exact_name,not_available,,r8tousyoyosanallpage.pdf,"11 難病医療費事務費交付金(世田谷保健所) 8,095
充当事業:衛生関係事務従事職員の人件費・P469",target_page_account_and_exact_name_unique;page_offset=0,bpi_9d639f61d0cd8ae35f2160fcb55a44122da0209fd05f067ee108471955cb843a,exact_group,exact,1
ral_2026_general_120_004,rd_2026_general_revenue_14_03_03_01_04_3655100000,2026_general_expenditure_03_01_01_03_37,2026_general_expenditure_03_01_01,general,障害者福祉施策の計画・調整,障害者福祉施策の計画・調整,357,120,233,matched,page_and_exact_name,not_available,,r8tousyoyosanallpage.pdf,"4 全国障害児・者等実態調査(障害福祉部) 4,146
充当事業:障害者福祉施策の計画・調整・P357",target_page_account_and_exact_name_unique;page_offset=0,bpi_611fa5b6c957992e4782608e8a6472641341ce042adaaad0d9fdb53299f132c2,exact_group,exact,1
ral_2026_general_120_005,rd_2026_general_revenue_14_03_03_02_01_3655200000,2026_general_expenditure_03_01_03_02_01,2026_general_expenditure_03_01_03,general,障害者自動車利用支援,障害者自動車利用支援,367,120,233,matched,page_and_exact_name,not_available,,r8tousyoyosanallpage.pdf,"1 無料乗車券発行事務費(障害福祉部) 259
充当事業:障害者自動車利用支援・P367",target_page_account_and_exact_name_unique;page_offset=0,bpi_047d6c357195a49493ced0f96b3fd560270269f544009056cdd8bfbc434c1495,exact_group,exact,1
ral_2026_general_120_006,rd_2026_general_revenue_14_03_03_09_01_3665500000,2026_general_expenditure_03_02_01_01_54,2026_general_expenditure_03_02_01,general,ひとり親家庭への支援,ひとり親家庭への支援,377,120,233,matched,page_and_exact_name,not_available,,r8tousyoyosanallpage.pdf,"1 全国ひとり親世帯等調査(子ども・若者部) 25
充当事業:ひとり親家庭への支援・P377",target_page_account_and_exact_name_unique;page_offset=2,bpi_41040ca747d4a337137a00fa3d6aead795e46721cd32e0936d92cdb3f6a7b468,exact_group,exact,1
ral_2026_general_120_007,rd_2026_general_revenue_14_03_04_02_03_3815250000,2026_general_expenditure_07_05_01_01_02,2026_general_expenditure_07_05_01,general,建築行政事務,建築行政事務,435,120,233,matched,page_and_exact_name,not_available,,r8tousyoyosanallpage.pdf,"3 建築物動態統計調査事務費(都市整備政策部) 42
充当事業:建築行政事務・P435",target_page_account_and_exact_name_unique;page_offset=0,bpi_b5f73ed2c757baa8ed2f1d5876e6d6332b8586023e49260d03f49056f5325ba2,exact_group,exact,1
ral_2026_general_120_008,rd_2026_general_revenue_14_03_04_03_02_3895400000,2026_general_expenditure_07_03_01_01_17,2026_general_expenditure_07_03_01,general,下水道局樋門管理受託,下水道局樋門管理受託,429,120,233,matched,page_and_exact_name,not_available,,r8tousyoyosanallpage.pdf,"2 水門管理(土木部) 9,462
充当事業:下水道局樋門管理受託・P429",target_page_account_and_exact_name_unique;page_offset=0,bpi_c59f27a6f45dc87af4981c1c20161fa3cea2b6d45d32d1962c5847a5aa47836a,exact_group,exact,1
ral_2026_general_120_009,rd_2026_general_revenue_14_03_04_03_02_3895400000,2026_general_expenditure_09_01_07_01_01,2026_general_expenditure_09_01_07,general,土木関係事務従事職員の人件費,土木関係事務従事職員の人件費,471,120,233,matched,page_and_exact_name,not_available,,r8tousyoyosanallpage.pdf,"2 水門管理(土木部) 9,462
充当事業:土木関係事務従事職員の人件費・P471",target_page_account_and_exact_name_unique;page_offset=0,bpi_6defa968f245a1daf2d467f021bd8c3d52d87579f5b7d449db5be58808ca5162,exact_group,exact,1
ral_2026_general_120_010,rd_2026_general_revenue_14_03_04_06_05_3895400000,2026_general_expenditure_07_02_02_01_15,2026_general_expenditure_07_02_02,general,道路側溝維持修繕(玉川・砧),道路側溝維持修繕（玉川・砧）,423,120,233,matched,page_and_normalized_name,not_available,,r8tousyoyosanallpage.pdf,"5 側溝施設管理費(玉川・砧)(土木部) 9,189
充当事業:道路側溝維持修繕(玉川・砧)・P423",target_page_account_and_nfkc_name_unique;page_offset=0,bpi_670ab5bfd8f6ebc0a45dd0caed45db78cc8623abe7428ae1180bb6eab361a4e7,exact_group,exact,1
ral_2026_general_120_011,rd_2026_general_revenue_14_03_04_06_06_3895300000,2026_general_expenditure_07_02_02_01_14,2026_general_expenditure_07_02_02,general,道路側溝維持修繕(世田谷・北沢・烏山),道路側溝維持修繕（世田谷・北沢・烏山）,423,120,233,matched,page_and_normalized_name,not_available,,r8tousyoyosanallpage.pdf,"6 側溝施設管理費(世田谷・北沢・烏山)(土木部) 539
充当事業:道路側溝維持修繕(世田谷・北沢・烏山)・P423",target_page_account_and_nfkc_name_unique;page_offset=0,bpi_28997cea7ef2741d9d936c78a70859b7d1d2aeaabf4f307d90ba81e2a630a894,exact_group,exact,1
ral_2026_general_120_012,rd_2026_general_revenue_14_03_07_02_01_4985200000,2026_general_expenditure_08_01_03_01_07,2026_general_expenditure_08_01_03,general,教職員研修,教職員研修,445,120,233,matched,page_and_exact_name,not_available,,r8tousyoyosanallpage.pdf,"1 教員研修事業事務処理特例交付金(教育委員会事務局) 485
充当事業:教職員研修・P445",target_page_account_and_exact_name_unique;page_offset=0,bpi_a6ca5c8d84337f2f8cd0710ee7fd8014c557bf6ee152c4ce70638f58105237fc,exact_group,exact,1
ral_2026_general_120_013,rd_2026_general_revenue_14_03_07_02_03_4985200000,2026_general_expenditure_08_01_03_01_10,2026_general_expenditure_08_01_03,general,教育研究校運営,教育研究校運営,445,120,233,matched,page_and_exact_name,not_available,,r8tousyoyosanallpage.pdf,"3 人権尊重教育推進校事業費(教育委員会事務局) 357
充当事業:教育研究校運営・P445",target_page_account_and_exact_name_unique;page_offset=0,bpi_8539ae20d16bd38a2299b52b9aae1405d7ee2caa63739e8daa31fab3255700c4,exact_group,exact,1
ral_2026_general_120_014,rd_2026_general_revenue_14_03_07_02_08_4985200000,2026_general_expenditure_08_01_03_01_10,2026_general_expenditure_08_01_03,general,教育研究校運営,教育研究校運営,445,120,233,matched,page_and_exact_name,not_available,,r8tousyoyosanallpage.pdf,"8 安全教育推進校事業費(教育委員会事務局) 200
充当事業:教育研究校運営・P445",target_page_account_and_exact_name_unique;page_offset=0,bpi_8539ae20d16bd38a2299b52b9aae1405d7ee2caa63739e8daa31fab3255700c4,exact_group,exact,1
ral_2026_general_120_015,rd_2026_general_revenue_14_03_07_02_11_4985200000,2026_general_expenditure_08_01_03_01_10,2026_general_expenditure_08_01_03,general,教育研究校運営,教育研究校運営,445,120,233,matched,page_and_exact_name,not_available,,r8tousyoyosanallpage.pdf,"11 学校と家庭の連携推進校事業費(教育委員会事務局) 399
充当事業:教育研究校運営・P445",target_page_account_and_exact_name_unique;page_offset=0,bpi_8539ae20d16bd38a2299b52b9aae1405d7ee2caa63739e8daa31fab3255700c4,exact_group,exact,1
ral_2026_general_120_016,rd_2026_general_revenue_14_03_07_02_31_4985200000,2026_general_expenditure_08_01_03_01_10,2026_general_expenditure_08_01_03,general,教育研究校運営,教育研究校運営,445,120,233,matched,page_and_exact_name,not_available,,r8tousyoyosanallpage.pdf,"31 体育健康教育推進校事業(教育委員会事務局) 500
充当事業:教育研究校運営・P445",target_page_account_and_exact_name_unique;page_offset=0,bpi_8539ae20d16bd38a2299b52b9aae1405d7ee2caa63739e8daa31fab3255700c4,exact_group,exact,1
ral_2026_general_120_017,rd_2026_general_revenue_14_03_07_02_32_4985200000,2026_general_expenditure_08_01_03_01_10,2026_general_expenditure_08_01_03,general,教育研究校運営,教育研究校運営,445,120,233,matched,page_and_exact_name,not_available,,r8tousyoyosanallpage.pdf,"32 日本語指導推進校事業費(教育委員会事務局) 200
充当事業:教育研究校運営・P445",target_page_account_and_exact_name_unique;page_offset=0,bpi_8539ae20d16bd38a2299b52b9aae1405d7ee2caa63739e8daa31fab3255700c4,exact_group,exact,1
ral_2026_general_120_018,rd_2026_general_revenue_14_03_07_02_33_4985200000,2026_general_expenditure_08_01_03_01_10,2026_general_expenditure_08_01_03,general,教育研究校運営,教育研究校運営,445,120,233,matched,page_and_exact_name,not_available,,r8tousyoyosanallpage.pdf,"33 デジタルを活用したこれからの学び推進地区事業費(教育委員会事務局) 300
充当事業:教育研究校運営・P445",target_page_account_and_exact_name_unique;page_offset=0,bpi_8539ae20d16bd38a2299b52b9aae1405d7ee2caa63739e8daa31fab3255700c4,exact_group,exact,1
ral_2026_general_120_019,rd_2026_general_revenue_14_03_07_08_07_4960100000,,2026_general_expenditure_09_01_08,general,会計年度任用職員の人件費(教育委員会事務局),会計年度任用職員の人件費（教育委員会事務局）,471,120,233,matched,page_name_department_identity_cluster,not_available,,r8tousyoyosanallpage.pdf,"7 小学校費(教育委員会事務局) 26,335
充当事業:会計年度任用職員の人件費(教育委員会事務局)・P471",official_pdf_does_not_identify_internal_budget_program_group,bpi_b55e51de6d41c9f9e2302349c0f7a11790df1cb4835ebe1c8990b0dd44d25850,public_identity,not_distinguishable_from_public_source,5
ral_2026_general_120_020,rd_2026_general_revenue_14_03_07_08_08_4960100000,,2026_general_expenditure_09_01_08,general,会計年度任用職員の人件費(教育委員会事務局),会計年度任用職員の人件費（教育委員会事務局）,471,120,233,matched,page_name_department_identity_cluster,not_available,,r8tousyoyosanallpage.pdf,"8 中学校費(教育委員会事務局) 10,352
充当事業:会計年度任用職員の人件費(教育委員会事務局)・P471",official_pdf_does_not_identify_internal_budget_program_group,bpi_b55e51de6d41c9f9e2302349c0f7a11790df1cb4835ebe1c8990b0dd44d25850,public_identity,not_distinguishable_from_public_source,5
ral_2026_general_121_001,rd_2026_general_revenue_15_01_01_01_01_3205600000,2026_general_expenditure_02_01_01_04_04,2026_general_expenditure_02_01_01,general,職員住宅維持管理,職員住宅維持管理,319,121,235,matched,page_and_exact_name,not_available,,r8tousyoyosanallpage.pdf,"1 職員住宅(総務部) 9,873
充当事業:職員住宅維持管理・P319",target_page_account_and_exact_name_unique;page_offset=2,bpi_0a37f0f974d2ad38a13f6fc23fd99231ceb6cbbf2f284b7bf577d1ecb387358f,exact_group,exact,1
ral_2026_general_121_002,rd_2026_general_revenue_15_01_01_03_02_2235100000,2026_general_expenditure_02_03_02_01_13,2026_general_expenditure_02_03_02,general,北沢総合支所維持管理,北沢総合支所維持管理,331,121,235,matched,page_and_exact_name,not_available,,r8tousyoyosanallpage.pdf,"2 北沢タウンホール駐車場(北沢総合支所) 6,784
充当事業:北沢総合支所維持管理・P331",target_page_account_and_exact_name_unique;page_offset=0,bpi_d42db30ccf3e6ab15db7a06543dbca0ec4d46b65173034608f08fdee31e3fd8e,exact_group,exact,1
ral_2026_general_121_003,rd_2026_general_revenue_15_01_01_03_14_3665580000,2026_general_expenditure_03_02_03_01_03,2026_general_expenditure_03_02_03,general,私立保育園運営,私立保育園運営,381,121,235,matched,page_and_exact_name,not_available,,r8tousyoyosanallpage.pdf,"14 私立認可保育園(子ども・若者部) 13,987
充当事業:私立保育園運営・P381",target_page_account_and_exact_name_unique;page_offset=0,bpi_19bacff6a2545c8ca7b835bb3f9f0a08d490992ea139a5070f3506ef5067a441,exact_group,exact,1
ral_2026_general_121_004,rd_2026_general_revenue_15_01_01_03_17_3815450000,2026_general_expenditure_07_05_02_01_02,2026_general_expenditure_07_05_02,general,公的住宅維持運営,公的住宅維持運営,437,121,235,matched,page_and_exact_name,not_available,,r8tousyoyosanallpage.pdf,"17 区営住宅(都市整備政策部) 94
充当事業:公的住宅維持運営・P437",target_page_account_and_exact_name_unique;page_offset=0,bpi_5d66f5466a45f6791ec2938deb5f1c73b83cd35406ec9403aec973949ca88f7b,exact_group,exact,1
ral_2026_general_121_005,rd_2026_general_revenue_15_01_01_03_21_3095100000,2026_general_expenditure_02_01_04_01_01,2026_general_expenditure_02_01_04,general,事務センター維持,事務センター維持,321,121,235,matched,page_and_exact_name,not_available,,r8tousyoyosanallpage.pdf,"21 事務センター(DX推進担当部) 19
充当事業:事務センター維持・P321",target_page_account_and_exact_name_unique;page_offset=0,bpi_906a1028992801cdb02369beb0161be959ae7785666028bde3c67211400eeda4,exact_group,exact,1
ral_2026_general_121_006,rd_2026_general_revenue_15_01_01_03_22_3665150000,2026_general_expenditure_03_02_01_01_56,2026_general_expenditure_03_02_01,general,子ども・子育て総合センター維持運営,子ども・子育て総合センター維持運営,377,121,235,matched,page_and_exact_name,not_available,,r8tousyoyosanallpage.pdf,"22 屋上貸付(子ども・子育て総合センター)(子ども・若者部) 10
充当事業:子ども・子育て総合センター維持運営・P377",target_page_account_and_exact_name_unique;page_offset=2,bpi_7b22fc979313bd2ce5fe0049eba5cd3f240e21ee3d84ed38c3593835e4270c71,exact_group,exact,1
ral_2026_general_121_007,rd_2026_general_revenue_15_01_01_03_23_3665580000,2026_general_expenditure_03_02_03_01_13,2026_general_expenditure_03_02_03,general,認定こども園運営,認定こども園運営,381,121,235,matched,page_and_exact_name,not_available,,r8tousyoyosanallpage.pdf,"23 認定こども園貸付料(子ども・若者部) 2,122
充当事業:認定こども園運営・P381",target_page_account_and_exact_name_unique;page_offset=0,bpi_85cf890e8ddb0fc6f130ed8798b6f4e11a89dbc34309b8558ae7a8731ac2ce01,exact_group,exact,1
ral_2026_general_121_008,rd_2026_general_revenue_15_01_01_03_24_2135100000,2026_general_expenditure_02_03_06_01_07,2026_general_expenditure_02_03_06,general,宮坂区民センター維持運営,宮坂区民センター維持運営,333,121,235,matched,page_and_exact_name,not_available,,r8tousyoyosanallpage.pdf,"24 屋上貸付(宮坂区民センター)(世田谷総合支所) 19
充当事業:宮坂区民センター維持運営・P333",target_page_account_and_exact_name_unique;page_offset=0,bpi_5a760a3b16e34f902ea73ab81eecbd68a7f2fb2160d01bdeaba3dfd584b1b691,exact_group,exact,1
ral_2026_general_121_009,rd_2026_general_revenue_15_01_01_03_26_3695150000,2026_general_expenditure_03_02_13_01_04,2026_general_expenditure_03_02_13,general,児童相談所維持管理,児童相談所維持管理,385,121,235,matched,page_and_exact_name,not_available,,r8tousyoyosanallpage.pdf,"26 児童相談所(児童相談所) 390
充当事業:児童相談所維持管理・P385",target_page_account_and_exact_name_unique;page_offset=0,bpi_d1096932fd6326e94ccfb2c1b66402e821ddc101451c65d2b4bca20e87352287,exact_group,exact,1
ral_2026_general_121_010,rd_2026_general_revenue_15_01_01_03_27_2335100000,2026_general_expenditure_02_03_06_01_16,2026_general_expenditure_02_03_06,general,玉川区民会館維持運営,玉川区民会館維持運営,335,121,235,matched,page_and_exact_name,not_available,,r8tousyoyosanallpage.pdf,"27 玉川区民会館別館(玉川総合支所) 25
充当事業:玉川区民会館維持運営・P335",target_page_account_and_exact_name_unique;page_offset=2,bpi_2e5b975272f77af5aa9e5d4e5d1916efe4b01eb386e38ad7c5ff23141692ac5e,exact_group,exact,1
ral_2026_general_121_011,rd_2026_general_revenue_15_01_01_03_28_3445550000,2026_general_expenditure_02_03_14_01_04,2026_general_expenditure_02_03_14,general,地域体育施設の維持運営,地域体育施設の維持運営,341,121,235,matched,page_and_exact_name,not_available,,r8tousyoyosanallpage.pdf,"28 北烏山地区体育室(スポーツ推進部) 6
充当事業:地域体育施設の維持運営・P341",target_page_account_and_exact_name_unique;page_offset=0,bpi_0c8019d933f968d6d1c27c2b01fb2f1dc4998e18357792591f8fabf1eb7a309c,exact_group,exact,1
ral_2026_general_121_012,rd_2026_general_revenue_15_01_01_03_29_2435100000,2026_general_expenditure_02_03_06_01_24,2026_general_expenditure_02_03_06,general,鎌田区民センター維持運営,鎌田区民センター維持運営,335,121,235,matched,page_and_exact_name,not_available,,r8tousyoyosanallpage.pdf,"29 鎌田区民センター(砧総合支所) 611
充当事業:鎌田区民センター維持運営・P335",target_page_account_and_exact_name_unique;page_offset=2,bpi_21d8a0e434b707b362e97d914617024882c832767e8f058d29d780beafaeaccf,exact_group,exact,1
ral_2026_general_121_013,rd_2026_general_revenue_15_01_01_03_30_2135100000,2026_general_expenditure_02_03_06_01_07,2026_general_expenditure_02_03_06,general,宮坂区民センター維持運営,宮坂区民センター維持運営,333,121,235,matched,page_and_exact_name,not_available,,r8tousyoyosanallpage.pdf,"30 宮坂区民センター(世田谷総合支所) 897
充当事業:宮坂区民センター維持運営・P333",target_page_account_and_exact_name_unique;page_offset=0,bpi_5a760a3b16e34f902ea73ab81eecbd68a7f2fb2160d01bdeaba3dfd584b1b691,exact_group,exact,1
ral_2026_general_121_014,rd_2026_general_revenue_15_01_01_03_31_2135100000,2026_general_expenditure_02_03_06_01_06,2026_general_expenditure_02_03_06,general,桜丘区民センター維持運営,桜丘区民センター維持運営,333,121,235,matched,page_and_exact_name,not_available,,r8tousyoyosanallpage.pdf,"31 桜丘区民センター(世田谷総合支所) 871
充当事業:桜丘区民センター維持運営・P333",target_page_account_and_exact_name_unique;page_offset=0,bpi_d1c5eb3a63b5ac54b861a5279fe4818996e1e523eb4cde8a670e879ed8bc1646,exact_group,exact,1
ral_2026_general_121_015,rd_2026_general_revenue_15_01_01_03_32_2135100000,2026_general_expenditure_02_03_06_01_05,2026_general_expenditure_02_03_06,general,弦巻区民センター維持運営,弦巻区民センター維持運営,333,121,235,matched,page_and_exact_name,not_available,,r8tousyoyosanallpage.pdf,"32 弦巻区民センター(世田谷総合支所) 609
充当事業:弦巻区民センター維持運営・P333",target_page_account_and_exact_name_unique;page_offset=0,bpi_6a3d5b077386aeb21af52bc03bdc94bcd3822bdb2c611b522aac2eb6c5ffe437,exact_group,exact,1
ral_2026_general_121_016,rd_2026_general_revenue_15_01_01_03_33_4960160000,2026_general_expenditure_08_03_01_01_02,2026_general_expenditure_08_03_01,general,中学校維持管理,中学校維持管理,453,121,235,matched,page_and_exact_name,not_available,,r8tousyoyosanallpage.pdf,"33 中学校(教育委員会事務局) 464
充当事業:中学校維持管理・P453",target_page_account_and_exact_name_unique;page_offset=0,bpi_e960ca518f125183ebd9ccbd9dfbd9fae08ae55924b25b0e7f19494fb7d6f20b,exact_group,exact,1
ral_2026_general_121_017,rd_2026_general_revenue_15_01_01_03_34_3525210000,2026_general_expenditure_06_01_01_01_56,2026_general_expenditure_06_01_01,general,産業活性化拠点事業,産業活性化拠点事業,413,121,235,matched,page_and_exact_name,not_available,,r8tousyoyosanallpage.pdf,"34 旧池尻中学校跡地貸付料(経済産業部) 13,200
充当事業:産業活性化拠点事業・P413",target_page_account_and_exact_name_unique;page_offset=2,bpi_e95fa0cc42a8423fbc88eb6539c3f2d98b2c44d2b8bc5056b7b70088822f4862,exact_group,exact,1
ral_2026_general_122_001,rd_2026_general_revenue_15_01_01_03_35_2235100000,2026_general_expenditure_02_03_06_01_14,2026_general_expenditure_02_03_06,general,北沢地域地区会館維持運営,北沢地域地区会館維持運営,335,122,237,matched,page_and_exact_name,not_available,,r8tousyoyosanallpage.pdf,"35 北沢地域地区会館(北沢総合支所) 924
充当事業:北沢地域地区会館維持運営・P335",target_page_account_and_exact_name_unique;page_offset=2,bpi_228d7616759740f25875b46590b03ae5b1c3c7e4f2b9e0a356bf098a84dd20da,exact_group,exact,1
ral_2026_general_122_002,rd_2026_general_revenue_15_01_01_03_36_2435100000,2026_general_expenditure_02_03_02_01_15,2026_general_expenditure_02_03_02,general,砧総合支所維持管理,砧総合支所維持管理,331,122,237,matched,page_and_exact_name,not_available,,r8tousyoyosanallpage.pdf,"36 砧総合支所(砧総合支所) 921
充当事業:砧総合支所維持管理・P331",target_page_account_and_exact_name_unique;page_offset=0,bpi_e3c6630cd0366dee667af96052f1fd3dac4e9f5a54972e89f579ece6d7ec6979,exact_group,exact,1
ral_2026_general_122_003,rd_2026_general_revenue_15_01_01_03_37_2535100000,2026_general_expenditure_02_03_02_01_16,2026_general_expenditure_02_03_02,general,烏山総合支所維持管理,烏山総合支所維持管理,331,122,237,matched,page_and_exact_name,not_available,,r8tousyoyosanallpage.pdf,"37 烏山総合支所(烏山総合支所) 393
充当事業:烏山総合支所維持管理・P331",target_page_account_and_exact_name_unique;page_offset=0,bpi_03acf7882be09550fa989b1e65f35ed250077e82331a1371bcd8adfde8c75612,exact_group,exact,1
ral_2026_general_122_004,rd_2026_general_revenue_15_01_01_03_38_2535100000,2026_general_expenditure_02_03_06_01_30,2026_general_expenditure_02_03_06,general,上北沢区民センター維持運営,上北沢区民センター維持運営,335,122,237,matched,page_and_exact_name,not_available,,r8tousyoyosanallpage.pdf,"38 上北沢区民センター(烏山総合支所) 367
充当事業:上北沢区民センター維持運営・P335",target_page_account_and_exact_name_unique;page_offset=2,bpi_b84a8ef137571c1276f5281266ad73554c101d00b6f5521c7fc618a0f9339c1f,exact_group,exact,1
ral_2026_general_122_005,rd_2026_general_revenue_15_01_01_03_39_2535100000,2026_general_expenditure_02_03_06_01_31,2026_general_expenditure_02_03_06,general,粕谷区民センター維持運営,粕谷区民センター維持運営,335,122,237,matched,page_and_exact_name,not_available,,r8tousyoyosanallpage.pdf,"39 粕谷区民センター(烏山総合支所) 404
充当事業:粕谷区民センター維持運営・P335",target_page_account_and_exact_name_unique;page_offset=2,bpi_148a9e7f043c741a1c911089b62b1d9229a5038374687ea48d307e8aa0db9cec,exact_group,exact,1
ral_2026_general_122_006,rd_2026_general_revenue_15_01_01_03_40_3665570000,2026_general_expenditure_03_02_01_01_45,2026_general_expenditure_03_02_01,general,産後ケア事業,産後ケア事業,377,122,237,matched,page_and_exact_name,not_available,,r8tousyoyosanallpage.pdf,"40 産後ケアセンター(子ども・若者部) 229
充当事業:産後ケア事業・P377",target_page_account_and_exact_name_unique;page_offset=2,bpi_19c522f8e05318de25782c4820bd72b15afc3a2f9597cf7d2d4c331838fb3029,exact_group,exact,1
ral_2026_general_122_007,rd_2026_general_revenue_15_01_01_03_41_3555300000,2026_general_expenditure_04_03_03_01_11,2026_general_expenditure_04_03_03,general,リサイクル施設維持運営,リサイクル施設維持運営,395,122,237,matched,page_and_exact_name,not_available,,r8tousyoyosanallpage.pdf,"41 資源循環センター(環境政策部) 196
充当事業:リサイクル施設維持運営・P395",target_page_account_and_exact_name_unique;page_offset=0,bpi_1735f661325171d8cd1dae52117106cfd2d7263398ee18729c80601f8e20c016,exact_group,exact,1
ral_2026_general_122_008,rd_2026_general_revenue_15_01_01_03_42_4965200000,2026_general_expenditure_08_06_04_01_02,2026_general_expenditure_08_06_04,general,図書館サービスの推進,図書館サービスの推進,461,122,237,matched,page_and_exact_name,not_available,,r8tousyoyosanallpage.pdf,"42 図書館(教育委員会事務局) 200
充当事業:図書館サービスの推進・P461",target_page_account_and_exact_name_unique;page_offset=0,bpi_65d0d328ba56f819547de57aee417c8815c8915f0f20c7292c8721c71e8d5426,exact_group,exact,1
ral_2026_general_122_009,rd_2026_general_revenue_15_01_01_03_44_4960160000,2026_general_expenditure_08_02_01_01_02,2026_general_expenditure_08_02_01,general,小学校維持管理,小学校維持管理,449,122,237,matched,page_and_exact_name,not_available,,r8tousyoyosanallpage.pdf,"44 小学校(教育委員会事務局) 3,024
充当事業:小学校維持管理・P449",target_page_account_and_exact_name_unique;page_offset=0,bpi_bdf5952754017d246f8fee1bd0e38ed3fbfa7a8fc3db9fb43bfa7b9fb97c0e9e,exact_group,exact,1
ral_2026_general_122_010,rd_2026_general_revenue_15_01_01_04_02_2235100000,2026_general_expenditure_02_03_06_01_13,2026_general_expenditure_02_03_06,general,代田区民センター維持運営,代田区民センター維持運営,335,122,237,matched,page_and_exact_name,not_available,,r8tousyoyosanallpage.pdf,"2 代田区民センター(北沢総合支所) 822
充当事業:代田区民センター維持運営・P335",target_page_account_and_exact_name_unique;page_offset=2,bpi_d0b78f80918456bacd47a72d32906b27f20a686d844f4abf1a818d14f6f7b22b,exact_group,exact,1
ral_2026_general_122_011,rd_2026_general_revenue_15_01_01_04_08_3645100000,2026_general_expenditure_03_01_01_03_25,2026_general_expenditure_03_01_01,general,老人保健施設整備助成,老人保健施設整備助成,357,122,237,matched,page_and_exact_name,not_available,,r8tousyoyosanallpage.pdf,"8 老人保健施設(高齢福祉部) 13,428
充当事業:老人保健施設整備助成・P357",target_page_account_and_exact_name_unique;page_offset=0,bpi_570b598765c5651f36107b9d414ea199bef790da0b4e5e79dcbf62c50bf913ad,exact_group,exact,1
ral_2026_general_122_012,rd_2026_general_revenue_15_01_01_04_08_3645100000,2026_general_expenditure_09_01_03_01_01,2026_general_expenditure_09_01_03,general,民生関係事務従事職員の人件費,民生関係事務従事職員の人件費,467,122,237,matched,page_and_exact_name,not_available,,r8tousyoyosanallpage.pdf,"8 老人保健施設(高齢福祉部) 13,428
充当事業:民生関係事務従事職員の人件費・P467",target_page_account_and_exact_name_unique;page_offset=0,bpi_5514ebac92df97541fc72dcb995412a4efd023cee05294300d6b86ca6ced3ee6,exact_group,exact,1
ral_2026_general_122_013,rd_2026_general_revenue_15_01_01_04_34_3445550000,2026_general_expenditure_02_03_14_01_09,2026_general_expenditure_02_03_14,general,大蔵第二運動公園運動施設維持運営,大蔵第二運動公園運動施設維持運営,341,122,237,matched,page_and_exact_name,not_available,,r8tousyoyosanallpage.pdf,"34 大蔵第二運動場(スポーツ推進部) 1,700
充当事業:大蔵第二運動公園運動施設維持運営・P341",target_page_account_and_exact_name_unique;page_offset=0,bpi_aec834437755df303e099c4ebe7b7707f8816ccd8bce10a3fcbc11c3cf8518ae,exact_group,exact,1
ral_2026_general_122_014,rd_2026_general_revenue_15_01_01_04_36_3665580000,2026_general_expenditure_03_02_03_01_03,2026_general_expenditure_03_02_03,general,私立保育園運営,私立保育園運営,381,122,237,matched,page_and_exact_name,not_available,,r8tousyoyosanallpage.pdf,"36 私立認可保育園(子ども・若者部) 74,535
充当事業:私立保育園運営・P381",target_page_account_and_exact_name_unique;page_offset=0,bpi_19bacff6a2545c8ca7b835bb3f9f0a08d490992ea139a5070f3506ef5067a441,exact_group,exact,1
ral_2026_general_122_015,rd_2026_general_revenue_15_01_01_04_37_3555400000,2026_general_expenditure_04_03_01_01_17,2026_general_expenditure_04_03_01,general,世田谷清掃事務所維持管理,世田谷清掃事務所維持管理,393,122,237,matched,page_and_exact_name,not_available,,r8tousyoyosanallpage.pdf,"37 世田谷清掃事務所(環境政策部) 602
充当事業:世田谷清掃事務所維持管理・P393",target_page_account_and_exact_name_unique;page_offset=0,bpi_1bac4b00c20495a08bd2eb692f6ace1923ed4d7bb90f670b5cf8b6e3d9e04c8a,exact_group,exact,1
ral_2026_general_122_016,rd_2026_general_revenue_15_01_01_04_38_3555500000,2026_general_expenditure_04_03_01_01_18,2026_general_expenditure_04_03_01,general,玉川清掃事務所維持管理,玉川清掃事務所維持管理,393,122,237,matched,page_and_exact_name,not_available,,r8tousyoyosanallpage.pdf,"38 玉川清掃事務所(環境政策部) 384
充当事業:玉川清掃事務所維持管理・P393",target_page_account_and_exact_name_unique;page_offset=0,bpi_24c2c5d422d00d7764e0f5dd6bbd703c76793cb24c442fee2172e630eb7d1289,exact_group,exact,1
ral_2026_general_122_017,rd_2026_general_revenue_15_01_01_04_39_3555600000,2026_general_expenditure_04_03_01_01_19,2026_general_expenditure_04_03_01,general,砧清掃事務所維持管理,砧清掃事務所維持管理,393,122,237,matched,page_and_exact_name,not_available,,r8tousyoyosanallpage.pdf,"39 砧清掃事務所(環境政策部) 831
充当事業:砧清掃事務所維持管理・P393",target_page_account_and_exact_name_unique;page_offset=0,bpi_b36c2eda31a2221731c75fc054ffd09d90b76a06de8758d39ee71f5a3b7305cf,exact_group,exact,1
ral_2026_general_122_018,rd_2026_general_revenue_15_01_01_04_40_3655200000,2026_general_expenditure_03_01_16_02_01,2026_general_expenditure_03_01_16,general,障害者休養ホームひまわり荘運営管理,障害者休養ホームひまわり荘運営管理,371,122,237,matched,page_and_exact_name,not_available,,r8tousyoyosanallpage.pdf,"40 障害者休養ホームひまわり荘(障害福祉部) 26
充当事業:障害者休養ホームひまわり荘運営管理・P371",target_page_account_and_exact_name_unique;page_offset=2,bpi_4fe0a4eb3c9e0eb1bdd7d3ceb568f6d49bb8de5c8d0934feeeae24aa56e3c964,exact_group,exact,1
ral_2026_general_122_019,rd_2026_general_revenue_15_01_01_04_41_3445550000,2026_general_expenditure_02_03_14_01_05,2026_general_expenditure_02_03_14,general,総合運動場維持運営,総合運動場維持運営,341,122,237,matched,page_and_exact_name,not_available,,r8tousyoyosanallpage.pdf,"41 総合運動場(スポーツ推進部) 2,008
充当事業:総合運動場維持運営・P341",target_page_account_and_exact_name_unique;page_offset=0,bpi_03c663aa4f8dc3e80014cc0428b9de15d44f2b5710a88d4d6c98f4cf2d6ca601,exact_group,exact,1
ral_2026_general_123_001,rd_2026_general_revenue_15_01_01_04_42_3445550000,2026_general_expenditure_02_03_14_01_07,2026_general_expenditure_02_03_14,general,千歳温水プール維持運営,千歳温水プール維持運営,341,123,239,matched,page_and_exact_name,not_available,,r8tousyoyosanallpage.pdf,"42 千歳温水プール(スポーツ推進部) 573
充当事業:千歳温水プール維持運営・P341",target_page_account_and_exact_name_unique;page_offset=0,bpi_62a26ba248202e364005fd2d64262bae4c0588694934abbc1117ce10d4da1b44,exact_group,exact,1
ral_2026_general_123_002,rd_2026_general_revenue_15_01_01_04_43_3405400000,2026_general_expenditure_02_03_12_01_05,2026_general_expenditure_02_03_12,general,文化生活情報センター維持管理,文化生活情報センター維持管理,341,123,239,matched,page_and_exact_name,not_available,,r8tousyoyosanallpage.pdf,"43 文化生活情報センター(生活文化政策部) 56
充当事業:文化生活情報センター維持管理・P341",target_page_account_and_exact_name_unique;page_offset=0,bpi_dbc145d7554808b3c1e2f7851994fdf554f7aef10a20d0757cd36ca3a28df3c5,exact_group,exact,1
ral_2026_general_123_003,rd_2026_general_revenue_15_01_01_04_46_2535100000,2026_general_expenditure_02_03_06_01_33,2026_general_expenditure_02_03_06,general,区民斎場維持運営,区民斎場維持運営,335,123,239,matched,page_and_exact_name,not_available,,r8tousyoyosanallpage.pdf,"46 みどり会館(烏山総合支所) 60
充当事業:区民斎場維持運営・P335",target_page_account_and_exact_name_unique;page_offset=2,bpi_095d9aa3b7a2481f5a4ffc3476ef06206f80f91449420ff75127fd51d640de13,exact_group,exact,1
ral_2026_general_123_004,rd_2026_general_revenue_15_01_01_04_48_3235200000,2026_general_expenditure_02_01_01_02_01,2026_general_expenditure_02_01_01,general,庁舎維持管理,庁舎維持管理,317,123,239,matched,page_and_exact_name,not_available,,r8tousyoyosanallpage.pdf,"48 庁舎(庁舎整備担当部) 26,056
充当事業:庁舎維持管理・P317",target_page_account_and_exact_name_unique;page_offset=0,bpi_c34fb87998d2beb1da3e5e8011a45c4cf624372d28878d78816749aacd40fd45,exact_group,exact,1
ral_2026_general_123_005,rd_2026_general_revenue_15_01_01_04_52_3815450000,2026_general_expenditure_07_05_02_01_02,2026_general_expenditure_07_05_02,general,公的住宅維持運営,公的住宅維持運営,437,123,239,matched,page_and_exact_name,not_available,,r8tousyoyosanallpage.pdf,"52 区営住宅(都市整備政策部) 6,140
充当事業:公的住宅維持運営・P437",target_page_account_and_exact_name_unique;page_offset=0,bpi_5d66f5466a45f6791ec2938deb5f1c73b83cd35406ec9403aec973949ca88f7b,exact_group,exact,1
ral_2026_general_123_006,rd_2026_general_revenue_15_01_01_04_55_2235100000,2026_general_expenditure_02_03_02_01_13,2026_general_expenditure_02_03_02,general,北沢総合支所維持管理,北沢総合支所維持管理,331,123,239,matched,page_and_exact_name,not_available,,r8tousyoyosanallpage.pdf,"55 北沢タウンホール(北沢総合支所) 792
充当事業:北沢総合支所維持管理・P331",target_page_account_and_exact_name_unique;page_offset=0,bpi_d42db30ccf3e6ab15db7a06543dbca0ec4d46b65173034608f08fdee31e3fd8e,exact_group,exact,1
ral_2026_general_123_007,rd_2026_general_revenue_15_01_01_04_56_2235100000,2026_general_expenditure_02_03_02_02_02,2026_general_expenditure_02_03_02,general,北沢地域出張所維持運営,北沢地域出張所維持運営,333,123,239,matched,page_and_exact_name,not_available,,r8tousyoyosanallpage.pdf,"56 北沢地域まちづくりセンター(北沢総合支所) 585
充当事業:北沢地域出張所維持運営・P333",target_page_account_and_exact_name_unique;page_offset=2,bpi_d86e47dcf75b685675bbbbb468ddc48ff62603dc0d9d6e5fddaf26f032d49146,exact_group,exact,1
ral_2026_general_123_008,rd_2026_general_revenue_15_01_01_04_58_2335100000,2026_general_expenditure_02_03_02_02_03,2026_general_expenditure_02_03_02,general,玉川地域出張所維持運営,玉川地域出張所維持運営,333,123,239,matched,page_and_exact_name,not_available,,r8tousyoyosanallpage.pdf,"58 玉川地域出張所(玉川総合支所) 128
充当事業:玉川地域出張所維持運営・P333",target_page_account_and_exact_name_unique;page_offset=2,bpi_a92861b2e0efb12280e8f627bb5e987f1ffd43f58d6fb4047e7049d41b3383ab,exact_group,exact,1
ral_2026_general_123_009,rd_2026_general_revenue_15_01_01_04_59_3405350000,2026_general_expenditure_02_03_15_02_05,2026_general_expenditure_02_03_15,general,健康増進・交流施設運営,健康増進・交流施設運営,343,123,239,matched,page_and_exact_name,not_available,,r8tousyoyosanallpage.pdf,"59 健康増進・交流施設(生活文化政策部) 6,736
充当事業:健康増進・交流施設運営・P343",target_page_account_and_exact_name_unique;page_offset=0,bpi_122b90f41d1b2adb4e7fc0b7e0df37b5eedbdccb2a2bbc3f985cdebf24717f94,exact_group,exact,1
ral_2026_general_123_010,rd_2026_general_revenue_15_01_01_04_60_2135100000,2026_general_expenditure_02_03_06_01_04,2026_general_expenditure_02_03_06,general,太子堂区民センター維持運営,太子堂区民センター維持運営,333,123,239,matched,page_and_exact_name,not_available,,r8tousyoyosanallpage.pdf,"60 太子堂区民センター(世田谷総合支所) 296
充当事業:太子堂区民センター維持運営・P333",target_page_account_and_exact_name_unique;page_offset=0,bpi_751f3643eb3178f9f3129cce6578da6bf7d1f6714bd7e07fa6c0bb5771e63f0a,exact_group,exact,1
ral_2026_general_123_011,rd_2026_general_revenue_15_01_01_04_63_3665150000,2026_general_expenditure_03_02_01_01_61,2026_general_expenditure_03_02_01,general,池之上青少年交流センター維持運営,池之上青少年交流センター維持運営,377,123,239,matched,page_and_exact_name,not_available,,r8tousyoyosanallpage.pdf,"63 池之上青少年交流センター(子ども・若者部) 405
充当事業:池之上青少年交流センター維持運営・P377",target_page_account_and_exact_name_unique;page_offset=2,bpi_d764f6298f565a4e62056b135614974f1ac40cd2cd71c31a0a46f8f09f8d4d2a,exact_group,exact,1
ral_2026_general_123_012,rd_2026_general_revenue_15_01_01_04_64_3895200000,2026_general_expenditure_07_02_06_01_12,2026_general_expenditure_07_02_06,general,放置自転車対策,放置自転車対策,425,123,239,matched,page_and_exact_name,not_available,,r8tousyoyosanallpage.pdf,"64 自動二輪車駐車場(土木部) 8,392
充当事業:放置自転車対策・P425",target_page_account_and_exact_name_unique;page_offset=0,bpi_f7e9e562a20c43c869a6ae54134beed891d30129370bc08bfc65856718fd57b1,exact_group,exact,1
ral_2026_general_123_013,rd_2026_general_revenue_15_01_01_04_72_3405350000,2026_general_expenditure_02_03_15_02_07,2026_general_expenditure_02_03_15,general,ひだまり友遊会館運営,ひだまり友遊会館運営,343,123,239,matched,page_and_exact_name,not_available,,r8tousyoyosanallpage.pdf,"72 ひだまり友遊会館(生活文化政策部) 43
充当事業:ひだまり友遊会館運営・P343",target_page_account_and_exact_name_unique;page_offset=0,bpi_86d3dbc1e6ac6a84afb01c29b12a6dc533492961be5e93748f68b4be37706a6e,exact_group,exact,1
ral_2026_general_123_014,rd_2026_general_revenue_15_01_01_04_79_2135100000,2026_general_expenditure_02_03_02_02_01,2026_general_expenditure_02_03_02,general,世田谷地域出張所維持運営,世田谷地域出張所維持運営,333,123,239,matched,page_and_exact_name,not_available,,r8tousyoyosanallpage.pdf,"79 世田谷地域まちづくりセンター(世田谷総合支所) 4,420
充当事業:世田谷地域出張所維持運営・P333",target_page_account_and_exact_name_unique;page_offset=2,bpi_306d197d0cbfc17662b6691f66f69edaa92d2675a2b8938b4fdee9ed6f9e7383,exact_group,exact,1
ral_2026_general_123_015,rd_2026_general_revenue_15_01_01_04_80_3665580000,2026_general_expenditure_03_02_03_01_13,2026_general_expenditure_03_02_03,general,認定こども園運営,認定こども園運営,381,123,239,matched,page_and_exact_name,not_available,,r8tousyoyosanallpage.pdf,"80 認定こども園(子ども・若者部) 6,456
充当事業:認定こども園運営・P381",target_page_account_and_exact_name_unique;page_offset=0,bpi_85cf890e8ddb0fc6f130ed8798b6f4e11a89dbc34309b8558ae7a8731ac2ce01,exact_group,exact,1
ral_2026_general_123_016,rd_2026_general_revenue_15_01_01_04_82_2235100000,2026_general_expenditure_02_03_06_01_14,2026_general_expenditure_02_03_06,general,北沢地域地区会館維持運営,北沢地域地区会館維持運営,335,123,239,matched,page_and_exact_name,not_available,,r8tousyoyosanallpage.pdf,"82 北沢地域地区会館(北沢総合支所) 733
充当事業:北沢地域地区会館維持運営・P335",target_page_account_and_exact_name_unique;page_offset=2,bpi_228d7616759740f25875b46590b03ae5b1c3c7e4f2b9e0a356bf098a84dd20da,exact_group,exact,1
ral_2026_general_123_017,rd_2026_general_revenue_15_01_01_04_84_2435100000,2026_general_expenditure_02_03_02_02_04,2026_general_expenditure_02_03_02,general,砧地域出張所維持運営,砧地域出張所維持運営,333,123,239,matched,page_and_exact_name,not_available,,r8tousyoyosanallpage.pdf,"84 砧地域まちづくりセンター(砧総合支所) 954
充当事業:砧地域出張所維持運営・P333",target_page_account_and_exact_name_unique;page_offset=2,bpi_0e862aca8b338cf70404ee3f6679da4561576691915c9e878b0a1db98df98931,exact_group,exact,1
ral_2026_general_123_018,rd_2026_general_revenue_15_01_01_04_85_2535100000,2026_general_expenditure_02_03_06_01_32,2026_general_expenditure_02_03_06,general,烏山地域地区会館維持運営,烏山地域地区会館維持運営,335,123,239,matched,page_and_exact_name,not_available,,r8tousyoyosanallpage.pdf,"85 烏山地域地区会館(烏山総合支所) 448
充当事業:烏山地域地区会館維持運営・P335",target_page_account_and_exact_name_unique;page_offset=2,bpi_5743b7f24432b061f0817fb55244e87e9dac04480e956613f83263cc86168dbc,exact_group,exact,1
ral_2026_general_123_019,rd_2026_general_revenue_15_01_01_04_88_3665150000,2026_general_expenditure_03_02_01_01_95,2026_general_expenditure_03_02_01,general,希望丘青少年交流センター維持運営,希望丘青少年交流センター維持運営,379,123,239,matched,page_and_exact_name,not_available,,r8tousyoyosanallpage.pdf,"88 希望丘青少年交流センター(子ども・若者部) 5,601
充当事業:希望丘青少年交流センター維持運営・P379",target_page_account_and_exact_name_unique;page_offset=4,bpi_2c7765977eed9e3f206c0fc86266c8a752dff19ca4d64030235c48ea233863c4,exact_group,exact,1
ral_2026_general_124_001,rd_2026_general_revenue_15_01_01_04_89_4985100000,2026_general_expenditure_08_01_07_02_01,2026_general_expenditure_08_01_07,general,教育総合センター維持管理,教育総合センター維持管理,447,124,241,matched,page_and_exact_name,not_available,,r8tousyoyosanallpage.pdf,"89 教育総合センター(教育委員会事務局) 1,143
充当事業:教育総合センター維持管理・P447",target_page_account_and_exact_name_unique;page_offset=0,bpi_507022c3562239d0dddda33595fe42e768f7ca1dac2f22d2d9b8409a6e0e2f14,exact_group,exact,1
ral_2026_general_124_002,rd_2026_general_revenue_15_01_01_04_90_4965200000,2026_general_expenditure_08_06_04_01_13,2026_general_expenditure_08_06_04,general,教育会館維持管理,教育会館維持管理,461,124,241,matched,page_and_exact_name,not_available,,r8tousyoyosanallpage.pdf,"90 教育会館(教育委員会事務局) 1,870
充当事業:教育会館維持管理・P461",target_page_account_and_exact_name_unique;page_offset=0,bpi_fa5d249831f54eacc33495fd8681553a1601c5e5a81c0d29b7700e5872a3e0f7,exact_group,exact,1
ral_2026_general_124_003,rd_2026_general_revenue_15_01_01_04_91_4965200000,2026_general_expenditure_08_06_04_01_15,2026_general_expenditure_08_06_04,general,図書館管理運営,図書館管理運営,461,124,241,matched,page_and_exact_name,not_available,,r8tousyoyosanallpage.pdf,"91 砧図書館(教育委員会事務局) 398
充当事業:図書館管理運営・P461",target_page_account_and_exact_name_unique;page_offset=0,bpi_6ee9796d9f747d38173580e0d2138d7ba17fdc6fb77fc5d7d31f0ffc384f7a1c,exact_group,exact,1
ral_2026_general_124_004,rd_2026_general_revenue_15_01_01_04_92_2535100000,2026_general_expenditure_02_03_06_01_34,2026_general_expenditure_02_03_06,general,烏山地域区民集会所維持運営,烏山地域区民集会所維持運営,335,124,241,matched,page_and_exact_name,not_available,,r8tousyoyosanallpage.pdf,"92 烏山地域区民集会所(烏山総合支所) 105
充当事業:烏山地域区民集会所維持運営・P335",target_page_account_and_exact_name_unique;page_offset=2,bpi_ed0d340b446afaaa17d1942aa7ad70674e41954c4c1a202d749eae1f7cc02c25,exact_group,exact,1
ral_2026_general_124_005,rd_2026_general_revenue_15_01_01_04_94_3895200000,2026_general_expenditure_07_02_06_01_43,2026_general_expenditure_07_02_06,general,自転車等駐車場等維持運営,自転車等駐車場等維持運営,425,124,241,matched,page_and_exact_name,not_available,,r8tousyoyosanallpage.pdf,"94 自転車等駐車場(土木部) 2,362
充当事業:自転車等駐車場等維持運営・P425",target_page_account_and_exact_name_unique;page_offset=0,bpi_9dde83627ec263a77f8f2f48120a12bf94385a1820d0fc771fbe1dac4528ed4c,exact_group,exact,1
ral_2026_general_124_006,rd_2026_general_revenue_15_01_01_04_96_3405350000,2026_general_expenditure_02_03_15_02_04,2026_general_expenditure_02_03_15,general,土と農の交流園運営,土と農の交流園運営,343,124,241,matched,page_and_exact_name,not_available,,r8tousyoyosanallpage.pdf,"96 土と農の交流園(生活文化政策部) 50
充当事業:土と農の交流園運営・P343",target_page_account_and_exact_name_unique;page_offset=0,bpi_6c3bfeb54297a07eaff3cc6a241ca53873628ffc43670f3acaaed562cdc8b5d4,exact_group,exact,1
ral_2026_general_124_007,rd_2026_general_revenue_15_01_01_05_01_3065600000,2026_general_expenditure_02_01_02_01_04,2026_general_expenditure_02_01_02,general,区政PR,区政ＰＲ,319,124,241,matched,page_and_normalized_name,not_available,,r8tousyoyosanallpage.pdf,"1 著作権利用許諾(政策経営部) 21
充当事業:区政PR・P319",target_page_account_and_nfkc_name_unique;page_offset=0,bpi_2ebebeafea2dd534586e4670e355f38f45018655c2390044a7e8840362d2b8f7,exact_group,exact,1
ral_2026_general_124_008,rd_2026_general_revenue_15_01_01_06_01_3895300000,2026_general_expenditure_07_02_02_01_14,2026_general_expenditure_07_02_02,general,道路側溝維持修繕(世田谷・北沢・烏山),道路側溝維持修繕（世田谷・北沢・烏山）,423,124,241,matched,page_and_normalized_name,not_available,,r8tousyoyosanallpage.pdf,"1 三茶パティオ(土木部) 2,970
充当事業:道路側溝維持修繕(世田谷・北沢・烏山)・P423",target_page_account_and_nfkc_name_unique;page_offset=0,bpi_28997cea7ef2741d9d936c78a70859b7d1d2aeaabf4f307d90ba81e2a630a894,exact_group,exact,1
ral_2026_general_124_009,rd_2026_general_revenue_15_01_02_02_07_4960160000,2026_general_expenditure_08_03_09_01_01,2026_general_expenditure_08_03_09,general,義務教育施設整備基金積立金,義務教育施設整備基金積立金,455,124,241,matched,page_and_exact_name,not_available,,r8tousyoyosanallpage.pdf,"7 義務教育施設整備基金(教育委員会事務局) 319,539
充当事業:義務教育施設整備基金積立金・P455",target_page_account_and_exact_name_unique;page_offset=0,bpi_6d04e0f5d3d040f577adcc9d4a9eaaf498418e0c2c04855a605bbbd84c3d98d4,exact_group,exact,1
ral_2026_general_124_010,rd_2026_general_revenue_15_01_02_02_11_3815100000,2026_general_expenditure_07_06_02_01_01,2026_general_expenditure_07_06_02,general,都市整備基金積立金,都市整備基金積立金,441,124,241,matched,page_and_exact_name,not_available,,r8tousyoyosanallpage.pdf,"11 都市整備基金(都市整備政策部) 78,169
充当事業:都市整備基金積立金・P441",target_page_account_and_exact_name_unique;page_offset=0,bpi_47a48b9f5c0651f462c3a25c7bec0cdc01f0c3cd185a446307e65f8ddacf4be3,exact_group,exact,1
ral_2026_general_124_011,rd_2026_general_revenue_15_01_02_02_12_3205100000,2026_general_expenditure_02_01_01_02_02,2026_general_expenditure_02_01_01,general,庁舎等建設等基金積立金,庁舎等建設等基金積立金,317,124,241,matched,page_and_exact_name,not_available,,r8tousyoyosanallpage.pdf,"12 庁舎等建設等基金(総務部) 151,031
充当事業:庁舎等建設等基金積立金・P317",target_page_account_and_exact_name_unique;page_offset=0,bpi_d4881f3bfc2a764f0171b226eb5984961a442510630b7f43b2649f3b617d775f,exact_group,exact,1
ral_2026_general_124_012,rd_2026_general_revenue_15_01_02_02_26_3595110000,2026_general_expenditure_03_01_01_03_05,2026_general_expenditure_03_01_01,general,地域保健福祉等推進基金積立金,地域保健福祉等推進基金積立金,357,124,241,matched,page_and_exact_name,not_available,,r8tousyoyosanallpage.pdf,"26 地域保健福祉等推進基金(保健福祉政策部) 4,802
充当事業:地域保健福祉等推進基金積立金・P357",target_page_account_and_exact_name_unique;page_offset=0,bpi_3754428d0e1596e46d2eff249de7a62983d081fb585ab9d0c71e69a23e34c1cb,exact_group,exact,1
ral_2026_general_124_013,rd_2026_general_revenue_15_01_02_02_27_3065500000,2026_general_expenditure_11_01_01_01_01,2026_general_expenditure_11_01_01,general,財政調整基金積立金,財政調整基金積立金,477,124,241,matched,page_and_exact_name,not_available,,r8tousyoyosanallpage.pdf,"27 財政調整基金(政策経営部) 261,700
充当事業:財政調整基金積立金・P477",target_page_account_and_exact_name_unique;page_offset=0,bpi_eeb495a8914598514149f01bd3f8852b23b770de2760aa3dea140afa1d90d974,exact_group,exact,1
ral_2026_general_124_014,rd_2026_general_revenue_15_01_02_02_34_3815450000,2026_general_expenditure_07_05_02_01_18,2026_general_expenditure_07_05_02,general,住宅基金積立金,住宅基金積立金,437,124,241,matched,page_and_exact_name,not_available,,r8tousyoyosanallpage.pdf,"34 住宅基金(都市整備政策部) 4,903
充当事業:住宅基金積立金・P437",target_page_account_and_exact_name_unique;page_offset=0,bpi_bcf55c5c7d8abf6ecad541fc28030c1e210cc2c7939ffd52c9bd0f9d145fde2b,exact_group,exact,1
ral_2026_general_124_015,rd_2026_general_revenue_15_01_02_02_35_3065500000,2026_general_expenditure_11_01_01_02_01,2026_general_expenditure_11_01_01,general,減債基金積立金,減債基金積立金,477,124,241,matched,page_and_exact_name,not_available,,r8tousyoyosanallpage.pdf,"35 減債基金(政策経営部) 25,599
充当事業:減債基金積立金・P477",target_page_account_and_exact_name_unique;page_offset=0,bpi_376eed4d364edda4ba45391748da67e3bee16bbf6cbcb0eaa5b5b408a140ca92,exact_group,exact,1
ral_2026_general_124_016,rd_2026_general_revenue_15_01_02_02_41_3405400000,2026_general_expenditure_02_03_11_03_01,2026_general_expenditure_02_03_11,general,国際平和交流基金積立金,国際平和交流基金積立金,339,124,241,matched,page_and_exact_name,not_available,,r8tousyoyosanallpage.pdf,"41 国際平和交流基金(生活文化政策部) 2,219
充当事業:国際平和交流基金積立金・P339",target_page_account_and_exact_name_unique;page_offset=0,bpi_d06756b7fdcc50327cbfe5ca9ed1332352977a28c47030169180b2ebd6832985,exact_group,exact,1
ral_2026_general_124_017,rd_2026_general_revenue_15_01_02_02_42_3405400000,2026_general_expenditure_02_03_11_01_01,2026_general_expenditure_02_03_11,general,文化振興基金積立金,文化振興基金積立金,339,124,241,matched,page_and_exact_name,not_available,,r8tousyoyosanallpage.pdf,"42 文化振興基金(生活文化政策部) 351
充当事業:文化振興基金積立金・P339",target_page_account_and_exact_name_unique;page_offset=0,bpi_ed6fefdfe201255c42f0f35aee17cd50aacd50502b8faef05d63641b718675d7,exact_group,exact,1
ral_2026_general_124_018,rd_2026_general_revenue_15_01_02_02_46_3665150000,2026_general_expenditure_03_02_01_01_31,2026_general_expenditure_03_02_01,general,子ども・若者基金積立金,子ども・若者基金積立金,375,124,241,matched,page_and_exact_name,not_available,,r8tousyoyosanallpage.pdf,"46 子ども・若者基金(子ども・若者部) 2,329
充当事業:子ども・若者基金積立金・P375",target_page_account_and_exact_name_unique;page_offset=0,bpi_bc7c7831755e35c3fdb5e3d4f798a543b9ffb48d912ce9c92319f3ee89b17fed,exact_group,exact,1
ral_2026_general_124_019,rd_2026_general_revenue_15_01_02_02_47_3835100000,2026_general_expenditure_07_04_05_01_35,2026_general_expenditure_07_04_05,general,みどりのトラスト基金積立金,みどりのトラスト基金積立金,433,124,241,matched,page_and_exact_name,not_available,,r8tousyoyosanallpage.pdf,"47 みどりのトラスト基金(みどり33推進担当部) 75,120
充当事業:みどりのトラスト基金積立金・P433",target_page_account_and_exact_name_unique;page_offset=0,bpi_6fd1c10831e17401b2f417caa9cb5c12a62a995d92b5dd5b3d9a7a74b5517015,exact_group,exact,1
ral_2026_general_124_020,rd_2026_general_revenue_15_01_02_02_48_3305300000,2026_general_expenditure_02_03_09_01_27,2026_general_expenditure_02_03_09,general,災害対策基金積立金,災害対策基金積立金,339,124,241,matched,page_and_exact_name,not_available,,r8tousyoyosanallpage.pdf,"48 災害対策基金(危機管理部) 12,864
充当事業:災害対策基金積立金・P339",target_page_account_and_exact_name_unique;page_offset=2,bpi_c79b279ea3707079251a02baa7d1d001d75ad0b9df9f2bf9c4ff54aea46ecd23,exact_group,exact,1
ral_2026_general_125_001,rd_2026_general_revenue_15_01_02_02_52_3445100000,2026_general_expenditure_02_03_14_01_19,2026_general_expenditure_02_03_14,general,スポーツ推進基金積立金,スポーツ推進基金積立金,343,125,243,matched,page_and_exact_name,not_available,,r8tousyoyosanallpage.pdf,"52 スポーツ推進基金(スポーツ推進部) 34,858
充当事業:スポーツ推進基金積立金・P343",target_page_account_and_exact_name_unique;page_offset=2,bpi_925b4d98245d76b804f2a490d1071bac44c2c6e7e67de4526e749e017916d575,exact_group,exact,1
ral_2026_general_125_002,rd_2026_general_revenue_15_01_02_02_53_4975200000,2026_general_expenditure_08_01_03_01_47,2026_general_expenditure_08_01_03,general,世田谷遊びと学びの教育基金積立金,世田谷遊びと学びの教育基金積立金,447,125,243,matched,page_and_exact_name,not_available,,r8tousyoyosanallpage.pdf,"53 世田谷遊びと学びの教育基金(教育委員会事務局) 155
充当事業:世田谷遊びと学びの教育基金積立金・P447",target_page_account_and_exact_name_unique;page_offset=2,bpi_21e00ba8aebe28306233720ba617425742b21787763e8d5a13901c1b952b7543,exact_group,exact,1
ral_2026_general_125_003,rd_2026_general_revenue_15_01_02_02_54_3655300000,2026_general_expenditure_03_01_01_06_20,2026_general_expenditure_03_01_01,general,医療的ケア児の笑顔を支える基金積立金,医療的ケア児の笑顔を支える基金積立金,361,125,243,matched,page_and_exact_name,not_available,,r8tousyoyosanallpage.pdf,"54 医療的ケア児の笑顔を支える基金(障害福祉部) 520
充当事業:医療的ケア児の笑顔を支える基金積立金・P361",target_page_account_and_exact_name_unique;page_offset=4,bpi_cc02c06bd27e851f4bde266884eb400e89082afa4877ebe05650fd2a2c7e800d,exact_group,exact,1
ral_2026_general_125_004,rd_2026_general_revenue_15_01_02_02_56_3665570000,2026_general_expenditure_03_02_01_01_87,2026_general_expenditure_03_02_01,general,児童養護施設退所者等奨学・自立支援基金積立金,児童養護施設退所者等奨学・自立支援基金積立金,379,125,243,matched,page_and_exact_name,not_available,,r8tousyoyosanallpage.pdf,"56 児童養護施設退所者等奨学・自立支援基金(子ども・若者部) 2,218
充当事業:児童養護施設退所者等奨学・自立支援基金積立金・P379",target_page_account_and_exact_name_unique;page_offset=4,bpi_10341c8b5250eff2f71a18d11b37d1dd98a3f18c1db1b4ad3057f8d0cee352c8,exact_group,exact,1
ral_2026_general_125_005,rd_2026_general_revenue_15_01_02_02_57_3465110000,2026_general_expenditure_04_02_01_01_17,2026_general_expenditure_04_02_01,general,気候危機対策基金積立金,気候危機対策基金積立金,391,125,243,matched,page_and_exact_name,not_available,,r8tousyoyosanallpage.pdf,"57 気候危機対策基金(環境政策部) 4,194
充当事業:気候危機対策基金積立金・P391",target_page_account_and_exact_name_unique;page_offset=0,bpi_53123e6ceb09327c44c632891b0fc9f70220174ae046fec7f4f595a168531097,exact_group,exact,1
ral_2026_general_125_006,rd_2026_general_revenue_15_01_02_02_58_3405450000,2026_general_expenditure_02_03_01_07_03,2026_general_expenditure_02_03_01,general,犯罪被害者等支援等基金積立金,犯罪被害者等支援等基金積立金,331,125,243,matched,page_and_exact_name,not_available,,r8tousyoyosanallpage.pdf,"58 犯罪被害者等支援等基金(生活文化政策部) 186
充当事業:犯罪被害者等支援等基金積立金・P331",target_page_account_and_exact_name_unique;page_offset=4,bpi_29889d92dbde9e6129ba7ac050fa1b0fd6c05d65077aec543c9d3ef6028c8cbe,exact_group,exact,1
ral_2026_general_126_001,rd_2026_general_revenue_15_02_02_01_13_3235200000,2026_general_expenditure_02_01_01_02_01,2026_general_expenditure_02_01_01,general,庁舎維持管理,庁舎維持管理,317,126,245,matched,page_and_exact_name,not_available,,r8tousyoyosanallpage.pdf,"13 リサイクル資源売払(庁舎維持管理)(庁舎整備担当部) 483
充当事業:庁舎維持管理・P317",target_page_account_and_exact_name_unique;page_offset=0,bpi_c34fb87998d2beb1da3e5e8011a45c4cf624372d28878d78816749aacd40fd45,exact_group,exact,1
ral_2026_general_126_002,rd_2026_general_revenue_15_02_02_01_14_3665150000,2026_general_expenditure_03_02_01_01_60,2026_general_expenditure_03_02_01,general,野毛青少年交流センター維持運営,野毛青少年交流センター維持運営,377,126,245,matched,page_and_exact_name,not_available,,r8tousyoyosanallpage.pdf,"14 リサイクル資源売払(野毛青少年交流センター)(子ども・若者部) 1
充当事業:野毛青少年交流センター維持運営・P377",target_page_account_and_exact_name_unique;page_offset=2,bpi_94259aa3219275e8aac0fc8a6ef57a52277e68afa306989f6190a7c24ae47275,exact_group,exact,1
ral_2026_general_126_003,rd_2026_general_revenue_15_02_02_01_15_3665150000,2026_general_expenditure_03_02_01_01_95,2026_general_expenditure_03_02_01,general,希望丘青少年交流センター維持運営,希望丘青少年交流センター維持運営,379,126,245,matched,page_and_exact_name,not_available,,r8tousyoyosanallpage.pdf,"15 リサイクル資源売払(希望丘青少年交流センター)(子ども・若者部) 6
充当事業:希望丘青少年交流センター維持運営・P379",target_page_account_and_exact_name_unique;page_offset=4,bpi_2c7765977eed9e3f206c0fc86266c8a752dff19ca4d64030235c48ea233863c4,exact_group,exact,1
ral_2026_general_126_004,rd_2026_general_revenue_15_02_02_01_16_2235100000,2026_general_expenditure_02_03_02_01_13,2026_general_expenditure_02_03_02,general,北沢総合支所維持管理,北沢総合支所維持管理,331,126,245,matched,page_and_exact_name,not_available,,r8tousyoyosanallpage.pdf,"16 リサイクル資源売払(北沢総合支所)(北沢総合支所) 110
充当事業:北沢総合支所維持管理・P331",target_page_account_and_exact_name_unique;page_offset=0,bpi_d42db30ccf3e6ab15db7a06543dbca0ec4d46b65173034608f08fdee31e3fd8e,exact_group,exact,1
ral_2026_general_126_005,rd_2026_general_revenue_15_02_02_01_17_2335100000,2026_general_expenditure_02_03_02_01_14,2026_general_expenditure_02_03_02,general,玉川総合支所維持管理,玉川総合支所維持管理,331,126,245,matched,page_and_exact_name,not_available,,r8tousyoyosanallpage.pdf,"17 リサイクル資源売払(玉川総合支所)(玉川総合支所) 99
充当事業:玉川総合支所維持管理・P331",target_page_account_and_exact_name_unique;page_offset=0,bpi_0bd26d7858b3cdc1d2b77bcc9a3f770b7aa2c24629f6a756f70e33d070d41781,exact_group,exact,1
ral_2026_general_126_006,rd_2026_general_revenue_15_02_02_01_18_2435100000,2026_general_expenditure_02_03_02_01_15,2026_general_expenditure_02_03_02,general,砧総合支所維持管理,砧総合支所維持管理,331,126,245,matched,page_and_exact_name,not_available,,r8tousyoyosanallpage.pdf,"18 リサイクル資源売払(砧総合支所)(砧総合支所) 113
充当事業:砧総合支所維持管理・P331",target_page_account_and_exact_name_unique;page_offset=0,bpi_e3c6630cd0366dee667af96052f1fd3dac4e9f5a54972e89f579ece6d7ec6979,exact_group,exact,1
ral_2026_general_126_007,rd_2026_general_revenue_15_02_02_01_19_2535100000,2026_general_expenditure_02_03_02_01_16,2026_general_expenditure_02_03_02,general,烏山総合支所維持管理,烏山総合支所維持管理,331,126,245,matched,page_and_exact_name,not_available,,r8tousyoyosanallpage.pdf,"19 リサイクル資源売払(烏山総合支所)(烏山総合支所) 60
充当事業:烏山総合支所維持管理・P331",target_page_account_and_exact_name_unique;page_offset=0,bpi_03acf7882be09550fa989b1e65f35ed250077e82331a1371bcd8adfde8c75612,exact_group,exact,1
ral_2026_general_126_008,rd_2026_general_revenue_15_02_02_01_20_3555300000,2026_general_expenditure_04_03_01_01_13,2026_general_expenditure_04_03_01,general,ごみ減量・リサイクル普及・啓発施設運営,ごみ減量・リサイクル普及・啓発施設運営,393,126,245,matched,page_and_exact_name,not_available,,r8tousyoyosanallpage.pdf,"20 リユース品売払(エコプラザ用賀)(環境政策部) 52,440
充当事業:ごみ減量・リサイクル普及・啓発施設運営・P393",target_page_account_and_exact_name_unique;page_offset=0,bpi_bc1b031edb252543706db6adbe30630f20aaec924b824ceca1849687fdcaef13,exact_group,exact,1
ral_2026_general_126_009,rd_2026_general_revenue_15_02_02_01_21_3555300000,2026_general_expenditure_04_03_03_01_11,2026_general_expenditure_04_03_03,general,リサイクル施設維持運営,リサイクル施設維持運営,395,126,245,matched,page_and_exact_name,not_available,,r8tousyoyosanallpage.pdf,"21 リサイクル資源売払(資源循環センター)(環境政策部) 1,415
充当事業:リサイクル施設維持運営・P395",target_page_account_and_exact_name_unique;page_offset=0,bpi_1735f661325171d8cd1dae52117106cfd2d7263398ee18729c80601f8e20c016,exact_group,exact,1
ral_2026_general_126_010,rd_2026_general_revenue_15_02_02_01_22_3555300000,2026_general_expenditure_04_03_03_01_09,2026_general_expenditure_04_03_03,general,資源分別回収事業,資源分別回収事業,395,126,245,matched,page_and_exact_name,not_available,,r8tousyoyosanallpage.pdf,"22 リサイクル資源売払(資源分別回収事業)(環境政策部) 788,959
充当事業:資源分別回収事業・P395",target_page_account_and_exact_name_unique;page_offset=0,bpi_6d9589f83a7741e1a146c5742f0e83592b24f7a4186514a309b7230fec444697,exact_group,exact,1
ral_2026_general_126_011,rd_2026_general_revenue_15_02_02_01_24_3555300000,2026_general_expenditure_04_03_02_01_01,2026_general_expenditure_04_03_02,general,ごみ収集作業,ごみ収集作業,395,126,245,matched,page_and_exact_name,not_available,,r8tousyoyosanallpage.pdf,"24 リサイクル資源売払(金属分資源化事業)(環境政策部) 2,609
充当事業:ごみ収集作業・P395",target_page_account_and_exact_name_unique;page_offset=0,bpi_6b9d2197dba15c7b72f878f5704fa5475f891e6d8639f651197efb09c9982ca6,exact_group,exact,1
ral_2026_general_126_012,rd_2026_general_revenue_15_02_02_02_02_3835100000,2026_general_expenditure_07_04_05_01_35,2026_general_expenditure_07_04_05,general,みどりのトラスト基金積立金,みどりのトラスト基金積立金,433,126,245,matched,page_and_exact_name,not_available,,r8tousyoyosanallpage.pdf,"2 みどり33ピンバッチ(みどり33推進担当部) 50
充当事業:みどりのトラスト基金積立金・P433",target_page_account_and_exact_name_unique;page_offset=0,bpi_6fd1c10831e17401b2f417caa9cb5c12a62a995d92b5dd5b3d9a7a74b5517015,exact_group,exact,1
ral_2026_general_126_013,rd_2026_general_revenue_15_02_02_02_04_3205400000,2026_general_expenditure_02_01_01_01_21,2026_general_expenditure_02_01_01,general,区政情報センター運営,区政情報センター運営,317,126,245,matched,page_and_exact_name,not_available,,r8tousyoyosanallpage.pdf,"4 有償刊行物売払料(区政情報センター)(総務部) 586
充当事業:区政情報センター運営・P317",target_page_account_and_exact_name_unique;page_offset=0,bpi_7ebf000323269f12256039f617ca431644c026d4482c54a3d16431ce231829a8,exact_group,exact,1
ral_2026_general_126_014,rd_2026_general_revenue_15_02_02_02_05_3205400000,2026_general_expenditure_02_01_01_01_21,2026_general_expenditure_02_01_01,general,区政情報センター運営,区政情報センター運営,317,126,245,matched,page_and_exact_name,not_available,,r8tousyoyosanallpage.pdf,"5 有償刊行物売払料(区政会館)(総務部) 13
充当事業:区政情報センター運営・P317",target_page_account_and_exact_name_unique;page_offset=0,bpi_7ebf000323269f12256039f617ca431644c026d4482c54a3d16431ce231829a8,exact_group,exact,1
ral_2026_general_127_001,rd_2026_general_revenue_16_01_02_01_01_3405400000,2026_general_expenditure_02_03_11_01_01,2026_general_expenditure_02_03_11,general,文化振興基金積立金,文化振興基金積立金,339,127,247,matched,page_and_exact_name,not_available,,r8tousyoyosanallpage.pdf,"1 文化振興基金(生活文化政策部) 14,288
充当事業:文化振興基金積立金・P339",target_page_account_and_exact_name_unique;page_offset=0,bpi_ed6fefdfe201255c42f0f35aee17cd50aacd50502b8faef05d63641b718675d7,exact_group,exact,1
ral_2026_general_127_002,rd_2026_general_revenue_16_01_02_01_02_3405400000,2026_general_expenditure_02_03_11_03_01,2026_general_expenditure_02_03_11,general,国際平和交流基金積立金,国際平和交流基金積立金,339,127,247,matched,page_and_exact_name,not_available,,r8tousyoyosanallpage.pdf,"2 国際平和交流基金(生活文化政策部) 1,752
充当事業:国際平和交流基金積立金・P339",target_page_account_and_exact_name_unique;page_offset=0,bpi_d06756b7fdcc50327cbfe5ca9ed1332352977a28c47030169180b2ebd6832985,exact_group,exact,1
ral_2026_general_127_003,rd_2026_general_revenue_16_01_02_01_03_3445100000,2026_general_expenditure_02_03_14_01_19,2026_general_expenditure_02_03_14,general,スポーツ推進基金積立金,スポーツ推進基金積立金,343,127,247,matched,page_and_exact_name,not_available,,r8tousyoyosanallpage.pdf,"3 スポーツ推進基金(スポーツ推進部) 24,728
充当事業:スポーツ推進基金積立金・P343",target_page_account_and_exact_name_unique;page_offset=2,bpi_925b4d98245d76b804f2a490d1071bac44c2c6e7e67de4526e749e017916d575,exact_group,exact,1
ral_2026_general_127_004,rd_2026_general_revenue_16_01_02_01_12_3205100000,2026_general_expenditure_02_01_01_02_02,2026_general_expenditure_02_01_01,general,庁舎等建設等基金積立金,庁舎等建設等基金積立金,317,127,247,matched,page_and_exact_name,not_available,,r8tousyoyosanallpage.pdf,"12 世田谷区民会館整備(総務部) 10,000
充当事業:庁舎等建設等基金積立金・P317",target_page_account_and_exact_name_unique;page_offset=0,bpi_d4881f3bfc2a764f0171b226eb5984961a442510630b7f43b2649f3b617d775f,exact_group,exact,1
ral_2026_general_127_005,rd_2026_general_revenue_16_01_02_01_19_3305300000,2026_general_expenditure_02_03_09_01_27,2026_general_expenditure_02_03_09,general,災害対策基金積立金,災害対策基金積立金,339,127,247,matched,page_and_exact_name,not_available,,r8tousyoyosanallpage.pdf,"19 災害対策基金(危機管理部) 18,038
充当事業:災害対策基金積立金・P339",target_page_account_and_exact_name_unique;page_offset=2,bpi_c79b279ea3707079251a02baa7d1d001d75ad0b9df9f2bf9c4ff54aea46ecd23,exact_group,exact,1
ral_2026_general_127_006,rd_2026_general_revenue_16_01_02_01_26_3405450000,2026_general_expenditure_02_03_01_07_03,2026_general_expenditure_02_03_01,general,犯罪被害者等支援等基金積立金,犯罪被害者等支援等基金積立金,331,127,247,matched,page_and_exact_name,not_available,,r8tousyoyosanallpage.pdf,"26 犯罪被害者等支援等基金(生活文化政策部) 7,137
充当事業:犯罪被害者等支援等基金積立金・P331",target_page_account_and_exact_name_unique;page_offset=4,bpi_29889d92dbde9e6129ba7ac050fa1b0fd6c05d65077aec543c9d3ef6028c8cbe,exact_group,exact,1
ral_2026_general_127_007,rd_2026_general_revenue_16_01_02_01_28_2135100000,2026_general_expenditure_02_03_02_01_31,2026_general_expenditure_02_03_02,general,地域経営事務調整(世田谷),地域経営事務調整（世田谷）,331,127,247,matched,page_and_normalized_name,not_available,,r8tousyoyosanallpage.pdf,"28 宮坂区民センター展示車両補修整備事業(世田谷総合支所) 2,000
充当事業:地域経営事務調整(世田谷)・P331",target_page_account_and_nfkc_name_unique;page_offset=0,bpi_d847d12ab67da7270744fa57b2ee68f961c60075b8baec68c0c7c2117c476827,exact_group,exact,1
ral_2026_general_127_008,rd_2026_general_revenue_16_01_02_02_04_3835100000,2026_general_expenditure_07_04_05_01_35,2026_general_expenditure_07_04_05,general,みどりのトラスト基金積立金,みどりのトラスト基金積立金,433,127,247,matched,page_and_exact_name,not_available,,r8tousyoyosanallpage.pdf,"4 みどりのトラスト基金(みどり33推進担当部) 34,023
充当事業:みどりのトラスト基金積立金・P433",target_page_account_and_exact_name_unique;page_offset=0,bpi_6fd1c10831e17401b2f417caa9cb5c12a62a995d92b5dd5b3d9a7a74b5517015,exact_group,exact,1
ral_2026_general_127_009,rd_2026_general_revenue_16_01_02_02_10_3865500000,2026_general_expenditure_07_06_01_01_29,2026_general_expenditure_07_06_01,general,交通バリアフリーの推進,交通バリアフリーの推進,439,127,247,matched,page_and_exact_name,not_available,,r8tousyoyosanallpage.pdf,"10 公共交通不便地域対策(道路・交通計画部) 1,000
充当事業:交通バリアフリーの推進・P439",target_page_account_and_exact_name_unique;page_offset=0,bpi_4b5267edc396f75923bbdebb8a9f5293895b0a701e1751fe93da5314443bffe1,exact_group,exact,1
ral_2026_general_127_010,rd_2026_general_revenue_16_01_02_03_01_3595110000,2026_general_expenditure_03_01_01_03_05,2026_general_expenditure_03_01_01,general,地域保健福祉等推進基金積立金,地域保健福祉等推進基金積立金,357,127,247,matched,page_and_exact_name,not_available,,r8tousyoyosanallpage.pdf,"1 地域保健福祉等推進基金(保健福祉政策部) 53,378
充当事業:地域保健福祉等推進基金積立金・P357",target_page_account_and_exact_name_unique;page_offset=0,bpi_3754428d0e1596e46d2eff249de7a62983d081fb585ab9d0c71e69a23e34c1cb,exact_group,exact,1
ral_2026_general_127_011,rd_2026_general_revenue_16_01_02_03_02_3665150000,2026_general_expenditure_03_02_01_01_31,2026_general_expenditure_03_02_01,general,子ども・若者基金積立金,子ども・若者基金積立金,375,127,247,matched,page_and_exact_name,not_available,,r8tousyoyosanallpage.pdf,"2 子ども・若者基金(子ども・若者部) 115,644
充当事業:子ども・若者基金積立金・P375",target_page_account_and_exact_name_unique;page_offset=0,bpi_bc7c7831755e35c3fdb5e3d4f798a543b9ffb48d912ce9c92319f3ee89b17fed,exact_group,exact,1
ral_2026_general_127_012,rd_2026_general_revenue_16_01_02_03_12_3655300000,2026_general_expenditure_03_01_01_06_20,2026_general_expenditure_03_01_01,general,医療的ケア児の笑顔を支える基金積立金,医療的ケア児の笑顔を支える基金積立金,361,127,247,matched,page_and_exact_name,not_available,,r8tousyoyosanallpage.pdf,"12 医療的ケア児の笑顔を支える基金(障害福祉部) 18,226
充当事業:医療的ケア児の笑顔を支える基金積立金・P361",target_page_account_and_exact_name_unique;page_offset=4,bpi_cc02c06bd27e851f4bde266884eb400e89082afa4877ebe05650fd2a2c7e800d,exact_group,exact,1
ral_2026_general_127_013,rd_2026_general_revenue_16_01_02_03_15_3665570000,2026_general_expenditure_03_02_01_01_87,2026_general_expenditure_03_02_01,general,児童養護施設退所者等奨学・自立支援基金積立金,児童養護施設退所者等奨学・自立支援基金積立金,379,127,247,matched,page_and_exact_name,not_available,,r8tousyoyosanallpage.pdf,"15 児童養護施設退所者等奨学・自立支援基金(子ども・若者部) 63,236
充当事業:児童養護施設退所者等奨学・自立支援基金積立金・P379",target_page_account_and_exact_name_unique;page_offset=4,bpi_10341c8b5250eff2f71a18d11b37d1dd98a3f18c1db1b4ad3057f8d0cee352c8,exact_group,exact,1
ral_2026_general_127_014,rd_2026_general_revenue_16_01_02_03_16_3665200000,2026_general_expenditure_03_02_06_01_01,2026_general_expenditure_03_02_06,general,児童館運営,児童館運営,383,127,247,matched,page_and_exact_name,not_available,,r8tousyoyosanallpage.pdf,"16 児童館陶芸窯購入(子ども・若者部) 3,872
充当事業:児童館運営・P383",target_page_account_and_exact_name_unique;page_offset=0,bpi_942a7f15b4d7356dade676478eb8ce744a9cc7a485eacd6f22749f4ce2a5155f,exact_group,exact,1
ral_2026_general_127_015,rd_2026_general_revenue_16_01_02_04_02_4960160000,2026_general_expenditure_08_03_09_01_01,2026_general_expenditure_08_03_09,general,義務教育施設整備基金積立金,義務教育施設整備基金積立金,455,127,247,matched,page_and_exact_name,not_available,,r8tousyoyosanallpage.pdf,"2 義務教育施設整備基金(教育委員会事務局) 7,774
充当事業:義務教育施設整備基金積立金・P455",target_page_account_and_exact_name_unique;page_offset=0,bpi_6d04e0f5d3d040f577adcc9d4a9eaaf498418e0c2c04855a605bbbd84c3d98d4,exact_group,exact,1
ral_2026_general_127_016,rd_2026_general_revenue_16_01_02_04_04_4975200000,2026_general_expenditure_08_01_03_01_47,2026_general_expenditure_08_01_03,general,世田谷遊びと学びの教育基金積立金,世田谷遊びと学びの教育基金積立金,447,127,247,matched,page_and_exact_name,not_available,,r8tousyoyosanallpage.pdf,"4 世田谷遊びと学びの教育基金(教育委員会事務局) 2,578
充当事業:世田谷遊びと学びの教育基金積立金・P447",target_page_account_and_exact_name_unique;page_offset=2,bpi_21e00ba8aebe28306233720ba617425742b21787763e8d5a13901c1b952b7543,exact_group,exact,1
ral_2026_general_127_017,rd_2026_general_revenue_16_01_02_04_05_4960160000,2026_general_expenditure_08_03_09_01_01,2026_general_expenditure_08_03_09,general,義務教育施設整備基金積立金,義務教育施設整備基金積立金,455,127,247,matched,page_and_exact_name,not_available,,r8tousyoyosanallpage.pdf,"5 義務教育施設整備基金(小学校指定)(教育委員会事務局) 6,000
充当事業:義務教育施設整備基金積立金・P455",target_page_account_and_exact_name_unique;page_offset=0,bpi_6d04e0f5d3d040f577adcc9d4a9eaaf498418e0c2c04855a605bbbd84c3d98d4,exact_group,exact,1
ral_2026_general_127_018,rd_2026_general_revenue_16_01_02_04_06_4960160000,2026_general_expenditure_08_03_09_01_01,2026_general_expenditure_08_03_09,general,義務教育施設整備基金積立金,義務教育施設整備基金積立金,455,127,247,matched,page_and_exact_name,not_available,,r8tousyoyosanallpage.pdf,"6 義務教育施設整備基金(中学校指定)(教育委員会事務局) 8,000
充当事業:義務教育施設整備基金積立金・P455",target_page_account_and_exact_name_unique;page_offset=0,bpi_6d04e0f5d3d040f577adcc9d4a9eaaf498418e0c2c04855a605bbbd84c3d98d4,exact_group,exact,1
ral_2026_general_128_001,rd_2026_general_revenue_16_01_02_05_02_3465110000,2026_general_expenditure_04_02_01_01_17,2026_general_expenditure_04_02_01,general,気候危機対策基金積立金,気候危機対策基金積立金,391,128,249,matched,page_and_exact_name,not_available,,r8tousyoyosanallpage.pdf,"2 気候危機対策基金(環境政策部) 8,326
充当事業:気候危機対策基金積立金・P391",target_page_account_and_exact_name_unique;page_offset=0,bpi_53123e6ceb09327c44c632891b0fc9f70220174ae046fec7f4f595a168531097,exact_group,exact,1
ral_2026_general_129_001,rd_2026_general_revenue_17_01_06_01_10_4960160000,2026_general_expenditure_08_03_09_01_02,2026_general_expenditure_08_03_09,general,中学校改築工事,中学校改築工事,455,129,251,matched,page_and_exact_name,not_available,,r8tousyoyosanallpage.pdf,"10 中学校(教育委員会事務局) 500,000
充当事業:中学校改築工事・P455",target_page_account_and_exact_name_unique;page_offset=0,bpi_ade86719922583315962d30cd076758c8266300b40233adc94c7fb2a1e3e721e,exact_group,exact,1
ral_2026_general_129_002,rd_2026_general_revenue_17_01_06_01_11_4960160000,2026_general_expenditure_08_02_06_01_02,2026_general_expenditure_08_02_06,general,小学校施設改修工事,小学校施設改修工事,451,129,251,matched,page_and_exact_name,not_available,,r8tousyoyosanallpage.pdf,"11 小学校(施設改修)(教育委員会事務局) 1,959,834
充当事業:小学校施設改修工事・P451",target_page_account_and_exact_name_unique;page_offset=0,bpi_664c16372df8ae4f31a48c463cd71931b75ca32f30231fdddb8ee05bdbfb3d1b,exact_group,exact,1
ral_2026_general_129_003,rd_2026_general_revenue_17_01_06_01_12_4960160000,2026_general_expenditure_08_03_05_01_02,2026_general_expenditure_08_03_05,general,中学校施設改修工事,中学校施設改修工事,455,129,251,matched,page_and_exact_name,not_available,,r8tousyoyosanallpage.pdf,"12 中学校(施設改修)(教育委員会事務局) 1,000,000
充当事業:中学校施設改修工事・P455",target_page_account_and_exact_name_unique;page_offset=0,bpi_99ed3cb8df164fc0a25f1dccdc23b862b739384d9943072616bf4712cb9fb1a2,exact_group,exact,1
ral_2026_general_129_004,rd_2026_general_revenue_17_01_10_01_05_3865300000,2026_general_expenditure_07_02_03_02_02,2026_general_expenditure_07_02_03,general,地先道路用地取得,地先道路用地取得,423,129,251,matched,page_and_exact_name,not_available,,r8tousyoyosanallpage.pdf,"5 地先道路用地(道路・交通計画部) 500,000
充当事業:地先道路用地取得・P423",target_page_account_and_exact_name_unique;page_offset=0,bpi_27af1b6cb664b0154a21f6f0b2b29dd229ec15ff8608943d265be234339f4c72,exact_group,exact,1
ral_2026_general_129_005,rd_2026_general_revenue_17_01_10_01_17_3865500000,2026_general_expenditure_07_06_01_01_14,2026_general_expenditure_07_06_01,general,鉄道と道路の立体化の促進,鉄道と道路の立体化の促進,439,129,251,matched,page_and_exact_name,not_available,,r8tousyoyosanallpage.pdf,"17 鉄道と道路の立体化促進(道路・交通計画部) 300,000
充当事業:鉄道と道路の立体化の促進・P439",target_page_account_and_exact_name_unique;page_offset=0,bpi_3d2825748de24b03698a7e586c0ef3a2ee31d5eb4c7cdc12f81573020c30912a,exact_group,exact,1
ral_2026_general_129_006,rd_2026_general_revenue_17_01_10_01_18_3895400000,2026_general_expenditure_07_02_03_01_79,2026_general_expenditure_07_02_03,general,路面改良(玉川・砧),路面改良（玉川・砧）,423,129,251,matched,page_and_normalized_name,not_available,,r8tousyoyosanallpage.pdf,"18 路面改良(玉川・砧)(土木部) 500,000
充当事業:路面改良(玉川・砧)・P423",target_page_account_and_nfkc_name_unique;page_offset=0,bpi_f5e83a0fb1a94103c19e8cd15aba04845f2a3a649b7e8e9483d1b23a647acf96,exact_group,exact,1
ral_2026_general_129_007,rd_2026_general_revenue_17_01_10_01_20_3895400000,2026_general_expenditure_07_02_10_01_08,2026_general_expenditure_07_02_10,general,橋梁新設改良,橋梁新設改良,427,129,251,matched,page_and_exact_name,not_available,,r8tousyoyosanallpage.pdf,"20 橋梁新設改良(土木部) 800,000
充当事業:橋梁新設改良・P427",target_page_account_and_exact_name_unique;page_offset=0,bpi_0b34804cb6dd88c7920baaf921e92f253b3a051a0b6754d3f685bdb48a21ca2f,exact_group,exact,1
ral_2026_general_129_008,rd_2026_general_revenue_17_01_10_01_25_3895300000,2026_general_expenditure_07_02_03_01_78,2026_general_expenditure_07_02_03,general,路面改良(世田谷・北沢・烏山),路面改良（世田谷・北沢・烏山）,423,129,251,matched,page_and_normalized_name,not_available,,r8tousyoyosanallpage.pdf,"25 路面改良(世田谷・北沢・烏山)(土木部) 200,000
充当事業:路面改良(世田谷・北沢・烏山)・P423",target_page_account_and_nfkc_name_unique;page_offset=0,bpi_936e69e0d838a4881a745614f2c1b7ce014b57cd43d24e676cbf6c0c3a39b2d9,exact_group,exact,1
ral_2026_general_129_009,rd_2026_general_revenue_17_01_16_04_04_3405350000,2026_general_expenditure_02_03_01_01_09,2026_general_expenditure_02_03_01,general,市民活動の促進,市民活動の促進,327,129,251,matched,page_and_exact_name,not_available,,r8tousyoyosanallpage.pdf,"4 市民活動の促進(生活文化政策部) 15,300
充当事業:市民活動の促進・P327",target_page_account_and_exact_name_unique;page_offset=0,bpi_af9c9e3c46194f036673b2415ebb968f01bd99cba23445e52b0b9639c67c1b63,exact_group,exact,1
ral_2026_general_129_010,rd_2026_general_revenue_17_01_16_10_02_3595110000,2026_general_expenditure_03_01_01_03_72,2026_general_expenditure_03_01_01,general,地域福祉活動等促進事業,地域福祉活動等促進事業,359,129,251,matched,page_and_exact_name,not_available,,r8tousyoyosanallpage.pdf,"2 福祉施設等支援(保健福祉政策部) 17,700
充当事業:地域福祉活動等促進事業・P359",target_page_account_and_exact_name_unique;page_offset=2,bpi_86996e86ad25e45cd66dee2fabc3073de76ae06d4b6921f24412af5af13e9193,exact_group,exact,1
ral_2026_general_129_011,rd_2026_general_revenue_17_01_16_12_01_3655200000,2026_general_expenditure_03_01_16_01_06,2026_general_expenditure_03_01_16,general,障害者授産事業,障害者授産事業,369,129,251,matched,page_and_exact_name,not_available,,r8tousyoyosanallpage.pdf,"1 障害者施設受注拡大・工賃向上推進事業(障害福祉部) 17,000
充当事業:障害者授産事業・P369",target_page_account_and_exact_name_unique;page_offset=0,bpi_ec45351d16bba62810ce70f3037ef5f13968d1c4830ea9ed8b1b32f9954d20d5,exact_group,exact,1
ral_2026_general_129_012,rd_2026_general_revenue_17_01_16_16_01_3655100000,2026_general_expenditure_03_01_01_06_05,2026_general_expenditure_03_01_01,general,障害者差別解消推進,障害者差別解消推進,361,129,251,matched,page_and_exact_name,not_available,,r8tousyoyosanallpage.pdf,"1 合理的配慮提供支援助成事業(障害福祉部) 1,200
充当事業:障害者差別解消推進・P361",target_page_account_and_exact_name_unique;page_offset=4,bpi_ebf1f3a64d011092e963d53f304265610bbb702c71be73dba92204b68992f62d,exact_group,exact,1
ral_2026_general_129_013,rd_2026_general_revenue_17_01_16_19_01_3645100000,2026_general_expenditure_03_01_01_06_03,2026_general_expenditure_03_01_01,general,介護人材確保・定着支援事業,介護人材確保・定着支援事業,361,129,251,matched,page_and_exact_name,not_available,,r8tousyoyosanallpage.pdf,"1 介護人材確保支援事業(高齢福祉部) 68,727
充当事業:介護人材確保・定着支援事業・P361",target_page_account_and_exact_name_unique;page_offset=4,bpi_dd2e219578a48dc2b911320bb3888286f25d642e91c7b505b6ce7ed5054a63c1,exact_group,exact,1
ral_2026_general_129_014,rd_2026_general_revenue_17_01_16_25_01_3785700000,2026_general_expenditure_05_04_01_01_04,2026_general_expenditure_05_04_01,general,人と動物との共生推進事業,人と動物との共生推進事業,409,129,251,matched,page_and_exact_name,not_available,,r8tousyoyosanallpage.pdf,"1 人と動物との共生推進事業(世田谷保健所) 6,510
充当事業:人と動物との共生推進事業・P409",target_page_account_and_exact_name_unique;page_offset=0,bpi_801a822f4b1e581259a39dc17d52f2c54b53d2d627abbaea71ff150e073c25dc,exact_group,exact,1
ral_2026_general_129_015,rd_2026_general_revenue_17_01_16_26_01_3595200000,2026_general_expenditure_03_01_01_06_21,2026_general_expenditure_03_01_01,general,ひきこもり対策,ひきこもり対策,361,129,251,matched,page_and_exact_name,not_available,,r8tousyoyosanallpage.pdf,"1 ひきこもり等の居場所事業(保健福祉政策部) 14,851
充当事業:ひきこもり対策・P361",target_page_account_and_exact_name_unique;page_offset=4,bpi_58995cec2dd99a6ad5fb4331cc06bf33677954681bdf66df79c30f911d65a868,exact_group,exact,1
ral_2026_general_129_016,rd_2026_general_revenue_17_01_16_26_02_3595200000,2026_general_expenditure_03_01_01_06_21,2026_general_expenditure_03_01_01,general,ひきこもり対策,ひきこもり対策,361,129,251,matched,page_and_exact_name,not_available,,r8tousyoyosanallpage.pdf,"2 ひきこもり等当事者及び家族による交流支援事業(保健福祉政策部) 840
充当事業:ひきこもり対策・P361",target_page_account_and_exact_name_unique;page_offset=4,bpi_58995cec2dd99a6ad5fb4331cc06bf33677954681bdf66df79c30f911d65a868,exact_group,exact,1
ral_2026_general_130_001,rd_2026_general_revenue_17_01_16_27_01_3655100000,2026_general_expenditure_03_01_01_06_23,2026_general_expenditure_03_01_01,general,専門的人材の確保・養成事業,専門的人材の確保・養成事業,363,130,253,matched,page_and_exact_name,not_available,,r8tousyoyosanallpage.pdf,"1 障害福祉人材採用活動経費助成事業(障害福祉部) 7,899
充当事業:専門的人材の確保・養成事業・P363",target_page_account_and_exact_name_unique;page_offset=6,bpi_c45fc671d24f612128d83a50871aaa520e65ff21ad04dc98fd7b1e1c26adddc1,exact_group,exact,1
ral_2026_general_130_002,rd_2026_general_revenue_17_01_16_28_01_3595200000,2026_general_expenditure_03_01_01_03_88,2026_general_expenditure_03_01_01,general,生活安定支援事業,生活安定支援事業,359,130,253,matched,page_and_exact_name,not_available,,r8tousyoyosanallpage.pdf,"1 多世代食堂支援事業(保健福祉政策部) 1,800
充当事業:生活安定支援事業・P359",target_page_account_and_exact_name_unique;page_offset=2,bpi_d974b21cbe467b7437eaee7177ba809970ef5bfa4100fb88976f9122e4dbba54,exact_group,exact,1
ral_2026_general_130_003,rd_2026_general_revenue_17_01_16_29_01_3665150000,2026_general_expenditure_03_02_01_01_73,2026_general_expenditure_03_02_01,general,若者支援事業運営,若者支援事業運営,377,130,253,matched,page_and_exact_name,not_available,,r8tousyoyosanallpage.pdf,"1 地域保健福祉等推進基金による若者支援事業(子ども・若者部) 23,024
充当事業:若者支援事業運営・P377",target_page_account_and_exact_name_unique;page_offset=2,bpi_50641002dd75c11de57f97831543478862a77123cc86f1b85727907685e817b2,exact_group,exact,1
ral_2026_general_130_004,rd_2026_general_revenue_17_01_21_01_01_3815450000,2026_general_expenditure_07_05_02_01_05,2026_general_expenditure_07_05_02,general,公的住宅改修工事,公的住宅改修工事,437,130,253,matched,page_and_exact_name,not_available,,r8tousyoyosanallpage.pdf,"1 住宅基金繰入金(計画修繕)(都市整備政策部) 555,623
充当事業:公的住宅改修工事・P437",target_page_account_and_exact_name_unique;page_offset=0,bpi_e90d4ed33cd84c408333d0e3902ca417380afc1a0bfb319738cadc41ab514539,exact_group,exact,1
ral_2026_general_130_005,rd_2026_general_revenue_17_01_22_01_01_3405400000,2026_general_expenditure_02_03_11_03_02,2026_general_expenditure_02_03_11,general,姉妹都市等交流の充実,姉妹都市等交流の充実,339,130,253,matched,page_and_exact_name,not_available,,r8tousyoyosanallpage.pdf,"1 国際平和交流(生活文化政策部) 300
充当事業:姉妹都市等交流の充実・P339",target_page_account_and_exact_name_unique;page_offset=0,bpi_9741d2d0ba2ac4276851758576a2a7a2fcf433b89557bb582dea231e9883b707,exact_group,exact,1
ral_2026_general_130_006,rd_2026_general_revenue_17_01_22_01_03_3405400000,2026_general_expenditure_02_03_11_03_03,2026_general_expenditure_02_03_11,general,外国人が暮らしやすい環境づくり,外国人が暮らしやすい環境づくり,339,130,253,matched,page_and_exact_name,not_available,,r8tousyoyosanallpage.pdf,"3 国際平和交流(国際化)(生活文化政策部) 1,620
充当事業:外国人が暮らしやすい環境づくり・P339",target_page_account_and_exact_name_unique;page_offset=0,bpi_a42ed7d07df58872c83da20bb452d30af48782d19872bf8949f33b6c7f5f8571,exact_group,exact,1
ral_2026_general_130_007,rd_2026_general_revenue_17_01_22_01_05_3405450000,2026_general_expenditure_02_03_01_09_02,2026_general_expenditure_02_03_01,general,平和都市宣言事業,平和都市宣言事業,331,130,253,matched,page_and_exact_name,not_available,,r8tousyoyosanallpage.pdf,"5 平和都市宣言事業(生活文化政策部) 5,633
充当事業:平和都市宣言事業・P331",target_page_account_and_exact_name_unique;page_offset=4,bpi_7a4ce6ea311c9c43e88b786933e0f12cedb521430ff52f205c466b92b2962ad2,exact_group,exact,1
ral_2026_general_130_008,rd_2026_general_revenue_17_01_35_01_11_3235200000,2026_general_expenditure_02_01_01_02_13,2026_general_expenditure_02_01_01,general,本庁舎等整備工事,本庁舎等整備工事,317,130,253,matched,page_and_exact_name,not_available,,r8tousyoyosanallpage.pdf,"11 本庁舎等整備費(庁舎整備担当部) 5,887,860
充当事業:本庁舎等整備工事・P317",target_page_account_and_exact_name_unique;page_offset=0,bpi_8b06067c54cce20d2c74b7cb39260cbfbebd61bce682425c153a46e34dd7919e,exact_group,exact,1
ral_2026_general_130_009,rd_2026_general_revenue_17_01_36_01_03_3405400000,2026_general_expenditure_02_03_11_01_09,2026_general_expenditure_02_03_11,general,文化・芸術資源の魅力発信,文化・芸術資源の魅力発信,339,130,253,matched,page_and_exact_name,not_available,,r8tousyoyosanallpage.pdf,"3 文化・芸術資源の魅力発信(生活文化政策部) 4,600
充当事業:文化・芸術資源の魅力発信・P339",target_page_account_and_exact_name_unique;page_offset=0,bpi_5456242b34cdf040867e583f3a01de8ae0d45e068f62b0ec78c29fbef43caa79,exact_group,exact,1
ral_2026_general_130_010,rd_2026_general_revenue_17_01_38_01_02_3665500000,2026_general_expenditure_03_02_01_01_32,2026_general_expenditure_03_02_01,general,子ども・若者基金による補助・支援事業,子ども・若者基金による補助・支援事業,375,130,253,matched,page_and_exact_name,not_available,,r8tousyoyosanallpage.pdf,"2 子ども・若者基金による補助・支援事業(子ども・若者部) 19,503
充当事業:子ども・若者基金による補助・支援事業・P375",target_page_account_and_exact_name_unique;page_offset=0,bpi_a5055b5d7bbef6b657aa3e542c2a8bd634dc8e3007a37da39d403387f23d531d,exact_group,exact,1
ral_2026_general_130_011,rd_2026_general_revenue_17_01_38_01_08_3665200000,2026_general_expenditure_03_02_06_02_01,2026_general_expenditure_03_02_06,general,自然体験遊び場事業,自然体験遊び場事業,383,130,253,matched,page_and_exact_name,not_available,,r8tousyoyosanallpage.pdf,"8 外遊び推進事業(子ども・若者部) 3,354
充当事業:自然体験遊び場事業・P383",target_page_account_and_exact_name_unique;page_offset=0,bpi_3d6874b8b063f3519efffd604d05eff28d8ecd95851fbcc6250441d4c0c38e3f,exact_group,exact,1
ral_2026_general_130_012,rd_2026_general_revenue_17_01_38_01_11_3665150000,2026_general_expenditure_03_02_01_01_73,2026_general_expenditure_03_02_01,general,若者支援事業運営,若者支援事業運営,377,130,253,matched,page_and_exact_name,not_available,,r8tousyoyosanallpage.pdf,"11 子ども・若者基金による若者支援事業(子ども・若者部) 2,713
充当事業:若者支援事業運営・P377",target_page_account_and_exact_name_unique;page_offset=2,bpi_50641002dd75c11de57f97831543478862a77123cc86f1b85727907685e817b2,exact_group,exact,1
ral_2026_general_130_013,rd_2026_general_revenue_17_01_38_01_13_3665150000,2026_general_expenditure_03_02_01_01_34,2026_general_expenditure_03_02_01,general,子どもの権利事業,子どもの権利事業,375,130,253,matched,page_and_exact_name,not_available,,r8tousyoyosanallpage.pdf,"13 子ども・若者基金による子ども応援事業(子ども・若者部) 3,000
充当事業:子どもの権利事業・P375",target_page_account_and_exact_name_unique;page_offset=0,bpi_4e6935eb9e66f3507f0b9f235e03bd764ca8842ca173a203a75b6e4507602b48,exact_group,exact,1
ral_2026_general_130_014,rd_2026_general_revenue_17_01_38_01_15_3665580000,2026_general_expenditure_03_02_01_01_15,2026_general_expenditure_03_02_01,general,子育て支援事業,子育て支援事業,375,130,253,matched,page_and_exact_name,not_available,,r8tousyoyosanallpage.pdf,"15 子ども・若者基金による普及・啓発事業(子育て支援事業)(子ども・若者部) 2,676
充当事業:子育て支援事業・P375",target_page_account_and_exact_name_unique;page_offset=0,bpi_a6c91eb078316228801c87fc17a7b9b81afb8df337bd6305cb7aa67e8d01ad75,exact_group,exact,1
ral_2026_general_130_015,rd_2026_general_revenue_17_01_38_01_18_3665570000,2026_general_expenditure_03_02_13_03_01,2026_general_expenditure_03_02_13,general,家庭養育の推進,家庭養育の推進,385,130,253,matched,page_and_exact_name,not_available,,r8tousyoyosanallpage.pdf,"18 子ども・若者基金による世田谷の里親普及啓発事業(子ども・若者部) 11,000
充当事業:家庭養育の推進・P385",target_page_account_and_exact_name_unique;page_offset=0,bpi_a80f3aca602e6b276212fec3bb748fee3330717a619f89a48ded34456781d0b1,exact_group,exact,1
ral_2026_general_130_016,rd_2026_general_revenue_17_01_38_01_19_3665200000,2026_general_expenditure_03_02_06_01_03,2026_general_expenditure_03_02_06,general,学童クラブ運営,学童クラブ運営,383,130,253,matched,page_and_exact_name,not_available,,r8tousyoyosanallpage.pdf,"19 子ども・若者基金による子どもの意見を反映させた遊び等充実事業(子ども・若者部) 7,388
充当事業:学童クラブ運営・P383",target_page_account_and_exact_name_unique;page_offset=0,bpi_b3f0f775f7a8418d16387028882a91f33dd64c33e41cb23bb0bd6440c56bbacc,exact_group,exact,1
ral_2026_general_130_017,rd_2026_general_revenue_17_01_40_01_04_2135100000,2026_general_expenditure_02_03_09_01_12,2026_general_expenditure_02_03_09,general,防災訓練・組織育成(世田谷),防災訓練・組織育成（世田谷）,337,130,253,matched,page_and_normalized_name,not_available,,r8tousyoyosanallpage.pdf,"4 防災訓練・組織育成(世田谷)(世田谷総合支所) 7,564
充当事業:防災訓練・組織育成(世田谷)・P337",target_page_account_and_nfkc_name_unique;page_offset=0,bpi_96e596de54b6b29d568d44d5821175e3c41bf04aa7c00a4277caeeab9896451b,exact_group,exact,1
ral_2026_general_130_018,rd_2026_general_revenue_17_01_40_01_05_2135100000,2026_general_expenditure_02_03_09_01_17,2026_general_expenditure_02_03_09,general,防災施設管理(世田谷),防災施設管理（世田谷）,337,130,253,matched,page_and_normalized_name,not_available,,r8tousyoyosanallpage.pdf,"5 防災施設管理(世田谷)(世田谷総合支所) 515
充当事業:防災施設管理(世田谷)・P337",target_page_account_and_nfkc_name_unique;page_offset=0,bpi_5ccdd144b5ae35d35a2d28d4af843dc6d0a0695e3f05c25ce154ef0ddcbbb2ec,exact_group,exact,1
ral_2026_general_131_001,rd_2026_general_revenue_17_01_40_01_06_2235100000,2026_general_expenditure_02_03_09_01_13,2026_general_expenditure_02_03_09,general,防災訓練・組織育成(北沢),防災訓練・組織育成（北沢）,337,131,255,matched,page_and_normalized_name,not_available,,r8tousyoyosanallpage.pdf,"6 防災訓練・組織育成(北沢)(北沢総合支所) 3,050
充当事業:防災訓練・組織育成(北沢)・P337",target_page_account_and_nfkc_name_unique;page_offset=0,bpi_0c4a3ace3ada8a5633e551112ccb07f46a106fd55921ceb223426b83e77ea60e,exact_group,exact,1
ral_2026_general_131_002,rd_2026_general_revenue_17_01_40_01_07_2235100000,2026_general_expenditure_02_03_09_01_18,2026_general_expenditure_02_03_09,general,防災施設管理(北沢),防災施設管理（北沢）,337,131,255,matched,page_and_normalized_name,not_available,,r8tousyoyosanallpage.pdf,"7 防災施設管理(北沢)(北沢総合支所) 1,766
充当事業:防災施設管理(北沢)・P337",target_page_account_and_nfkc_name_unique;page_offset=0,bpi_94a4ad57d916b07725ec90a9fbd7f72e42b55c9e8c2f3821cc4fd1a426fc2fe6,exact_group,exact,1
ral_2026_general_131_003,rd_2026_general_revenue_17_01_40_01_08_2335100000,2026_general_expenditure_02_03_09_01_14,2026_general_expenditure_02_03_09,general,防災訓練・組織育成(玉川),防災訓練・組織育成（玉川）,337,131,255,matched,page_and_normalized_name,not_available,,r8tousyoyosanallpage.pdf,"8 防災訓練・組織育成(玉川)(玉川総合支所) 4,412
充当事業:防災訓練・組織育成(玉川)・P337",target_page_account_and_nfkc_name_unique;page_offset=0,bpi_8b8bda6f0259a10152f7918119e9fa4ad81b70d5ddd61ffad612d090312946ef,exact_group,exact,1
ral_2026_general_131_004,rd_2026_general_revenue_17_01_40_01_12_2435100000,2026_general_expenditure_02_03_09_01_15,2026_general_expenditure_02_03_09,general,防災訓練・組織育成(砧),防災訓練・組織育成（砧）,337,131,255,matched,page_and_normalized_name,not_available,,r8tousyoyosanallpage.pdf,"12 防災訓練・組織育成(砧)(砧総合支所) 2,720
充当事業:防災訓練・組織育成(砧)・P337",target_page_account_and_nfkc_name_unique;page_offset=0,bpi_c9d9f50be494c92f2a13de6a640cf464ff543aba327d656e1e1eb19e6adfe51b,exact_group,exact,1
ral_2026_general_131_005,rd_2026_general_revenue_17_01_40_01_13_2435100000,2026_general_expenditure_02_03_09_01_20,2026_general_expenditure_02_03_09,general,防災施設管理(砧),防災施設管理（砧）,339,131,255,matched,page_and_normalized_name,not_available,,r8tousyoyosanallpage.pdf,"13 防災施設管理(砧)(砧総合支所) 2,226
充当事業:防災施設管理(砧)・P339",target_page_account_and_nfkc_name_unique;page_offset=2,bpi_090cdbe8f126a86b0ad42c830b05f7ff0e025c6300e19102a58ae7d5958ffca7,exact_group,exact,1
ral_2026_general_131_006,rd_2026_general_revenue_17_01_40_01_14_2535100000,2026_general_expenditure_02_03_09_01_16,2026_general_expenditure_02_03_09,general,防災訓練・組織育成(烏山),防災訓練・組織育成（烏山）,337,131,255,matched,page_and_normalized_name,not_available,,r8tousyoyosanallpage.pdf,"14 防災訓練・組織育成(烏山)(烏山総合支所) 2,090
充当事業:防災訓練・組織育成(烏山)・P337",target_page_account_and_nfkc_name_unique;page_offset=0,bpi_3ff96aacd9c988995f515ae32e1874bfdaae564095e34e1296257913b068b895,exact_group,exact,1
ral_2026_general_131_007,rd_2026_general_revenue_17_01_40_01_15_2535100000,2026_general_expenditure_02_03_09_01_21,2026_general_expenditure_02_03_09,general,防災施設管理(烏山),防災施設管理（烏山）,339,131,255,matched,page_and_normalized_name,not_available,,r8tousyoyosanallpage.pdf,"15 防災施設管理(烏山)(烏山総合支所) 2,004
充当事業:防災施設管理(烏山)・P339",target_page_account_and_nfkc_name_unique;page_offset=2,bpi_45a06c2b791628ef860f5d854353744c7e14d00278390ee2bd58884cdf6be212,exact_group,exact,1
ral_2026_general_131_008,rd_2026_general_revenue_17_01_40_01_18_2335100000,2026_general_expenditure_02_03_09_01_09,2026_general_expenditure_02_03_09,general,防災事業運営(玉川),防災事業運営（玉川）,337,131,255,matched,page_and_normalized_name,not_available,,r8tousyoyosanallpage.pdf,"18 防災事業運営(玉川)(玉川総合支所) 59
充当事業:防災事業運営(玉川)・P337",target_page_account_and_nfkc_name_unique;page_offset=0,bpi_a40f7b013599eb8ee823df90705e7a53fa49f4d5d234c623e126718f66deac4f,exact_group,exact,1
ral_2026_general_131_009,rd_2026_general_revenue_17_01_40_01_19_3305300000,2026_general_expenditure_02_03_09_01_04,2026_general_expenditure_02_03_09,general,災害対策・体制の整備,災害対策・体制の整備,337,131,255,matched,page_and_exact_name,not_available,,r8tousyoyosanallpage.pdf,"19 災害対策・体制の整備(危機管理部) 2,132
充当事業:災害対策・体制の整備・P337",target_page_account_and_exact_name_unique;page_offset=0,bpi_7839b6f8500a585a8f501e37b44e5089302dafa15ca9089d41e793f16ce43dcd,exact_group,exact,1
ral_2026_general_131_010,rd_2026_general_revenue_17_01_40_01_20_3895170000,2026_general_expenditure_07_02_03_01_75,2026_general_expenditure_07_02_03,general,都市型水害対策の推進,都市型水害対策の推進,423,131,255,matched,page_and_exact_name,not_available,,r8tousyoyosanallpage.pdf,"20 都市型水害対策の推進(土木部) 24,887
充当事業:都市型水害対策の推進・P423",target_page_account_and_exact_name_unique;page_offset=0,bpi_d2d24c4997f17041d2c4e6f979b72e3b2a86200c1d111988d353a257c87bfd1c,exact_group,exact,1
ral_2026_general_131_011,rd_2026_general_revenue_17_01_41_01_01_3835100000,2026_general_expenditure_07_04_05_01_01,2026_general_expenditure_07_04_05,general,特別保護区保護管理,特別保護区保護管理,433,131,255,matched,page_and_exact_name,not_available,,r8tousyoyosanallpage.pdf,"1 特別保護区保護管理(みどり33推進担当部) 2,813
充当事業:特別保護区保護管理・P433",target_page_account_and_exact_name_unique;page_offset=0,bpi_7562d6d94dac8674dba9064a2331fbe7c08d739f3b46d8713fbf8b8d69cbf8f7,exact_group,exact,1
ral_2026_general_131_012,rd_2026_general_revenue_17_01_41_01_02_3835400000,2026_general_expenditure_07_04_02_01_28,2026_general_expenditure_07_04_02,general,公園用地買収,公園用地買収,433,131,255,matched,page_and_exact_name,not_available,,r8tousyoyosanallpage.pdf,"2 公園用地買収(みどり33推進担当部) 400,000
充当事業:公園用地買収・P433",target_page_account_and_exact_name_unique;page_offset=0,bpi_ce720411b75ae5899b46cd419717f8bde68af21c822bb2d7f2e57f1093a940af,exact_group,exact,1
ral_2026_general_131_013,rd_2026_general_revenue_17_01_41_01_07_3835300000,2026_general_expenditure_07_04_01_01_13,2026_general_expenditure_07_04_01,general,公園・身近な広場維持運営,公園・身近な広場維持運営,431,131,255,matched,page_and_exact_name,not_available,,r8tousyoyosanallpage.pdf,"7 公園・身近な広場維持運営(みどり33推進担当部) 5,705
充当事業:公園・身近な広場維持運営・P431",target_page_account_and_exact_name_unique;page_offset=0,bpi_09d3870d14aac465d638f58e958e4113a78851829efeb7ba88c02cc4ef6fd509,exact_group,exact,1
ral_2026_general_131_014,rd_2026_general_revenue_17_01_41_01_09_3835300000,2026_general_expenditure_07_04_02_01_30,2026_general_expenditure_07_04_02,general,大規模公園改修,大規模公園改修,433,131,255,matched,page_and_exact_name,not_available,,r8tousyoyosanallpage.pdf,"9 大規模公園改修(みどり33推進担当部) 800,000
充当事業:大規模公園改修・P433",target_page_account_and_exact_name_unique;page_offset=0,bpi_2073b54f96f42cdf315b2f6d36636067341f2105e1ba4f089a77c0e667da4bdf,exact_group,exact,1
ral_2026_general_131_015,rd_2026_general_revenue_17_01_41_01_15_3835300000,2026_general_expenditure_07_04_01_01_16,2026_general_expenditure_07_04_01,general,崖線樹林地保全管理,崖線樹林地保全管理,431,131,255,matched,page_and_exact_name,not_available,,r8tousyoyosanallpage.pdf,"15 崖線樹林地保全管理(みどり33推進担当部) 50,000
充当事業:崖線樹林地保全管理・P431",target_page_account_and_exact_name_unique;page_offset=0,bpi_81a1df963d1a7b2afc2c028d5899df5f85f0e78ee8da87791eb457a3dfe3837a,exact_group,exact,1
ral_2026_general_131_016,rd_2026_general_revenue_17_01_43_01_06_3445550000,2026_general_expenditure_02_03_14_01_07,2026_general_expenditure_02_03_14,general,千歳温水プール維持運営,千歳温水プール維持運営,341,131,255,matched,page_and_exact_name,not_available,,r8tousyoyosanallpage.pdf,"6 スポーツ推進基金(千歳温水プール維持運営)(スポーツ推進部) 796
充当事業:千歳温水プール維持運営・P341",target_page_account_and_exact_name_unique;page_offset=0,bpi_62a26ba248202e364005fd2d64262bae4c0588694934abbc1117ce10d4da1b44,exact_group,exact,1
ral_2026_general_131_017,rd_2026_general_revenue_17_01_45_01_01_4975200000,2026_general_expenditure_08_01_03_01_45,2026_general_expenditure_08_01_03,general,小中学生の国際交流,小中学生の国際交流,447,131,255,matched,page_and_exact_name,not_available,,r8tousyoyosanallpage.pdf,"1 世田谷遊びと学びの教育基金(教育委員会事務局) 3,096
充当事業:小中学生の国際交流・P447",target_page_account_and_exact_name_unique;page_offset=2,bpi_775532e7d629270c5c0be18551d09e29d8b395fae463e489c7b67ec238d858ea,exact_group,exact,1
ral_2026_general_131_018,rd_2026_general_revenue_17_01_45_01_02_4985400000,2026_general_expenditure_08_05_01_01_02,2026_general_expenditure_08_05_01,general,区立幼稚園維持運営,区立幼稚園維持運営,457,131,255,matched,page_and_exact_name,not_available,,r8tousyoyosanallpage.pdf,"2 世田谷遊びと学びの教育基金(教育委員会事務局) 380
充当事業:区立幼稚園維持運営・P457",target_page_account_and_exact_name_unique;page_offset=0,bpi_c070e52c097b63df06f1ba2a7b4c2909519913003bae5d0506d2326246e28340,exact_group,exact,1
ral_2026_general_131_019,rd_2026_general_revenue_17_01_45_01_03_4985200000,2026_general_expenditure_08_01_07_02_02,2026_general_expenditure_08_01_07,general,教育総合センター事業運営,教育総合センター事業運営,447,131,255,matched,page_and_exact_name,not_available,,r8tousyoyosanallpage.pdf,"3 世田谷遊びと学びの教育基金(教育委員会事務局) 2,000
充当事業:教育総合センター事業運営・P447",target_page_account_and_exact_name_unique;page_offset=0,bpi_ab1d11304da1bb44843f05f31cf45ba788d3fcf8faf94ae13248754c7d812648,exact_group,exact,1
ral_2026_general_132_001,rd_2026_general_revenue_17_01_46_01_01_3655300000,2026_general_expenditure_03_01_01_06_07,2026_general_expenditure_03_01_01,general,医療的ケア児(者)支援の充実,医療的ケア児（者）支援の充実,361,132,257,matched,page_and_normalized_name,not_available,,r8tousyoyosanallpage.pdf,"1 医療的ケア児の笑顔を支える基金(障害福祉部) 33,189
充当事業:医療的ケア児(者)支援の充実・P361",target_page_account_and_nfkc_name_unique;page_offset=4,bpi_fd8fda780e6171e66868717ab2d1cd7c47adf41c2de5a88c416f4ae51c158d5c,exact_group,exact,1
ral_2026_general_132_002,rd_2026_general_revenue_17_01_47_01_01_3465120000,2026_general_expenditure_04_02_01_01_09,2026_general_expenditure_04_02_01,general,環境啓発事業の推進,環境啓発事業の推進,391,132,257,matched,page_and_exact_name,not_available,,r8tousyoyosanallpage.pdf,"1 環境啓発事業の推進(環境政策部) 9,217
充当事業:環境啓発事業の推進・P391",target_page_account_and_exact_name_unique;page_offset=0,bpi_a0c6c0eef6e14774a34dd1a6677a59103148194a44c5cce3878fc53eaf39025a,exact_group,exact,1
ral_2026_general_132_003,rd_2026_general_revenue_17_01_47_01_03_3465120000,2026_general_expenditure_04_02_01_01_11,2026_general_expenditure_04_02_01,general,再生可能エネルギーの利用拡大と促進,再生可能エネルギーの利用拡大と促進,391,132,257,matched,page_and_exact_name,not_available,,r8tousyoyosanallpage.pdf,"3 再生可能エネルギーの利用拡大と促進(環境政策部) 18,708
充当事業:再生可能エネルギーの利用拡大と促進・P391",target_page_account_and_exact_name_unique;page_offset=0,bpi_29305c1b2c26207087df7c71f789e6605f203ebad9badf1fc325f350ee5501c3,exact_group,exact,1
ral_2026_general_132_004,rd_2026_general_revenue_17_01_47_01_05_3465120000,2026_general_expenditure_04_02_01_01_19,2026_general_expenditure_04_02_01,general,環境配慮型住宅推進事業,環境配慮型住宅推進事業,391,132,257,matched,page_and_exact_name,not_available,,r8tousyoyosanallpage.pdf,"5 環境配慮型住宅推進事業(環境政策部) 2,000
充当事業:環境配慮型住宅推進事業・P391",target_page_account_and_exact_name_unique;page_offset=0,bpi_a6c6d568b5f84dae7b72a9bd4ae09ae6204d6001a912332f1a7f23cade30ad96,exact_group,exact,1
ral_2026_general_132_005,rd_2026_general_revenue_17_01_47_01_06_3465110000,2026_general_expenditure_04_02_01_01_18,2026_general_expenditure_04_02_01,general,環境計画等の推進,環境計画等の推進,391,132,257,matched,page_and_exact_name,not_available,,r8tousyoyosanallpage.pdf,"6 環境計画等の推進(環境政策部) 3,329
充当事業:環境計画等の推進・P391",target_page_account_and_exact_name_unique;page_offset=0,bpi_67460f3981cedb9760fb9a9d1abebd09d70a70fe088b6aca7beee56f5ce00ce8,exact_group,exact,1
ral_2026_general_132_006,rd_2026_general_revenue_17_01_47_01_07_3465120000,2026_general_expenditure_04_02_01_01_20,2026_general_expenditure_04_02_01,general,脱炭素地域づくり等の推進,脱炭素地域づくり等の推進,391,132,257,matched,page_and_exact_name,not_available,,r8tousyoyosanallpage.pdf,"7 脱炭素地域づくり等の推進(環境政策部) 21,101
充当事業:脱炭素地域づくり等の推進・P391",target_page_account_and_exact_name_unique;page_offset=0,bpi_89ae2551690be8736b01a1b6fb29964e9e2decd01d5b2f69b4ed52b860079475,exact_group,exact,1
ral_2026_general_132_007,rd_2026_general_revenue_17_01_48_01_01_3665570000,2026_general_expenditure_03_02_01_01_67,2026_general_expenditure_03_02_01,general,児童養護施設退所者等奨学・自立支援金,児童養護施設退所者等奨学・自立支援金,377,132,257,matched,page_and_exact_name,not_available,,r8tousyoyosanallpage.pdf,"1 児童養護施設退所者等奨学・自立支援基金繰入金(子ども・若者部) 40,101
充当事業:児童養護施設退所者等奨学・自立支援金・P377",target_page_account_and_exact_name_unique;page_offset=2,bpi_3ea3f531cb03fbe92dfe93e5bf1dcea6429b378686e853aaf49b4dc052c49bfa,exact_group,exact,1
ral_2026_general_132_008,rd_2026_general_revenue_17_01_49_01_01_3405450000,2026_general_expenditure_02_03_01_07_02,2026_general_expenditure_02_03_01,general,犯罪被害者等支援事業,犯罪被害者等支援事業,331,132,257,matched,page_and_exact_name,not_available,,r8tousyoyosanallpage.pdf,"1 犯罪被害者等支援等基金(生活文化政策部) 9,614
充当事業:犯罪被害者等支援事業・P331",target_page_account_and_exact_name_unique;page_offset=4,bpi_24902b7d5527e7eb159a61fea956200f8facdbc682ee5cbcda7145a79c2b8fb0,exact_group,exact,1
ral_2026_general_133_001,rd_2026_general_revenue_17_02_03_01_01_3645300000,2026_general_expenditure_03_01_02_08_01,2026_general_expenditure_03_01_02,general,地域包括支援センター運営委託,地域包括支援センター運営委託,365,133,259,matched,page_and_exact_name,not_available,,r8tousyoyosanallpage.pdf,"1 地域包括支援センター運営委託(高齢福祉部) 164,963
充当事業:地域包括支援センター運営委託・P365",target_page_account_and_exact_name_unique;page_offset=2,bpi_4bf6a4b7dc1193b7912000d17491a175e96d19dc6e40e9d646a58acdb6e07378,exact_group,exact,1
ral_2026_general_133_002,rd_2026_general_revenue_17_02_03_01_02_3645300000,2026_general_expenditure_03_01_02_08_02,2026_general_expenditure_03_01_02,general,あんしん見守り事業,あんしん見守り事業,365,133,259,matched,page_and_exact_name,not_available,,r8tousyoyosanallpage.pdf,"2 あんしん見守り事業(高齢福祉部) 30,844
充当事業:あんしん見守り事業・P365",target_page_account_and_exact_name_unique;page_offset=2,bpi_233e8dfc6624f18fd57f88bbb5753e40aeaddeadc05a3fe42abbb54c91d131f9,exact_group,exact,1
ral_2026_general_133_003,rd_2026_general_revenue_17_02_03_01_03_3645300000,2026_general_expenditure_03_01_02_08_03,2026_general_expenditure_03_01_02,general,生活支援体制整備事業,生活支援体制整備事業,365,133,259,matched,page_and_exact_name,not_available,,r8tousyoyosanallpage.pdf,"3 生活支援体制整備事業(高齢福祉部) 27,600
充当事業:生活支援体制整備事業・P365",target_page_account_and_exact_name_unique;page_offset=2,bpi_bd482fb02dfd2b7d23b6056c43a42481a34645424e6f602e8933258d5dfd38a4,exact_group,exact,1
ral_2026_general_133_004,rd_2026_general_revenue_17_02_03_01_04_3645300000,2026_general_expenditure_03_01_02_08_04,2026_general_expenditure_03_01_02,general,一般介護予防事業,一般介護予防事業,365,133,259,matched,page_and_exact_name,not_available,,r8tousyoyosanallpage.pdf,"4 一般介護予防事業(調整)(高齢福祉部) 30,647
充当事業:一般介護予防事業・P365",target_page_account_and_exact_name_unique;page_offset=2,bpi_2bc4b15ad40b4a07db248a5de038814f366a8a31e49a024262823083bd3fd9ea,exact_group,exact,1
ral_2026_general_133_005,rd_2026_general_revenue_17_02_03_01_05_3645200000,2026_general_expenditure_03_01_02_08_05,2026_general_expenditure_03_01_02,general,シニアボランティアポイント事業,シニアボランティアポイント事業,365,133,259,matched,page_and_exact_name,not_available,,r8tousyoyosanallpage.pdf,"5 シニアボランティアポイント事業(高齢福祉部) 1,607
充当事業:シニアボランティアポイント事業・P365",target_page_account_and_exact_name_unique;page_offset=2,bpi_546e83b12fc9d686cd316c2682140b2a5643f16ea9b91f6e400bc79a5f1ccd37,exact_group,exact,1
ral_2026_general_137_001,rd_2026_general_revenue_19_03_01_01_01_3665150000,2026_general_expenditure_02_01_01_01_06,2026_general_expenditure_02_01_01,general,奨学資金等貸付,奨学資金等貸付,317,137,267,matched,page_and_exact_name,not_available,,r8tousyoyosanallpage.pdf,"1 奨学資金等貸付金返還金(子ども・若者部) 14,361
充当事業:奨学資金等貸付・P317",target_page_account_and_exact_name_unique;page_offset=0,bpi_7372066f3b2585831e8ea17223b26aa406c3af2d5321f795ea3e14f96449b59a,exact_group,exact,1
ral_2026_general_137_002,rd_2026_general_revenue_19_03_01_01_01_3665150000,2026_general_expenditure_09_01_03_01_01,2026_general_expenditure_09_01_03,general,民生関係事務従事職員の人件費,民生関係事務従事職員の人件費,467,137,267,matched,page_and_exact_name,not_available,,r8tousyoyosanallpage.pdf,"1 奨学資金等貸付金返還金(子ども・若者部) 14,361
充当事業:民生関係事務従事職員の人件費・P467",target_page_account_and_exact_name_unique;page_offset=0,bpi_5514ebac92df97541fc72dcb995412a4efd023cee05294300d6b86ca6ced3ee6,exact_group,exact,1
ral_2026_general_137_003,rd_2026_general_revenue_19_03_05_01_01_3595200000,2026_general_expenditure_03_01_01_02_02,2026_general_expenditure_03_01_01,general,福祉資金貸付,福祉資金貸付,357,137,267,matched,page_and_exact_name,not_available,,r8tousyoyosanallpage.pdf,"1 母子福祉応急小口資金貸付金返還金(保健福祉政策部) 547
充当事業:福祉資金貸付・P357",target_page_account_and_exact_name_unique;page_offset=0,bpi_c82b5dc5974a761945a4b83400bbf75b63121a2e513f16638277ddd65ae5a1db,exact_group,exact,1
ral_2026_general_137_004,rd_2026_general_revenue_19_03_06_01_01_3595200000,2026_general_expenditure_03_01_01_02_02,2026_general_expenditure_03_01_01,general,福祉資金貸付,福祉資金貸付,357,137,267,matched,page_and_exact_name,not_available,,r8tousyoyosanallpage.pdf,"1 女性福祉資金貸付金返還金(保健福祉政策部) 9,920
充当事業:福祉資金貸付・P357",target_page_account_and_exact_name_unique;page_offset=0,bpi_c82b5dc5974a761945a4b83400bbf75b63121a2e513f16638277ddd65ae5a1db,exact_group,exact,1
ral_2026_general_137_005,rd_2026_general_revenue_19_03_06_02_01_3595200000,2026_general_expenditure_03_01_01_02_02,2026_general_expenditure_03_01_01,general,福祉資金貸付,福祉資金貸付,357,137,267,matched,page_and_exact_name,not_available,,r8tousyoyosanallpage.pdf,"1 女性福祉資金貸付金利子(保健福祉政策部) 3
充当事業:福祉資金貸付・P357",target_page_account_and_exact_name_unique;page_offset=0,bpi_c82b5dc5974a761945a4b83400bbf75b63121a2e513f16638277ddd65ae5a1db,exact_group,exact,1
ral_2026_general_137_006,rd_2026_general_revenue_19_03_07_01_01_3595200000,2026_general_expenditure_03_01_01_02_02,2026_general_expenditure_03_01_01,general,福祉資金貸付,福祉資金貸付,357,137,267,matched,page_and_exact_name,not_available,,r8tousyoyosanallpage.pdf,"1 応急小口資金貸付金返還金(保健福祉政策部) 798
充当事業:福祉資金貸付・P357",target_page_account_and_exact_name_unique;page_offset=0,bpi_c82b5dc5974a761945a4b83400bbf75b63121a2e513f16638277ddd65ae5a1db,exact_group,exact,1
ral_2026_general_137_007,rd_2026_general_revenue_19_03_09_01_02_3665580000,2026_general_expenditure_03_02_03_01_03,2026_general_expenditure_03_02_03,general,私立保育園運営,私立保育園運営,381,137,267,matched,page_and_exact_name,not_available,,r8tousyoyosanallpage.pdf,"2 私立保育所増改築資金貸付金返還金(子ども・若者部) 41,931
充当事業:私立保育園運営・P381",target_page_account_and_exact_name_unique;page_offset=0,bpi_19bacff6a2545c8ca7b835bb3f9f0a08d490992ea139a5070f3506ef5067a441,exact_group,exact,1
ral_2026_general_137_008,rd_2026_general_revenue_19_03_09_02_02_3665580000,2026_general_expenditure_03_02_03_01_03,2026_general_expenditure_03_02_03,general,私立保育園運営,私立保育園運営,381,137,267,matched,page_and_exact_name,not_available,,r8tousyoyosanallpage.pdf,"2 私立保育所増改築資金貸付金利子(子ども・若者部) 3,226
充当事業:私立保育園運営・P381",target_page_account_and_exact_name_unique;page_offset=0,bpi_19bacff6a2545c8ca7b835bb3f9f0a08d490992ea139a5070f3506ef5067a441,exact_group,exact,1
ral_2026_general_137_009,rd_2026_general_revenue_19_03_12_01_01_3355505000,2026_general_expenditure_07_06_01_01_26,2026_general_expenditure_07_06_01,general,世田谷区土地開発公社貸付金,世田谷区土地開発公社貸付金,439,137,267,matched,page_and_exact_name,not_available,,r8tousyoyosanallpage.pdf,"1 土地開発公社貸付金返還金(財務部) 1,274,832
充当事業:世田谷区土地開発公社貸付金・P439",target_page_account_and_exact_name_unique;page_offset=0,bpi_6ae4dcaee23e31ece88e5ad25016a8698d580327e7a9cd6f591d3d0138700f5b,exact_group,exact,1
ral_2026_general_137_010,rd_2026_general_revenue_19_03_25_01_04_3305300000,2026_general_expenditure_02_03_09_01_30,2026_general_expenditure_02_03_09,general,災害被災世帯支援,災害被災世帯支援,339,137,267,matched,page_and_exact_name,not_available,,r8tousyoyosanallpage.pdf,"4 貸付金返還金(危機管理部) 2,772
充当事業:災害被災世帯支援・P339",target_page_account_and_exact_name_unique;page_offset=2,bpi_639cbe12d64071e1a5b4170c959d8bb1bfcffddf332a60b623753d42ef6506ba,exact_group,exact,1
ral_2026_general_138_001,rd_2026_general_revenue_19_04_01_02_01_3665580000,2026_general_expenditure_03_02_05_01_01,2026_general_expenditure_03_02_05,general,区立保育園運営,区立保育園運営,381,138,269,matched,page_and_exact_name,not_available,,r8tousyoyosanallpage.pdf,"1 他区市町村からの受託児童保育所運営費収入(子ども・若者部) 50,935
充当事業:区立保育園運営・P381",target_page_account_and_exact_name_unique;page_offset=0,bpi_cd88696d105d5fd4493ad43119716ef01897dc1ccd62a75e668a2c9179db33a0,exact_group,exact,1
ral_2026_general_138_002,rd_2026_general_revenue_19_04_01_06_01_3695150000,2026_general_expenditure_03_02_13_01_02,2026_general_expenditure_03_02_13,general,児童相談所運営,児童相談所運営,385,138,269,matched,page_and_exact_name,not_available,,r8tousyoyosanallpage.pdf,"1 他自治体からの受託児童一時保護収入(児童相談所) 450
充当事業:児童相談所運営・P385",target_page_account_and_exact_name_unique;page_offset=0,bpi_9ce68288146421160d150f61736011a92a8522f802ee0559b3e9a2fafbaa21da,exact_group,exact,1
ral_2026_general_138_003,rd_2026_general_revenue_19_04_02_01_02_3525400000,2026_general_expenditure_06_02_01_02_01,2026_general_expenditure_06_02_01,general,農業委員会運営,農業委員会運営,415,138,269,matched,page_and_exact_name,not_available,,r8tousyoyosanallpage.pdf,"2 農業者年金基金業務受託事業収入(経済産業部) 80
充当事業:農業委員会運営・P415",target_page_account_and_exact_name_unique;page_offset=0,bpi_d45b88b14d56708b593fab6935b48b3fc87d7d5b3b70b7b1097dd347a3ed32d9,exact_group,exact,1
ral_2026_general_138_004,rd_2026_general_revenue_19_04_03_01_16_3895300000,2026_general_expenditure_07_02_03_01_78,2026_general_expenditure_07_02_03,general,路面改良(世田谷・北沢・烏山),路面改良（世田谷・北沢・烏山）,423,138,269,matched,page_and_normalized_name,not_available,,r8tousyoyosanallpage.pdf,"16 掘さく道路受託復旧費収入(土木部) 545,700
充当事業:路面改良(世田谷・北沢・烏山)・P423",target_page_account_and_nfkc_name_unique;page_offset=0,bpi_936e69e0d838a4881a745614f2c1b7ce014b57cd43d24e676cbf6c0c3a39b2d9,exact_group,exact,1
ral_2026_general_138_005,rd_2026_general_revenue_19_04_03_03_01_3895170000,2026_general_expenditure_07_02_08_01_01,2026_general_expenditure_07_02_08,general,公共下水道枝線建設,公共下水道枝線建設,425,138,269,matched,page_and_exact_name,not_available,,r8tousyoyosanallpage.pdf,"1 公共下水道建設受託工事費収入(土木部) 427,940
充当事業:公共下水道枝線建設・P425",target_page_account_and_exact_name_unique;page_offset=0,bpi_52ff1618a9b22f75a4c83c3f8ae15b1e23e901a180282b7675a1265abb823b55,exact_group,exact,1
ral_2026_general_138_006,rd_2026_general_revenue_19_04_03_07_01_3865500000,2026_general_expenditure_07_06_01_01_14,2026_general_expenditure_07_06_01,general,鉄道と道路の立体化の促進,鉄道と道路の立体化の促進,439,138,269,matched,page_and_exact_name,not_available,,r8tousyoyosanallpage.pdf,"1 連続立体化側道整備受託事業収入(道路・交通計画部) 160,125
充当事業:鉄道と道路の立体化の促進・P439",target_page_account_and_exact_name_unique;page_offset=0,bpi_3d2825748de24b03698a7e586c0ef3a2ee31d5eb4c7cdc12f81573020c30912a,exact_group,exact,1
ral_2026_general_138_007,rd_2026_general_revenue_19_04_03_20_01_3865300000,2026_general_expenditure_07_02_03_02_13,2026_general_expenditure_07_02_03,general,主要生活道路用地取得,主要生活道路用地取得,425,138,269,matched,page_and_exact_name,not_available,,r8tousyoyosanallpage.pdf,"1 占有家屋収去受託事業収入(道路・交通計画部) 36,845
充当事業:主要生活道路用地取得・P425",target_page_account_and_exact_name_unique;page_offset=2,bpi_943d72093f7e1285883a93621895adc8699442f741b6d47a91b9b26f5912dee7,exact_group,exact,1
ral_2026_general_138_008,rd_2026_general_revenue_19_04_04_04_01_3785250000,2026_general_expenditure_05_03_07_02_01,2026_general_expenditure_05_03_07,general,定期及臨時予防接種,定期及臨時予防接種,407,138,269,matched,page_and_exact_name,not_available,,r8tousyoyosanallpage.pdf,"1 予防接種受託事業収入(世田谷保健所) 187,490
充当事業:定期及臨時予防接種・P407",target_page_account_and_exact_name_unique;page_offset=0,bpi_6f2147ca2ac49424cc6464e12969ea1c61daf8a893aa0347a26f363c43df5933,exact_group,exact,1
ral_2026_general_138_009,rd_2026_general_revenue_19_04_04_04_02_3785250000,2026_general_expenditure_05_03_07_02_02,2026_general_expenditure_05_03_07,general,高齢者インフルエンザ予防接種,高齢者インフルエンザ予防接種,407,138,269,matched,page_and_exact_name,not_available,,r8tousyoyosanallpage.pdf,"2 高齢者インフルエンザ予防接種受託収入(世田谷保健所) 29,813
充当事業:高齢者インフルエンザ予防接種・P407",target_page_account_and_exact_name_unique;page_offset=0,bpi_a7c4e411d30a3d8be794ed960d92a18a421756b7c17c1543eca6bbb72adfeec0,exact_group,exact,1
ral_2026_general_138_010,rd_2026_general_revenue_19_04_04_04_04_3785250000,2026_general_expenditure_05_03_07_02_05,2026_general_expenditure_05_03_07,general,高齢者肺炎球菌予防接種,高齢者肺炎球菌予防接種,407,138,269,matched,page_and_exact_name,not_available,,r8tousyoyosanallpage.pdf,"4 高齢者肺炎球菌予防接種受託収入(世田谷保健所) 1,377
充当事業:高齢者肺炎球菌予防接種・P407",target_page_account_and_exact_name_unique;page_offset=0,bpi_5e9597fe8869ca77aa514130b83d1c59d92379d7599059b6ff1c44d6aa414fe2,exact_group,exact,1
ral_2026_general_138_011,rd_2026_general_revenue_19_04_04_04_06_3785250000,2026_general_expenditure_05_03_07_02_10,2026_general_expenditure_05_03_07,general,高齢者新型コロナ予防接種,高齢者新型コロナ予防接種,407,138,269,matched,page_and_exact_name,not_available,,r8tousyoyosanallpage.pdf,"6 高齢者新型コロナ予防接種受託事業収入(世田谷保健所) 58,179
充当事業:高齢者新型コロナ予防接種・P407",target_page_account_and_exact_name_unique;page_offset=0,bpi_0c682bc161ab72104116c54b21aa13f921c1b265e7d80cba018b68f9b459f5a8,exact_group,exact,1
ral_2026_general_138_012,rd_2026_general_revenue_19_04_04_04_07_3785250000,2026_general_expenditure_05_03_07_02_09,2026_general_expenditure_05_03_07,general,帯状疱疹予防接種助成,帯状疱疹予防接種助成,407,138,269,matched,page_and_exact_name,not_available,,r8tousyoyosanallpage.pdf,"7 帯状疱疹予防接種受託収入(世田谷保健所) 8,025
充当事業:帯状疱疹予防接種助成・P407",target_page_account_and_exact_name_unique;page_offset=0,bpi_39f33316f7c3f0fe81262ff79ad9f9259a63383b127a6984358a1092d40a0451,exact_group,exact,1
ral_2026_general_140_001,rd_2026_general_revenue_19_06_01_01_01_3355400000,2026_general_expenditure_02_02_02_01_02,2026_general_expenditure_02_02_02,general,区税徴収,区税徴収,325,140,273,matched,page_and_exact_name,not_available,,r8tousyoyosanallpage.pdf,"1 軽自動車標識紛失弁償金(財務部) 46
充当事業:区税徴収・P325",target_page_account_and_exact_name_unique;page_offset=0,bpi_33e89cb42b3447c815f652a156d83aec3fbf81f2b7f156bd38dc0832c5023412,exact_group,exact,1
ral_2026_general_140_002,rd_2026_general_revenue_19_06_01_02_03_3595200000,2026_general_expenditure_03_03_03_01_01,2026_general_expenditure_03_03_03,general,生活保護法に基づく保護費,生活保護法に基づく保護費,387,140,273,matched,page_and_exact_name,not_available,,r8tousyoyosanallpage.pdf,"3 生活保護法に基づく保護費の弁償金(保健福祉政策部) 198,872
充当事業:生活保護法に基づく保護費・P387",target_page_account_and_exact_name_unique;page_offset=0,bpi_0eb7b3360ac500246fe3cad6504fa0c0fed9e72ff3d2d6c398d288cdbcc7b3a1,exact_group,exact,1
ral_2026_general_140_003,rd_2026_general_revenue_19_06_01_03_25_3895140000,2026_general_expenditure_07_01_01_01_38,2026_general_expenditure_07_01_01,general,自動車臨時運行許可,自動車臨時運行許可,419,140,273,matched,page_and_exact_name,not_available,,r8tousyoyosanallpage.pdf,"25 自動車臨時運行許可標紛失弁償金(土木部) 4
充当事業:自動車臨時運行許可・P419",target_page_account_and_exact_name_unique;page_offset=0,bpi_e6d46ac2900b3a76e5186c83fb0e4e7b098bfef45ad9789ca70aab7fe0e7ba76,exact_group,exact,1
ral_2026_general_140_004,rd_2026_general_revenue_19_06_01_05_01_3595200000,2026_general_expenditure_03_01_01_03_73,2026_general_expenditure_03_01_01,general,特定中国残留邦人等支援事業,特定中国残留邦人等支援事業,359,140,273,matched,page_and_exact_name,not_available,,r8tousyoyosanallpage.pdf,"1 特定中国残留邦人等に係る支援給付費の弁償金(保健福祉政策部) 1
充当事業:特定中国残留邦人等支援事業・P359",target_page_account_and_exact_name_unique;page_offset=2,bpi_bfa673964bc0e45fbcadbde15b82b585b4c949a022d9038f050b7b1571a6a694,exact_group,exact,1
ral_2026_general_140_005,rd_2026_general_revenue_19_06_03_03_02_3655200000,2026_general_expenditure_03_01_16_02_01,2026_general_expenditure_03_01_16,general,障害者休養ホームひまわり荘運営管理,障害者休養ホームひまわり荘運営管理,371,140,273,matched,page_and_exact_name,not_available,,r8tousyoyosanallpage.pdf,"2 緊急一時保護賄費収入(ひまわり荘)(障害福祉部) 7
充当事業:障害者休養ホームひまわり荘運営管理・P371",target_page_account_and_exact_name_unique;page_offset=2,bpi_4fe0a4eb3c9e0eb1bdd7d3ceb568f6d49bb8de5c8d0934feeeae24aa56e3c964,exact_group,exact,1
ral_2026_general_140_006,rd_2026_general_revenue_19_06_03_05_01_3665200000,2026_general_expenditure_03_02_06_01_03,2026_general_expenditure_03_02_06,general,学童クラブ運営,学童クラブ運営,383,140,273,matched,page_and_exact_name,not_available,,r8tousyoyosanallpage.pdf,"1 学童クラブ賄費収入(子ども・若者部) 15
充当事業:学童クラブ運営・P383",target_page_account_and_exact_name_unique;page_offset=0,bpi_b3f0f775f7a8418d16387028882a91f33dd64c33e41cb23bb0bd6440c56bbacc,exact_group,exact,1
ral_2026_general_140_007,rd_2026_general_revenue_19_06_03_11_01_3665580000,2026_general_expenditure_03_02_05_01_01,2026_general_expenditure_03_02_05,general,区立保育園運営,区立保育園運営,381,140,273,matched,page_and_exact_name,not_available,,r8tousyoyosanallpage.pdf,"1 保育園賄費収入(子ども・若者部) 124,060
充当事業:区立保育園運営・P381",target_page_account_and_exact_name_unique;page_offset=0,bpi_cd88696d105d5fd4493ad43119716ef01897dc1ccd62a75e668a2c9179db33a0,exact_group,exact,1
ral_2026_general_140_008,rd_2026_general_revenue_19_06_03_12_01_4985400000,2026_general_expenditure_08_05_01_01_02,2026_general_expenditure_08_05_01,general,区立幼稚園維持運営,区立幼稚園維持運営,457,140,273,matched,page_and_exact_name,not_available,,r8tousyoyosanallpage.pdf,"1 認定こども園賄費収入(教育委員会事務局) 1,838
充当事業:区立幼稚園維持運営・P457",target_page_account_and_exact_name_unique;page_offset=0,bpi_c070e52c097b63df06f1ba2a7b4c2909519913003bae5d0506d2326246e28340,exact_group,exact,1
ral_2026_general_140_009,rd_2026_general_revenue_19_06_03_13_01_3695200000,2026_general_expenditure_03_02_13_01_03,2026_general_expenditure_03_02_13,general,一時保護所運営,一時保護所運営,385,140,273,matched,page_and_exact_name,not_available,,r8tousyoyosanallpage.pdf,"1 一時保護所賄費収入(児童相談所) 2,628
充当事業:一時保護所運営・P385",target_page_account_and_exact_name_unique;page_offset=0,bpi_fc60bc95c3bffd8dff1a88c4f6aa8db1a51fbd09526f8780f3129c482980bd34,exact_group,exact,1
ral_2026_general_140_010,rd_2026_general_revenue_19_06_03_14_01_4960150000,2026_general_expenditure_08_08_01_01_05,2026_general_expenditure_08_08_01,general,学校給食事務運営,学校給食事務運営,463,140,273,matched,page_and_exact_name,not_available,,r8tousyoyosanallpage.pdf,"1 学校給食費賄収入(教育委員会事務局) 526,888
充当事業:学校給食事務運営・P463",target_page_account_and_exact_name_unique;page_offset=0,bpi_2f71dc6a1bb24ac902f856df671525cbb761e76677a2a03d90602f612dfd5f0a,exact_group,exact,1
ral_2026_general_140_011,rd_2026_general_revenue_19_06_03_15_01_4985100000,2026_general_expenditure_08_01_07_02_03,2026_general_expenditure_08_01_07,general,ほっとスクールの運営,ほっとスクールの運営,447,140,273,matched,page_and_exact_name,not_available,,r8tousyoyosanallpage.pdf,"1 ほっとスクール賄費収入(教育委員会事務局) 633
充当事業:ほっとスクールの運営・P447",target_page_account_and_exact_name_unique;page_offset=0,bpi_cf121d338c553a44e34fdf5187ff9b689be429e12df5f7d3eab54494ceffbd28,exact_group,exact,1
ral_2026_general_140_012,rd_2026_general_revenue_19_06_04_01_24_3205500000,2026_general_expenditure_09_01_02_01_02,2026_general_expenditure_09_01_02,general,総務関係事務従事職員の人件費,総務関係事務従事職員の人件費,465,140,273,matched,page_and_exact_name,not_available,,r8tousyoyosanallpage.pdf,"24 再任用職員社会保険料(総務)(総務部) 10,687
充当事業:総務関係事務従事職員の人件費・P465",target_page_account_and_exact_name_unique;page_offset=0,bpi_88eb8874cf6e6990e0a9e42edfeb5f6bb0b30dac9672ec5c4c20c048e9a2e1b4,exact_group,exact,1
ral_2026_general_140_013,rd_2026_general_revenue_19_06_04_01_25_3205500000,2026_general_expenditure_09_01_03_01_01,2026_general_expenditure_09_01_03,general,民生関係事務従事職員の人件費,民生関係事務従事職員の人件費,467,140,273,matched,page_and_exact_name,not_available,,r8tousyoyosanallpage.pdf,"25 再任用職員社会保険料(民生)(総務部) 14,696
充当事業:民生関係事務従事職員の人件費・P467",target_page_account_and_exact_name_unique;page_offset=0,bpi_5514ebac92df97541fc72dcb995412a4efd023cee05294300d6b86ca6ced3ee6,exact_group,exact,1
ral_2026_general_140_014,rd_2026_general_revenue_19_06_04_01_26_3205500000,2026_general_expenditure_09_01_04_01_01,2026_general_expenditure_09_01_04,general,環境関係事務従事職員の人件費,環境関係事務従事職員の人件費,469,140,273,matched,page_and_exact_name,not_available,,r8tousyoyosanallpage.pdf,"26 再任用職員社会保険料(環境)(総務部) 29
充当事業:環境関係事務従事職員の人件費・P469",target_page_account_and_exact_name_unique;page_offset=0,bpi_8602f9ace5d4e2d3fc46453eec95973931cd87c6ccbe7a3060ee9f6fa32fc15d,exact_group,exact,1
ral_2026_general_140_015,rd_2026_general_revenue_19_06_04_01_27_3205500000,2026_general_expenditure_09_01_05_01_01,2026_general_expenditure_09_01_05,general,衛生関係事務従事職員の人件費,衛生関係事務従事職員の人件費,469,140,273,matched,page_and_exact_name,not_available,,r8tousyoyosanallpage.pdf,"27 再任用職員社会保険料(衛生)(総務部) 1,652
充当事業:衛生関係事務従事職員の人件費・P469",target_page_account_and_exact_name_unique;page_offset=0,bpi_9d639f61d0cd8ae35f2160fcb55a44122da0209fd05f067ee108471955cb843a,exact_group,exact,1
ral_2026_general_140_016,rd_2026_general_revenue_19_06_04_01_28_3205500000,2026_general_expenditure_09_01_07_01_01,2026_general_expenditure_09_01_07,general,土木関係事務従事職員の人件費,土木関係事務従事職員の人件費,471,140,273,matched,page_and_exact_name,not_available,,r8tousyoyosanallpage.pdf,"28 再任用職員社会保険料(土木)(総務部) 5,055
充当事業:土木関係事務従事職員の人件費・P471",target_page_account_and_exact_name_unique;page_offset=0,bpi_6defa968f245a1daf2d467f021bd8c3d52d87579f5b7d449db5be58808ca5162,exact_group,exact,1
ral_2026_general_140_017,rd_2026_general_revenue_19_06_04_01_29_3205500000,2026_general_expenditure_09_01_08_01_01,2026_general_expenditure_09_01_08,general,教育関係事務従事職員の人件費,教育関係事務従事職員の人件費,471,140,273,matched,page_and_exact_name,not_available,,r8tousyoyosanallpage.pdf,"29 再任用職員社会保険料(教育)(総務部) 5,348
充当事業:教育関係事務従事職員の人件費・P471",target_page_account_and_exact_name_unique;page_offset=0,bpi_d217e916810a3cb94e8650936067abad934f1d4c33f5779441597cc79cb69555,exact_group,exact,1
ral_2026_general_140_018,rd_2026_general_revenue_19_06_04_01_30_3205500000,2026_general_expenditure_09_01_10_01_01,2026_general_expenditure_09_01_10,general,清掃関係事務従事職員の人件費,清掃関係事務従事職員の人件費,473,140,273,matched,page_and_exact_name,not_available,,r8tousyoyosanallpage.pdf,"30 再任用職員社会保険料(清掃)(総務部) 6,644
充当事業:清掃関係事務従事職員の人件費・P473",target_page_account_and_exact_name_unique;page_offset=0,bpi_42b873a6e7ce6f2674f8cfeac89f32a30bc82217c9b7ae1bc6297bbb0bbe1c3e,exact_group,exact,1
ral_2026_general_141_001,rd_2026_general_revenue_19_06_04_01_69_4975100000,2026_general_expenditure_09_01_09_01_01,2026_general_expenditure_09_01_09,general,学校関係事務従事職員の人件費,学校関係事務従事職員の人件費,473,141,275,matched,page_name_department,not_available,,r8tousyoyosanallpage.pdf,"69 再任用職員社会保険料(教育委員会事務局) 4,834
充当事業:学校関係事務従事職員の人件費・P473",target_page_name_and_department_unique;page_offset=0,bpi_49a233fff89b928698cde2646a26714688b14453a74bacc47c93d311057dea67,exact_group,exact,1
ral_2026_general_141_002,rd_2026_general_revenue_19_06_04_01_95_3205500000,2026_general_expenditure_09_01_06_01_01,2026_general_expenditure_09_01_06,general,産業経済関係事務従事職員の人件費,産業経済関係事務従事職員の人件費,471,141,275,matched,page_and_exact_name,not_available,,r8tousyoyosanallpage.pdf,"95 再任用職員社会保険料(産経)(総務部) 99
充当事業:産業経済関係事務従事職員の人件費・P471",target_page_account_and_exact_name_unique;page_offset=0,bpi_1c6b0454d40f966bac6f8057c0cbcce3c36597b0df89734acdac0eae73af29d8,exact_group,exact,1
ral_2026_general_141_003,rd_2026_general_revenue_19_06_04_06_01_2135100000,2026_general_expenditure_09_01_02_01_19,2026_general_expenditure_09_01_02,general,会計年度任用職員の人件費(世田谷総合支所),会計年度任用職員の人件費（世田谷総合支所）,465,141,275,matched,page_and_normalized_name,not_available,,r8tousyoyosanallpage.pdf,"1 会計年度任用職員社会保険料(世田谷総合支所)(世田谷総合支所) 1,238
充当事業:会計年度任用職員の人件費(世田谷総合支所)・P465",target_page_account_and_nfkc_name_unique;page_offset=0,bpi_34acf9623cc61d4b348c36d72445729b13128cdd9a95f1f5ce52bff56594835b,exact_group,exact,1
ral_2026_general_141_004,rd_2026_general_revenue_19_06_04_06_02_3405350000,,2026_general_expenditure_09_01_02,general,会計年度任用職員の人件費(生活文化政策部),会計年度任用職員の人件費（生活文化政策部）,467,141,275,matched,page_name_department_identity_cluster,not_available,,r8tousyoyosanallpage.pdf,"2 会計年度任用職員社会保険料(生活文化政策部)(生活文化政策部) 3,146
充当事業:会計年度任用職員の人件費(生活文化政策部)・P467",official_pdf_does_not_identify_internal_budget_program_group,bpi_980ce9b70e37b092adb0d85b25c10ed7a4c4a19e87b3a53d40a768a182ae7832,public_identity,not_distinguishable_from_public_source,2
ral_2026_general_141_005,rd_2026_general_revenue_19_06_04_06_03_3415100000,2026_general_expenditure_09_01_02_01_24,2026_general_expenditure_09_01_02,general,会計年度任用職員の人件費(地域行政部),会計年度任用職員の人件費（地域行政部）,467,141,275,matched,page_and_normalized_name,not_available,,r8tousyoyosanallpage.pdf,"3 会計年度任用職員社会保険料(地域行政部)(地域行政部) 32,268
充当事業:会計年度任用職員の人件費(地域行政部)・P467",target_page_account_and_nfkc_name_unique;page_offset=2,bpi_36de967649456f996238acd833d9209a8b51d950cf817cbce673ecaffa259479,exact_group,exact,1
ral_2026_general_141_006,rd_2026_general_revenue_19_06_04_06_05_3525100000,2026_general_expenditure_09_01_02_01_26,2026_general_expenditure_09_01_02,general,会計年度任用職員の人件費(経済産業部),会計年度任用職員の人件費（経済産業部）,467,141,275,matched,page_and_normalized_name,not_available,,r8tousyoyosanallpage.pdf,"5 会計年度任用職員社会保険料(経済産業部)(経済産業部) 4,870
充当事業:会計年度任用職員の人件費(経済産業部)・P467",target_page_account_and_nfkc_name_unique;page_offset=2,bpi_48ae69c4004752c81d798f5891b6b30208de61974a2ad62041b059e30348eeb9,exact_group,exact,1
ral_2026_general_141_007,rd_2026_general_revenue_19_06_04_06_07_4960100000,,2026_general_expenditure_09_01_08,general,会計年度任用職員の人件費(教育委員会事務局),会計年度任用職員の人件費（教育委員会事務局）,471,141,275,matched,page_name_department_identity_cluster,not_available,,r8tousyoyosanallpage.pdf,"7 会計年度任用職員社会保険料(教育委員会事務局)(教育委員会事務局) 505,972
充当事業:会計年度任用職員の人件費(教育委員会事務局)・P471",official_pdf_does_not_identify_internal_budget_program_group,bpi_b55e51de6d41c9f9e2302349c0f7a11790df1cb4835ebe1c8990b0dd44d25850,public_identity,not_distinguishable_from_public_source,5
ral_2026_general_141_008,rd_2026_general_revenue_19_06_04_06_08_3595110000,2026_general_expenditure_09_01_03_01_15,2026_general_expenditure_09_01_03,general,会計年度任用職員の人件費(保健福祉政策部),会計年度任用職員の人件費（保健福祉政策部）,467,141,275,matched,page_and_normalized_name,not_available,,r8tousyoyosanallpage.pdf,"8 会計年度任用職員社会保険料(保健福祉政策部)(保健福祉政策部) 14,027
充当事業:会計年度任用職員の人件費(保健福祉政策部)・P467",target_page_account_and_nfkc_name_unique;page_offset=0,bpi_b9f1165f165cc6c8a854899bb8a10556c041f2a5f248c866e36eadfd1f138699,exact_group,exact,1
ral_2026_general_141_009,rd_2026_general_revenue_19_06_04_06_09_3645100000,2026_general_expenditure_09_01_03_01_16,2026_general_expenditure_09_01_03,general,会計年度任用職員の人件費(高齢福祉部),会計年度任用職員の人件費（高齢福祉部）,469,141,275,matched,page_and_normalized_name,not_available,,r8tousyoyosanallpage.pdf,"9 会計年度任用職員社会保険料(高齢福祉部)(高齢福祉部) 1,090
充当事業:会計年度任用職員の人件費(高齢福祉部)・P469",target_page_account_and_nfkc_name_unique;page_offset=2,bpi_609a88730a098d9b7d92ee3c6917e6326a529d94def926bfc64471a2252bebf7,exact_group,exact,1
ral_2026_general_141_010,rd_2026_general_revenue_19_06_04_06_10_3655100000,,2026_general_expenditure_09_01_03,general,会計年度任用職員の人件費(障害福祉部),会計年度任用職員の人件費（障害福祉部）,469,141,275,matched,page_name_department_identity_cluster,not_available,,r8tousyoyosanallpage.pdf,"10 会計年度任用職員社会保険料(障害福祉部)(障害福祉部) 6,374
充当事業:会計年度任用職員の人件費(障害福祉部)・P469",official_pdf_does_not_identify_internal_budget_program_group,bpi_181d68cd53e1bae8c0ff0b19f41abc04ca2fba5d55dc0649f06039d0ddf44c32,public_identity,not_distinguishable_from_public_source,2
ral_2026_general_141_011,rd_2026_general_revenue_19_06_04_06_16_3065100000,,2026_general_expenditure_09_01_02,general,会計年度任用職員の人件費(政策経営部),会計年度任用職員の人件費（政策経営部）,467,141,275,matched,page_name_department_identity_cluster,not_available,,r8tousyoyosanallpage.pdf,"16 会計年度任用職員社会保険料(政策経営部)(政策経営部) 1,754
充当事業:会計年度任用職員の人件費(政策経営部)・P467",official_pdf_does_not_identify_internal_budget_program_group,bpi_9e17ec8a82ad9617376b596db8314c0b6c9e1f7f25ba095dd7e0658be37011d5,public_identity,not_distinguishable_from_public_source,2
ral_2026_general_141_012,rd_2026_general_revenue_19_06_04_06_17_3205500000,2026_general_expenditure_09_01_02_01_21,2026_general_expenditure_09_01_02,general,会計年度任用職員の人件費(総務部),会計年度任用職員の人件費（総務部）,467,141,275,matched,page_and_normalized_name,not_available,,r8tousyoyosanallpage.pdf,"17 会計年度任用職員社会保険料(総務部)(総務部) 984,135
充当事業:会計年度任用職員の人件費(総務部)・P467",target_page_account_and_nfkc_name_unique;page_offset=2,bpi_bd63c3004e3766eddbe2f16ff7a5da47316b54d7cede1f9b4d600c05c3ba6cf1,exact_group,exact,1
ral_2026_general_141_013,rd_2026_general_revenue_19_06_04_06_18_3305300000,2026_general_expenditure_09_01_02_01_22,2026_general_expenditure_09_01_02,general,会計年度任用職員の人件費(危機管理部),会計年度任用職員の人件費（危機管理部）,467,141,275,matched,page_and_normalized_name,not_available,,r8tousyoyosanallpage.pdf,"18 会計年度任用職員社会保険料(危機管理部)(危機管理部) 403
充当事業:会計年度任用職員の人件費(危機管理部)・P467",target_page_account_and_nfkc_name_unique;page_offset=2,bpi_175f30a161dccdb241c57e55790e3d1544661757b6a783414ea1a3469a033ac1,exact_group,exact,1
ral_2026_general_141_014,rd_2026_general_revenue_19_06_04_06_19_3665150000,,2026_general_expenditure_09_01_03,general,会計年度任用職員の人件費(子ども・若者部),会計年度任用職員の人件費（子ども・若者部）,469,141,275,matched,page_name_department_identity_cluster,not_available,,r8tousyoyosanallpage.pdf,"19 会計年度任用職員社会保険料(子ども・若者部)(子ども・若者部) 26,844
充当事業:会計年度任用職員の人件費(子ども・若者部)・P469",official_pdf_does_not_identify_internal_budget_program_group,bpi_b20577636fe2f4187fd662b1f0fc27c1a15b49e5c5e258c012206f3f329eb489,public_identity,not_distinguishable_from_public_source,2
ral_2026_general_141_015,rd_2026_general_revenue_19_06_04_06_25_3665150000,2026_general_expenditure_09_01_03_01_20,2026_general_expenditure_09_01_03,general,会計年度任用職員の人件費(子ども・若者部(2)),会計年度任用職員の人件費（子ども・若者部（２））,469,141,275,matched,page_and_normalized_name,not_available,,r8tousyoyosanallpage.pdf,"25 会計年度任用職員社会保険料(子ども・若者部(2))(子ども・若者部) 169,667
充当事業:会計年度任用職員の人件費(子ども・若者部(2))・P469",target_page_account_and_nfkc_name_unique;page_offset=2,bpi_5939d32e45ec716f31e67094aa1fdc3e15149a40dfc89175ae186f2e884591b1,exact_group,exact,1
ral_2026_general_141_016,rd_2026_general_revenue_19_06_04_06_26_3785100000,,2026_general_expenditure_09_01_05,general,会計年度任用職員の人件費(世田谷保健所),会計年度任用職員の人件費（世田谷保健所）,469,141,275,matched,page_name_department_identity_cluster,not_available,,r8tousyoyosanallpage.pdf,"26 会計年度任用職員社会保険料(世田谷保健所)(世田谷保健所) 15,907
充当事業:会計年度任用職員の人件費(世田谷保健所)・P469",official_pdf_does_not_identify_internal_budget_program_group,bpi_11c09a256ac1f0b08b604ed1e947ffc80d0cb7edff4703759634a064845e0bd8,public_identity,not_distinguishable_from_public_source,2
ral_2026_general_141_017,rd_2026_general_revenue_19_06_04_06_36_3815100000,2026_general_expenditure_09_01_07_01_10,2026_general_expenditure_09_01_07,general,会計年度任用職員の人件費(都市整備政策部),会計年度任用職員の人件費（都市整備政策部）,471,141,275,matched,page_and_normalized_name,not_available,,r8tousyoyosanallpage.pdf,"36 会計年度任用職員社会保険料(都市整備政策部)(都市整備政策部) 450
充当事業:会計年度任用職員の人件費(都市整備政策部)・P471",target_page_account_and_nfkc_name_unique;page_offset=0,bpi_160eb5548a15560a8844f0e8ba391aaa2ac566bece093319999a2464997ff584,exact_group,exact,1
ral_2026_general_141_018,rd_2026_general_revenue_19_06_04_06_37_3695150000,2026_general_expenditure_09_01_03_01_19,2026_general_expenditure_09_01_03,general,会計年度任用職員の人件費(児童相談所),会計年度任用職員の人件費（児童相談所）,469,141,275,matched,page_and_normalized_name,not_available,,r8tousyoyosanallpage.pdf,"37 会計年度任用職員社会保険料(児童相談所)(児童相談所) 11,922
充当事業:会計年度任用職員の人件費(児童相談所)・P469",target_page_account_and_nfkc_name_unique;page_offset=2,bpi_abbd17f8fda03037d67a0c443732282df2af2dadfa3166b668a4dab9be8a79b0,exact_group,exact,1
ral_2026_general_142_001,rd_2026_general_revenue_19_06_04_06_38_3465110000,2026_general_expenditure_09_01_04_01_06,2026_general_expenditure_09_01_04,general,会計年度任用職員の人件費(環境政策部),会計年度任用職員の人件費（環境政策部）,469,142,277,matched,page_and_normalized_name,not_available,,r8tousyoyosanallpage.pdf,"38 会計年度任用職員社会保険料(環境政策部)(環境政策部) 8,333
充当事業:会計年度任用職員の人件費(環境政策部)・P469",target_page_account_and_nfkc_name_unique;page_offset=0,bpi_d875764da6ed62c98e434cb9d23ea268ab012271184d5cd51c16a38427a2597f,exact_group,exact,1
ral_2026_general_142_002,rd_2026_general_revenue_19_06_04_06_51_2165100000,2026_general_expenditure_09_01_03_01_10,2026_general_expenditure_09_01_03,general,会計年度任用職員の人件費(世田谷総合支所),会計年度任用職員の人件費（世田谷総合支所）,467,142,277,matched,page_and_normalized_name,not_available,,r8tousyoyosanallpage.pdf,"51 会計年度任用職員社会保険料(世田谷総合支所)(世田谷総合支所) 451
充当事業:会計年度任用職員の人件費(世田谷総合支所)・P467",target_page_account_and_nfkc_name_unique;page_offset=0,bpi_e4a3bfafcdabc44c5e95c4cc0ea467f7989f9f5e99ae682f9a36567dbdf723bb,exact_group,exact,1
ral_2026_general_142_003,rd_2026_general_revenue_19_06_04_06_52_2265100000,2026_general_expenditure_09_01_03_01_11,2026_general_expenditure_09_01_03,general,会計年度任用職員の人件費(北沢総合支所),会計年度任用職員の人件費（北沢総合支所）,467,142,277,matched,page_and_normalized_name,not_available,,r8tousyoyosanallpage.pdf,"52 会計年度任用職員社会保険料(北沢総合支所)(北沢総合支所) 451
充当事業:会計年度任用職員の人件費(北沢総合支所)・P467",target_page_account_and_nfkc_name_unique;page_offset=0,bpi_b6acaa2cfed17552a1ae4881cce909f506615b3a3c15eb4c1bbb42c1c901cc53,exact_group,exact,1
ral_2026_general_142_004,rd_2026_general_revenue_19_06_04_06_53_2365100000,2026_general_expenditure_09_01_03_01_12,2026_general_expenditure_09_01_03,general,会計年度任用職員の人件費(玉川総合支所),会計年度任用職員の人件費（玉川総合支所）,467,142,277,matched,page_and_normalized_name,not_available,,r8tousyoyosanallpage.pdf,"53 会計年度任用職員社会保険料(玉川総合支所)(玉川総合支所) 1,229
充当事業:会計年度任用職員の人件費(玉川総合支所)・P467",target_page_account_and_nfkc_name_unique;page_offset=0,bpi_41df3ff6c5153db6480ef1d345b238e6316a2aa568e3c17ad8e8c20b778a1c0e,exact_group,exact,1
ral_2026_general_142_005,rd_2026_general_revenue_19_06_04_06_54_2465100000,2026_general_expenditure_09_01_03_01_13,2026_general_expenditure_09_01_03,general,会計年度任用職員の人件費(砧総合支所),会計年度任用職員の人件費（砧総合支所）,467,142,277,matched,page_and_normalized_name,not_available,,r8tousyoyosanallpage.pdf,"54 会計年度任用職員社会保険料(砧総合支所)(砧総合支所) 451
充当事業:会計年度任用職員の人件費(砧総合支所)・P467",target_page_account_and_nfkc_name_unique;page_offset=0,bpi_7d73385ff7bee1b210f97905c7c504202dfc210102871ad103245cfd28c4e516,exact_group,exact,1
ral_2026_general_142_006,rd_2026_general_revenue_19_06_04_06_55_2565100000,2026_general_expenditure_09_01_03_01_14,2026_general_expenditure_09_01_03,general,会計年度任用職員の人件費(烏山総合支所),会計年度任用職員の人件費（烏山総合支所）,467,142,277,matched,page_and_normalized_name,not_available,,r8tousyoyosanallpage.pdf,"55 会計年度任用職員社会保険料(烏山総合支所)(烏山総合支所) 1,278
充当事業:会計年度任用職員の人件費(烏山総合支所)・P467",target_page_account_and_nfkc_name_unique;page_offset=0,bpi_fa8dd2d3248166a974a489fa6fb65e60a2b628120edb1174be40467b94a43029,exact_group,exact,1
ral_2026_general_142_007,rd_2026_general_revenue_19_06_04_06_56_4960100000,,2026_general_expenditure_09_01_08,general,会計年度任用職員の人件費(教育委員会事務局),会計年度任用職員の人件費（教育委員会事務局）,471,142,277,matched,page_name_department_identity_cluster,not_available,,r8tousyoyosanallpage.pdf,"56 会計年度任用職員社会保険料(教育委員会事務局)(教育委員会事務局) 11,875
充当事業:会計年度任用職員の人件費(教育委員会事務局)・P471",official_pdf_does_not_identify_internal_budget_program_group,bpi_b55e51de6d41c9f9e2302349c0f7a11790df1cb4835ebe1c8990b0dd44d25850,public_identity,not_distinguishable_from_public_source,5
ral_2026_general_142_008,rd_2026_general_revenue_19_06_04_06_58_4960100000,,2026_general_expenditure_09_01_08,general,会計年度任用職員の人件費(教育委員会事務局),会計年度任用職員の人件費（教育委員会事務局）,471,142,277,matched,page_name_department_identity_cluster,not_available,,r8tousyoyosanallpage.pdf,"58 会計年度任用職員社会保険料(教育委員会事務局)(教育委員会事務局) 47,790
充当事業:会計年度任用職員の人件費(教育委員会事務局)・P471",official_pdf_does_not_identify_internal_budget_program_group,bpi_b55e51de6d41c9f9e2302349c0f7a11790df1cb4835ebe1c8990b0dd44d25850,public_identity,not_distinguishable_from_public_source,5
ral_2026_general_142_009,rd_2026_general_revenue_19_06_04_06_59_4960100000,,2026_general_expenditure_09_01_08,general,会計年度任用職員の人件費(教育委員会事務局),会計年度任用職員の人件費（教育委員会事務局）,471,142,277,matched,page_name_department_identity_cluster,not_available,,r8tousyoyosanallpage.pdf,"59 会計年度任用職員社会保険料(教育委員会事務局)(教育委員会事務局) 9,832
充当事業:会計年度任用職員の人件費(教育委員会事務局)・P471",official_pdf_does_not_identify_internal_budget_program_group,bpi_b55e51de6d41c9f9e2302349c0f7a11790df1cb4835ebe1c8990b0dd44d25850,public_identity,not_distinguishable_from_public_source,5
ral_2026_general_142_010,rd_2026_general_revenue_19_06_04_06_60_4960100000,,2026_general_expenditure_09_01_08,general,会計年度任用職員の人件費(教育委員会事務局),会計年度任用職員の人件費（教育委員会事務局）,471,142,277,matched,page_name_department_identity_cluster,not_available,,r8tousyoyosanallpage.pdf,"60 会計年度任用職員社会保険料(教育委員会事務局)(教育委員会事務局) 37,658
充当事業:会計年度任用職員の人件費(教育委員会事務局)・P471",official_pdf_does_not_identify_internal_budget_program_group,bpi_b55e51de6d41c9f9e2302349c0f7a11790df1cb4835ebe1c8990b0dd44d25850,public_identity,not_distinguishable_from_public_source,5
ral_2026_general_142_011,rd_2026_general_revenue_19_06_04_06_61_3655100000,,2026_general_expenditure_09_01_03,general,会計年度任用職員の人件費(障害福祉部),会計年度任用職員の人件費（障害福祉部）,469,142,277,matched,page_name_department_identity_cluster,not_available,,r8tousyoyosanallpage.pdf,"61 会計年度任用職員社会保険料(障害福祉部)(障害福祉部) 714
充当事業:会計年度任用職員の人件費(障害福祉部)・P469",official_pdf_does_not_identify_internal_budget_program_group,bpi_181d68cd53e1bae8c0ff0b19f41abc04ca2fba5d55dc0649f06039d0ddf44c32,public_identity,not_distinguishable_from_public_source,2
ral_2026_general_142_012,rd_2026_general_revenue_19_06_04_06_62_3665150000,,2026_general_expenditure_09_01_03,general,会計年度任用職員の人件費(子ども・若者部),会計年度任用職員の人件費（子ども・若者部）,469,142,277,matched,page_name_department_identity_cluster,not_available,,r8tousyoyosanallpage.pdf,"62 会計年度任用職員社会保険料(子ども・若者部)(子ども・若者部) 3,732
充当事業:会計年度任用職員の人件費(子ども・若者部)・P469",official_pdf_does_not_identify_internal_budget_program_group,bpi_b20577636fe2f4187fd662b1f0fc27c1a15b49e5c5e258c012206f3f329eb489,public_identity,not_distinguishable_from_public_source,2
ral_2026_general_142_013,rd_2026_general_revenue_19_06_04_06_63_3785100000,,2026_general_expenditure_09_01_05,general,会計年度任用職員の人件費(世田谷保健所),会計年度任用職員の人件費（世田谷保健所）,469,142,277,matched,page_name_department_identity_cluster,not_available,,r8tousyoyosanallpage.pdf,"63 会計年度任用職員社会保険料(世田谷保健所)(世田谷保健所) 5,151
充当事業:会計年度任用職員の人件費(世田谷保健所)・P469",official_pdf_does_not_identify_internal_budget_program_group,bpi_11c09a256ac1f0b08b604ed1e947ffc80d0cb7edff4703759634a064845e0bd8,public_identity,not_distinguishable_from_public_source,2
ral_2026_general_142_014,rd_2026_general_revenue_19_06_04_06_64_3405350000,,2026_general_expenditure_09_01_02,general,会計年度任用職員の人件費(生活文化政策部),会計年度任用職員の人件費（生活文化政策部）,467,142,277,matched,page_name_department_identity_cluster,not_available,,r8tousyoyosanallpage.pdf,"64 会計年度任用職員社会保険料(生活文化政策部)(生活文化政策部) 6,528
充当事業:会計年度任用職員の人件費(生活文化政策部)・P467",official_pdf_does_not_identify_internal_budget_program_group,bpi_980ce9b70e37b092adb0d85b25c10ed7a4c4a19e87b3a53d40a768a182ae7832,public_identity,not_distinguishable_from_public_source,2
ral_2026_general_142_015,rd_2026_general_revenue_19_06_04_06_66_3065200000,2026_general_expenditure_02_01_03_01_18,2026_general_expenditure_02_01_03,general,官民連携の推進,官民連携の推進,319,142,277,matched,page_and_exact_name,not_available,,r8tousyoyosanallpage.pdf,"66 特別職非常勤職員社会保険料(行政手法改革参与)(政策経営部) 1,267
充当事業:官民連携の推進・P319",target_page_account_and_exact_name_unique;page_offset=0,bpi_7fc4f682e389d5fa8757d40473bae890813bac22946d85e01f87adeec1405414,exact_group,exact,1
ral_2026_general_143_001,rd_2026_general_revenue_19_06_04_06_67_3095100000,2026_general_expenditure_02_01_04_01_11,2026_general_expenditure_02_01_04,general,DX推進,ＤＸ推進,321,143,279,matched,page_and_normalized_name,not_available,,r8tousyoyosanallpage.pdf,"67 特別職非常勤職員社会保険料(システム標準化参与)(DX推進担当部) 717
充当事業:DX推進・P321",target_page_account_and_nfkc_name_unique;page_offset=0,bpi_ace1668693b171d63707c4b9f73f12db4ab7f576aae72a53463e0c3c78b166fc,exact_group,exact,1
ral_2026_general_143_002,rd_2026_general_revenue_19_06_04_06_68_2335100000,2026_general_expenditure_02_03_02_01_03,2026_general_expenditure_02_03_02,general,玉川総合支所庶務事務,玉川総合支所庶務事務,331,143,279,matched,page_and_exact_name,not_available,,r8tousyoyosanallpage.pdf,"68 特別職非常勤職員社会保険料(玉川総合支所)(玉川総合支所) 819
充当事業:玉川総合支所庶務事務・P331",target_page_account_and_exact_name_unique;page_offset=0,bpi_a0d3ee9dd95288fc2cdc268331c6ffb2e25caf75280c045bc8ec3ec98b50c217,exact_group,exact,1
ral_2026_general_143_003,rd_2026_general_revenue_19_06_06_01_01_3355400000,2026_general_expenditure_02_02_02_01_02,2026_general_expenditure_02_02_02,general,区税徴収,区税徴収,325,143,279,matched,page_and_exact_name,not_available,,r8tousyoyosanallpage.pdf,"1 特別区税等滞納処分費(財務部) 568
充当事業:区税徴収・P325",target_page_account_and_exact_name_unique;page_offset=0,bpi_33e89cb42b3447c815f652a156d83aec3fbf81f2b7f156bd38dc0832c5023412,exact_group,exact,1
ral_2026_general_143_004,rd_2026_general_revenue_19_06_09_05_01_3235200000,2026_general_expenditure_02_01_01_02_01,2026_general_expenditure_02_01_01,general,庁舎維持管理,庁舎維持管理,317,143,279,matched,page_and_exact_name,not_available,,r8tousyoyosanallpage.pdf,"1 庁舎(庁舎整備担当部) 12,209
充当事業:庁舎維持管理・P317",target_page_account_and_exact_name_unique;page_offset=0,bpi_c34fb87998d2beb1da3e5e8011a45c4cf624372d28878d78816749aacd40fd45,exact_group,exact,1
ral_2026_general_143_005,rd_2026_general_revenue_19_06_09_05_03_2335100000,2026_general_expenditure_02_03_02_01_14,2026_general_expenditure_02_03_02,general,玉川総合支所維持管理,玉川総合支所維持管理,331,143,279,matched,page_and_exact_name,not_available,,r8tousyoyosanallpage.pdf,"3 玉川総合支所(玉川総合支所) 357
充当事業:玉川総合支所維持管理・P331",target_page_account_and_exact_name_unique;page_offset=0,bpi_0bd26d7858b3cdc1d2b77bcc9a3f770b7aa2c24629f6a756f70e33d070d41781,exact_group,exact,1
ral_2026_general_143_006,rd_2026_general_revenue_19_06_09_05_04_2535100000,2026_general_expenditure_02_03_06_01_29,2026_general_expenditure_02_03_06,general,烏山区民会館・区民センター維持運営,烏山区民会館・区民センター維持運営,335,143,279,matched,page_and_exact_name,not_available,,r8tousyoyosanallpage.pdf,"4 烏山区民センター(烏山総合支所) 542
充当事業:烏山区民会館・区民センター維持運営・P335",target_page_account_and_exact_name_unique;page_offset=2,bpi_8dc6864f8ba930b92d0cbb74e1b6a3f37a6c2c187266a79e6cb699d256730903,exact_group,exact,1
ral_2026_general_143_007,rd_2026_general_revenue_19_06_09_05_05_3555600000,2026_general_expenditure_04_03_01_01_19,2026_general_expenditure_04_03_01,general,砧清掃事務所維持管理,砧清掃事務所維持管理,393,143,279,matched,page_and_exact_name,not_available,,r8tousyoyosanallpage.pdf,"5 砧清掃事務所(環境政策部) 187
充当事業:砧清掃事務所維持管理・P393",target_page_account_and_exact_name_unique;page_offset=0,bpi_b36c2eda31a2221731c75fc054ffd09d90b76a06de8758d39ee71f5a3b7305cf,exact_group,exact,1
ral_2026_general_143_008,rd_2026_general_revenue_19_06_09_05_07_3555400000,2026_general_expenditure_04_03_01_01_17,2026_general_expenditure_04_03_01,general,世田谷清掃事務所維持管理,世田谷清掃事務所維持管理,393,143,279,matched,page_and_exact_name,not_available,,r8tousyoyosanallpage.pdf,"7 世田谷清掃事務所(環境政策部) 237
充当事業:世田谷清掃事務所維持管理・P393",target_page_account_and_exact_name_unique;page_offset=0,bpi_1bac4b00c20495a08bd2eb692f6ace1923ed4d7bb90f670b5cf8b6e3d9e04c8a,exact_group,exact,1
ral_2026_general_143_009,rd_2026_general_revenue_19_06_09_05_10_3405400000,2026_general_expenditure_02_03_12_01_05,2026_general_expenditure_02_03_12,general,文化生活情報センター維持管理,文化生活情報センター維持管理,341,143,279,matched,page_and_exact_name,not_available,,r8tousyoyosanallpage.pdf,"10 文化生活情報センター(生活文化政策部) 2,868
充当事業:文化生活情報センター維持管理・P341",target_page_account_and_exact_name_unique;page_offset=0,bpi_dbc145d7554808b3c1e2f7851994fdf554f7aef10a20d0757cd36ca3a28df3c5,exact_group,exact,1
ral_2026_general_143_010,rd_2026_general_revenue_19_06_09_05_11_3655200000,2026_general_expenditure_03_01_16_02_01,2026_general_expenditure_03_01_16,general,障害者休養ホームひまわり荘運営管理,障害者休養ホームひまわり荘運営管理,371,143,279,matched,page_and_exact_name,not_available,,r8tousyoyosanallpage.pdf,"11 障害者休養ホームひまわり荘(障害福祉部) 38
充当事業:障害者休養ホームひまわり荘運営管理・P371",target_page_account_and_exact_name_unique;page_offset=2,bpi_4fe0a4eb3c9e0eb1bdd7d3ceb568f6d49bb8de5c8d0934feeeae24aa56e3c964,exact_group,exact,1
ral_2026_general_143_011,rd_2026_general_revenue_19_06_09_05_12_3595150000,2026_general_expenditure_05_01_04_01_01,2026_general_expenditure_05_01_04,general,保健センター維持運営,保健センター維持運営,399,143,279,matched,page_and_exact_name,not_available,,r8tousyoyosanallpage.pdf,"12 保健センター(保健福祉政策部) 5,513
充当事業:保健センター維持運営・P399",target_page_account_and_exact_name_unique;page_offset=0,bpi_d1d620477a8794f7a707d169d7a7fc654e17b4680820a50102f16b82eef660b6,exact_group,exact,1
ral_2026_general_143_012,rd_2026_general_revenue_19_06_09_05_14_3835300000,2026_general_expenditure_07_04_01_01_13,2026_general_expenditure_07_04_01,general,公園・身近な広場維持運営,公園・身近な広場維持運営,431,143,279,matched,page_and_exact_name,not_available,,r8tousyoyosanallpage.pdf,"14 公園・身近な広場(みどり33推進担当部) 6,560
充当事業:公園・身近な広場維持運営・P431",target_page_account_and_exact_name_unique;page_offset=0,bpi_09d3870d14aac465d638f58e958e4113a78851829efeb7ba88c02cc4ef6fd509,exact_group,exact,1
ral_2026_general_143_013,rd_2026_general_revenue_19_06_09_05_16_3655200000,2026_general_expenditure_03_01_16_01_35,2026_general_expenditure_03_01_16,general,障害者施設等運営助成,障害者施設等運営助成,371,143,279,matched,page_and_exact_name,not_available,,r8tousyoyosanallpage.pdf,"16 知的障害者援護施設緊急一時保護(宿泊)事業(障害福祉部) 1
充当事業:障害者施設等運営助成・P371",target_page_account_and_exact_name_unique;page_offset=2,bpi_b51025445837cb1320053362a68bc33800a3c336fb0999297cc41f1e1a08f435,exact_group,exact,1
ral_2026_general_143_014,rd_2026_general_revenue_19_06_09_05_20_2135100000,2026_general_expenditure_02_03_06_01_06,2026_general_expenditure_02_03_06,general,桜丘区民センター維持運営,桜丘区民センター維持運営,333,143,279,matched,page_and_exact_name,not_available,,r8tousyoyosanallpage.pdf,"20 桜丘区民センター(世田谷総合支所) 54
充当事業:桜丘区民センター維持運営・P333",target_page_account_and_exact_name_unique;page_offset=0,bpi_d1c5eb3a63b5ac54b861a5279fe4818996e1e523eb4cde8a670e879ed8bc1646,exact_group,exact,1
ral_2026_general_143_015,rd_2026_general_revenue_19_06_09_05_22_2135100000,2026_general_expenditure_02_03_02_02_01,2026_general_expenditure_02_03_02,general,世田谷地域出張所維持運営,世田谷地域出張所維持運営,333,143,279,matched,page_and_exact_name,not_available,,r8tousyoyosanallpage.pdf,"22 世田谷地域出張所(世田谷総合支所) 2,827
充当事業:世田谷地域出張所維持運営・P333",target_page_account_and_exact_name_unique;page_offset=2,bpi_306d197d0cbfc17662b6691f66f69edaa92d2675a2b8938b4fdee9ed6f9e7383,exact_group,exact,1
ral_2026_general_143_016,rd_2026_general_revenue_19_06_09_05_24_2335100000,2026_general_expenditure_02_03_06_01_20,2026_general_expenditure_02_03_06,general,玉川地域地区会館維持運営,玉川地域地区会館維持運営,335,143,279,matched,page_and_exact_name,not_available,,r8tousyoyosanallpage.pdf,"24 尾山台地区会館防災倉庫(玉川総合支所) 6
充当事業:玉川地域地区会館維持運営・P335",target_page_account_and_exact_name_unique;page_offset=2,bpi_ed4859c69461cbbfe21122c15542b78acedace9bd67448f9e9469dd7c53d3a6e,exact_group,exact,1
ral_2026_general_143_017,rd_2026_general_revenue_19_06_09_05_25_3235200000,2026_general_expenditure_02_01_01_02_04,2026_general_expenditure_02_01_01,general,分庁舎維持管理,分庁舎維持管理,317,143,279,matched,page_and_exact_name,not_available,,r8tousyoyosanallpage.pdf,"25 分庁舎(庁舎整備担当部) 32,151
充当事業:分庁舎維持管理・P317",target_page_account_and_exact_name_unique;page_offset=0,bpi_edea666e29fce2c27b5d8a034813a1a80ac0d58a6f9cd6a20478ca9497387c20,exact_group,exact,1
ral_2026_general_144_001,rd_2026_general_revenue_19_06_09_05_26_2535100000,2026_general_expenditure_02_03_06_01_30,2026_general_expenditure_02_03_06,general,上北沢区民センター維持運営,上北沢区民センター維持運営,335,144,281,matched,page_and_exact_name,not_available,,r8tousyoyosanallpage.pdf,"26 上北沢区民センター(烏山総合支所) 421
充当事業:上北沢区民センター維持運営・P335",target_page_account_and_exact_name_unique;page_offset=2,bpi_b84a8ef137571c1276f5281266ad73554c101d00b6f5521c7fc618a0f9339c1f,exact_group,exact,1
ral_2026_general_144_002,rd_2026_general_revenue_19_06_09_05_28_3405400000,2026_general_expenditure_02_03_12_01_06,2026_general_expenditure_02_03_12,general,美術館維持管理,美術館維持管理,341,144,281,matched,page_and_exact_name,not_available,,r8tousyoyosanallpage.pdf,"28 美術館(生活文化政策部) 6,820
充当事業:美術館維持管理・P341",target_page_account_and_exact_name_unique;page_offset=0,bpi_53222f2db58cf073daa7301ed22ef1c7b71c96807a40e8bbed97b02426a33fcb,exact_group,exact,1
ral_2026_general_144_003,rd_2026_general_revenue_19_06_09_05_30_2235100000,2026_general_expenditure_02_03_02_01_13,2026_general_expenditure_02_03_02,general,北沢総合支所維持管理,北沢総合支所維持管理,331,144,281,matched,page_and_exact_name,not_available,,r8tousyoyosanallpage.pdf,"30 北沢総合支所(北沢総合支所) 6,800
充当事業:北沢総合支所維持管理・P331",target_page_account_and_exact_name_unique;page_offset=0,bpi_d42db30ccf3e6ab15db7a06543dbca0ec4d46b65173034608f08fdee31e3fd8e,exact_group,exact,1
ral_2026_general_144_004,rd_2026_general_revenue_19_06_09_05_32_2335100000,2026_general_expenditure_02_03_06_01_20,2026_general_expenditure_02_03_06,general,玉川地域地区会館維持運営,玉川地域地区会館維持運営,335,144,281,matched,page_and_exact_name,not_available,,r8tousyoyosanallpage.pdf,"32 東玉川地区会館(玉川総合支所) 65
充当事業:玉川地域地区会館維持運営・P335",target_page_account_and_exact_name_unique;page_offset=2,bpi_ed4859c69461cbbfe21122c15542b78acedace9bd67448f9e9469dd7c53d3a6e,exact_group,exact,1
ral_2026_general_144_005,rd_2026_general_revenue_19_06_09_05_34_4965100000,2026_general_expenditure_08_06_03_01_05,2026_general_expenditure_08_06_03,general,民家園維持運営,民家園維持運営,461,144,281,matched,page_and_exact_name,not_available,,r8tousyoyosanallpage.pdf,"34 民家園(教育委員会事務局) 5
充当事業:民家園維持運営・P461",target_page_account_and_exact_name_unique;page_offset=0,bpi_efc43032e1e032f71b5ebc7919d9433eea691dda381ef7a04424308a28261295,exact_group,exact,1
ral_2026_general_144_006,rd_2026_general_revenue_19_06_09_05_36_2435100000,2026_general_expenditure_02_03_02_02_04,2026_general_expenditure_02_03_02,general,砧地域出張所維持運営,砧地域出張所維持運営,333,144,281,matched,page_and_exact_name,not_available,,r8tousyoyosanallpage.pdf,"36 砧地域出張所(砧総合支所) 1,321
充当事業:砧地域出張所維持運営・P333",target_page_account_and_exact_name_unique;page_offset=2,bpi_0e862aca8b338cf70404ee3f6679da4561576691915c9e878b0a1db98df98931,exact_group,exact,1
ral_2026_general_144_007,rd_2026_general_revenue_19_06_09_05_40_2535100000,2026_general_expenditure_02_03_06_01_33,2026_general_expenditure_02_03_06,general,区民斎場維持運営,区民斎場維持運営,335,144,281,matched,page_and_exact_name,not_available,,r8tousyoyosanallpage.pdf,"40 区民斎場(烏山総合支所) 41
充当事業:区民斎場維持運営・P335",target_page_account_and_exact_name_unique;page_offset=2,bpi_095d9aa3b7a2481f5a4ffc3476ef06206f80f91449420ff75127fd51d640de13,exact_group,exact,1
ral_2026_general_144_008,rd_2026_general_revenue_19_06_09_05_42_3305300000,2026_general_expenditure_02_03_09_01_02,2026_general_expenditure_02_03_09,general,備蓄体制等の整備,備蓄体制等の整備,337,144,281,matched,page_and_exact_name,not_available,,r8tousyoyosanallpage.pdf,"42 池尻防災施設(危機管理部) 2
充当事業:備蓄体制等の整備・P337",target_page_account_and_exact_name_unique;page_offset=0,bpi_8f504f21095b757204bf1b3e5bbf4a4dfaa2349cbd9a0173f1d94db29c99173b,exact_group,exact,1
ral_2026_general_144_009,rd_2026_general_revenue_19_06_09_05_47_2335100000,2026_general_expenditure_02_03_06_01_20,2026_general_expenditure_02_03_06,general,玉川地域地区会館維持運営,玉川地域地区会館維持運営,335,144,281,matched,page_and_exact_name,not_available,,r8tousyoyosanallpage.pdf,"47 用賀地区会館(玉川総合支所) 50
充当事業:玉川地域地区会館維持運営・P335",target_page_account_and_exact_name_unique;page_offset=2,bpi_ed4859c69461cbbfe21122c15542b78acedace9bd67448f9e9469dd7c53d3a6e,exact_group,exact,1
ral_2026_general_144_010,rd_2026_general_revenue_19_06_09_05_49_2335100000,2026_general_expenditure_02_03_06_01_20,2026_general_expenditure_02_03_06,general,玉川地域地区会館維持運営,玉川地域地区会館維持運営,335,144,281,matched,page_and_exact_name,not_available,,r8tousyoyosanallpage.pdf,"49 桜新町区民集会所(玉川総合支所) 200
充当事業:玉川地域地区会館維持運営・P335",target_page_account_and_exact_name_unique;page_offset=2,bpi_ed4859c69461cbbfe21122c15542b78acedace9bd67448f9e9469dd7c53d3a6e,exact_group,exact,1
ral_2026_general_144_011,rd_2026_general_revenue_19_06_09_05_51_3405400000,2026_general_expenditure_02_03_12_01_07,2026_general_expenditure_02_03_12,general,文学館維持管理,文学館維持管理,341,144,281,matched,page_and_exact_name,not_available,,r8tousyoyosanallpage.pdf,"51 文学館(生活文化政策部) 1,476
充当事業:文学館維持管理・P341",target_page_account_and_exact_name_unique;page_offset=0,bpi_1ed4a7165bbecabc261603bc8cb41654d9d8119ace3f759c79af6a8ffff54992,exact_group,exact,1
ral_2026_general_144_012,rd_2026_general_revenue_19_06_09_05_52_2535100000,2026_general_expenditure_02_03_02_01_16,2026_general_expenditure_02_03_02,general,烏山総合支所維持管理,烏山総合支所維持管理,331,144,281,matched,page_and_exact_name,not_available,,r8tousyoyosanallpage.pdf,"52 烏山総合支所(烏山総合支所) 47
充当事業:烏山総合支所維持管理・P331",target_page_account_and_exact_name_unique;page_offset=0,bpi_03acf7882be09550fa989b1e65f35ed250077e82331a1371bcd8adfde8c75612,exact_group,exact,1
ral_2026_general_144_013,rd_2026_general_revenue_19_06_09_05_53_2435100000,2026_general_expenditure_02_03_02_01_15,2026_general_expenditure_02_03_02,general,砧総合支所維持管理,砧総合支所維持管理,331,144,281,matched,page_and_exact_name,not_available,,r8tousyoyosanallpage.pdf,"53 砧総合支所(砧総合支所) 491
充当事業:砧総合支所維持管理・P331",target_page_account_and_exact_name_unique;page_offset=0,bpi_e3c6630cd0366dee667af96052f1fd3dac4e9f5a54972e89f579ece6d7ec6979,exact_group,exact,1
ral_2026_general_144_014,rd_2026_general_revenue_19_06_09_05_55_3835300000,2026_general_expenditure_07_04_01_01_01,2026_general_expenditure_07_04_01,general,多摩川玉堤広場維持管理,多摩川玉堤広場維持管理,431,144,281,matched,page_and_exact_name,not_available,,r8tousyoyosanallpage.pdf,"55 多摩川緑地広場管理公社(みどり33推進担当部) 257
充当事業:多摩川玉堤広場維持管理・P431",target_page_account_and_exact_name_unique;page_offset=0,bpi_4a36b092eb3a237461040e6c0341150fc7fdb95e370ba266f205914960a55fcb,exact_group,exact,1
ral_2026_general_144_015,rd_2026_general_revenue_19_06_09_05_56_3665500000,2026_general_expenditure_03_02_01_01_33,2026_general_expenditure_03_02_01,general,子育てステーション事業,子育てステーション事業,375,144,281,matched,page_and_exact_name,not_available,,r8tousyoyosanallpage.pdf,"56 子育てステーション(子ども・若者部) 2,709
充当事業:子育てステーション事業・P375",target_page_account_and_exact_name_unique;page_offset=0,bpi_5cad8d56f77ca5cbc11b574d0c840a191a1ad7de1764742ff81be502f4b47192,exact_group,exact,1
ral_2026_general_144_016,rd_2026_general_revenue_19_06_09_05_58_2135100000,2026_general_expenditure_02_03_06_01_07,2026_general_expenditure_02_03_06,general,宮坂区民センター維持運営,宮坂区民センター維持運営,333,144,281,matched,page_and_exact_name,not_available,,r8tousyoyosanallpage.pdf,"58 宮坂区民センター(世田谷総合支所) 2,204
充当事業:宮坂区民センター維持運営・P333",target_page_account_and_exact_name_unique;page_offset=0,bpi_5a760a3b16e34f902ea73ab81eecbd68a7f2fb2160d01bdeaba3dfd584b1b691,exact_group,exact,1
ral_2026_general_144_017,rd_2026_general_revenue_19_06_09_05_60_2535100000,2026_general_expenditure_02_03_06_01_31,2026_general_expenditure_02_03_06,general,粕谷区民センター維持運営,粕谷区民センター維持運営,335,144,281,matched,page_and_exact_name,not_available,,r8tousyoyosanallpage.pdf,"60 粕谷区民センター(烏山総合支所) 639
充当事業:粕谷区民センター維持運営・P335",target_page_account_and_exact_name_unique;page_offset=2,bpi_148a9e7f043c741a1c911089b62b1d9229a5038374687ea48d307e8aa0db9cec,exact_group,exact,1
ral_2026_general_144_018,rd_2026_general_revenue_19_06_09_05_61_2235100000,2026_general_expenditure_02_03_02_02_02,2026_general_expenditure_02_03_02,general,北沢地域出張所維持運営,北沢地域出張所維持運営,333,144,281,matched,page_and_exact_name,not_available,,r8tousyoyosanallpage.pdf,"61 北沢地域出張所(北沢総合支所) 700
充当事業:北沢地域出張所維持運営・P333",target_page_account_and_exact_name_unique;page_offset=2,bpi_d86e47dcf75b685675bbbbb468ddc48ff62603dc0d9d6e5fddaf26f032d49146,exact_group,exact,1
ral_2026_general_144_019,rd_2026_general_revenue_19_06_09_05_62_2435100000,2026_general_expenditure_02_03_06_01_24,2026_general_expenditure_02_03_06,general,鎌田区民センター維持運営,鎌田区民センター維持運営,335,144,281,matched,page_and_exact_name,not_available,,r8tousyoyosanallpage.pdf,"62 鎌田区民センター(砧総合支所) 480
充当事業:鎌田区民センター維持運営・P335",target_page_account_and_exact_name_unique;page_offset=2,bpi_21d8a0e434b707b362e97d914617024882c832767e8f058d29d780beafaeaccf,exact_group,exact,1
ral_2026_general_145_001,rd_2026_general_revenue_19_06_09_05_65_3895300000,2026_general_expenditure_07_01_01_01_42,2026_general_expenditure_07_01_01,general,土木施設維持管理(世田谷・北沢・烏山),土木施設維持管理（世田谷・北沢・烏山）,419,145,283,matched,page_and_normalized_name,not_available,,r8tousyoyosanallpage.pdf,"65 三軒茶屋パティオ(土木部) 4
充当事業:土木施設維持管理(世田谷・北沢・烏山)・P419",target_page_account_and_nfkc_name_unique;page_offset=0,bpi_6cc1bef56a8349776ed6539fbfbc9e297e8efe0b13791d3ea11423c46256c8e6,exact_group,exact,1
ral_2026_general_145_002,rd_2026_general_revenue_19_06_09_05_67_3655200000,2026_general_expenditure_03_01_16_02_06,2026_general_expenditure_03_01_16,general,障害施設維持管理,障害施設維持管理,371,145,283,matched,page_and_exact_name,not_available,,r8tousyoyosanallpage.pdf,"67 白梅福祉作業所(障害福祉部) 1,552
充当事業:障害施設維持管理・P371",target_page_account_and_exact_name_unique;page_offset=2,bpi_d0efae81788048e9ec2fb0e0bf881a8c3713978727d2028bde187d13de2d19d8,exact_group,exact,1
ral_2026_general_145_003,rd_2026_general_revenue_19_06_09_05_71_3645100000,2026_general_expenditure_03_01_02_05_03,2026_general_expenditure_03_01_02,general,高齢者在宅サービスセンター維持管理,高齢者在宅サービスセンター維持管理,363,145,283,matched,page_and_exact_name,not_available,,r8tousyoyosanallpage.pdf,"71 法人負担分(高齢者在宅サービスセンター)(高齢福祉部) 24,834
充当事業:高齢者在宅サービスセンター維持管理・P363",target_page_account_and_exact_name_unique;page_offset=0,bpi_3185b834105801ef1e808729a34c7f7a3a358ab284d54e82a3514c1cc3339206,exact_group,exact,1
ral_2026_general_145_004,rd_2026_general_revenue_19_06_09_05_72_3555500000,2026_general_expenditure_04_03_01_01_18,2026_general_expenditure_04_03_01,general,玉川清掃事務所維持管理,玉川清掃事務所維持管理,393,145,283,matched,page_and_exact_name,not_available,,r8tousyoyosanallpage.pdf,"72 玉川清掃事務所(環境政策部) 85
充当事業:玉川清掃事務所維持管理・P393",target_page_account_and_exact_name_unique;page_offset=0,bpi_24c2c5d422d00d7764e0f5dd6bbd703c76793cb24c442fee2172e630eb7d1289,exact_group,exact,1
ral_2026_general_145_005,rd_2026_general_revenue_19_06_09_05_73_4960160000,2026_general_expenditure_08_03_01_01_02,2026_general_expenditure_08_03_01,general,中学校維持管理,中学校維持管理,453,145,283,matched,page_and_exact_name,not_available,,r8tousyoyosanallpage.pdf,"73 中学校(教育委員会事務局) 3,952
充当事業:中学校維持管理・P453",target_page_account_and_exact_name_unique;page_offset=0,bpi_e960ca518f125183ebd9ccbd9dfbd9fae08ae55924b25b0e7f19494fb7d6f20b,exact_group,exact,1
ral_2026_general_145_006,rd_2026_general_revenue_19_06_09_05_74_2535100000,2026_general_expenditure_02_03_06_01_32,2026_general_expenditure_02_03_06,general,烏山地域地区会館維持運営,烏山地域地区会館維持運営,335,145,283,matched,page_and_exact_name,not_available,,r8tousyoyosanallpage.pdf,"74 烏山地区地区会館(烏山総合支所) 628
充当事業:烏山地域地区会館維持運営・P335",target_page_account_and_exact_name_unique;page_offset=2,bpi_5743b7f24432b061f0817fb55244e87e9dac04480e956613f83263cc86168dbc,exact_group,exact,1
ral_2026_general_145_007,rd_2026_general_revenue_19_06_09_05_81_3555300000,2026_general_expenditure_04_03_01_01_13,2026_general_expenditure_04_03_01,general,ごみ減量・リサイクル普及・啓発施設運営,ごみ減量・リサイクル普及・啓発施設運営,393,145,283,matched,page_and_exact_name,not_available,,r8tousyoyosanallpage.pdf,"81 エコプラザ用賀(環境政策部) 1,600
充当事業:ごみ減量・リサイクル普及・啓発施設運営・P393",target_page_account_and_exact_name_unique;page_offset=0,bpi_bc1b031edb252543706db6adbe30630f20aaec924b824ceca1849687fdcaef13,exact_group,exact,1
ral_2026_general_145_008,rd_2026_general_revenue_19_06_09_05_86_3645100000,2026_general_expenditure_03_01_02_05_20,2026_general_expenditure_03_01_02,general,一時生活援助施設運営,一時生活援助施設運営,365,145,283,matched,page_and_exact_name,not_available,,r8tousyoyosanallpage.pdf,"86 一時生活援助施設(高齢福祉部) 131
充当事業:一時生活援助施設運営・P365",target_page_account_and_exact_name_unique;page_offset=2,bpi_aad5c45f028086408560f664a1481c914f097ebf34beb1a0a28efc2c706f91c9,exact_group,exact,1
ral_2026_general_145_009,rd_2026_general_revenue_19_06_09_05_87_2335100000,2026_general_expenditure_02_03_06_01_20,2026_general_expenditure_02_03_06,general,玉川地域地区会館維持運営,玉川地域地区会館維持運営,335,145,283,matched,page_and_exact_name,not_available,,r8tousyoyosanallpage.pdf,"87 東深沢地域集会所(玉川総合支所) 10
充当事業:玉川地域地区会館維持運営・P335",target_page_account_and_exact_name_unique;page_offset=2,bpi_ed4859c69461cbbfe21122c15542b78acedace9bd67448f9e9469dd7c53d3a6e,exact_group,exact,1
ral_2026_general_145_010,rd_2026_general_revenue_19_06_09_05_90_3655200000,2026_general_expenditure_03_01_16_03_05,2026_general_expenditure_03_01_16,general,障害者短期入所等事業,障害者短期入所等事業,371,145,283,matched,page_and_exact_name,not_available,,r8tousyoyosanallpage.pdf,"90 なかまっち日中ショート事業(障害福祉部) 45
充当事業:障害者短期入所等事業・P371",target_page_account_and_exact_name_unique;page_offset=2,bpi_6d4dcae0b0c2dd6f29b9aa89a75555f03c4c9a6a030f36453a05dc2227966192,exact_group,exact,1
ral_2026_general_145_011,rd_2026_general_revenue_19_06_09_05_91_3445550000,2026_general_expenditure_02_03_14_01_04,2026_general_expenditure_02_03_14,general,地域体育施設の維持運営,地域体育施設の維持運営,341,145,283,matched,page_and_exact_name,not_available,,r8tousyoyosanallpage.pdf,"91 地域体育施設(スポーツ推進部) 60
充当事業:地域体育施設の維持運営・P341",target_page_account_and_exact_name_unique;page_offset=0,bpi_0c8019d933f968d6d1c27c2b01fb2f1dc4998e18357792591f8fabf1eb7a309c,exact_group,exact,1
ral_2026_general_145_012,rd_2026_general_revenue_19_06_09_05_92_3445550000,2026_general_expenditure_02_03_14_01_05,2026_general_expenditure_02_03_14,general,総合運動場維持運営,総合運動場維持運営,341,145,283,matched,page_and_exact_name,not_available,,r8tousyoyosanallpage.pdf,"92 総合運動場(スポーツ推進部) 4,363
充当事業:総合運動場維持運営・P341",target_page_account_and_exact_name_unique;page_offset=0,bpi_03c663aa4f8dc3e80014cc0428b9de15d44f2b5710a88d4d6c98f4cf2d6ca601,exact_group,exact,1
ral_2026_general_145_013,rd_2026_general_revenue_19_06_09_05_93_3445550000,2026_general_expenditure_02_03_14_01_07,2026_general_expenditure_02_03_14,general,千歳温水プール維持運営,千歳温水プール維持運営,341,145,283,matched,page_and_exact_name,not_available,,r8tousyoyosanallpage.pdf,"93 千歳温水プール(スポーツ推進部) 1,980
充当事業:千歳温水プール維持運営・P341",target_page_account_and_exact_name_unique;page_offset=0,bpi_62a26ba248202e364005fd2d64262bae4c0588694934abbc1117ce10d4da1b44,exact_group,exact,1
ral_2026_general_145_014,rd_2026_general_revenue_19_06_09_05_96_2335100000,2026_general_expenditure_02_03_06_01_16,2026_general_expenditure_02_03_06,general,玉川区民会館維持運営,玉川区民会館維持運営,335,145,283,matched,page_and_exact_name,not_available,,r8tousyoyosanallpage.pdf,"96 玉川区民会館別館(玉川総合支所) 25
充当事業:玉川区民会館維持運営・P335",target_page_account_and_exact_name_unique;page_offset=2,bpi_2e5b975272f77af5aa9e5d4e5d1916efe4b01eb386e38ad7c5ff23141692ac5e,exact_group,exact,1
ral_2026_general_145_015,rd_2026_general_revenue_19_06_09_05_99_3445550000,2026_general_expenditure_02_03_14_01_09,2026_general_expenditure_02_03_14,general,大蔵第二運動公園運動施設維持運営,大蔵第二運動公園運動施設維持運営,341,145,283,matched,page_and_exact_name,not_available,,r8tousyoyosanallpage.pdf,"99 大蔵第二運動公園運動施設(スポーツ推進部) 3,100
充当事業:大蔵第二運動公園運動施設維持運営・P341",target_page_account_and_exact_name_unique;page_offset=0,bpi_aec834437755df303e099c4ebe7b7707f8816ccd8bce10a3fcbc11c3cf8518ae,exact_group,exact,1
ral_2026_general_145_016,rd_2026_general_revenue_19_06_09_06_01_3205600000,2026_general_expenditure_02_01_01_04_04,2026_general_expenditure_02_01_01,general,職員住宅維持管理,職員住宅維持管理,319,145,283,matched,page_and_exact_name,not_available,,r8tousyoyosanallpage.pdf,"1 職員住宅利用料(総務部) 33,591
充当事業:職員住宅維持管理・P319",target_page_account_and_exact_name_unique;page_offset=2,bpi_0a37f0f974d2ad38a13f6fc23fd99231ceb6cbbf2f284b7bf577d1ecb387358f,exact_group,exact,1
ral_2026_general_145_017,rd_2026_general_revenue_19_06_09_06_04_3815450000,2026_general_expenditure_07_05_02_01_02,2026_general_expenditure_07_05_02,general,公的住宅維持運営,公的住宅維持運営,437,145,283,matched,page_and_exact_name,not_available,,r8tousyoyosanallpage.pdf,"4 高齢者集合住宅協力員利用料(都市整備政策部) 385
充当事業:公的住宅維持運営・P437",target_page_account_and_exact_name_unique;page_offset=0,bpi_5d66f5466a45f6791ec2938deb5f1c73b83cd35406ec9403aec973949ca88f7b,exact_group,exact,1
ral_2026_general_145_018,rd_2026_general_revenue_19_06_09_07_01_3815450000,2026_general_expenditure_07_05_02_01_02,2026_general_expenditure_07_05_02,general,公的住宅維持運営,公的住宅維持運営,437,145,283,matched,page_and_exact_name,not_available,,r8tousyoyosanallpage.pdf,"1 公営住宅共益費(都市整備政策部) 30,896
充当事業:公的住宅維持運営・P437",target_page_account_and_exact_name_unique;page_offset=0,bpi_5d66f5466a45f6791ec2938deb5f1c73b83cd35406ec9403aec973949ca88f7b,exact_group,exact,1
ral_2026_general_145_019,rd_2026_general_revenue_19_06_09_07_05_3815450000,2026_general_expenditure_07_05_02_01_02,2026_general_expenditure_07_05_02,general,公的住宅維持運営,公的住宅維持運営,437,145,283,matched,page_and_exact_name,not_available,,r8tousyoyosanallpage.pdf,"5 特定公共賃貸住宅共益費(都市整備政策部) 156
充当事業:公的住宅維持運営・P437",target_page_account_and_exact_name_unique;page_offset=0,bpi_5d66f5466a45f6791ec2938deb5f1c73b83cd35406ec9403aec973949ca88f7b,exact_group,exact,1
ral_2026_general_145_020,rd_2026_general_revenue_19_06_09_07_07_3815450000,2026_general_expenditure_07_05_02_01_02,2026_general_expenditure_07_05_02,general,公的住宅維持運営,公的住宅維持運営,437,145,283,matched,page_and_exact_name,not_available,,r8tousyoyosanallpage.pdf,"7 区立地域優良賃貸住宅(都市整備政策部) 3,498
充当事業:公的住宅維持運営・P437",target_page_account_and_exact_name_unique;page_offset=0,bpi_5d66f5466a45f6791ec2938deb5f1c73b83cd35406ec9403aec973949ca88f7b,exact_group,exact,1
ral_2026_general_146_001,rd_2026_general_revenue_19_06_09_08_06_4975200000,2026_general_expenditure_08_01_03_01_45,2026_general_expenditure_08_01_03,general,小中学生の国際交流,小中学生の国際交流,447,146,285,matched,page_and_exact_name,not_available,,r8tousyoyosanallpage.pdf,"6 小中学生の国内留学プログラム参加料(教育委員会事務局) 2,173
充当事業:小中学生の国際交流・P447",target_page_account_and_exact_name_unique;page_offset=2,bpi_775532e7d629270c5c0be18551d09e29d8b395fae463e489c7b67ec238d858ea,exact_group,exact,1
ral_2026_general_146_002,rd_2026_general_revenue_19_06_09_08_09_3815100000,2026_general_expenditure_07_06_01_01_51,2026_general_expenditure_07_06_01,general,都市整備政策部庶務事務,都市整備政策部庶務事務,441,146,285,matched,page_and_exact_name,not_available,,r8tousyoyosanallpage.pdf,"9 二子玉川分庁舎コピーサービス料(都市整備政策部) 105
充当事業:都市整備政策部庶務事務・P441",target_page_account_and_exact_name_unique;page_offset=2,bpi_5258bdac0d9535af48141fcb9a467d0ffb837d39f203927d86e1f0150e8fffdf,exact_group,exact,1
ral_2026_general_146_003,rd_2026_general_revenue_19_06_09_08_10_3665580000,2026_general_expenditure_03_02_05_01_01,2026_general_expenditure_03_02_05,general,区立保育園運営,区立保育園運営,381,146,285,matched,page_and_exact_name,not_available,,r8tousyoyosanallpage.pdf,"10 区立保育園内ほっとステイ利用料(子ども・若者部) 2,880
充当事業:区立保育園運営・P381",target_page_account_and_exact_name_unique;page_offset=0,bpi_cd88696d105d5fd4493ad43119716ef01897dc1ccd62a75e668a2c9179db33a0,exact_group,exact,1
ral_2026_general_146_004,rd_2026_general_revenue_19_06_09_08_16_3645100000,2026_general_expenditure_03_01_02_04_07,2026_general_expenditure_03_01_02,general,福祉緊急対応,福祉緊急対応,363,146,285,matched,page_and_exact_name,not_available,,r8tousyoyosanallpage.pdf,"16 福祉緊急対応(高齢福祉部) 6,262
充当事業:福祉緊急対応・P363",target_page_account_and_exact_name_unique;page_offset=0,bpi_e96d42a3b8e6a108aa1ce2e8575714e5653a051499caaff6da27f2cc4db0bbe6,exact_group,exact,1
ral_2026_general_146_005,rd_2026_general_revenue_19_06_09_08_17_3595200000,2026_general_expenditure_03_01_01_03_21,2026_general_expenditure_03_01_01,general,成年後見制度,成年後見制度,357,146,285,matched,page_and_exact_name,not_available,,r8tousyoyosanallpage.pdf,"17 成年後見制度(保健福祉政策部) 940
充当事業:成年後見制度・P357",target_page_account_and_exact_name_unique;page_offset=0,bpi_0ebada9cbe60a0d39534020f0cd38f66c40bdd997c8903a63b528d0776831969,exact_group,exact,1
ral_2026_general_146_006,rd_2026_general_revenue_19_06_09_08_22_3205400000,2026_general_expenditure_02_01_01_01_21,2026_general_expenditure_02_01_01,general,区政情報センター運営,区政情報センター運営,317,146,285,matched,page_and_exact_name,not_available,,r8tousyoyosanallpage.pdf,"22 区政情報センター運営(総務部) 294
充当事業:区政情報センター運営・P317",target_page_account_and_exact_name_unique;page_offset=0,bpi_7ebf000323269f12256039f617ca431644c026d4482c54a3d16431ce231829a8,exact_group,exact,1
ral_2026_general_146_007,rd_2026_general_revenue_19_06_09_08_28_3835300000,2026_general_expenditure_07_04_01_01_17,2026_general_expenditure_07_04_01,general,農業公園維持運営,農業公園維持運営,431,146,285,matched,page_and_exact_name,not_available,,r8tousyoyosanallpage.pdf,"28 農業体験等参加料(みどり33推進担当部) 557
充当事業:農業公園維持運営・P431",target_page_account_and_exact_name_unique;page_offset=0,bpi_09f7661ddc631e2a700570fbe09e434626cd9b09c1ac0f1ad6c47f78e7bb0107,exact_group,exact,1
ral_2026_general_146_008,rd_2026_general_revenue_19_06_09_08_32_4965100000,2026_general_expenditure_08_06_06_01_01,2026_general_expenditure_08_06_06,general,郷土資料館行事,郷土資料館行事,461,146,285,matched,page_and_exact_name,not_available,,r8tousyoyosanallpage.pdf,"32 郷土資料館(教育委員会事務局) 176
充当事業:郷土資料館行事・P461",target_page_account_and_exact_name_unique;page_offset=0,bpi_a48461b743b58c2b40ae839c12ae5a98653e36158aa98feffd11ae3d7af49e54,exact_group,exact,1
ral_2026_general_146_009,rd_2026_general_revenue_19_06_09_08_33_4965100000,2026_general_expenditure_08_06_02_01_11,2026_general_expenditure_08_06_02,general,成人教育,成人教育,459,146,285,matched,page_and_exact_name,not_available,,r8tousyoyosanallpage.pdf,"33 成人教育(教育委員会事務局) 1,817
充当事業:成人教育・P459",target_page_account_and_exact_name_unique;page_offset=0,bpi_f69abf9efe178c2218948309ff50e3f3414c1cb61c510dd514137cb20ef910f1,exact_group,exact,1
ral_2026_general_146_010,rd_2026_general_revenue_19_06_09_08_50_3405450000,2026_general_expenditure_02_03_01_05_01,2026_general_expenditure_02_03_01,general,男女共同参画センター維持運営,男女共同参画センター維持運営,329,146,285,matched,page_and_exact_name,not_available,,r8tousyoyosanallpage.pdf,"50 男女共同参画センターコピーサービス料等(生活文化政策部) 61
充当事業:男女共同参画センター維持運営・P329",target_page_account_and_exact_name_unique;page_offset=2,bpi_278dffbda09304351acfab039b899b7c50f427b95392196fde4ea6708daa2c0c,exact_group,exact,1
ral_2026_general_146_011,rd_2026_general_revenue_19_06_09_08_67_3525400000,2026_general_expenditure_06_02_02_01_13,2026_general_expenditure_06_02_02,general,農業振興等拠点運営,農業振興等拠点運営,415,146,285,matched,page_and_exact_name,not_available,,r8tousyoyosanallpage.pdf,"67 次大夫堀公園自然体験農園事業(経済産業部) 600
充当事業:農業振興等拠点運営・P415",target_page_account_and_exact_name_unique;page_offset=0,bpi_7eb8e47a08bb247ced2ea551266b7741300d654e78a09e3833f95e07b0d2337a,exact_group,exact,1
ral_2026_general_146_012,rd_2026_general_revenue_19_06_09_08_70_3655100000,2026_general_expenditure_03_01_03_04_15,2026_general_expenditure_03_01_03,general,障害者虐待防止推進事業,障害者虐待防止推進事業,369,146,285,matched,page_and_exact_name,not_available,,r8tousyoyosanallpage.pdf,"70 福祉緊急対応(障害)(障害福祉部) 1,003
充当事業:障害者虐待防止推進事業・P369",target_page_account_and_exact_name_unique;page_offset=2,bpi_d7550c3bad812006d6c23f6647a16c9058f2f4b21faf30ae2e357a6e4494ca27,exact_group,exact,1
ral_2026_general_146_013,rd_2026_general_revenue_19_06_09_08_72_3655200000,2026_general_expenditure_03_01_16_02_01,2026_general_expenditure_03_01_16,general,障害者休養ホームひまわり荘運営管理,障害者休養ホームひまわり荘運営管理,371,146,285,matched,page_and_exact_name,not_available,,r8tousyoyosanallpage.pdf,"72 ひまわり荘(運動プログラム)(障害福祉部) 127
充当事業:障害者休養ホームひまわり荘運営管理・P371",target_page_account_and_exact_name_unique;page_offset=2,bpi_4fe0a4eb3c9e0eb1bdd7d3ceb568f6d49bb8de5c8d0934feeeae24aa56e3c964,exact_group,exact,1
ral_2026_general_146_014,rd_2026_general_revenue_19_06_09_08_73_3405350000,2026_general_expenditure_02_03_15_01_03,2026_general_expenditure_02_03_15,general,いきがい講座,いきがい講座,343,146,285,matched,page_and_exact_name,not_available,,r8tousyoyosanallpage.pdf,"73 シルバー工芸教室(生活文化政策部) 675
充当事業:いきがい講座・P343",target_page_account_and_exact_name_unique;page_offset=0,bpi_991602891359a7cdddaf90d97b9a6a7819764c9706355361dcd9198357130eea,exact_group,exact,1
ral_2026_general_146_015,rd_2026_general_revenue_19_06_09_08_74_3405350000,2026_general_expenditure_02_03_15_01_03,2026_general_expenditure_02_03_15,general,いきがい講座,いきがい講座,343,146,285,matched,page_and_exact_name,not_available,,r8tousyoyosanallpage.pdf,"74 陶芸教室(生活文化政策部) 2,961
充当事業:いきがい講座・P343",target_page_account_and_exact_name_unique;page_offset=0,bpi_991602891359a7cdddaf90d97b9a6a7819764c9706355361dcd9198357130eea,exact_group,exact,1
ral_2026_general_146_016,rd_2026_general_revenue_19_06_09_08_75_3405350000,2026_general_expenditure_02_03_15_01_05,2026_general_expenditure_02_03_15,general,生涯大学運営,生涯大学運営,343,146,285,matched,page_and_exact_name,not_available,,r8tousyoyosanallpage.pdf,"75 生涯大学(生活文化政策部) 3,590
充当事業:生涯大学運営・P343",target_page_account_and_exact_name_unique;page_offset=0,bpi_27981f0011f8677f219bf616b90856ff1688a925b6f54fb4e07104b7f8e294c5,exact_group,exact,1
ral_2026_general_146_017,rd_2026_general_revenue_19_06_09_08_77_3405350000,2026_general_expenditure_02_03_15_02_04,2026_general_expenditure_02_03_15,general,土と農の交流園運営,土と農の交流園運営,343,146,285,matched,page_and_exact_name,not_available,,r8tousyoyosanallpage.pdf,"77 土と農の交流園(生活文化政策部) 2,880
充当事業:土と農の交流園運営・P343",target_page_account_and_exact_name_unique;page_offset=0,bpi_6c3bfeb54297a07eaff3cc6a241ca53873628ffc43670f3acaaed562cdc8b5d4,exact_group,exact,1
ral_2026_general_146_018,rd_2026_general_revenue_19_06_09_08_78_3405350000,2026_general_expenditure_02_03_15_01_06,2026_general_expenditure_02_03_15,general,市民大学運営,市民大学運営,343,146,285,matched,page_and_exact_name,not_available,,r8tousyoyosanallpage.pdf,"78 市民大学(生活文化政策部) 9,590
充当事業:市民大学運営・P343",target_page_account_and_exact_name_unique;page_offset=0,bpi_b18e45fe489e43699d42820189f37db23e07146788c07b407bced845fdc38901,exact_group,exact,1
ral_2026_general_146_019,rd_2026_general_revenue_19_06_09_08_80_3405350000,2026_general_expenditure_02_03_15_02_07,2026_general_expenditure_02_03_15,general,ひだまり友遊会館運営,ひだまり友遊会館運営,343,146,285,matched,page_and_exact_name,not_available,,r8tousyoyosanallpage.pdf,"80 ひだまり友遊会館コピーサービス料(生活文化政策部) 64
充当事業:ひだまり友遊会館運営・P343",target_page_account_and_exact_name_unique;page_offset=0,bpi_86d3dbc1e6ac6a84afb01c29b12a6dc533492961be5e93748f68b4be37706a6e,exact_group,exact,1
ral_2026_general_147_001,rd_2026_general_revenue_19_06_09_08_83_3205400000,2026_general_expenditure_02_01_01_01_26,2026_general_expenditure_02_01_01,general,情報公開・個人情報保護制度運営等,情報公開・個人情報保護制度運営等,317,147,287,matched,page_and_exact_name,not_available,,r8tousyoyosanallpage.pdf,"83 情報公開等(総務部) 191
充当事業:情報公開・個人情報保護制度運営等・P317",target_page_account_and_exact_name_unique;page_offset=0,bpi_c1dbe9492909bc4cd3361221e04da7d95d8daf6a5c7d9f3d9322709457bd5b13,exact_group,exact,1
ral_2026_general_147_002,rd_2026_general_revenue_19_06_09_08_84_3815250000,2026_general_expenditure_07_05_01_01_02,2026_general_expenditure_07_05_01,general,建築行政事務,建築行政事務,435,147,287,matched,page_and_exact_name,not_available,,r8tousyoyosanallpage.pdf,"84 建築計画概要書等閲覧(都市整備政策部) 3,752
充当事業:建築行政事務・P435",target_page_account_and_exact_name_unique;page_offset=0,bpi_b5f73ed2c757baa8ed2f1d5876e6d6332b8586023e49260d03f49056f5325ba2,exact_group,exact,1
ral_2026_general_147_003,rd_2026_general_revenue_19_06_09_08_85_3825150000,2026_general_expenditure_07_05_01_01_05,2026_general_expenditure_07_05_01,general,特殊建築物定期報告,特殊建築物定期報告,435,147,287,matched,page_and_exact_name,not_available,,r8tousyoyosanallpage.pdf,"85 定期調査報告概要書等閲覧(防災街づくり担当部) 80
充当事業:特殊建築物定期報告・P435",target_page_account_and_exact_name_unique;page_offset=0,bpi_1af30136bafb404ae125ea33b86968077d25d97e9b4bda20f8be3c3197375cc2,exact_group,exact,1
ral_2026_general_147_004,rd_2026_general_revenue_19_06_09_08_93_4975200000,2026_general_expenditure_08_01_03_01_45,2026_general_expenditure_08_01_03,general,小中学生の国際交流,小中学生の国際交流,447,147,287,matched,page_and_exact_name,not_available,,r8tousyoyosanallpage.pdf,"93 中学生国際交流事業(教育委員会事務局) 2,360
充当事業:小中学生の国際交流・P447",target_page_account_and_exact_name_unique;page_offset=2,bpi_775532e7d629270c5c0be18551d09e29d8b395fae463e489c7b67ec238d858ea,exact_group,exact,1
ral_2026_general_147_005,rd_2026_general_revenue_19_06_09_08_95_4965100000,2026_general_expenditure_08_06_03_01_02,2026_general_expenditure_08_06_03,general,文化財の保護・普及,文化財の保護・普及,461,147,287,matched,page_and_exact_name,not_available,,r8tousyoyosanallpage.pdf,"95 文化財普及・啓発事業(教育委員会事務局) 20
充当事業:文化財の保護・普及・P461",target_page_account_and_exact_name_unique;page_offset=0,bpi_6bc2d42b5424dc2b34a3b71738a986ca139042e7d30f946c6822cf2f01ab924c,exact_group,exact,1
ral_2026_general_147_006,rd_2026_general_revenue_19_06_09_09_06_3835300000,2026_general_expenditure_07_04_01_01_13,2026_general_expenditure_07_04_01,general,公園・身近な広場維持運営,公園・身近な広場維持運営,431,147,287,matched,page_and_exact_name,not_available,,r8tousyoyosanallpage.pdf,"6 自治体賠償(公園施設)(みどり33推進担当部) 16,687
充当事業:公園・身近な広場維持運営・P431",target_page_account_and_exact_name_unique;page_offset=0,bpi_09d3870d14aac465d638f58e958e4113a78851829efeb7ba88c02cc4ef6fd509,exact_group,exact,1
ral_2026_general_147_007,rd_2026_general_revenue_19_06_09_10_07_3895200000,2026_general_expenditure_07_02_06_01_43,2026_general_expenditure_07_02_06,general,自転車等駐車場等維持運営,自転車等駐車場等維持運営,425,147,287,matched,page_and_exact_name,not_available,,r8tousyoyosanallpage.pdf,"7 自転車等駐車場利用料金納付金(土木部) 28,463
充当事業:自転車等駐車場等維持運営・P425",target_page_account_and_exact_name_unique;page_offset=0,bpi_9dde83627ec263a77f8f2f48120a12bf94385a1820d0fc771fbe1dac4528ed4c,exact_group,exact,1
ral_2026_general_147_008,rd_2026_general_revenue_19_06_09_12_03_3665580000,2026_general_expenditure_03_02_01_01_38,2026_general_expenditure_03_02_01,general,認可保育施設等の一時預かり事業の推進,認可保育施設等の一時預かり事業の推進,377,147,287,matched,page_and_exact_name,not_available,,r8tousyoyosanallpage.pdf,"3 区立保育園緊急保育料(子ども・若者部) 1
充当事業:認可保育施設等の一時預かり事業の推進・P377",target_page_account_and_exact_name_unique;page_offset=2,bpi_cfd43136e9ab8956cee74c3a6a0a6683b01e852b3a0be5c71df3b7da0b8c6209,exact_group,exact,1
ral_2026_general_147_009,rd_2026_general_revenue_19_06_09_12_04_3665580000,2026_general_expenditure_03_02_01_01_38,2026_general_expenditure_03_02_01,general,認可保育施設等の一時預かり事業の推進,認可保育施設等の一時預かり事業の推進,377,147,287,matched,page_and_exact_name,not_available,,r8tousyoyosanallpage.pdf,"4 区立保育園一時保育料(子ども・若者部) 2
充当事業:認可保育施設等の一時預かり事業の推進・P377",target_page_account_and_exact_name_unique;page_offset=2,bpi_cfd43136e9ab8956cee74c3a6a0a6683b01e852b3a0be5c71df3b7da0b8c6209,exact_group,exact,1
ral_2026_general_147_010,rd_2026_general_revenue_19_06_09_15_05_3555300000,2026_general_expenditure_04_03_03_01_08,2026_general_expenditure_04_03_03,general,拠点回収事業,拠点回収事業,395,147,287,matched,page_and_exact_name,not_available,,r8tousyoyosanallpage.pdf,"5 拠点回収事業(環境政策部) 323
充当事業:拠点回収事業・P395",target_page_account_and_exact_name_unique;page_offset=0,bpi_1a035d8f93f955b0da2f5986c9679a92fcaca97302473898a1fe13bdc5d34517,exact_group,exact,1
ral_2026_general_147_011,rd_2026_general_revenue_19_06_09_15_20_3555300000,2026_general_expenditure_04_03_02_01_01,2026_general_expenditure_04_03_02,general,ごみ収集作業,ごみ収集作業,395,147,287,matched,page_and_exact_name,not_available,,r8tousyoyosanallpage.pdf,"20 金属以外資源化事業(環境政策部) 918
充当事業:ごみ収集作業・P395",target_page_account_and_exact_name_unique;page_offset=0,bpi_6b9d2197dba15c7b72f878f5704fa5475f891e6d8639f651197efb09c9982ca6,exact_group,exact,1
ral_2026_general_147_012,rd_2026_general_revenue_19_06_09_15_33_4985100000,2026_general_expenditure_08_01_07_02_01,2026_general_expenditure_08_01_07,general,教育総合センター維持管理,教育総合センター維持管理,447,147,287,matched,page_and_exact_name,not_available,,r8tousyoyosanallpage.pdf,"33 教育総合センター維持管理(教育委員会事務局) 17
充当事業:教育総合センター維持管理・P447",target_page_account_and_exact_name_unique;page_offset=0,bpi_507022c3562239d0dddda33595fe42e768f7ca1dac2f22d2d9b8409a6e0e2f14,exact_group,exact,1
ral_2026_general_147_013,rd_2026_general_revenue_19_06_09_15_34_4965200000,2026_general_expenditure_08_06_04_01_13,2026_general_expenditure_08_06_04,general,教育会館維持管理,教育会館維持管理,461,147,287,matched,page_and_exact_name,not_available,,r8tousyoyosanallpage.pdf,"34 教育会館維持管理(教育委員会事務局) 97
充当事業:教育会館維持管理・P461",target_page_account_and_exact_name_unique;page_offset=0,bpi_fa5d249831f54eacc33495fd8681553a1601c5e5a81c0d29b7700e5872a3e0f7,exact_group,exact,1
ral_2026_general_147_014,rd_2026_general_revenue_19_06_09_15_35_4985100000,2026_general_expenditure_08_01_07_02_04,2026_general_expenditure_08_01_07,general,教育相談・ネットワーク連携,教育相談・ネットワーク連携,447,147,287,matched,page_and_exact_name,not_available,,r8tousyoyosanallpage.pdf,"35 リサイクル資源売払金(教育委員会事務局) 2
充当事業:教育相談・ネットワーク連携・P447",target_page_account_and_exact_name_unique;page_offset=0,bpi_203a76b084f136f09969c88b9e2a45b888ef145fa4d79fc0397eeffb0528787b,exact_group,exact,1
ral_2026_general_147_015,rd_2026_general_revenue_19_06_09_15_38_4960150000,2026_general_expenditure_08_08_01_01_01,2026_general_expenditure_08_08_01,general,小学校給食維持運営,小学校給食維持運営,463,147,287,matched,page_and_exact_name,not_available,,r8tousyoyosanallpage.pdf,"38 廃食用油回収事業(給食)(教育委員会事務局) 540
充当事業:小学校給食維持運営・P463",target_page_account_and_exact_name_unique;page_offset=0,bpi_910a35cc9e5e73b00e129e16cf76f5c607cd9536b554e7462642aefcd5ac5487,exact_group,exact,1
ral_2026_general_147_016,rd_2026_general_revenue_19_06_09_16_03_4965100000,2026_general_expenditure_08_06_06_01_03,2026_general_expenditure_08_06_06,general,郷土資料館維持運営,郷土資料館維持運営,461,147,287,matched,page_and_exact_name,not_available,,r8tousyoyosanallpage.pdf,"3 郷土資料館(教育委員会事務局) 700
充当事業:郷土資料館維持運営・P461",target_page_account_and_exact_name_unique;page_offset=0,bpi_34f65e48764e6de31ef04330d4b55400dc62ba070648459485e5303f06e118fe,exact_group,exact,1
ral_2026_general_147_017,rd_2026_general_revenue_19_06_09_18_01_2235100000,2026_general_expenditure_02_03_02_01_13,2026_general_expenditure_02_03_02,general,北沢総合支所維持管理,北沢総合支所維持管理,331,147,287,matched,page_and_exact_name,not_available,,r8tousyoyosanallpage.pdf,"1 北沢総合支所維持管理(北沢総合支所) 37,000
充当事業:北沢総合支所維持管理・P331",target_page_account_and_exact_name_unique;page_offset=0,bpi_d42db30ccf3e6ab15db7a06543dbca0ec4d46b65173034608f08fdee31e3fd8e,exact_group,exact,1
ral_2026_general_147_018,rd_2026_general_revenue_19_06_09_18_03_3595150000,2026_general_expenditure_03_01_01_06_08,2026_general_expenditure_03_01_01,general,保健医療福祉総合プラザ維持運営,保健医療福祉総合プラザ維持運営,361,147,287,matched,page_and_exact_name,not_available,,r8tousyoyosanallpage.pdf,"3 保健医療福祉総合プラザ維持管理(保健福祉政策部) 7,947
充当事業:保健医療福祉総合プラザ維持運営・P361",target_page_account_and_exact_name_unique;page_offset=4,bpi_3a4ca2dacc42f04bcd7c691830ae05096658ae0931f919679b77f332d7512116,exact_group,exact,1
ral_2026_general_148_001,rd_2026_general_revenue_19_06_09_31_02_3895140000,2026_general_expenditure_07_01_01_01_28,2026_general_expenditure_07_01_01,general,違反広告物除却協力員制度,違反広告物除却協力員制度,419,148,289,matched,page_and_exact_name,not_available,,r8tousyoyosanallpage.pdf,"2 屋外広告物除却費(土木部) 1
充当事業:違反広告物除却協力員制度・P419",target_page_account_and_exact_name_unique;page_offset=0,bpi_7dd8ef94d295861942b7357f15118ee7ebbcf110e0622abd7667b4d28d0d3944,exact_group,exact,1
ral_2026_general_148_002,rd_2026_general_revenue_19_06_09_34_01_3235200000,2026_general_expenditure_02_01_01_02_04,2026_general_expenditure_02_01_01,general,分庁舎維持管理,分庁舎維持管理,317,148,289,matched,page_and_exact_name,not_available,,r8tousyoyosanallpage.pdf,"1 三軒茶屋分庁舎(庁舎整備担当部) 10,605
充当事業:分庁舎維持管理・P317",target_page_account_and_exact_name_unique;page_offset=0,bpi_edea666e29fce2c27b5d8a034813a1a80ac0d58a6f9cd6a20478ca9497387c20,exact_group,exact,1
ral_2026_general_148_003,rd_2026_general_revenue_19_06_09_36_04_3465120000,2026_general_expenditure_04_02_01_01_11,2026_general_expenditure_04_02_01,general,再生可能エネルギーの利用拡大と促進,再生可能エネルギーの利用拡大と促進,391,148,289,matched,page_and_exact_name,not_available,,r8tousyoyosanallpage.pdf,"4 自然エネルギー発電所(環境政策部) 18,673
充当事業:再生可能エネルギーの利用拡大と促進・P391",target_page_account_and_exact_name_unique;page_offset=0,bpi_29305c1b2c26207087df7c71f789e6605f203ebad9badf1fc325f350ee5501c3,exact_group,exact,1
ral_2026_general_148_004,rd_2026_general_revenue_19_06_09_36_07_3895200000,2026_general_expenditure_07_02_06_01_43,2026_general_expenditure_07_02_06,general,自転車等駐車場等維持運営,自転車等駐車場等維持運営,425,148,289,matched,page_and_exact_name,not_available,,r8tousyoyosanallpage.pdf,"7 自転車等駐車場関連(土木部) 26
充当事業:自転車等駐車場等維持運営・P425",target_page_account_and_exact_name_unique;page_offset=0,bpi_9dde83627ec263a77f8f2f48120a12bf94385a1820d0fc771fbe1dac4528ed4c,exact_group,exact,1
ral_2026_general_148_005,rd_2026_general_revenue_19_06_09_36_08_3895300000,2026_general_expenditure_07_02_07_01_24,2026_general_expenditure_07_02_07,general,街路灯維持管理,街路灯維持管理,425,148,289,matched,page_and_exact_name,not_available,,r8tousyoyosanallpage.pdf,"8 街路灯維持管理(世田谷・北沢・烏山)(土木部) 1
充当事業:街路灯維持管理・P425",target_page_account_and_exact_name_unique;page_offset=0,bpi_348ed0bae3a0b5c54dd7e19646af9c70ca6a287fa2457f589aa8d0d25b4fc267,exact_group,exact,1
ral_2026_general_148_006,rd_2026_general_revenue_19_06_09_38_02_3895200000,2026_general_expenditure_07_02_06_01_43,2026_general_expenditure_07_02_06,general,自転車等駐車場等維持運営,自転車等駐車場等維持運営,425,148,289,matched,page_and_exact_name,not_available,,r8tousyoyosanallpage.pdf,"2 自転車駐輪場整備事業(土木部) 5,000
充当事業:自転車等駐車場等維持運営・P425",target_page_account_and_exact_name_unique;page_offset=0,bpi_9dde83627ec263a77f8f2f48120a12bf94385a1820d0fc771fbe1dac4528ed4c,exact_group,exact,1
ral_2026_general_148_007,rd_2026_general_revenue_19_06_09_45_02_3065600000,2026_general_expenditure_02_01_02_01_04,2026_general_expenditure_02_01_02,general,区政PR,区政ＰＲ,319,148,289,matched,page_and_normalized_name,not_available,,r8tousyoyosanallpage.pdf,"2 せたがや便利帳(政策経営部) 1,508
充当事業:区政PR・P319",target_page_account_and_nfkc_name_unique;page_offset=0,bpi_2ebebeafea2dd534586e4670e355f38f45018655c2390044a7e8840362d2b8f7,exact_group,exact,1
ral_2026_general_148_008,rd_2026_general_revenue_19_06_09_45_06_3065600000,2026_general_expenditure_02_01_02_01_04,2026_general_expenditure_02_01_02,general,区政PR,区政ＰＲ,319,148,289,matched,page_and_normalized_name,not_available,,r8tousyoyosanallpage.pdf,"6 区ホームページ(政策経営部) 4,525
充当事業:区政PR・P319",target_page_account_and_nfkc_name_unique;page_offset=0,bpi_2ebebeafea2dd534586e4670e355f38f45018655c2390044a7e8840362d2b8f7,exact_group,exact,1
ral_2026_general_148_009,rd_2026_general_revenue_19_06_09_45_11_3065600000,2026_general_expenditure_02_01_02_01_04,2026_general_expenditure_02_01_02,general,区政PR,区政ＰＲ,319,148,289,matched,page_and_normalized_name,not_available,,r8tousyoyosanallpage.pdf,"11 庁舎内映像モニター(政策経営部) 2,412
充当事業:区政PR・P319",target_page_account_and_nfkc_name_unique;page_offset=0,bpi_2ebebeafea2dd534586e4670e355f38f45018655c2390044a7e8840362d2b8f7,exact_group,exact,1
ral_2026_general_148_010,rd_2026_general_revenue_19_06_09_45_12_3655100000,2026_general_expenditure_03_01_01_03_36,2026_general_expenditure_03_01_01,general,障害者サービス広報事業,障害者サービス広報事業,357,148,289,matched,page_and_exact_name,not_available,,r8tousyoyosanallpage.pdf,"12 障害者のしおり(障害福祉部) 31
充当事業:障害者サービス広報事業・P357",target_page_account_and_exact_name_unique;page_offset=0,bpi_f1d920a449ca435023f84c5d79578e28e189e6d6e688ae734da9c937a7b3b0ae,exact_group,exact,1
ral_2026_general_148_011,rd_2026_general_revenue_19_06_09_45_15_3555300000,2026_general_expenditure_04_03_01_01_24,2026_general_expenditure_04_03_01,general,ごみ減量・リサイクルの促進,ごみ減量・リサイクルの促進,393,148,289,matched,page_and_exact_name,not_available,,r8tousyoyosanallpage.pdf,"15 資源とごみの分け方・出し方(環境政策部) 50
充当事業:ごみ減量・リサイクルの促進・P393",target_page_account_and_exact_name_unique;page_offset=0,bpi_e90fb98f95dafcc703a750b22076bac0b6542a7be2261401108c206105261445,exact_group,exact,1
ral_2026_general_148_012,rd_2026_general_revenue_19_06_09_45_16_3555300000,2026_general_expenditure_04_03_01_01_24,2026_general_expenditure_04_03_01,general,ごみ減量・リサイクルの促進,ごみ減量・リサイクルの促進,393,148,289,matched,page_and_exact_name,not_available,,r8tousyoyosanallpage.pdf,"16 資源・ごみ収集カレンダー(環境政策部) 836
充当事業:ごみ減量・リサイクルの促進・P393",target_page_account_and_exact_name_unique;page_offset=0,bpi_e90fb98f95dafcc703a750b22076bac0b6542a7be2261401108c206105261445,exact_group,exact,1
ral_2026_general_148_013,rd_2026_general_revenue_19_06_09_45_18_3415220000,2026_general_expenditure_02_03_02_01_20,2026_general_expenditure_02_03_02,general,総合窓口化の推進,総合窓口化の推進,331,148,289,matched,page_and_exact_name,not_available,,r8tousyoyosanallpage.pdf,"18 総合支所くみん窓口(地域行政部) 6,115
充当事業:総合窓口化の推進・P331",target_page_account_and_exact_name_unique;page_offset=0,bpi_c218dd677717f730f3d033ad4758fba09805d6fdcb0313cf0732709d8d3cb3d0,exact_group,exact,1
ral_2026_general_148_014,rd_2026_general_revenue_19_06_09_45_18_3415220000,2026_general_expenditure_09_01_02_01_02,2026_general_expenditure_09_01_02,general,総務関係事務従事職員の人件費,総務関係事務従事職員の人件費,465,148,289,matched,page_and_exact_name,not_available,,r8tousyoyosanallpage.pdf,"18 総合支所くみん窓口(地域行政部) 6,115
充当事業:総務関係事務従事職員の人件費・P465",target_page_account_and_exact_name_unique;page_offset=0,bpi_88eb8874cf6e6990e0a9e42edfeb5f6bb0b30dac9672ec5c4c20c048e9a2e1b4,exact_group,exact,1
ral_2026_general_148_015,rd_2026_general_revenue_19_06_09_45_20_3415100000,2026_general_expenditure_02_03_01_02_03,2026_general_expenditure_02_03_01,general,公共施設利用案内システム維持運営,公共施設利用案内システム維持運営,327,148,289,matched,page_and_exact_name,not_available,,r8tousyoyosanallpage.pdf,"20 公共施設利用案内システム(地域行政部) 132
充当事業:公共施設利用案内システム維持運営・P327",target_page_account_and_exact_name_unique;page_offset=0,bpi_1092f1db902642ec96cbe841da2ea005808cce8fc9ac64f4efc741b21fab437d,exact_group,exact,1
ral_2026_general_148_016,rd_2026_general_revenue_19_06_09_45_24_2335100000,2026_general_expenditure_02_03_02_01_14,2026_general_expenditure_02_03_02,general,玉川総合支所維持管理,玉川総合支所維持管理,331,148,289,matched,page_and_exact_name,not_available,,r8tousyoyosanallpage.pdf,"24 玉川総合支所(玉川総合支所) 264
充当事業:玉川総合支所維持管理・P331",target_page_account_and_exact_name_unique;page_offset=0,bpi_0bd26d7858b3cdc1d2b77bcc9a3f770b7aa2c24629f6a756f70e33d070d41781,exact_group,exact,1
ral_2026_general_149_001,rd_2026_general_revenue_19_06_09_45_25_2435100000,2026_general_expenditure_02_03_02_01_15,2026_general_expenditure_02_03_02,general,砧総合支所維持管理,砧総合支所維持管理,331,149,291,matched,page_and_exact_name,not_available,,r8tousyoyosanallpage.pdf,"25 砧総合支所(砧総合支所) 264
充当事業:砧総合支所維持管理・P331",target_page_account_and_exact_name_unique;page_offset=0,bpi_e3c6630cd0366dee667af96052f1fd3dac4e9f5a54972e89f579ece6d7ec6979,exact_group,exact,1
ral_2026_general_149_002,rd_2026_general_revenue_19_06_09_45_26_3835300000,2026_general_expenditure_07_04_01_01_06,2026_general_expenditure_07_04_01,general,ミニSL管理運営,ミニＳＬ管理運営,431,149,291,matched,page_and_normalized_name,not_available,,r8tousyoyosanallpage.pdf,"26 ミニSLネーミングライツ(みどり33推進担当部) 1,000
充当事業:ミニSL管理運営・P431",target_page_account_and_nfkc_name_unique;page_offset=0,bpi_b5e30635cd3ac5636755ccfbcc4c0763dec83ab18ab234875a7b4adc63c51bb0,exact_group,exact,1
ral_2026_general_149_003,rd_2026_general_revenue_19_06_09_45_28_4965200000,2026_general_expenditure_08_06_04_01_15,2026_general_expenditure_08_06_04,general,図書館管理運営,図書館管理運営,461,149,291,matched,page_and_exact_name,not_available,,r8tousyoyosanallpage.pdf,"28 図書館案内(教育委員会事務局) 31
充当事業:図書館管理運営・P461",target_page_account_and_exact_name_unique;page_offset=0,bpi_6ee9796d9f747d38173580e0d2138d7ba17fdc6fb77fc5d7d31f0ffc384f7a1c,exact_group,exact,1
ral_2026_general_149_004,rd_2026_general_revenue_19_06_09_45_29_3865500000,2026_general_expenditure_07_06_01_01_29,2026_general_expenditure_07_06_01,general,交通バリアフリーの推進,交通バリアフリーの推進,439,149,291,matched,page_and_exact_name,not_available,,r8tousyoyosanallpage.pdf,"29 コミュニティ交通(道路・交通計画部) 660
充当事業:交通バリアフリーの推進・P439",target_page_account_and_exact_name_unique;page_offset=0,bpi_4b5267edc396f75923bbdebb8a9f5293895b0a701e1751fe93da5314443bffe1,exact_group,exact,1
ral_2026_general_149_005,rd_2026_general_revenue_19_06_09_48_02_3785100000,2026_general_expenditure_05_03_03_01_10,2026_general_expenditure_05_03_03,general,成人健康診査,成人健康診査,403,149,291,matched,page_and_exact_name,not_available,,r8tousyoyosanallpage.pdf,"2 長寿健康増進事業補助金(追加健診)(世田谷保健所) 8,475
充当事業:成人健康診査・P403",target_page_account_and_exact_name_unique;page_offset=0,bpi_1740f61c4451c951907f612ce4cefd8616ee0691bcd27086bd9f2ad842873241,exact_group,exact,1
ral_2026_general_149_006,rd_2026_general_revenue_19_06_09_48_03_3785200000,2026_general_expenditure_05_03_03_01_01,2026_general_expenditure_05_03_03,general,歯科保健対策,歯科保健対策,403,149,291,matched,page_and_exact_name,not_available,,r8tousyoyosanallpage.pdf,"3 歯科健康診査事業費補助金(世田谷保健所) 1,490
充当事業:歯科保健対策・P403",target_page_account_and_exact_name_unique;page_offset=0,bpi_d7412756349e656a6a593b41892bb4b1d64c17bbfbe91588d4dcc5216e4a1373,exact_group,exact,1
ral_2026_general_149_007,rd_2026_general_revenue_19_06_09_48_05_3785200000,2026_general_expenditure_05_03_03_01_01,2026_general_expenditure_05_03_03,general,歯科保健対策,歯科保健対策,403,149,291,matched,page_and_exact_name,not_available,,r8tousyoyosanallpage.pdf,"5 長寿・健康増進事業費等補助金(世田谷保健所) 1,047
充当事業:歯科保健対策・P403",target_page_account_and_exact_name_unique;page_offset=0,bpi_d7412756349e656a6a593b41892bb4b1d64c17bbfbe91588d4dcc5216e4a1373,exact_group,exact,1
ral_2026_general_149_008,rd_2026_general_revenue_19_06_09_50_01_3865100000,2026_general_expenditure_07_02_01_01_19,2026_general_expenditure_07_02_01,general,公共物管理・道路認定,公共物管理・道路認定,421,149,291,matched,page_and_exact_name,not_available,,r8tousyoyosanallpage.pdf,"1 街づくり情報(道路・交通計画部) 8,100
充当事業:公共物管理・道路認定・P421",target_page_account_and_exact_name_unique;page_offset=0,bpi_07e483ac628d477387910555dc2e2c53e435f236be4d1c287a2d524c589c93ae,exact_group,exact,1
ral_2026_general_149_009,rd_2026_general_revenue_19_06_09_50_04_5305100000,2026_general_expenditure_02_07_02_01_01,2026_general_expenditure_02_07_02,general,明るい選挙常時啓発,明るい選挙常時啓発,349,149,291,matched,page_and_exact_name,not_available,,r8tousyoyosanallpage.pdf,"4 明るい選挙推進協会講師招聘助成金(選挙管理委員会事務局) 70
充当事業:明るい選挙常時啓発・P349",target_page_account_and_exact_name_unique;page_offset=0,bpi_9faca6129a2677adb213677a712aa1321f12aeee9b96c5e770578577928af53c,exact_group,exact,1
ral_2026_general_149_010,rd_2026_general_revenue_19_06_09_50_15_3595200000,2026_general_expenditure_03_03_03_01_01,2026_general_expenditure_03_03_03,general,生活保護法に基づく保護費,生活保護法に基づく保護費,387,149,291,matched,page_and_exact_name,not_available,,r8tousyoyosanallpage.pdf,"15 生活保護法に基づく保護費(保健福祉政策部) 14,002
充当事業:生活保護法に基づく保護費・P387",target_page_account_and_exact_name_unique;page_offset=0,bpi_0eb7b3360ac500246fe3cad6504fa0c0fed9e72ff3d2d6c398d288cdbcc7b3a1,exact_group,exact,1
ral_2026_general_149_011,rd_2026_general_revenue_19_06_09_50_17_3595200000,2026_general_expenditure_03_03_03_01_01,2026_general_expenditure_03_03_03,general,生活保護法に基づく保護費,生活保護法に基づく保護費,387,149,291,matched,page_and_exact_name,not_available,,r8tousyoyosanallpage.pdf,"17 生活保護法に基づく保護費(不当利得等)(保健福祉政策部) 867
充当事業:生活保護法に基づく保護費・P387",target_page_account_and_exact_name_unique;page_offset=0,bpi_0eb7b3360ac500246fe3cad6504fa0c0fed9e72ff3d2d6c398d288cdbcc7b3a1,exact_group,exact,1
ral_2026_general_149_012,rd_2026_general_revenue_19_06_09_50_30_2135100000,2026_general_expenditure_02_03_09_01_07,2026_general_expenditure_02_03_09,general,防災事業運営(世田谷),防災事業運営（世田谷）,337,149,291,matched,page_and_normalized_name,not_available,,r8tousyoyosanallpage.pdf,"30 防災事業運営(世田谷総合支所) 144
充当事業:防災事業運営(世田谷)・P337",target_page_account_and_nfkc_name_unique;page_offset=0,bpi_c1d4632cbd1aff61687573db5cd49934ebb7a442d47fbe62aea7672fa5792aca,exact_group,exact,1
ral_2026_general_149_013,rd_2026_general_revenue_19_06_09_50_41_3645100000,2026_general_expenditure_03_01_02_04_05,2026_general_expenditure_03_01_02,general,ひとりぐらし高齢者の安全確保,ひとりぐらし高齢者の安全確保,363,149,291,matched,page_and_exact_name,not_available,,r8tousyoyosanallpage.pdf,"41 ひとりぐらし高齢者の安全確保(高齢福祉部) 171
充当事業:ひとりぐらし高齢者の安全確保・P363",target_page_account_and_exact_name_unique;page_offset=0,bpi_b891ab06104e73fa714d4614a1cfec9ff42b49dca8c0c7e852eb690becad7be9,exact_group,exact,1
ral_2026_general_149_014,rd_2026_general_revenue_19_06_09_50_48_2265300000,2026_general_expenditure_05_03_04_01_05,2026_general_expenditure_05_03_04,general,健康づくり支援(北沢),健康づくり支援（北沢）,405,149,291,matched,page_and_normalized_name,not_available,,r8tousyoyosanallpage.pdf,"48 健康づくり支援(北沢)(北沢総合支所) 46
充当事業:健康づくり支援(北沢)・P405",target_page_account_and_nfkc_name_unique;page_offset=0,bpi_36e70cd09f892355c8cda42a81fbc31ffd3b3e5e2ddae426560416da42fa7d58,exact_group,exact,1
ral_2026_general_149_015,rd_2026_general_revenue_19_06_09_50_52_3785200000,2026_general_expenditure_05_03_05_01_05,2026_general_expenditure_05_03_05,general,アレルギー疾患相談,アレルギー疾患相談,405,149,291,matched,page_and_exact_name,not_available,,r8tousyoyosanallpage.pdf,"52 アレルギー疾患相談(世田谷保健所) 223
充当事業:アレルギー疾患相談・P405",target_page_account_and_exact_name_unique;page_offset=0,bpi_eb32e1de735245905e2c21170cd26d2b9c369ffe9c682da48e43220544982aca,exact_group,exact,1
ral_2026_general_149_016,rd_2026_general_revenue_19_06_09_50_68_3595200000,2026_general_expenditure_03_01_01_01_03,2026_general_expenditure_03_01_01,general,行旅病人及死亡人取扱,行旅病人及死亡人取扱,357,149,291,matched,page_and_exact_name,not_available,,r8tousyoyosanallpage.pdf,"68 行旅病人死亡人(保健福祉政策部) 6,564
充当事業:行旅病人及死亡人取扱・P357",target_page_account_and_exact_name_unique;page_offset=0,bpi_5061c07eb8f56a96dd2da6cdaea0c3c3f7796ef0db0cfa4bec9e62aecc6bb980,exact_group,exact,1
ral_2026_general_149_017,rd_2026_general_revenue_19_06_09_50_98_3825150000,2026_general_expenditure_07_02_03_01_01,2026_general_expenditure_07_02_03,general,建築線・狭あい道路事業,建築線・狭あい道路事業,423,149,291,matched,page_and_exact_name,not_available,,r8tousyoyosanallpage.pdf,"98 指定道路情報(防災街づくり担当部) 2,400
充当事業:建築線・狭あい道路事業・P423",target_page_account_and_exact_name_unique;page_offset=0,bpi_f28b2b1d530e5171a126ea1b55496be9e55fd906dd17e2054f9cb24d7274713a,exact_group,exact,1
ral_2026_general_149_018,rd_2026_general_revenue_19_06_09_51_12_3835100000,2026_general_expenditure_07_04_05_01_17,2026_general_expenditure_07_04_05,general,緑と水のまちづくり,緑と水のまちづくり,433,149,291,matched,page_and_exact_name,not_available,,r8tousyoyosanallpage.pdf,"12 緑の募金事業交付金(みどり33推進担当部) 90
充当事業:緑と水のまちづくり・P433",target_page_account_and_exact_name_unique;page_offset=0,bpi_634c2775546f5bad88084d4569353f989df52cd65386a957dcaedebb4652dcb4,exact_group,exact,1
ral_2026_general_149_019,rd_2026_general_revenue_19_06_09_51_33_3665500000,2026_general_expenditure_03_02_01_01_33,2026_general_expenditure_03_02_01,general,子育てステーション事業,子育てステーション事業,375,149,291,matched,page_and_exact_name,not_available,,r8tousyoyosanallpage.pdf,"33 子育てステーション桜新町賃借料(子ども・若者部) 9,201
充当事業:子育てステーション事業・P375",target_page_account_and_exact_name_unique;page_offset=0,bpi_5cad8d56f77ca5cbc11b574d0c840a191a1ad7de1764742ff81be502f4b47192,exact_group,exact,1
ral_2026_general_150_001,rd_2026_general_revenue_19_06_09_51_42_2465300000,2026_general_expenditure_05_03_04_01_07,2026_general_expenditure_05_03_04,general,健康づくり支援(砧),健康づくり支援（砧）,405,150,293,matched,page_and_normalized_name,not_available,,r8tousyoyosanallpage.pdf,"42 健康づくり支援(砧)(砧総合支所) 92
充当事業:健康づくり支援(砧)・P405",target_page_account_and_nfkc_name_unique;page_offset=0,bpi_4b9f2d4270e61d9735547a31082ac39da5f9f0c8be7b10df64282fee210ae911,exact_group,exact,1
ral_2026_general_150_002,rd_2026_general_revenue_19_06_09_51_43_3895200000,2026_general_expenditure_07_02_06_01_12,2026_general_expenditure_07_02_06,general,放置自転車対策,放置自転車対策,425,150,293,matched,page_and_exact_name,not_available,,r8tousyoyosanallpage.pdf,"43 未引取自転車売払(土木部) 6,753
充当事業:放置自転車対策・P425",target_page_account_and_exact_name_unique;page_offset=0,bpi_f7e9e562a20c43c869a6ae54134beed891d30129370bc08bfc65856718fd57b1,exact_group,exact,1
ral_2026_general_150_003,rd_2026_general_revenue_19_06_09_51_46_3405400000,2026_general_expenditure_02_03_12_01_03,2026_general_expenditure_02_03_12,general,文化財団運営補助,文化財団運営補助,341,150,293,matched,page_and_exact_name,not_available,,r8tousyoyosanallpage.pdf,"46 地域の芸術環境づくり助成事業(生活文化政策部) 5,000
充当事業:文化財団運営補助・P341",target_page_account_and_exact_name_unique;page_offset=0,bpi_4160129e6ad8914674be13590d97eedb571f0ae025b2cf3cc2e715317ebebd39,exact_group,exact,1
ral_2026_general_150_004,rd_2026_general_revenue_19_06_09_51_52_3465120000,2026_general_expenditure_04_02_01_01_09,2026_general_expenditure_04_02_01,general,環境啓発事業の推進,環境啓発事業の推進,391,150,293,matched,page_and_exact_name,not_available,,r8tousyoyosanallpage.pdf,"52 みどり東京・温暖化防止プロジェクト助成金(環境政策部) 1,000
充当事業:環境啓発事業の推進・P391",target_page_account_and_exact_name_unique;page_offset=0,bpi_a0c6c0eef6e14774a34dd1a6677a59103148194a44c5cce3878fc53eaf39025a,exact_group,exact,1
ral_2026_general_150_005,rd_2026_general_revenue_19_06_09_51_68_3665200000,2026_general_expenditure_03_02_06_02_04,2026_general_expenditure_03_02_06,general,児童館キャンプ,児童館キャンプ,383,150,293,matched,page_and_exact_name,not_available,,r8tousyoyosanallpage.pdf,"68 児童館キャンプ参加費(子ども・若者部) 6,010
充当事業:児童館キャンプ・P383",target_page_account_and_exact_name_unique;page_offset=0,bpi_2c852aac7aa9799721df8c8f52857a0163ca4e11acfae1592e3dfe91c82fda88,exact_group,exact,1
ral_2026_general_150_006,rd_2026_general_revenue_19_06_09_51_85_3835300000,2026_general_expenditure_07_04_01_01_13,2026_general_expenditure_07_04_01,general,公園・身近な広場維持運営,公園・身近な広場維持運営,431,150,293,matched,page_and_exact_name,not_available,,r8tousyoyosanallpage.pdf,"85 移動販売車営業料(みどり33推進担当部) 258
充当事業:公園・身近な広場維持運営・P431",target_page_account_and_exact_name_unique;page_offset=0,bpi_09d3870d14aac465d638f58e958e4113a78851829efeb7ba88c02cc4ef6fd509,exact_group,exact,1
ral_2026_general_150_007,rd_2026_general_revenue_19_06_09_51_89_3405450000,2026_general_expenditure_02_03_01_05_01,2026_general_expenditure_02_03_01,general,男女共同参画センター維持運営,男女共同参画センター維持運営,329,150,293,matched,page_and_exact_name,not_available,,r8tousyoyosanallpage.pdf,"89 らぷらす自動販売機設置(転貸料)(生活文化政策部) 104
充当事業:男女共同参画センター維持運営・P329",target_page_account_and_exact_name_unique;page_offset=2,bpi_278dffbda09304351acfab039b899b7c50f427b95392196fde4ea6708daa2c0c,exact_group,exact,1
ral_2026_general_150_008,rd_2026_general_revenue_19_06_09_51_90_3405450000,2026_general_expenditure_02_03_01_05_01,2026_general_expenditure_02_03_01,general,男女共同参画センター維持運営,男女共同参画センター維持運営,329,150,293,matched,page_and_exact_name,not_available,,r8tousyoyosanallpage.pdf,"90 らぷらす自動販売機設置(光熱水費負担分)(生活文化政策部) 31
充当事業:男女共同参画センター維持運営・P329",target_page_account_and_exact_name_unique;page_offset=2,bpi_278dffbda09304351acfab039b899b7c50f427b95392196fde4ea6708daa2c0c,exact_group,exact,1
ral_2026_general_150_009,rd_2026_general_revenue_19_06_09_51_91_3645100000,2026_general_expenditure_03_01_02_05_03,2026_general_expenditure_03_01_02,general,高齢者在宅サービスセンター維持管理,高齢者在宅サービスセンター維持管理,363,150,293,matched,page_and_exact_name,not_available,,r8tousyoyosanallpage.pdf,"91 デイ・ホーム太子堂(居宅支援事業使用料)(高齢福祉部) 131
充当事業:高齢者在宅サービスセンター維持管理・P363",target_page_account_and_exact_name_unique;page_offset=0,bpi_3185b834105801ef1e808729a34c7f7a3a358ab284d54e82a3514c1cc3339206,exact_group,exact,1
ral_2026_general_150_010,rd_2026_general_revenue_19_06_09_52_08_3595200000,2026_general_expenditure_03_01_01_03_73,2026_general_expenditure_03_01_01,general,特定中国残留邦人等支援事業,特定中国残留邦人等支援事業,359,150,293,matched,page_and_exact_name,not_available,,r8tousyoyosanallpage.pdf,"8 特定中国残留邦人等に係る支援給付費(保健福祉政策部) 1
充当事業:特定中国残留邦人等支援事業・P359",target_page_account_and_exact_name_unique;page_offset=2,bpi_bfa673964bc0e45fbcadbde15b82b585b4c949a022d9038f050b7b1571a6a694,exact_group,exact,1
ral_2026_general_150_011,rd_2026_general_revenue_19_06_09_54_06_3655200000,2026_general_expenditure_03_01_16_01_32,2026_general_expenditure_03_01_16,general,就労移行・継続支援事業運営,就労移行・継続支援事業運営,369,150,293,matched,page_and_exact_name,not_available,,r8tousyoyosanallpage.pdf,"6 玉川福祉作業所電気使用料(障害福祉部) 37
充当事業:就労移行・継続支援事業運営・P369",target_page_account_and_exact_name_unique;page_offset=0,bpi_9fad8289f5aa68ac515874dc66a106ad20b8c6ba3d56dd6d8314a155a37e2522,exact_group,exact,1
ral_2026_general_150_012,rd_2026_general_revenue_19_06_09_54_07_3655200000,2026_general_expenditure_03_01_16_01_32,2026_general_expenditure_03_01_16,general,就労移行・継続支援事業運営,就労移行・継続支援事業運営,369,150,293,matched,page_and_exact_name,not_available,,r8tousyoyosanallpage.pdf,"7 等々力分場電気使用料(障害福祉部) 24
充当事業:就労移行・継続支援事業運営・P369",target_page_account_and_exact_name_unique;page_offset=0,bpi_9fad8289f5aa68ac515874dc66a106ad20b8c6ba3d56dd6d8314a155a37e2522,exact_group,exact,1
ral_2026_general_150_013,rd_2026_general_revenue_19_06_09_54_15_3655200000,2026_general_expenditure_03_01_16_02_06,2026_general_expenditure_03_01_16,general,障害施設維持管理,障害施設維持管理,371,150,293,matched,page_and_exact_name,not_available,,r8tousyoyosanallpage.pdf,"15 九品仏生活実習所中町分場(障害福祉部) 942
充当事業:障害施設維持管理・P371",target_page_account_and_exact_name_unique;page_offset=2,bpi_d0efae81788048e9ec2fb0e0bf881a8c3713978727d2028bde187d13de2d19d8,exact_group,exact,1
ral_2026_general_150_014,rd_2026_general_revenue_19_06_09_54_16_3655200000,2026_general_expenditure_03_01_16_02_06,2026_general_expenditure_03_01_16,general,障害施設維持管理,障害施設維持管理,371,150,293,matched,page_and_exact_name,not_available,,r8tousyoyosanallpage.pdf,"16 祖師谷三丁目福祉施設(障害福祉部) 7,009
充当事業:障害施設維持管理・P371",target_page_account_and_exact_name_unique;page_offset=2,bpi_d0efae81788048e9ec2fb0e0bf881a8c3713978727d2028bde187d13de2d19d8,exact_group,exact,1
ral_2026_general_150_015,rd_2026_general_revenue_19_06_09_54_17_2535100000,2026_general_expenditure_02_03_02_02_05,2026_general_expenditure_02_03_02,general,烏山地域出張所維持運営,烏山地域出張所維持運営,333,150,293,matched,page_and_exact_name,not_available,,r8tousyoyosanallpage.pdf,"17 烏山地域出張所(烏山総合支所) 790
充当事業:烏山地域出張所維持運営・P333",target_page_account_and_exact_name_unique;page_offset=2,bpi_7c59c0022b9c77ea73fd6358563522355208ec1912043f1ab6bd44b64aaccbd0,exact_group,exact,1
ral_2026_general_150_016,rd_2026_general_revenue_19_06_09_54_18_2335100000,2026_general_expenditure_02_03_02_02_03,2026_general_expenditure_02_03_02,general,玉川地域出張所維持運営,玉川地域出張所維持運営,333,150,293,matched,page_and_exact_name,not_available,,r8tousyoyosanallpage.pdf,"18 玉川地域出張所(玉川総合支所) 2,309
充当事業:玉川地域出張所維持運営・P333",target_page_account_and_exact_name_unique;page_offset=2,bpi_a92861b2e0efb12280e8f627bb5e987f1ffd43f58d6fb4047e7049d41b3383ab,exact_group,exact,1
ral_2026_general_150_017,rd_2026_general_revenue_19_06_09_54_24_3655200000,2026_general_expenditure_03_01_16_02_06,2026_general_expenditure_03_01_16,general,障害施設維持管理,障害施設維持管理,371,150,293,matched,page_and_exact_name,not_available,,r8tousyoyosanallpage.pdf,"24 下馬防災ボランティア等複合施設(障害福祉部) 3,968
充当事業:障害施設維持管理・P371",target_page_account_and_exact_name_unique;page_offset=2,bpi_d0efae81788048e9ec2fb0e0bf881a8c3713978727d2028bde187d13de2d19d8,exact_group,exact,1
ral_2026_general_150_018,rd_2026_general_revenue_19_06_09_54_28_3665580000,2026_general_expenditure_03_02_01_01_06,2026_general_expenditure_03_02_01,general,保育運営事業,保育運営事業,375,150,293,matched,page_and_exact_name,not_available,,r8tousyoyosanallpage.pdf,"28 烏山保育園(子ども・若者部) 2,351
充当事業:保育運営事業・P375",target_page_account_and_exact_name_unique;page_offset=0,bpi_432b1f156ce121d6262f945bc142b1f5ff88627160d30d1f63605210c47199e5,exact_group,exact,1
ral_2026_general_151_001,rd_2026_general_revenue_19_06_09_54_29_3665580000,2026_general_expenditure_03_02_01_01_06,2026_general_expenditure_03_02_01,general,保育運営事業,保育運営事業,375,151,295,matched,page_and_exact_name,not_available,,r8tousyoyosanallpage.pdf,"29 等々力二丁目保育施設(子ども・若者部) 2,200
充当事業:保育運営事業・P375",target_page_account_and_exact_name_unique;page_offset=0,bpi_432b1f156ce121d6262f945bc142b1f5ff88627160d30d1f63605210c47199e5,exact_group,exact,1
ral_2026_general_151_002,rd_2026_general_revenue_19_06_09_54_30_3655300000,2026_general_expenditure_03_01_16_01_40,2026_general_expenditure_03_01_16,general,配慮を要する児童への支援事業,配慮を要する児童への支援事業,371,151,295,matched,page_and_exact_name,not_available,,r8tousyoyosanallpage.pdf,"30 大蔵二丁目複合型子ども支援センター(障害福祉部) 3,765
充当事業:配慮を要する児童への支援事業・P371",target_page_account_and_exact_name_unique;page_offset=2,bpi_a0e9577342786c020a22796e2cca204df41dd09fdff99b7b54416d3fb2c87a9b,exact_group,exact,1
ral_2026_general_151_003,rd_2026_general_revenue_19_06_09_54_33_2235100000,2026_general_expenditure_02_03_06_01_13,2026_general_expenditure_02_03_06,general,代田区民センター維持運営,代田区民センター維持運営,335,151,295,matched,page_and_exact_name,not_available,,r8tousyoyosanallpage.pdf,"33 代田区民センター(北沢総合支所) 60
充当事業:代田区民センター維持運営・P335",target_page_account_and_exact_name_unique;page_offset=2,bpi_d0b78f80918456bacd47a72d32906b27f20a686d844f4abf1a818d14f6f7b22b,exact_group,exact,1
ral_2026_general_151_004,rd_2026_general_revenue_19_06_09_54_34_3555300000,2026_general_expenditure_04_03_03_01_11,2026_general_expenditure_04_03_03,general,リサイクル施設維持運営,リサイクル施設維持運営,395,151,295,matched,page_and_exact_name,not_available,,r8tousyoyosanallpage.pdf,"34 資源循環センター(環境政策部) 30
充当事業:リサイクル施設維持運営・P395",target_page_account_and_exact_name_unique;page_offset=0,bpi_1735f661325171d8cd1dae52117106cfd2d7263398ee18729c80601f8e20c016,exact_group,exact,1
ral_2026_general_151_005,rd_2026_general_revenue_19_06_09_54_35_3665150000,2026_general_expenditure_03_02_01_01_56,2026_general_expenditure_03_02_01,general,子ども・子育て総合センター維持運営,子ども・子育て総合センター維持運営,377,151,295,matched,page_and_exact_name,not_available,,r8tousyoyosanallpage.pdf,"35 子ども・子育て総合センター(子ども・若者部) 1,042
充当事業:子ども・子育て総合センター維持運営・P377",target_page_account_and_exact_name_unique;page_offset=2,bpi_7b22fc979313bd2ce5fe0049eba5cd3f240e21ee3d84ed38c3593835e4270c71,exact_group,exact,1
ral_2026_general_151_006,rd_2026_general_revenue_19_06_09_54_37_2135100000,2026_general_expenditure_02_03_06_01_05,2026_general_expenditure_02_03_06,general,弦巻区民センター維持運営,弦巻区民センター維持運営,333,151,295,matched,page_and_exact_name,not_available,,r8tousyoyosanallpage.pdf,"37 弦巻区民センター(世田谷総合支所) 328
充当事業:弦巻区民センター維持運営・P333",target_page_account_and_exact_name_unique;page_offset=0,bpi_6a3d5b077386aeb21af52bc03bdc94bcd3822bdb2c611b522aac2eb6c5ffe437,exact_group,exact,1
ral_2026_general_151_007,rd_2026_general_revenue_19_06_09_54_40_3405350000,2026_general_expenditure_02_03_15_01_01,2026_general_expenditure_02_03_15,general,地域支えあい活動への支援,地域支えあい活動への支援,343,151,295,matched,page_and_exact_name,not_available,,r8tousyoyosanallpage.pdf,"40 支えあい活動拠点(生活文化政策部) 224
充当事業:地域支えあい活動への支援・P343",target_page_account_and_exact_name_unique;page_offset=0,bpi_e7d6148c16b7c59a4cdc9716d403ecdbfc7e05d8de6c7f39d468b67b74962e6c,exact_group,exact,1
ral_2026_general_151_008,rd_2026_general_revenue_19_06_09_54_41_3405350000,2026_general_expenditure_02_03_15_02_05,2026_general_expenditure_02_03_15,general,健康増進・交流施設運営,健康増進・交流施設運営,343,151,295,matched,page_and_exact_name,not_available,,r8tousyoyosanallpage.pdf,"41 健康増進・交流施設(生活文化政策部) 179
充当事業:健康増進・交流施設運営・P343",target_page_account_and_exact_name_unique;page_offset=0,bpi_122b90f41d1b2adb4e7fc0b7e0df37b5eedbdccb2a2bbc3f985cdebf24717f94,exact_group,exact,1
ral_2026_general_151_009,rd_2026_general_revenue_19_06_09_54_42_2135100000,2026_general_expenditure_02_03_06_01_04,2026_general_expenditure_02_03_06,general,太子堂区民センター維持運営,太子堂区民センター維持運営,333,151,295,matched,page_and_exact_name,not_available,,r8tousyoyosanallpage.pdf,"42 太子堂区民センター(世田谷総合支所) 486
充当事業:太子堂区民センター維持運営・P333",target_page_account_and_exact_name_unique;page_offset=0,bpi_751f3643eb3178f9f3129cce6578da6bf7d1f6714bd7e07fa6c0bb5771e63f0a,exact_group,exact,1
ral_2026_general_151_010,rd_2026_general_revenue_19_06_09_54_43_3655200000,2026_general_expenditure_03_01_16_01_34,2026_general_expenditure_03_01_16,general,障害者自立体験等運営事業,障害者自立体験等運営事業,371,151,295,matched,page_and_exact_name,not_available,,r8tousyoyosanallpage.pdf,"43 松原けやき寮(障害福祉部) 91
充当事業:障害者自立体験等運営事業・P371",target_page_account_and_exact_name_unique;page_offset=2,bpi_b8f1327febb9ab5bc0553cce3212760e002b7d952586aecbecd2479c78c66958,exact_group,exact,1
ral_2026_general_151_011,rd_2026_general_revenue_19_06_09_54_45_3405350000,2026_general_expenditure_02_03_15_02_07,2026_general_expenditure_02_03_15,general,ひだまり友遊会館運営,ひだまり友遊会館運営,343,151,295,matched,page_and_exact_name,not_available,,r8tousyoyosanallpage.pdf,"45 ひだまり友遊会館(生活文化政策部) 450
充当事業:ひだまり友遊会館運営・P343",target_page_account_and_exact_name_unique;page_offset=0,bpi_86d3dbc1e6ac6a84afb01c29b12a6dc533492961be5e93748f68b4be37706a6e,exact_group,exact,1
ral_2026_general_151_012,rd_2026_general_revenue_19_06_09_54_46_3665150000,2026_general_expenditure_03_02_01_01_60,2026_general_expenditure_03_02_01,general,野毛青少年交流センター維持運営,野毛青少年交流センター維持運営,377,151,295,matched,page_and_exact_name,not_available,,r8tousyoyosanallpage.pdf,"46 野毛青少年交流センター(子ども・若者部) 70
充当事業:野毛青少年交流センター維持運営・P377",target_page_account_and_exact_name_unique;page_offset=2,bpi_94259aa3219275e8aac0fc8a6ef57a52277e68afa306989f6190a7c24ae47275,exact_group,exact,1
ral_2026_general_151_013,rd_2026_general_revenue_19_06_09_54_47_3665150000,2026_general_expenditure_03_02_01_01_61,2026_general_expenditure_03_02_01,general,池之上青少年交流センター維持運営,池之上青少年交流センター維持運営,377,151,295,matched,page_and_exact_name,not_available,,r8tousyoyosanallpage.pdf,"47 池之上青少年交流センター(子ども・若者部) 34
充当事業:池之上青少年交流センター維持運営・P377",target_page_account_and_exact_name_unique;page_offset=2,bpi_d764f6298f565a4e62056b135614974f1ac40cd2cd71c31a0a46f8f09f8d4d2a,exact_group,exact,1
ral_2026_general_151_014,rd_2026_general_revenue_19_06_09_54_48_3655200000,2026_general_expenditure_03_01_16_01_32,2026_general_expenditure_03_01_16,general,就労移行・継続支援事業運営,就労移行・継続支援事業運営,369,151,295,matched,page_and_exact_name,not_available,,r8tousyoyosanallpage.pdf,"48 玉川福祉作業所(障害福祉部) 25
充当事業:就労移行・継続支援事業運営・P369",target_page_account_and_exact_name_unique;page_offset=0,bpi_9fad8289f5aa68ac515874dc66a106ad20b8c6ba3d56dd6d8314a155a37e2522,exact_group,exact,1
ral_2026_general_151_015,rd_2026_general_revenue_19_06_09_54_51_3655200000,2026_general_expenditure_03_01_16_02_06,2026_general_expenditure_03_01_16,general,障害施設維持管理,障害施設維持管理,371,151,295,matched,page_and_exact_name,not_available,,r8tousyoyosanallpage.pdf,"51 喜多見駅高架下施設(障害福祉部) 540
充当事業:障害施設維持管理・P371",target_page_account_and_exact_name_unique;page_offset=2,bpi_d0efae81788048e9ec2fb0e0bf881a8c3713978727d2028bde187d13de2d19d8,exact_group,exact,1
ral_2026_general_151_016,rd_2026_general_revenue_19_06_09_54_53_3655200000,2026_general_expenditure_03_01_16_01_31,2026_general_expenditure_03_01_16,general,生活介護事業運営,生活介護事業運営,369,151,295,matched,page_and_exact_name,not_available,,r8tousyoyosanallpage.pdf,"53 岡本福祉作業ホーム(障害福祉部) 30
充当事業:生活介護事業運営・P369",target_page_account_and_exact_name_unique;page_offset=0,bpi_cd037da26e8c85d54176f7db24ef8082ad285bb27812b79ce63d7ba0333aae08,exact_group,exact,1
ral_2026_general_151_017,rd_2026_general_revenue_19_06_09_54_57_3655200000,2026_general_expenditure_03_01_16_01_32,2026_general_expenditure_03_01_16,general,就労移行・継続支援事業運営,就労移行・継続支援事業運営,369,151,295,matched,page_and_exact_name,not_available,,r8tousyoyosanallpage.pdf,"57 世田谷福祉作業所(障害福祉部) 8
充当事業:就労移行・継続支援事業運営・P369",target_page_account_and_exact_name_unique;page_offset=0,bpi_9fad8289f5aa68ac515874dc66a106ad20b8c6ba3d56dd6d8314a155a37e2522,exact_group,exact,1
ral_2026_general_151_018,rd_2026_general_revenue_19_06_09_54_58_3655200000,2026_general_expenditure_03_01_16_01_32,2026_general_expenditure_03_01_16,general,就労移行・継続支援事業運営,就労移行・継続支援事業運営,369,151,295,matched,page_and_exact_name,not_available,,r8tousyoyosanallpage.pdf,"58 梅丘ウッドペッカーの森(障害福祉部) 2
充当事業:就労移行・継続支援事業運営・P369",target_page_account_and_exact_name_unique;page_offset=0,bpi_9fad8289f5aa68ac515874dc66a106ad20b8c6ba3d56dd6d8314a155a37e2522,exact_group,exact,1
ral_2026_general_151_019,rd_2026_general_revenue_19_06_09_54_67_3525210000,2026_general_expenditure_06_01_01_01_35,2026_general_expenditure_06_01_01,general,観光事業の推進,観光事業の推進,411,151,295,matched,page_and_exact_name,not_available,,r8tousyoyosanallpage.pdf,"67 キャロットタワー八角堂(経済産業部) 10
充当事業:観光事業の推進・P411",target_page_account_and_exact_name_unique;page_offset=0,bpi_4c601234edca4b7012e29c02701ccba6d6cd1faa63414a92ed0e64db92d3ca8d,exact_group,exact,1
ral_2026_general_152_001,rd_2026_general_revenue_19_06_09_54_69_3655200000,2026_general_expenditure_03_01_16_02_06,2026_general_expenditure_03_01_16,general,障害施設維持管理,障害施設維持管理,371,152,297,matched,page_and_exact_name,not_available,,r8tousyoyosanallpage.pdf,"69 障害者就労支援センターゆに(障害福祉部) 2,490
充当事業:障害施設維持管理・P371",target_page_account_and_exact_name_unique;page_offset=2,bpi_d0efae81788048e9ec2fb0e0bf881a8c3713978727d2028bde187d13de2d19d8,exact_group,exact,1
ral_2026_general_152_002,rd_2026_general_revenue_19_06_09_54_72_2235100000,2026_general_expenditure_02_03_06_01_14,2026_general_expenditure_02_03_06,general,北沢地域地区会館維持運営,北沢地域地区会館維持運営,335,152,297,matched,page_and_exact_name,not_available,,r8tousyoyosanallpage.pdf,"72 北沢地域地区会館(北沢総合支所) 575
充当事業:北沢地域地区会館維持運営・P335",target_page_account_and_exact_name_unique;page_offset=2,bpi_228d7616759740f25875b46590b03ae5b1c3c7e4f2b9e0a356bf098a84dd20da,exact_group,exact,1
ral_2026_general_152_003,rd_2026_general_revenue_19_06_09_54_73_3595150000,2026_general_expenditure_03_01_01_06_08,2026_general_expenditure_03_01_01,general,保健医療福祉総合プラザ維持運営,保健医療福祉総合プラザ維持運営,361,152,297,matched,page_and_exact_name,not_available,,r8tousyoyosanallpage.pdf,"73 保健医療福祉総合プラザ(保健福祉政策部) 5,477
充当事業:保健医療福祉総合プラザ維持運営・P361",target_page_account_and_exact_name_unique;page_offset=4,bpi_3a4ca2dacc42f04bcd7c691830ae05096658ae0931f919679b77f332d7512116,exact_group,exact,1
ral_2026_general_152_004,rd_2026_general_revenue_19_06_09_54_80_3695150000,2026_general_expenditure_03_02_13_01_04,2026_general_expenditure_03_02_13,general,児童相談所維持管理,児童相談所維持管理,385,152,297,matched,page_and_exact_name,not_available,,r8tousyoyosanallpage.pdf,"80 児童相談所(児童相談所) 1,611
充当事業:児童相談所維持管理・P385",target_page_account_and_exact_name_unique;page_offset=0,bpi_d1096932fd6326e94ccfb2c1b66402e821ddc101451c65d2b4bca20e87352287,exact_group,exact,1
ral_2026_general_152_005,rd_2026_general_revenue_19_06_09_54_81_2435100000,2026_general_expenditure_02_03_02_01_15,2026_general_expenditure_02_03_02,general,砧総合支所維持管理,砧総合支所維持管理,331,152,297,matched,page_and_exact_name,not_available,,r8tousyoyosanallpage.pdf,"81 成城6丁目事務所棟(砧総合支所) 3,057
充当事業:砧総合支所維持管理・P331",target_page_account_and_exact_name_unique;page_offset=0,bpi_e3c6630cd0366dee667af96052f1fd3dac4e9f5a54972e89f579ece6d7ec6979,exact_group,exact,1
ral_2026_general_152_006,rd_2026_general_revenue_19_06_09_54_83_3815100000,2026_general_expenditure_07_06_01_01_51,2026_general_expenditure_07_06_01,general,都市整備政策部庶務事務,都市整備政策部庶務事務,441,152,297,matched,page_and_exact_name,not_available,,r8tousyoyosanallpage.pdf,"83 旧玉川高校(都市整備政策部) 618
充当事業:都市整備政策部庶務事務・P441",target_page_account_and_exact_name_unique;page_offset=2,bpi_5258bdac0d9535af48141fcb9a467d0ffb837d39f203927d86e1f0150e8fffdf,exact_group,exact,1
ral_2026_general_152_007,rd_2026_general_revenue_19_06_09_54_85_2335100000,2026_general_expenditure_02_03_06_01_16,2026_general_expenditure_02_03_06,general,玉川区民会館維持運営,玉川区民会館維持運営,335,152,297,matched,page_and_exact_name,not_available,,r8tousyoyosanallpage.pdf,"85 玉川区民会館(玉川総合支所) 300
充当事業:玉川区民会館維持運営・P335",target_page_account_and_exact_name_unique;page_offset=2,bpi_2e5b975272f77af5aa9e5d4e5d1916efe4b01eb386e38ad7c5ff23141692ac5e,exact_group,exact,1
ral_2026_general_152_008,rd_2026_general_revenue_19_06_09_54_86_3655200000,2026_general_expenditure_03_01_16_01_07,2026_general_expenditure_03_01_16,general,障害者就労促進事業,障害者就労促進事業,369,152,297,matched,page_and_exact_name,not_available,,r8tousyoyosanallpage.pdf,"86 障害者就労支援センターすきっぷ(障害福祉部) 35
充当事業:障害者就労促進事業・P369",target_page_account_and_exact_name_unique;page_offset=0,bpi_180086237b7ddafd50b3a1c0c7e3ea14f117ac00c05445873d7580dbfbccd086,exact_group,exact,1
ral_2026_general_152_009,rd_2026_general_revenue_19_06_09_54_87_3525350000,2026_general_expenditure_06_01_01_02_07,2026_general_expenditure_06_01_01,general,雇用促進事業,雇用促進事業,413,152,297,matched,page_and_exact_name,not_available,,r8tousyoyosanallpage.pdf,"87 STKハイツ(経済産業部) 282
充当事業:雇用促進事業・P413",target_page_account_and_exact_name_unique;page_offset=2,bpi_26951408b1428dc3eab393efe13db64d9734a64ec3f70cc9dc39376cc8d7e3ef,exact_group,exact,1
ral_2026_general_152_010,rd_2026_general_revenue_19_06_09_54_88_3665150000,2026_general_expenditure_03_02_01_01_95,2026_general_expenditure_03_02_01,general,希望丘青少年交流センター維持運営,希望丘青少年交流センター維持運営,379,152,297,matched,page_and_exact_name,not_available,,r8tousyoyosanallpage.pdf,"88 希望丘青少年交流センター(子ども・若者部) 141
充当事業:希望丘青少年交流センター維持運営・P379",target_page_account_and_exact_name_unique;page_offset=4,bpi_2c7765977eed9e3f206c0fc86266c8a752dff19ca4d64030235c48ea233863c4,exact_group,exact,1
ral_2026_general_152_011,rd_2026_general_revenue_19_06_09_54_92_4985100000,2026_general_expenditure_08_01_07_02_01,2026_general_expenditure_08_01_07,general,教育総合センター維持管理,教育総合センター維持管理,447,152,297,matched,page_and_exact_name,not_available,,r8tousyoyosanallpage.pdf,"92 教育総合センター(教育委員会事務局) 240
充当事業:教育総合センター維持管理・P447",target_page_account_and_exact_name_unique;page_offset=0,bpi_507022c3562239d0dddda33595fe42e768f7ca1dac2f22d2d9b8409a6e0e2f14,exact_group,exact,1
ral_2026_general_152_012,rd_2026_general_revenue_19_06_09_54_94_4965200000,2026_general_expenditure_08_06_04_01_13,2026_general_expenditure_08_06_04,general,教育会館維持管理,教育会館維持管理,461,152,297,matched,page_and_exact_name,not_available,,r8tousyoyosanallpage.pdf,"94 教育会館(教育委員会事務局) 730
充当事業:教育会館維持管理・P461",target_page_account_and_exact_name_unique;page_offset=0,bpi_fa5d249831f54eacc33495fd8681553a1601c5e5a81c0d29b7700e5872a3e0f7,exact_group,exact,1
ral_2026_general_152_013,rd_2026_general_revenue_19_06_09_54_95_4985100000,2026_general_expenditure_08_01_07_02_04,2026_general_expenditure_08_01_07,general,教育相談・ネットワーク連携,教育相談・ネットワーク連携,447,152,297,matched,page_and_exact_name,not_available,,r8tousyoyosanallpage.pdf,"95 教育相談室玉川分室(教育委員会事務局) 1,639
充当事業:教育相談・ネットワーク連携・P447",target_page_account_and_exact_name_unique;page_offset=0,bpi_203a76b084f136f09969c88b9e2a45b888ef145fa4d79fc0397eeffb0528787b,exact_group,exact,1
ral_2026_general_152_014,rd_2026_general_revenue_19_06_09_60_02_3445550000,2026_general_expenditure_02_03_14_01_05,2026_general_expenditure_02_03_14,general,総合運動場維持運営,総合運動場維持運営,341,152,297,matched,page_and_exact_name,not_available,,r8tousyoyosanallpage.pdf,"2 地方公共団体スポーツ活動助成(スポーツ推進部) 1,108
充当事業:総合運動場維持運営・P341",target_page_account_and_exact_name_unique;page_offset=0,bpi_03c663aa4f8dc3e80014cc0428b9de15d44f2b5710a88d4d6c98f4cf2d6ca601,exact_group,exact,1
ral_2026_general_152_015,rd_2026_general_revenue_19_06_09_64_02_3825150000,2026_general_expenditure_07_05_01_01_14,2026_general_expenditure_07_05_01,general,空家等対策事業運営,空家等対策事業運営,435,152,297,matched,page_and_exact_name,not_available,,r8tousyoyosanallpage.pdf,"2 空家等対策(防災街づくり担当部) 1,155
充当事業:空家等対策事業運営・P435",target_page_account_and_exact_name_unique;page_offset=0,bpi_3e01729c012cd24c22b7010b25ac12d30196a2c93bd52d694c4cd6ec25c67f64,exact_group,exact,1
ral_2026_general_152_016,rd_2026_general_revenue_19_06_09_66_01_3835100000,2026_general_expenditure_07_04_05_01_17,2026_general_expenditure_07_04_05,general,緑と水のまちづくり,緑と水のまちづくり,433,152,297,matched,page_and_exact_name,not_available,,r8tousyoyosanallpage.pdf,"1 生物多様性地域戦略(みどり33推進担当部) 7,803
充当事業:緑と水のまちづくり・P433",target_page_account_and_exact_name_unique;page_offset=0,bpi_634c2775546f5bad88084d4569353f989df52cd65386a957dcaedebb4652dcb4,exact_group,exact,1
ral_2026_general_152_017,rd_2026_general_revenue_19_06_09_66_02_3465200000,2026_general_expenditure_04_02_01_01_08,2026_general_expenditure_04_02_01,general,公害防止等指導,公害防止等指導,391,152,297,matched,page_and_exact_name,not_available,,r8tousyoyosanallpage.pdf,"2 外来種・移入種の積極的防除事業(環境政策部) 7,588
充当事業:公害防止等指導・P391",target_page_account_and_exact_name_unique;page_offset=0,bpi_4658188555b456ac837974a9ab5ae550e36508dcb00c6dda3d81b1c5a2080bc6,exact_group,exact,1
ral_2026_general_152_018,rd_2026_general_revenue_19_06_09_66_15_3465120000,2026_general_expenditure_04_02_01_01_11,2026_general_expenditure_04_02_01,general,再生可能エネルギーの利用拡大と促進,再生可能エネルギーの利用拡大と促進,391,152,297,matched,page_and_exact_name,not_available,,r8tousyoyosanallpage.pdf,"15 充電設備運営支援事業(環境政策部) 868
充当事業:再生可能エネルギーの利用拡大と促進・P391",target_page_account_and_exact_name_unique;page_offset=0,bpi_29305c1b2c26207087df7c71f789e6605f203ebad9badf1fc325f350ee5501c3,exact_group,exact,1
ral_2026_general_152_019,rd_2026_general_revenue_19_06_09_66_17_3465200000,2026_general_expenditure_04_02_01_01_07,2026_general_expenditure_04_02_01,general,環境監視調査,環境監視調査,391,152,297,matched,page_and_exact_name,not_available,,r8tousyoyosanallpage.pdf,"17 アスベスト飛散防止対策の推進事業(環境政策部) 75
充当事業:環境監視調査・P391",target_page_account_and_exact_name_unique;page_offset=0,bpi_1e9ba402b5fab94da9560ef046865a7d2660aa24e1b9a00464fc9e9a797835fc,exact_group,exact,1
ral_2026_general_153_001,rd_2026_general_revenue_19_06_09_66_18_3555300000,2026_general_expenditure_04_03_03_01_09,2026_general_expenditure_04_03_03,general,資源分別回収事業,資源分別回収事業,395,153,299,matched,page_and_exact_name,not_available,,r8tousyoyosanallpage.pdf,"18 熱中症・ヒートアイランド対策推進事業(環境政策部) 1,500
充当事業:資源分別回収事業・P395",target_page_account_and_exact_name_unique;page_offset=0,bpi_6d9589f83a7741e1a146c5742f0e83592b24f7a4186514a309b7230fec444697,exact_group,exact,1
ral_2026_general_153_002,rd_2026_general_revenue_19_06_09_66_19_3555300000,2026_general_expenditure_04_03_02_01_01,2026_general_expenditure_04_03_02,general,ごみ収集作業,ごみ収集作業,395,153,299,matched,page_and_exact_name,not_available,,r8tousyoyosanallpage.pdf,"19 熱中症・ヒートアイランド対策推進事業(環境政策部) 1,500
充当事業:ごみ収集作業・P395",target_page_account_and_exact_name_unique;page_offset=0,bpi_6b9d2197dba15c7b72f878f5704fa5475f891e6d8639f651197efb09c9982ca6,exact_group,exact,1
ral_2026_general_153_003,rd_2026_general_revenue_19_06_09_66_20_3555300000,2026_general_expenditure_04_03_03_01_06,2026_general_expenditure_04_03_03,general,リサイクル活動団体援助,リサイクル活動団体援助,395,153,299,matched,page_and_exact_name,not_available,,r8tousyoyosanallpage.pdf,"20 廃棄物の3R推進事業(環境政策部) 2,500
充当事業:リサイクル活動団体援助・P395",target_page_account_and_exact_name_unique;page_offset=0,bpi_5e35175da6fda6b23b2ff7a6651c52a8ee68b6b2c057bd6dd795fd19752b11ed,exact_group,exact,1
ral_2026_general_153_004,rd_2026_general_revenue_19_06_09_66_23_3465120000,2026_general_expenditure_04_02_01_01_20,2026_general_expenditure_04_02_01,general,脱炭素地域づくり等の推進,脱炭素地域づくり等の推進,391,153,299,matched,page_and_exact_name,not_available,,r8tousyoyosanallpage.pdf,"23 脱炭素地域づくり事業(環境政策部) 25,708
充当事業:脱炭素地域づくり等の推進・P391",target_page_account_and_exact_name_unique;page_offset=0,bpi_89ae2551690be8736b01a1b6fb29964e9e2decd01d5b2f69b4ed52b860079475,exact_group,exact,1
ral_2026_general_153_005,rd_2026_general_revenue_19_06_09_66_24_3555300000,2026_general_expenditure_04_03_02_01_01,2026_general_expenditure_04_03_02,general,ごみ収集作業,ごみ収集作業,395,153,299,matched,page_and_exact_name,not_available,,r8tousyoyosanallpage.pdf,"24 廃棄物の適正処理推進事業(環境政策部) 3,294
充当事業:ごみ収集作業・P395",target_page_account_and_exact_name_unique;page_offset=0,bpi_6b9d2197dba15c7b72f878f5704fa5475f891e6d8639f651197efb09c9982ca6,exact_group,exact,1
ral_2026_general_153_006,rd_2026_general_revenue_19_06_09_66_25_2435100000,2026_general_expenditure_02_03_02_04_03,2026_general_expenditure_02_03_02,general,砧地域支所・出張所改修,砧地域支所・出張所改修,333,153,299,matched,page_and_exact_name,not_available,,r8tousyoyosanallpage.pdf,"25 区市町村公共施設等への再生可能エネルギー導入促進事業(砧総合支所) 6,500
充当事業:砧地域支所・出張所改修・P333",target_page_account_and_exact_name_unique;page_offset=2,bpi_1d29a86cb4fd806e87734fa8c1ca46f90d9b5b0694a5b54e5b4dccabdf791b9a,exact_group,exact,1
ral_2026_general_153_007,rd_2026_general_revenue_19_06_09_67_02_3595200000,2026_general_expenditure_03_03_03_01_01,2026_general_expenditure_03_03_03,general,生活保護法に基づく保護費,生活保護法に基づく保護費,387,153,299,matched,page_and_exact_name,not_available,,r8tousyoyosanallpage.pdf,"2 第三者求償事務(保健福祉政策部) 9,429
充当事業:生活保護法に基づく保護費・P387",target_page_account_and_exact_name_unique;page_offset=0,bpi_0eb7b3360ac500246fe3cad6504fa0c0fed9e72ff3d2d6c398d288cdbcc7b3a1,exact_group,exact,1
ral_2026_general_153_008,rd_2026_general_revenue_19_06_09_70_01_3465200000,2026_general_expenditure_04_02_01_01_14,2026_general_expenditure_04_02_01,general,生活環境保全事業,生活環境保全事業,391,153,299,matched,page_and_exact_name,not_available,,r8tousyoyosanallpage.pdf,"1 代行措置費用(環境政策部) 435
充当事業:生活環境保全事業・P391",target_page_account_and_exact_name_unique;page_offset=0,bpi_0b64a5458acd829c2fef8a9abcdc689efad033394c32dcf911f74e39dc6fdd1e,exact_group,exact,1
ral_2026_general_153_009,rd_2026_general_revenue_19_06_09_71_02_3355100000,2026_general_expenditure_02_01_07_01_01,2026_general_expenditure_02_01_07,general,車両維持運営,車両維持運営,323,153,299,matched,page_and_exact_name,not_available,,r8tousyoyosanallpage.pdf,"2 クリーンエネルギー自動車等導入促進対策費補助金(財務部) 23
充当事業:車両維持運営・P323",target_page_account_and_exact_name_unique;page_offset=0,bpi_5f299f217dfdb9b8265b0632e8c397b444fd7fdbbf509ebd3e74826ee208921f,exact_group,exact,1
ral_2026_general_153_010,rd_2026_general_revenue_19_06_09_73_05_3405500000,2026_general_expenditure_02_03_01_03_11,2026_general_expenditure_02_03_01,general,地域交流・まつり事業支援,地域交流・まつり事業支援,329,153,299,matched,page_and_exact_name,not_available,,r8tousyoyosanallpage.pdf,"5 特別区全国連携プロジェクト関連事業助成金(生活文化政策部) 2,000
充当事業:地域交流・まつり事業支援・P329",target_page_account_and_exact_name_unique;page_offset=2,bpi_6f35480c5da2fc3bad7fbe1852d5a58b13bc3e4955e371f58e9dab945667f4e6,exact_group,exact,1
ral_2026_general_153_011,rd_2026_general_revenue_19_06_09_76_02_3445550000,2026_general_expenditure_02_03_14_01_09,2026_general_expenditure_02_03_14,general,大蔵第二運動公園運動施設維持運営,大蔵第二運動公園運動施設維持運営,341,153,299,matched,page_and_exact_name,not_available,,r8tousyoyosanallpage.pdf,"2 大蔵第二運動場利用料金納付金(光熱水費等)(スポーツ推進部) 68,880
充当事業:大蔵第二運動公園運動施設維持運営・P341",target_page_account_and_exact_name_unique;page_offset=0,bpi_aec834437755df303e099c4ebe7b7707f8816ccd8bce10a3fcbc11c3cf8518ae,exact_group,exact,1
ral_2026_general_153_012,rd_2026_general_revenue_19_06_09_76_03_3445100000,2026_general_expenditure_02_03_14_01_19,2026_general_expenditure_02_03_14,general,スポーツ推進基金積立金,スポーツ推進基金積立金,343,153,299,matched,page_and_exact_name,not_available,,r8tousyoyosanallpage.pdf,"3 大蔵第二運動場利用料金納付金(基金積立金)(スポーツ推進部) 58,159
充当事業:スポーツ推進基金積立金・P343",target_page_account_and_exact_name_unique;page_offset=2,bpi_925b4d98245d76b804f2a490d1071bac44c2c6e7e67de4526e749e017916d575,exact_group,exact,1
ral_2026_general_153_013,rd_2026_general_revenue_19_06_09_77_02_3405350000,2026_general_expenditure_02_03_01_01_09,2026_general_expenditure_02_03_01,general,市民活動の促進,市民活動の促進,327,153,299,matched,page_and_exact_name,not_available,,r8tousyoyosanallpage.pdf,"2 コミュニティ助成事業(生活文化政策部) 3,600
充当事業:市民活動の促進・P327",target_page_account_and_exact_name_unique;page_offset=0,bpi_af9c9e3c46194f036673b2415ebb968f01bd99cba23445e52b0b9639c67c1b63,exact_group,exact,1
ral_2026_general_153_014,rd_2026_general_revenue_19_06_09_83_01_3895200000,2026_general_expenditure_07_02_06_01_01,2026_general_expenditure_07_02_06,general,交通安全啓発,交通安全啓発,425,153,299,matched,page_and_exact_name,not_available,,r8tousyoyosanallpage.pdf,"1 区民交通傷害保険特約事務取扱費(土木部) 2,386
充当事業:交通安全啓発・P425",target_page_account_and_exact_name_unique;page_offset=0,bpi_0ec074d3a93a5aa9bcb52378c26f7d032ca032822b1e570d6a596415aa2cec9a,exact_group,exact,1
ral_2026_general_153_015,rd_2026_general_revenue_19_06_09_83_23_3865100000,2026_general_expenditure_07_02_01_01_01,2026_general_expenditure_07_02_01,general,道路台帳等整備,道路台帳等整備,421,153,299,matched,page_and_exact_name,not_available,,r8tousyoyosanallpage.pdf,"23 測量標復旧(道路・交通計画部) 7,001
充当事業:道路台帳等整備・P421",target_page_account_and_exact_name_unique;page_offset=0,bpi_a25582653872cc95cd49e2905f0a11e491609e3ddb03a4fc10361af27c4889db,exact_group,exact,1
ral_2026_general_153_016,rd_2026_general_revenue_19_06_09_83_40_3555300000,2026_general_expenditure_04_03_03_01_09,2026_general_expenditure_04_03_03,general,資源分別回収事業,資源分別回収事業,395,153,299,matched,page_and_exact_name,not_available,,r8tousyoyosanallpage.pdf,"40 ペットボトル等の有償入札拠出金(環境政策部) 113,508
充当事業:資源分別回収事業・P395",target_page_account_and_exact_name_unique;page_offset=0,bpi_6d9589f83a7741e1a146c5742f0e83592b24f7a4186514a309b7230fec444697,exact_group,exact,1
ral_2026_general_153_017,rd_2026_general_revenue_19_06_09_83_41_3555300000,2026_general_expenditure_04_03_03_01_09,2026_general_expenditure_04_03_03,general,資源分別回収事業,資源分別回収事業,395,153,299,matched,page_and_exact_name,not_available,,r8tousyoyosanallpage.pdf,"41 再商品化合理化拠出金(環境政策部) 1,278
充当事業:資源分別回収事業・P395",target_page_account_and_exact_name_unique;page_offset=0,bpi_6d9589f83a7741e1a146c5742f0e83592b24f7a4186514a309b7230fec444697,exact_group,exact,1
ral_2026_general_154_001,rd_2026_general_revenue_19_06_09_83_42_3865500000,2026_general_expenditure_07_06_01_01_29,2026_general_expenditure_07_06_01,general,交通バリアフリーの推進,交通バリアフリーの推進,439,154,301,matched,page_and_exact_name,not_available,,r8tousyoyosanallpage.pdf,"42 コミュニティ交通協賛金(道路・交通計画部) 340
充当事業:交通バリアフリーの推進・P439",target_page_account_and_exact_name_unique;page_offset=0,bpi_4b5267edc396f75923bbdebb8a9f5293895b0a701e1751fe93da5314443bffe1,exact_group,exact,1
ral_2026_general_154_002,rd_2026_general_revenue_19_06_09_83_46_3445550000,2026_general_expenditure_02_03_14_01_07,2026_general_expenditure_02_03_14,general,千歳温水プール維持運営,千歳温水プール維持運営,341,154,301,matched,page_and_exact_name,not_available,,r8tousyoyosanallpage.pdf,"46 千歳温水プール管理運営(スポーツ推進部) 608
充当事業:千歳温水プール維持運営・P341",target_page_account_and_exact_name_unique;page_offset=0,bpi_62a26ba248202e364005fd2d64262bae4c0588694934abbc1117ce10d4da1b44,exact_group,exact,1
ral_2026_general_154_003,rd_2026_general_revenue_19_06_09_83_47_3525210000,2026_general_expenditure_06_01_01_01_58,2026_general_expenditure_06_01_01,general,地域経済活動の促進,地域経済活動の促進,413,154,301,matched,page_and_exact_name,not_available,,r8tousyoyosanallpage.pdf,"47 キッチンカー等出店料(経済産業部) 979
充当事業:地域経済活動の促進・P413",target_page_account_and_exact_name_unique;page_offset=2,bpi_f2e6edfde90fc71a0173dd42d6bd2c79fa52828302dce480c7ac0de4eaf14813,exact_group,exact,1
ral_2026_general_154_004,rd_2026_general_revenue_19_06_09_83_52_3405450000,2026_general_expenditure_02_03_01_09_02,2026_general_expenditure_02_03_01,general,平和都市宣言事業,平和都市宣言事業,331,154,301,matched,page_and_exact_name,not_available,,r8tousyoyosanallpage.pdf,"52 若い世代による被爆地での平和学習支援補助金(生活文化政策部) 223
充当事業:平和都市宣言事業・P331",target_page_account_and_exact_name_unique;page_offset=4,bpi_7a4ce6ea311c9c43e88b786933e0f12cedb521430ff52f205c466b92b2962ad2,exact_group,exact,1
ral_2026_general_154_005,rd_2026_general_revenue_19_06_09_90_01_3415220000,2026_general_expenditure_02_04_02_01_01,2026_general_expenditure_02_04_02,general,住民記録事務,住民記録事務,345,154,301,matched,page_and_exact_name,not_available,,r8tousyoyosanallpage.pdf,"1 庁内設置分手数料(地域行政部) 11,796
充当事業:住民記録事務・P345",target_page_account_and_exact_name_unique;page_offset=0,bpi_fe3a39722e0e3cab08c1a4409be06e903b0734d21b08fc51170971071e24a644,exact_group,exact,1
ral_2026_general_154_006,rd_2026_general_revenue_19_06_09_97_02_3445550000,2026_general_expenditure_02_03_14_01_25,2026_general_expenditure_02_03_14,general,スポーツ施設民間連携等,スポーツ施設民間連携等,343,154,301,matched,page_and_exact_name,not_available,,r8tousyoyosanallpage.pdf,"2 リコー砧総合運動場(スポーツ推進部) 1,097
充当事業:スポーツ施設民間連携等・P343",target_page_account_and_exact_name_unique;page_offset=2,bpi_c3fd895d1badce4c3975b9d6af92dd486328d7c673341a77785b996974e0e299,exact_group,exact,1
ral_2026_general_154_007,rd_2026_general_revenue_19_06_09_97_03_3445550000,2026_general_expenditure_02_03_14_01_25,2026_general_expenditure_02_03_14,general,スポーツ施設民間連携等,スポーツ施設民間連携等,343,154,301,matched,page_and_exact_name,not_available,,r8tousyoyosanallpage.pdf,"3 給田一丁目第一生命グラウンド(スポーツ推進部) 3,922
充当事業:スポーツ施設民間連携等・P343",target_page_account_and_exact_name_unique;page_offset=2,bpi_c3fd895d1badce4c3975b9d6af92dd486328d7c673341a77785b996974e0e299,exact_group,exact,1
ral_2026_general_154_008,rd_2026_general_revenue_19_06_09_97_04_3405350000,2026_general_expenditure_02_03_15_01_07,2026_general_expenditure_02_03_15,general,高齢者の地域参加促進,高齢者の地域参加促進,343,154,301,matched,page_and_exact_name,not_available,,r8tousyoyosanallpage.pdf,"4 代田地区会館居場所づくり(生活文化政策部) 294
充当事業:高齢者の地域参加促進・P343",target_page_account_and_exact_name_unique;page_offset=0,bpi_cee36e3f547d5e26f72a3dd79b4b66fd23149fd8b3955f12891231334742c18b,exact_group,exact,1
ral_2026_general_154_009,rd_2026_general_revenue_19_06_09_97_07_3445550000,2026_general_expenditure_02_03_14_01_25,2026_general_expenditure_02_03_14,general,スポーツ施設民間連携等,スポーツ施設民間連携等,343,154,301,matched,page_and_exact_name,not_available,,r8tousyoyosanallpage.pdf,"7 第一生命相娯園テニスコート(スポーツ推進部) 1,158
充当事業:スポーツ施設民間連携等・P343",target_page_account_and_exact_name_unique;page_offset=2,bpi_c3fd895d1badce4c3975b9d6af92dd486328d7c673341a77785b996974e0e299,exact_group,exact,1
ral_2026_general_154_010,rd_2026_general_revenue_19_06_09_97_09_4965200000,2026_general_expenditure_08_06_04_01_15,2026_general_expenditure_08_06_04,general,図書館管理運営,図書館管理運営,461,154,301,matched,page_and_exact_name,not_available,,r8tousyoyosanallpage.pdf,"9 図書館コピーサービス料(教育委員会事務局) 3,107
充当事業:図書館管理運営・P461",target_page_account_and_exact_name_unique;page_offset=0,bpi_6ee9796d9f747d38173580e0d2138d7ba17fdc6fb77fc5d7d31f0ffc384f7a1c,exact_group,exact,1
ral_2026_general_154_011,rd_2026_general_revenue_19_06_09_97_12_3525210000,2026_general_expenditure_06_01_01_01_56,2026_general_expenditure_06_01_01,general,産業活性化拠点事業,産業活性化拠点事業,413,154,301,matched,page_and_exact_name,not_available,,r8tousyoyosanallpage.pdf,"12 池尻2丁目体育館(経済産業部) 511
充当事業:産業活性化拠点事業・P413",target_page_account_and_exact_name_unique;page_offset=2,bpi_e95fa0cc42a8423fbc88eb6539c3f2d98b2c44d2b8bc5056b7b70088822f4862,exact_group,exact,1
ral_2026_general_154_012,rd_2026_general_revenue_19_06_09_97_16_3785200000,2026_general_expenditure_05_03_05_01_20,2026_general_expenditure_05_03_05,general,妊産婦及び乳幼児への栄養・食生活支援事業,妊産婦及び乳幼児への栄養・食生活支援事業,405,154,301,matched,page_and_exact_name,not_available,,r8tousyoyosanallpage.pdf,"16 マタニティランチ参加費(世田谷保健所) 134
充当事業:妊産婦及び乳幼児への栄養・食生活支援事業・P405",target_page_account_and_exact_name_unique;page_offset=0,bpi_d2aa49d1b65e567becca7f2dc705c6a3e6194e0b117056191cf943e53ee932f6,exact_group,exact,1
ral_2026_general_154_013,rd_2026_general_revenue_19_06_09_98_01_3095100000,2026_general_expenditure_02_01_04_01_04,2026_general_expenditure_02_01_04,general,システム開発及び改善,システム開発及び改善,321,154,301,matched,page_and_exact_name,not_available,,r8tousyoyosanallpage.pdf,"1 地方公共団体情報システムの標準化・共通化に係る事業(DX推進担当部) 224,235
充当事業:システム開発及び改善・P321",target_page_account_and_exact_name_unique;page_offset=0,bpi_fadf70dcc64395aeebe5ae2480de4a313ce8f1119b0c9185ae88bd950b75b2fa,exact_group,exact,1
ral_2026_general_154_014,rd_2026_general_revenue_19_06_09_98_07_3095100000,2026_general_expenditure_02_01_04_01_08,2026_general_expenditure_02_01_04,general,基幹業務システム運用,基幹業務システム運用,321,154,301,matched,page_and_exact_name,not_available,,r8tousyoyosanallpage.pdf,"7 地方公共団体情報システムの標準化・共通化に係る事業(DX推進担当部) 3,168
充当事業:基幹業務システム運用・P321",target_page_account_and_exact_name_unique;page_offset=0,bpi_c8f71e18c243fb14f7f2387161d408a5dbaf9a28862c72b9dc2c824621dfe7e4,exact_group,exact,1
ral_2026_general_154_015,rd_2026_general_revenue_19_06_10_01_08_3655100000,2026_general_expenditure_03_01_03_03_01,2026_general_expenditure_03_01_03,general,障害者ホームヘルパー等派遣,障害者ホームヘルパー等派遣,367,154,301,matched,page_and_exact_name,not_available,,r8tousyoyosanallpage.pdf,"8 居宅介護事業(障害福祉部) 446
充当事業:障害者ホームヘルパー等派遣・P367",target_page_account_and_exact_name_unique;page_offset=0,bpi_39e9fd68b4d06f857cf08be47b46b05f303b047be9c3a2cf5f21664442fec9c6,exact_group,exact,1
ral_2026_general_154_016,rd_2026_general_revenue_19_06_10_01_79_3655300000,2026_general_expenditure_03_01_16_01_40,2026_general_expenditure_03_01_16,general,配慮を要する児童への支援事業,配慮を要する児童への支援事業,371,154,301,matched,page_and_exact_name,not_available,,r8tousyoyosanallpage.pdf,"79 発達障害相談・療育センター(障害福祉部) 1,896
充当事業:配慮を要する児童への支援事業・P371",target_page_account_and_exact_name_unique;page_offset=2,bpi_a0e9577342786c020a22796e2cca204df41dd09fdff99b7b54416d3fb2c87a9b,exact_group,exact,1
ral_2026_general_154_017,rd_2026_general_revenue_19_06_10_01_80_3655300000,2026_general_expenditure_03_01_16_01_40,2026_general_expenditure_03_01_16,general,配慮を要する児童への支援事業,配慮を要する児童への支援事業,371,154,301,matched,page_and_exact_name,not_available,,r8tousyoyosanallpage.pdf,"80 子育てステーション発達相談室(障害福祉部) 2,428
充当事業:配慮を要する児童への支援事業・P371",target_page_account_and_exact_name_unique;page_offset=2,bpi_a0e9577342786c020a22796e2cca204df41dd09fdff99b7b54416d3fb2c87a9b,exact_group,exact,1
ral_2026_general_154_018,rd_2026_general_revenue_19_06_10_02_36_3655100000,2026_general_expenditure_03_01_03_03_01,2026_general_expenditure_03_01_03,general,障害者ホームヘルパー等派遣,障害者ホームヘルパー等派遣,367,154,301,matched,page_and_exact_name,not_available,,r8tousyoyosanallpage.pdf,"36 居宅介護事業(障害福祉部) 42,548
充当事業:障害者ホームヘルパー等派遣・P367",target_page_account_and_exact_name_unique;page_offset=0,bpi_39e9fd68b4d06f857cf08be47b46b05f303b047be9c3a2cf5f21664442fec9c6,exact_group,exact,1
ral_2026_general_155_001,rd_2026_general_revenue_19_06_10_02_47_3655300000,2026_general_expenditure_03_01_03_04_16,2026_general_expenditure_03_01_03,general,基幹相談支援センター事業運営,基幹相談支援センター事業運営,369,155,303,matched,page_and_exact_name,not_available,,r8tousyoyosanallpage.pdf,"47 計画相談支援等(障害福祉部) 1,688
充当事業:基幹相談支援センター事業運営・P369",target_page_account_and_exact_name_unique;page_offset=2,bpi_ec20c8eb551522aad785dd39ca3def6440a30e8e84962e2a939e4114839d4e74,exact_group,exact,1
ral_2026_general_155_002,rd_2026_general_revenue_19_06_10_02_49_3655300000,2026_general_expenditure_03_01_16_01_40,2026_general_expenditure_03_01_16,general,配慮を要する児童への支援事業,配慮を要する児童への支援事業,371,155,303,matched,page_and_exact_name,not_available,,r8tousyoyosanallpage.pdf,"49 発達障害相談・療育センター(障害福祉部) 97,121
充当事業:配慮を要する児童への支援事業・P371",target_page_account_and_exact_name_unique;page_offset=2,bpi_a0e9577342786c020a22796e2cca204df41dd09fdff99b7b54416d3fb2c87a9b,exact_group,exact,1
ral_2026_general_155_003,rd_2026_general_revenue_19_06_11_01_04_3655200000,2026_general_expenditure_03_01_16_03_05,2026_general_expenditure_03_01_16,general,障害者短期入所等事業,障害者短期入所等事業,371,155,303,matched,page_and_exact_name,not_available,,r8tousyoyosanallpage.pdf,"4 なかまっち(障害福祉部) 56
充当事業:障害者短期入所等事業・P371",target_page_account_and_exact_name_unique;page_offset=2,bpi_6d4dcae0b0c2dd6f29b9aa89a75555f03c4c9a6a030f36453a05dc2227966192,exact_group,exact,1
ral_2026_general_155_004,rd_2026_general_revenue_19_06_11_01_05_3655200000,2026_general_expenditure_03_01_16_03_05,2026_general_expenditure_03_01_16,general,障害者短期入所等事業,障害者短期入所等事業,371,155,303,matched,page_and_exact_name,not_available,,r8tousyoyosanallpage.pdf,"5 松原けやき寮(障害福祉部) 40
充当事業:障害者短期入所等事業・P371",target_page_account_and_exact_name_unique;page_offset=2,bpi_6d4dcae0b0c2dd6f29b9aa89a75555f03c4c9a6a030f36453a05dc2227966192,exact_group,exact,1
ral_2026_general_155_005,rd_2026_general_revenue_19_06_11_01_52_3655200000,2026_general_expenditure_03_01_16_03_05,2026_general_expenditure_03_01_16,general,障害者短期入所等事業,障害者短期入所等事業,371,155,303,matched,page_and_exact_name,not_available,,r8tousyoyosanallpage.pdf,"52 なかまっち賄費(障害福祉部) 725
充当事業:障害者短期入所等事業・P371",target_page_account_and_exact_name_unique;page_offset=2,bpi_6d4dcae0b0c2dd6f29b9aa89a75555f03c4c9a6a030f36453a05dc2227966192,exact_group,exact,1
ral_2026_general_155_006,rd_2026_general_revenue_19_06_11_01_53_3655200000,2026_general_expenditure_03_01_16_03_05,2026_general_expenditure_03_01_16,general,障害者短期入所等事業,障害者短期入所等事業,371,155,303,matched,page_and_exact_name,not_available,,r8tousyoyosanallpage.pdf,"53 松原けやき寮賄費(障害福祉部) 298
充当事業:障害者短期入所等事業・P371",target_page_account_and_exact_name_unique;page_offset=2,bpi_6d4dcae0b0c2dd6f29b9aa89a75555f03c4c9a6a030f36453a05dc2227966192,exact_group,exact,1
ral_2026_general_155_007,rd_2026_general_revenue_19_06_11_01_82_3655200000,2026_general_expenditure_03_01_16_01_31,2026_general_expenditure_03_01_16,general,生活介護事業運営,生活介護事業運営,369,155,303,matched,page_and_exact_name,not_available,,r8tousyoyosanallpage.pdf,"82 利用者自己負担金(生活介護)(障害福祉部) 20,371
充当事業:生活介護事業運営・P369",target_page_account_and_exact_name_unique;page_offset=0,bpi_cd037da26e8c85d54176f7db24ef8082ad285bb27812b79ce63d7ba0333aae08,exact_group,exact,1
ral_2026_general_155_008,rd_2026_general_revenue_19_06_11_01_84_3655200000,2026_general_expenditure_03_01_16_01_32,2026_general_expenditure_03_01_16,general,就労移行・継続支援事業運営,就労移行・継続支援事業運営,369,155,303,matched,page_and_exact_name,not_available,,r8tousyoyosanallpage.pdf,"84 利用者自己負担金(就労系)(障害福祉部) 12,693
充当事業:就労移行・継続支援事業運営・P369",target_page_account_and_exact_name_unique;page_offset=0,bpi_9fad8289f5aa68ac515874dc66a106ad20b8c6ba3d56dd6d8314a155a37e2522,exact_group,exact,1
ral_2026_general_155_009,rd_2026_general_revenue_19_06_11_02_04_3655200000,2026_general_expenditure_03_01_16_03_05,2026_general_expenditure_03_01_16,general,障害者短期入所等事業,障害者短期入所等事業,371,155,303,matched,page_and_exact_name,not_available,,r8tousyoyosanallpage.pdf,"4 なかまっち(障害福祉部) 15,712
充当事業:障害者短期入所等事業・P371",target_page_account_and_exact_name_unique;page_offset=2,bpi_6d4dcae0b0c2dd6f29b9aa89a75555f03c4c9a6a030f36453a05dc2227966192,exact_group,exact,1
ral_2026_general_155_010,rd_2026_general_revenue_19_06_11_02_05_3655200000,2026_general_expenditure_03_01_16_03_05,2026_general_expenditure_03_01_16,general,障害者短期入所等事業,障害者短期入所等事業,371,155,303,matched,page_and_exact_name,not_available,,r8tousyoyosanallpage.pdf,"5 松原けやき寮(障害福祉部) 6,546
充当事業:障害者短期入所等事業・P371",target_page_account_and_exact_name_unique;page_offset=2,bpi_6d4dcae0b0c2dd6f29b9aa89a75555f03c4c9a6a030f36453a05dc2227966192,exact_group,exact,1
ral_2026_general_155_011,rd_2026_general_revenue_19_06_11_02_25_3655200000,2026_general_expenditure_03_01_16_01_31,2026_general_expenditure_03_01_16,general,生活介護事業運営,生活介護事業運営,369,155,303,matched,page_and_exact_name,not_available,,r8tousyoyosanallpage.pdf,"25 自立支援サービス収入(生活介護)(障害福祉部) 1,178,156
充当事業:生活介護事業運営・P369",target_page_account_and_exact_name_unique;page_offset=0,bpi_cd037da26e8c85d54176f7db24ef8082ad285bb27812b79ce63d7ba0333aae08,exact_group,exact,1
ral_2026_general_155_012,rd_2026_general_revenue_19_06_11_02_26_3655200000,2026_general_expenditure_03_01_16_01_32,2026_general_expenditure_03_01_16,general,就労移行・継続支援事業運営,就労移行・継続支援事業運営,369,155,303,matched,page_and_exact_name,not_available,,r8tousyoyosanallpage.pdf,"26 自立支援サービス収入(就労系)(障害福祉部) 473,266
充当事業:就労移行・継続支援事業運営・P369",target_page_account_and_exact_name_unique;page_offset=0,bpi_9fad8289f5aa68ac515874dc66a106ad20b8c6ba3d56dd6d8314a155a37e2522,exact_group,exact,1
ral_2026_general_155_013,rd_2026_general_revenue_19_06_12_01_01_3465120000,2026_general_expenditure_04_02_01_01_11,2026_general_expenditure_04_02_01,general,再生可能エネルギーの利用拡大と促進,再生可能エネルギーの利用拡大と促進,391,155,303,matched,page_and_exact_name,not_available,,r8tousyoyosanallpage.pdf,"1 電気自動車公共用急速充電器利用料金納付金(環境政策部) 256
充当事業:再生可能エネルギーの利用拡大と促進・P391",target_page_account_and_exact_name_unique;page_offset=0,bpi_29305c1b2c26207087df7c71f789e6605f203ebad9badf1fc325f350ee5501c3,exact_group,exact,1
ral_2026_general_155_014,rd_2026_general_revenue_19_06_12_05_01_3655200000,2026_general_expenditure_03_01_16_01_32,2026_general_expenditure_03_01_16,general,就労移行・継続支援事業運営,就労移行・継続支援事業運営,369,155,303,matched,page_and_exact_name,not_available,,r8tousyoyosanallpage.pdf,"1 烏山福祉作業所(障害福祉部) 1
充当事業:就労移行・継続支援事業運営・P369",target_page_account_and_exact_name_unique;page_offset=0,bpi_9fad8289f5aa68ac515874dc66a106ad20b8c6ba3d56dd6d8314a155a37e2522,exact_group,exact,1
ral_2026_general_155_015,rd_2026_general_revenue_19_06_12_05_02_4965200000,2026_general_expenditure_08_06_04_01_15,2026_general_expenditure_08_06_04,general,図書館管理運営,図書館管理運営,461,155,303,matched,page_and_exact_name,not_available,,r8tousyoyosanallpage.pdf,"2 図書館(教育委員会事務局) 119
充当事業:図書館管理運営・P461",target_page_account_and_exact_name_unique;page_offset=0,bpi_6ee9796d9f747d38173580e0d2138d7ba17fdc6fb77fc5d7d31f0ffc384f7a1c,exact_group,exact,1
ral_2026_general_155_016,rd_2026_general_revenue_19_06_12_05_04_2535100000,2026_general_expenditure_02_03_06_01_34,2026_general_expenditure_02_03_06,general,烏山地域区民集会所維持運営,烏山地域区民集会所維持運営,335,155,303,matched,page_and_exact_name,not_available,,r8tousyoyosanallpage.pdf,"4 烏山地域区民集会所(烏山総合支所) 13
充当事業:烏山地域区民集会所維持運営・P335",target_page_account_and_exact_name_unique;page_offset=2,bpi_ed0d340b446afaaa17d1942aa7ad70674e41954c4c1a202d749eae1f7cc02c25,exact_group,exact,1
ral_2026_general_155_017,rd_2026_general_revenue_19_06_12_05_05_3665570000,2026_general_expenditure_03_02_01_01_45,2026_general_expenditure_03_02_01,general,産後ケア事業,産後ケア事業,377,155,303,matched,page_and_exact_name,not_available,,r8tousyoyosanallpage.pdf,"5 産後ケアセンター(子ども・若者部) 40
充当事業:産後ケア事業・P377",target_page_account_and_exact_name_unique;page_offset=2,bpi_19c522f8e05318de25782c4820bd72b15afc3a2f9597cf7d2d4c331838fb3029,exact_group,exact,1
ral_2026_general_155_018,rd_2026_general_revenue_19_06_12_05_06_4985100000,2026_general_expenditure_08_01_07_02_01,2026_general_expenditure_08_01_07,general,教育総合センター維持管理,教育総合センター維持管理,447,155,303,matched,page_and_exact_name,not_available,,r8tousyoyosanallpage.pdf,"6 教育総合センター(電気自動車)(教育委員会事務局) 16
充当事業:教育総合センター維持管理・P447",target_page_account_and_exact_name_unique;page_offset=0,bpi_507022c3562239d0dddda33595fe42e768f7ca1dac2f22d2d9b8409a6e0e2f14,exact_group,exact,1
ral_2026_general_156_001,rd_2026_general_revenue_19_06_12_05_08_3525400000,2026_general_expenditure_06_02_02_01_15,2026_general_expenditure_06_02_02,general,農福連携事業,農福連携事業,415,156,305,matched,page_and_exact_name,not_available,,r8tousyoyosanallpage.pdf,"8 農福連携事業(経済産業部) 150
充当事業:農福連携事業・P415",target_page_account_and_exact_name_unique;page_offset=0,bpi_9ad8d4874fe82b110798fd222ef92b8be24bf363d324aac7c60abbf3afd51f47,exact_group,exact,1
ral_2026_general_156_002,rd_2026_general_revenue_19_06_12_05_09_3525210000,2026_general_expenditure_06_01_01_01_56,2026_general_expenditure_06_01_01,general,産業活性化拠点事業,産業活性化拠点事業,413,156,305,matched,page_and_exact_name,not_available,,r8tousyoyosanallpage.pdf,"9 池尻2丁目体育館ふれあいルーム光熱水費(経済産業部) 41
充当事業:産業活性化拠点事業・P413",target_page_account_and_exact_name_unique;page_offset=2,bpi_e95fa0cc42a8423fbc88eb6539c3f2d98b2c44d2b8bc5056b7b70088822f4862,exact_group,exact,1
ral_2026_general_156_003,rd_2026_general_revenue_19_06_12_05_11_3665580000,2026_general_expenditure_03_02_01_01_06,2026_general_expenditure_03_02_01,general,保育運営事業,保育運営事業,375,156,305,matched,page_and_exact_name,not_available,,r8tousyoyosanallpage.pdf,"11 STKハイツ(子ども・若者部) 447
充当事業:保育運営事業・P375",target_page_account_and_exact_name_unique;page_offset=0,bpi_432b1f156ce121d6262f945bc142b1f5ff88627160d30d1f63605210c47199e5,exact_group,exact,1
ral_2026_general_156_004,rd_2026_general_revenue_19_06_12_05_12_3895300000,2026_general_expenditure_07_02_07_01_24,2026_general_expenditure_07_02_07,general,街路灯維持管理,街路灯維持管理,425,156,305,matched,page_and_exact_name,not_available,,r8tousyoyosanallpage.pdf,"12 経堂駅駅前広場(土木部) 18
充当事業:街路灯維持管理・P425",target_page_account_and_exact_name_unique;page_offset=0,bpi_348ed0bae3a0b5c54dd7e19646af9c70ca6a287fa2457f589aa8d0d25b4fc267,exact_group,exact,1
ral_2026_general_156_005,rd_2026_general_revenue_19_06_12_08_02_3595200000,2026_general_expenditure_03_01_01_03_21,2026_general_expenditure_03_01_01,general,成年後見制度,成年後見制度,357,156,305,matched,page_and_exact_name,not_available,,r8tousyoyosanallpage.pdf,"2 緊急対応金銭管理事業(保健福祉政策部) 9,900
充当事業:成年後見制度・P357",target_page_account_and_exact_name_unique;page_offset=0,bpi_0ebada9cbe60a0d39534020f0cd38f66c40bdd997c8903a63b528d0776831969,exact_group,exact,1
ral_2026_general_156_006,rd_2026_general_revenue_19_06_12_09_01_3815500000,2026_general_expenditure_07_05_02_01_17,2026_general_expenditure_07_05_02,general,住まいサポートセンター運営,住まいサポートセンター運営,437,156,305,matched,page_and_exact_name,not_available,,r8tousyoyosanallpage.pdf,"1 居住支援協議会運営(都市整備政策部) 816
充当事業:住まいサポートセンター運営・P437",target_page_account_and_exact_name_unique;page_offset=0,bpi_8ae5b77291fc2ead06a1a71c88d38b92420266e8f278d4ef6ea063f52a15b6b4,exact_group,exact,1
ral_2026_general_156_007,rd_2026_general_revenue_19_06_12_10_02_4975200000,2026_general_expenditure_08_01_03_01_53,2026_general_expenditure_08_01_03,general,英語教育の推進,英語教育の推進,447,156,305,matched,page_and_exact_name,not_available,,r8tousyoyosanallpage.pdf,"2 AIの活用による英語教育強化事業費(教育委員会事務局) 15,000
充当事業:英語教育の推進・P447",target_page_account_and_exact_name_unique;page_offset=2,bpi_558569c32266648fd444ae3d42e928360f90fc1f38884d2701ab38901ac6f8a8,exact_group,exact,1
ral_2026_general_157_001,rd_2026_general_revenue_20_01_01_17_01_3235200000,2026_general_expenditure_02_01_01_02_13,2026_general_expenditure_02_01_01,general,本庁舎等整備工事,本庁舎等整備工事,317,157,307,matched,page_and_exact_name,not_available,,r8tousyoyosanallpage.pdf,"1 本庁舎等整備費(庁舎整備担当部) 1,471,000
充当事業:本庁舎等整備工事・P317",target_page_account_and_exact_name_unique;page_offset=0,bpi_8b06067c54cce20d2c74b7cb39260cbfbebd61bce682425c153a46e34dd7919e,exact_group,exact,1
ral_2026_general_157_002,rd_2026_general_revenue_20_01_03_04_01_3835400000,2026_general_expenditure_07_04_02_01_28,2026_general_expenditure_07_04_02,general,公園用地買収,公園用地買収,433,157,307,matched,page_and_exact_name,not_available,,r8tousyoyosanallpage.pdf,"1 公園用地買収(みどり33推進担当部) 1,000,000
充当事業:公園用地買収・P433",target_page_account_and_exact_name_unique;page_offset=0,bpi_ce720411b75ae5899b46cd419717f8bde68af21c822bb2d7f2e57f1093a940af,exact_group,exact,1
ral_2026_general_157_003,rd_2026_general_revenue_20_01_03_07_01_3865500000,2026_general_expenditure_07_06_01_01_14,2026_general_expenditure_07_06_01,general,鉄道と道路の立体化の促進,鉄道と道路の立体化の促進,439,157,307,matched,page_and_exact_name,not_available,,r8tousyoyosanallpage.pdf,"1 連続立体化事業(道路・交通計画部) 500,000
充当事業:鉄道と道路の立体化の促進・P439",target_page_account_and_exact_name_unique;page_offset=0,bpi_3d2825748de24b03698a7e586c0ef3a2ee31d5eb4c7cdc12f81573020c30912a,exact_group,exact,1
ral_2026_general_157_004,rd_2026_general_revenue_20_01_04_01_04_4960160000,2026_general_expenditure_08_03_09_01_02,2026_general_expenditure_08_03_09,general,中学校改築工事,中学校改築工事,455,157,307,matched,page_and_exact_name,not_available,,r8tousyoyosanallpage.pdf,"4 中学校改築工事(教育委員会事務局) 2,000,000
充当事業:中学校改築工事・P455",target_page_account_and_exact_name_unique;page_offset=0,bpi_ade86719922583315962d30cd076758c8266300b40233adc94c7fb2a1e3e721e,exact_group,exact,1
ral_2026_general_157_005,rd_2026_general_revenue_20_01_04_01_05_4960160000,2026_general_expenditure_08_02_10_01_03,2026_general_expenditure_08_02_10,general,小学校用地買収,小学校用地買収,451,157,307,matched,page_and_exact_name,not_available,,r8tousyoyosanallpage.pdf,"5 小学校用地買収(教育委員会事務局) 83,000
充当事業:小学校用地買収・P451",target_page_account_and_exact_name_unique;page_offset=0,bpi_e0c506e02695a541e139df70aa525f64cc0a5dfa1b706b921d943c5b97835982,exact_group,exact,1
ral_2026_national_health_insurance_286_001,rd_2026_national_health_insurance_revenue_21_01_01_01_09_3595400000,2026_national_health_insurance_expenditure_25_02_01_01_01,2026_national_health_insurance_expenditure_25_02_01,national_health_insurance,特定健康診査等事業費,特定健康診査等事業費,607,286,565,matched,page_and_exact_name,not_available,,r8tousyoyosanallpage.pdf,"9 特定健康診査等事業費(保健福祉政策部) 67,555
充当事業:特定健康診査等事業費・P607",target_page_account_and_exact_name_unique;page_offset=0,bpi_fabc62a0603f939b300f7b62117b8c8b67877b9e9f9b8982b0d302f77372bfd4,exact_group,exact,1
ral_2026_national_health_insurance_286_002,rd_2026_national_health_insurance_revenue_21_01_01_01_11_3595400000,2026_national_health_insurance_expenditure_22_04_01_01_01,2026_national_health_insurance_expenditure_22_04_01,national_health_insurance,葬祭費,葬祭費,601,286,565,matched,page_and_exact_name,not_available,,r8tousyoyosanallpage.pdf,"11 葬祭費(保健福祉政策部) 36,400
充当事業:葬祭費・P601",target_page_account_and_exact_name_unique;page_offset=0,bpi_0f31f8c028b76175868d4b5930c7b6106315e25679a82e5e7fe956b35d6650da,exact_group,exact,1
ral_2026_national_health_insurance_286_003,rd_2026_national_health_insurance_revenue_21_01_01_01_12_3595400000,2026_national_health_insurance_expenditure_22_03_02_01_01,2026_national_health_insurance_expenditure_22_03_02,national_health_insurance,出産育児一時金,出産育児一時金,599,286,565,matched,page_and_exact_name,not_available,,r8tousyoyosanallpage.pdf,"12 出産育児一時金(保健福祉政策部) 260,500
充当事業:出産育児一時金・P599",target_page_account_and_exact_name_unique;page_offset=0,bpi_84db005bec9d673a603cd4cba87d1b28eb17619e62b0860a0501cdead2c76fbb,exact_group,exact,1
ral_2026_national_health_insurance_286_004,rd_2026_national_health_insurance_revenue_21_01_01_01_13_3595400000,2026_national_health_insurance_expenditure_32_01_01_01_01,2026_national_health_insurance_expenditure_32_01_01,national_health_insurance,医療給付費分納付金,医療給付費分納付金,613,286,565,matched,page_and_exact_name,not_available,,r8tousyoyosanallpage.pdf,"13 医療給付費分(納付金)(保健福祉政策部) 15,730,761
充当事業:医療給付費分納付金・P613",target_page_account_and_exact_name_unique;page_offset=0,bpi_ca83f1e53d5e267cfd11f86285b5f7ac698af2d389e8aeba8ac4ec80abfdce2e,exact_group,exact,1
ral_2026_national_health_insurance_286_005,rd_2026_national_health_insurance_revenue_21_01_01_01_14_3595500000,2026_national_health_insurance_expenditure_27_03_01_01_01,2026_national_health_insurance_expenditure_27_03_01,national_health_insurance,保険料還付金,保険料還付金,611,286,565,matched,page_and_exact_name,not_available,,r8tousyoyosanallpage.pdf,"14 保険料還付金(医療給付費分)(保健福祉政策部) 183,297
充当事業:保険料還付金・P611",target_page_account_and_exact_name_unique;page_offset=0,bpi_202c8165a3e2ccd07743d446a27f862e570bb34389964a4a13ef25a4b84e4b45,exact_group,exact,1
ral_2026_national_health_insurance_286_006,rd_2026_national_health_insurance_revenue_21_01_01_01_15_3595400000,2026_national_health_insurance_expenditure_22_03_03_01_01,2026_national_health_insurance_expenditure_22_03_03,national_health_insurance,出産育児一時金支払手数料,出産育児一時金支払手数料,599,286,565,matched,page_and_exact_name,not_available,,r8tousyoyosanallpage.pdf,"15 出産育児一時金支払手数料(保健福祉政策部) 110
充当事業:出産育児一時金支払手数料・P599",target_page_account_and_exact_name_unique;page_offset=0,bpi_d2a5e25838c13f9ed3970a4af5a110e4facc5950083bc12a8cff14e35bd7326a,exact_group,exact,1
ral_2026_national_health_insurance_286_007,rd_2026_national_health_insurance_revenue_21_01_01_01_17_3595500000,2026_national_health_insurance_expenditure_27_03_01_01_03,2026_national_health_insurance_expenditure_27_03_01,national_health_insurance,保険料延滞金還付金,保険料延滞金還付金,611,286,565,matched,page_and_exact_name,not_available,,r8tousyoyosanallpage.pdf,"17 保険料延滞金還付金(保健福祉政策部) 700
充当事業:保険料延滞金還付金・P611",target_page_account_and_exact_name_unique;page_offset=0,bpi_7ecd3ecea62f8d9637dd34d4291207caed8353bbf92623c3ca6a7e4ba4d5fe81,exact_group,exact,1
ral_2026_national_health_insurance_286_008,rd_2026_national_health_insurance_revenue_21_01_01_02_04_3595400000,2026_national_health_insurance_expenditure_32_01_01_01_01,2026_national_health_insurance_expenditure_32_01_01,national_health_insurance,医療給付費分納付金,医療給付費分納付金,613,286,565,matched,page_and_exact_name,not_available,,r8tousyoyosanallpage.pdf,"4 医療給付費分(納付金)(保健福祉政策部) 744,620
充当事業:医療給付費分納付金・P613",target_page_account_and_exact_name_unique;page_offset=0,bpi_ca83f1e53d5e267cfd11f86285b5f7ac698af2d389e8aeba8ac4ec80abfdce2e,exact_group,exact,1
ral_2026_national_health_insurance_286_009,rd_2026_national_health_insurance_revenue_21_01_01_03_03_3595400000,2026_national_health_insurance_expenditure_32_03_01_01_01,2026_national_health_insurance_expenditure_32_03_01,national_health_insurance,介護納付金分納付金,介護納付金分納付金,617,286,565,matched,page_and_exact_name,not_available,,r8tousyoyosanallpage.pdf,"3 介護納付金分(納付金)(保健福祉政策部) 2,342,513
充当事業:介護納付金分納付金・P617",target_page_account_and_exact_name_unique;page_offset=0,bpi_4ac39fdca94180e731db01594553c1a10e5a79533d25660f1b44b7b9982cfca6,exact_group,exact,1
ral_2026_national_health_insurance_286_010,rd_2026_national_health_insurance_revenue_21_01_01_03_04_3595500000,2026_national_health_insurance_expenditure_27_03_01_01_01,2026_national_health_insurance_expenditure_27_03_01,national_health_insurance,保険料還付金,保険料還付金,611,286,565,matched,page_and_exact_name,not_available,,r8tousyoyosanallpage.pdf,"4 保険料還付金(介護納付金分)(保健福祉政策部) 7,031
充当事業:保険料還付金・P611",target_page_account_and_exact_name_unique;page_offset=0,bpi_202c8165a3e2ccd07743d446a27f862e570bb34389964a4a13ef25a4b84e4b45,exact_group,exact,1
ral_2026_national_health_insurance_286_011,rd_2026_national_health_insurance_revenue_21_01_01_04_02_3595400000,2026_national_health_insurance_expenditure_32_03_01_01_01,2026_national_health_insurance_expenditure_32_03_01,national_health_insurance,介護納付金分納付金,介護納付金分納付金,617,286,565,matched,page_and_exact_name,not_available,,r8tousyoyosanallpage.pdf,"2 介護納付金分(納付金)(保健福祉政策部) 105,317
充当事業:介護納付金分納付金・P617",target_page_account_and_exact_name_unique;page_offset=0,bpi_4ac39fdca94180e731db01594553c1a10e5a79533d25660f1b44b7b9982cfca6,exact_group,exact,1
ral_2026_national_health_insurance_286_012,rd_2026_national_health_insurance_revenue_21_01_01_05_04_3595400000,2026_national_health_insurance_expenditure_32_02_01_01_01,2026_national_health_insurance_expenditure_32_02_01,national_health_insurance,後期高齢者支援金等分納付金,後期高齢者支援金等分納付金,615,286,565,matched,page_and_exact_name,not_available,,r8tousyoyosanallpage.pdf,"4 後期高齢者支援金分(納付金)(保健福祉政策部) 5,888,603
充当事業:後期高齢者支援金等分納付金・P615",target_page_account_and_exact_name_unique;page_offset=0,bpi_6c51249a39f5182d57a2e0b58972e415997408d2ba6113e19ddac651f50f83ef,exact_group,exact,1
ral_2026_national_health_insurance_286_013,rd_2026_national_health_insurance_revenue_21_01_01_05_05_3595500000,2026_national_health_insurance_expenditure_27_03_01_01_01,2026_national_health_insurance_expenditure_27_03_01,national_health_insurance,保険料還付金,保険料還付金,611,286,565,matched,page_and_exact_name,not_available,,r8tousyoyosanallpage.pdf,"5 保険料還付金(後期高齢者支援金分)(保健福祉政策部) 13,672
充当事業:保険料還付金・P611",target_page_account_and_exact_name_unique;page_offset=0,bpi_202c8165a3e2ccd07743d446a27f862e570bb34389964a4a13ef25a4b84e4b45,exact_group,exact,1
ral_2026_national_health_insurance_286_014,rd_2026_national_health_insurance_revenue_21_01_01_06_02_3595400000,2026_national_health_insurance_expenditure_32_02_01_01_01,2026_national_health_insurance_expenditure_32_02_01,national_health_insurance,後期高齢者支援金等分納付金,後期高齢者支援金等分納付金,615,286,565,matched,page_and_exact_name,not_available,,r8tousyoyosanallpage.pdf,"2 後期高齢者支援金分(納付金)(保健福祉政策部) 269,841
充当事業:後期高齢者支援金等分納付金・P615",target_page_account_and_exact_name_unique;page_offset=0,bpi_6c51249a39f5182d57a2e0b58972e415997408d2ba6113e19ddac651f50f83ef,exact_group,exact,1
ral_2026_national_health_insurance_286_015,rd_2026_national_health_insurance_revenue_21_01_01_07_09_3595400000,2026_national_health_insurance_expenditure_32_01_01_01_01,2026_national_health_insurance_expenditure_32_01_01,national_health_insurance,医療給付費分納付金,医療給付費分納付金,613,286,565,matched,page_and_exact_name,not_available,,r8tousyoyosanallpage.pdf,"9 医療給付費分(納付金)(保健福祉政策部) 473,404
充当事業:医療給付費分納付金・P613",target_page_account_and_exact_name_unique;page_offset=0,bpi_ca83f1e53d5e267cfd11f86285b5f7ac698af2d389e8aeba8ac4ec80abfdce2e,exact_group,exact,1
ral_2026_national_health_insurance_286_016,rd_2026_national_health_insurance_revenue_21_01_01_08_03_3595400000,2026_national_health_insurance_expenditure_32_03_01_01_01,2026_national_health_insurance_expenditure_32_03_01,national_health_insurance,介護納付金分納付金,介護納付金分納付金,617,286,565,matched,page_and_exact_name,not_available,,r8tousyoyosanallpage.pdf,"3 介護納付金分(納付金)(保健福祉政策部) 1
充当事業:介護納付金分納付金・P617",target_page_account_and_exact_name_unique;page_offset=0,bpi_4ac39fdca94180e731db01594553c1a10e5a79533d25660f1b44b7b9982cfca6,exact_group,exact,1
ral_2026_national_health_insurance_287_001,rd_2026_national_health_insurance_revenue_21_01_01_09_03_3595400000,2026_national_health_insurance_expenditure_32_02_01_01_01,2026_national_health_insurance_expenditure_32_02_01,national_health_insurance,後期高齢者支援金等分納付金,後期高齢者支援金等分納付金,615,287,567,matched,page_and_exact_name,not_available,,r8tousyoyosanallpage.pdf,"3 後期高齢者支援金分(納付金)(保健福祉政策部) 169,839
充当事業:後期高齢者支援金等分納付金・P615",target_page_account_and_exact_name_unique;page_offset=0,bpi_6c51249a39f5182d57a2e0b58972e415997408d2ba6113e19ddac651f50f83ef,exact_group,exact,1
ral_2026_national_health_insurance_287_002,rd_2026_national_health_insurance_revenue_21_01_01_10_01_3595400000,2026_national_health_insurance_expenditure_32_04_01_01_01,2026_national_health_insurance_expenditure_32_04_01,national_health_insurance,子ども・子育て支援金分納付金,子ども・子育て支援金分納付金,619,287,567,matched,page_and_exact_name,not_available,,r8tousyoyosanallpage.pdf,"1 子ども・子育て支援金分(納付金)(保健福祉政策部) 520,842
充当事業:子ども・子育て支援金分納付金・P619",target_page_account_and_exact_name_unique;page_offset=0,bpi_86ed640544a0107a3f8db515cb0840321c7ce3f9f785c5cdd1faae0ae6e67219,exact_group,exact,1
ral_2026_national_health_insurance_287_003,rd_2026_national_health_insurance_revenue_21_01_01_12_01_3595400000,2026_national_health_insurance_expenditure_32_04_01_01_01,2026_national_health_insurance_expenditure_32_04_01,national_health_insurance,子ども・子育て支援金分納付金,子ども・子育て支援金分納付金,619,287,567,matched,page_and_exact_name,not_available,,r8tousyoyosanallpage.pdf,"1 子ども・子育て支援金分(納付金)(保健福祉政策部) 14,987
充当事業:子ども・子育て支援金分納付金・P619",target_page_account_and_exact_name_unique;page_offset=0,bpi_86ed640544a0107a3f8db515cb0840321c7ce3f9f785c5cdd1faae0ae6e67219,exact_group,exact,1
ral_2026_national_health_insurance_288_001,rd_2026_national_health_insurance_revenue_22_01_01_01_01_3595400000,2026_national_health_insurance_expenditure_22_01_01_01_01,2026_national_health_insurance_expenditure_22_01_01,national_health_insurance,療養給付費,療養給付費,595,288,569,matched,page_and_exact_name,not_available,,r8tousyoyosanallpage.pdf,"1 療養給付費(保健福祉政策部) 1
充当事業:療養給付費・P595",target_page_account_and_exact_name_unique;page_offset=0,bpi_ffaf3203473d5e6797df02728e1d34c99ffa34370ef2f1557fb0e04aab7e2b32,exact_group,exact,1
ral_2026_national_health_insurance_288_002,rd_2026_national_health_insurance_revenue_22_01_01_02_01_3595400000,2026_national_health_insurance_expenditure_22_01_01_01_01,2026_national_health_insurance_expenditure_22_01_01,national_health_insurance,療養給付費,療養給付費,595,288,569,matched,page_and_exact_name,not_available,,r8tousyoyosanallpage.pdf,"1 療養給付費(保健福祉政策部) 1
充当事業:療養給付費・P595",target_page_account_and_exact_name_unique;page_offset=0,bpi_ffaf3203473d5e6797df02728e1d34c99ffa34370ef2f1557fb0e04aab7e2b32,exact_group,exact,1
ral_2026_national_health_insurance_289_001,rd_2026_national_health_insurance_revenue_23_01_01_01_01_3595400000,2026_national_health_insurance_expenditure_21_01_01_01_01,2026_national_health_insurance_expenditure_21_01_01,national_health_insurance,国民健康保険事業管理運営,国民健康保険事業管理運営,591,289,571,matched,page_and_exact_name,not_available,,r8tousyoyosanallpage.pdf,"1 保険料納付済等証明手数料(保健福祉政策部) 140
充当事業:国民健康保険事業管理運営・P591",target_page_account_and_exact_name_unique;page_offset=0,bpi_35a98f3e5aa23b40f77185a7f06cf0792f8a3d7e2542fbc27542997cfe8314d9,exact_group,exact,1
ral_2026_national_health_insurance_290_001,rd_2026_national_health_insurance_revenue_26_02_03_01_01_3595400000,2026_national_health_insurance_expenditure_22_01_01_01_01,2026_national_health_insurance_expenditure_22_01_01,national_health_insurance,療養給付費,療養給付費,595,290,573,matched,page_and_exact_name,not_available,,r8tousyoyosanallpage.pdf,"1 療養給付費(保健福祉政策部) 41,771,187
充当事業:療養給付費・P595",target_page_account_and_exact_name_unique;page_offset=0,bpi_ffaf3203473d5e6797df02728e1d34c99ffa34370ef2f1557fb0e04aab7e2b32,exact_group,exact,1
ral_2026_national_health_insurance_290_002,rd_2026_national_health_insurance_revenue_26_02_03_01_03_3595400000,2026_national_health_insurance_expenditure_22_01_03_01_01,2026_national_health_insurance_expenditure_22_01_03,national_health_insurance,療養費,療養費,595,290,573,matched,page_and_exact_name,not_available,,r8tousyoyosanallpage.pdf,"3 療養費(保健福祉政策部) 566,540
充当事業:療養費・P595",target_page_account_and_exact_name_unique;page_offset=0,bpi_da9819c8117fe1b002848df3e14355447669949620cc1c8d70744d3ee06b16d9,exact_group,exact,1
ral_2026_national_health_insurance_290_003,rd_2026_national_health_insurance_revenue_26_02_03_01_05_3595400000,2026_national_health_insurance_expenditure_22_01_05_01_01,2026_national_health_insurance_expenditure_22_01_05,national_health_insurance,審査支払手数料,審査支払手数料,595,290,573,matched,page_and_exact_name,not_available,,r8tousyoyosanallpage.pdf,"5 審査支払手数料(保健福祉政策部) 129,027
充当事業:審査支払手数料・P595",target_page_account_and_exact_name_unique;page_offset=0,bpi_15f6172ffc59ab9d91e559c256c47fead6f619da28606761e4e02776d6576268,exact_group,exact,1
ral_2026_national_health_insurance_290_004,rd_2026_national_health_insurance_revenue_26_02_03_01_06_3595400000,2026_national_health_insurance_expenditure_22_02_01_01_01,2026_national_health_insurance_expenditure_22_02_01,national_health_insurance,高額療養費,高額療養費,597,290,573,matched,page_and_exact_name,not_available,,r8tousyoyosanallpage.pdf,"6 高額療養費(保健福祉政策部) 5,886,421
充当事業:高額療養費・P597",target_page_account_and_exact_name_unique;page_offset=0,bpi_197ea5cd145dfc5c180d1f717936e9711fc9f8132658dfae52e5c432107ee94f,exact_group,exact,1
ral_2026_national_health_insurance_290_005,rd_2026_national_health_insurance_revenue_26_02_03_01_08_3595400000,2026_national_health_insurance_expenditure_22_02_03_01_01,2026_national_health_insurance_expenditure_22_02_03,national_health_insurance,高額介護合算療養費,高額介護合算療養費,597,290,573,matched,page_and_exact_name,not_available,,r8tousyoyosanallpage.pdf,"8 高額介護合算療養費(保健福祉政策部) 8,024
充当事業:高額介護合算療養費・P597",target_page_account_and_exact_name_unique;page_offset=0,bpi_5802b1617687f51db9a0e4803eb338ef2516b2774fd0477c6879c44df0c12b30,exact_group,exact,1
ral_2026_national_health_insurance_290_006,rd_2026_national_health_insurance_revenue_26_02_03_01_10_3595400000,2026_national_health_insurance_expenditure_22_06_01_01_01,2026_national_health_insurance_expenditure_22_06_01,national_health_insurance,移送費,移送費,603,290,573,matched,page_and_exact_name,not_available,,r8tousyoyosanallpage.pdf,"10 移送費(保健福祉政策部) 300
充当事業:移送費・P603",target_page_account_and_exact_name_unique;page_offset=0,bpi_955dcd860bd7507f38e4954fc43b6c0dbff63cc2473ec50737f2f0548e84cd94,exact_group,exact,1
ral_2026_national_health_insurance_290_007,rd_2026_national_health_insurance_revenue_26_02_03_01_12_3595400000,2026_national_health_insurance_expenditure_22_07_01_01_01,2026_national_health_insurance_expenditure_22_07_01,national_health_insurance,結核・精神医療給付金,結核・精神医療給付金,605,290,573,matched,page_and_exact_name,not_available,,r8tousyoyosanallpage.pdf,"12 結核・精神医療給付金(保健福祉政策部) 77,084
充当事業:結核・精神医療給付金・P605",target_page_account_and_exact_name_unique;page_offset=0,bpi_187db69c104e01a3ff19cb7db72557c69602dadca8caae75f017eee4d3dfc772,exact_group,exact,1
ral_2026_national_health_insurance_290_008,rd_2026_national_health_insurance_revenue_26_02_03_02_01_3595400000,2026_national_health_insurance_expenditure_32_01_01_01_01,2026_national_health_insurance_expenditure_32_01_01,national_health_insurance,医療給付費分納付金,医療給付費分納付金,613,290,573,matched,page_and_exact_name,not_available,,r8tousyoyosanallpage.pdf,"1 保険者努力支援分(医療給付費分納付金)(保健福祉政策部) 96,888
充当事業:医療給付費分納付金・P613",target_page_account_and_exact_name_unique;page_offset=0,bpi_ca83f1e53d5e267cfd11f86285b5f7ac698af2d389e8aeba8ac4ec80abfdce2e,exact_group,exact,1
ral_2026_national_health_insurance_290_009,rd_2026_national_health_insurance_revenue_26_02_03_02_02_3595400000,2026_national_health_insurance_expenditure_21_01_01_01_01,2026_national_health_insurance_expenditure_21_01_01,national_health_insurance,国民健康保険事業管理運営,国民健康保険事業管理運営,591,290,573,matched,page_and_exact_name,not_available,,r8tousyoyosanallpage.pdf,"2 特別調整交付金(国民健康保険事業管理運営)(保健福祉政策部) 110,248
充当事業:国民健康保険事業管理運営・P591",target_page_account_and_exact_name_unique;page_offset=0,bpi_35a98f3e5aa23b40f77185a7f06cf0792f8a3d7e2542fbc27542997cfe8314d9,exact_group,exact,1
ral_2026_national_health_insurance_290_010,rd_2026_national_health_insurance_revenue_26_02_03_02_03_3595500000,2026_national_health_insurance_expenditure_21_01_01_01_04,2026_national_health_insurance_expenditure_21_01_01,national_health_insurance,保険料滞納整理,保険料滞納整理,591,290,573,matched,page_and_exact_name,not_available,,r8tousyoyosanallpage.pdf,"3 特別調整交付金(保険料滞納整理)(保健福祉政策部) 985
充当事業:保険料滞納整理・P591",target_page_account_and_exact_name_unique;page_offset=0,bpi_d93b80ccb9ec7e8eaf42d543616a848af4bcefc24aa551d52506adcd10a64c29,exact_group,exact,1
ral_2026_national_health_insurance_290_011,rd_2026_national_health_insurance_revenue_26_02_03_02_04_3595400000,2026_national_health_insurance_expenditure_21_01_03_01_01,2026_national_health_insurance_expenditure_21_01_03,national_health_insurance,国民健康保険事業趣旨普及,国民健康保険事業趣旨普及,593,290,573,matched,page_and_exact_name,not_available,,r8tousyoyosanallpage.pdf,"4 特別調整交付金(趣旨普及)(保健福祉政策部) 962
充当事業:国民健康保険事業趣旨普及・P593",target_page_account_and_exact_name_unique;page_offset=0,bpi_e8d9cb347a16205a1c24522ffd7cb035b4d486c15eb9f00215355b5e446d62cd,exact_group,exact,1
ral_2026_national_health_insurance_290_012,rd_2026_national_health_insurance_revenue_26_02_03_02_05_3595400000,2026_national_health_insurance_expenditure_32_01_01_01_01,2026_national_health_insurance_expenditure_32_01_01,national_health_insurance,医療給付費分納付金,医療給付費分納付金,613,290,573,matched,page_and_exact_name,not_available,,r8tousyoyosanallpage.pdf,"5 特別調整交付金(医療給付費分納付金)(保健福祉政策部) 117,739
充当事業:医療給付費分納付金・P613",target_page_account_and_exact_name_unique;page_offset=0,bpi_ca83f1e53d5e267cfd11f86285b5f7ac698af2d389e8aeba8ac4ec80abfdce2e,exact_group,exact,1
ral_2026_national_health_insurance_290_013,rd_2026_national_health_insurance_revenue_26_02_03_02_07_3595400000,2026_national_health_insurance_expenditure_25_02_01_01_01,2026_national_health_insurance_expenditure_25_02_01,national_health_insurance,特定健康診査等事業費,特定健康診査等事業費,607,290,573,matched,page_and_exact_name,not_available,,r8tousyoyosanallpage.pdf,"7 特別調整交付金(特定健康診査等事業費)(保健福祉政策部) 4,248
充当事業:特定健康診査等事業費・P607",target_page_account_and_exact_name_unique;page_offset=0,bpi_fabc62a0603f939b300f7b62117b8c8b67877b9e9f9b8982b0d302f77372bfd4,exact_group,exact,1
ral_2026_national_health_insurance_290_014,rd_2026_national_health_insurance_revenue_26_02_03_02_08_3595400000,2026_national_health_insurance_expenditure_21_01_01_01_01,2026_national_health_insurance_expenditure_21_01_01,national_health_insurance,国民健康保険事業管理運営,国民健康保険事業管理運営,591,290,573,matched,page_and_exact_name,not_available,,r8tousyoyosanallpage.pdf,"8 都繰入金2号分(国民健康保険事業管理運営)(保健福祉政策部) 8,984
充当事業:国民健康保険事業管理運営・P591",target_page_account_and_exact_name_unique;page_offset=0,bpi_35a98f3e5aa23b40f77185a7f06cf0792f8a3d7e2542fbc27542997cfe8314d9,exact_group,exact,1
ral_2026_national_health_insurance_290_015,rd_2026_national_health_insurance_revenue_26_02_03_02_09_3595500000,2026_national_health_insurance_expenditure_21_01_01_01_04,2026_national_health_insurance_expenditure_21_01_01,national_health_insurance,保険料滞納整理,保険料滞納整理,591,290,573,matched,page_and_exact_name,not_available,,r8tousyoyosanallpage.pdf,"9 都繰入金2号分(保険料滞納整理)(保健福祉政策部) 31,155
充当事業:保険料滞納整理・P591",target_page_account_and_exact_name_unique;page_offset=0,bpi_d93b80ccb9ec7e8eaf42d543616a848af4bcefc24aa551d52506adcd10a64c29,exact_group,exact,1
ral_2026_national_health_insurance_290_016,rd_2026_national_health_insurance_revenue_26_02_03_02_11_3595400000,2026_national_health_insurance_expenditure_32_01_01_01_01,2026_national_health_insurance_expenditure_32_01_01,national_health_insurance,医療給付費分納付金,医療給付費分納付金,613,290,573,matched,page_and_exact_name,not_available,,r8tousyoyosanallpage.pdf,"11 都繰入金2号分(医療給付費分納付金)(保健福祉政策部) 1
充当事業:医療給付費分納付金・P613",target_page_account_and_exact_name_unique;page_offset=0,bpi_ca83f1e53d5e267cfd11f86285b5f7ac698af2d389e8aeba8ac4ec80abfdce2e,exact_group,exact,1
ral_2026_national_health_insurance_290_017,rd_2026_national_health_insurance_revenue_26_02_03_02_14_3595400000,2026_national_health_insurance_expenditure_25_02_01_01_01,2026_national_health_insurance_expenditure_25_02_01,national_health_insurance,特定健康診査等事業費,特定健康診査等事業費,607,290,573,matched,page_and_exact_name,not_available,,r8tousyoyosanallpage.pdf,"14 特定健診等負担金(保健福祉政策部) 135,110
充当事業:特定健康診査等事業費・P607",target_page_account_and_exact_name_unique;page_offset=0,bpi_fabc62a0603f939b300f7b62117b8c8b67877b9e9f9b8982b0d302f77372bfd4,exact_group,exact,1
ral_2026_national_health_insurance_290_018,rd_2026_national_health_insurance_revenue_26_02_03_02_20_3595400000,2026_national_health_insurance_expenditure_25_02_01_01_01,2026_national_health_insurance_expenditure_25_02_01,national_health_insurance,特定健康診査等事業費,特定健康診査等事業費,607,290,573,matched,page_and_exact_name,not_available,,r8tousyoyosanallpage.pdf,"20 保険者努力支援分(特定健康診査等事業費)(保健福祉政策部) 16,995
充当事業:特定健康診査等事業費・P607",target_page_account_and_exact_name_unique;page_offset=0,bpi_fabc62a0603f939b300f7b62117b8c8b67877b9e9f9b8982b0d302f77372bfd4,exact_group,exact,1
ral_2026_national_health_insurance_291_001,rd_2026_national_health_insurance_revenue_27_01_01_01_40_3595400000,2026_national_health_insurance_expenditure_25_02_01_01_01,2026_national_health_insurance_expenditure_25_02_01,national_health_insurance,特定健康診査等事業費,特定健康診査等事業費,607,291,575,matched,page_and_exact_name,not_available,,r8tousyoyosanallpage.pdf,"40 特定健康診査等事業費(保健福祉政策部) 589,768
充当事業:特定健康診査等事業費・P607",target_page_account_and_exact_name_unique;page_offset=0,bpi_fabc62a0603f939b300f7b62117b8c8b67877b9e9f9b8982b0d302f77372bfd4,exact_group,exact,1
ral_2026_national_health_insurance_291_002,rd_2026_national_health_insurance_revenue_27_01_01_01_42_3595400000,2026_national_health_insurance_expenditure_32_01_01_01_01,2026_national_health_insurance_expenditure_32_01_01,national_health_insurance,医療給付費分納付金,医療給付費分納付金,613,291,575,matched,page_and_exact_name,not_available,,r8tousyoyosanallpage.pdf,"42 医療給付費分(納付金)(保健福祉政策部) 768,515
充当事業:医療給付費分納付金・P613",target_page_account_and_exact_name_unique;page_offset=0,bpi_ca83f1e53d5e267cfd11f86285b5f7ac698af2d389e8aeba8ac4ec80abfdce2e,exact_group,exact,1
ral_2026_national_health_insurance_291_003,rd_2026_national_health_insurance_revenue_27_01_01_01_44_3595400000,2026_national_health_insurance_expenditure_32_02_01_01_01,2026_national_health_insurance_expenditure_32_02_01,national_health_insurance,後期高齢者支援金等分納付金,後期高齢者支援金等分納付金,615,291,575,matched,page_and_exact_name,not_available,,r8tousyoyosanallpage.pdf,"44 後期高齢者支援金分(納付金)(保健福祉政策部) 416,382
充当事業:後期高齢者支援金等分納付金・P615",target_page_account_and_exact_name_unique;page_offset=0,bpi_6c51249a39f5182d57a2e0b58972e415997408d2ba6113e19ddac651f50f83ef,exact_group,exact,1
ral_2026_national_health_insurance_291_004,rd_2026_national_health_insurance_revenue_27_01_01_01_46_3595400000,2026_national_health_insurance_expenditure_32_03_01_01_01,2026_national_health_insurance_expenditure_32_03_01,national_health_insurance,介護納付金分納付金,介護納付金分納付金,617,291,575,matched,page_and_exact_name,not_available,,r8tousyoyosanallpage.pdf,"46 介護納付金分(納付金)(保健福祉政策部) 230,960
充当事業:介護納付金分納付金・P617",target_page_account_and_exact_name_unique;page_offset=0,bpi_4ac39fdca94180e731db01594553c1a10e5a79533d25660f1b44b7b9982cfca6,exact_group,exact,1
ral_2026_national_health_insurance_291_005,rd_2026_national_health_insurance_revenue_27_01_01_01_47_3595500000,2026_national_health_insurance_expenditure_27_03_01_01_02,2026_national_health_insurance_expenditure_27_03_01,national_health_insurance,保険料還付加算金,保険料還付加算金,611,291,575,matched,page_and_exact_name,not_available,,r8tousyoyosanallpage.pdf,"47 保険料還付加算金(保健福祉政策部) 950
充当事業:保険料還付加算金・P611",target_page_account_and_exact_name_unique;page_offset=0,bpi_9fc1cf6461d19bf81cf682f74af1e3543e09be2bb74a11ab0b5b2a952e9ab762,exact_group,exact,1
ral_2026_national_health_insurance_291_006,rd_2026_national_health_insurance_revenue_27_01_01_01_49_3595400000,2026_national_health_insurance_expenditure_34_01_01_01_01,2026_national_health_insurance_expenditure_34_01_01,national_health_insurance,予備費,予備費,621,291,575,matched,page_and_exact_name,not_available,,r8tousyoyosanallpage.pdf,"49 予備費(保健福祉政策部) 30,000
充当事業:予備費・P621",target_page_account_and_exact_name_unique;page_offset=0,bpi_04247310cb17e797b6a1aaaef1c19c62eb51559b6fe245228dd827fb62a061ca,exact_group,exact,1
ral_2026_national_health_insurance_291_007,rd_2026_national_health_insurance_revenue_27_01_01_01_52_3595400000,2026_national_health_insurance_expenditure_32_04_01_01_01,2026_national_health_insurance_expenditure_32_04_01,national_health_insurance,子ども・子育て支援金分納付金,子ども・子育て支援金分納付金,619,291,575,matched,page_and_exact_name,not_available,,r8tousyoyosanallpage.pdf,"52 子ども・子育て支援金分(納付金)(保健福祉政策部) 23,585
充当事業:子ども・子育て支援金分納付金・P619",target_page_account_and_exact_name_unique;page_offset=0,bpi_86ed640544a0107a3f8db515cb0840321c7ce3f9f785c5cdd1faae0ae6e67219,exact_group,exact,1
ral_2026_national_health_insurance_291_008,rd_2026_national_health_insurance_revenue_27_01_01_04_01_3595400000,2026_national_health_insurance_expenditure_26_01_01_01_01,2026_national_health_insurance_expenditure_26_01_01,national_health_insurance,国民健康保険事業会計関係事務従事職員の人件費,国民健康保険事業会計関係事務従事職員の人件費,609,291,575,matched,page_and_exact_name,not_available,,r8tousyoyosanallpage.pdf,"1 職員給与費(保健福祉政策部) 839,878
充当事業:国民健康保険事業会計関係事務従事職員の人件費・P609",target_page_account_and_exact_name_unique;page_offset=0,bpi_f586cb98a3bb509419c17391b9222e7e5cd1f5a59060137be7c4d7672456e852,exact_group,exact,1
ral_2026_national_health_insurance_291_009,rd_2026_national_health_insurance_revenue_27_01_01_04_01_3595400000,2026_national_health_insurance_expenditure_26_01_01_01_03,2026_national_health_insurance_expenditure_26_01_01,national_health_insurance,国民健康保険事業会計関係職員の人件費,国民健康保険事業会計関係職員の人件費,609,291,575,matched,page_and_exact_name,not_available,,r8tousyoyosanallpage.pdf,"1 職員給与費(保健福祉政策部) 839,878
充当事業:国民健康保険事業会計関係職員の人件費・P609",target_page_account_and_exact_name_unique;page_offset=0,bpi_a69a33728289e2ecb36a70d0737ef8791a9e862c07e2f1b2e27eeed34e158283,exact_group,exact,1
ral_2026_national_health_insurance_291_010,rd_2026_national_health_insurance_revenue_27_01_01_04_01_3595400000,2026_national_health_insurance_expenditure_26_01_01_01_04,2026_national_health_insurance_expenditure_26_01_01,national_health_insurance,会計年度任用職員の人件費(保健福祉政策部),会計年度任用職員の人件費（保健福祉政策部）,609,291,575,matched,page_and_normalized_name,not_available,,r8tousyoyosanallpage.pdf,"1 職員給与費(保健福祉政策部) 839,878
充当事業:会計年度任用職員の人件費(保健福祉政策部)・P609",target_page_account_and_nfkc_name_unique;page_offset=0,bpi_fcb9576552e8d537e06ecdb752e93a0c3f1153535f775b173e570a57b0a51b07,exact_group,exact,1
ral_2026_national_health_insurance_291_011,rd_2026_national_health_insurance_revenue_27_01_01_04_02_3595400000,2026_national_health_insurance_expenditure_21_01_01_01_01,2026_national_health_insurance_expenditure_21_01_01,national_health_insurance,国民健康保険事業管理運営,国民健康保険事業管理運営,591,291,575,matched,page_and_exact_name,not_available,,r8tousyoyosanallpage.pdf,"2 一般管理(保健福祉政策部) 776,034
充当事業:国民健康保険事業管理運営・P591",target_page_account_and_exact_name_unique;page_offset=0,bpi_35a98f3e5aa23b40f77185a7f06cf0792f8a3d7e2542fbc27542997cfe8314d9,exact_group,exact,1
ral_2026_national_health_insurance_291_012,rd_2026_national_health_insurance_revenue_27_01_01_04_05_3595400000,2026_national_health_insurance_expenditure_21_01_02_01_01,2026_national_health_insurance_expenditure_21_01_02,national_health_insurance,国民健康保険運営協議会運営,国民健康保険運営協議会運営,593,291,575,matched,page_and_exact_name,not_available,,r8tousyoyosanallpage.pdf,"5 運営協議会(保健福祉政策部) 524
充当事業:国民健康保険運営協議会運営・P593",target_page_account_and_exact_name_unique;page_offset=0,bpi_78e42ed87c0aad0c4ff2f3779f7587d95bbb9cdc6937b872c780665df0ec610e,exact_group,exact,1
ral_2026_national_health_insurance_291_013,rd_2026_national_health_insurance_revenue_27_01_01_04_06_3595400000,2026_national_health_insurance_expenditure_21_01_03_01_01,2026_national_health_insurance_expenditure_21_01_03,national_health_insurance,国民健康保険事業趣旨普及,国民健康保険事業趣旨普及,593,291,575,matched,page_and_exact_name,not_available,,r8tousyoyosanallpage.pdf,"6 趣旨普及(保健福祉政策部) 4,644
充当事業:国民健康保険事業趣旨普及・P593",target_page_account_and_exact_name_unique;page_offset=0,bpi_e8d9cb347a16205a1c24522ffd7cb035b4d486c15eb9f00215355b5e446d62cd,exact_group,exact,1
ral_2026_national_health_insurance_291_014,rd_2026_national_health_insurance_revenue_27_01_01_04_07_3595400000,2026_national_health_insurance_expenditure_21_01_04_01_01,2026_national_health_insurance_expenditure_21_01_04,national_health_insurance,国民健康保険団体連合会負担金,国民健康保険団体連合会負担金,593,291,575,matched,page_and_exact_name,not_available,,r8tousyoyosanallpage.pdf,"7 連合会(保健福祉政策部) 16,525
充当事業:国民健康保険団体連合会負担金・P593",target_page_account_and_exact_name_unique;page_offset=0,bpi_b5933dd811869577e6d78aff9a6b354076e2ab9cdf57b143f02b240680af4f24,exact_group,exact,1
ral_2026_national_health_insurance_291_015,rd_2026_national_health_insurance_revenue_27_01_01_04_11_3595500000,2026_national_health_insurance_expenditure_21_01_01_01_04,2026_national_health_insurance_expenditure_21_01_01,national_health_insurance,保険料滞納整理,保険料滞納整理,591,291,575,matched,page_and_exact_name,not_available,,r8tousyoyosanallpage.pdf,"11 一般管理(保険料滞納整理)(保健福祉政策部) 210,065
充当事業:保険料滞納整理・P591",target_page_account_and_exact_name_unique;page_offset=0,bpi_d93b80ccb9ec7e8eaf42d543616a848af4bcefc24aa551d52506adcd10a64c29,exact_group,exact,1
ral_2026_national_health_insurance_291_016,rd_2026_national_health_insurance_revenue_27_01_01_04_16_3595400000,2026_national_health_insurance_expenditure_22_01_05_01_01,2026_national_health_insurance_expenditure_22_01_05,national_health_insurance,審査支払手数料,審査支払手数料,595,291,575,matched,page_and_exact_name,not_available,,r8tousyoyosanallpage.pdf,"16 審査支払手数料(保健福祉政策部) 88,212
充当事業:審査支払手数料・P595",target_page_account_and_exact_name_unique;page_offset=0,bpi_15f6172ffc59ab9d91e559c256c47fead6f619da28606761e4e02776d6576268,exact_group,exact,1
ral_2026_national_health_insurance_291_017,rd_2026_national_health_insurance_revenue_27_01_01_05_04_3595400000,2026_national_health_insurance_expenditure_32_01_01_01_01,2026_national_health_insurance_expenditure_32_01_01,national_health_insurance,医療給付費分納付金,医療給付費分納付金,613,291,575,matched,page_and_exact_name,not_available,,r8tousyoyosanallpage.pdf,"4 医療給付費分(納付金)(保健福祉政策部) 1,678,245
充当事業:医療給付費分納付金・P613",target_page_account_and_exact_name_unique;page_offset=0,bpi_ca83f1e53d5e267cfd11f86285b5f7ac698af2d389e8aeba8ac4ec80abfdce2e,exact_group,exact,1
ral_2026_national_health_insurance_291_018,rd_2026_national_health_insurance_revenue_27_01_01_05_05_3595400000,2026_national_health_insurance_expenditure_32_02_01_01_01,2026_national_health_insurance_expenditure_32_02_01,national_health_insurance,後期高齢者支援金等分納付金,後期高齢者支援金等分納付金,615,291,575,matched,page_and_exact_name,not_available,,r8tousyoyosanallpage.pdf,"5 後期高齢者支援金分(納付金)(保健福祉政策部) 601,829
充当事業:後期高齢者支援金等分納付金・P615",target_page_account_and_exact_name_unique;page_offset=0,bpi_6c51249a39f5182d57a2e0b58972e415997408d2ba6113e19ddac651f50f83ef,exact_group,exact,1
ral_2026_national_health_insurance_291_019,rd_2026_national_health_insurance_revenue_27_01_01_05_06_3595400000,2026_national_health_insurance_expenditure_32_03_01_01_01,2026_national_health_insurance_expenditure_32_03_01,national_health_insurance,介護納付金分納付金,介護納付金分納付金,617,291,575,matched,page_and_exact_name,not_available,,r8tousyoyosanallpage.pdf,"6 介護納付金分(納付金)(保健福祉政策部) 237,473
充当事業:介護納付金分納付金・P617",target_page_account_and_exact_name_unique;page_offset=0,bpi_4ac39fdca94180e731db01594553c1a10e5a79533d25660f1b44b7b9982cfca6,exact_group,exact,1
ral_2026_national_health_insurance_292_001,rd_2026_national_health_insurance_revenue_27_01_01_05_07_3595400000,2026_national_health_insurance_expenditure_32_04_01_01_01,2026_national_health_insurance_expenditure_32_04_01,national_health_insurance,子ども・子育て支援金分納付金,子ども・子育て支援金分納付金,619,292,577,matched,page_and_exact_name,not_available,,r8tousyoyosanallpage.pdf,"7 子ども・子育て支援金分(納付金)(保健福祉政策部) 69,677
充当事業:子ども・子育て支援金分納付金・P619",target_page_account_and_exact_name_unique;page_offset=0,bpi_86ed640544a0107a3f8db515cb0840321c7ce3f9f785c5cdd1faae0ae6e67219,exact_group,exact,1
ral_2026_national_health_insurance_292_002,rd_2026_national_health_insurance_revenue_27_01_01_06_04_3595400000,2026_national_health_insurance_expenditure_32_01_01_01_01,2026_national_health_insurance_expenditure_32_01_01,national_health_insurance,医療給付費分納付金,医療給付費分納付金,613,292,577,matched,page_and_exact_name,not_available,,r8tousyoyosanallpage.pdf,"4 医療給付費分(納付金)(保健福祉政策部) 1,081,248
充当事業:医療給付費分納付金・P613",target_page_account_and_exact_name_unique;page_offset=0,bpi_ca83f1e53d5e267cfd11f86285b5f7ac698af2d389e8aeba8ac4ec80abfdce2e,exact_group,exact,1
ral_2026_national_health_insurance_292_003,rd_2026_national_health_insurance_revenue_27_01_01_06_05_3595400000,2026_national_health_insurance_expenditure_32_02_01_01_01,2026_national_health_insurance_expenditure_32_02_01,national_health_insurance,後期高齢者支援金等分納付金,後期高齢者支援金等分納付金,615,292,577,matched,page_and_exact_name,not_available,,r8tousyoyosanallpage.pdf,"5 後期高齢者支援金分(納付金)(保健福祉政策部) 389,720
充当事業:後期高齢者支援金等分納付金・P615",target_page_account_and_exact_name_unique;page_offset=0,bpi_6c51249a39f5182d57a2e0b58972e415997408d2ba6113e19ddac651f50f83ef,exact_group,exact,1
ral_2026_national_health_insurance_292_004,rd_2026_national_health_insurance_revenue_27_01_01_06_06_3595400000,2026_national_health_insurance_expenditure_32_03_01_01_01,2026_national_health_insurance_expenditure_32_03_01,national_health_insurance,介護納付金分納付金,介護納付金分納付金,617,292,577,matched,page_and_exact_name,not_available,,r8tousyoyosanallpage.pdf,"6 介護納付金分(納付金)(保健福祉政策部) 134,495
充当事業:介護納付金分納付金・P617",target_page_account_and_exact_name_unique;page_offset=0,bpi_4ac39fdca94180e731db01594553c1a10e5a79533d25660f1b44b7b9982cfca6,exact_group,exact,1
ral_2026_national_health_insurance_292_005,rd_2026_national_health_insurance_revenue_27_01_01_06_07_3595400000,2026_national_health_insurance_expenditure_32_04_01_01_01,2026_national_health_insurance_expenditure_32_04_01,national_health_insurance,子ども・子育て支援金分納付金,子ども・子育て支援金分納付金,619,292,577,matched,page_and_exact_name,not_available,,r8tousyoyosanallpage.pdf,"7 子ども・子育て支援金分(納付金)(保健福祉政策部) 34,129
充当事業:子ども・子育て支援金分納付金・P619",target_page_account_and_exact_name_unique;page_offset=0,bpi_86ed640544a0107a3f8db515cb0840321c7ce3f9f785c5cdd1faae0ae6e67219,exact_group,exact,1
ral_2026_national_health_insurance_292_006,rd_2026_national_health_insurance_revenue_27_01_01_08_01_3595400000,2026_national_health_insurance_expenditure_32_01_01_01_01,2026_national_health_insurance_expenditure_32_01_01,national_health_insurance,医療給付費分納付金,医療給付費分納付金,613,292,577,matched,page_and_exact_name,not_available,,r8tousyoyosanallpage.pdf,"1 医療給付費分(納付金)(保健福祉政策部) 48,170
充当事業:医療給付費分納付金・P613",target_page_account_and_exact_name_unique;page_offset=0,bpi_ca83f1e53d5e267cfd11f86285b5f7ac698af2d389e8aeba8ac4ec80abfdce2e,exact_group,exact,1
ral_2026_national_health_insurance_292_007,rd_2026_national_health_insurance_revenue_27_01_01_08_02_3595400000,2026_national_health_insurance_expenditure_32_02_01_01_01,2026_national_health_insurance_expenditure_32_02_01,national_health_insurance,後期高齢者支援金等分納付金,後期高齢者支援金等分納付金,615,292,577,matched,page_and_exact_name,not_available,,r8tousyoyosanallpage.pdf,"2 後期高齢者支援金分(納付金)(保健福祉政策部) 17,274
充当事業:後期高齢者支援金等分納付金・P615",target_page_account_and_exact_name_unique;page_offset=0,bpi_6c51249a39f5182d57a2e0b58972e415997408d2ba6113e19ddac651f50f83ef,exact_group,exact,1
ral_2026_national_health_insurance_292_008,rd_2026_national_health_insurance_revenue_27_01_01_08_03_3595400000,2026_national_health_insurance_expenditure_32_04_01_01_01,2026_national_health_insurance_expenditure_32_04_01,national_health_insurance,子ども・子育て支援金分納付金,子ども・子育て支援金分納付金,619,292,577,matched,page_and_exact_name,not_available,,r8tousyoyosanallpage.pdf,"3 子ども・子育て支援金分(納付金)(保健福祉政策部) 1,883
充当事業:子ども・子育て支援金分納付金・P619",target_page_account_and_exact_name_unique;page_offset=0,bpi_86ed640544a0107a3f8db515cb0840321c7ce3f9f785c5cdd1faae0ae6e67219,exact_group,exact,1
ral_2026_national_health_insurance_292_009,rd_2026_national_health_insurance_revenue_27_01_01_09_01_3595400000,2026_national_health_insurance_expenditure_32_01_01_01_01,2026_national_health_insurance_expenditure_32_01_01,national_health_insurance,医療給付費分納付金,医療給付費分納付金,613,292,577,matched,page_and_exact_name,not_available,,r8tousyoyosanallpage.pdf,"1 医療給付費分(納付金)(保健福祉政策部) 30,283
充当事業:医療給付費分納付金・P613",target_page_account_and_exact_name_unique;page_offset=0,bpi_ca83f1e53d5e267cfd11f86285b5f7ac698af2d389e8aeba8ac4ec80abfdce2e,exact_group,exact,1
ral_2026_national_health_insurance_292_010,rd_2026_national_health_insurance_revenue_27_01_01_09_02_3595400000,2026_national_health_insurance_expenditure_32_02_01_01_01,2026_national_health_insurance_expenditure_32_02_01,national_health_insurance,後期高齢者支援金等分納付金,後期高齢者支援金等分納付金,615,292,577,matched,page_and_exact_name,not_available,,r8tousyoyosanallpage.pdf,"2 後期高齢者支援金分(納付金)(保健福祉政策部) 10,611
充当事業:後期高齢者支援金等分納付金・P615",target_page_account_and_exact_name_unique;page_offset=0,bpi_6c51249a39f5182d57a2e0b58972e415997408d2ba6113e19ddac651f50f83ef,exact_group,exact,1
ral_2026_national_health_insurance_292_011,rd_2026_national_health_insurance_revenue_27_01_01_09_03_3595400000,2026_national_health_insurance_expenditure_32_03_01_01_01,2026_national_health_insurance_expenditure_32_03_01,national_health_insurance,介護納付金分納付金,介護納付金分納付金,617,292,577,matched,page_and_exact_name,not_available,,r8tousyoyosanallpage.pdf,"3 介護納付金分(保健福祉政策部) 994
充当事業:介護納付金分納付金・P617",target_page_account_and_exact_name_unique;page_offset=0,bpi_4ac39fdca94180e731db01594553c1a10e5a79533d25660f1b44b7b9982cfca6,exact_group,exact,1
ral_2026_national_health_insurance_292_012,rd_2026_national_health_insurance_revenue_27_01_01_09_04_3595400000,2026_national_health_insurance_expenditure_32_04_01_01_01,2026_national_health_insurance_expenditure_32_04_01,national_health_insurance,子ども・子育て支援金分納付金,子ども・子育て支援金分納付金,619,292,577,matched,page_and_exact_name,not_available,,r8tousyoyosanallpage.pdf,"4 子ども・子育て支援金分(納付金)(保健福祉政策部) 1,039
充当事業:子ども・子育て支援金分納付金・P619",target_page_account_and_exact_name_unique;page_offset=0,bpi_86ed640544a0107a3f8db515cb0840321c7ce3f9f785c5cdd1faae0ae6e67219,exact_group,exact,1
ral_2026_national_health_insurance_293_001,rd_2026_national_health_insurance_revenue_28_01_02_01_31_3595400000,2026_national_health_insurance_expenditure_32_01_01_01_01,2026_national_health_insurance_expenditure_32_01_01,national_health_insurance,医療給付費分納付金,医療給付費分納付金,613,293,579,matched,page_and_exact_name,not_available,,r8tousyoyosanallpage.pdf,"31 医療給付費分(納付金)(保健福祉政策部) 1
充当事業:医療給付費分納付金・P613",target_page_account_and_exact_name_unique;page_offset=0,bpi_ca83f1e53d5e267cfd11f86285b5f7ac698af2d389e8aeba8ac4ec80abfdce2e,exact_group,exact,1
ral_2026_national_health_insurance_294_001,rd_2026_national_health_insurance_revenue_29_01_01_01_02_3595400000,2026_national_health_insurance_expenditure_32_01_01_01_01,2026_national_health_insurance_expenditure_32_01_01,national_health_insurance,医療給付費分納付金,医療給付費分納付金,613,294,581,matched,page_and_exact_name,not_available,,r8tousyoyosanallpage.pdf,"2 医療給付費分(納付金)(保健福祉政策部) 20,600
充当事業:医療給付費分納付金・P613",target_page_account_and_exact_name_unique;page_offset=0,bpi_ca83f1e53d5e267cfd11f86285b5f7ac698af2d389e8aeba8ac4ec80abfdce2e,exact_group,exact,1
ral_2026_national_health_insurance_294_002,rd_2026_national_health_insurance_revenue_29_01_03_01_02_3595400000,2026_national_health_insurance_expenditure_32_01_01_01_01,2026_national_health_insurance_expenditure_32_01_01,national_health_insurance,医療給付費分納付金,医療給付費分納付金,613,294,581,matched,page_and_exact_name,not_available,,r8tousyoyosanallpage.pdf,"2 医療給付費分(納付金)(保健福祉政策部) 1
充当事業:医療給付費分納付金・P613",target_page_account_and_exact_name_unique;page_offset=0,bpi_ca83f1e53d5e267cfd11f86285b5f7ac698af2d389e8aeba8ac4ec80abfdce2e,exact_group,exact,1
ral_2026_national_health_insurance_294_003,rd_2026_national_health_insurance_revenue_29_01_05_01_02_3595400000,2026_national_health_insurance_expenditure_32_01_01_01_01,2026_national_health_insurance_expenditure_32_01_01,national_health_insurance,医療給付費分納付金,医療給付費分納付金,613,294,581,matched,page_and_exact_name,not_available,,r8tousyoyosanallpage.pdf,"2 医療給付費分(納付金)(保健福祉政策部) 1
充当事業:医療給付費分納付金・P613",target_page_account_and_exact_name_unique;page_offset=0,bpi_ca83f1e53d5e267cfd11f86285b5f7ac698af2d389e8aeba8ac4ec80abfdce2e,exact_group,exact,1
ral_2026_national_health_insurance_295_001,rd_2026_national_health_insurance_revenue_29_02_01_01_01_3595400000,2026_national_health_insurance_expenditure_21_01_01_01_01,2026_national_health_insurance_expenditure_21_01_01,national_health_insurance,国民健康保険事業管理運営,国民健康保険事業管理運営,591,295,583,matched,page_and_exact_name,not_available,,r8tousyoyosanallpage.pdf,"1 預金利子収入(保健福祉政策部) 1
充当事業:国民健康保険事業管理運営・P591",target_page_account_and_exact_name_unique;page_offset=0,bpi_35a98f3e5aa23b40f77185a7f06cf0792f8a3d7e2542fbc27542997cfe8314d9,exact_group,exact,1
ral_2026_national_health_insurance_296_001,rd_2026_national_health_insurance_revenue_29_03_01_01_01_3595400000,2026_national_health_insurance_expenditure_22_01_01_01_01,2026_national_health_insurance_expenditure_22_01_01,national_health_insurance,療養給付費,療養給付費,595,296,585,matched,page_and_exact_name,not_available,,r8tousyoyosanallpage.pdf,"1 第三者行為損害賠償金等(保健福祉政策部) 18,142
充当事業:療養給付費・P595",target_page_account_and_exact_name_unique;page_offset=0,bpi_ffaf3203473d5e6797df02728e1d34c99ffa34370ef2f1557fb0e04aab7e2b32,exact_group,exact,1
ral_2026_national_health_insurance_296_002,rd_2026_national_health_insurance_revenue_29_03_03_01_01_3595400000,2026_national_health_insurance_expenditure_22_01_01_01_01,2026_national_health_insurance_expenditure_22_01_01,national_health_insurance,療養給付費,療養給付費,595,296,585,matched,page_and_exact_name,not_available,,r8tousyoyosanallpage.pdf,"1 無資格受診等返還金(保健福祉政策部) 28,181
充当事業:療養給付費・P595",target_page_account_and_exact_name_unique;page_offset=0,bpi_ffaf3203473d5e6797df02728e1d34c99ffa34370ef2f1557fb0e04aab7e2b32,exact_group,exact,1
ral_2026_national_health_insurance_296_003,rd_2026_national_health_insurance_revenue_29_03_05_01_03_3205500000,2026_national_health_insurance_expenditure_26_01_01_01_01,2026_national_health_insurance_expenditure_26_01_01,national_health_insurance,国民健康保険事業会計関係事務従事職員の人件費,国民健康保険事業会計関係事務従事職員の人件費,609,296,585,matched,page_and_exact_name,not_available,,r8tousyoyosanallpage.pdf,"3 再任用職員社会保険料(総務部) 412
充当事業:国民健康保険事業会計関係事務従事職員の人件費・P609",target_page_account_and_exact_name_unique;page_offset=0,bpi_f586cb98a3bb509419c17391b9222e7e5cd1f5a59060137be7c4d7672456e852,exact_group,exact,1
ral_2026_national_health_insurance_296_004,rd_2026_national_health_insurance_revenue_29_03_05_01_07_3595110000,2026_national_health_insurance_expenditure_26_01_01_01_04,2026_national_health_insurance_expenditure_26_01_01,national_health_insurance,会計年度任用職員の人件費(保健福祉政策部),会計年度任用職員の人件費（保健福祉政策部）,609,296,585,matched,page_and_normalized_name,not_available,,r8tousyoyosanallpage.pdf,"7 会計年度任用職員社会保険料(保健福祉政策部)(保健福祉政策部) 8,418
充当事業:会計年度任用職員の人件費(保健福祉政策部)・P609",target_page_account_and_nfkc_name_unique;page_offset=0,bpi_fcb9576552e8d537e06ecdb752e93a0c3f1153535f775b173e570a57b0a51b07,exact_group,exact,1
ral_2026_national_health_insurance_296_005,rd_2026_national_health_insurance_revenue_29_03_06_01_01_3595400000,2026_national_health_insurance_expenditure_22_01_01_01_01,2026_national_health_insurance_expenditure_22_01_01,national_health_insurance,療養給付費,療養給付費,595,296,585,matched,page_and_exact_name,not_available,,r8tousyoyosanallpage.pdf,"1 療養給付費(保健福祉政策部) 1
充当事業:療養給付費・P595",target_page_account_and_exact_name_unique;page_offset=0,bpi_ffaf3203473d5e6797df02728e1d34c99ffa34370ef2f1557fb0e04aab7e2b32,exact_group,exact,1
ral_2026_national_health_insurance_296_006,rd_2026_national_health_insurance_revenue_29_03_06_02_01_3595400000,2026_national_health_insurance_expenditure_21_01_01_01_01,2026_national_health_insurance_expenditure_21_01_01,national_health_insurance,国民健康保険事業管理運営,国民健康保険事業管理運営,591,296,585,matched,page_and_exact_name,not_available,,r8tousyoyosanallpage.pdf,"1 滞納処分費(保健福祉政策部) 1
充当事業:国民健康保険事業管理運営・P591",target_page_account_and_exact_name_unique;page_offset=0,bpi_35a98f3e5aa23b40f77185a7f06cf0792f8a3d7e2542fbc27542997cfe8314d9,exact_group,exact,1
ral_2026_national_health_insurance_296_007,rd_2026_national_health_insurance_revenue_29_03_06_26_01_3595400000,2026_national_health_insurance_expenditure_22_01_03_01_01,2026_national_health_insurance_expenditure_22_01_03,national_health_insurance,療養費,療養費,595,296,585,matched,page_and_exact_name,not_available,,r8tousyoyosanallpage.pdf,"1 療養費分(保健福祉政策部) 1
充当事業:療養費・P595",target_page_account_and_exact_name_unique;page_offset=0,bpi_da9819c8117fe1b002848df3e14355447669949620cc1c8d70744d3ee06b16d9,exact_group,exact,1
ral_2026_national_health_insurance_297_001,rd_2026_national_health_insurance_revenue_29_04_01_02_01_3205500000,2026_national_health_insurance_expenditure_26_01_01_01_01,2026_national_health_insurance_expenditure_26_01_01,national_health_insurance,国民健康保険事業会計関係事務従事職員の人件費,国民健康保険事業会計関係事務従事職員の人件費,609,297,587,matched,page_and_exact_name,not_available,,r8tousyoyosanallpage.pdf,"1 職員給与費(保健事業費受託事業収入)(総務部) 6,000
充当事業:国民健康保険事業会計関係事務従事職員の人件費・P609",target_page_account_and_exact_name_unique;page_offset=0,bpi_f586cb98a3bb509419c17391b9222e7e5cd1f5a59060137be7c4d7672456e852,exact_group,exact,1
ral_2026_latter_stage_elderly_healthcare_328_001,rd_2026_latter_stage_elderly_healthcare_revenue_61_01_01_01_01_3595400000,2026_latter_stage_elderly_healthcare_expenditure_62_01_01_01_02,2026_latter_stage_elderly_healthcare_expenditure_62_01_01,latter_stage_elderly_healthcare,広域連合保険料等負担金,広域連合保険料等負担金,671,328,649,matched,page_and_exact_name,not_available,,r8tousyoyosanallpage.pdf,"1 広域連合保険料等負担金(保健福祉政策部) 5,673,239
充当事業:広域連合保険料等負担金・P671",target_page_account_and_exact_name_unique;page_offset=0,bpi_9aaa02dc9746584faad3507cee769c94493d957254656e864389fe22ad1de77f,exact_group,exact,1
ral_2026_latter_stage_elderly_healthcare_328_002,rd_2026_latter_stage_elderly_healthcare_revenue_61_01_01_02_01_3595400000,2026_latter_stage_elderly_healthcare_expenditure_62_01_01_01_02,2026_latter_stage_elderly_healthcare_expenditure_62_01_01,latter_stage_elderly_healthcare,広域連合保険料等負担金,広域連合保険料等負担金,671,328,649,matched,page_and_exact_name,not_available,,r8tousyoyosanallpage.pdf,"1 広域連合保険料等負担金(保健福祉政策部) 12,201,837
充当事業:広域連合保険料等負担金・P671",target_page_account_and_exact_name_unique;page_offset=0,bpi_9aaa02dc9746584faad3507cee769c94493d957254656e864389fe22ad1de77f,exact_group,exact,1
ral_2026_latter_stage_elderly_healthcare_328_003,rd_2026_latter_stage_elderly_healthcare_revenue_61_01_01_03_01_3595400000,2026_latter_stage_elderly_healthcare_expenditure_62_01_01_01_02,2026_latter_stage_elderly_healthcare_expenditure_62_01_01,latter_stage_elderly_healthcare,広域連合保険料等負担金,広域連合保険料等負担金,671,328,649,matched,page_and_exact_name,not_available,,r8tousyoyosanallpage.pdf,"1 広域連合保険料等負担金(保健福祉政策部) 194,613
充当事業:広域連合保険料等負担金・P671",target_page_account_and_exact_name_unique;page_offset=0,bpi_9aaa02dc9746584faad3507cee769c94493d957254656e864389fe22ad1de77f,exact_group,exact,1
ral_2026_latter_stage_elderly_healthcare_329_001,rd_2026_latter_stage_elderly_healthcare_revenue_62_01_01_01_01_3595400000,2026_latter_stage_elderly_healthcare_expenditure_61_01_01_01_01,2026_latter_stage_elderly_healthcare_expenditure_61_01_01,latter_stage_elderly_healthcare,後期高齢者医療管理運営,後期高齢者医療管理運営,669,329,651,matched,page_and_exact_name,not_available,,r8tousyoyosanallpage.pdf,"1 保険料納付済等証明手数料(保健福祉政策部) 30
充当事業:後期高齢者医療管理運営・P669",target_page_account_and_exact_name_unique;page_offset=0,bpi_d513f5c3201e0e16836f1ebca28c253d183dfe5904408146fcb08aad6723bbf5,exact_group,exact,1
ral_2026_latter_stage_elderly_healthcare_330_001,rd_2026_latter_stage_elderly_healthcare_revenue_63_01_01_01_01_3595400000,2026_latter_stage_elderly_healthcare_expenditure_64_01_01_01_01,2026_latter_stage_elderly_healthcare_expenditure_64_01_01,latter_stage_elderly_healthcare,後期高齢者医療会計関係事務従事職員の人件費,後期高齢者医療会計関係事務従事職員の人件費,675,330,653,matched,page_and_exact_name,not_available,,r8tousyoyosanallpage.pdf,"1 職員給与費(保健福祉政策部) 203,106
充当事業:後期高齢者医療会計関係事務従事職員の人件費・P675",target_page_account_and_exact_name_unique;page_offset=0,bpi_4bdfb1c472d12365dcd8f798b953204c47355c5316844212c7770cc570fe17ec,exact_group,exact,1
ral_2026_latter_stage_elderly_healthcare_330_002,rd_2026_latter_stage_elderly_healthcare_revenue_63_01_01_01_01_3595400000,2026_latter_stage_elderly_healthcare_expenditure_64_01_01_01_02,2026_latter_stage_elderly_healthcare_expenditure_64_01_01,latter_stage_elderly_healthcare,後期高齢者医療会計関係職員の人件費,後期高齢者医療会計関係職員の人件費,675,330,653,matched,page_and_exact_name,not_available,,r8tousyoyosanallpage.pdf,"1 職員給与費(保健福祉政策部) 203,106
充当事業:後期高齢者医療会計関係職員の人件費・P675",target_page_account_and_exact_name_unique;page_offset=0,bpi_c7c45e33cc353118c0c6c3aa0e0d3e9aa43f4733172eb28ce6fa4d262e7e2dc1,exact_group,exact,1
ral_2026_latter_stage_elderly_healthcare_330_003,rd_2026_latter_stage_elderly_healthcare_revenue_63_01_01_01_01_3595400000,2026_latter_stage_elderly_healthcare_expenditure_64_01_01_01_03,2026_latter_stage_elderly_healthcare_expenditure_64_01_01,latter_stage_elderly_healthcare,会計年度任用職員の人件費(保健福祉政策部),会計年度任用職員の人件費（保健福祉政策部）,675,330,653,matched,page_and_normalized_name,not_available,,r8tousyoyosanallpage.pdf,"1 職員給与費(保健福祉政策部) 203,106
充当事業:会計年度任用職員の人件費(保健福祉政策部)・P675",target_page_account_and_nfkc_name_unique;page_offset=0,bpi_dec506625dd9172532e96c51cb8735e807fa9f56a8893bcee531ffb20e06df34,exact_group,exact,1
ral_2026_latter_stage_elderly_healthcare_330_004,rd_2026_latter_stage_elderly_healthcare_revenue_63_01_01_01_02_3595400000,2026_latter_stage_elderly_healthcare_expenditure_61_01_01_01_01,2026_latter_stage_elderly_healthcare_expenditure_61_01_01,latter_stage_elderly_healthcare,後期高齢者医療管理運営,後期高齢者医療管理運営,669,330,653,matched,page_and_exact_name,not_available,,r8tousyoyosanallpage.pdf,"2 一般管理(管理運営)(保健福祉政策部) 170,971
充当事業:後期高齢者医療管理運営・P669",target_page_account_and_exact_name_unique;page_offset=0,bpi_d513f5c3201e0e16836f1ebca28c253d183dfe5904408146fcb08aad6723bbf5,exact_group,exact,1
ral_2026_latter_stage_elderly_healthcare_330_005,rd_2026_latter_stage_elderly_healthcare_revenue_63_01_01_01_03_3595400000,2026_latter_stage_elderly_healthcare_expenditure_61_01_01_01_02,2026_latter_stage_elderly_healthcare_expenditure_61_01_01,latter_stage_elderly_healthcare,後期高齢者医療保険料徴収事務,後期高齢者医療保険料徴収事務,669,330,653,matched,page_and_exact_name,not_available,,r8tousyoyosanallpage.pdf,"3 一般管理(徴収事務)(保健福祉政策部) 89,933
充当事業:後期高齢者医療保険料徴収事務・P669",target_page_account_and_exact_name_unique;page_offset=0,bpi_6f2ee607b72b15f04ab736c0c8ae9495a643337fd88816f32d10d18306b2b86d,exact_group,exact,1
ral_2026_latter_stage_elderly_healthcare_330_006,rd_2026_latter_stage_elderly_healthcare_revenue_63_01_01_01_04_3595400000,2026_latter_stage_elderly_healthcare_expenditure_62_01_01_01_03,2026_latter_stage_elderly_healthcare_expenditure_62_01_01,latter_stage_elderly_healthcare,広域連合事務費負担金,広域連合事務費負担金,671,330,653,matched,page_and_exact_name,not_available,,r8tousyoyosanallpage.pdf,"4 事務費負担金(保健福祉政策部) 406,052
充当事業:広域連合事務費負担金・P671",target_page_account_and_exact_name_unique;page_offset=0,bpi_fedab8333b700a8a96354e32036df990a1443f08a60644b8305f17061c9b1eeb,exact_group,exact,1
ral_2026_latter_stage_elderly_healthcare_330_007,rd_2026_latter_stage_elderly_healthcare_revenue_63_01_01_01_05_3595400000,2026_latter_stage_elderly_healthcare_expenditure_63_01_01_01_01,2026_latter_stage_elderly_healthcare_expenditure_63_01_01,latter_stage_elderly_healthcare,後期高齢者健康診査,後期高齢者健康診査,673,330,653,matched,page_and_exact_name,not_available,,r8tousyoyosanallpage.pdf,"5 一般管理(健康診査)(保健福祉政策部) 37,807
充当事業:後期高齢者健康診査・P673",target_page_account_and_exact_name_unique;page_offset=0,bpi_084b679295a96cdee7ccb9fb066fdb50117a510c79a09bb20297125f0f9df9d1,exact_group,exact,1
ral_2026_latter_stage_elderly_healthcare_330_008,rd_2026_latter_stage_elderly_healthcare_revenue_63_01_01_02_01_3595400000,2026_latter_stage_elderly_healthcare_expenditure_62_01_01_01_01,2026_latter_stage_elderly_healthcare_expenditure_62_01_01,latter_stage_elderly_healthcare,広域連合療養給付費負担金,広域連合療養給付費負担金,671,330,653,matched,page_and_exact_name,not_available,,r8tousyoyosanallpage.pdf,"1 広域連合療養給付費負担金(保健福祉政策部) 7,064,085
充当事業:広域連合療養給付費負担金・P671",target_page_account_and_exact_name_unique;page_offset=0,bpi_c1e0cce1805097b6a36b4b1f82284cf75b24cc05e2a77e6f3cbc76d76593e822,exact_group,exact,1
ral_2026_latter_stage_elderly_healthcare_330_009,rd_2026_latter_stage_elderly_healthcare_revenue_63_01_01_03_02_3595400000,2026_latter_stage_elderly_healthcare_expenditure_62_01_01_01_05,2026_latter_stage_elderly_healthcare_expenditure_62_01_01,latter_stage_elderly_healthcare,保険基盤安定負担金,保険基盤安定負担金,671,330,653,matched,page_and_exact_name,not_available,,r8tousyoyosanallpage.pdf,"2 広域連合保険料等負担金(保健福祉政策部) 1,722,772
充当事業:保険基盤安定負担金・P671",target_page_account_and_exact_name_unique;page_offset=0,bpi_20bda5ffa64d57da79a9eab87134e640078286c06787dabc4ea8f21a6af39a49,exact_group,exact,1
ral_2026_latter_stage_elderly_healthcare_330_010,rd_2026_latter_stage_elderly_healthcare_revenue_63_01_01_04_01_3595400000,2026_latter_stage_elderly_healthcare_expenditure_62_01_01_01_04,2026_latter_stage_elderly_healthcare_expenditure_62_01_01,latter_stage_elderly_healthcare,保険料軽減措置負担金,保険料軽減措置負担金,671,330,653,matched,page_and_exact_name,not_available,,r8tousyoyosanallpage.pdf,"1 保険料軽減措置負担金(保健福祉政策部) 527,000
充当事業:保険料軽減措置負担金・P671",target_page_account_and_exact_name_unique;page_offset=0,bpi_462f67aab5ab786fb140d5069bc607b21efaa7cbcdf948ae5f14248b5196894e,exact_group,exact,1
ral_2026_latter_stage_elderly_healthcare_330_011,rd_2026_latter_stage_elderly_healthcare_revenue_63_01_01_05_01_3595400000,2026_latter_stage_elderly_healthcare_expenditure_63_01_01_01_01,2026_latter_stage_elderly_healthcare_expenditure_63_01_01,latter_stage_elderly_healthcare,後期高齢者健康診査,後期高齢者健康診査,673,330,653,matched,page_and_exact_name,not_available,,r8tousyoyosanallpage.pdf,"1 後期高齢者健康診査(保健福祉政策部) 307,271
充当事業:後期高齢者健康診査・P673",target_page_account_and_exact_name_unique;page_offset=0,bpi_084b679295a96cdee7ccb9fb066fdb50117a510c79a09bb20297125f0f9df9d1,exact_group,exact,1
ral_2026_latter_stage_elderly_healthcare_330_012,rd_2026_latter_stage_elderly_healthcare_revenue_63_01_01_06_01_3595400000,2026_latter_stage_elderly_healthcare_expenditure_61_01_01_01_03,2026_latter_stage_elderly_healthcare_expenditure_61_01_01,latter_stage_elderly_healthcare,葬祭費,葬祭費,669,330,653,matched,page_and_exact_name,not_available,,r8tousyoyosanallpage.pdf,"1 葬祭費(保健福祉政策部) 119,720
充当事業:葬祭費・P669",target_page_account_and_exact_name_unique;page_offset=0,bpi_34189f46d221a65aaf090d43bcda7dd937f87f8836202ae4f2498ca6899f7707,exact_group,exact,1
ral_2026_latter_stage_elderly_healthcare_330_013,rd_2026_latter_stage_elderly_healthcare_revenue_63_01_01_07_01_3595400000,2026_latter_stage_elderly_healthcare_expenditure_66_01_01_01_01,2026_latter_stage_elderly_healthcare_expenditure_66_01_01,latter_stage_elderly_healthcare,予備費,予備費,679,330,653,matched,page_and_exact_name,not_available,,r8tousyoyosanallpage.pdf,"1 予備費(保健福祉政策部) 30,000
充当事業:予備費・P679",target_page_account_and_exact_name_unique;page_offset=0,bpi_df892c6bdda00a2121882cf7750acef10dcc0a919ea3e27787bdb246968317df,exact_group,exact,1
ral_2026_latter_stage_elderly_healthcare_331_001,rd_2026_latter_stage_elderly_healthcare_revenue_64_01_01_01_01_3595400000,2026_latter_stage_elderly_healthcare_expenditure_62_01_01_01_02,2026_latter_stage_elderly_healthcare_expenditure_62_01_01,latter_stage_elderly_healthcare,広域連合保険料等負担金,広域連合保険料等負担金,671,331,655,matched,page_and_exact_name,not_available,,r8tousyoyosanallpage.pdf,"1 広域連合保険料等負担金(保健福祉政策部) 1
充当事業:広域連合保険料等負担金・P671",target_page_account_and_exact_name_unique;page_offset=0,bpi_9aaa02dc9746584faad3507cee769c94493d957254656e864389fe22ad1de77f,exact_group,exact,1
ral_2026_latter_stage_elderly_healthcare_332_001,rd_2026_latter_stage_elderly_healthcare_revenue_65_01_01_01_01_3595400000,2026_latter_stage_elderly_healthcare_expenditure_62_01_01_01_02,2026_latter_stage_elderly_healthcare_expenditure_62_01_01,latter_stage_elderly_healthcare,広域連合保険料等負担金,広域連合保険料等負担金,671,332,657,matched,page_and_exact_name,not_available,,r8tousyoyosanallpage.pdf,"1 広域連合保険料等負担金(保健福祉政策部) 5,000
充当事業:広域連合保険料等負担金・P671",target_page_account_and_exact_name_unique;page_offset=0,bpi_9aaa02dc9746584faad3507cee769c94493d957254656e864389fe22ad1de77f,exact_group,exact,1
ral_2026_latter_stage_elderly_healthcare_333_001,rd_2026_latter_stage_elderly_healthcare_revenue_65_02_03_01_01_3595400000,2026_latter_stage_elderly_healthcare_expenditure_65_01_03_01_01,2026_latter_stage_elderly_healthcare_expenditure_65_01_03,latter_stage_elderly_healthcare,広域連合保険料還付金,広域連合保険料還付金,677,333,659,matched,page_and_exact_name,not_available,,r8tousyoyosanallpage.pdf,"1 広域連合保険料還付金(保健福祉政策部) 35,000
充当事業:広域連合保険料還付金・P677",target_page_account_and_exact_name_unique;page_offset=0,bpi_66377ac8eb5049e002c58034146a24e44dc1117392c60bdfdc3c507e2fdb86b2,exact_group,exact,1
ral_2026_latter_stage_elderly_healthcare_333_002,rd_2026_latter_stage_elderly_healthcare_revenue_65_02_03_01_02_3595400000,2026_latter_stage_elderly_healthcare_expenditure_65_01_03_01_02,2026_latter_stage_elderly_healthcare_expenditure_65_01_03,latter_stage_elderly_healthcare,広域連合保険料還付加算金,広域連合保険料還付加算金,677,333,659,matched,page_and_exact_name,not_available,,r8tousyoyosanallpage.pdf,"2 広域連合保険料還付加算金(保健福祉政策部) 300
充当事業:広域連合保険料還付加算金・P677",target_page_account_and_exact_name_unique;page_offset=0,bpi_97a901c1a116b6904f3bf17a9a56a68d23e9b37723029751afed2ab5aed9d160,exact_group,exact,1
ral_2026_latter_stage_elderly_healthcare_333_003,rd_2026_latter_stage_elderly_healthcare_revenue_65_02_03_01_03_3595400000,2026_latter_stage_elderly_healthcare_expenditure_65_01_03_01_03,2026_latter_stage_elderly_healthcare_expenditure_65_01_03,latter_stage_elderly_healthcare,広域連合保険料延滞金還付金,広域連合保険料延滞金還付金,677,333,659,matched,page_and_exact_name,not_available,,r8tousyoyosanallpage.pdf,"3 広域連合保険料延滞金還付金(保健福祉政策部) 100
充当事業:広域連合保険料延滞金還付金・P677",target_page_account_and_exact_name_unique;page_offset=0,bpi_013f1046c6f027150062b84319b150d96df80b4c3d6c06ae477dcd2a3b0be121,exact_group,exact,1
ral_2026_latter_stage_elderly_healthcare_334_001,rd_2026_latter_stage_elderly_healthcare_revenue_65_03_01_01_01_3595400000,2026_latter_stage_elderly_healthcare_expenditure_61_01_01_01_01,2026_latter_stage_elderly_healthcare_expenditure_61_01_01,latter_stage_elderly_healthcare,後期高齢者医療管理運営,後期高齢者医療管理運営,669,334,661,matched,page_and_exact_name,not_available,,r8tousyoyosanallpage.pdf,"1 預金利子収入(保健福祉政策部) 1
充当事業:後期高齢者医療管理運営・P669",target_page_account_and_exact_name_unique;page_offset=0,bpi_d513f5c3201e0e16836f1ebca28c253d183dfe5904408146fcb08aad6723bbf5,exact_group,exact,1
ral_2026_latter_stage_elderly_healthcare_335_001,rd_2026_latter_stage_elderly_healthcare_revenue_65_04_01_01_01_3595400000,2026_latter_stage_elderly_healthcare_expenditure_63_01_01_01_01,2026_latter_stage_elderly_healthcare_expenditure_63_01_01,latter_stage_elderly_healthcare,後期高齢者健康診査,後期高齢者健康診査,673,335,663,matched,page_and_exact_name,not_available,,r8tousyoyosanallpage.pdf,"1 後期高齢者健康診査(保健福祉政策部) 306,333
充当事業:後期高齢者健康診査・P673",target_page_account_and_exact_name_unique;page_offset=0,bpi_084b679295a96cdee7ccb9fb066fdb50117a510c79a09bb20297125f0f9df9d1,exact_group,exact,1
ral_2026_latter_stage_elderly_healthcare_335_002,rd_2026_latter_stage_elderly_healthcare_revenue_65_04_01_02_01_3595400000,2026_latter_stage_elderly_healthcare_expenditure_61_01_01_01_03,2026_latter_stage_elderly_healthcare_expenditure_61_01_01,latter_stage_elderly_healthcare,葬祭費,葬祭費,669,335,663,matched,page_and_exact_name,not_available,,r8tousyoyosanallpage.pdf,"1 葬祭費受託事業収入(保健福祉政策部) 299,300
充当事業:葬祭費・P669",target_page_account_and_exact_name_unique;page_offset=0,bpi_34189f46d221a65aaf090d43bcda7dd937f87f8836202ae4f2498ca6899f7707,exact_group,exact,1
ral_2026_latter_stage_elderly_healthcare_335_003,rd_2026_latter_stage_elderly_healthcare_revenue_65_04_01_03_01_3595400000,2026_latter_stage_elderly_healthcare_expenditure_63_01_02_01_01,2026_latter_stage_elderly_healthcare_expenditure_63_01_02,latter_stage_elderly_healthcare,被保険者の健康増進,被保険者の健康増進,673,335,663,matched,page_and_exact_name,not_available,,r8tousyoyosanallpage.pdf,"1 後期高齢者保健事業(保健福祉政策部) 4,642
充当事業:被保険者の健康増進・P673",target_page_account_and_exact_name_unique;page_offset=0,bpi_fcbe7880b8fecbda2614f250744aed719181eede2cdb0039807ee3ba34542578,exact_group,exact,1
ral_2026_latter_stage_elderly_healthcare_336_001,rd_2026_latter_stage_elderly_healthcare_revenue_65_05_01_01_04_3595400000,2026_latter_stage_elderly_healthcare_expenditure_61_01_01_01_01,2026_latter_stage_elderly_healthcare_expenditure_61_01_01,latter_stage_elderly_healthcare,後期高齢者医療管理運営,後期高齢者医療管理運営,669,336,665,matched,page_and_exact_name,not_available,,r8tousyoyosanallpage.pdf,"4 消費税還付金(保健福祉政策部) 1
充当事業:後期高齢者医療管理運営・P669",target_page_account_and_exact_name_unique;page_offset=0,bpi_d513f5c3201e0e16836f1ebca28c253d183dfe5904408146fcb08aad6723bbf5,exact_group,exact,1
ral_2026_latter_stage_elderly_healthcare_336_002,rd_2026_latter_stage_elderly_healthcare_revenue_65_05_01_03_03_3595400000,2026_latter_stage_elderly_healthcare_expenditure_63_01_01_01_01,2026_latter_stage_elderly_healthcare_expenditure_63_01_01,latter_stage_elderly_healthcare,後期高齢者健康診査,後期高齢者健康診査,673,336,665,matched,page_and_exact_name,not_available,,r8tousyoyosanallpage.pdf,"3 区市町村支援事業補助金(保健福祉政策部) 15,681
充当事業:後期高齢者健康診査・P673",target_page_account_and_exact_name_unique;page_offset=0,bpi_084b679295a96cdee7ccb9fb066fdb50117a510c79a09bb20297125f0f9df9d1,exact_group,exact,1
ral_2026_latter_stage_elderly_healthcare_336_003,rd_2026_latter_stage_elderly_healthcare_revenue_65_05_03_03_01_3595400000,2026_latter_stage_elderly_healthcare_expenditure_62_01_01_01_04,2026_latter_stage_elderly_healthcare_expenditure_62_01_01,latter_stage_elderly_healthcare,保険料軽減措置負担金,保険料軽減措置負担金,671,336,665,matched,page_and_exact_name,not_available,,r8tousyoyosanallpage.pdf,"1 未収金補填分負担金返還金(保健福祉政策部) 1
充当事業:保険料軽減措置負担金・P671",target_page_account_and_exact_name_unique;page_offset=0,bpi_462f67aab5ab786fb140d5069bc607b21efaa7cbcdf948ae5f14248b5196894e,exact_group,exact,1
ral_2026_long_term_care_insurance_358_001,rd_2026_long_term_care_insurance_revenue_41_01_01_01_01_3645200000,2026_long_term_care_insurance_expenditure_42_01_01_01_01,2026_long_term_care_insurance_expenditure_42_01_01,long_term_care_insurance,居宅介護サービス給付費,居宅介護サービス給付費,759,358,709,matched,page_and_exact_name,not_available,,r8tousyoyosanallpage.pdf,"1 居宅介護サービス給付費(高齢福祉部) 4,596,143
充当事業:居宅介護サービス給付費・P759",target_page_account_and_exact_name_unique;page_offset=0,bpi_2db802acb93f9799cf0425ffaff069f420a030e6081e227256bdd4cc19f71880,exact_group,exact,1
ral_2026_long_term_care_insurance_358_002,rd_2026_long_term_care_insurance_revenue_41_01_01_01_02_3645200000,2026_long_term_care_insurance_expenditure_42_01_02_01_01,2026_long_term_care_insurance_expenditure_42_01_02,long_term_care_insurance,施設介護サービス給付費,施設介護サービス給付費,759,358,709,matched,page_and_exact_name,not_available,,r8tousyoyosanallpage.pdf,"2 施設介護サービス給付費(高齢福祉部) 3,685,728
充当事業:施設介護サービス給付費・P759",target_page_account_and_exact_name_unique;page_offset=0,bpi_410f0facb2eb342260a09886015821489a5a8261e9023f69f3aa2f7e77696221,exact_group,exact,1
ral_2026_long_term_care_insurance_358_003,rd_2026_long_term_care_insurance_revenue_41_01_01_01_03_3645200000,2026_long_term_care_insurance_expenditure_42_01_03_01_01,2026_long_term_care_insurance_expenditure_42_01_03,long_term_care_insurance,居宅介護福祉用具購入費,居宅介護福祉用具購入費,761,358,709,matched,page_and_exact_name,not_available,,r8tousyoyosanallpage.pdf,"3 居宅介護福祉用具購入費(高齢福祉部) 25,006
充当事業:居宅介護福祉用具購入費・P761",target_page_account_and_exact_name_unique;page_offset=0,bpi_673cc854615fd815a03e45694470bda1b0b26fc77b8b7add9144bbf07dec2cd7,exact_group,exact,1
ral_2026_long_term_care_insurance_358_004,rd_2026_long_term_care_insurance_revenue_41_01_01_01_04_3645200000,2026_long_term_care_insurance_expenditure_42_01_04_01_01,2026_long_term_care_insurance_expenditure_42_01_04,long_term_care_insurance,居宅介護住宅改修費,居宅介護住宅改修費,761,358,709,matched,page_and_exact_name,not_available,,r8tousyoyosanallpage.pdf,"4 居宅介護住宅改修費(高齢福祉部) 38,237
充当事業:居宅介護住宅改修費・P761",target_page_account_and_exact_name_unique;page_offset=0,bpi_7233b57358da00a89d8f0c645637e8c8ba543a04a77b2a9dd44eec6cdde4a7e1,exact_group,exact,1
ral_2026_long_term_care_insurance_358_005,rd_2026_long_term_care_insurance_revenue_41_01_01_01_05_3645200000,2026_long_term_care_insurance_expenditure_42_01_05_01_01,2026_long_term_care_insurance_expenditure_42_01_05,long_term_care_insurance,居宅介護サービス計画給付費,居宅介護サービス計画給付費,761,358,709,matched,page_and_exact_name,not_available,,r8tousyoyosanallpage.pdf,"5 居宅介護サービス計画費(高齢福祉部) 1,051,383
充当事業:居宅介護サービス計画給付費・P761",target_page_account_and_exact_name_unique;page_offset=0,bpi_d492f0dae5d4d65752df634c3c8d3ce20d93f35f834c3714f7448bc217f36fe2,exact_group,exact,1
ral_2026_long_term_care_insurance_358_006,rd_2026_long_term_care_insurance_revenue_41_01_01_01_10_3645200000,2026_long_term_care_insurance_expenditure_42_03_01_01_01,2026_long_term_care_insurance_expenditure_42_03_01,long_term_care_insurance,審査支払手数料,審査支払手数料,765,358,709,matched,page_and_exact_name,not_available,,r8tousyoyosanallpage.pdf,"10 審査支払手数料(高齢福祉部) 22,743
充当事業:審査支払手数料・P765",target_page_account_and_exact_name_unique;page_offset=0,bpi_05471e021d62b778718d436646a3cac8f485e4963a0ce45ddfd924394901f7c9,exact_group,exact,1
ral_2026_long_term_care_insurance_358_007,rd_2026_long_term_care_insurance_revenue_41_01_01_01_11_3645200000,2026_long_term_care_insurance_expenditure_42_04_01_01_01,2026_long_term_care_insurance_expenditure_42_04_01,long_term_care_insurance,高額介護サービス費,高額介護サービス費,767,358,709,matched,page_and_exact_name,not_available,,r8tousyoyosanallpage.pdf,"11 高額介護サービス費(高齢福祉部) 632,281
充当事業:高額介護サービス費・P767",target_page_account_and_exact_name_unique;page_offset=0,bpi_f985f46de98226f7a4b1993dc94c2d8fdbf2a96691baffe92d642681b1be34cc,exact_group,exact,1
ral_2026_long_term_care_insurance_358_008,rd_2026_long_term_care_insurance_revenue_41_01_01_01_16_3645200000,2026_long_term_care_insurance_expenditure_42_01_06_01_01,2026_long_term_care_insurance_expenditure_42_01_06,long_term_care_insurance,地域密着型介護サービス給付費,地域密着型介護サービス給付費,763,358,709,matched,page_and_exact_name,not_available,,r8tousyoyosanallpage.pdf,"16 地域密着型介護サービス給付費(高齢福祉部) 2,568,470
充当事業:地域密着型介護サービス給付費・P763",target_page_account_and_exact_name_unique;page_offset=0,bpi_0b8d69632d8e169a697bbe9fcc3df4c0d35978397e98a5fa41f9bf6fe3318041,exact_group,exact,1
ral_2026_long_term_care_insurance_358_009,rd_2026_long_term_care_insurance_revenue_41_01_01_01_17_3645200000,2026_long_term_care_insurance_expenditure_42_06_02_01_01,2026_long_term_care_insurance_expenditure_42_06_02,long_term_care_insurance,地域密着型介護予防サービス給付費,地域密着型介護予防サービス給付費,769,358,709,matched,page_and_exact_name,not_available,,r8tousyoyosanallpage.pdf,"17 地域密着型介護予防サービス給付費(高齢福祉部) 9,609
充当事業:地域密着型介護予防サービス給付費・P769",target_page_account_and_exact_name_unique;page_offset=0,bpi_6ab66b034f7939beaf7e49a6ce6aab515edeca9a5641f9abad92aab7b2c0707b,exact_group,exact,1
ral_2026_long_term_care_insurance_358_010,rd_2026_long_term_care_insurance_revenue_41_01_01_01_18_3645200000,2026_long_term_care_insurance_expenditure_42_07_01_01_01,2026_long_term_care_insurance_expenditure_42_07_01,long_term_care_insurance,特定入所者介護サービス費,特定入所者介護サービス費,773,358,709,matched,page_and_exact_name,not_available,,r8tousyoyosanallpage.pdf,"18 特定入所者介護サービス費(高齢福祉部) 178,270
充当事業:特定入所者介護サービス費・P773",target_page_account_and_exact_name_unique;page_offset=0,bpi_f73c271d300f4539809d071a45f12f902db41177ffa2470ba070fb55f01418c4,exact_group,exact,1
ral_2026_long_term_care_insurance_358_011,rd_2026_long_term_care_insurance_revenue_41_01_01_01_19_3645200000,2026_long_term_care_insurance_expenditure_42_07_03_01_01,2026_long_term_care_insurance_expenditure_42_07_03,long_term_care_insurance,特定入所者介護予防サービス費,特定入所者介護予防サービス費,773,358,709,matched,page_and_exact_name,not_available,,r8tousyoyosanallpage.pdf,"19 特定入所者介護予防サービス費(高齢福祉部) 108
充当事業:特定入所者介護予防サービス費・P773",target_page_account_and_exact_name_unique;page_offset=0,bpi_5663a271d92c93df1b4f527978953aabd60e86992e045144b8625497496ec5d7,exact_group,exact,1
ral_2026_long_term_care_insurance_358_012,rd_2026_long_term_care_insurance_revenue_41_01_01_01_20_3645200000,2026_long_term_care_insurance_expenditure_42_06_01_01_01,2026_long_term_care_insurance_expenditure_42_06_01,long_term_care_insurance,介護予防サービス給付費,介護予防サービス給付費,769,358,709,matched,page_and_exact_name,not_available,,r8tousyoyosanallpage.pdf,"20 介護予防サービス給付費(高齢福祉部) 358,316
充当事業:介護予防サービス給付費・P769",target_page_account_and_exact_name_unique;page_offset=0,bpi_cea40e59b2c488d1b3077e33eab699a6aa176875321ffe2aa303e387be5a2959,exact_group,exact,1
ral_2026_long_term_care_insurance_358_013,rd_2026_long_term_care_insurance_revenue_41_01_01_01_21_3645200000,2026_long_term_care_insurance_expenditure_42_06_03_01_01,2026_long_term_care_insurance_expenditure_42_06_03,long_term_care_insurance,介護予防福祉用具購入費,介護予防福祉用具購入費,771,358,709,matched,page_and_exact_name,not_available,,r8tousyoyosanallpage.pdf,"21 介護予防福祉用具購入費(高齢福祉部) 4,580
充当事業:介護予防福祉用具購入費・P771",target_page_account_and_exact_name_unique;page_offset=0,bpi_eca2fab4c7cd5770e740113b5b5d5aac0f9ddba255c356aa32b88e316af7a853,exact_group,exact,1
ral_2026_long_term_care_insurance_358_014,rd_2026_long_term_care_insurance_revenue_41_01_01_01_22_3645200000,2026_long_term_care_insurance_expenditure_42_06_04_01_01,2026_long_term_care_insurance_expenditure_42_06_04,long_term_care_insurance,介護予防住宅改修費,介護予防住宅改修費,771,358,709,matched,page_and_exact_name,not_available,,r8tousyoyosanallpage.pdf,"22 介護予防住宅改修費(高齢福祉部) 21,561
充当事業:介護予防住宅改修費・P771",target_page_account_and_exact_name_unique;page_offset=0,bpi_1bf042ef6f9463ea7bb242b0fbf8dc7464509ba0189c1edf003df01cb774ce30,exact_group,exact,1
ral_2026_long_term_care_insurance_358_015,rd_2026_long_term_care_insurance_revenue_41_01_01_01_23_3645200000,2026_long_term_care_insurance_expenditure_42_06_05_01_01,2026_long_term_care_insurance_expenditure_42_06_05,long_term_care_insurance,介護予防サービス計画給付費,介護予防サービス計画給付費,771,358,709,matched,page_and_exact_name,not_available,,r8tousyoyosanallpage.pdf,"23 介護予防サービス計画給付費(高齢福祉部) 65,199
充当事業:介護予防サービス計画給付費・P771",target_page_account_and_exact_name_unique;page_offset=0,bpi_c72aec3eef1d2bf1b5315b3883b1edd23758d66c7647a8b2bfaf275aaa896f9b,exact_group,exact,1
ral_2026_long_term_care_insurance_358_016,rd_2026_long_term_care_insurance_revenue_41_01_01_01_24_3645200000,2026_long_term_care_insurance_expenditure_42_04_03_01_01,2026_long_term_care_insurance_expenditure_42_04_03,long_term_care_insurance,高額介護予防サービス費,高額介護予防サービス費,767,358,709,matched,page_and_exact_name,not_available,,r8tousyoyosanallpage.pdf,"24 高額介護予防サービス費(高齢福祉部) 1,338
充当事業:高額介護予防サービス費・P767",target_page_account_and_exact_name_unique;page_offset=0,bpi_0bfd29d74bdbf555d6472b66d5d1c339c0b423c88561055acb8ab5a4cc9a9280,exact_group,exact,1
ral_2026_long_term_care_insurance_358_017,rd_2026_long_term_care_insurance_revenue_41_01_01_01_30_3645300000,2026_long_term_care_insurance_expenditure_49_02_01_01_01,2026_long_term_care_insurance_expenditure_49_02_01,long_term_care_insurance,地域包括支援センター運営委託,地域包括支援センター運営委託,785,358,709,matched,page_and_exact_name,not_available,,r8tousyoyosanallpage.pdf,"30 地域包括支援センター運営委託(高齢福祉部) 8,845
充当事業:地域包括支援センター運営委託・P785",target_page_account_and_exact_name_unique;page_offset=0,bpi_6ad80e7fbab6af3c02453a6ec51a29b472217766ac3d78c472796bdcc33c55b2,exact_group,exact,1
ral_2026_long_term_care_insurance_358_018,rd_2026_long_term_care_insurance_revenue_41_01_01_01_33_3645100000,2026_long_term_care_insurance_expenditure_49_02_02_01_03,2026_long_term_care_insurance_expenditure_49_02_02,long_term_care_insurance,高齢者おむつ支給,高齢者おむつ支給,785,358,709,matched,page_and_exact_name,not_available,,r8tousyoyosanallpage.pdf,"33 高齢者おむつ支給(高齢福祉部) 41,829
充当事業:高齢者おむつ支給・P785",target_page_account_and_exact_name_unique;page_offset=0,bpi_c819a60602282a711e9933e2fd46c189c7840e6d8cc381b6b41b5a76cc3231fe,exact_group,exact,1
ral_2026_long_term_care_insurance_359_001,rd_2026_long_term_care_insurance_revenue_41_01_01_01_35_3645100000,2026_long_term_care_insurance_expenditure_49_02_02_01_05,2026_long_term_care_insurance_expenditure_49_02_02,long_term_care_insurance,住宅改修アドバイザー派遣,住宅改修アドバイザー派遣,785,359,711,matched,page_and_exact_name,not_available,,r8tousyoyosanallpage.pdf,"35 住宅改修アドバイザー派遣(高齢福祉部) 333
充当事業:住宅改修アドバイザー派遣・P785",target_page_account_and_exact_name_unique;page_offset=0,bpi_163cf52aba9296b08e531463eb545b618ae169a7da91720600e923c22456fda4,exact_group,exact,1
ral_2026_long_term_care_insurance_359_002,rd_2026_long_term_care_insurance_revenue_41_01_01_01_36_3645200000,2026_long_term_care_insurance_expenditure_49_02_02_01_06,2026_long_term_care_insurance_expenditure_49_02_02,long_term_care_insurance,介護給付適正化事業,介護給付適正化事業,785,359,711,matched,page_and_exact_name,not_available,,r8tousyoyosanallpage.pdf,"36 介護給付適正化事業(高齢福祉部) 779
充当事業:介護給付適正化事業・P785",target_page_account_and_exact_name_unique;page_offset=0,bpi_39e66fb21538fbc5384a56310a72c84a7073e0a2721fac132a7c79fe44006e9e,exact_group,exact,1
ral_2026_long_term_care_insurance_359_003,rd_2026_long_term_care_insurance_revenue_41_01_01_01_45_3645200000,2026_long_term_care_insurance_expenditure_42_09_01_01_01,2026_long_term_care_insurance_expenditure_42_09_01,long_term_care_insurance,高額医療合算介護サービス費,高額医療合算介護サービス費,775,359,711,matched,page_and_exact_name,not_available,,r8tousyoyosanallpage.pdf,"45 高額医療合算介護サービス費(高齢福祉部) 115,843
充当事業:高額医療合算介護サービス費・P775",target_page_account_and_exact_name_unique;page_offset=0,bpi_b43b8eefdccc6ae67d70339ef7a142637415a0d8b51534f6601322c80ce6f23a,exact_group,exact,1
ral_2026_long_term_care_insurance_359_004,rd_2026_long_term_care_insurance_revenue_41_01_01_01_46_3645200000,2026_long_term_care_insurance_expenditure_42_09_02_01_01,2026_long_term_care_insurance_expenditure_42_09_02,long_term_care_insurance,高額医療合算介護予防サービス費,高額医療合算介護予防サービス費,775,359,711,matched,page_and_exact_name,not_available,,r8tousyoyosanallpage.pdf,"46 高額医療合算介護予防サービス費(高齢福祉部) 1,223
充当事業:高額医療合算介護予防サービス費・P775",target_page_account_and_exact_name_unique;page_offset=0,bpi_f76fd0c7e66bc1ebdd98e8cbce59a295813bc75289bbbff904630880db040318,exact_group,exact,1
ral_2026_long_term_care_insurance_359_005,rd_2026_long_term_care_insurance_revenue_41_01_01_01_56_3645300000,2026_long_term_care_insurance_expenditure_49_02_02_01_10,2026_long_term_care_insurance_expenditure_49_02_02,long_term_care_insurance,認知症ケア推進事業,認知症ケア推進事業,787,359,711,matched,page_and_exact_name,not_available,,r8tousyoyosanallpage.pdf,"56 認知症ケア推進事業(高齢福祉部) 8,395
充当事業:認知症ケア推進事業・P787",target_page_account_and_exact_name_unique;page_offset=2,bpi_6864087d9ac3df47340f361257aa1e8c26f24ef490cbce00b4aa79e9cc22ba0b,exact_group,exact,1
ral_2026_long_term_care_insurance_359_006,rd_2026_long_term_care_insurance_revenue_41_01_01_01_57_3645300000,2026_long_term_care_insurance_expenditure_49_03_01_01_06,2026_long_term_care_insurance_expenditure_49_03_01,long_term_care_insurance,サービス・活動事業,サービス・活動事業,789,359,711,matched,page_and_exact_name,not_available,,r8tousyoyosanallpage.pdf,"57 サービス・活動事業(高齢福祉部) 62,788
充当事業:サービス・活動事業・P789",target_page_account_and_exact_name_unique;page_offset=0,bpi_7b131f4de76f3f4dccf996785b67622db5b130d7c116eb23fd4c49740dc57596,exact_group,exact,1
ral_2026_long_term_care_insurance_359_007,rd_2026_long_term_care_insurance_revenue_41_01_01_01_58_3645200000,2026_long_term_care_insurance_expenditure_49_03_01_01_08,2026_long_term_care_insurance_expenditure_49_03_01,long_term_care_insurance,高額介護サービス費相当等事業費,高額介護サービス費相当等事業費,789,359,711,matched,page_and_exact_name,not_available,,r8tousyoyosanallpage.pdf,"58 高額介護サービス費相当等事業費(高齢福祉部) 2,670
充当事業:高額介護サービス費相当等事業費・P789",target_page_account_and_exact_name_unique;page_offset=0,bpi_3362376aeeeaf6fbcc1c4fd8465b3c1cf240b2455c2a9557d65f9ac7ebbd5af3,exact_group,exact,1
ral_2026_long_term_care_insurance_359_008,rd_2026_long_term_care_insurance_revenue_41_01_01_01_63_3645200000,2026_long_term_care_insurance_expenditure_49_02_02_01_11,2026_long_term_care_insurance_expenditure_49_02_02,long_term_care_insurance,家族介護支援事業,家族介護支援事業,787,359,711,matched,page_and_exact_name,not_available,,r8tousyoyosanallpage.pdf,"63 家族介護支援事業(高齢福祉部) 937
充当事業:家族介護支援事業・P787",target_page_account_and_exact_name_unique;page_offset=2,bpi_350e7024d522abf084257e6c43444e5dcefbdf1df200cb386513f7e52709a03f,exact_group,exact,1
ral_2026_long_term_care_insurance_359_009,rd_2026_long_term_care_insurance_revenue_41_01_01_01_64_3645200000,2026_long_term_care_insurance_expenditure_49_03_01_01_09,2026_long_term_care_insurance_expenditure_49_03_01,long_term_care_insurance,総合事業指定事業者実施サービス等諸費,総合事業指定事業者実施サービス等諸費,789,359,711,matched,page_and_exact_name,not_available,,r8tousyoyosanallpage.pdf,"64 総合事業指定事業者実施サービス等諸費(高齢福祉部) 344,242
充当事業:総合事業指定事業者実施サービス等諸費・P789",target_page_account_and_exact_name_unique;page_offset=0,bpi_fc7fb4925f2b99a3ae501dc2856ec0f0f72494b7ae0ef4f4a6473dd400ae4c25,exact_group,exact,1
ral_2026_long_term_care_insurance_359_010,rd_2026_long_term_care_insurance_revenue_41_01_01_01_65_3595200000,2026_long_term_care_insurance_expenditure_49_02_02_01_12,2026_long_term_care_insurance_expenditure_49_02_02,long_term_care_insurance,成年後見報酬助成,成年後見報酬助成,787,359,711,matched,page_and_exact_name,not_available,,r8tousyoyosanallpage.pdf,"65 成年後見制度(保健福祉政策部) 5,603
充当事業:成年後見報酬助成・P787",target_page_account_and_exact_name_unique;page_offset=2,bpi_0dfb8c5e972e73a6a5c8bfc3451c3c97b829e1bae009faa69c56b4e0899b74e0,exact_group,exact,1
ral_2026_long_term_care_insurance_359_011,rd_2026_long_term_care_insurance_revenue_41_01_01_01_66_3645100000,2026_long_term_care_insurance_expenditure_49_02_02_01_13,2026_long_term_care_insurance_expenditure_49_02_02,long_term_care_insurance,高齢者安心コール,高齢者安心コール,787,359,711,matched,page_and_exact_name,not_available,,r8tousyoyosanallpage.pdf,"66 高齢者安心コール(高齢福祉部) 8,857
充当事業:高齢者安心コール・P787",target_page_account_and_exact_name_unique;page_offset=2,bpi_7eef77dbfc3f9ce5478a03faff86c91fbefc7b64a6f6b94f2bcb0079f6756a23,exact_group,exact,1
ral_2026_long_term_care_insurance_359_012,rd_2026_long_term_care_insurance_revenue_41_01_01_01_67_3645200000,2026_long_term_care_insurance_expenditure_48_02_01_01_01,2026_long_term_care_insurance_expenditure_48_02_01,long_term_care_insurance,重層的支援体制整備事業繰出金,重層的支援体制整備事業繰出金,783,359,711,matched,page_and_exact_name,not_available,,r8tousyoyosanallpage.pdf,"67 重層的支援体制整備事業繰出金(高齢福祉部) 195,871
充当事業:重層的支援体制整備事業繰出金・P783",target_page_account_and_exact_name_unique;page_offset=0,bpi_77d59782515a17cd77cfbe4f459e7605e4b1e5a8ebe5e13a1b6bf44ae3a4e97b,exact_group,exact,1
ral_2026_long_term_care_insurance_359_013,rd_2026_long_term_care_insurance_revenue_41_01_01_02_01_3645200000,2026_long_term_care_insurance_expenditure_42_01_01_01_01,2026_long_term_care_insurance_expenditure_42_01_01,long_term_care_insurance,居宅介護サービス給付費,居宅介護サービス給付費,759,359,711,matched,page_and_exact_name,not_available,,r8tousyoyosanallpage.pdf,"1 居宅介護サービス給付費(高齢福祉部) 2,470,958
充当事業:居宅介護サービス給付費・P759",target_page_account_and_exact_name_unique;page_offset=0,bpi_2db802acb93f9799cf0425ffaff069f420a030e6081e227256bdd4cc19f71880,exact_group,exact,1
ral_2026_long_term_care_insurance_359_014,rd_2026_long_term_care_insurance_revenue_41_01_01_03_01_3645200000,2026_long_term_care_insurance_expenditure_42_01_01_01_01,2026_long_term_care_insurance_expenditure_42_01_01,long_term_care_insurance,居宅介護サービス給付費,居宅介護サービス給付費,759,359,711,matched,page_and_exact_name,not_available,,r8tousyoyosanallpage.pdf,"1 居宅介護サービス給付費(高齢福祉部) 25,854
充当事業:居宅介護サービス給付費・P759",target_page_account_and_exact_name_unique;page_offset=0,bpi_2db802acb93f9799cf0425ffaff069f420a030e6081e227256bdd4cc19f71880,exact_group,exact,1
ral_2026_long_term_care_insurance_359_015,rd_2026_long_term_care_insurance_revenue_41_01_01_03_52_3645200000,2026_long_term_care_insurance_expenditure_48_01_04_01_01,2026_long_term_care_insurance_expenditure_48_01_04,long_term_care_insurance,第1号被保険者保険料還付金,第１号被保険者保険料還付金,781,359,711,matched,page_and_normalized_name,not_available,,r8tousyoyosanallpage.pdf,"52 第1号被保険者保険料還付金(高齢福祉部) 43,384
充当事業:第1号被保険者保険料還付金・P781",target_page_account_and_nfkc_name_unique;page_offset=0,bpi_154d5abacbbee603eb0df66bb6fef5df3d42bb779bf474cd1b2ae02ce09b43ef,exact_group,exact,1
ral_2026_long_term_care_insurance_359_016,rd_2026_long_term_care_insurance_revenue_41_01_01_03_53_3645200000,2026_long_term_care_insurance_expenditure_48_01_04_01_03,2026_long_term_care_insurance_expenditure_48_01_04,long_term_care_insurance,第1号被保険者保険料延滞金還付金,第１号被保険者保険料延滞金還付金,781,359,711,matched,page_and_normalized_name,not_available,,r8tousyoyosanallpage.pdf,"53 第1号被保険者保険料延滞金還付金(高齢福祉部) 11
充当事業:第1号被保険者保険料延滞金還付金・P781",target_page_account_and_nfkc_name_unique;page_offset=0,bpi_5a72cd8ace6757e0c9906de4480eabc47da25e21007cc5da4d6b34b8c61d7246,exact_group,exact,1
ral_2026_long_term_care_insurance_360_001,rd_2026_long_term_care_insurance_revenue_42_01_01_01_01_3645200000,2026_long_term_care_insurance_expenditure_41_01_01_01_01,2026_long_term_care_insurance_expenditure_41_01_01,long_term_care_insurance,介護保険事業管理運営,介護保険事業管理運営,751,360,713,matched,page_and_exact_name,not_available,,r8tousyoyosanallpage.pdf,"1 保険料納付済等証明手数料(高齢福祉部) 1
充当事業:介護保険事業管理運営・P751",target_page_account_and_exact_name_unique;page_offset=0,bpi_13fb49e055f60cf49f91f04e2145186cfc2be48f83d7da5aa571554531b5833f,exact_group,exact,1
ral_2026_long_term_care_insurance_361_001,rd_2026_long_term_care_insurance_revenue_43_01_01_01_01_3645200000,2026_long_term_care_insurance_expenditure_42_01_01_01_01,2026_long_term_care_insurance_expenditure_42_01_01,long_term_care_insurance,居宅介護サービス給付費,居宅介護サービス給付費,759,361,715,matched,page_and_exact_name,not_available,,r8tousyoyosanallpage.pdf,"1 居宅介護サービス給付費(高齢福祉部) 7,183,340
充当事業:居宅介護サービス給付費・P759",target_page_account_and_exact_name_unique;page_offset=0,bpi_2db802acb93f9799cf0425ffaff069f420a030e6081e227256bdd4cc19f71880,exact_group,exact,1
ral_2026_long_term_care_insurance_361_002,rd_2026_long_term_care_insurance_revenue_43_01_01_01_02_3645200000,2026_long_term_care_insurance_expenditure_42_01_02_01_01,2026_long_term_care_insurance_expenditure_42_01_02,long_term_care_insurance,施設介護サービス給付費,施設介護サービス給付費,759,361,715,matched,page_and_exact_name,not_available,,r8tousyoyosanallpage.pdf,"2 施設介護サービス給付費(高齢福祉部) 2,064,450
充当事業:施設介護サービス給付費・P759",target_page_account_and_exact_name_unique;page_offset=0,bpi_410f0facb2eb342260a09886015821489a5a8261e9023f69f3aa2f7e77696221,exact_group,exact,1
ral_2026_long_term_care_insurance_361_003,rd_2026_long_term_care_insurance_revenue_43_01_01_01_03_3645200000,2026_long_term_care_insurance_expenditure_42_01_03_01_01,2026_long_term_care_insurance_expenditure_42_01_03,long_term_care_insurance,居宅介護福祉用具購入費,居宅介護福祉用具購入費,761,361,715,matched,page_and_exact_name,not_available,,r8tousyoyosanallpage.pdf,"3 居宅介護福祉用具購入費(高齢福祉部) 18,675
充当事業:居宅介護福祉用具購入費・P761",target_page_account_and_exact_name_unique;page_offset=0,bpi_673cc854615fd815a03e45694470bda1b0b26fc77b8b7add9144bbf07dec2cd7,exact_group,exact,1
ral_2026_long_term_care_insurance_361_004,rd_2026_long_term_care_insurance_revenue_43_01_01_01_04_3645200000,2026_long_term_care_insurance_expenditure_42_01_04_01_01,2026_long_term_care_insurance_expenditure_42_01_04,long_term_care_insurance,居宅介護住宅改修費,居宅介護住宅改修費,761,361,715,matched,page_and_exact_name,not_available,,r8tousyoyosanallpage.pdf,"4 居宅介護住宅改修費(高齢福祉部) 28,556
充当事業:居宅介護住宅改修費・P761",target_page_account_and_exact_name_unique;page_offset=0,bpi_7233b57358da00a89d8f0c645637e8c8ba543a04a77b2a9dd44eec6cdde4a7e1,exact_group,exact,1
ral_2026_long_term_care_insurance_361_005,rd_2026_long_term_care_insurance_revenue_43_01_01_01_05_3645200000,2026_long_term_care_insurance_expenditure_42_01_05_01_01,2026_long_term_care_insurance_expenditure_42_01_05,long_term_care_insurance,居宅介護サービス計画給付費,居宅介護サービス計画給付費,761,361,715,matched,page_and_exact_name,not_available,,r8tousyoyosanallpage.pdf,"5 居宅介護サービス計画費(高齢福祉部) 785,200
充当事業:居宅介護サービス計画給付費・P761",target_page_account_and_exact_name_unique;page_offset=0,bpi_d492f0dae5d4d65752df634c3c8d3ce20d93f35f834c3714f7448bc217f36fe2,exact_group,exact,1
ral_2026_long_term_care_insurance_361_006,rd_2026_long_term_care_insurance_revenue_43_01_01_01_10_3645200000,2026_long_term_care_insurance_expenditure_42_03_01_01_01,2026_long_term_care_insurance_expenditure_42_03_01,long_term_care_insurance,審査支払手数料,審査支払手数料,765,361,715,matched,page_and_exact_name,not_available,,r8tousyoyosanallpage.pdf,"10 審査支払手数料(高齢福祉部) 16,660
充当事業:審査支払手数料・P765",target_page_account_and_exact_name_unique;page_offset=0,bpi_05471e021d62b778718d436646a3cac8f485e4963a0ce45ddfd924394901f7c9,exact_group,exact,1
ral_2026_long_term_care_insurance_361_007,rd_2026_long_term_care_insurance_revenue_43_01_01_01_11_3645200000,2026_long_term_care_insurance_expenditure_42_04_01_01_01,2026_long_term_care_insurance_expenditure_42_04_01,long_term_care_insurance,高額介護サービス費,高額介護サービス費,767,361,715,matched,page_and_exact_name,not_available,,r8tousyoyosanallpage.pdf,"11 高額介護サービス費(高齢福祉部) 472,206
充当事業:高額介護サービス費・P767",target_page_account_and_exact_name_unique;page_offset=0,bpi_f985f46de98226f7a4b1993dc94c2d8fdbf2a96691baffe92d642681b1be34cc,exact_group,exact,1
ral_2026_long_term_care_insurance_361_008,rd_2026_long_term_care_insurance_revenue_43_01_01_01_13_3645200000,2026_long_term_care_insurance_expenditure_42_01_06_01_01,2026_long_term_care_insurance_expenditure_42_01_06,long_term_care_insurance,地域密着型介護サービス給付費,地域密着型介護サービス給付費,763,361,715,matched,page_and_exact_name,not_available,,r8tousyoyosanallpage.pdf,"13 地域密着型介護サービス給付費(高齢福祉部) 1,918,200
充当事業:地域密着型介護サービス給付費・P763",target_page_account_and_exact_name_unique;page_offset=0,bpi_0b8d69632d8e169a697bbe9fcc3df4c0d35978397e98a5fa41f9bf6fe3318041,exact_group,exact,1
ral_2026_long_term_care_insurance_361_009,rd_2026_long_term_care_insurance_revenue_43_01_01_01_14_3645200000,2026_long_term_care_insurance_expenditure_42_06_02_01_01,2026_long_term_care_insurance_expenditure_42_06_02,long_term_care_insurance,地域密着型介護予防サービス給付費,地域密着型介護予防サービス給付費,769,361,715,matched,page_and_exact_name,not_available,,r8tousyoyosanallpage.pdf,"14 地域密着型介護予防サービス給付費(高齢福祉部) 7,177
充当事業:地域密着型介護予防サービス給付費・P769",target_page_account_and_exact_name_unique;page_offset=0,bpi_6ab66b034f7939beaf7e49a6ce6aab515edeca9a5641f9abad92aab7b2c0707b,exact_group,exact,1
ral_2026_long_term_care_insurance_361_010,rd_2026_long_term_care_insurance_revenue_43_01_01_01_15_3645200000,2026_long_term_care_insurance_expenditure_42_07_01_01_01,2026_long_term_care_insurance_expenditure_42_07_01,long_term_care_insurance,特定入所者介護サービス費,特定入所者介護サービス費,773,361,715,matched,page_and_exact_name,not_available,,r8tousyoyosanallpage.pdf,"15 特定入所者介護サービス費(高齢福祉部) 102,533
充当事業:特定入所者介護サービス費・P773",target_page_account_and_exact_name_unique;page_offset=0,bpi_f73c271d300f4539809d071a45f12f902db41177ffa2470ba070fb55f01418c4,exact_group,exact,1
ral_2026_long_term_care_insurance_361_011,rd_2026_long_term_care_insurance_revenue_43_01_01_01_16_3645200000,2026_long_term_care_insurance_expenditure_42_07_03_01_01,2026_long_term_care_insurance_expenditure_42_07_03,long_term_care_insurance,特定入所者介護予防サービス費,特定入所者介護予防サービス費,773,361,715,matched,page_and_exact_name,not_available,,r8tousyoyosanallpage.pdf,"16 特定入所者介護予防サービス費(高齢福祉部) 81
充当事業:特定入所者介護予防サービス費・P773",target_page_account_and_exact_name_unique;page_offset=0,bpi_5663a271d92c93df1b4f527978953aabd60e86992e045144b8625497496ec5d7,exact_group,exact,1
ral_2026_long_term_care_insurance_361_012,rd_2026_long_term_care_insurance_revenue_43_01_01_01_17_3645200000,2026_long_term_care_insurance_expenditure_42_06_01_01_01,2026_long_term_care_insurance_expenditure_42_06_01,long_term_care_insurance,介護予防サービス給付費,介護予防サービス給付費,769,361,715,matched,page_and_exact_name,not_available,,r8tousyoyosanallpage.pdf,"17 介護予防サービス給付費(高齢福祉部) 246,727
充当事業:介護予防サービス給付費・P769",target_page_account_and_exact_name_unique;page_offset=0,bpi_cea40e59b2c488d1b3077e33eab699a6aa176875321ffe2aa303e387be5a2959,exact_group,exact,1
ral_2026_long_term_care_insurance_361_013,rd_2026_long_term_care_insurance_revenue_43_01_01_01_18_3645200000,2026_long_term_care_insurance_expenditure_42_06_03_01_01,2026_long_term_care_insurance_expenditure_42_06_03,long_term_care_insurance,介護予防福祉用具購入費,介護予防福祉用具購入費,771,361,715,matched,page_and_exact_name,not_available,,r8tousyoyosanallpage.pdf,"18 介護予防福祉用具購入費(高齢福祉部) 3,422
充当事業:介護予防福祉用具購入費・P771",target_page_account_and_exact_name_unique;page_offset=0,bpi_eca2fab4c7cd5770e740113b5b5d5aac0f9ddba255c356aa32b88e316af7a853,exact_group,exact,1
ral_2026_long_term_care_insurance_361_014,rd_2026_long_term_care_insurance_revenue_43_01_01_01_19_3645200000,2026_long_term_care_insurance_expenditure_42_06_04_01_01,2026_long_term_care_insurance_expenditure_42_06_04,long_term_care_insurance,介護予防住宅改修費,介護予防住宅改修費,771,361,715,matched,page_and_exact_name,not_available,,r8tousyoyosanallpage.pdf,"19 介護予防住宅改修費(高齢福祉部) 16,102
充当事業:介護予防住宅改修費・P771",target_page_account_and_exact_name_unique;page_offset=0,bpi_1bf042ef6f9463ea7bb242b0fbf8dc7464509ba0189c1edf003df01cb774ce30,exact_group,exact,1
ral_2026_long_term_care_insurance_361_015,rd_2026_long_term_care_insurance_revenue_43_01_01_01_20_3645200000,2026_long_term_care_insurance_expenditure_42_06_05_01_01,2026_long_term_care_insurance_expenditure_42_06_05,long_term_care_insurance,介護予防サービス計画給付費,介護予防サービス計画給付費,771,361,715,matched,page_and_exact_name,not_available,,r8tousyoyosanallpage.pdf,"20 介護予防サービス計画給付費(高齢福祉部) 48,691
充当事業:介護予防サービス計画給付費・P771",target_page_account_and_exact_name_unique;page_offset=0,bpi_c72aec3eef1d2bf1b5315b3883b1edd23758d66c7647a8b2bfaf275aaa896f9b,exact_group,exact,1
ral_2026_long_term_care_insurance_361_016,rd_2026_long_term_care_insurance_revenue_43_01_01_01_21_3645200000,2026_long_term_care_insurance_expenditure_42_04_03_01_01,2026_long_term_care_insurance_expenditure_42_04_03,long_term_care_insurance,高額介護予防サービス費,高額介護予防サービス費,767,361,715,matched,page_and_exact_name,not_available,,r8tousyoyosanallpage.pdf,"21 高額介護予防サービス費(高齢福祉部) 999
充当事業:高額介護予防サービス費・P767",target_page_account_and_exact_name_unique;page_offset=0,bpi_0bfd29d74bdbf555d6472b66d5d1c339c0b423c88561055acb8ab5a4cc9a9280,exact_group,exact,1
ral_2026_long_term_care_insurance_361_017,rd_2026_long_term_care_insurance_revenue_43_01_01_01_24_3645200000,2026_long_term_care_insurance_expenditure_42_09_01_01_01,2026_long_term_care_insurance_expenditure_42_09_01,long_term_care_insurance,高額医療合算介護サービス費,高額医療合算介護サービス費,775,361,715,matched,page_and_exact_name,not_available,,r8tousyoyosanallpage.pdf,"24 高額医療合算介護サービス費(高齢福祉部) 86,514
充当事業:高額医療合算介護サービス費・P775",target_page_account_and_exact_name_unique;page_offset=0,bpi_b43b8eefdccc6ae67d70339ef7a142637415a0d8b51534f6601322c80ce6f23a,exact_group,exact,1
ral_2026_long_term_care_insurance_361_018,rd_2026_long_term_care_insurance_revenue_43_01_01_01_25_3645200000,2026_long_term_care_insurance_expenditure_42_09_02_01_01,2026_long_term_care_insurance_expenditure_42_09_02,long_term_care_insurance,高額医療合算介護予防サービス費,高額医療合算介護予防サービス費,775,361,715,matched,page_and_exact_name,not_available,,r8tousyoyosanallpage.pdf,"25 高額医療合算介護予防サービス費(高齢福祉部) 914
充当事業:高額医療合算介護予防サービス費・P775",target_page_account_and_exact_name_unique;page_offset=0,bpi_f76fd0c7e66bc1ebdd98e8cbce59a295813bc75289bbbff904630880db040318,exact_group,exact,1
ral_2026_long_term_care_insurance_362_001,rd_2026_long_term_care_insurance_revenue_43_02_01_01_01_3645200000,2026_long_term_care_insurance_expenditure_42_01_01_01_01,2026_long_term_care_insurance_expenditure_42_01_01,long_term_care_insurance,居宅介護サービス給付費,居宅介護サービス給付費,759,362,717,matched,page_and_exact_name,not_available,,r8tousyoyosanallpage.pdf,"1 居宅介護サービス給付費(高齢福祉部) 474,085
充当事業:居宅介護サービス給付費・P759",target_page_account_and_exact_name_unique;page_offset=0,bpi_2db802acb93f9799cf0425ffaff069f420a030e6081e227256bdd4cc19f71880,exact_group,exact,1
ral_2026_long_term_care_insurance_362_002,rd_2026_long_term_care_insurance_revenue_43_02_01_01_02_3645200000,2026_long_term_care_insurance_expenditure_42_01_02_01_01,2026_long_term_care_insurance_expenditure_42_01_02,long_term_care_insurance,施設介護サービス給付費,施設介護サービス給付費,759,362,717,matched,page_and_exact_name,not_available,,r8tousyoyosanallpage.pdf,"2 施設介護サービス給付費(高齢福祉部) 167,909
充当事業:施設介護サービス給付費・P759",target_page_account_and_exact_name_unique;page_offset=0,bpi_410f0facb2eb342260a09886015821489a5a8261e9023f69f3aa2f7e77696221,exact_group,exact,1
ral_2026_long_term_care_insurance_362_003,rd_2026_long_term_care_insurance_revenue_43_02_01_01_03_3645200000,2026_long_term_care_insurance_expenditure_42_01_03_01_01,2026_long_term_care_insurance_expenditure_42_01_03,long_term_care_insurance,居宅介護福祉用具購入費,居宅介護福祉用具購入費,761,362,717,matched,page_and_exact_name,not_available,,r8tousyoyosanallpage.pdf,"3 居宅介護福祉用具購入費(高齢福祉部) 1,139
充当事業:居宅介護福祉用具購入費・P761",target_page_account_and_exact_name_unique;page_offset=0,bpi_673cc854615fd815a03e45694470bda1b0b26fc77b8b7add9144bbf07dec2cd7,exact_group,exact,1
ral_2026_long_term_care_insurance_362_004,rd_2026_long_term_care_insurance_revenue_43_02_01_01_04_3645200000,2026_long_term_care_insurance_expenditure_42_01_04_01_01,2026_long_term_care_insurance_expenditure_42_01_04,long_term_care_insurance,居宅介護住宅改修費,居宅介護住宅改修費,761,362,717,matched,page_and_exact_name,not_available,,r8tousyoyosanallpage.pdf,"4 居宅介護住宅改修費(高齢福祉部) 1,742
充当事業:居宅介護住宅改修費・P761",target_page_account_and_exact_name_unique;page_offset=0,bpi_7233b57358da00a89d8f0c645637e8c8ba543a04a77b2a9dd44eec6cdde4a7e1,exact_group,exact,1
ral_2026_long_term_care_insurance_362_005,rd_2026_long_term_care_insurance_revenue_43_02_01_01_05_3645200000,2026_long_term_care_insurance_expenditure_42_01_05_01_01,2026_long_term_care_insurance_expenditure_42_01_05,long_term_care_insurance,居宅介護サービス計画給付費,居宅介護サービス計画給付費,761,362,717,matched,page_and_exact_name,not_available,,r8tousyoyosanallpage.pdf,"5 居宅介護サービス計画費(高齢福祉部) 47,897
充当事業:居宅介護サービス計画給付費・P761",target_page_account_and_exact_name_unique;page_offset=0,bpi_d492f0dae5d4d65752df634c3c8d3ce20d93f35f834c3714f7448bc217f36fe2,exact_group,exact,1
ral_2026_long_term_care_insurance_362_006,rd_2026_long_term_care_insurance_revenue_43_02_01_01_10_3645200000,2026_long_term_care_insurance_expenditure_42_03_01_01_01,2026_long_term_care_insurance_expenditure_42_03_01,long_term_care_insurance,審査支払手数料,審査支払手数料,765,362,717,matched,page_and_exact_name,not_available,,r8tousyoyosanallpage.pdf,"10 審査支払手数料(高齢福祉部) 1,037
充当事業:審査支払手数料・P765",target_page_account_and_exact_name_unique;page_offset=0,bpi_05471e021d62b778718d436646a3cac8f485e4963a0ce45ddfd924394901f7c9,exact_group,exact,1
ral_2026_long_term_care_insurance_362_007,rd_2026_long_term_care_insurance_revenue_43_02_01_01_11_3645200000,2026_long_term_care_insurance_expenditure_42_04_01_01_01,2026_long_term_care_insurance_expenditure_42_04_01,long_term_care_insurance,高額介護サービス費,高額介護サービス費,767,362,717,matched,page_and_exact_name,not_available,,r8tousyoyosanallpage.pdf,"11 高額介護サービス費(高齢福祉部) 28,805
充当事業:高額介護サービス費・P767",target_page_account_and_exact_name_unique;page_offset=0,bpi_f985f46de98226f7a4b1993dc94c2d8fdbf2a96691baffe92d642681b1be34cc,exact_group,exact,1
ral_2026_long_term_care_insurance_362_008,rd_2026_long_term_care_insurance_revenue_43_02_01_01_13_3645200000,2026_long_term_care_insurance_expenditure_42_01_06_01_01,2026_long_term_care_insurance_expenditure_42_01_06,long_term_care_insurance,地域密着型介護サービス給付費,地域密着型介護サービス給付費,763,362,717,matched,page_and_exact_name,not_available,,r8tousyoyosanallpage.pdf,"13 地域密着型介護サービス給付費(高齢福祉部) 117,010
充当事業:地域密着型介護サービス給付費・P763",target_page_account_and_exact_name_unique;page_offset=0,bpi_0b8d69632d8e169a697bbe9fcc3df4c0d35978397e98a5fa41f9bf6fe3318041,exact_group,exact,1
ral_2026_long_term_care_insurance_362_009,rd_2026_long_term_care_insurance_revenue_43_02_01_01_14_3645200000,2026_long_term_care_insurance_expenditure_42_06_02_01_01,2026_long_term_care_insurance_expenditure_42_06_02,long_term_care_insurance,地域密着型介護予防サービス給付費,地域密着型介護予防サービス給付費,769,362,717,matched,page_and_exact_name,not_available,,r8tousyoyosanallpage.pdf,"14 地域密着型介護予防サービス給付費(高齢福祉部) 438
充当事業:地域密着型介護予防サービス給付費・P769",target_page_account_and_exact_name_unique;page_offset=0,bpi_6ab66b034f7939beaf7e49a6ce6aab515edeca9a5641f9abad92aab7b2c0707b,exact_group,exact,1
ral_2026_long_term_care_insurance_362_010,rd_2026_long_term_care_insurance_revenue_43_02_01_01_15_3645200000,2026_long_term_care_insurance_expenditure_42_07_01_01_01,2026_long_term_care_insurance_expenditure_42_07_01,long_term_care_insurance,特定入所者介護サービス費,特定入所者介護サービス費,773,362,717,matched,page_and_exact_name,not_available,,r8tousyoyosanallpage.pdf,"15 特定入所者介護サービス費(高齢福祉部) 8,122
充当事業:特定入所者介護サービス費・P773",target_page_account_and_exact_name_unique;page_offset=0,bpi_f73c271d300f4539809d071a45f12f902db41177ffa2470ba070fb55f01418c4,exact_group,exact,1
ral_2026_long_term_care_insurance_362_011,rd_2026_long_term_care_insurance_revenue_43_02_01_01_16_3645200000,2026_long_term_care_insurance_expenditure_42_07_03_01_01,2026_long_term_care_insurance_expenditure_42_07_03,long_term_care_insurance,特定入所者介護予防サービス費,特定入所者介護予防サービス費,773,362,717,matched,page_and_exact_name,not_available,,r8tousyoyosanallpage.pdf,"16 特定入所者介護予防サービス費(高齢福祉部) 5
充当事業:特定入所者介護予防サービス費・P773",target_page_account_and_exact_name_unique;page_offset=0,bpi_5663a271d92c93df1b4f527978953aabd60e86992e045144b8625497496ec5d7,exact_group,exact,1
ral_2026_long_term_care_insurance_362_012,rd_2026_long_term_care_insurance_revenue_43_02_01_01_17_3645200000,2026_long_term_care_insurance_expenditure_42_06_01_01_01,2026_long_term_care_insurance_expenditure_42_06_01,long_term_care_insurance,介護予防サービス給付費,介護予防サービス給付費,769,362,717,matched,page_and_exact_name,not_available,,r8tousyoyosanallpage.pdf,"17 介護予防サービス給付費(高齢福祉部) 16,324
充当事業:介護予防サービス給付費・P769",target_page_account_and_exact_name_unique;page_offset=0,bpi_cea40e59b2c488d1b3077e33eab699a6aa176875321ffe2aa303e387be5a2959,exact_group,exact,1
ral_2026_long_term_care_insurance_362_013,rd_2026_long_term_care_insurance_revenue_43_02_01_01_18_3645200000,2026_long_term_care_insurance_expenditure_42_06_03_01_01,2026_long_term_care_insurance_expenditure_42_06_03,long_term_care_insurance,介護予防福祉用具購入費,介護予防福祉用具購入費,771,362,717,matched,page_and_exact_name,not_available,,r8tousyoyosanallpage.pdf,"18 介護予防福祉用具購入費(高齢福祉部) 209
充当事業:介護予防福祉用具購入費・P771",target_page_account_and_exact_name_unique;page_offset=0,bpi_eca2fab4c7cd5770e740113b5b5d5aac0f9ddba255c356aa32b88e316af7a853,exact_group,exact,1
ral_2026_long_term_care_insurance_362_014,rd_2026_long_term_care_insurance_revenue_43_02_01_01_19_3645200000,2026_long_term_care_insurance_expenditure_42_06_04_01_01,2026_long_term_care_insurance_expenditure_42_06_04,long_term_care_insurance,介護予防住宅改修費,介護予防住宅改修費,771,362,717,matched,page_and_exact_name,not_available,,r8tousyoyosanallpage.pdf,"19 介護予防住宅改修費(高齢福祉部) 982
充当事業:介護予防住宅改修費・P771",target_page_account_and_exact_name_unique;page_offset=0,bpi_1bf042ef6f9463ea7bb242b0fbf8dc7464509ba0189c1edf003df01cb774ce30,exact_group,exact,1
ral_2026_long_term_care_insurance_362_015,rd_2026_long_term_care_insurance_revenue_43_02_01_01_20_3645200000,2026_long_term_care_insurance_expenditure_42_06_05_01_01,2026_long_term_care_insurance_expenditure_42_06_05,long_term_care_insurance,介護予防サービス計画給付費,介護予防サービス計画給付費,771,362,717,matched,page_and_exact_name,not_available,,r8tousyoyosanallpage.pdf,"20 介護予防サービス計画給付費(高齢福祉部) 2,970
充当事業:介護予防サービス計画給付費・P771",target_page_account_and_exact_name_unique;page_offset=0,bpi_c72aec3eef1d2bf1b5315b3883b1edd23758d66c7647a8b2bfaf275aaa896f9b,exact_group,exact,1
ral_2026_long_term_care_insurance_362_016,rd_2026_long_term_care_insurance_revenue_43_02_01_01_21_3645200000,2026_long_term_care_insurance_expenditure_42_04_03_01_01,2026_long_term_care_insurance_expenditure_42_04_03,long_term_care_insurance,高額介護予防サービス費,高額介護予防サービス費,767,362,717,matched,page_and_exact_name,not_available,,r8tousyoyosanallpage.pdf,"21 高額介護予防サービス費(高齢福祉部) 61
充当事業:高額介護予防サービス費・P767",target_page_account_and_exact_name_unique;page_offset=0,bpi_0bfd29d74bdbf555d6472b66d5d1c339c0b423c88561055acb8ab5a4cc9a9280,exact_group,exact,1
ral_2026_long_term_care_insurance_362_017,rd_2026_long_term_care_insurance_revenue_43_02_01_01_24_3645200000,2026_long_term_care_insurance_expenditure_42_09_01_01_01,2026_long_term_care_insurance_expenditure_42_09_01,long_term_care_insurance,高額医療合算介護サービス費,高額医療合算介護サービス費,775,362,717,matched,page_and_exact_name,not_available,,r8tousyoyosanallpage.pdf,"24 高額医療合算介護サービス費(高齢福祉部) 5,277
充当事業:高額医療合算介護サービス費・P775",target_page_account_and_exact_name_unique;page_offset=0,bpi_b43b8eefdccc6ae67d70339ef7a142637415a0d8b51534f6601322c80ce6f23a,exact_group,exact,1
ral_2026_long_term_care_insurance_362_018,rd_2026_long_term_care_insurance_revenue_43_02_01_01_25_3645200000,2026_long_term_care_insurance_expenditure_42_09_02_01_01,2026_long_term_care_insurance_expenditure_42_09_02,long_term_care_insurance,高額医療合算介護予防サービス費,高額医療合算介護予防サービス費,775,362,717,matched,page_and_exact_name,not_available,,r8tousyoyosanallpage.pdf,"25 高額医療合算介護予防サービス費(高齢福祉部) 56
充当事業:高額医療合算介護予防サービス費・P775",target_page_account_and_exact_name_unique;page_offset=0,bpi_f76fd0c7e66bc1ebdd98e8cbce59a295813bc75289bbbff904630880db040318,exact_group,exact,1
ral_2026_long_term_care_insurance_362_019,rd_2026_long_term_care_insurance_revenue_43_02_01_01_31_3645200000,2026_long_term_care_insurance_expenditure_41_01_01_01_01,2026_long_term_care_insurance_expenditure_41_01_01,long_term_care_insurance,介護保険事業管理運営,介護保険事業管理運営,751,362,717,matched,page_and_exact_name,not_available,,r8tousyoyosanallpage.pdf,"31 介護保険事業管理運営(高齢福祉部) 48
充当事業:介護保険事業管理運営・P751",target_page_account_and_exact_name_unique;page_offset=0,bpi_13fb49e055f60cf49f91f04e2145186cfc2be48f83d7da5aa571554531b5833f,exact_group,exact,1
ral_2026_long_term_care_insurance_363_001,rd_2026_long_term_care_insurance_revenue_43_02_01_01_32_3645200000,2026_long_term_care_insurance_expenditure_49_03_01_01_08,2026_long_term_care_insurance_expenditure_49_03_01,long_term_care_insurance,高額介護サービス費相当等事業費,高額介護サービス費相当等事業費,789,363,719,matched,page_and_exact_name,not_available,,r8tousyoyosanallpage.pdf,"32 高額介護サービス費相当等事業費(調整)(高齢福祉部) 122
充当事業:高額介護サービス費相当等事業費・P789",target_page_account_and_exact_name_unique;page_offset=0,bpi_3362376aeeeaf6fbcc1c4fd8465b3c1cf240b2455c2a9557d65f9ac7ebbd5af3,exact_group,exact,1
ral_2026_long_term_care_insurance_363_002,rd_2026_long_term_care_insurance_revenue_43_02_01_01_34_3645300000,2026_long_term_care_insurance_expenditure_49_03_01_01_06,2026_long_term_care_insurance_expenditure_49_03_01,long_term_care_insurance,サービス・活動事業,サービス・活動事業,789,363,719,matched,page_and_exact_name,not_available,,r8tousyoyosanallpage.pdf,"34 サービス・活動事業(調整)(高齢福祉部) 3,045
充当事業:サービス・活動事業・P789",target_page_account_and_exact_name_unique;page_offset=0,bpi_7b131f4de76f3f4dccf996785b67622db5b130d7c116eb23fd4c49740dc57596,exact_group,exact,1
ral_2026_long_term_care_insurance_363_003,rd_2026_long_term_care_insurance_revenue_43_02_01_01_35_3645300000,2026_long_term_care_insurance_expenditure_49_03_01_01_05,2026_long_term_care_insurance_expenditure_49_03_01,long_term_care_insurance,一般介護予防事業,一般介護予防事業,789,363,719,matched,page_and_exact_name,not_available,,r8tousyoyosanallpage.pdf,"35 一般介護予防事業(調整)(高齢福祉部) 2,733
充当事業:一般介護予防事業・P789",target_page_account_and_exact_name_unique;page_offset=0,bpi_9aa29a81195366086b47888f03521abd0e30363ba6eeba778366f565cfa02afc,exact_group,exact,1
ral_2026_long_term_care_insurance_363_004,rd_2026_long_term_care_insurance_revenue_43_02_01_01_36_3645200000,2026_long_term_care_insurance_expenditure_49_03_01_01_09,2026_long_term_care_insurance_expenditure_49_03_01,long_term_care_insurance,総合事業指定事業者実施サービス等諸費,総合事業指定事業者実施サービス等諸費,789,363,719,matched,page_and_exact_name,not_available,,r8tousyoyosanallpage.pdf,"36 総合事業指定事業者実施サービス等諸費(調整)(高齢福祉部) 15,682
充当事業:総合事業指定事業者実施サービス等諸費・P789",target_page_account_and_exact_name_unique;page_offset=0,bpi_fc7fb4925f2b99a3ae501dc2856ec0f0f72494b7ae0ef4f4a6473dd400ae4c25,exact_group,exact,1
ral_2026_long_term_care_insurance_363_005,rd_2026_long_term_care_insurance_revenue_43_02_05_01_01_3645300000,2026_long_term_care_insurance_expenditure_49_02_01_01_01,2026_long_term_care_insurance_expenditure_49_02_01,long_term_care_insurance,地域包括支援センター運営委託,地域包括支援センター運営委託,785,363,719,matched,page_and_exact_name,not_available,,r8tousyoyosanallpage.pdf,"1 地域包括支援センター運営委託(高齢福祉部) 14,804
充当事業:地域包括支援センター運営委託・P785",target_page_account_and_exact_name_unique;page_offset=0,bpi_6ad80e7fbab6af3c02453a6ec51a29b472217766ac3d78c472796bdcc33c55b2,exact_group,exact,1
ral_2026_long_term_care_insurance_363_006,rd_2026_long_term_care_insurance_revenue_43_02_05_01_04_3645100000,2026_long_term_care_insurance_expenditure_49_02_02_01_03,2026_long_term_care_insurance_expenditure_49_02_02,long_term_care_insurance,高齢者おむつ支給,高齢者おむつ支給,785,363,719,matched,page_and_exact_name,not_available,,r8tousyoyosanallpage.pdf,"4 高齢者おむつ支給(高齢福祉部) 70,016
充当事業:高齢者おむつ支給・P785",target_page_account_and_exact_name_unique;page_offset=0,bpi_c819a60602282a711e9933e2fd46c189c7840e6d8cc381b6b41b5a76cc3231fe,exact_group,exact,1
ral_2026_long_term_care_insurance_363_007,rd_2026_long_term_care_insurance_revenue_43_02_05_01_06_3645100000,2026_long_term_care_insurance_expenditure_49_02_02_01_05,2026_long_term_care_insurance_expenditure_49_02_02,long_term_care_insurance,住宅改修アドバイザー派遣,住宅改修アドバイザー派遣,785,363,719,matched,page_and_exact_name,not_available,,r8tousyoyosanallpage.pdf,"6 住宅改修アドバイザー派遣(高齢福祉部) 559
充当事業:住宅改修アドバイザー派遣・P785",target_page_account_and_exact_name_unique;page_offset=0,bpi_163cf52aba9296b08e531463eb545b618ae169a7da91720600e923c22456fda4,exact_group,exact,1
ral_2026_long_term_care_insurance_363_008,rd_2026_long_term_care_insurance_revenue_43_02_05_01_07_3645200000,2026_long_term_care_insurance_expenditure_49_02_02_01_06,2026_long_term_care_insurance_expenditure_49_02_02,long_term_care_insurance,介護給付適正化事業,介護給付適正化事業,785,363,719,matched,page_and_exact_name,not_available,,r8tousyoyosanallpage.pdf,"7 介護給付適正化事業(高齢福祉部) 1,306
充当事業:介護給付適正化事業・P785",target_page_account_and_exact_name_unique;page_offset=0,bpi_39e66fb21538fbc5384a56310a72c84a7073e0a2721fac132a7c79fe44006e9e,exact_group,exact,1
ral_2026_long_term_care_insurance_363_009,rd_2026_long_term_care_insurance_revenue_43_02_05_01_14_3645300000,2026_long_term_care_insurance_expenditure_49_02_01_01_03,2026_long_term_care_insurance_expenditure_49_02_01,long_term_care_insurance,認知症包括支援事業,認知症包括支援事業,785,363,719,matched,page_and_exact_name,not_available,,r8tousyoyosanallpage.pdf,"14 認知症包括支援事業(高齢福祉部) 20,562
充当事業:認知症包括支援事業・P785",target_page_account_and_exact_name_unique;page_offset=0,bpi_5850d1e5a4e956262686f8db6117c7d94d3ae64c56a46940679cbd41409ba281,exact_group,exact,1
ral_2026_long_term_care_insurance_363_010,rd_2026_long_term_care_insurance_revenue_43_02_05_01_15_3645300000,2026_long_term_care_insurance_expenditure_49_02_02_01_10,2026_long_term_care_insurance_expenditure_49_02_02,long_term_care_insurance,認知症ケア推進事業,認知症ケア推進事業,787,363,719,matched,page_and_exact_name,not_available,,r8tousyoyosanallpage.pdf,"15 認知症ケア推進事業(高齢福祉部) 14,054
充当事業:認知症ケア推進事業・P787",target_page_account_and_exact_name_unique;page_offset=2,bpi_6864087d9ac3df47340f361257aa1e8c26f24ef490cbce00b4aa79e9cc22ba0b,exact_group,exact,1
ral_2026_long_term_care_insurance_363_011,rd_2026_long_term_care_insurance_revenue_43_02_05_01_17_3595150000,2026_long_term_care_insurance_expenditure_49_02_01_01_05,2026_long_term_care_insurance_expenditure_49_02_01,long_term_care_insurance,在宅医療・介護連携推進事業,在宅医療・介護連携推進事業,785,363,719,matched,page_and_exact_name,not_available,,r8tousyoyosanallpage.pdf,"17 在宅医療・介護連携推進事業(保健福祉政策部) 30,864
充当事業:在宅医療・介護連携推進事業・P785",target_page_account_and_exact_name_unique;page_offset=0,bpi_cb11731fa879eed02b417923e076978c444d67ae28a64fd45bab289f8c68f0a3,exact_group,exact,1
ral_2026_long_term_care_insurance_363_012,rd_2026_long_term_care_insurance_revenue_43_02_05_01_18_3645200000,2026_long_term_care_insurance_expenditure_49_02_02_01_11,2026_long_term_care_insurance_expenditure_49_02_02,long_term_care_insurance,家族介護支援事業,家族介護支援事業,787,363,719,matched,page_and_exact_name,not_available,,r8tousyoyosanallpage.pdf,"18 家族介護支援事業(高齢福祉部) 1,568
充当事業:家族介護支援事業・P787",target_page_account_and_exact_name_unique;page_offset=2,bpi_350e7024d522abf084257e6c43444e5dcefbdf1df200cb386513f7e52709a03f,exact_group,exact,1
ral_2026_long_term_care_insurance_363_013,rd_2026_long_term_care_insurance_revenue_43_02_05_01_19_3595200000,2026_long_term_care_insurance_expenditure_49_02_02_01_12,2026_long_term_care_insurance_expenditure_49_02_02,long_term_care_insurance,成年後見報酬助成,成年後見報酬助成,787,363,719,matched,page_and_exact_name,not_available,,r8tousyoyosanallpage.pdf,"19 成年後見制度(保健福祉政策部) 9,379
充当事業:成年後見報酬助成・P787",target_page_account_and_exact_name_unique;page_offset=2,bpi_0dfb8c5e972e73a6a5c8bfc3451c3c97b829e1bae009faa69c56b4e0899b74e0,exact_group,exact,1
ral_2026_long_term_care_insurance_363_014,rd_2026_long_term_care_insurance_revenue_43_02_05_01_20_3645100000,2026_long_term_care_insurance_expenditure_49_02_02_01_13,2026_long_term_care_insurance_expenditure_49_02_02,long_term_care_insurance,高齢者安心コール,高齢者安心コール,787,363,719,matched,page_and_exact_name,not_available,,r8tousyoyosanallpage.pdf,"20 高齢者安心コール(高齢福祉部) 14,825
充当事業:高齢者安心コール・P787",target_page_account_and_exact_name_unique;page_offset=2,bpi_7eef77dbfc3f9ce5478a03faff86c91fbefc7b64a6f6b94f2bcb0079f6756a23,exact_group,exact,1
ral_2026_long_term_care_insurance_363_015,rd_2026_long_term_care_insurance_revenue_43_02_10_01_01_3645200000,2026_long_term_care_insurance_expenditure_42_01_01_01_01,2026_long_term_care_insurance_expenditure_42_01_01,long_term_care_insurance,居宅介護サービス給付費,居宅介護サービス給付費,759,363,719,matched,page_and_exact_name,not_available,,r8tousyoyosanallpage.pdf,"1 居宅介護サービス給付費(高齢福祉部) 35
充当事業:居宅介護サービス給付費・P759",target_page_account_and_exact_name_unique;page_offset=0,bpi_2db802acb93f9799cf0425ffaff069f420a030e6081e227256bdd4cc19f71880,exact_group,exact,1
ral_2026_long_term_care_insurance_363_016,rd_2026_long_term_care_insurance_revenue_43_02_10_01_02_3645200000,2026_long_term_care_insurance_expenditure_41_01_01_01_01,2026_long_term_care_insurance_expenditure_41_01_01,long_term_care_insurance,介護保険事業管理運営,介護保険事業管理運営,751,363,719,matched,page_and_exact_name,not_available,,r8tousyoyosanallpage.pdf,"2 介護保険事業管理運営(高齢福祉部) 12
充当事業:介護保険事業管理運営・P751",target_page_account_and_exact_name_unique;page_offset=0,bpi_13fb49e055f60cf49f91f04e2145186cfc2be48f83d7da5aa571554531b5833f,exact_group,exact,1
ral_2026_long_term_care_insurance_363_017,rd_2026_long_term_care_insurance_revenue_43_02_14_01_09_3645200000,2026_long_term_care_insurance_expenditure_49_03_01_01_08,2026_long_term_care_insurance_expenditure_49_03_01,long_term_care_insurance,高額介護サービス費相当等事業費,高額介護サービス費相当等事業費,789,363,719,matched,page_and_exact_name,not_available,,r8tousyoyosanallpage.pdf,"9 高額介護サービス費相当等事業費(地域支援)(高齢福祉部) 1,995
充当事業:高額介護サービス費相当等事業費・P789",target_page_account_and_exact_name_unique;page_offset=0,bpi_3362376aeeeaf6fbcc1c4fd8465b3c1cf240b2455c2a9557d65f9ac7ebbd5af3,exact_group,exact,1
ral_2026_long_term_care_insurance_363_018,rd_2026_long_term_care_insurance_revenue_43_02_14_01_11_3645300000,2026_long_term_care_insurance_expenditure_49_03_01_01_06,2026_long_term_care_insurance_expenditure_49_03_01,long_term_care_insurance,サービス・活動事業,サービス・活動事業,789,363,719,matched,page_and_exact_name,not_available,,r8tousyoyosanallpage.pdf,"11 サービス・活動事業(地域支援)(高齢福祉部) 49,926
充当事業:サービス・活動事業・P789",target_page_account_and_exact_name_unique;page_offset=0,bpi_7b131f4de76f3f4dccf996785b67622db5b130d7c116eb23fd4c49740dc57596,exact_group,exact,1
ral_2026_long_term_care_insurance_363_019,rd_2026_long_term_care_insurance_revenue_43_02_14_01_12_3645300000,2026_long_term_care_insurance_expenditure_49_03_01_01_05,2026_long_term_care_insurance_expenditure_49_03_01,long_term_care_insurance,一般介護予防事業,一般介護予防事業,789,363,719,matched,page_and_exact_name,not_available,,r8tousyoyosanallpage.pdf,"12 一般介護予防事業(地域支援)(高齢福祉部) 44,797
充当事業:一般介護予防事業・P789",target_page_account_and_exact_name_unique;page_offset=0,bpi_9aa29a81195366086b47888f03521abd0e30363ba6eeba778366f565cfa02afc,exact_group,exact,1
ral_2026_long_term_care_insurance_364_001,rd_2026_long_term_care_insurance_revenue_43_02_14_01_13_3645200000,2026_long_term_care_insurance_expenditure_49_03_01_01_09,2026_long_term_care_insurance_expenditure_49_03_01,long_term_care_insurance,総合事業指定事業者実施サービス等諸費,総合事業指定事業者実施サービス等諸費,789,364,721,matched,page_and_exact_name,not_available,,r8tousyoyosanallpage.pdf,"13 総合事業指定事業者実施サービス等諸費(地域支援)(高齢福祉部) 257,087
充当事業:総合事業指定事業者実施サービス等諸費・P789",target_page_account_and_exact_name_unique;page_offset=0,bpi_fc7fb4925f2b99a3ae501dc2856ec0f0f72494b7ae0ef4f4a6473dd400ae4c25,exact_group,exact,1
ral_2026_long_term_care_insurance_364_002,rd_2026_long_term_care_insurance_revenue_43_02_16_01_04_3645200000,2026_long_term_care_insurance_expenditure_48_02_01_01_01,2026_long_term_care_insurance_expenditure_48_02_01,long_term_care_insurance,重層的支援体制整備事業繰出金,重層的支援体制整備事業繰出金,783,364,721,matched,page_and_exact_name,not_available,,r8tousyoyosanallpage.pdf,"4 重層的支援体制整備事業繰出金(高齢福祉部) 43,954
充当事業:重層的支援体制整備事業繰出金・P783",target_page_account_and_exact_name_unique;page_offset=0,bpi_77d59782515a17cd77cfbe4f459e7605e4b1e5a8ebe5e13a1b6bf44ae3a4e97b,exact_group,exact,1
ral_2026_long_term_care_insurance_364_003,rd_2026_long_term_care_insurance_revenue_43_02_17_01_01_3645300000,2026_long_term_care_insurance_expenditure_49_03_01_01_05,2026_long_term_care_insurance_expenditure_49_03_01,long_term_care_insurance,一般介護予防事業,一般介護予防事業,789,364,721,matched,page_and_exact_name,not_available,,r8tousyoyosanallpage.pdf,"1 一般介護予防事業(高齢福祉部) 59,983
充当事業:一般介護予防事業・P789",target_page_account_and_exact_name_unique;page_offset=0,bpi_9aa29a81195366086b47888f03521abd0e30363ba6eeba778366f565cfa02afc,exact_group,exact,1
ral_2026_long_term_care_insurance_364_004,rd_2026_long_term_care_insurance_revenue_43_02_17_01_02_3645300000,2026_long_term_care_insurance_expenditure_49_03_01_01_06,2026_long_term_care_insurance_expenditure_49_03_01,long_term_care_insurance,サービス・活動事業,サービス・活動事業,789,364,721,matched,page_and_exact_name,not_available,,r8tousyoyosanallpage.pdf,"2 サービス・活動事業(高齢福祉部) 4,062
充当事業:サービス・活動事業・P789",target_page_account_and_exact_name_unique;page_offset=0,bpi_7b131f4de76f3f4dccf996785b67622db5b130d7c116eb23fd4c49740dc57596,exact_group,exact,1
ral_2026_long_term_care_insurance_364_005,rd_2026_long_term_care_insurance_revenue_43_02_17_01_05_3645300000,2026_long_term_care_insurance_expenditure_49_02_01_01_03,2026_long_term_care_insurance_expenditure_49_02_01,long_term_care_insurance,認知症包括支援事業,認知症包括支援事業,785,364,721,matched,page_and_exact_name,not_available,,r8tousyoyosanallpage.pdf,"5 認知症包括支援事業(高齢福祉部) 12,283
充当事業:認知症包括支援事業・P785",target_page_account_and_exact_name_unique;page_offset=0,bpi_5850d1e5a4e956262686f8db6117c7d94d3ae64c56a46940679cbd41409ba281,exact_group,exact,1
ral_2026_long_term_care_insurance_364_006,rd_2026_long_term_care_insurance_revenue_43_02_17_01_06_3595150000,2026_long_term_care_insurance_expenditure_49_02_01_01_05,2026_long_term_care_insurance_expenditure_49_02_01,long_term_care_insurance,在宅医療・介護連携推進事業,在宅医療・介護連携推進事業,785,364,721,matched,page_and_exact_name,not_available,,r8tousyoyosanallpage.pdf,"6 在宅医療・介護連携推進事業(保健福祉政策部) 18,439
充当事業:在宅医療・介護連携推進事業・P785",target_page_account_and_exact_name_unique;page_offset=0,bpi_cb11731fa879eed02b417923e076978c444d67ae28a64fd45bab289f8c68f0a3,exact_group,exact,1
ral_2026_long_term_care_insurance_365_001,rd_2026_long_term_care_insurance_revenue_44_01_01_01_01_3645200000,2026_long_term_care_insurance_expenditure_42_01_01_01_01,2026_long_term_care_insurance_expenditure_42_01_01,long_term_care_insurance,居宅介護サービス給付費,居宅介護サービス給付費,759,365,723,matched,page_and_exact_name,not_available,,r8tousyoyosanallpage.pdf,"1 居宅介護サービス給付費(高齢福祉部) 10,488,898
充当事業:居宅介護サービス給付費・P759",target_page_account_and_exact_name_unique;page_offset=0,bpi_2db802acb93f9799cf0425ffaff069f420a030e6081e227256bdd4cc19f71880,exact_group,exact,1
ral_2026_long_term_care_insurance_365_002,rd_2026_long_term_care_insurance_revenue_44_01_01_01_02_3645200000,2026_long_term_care_insurance_expenditure_42_01_02_01_01,2026_long_term_care_insurance_expenditure_42_01_02,long_term_care_insurance,施設介護サービス給付費,施設介護サービス給付費,759,365,723,matched,page_and_exact_name,not_available,,r8tousyoyosanallpage.pdf,"2 施設介護サービス給付費(高齢福祉部) 3,716,010
充当事業:施設介護サービス給付費・P759",target_page_account_and_exact_name_unique;page_offset=0,bpi_410f0facb2eb342260a09886015821489a5a8261e9023f69f3aa2f7e77696221,exact_group,exact,1
ral_2026_long_term_care_insurance_365_003,rd_2026_long_term_care_insurance_revenue_44_01_01_01_03_3645200000,2026_long_term_care_insurance_expenditure_42_01_03_01_01,2026_long_term_care_insurance_expenditure_42_01_03,long_term_care_insurance,居宅介護福祉用具購入費,居宅介護福祉用具購入費,761,365,723,matched,page_and_exact_name,not_available,,r8tousyoyosanallpage.pdf,"3 居宅介護福祉用具購入費(高齢福祉部) 25,212
充当事業:居宅介護福祉用具購入費・P761",target_page_account_and_exact_name_unique;page_offset=0,bpi_673cc854615fd815a03e45694470bda1b0b26fc77b8b7add9144bbf07dec2cd7,exact_group,exact,1
ral_2026_long_term_care_insurance_365_004,rd_2026_long_term_care_insurance_revenue_44_01_01_01_04_3645200000,2026_long_term_care_insurance_expenditure_42_01_04_01_01,2026_long_term_care_insurance_expenditure_42_01_04,long_term_care_insurance,居宅介護住宅改修費,居宅介護住宅改修費,761,365,723,matched,page_and_exact_name,not_available,,r8tousyoyosanallpage.pdf,"4 居宅介護住宅改修費(高齢福祉部) 38,550
充当事業:居宅介護住宅改修費・P761",target_page_account_and_exact_name_unique;page_offset=0,bpi_7233b57358da00a89d8f0c645637e8c8ba543a04a77b2a9dd44eec6cdde4a7e1,exact_group,exact,1
ral_2026_long_term_care_insurance_365_005,rd_2026_long_term_care_insurance_revenue_44_01_01_01_05_3645200000,2026_long_term_care_insurance_expenditure_42_01_05_01_01,2026_long_term_care_insurance_expenditure_42_01_05,long_term_care_insurance,居宅介護サービス計画給付費,居宅介護サービス計画給付費,761,365,723,matched,page_and_exact_name,not_available,,r8tousyoyosanallpage.pdf,"5 居宅介護サービス計画費(高齢福祉部) 1,060,020
充当事業:居宅介護サービス計画給付費・P761",target_page_account_and_exact_name_unique;page_offset=0,bpi_d492f0dae5d4d65752df634c3c8d3ce20d93f35f834c3714f7448bc217f36fe2,exact_group,exact,1
ral_2026_long_term_care_insurance_365_006,rd_2026_long_term_care_insurance_revenue_44_01_01_01_10_3645200000,2026_long_term_care_insurance_expenditure_42_03_01_01_01,2026_long_term_care_insurance_expenditure_42_03_01,long_term_care_insurance,審査支払手数料,審査支払手数料,765,365,723,matched,page_and_exact_name,not_available,,r8tousyoyosanallpage.pdf,"10 審査支払手数料(高齢福祉部) 22,931
充当事業:審査支払手数料・P765",target_page_account_and_exact_name_unique;page_offset=0,bpi_05471e021d62b778718d436646a3cac8f485e4963a0ce45ddfd924394901f7c9,exact_group,exact,1
ral_2026_long_term_care_insurance_365_007,rd_2026_long_term_care_insurance_revenue_44_01_01_01_11_3645200000,2026_long_term_care_insurance_expenditure_42_04_01_01_01,2026_long_term_care_insurance_expenditure_42_04_01,long_term_care_insurance,高額介護サービス費,高額介護サービス費,767,365,723,matched,page_and_exact_name,not_available,,r8tousyoyosanallpage.pdf,"11 高額介護サービス費(高齢福祉部) 637,478
充当事業:高額介護サービス費・P767",target_page_account_and_exact_name_unique;page_offset=0,bpi_f985f46de98226f7a4b1993dc94c2d8fdbf2a96691baffe92d642681b1be34cc,exact_group,exact,1
ral_2026_long_term_care_insurance_365_008,rd_2026_long_term_care_insurance_revenue_44_01_01_01_13_3645200000,2026_long_term_care_insurance_expenditure_42_01_06_01_01,2026_long_term_care_insurance_expenditure_42_01_06,long_term_care_insurance,地域密着型介護サービス給付費,地域密着型介護サービス給付費,763,365,723,matched,page_and_exact_name,not_available,,r8tousyoyosanallpage.pdf,"13 地域密着型介護サービス給付費(高齢福祉部) 2,589,570
充当事業:地域密着型介護サービス給付費・P763",target_page_account_and_exact_name_unique;page_offset=0,bpi_0b8d69632d8e169a697bbe9fcc3df4c0d35978397e98a5fa41f9bf6fe3318041,exact_group,exact,1
ral_2026_long_term_care_insurance_365_009,rd_2026_long_term_care_insurance_revenue_44_01_01_01_14_3645200000,2026_long_term_care_insurance_expenditure_42_06_02_01_01,2026_long_term_care_insurance_expenditure_42_06_02,long_term_care_insurance,地域密着型介護予防サービス給付費,地域密着型介護予防サービス給付費,769,365,723,matched,page_and_exact_name,not_available,,r8tousyoyosanallpage.pdf,"14 地域密着型介護予防サービス給付費(高齢福祉部) 9,689
充当事業:地域密着型介護予防サービス給付費・P769",target_page_account_and_exact_name_unique;page_offset=0,bpi_6ab66b034f7939beaf7e49a6ce6aab515edeca9a5641f9abad92aab7b2c0707b,exact_group,exact,1
ral_2026_long_term_care_insurance_365_010,rd_2026_long_term_care_insurance_revenue_44_01_01_01_15_3645200000,2026_long_term_care_insurance_expenditure_42_07_01_01_01,2026_long_term_care_insurance_expenditure_42_07_01,long_term_care_insurance,特定入所者介護サービス費,特定入所者介護サービス費,773,365,723,matched,page_and_exact_name,not_available,,r8tousyoyosanallpage.pdf,"15 特定入所者介護サービス費(高齢福祉部) 179,737
充当事業:特定入所者介護サービス費・P773",target_page_account_and_exact_name_unique;page_offset=0,bpi_f73c271d300f4539809d071a45f12f902db41177ffa2470ba070fb55f01418c4,exact_group,exact,1
ral_2026_long_term_care_insurance_365_011,rd_2026_long_term_care_insurance_revenue_44_01_01_01_16_3645200000,2026_long_term_care_insurance_expenditure_42_07_03_01_01,2026_long_term_care_insurance_expenditure_42_07_03,long_term_care_insurance,特定入所者介護予防サービス費,特定入所者介護予防サービス費,773,365,723,matched,page_and_exact_name,not_available,,r8tousyoyosanallpage.pdf,"16 特定入所者介護予防サービス費(高齢福祉部) 109
充当事業:特定入所者介護予防サービス費・P773",target_page_account_and_exact_name_unique;page_offset=0,bpi_5663a271d92c93df1b4f527978953aabd60e86992e045144b8625497496ec5d7,exact_group,exact,1
ral_2026_long_term_care_insurance_365_012,rd_2026_long_term_care_insurance_revenue_44_01_01_01_17_3645200000,2026_long_term_care_insurance_expenditure_42_06_01_01_01,2026_long_term_care_insurance_expenditure_42_06_01,long_term_care_insurance,介護予防サービス給付費,介護予防サービス給付費,769,365,723,matched,page_and_exact_name,not_available,,r8tousyoyosanallpage.pdf,"17 介護予防サービス給付費(高齢福祉部) 361,260
充当事業:介護予防サービス給付費・P769",target_page_account_and_exact_name_unique;page_offset=0,bpi_cea40e59b2c488d1b3077e33eab699a6aa176875321ffe2aa303e387be5a2959,exact_group,exact,1
ral_2026_long_term_care_insurance_365_013,rd_2026_long_term_care_insurance_revenue_44_01_01_01_18_3645200000,2026_long_term_care_insurance_expenditure_42_06_03_01_01,2026_long_term_care_insurance_expenditure_42_06_03,long_term_care_insurance,介護予防福祉用具購入費,介護予防福祉用具購入費,771,365,723,matched,page_and_exact_name,not_available,,r8tousyoyosanallpage.pdf,"18 介護予防福祉用具購入費(高齢福祉部) 4,619
充当事業:介護予防福祉用具購入費・P771",target_page_account_and_exact_name_unique;page_offset=0,bpi_eca2fab4c7cd5770e740113b5b5d5aac0f9ddba255c356aa32b88e316af7a853,exact_group,exact,1
ral_2026_long_term_care_insurance_365_014,rd_2026_long_term_care_insurance_revenue_44_01_01_01_19_3645200000,2026_long_term_care_insurance_expenditure_42_06_04_01_01,2026_long_term_care_insurance_expenditure_42_06_04,long_term_care_insurance,介護予防住宅改修費,介護予防住宅改修費,771,365,723,matched,page_and_exact_name,not_available,,r8tousyoyosanallpage.pdf,"19 介護予防住宅改修費(高齢福祉部) 21,738
充当事業:介護予防住宅改修費・P771",target_page_account_and_exact_name_unique;page_offset=0,bpi_1bf042ef6f9463ea7bb242b0fbf8dc7464509ba0189c1edf003df01cb774ce30,exact_group,exact,1
ral_2026_long_term_care_insurance_365_015,rd_2026_long_term_care_insurance_revenue_44_01_01_01_20_3645200000,2026_long_term_care_insurance_expenditure_42_06_05_01_01,2026_long_term_care_insurance_expenditure_42_06_05,long_term_care_insurance,介護予防サービス計画給付費,介護予防サービス計画給付費,771,365,723,matched,page_and_exact_name,not_available,,r8tousyoyosanallpage.pdf,"20 介護予防サービス計画給付費(高齢福祉部) 65,733
充当事業:介護予防サービス計画給付費・P771",target_page_account_and_exact_name_unique;page_offset=0,bpi_c72aec3eef1d2bf1b5315b3883b1edd23758d66c7647a8b2bfaf275aaa896f9b,exact_group,exact,1
ral_2026_long_term_care_insurance_365_016,rd_2026_long_term_care_insurance_revenue_44_01_01_01_21_3645200000,2026_long_term_care_insurance_expenditure_42_04_03_01_01,2026_long_term_care_insurance_expenditure_42_04_03,long_term_care_insurance,高額介護予防サービス費,高額介護予防サービス費,767,365,723,matched,page_and_exact_name,not_available,,r8tousyoyosanallpage.pdf,"21 高額介護予防サービス費(高齢福祉部) 1,349
充当事業:高額介護予防サービス費・P767",target_page_account_and_exact_name_unique;page_offset=0,bpi_0bfd29d74bdbf555d6472b66d5d1c339c0b423c88561055acb8ab5a4cc9a9280,exact_group,exact,1
ral_2026_long_term_care_insurance_365_017,rd_2026_long_term_care_insurance_revenue_44_01_01_01_25_3645200000,2026_long_term_care_insurance_expenditure_42_09_01_01_01,2026_long_term_care_insurance_expenditure_42_09_01,long_term_care_insurance,高額医療合算介護サービス費,高額医療合算介護サービス費,775,365,723,matched,page_and_exact_name,not_available,,r8tousyoyosanallpage.pdf,"25 高額医療合算介護サービス費(高齢福祉部) 116,794
充当事業:高額医療合算介護サービス費・P775",target_page_account_and_exact_name_unique;page_offset=0,bpi_b43b8eefdccc6ae67d70339ef7a142637415a0d8b51534f6601322c80ce6f23a,exact_group,exact,1
ral_2026_long_term_care_insurance_365_018,rd_2026_long_term_care_insurance_revenue_44_01_01_01_26_3645200000,2026_long_term_care_insurance_expenditure_42_09_02_01_01,2026_long_term_care_insurance_expenditure_42_09_02,long_term_care_insurance,高額医療合算介護予防サービス費,高額医療合算介護予防サービス費,775,365,723,matched,page_and_exact_name,not_available,,r8tousyoyosanallpage.pdf,"26 高額医療合算介護予防サービス費(高齢福祉部) 1,234
充当事業:高額医療合算介護予防サービス費・P775",target_page_account_and_exact_name_unique;page_offset=0,bpi_f76fd0c7e66bc1ebdd98e8cbce59a295813bc75289bbbff904630880db040318,exact_group,exact,1
ral_2026_long_term_care_insurance_366_001,rd_2026_long_term_care_insurance_revenue_44_01_03_01_05_3645300000,2026_long_term_care_insurance_expenditure_49_03_01_01_06,2026_long_term_care_insurance_expenditure_49_03_01,long_term_care_insurance,サービス・活動事業,サービス・活動事業,789,366,725,matched,page_and_exact_name,not_available,,r8tousyoyosanallpage.pdf,"5 サービス・活動事業(高齢福祉部) 67,400
充当事業:サービス・活動事業・P789",target_page_account_and_exact_name_unique;page_offset=0,bpi_7b131f4de76f3f4dccf996785b67622db5b130d7c116eb23fd4c49740dc57596,exact_group,exact,1
ral_2026_long_term_care_insurance_366_002,rd_2026_long_term_care_insurance_revenue_44_01_03_01_06_3645200000,2026_long_term_care_insurance_expenditure_49_03_01_01_08,2026_long_term_care_insurance_expenditure_49_03_01,long_term_care_insurance,高額介護サービス費相当等事業費,高額介護サービス費相当等事業費,789,366,725,matched,page_and_exact_name,not_available,,r8tousyoyosanallpage.pdf,"6 高額介護サービス費相当等事業費(高齢福祉部) 2,693
充当事業:高額介護サービス費相当等事業費・P789",target_page_account_and_exact_name_unique;page_offset=0,bpi_3362376aeeeaf6fbcc1c4fd8465b3c1cf240b2455c2a9557d65f9ac7ebbd5af3,exact_group,exact,1
ral_2026_long_term_care_insurance_366_003,rd_2026_long_term_care_insurance_revenue_44_01_03_01_07_3645300000,2026_long_term_care_insurance_expenditure_49_03_01_01_05,2026_long_term_care_insurance_expenditure_49_03_01,long_term_care_insurance,一般介護予防事業,一般介護予防事業,789,366,725,matched,page_and_exact_name,not_available,,r8tousyoyosanallpage.pdf,"7 一般介護予防事業(高齢福祉部) 60,476
充当事業:一般介護予防事業・P789",target_page_account_and_exact_name_unique;page_offset=0,bpi_9aa29a81195366086b47888f03521abd0e30363ba6eeba778366f565cfa02afc,exact_group,exact,1
ral_2026_long_term_care_insurance_366_004,rd_2026_long_term_care_insurance_revenue_44_01_03_01_09_3645200000,2026_long_term_care_insurance_expenditure_49_03_01_01_09,2026_long_term_care_insurance_expenditure_49_03_01,long_term_care_insurance,総合事業指定事業者実施サービス等諸費,総合事業指定事業者実施サービス等諸費,789,366,725,matched,page_and_exact_name,not_available,,r8tousyoyosanallpage.pdf,"9 総合事業指定事業者実施サービス等諸費(高齢福祉部) 347,068
充当事業:総合事業指定事業者実施サービス等諸費・P789",target_page_account_and_exact_name_unique;page_offset=0,bpi_fc7fb4925f2b99a3ae501dc2856ec0f0f72494b7ae0ef4f4a6473dd400ae4c25,exact_group,exact,1
ral_2026_long_term_care_insurance_366_005,rd_2026_long_term_care_insurance_revenue_44_01_03_01_10_3645200000,2026_long_term_care_insurance_expenditure_48_02_01_01_01,2026_long_term_care_insurance_expenditure_48_02_01,long_term_care_insurance,重層的支援体制整備事業繰出金,重層的支援体制整備事業繰出金,783,366,725,matched,page_and_exact_name,not_available,,r8tousyoyosanallpage.pdf,"10 重層的支援体制整備事業繰出金(高齢福祉部) 15,836
充当事業:重層的支援体制整備事業繰出金・P783",target_page_account_and_exact_name_unique;page_offset=0,bpi_77d59782515a17cd77cfbe4f459e7605e4b1e5a8ebe5e13a1b6bf44ae3a4e97b,exact_group,exact,1
ral_2026_long_term_care_insurance_367_001,rd_2026_long_term_care_insurance_revenue_45_01_01_01_01_3645200000,2026_long_term_care_insurance_expenditure_42_01_01_01_01,2026_long_term_care_insurance_expenditure_42_01_01,long_term_care_insurance,居宅介護サービス給付費,居宅介護サービス給付費,759,367,727,matched,page_and_exact_name,not_available,,r8tousyoyosanallpage.pdf,"1 居宅介護サービス給付費(高齢福祉部) 5,442,185
充当事業:居宅介護サービス給付費・P759",target_page_account_and_exact_name_unique;page_offset=0,bpi_2db802acb93f9799cf0425ffaff069f420a030e6081e227256bdd4cc19f71880,exact_group,exact,1
ral_2026_long_term_care_insurance_367_002,rd_2026_long_term_care_insurance_revenue_45_01_01_01_02_3645200000,2026_long_term_care_insurance_expenditure_42_01_02_01_01,2026_long_term_care_insurance_expenditure_42_01_02,long_term_care_insurance,施設介護サービス給付費,施設介護サービス給付費,759,367,727,matched,page_and_exact_name,not_available,,r8tousyoyosanallpage.pdf,"2 施設介護サービス給付費(高齢福祉部) 2,408,525
充当事業:施設介護サービス給付費・P759",target_page_account_and_exact_name_unique;page_offset=0,bpi_410f0facb2eb342260a09886015821489a5a8261e9023f69f3aa2f7e77696221,exact_group,exact,1
ral_2026_long_term_care_insurance_367_003,rd_2026_long_term_care_insurance_revenue_45_01_01_01_03_3645200000,2026_long_term_care_insurance_expenditure_42_01_03_01_01,2026_long_term_care_insurance_expenditure_42_01_03,long_term_care_insurance,居宅介護福祉用具購入費,居宅介護福祉用具購入費,761,367,727,matched,page_and_exact_name,not_available,,r8tousyoyosanallpage.pdf,"3 居宅介護福祉用具購入費(高齢福祉部) 11,672
充当事業:居宅介護福祉用具購入費・P761",target_page_account_and_exact_name_unique;page_offset=0,bpi_673cc854615fd815a03e45694470bda1b0b26fc77b8b7add9144bbf07dec2cd7,exact_group,exact,1
ral_2026_long_term_care_insurance_367_004,rd_2026_long_term_care_insurance_revenue_45_01_01_01_04_3645200000,2026_long_term_care_insurance_expenditure_42_01_04_01_01,2026_long_term_care_insurance_expenditure_42_01_04,long_term_care_insurance,居宅介護住宅改修費,居宅介護住宅改修費,761,367,727,matched,page_and_exact_name,not_available,,r8tousyoyosanallpage.pdf,"4 居宅介護住宅改修費(高齢福祉部) 17,847
充当事業:居宅介護住宅改修費・P761",target_page_account_and_exact_name_unique;page_offset=0,bpi_7233b57358da00a89d8f0c645637e8c8ba543a04a77b2a9dd44eec6cdde4a7e1,exact_group,exact,1
ral_2026_long_term_care_insurance_367_005,rd_2026_long_term_care_insurance_revenue_45_01_01_01_05_3645200000,2026_long_term_care_insurance_expenditure_42_01_05_01_01,2026_long_term_care_insurance_expenditure_42_01_05,long_term_care_insurance,居宅介護サービス計画給付費,居宅介護サービス計画給付費,761,367,727,matched,page_and_exact_name,not_available,,r8tousyoyosanallpage.pdf,"5 居宅介護サービス計画費(高齢福祉部) 490,750
充当事業:居宅介護サービス計画給付費・P761",target_page_account_and_exact_name_unique;page_offset=0,bpi_d492f0dae5d4d65752df634c3c8d3ce20d93f35f834c3714f7448bc217f36fe2,exact_group,exact,1
ral_2026_long_term_care_insurance_367_006,rd_2026_long_term_care_insurance_revenue_45_01_01_01_10_3645200000,2026_long_term_care_insurance_expenditure_42_03_01_01_01,2026_long_term_care_insurance_expenditure_42_03_01,long_term_care_insurance,審査支払手数料,審査支払手数料,765,367,727,matched,page_and_exact_name,not_available,,r8tousyoyosanallpage.pdf,"10 審査支払手数料(高齢福祉部) 10,942
充当事業:審査支払手数料・P765",target_page_account_and_exact_name_unique;page_offset=0,bpi_05471e021d62b778718d436646a3cac8f485e4963a0ce45ddfd924394901f7c9,exact_group,exact,1
ral_2026_long_term_care_insurance_367_007,rd_2026_long_term_care_insurance_revenue_45_01_01_01_11_3645200000,2026_long_term_care_insurance_expenditure_42_04_01_01_01,2026_long_term_care_insurance_expenditure_42_04_01,long_term_care_insurance,高額介護サービス費,高額介護サービス費,767,367,727,matched,page_and_exact_name,not_available,,r8tousyoyosanallpage.pdf,"11 高額介護サービス費(高齢福祉部) 295,129
充当事業:高額介護サービス費・P767",target_page_account_and_exact_name_unique;page_offset=0,bpi_f985f46de98226f7a4b1993dc94c2d8fdbf2a96691baffe92d642681b1be34cc,exact_group,exact,1
ral_2026_long_term_care_insurance_367_008,rd_2026_long_term_care_insurance_revenue_45_01_01_01_13_3645200000,2026_long_term_care_insurance_expenditure_42_01_06_01_01,2026_long_term_care_insurance_expenditure_42_01_06,long_term_care_insurance,地域密着型介護サービス給付費,地域密着型介護サービス給付費,763,367,727,matched,page_and_exact_name,not_available,,r8tousyoyosanallpage.pdf,"13 地域密着型介護サービス給付費(高齢福祉部) 1,198,875
充当事業:地域密着型介護サービス給付費・P763",target_page_account_and_exact_name_unique;page_offset=0,bpi_0b8d69632d8e169a697bbe9fcc3df4c0d35978397e98a5fa41f9bf6fe3318041,exact_group,exact,1
ral_2026_long_term_care_insurance_367_009,rd_2026_long_term_care_insurance_revenue_45_01_01_01_14_3645200000,2026_long_term_care_insurance_expenditure_42_06_02_01_01,2026_long_term_care_insurance_expenditure_42_06_02,long_term_care_insurance,地域密着型介護予防サービス給付費,地域密着型介護予防サービス給付費,769,367,727,matched,page_and_exact_name,not_available,,r8tousyoyosanallpage.pdf,"14 地域密着型介護予防サービス給付費(高齢福祉部) 4,486
充当事業:地域密着型介護予防サービス給付費・P769",target_page_account_and_exact_name_unique;page_offset=0,bpi_6ab66b034f7939beaf7e49a6ce6aab515edeca9a5641f9abad92aab7b2c0707b,exact_group,exact,1
ral_2026_long_term_care_insurance_367_010,rd_2026_long_term_care_insurance_revenue_45_01_01_01_15_3645200000,2026_long_term_care_insurance_expenditure_42_07_01_01_01,2026_long_term_care_insurance_expenditure_42_07_01,long_term_care_insurance,特定入所者介護サービス費,特定入所者介護サービス費,773,367,727,matched,page_and_exact_name,not_available,,r8tousyoyosanallpage.pdf,"15 特定入所者介護サービス費(高齢福祉部) 113,817
充当事業:特定入所者介護サービス費・P773",target_page_account_and_exact_name_unique;page_offset=0,bpi_f73c271d300f4539809d071a45f12f902db41177ffa2470ba070fb55f01418c4,exact_group,exact,1
ral_2026_long_term_care_insurance_367_011,rd_2026_long_term_care_insurance_revenue_45_01_01_01_16_3645200000,2026_long_term_care_insurance_expenditure_42_07_03_01_01,2026_long_term_care_insurance_expenditure_42_07_03,long_term_care_insurance,特定入所者介護予防サービス費,特定入所者介護予防サービス費,773,367,727,matched,page_and_exact_name,not_available,,r8tousyoyosanallpage.pdf,"16 特定入所者介護予防サービス費(高齢福祉部) 50
充当事業:特定入所者介護予防サービス費・P773",target_page_account_and_exact_name_unique;page_offset=0,bpi_5663a271d92c93df1b4f527978953aabd60e86992e045144b8625497496ec5d7,exact_group,exact,1
ral_2026_long_term_care_insurance_367_012,rd_2026_long_term_care_insurance_revenue_45_01_01_01_17_3645200000,2026_long_term_care_insurance_expenditure_42_06_01_01_01,2026_long_term_care_insurance_expenditure_42_06_01,long_term_care_insurance,介護予防サービス給付費,介護予防サービス給付費,769,367,727,matched,page_and_exact_name,not_available,,r8tousyoyosanallpage.pdf,"17 介護予防サービス給付費(高齢福祉部) 188,123
充当事業:介護予防サービス給付費・P769",target_page_account_and_exact_name_unique;page_offset=0,bpi_cea40e59b2c488d1b3077e33eab699a6aa176875321ffe2aa303e387be5a2959,exact_group,exact,1
ral_2026_long_term_care_insurance_367_013,rd_2026_long_term_care_insurance_revenue_45_01_01_01_18_3645200000,2026_long_term_care_insurance_expenditure_42_06_03_01_01,2026_long_term_care_insurance_expenditure_42_06_03,long_term_care_insurance,介護予防福祉用具購入費,介護予防福祉用具購入費,771,367,727,matched,page_and_exact_name,not_available,,r8tousyoyosanallpage.pdf,"18 介護予防福祉用具購入費(高齢福祉部) 2,139
充当事業:介護予防福祉用具購入費・P771",target_page_account_and_exact_name_unique;page_offset=0,bpi_eca2fab4c7cd5770e740113b5b5d5aac0f9ddba255c356aa32b88e316af7a853,exact_group,exact,1
ral_2026_long_term_care_insurance_367_014,rd_2026_long_term_care_insurance_revenue_45_01_01_01_19_3645200000,2026_long_term_care_insurance_expenditure_42_06_04_01_01,2026_long_term_care_insurance_expenditure_42_06_04,long_term_care_insurance,介護予防住宅改修費,介護予防住宅改修費,771,367,727,matched,page_and_exact_name,not_available,,r8tousyoyosanallpage.pdf,"19 介護予防住宅改修費(高齢福祉部) 10,064
充当事業:介護予防住宅改修費・P771",target_page_account_and_exact_name_unique;page_offset=0,bpi_1bf042ef6f9463ea7bb242b0fbf8dc7464509ba0189c1edf003df01cb774ce30,exact_group,exact,1
ral_2026_long_term_care_insurance_367_015,rd_2026_long_term_care_insurance_revenue_45_01_01_01_20_3645200000,2026_long_term_care_insurance_expenditure_42_06_05_01_01,2026_long_term_care_insurance_expenditure_42_06_05,long_term_care_insurance,介護予防サービス計画給付費,介護予防サービス計画給付費,771,367,727,matched,page_and_exact_name,not_available,,r8tousyoyosanallpage.pdf,"20 介護予防サービス計画給付費(高齢福祉部) 30,432
充当事業:介護予防サービス計画給付費・P771",target_page_account_and_exact_name_unique;page_offset=0,bpi_c72aec3eef1d2bf1b5315b3883b1edd23758d66c7647a8b2bfaf275aaa896f9b,exact_group,exact,1
ral_2026_long_term_care_insurance_367_016,rd_2026_long_term_care_insurance_revenue_45_01_01_01_21_3645200000,2026_long_term_care_insurance_expenditure_42_04_03_01_01,2026_long_term_care_insurance_expenditure_42_04_03,long_term_care_insurance,高額介護予防サービス費,高額介護予防サービス費,767,367,727,matched,page_and_exact_name,not_available,,r8tousyoyosanallpage.pdf,"21 高額介護予防サービス費(高齢福祉部) 624
充当事業:高額介護予防サービス費・P767",target_page_account_and_exact_name_unique;page_offset=0,bpi_0bfd29d74bdbf555d6472b66d5d1c339c0b423c88561055acb8ab5a4cc9a9280,exact_group,exact,1
ral_2026_long_term_care_insurance_367_017,rd_2026_long_term_care_insurance_revenue_45_01_01_01_24_3645200000,2026_long_term_care_insurance_expenditure_42_09_01_01_01,2026_long_term_care_insurance_expenditure_42_09_01,long_term_care_insurance,高額医療合算介護サービス費,高額医療合算介護サービス費,775,367,727,matched,page_and_exact_name,not_available,,r8tousyoyosanallpage.pdf,"24 高額医療合算介護サービス費(高齢福祉部) 54,071
充当事業:高額医療合算介護サービス費・P775",target_page_account_and_exact_name_unique;page_offset=0,bpi_b43b8eefdccc6ae67d70339ef7a142637415a0d8b51534f6601322c80ce6f23a,exact_group,exact,1
ral_2026_long_term_care_insurance_367_018,rd_2026_long_term_care_insurance_revenue_45_01_01_01_25_3645200000,2026_long_term_care_insurance_expenditure_42_09_02_01_01,2026_long_term_care_insurance_expenditure_42_09_02,long_term_care_insurance,高額医療合算介護予防サービス費,高額医療合算介護予防サービス費,775,367,727,matched,page_and_exact_name,not_available,,r8tousyoyosanallpage.pdf,"25 高額医療合算介護予防サービス費(高齢福祉部) 571
充当事業:高額医療合算介護予防サービス費・P775",target_page_account_and_exact_name_unique;page_offset=0,bpi_f76fd0c7e66bc1ebdd98e8cbce59a295813bc75289bbbff904630880db040318,exact_group,exact,1
ral_2026_long_term_care_insurance_368_001,rd_2026_long_term_care_insurance_revenue_45_03_02_01_01_3645300000,2026_long_term_care_insurance_expenditure_49_02_01_01_01,2026_long_term_care_insurance_expenditure_49_02_01,long_term_care_insurance,地域包括支援センター運営委託,地域包括支援センター運営委託,785,368,729,matched,page_and_exact_name,not_available,,r8tousyoyosanallpage.pdf,"1 地域包括支援センター運営委託(高齢福祉部) 7,402
充当事業:地域包括支援センター運営委託・P785",target_page_account_and_exact_name_unique;page_offset=0,bpi_6ad80e7fbab6af3c02453a6ec51a29b472217766ac3d78c472796bdcc33c55b2,exact_group,exact,1
ral_2026_long_term_care_insurance_368_002,rd_2026_long_term_care_insurance_revenue_45_03_02_01_04_3645100000,2026_long_term_care_insurance_expenditure_49_02_02_01_03,2026_long_term_care_insurance_expenditure_49_02_02,long_term_care_insurance,高齢者おむつ支給,高齢者おむつ支給,785,368,729,matched,page_and_exact_name,not_available,,r8tousyoyosanallpage.pdf,"4 高齢者おむつ支給(高齢福祉部) 35,008
充当事業:高齢者おむつ支給・P785",target_page_account_and_exact_name_unique;page_offset=0,bpi_c819a60602282a711e9933e2fd46c189c7840e6d8cc381b6b41b5a76cc3231fe,exact_group,exact,1
ral_2026_long_term_care_insurance_368_003,rd_2026_long_term_care_insurance_revenue_45_03_02_01_06_3645100000,2026_long_term_care_insurance_expenditure_49_02_02_01_05,2026_long_term_care_insurance_expenditure_49_02_02,long_term_care_insurance,住宅改修アドバイザー派遣,住宅改修アドバイザー派遣,785,368,729,matched,page_and_exact_name,not_available,,r8tousyoyosanallpage.pdf,"6 住宅改修アドバイザー派遣(高齢福祉部) 280
充当事業:住宅改修アドバイザー派遣・P785",target_page_account_and_exact_name_unique;page_offset=0,bpi_163cf52aba9296b08e531463eb545b618ae169a7da91720600e923c22456fda4,exact_group,exact,1
ral_2026_long_term_care_insurance_368_004,rd_2026_long_term_care_insurance_revenue_45_03_02_01_07_3645200000,2026_long_term_care_insurance_expenditure_49_02_02_01_06,2026_long_term_care_insurance_expenditure_49_02_02,long_term_care_insurance,介護給付適正化事業,介護給付適正化事業,785,368,729,matched,page_and_exact_name,not_available,,r8tousyoyosanallpage.pdf,"7 介護給付適正化事業(高齢福祉部) 653
充当事業:介護給付適正化事業・P785",target_page_account_and_exact_name_unique;page_offset=0,bpi_39e66fb21538fbc5384a56310a72c84a7073e0a2721fac132a7c79fe44006e9e,exact_group,exact,1
ral_2026_long_term_care_insurance_368_005,rd_2026_long_term_care_insurance_revenue_45_03_02_01_14_3645300000,2026_long_term_care_insurance_expenditure_49_02_01_01_03,2026_long_term_care_insurance_expenditure_49_02_01,long_term_care_insurance,認知症包括支援事業,認知症包括支援事業,785,368,729,matched,page_and_exact_name,not_available,,r8tousyoyosanallpage.pdf,"14 認知症包括支援事業(高齢福祉部) 10,281
充当事業:認知症包括支援事業・P785",target_page_account_and_exact_name_unique;page_offset=0,bpi_5850d1e5a4e956262686f8db6117c7d94d3ae64c56a46940679cbd41409ba281,exact_group,exact,1
ral_2026_long_term_care_insurance_368_006,rd_2026_long_term_care_insurance_revenue_45_03_02_01_15_3645300000,2026_long_term_care_insurance_expenditure_49_02_02_01_10,2026_long_term_care_insurance_expenditure_49_02_02,long_term_care_insurance,認知症ケア推進事業,認知症ケア推進事業,787,368,729,matched,page_and_exact_name,not_available,,r8tousyoyosanallpage.pdf,"15 認知症ケア推進事業(高齢福祉部) 7,027
充当事業:認知症ケア推進事業・P787",target_page_account_and_exact_name_unique;page_offset=2,bpi_6864087d9ac3df47340f361257aa1e8c26f24ef490cbce00b4aa79e9cc22ba0b,exact_group,exact,1
ral_2026_long_term_care_insurance_368_007,rd_2026_long_term_care_insurance_revenue_45_03_02_01_17_3595150000,2026_long_term_care_insurance_expenditure_49_02_01_01_05,2026_long_term_care_insurance_expenditure_49_02_01,long_term_care_insurance,在宅医療・介護連携推進事業,在宅医療・介護連携推進事業,785,368,729,matched,page_and_exact_name,not_available,,r8tousyoyosanallpage.pdf,"17 在宅医療・介護連携推進事業(保健福祉政策部) 15,432
充当事業:在宅医療・介護連携推進事業・P785",target_page_account_and_exact_name_unique;page_offset=0,bpi_cb11731fa879eed02b417923e076978c444d67ae28a64fd45bab289f8c68f0a3,exact_group,exact,1
ral_2026_long_term_care_insurance_368_008,rd_2026_long_term_care_insurance_revenue_45_03_02_01_18_3645200000,2026_long_term_care_insurance_expenditure_49_02_02_01_11,2026_long_term_care_insurance_expenditure_49_02_02,long_term_care_insurance,家族介護支援事業,家族介護支援事業,787,368,729,matched,page_and_exact_name,not_available,,r8tousyoyosanallpage.pdf,"18 家族介護支援事業(高齢福祉部) 784
充当事業:家族介護支援事業・P787",target_page_account_and_exact_name_unique;page_offset=2,bpi_350e7024d522abf084257e6c43444e5dcefbdf1df200cb386513f7e52709a03f,exact_group,exact,1
ral_2026_long_term_care_insurance_368_009,rd_2026_long_term_care_insurance_revenue_45_03_02_01_19_3595200000,2026_long_term_care_insurance_expenditure_49_02_02_01_12,2026_long_term_care_insurance_expenditure_49_02_02,long_term_care_insurance,成年後見報酬助成,成年後見報酬助成,787,368,729,matched,page_and_exact_name,not_available,,r8tousyoyosanallpage.pdf,"19 成年後見制度(保健福祉政策部) 4,689
充当事業:成年後見報酬助成・P787",target_page_account_and_exact_name_unique;page_offset=2,bpi_0dfb8c5e972e73a6a5c8bfc3451c3c97b829e1bae009faa69c56b4e0899b74e0,exact_group,exact,1
ral_2026_long_term_care_insurance_368_010,rd_2026_long_term_care_insurance_revenue_45_03_02_01_20_3645100000,2026_long_term_care_insurance_expenditure_49_02_02_01_13,2026_long_term_care_insurance_expenditure_49_02_02,long_term_care_insurance,高齢者安心コール,高齢者安心コール,787,368,729,matched,page_and_exact_name,not_available,,r8tousyoyosanallpage.pdf,"20 高齢者安心コール(高齢福祉部) 7,412
充当事業:高齢者安心コール・P787",target_page_account_and_exact_name_unique;page_offset=2,bpi_7eef77dbfc3f9ce5478a03faff86c91fbefc7b64a6f6b94f2bcb0079f6756a23,exact_group,exact,1
ral_2026_long_term_care_insurance_368_011,rd_2026_long_term_care_insurance_revenue_45_03_08_01_05_3645300000,2026_long_term_care_insurance_expenditure_49_03_01_01_06,2026_long_term_care_insurance_expenditure_49_03_01,long_term_care_insurance,サービス・活動事業,サービス・活動事業,789,368,729,matched,page_and_exact_name,not_available,,r8tousyoyosanallpage.pdf,"5 サービス・活動事業(高齢福祉部) 31,204
充当事業:サービス・活動事業・P789",target_page_account_and_exact_name_unique;page_offset=0,bpi_7b131f4de76f3f4dccf996785b67622db5b130d7c116eb23fd4c49740dc57596,exact_group,exact,1
ral_2026_long_term_care_insurance_368_012,rd_2026_long_term_care_insurance_revenue_45_03_08_01_06_3645200000,2026_long_term_care_insurance_expenditure_49_03_01_01_08,2026_long_term_care_insurance_expenditure_49_03_01,long_term_care_insurance,高額介護サービス費相当等事業費,高額介護サービス費相当等事業費,789,368,729,matched,page_and_exact_name,not_available,,r8tousyoyosanallpage.pdf,"6 高額介護サービス費相当等事業費(高齢福祉部) 1,247
充当事業:高額介護サービス費相当等事業費・P789",target_page_account_and_exact_name_unique;page_offset=0,bpi_3362376aeeeaf6fbcc1c4fd8465b3c1cf240b2455c2a9557d65f9ac7ebbd5af3,exact_group,exact,1
ral_2026_long_term_care_insurance_368_013,rd_2026_long_term_care_insurance_revenue_45_03_08_01_07_3645300000,2026_long_term_care_insurance_expenditure_49_03_01_01_05,2026_long_term_care_insurance_expenditure_49_03_01,long_term_care_insurance,一般介護予防事業,一般介護予防事業,789,368,729,matched,page_and_exact_name,not_available,,r8tousyoyosanallpage.pdf,"7 一般介護予防事業(高齢福祉部) 27,998
充当事業:一般介護予防事業・P789",target_page_account_and_exact_name_unique;page_offset=0,bpi_9aa29a81195366086b47888f03521abd0e30363ba6eeba778366f565cfa02afc,exact_group,exact,1
ral_2026_long_term_care_insurance_368_014,rd_2026_long_term_care_insurance_revenue_45_03_08_01_09_3645200000,2026_long_term_care_insurance_expenditure_49_03_01_01_09,2026_long_term_care_insurance_expenditure_49_03_01,long_term_care_insurance,総合事業指定事業者実施サービス等諸費,総合事業指定事業者実施サービス等諸費,789,368,729,matched,page_and_exact_name,not_available,,r8tousyoyosanallpage.pdf,"9 総合事業指定事業者実施サービス等諸費(高齢福祉部) 160,679
充当事業:総合事業指定事業者実施サービス等諸費・P789",target_page_account_and_exact_name_unique;page_offset=0,bpi_fc7fb4925f2b99a3ae501dc2856ec0f0f72494b7ae0ef4f4a6473dd400ae4c25,exact_group,exact,1
ral_2026_long_term_care_insurance_369_001,rd_2026_long_term_care_insurance_revenue_46_01_02_01_02_3645200000,2026_long_term_care_insurance_expenditure_45_01_01_01_01,2026_long_term_care_insurance_expenditure_45_01_01,long_term_care_insurance,介護給付費準備基金積立金,介護給付費準備基金積立金,777,369,731,matched,page_and_exact_name,not_available,,r8tousyoyosanallpage.pdf,"2 介護給付費準備基金利子(高齢福祉部) 65,792
充当事業:介護給付費準備基金積立金・P777",target_page_account_and_exact_name_unique;page_offset=0,bpi_62d88228e9bd0c95e552989995cc884be21afa4463c1136f0e2dc703b176a7eb,exact_group,exact,1
ral_2026_long_term_care_insurance_370_001,rd_2026_long_term_care_insurance_revenue_48_01_01_01_01_3645200000,2026_long_term_care_insurance_expenditure_42_01_01_01_01,2026_long_term_care_insurance_expenditure_42_01_01,long_term_care_insurance,居宅介護サービス給付費,居宅介護サービス給付費,759,370,733,matched,page_and_exact_name,not_available,,r8tousyoyosanallpage.pdf,"1 居宅介護サービス給付費(高齢福祉部) 4,855,973
充当事業:居宅介護サービス給付費・P759",target_page_account_and_exact_name_unique;page_offset=0,bpi_2db802acb93f9799cf0425ffaff069f420a030e6081e227256bdd4cc19f71880,exact_group,exact,1
ral_2026_long_term_care_insurance_370_002,rd_2026_long_term_care_insurance_revenue_48_01_01_01_02_3645200000,2026_long_term_care_insurance_expenditure_42_01_02_01_01,2026_long_term_care_insurance_expenditure_42_01_02,long_term_care_insurance,施設介護サービス給付費,施設介護サービス給付費,759,370,733,matched,page_and_exact_name,not_available,,r8tousyoyosanallpage.pdf,"2 施設介護サービス給付費(高齢福祉部) 1,720,375
充当事業:施設介護サービス給付費・P759",target_page_account_and_exact_name_unique;page_offset=0,bpi_410f0facb2eb342260a09886015821489a5a8261e9023f69f3aa2f7e77696221,exact_group,exact,1
ral_2026_long_term_care_insurance_370_003,rd_2026_long_term_care_insurance_revenue_48_01_01_01_03_3645200000,2026_long_term_care_insurance_expenditure_42_01_03_01_01,2026_long_term_care_insurance_expenditure_42_01_03,long_term_care_insurance,居宅介護福祉用具購入費,居宅介護福祉用具購入費,761,370,733,matched,page_and_exact_name,not_available,,r8tousyoyosanallpage.pdf,"3 居宅介護福祉用具購入費(高齢福祉部) 11,672
充当事業:居宅介護福祉用具購入費・P761",target_page_account_and_exact_name_unique;page_offset=0,bpi_673cc854615fd815a03e45694470bda1b0b26fc77b8b7add9144bbf07dec2cd7,exact_group,exact,1
ral_2026_long_term_care_insurance_370_004,rd_2026_long_term_care_insurance_revenue_48_01_01_01_04_3645200000,2026_long_term_care_insurance_expenditure_42_01_04_01_01,2026_long_term_care_insurance_expenditure_42_01_04,long_term_care_insurance,居宅介護住宅改修費,居宅介護住宅改修費,761,370,733,matched,page_and_exact_name,not_available,,r8tousyoyosanallpage.pdf,"4 居宅介護住宅改修費(高齢福祉部) 17,847
充当事業:居宅介護住宅改修費・P761",target_page_account_and_exact_name_unique;page_offset=0,bpi_7233b57358da00a89d8f0c645637e8c8ba543a04a77b2a9dd44eec6cdde4a7e1,exact_group,exact,1
ral_2026_long_term_care_insurance_370_005,rd_2026_long_term_care_insurance_revenue_48_01_01_01_05_3645200000,2026_long_term_care_insurance_expenditure_42_01_05_01_01,2026_long_term_care_insurance_expenditure_42_01_05,long_term_care_insurance,居宅介護サービス計画給付費,居宅介護サービス計画給付費,761,370,733,matched,page_and_exact_name,not_available,,r8tousyoyosanallpage.pdf,"5 居宅介護サービス計画費(高齢福祉部) 490,750
充当事業:居宅介護サービス計画給付費・P761",target_page_account_and_exact_name_unique;page_offset=0,bpi_d492f0dae5d4d65752df634c3c8d3ce20d93f35f834c3714f7448bc217f36fe2,exact_group,exact,1
ral_2026_long_term_care_insurance_370_006,rd_2026_long_term_care_insurance_revenue_48_01_01_01_10_3645200000,2026_long_term_care_insurance_expenditure_42_03_01_01_01,2026_long_term_care_insurance_expenditure_42_03_01,long_term_care_insurance,審査支払手数料,審査支払手数料,765,370,733,matched,page_and_exact_name,not_available,,r8tousyoyosanallpage.pdf,"10 審査支払手数料(高齢福祉部) 10,616
充当事業:審査支払手数料・P765",target_page_account_and_exact_name_unique;page_offset=0,bpi_05471e021d62b778718d436646a3cac8f485e4963a0ce45ddfd924394901f7c9,exact_group,exact,1
ral_2026_long_term_care_insurance_370_007,rd_2026_long_term_care_insurance_revenue_48_01_01_01_11_3645200000,2026_long_term_care_insurance_expenditure_42_04_01_01_01,2026_long_term_care_insurance_expenditure_42_04_01,long_term_care_insurance,高額介護サービス費,高額介護サービス費,767,370,733,matched,page_and_exact_name,not_available,,r8tousyoyosanallpage.pdf,"11 高額介護サービス費(高齢福祉部) 295,129
充当事業:高額介護サービス費・P767",target_page_account_and_exact_name_unique;page_offset=0,bpi_f985f46de98226f7a4b1993dc94c2d8fdbf2a96691baffe92d642681b1be34cc,exact_group,exact,1
ral_2026_long_term_care_insurance_370_008,rd_2026_long_term_care_insurance_revenue_48_01_01_01_13_3645200000,2026_long_term_care_insurance_expenditure_50_01_01_01_01,2026_long_term_care_insurance_expenditure_50_01_01,long_term_care_insurance,予備費,予備費,791,370,733,matched,page_and_exact_name,not_available,,r8tousyoyosanallpage.pdf,"13 予備費(高齢福祉部) 30,000
充当事業:予備費・P791",target_page_account_and_exact_name_unique;page_offset=0,bpi_00f5474a7404ff15b2b95e64b6bf047ecebad6c143bf0d5701c33c9c62c5691f,exact_group,exact,1
ral_2026_long_term_care_insurance_370_009,rd_2026_long_term_care_insurance_revenue_48_01_01_01_14_3645200000,2026_long_term_care_insurance_expenditure_42_01_06_01_01,2026_long_term_care_insurance_expenditure_42_01_06,long_term_care_insurance,地域密着型介護サービス給付費,地域密着型介護サービス給付費,763,370,733,matched,page_and_exact_name,not_available,,r8tousyoyosanallpage.pdf,"14 地域密着型介護サービス給付費(高齢福祉部) 1,198,875
充当事業:地域密着型介護サービス給付費・P763",target_page_account_and_exact_name_unique;page_offset=0,bpi_0b8d69632d8e169a697bbe9fcc3df4c0d35978397e98a5fa41f9bf6fe3318041,exact_group,exact,1
ral_2026_long_term_care_insurance_370_010,rd_2026_long_term_care_insurance_revenue_48_01_01_01_15_3645200000,2026_long_term_care_insurance_expenditure_42_06_02_01_01,2026_long_term_care_insurance_expenditure_42_06_02,long_term_care_insurance,地域密着型介護予防サービス給付費,地域密着型介護予防サービス給付費,769,370,733,matched,page_and_exact_name,not_available,,r8tousyoyosanallpage.pdf,"15 地域密着型介護予防サービス給付費(高齢福祉部) 4,486
充当事業:地域密着型介護予防サービス給付費・P769",target_page_account_and_exact_name_unique;page_offset=0,bpi_6ab66b034f7939beaf7e49a6ce6aab515edeca9a5641f9abad92aab7b2c0707b,exact_group,exact,1
ral_2026_long_term_care_insurance_370_011,rd_2026_long_term_care_insurance_revenue_48_01_01_01_16_3645200000,2026_long_term_care_insurance_expenditure_42_07_01_01_01,2026_long_term_care_insurance_expenditure_42_07_01,long_term_care_insurance,特定入所者介護サービス費,特定入所者介護サービス費,773,370,733,matched,page_and_exact_name,not_available,,r8tousyoyosanallpage.pdf,"16 特定入所者介護サービス費(高齢福祉部) 83,211
充当事業:特定入所者介護サービス費・P773",target_page_account_and_exact_name_unique;page_offset=0,bpi_f73c271d300f4539809d071a45f12f902db41177ffa2470ba070fb55f01418c4,exact_group,exact,1
ral_2026_long_term_care_insurance_370_012,rd_2026_long_term_care_insurance_revenue_48_01_01_01_17_3645200000,2026_long_term_care_insurance_expenditure_42_07_03_01_01,2026_long_term_care_insurance_expenditure_42_07_03,long_term_care_insurance,特定入所者介護予防サービス費,特定入所者介護予防サービス費,773,370,733,matched,page_and_exact_name,not_available,,r8tousyoyosanallpage.pdf,"17 特定入所者介護予防サービス費(高齢福祉部) 50
充当事業:特定入所者介護予防サービス費・P773",target_page_account_and_exact_name_unique;page_offset=0,bpi_5663a271d92c93df1b4f527978953aabd60e86992e045144b8625497496ec5d7,exact_group,exact,1
ral_2026_long_term_care_insurance_370_013,rd_2026_long_term_care_insurance_revenue_48_01_01_01_18_3645200000,2026_long_term_care_insurance_expenditure_42_06_01_01_01,2026_long_term_care_insurance_expenditure_42_06_01,long_term_care_insurance,介護予防サービス給付費,介護予防サービス給付費,769,370,733,matched,page_and_exact_name,not_available,,r8tousyoyosanallpage.pdf,"18 介護予防サービス給付費(高齢福祉部) 167,250
充当事業:介護予防サービス給付費・P769",target_page_account_and_exact_name_unique;page_offset=0,bpi_cea40e59b2c488d1b3077e33eab699a6aa176875321ffe2aa303e387be5a2959,exact_group,exact,1
ral_2026_long_term_care_insurance_370_014,rd_2026_long_term_care_insurance_revenue_48_01_01_01_19_3645200000,2026_long_term_care_insurance_expenditure_42_06_03_01_01,2026_long_term_care_insurance_expenditure_42_06_03,long_term_care_insurance,介護予防福祉用具購入費,介護予防福祉用具購入費,771,370,733,matched,page_and_exact_name,not_available,,r8tousyoyosanallpage.pdf,"19 介護予防福祉用具購入費(高齢福祉部) 2,139
充当事業:介護予防福祉用具購入費・P771",target_page_account_and_exact_name_unique;page_offset=0,bpi_eca2fab4c7cd5770e740113b5b5d5aac0f9ddba255c356aa32b88e316af7a853,exact_group,exact,1
ral_2026_long_term_care_insurance_370_015,rd_2026_long_term_care_insurance_revenue_48_01_01_01_20_3645200000,2026_long_term_care_insurance_expenditure_42_06_04_01_01,2026_long_term_care_insurance_expenditure_42_06_04,long_term_care_insurance,介護予防住宅改修費,介護予防住宅改修費,771,370,733,matched,page_and_exact_name,not_available,,r8tousyoyosanallpage.pdf,"20 介護予防住宅改修費(高齢福祉部) 10,064
充当事業:介護予防住宅改修費・P771",target_page_account_and_exact_name_unique;page_offset=0,bpi_1bf042ef6f9463ea7bb242b0fbf8dc7464509ba0189c1edf003df01cb774ce30,exact_group,exact,1
ral_2026_long_term_care_insurance_370_016,rd_2026_long_term_care_insurance_revenue_48_01_01_01_21_3645200000,2026_long_term_care_insurance_expenditure_42_06_05_01_01,2026_long_term_care_insurance_expenditure_42_06_05,long_term_care_insurance,介護予防サービス計画給付費,介護予防サービス計画給付費,771,370,733,matched,page_and_exact_name,not_available,,r8tousyoyosanallpage.pdf,"21 介護予防サービス計画給付費(高齢福祉部) 30,432
充当事業:介護予防サービス計画給付費・P771",target_page_account_and_exact_name_unique;page_offset=0,bpi_c72aec3eef1d2bf1b5315b3883b1edd23758d66c7647a8b2bfaf275aaa896f9b,exact_group,exact,1
ral_2026_long_term_care_insurance_370_017,rd_2026_long_term_care_insurance_revenue_48_01_01_01_22_3645200000,2026_long_term_care_insurance_expenditure_42_04_03_01_01,2026_long_term_care_insurance_expenditure_42_04_03,long_term_care_insurance,高額介護予防サービス費,高額介護予防サービス費,767,370,733,matched,page_and_exact_name,not_available,,r8tousyoyosanallpage.pdf,"22 高額介護予防サービス費(高齢福祉部) 624
充当事業:高額介護予防サービス費・P767",target_page_account_and_exact_name_unique;page_offset=0,bpi_0bfd29d74bdbf555d6472b66d5d1c339c0b423c88561055acb8ab5a4cc9a9280,exact_group,exact,1
ral_2026_long_term_care_insurance_370_018,rd_2026_long_term_care_insurance_revenue_48_01_01_01_25_3645200000,2026_long_term_care_insurance_expenditure_42_09_01_01_01,2026_long_term_care_insurance_expenditure_42_09_01,long_term_care_insurance,高額医療合算介護サービス費,高額医療合算介護サービス費,775,370,733,matched,page_and_exact_name,not_available,,r8tousyoyosanallpage.pdf,"25 高額医療合算介護サービス費(高齢福祉部) 54,071
充当事業:高額医療合算介護サービス費・P775",target_page_account_and_exact_name_unique;page_offset=0,bpi_b43b8eefdccc6ae67d70339ef7a142637415a0d8b51534f6601322c80ce6f23a,exact_group,exact,1
ral_2026_long_term_care_insurance_371_001,rd_2026_long_term_care_insurance_revenue_48_01_01_01_26_3645200000,2026_long_term_care_insurance_expenditure_42_09_02_01_01,2026_long_term_care_insurance_expenditure_42_09_02,long_term_care_insurance,高額医療合算介護予防サービス費,高額医療合算介護予防サービス費,775,371,735,matched,page_and_exact_name,not_available,,r8tousyoyosanallpage.pdf,"26 高額医療合算介護予防サービス費(高齢福祉部) 571
充当事業:高額医療合算介護予防サービス費・P775",target_page_account_and_exact_name_unique;page_offset=0,bpi_f76fd0c7e66bc1ebdd98e8cbce59a295813bc75289bbbff904630880db040318,exact_group,exact,1
ral_2026_long_term_care_insurance_371_002,rd_2026_long_term_care_insurance_revenue_48_01_02_01_01_3645200000,2026_long_term_care_insurance_expenditure_46_01_01_01_02,2026_long_term_care_insurance_expenditure_46_01_01,long_term_care_insurance,介護保険事業会計関係事務従事職員の人件費,介護保険事業会計関係事務従事職員の人件費,779,371,735,matched,page_and_exact_name,not_available,,r8tousyoyosanallpage.pdf,"1 職員給与費(高齢福祉部) 651,864
充当事業:介護保険事業会計関係事務従事職員の人件費・P779",target_page_account_and_exact_name_unique;page_offset=0,bpi_b627759ff8603415f1cc7bebe824d4977292d26253baeea8825cafd7f703a0a3,exact_group,exact,1
ral_2026_long_term_care_insurance_371_003,rd_2026_long_term_care_insurance_revenue_48_01_02_01_01_3645200000,2026_long_term_care_insurance_expenditure_46_01_01_01_04,2026_long_term_care_insurance_expenditure_46_01_01,long_term_care_insurance,介護保険事業会計関係職員の人件費,介護保険事業会計関係職員の人件費,779,371,735,matched,page_and_exact_name,not_available,,r8tousyoyosanallpage.pdf,"1 職員給与費(高齢福祉部) 651,864
充当事業:介護保険事業会計関係職員の人件費・P779",target_page_account_and_exact_name_unique;page_offset=0,bpi_11b7b5bb678c73d3dd69f605a4a0b7ad75c5971bc02f58356803ad20fee9fa45,exact_group,exact,1
ral_2026_long_term_care_insurance_371_004,rd_2026_long_term_care_insurance_revenue_48_01_02_02_01_3645200000,2026_long_term_care_insurance_expenditure_41_02_01_01_01,2026_long_term_care_insurance_expenditure_41_02_01,long_term_care_insurance,要介護認定事務運営,要介護認定事務運営,753,371,735,matched,page_and_exact_name,not_available,,r8tousyoyosanallpage.pdf,"1 要介護認定事務(高齢福祉部) 494,142
充当事業:要介護認定事務運営・P753",target_page_account_and_exact_name_unique;page_offset=0,bpi_3a0875141d08f42fa407d21d644711b025b064479deb79d4f5fc4e0bd743cefd,exact_group,exact,1
ral_2026_long_term_care_insurance_371_005,rd_2026_long_term_care_insurance_revenue_48_01_02_02_02_3645200000,2026_long_term_care_insurance_expenditure_41_01_01_01_01,2026_long_term_care_insurance_expenditure_41_01_01,long_term_care_insurance,介護保険事業管理運営,介護保険事業管理運営,751,371,735,matched,page_and_exact_name,not_available,,r8tousyoyosanallpage.pdf,"2 一般管理(高齢福祉部) 575,325
充当事業:介護保険事業管理運営・P751",target_page_account_and_exact_name_unique;page_offset=0,bpi_13fb49e055f60cf49f91f04e2145186cfc2be48f83d7da5aa571554531b5833f,exact_group,exact,1
ral_2026_long_term_care_insurance_371_006,rd_2026_long_term_care_insurance_revenue_48_01_02_02_02_3645200000,2026_long_term_care_insurance_expenditure_46_01_01_01_05,2026_long_term_care_insurance_expenditure_46_01_01,long_term_care_insurance,会計年度任用職員の人件費(高齢福祉部),会計年度任用職員の人件費（高齢福祉部）,779,371,735,matched,page_and_normalized_name,not_available,,r8tousyoyosanallpage.pdf,"2 一般管理(高齢福祉部) 575,325
充当事業:会計年度任用職員の人件費(高齢福祉部)・P779",target_page_account_and_nfkc_name_unique;page_offset=0,bpi_1de52d007119b1a2e1e0fb259ffdae1d12e3f81262ff067d442ac0f305ed8001,exact_group,exact,1
ral_2026_long_term_care_insurance_371_007,rd_2026_long_term_care_insurance_revenue_48_01_02_02_05_3645200000,2026_long_term_care_insurance_expenditure_41_03_01_01_01,2026_long_term_care_insurance_expenditure_41_03_01,long_term_care_insurance,介護保険事業趣旨普及,介護保険事業趣旨普及,755,371,735,matched,page_and_exact_name,not_available,,r8tousyoyosanallpage.pdf,"5 趣旨普及(高齢福祉部) 4,205
充当事業:介護保険事業趣旨普及・P755",target_page_account_and_exact_name_unique;page_offset=0,bpi_81fe65a4531c47eeff195a46862131ab3fd608a7822c522cf6eb0482b1b3b3f7,exact_group,exact,1
ral_2026_long_term_care_insurance_371_008,rd_2026_long_term_care_insurance_revenue_48_01_02_02_09_3645200000,2026_long_term_care_insurance_expenditure_41_01_01_01_04,2026_long_term_care_insurance_expenditure_41_01_01,long_term_care_insurance,資格管理・賦課・収納事務,資格管理・賦課・収納事務,751,371,735,matched,page_and_exact_name,not_available,,r8tousyoyosanallpage.pdf,"9 資格管理・賦課・収納事務(高齢福祉部) 42,524
充当事業:資格管理・賦課・収納事務・P751",target_page_account_and_exact_name_unique;page_offset=0,bpi_14ecfdbbe9dbb3107004ffa8144d3bf0b91f75fc59422763fe891f9e30908b73,exact_group,exact,1
ral_2026_long_term_care_insurance_371_009,rd_2026_long_term_care_insurance_revenue_48_01_02_03_01_3645200000,2026_long_term_care_insurance_expenditure_48_01_04_01_02,2026_long_term_care_insurance_expenditure_48_01_04,long_term_care_insurance,第1号被保険者保険料還付加算金,第１号被保険者保険料還付加算金,781,371,735,matched,page_and_normalized_name,not_available,,r8tousyoyosanallpage.pdf,"1 第1号被保険者保険料還付加算金(高齢福祉部) 20
充当事業:第1号被保険者保険料還付加算金・P781",target_page_account_and_nfkc_name_unique;page_offset=0,bpi_b7e625102a751f2f6311d6adeab59d8ff4ef12d43c02952d239856b59ae7ff66,exact_group,exact,1
ral_2026_long_term_care_insurance_371_010,rd_2026_long_term_care_insurance_revenue_48_01_04_01_01_3645300000,2026_long_term_care_insurance_expenditure_49_02_01_01_01,2026_long_term_care_insurance_expenditure_49_02_01,long_term_care_insurance,地域包括支援センター運営委託,地域包括支援センター運営委託,785,371,735,matched,page_and_exact_name,not_available,,r8tousyoyosanallpage.pdf,"1 地域包括支援センター運営委託(高齢福祉部) 7,402
充当事業:地域包括支援センター運営委託・P785",target_page_account_and_exact_name_unique;page_offset=0,bpi_6ad80e7fbab6af3c02453a6ec51a29b472217766ac3d78c472796bdcc33c55b2,exact_group,exact,1
ral_2026_long_term_care_insurance_371_011,rd_2026_long_term_care_insurance_revenue_48_01_04_01_04_3645100000,2026_long_term_care_insurance_expenditure_49_02_02_01_03,2026_long_term_care_insurance_expenditure_49_02_02,long_term_care_insurance,高齢者おむつ支給,高齢者おむつ支給,785,371,735,matched,page_and_exact_name,not_available,,r8tousyoyosanallpage.pdf,"4 高齢者おむつ支給(高齢福祉部) 35,008
充当事業:高齢者おむつ支給・P785",target_page_account_and_exact_name_unique;page_offset=0,bpi_c819a60602282a711e9933e2fd46c189c7840e6d8cc381b6b41b5a76cc3231fe,exact_group,exact,1
ral_2026_long_term_care_insurance_371_012,rd_2026_long_term_care_insurance_revenue_48_01_04_01_06_3645100000,2026_long_term_care_insurance_expenditure_49_02_02_01_05,2026_long_term_care_insurance_expenditure_49_02_02,long_term_care_insurance,住宅改修アドバイザー派遣,住宅改修アドバイザー派遣,785,371,735,matched,page_and_exact_name,not_available,,r8tousyoyosanallpage.pdf,"6 住宅改修アドバイザー派遣(高齢福祉部) 280
充当事業:住宅改修アドバイザー派遣・P785",target_page_account_and_exact_name_unique;page_offset=0,bpi_163cf52aba9296b08e531463eb545b618ae169a7da91720600e923c22456fda4,exact_group,exact,1
ral_2026_long_term_care_insurance_371_013,rd_2026_long_term_care_insurance_revenue_48_01_04_01_07_3645200000,2026_long_term_care_insurance_expenditure_49_02_02_01_06,2026_long_term_care_insurance_expenditure_49_02_02,long_term_care_insurance,介護給付適正化事業,介護給付適正化事業,785,371,735,matched,page_and_exact_name,not_available,,r8tousyoyosanallpage.pdf,"7 介護給付適正化事業(高齢福祉部) 653
充当事業:介護給付適正化事業・P785",target_page_account_and_exact_name_unique;page_offset=0,bpi_39e66fb21538fbc5384a56310a72c84a7073e0a2721fac132a7c79fe44006e9e,exact_group,exact,1
ral_2026_long_term_care_insurance_371_014,rd_2026_long_term_care_insurance_revenue_48_01_04_01_14_3645300000,2026_long_term_care_insurance_expenditure_49_02_01_01_03,2026_long_term_care_insurance_expenditure_49_02_01,long_term_care_insurance,認知症包括支援事業,認知症包括支援事業,785,371,735,matched,page_and_exact_name,not_available,,r8tousyoyosanallpage.pdf,"14 認知症包括支援事業(高齢福祉部) 10,281
充当事業:認知症包括支援事業・P785",target_page_account_and_exact_name_unique;page_offset=0,bpi_5850d1e5a4e956262686f8db6117c7d94d3ae64c56a46940679cbd41409ba281,exact_group,exact,1
ral_2026_long_term_care_insurance_371_015,rd_2026_long_term_care_insurance_revenue_48_01_04_01_15_3645300000,2026_long_term_care_insurance_expenditure_49_02_02_01_10,2026_long_term_care_insurance_expenditure_49_02_02,long_term_care_insurance,認知症ケア推進事業,認知症ケア推進事業,787,371,735,matched,page_and_exact_name,not_available,,r8tousyoyosanallpage.pdf,"15 認知症ケア推進事業(高齢福祉部) 7,027
充当事業:認知症ケア推進事業・P787",target_page_account_and_exact_name_unique;page_offset=2,bpi_6864087d9ac3df47340f361257aa1e8c26f24ef490cbce00b4aa79e9cc22ba0b,exact_group,exact,1
ral_2026_long_term_care_insurance_371_016,rd_2026_long_term_care_insurance_revenue_48_01_04_01_17_3595150000,2026_long_term_care_insurance_expenditure_49_02_01_01_05,2026_long_term_care_insurance_expenditure_49_02_01,long_term_care_insurance,在宅医療・介護連携推進事業,在宅医療・介護連携推進事業,785,371,735,matched,page_and_exact_name,not_available,,r8tousyoyosanallpage.pdf,"17 在宅医療・介護連携推進事業(保健福祉政策部) 15,432
充当事業:在宅医療・介護連携推進事業・P785",target_page_account_and_exact_name_unique;page_offset=0,bpi_cb11731fa879eed02b417923e076978c444d67ae28a64fd45bab289f8c68f0a3,exact_group,exact,1
ral_2026_long_term_care_insurance_371_017,rd_2026_long_term_care_insurance_revenue_48_01_04_01_18_3645200000,2026_long_term_care_insurance_expenditure_49_02_02_01_11,2026_long_term_care_insurance_expenditure_49_02_02,long_term_care_insurance,家族介護支援事業,家族介護支援事業,787,371,735,matched,page_and_exact_name,not_available,,r8tousyoyosanallpage.pdf,"18 家族介護支援事業(高齢福祉部) 784
充当事業:家族介護支援事業・P787",target_page_account_and_exact_name_unique;page_offset=2,bpi_350e7024d522abf084257e6c43444e5dcefbdf1df200cb386513f7e52709a03f,exact_group,exact,1
ral_2026_long_term_care_insurance_371_018,rd_2026_long_term_care_insurance_revenue_48_01_04_01_19_3595200000,2026_long_term_care_insurance_expenditure_49_02_02_01_12,2026_long_term_care_insurance_expenditure_49_02_02,long_term_care_insurance,成年後見報酬助成,成年後見報酬助成,787,371,735,matched,page_and_exact_name,not_available,,r8tousyoyosanallpage.pdf,"19 成年後見制度(保健福祉政策部) 4,689
充当事業:成年後見報酬助成・P787",target_page_account_and_exact_name_unique;page_offset=2,bpi_0dfb8c5e972e73a6a5c8bfc3451c3c97b829e1bae009faa69c56b4e0899b74e0,exact_group,exact,1
ral_2026_long_term_care_insurance_371_019,rd_2026_long_term_care_insurance_revenue_48_01_04_01_20_3645100000,2026_long_term_care_insurance_expenditure_49_02_02_01_13,2026_long_term_care_insurance_expenditure_49_02_02,long_term_care_insurance,高齢者安心コール,高齢者安心コール,787,371,735,matched,page_and_exact_name,not_available,,r8tousyoyosanallpage.pdf,"20 高齢者安心コール(高齢福祉部) 7,412
充当事業:高齢者安心コール・P787",target_page_account_and_exact_name_unique;page_offset=2,bpi_7eef77dbfc3f9ce5478a03faff86c91fbefc7b64a6f6b94f2bcb0079f6756a23,exact_group,exact,1
ral_2026_long_term_care_insurance_371_020,rd_2026_long_term_care_insurance_revenue_48_01_05_01_05_3645300000,2026_long_term_care_insurance_expenditure_49_03_01_01_06,2026_long_term_care_insurance_expenditure_49_03_01,long_term_care_insurance,サービス・活動事業,サービス・活動事業,789,371,735,matched,page_and_exact_name,not_available,,r8tousyoyosanallpage.pdf,"5 サービス・活動事業(高齢福祉部) 31,204
充当事業:サービス・活動事業・P789",target_page_account_and_exact_name_unique;page_offset=0,bpi_7b131f4de76f3f4dccf996785b67622db5b130d7c116eb23fd4c49740dc57596,exact_group,exact,1
ral_2026_long_term_care_insurance_371_021,rd_2026_long_term_care_insurance_revenue_48_01_05_01_07_3645200000,2026_long_term_care_insurance_expenditure_49_03_01_01_08,2026_long_term_care_insurance_expenditure_49_03_01,long_term_care_insurance,高額介護サービス費相当等事業費,高額介護サービス費相当等事業費,789,371,735,matched,page_and_exact_name,not_available,,r8tousyoyosanallpage.pdf,"7 高額介護サービス費相当等事業費(高齢福祉部) 1,247
充当事業:高額介護サービス費相当等事業費・P789",target_page_account_and_exact_name_unique;page_offset=0,bpi_3362376aeeeaf6fbcc1c4fd8465b3c1cf240b2455c2a9557d65f9ac7ebbd5af3,exact_group,exact,1
ral_2026_long_term_care_insurance_372_001,rd_2026_long_term_care_insurance_revenue_48_01_05_01_08_3645300000,2026_long_term_care_insurance_expenditure_49_03_01_01_05,2026_long_term_care_insurance_expenditure_49_03_01,long_term_care_insurance,一般介護予防事業,一般介護予防事業,789,372,737,matched,page_and_exact_name,not_available,,r8tousyoyosanallpage.pdf,"8 一般介護予防事業(高齢福祉部) 27,998
充当事業:一般介護予防事業・P789",target_page_account_and_exact_name_unique;page_offset=0,bpi_9aa29a81195366086b47888f03521abd0e30363ba6eeba778366f565cfa02afc,exact_group,exact,1
ral_2026_long_term_care_insurance_372_002,rd_2026_long_term_care_insurance_revenue_48_01_05_01_10_3645200000,2026_long_term_care_insurance_expenditure_49_03_01_01_09,2026_long_term_care_insurance_expenditure_49_03_01,long_term_care_insurance,総合事業指定事業者実施サービス等諸費,総合事業指定事業者実施サービス等諸費,789,372,737,matched,page_and_exact_name,not_available,,r8tousyoyosanallpage.pdf,"10 総合事業指定事業者実施サービス等諸費(高齢福祉部) 160,679
充当事業:総合事業指定事業者実施サービス等諸費・P789",target_page_account_and_exact_name_unique;page_offset=0,bpi_fc7fb4925f2b99a3ae501dc2856ec0f0f72494b7ae0ef4f4a6473dd400ae4c25,exact_group,exact,1
ral_2026_long_term_care_insurance_372_003,rd_2026_long_term_care_insurance_revenue_48_01_06_01_01_3645200000,2026_long_term_care_insurance_expenditure_42_01_01_01_01,2026_long_term_care_insurance_expenditure_42_01_01,long_term_care_insurance,居宅介護サービス給付費,居宅介護サービス給付費,759,372,737,matched,page_and_exact_name,not_available,,r8tousyoyosanallpage.pdf,"1 低所得者保険料軽減繰入金(高齢福祉部) 532,902
充当事業:居宅介護サービス給付費・P759",target_page_account_and_exact_name_unique;page_offset=0,bpi_2db802acb93f9799cf0425ffaff069f420a030e6081e227256bdd4cc19f71880,exact_group,exact,1
ral_2026_long_term_care_insurance_373_001,rd_2026_long_term_care_insurance_revenue_48_02_01_01_01_3645200000,2026_long_term_care_insurance_expenditure_42_01_01_01_01,2026_long_term_care_insurance_expenditure_42_01_01,long_term_care_insurance,居宅介護サービス給付費,居宅介護サービス給付費,759,373,739,matched,page_and_exact_name,not_available,,r8tousyoyosanallpage.pdf,"1 居宅介護サービス給付費(高齢福祉部) 2,776,668
充当事業:居宅介護サービス給付費・P759",target_page_account_and_exact_name_unique;page_offset=0,bpi_2db802acb93f9799cf0425ffaff069f420a030e6081e227256bdd4cc19f71880,exact_group,exact,1
ral_2026_long_term_care_insurance_374_001,rd_2026_long_term_care_insurance_revenue_49_01_01_01_10_3645200000,2026_long_term_care_insurance_expenditure_48_01_04_01_01,2026_long_term_care_insurance_expenditure_48_01_04,long_term_care_insurance,第1号被保険者保険料還付金,第１号被保険者保険料還付金,781,374,741,matched,page_and_normalized_name,not_available,,r8tousyoyosanallpage.pdf,"10 第1号被保険者保険料還付金(高齢福祉部) 1
充当事業:第1号被保険者保険料還付金・P781",target_page_account_and_nfkc_name_unique;page_offset=0,bpi_154d5abacbbee603eb0df66bb6fef5df3d42bb779bf474cd1b2ae02ce09b43ef,exact_group,exact,1
ral_2026_long_term_care_insurance_374_002,rd_2026_long_term_care_insurance_revenue_49_01_01_01_11_3645200000,2026_long_term_care_insurance_expenditure_48_01_04_01_03,2026_long_term_care_insurance_expenditure_48_01_04,long_term_care_insurance,第1号被保険者保険料延滞金還付金,第１号被保険者保険料延滞金還付金,781,374,741,matched,page_and_normalized_name,not_available,,r8tousyoyosanallpage.pdf,"11 第1号被保険者保険料延滞金還付金(高齢福祉部) 1
充当事業:第1号被保険者保険料延滞金還付金・P781",target_page_account_and_nfkc_name_unique;page_offset=0,bpi_5a72cd8ace6757e0c9906de4480eabc47da25e21007cc5da4d6b34b8c61d7246,exact_group,exact,1
ral_2026_long_term_care_insurance_375_001,rd_2026_long_term_care_insurance_revenue_50_01_01_01_01_3645200000,2026_long_term_care_insurance_expenditure_42_01_01_01_01,2026_long_term_care_insurance_expenditure_42_01_01,long_term_care_insurance,居宅介護サービス給付費,居宅介護サービス給付費,759,375,743,matched,page_and_exact_name,not_available,,r8tousyoyosanallpage.pdf,"1 居宅介護サービス給付費(高齢福祉部) 732
充当事業:居宅介護サービス給付費・P759",target_page_account_and_exact_name_unique;page_offset=0,bpi_2db802acb93f9799cf0425ffaff069f420a030e6081e227256bdd4cc19f71880,exact_group,exact,1
ral_2026_long_term_care_insurance_375_002,rd_2026_long_term_care_insurance_revenue_50_01_03_01_01_3645200000,2026_long_term_care_insurance_expenditure_42_01_01_01_01,2026_long_term_care_insurance_expenditure_42_01_01,long_term_care_insurance,居宅介護サービス給付費,居宅介護サービス給付費,759,375,743,matched,page_and_exact_name,not_available,,r8tousyoyosanallpage.pdf,"1 居宅介護サービス給付金(高齢福祉部) 1
充当事業:居宅介護サービス給付費・P759",target_page_account_and_exact_name_unique;page_offset=0,bpi_2db802acb93f9799cf0425ffaff069f420a030e6081e227256bdd4cc19f71880,exact_group,exact,1
ral_2026_long_term_care_insurance_375_003,rd_2026_long_term_care_insurance_revenue_50_01_03_01_02_3645200000,2026_long_term_care_insurance_expenditure_42_01_02_01_01,2026_long_term_care_insurance_expenditure_42_01_02,long_term_care_insurance,施設介護サービス給付費,施設介護サービス給付費,759,375,743,matched,page_and_exact_name,not_available,,r8tousyoyosanallpage.pdf,"2 施設介護サービス給付金(高齢福祉部) 1
充当事業:施設介護サービス給付費・P759",target_page_account_and_exact_name_unique;page_offset=0,bpi_410f0facb2eb342260a09886015821489a5a8261e9023f69f3aa2f7e77696221,exact_group,exact,1
ral_2026_long_term_care_insurance_376_001,rd_2026_long_term_care_insurance_revenue_50_02_01_01_01_3645200000,2026_long_term_care_insurance_expenditure_41_01_01_01_01,2026_long_term_care_insurance_expenditure_41_01_01,long_term_care_insurance,介護保険事業管理運営,介護保険事業管理運営,751,376,745,matched,page_and_exact_name,not_available,,r8tousyoyosanallpage.pdf,"1 一般管理(高齢福祉部) 1
充当事業:介護保険事業管理運営・P751",target_page_account_and_exact_name_unique;page_offset=0,bpi_13fb49e055f60cf49f91f04e2145186cfc2be48f83d7da5aa571554531b5833f,exact_group,exact,1
ral_2026_long_term_care_insurance_377_001,rd_2026_long_term_care_insurance_revenue_50_04_02_01_01_3645200000,2026_long_term_care_insurance_expenditure_42_01_01_01_01,2026_long_term_care_insurance_expenditure_42_01_01,long_term_care_insurance,居宅介護サービス給付費,居宅介護サービス給付費,759,377,747,matched,page_and_exact_name,not_available,,r8tousyoyosanallpage.pdf,"1 第三者納付金(高齢福祉部) 1
充当事業:居宅介護サービス給付費・P759",target_page_account_and_exact_name_unique;page_offset=0,bpi_2db802acb93f9799cf0425ffaff069f420a030e6081e227256bdd4cc19f71880,exact_group,exact,1
ral_2026_long_term_care_insurance_377_002,rd_2026_long_term_care_insurance_revenue_50_04_02_01_09_3645200000,2026_long_term_care_insurance_expenditure_42_01_02_01_01,2026_long_term_care_insurance_expenditure_42_01_02,long_term_care_insurance,施設介護サービス給付費,施設介護サービス給付費,759,377,747,matched,page_and_exact_name,not_available,,r8tousyoyosanallpage.pdf,"9 施設介護サービス給付費(高齢福祉部) 1
充当事業:施設介護サービス給付費・P759",target_page_account_and_exact_name_unique;page_offset=0,bpi_410f0facb2eb342260a09886015821489a5a8261e9023f69f3aa2f7e77696221,exact_group,exact,1
ral_2026_long_term_care_insurance_377_003,rd_2026_long_term_care_insurance_revenue_50_04_03_01_01_3645200000,2026_long_term_care_insurance_expenditure_42_01_01_01_01,2026_long_term_care_insurance_expenditure_42_01_01,long_term_care_insurance,居宅介護サービス給付費,居宅介護サービス給付費,759,377,747,matched,page_and_exact_name,not_available,,r8tousyoyosanallpage.pdf,"1 居宅介護サービス給付費(高齢福祉部) 1
充当事業:居宅介護サービス給付費・P759",target_page_account_and_exact_name_unique;page_offset=0,bpi_2db802acb93f9799cf0425ffaff069f420a030e6081e227256bdd4cc19f71880,exact_group,exact,1
ral_2026_long_term_care_insurance_377_004,rd_2026_long_term_care_insurance_revenue_50_04_03_01_02_3645200000,2026_long_term_care_insurance_expenditure_42_01_02_01_01,2026_long_term_care_insurance_expenditure_42_01_02,long_term_care_insurance,施設介護サービス給付費,施設介護サービス給付費,759,377,747,matched,page_and_exact_name,not_available,,r8tousyoyosanallpage.pdf,"2 施設介護サービス給付費(高齢福祉部) 1
充当事業:施設介護サービス給付費・P759",target_page_account_and_exact_name_unique;page_offset=0,bpi_410f0facb2eb342260a09886015821489a5a8261e9023f69f3aa2f7e77696221,exact_group,exact,1
ral_2026_long_term_care_insurance_377_005,rd_2026_long_term_care_insurance_revenue_50_04_04_01_17_3645300000,2026_long_term_care_insurance_expenditure_49_03_01_01_06,2026_long_term_care_insurance_expenditure_49_03_01,long_term_care_insurance,サービス・活動事業,サービス・活動事業,789,377,747,matched,page_and_exact_name,not_available,,r8tousyoyosanallpage.pdf,"17 介護予防ケアマネジメント費返還金(高齢福祉部) 1
充当事業:サービス・活動事業・P789",target_page_account_and_exact_name_unique;page_offset=0,bpi_7b131f4de76f3f4dccf996785b67622db5b130d7c116eb23fd4c49740dc57596,exact_group,exact,1
ral_2026_long_term_care_insurance_377_006,rd_2026_long_term_care_insurance_revenue_50_04_05_01_03_3205500000,2026_long_term_care_insurance_expenditure_46_01_01_01_02,2026_long_term_care_insurance_expenditure_46_01_01,long_term_care_insurance,介護保険事業会計関係事務従事職員の人件費,介護保険事業会計関係事務従事職員の人件費,779,377,747,matched,page_and_exact_name,not_available,,r8tousyoyosanallpage.pdf,"3 再任用職員社会保険料(介保)(総務部) 29
充当事業:介護保険事業会計関係事務従事職員の人件費・P779",target_page_account_and_exact_name_unique;page_offset=0,bpi_b627759ff8603415f1cc7bebe824d4977292d26253baeea8825cafd7f703a0a3,exact_group,exact,1
ral_2026_long_term_care_insurance_377_007,rd_2026_long_term_care_insurance_revenue_50_04_05_01_08_3645100000,2026_long_term_care_insurance_expenditure_46_01_01_01_05,2026_long_term_care_insurance_expenditure_46_01_01,long_term_care_insurance,会計年度任用職員の人件費(高齢福祉部),会計年度任用職員の人件費（高齢福祉部）,779,377,747,matched,page_and_normalized_name,not_available,,r8tousyoyosanallpage.pdf,"8 会計年度任用職員社会保険料(高齢福祉部)(高齢福祉部) 31,657
充当事業:会計年度任用職員の人件費(高齢福祉部)・P779",target_page_account_and_nfkc_name_unique;page_offset=0,bpi_1de52d007119b1a2e1e0fb259ffdae1d12e3f81262ff067d442ac0f305ed8001,exact_group,exact,1
