budget_program_identity_id,fiscal_year,account_code,account_name,budget_item_key,display_program_name,normalized_program_name,department_name,normalized_department_name,candidate_budget_book_pages,total_amount_thousand_yen,member_group_count,source_type
bpi_86a32a08be06c3b67e6347e816654ab2bc49c7c4b328d291d4017edf5b27af47,2026,general,一般会計,2026_general_expenditure_01_01_01,区議会広報活動,区議会広報活動,区議会事務局,区議会事務局,311,30585,1,derived
bpi_11dd0e89051d2e86eaa5aa73df4bc28c38ef95c5893237dd1cd35e227b3f48a5,2026,general,一般会計,2026_general_expenditure_01_01_01,区議会議員報酬,区議会議員報酬,区議会事務局,区議会事務局,311,693041,1,derived
bpi_57a13f31b29af405297fb1b3c6cec0975cd2c3870a34a670d0d325c872039eb9,2026,general,一般会計,2026_general_expenditure_01_01_01,議会活動,議会活動,区議会事務局,区議会事務局,311,46927,1,derived
bpi_9191ca3ce125f46a4f691cbbee2210ee57898959123f4b4cfdd6c8228aacee80,2026,general,一般会計,2026_general_expenditure_02_01_01,こども誰でも通園制度,こども誰でも通園制度,子若＊子ども・若者支援課,子若*子ども・若者支援課,317,14782,1,derived
bpi_57edb89dad5456c5c847cfa615934c7cde7522477fbb7e096853489a4575c3d9,2026,general,一般会計,2026_general_expenditure_02_01_01,世田谷区公報発行、区例規類集等発行,世田谷区公報発行、区例規類集等発行,総務＊区政情報課,総務*区政情報課,317,11539,1,derived
bpi_08ae1d748b1ee868292b3a787124ef3fa29e79976e63296769ea3b2166f1318a,2026,general,一般会計,2026_general_expenditure_02_01_01,世田谷区政務活動費,世田谷区政務活動費,総務＊総務課,総務*総務課,317,144000,1,derived
bpi_7630a70b508d202ccf13818045853cc05a2d337540c69f0b7d20cd34abbab3f1,2026,general,一般会計,2026_general_expenditure_02_01_01,供用物品整備,供用物品整備,会計＊会計課,会計*会計課,317,12045,1,derived
bpi_edea666e29fce2c27b5d8a034813a1a80ac0d58a6f9cd6a20478ca9497387c20,2026,general,一般会計,2026_general_expenditure_02_01_01,分庁舎維持管理,分庁舎維持管理,庁舎＊庁舎管理担当課,庁舎*庁舎管理担当課,317,388395,1,derived
bpi_7ebf000323269f12256039f617ca431644c026d4482c54a3d16431ce231829a8,2026,general,一般会計,2026_general_expenditure_02_01_01,区政情報センター運営,区政情報センター運営,総務＊区政情報課,総務*区政情報課,317,30786,1,derived
bpi_eb3584c4d1b99d8c671528eba30e5c31a562164c94be2ca42061b6e470fdf3a3,2026,general,一般会計,2026_general_expenditure_02_01_01,区長室庶務事務,区長室庶務事務,区長室＊秘書課,区長室*秘書課,317,9655,1,derived
bpi_634dd74a4f1b77d53a7dc981335d65b2b6d6ccbbdd28ba929449aebf92b6364c,2026,general,一般会計,2026_general_expenditure_02_01_01,外国人学校児童・生徒保護者補助金交付,外国人学校児童・生徒保護者補助金交付,子若＊子ども・若者支援課,子若*子ども・若者支援課,317,2688,1,derived
bpi_7372066f3b2585831e8ea17223b26aa406c3af2d5321f795ea3e14f96449b59a,2026,general,一般会計,2026_general_expenditure_02_01_01,奨学資金等貸付,奨学資金等貸付,子若＊子ども・若者支援課,子若*子ども・若者支援課,317,1235,1,derived
bpi_af5820d34e77747dc1e1b398ef1d8df6a4555122426cae2ea8d9858d5a3de7b7,2026,general,一般会計,2026_general_expenditure_02_01_01,安全衛生活動の推進,安全衛生活動の推進,総務＊職員厚生課,総務*職員厚生課,317,968,1,derived
bpi_a97a9714db6992f636854c0fe3bd453f2b8e9186dcb3fdb75bb8b3da3a20f44e,2026,general,一般会計,2026_general_expenditure_02_01_01,専修学校・各種学校等指導助成,専修学校・各種学校等指導助成,子若＊子ども・若者支援課,子若*子ども・若者支援課,317,300,1,derived
bpi_60a587e691dd04459ad8a5e4fcaa0b7defc46a0ba81812c84bc7dccdebc642f8,2026,general,一般会計,2026_general_expenditure_02_01_01,幼稚園類似幼児施設助成,幼稚園類似幼児施設助成,子若＊子ども・若者支援課,子若*子ども・若者支援課,317,10325,1,derived
bpi_d4881f3bfc2a764f0171b226eb5984961a442510630b7f43b2649f3b617d775f,2026,general,一般会計,2026_general_expenditure_02_01_01,庁舎等建設等基金積立金,庁舎等建設等基金積立金,総務＊総務課,総務*総務課,317,161031,1,derived
bpi_c34fb87998d2beb1da3e5e8011a45c4cf624372d28878d78816749aacd40fd45,2026,general,一般会計,2026_general_expenditure_02_01_01,庁舎維持管理,庁舎維持管理,庁舎＊庁舎管理担当課,庁舎*庁舎管理担当課,317,1549914,1,derived
bpi_59cbe2d128bcdecab6206dc99416f9ec8cf1ee502af8cd43a5336fccd8cf32d8,2026,general,一般会計,2026_general_expenditure_02_01_01,庁舎計画事務,庁舎計画事務,庁舎＊庁舎管理担当課,庁舎*庁舎管理担当課,317,1198843,1,derived
bpi_c1dbe9492909bc4cd3361221e04da7d95d8daf6a5c7d9f3d9322709457bd5b13,2026,general,一般会計,2026_general_expenditure_02_01_01,情報公開・個人情報保護制度運営等,情報公開・個人情報保護制度運営等,総務＊区政情報課,総務*区政情報課,317,3795,1,derived
bpi_ef95c3e4d0db52df014820f89bc385c190bbf471a5e2a3c40a2551a1ea437463,2026,general,一般会計,2026_general_expenditure_02_01_01,文書、物品搬送,文書、物品搬送,総務＊区政情報課,総務*区政情報課,317,39626,1,derived
bpi_e975d209f6e8586fb5ad05253ad5689f1b1e1305d1b296d540ac728bcb87084d,2026,general,一般会計,2026_general_expenditure_02_01_01,文書印刷,文書印刷,総務＊区政情報課,総務*区政情報課,317,20263,1,derived
bpi_7036fa7e885d9c8f4387376a78611c6a06c72c97d9650230ddefd9e2e676ebd5,2026,general,一般会計,2026_general_expenditure_02_01_01,文書管理、法務業務,文書管理、法務業務,総務＊区政情報課,総務*区政情報課,317,267780,1,derived
bpi_b1f8dd5b90dc1494a87acc2da82f5e8733d4de24583c25a8465e6e56b248e149,2026,general,一般会計,2026_general_expenditure_02_01_01,新年のつどい,新年のつどい,総務＊総務課,総務*総務課,317,11530,1,derived
bpi_8b06067c54cce20d2c74b7cb39260cbfbebd61bce682425c153a46e34dd7919e,2026,general,一般会計,2026_general_expenditure_02_01_01,本庁舎等整備工事,本庁舎等整備工事,庁舎＊庁舎管理担当課,庁舎*庁舎管理担当課,317,7479718,1,derived
bpi_f1201b719f167786c862093740160b5788a5d47a806ec8336c41f9536efb2766,2026,general,一般会計,2026_general_expenditure_02_01_01,東京都職員共済組合事務費負担金,東京都職員共済組合事務費負担金,総務＊職員厚生課,総務*職員厚生課,317,86584,1,derived
bpi_4768b60239ed261af699fc50926f51226470f609c69e946a69a7cd244edb48b4,2026,general,一般会計,2026_general_expenditure_02_01_01,東京都職員共済組合業務経理負担金,東京都職員共済組合業務経理負担金,総務＊職員厚生課,総務*職員厚生課,317,68780,1,derived
bpi_801ec82cda48cf5435c3c930ed4a0f0edcb2a1114c6660fa477eb1a2417b3963,2026,general,一般会計,2026_general_expenditure_02_01_01,特別区人事厚生事務組合分担金,特別区人事厚生事務組合分担金,総務＊総務課,総務*総務課,317,255281,1,derived
bpi_289ddd82ac235b1ec7aeb830f222bded2c6e45dce430f7998c7e4323904d9fdb,2026,general,一般会計,2026_general_expenditure_02_01_01,特別区協議会等分担金,特別区協議会等分担金,総務＊総務課,総務*総務課,317,5123,1,derived
bpi_1ea5d26a5705b2cd5e2cfd5555e5cd50ccd71be4edf5dc8dc7c1dc799c415ae4,2026,general,一般会計,2026_general_expenditure_02_01_01,特別職報酬等審議会運営,特別職報酬等審議会運営,総務＊総務課,総務*総務課,317,588,1,derived
bpi_2e1f71d6c0f847699f78be887847325286cb5d37b7a22e9bf35190a074737435,2026,general,一般会計,2026_general_expenditure_02_01_01,福利厚生事業,福利厚生事業,総務＊職員厚生課,総務*職員厚生課,317,16596,1,derived
bpi_6323d1189affa13d4d9e503a2ce90cfab9a50c6d3344c9dc7907eb9427748a8f,2026,general,一般会計,2026_general_expenditure_02_01_01,私立幼稚園での未就園児の定期的な預かり事業の推進,私立幼稚園での未就園児の定期的な預かり事業の推進,子若＊子ども・若者支援課,子若*子ども・若者支援課,317,0,1,derived
bpi_0d68b2845d3cfa8ac6b93548a051219bb6257778061290dbb1de8811b6564d28,2026,general,一般会計,2026_general_expenditure_02_01_01,私立幼稚園協会助成,私立幼稚園協会助成,子若＊子ども・若者支援課,子若*子ども・若者支援課,317,120340,1,derived
bpi_e640b3411585bc3a7b66cbbaad0d8f82314e4a7c5ca6dcaf0e277b5cbeee33d9,2026,general,一般会計,2026_general_expenditure_02_01_01,私立幼稚園指導助成,私立幼稚園指導助成,子若＊子ども・若者支援課,子若*子ども・若者支援課,317,886733,1,derived
bpi_bc20cb57bef4780e43e9670821fed1d0556079e9ee857c322001ea46097cdea2,2026,general,一般会計,2026_general_expenditure_02_01_01,総務部庶務事務,総務部庶務事務,総務＊総務課,総務*総務課,317,130815,1,derived
bpi_be4bd2e33434c2b558070b283398f7e6d65a264df464300f31948fa678904f7a,2026,general,一般会計,2026_general_expenditure_02_01_01,職員の健康保持推進,職員の健康保持推進,総務＊職員厚生課,総務*職員厚生課,317,270706,1,derived
bpi_6d099939d9a8a771046159ce8491122da77f332560e56a6fb0b03863a32bd951,2026,general,一般会計,2026_general_expenditure_02_01_01,職員・非常勤職員等公務災害補償,職員・非常勤職員等公務災害補償,総務＊職員厚生課,総務*職員厚生課,317,32967,1,derived
bpi_8b769ead5e9c69525e9f86ff0d79186d7878a05ee9a2f101702779a45df3a0ef,2026,general,一般会計,2026_general_expenditure_02_01_01,職員互助会事業補助,職員互助会事業補助,総務＊職員厚生課,総務*職員厚生課,317,89186,1,derived
bpi_2be3cfe804ab0e22557f5c86b1fbf3c3270105e0a7c3972f2cefb3b6c17d4d23,2026,general,一般会計,2026_general_expenditure_02_01_01,職員住宅改修,職員住宅改修,総務＊職員厚生課,総務*職員厚生課,317,1824,1,derived
bpi_0a37f0f974d2ad38a13f6fc23fd99231ceb6cbbf2f284b7bf577d1ecb387358f,2026,general,一般会計,2026_general_expenditure_02_01_01,職員住宅維持管理,職員住宅維持管理,総務＊職員厚生課,総務*職員厚生課,317,140214,1,derived
bpi_fd232747d54e2c8f27d869579c73a3e44e2188452f1e86826015273a15645e21,2026,general,一般会計,2026_general_expenditure_02_01_01,職員採用等事務,職員採用等事務,総務＊人事課,総務*人事課,317,407080,1,derived
bpi_b67b273bd33c8a1f4a3315532ed8823917ec870d393f8d79ec9030f64c5ef20d,2026,general,一般会計,2026_general_expenditure_02_01_01,職員研修,職員研修,総務＊研修担当課,総務*研修担当課,317,54421,1,derived
bpi_6eceaf598525e092b8ada7b9551a7806f606da2952a0b920fb02b2806ef580a4,2026,general,一般会計,2026_general_expenditure_02_01_01,被服貸与,被服貸与,総務＊職員厚生課,総務*職員厚生課,317,32421,1,derived
bpi_949224f77e552980b07caab411623bfab2d4d6f76a4e75fd4a3883b09f37f116,2026,general,一般会計,2026_general_expenditure_02_01_01,郵便管理事務,郵便管理事務,総務＊区政情報課,総務*区政情報課,317,171977,1,derived
bpi_44599ef398f856b2bfbfaa93833085d9c06b76be3a78680775caa022c2d7c544,2026,general,一般会計,2026_general_expenditure_02_01_01,非常勤職員等事務,非常勤職員等事務,総務＊人事課,総務*人事課,317,13871,1,derived
bpi_3464553d9d8c47ccc9a48080391cb29fb2d44e7256a25786bfd92d1c768dd694,2026,general,一般会計,2026_general_expenditure_02_01_02,ＦＭ放送,FM放送,政策＊広報広聴課,政策*広報広聴課,319,48441,1,derived
bpi_792d999f0bcce44df6e0a98ffc0686d4ac7561846f614ec3a7f28dd4acf89053,2026,general,一般会計,2026_general_expenditure_02_01_02,お問合せセンター運営,お問合せセンター運営,政策＊広報広聴課,政策*広報広聴課,319,131854,1,derived
bpi_6be01a354c49d1f568d25ef507acecf1c19daca25e56f35babc9a9cd1c75d545,2026,general,一般会計,2026_general_expenditure_02_01_02,区のおしらせ『せたがや』発行,区のおしらせ『せたがや』発行,政策＊広報広聴課,政策*広報広聴課,319,200331,1,derived
bpi_8a09d111d62cb3871fd6fe787520abf79fce7e10ec16bb893103a2164a4a45f6,2026,general,一般会計,2026_general_expenditure_02_01_02,区の取材及び報道事務,区の取材及び報道事務,政策＊広報広聴課,政策*広報広聴課,319,5085,1,derived
bpi_2ebebeafea2dd534586e4670e355f38f45018655c2390044a7e8840362d2b8f7,2026,general,一般会計,2026_general_expenditure_02_01_02,区政ＰＲ,区政PR,政策＊広報広聴課,政策*広報広聴課,319,22068,1,derived
bpi_94fb328addbfa734cd3b82cc62391984f95beadf03ec76e7d56f0df0242347fe,2026,general,一般会計,2026_general_expenditure_02_01_02,区民の声,区民の声,政策＊広報広聴課,政策*広報広聴課,319,9077,1,derived
bpi_01ddd512d803a87850cd0fd82cc345ec18c3ef27b85df5b2a5108fdab4720ed6,2026,general,一般会計,2026_general_expenditure_02_01_02,区民相談等事業運営,区民相談等事業運営,世支＊地域振興課,世支*地域振興課,319,19763,1,derived
bpi_9db8f67b717c011da3626b8024b1f00c9705b151a819e8e72833d7a4daa0fdc0,2026,general,一般会計,2026_general_expenditure_02_01_03,せたがや自治政策研究所の運営,せたがや自治政策研究所の運営,政策＊政策研究・調査課,政策*政策研究・調査課,319|321,9257,1,derived
bpi_3680173e66805d0858acc710fd6593076d09cc7867962a69c57c05dc22a04804,2026,general,一般会計,2026_general_expenditure_02_01_03,区史編さん事業,区史編さん事業,政策＊政策企画課,政策*政策企画課,319|321,18589,1,derived
bpi_ab9c693c25152019a3a510eaf52c1da92e1c4fa373af908d2f79d577713be496,2026,general,一般会計,2026_general_expenditure_02_01_03,大学連携事業,大学連携事業,政策＊政策研究・調査課,政策*政策研究・調査課,319|321,2666,1,derived
bpi_7fc4f682e389d5fa8757d40473bae890813bac22946d85e01f87adeec1405414,2026,general,一般会計,2026_general_expenditure_02_01_03,官民連携の推進,官民連携の推進,政策＊官民行政手法改革課,政策*官民行政手法改革課,319|321,27492,1,derived
bpi_1102199c3a7e3b90fcca04b6408c6b947880ec27fb1732112822ba5427868343,2026,general,一般会計,2026_general_expenditure_02_01_03,寄附文化の醸成,寄附文化の醸成,政策＊ふるさと納税対策課,政策*ふるさと納税対策課,319|321,345154,1,derived
bpi_d20f8dd995304ee1b4326a41cef4d4af14311b2709bd5313aa727099e18fd6a5,2026,general,一般会計,2026_general_expenditure_02_01_03,政策経営部庶務事務,政策経営部庶務事務,政策＊政策企画課,政策*政策企画課,319|321,43590,1,derived
bpi_6dbde2a8d407da3c8b892feeb0bc82d2051749fe27836d793dc3ca0bbf4e1d45,2026,general,一般会計,2026_general_expenditure_02_01_03,自治体間連携事業,自治体間連携事業,政策＊官民行政手法改革課,政策*官民行政手法改革課,319|321,372,1,derived
bpi_b2ce9144737eb694e75054758c454d6fbe7fd96e4097fc4af2a819b5a3ec749d,2026,general,一般会計,2026_general_expenditure_02_01_03,行政経営改革の推進,行政経営改革の推進,政策＊政策企画課,政策*政策企画課,319|321,16723,1,derived
bpi_81a10afcb54e0e9a1b40b312735f3b9f7971355805cba1571ea177a8c1adc892,2026,general,一般会計,2026_general_expenditure_02_01_03,計画行政の推進,計画行政の推進,政策＊政策企画課,政策*政策企画課,319|321,138883,1,derived
bpi_ace1668693b171d63707c4b9f73f12db4ab7f576aae72a53463e0c3c78b166fc,2026,general,一般会計,2026_general_expenditure_02_01_04,ＤＸ推進,DX推進,ＤＸ＊ＤＸ推進担当課,DX*DX推進担当課,321,58835,1,derived
bpi_fadf70dcc64395aeebe5ae2480de4a313ce8f1119b0c9185ae88bd950b75b2fa,2026,general,一般会計,2026_general_expenditure_02_01_04,システム開発及び改善,システム開発及び改善,ＤＸ＊ＤＸ推進担当課,DX*DX推進担当課,321,976475,1,derived
bpi_0f302cca256f2edd8d92abc04bed474bc2e7e7591d70fbbfef401ef4b2ea1564,2026,general,一般会計,2026_general_expenditure_02_01_04,事務センター改修,事務センター改修,ＤＸ＊ＤＸ推進担当課,DX*DX推進担当課,321,16370,1,derived
bpi_906a1028992801cdb02369beb0161be959ae7785666028bde3c67211400eeda4,2026,general,一般会計,2026_general_expenditure_02_01_04,事務センター維持,事務センター維持,ＤＸ＊ＤＸ推進担当課,DX*DX推進担当課,321,158941,1,derived
bpi_8200d57e93741aa8b0ce1486c4226edd5ab5d4ae972f8caa7f7f0d3cafe828d2,2026,general,一般会計,2026_general_expenditure_02_01_04,公衆無線ＬＡＮ環境整備事業,公衆無線LAN環境整備事業,ＤＸ＊ＤＸ推進担当課,DX*DX推進担当課,321,114323,1,derived
bpi_1accd222350bdb9f6be90ef20cec7890d84f0d5118de8a58f9aaa67ab17a8335,2026,general,一般会計,2026_general_expenditure_02_01_04,共通基盤システム運用,共通基盤システム運用,ＤＸ＊ＤＸ推進担当課,DX*DX推進担当課,321,6827329,1,derived
bpi_c8f71e18c243fb14f7f2387161d408a5dbaf9a28862c72b9dc2c824621dfe7e4,2026,general,一般会計,2026_general_expenditure_02_01_04,基幹業務システム運用,基幹業務システム運用,ＤＸ＊ＤＸ推進担当課,DX*DX推進担当課,321,2090298,1,derived
bpi_0cb7e983c1d9136ef5a28ea701736e9b27f40a8e32b773e0c7e97a1be33627fe,2026,general,一般会計,2026_general_expenditure_02_01_04,庁内電算機システム運用,庁内電算機システム運用,ＤＸ＊ＤＸ推進担当課,DX*DX推進担当課,321,3983515,1,derived
bpi_c9f7944a2ed29d9526e10ec92dc78abd95f6c561f58794e596f7876b2dd33d94,2026,general,一般会計,2026_general_expenditure_02_01_05,契約検査,契約検査,財務部＊経理課,財務部*経理課,321,8993,1,derived
bpi_6970561bbecf7067c386cadf9ee6f64650c7b8422b32d4756d67da91710cea5d,2026,general,一般会計,2026_general_expenditure_02_01_05,財政事務,財政事務,政策＊財政課,政策*財政課,321,936,1,derived
bpi_6ea27803ff54cc5d7833a00b0d668ec1025e93fe56e6e8c7281b616c2bab0e91,2026,general,一般会計,2026_general_expenditure_02_01_06,公共建築保全業務の推進,公共建築保全業務の推進,営繕＊公マネ課,営繕*公マネ課,321|323,960972,1,derived
bpi_09e43242953449024ee433e03f81e98c865ff22baa5b9eec70f913e1639cd073,2026,general,一般会計,2026_general_expenditure_02_01_06,区有財産管理,区有財産管理,財務部＊経理課,財務部*経理課,321|323,4308,1,derived
bpi_f48a780c75329db764d8ac87eba0cd6dfe353107844a86432df3bcb869e8c49b,2026,general,一般会計,2026_general_expenditure_02_01_06,施設営繕事務,施設営繕事務,営繕＊公マネ課,営繕*公マネ課,321|323,5798,1,derived
bpi_d887d3df9aed2fc8ad1ad391df345191226f7c8169c578f01c80a96cce72b748,2026,general,一般会計,2026_general_expenditure_02_01_06,用地事務,用地事務,財務＊用地課,財務*用地課,321|323,2027,1,derived
bpi_d90e2cd25587209d5ab3c88ac0efb0602867b32d7756816adc5e39fde54c2470,2026,general,一般会計,2026_general_expenditure_02_01_06,自治体総合賠償責任保険分担金,自治体総合賠償責任保険分担金,財務部＊経理課,財務部*経理課,321|323,19151,1,derived
bpi_562e82e24ef543ad19a29149103db89abd077301f1ce253a31df40ca44022409,2026,general,一般会計,2026_general_expenditure_02_01_06,財務部庶務事務,財務部庶務事務,財務部＊経理課,財務部*経理課,321|323,1772,1,derived
bpi_41863253eb00be299f2f893e6d0e8a7c264e977f419a8d7090b73ed0334f9136,2026,general,一般会計,2026_general_expenditure_02_01_06,財産評価委員会,財産評価委員会,財務部＊経理課,財務部*経理課,321|323,480,1,derived
bpi_8004fa9f72679d115c6aecae6016fa2e147053c6befbe7050ec9b0977a5dad1c,2026,general,一般会計,2026_general_expenditure_02_01_07,公用自動車の脱炭素化の推進,公用自動車の脱炭素化の推進,財務部＊経理課,財務部*経理課,323,147871,1,derived
bpi_5f299f217dfdb9b8265b0632e8c397b444fd7fdbbf509ebd3e74826ee208921f,2026,general,一般会計,2026_general_expenditure_02_01_07,車両維持運営,車両維持運営,財務部＊経理課,財務部*経理課,323,57295,1,derived
bpi_668268498ee012fdb3ae4edcd7de00b0d0d53e0334503e5051d0527fc8cdc364,2026,general,一般会計,2026_general_expenditure_02_01_08,会計室庶務事務,会計室庶務事務,会計＊会計課,会計*会計課,323,23490,1,derived
bpi_851cbc3f0a76e721ff9b3c26d645b93d67bd23a2b0492b5ff9f29cbe52982416,2026,general,一般会計,2026_general_expenditure_02_01_08,公金取扱手数料,公金取扱手数料,会計＊会計課,会計*会計課,323,218079,1,derived
bpi_046c7a8877a92e63510e000a76bf00238f30982119fd29d540a2d2d8352859c2,2026,general,一般会計,2026_general_expenditure_02_01_08,新公会計制度の推進,新公会計制度の推進,会計＊会計課,会計*会計課,323,990,1,derived
bpi_0342095b88060e967ae274ee6e2ee1e97debd297243cef51ce8fa26e1ec3d8e9,2026,general,一般会計,2026_general_expenditure_02_02_01,納税奨励,納税奨励,財務部＊課税課,財務部*課税課,325,956,1,derived
bpi_1648ec561aaef4f7d70cdf8751234084887a29cf35b91cd10e1dfcda64487bf0,2026,general,一般会計,2026_general_expenditure_02_02_01,納税意識啓発事業,納税意識啓発事業,財務部＊納税課,財務部*納税課,325,1226,1,derived
bpi_33e89cb42b3447c815f652a156d83aec3fbf81f2b7f156bd38dc0832c5023412,2026,general,一般会計,2026_general_expenditure_02_02_02,区税徴収,区税徴収,財務部＊納税課,財務部*納税課,325,214457,1,derived
bpi_d868092c0dfb0b8bba64746beb2be9cd5ccb1935b9c1ed4548ceb478bdd9c2c1,2026,general,一般会計,2026_general_expenditure_02_02_02,区税賦課,区税賦課,財務部＊課税課,財務部*課税課,325,515119,1,derived
bpi_2f1e8872fff93a4479b30a00bf63f5f32f63dfeaa853c7e9c5001677fcc79391,2026,general,一般会計,2026_general_expenditure_02_02_02,特別区税等歳出還付及加算金,特別区税等歳出還付及加算金,財務部＊納税課,財務部*納税課,325,650000,1,derived
bpi_2e566fd2f0ccb408d7bfaa68296fa51b599f9bc4f52d920690ad759974f523a5,2026,general,一般会計,2026_general_expenditure_02_03_01,ＤＶ防止・困難な問題を抱える女性支援事業,DV防止・困難な問題を抱える女性支援事業,生政＊人権男女共同参画課,生政*人権男女共同参画課,327,24858,1,derived
bpi_6d3fd00a2a1e9fd40c8112a7399f4319fba7768b0763dd4ea8fcbcc6acafd3c2,2026,general,一般会計,2026_general_expenditure_02_03_01,ふるさとまつり協賛（世田谷）,ふるさとまつり協賛(世田谷),世支＊地域振興課,世支*地域振興課,327,7087,1,derived
bpi_4c0364fd16219b65bd54e96d6fa4d4c62fb5019b2bf11b6d09220e4b9ad8e4a1,2026,general,一般会計,2026_general_expenditure_02_03_01,ふるさとまつり協賛（北沢）,ふるさとまつり協賛(北沢),北支＊地域振興課,北支*地域振興課,327,24874,1,derived
bpi_4da3f9778fb77adb826030b52af036d5bcf5e1a5803bc1cb319575fa69e0d85b,2026,general,一般会計,2026_general_expenditure_02_03_01,ふるさとまつり協賛（烏山）,ふるさとまつり協賛(烏山),烏支＊地域振興課,烏支*地域振興課,327,14868,1,derived
bpi_71e8606d34227b7bb924b7cd377157b0413de5b6e657d380cb8a8e1efcc9da02,2026,general,一般会計,2026_general_expenditure_02_03_01,ふるさとまつり協賛（玉川）,ふるさとまつり協賛(玉川),玉支＊地域振興課,玉支*地域振興課,327,1752,1,derived
bpi_a3407d11f055cf53920745ab64bec5a7b80b3355b34e13f1f2035605058d7f7f,2026,general,一般会計,2026_general_expenditure_02_03_01,ふるさとまつり協賛（砧）,ふるさとまつり協賛(砧),砧支＊地域振興課,砧支*地域振興課,327,792,1,derived
bpi_a420b0628c33d5e4adc2069e4f91788d6355d18724d9bfaa6d8fda43c48d3eff,2026,general,一般会計,2026_general_expenditure_02_03_01,まちづくり推進（世田谷）,まちづくり推進(世田谷),世支＊地域振興課,世支*地域振興課,327,10076,1,derived
bpi_2dde2589d7651acf73359e8c7cddc9f71ab4bd2049e88479555cede65faf785e,2026,general,一般会計,2026_general_expenditure_02_03_01,まちづくり推進（北沢）,まちづくり推進(北沢),北支＊地域振興課,北支*地域振興課,327,4287,1,derived
bpi_de1c4b386e37ecc85c336b6ea94c0978d5bf6b01ac76335203ebb6a94bb6fd55,2026,general,一般会計,2026_general_expenditure_02_03_01,まちづくり推進（烏山）,まちづくり推進(烏山),烏支＊地域振興課,烏支*地域振興課,327,1773,1,derived
bpi_22a5b9caa3933a41d050d606ff8910317281f2814d6fcf7daf91831ee02ed264,2026,general,一般会計,2026_general_expenditure_02_03_01,まちづくり推進（玉川）,まちづくり推進(玉川),玉支＊地域振興課,玉支*地域振興課,327,4521,1,derived
bpi_f4a178285cc0142b885528332852bfbf39b8336b006432890b57223219155aa7,2026,general,一般会計,2026_general_expenditure_02_03_01,まちづくり推進（砧）,まちづくり推進(砧),砧支＊地域振興課,砧支*地域振興課,327,2782,1,derived
bpi_ee9fa157fa2663b614b4dd4c935a67fcc3cd3e8e25a1c463fbec02dd7a6cad30,2026,general,一般会計,2026_general_expenditure_02_03_01,二十歳のつどい,二十歳のつどい,生政＊健康村・ふる交流課,生政*健康村・ふる交流課,327,14972,1,derived
bpi_0dc89eb2784d759b0c16006ac662d8861d8baa2ee9d2771591e8051c40e71132,2026,general,一般会計,2026_general_expenditure_02_03_01,人権推進事業,人権推進事業,生政＊人権男女共同参画課,生政*人権男女共同参画課,327,3244,1,derived
bpi_afdba6d6b7f65185e3ad3c4ef001bc70f47e8a044e464e699d0d024e3c3311c8,2026,general,一般会計,2026_general_expenditure_02_03_01,住居表示維持管理,住居表示維持管理,地行＊住民記録・戸籍課,地行*住民記録・戸籍課,327,6861,1,derived
bpi_1092f1db902642ec96cbe841da2ea005808cce8fc9ac64f4efc741b21fab437d,2026,general,一般会計,2026_general_expenditure_02_03_01,公共施設利用案内システム維持運営,公共施設利用案内システム維持運営,地域行政部＊地域行政課,地域行政部*地域行政課,327,105698,1,derived
bpi_ee7f752396b365521c62e9f692ea99c45859bd3bb3c1a6779c3e51ef5873203a,2026,general,一般会計,2026_general_expenditure_02_03_01,出張所広報,出張所広報,地域行政部＊地域行政課,地域行政部*地域行政課,327,10511,1,derived
bpi_da09386e17972d16fad2d9368ddf0a2bae003f4bee012d1fe6e2a2548181609a,2026,general,一般会計,2026_general_expenditure_02_03_01,北沢防犯協会（北沢）,北沢防犯協会(北沢),北支＊地域振興課,北支*地域振興課,327,1000,1,derived
bpi_c428fc69da6c8cc79ef71acd4bc1643c0bafcc9050050214320c02f3c21f62bf,2026,general,一般会計,2026_general_expenditure_02_03_01,区広報板維持管理,区広報板維持管理,地域行政部＊地域行政課,地域行政部*地域行政課,327,19441,1,derived
bpi_6f35480c5da2fc3bad7fbe1852d5a58b13bc3e4955e371f58e9dab945667f4e6,2026,general,一般会計,2026_general_expenditure_02_03_01,地域交流・まつり事業支援,地域交流・まつり事業支援,生政＊健康村・ふる交流課,生政*健康村・ふる交流課,327,134512,1,derived
bpi_c990abc7a8b17a6c486db70f9d26bad01fc087db30065c9c949be1deee3925b7,2026,general,一般会計,2026_general_expenditure_02_03_01,地域包括ケア地区展開調整事務,地域包括ケア地区展開調整事務,地域行政部＊地域行政課,地域行政部*地域行政課,327,698,1,derived
bpi_b051c4cdb0c4e43a7ce7078ca320e584c3cb818dce99782c29ddc02557f436b1,2026,general,一般会計,2026_general_expenditure_02_03_01,地域活動推進（世田谷）,地域活動推進(世田谷),世支＊地域振興課,世支*地域振興課,327,721,1,derived
bpi_4a24153286d0f0671715ca14edb59223404ff1cba6044c2e7c06abe3658ada30,2026,general,一般会計,2026_general_expenditure_02_03_01,地域活動推進（北沢）,地域活動推進(北沢),北支＊地域振興課,北支*地域振興課,327,1092,1,derived
bpi_060f11a3d9301a2326a76da86ba1dd949a99f4ce9928cdaab74aaf34c62ac0cd,2026,general,一般会計,2026_general_expenditure_02_03_01,地域活動推進（烏山）,地域活動推進(烏山),烏支＊地域振興課,烏支*地域振興課,327,370,1,derived
bpi_9b5cb7a3890875f4695664a27d7c4187228df9f2922c1430b141f9da3335e5db,2026,general,一般会計,2026_general_expenditure_02_03_01,地域活動推進（玉川）,地域活動推進(玉川),玉支＊地域振興課,玉支*地域振興課,327,667,1,derived
bpi_f32ea21cc1eaaf7a9aac883e789551452745d41b24d873a87c36675e7701edf0,2026,general,一般会計,2026_general_expenditure_02_03_01,地域活動推進（砧）,地域活動推進(砧),砧支＊地域振興課,砧支*地域振興課,327,523,1,derived
bpi_833853ba9dc7b8d5cda0fab7f75eec85af4b4f89d2b190ae1d850c494d352a52,2026,general,一般会計,2026_general_expenditure_02_03_01,地域行政部庶務事務,地域行政部庶務事務,地域行政部＊地域行政課,地域行政部*地域行政課,327,20551,1,derived
bpi_c53c3defecbf06fe556b04bf7ac898c4dd9dca0d7a4a09ae3ba1cb2b534455e7,2026,general,一般会計,2026_general_expenditure_02_03_01,多摩川花火大会,多摩川花火大会,砧支＊地域振興課,砧支*地域振興課,327,274971,1,derived
bpi_2b0d8b22fad33737b15e4d1eb16ef14f3929f286f4375276c12dc8cda7ace7a7,2026,general,一般会計,2026_general_expenditure_02_03_01,安全安心まちづくりの推進,安全安心まちづくりの推進,危管＊地域生活安全課,危管*地域生活安全課,327,517917,1,derived
bpi_af9c9e3c46194f036673b2415ebb968f01bd99cba23445e52b0b9639c67c1b63,2026,general,一般会計,2026_general_expenditure_02_03_01,市民活動の促進,市民活動の促進,生政＊市民活動推進課,生政*市民活動推進課,327,24300,1,derived
bpi_86e9efa116a24c24a300a10b4cbe34778846bd4a7f2f9af4d97e1e21676b3a82,2026,general,一般会計,2026_general_expenditure_02_03_01,平和資料館維持運営,平和資料館維持運営,生政＊人権男女共同参画課,生政*人権男女共同参画課,327,14626,1,derived
bpi_7a4ce6ea311c9c43e88b786933e0f12cedb521430ff52f205c466b92b2962ad2,2026,general,一般会計,2026_general_expenditure_02_03_01,平和都市宣言事業,平和都市宣言事業,生政＊人権男女共同参画課,生政*人権男女共同参画課,327,6924,1,derived
bpi_bc84d4ffce9e985fe6ddf80342c25ee3bcbd7c3c0e21805c99624eb7f7edf59b,2026,general,一般会計,2026_general_expenditure_02_03_01,梅まつり,梅まつり,北支＊地域振興課,北支*地域振興課,327,35644,1,derived
bpi_51569a21815baba9aca8d89f8ced91e11849d3e3dbc919c70e37adf6f7d35130,2026,general,一般会計,2026_general_expenditure_02_03_01,災害時地域助け合い活動支援,災害時地域助け合い活動支援,地域行政部＊地域行政課,地域行政部*地域行政課,327,2230,1,derived
bpi_24902b7d5527e7eb159a61fea956200f8facdbc682ee5cbcda7145a79c2b8fb0,2026,general,一般会計,2026_general_expenditure_02_03_01,犯罪被害者等支援事業,犯罪被害者等支援事業,生政＊人権男女共同参画課,生政*人権男女共同参画課,327,11844,1,derived
bpi_29889d92dbde9e6129ba7ac050fa1b0fd6c05d65077aec543c9d3ef6028c8cbe,2026,general,一般会計,2026_general_expenditure_02_03_01,犯罪被害者等支援等基金積立金,犯罪被害者等支援等基金積立金,生政＊人権男女共同参画課,生政*人権男女共同参画課,327,7323,1,derived
bpi_6d6e6f2e67f1ed7baa31d7c82d740f37c3de6980fcc180f1414dcfeb6957c749,2026,general,一般会計,2026_general_expenditure_02_03_01,生活文化政策部庶務事務,生活文化政策部庶務事務,生政＊市民活動推進課,生政*市民活動推進課,327,10252,1,derived
bpi_278dffbda09304351acfab039b899b7c50f427b95392196fde4ea6708daa2c0c,2026,general,一般会計,2026_general_expenditure_02_03_01,男女共同参画センター維持運営,男女共同参画センター維持運営,生政＊人権男女共同参画課,生政*人権男女共同参画課,327,142007,1,derived
bpi_d69c8f3868a0459dace69418c364dbc0bdef2f61b764508ff66a0b74f8559153,2026,general,一般会計,2026_general_expenditure_02_03_01,男女共同参画社会推進事業,男女共同参画社会推進事業,生政＊人権男女共同参画課,生政*人権男女共同参画課,327,27795,1,derived
bpi_0b0c85b0e99916380da98424dbe3d70dc4fcabdaa5578f57e44604cfd9a2c74f,2026,general,一般会計,2026_general_expenditure_02_03_01,町会自治会等事業助成,町会自治会等事業助成,地域行政部＊地域行政課,地域行政部*地域行政課,327,33913,1,derived
bpi_fab0c2d87f39f554fb29359f143526be54cee01f10d4fdbb513c140528931925,2026,general,一般会計,2026_general_expenditure_02_03_01,臨海部広域斎場組合負担金,臨海部広域斎場組合負担金,地域行政部＊地域行政課,地域行政部*地域行政課,327,15023,1,derived
bpi_928c377890b0caf6a48c2daa1223f5b02c049177d02070cdbe557f7c5967c64c,2026,general,一般会計,2026_general_expenditure_02_03_01,自主的コミュニティづくりの支援,自主的コミュニティづくりの支援,世支＊地域振興課,世支*地域振興課,327,30926,1,derived
bpi_c1fb802f099e017bd0fc390d349b9122d5abdb0da575f5d8acebca8486f136a8,2026,general,一般会計,2026_general_expenditure_02_03_01,防犯カメラ整備・維持管理助成,防犯カメラ整備・維持管理助成,危管＊地域生活安全課,危管*地域生活安全課,327,156526,1,derived
bpi_fe86329c0fe75122f0a4bd52e1ea5850c5b0d9b7ac37286edc4e2bb0029f6cd4,2026,general,一般会計,2026_general_expenditure_02_03_01,防犯協会・防火防災協会（世田谷）,防犯協会・防火防災協会(世田谷),世支＊地域振興課,世支*地域振興課,327,1500,1,derived
bpi_e6749a23ac05016f2ab48a0354af46fa282d37fa1e9f776233bc2298e038349a,2026,general,一般会計,2026_general_expenditure_02_03_01,防犯協会・防火防災協会（玉川）,防犯協会・防火防災協会(玉川),玉支＊地域振興課,玉支*地域振興課,327,1400,1,derived
bpi_a83ffa662ab41202b77aa768a1f2770a4e895f423211fab8e2dad0aaa4c90353,2026,general,一般会計,2026_general_expenditure_02_03_01,防犯協会・防火防災協会（砧）,防犯協会・防火防災協会(砧),砧支＊地域振興課,砧支*地域振興課,327,1400,1,derived
bpi_871f089618a2e2b60f2bb045f7a444fa34c513c07cc31fdf8165ec50f4f19157,2026,general,一般会計,2026_general_expenditure_02_03_01,青少年対策（世田谷）,青少年対策(世田谷),世支＊地域振興課,世支*地域振興課,327,7381,1,derived
bpi_2336da84f352789ae0105408c8db5fb019da6a431b9024a7145f508d36f94243,2026,general,一般会計,2026_general_expenditure_02_03_01,青少年対策（北沢）,青少年対策(北沢),北支＊地域振興課,北支*地域振興課,327,3797,1,derived
bpi_71f4ed5b522da9d228369133cc43d9d877a9f10d92115fe03ea336ba4d25c0e4,2026,general,一般会計,2026_general_expenditure_02_03_01,青少年対策（烏山）,青少年対策(烏山),烏支＊地域振興課,烏支*地域振興課,327,3410,1,derived
bpi_b679c2d75ea88631d04fa17efa869a0fe386b027d51c2d83d71d2c8cdade4a81,2026,general,一般会計,2026_general_expenditure_02_03_01,青少年対策（玉川）,青少年対策(玉川),玉支＊地域振興課,玉支*地域振興課,327,6248,1,derived
bpi_ed79e5280e9a67d363bae826287e74f23fa2f0b1f467e333e76ca0f22aad3422,2026,general,一般会計,2026_general_expenditure_02_03_01,青少年対策（砧）,青少年対策(砧),砧支＊地域振興課,砧支*地域振興課,327,3665,1,derived
bpi_b5f5771ca26b6cd4e3ba600c38e53702008d8534ba2dd7fabab88b78ab322e76,2026,general,一般会計,2026_general_expenditure_02_03_02,世田谷地域出張所改修,世田谷地域出張所改修,世支＊地域振興課,世支*地域振興課,331,100917,1,derived
bpi_306d197d0cbfc17662b6691f66f69edaa92d2675a2b8938b4fdee9ed6f9e7383,2026,general,一般会計,2026_general_expenditure_02_03_02,世田谷地域出張所維持運営,世田谷地域出張所維持運営,世支＊地域振興課,世支*地域振興課,331,306884,1,derived
bpi_2339af35e3154a6207f3cef70213d4668bfce6fc078f22fbbb0807f4606867ea,2026,general,一般会計,2026_general_expenditure_02_03_02,世田谷総合支所・出張所改築事務,世田谷総合支所・出張所改築事務,世支＊地域振興課,世支*地域振興課,331,48004,1,derived
bpi_c5aacdfc595fd6176bcabc0281791df19532d5eb194205d0d59a9206d6b07339,2026,general,一般会計,2026_general_expenditure_02_03_02,世田谷総合支所庶務事務,世田谷総合支所庶務事務,世支＊地域振興課,世支*地域振興課,331,17628,1,derived
bpi_fdeea785c596412e6e4e6bf576445e34a39fdc526ca77939ee15631c18ea9cfe,2026,general,一般会計,2026_general_expenditure_02_03_02,出張所機能充実,出張所機能充実,地行＊住民記録・戸籍課,地行*住民記録・戸籍課,331,32960,1,derived
bpi_d86e47dcf75b685675bbbbb468ddc48ff62603dc0d9d6e5fddaf26f032d49146,2026,general,一般会計,2026_general_expenditure_02_03_02,北沢地域出張所維持運営,北沢地域出張所維持運営,北支＊地域振興課,北支*地域振興課,331,168131,1,derived
bpi_589280d45d8a8fa1b8b6eee1ae26c3fcf9a4034c315fdcb0a32d72f68f6a75c8,2026,general,一般会計,2026_general_expenditure_02_03_02,北沢地域支所・出張所改修,北沢地域支所・出張所改修,北支＊地域振興課,北支*地域振興課,331,82878,1,derived
bpi_2fcd019524f4ac1ce022fc0ab0d294f9e6fdfd36a6ef5c00ebd1631e5aa75a0a,2026,general,一般会計,2026_general_expenditure_02_03_02,北沢総合支所庶務事務,北沢総合支所庶務事務,北支＊地域振興課,北支*地域振興課,331,5267,1,derived
bpi_d42db30ccf3e6ab15db7a06543dbca0ec4d46b65173034608f08fdee31e3fd8e,2026,general,一般会計,2026_general_expenditure_02_03_02,北沢総合支所維持管理,北沢総合支所維持管理,北支＊地域振興課,北支*地域振興課,331,409079,1,derived
bpi_d847d12ab67da7270744fa57b2ee68f961c60075b8baec68c0c7c2117c476827,2026,general,一般会計,2026_general_expenditure_02_03_02,地域経営事務調整（世田谷）,地域経営事務調整(世田谷),世支＊地域振興課,世支*地域振興課,331,13101,1,derived
bpi_c1cd3b25a424fc432af3554bf037e27ace8452d23c8b8fc2247d41f0366b7f9c,2026,general,一般会計,2026_general_expenditure_02_03_02,地域経営事務調整（北沢）,地域経営事務調整(北沢),北支＊地域振興課,北支*地域振興課,331,4600,1,derived
bpi_60e4bf9998715cf22fd8ce51679cf4056ce9e280773ea6608c95bd8c770b5e93,2026,general,一般会計,2026_general_expenditure_02_03_02,地域経営事務調整（烏山）,地域経営事務調整(烏山),烏支＊地域振興課,烏支*地域振興課,331,3485,1,derived
bpi_b1d0035e75fb0caf668ae110f285726b2626b2d7569a8eedb1d518860273ab06,2026,general,一般会計,2026_general_expenditure_02_03_02,地域経営事務調整（玉川）,地域経営事務調整(玉川),玉支＊地域振興課,玉支*地域振興課,331,5106,1,derived
bpi_7b8164c65fdf8f345fa258c11a55d6a1c701c74721c357a82b1590333f6fa524,2026,general,一般会計,2026_general_expenditure_02_03_02,地域経営事務調整（砧）,地域経営事務調整(砧),砧支＊地域振興課,砧支*地域振興課,331,4493,1,derived
bpi_7c59c0022b9c77ea73fd6358563522355208ec1912043f1ab6bd44b64aaccbd0,2026,general,一般会計,2026_general_expenditure_02_03_02,烏山地域出張所維持運営,烏山地域出張所維持運営,烏支＊地域振興課,烏支*地域振興課,331,60879,1,derived
bpi_71a9b98defb1585d467e8eb655bf7eeb4f3c891b0f1cf01db60458d475fcf89b,2026,general,一般会計,2026_general_expenditure_02_03_02,烏山地域支所・出張所改修,烏山地域支所・出張所改修,烏支＊地域振興課,烏支*地域振興課,331,5746,1,derived
bpi_4001c16560b970abdc00aaaf0b69c7e87e612504c9fe055fb4fab4a6056b5f84,2026,general,一般会計,2026_general_expenditure_02_03_02,烏山総合支所・出張所改築事務,烏山総合支所・出張所改築事務,烏支＊地域振興課,烏支*地域振興課,331,30030,1,derived
bpi_96e0afa84c7c5a7ace7f68c16a97411e2014a9448bfbbab0c1d3c0b9d90744a4,2026,general,一般会計,2026_general_expenditure_02_03_02,烏山総合支所庶務事務,烏山総合支所庶務事務,烏支＊地域振興課,烏支*地域振興課,331,6964,1,derived
bpi_03acf7882be09550fa989b1e65f35ed250077e82331a1371bcd8adfde8c75612,2026,general,一般会計,2026_general_expenditure_02_03_02,烏山総合支所維持管理,烏山総合支所維持管理,烏支＊地域振興課,烏支*地域振興課,331,204433,1,derived
bpi_a92861b2e0efb12280e8f627bb5e987f1ffd43f58d6fb4047e7049d41b3383ab,2026,general,一般会計,2026_general_expenditure_02_03_02,玉川地域出張所維持運営,玉川地域出張所維持運営,玉支＊地域振興課,玉支*地域振興課,331,163024,1,derived
bpi_12c83676e549c762805bde28f2adbf4f537b901e422be7ef46c4027dec685d29,2026,general,一般会計,2026_general_expenditure_02_03_02,玉川地域支所・出張所改修,玉川地域支所・出張所改修,玉支＊地域振興課,玉支*地域振興課,331,5955,1,derived
bpi_a0d3ee9dd95288fc2cdc268331c6ffb2e25caf75280c045bc8ec3ec98b50c217,2026,general,一般会計,2026_general_expenditure_02_03_02,玉川総合支所庶務事務,玉川総合支所庶務事務,玉支＊地域振興課,玉支*地域振興課,331,14934,1,derived
bpi_0bd26d7858b3cdc1d2b77bcc9a3f770b7aa2c24629f6a756f70e33d070d41781,2026,general,一般会計,2026_general_expenditure_02_03_02,玉川総合支所維持管理,玉川総合支所維持管理,玉支＊地域振興課,玉支*地域振興課,331,336746,1,derived
bpi_8c97fbbf2e87b3b9117b7896fda6e49c2db4b3cfaa8520f8dbc47bec8b28cc85,2026,general,一般会計,2026_general_expenditure_02_03_02,町会・自治会会館建設等助成事務,町会・自治会会館建設等助成事務,地域行政部＊地域行政課,地域行政部*地域行政課,331,0,1,derived
bpi_0e862aca8b338cf70404ee3f6679da4561576691915c9e878b0a1db98df98931,2026,general,一般会計,2026_general_expenditure_02_03_02,砧地域出張所維持運営,砧地域出張所維持運営,砧支＊地域振興課,砧支*地域振興課,331,165474,1,derived
bpi_1d29a86cb4fd806e87734fa8c1ca46f90d9b5b0694a5b54e5b4dccabdf791b9a,2026,general,一般会計,2026_general_expenditure_02_03_02,砧地域支所・出張所改修,砧地域支所・出張所改修,砧支＊地域振興課,砧支*地域振興課,331,292079,1,derived
bpi_1c56d712dddae4588822b2fd913179e09fd9dfcc0fa1a662ea1c975cc0f309f8,2026,general,一般会計,2026_general_expenditure_02_03_02,砧総合支所庶務事務,砧総合支所庶務事務,砧支＊地域振興課,砧支*地域振興課,331,7537,1,derived
bpi_e3c6630cd0366dee667af96052f1fd3dac4e9f5a54972e89f579ece6d7ec6979,2026,general,一般会計,2026_general_expenditure_02_03_02,砧総合支所維持管理,砧総合支所維持管理,砧支＊地域振興課,砧支*地域振興課,331,265443,1,derived
bpi_c218dd677717f730f3d033ad4758fba09805d6fdcb0313cf0732709d8d3cb3d0,2026,general,一般会計,2026_general_expenditure_02_03_02,総合窓口化の推進,総合窓口化の推進,地行＊住民記録・戸籍課,地行*住民記録・戸籍課,331,5525,1,derived
bpi_ad3324fe946b1fc849ad1e4f6be929b4aa457694040c1c5658ca23f985fe132b,2026,general,一般会計,2026_general_expenditure_02_03_02,計画・相談事業運営（世田谷）,計画・相談事業運営(世田谷),世支＊地域振興課,世支*地域振興課,331,9552,1,derived
bpi_b00b2c7683844ea9d9b6a4cda7327f945b5ea0a206772c86c0d32862e6567004,2026,general,一般会計,2026_general_expenditure_02_03_02,計画・相談事業運営（北沢）,計画・相談事業運営(北沢),北支＊地域振興課,北支*地域振興課,331,8892,1,derived
bpi_600b0da985ba4f546ac2f5858037464cb5fca4e6864fc8028c107c4f6d820a5f,2026,general,一般会計,2026_general_expenditure_02_03_02,計画・相談事業運営（烏山）,計画・相談事業運営(烏山),烏支＊地域振興課,烏支*地域振興課,331,9582,1,derived
bpi_ecfdf4fad6e9c672d9c3dcdf19a49a16efee317ec29cf4e807340bc63206c16a,2026,general,一般会計,2026_general_expenditure_02_03_02,計画・相談事業運営（玉川）,計画・相談事業運営(玉川),玉支＊地域振興課,玉支*地域振興課,331,7805,1,derived
bpi_38c925ce32e8a7ebe83d0d026c4496a234806f5b68540b0e5dc5d72f7fd34078,2026,general,一般会計,2026_general_expenditure_02_03_02,計画・相談事業運営（砧）,計画・相談事業運営(砧),砧支＊地域振興課,砧支*地域振興課,331,5431,1,derived
bpi_b84a8ef137571c1276f5281266ad73554c101d00b6f5521c7fc618a0f9339c1f,2026,general,一般会計,2026_general_expenditure_02_03_06,上北沢区民センター維持運営,上北沢区民センター維持運営,烏支＊地域振興課,烏支*地域振興課,333,126986,1,derived
bpi_179d1a18346c96ab9f2f72b0549019d1fd5128eda755225363ccd1da3733add2,2026,general,一般会計,2026_general_expenditure_02_03_06,世田谷区民会館別館等維持運営,世田谷区民会館別館等維持運営,世支＊地域振興課,世支*地域振興課,333,207777,1,derived
bpi_6e3826d3a86f6beda5f2fd1113078499d4accf6e8bb3b5b6505bc7a537d6bf6b,2026,general,一般会計,2026_general_expenditure_02_03_06,世田谷区民会館維持運営,世田谷区民会館維持運営,生政＊文化・国際課,生政*文化・国際課,333,119873,1,derived
bpi_978550a3ce50b2c15cafb9d8a818ffddcd20f53ee40536c0e49d532792eb2a0e,2026,general,一般会計,2026_general_expenditure_02_03_06,世田谷地域区民センター事業委託,世田谷地域区民センター事業委託,世支＊地域振興課,世支*地域振興課,333,6680,1,derived
bpi_c479ad4865617ccf029e607efb932d7855d34dc1337be4f06a5c98c7a9ff23b8,2026,general,一般会計,2026_general_expenditure_02_03_06,世田谷地域区民施設改修,世田谷地域区民施設改修,世支＊地域振興課,世支*地域振興課,333,79697,1,derived
bpi_b697673205119273185803cf8ea22b7d72e13a99b21b7b27efb1d5172af5c562,2026,general,一般会計,2026_general_expenditure_02_03_06,世田谷地域区民集会所維持運営,世田谷地域区民集会所維持運営,世支＊地域振興課,世支*地域振興課,333,25700,1,derived
bpi_eb573cc64a7619201aec4d480cd6ca50fe9d58132ab0c94aae65c9148d3bbcb6,2026,general,一般会計,2026_general_expenditure_02_03_06,世田谷地域地区会館維持運営,世田谷地域地区会館維持運営,世支＊地域振興課,世支*地域振興課,333,122397,1,derived
bpi_9730f03bce98b427742d3a3ef133f8ae4098da1493c7dd2706f9b20fb996a028,2026,general,一般会計,2026_general_expenditure_02_03_06,世田谷地域生涯学習事務,世田谷地域生涯学習事務,世支＊地域振興課,世支*地域振興課,333,7390,1,derived
bpi_d0b78f80918456bacd47a72d32906b27f20a686d844f4abf1a818d14f6f7b22b,2026,general,一般会計,2026_general_expenditure_02_03_06,代田区民センター維持運営,代田区民センター維持運営,北支＊地域振興課,北支*地域振興課,333,147265,1,derived
bpi_1c9d6dc1f0126db2ba1ae91d17986a865c108fc841d45999f7267af66efe3c4b,2026,general,一般会計,2026_general_expenditure_02_03_06,北沢区民会館維持運営,北沢区民会館維持運営,北支＊地域振興課,北支*地域振興課,333,73374,1,derived
bpi_51c66d5024520ce3123978ced77fdf840baa8edf36832a592032f3819e62febc,2026,general,一般会計,2026_general_expenditure_02_03_06,北沢地域区民センター事業委託,北沢地域区民センター事業委託,北支＊地域振興課,北支*地域振興課,333,2027,1,derived
bpi_9af5005263b606829d253c41b2163dab4d92b942a6c7feae633de9788fa17732,2026,general,一般会計,2026_general_expenditure_02_03_06,北沢地域区民施設改修,北沢地域区民施設改修,北支＊地域振興課,北支*地域振興課,333,48186,1,derived
bpi_7100bc03fe9af3950615221aa57a7429d4aeb1d36939f009752e0e01ba1f778f,2026,general,一般会計,2026_general_expenditure_02_03_06,北沢地域区民集会所維持運営,北沢地域区民集会所維持運営,北支＊地域振興課,北支*地域振興課,333,53164,1,derived
bpi_228d7616759740f25875b46590b03ae5b1c3c7e4f2b9e0a356bf098a84dd20da,2026,general,一般会計,2026_general_expenditure_02_03_06,北沢地域地区会館維持運営,北沢地域地区会館維持運営,北支＊地域振興課,北支*地域振興課,333,384652,1,derived
bpi_d621514d41a900b2b138ae7fba77bb49e73f78f0981a4741ab9c3b1153573b4c,2026,general,一般会計,2026_general_expenditure_02_03_06,北沢地域生涯学習事務,北沢地域生涯学習事務,北支＊地域振興課,北支*地域振興課,333,915,1,derived
bpi_095d9aa3b7a2481f5a4ffc3476ef06206f80f91449420ff75127fd51d640de13,2026,general,一般会計,2026_general_expenditure_02_03_06,区民斎場維持運営,区民斎場維持運営,烏支＊地域振興課,烏支*地域振興課,333,9841,1,derived
bpi_751f3643eb3178f9f3129cce6578da6bf7d1f6714bd7e07fa6c0bb5771e63f0a,2026,general,一般会計,2026_general_expenditure_02_03_06,太子堂区民センター維持運営,太子堂区民センター維持運営,世支＊地域振興課,世支*地域振興課,333,76757,1,derived
bpi_5a760a3b16e34f902ea73ab81eecbd68a7f2fb2160d01bdeaba3dfd584b1b691,2026,general,一般会計,2026_general_expenditure_02_03_06,宮坂区民センター維持運営,宮坂区民センター維持運営,世支＊地域振興課,世支*地域振興課,333,119883,1,derived
bpi_6a3d5b077386aeb21af52bc03bdc94bcd3822bdb2c611b522aac2eb6c5ffe437,2026,general,一般会計,2026_general_expenditure_02_03_06,弦巻区民センター維持運営,弦巻区民センター維持運営,世支＊地域振興課,世支*地域振興課,333,111628,1,derived
bpi_93c665fa3237a7a13442dca295bf618b69cd886adf38aedada9ba740120764d3,2026,general,一般会計,2026_general_expenditure_02_03_06,本庁舎等区民利用施設維持運営,本庁舎等区民利用施設維持運営,生政＊市民活動推進課,生政*市民活動推進課,333,157636,1,derived
bpi_d1c5eb3a63b5ac54b861a5279fe4818996e1e523eb4cde8a670e879ed8bc1646,2026,general,一般会計,2026_general_expenditure_02_03_06,桜丘区民センター維持運営,桜丘区民センター維持運営,世支＊地域振興課,世支*地域振興課,333,175931,1,derived
bpi_8dc6864f8ba930b92d0cbb74e1b6a3f37a6c2c187266a79e6cb699d256730903,2026,general,一般会計,2026_general_expenditure_02_03_06,烏山区民会館・区民センター維持運営,烏山区民会館・区民センター維持運営,烏支＊地域振興課,烏支*地域振興課,333,328330,1,derived
bpi_66a5deef0eea85f1ecb7577a68d723069f2e5f5c5b3f7a94c411e1dbc305a038,2026,general,一般会計,2026_general_expenditure_02_03_06,烏山地域区民センター業務委託,烏山地域区民センター業務委託,烏支＊地域振興課,烏支*地域振興課,333,9069,1,derived
bpi_11b9042aa43e6b16d862017996b9f63dc2b76d47ef5a912dc3baa46d7172c65c,2026,general,一般会計,2026_general_expenditure_02_03_06,烏山地域区民施設改修,烏山地域区民施設改修,烏支＊地域振興課,烏支*地域振興課,333,89138,1,derived
bpi_ed0d340b446afaaa17d1942aa7ad70674e41954c4c1a202d749eae1f7cc02c25,2026,general,一般会計,2026_general_expenditure_02_03_06,烏山地域区民集会所維持運営,烏山地域区民集会所維持運営,烏支＊地域振興課,烏支*地域振興課,333,30677,1,derived
bpi_5743b7f24432b061f0817fb55244e87e9dac04480e956613f83263cc86168dbc,2026,general,一般会計,2026_general_expenditure_02_03_06,烏山地域地区会館維持運営,烏山地域地区会館維持運営,烏支＊地域振興課,烏支*地域振興課,333,37814,1,derived
bpi_5f44e0623963ce5a49995a4cca6da9398adf629b682c0f4b9e77531733985bd8,2026,general,一般会計,2026_general_expenditure_02_03_06,烏山地域生涯学習事務,烏山地域生涯学習事務,烏支＊地域振興課,烏支*地域振興課,333,838,1,derived
bpi_2e5b975272f77af5aa9e5d4e5d1916efe4b01eb386e38ad7c5ff23141692ac5e,2026,general,一般会計,2026_general_expenditure_02_03_06,玉川区民会館維持運営,玉川区民会館維持運営,玉支＊地域振興課,玉支*地域振興課,333,112733,1,derived
bpi_2f00b222aac2ed3b28c53ed62c16b3217a3a3bf77ae3750850bb76612045d2ef,2026,general,一般会計,2026_general_expenditure_02_03_06,玉川地域区民センター事業委託,玉川地域区民センター事業委託,玉支＊地域振興課,玉支*地域振興課,333,8529,1,derived
bpi_cc60dba29af4f6dbb4b3a49bd2f997641ccd23092152b76044ffda13c6e13994,2026,general,一般会計,2026_general_expenditure_02_03_06,玉川地域区民センター維持運営,玉川地域区民センター維持運営,玉支＊地域振興課,玉支*地域振興課,333,358190,1,derived
bpi_792ed2de0378fdcd39d7f363578518c97608799cb6c684d095ca4cf3e90366f1,2026,general,一般会計,2026_general_expenditure_02_03_06,玉川地域区民施設改修,玉川地域区民施設改修,玉支＊地域振興課,玉支*地域振興課,333,547449,1,derived
bpi_ed4859c69461cbbfe21122c15542b78acedace9bd67448f9e9469dd7c53d3a6e,2026,general,一般会計,2026_general_expenditure_02_03_06,玉川地域地区会館維持運営,玉川地域地区会館維持運営,玉支＊地域振興課,玉支*地域振興課,333,236579,1,derived
bpi_9388a643796f16d27092b08c44486b0641d6bac1e51cc2a198c558291fa27ebb,2026,general,一般会計,2026_general_expenditure_02_03_06,玉川地域生涯学習事務,玉川地域生涯学習事務,玉支＊地域振興課,玉支*地域振興課,333,660,1,derived
bpi_e56f487b94d3279993236f259d07632544bb023224929e3e337345a7ca4c8876,2026,general,一般会計,2026_general_expenditure_02_03_06,砧区民会館維持運営,砧区民会館維持運営,砧支＊地域振興課,砧支*地域振興課,333,36041,1,derived
bpi_a2c4d7cf672841cd77ce9f5a835ed87ab796d60c3d997ebdea92a12c8a3f0898,2026,general,一般会計,2026_general_expenditure_02_03_06,砧地域区民センター事業委託,砧地域区民センター事業委託,砧支＊地域振興課,砧支*地域振興課,333,2680,1,derived
bpi_b2a96db237d75f68623990930d0005f1967bba1815c2902ad5f91c369c48a205,2026,general,一般会計,2026_general_expenditure_02_03_06,砧地域区民施設改修,砧地域区民施設改修,砧支＊地域振興課,砧支*地域振興課,333,117300,1,derived
bpi_4d9a4c54de45422820fc45f2eb3f02b674c60c35f5016f08e269570e179e309e,2026,general,一般会計,2026_general_expenditure_02_03_06,砧地域区民集会所維持運営,砧地域区民集会所維持運営,砧支＊地域振興課,砧支*地域振興課,333,29579,1,derived
bpi_46eb8a3b474855f7a468012b785ad8a7565d1c214faf97b2da78f90690006818,2026,general,一般会計,2026_general_expenditure_02_03_06,砧地域地区会館維持運営,砧地域地区会館維持運営,砧支＊地域振興課,砧支*地域振興課,333,40194,1,derived
bpi_b6068e6f3f68a076a34308ab7ff241090a48fb7f28632458c8a2dfacbcebdc73,2026,general,一般会計,2026_general_expenditure_02_03_06,砧地域生涯学習事務,砧地域生涯学習事務,砧支＊地域振興課,砧支*地域振興課,333,1149,1,derived
bpi_148a9e7f043c741a1c911089b62b1d9229a5038374687ea48d307e8aa0db9cec,2026,general,一般会計,2026_general_expenditure_02_03_06,粕谷区民センター維持運営,粕谷区民センター維持運営,烏支＊地域振興課,烏支*地域振興課,333,135352,1,derived
bpi_21d8a0e434b707b362e97d914617024882c832767e8f058d29d780beafaeaccf,2026,general,一般会計,2026_general_expenditure_02_03_06,鎌田区民センター維持運営,鎌田区民センター維持運営,砧支＊地域振興課,砧支*地域振興課,333,93729,1,derived
bpi_8f504f21095b757204bf1b3e5bbf4a4dfaa2349cbd9a0173f1d94db29c99173b,2026,general,一般会計,2026_general_expenditure_02_03_09,備蓄体制等の整備,備蓄体制等の整備,危機管理部＊災害対策課,危機管理部*災害対策課,337,331713,1,derived
bpi_6f88d223a937f77c1608712663d3c18240b6d4597ec85fa1f630955907e1e4f7,2026,general,一般会計,2026_general_expenditure_02_03_09,危機管理,危機管理,危管＊地域生活安全課,危管*地域生活安全課,337,2975,1,derived
bpi_2fc6998648f425339796e48f351eae80ed987b8bb824f6d17fa6878f6e4f6f9e,2026,general,一般会計,2026_general_expenditure_02_03_09,危機管理部庶務事務,危機管理部庶務事務,危機管理部＊災害対策課,危機管理部*災害対策課,337,716,1,derived
bpi_13e338610eaab876ba921d2ff9d85e0a9220ecb3734dc472f1a2f522788f43c3,2026,general,一般会計,2026_general_expenditure_02_03_09,国民保護法制,国民保護法制,危機管理部＊災害対策課,危機管理部*災害対策課,337,4562,1,derived
bpi_ab2d5eb0e045f78a705ba3c38c8c37108719ec9ba350bba77253bf30905bcb2c,2026,general,一般会計,2026_general_expenditure_02_03_09,地域防災力の向上,地域防災力の向上,危機管理部＊災害対策課,危機管理部*災害対策課,337,13801,1,derived
bpi_7c8bcd8d678b3052c027fd3c804537f54f3d5cd8415ddf2948d7155be69f957d,2026,general,一般会計,2026_general_expenditure_02_03_09,情報通信システムの整備,情報通信システムの整備,危機管理部＊災害対策課,危機管理部*災害対策課,337,125355,1,derived
bpi_7839b6f8500a585a8f501e37b44e5089302dafa15ca9089d41e793f16ce43dcd,2026,general,一般会計,2026_general_expenditure_02_03_09,災害対策・体制の整備,災害対策・体制の整備,危機管理部＊災害対策課,危機管理部*災害対策課,337,96127,1,derived
bpi_c79b279ea3707079251a02baa7d1d001d75ad0b9df9f2bf9c4ff54aea46ecd23,2026,general,一般会計,2026_general_expenditure_02_03_09,災害対策基金積立金,災害対策基金積立金,危機管理部＊災害対策課,危機管理部*災害対策課,337,30902,1,derived
bpi_639cbe12d64071e1a5b4170c959d8bb1bfcffddf332a60b623753d42ef6506ba,2026,general,一般会計,2026_general_expenditure_02_03_09,災害被災世帯支援,災害被災世帯支援,危機管理部＊災害対策課,危機管理部*災害対策課,337,9603,1,derived
bpi_c1d4632cbd1aff61687573db5cd49934ebb7a442d47fbe62aea7672fa5792aca,2026,general,一般会計,2026_general_expenditure_02_03_09,防災事業運営（世田谷）,防災事業運営(世田谷),世支＊地域振興課,世支*地域振興課,337,16670,1,derived
bpi_a5ffc99f5ea2af1a7c66228e8456dc83bdb6c12c16f5cbf107e96ab3955bf19b,2026,general,一般会計,2026_general_expenditure_02_03_09,防災事業運営（北沢）,防災事業運営(北沢),北支＊地域振興課,北支*地域振興課,337,1859,1,derived
bpi_3a19d9f5630b343a3ac14db902b4f8801579da02aa9cc6d13144d59a2c25b482,2026,general,一般会計,2026_general_expenditure_02_03_09,防災事業運営（烏山）,防災事業運営(烏山),烏支＊地域振興課,烏支*地域振興課,337,9561,1,derived
bpi_a40f7b013599eb8ee823df90705e7a53fa49f4d5d234c623e126718f66deac4f,2026,general,一般会計,2026_general_expenditure_02_03_09,防災事業運営（玉川）,防災事業運営(玉川),玉支＊地域振興課,玉支*地域振興課,337,17305,1,derived
bpi_a98441a3fa7107af573e0b3363936f9a50426131ee76f49f025379355ba8cecf,2026,general,一般会計,2026_general_expenditure_02_03_09,防災事業運営（砧）,防災事業運営(砧),砧支＊地域振興課,砧支*地域振興課,337,14409,1,derived
bpi_069b912bf37d2594d258a2546cf4860345efe78bfb07043f3da56d56dd11664e,2026,general,一般会計,2026_general_expenditure_02_03_09,防災施設整備,防災施設整備,危機管理部＊災害対策課,危機管理部*災害対策課,337,23007,1,derived
bpi_5ccdd144b5ae35d35a2d28d4af843dc6d0a0695e3f05c25ce154ef0ddcbbb2ec,2026,general,一般会計,2026_general_expenditure_02_03_09,防災施設管理（世田谷）,防災施設管理(世田谷),世支＊地域振興課,世支*地域振興課,337,19150,1,derived
bpi_94a4ad57d916b07725ec90a9fbd7f72e42b55c9e8c2f3821cc4fd1a426fc2fe6,2026,general,一般会計,2026_general_expenditure_02_03_09,防災施設管理（北沢）,防災施設管理(北沢),北支＊地域振興課,北支*地域振興課,337,12302,1,derived
bpi_45a06c2b791628ef860f5d854353744c7e14d00278390ee2bd58884cdf6be212,2026,general,一般会計,2026_general_expenditure_02_03_09,防災施設管理（烏山）,防災施設管理(烏山),烏支＊地域振興課,烏支*地域振興課,337,11606,1,derived
bpi_93bf06c8eea55bd13c11b759e2e1a0be17c8a0e072ac5ee6b5092da2b73feed6,2026,general,一般会計,2026_general_expenditure_02_03_09,防災施設管理（玉川）,防災施設管理(玉川),玉支＊地域振興課,玉支*地域振興課,337,12462,1,derived
bpi_090cdbe8f126a86b0ad42c830b05f7ff0e025c6300e19102a58ae7d5958ffca7,2026,general,一般会計,2026_general_expenditure_02_03_09,防災施設管理（砧）,防災施設管理(砧),砧支＊地域振興課,砧支*地域振興課,337,13600,1,derived
bpi_96e596de54b6b29d568d44d5821175e3c41bf04aa7c00a4277caeeab9896451b,2026,general,一般会計,2026_general_expenditure_02_03_09,防災訓練・組織育成（世田谷）,防災訓練・組織育成(世田谷),世支＊地域振興課,世支*地域振興課,337,42370,1,derived
bpi_0c4a3ace3ada8a5633e551112ccb07f46a106fd55921ceb223426b83e77ea60e,2026,general,一般会計,2026_general_expenditure_02_03_09,防災訓練・組織育成（北沢）,防災訓練・組織育成(北沢),北支＊地域振興課,北支*地域振興課,337,25501,1,derived
bpi_3ff96aacd9c988995f515ae32e1874bfdaae564095e34e1296257913b068b895,2026,general,一般会計,2026_general_expenditure_02_03_09,防災訓練・組織育成（烏山）,防災訓練・組織育成(烏山),烏支＊地域振興課,烏支*地域振興課,337,17527,1,derived
bpi_8b8bda6f0259a10152f7918119e9fa4ad81b70d5ddd61ffad612d090312946ef,2026,general,一般会計,2026_general_expenditure_02_03_09,防災訓練・組織育成（玉川）,防災訓練・組織育成(玉川),玉支＊地域振興課,玉支*地域振興課,337,20611,1,derived
bpi_c9d9f50be494c92f2a13de6a640cf464ff543aba327d656e1e1eb19e6adfe51b,2026,general,一般会計,2026_general_expenditure_02_03_09,防災訓練・組織育成（砧）,防災訓練・組織育成(砧),砧支＊地域振興課,砧支*地域振興課,337,23400,1,derived
bpi_c921bf93af2fd8c54e3764d97d38ece1f6d53e2db8400f37d7c387a63ce5bdae,2026,general,一般会計,2026_general_expenditure_02_03_10,交流事業推進,交流事業推進,生政＊健康村・ふる交流課,生政*健康村・ふる交流課,339,7509,1,derived
bpi_7b6b33860fc7fd3737c140162313fa7784eda4bc62512df5d748586ac271575e,2026,general,一般会計,2026_general_expenditure_02_03_10,区民健康村施設整備,区民健康村施設整備,生政＊健康村・ふる交流課,生政*健康村・ふる交流課,339,323133,1,derived
bpi_4d2822234e97c11a5037fc2c9095b14ef764d5e39cf0eeb1eb258c6020e4f76b,2026,general,一般会計,2026_general_expenditure_02_03_10,区民健康村維持運営,区民健康村維持運営,生政＊健康村・ふる交流課,生政*健康村・ふる交流課,339,513409,1,derived
bpi_c5039010a80869ea793f133670c6d523d8bf15027f47dea2a4dad1657ac8cf79,2026,general,一般会計,2026_general_expenditure_02_03_11,ホストタウン・交流連携事業,ホストタウン・交流連携事業,生政＊文化・国際課,生政*文化・国際課,339,2138,1,derived
bpi_d06756b7fdcc50327cbfe5ca9ed1332352977a28c47030169180b2ebd6832985,2026,general,一般会計,2026_general_expenditure_02_03_11,国際平和交流基金積立金,国際平和交流基金積立金,生政＊文化・国際課,生政*文化・国際課,339,3971,1,derived
bpi_a42ed7d07df58872c83da20bb452d30af48782d19872bf8949f33b6c7f5f8571,2026,general,一般会計,2026_general_expenditure_02_03_11,外国人が暮らしやすい環境づくり,外国人が暮らしやすい環境づくり,生政＊文化・国際課,生政*文化・国際課,339,26680,1,derived
bpi_9741d2d0ba2ac4276851758576a2a7a2fcf433b89557bb582dea231e9883b707,2026,general,一般会計,2026_general_expenditure_02_03_11,姉妹都市等交流の充実,姉妹都市等交流の充実,生政＊文化・国際課,生政*文化・国際課,339,12549,1,derived
bpi_7d52d0d28faa68d61a8c86ec069b6163d3a0ca4bfaf4190c8da7c3595da413b6,2026,general,一般会計,2026_general_expenditure_02_03_11,文化・芸術活動の振興,文化・芸術活動の振興,生政＊文化・国際課,生政*文化・国際課,339,8996,1,derived
bpi_5456242b34cdf040867e583f3a01de8ae0d45e068f62b0ec78c29fbef43caa79,2026,general,一般会計,2026_general_expenditure_02_03_11,文化・芸術資源の魅力発信,文化・芸術資源の魅力発信,生政＊文化・国際課,生政*文化・国際課,339,28118,1,derived
bpi_ed6fefdfe201255c42f0f35aee17cd50aacd50502b8faef05d63641b718675d7,2026,general,一般会計,2026_general_expenditure_02_03_11,文化振興基金積立金,文化振興基金積立金,生政＊文化・国際課,生政*文化・国際課,339,14639,1,derived
bpi_016ee612f80cdf9aa443f12d9c46bf3c3501c7ef1e65677332c911588613ee55,2026,general,一般会計,2026_general_expenditure_02_03_11,美術品管理,美術品管理,生政＊文化・国際課,生政*文化・国際課,339,15583,1,derived
bpi_b3b322559262409ac2a910333c9a84ae9758b030472e9ea8cf393955b0b31d70,2026,general,一般会計,2026_general_expenditure_02_03_12,文化施設事業運営,文化施設事業運営,生政＊文化・国際課,生政*文化・国際課,341,224761,1,derived
bpi_479ba04df3669398a2e15d6d37ce9fe75bdac71f03db1a8132315d30a4b294fa,2026,general,一般会計,2026_general_expenditure_02_03_12,文化施設保全,文化施設保全,生政＊文化・国際課,生政*文化・国際課,341,1241506,1,derived
bpi_dbc145d7554808b3c1e2f7851994fdf554f7aef10a20d0757cd36ca3a28df3c5,2026,general,一般会計,2026_general_expenditure_02_03_12,文化生活情報センター維持管理,文化生活情報センター維持管理,生政＊文化・国際課,生政*文化・国際課,341,467636,1,derived
bpi_4160129e6ad8914674be13590d97eedb571f0ae025b2cf3cc2e715317ebebd39,2026,general,一般会計,2026_general_expenditure_02_03_12,文化財団運営補助,文化財団運営補助,生政＊文化・国際課,生政*文化・国際課,341,1655041,1,derived
bpi_1ed4a7165bbecabc261603bc8cb41654d9d8119ace3f759c79af6a8ffff54992,2026,general,一般会計,2026_general_expenditure_02_03_12,文学館維持管理,文学館維持管理,生政＊文化・国際課,生政*文化・国際課,341,133043,1,derived
bpi_53222f2db58cf073daa7301ed22ef1c7b71c96807a40e8bbed97b02426a33fcb,2026,general,一般会計,2026_general_expenditure_02_03_12,美術館維持管理,美術館維持管理,生政＊文化・国際課,生政*文化・国際課,341,405012,1,derived
bpi_17c85f7af841d02855140621359affc6a89e2aafce6922b4993d1f3b45c1a1e6,2026,general,一般会計,2026_general_expenditure_02_03_12,音楽文化の振興,音楽文化の振興,生政＊文化・国際課,生政*文化・国際課,341,3267,1,derived
bpi_effa590bbcebc207a54dc9fe4b7bf762fe8f49c4315dc5a5db2ba56175b1651e,2026,general,一般会計,2026_general_expenditure_02_03_13,消費生活審議会運営,消費生活審議会運営,経産＊消費生活課,経産*消費生活課,341,180,1,derived
bpi_41540d80e4752ca2ef5ea1e14b637f286e8c2d887a0cad39d7c5cb8aa993b12c,2026,general,一般会計,2026_general_expenditure_02_03_13,消費生活相談,消費生活相談,経産＊消費生活課,経産*消費生活課,341,1415,1,derived
bpi_abbcb0422111ece5f9722af2784c87c03302c1bd470931a9fc8ca10e2b65be03,2026,general,一般会計,2026_general_expenditure_02_03_13,消費生活行政推進,消費生活行政推進,経産＊消費生活課,経産*消費生活課,341,534,1,derived
bpi_ca9747a4cce2ad45d1e15a760af964b9829be8df6b634d72763c16f28a0b53fe,2026,general,一般会計,2026_general_expenditure_02_03_13,消費者カレッジ,消費者カレッジ,経産＊消費生活課,経産*消費生活課,341,3524,1,derived
bpi_c0cdd485e0adce4a95b8d22febffccf7bf2527131a2d2a0a39c51e5bb9b25886,2026,general,一般会計,2026_general_expenditure_02_03_13,消費者啓発,消費者啓発,経産＊消費生活課,経産*消費生活課,341,8366,1,derived
bpi_925b4d98245d76b804f2a490d1071bac44c2c6e7e67de4526e749e017916d575,2026,general,一般会計,2026_general_expenditure_02_03_14,スポーツ推進基金積立金,スポーツ推進基金積立金,スポ推進＊スポーツ推進課,スポ推進*スポーツ推進課,341,117745,1,derived
bpi_47a9076a98bcb22fde5b9e79d3159540a50c878fada10712c8a0ad64bbb721a8,2026,general,一般会計,2026_general_expenditure_02_03_14,スポーツ推進部庶務事務,スポーツ推進部庶務事務,スポ推進＊スポーツ推進課,スポ推進*スポーツ推進課,341,1008,1,derived
bpi_20fa61931e01ab2423ebb08320c21eeb56fc7b0aa0c8433cd37acc6fb2622ab3,2026,general,一般会計,2026_general_expenditure_02_03_14,スポーツ施設改修工事,スポーツ施設改修工事,スポ推進＊スポーツ施設課,スポ推進*スポーツ施設課,341,155080,1,derived
bpi_5df445261b4cc1e1c8aa6ddbc183b2c8bb5393c9ce3466b8b179570fee65631b,2026,general,一般会計,2026_general_expenditure_02_03_14,スポーツ施設整備事務,スポーツ施設整備事務,スポ推進＊拠点スポ整備課,スポ推進*拠点スポ整備課,341,213413,1,derived
bpi_c3fd895d1badce4c3975b9d6af92dd486328d7c673341a77785b996974e0e299,2026,general,一般会計,2026_general_expenditure_02_03_14,スポーツ施設民間連携等,スポーツ施設民間連携等,スポ推進＊スポーツ施設課,スポ推進*スポーツ施設課,341,37758,1,derived
bpi_7be21c6b718c285bb28ff877b1b86b188587f1c5303a26746f817c8a4522478b,2026,general,一般会計,2026_general_expenditure_02_03_14,パラスポーツの推進,パラスポーツの推進,スポ推進＊スポーツ推進課,スポ推進*スポーツ推進課,341,1037,1,derived
bpi_ee95ca9138d548c3ef880b192a62c383bf7a33bd76b28abe9c70f4f33ae8d6cb,2026,general,一般会計,2026_general_expenditure_02_03_14,世田谷区スポーツ振興財団運営助成,世田谷区スポーツ振興財団運営助成,スポ推進＊スポーツ推進課,スポ推進*スポーツ推進課,341,321746,1,derived
bpi_62a26ba248202e364005fd2d64262bae4c0588694934abbc1117ce10d4da1b44,2026,general,一般会計,2026_general_expenditure_02_03_14,千歳温水プール維持運営,千歳温水プール維持運営,スポ推進＊スポーツ施設課,スポ推進*スポーツ施設課,341,394849,1,derived
bpi_529fada18a89280889ff2eebfdc620304fa5d6e6c8f2b2a7530a74983bf88d9c,2026,general,一般会計,2026_general_expenditure_02_03_14,地域・地区スポーツ施設整備工事,地域・地区スポーツ施設整備工事,スポ推進＊スポーツ施設課,スポ推進*スポーツ施設課,341,176443,1,derived
bpi_0c8019d933f968d6d1c27c2b01fb2f1dc4998e18357792591f8fabf1eb7a309c,2026,general,一般会計,2026_general_expenditure_02_03_14,地域体育施設の維持運営,地域体育施設の維持運営,スポ推進＊スポーツ施設課,スポ推進*スポーツ施設課,341,134137,1,derived
bpi_c932f12effc23dcd9dbc0b7e55ae0efface0f064258ae7cb1d47e8d0e6951ab3,2026,general,一般会計,2026_general_expenditure_02_03_14,大蔵第二運動公園運動施設整備工事,大蔵第二運動公園運動施設整備工事,スポ推進＊スポーツ施設課,スポ推進*スポーツ施設課,341,153870,1,derived
bpi_aec834437755df303e099c4ebe7b7707f8816ccd8bce10a3fcbc11c3cf8518ae,2026,general,一般会計,2026_general_expenditure_02_03_14,大蔵第二運動公園運動施設維持運営,大蔵第二運動公園運動施設維持運営,スポ推進＊スポーツ施設課,スポ推進*スポーツ施設課,341,93399,1,derived
bpi_9902fad805b590288e1efad55191be59ec0105477260e94857d57a7864c4f572,2026,general,一般会計,2026_general_expenditure_02_03_14,東京２０２０大会レガシーの推進,東京2020大会レガシーの推進,スポ推進＊スポーツ推進課,スポ推進*スポーツ推進課,341,5202,1,derived
bpi_6ef44619578aea78193dc444d940730ab7d373e73ecf3341105f53b07b78fa6e,2026,general,一般会計,2026_general_expenditure_02_03_14,生涯スポーツの振興,生涯スポーツの振興,スポ推進＊スポーツ推進課,スポ推進*スポーツ推進課,341,20977,1,derived
bpi_5b5e17d4bf0ae421860a4a84e6885449014212a80ef16bdfb7f96407de2a998c,2026,general,一般会計,2026_general_expenditure_02_03_14,総合運動場施設整備工事,総合運動場施設整備工事,スポ推進＊スポーツ施設課,スポ推進*スポーツ施設課,341,108935,1,derived
bpi_03c663aa4f8dc3e80014cc0428b9de15d44f2b5710a88d4d6c98f4cf2d6ca601,2026,general,一般会計,2026_general_expenditure_02_03_14,総合運動場維持運営,総合運動場維持運営,スポ推進＊スポーツ施設課,スポ推進*スポーツ施設課,341,756580,1,derived
bpi_991602891359a7cdddaf90d97b9a6a7819764c9706355361dcd9198357130eea,2026,general,一般会計,2026_general_expenditure_02_03_15,いきがい講座,いきがい講座,生政＊市民活動推進課,生政*市民活動推進課,343,7340,1,derived
bpi_86d3dbc1e6ac6a84afb01c29b12a6dc533492961be5e93748f68b4be37706a6e,2026,general,一般会計,2026_general_expenditure_02_03_15,ひだまり友遊会館運営,ひだまり友遊会館運営,生政＊市民活動推進課,生政*市民活動推進課,343,64938,1,derived
bpi_122b90f41d1b2adb4e7fc0b7e0df37b5eedbdccb2a2bbc3f985cdebf24717f94,2026,general,一般会計,2026_general_expenditure_02_03_15,健康増進・交流施設運営,健康増進・交流施設運営,生政＊市民活動推進課,生政*市民活動推進課,343,129842,1,derived
bpi_6c3bfeb54297a07eaff3cc6a241ca53873628ffc43670f3acaaed562cdc8b5d4,2026,general,一般会計,2026_general_expenditure_02_03_15,土と農の交流園運営,土と農の交流園運営,生政＊市民活動推進課,生政*市民活動推進課,343,21732,1,derived
bpi_e7d6148c16b7c59a4cdc9716d403ecdbfc7e05d8de6c7f39d468b67b74962e6c,2026,general,一般会計,2026_general_expenditure_02_03_15,地域支えあい活動への支援,地域支えあい活動への支援,生政＊市民活動推進課,生政*市民活動推進課,343,22284,1,derived
bpi_b18e45fe489e43699d42820189f37db23e07146788c07b407bced845fdc38901,2026,general,一般会計,2026_general_expenditure_02_03_15,市民大学運営,市民大学運営,生政＊市民活動推進課,生政*市民活動推進課,343,20671,1,derived
bpi_aa0aac232a01f09b668baa383c7a9e54cc36b198c41362e467694bb5a5310271,2026,general,一般会計,2026_general_expenditure_02_03_15,敬老会館運営,敬老会館運営,生政＊市民活動推進課,生政*市民活動推進課,343,15400,1,derived
bpi_27981f0011f8677f219bf616b90856ff1688a925b6f54fb4e07104b7f8e294c5,2026,general,一般会計,2026_general_expenditure_02_03_15,生涯大学運営,生涯大学運営,生政＊市民活動推進課,生政*市民活動推進課,343,12208,1,derived
bpi_d7397a64de32811509f1415c037039747276739ea602abfbeac4b58ad4e98699,2026,general,一般会計,2026_general_expenditure_02_03_15,生涯現役施設整備工事,生涯現役施設整備工事,生政＊市民活動推進課,生政*市民活動推進課,343,3000,1,derived
bpi_a158064eb68bbeb58ebd18526a5065153ebc25f58bd17aced716ac8ca9a429b9,2026,general,一般会計,2026_general_expenditure_02_03_15,生涯現役社会づくりの支援,生涯現役社会づくりの支援,生政＊市民活動推進課,生政*市民活動推進課,343,1897,1,derived
bpi_cee36e3f547d5e26f72a3dd79b4b66fd23149fd8b3955f12891231334742c18b,2026,general,一般会計,2026_general_expenditure_02_03_15,高齢者の地域参加促進,高齢者の地域参加促進,生政＊市民活動推進課,生政*市民活動推進課,343,27861,1,derived
bpi_e6d7960b70f7f7bb35393a0b2b0213869288453a550df131bcf11c285ac8f8b0,2026,general,一般会計,2026_general_expenditure_02_03_15,高齢者文化活動,高齢者文化活動,生政＊市民活動推進課,生政*市民活動推進課,343,31302,1,derived
bpi_4b4c6cdbcd06be015205014589ca4f2550474e623b59b459e53a8801fb24fd1d,2026,general,一般会計,2026_general_expenditure_02_04_01,戸籍事務,戸籍事務,地行＊住民記録・戸籍課,地行*住民記録・戸籍課,345,123840,1,derived
bpi_e22df0c3981124c46bf5dcc3ae6dffebefb7b43679633305edd175200fde5191,2026,general,一般会計,2026_general_expenditure_02_04_02,住民票集中管理事務運営,住民票集中管理事務運営,地行＊住民記録・戸籍課,地行*住民記録・戸籍課,345,2219,1,derived
bpi_fe3a39722e0e3cab08c1a4409be06e903b0734d21b08fc51170971071e24a644,2026,general,一般会計,2026_general_expenditure_02_04_02,住民記録事務,住民記録事務,地行＊住民記録・戸籍課,地行*住民記録・戸籍課,345,171642,1,derived
bpi_3d311336060f2bf80b5680cc9bb0643d78476e82f64182ab0d5151a8cba943b8,2026,general,一般会計,2026_general_expenditure_02_04_02,社会保障・税番号制度事務,社会保障・税番号制度事務,地行＊マイナンバー担当課,地行*マイナンバー担当課,345,611463,1,derived
bpi_41ee859a38d7b70fbbc0f71846ea8f40d832ab59452f5c717d7820c717401f30,2026,general,一般会計,2026_general_expenditure_02_05_01,統計調査事務,統計調査事務,政策＊政策研究・調査課,政策*政策研究・調査課,347,1212,1,derived
bpi_1fa1a581af2e8f4f04c375a5f6842a2c4ab791d022049846c409badf8721fc43,2026,general,一般会計,2026_general_expenditure_02_05_04,基幹統計調査,基幹統計調査,政策＊政策研究・調査課,政策*政策研究・調査課,347,67236,1,derived
bpi_d118019e7859f74544d6f907a80e95ada54000b9e8522d0db4ea066e98195315,2026,general,一般会計,2026_general_expenditure_02_07_01,選挙管理委員会委員報酬,選挙管理委員会委員報酬,選挙管理委員会事務局,選挙管理委員会事務局,349,12161,1,derived
bpi_439e3890df431113362da3059e3647bed919d14859df06eacf89f3f8121846bd,2026,general,一般会計,2026_general_expenditure_02_07_01,選挙管理委員会庶務事務,選挙管理委員会庶務事務,選挙管理委員会事務局,選挙管理委員会事務局,349,1621,1,derived
bpi_9faca6129a2677adb213677a712aa1321f12aeee9b96c5e770578577928af53c,2026,general,一般会計,2026_general_expenditure_02_07_02,明るい選挙常時啓発,明るい選挙常時啓発,選挙管理委員会事務局,選挙管理委員会事務局,349,3856,1,derived
bpi_17048fc3e987346cc2e722e0dc47946b6225edc83ccc46d299c3e17b098e1e6c,2026,general,一般会計,2026_general_expenditure_02_07_03,区議会議員・区長選挙執行,区議会議員・区長選挙執行,選挙管理委員会事務局,選挙管理委員会事務局,349,39624,1,derived
bpi_e4b411119c065e065e4d15abfa904aea552c30484cbd523577db4145a5a6eaeb,2026,general,一般会計,2026_general_expenditure_02_07_03,東京都議会議員選挙執行,東京都議会議員選挙執行,選挙管理委員会事務局,選挙管理委員会事務局,349,0,1,derived
bpi_aa39e5d01d0fa8a8404ba42be250aedaa87c1f034a79cc9e83bcf5abab1d2c9c,2026,general,一般会計,2026_general_expenditure_02_07_06,参議院議員選挙執行,参議院議員選挙執行,選挙管理委員会事務局,選挙管理委員会事務局,,0,1,derived
bpi_813ac834e967e8bbd9e0034fae798ed3e1c7aa0d3efdfa8c495f863a007d59b4,2026,general,一般会計,2026_general_expenditure_02_08_01,監査事務,監査事務,監査事務局,監査事務局,351,2441,1,derived
bpi_2ff2655e95b1b1acbe925432afefaa0d34acb3c850097bda7246e7b25ed4ad40,2026,general,一般会計,2026_general_expenditure_02_08_01,監査委員報酬,監査委員報酬,監査事務局,監査事務局,351,7548,1,derived
bpi_58995cec2dd99a6ad5fb4331cc06bf33677954681bdf66df79c30f911d65a868,2026,general,一般会計,2026_general_expenditure_03_01_01,ひきこもり対策,ひきこもり対策,保政＊生活福祉課,保政*生活福祉課,357,184581,1,derived
bpi_55bd2f80d9eec103377685682d3e45d6b3840c49d3c1f38e9a6dee3a2c7fb796,2026,general,一般会計,2026_general_expenditure_03_01_01,ケアハウス整備促進等事業,ケアハウス整備促進等事業,高福＊高齢福祉課,高福*高齢福祉課,357,27040,1,derived
bpi_38c1fd5ed124a68e282a3281a340b561cca28e39fab8d60d1beb51eb06ecd858,2026,general,一般会計,2026_general_expenditure_03_01_01,ケアマネジメントの総合的推進,ケアマネジメントの総合的推進,保政＊保福推進課,保政*保福推進課,357,717,1,derived
bpi_8aee65b6e0d36bf40134cf533e0c9b0d6e1629226dd580fc79976b60071540b5,2026,general,一般会計,2026_general_expenditure_03_01_01,ボランティア団体等援助,ボランティア団体等援助,保政＊生活福祉課,保政*生活福祉課,357,131466,1,derived
bpi_cf25f0a020da77dad0415f621a248d3e3e8d36d3c1958b8edf34f1ea0192e8c8,2026,general,一般会計,2026_general_expenditure_03_01_01,ボランティア施設改修,ボランティア施設改修,保政＊生活福祉課,保政*生活福祉課,357,0,1,derived
bpi_2503e0579fbd809621488e5cf9ccfe59060cd5b3c0e4f2bd1481598c4d7ebae0,2026,general,一般会計,2026_general_expenditure_03_01_01,世田谷保健福祉センター分室維持管理,世田谷保健福祉センター分室維持管理,世センター＊健康づくり課,世センター*健康づくり課,357,9764,1,derived
bpi_3b8d368adc13c07345dfabde5bdd7bcf5f9c1a59a00e19859029699283ad954d,2026,general,一般会計,2026_general_expenditure_03_01_01,世田谷区地域福祉推進事業,世田谷区地域福祉推進事業,障福＊障害地域生活課,障福*障害地域生活課,357,3500,1,derived
bpi_dd2e219578a48dc2b911320bb3888286f25d642e91c7b505b6ce7ed5054a63c1,2026,general,一般会計,2026_general_expenditure_03_01_01,介護人材確保・定着支援事業,介護人材確保・定着支援事業,高福＊高齢福祉課,高福*高齢福祉課,357,318221,1,derived
bpi_094d4b85387f045563371f907ec0b584b704cf965981447c4eb33a540e87f75f,2026,general,一般会計,2026_general_expenditure_03_01_01,介護保険事業会計繰出金,介護保険事業会計繰出金,高福＊介護保険課,高福*介護保険課,357,11595213,1,derived
bpi_089a00966b0f4c20fbc57d45c0cfc53a705b6e1c52172b20e2208c12d311e0a7,2026,general,一般会計,2026_general_expenditure_03_01_01,住宅手当緊急特別措置事業,住宅手当緊急特別措置事業,保政＊生活福祉課,保政*生活福祉課,357,46914,1,derived
bpi_044c17df4f62562ca005ac2ac0d144b43fef2ae76c1777d077f5244187c559df,2026,general,一般会計,2026_general_expenditure_03_01_01,住民税非課税世帯等への価格高騰重点支援給付金支給,住民税非課税世帯等への価格高騰重点支援給付金支給,保政＊保健福祉政策課,保政*保健福祉政策課,357,0,1,derived
bpi_3a4ca2dacc42f04bcd7c691830ae05096658ae0931f919679b77f332d7512116,2026,general,一般会計,2026_general_expenditure_03_01_01,保健医療福祉総合プラザ維持運営,保健医療福祉総合プラザ維持運営,保政＊保福推進課,保政*保福推進課,357,351247,1,derived
bpi_fa79a1125e7e966cda77a4bac676eb58db3d247d693055ce038c4be0fd0a58f2,2026,general,一般会計,2026_general_expenditure_03_01_01,保健福祉サービス苦情審査会運営,保健福祉サービス苦情審査会運営,保政＊保健福祉政策課,保政*保健福祉政策課,357,541,1,derived
bpi_0db879e6838637427c9ea43398b354c2e0c550180f6375b20698eb0c0409206f,2026,general,一般会計,2026_general_expenditure_03_01_01,保健福祉サービス質の向上の推進,保健福祉サービス質の向上の推進,保政＊保健福祉政策課,保政*保健福祉政策課,357,69894,1,derived
bpi_b9f630785ff676a514cfee760d5b9d45c8d30996019a2e9a2188f6c2177311a2,2026,general,一般会計,2026_general_expenditure_03_01_01,保健福祉政策部庶務事務,保健福祉政策部庶務事務,保政＊保健福祉政策課,保政*保健福祉政策課,357,11435,1,derived
bpi_ce206546ffe54b616fcf76bef029d2fe7a391b692116062b14f73be8c077b8a5,2026,general,一般会計,2026_general_expenditure_03_01_01,保健福祉政策部運営事業,保健福祉政策部運営事業,保政＊保健福祉政策課,保政*保健福祉政策課,357,41500,1,derived
bpi_bf9d9b4cecd7030b883c6ceaa1af1867bde16f6b975dc605c963d1ed7c48d594,2026,general,一般会計,2026_general_expenditure_03_01_01,保健福祉運営事務（世田谷）,保健福祉運営事務(世田谷),世センター＊保健福祉課,世センター*保健福祉課,357,1061,1,derived
bpi_d603a52935e3fd2e2aa5fee0ec2c8e9ca9a119d4b25fe80083c247b8c20ebb4f,2026,general,一般会計,2026_general_expenditure_03_01_01,保健福祉運営事務（北沢）,保健福祉運営事務(北沢),北センター＊保健福祉課,北センター*保健福祉課,357,1814,1,derived
bpi_09b74e9cb0ed6a51cdb9c13f0bf11e597caf5af0476bfc02dda3d0e894dca6b3,2026,general,一般会計,2026_general_expenditure_03_01_01,保健福祉運営事務（烏山）,保健福祉運営事務(烏山),烏センター＊保健福祉課,烏センター*保健福祉課,357,2121,1,derived
bpi_7029bc442dd429a34d2ddc2d48c2f2359752c07d19b12131e255e395ee6ba554,2026,general,一般会計,2026_general_expenditure_03_01_01,保健福祉運営事務（玉川）,保健福祉運営事務(玉川),玉センター＊保健福祉課,玉センター*保健福祉課,357,3082,1,derived
bpi_cac62e753b6d0625e773caaee5359cb6ebbec0c3b4c8d6f705317717871e8de5,2026,general,一般会計,2026_general_expenditure_03_01_01,保健福祉運営事務（砧）,保健福祉運営事務(砧),砧センター＊保健福祉課,砧センター*保健福祉課,357,2810,1,derived
bpi_fd8fda780e6171e66868717ab2d1cd7c47adf41c2de5a88c416f4ae51c158d5c,2026,general,一般会計,2026_general_expenditure_03_01_01,医療的ケア児（者）支援の充実,医療的ケア児(者)支援の充実,障福＊障害保健福祉課,障福*障害保健福祉課,357,41748,1,derived
bpi_cc02c06bd27e851f4bde266884eb400e89082afa4877ebe05650fd2a2c7e800d,2026,general,一般会計,2026_general_expenditure_03_01_01,医療的ケア児の笑顔を支える基金積立金,医療的ケア児の笑顔を支える基金積立金,障福＊障害保健福祉課,障福*障害保健福祉課,357,18746,1,derived
bpi_5f7e8094a7f7be9aa37f3cfc8805beb25f9a62a0c10da09f41875c7ac180ee3a,2026,general,一般会計,2026_general_expenditure_03_01_01,国民健康保険事業会計繰出金,国民健康保険事業会計繰出金,保政＊国保・年金課,保政*国保・年金課,357,8333112,1,derived
bpi_389fcf1740ecdfc48b05432462dbd9d7e6c2b173d7df1572cfe3a9ea138e8407,2026,general,一般会計,2026_general_expenditure_03_01_01,地区高齢者見守りネットワーク事業,地区高齢者見守りネットワーク事業,高福＊高齢福祉課,高福*高齢福祉課,357,7924,1,derived
bpi_3bdd80da87460bcca3a854da34d90cd59babcbab3aac497b254b0a9229770567,2026,general,一般会計,2026_general_expenditure_03_01_01,地域保健福祉審議会の運営,地域保健福祉審議会の運営,保政＊保健福祉政策課,保政*保健福祉政策課,357,7091,1,derived
bpi_3754428d0e1596e46d2eff249de7a62983d081fb585ab9d0c71e69a23e34c1cb,2026,general,一般会計,2026_general_expenditure_03_01_01,地域保健福祉等推進基金積立金,地域保健福祉等推進基金積立金,保政＊保健福祉政策課,保政*保健福祉政策課,357,58180,1,derived
bpi_b94acf74559d3eaf6ff1635ce5c4d363ea8c0aad316945afcdb4ddb4baa53c47,2026,general,一般会計,2026_general_expenditure_03_01_01,地域密着型サービス拠点等整備助成,地域密着型サービス拠点等整備助成,高福＊高齢福祉課,高福*高齢福祉課,357,181597,1,derived
bpi_86996e86ad25e45cd66dee2fabc3073de76ae06d4b6921f24412af5af13e9193,2026,general,一般会計,2026_general_expenditure_03_01_01,地域福祉活動等促進事業,地域福祉活動等促進事業,保政＊保健福祉政策課,保政*保健福祉政策課,357,17700,1,derived
bpi_62717f81d312e852c8baec4fd5cffa73054a97dc214e440199a8ae0908c28e00,2026,general,一般会計,2026_general_expenditure_03_01_01,地域福祉資源開発事業,地域福祉資源開発事業,保政＊生活福祉課,保政*生活福祉課,357,298236,1,derived
bpi_c45fc671d24f612128d83a50871aaa520e65ff21ad04dc98fd7b1e1c26adddc1,2026,general,一般会計,2026_general_expenditure_03_01_01,専門的人材の確保・養成事業,専門的人材の確保・養成事業,障福＊障害施策課,障福*障害施策課,357,15463,1,derived
bpi_acdb45b3058664263ef2dad0bc40ce264f9dbdeff2a0d684a1dfe3ec7d87ddbb,2026,general,一般会計,2026_general_expenditure_03_01_01,後期高齢者医療会計繰出金,後期高齢者医療会計繰出金,保政＊国保・年金課,保政*国保・年金課,357,10678717,1,derived
bpi_c6c365aff00db0787651c0494b98a06a84193a8fa05b63601bd68465a63f72f6,2026,general,一般会計,2026_general_expenditure_03_01_01,心身障害者医療費助成,心身障害者医療費助成,障福＊障害施策課,障福*障害施策課,357,494,1,derived
bpi_0ebada9cbe60a0d39534020f0cd38f66c40bdd997c8903a63b528d0776831969,2026,general,一般会計,2026_general_expenditure_03_01_01,成年後見制度,成年後見制度,保政＊生活福祉課,保政*生活福祉課,357,129999,1,derived
bpi_6121b619378d83393f8a2cf9969a5e96c6379f5ffb892ecdc07ee93ca6dc5150,2026,general,一般会計,2026_general_expenditure_03_01_01,旧軍人等の援護,旧軍人等の援護,保政＊生活福祉課,保政*生活福祉課,357,349,1,derived
bpi_0ef50a2f2165875673915b55c8016d00c1d61727ee0b52cbb38f563672983f8d,2026,general,一般会計,2026_general_expenditure_03_01_01,民生委員等活動,民生委員等活動,保政＊生活福祉課,保政*生活福祉課,357,111543,1,derived
bpi_a33d743660c3da7742fdcb1d17202433abc28ca5689e0a3cc242d738d47e278a,2026,general,一般会計,2026_general_expenditure_03_01_01,災害時ボランティア受入体制整備事業,災害時ボランティア受入体制整備事業,保政＊生活福祉課,保政*生活福祉課,357,43366,1,derived
bpi_71371e2cb82f0cfbd7e49dfd8879ed5a649cbdfa23fc73715110842b3e37cfd0,2026,general,一般会計,2026_general_expenditure_03_01_01,特別区区民葬儀助成事業,特別区区民葬儀助成事業,保政＊生活福祉課,保政*生活福祉課,357,23949,1,derived
bpi_1546b5e022f658a1703fa7d4f1a61b8b04f656ab848a47907ad5c4de84aa9cc0,2026,general,一般会計,2026_general_expenditure_03_01_01,特別養護老人ホーム等運営支援,特別養護老人ホーム等運営支援,高福＊高齢福祉課,高福*高齢福祉課,357,315439,1,derived
bpi_bfa673964bc0e45fbcadbde15b82b585b4c949a022d9038f050b7b1571a6a694,2026,general,一般会計,2026_general_expenditure_03_01_01,特定中国残留邦人等支援事業,特定中国残留邦人等支援事業,保政＊生活福祉課,保政*生活福祉課,357,45611,1,derived
bpi_27003b9bbd3b7ca821d77c733f0cf0e4ee51588f50951291030939b68c127dc8,2026,general,一般会計,2026_general_expenditure_03_01_01,生活保健事務（世田谷）,生活保健事務(世田谷),世センター＊生活支援課,世センター*生活支援課,357,11994,1,derived
bpi_7d18fe960c478149343ff2cc6638e4f5829cfaaeb6ac4c014d7e765b310ae609,2026,general,一般会計,2026_general_expenditure_03_01_01,生活保健事務（北沢）,生活保健事務(北沢),北センター＊生活支援課,北センター*生活支援課,357,11651,1,derived
bpi_c05fada2bcf8c4681b5b0fcb0d66ac47edc3a7308359046d88596504df4fe54b,2026,general,一般会計,2026_general_expenditure_03_01_01,生活保健事務（烏山）,生活保健事務(烏山),烏センター＊生活支援課,烏センター*生活支援課,357,12682,1,derived
bpi_362e7557e3636ddd0b8f07103d33c57763d049602598625c4375c6c410292200,2026,general,一般会計,2026_general_expenditure_03_01_01,生活保健事務（玉川）,生活保健事務(玉川),玉センター＊生活支援課,玉センター*生活支援課,357,14931,1,derived
bpi_08a83792bcf8f9fbe4139d83a5c2c7cf1f1bc2cca581d09329215e51d994efbd,2026,general,一般会計,2026_general_expenditure_03_01_01,生活保健事務（砧）,生活保健事務(砧),砧センター＊生活支援課,砧センター*生活支援課,357,14289,1,derived
bpi_8e78b4300e3721219224ec405cc4afb7ac5cddccc085bca5669a671b66611c6b,2026,general,一般会計,2026_general_expenditure_03_01_01,生活困窮者自立促進支援事業,生活困窮者自立促進支援事業,保政＊生活福祉課,保政*生活福祉課,357,320471,1,derived
bpi_d974b21cbe467b7437eaee7177ba809970ef5bfa4100fb88976f9122e4dbba54,2026,general,一般会計,2026_general_expenditure_03_01_01,生活安定支援事業,生活安定支援事業,保政＊生活福祉課,保政*生活福祉課,357,83898,1,derived
bpi_0ec65394b9f8a6cb37b26ccefab9a1e16204852d74cc9a349f1904f5fb45b43c,2026,general,一般会計,2026_general_expenditure_03_01_01,相談員業務（世田谷）,相談員業務(世田谷),世センター＊子家庭支援課,世センター*子家庭支援課,357,30,1,derived
bpi_35863752371e691c7328dbf6159d0232d45403966c661dd430f60fc317b29296,2026,general,一般会計,2026_general_expenditure_03_01_01,相談員業務（北沢）,相談員業務(北沢),北センター＊子家庭支援課,北センター*子家庭支援課,357,14,1,derived
bpi_b9c57260f92823abbf2ac3084b6395bbba5792f9e047457357f6b0dc36c2eb1d,2026,general,一般会計,2026_general_expenditure_03_01_01,相談員業務（烏山）,相談員業務(烏山),烏センター＊子家庭支援課,烏センター*子家庭支援課,357,16,1,derived
bpi_fe3c35ab6b0aa6ae1a9d2328de17dcfd5741735315691fea8d7f781050a2de90,2026,general,一般会計,2026_general_expenditure_03_01_01,相談員業務（玉川）,相談員業務(玉川),玉センター＊子家庭支援課,玉センター*子家庭支援課,357,14,1,derived
bpi_1568554cc1bfebcb93f31c508c4fe842894707d2cba12b073acd80c2671c8896,2026,general,一般会計,2026_general_expenditure_03_01_01,相談員業務（砧）,相談員業務(砧),砧センター＊子家庭支援課,砧センター*子家庭支援課,357,14,1,derived
bpi_de6c609fcdc138dbea76026917e9bf96333b52970941e2c140095ed68e11ad4b,2026,general,一般会計,2026_general_expenditure_03_01_01,社会福祉事業団運営助成,社会福祉事業団運営助成,高福＊高齢福祉課,高福*高齢福祉課,357,92679,1,derived
bpi_238f07f006d92f498f4fcb83c123550e1858f2318cb1f7cbba708c0928aa1f16,2026,general,一般会計,2026_general_expenditure_03_01_01,社会福祉協議会運営助成,社会福祉協議会運営助成,保政＊生活福祉課,保政*生活福祉課,357,398794,1,derived
bpi_503085965b495ba7c44790820b5ae9502e87c0261c05ac85c74c119eada163a7,2026,general,一般会計,2026_general_expenditure_03_01_01,社会福祉法人に対する障害者施設整備助成,社会福祉法人に対する障害者施設整備助成,障福＊障害地域生活課,障福*障害地域生活課,357,744,1,derived
bpi_34b03f75119ccb780953439dd183ea67af99e552a11b058a7e4eaffa8a9e2678,2026,general,一般会計,2026_general_expenditure_03_01_01,社会福祉法人に対する高齢者施設整備助成,社会福祉法人に対する高齢者施設整備助成,高福＊高齢福祉課,高福*高齢福祉課,357,43448,1,derived
bpi_ac4757046c5ab41a885d6874d3f42223fa295c91ec63943d427cb6894f9a1813,2026,general,一般会計,2026_general_expenditure_03_01_01,社会福祉法人の認可・指導検査,社会福祉法人の認可・指導検査,保政＊保健福祉政策課,保政*保健福祉政策課,357,2542,1,derived
bpi_47fc39f2fa618969d2497f5bd8e847169e47aef76c471711b5430ca0804e3434,2026,general,一般会計,2026_general_expenditure_03_01_01,福祉人材育成・研修センター運営事業,福祉人材育成・研修センター運営事業,保政＊保福推進課,保政*保福推進課,357,107060,1,derived
bpi_c82b5dc5974a761945a4b83400bbf75b63121a2e513f16638277ddd65ae5a1db,2026,general,一般会計,2026_general_expenditure_03_01_01,福祉資金貸付,福祉資金貸付,保政＊生活福祉課,保政*生活福祉課,357,13339,1,derived
bpi_e37200b5d66987b8f4daa766792ac35dbd8e92d31f0fbc0b8e646d9a492e17b2,2026,general,一般会計,2026_general_expenditure_03_01_01,移動困難者の移送システム,移動困難者の移送システム,障福＊障害地域生活課,障福*障害地域生活課,357,36693,1,derived
bpi_2ac95c25ce20e9c7a14d65f1e3cbacbbc3c77fffbfe6d6da4fa96b10884ee7c2,2026,general,一般会計,2026_general_expenditure_03_01_01,終活支援センター運営事業,終活支援センター運営事業,保政＊生活福祉課,保政*生活福祉課,357,68357,1,derived
bpi_570b598765c5651f36107b9d414ea199bef790da0b4e5e79dcbf62c50bf913ad,2026,general,一般会計,2026_general_expenditure_03_01_01,老人保健施設整備助成,老人保健施設整備助成,高福＊高齢福祉課,高福*高齢福祉課,357,13152,1,derived
bpi_5061c07eb8f56a96dd2da6cdaea0c3c3f7796ef0db0cfa4bec9e62aecc6bb980,2026,general,一般会計,2026_general_expenditure_03_01_01,行旅病人及死亡人取扱,行旅病人及死亡人取扱,保政＊生活福祉課,保政*生活福祉課,357,12653,1,derived
bpi_cf2e631b033922fd91a45185ea24bfc936b7b0e16fa962f7c9b7808d1627810a,2026,general,一般会計,2026_general_expenditure_03_01_01,路上生活対策事業,路上生活対策事業,保政＊生活福祉課,保政*生活福祉課,357,20876,1,derived
bpi_f7d2954f58007fc2550025f5f7aa57178b65a3a25aa88f2eccae5efc18117e42,2026,general,一般会計,2026_general_expenditure_03_01_01,避難行動要支援者支援の推進,避難行動要支援者支援の推進,保政＊保福推進課,保政*保福推進課,357,45642,1,derived
bpi_9bc868351e55fb0cd26fe03077e65fad77f14ac13e3fdbb6387be313d0c1742e,2026,general,一般会計,2026_general_expenditure_03_01_01,障害福祉部庶務事務,障害福祉部庶務事務,障福＊障害施策課,障福*障害施策課,357,2326,1,derived
bpi_e7fa3b930e1be3fc765da0391c0432f4e98c9bbb9705a1ab280f9fce80bcc20d,2026,general,一般会計,2026_general_expenditure_03_01_01,障害者グループホーム整備助成,障害者グループホーム整備助成,障福＊障害地域生活課,障福*障害地域生活課,357,16472,1,derived
bpi_f1d920a449ca435023f84c5d79578e28e189e6d6e688ae734da9c937a7b3b0ae,2026,general,一般会計,2026_general_expenditure_03_01_01,障害者サービス広報事業,障害者サービス広報事業,障福＊障害施策課,障福*障害施策課,357,5589,1,derived
bpi_ebf1f3a64d011092e963d53f304265610bbb702c71be73dba92204b68992f62d,2026,general,一般会計,2026_general_expenditure_03_01_01,障害者差別解消推進,障害者差別解消推進,障福＊障害施策課,障福*障害施策課,357,15504,1,derived
bpi_f4e3907175df3fb3408f209018b9b2ca7311dbb6900301381ffbfb1fd143ca74,2026,general,一般会計,2026_general_expenditure_03_01_01,障害者施設整備促進等事業,障害者施設整備促進等事業,障福＊障害地域生活課,障福*障害地域生活課,357,71729,1,derived
bpi_611fa5b6c957992e4782608e8a6472641341ce042adaaad0d9fdb53299f132c2,2026,general,一般会計,2026_general_expenditure_03_01_01,障害者福祉施策の計画・調整,障害者福祉施策の計画・調整,障福＊障害施策課,障福*障害施策課,357,30316,1,derived
bpi_e72384395b2ae9e534a1102546ee3354bb8fedb525293cd58df6409b1fd24a9c,2026,general,一般会計,2026_general_expenditure_03_01_01,障害認定審査事務運営,障害認定審査事務運営,障福＊障害施策課,障福*障害施策課,357,19783,1,derived
bpi_5fef65ac07db7dc3768325945f85eeca35b518a4b6845f6054365106c587fae6,2026,general,一般会計,2026_general_expenditure_03_01_01,高齢福祉部庶務事務,高齢福祉部庶務事務,高福＊高齢福祉課,高福*高齢福祉課,357,2225,1,derived
bpi_626ba2a51b9c462a4f7a5d54988d18fe15de9f101795c6b8a3a2cc2525a0ffed,2026,general,一般会計,2026_general_expenditure_03_01_01,高齢福祉部運営事業,高齢福祉部運営事業,高福＊高齢福祉課,高福*高齢福祉課,357,39734,1,derived
bpi_233e8dfc6624f18fd57f88bbb5753e40aeaddeadc05a3fe42abbb54c91d131f9,2026,general,一般会計,2026_general_expenditure_03_01_02,あんしん見守り事業,あんしん見守り事業,高福＊介護予防・支援課,高福*介護予防・支援課,363,134104,1,derived
bpi_b891ab06104e73fa714d4614a1cfec9ff42b49dca8c0c7e852eb690becad7be9,2026,general,一般会計,2026_general_expenditure_03_01_02,ひとりぐらし高齢者の安全確保,ひとりぐらし高齢者の安全確保,高福＊高齢福祉課,高福*高齢福祉課,363,24374,1,derived
bpi_74b70512477d826dc6458deb87e2ef31c6202deb1909261c5376a04967215ab2,2026,general,一般会計,2026_general_expenditure_03_01_02,ひとりぐらし高齢者等状況把握,ひとりぐらし高齢者等状況把握,高福＊高齢福祉課,高福*高齢福祉課,363,2022,1,derived
bpi_dbbbf5203c74913965b261558e2bc2884db722f9ebfc89080b282a592c94605b,2026,general,一般会計,2026_general_expenditure_03_01_02,ひとりぐらし高齢者見守り機器補助事業,ひとりぐらし高齢者見守り機器補助事業,高福＊高齢福祉課,高福*高齢福祉課,363,5980,1,derived
bpi_546e83b12fc9d686cd316c2682140b2a5643f16ea9b91f6e400bc79a5f1ccd37,2026,general,一般会計,2026_general_expenditure_03_01_02,シニアボランティアポイント事業,シニアボランティアポイント事業,高福＊介護保険課,高福*介護保険課,363,2925,1,derived
bpi_aad5c45f028086408560f664a1481c914f097ebf34beb1a0a28efc2c706f91c9,2026,general,一般会計,2026_general_expenditure_03_01_02,一時生活援助施設運営,一時生活援助施設運営,高福＊高齢福祉課,高福*高齢福祉課,363,40905,1,derived
bpi_2bc4b15ad40b4a07db248a5de038814f366a8a31e49a024262823083bd3fd9ea,2026,general,一般会計,2026_general_expenditure_03_01_02,一般介護予防事業,一般介護予防事業,高福＊介護予防・支援課,高福*介護予防・支援課,363,55725,1,derived
bpi_510c609f4c923fc1ff036ec3b779db407be8fb2ddd4ed91d8e14936333558eb2,2026,general,一般会計,2026_general_expenditure_03_01_02,介護予防施策推進事業,介護予防施策推進事業,高福＊介護予防・支援課,高福*介護予防・支援課,363,49591,1,derived
bpi_6b2f3519f7d0090ac34b28dfd94494a615bdb00ee0022e685224731980b002f4,2026,general,一般会計,2026_general_expenditure_03_01_02,地域包括支援センター事務委託,地域包括支援センター事務委託,高福＊介護予防・支援課,高福*介護予防・支援課,363,99028,1,derived
bpi_de7721d58c48290903fb78f7388dbd525502c8067d987ad2a0180a35e156af5f,2026,general,一般会計,2026_general_expenditure_03_01_02,地域包括支援センター認知症社会参加推進事業,地域包括支援センター認知症社会参加推進事業,高福＊介護予防・支援課,高福*介護予防・支援課,363,4277,1,derived
bpi_4bf6a4b7dc1193b7912000d17491a175e96d19dc6e40e9d646a58acdb6e07378,2026,general,一般会計,2026_general_expenditure_03_01_02,地域包括支援センター運営委託,地域包括支援センター運営委託,高福＊介護予防・支援課,高福*介護予防・支援課,363,717231,1,derived
bpi_919a4c87bb7f42054862aede62d91e52e1840380f8a13c2e3fc46ce2a2c9d5d4,2026,general,一般会計,2026_general_expenditure_03_01_02,地域包括支援センター障害者・子育て家庭等相談事業,地域包括支援センター障害者・子育て家庭等相談事業,高福＊介護予防・支援課,高福*介護予防・支援課,363,272887,1,derived
bpi_22044e201e2a5f494b877bf06ef1e6f2b3b9d52ee1690b084f9644fdaf5cc01c,2026,general,一般会計,2026_general_expenditure_03_01_02,慶祝事業,慶祝事業,高福＊高齢福祉課,高福*高齢福祉課,363,46389,1,derived
bpi_17b5e8c7016a06c0d4c7ece29737bd27e477e5abdbf272dfd91f62d05cd9cd82,2026,general,一般会計,2026_general_expenditure_03_01_02,支えあいミニデイ支援の推進,支えあいミニデイ支援の推進,高福＊高齢福祉課,高福*高齢福祉課,363,4559,1,derived
bpi_6b8232e4fb55f92bdbdbcd75ac7401f3fb4b1f9a915f884a6416c368dadd198f,2026,general,一般会計,2026_general_expenditure_03_01_02,民生委員ふれあい訪問,民生委員ふれあい訪問,高福＊高齢福祉課,高福*高齢福祉課,363,7525,1,derived
bpi_bd482fb02dfd2b7d23b6056c43a42481a34645424e6f602e8933258d5dfd38a4,2026,general,一般会計,2026_general_expenditure_03_01_02,生活支援体制整備事業,生活支援体制整備事業,高福＊介護予防・支援課,高福*介護予防・支援課,363,120000,1,derived
bpi_234f820a3434b1f4f2aaa08533f1a35cba5c4a72c07ca2ff7f2aefb5855c2963,2026,general,一般会計,2026_general_expenditure_03_01_02,生計困難者負担軽減事業,生計困難者負担軽減事業,高福＊介護保険課,高福*介護保険課,363,45125,1,derived
bpi_e96d42a3b8e6a108aa1ce2e8575714e5653a051499caaff6da27f2cc4db0bbe6,2026,general,一般会計,2026_general_expenditure_03_01_02,福祉緊急対応,福祉緊急対応,高福＊高齢福祉課,高福*高齢福祉課,363,15263,1,derived
bpi_29700f9c1af9e5a0924069c05621ebcbe28fa74d9e71c2828463eee94894668f,2026,general,一般会計,2026_general_expenditure_03_01_02,認知症在宅生活サポートセンター認知症社会参加推進事業,認知症在宅生活サポートセンター認知症社会参加推進事業,高福＊介護予防・支援課,高福*介護予防・支援課,363,2675,1,derived
bpi_0005e1c9534100821b30f68dddfefb0f6581363263975a9b8e609894dc283463,2026,general,一般会計,2026_general_expenditure_03_01_02,認知症施策運営事業,認知症施策運営事業,高福＊介護予防・支援課,高福*介護予防・支援課,363,13153,1,derived
bpi_5ef1a8da6724c02dc4d6870b123f5f3a4d61e3411cf8ab60ee241dbcad0516c2,2026,general,一般会計,2026_general_expenditure_03_01_02,養護老人ホーム入所措置,養護老人ホーム入所措置,高福＊高齢福祉課,高福*高齢福祉課,363,192756,1,derived
bpi_4390775efdc0d0eb85b048d295e20deff88dec6632f44967556b0afd933f7bc3,2026,general,一般会計,2026_general_expenditure_03_01_02,高齢者おむつ支給,高齢者おむつ支給,高福＊高齢福祉課,高福*高齢福祉課,363,193309,1,derived
bpi_04afc305ad3e48fdf65a4f665ed4a7218a84afe67ff8bc062b8e6e9c730fbe5a,2026,general,一般会計,2026_general_expenditure_03_01_02,高齢者はり・灸・マッサージサービス,高齢者はり・灸・マッサージサービス,高福＊高齢福祉課,高福*高齢福祉課,363,26877,1,derived
bpi_e2e29f5a7ccfac3e60670d1719f5e4dde101f6a73895e01c47cd08c78b209e3e,2026,general,一般会計,2026_general_expenditure_03_01_02,高齢者コミュニケーションサービス,高齢者コミュニケーションサービス,高福＊高齢福祉課,高福*高齢福祉課,363,150826,1,derived
bpi_32ead6cb1221d203409f476c7270d953671d8a8a290afa6cc7ca7216bb2ec9d2,2026,general,一般会計,2026_general_expenditure_03_01_02,高齢者スマートフォン購入費助成,高齢者スマートフォン購入費助成,高福＊高齢福祉課,高福*高齢福祉課,363,0,1,derived
bpi_00eb4194255d32e902c2af8b2a19453e9af1ee04e8a62f869039557bdf89be9c,2026,general,一般会計,2026_general_expenditure_03_01_02,高齢者会食サービス,高齢者会食サービス,高福＊高齢福祉課,高福*高齢福祉課,363,6628,1,derived
bpi_deae814fd5959224ec7b09efdd478a76c3c939149befdddfb6d7b732f5b63b09,2026,general,一般会計,2026_general_expenditure_03_01_02,高齢者住宅改修助成,高齢者住宅改修助成,高福＊高齢福祉課,高福*高齢福祉課,363,6264,1,derived
bpi_3185b834105801ef1e808729a34c7f7a3a358ab284d54e82a3514c1cc3339206,2026,general,一般会計,2026_general_expenditure_03_01_02,高齢者在宅サービスセンター維持管理,高齢者在宅サービスセンター維持管理,高福＊高齢福祉課,高福*高齢福祉課,363,170978,1,derived
bpi_301ca3e3126dd2c48111fd523a67221c5fc573ecf138f82e64a52bf11f4b3d0b,2026,general,一般会計,2026_general_expenditure_03_01_02,高齢者寝具乾燥・訪問理美容サービス,高齢者寝具乾燥・訪問理美容サービス,高福＊高齢福祉課,高福*高齢福祉課,363,50009,1,derived
bpi_4ff711d08b714e4254a287a54ef3c1a135f8ef897ab3bfa94f5545b068c987b5,2026,general,一般会計,2026_general_expenditure_03_01_02,高齢者補聴器購入費助成,高齢者補聴器購入費助成,高福＊高齢福祉課,高福*高齢福祉課,363,44956,1,derived
bpi_11bb8e55b2855b6d81e581900bc84042892fc68e33d0aa825cc4ddd41f2fbaa7,2026,general,一般会計,2026_general_expenditure_03_01_03,乳幼児育成相談事業運営,乳幼児育成相談事業運営,障福＊障害保健福祉課,障福*障害保健福祉課,367,135074,1,derived
bpi_4ef4b1710cbcd16624510e339ba7a58f742dc9357075de6230ed2f0d2ecb30b8,2026,general,一般会計,2026_general_expenditure_03_01_03,介護者リフレッシュ,介護者リフレッシュ,障福＊障害施策課,障福*障害施策課,367,273,1,derived
bpi_51bb4176098e3be73c7e2f49050ddef081c00301d6d46035a9dbdb1a9f6a9c02,2026,general,一般会計,2026_general_expenditure_03_01_03,地域生活支援拠点等整備事業,地域生活支援拠点等整備事業,障福＊障害施策課,障福*障害施策課,367,48050,1,derived
bpi_ec20c8eb551522aad785dd39ca3def6440a30e8e84962e2a939e4114839d4e74,2026,general,一般会計,2026_general_expenditure_03_01_03,基幹相談支援センター事業運営,基幹相談支援センター事業運営,障福＊障害保健福祉課,障福*障害保健福祉課,367,50749,1,derived
bpi_f4b6bdcfa52a682c9e5acf43772c7da3616cfc7762e5e722da3ae93ed6d7062f,2026,general,一般会計,2026_general_expenditure_03_01_03,技術支援（児童福祉施設）事業運営,技術支援(児童福祉施設)事業運営,障福＊障害保健福祉課,障福*障害保健福祉課,367,11096,1,derived
bpi_3e0a13fa32c2e4fd5abc7c22cb416f5bfd04ca190d9e605d362e88ba5e5d9133,2026,general,一般会計,2026_general_expenditure_03_01_03,更生訓練費助成,更生訓練費助成,障福＊障害施策課,障福*障害施策課,367,1683,1,derived
bpi_0f4ba773de0e2706d0e28fb831c60e3510f394794493940d223aa9582081dc8a,2026,general,一般会計,2026_general_expenditure_03_01_03,民間空襲等被害者見舞金支給,民間空襲等被害者見舞金支給,障福＊障害施策課,障福*障害施策課,367,661,1,derived
bpi_865d124a78f424333c91d18be34c08d778b3880ed7079cb5af22fbab3bb1d4a5,2026,general,一般会計,2026_general_expenditure_03_01_03,精神保健福祉団体連携事業,精神保健福祉団体連携事業,障福＊障害施策課,障福*障害施策課,367,900,1,derived
bpi_f8d3c953cd52e3e0d3810602fe6c37cda8a278653756b74d57ed2ac5e6e211c5,2026,general,一般会計,2026_general_expenditure_03_01_03,精神障害者ピアサポート支援事業,精神障害者ピアサポート支援事業,障福＊障害保健福祉課,障福*障害保健福祉課,367,12732,1,derived
bpi_8c02ca57d651706c0a5f6891941a9b091145605f2a62e7a880e18ac876a5fda9,2026,general,一般会計,2026_general_expenditure_03_01_03,自立支援医療,自立支援医療,障福＊障害施策課,障福*障害施策課,367,732745,1,derived
bpi_96500fbc7982f1a419de547d68d78b90363fff00b77403fa4d7a3d50777b87b5,2026,general,一般会計,2026_general_expenditure_03_01_03,被爆者見舞金,被爆者見舞金,障福＊障害施策課,障福*障害施策課,367,2334,1,derived
bpi_38d9ee5ec6b6bcc4487239a93a05987e9793c849e0e499bd31aa5247b0b44474,2026,general,一般会計,2026_general_expenditure_03_01_03,補装具給付,補装具給付,障福＊障害施策課,障福*障害施策課,367,169612,1,derived
bpi_e539d08f939c50ff5109f0d23b21cf94560ab8f21478dc9379669651fd2153f6,2026,general,一般会計,2026_general_expenditure_03_01_03,身体障害者及知的障害者相談員活動,身体障害者及知的障害者相談員活動,障福＊障害施策課,障福*障害施策課,367,1104,1,derived
bpi_c118baf1d0fa9a6650908f5c163d09c8c8e1ffc6eb355f7b60fd3056f17619b5,2026,general,一般会計,2026_general_expenditure_03_01_03,重度脳性麻痺者介護人派遣,重度脳性麻痺者介護人派遣,障福＊障害施策課,障福*障害施策課,367,21478,1,derived
bpi_d71c3214aaa2b06dc95207d34ea7b6f0d455da6e824cc226d96e7114f81638d5,2026,general,一般会計,2026_general_expenditure_03_01_03,障害児入所給付費,障害児入所給付費,子若＊児童相談支援課,子若*児童相談支援課,367,67924,1,derived
bpi_74ef728f2b642d3487427b02347bc3262ff3e657c93600fd239841ecd547b517,2026,general,一般会計,2026_general_expenditure_03_01_03,障害理解促進,障害理解促進,障福＊障害施策課,障福*障害施策課,367,2979,1,derived
bpi_05ccdace37543c7e13cfcc5941d378576af58b65f20a433288cfe09a02421a8d,2026,general,一般会計,2026_general_expenditure_03_01_03,障害者おむつ支給,障害者おむつ支給,障福＊障害施策課,障福*障害施策課,367,55104,1,derived
bpi_af7b0118419619c00333fd8822c7e8bce2fe2f386a5706d6b651a626d688f77f,2026,general,一般会計,2026_general_expenditure_03_01_03,障害者グループホーム事業等助成,障害者グループホーム事業等助成,障福＊障害施策課,障福*障害施策課,367,37041,1,derived
bpi_4f9ad83f2b43b70781f8bf13d76a552839085b06c3395d02a12d7b5d58fe5898,2026,general,一般会計,2026_general_expenditure_03_01_03,障害者コミュニケーションサービス,障害者コミュニケーションサービス,障福＊障害施策課,障福*障害施策課,367,62771,1,derived
bpi_39e9fd68b4d06f857cf08be47b46b05f303b047be9c3a2cf5f21664442fec9c6,2026,general,一般会計,2026_general_expenditure_03_01_03,障害者ホームヘルパー等派遣,障害者ホームヘルパー等派遣,障福＊障害施策課,障福*障害施策課,367,103229,1,derived
bpi_c5ea5af5346e53f2cb7d84cfaee1cf2ed42cfa57261fc96442c8ad18f9a96444,2026,general,一般会計,2026_general_expenditure_03_01_03,障害者入浴サービス,障害者入浴サービス,障福＊障害施策課,障福*障害施策課,367,69562,1,derived
bpi_6d9cc7fd9e5d60d267e8e245de4482de32b2ab5315541c3f8c94097ee06f441d,2026,general,一般会計,2026_general_expenditure_03_01_03,障害者団体支援,障害者団体支援,障福＊障害施策課,障福*障害施策課,367,10467,1,derived
bpi_44bedc77e6f3c87929b778ac6add2142d53e4b67f58f0da19fd4217ba03c1be9,2026,general,一般会計,2026_general_expenditure_03_01_03,障害者団体活動支援,障害者団体活動支援,障福＊障害施策課,障福*障害施策課,367,1915,1,derived
bpi_0644fe3d149816b62b4149ebf30597ba8ff6b13fdecccd4811f6295afeadeed6,2026,general,一般会計,2026_general_expenditure_03_01_03,障害者寝具乾燥・訪問理美容サービス,障害者寝具乾燥・訪問理美容サービス,障福＊障害施策課,障福*障害施策課,367,6716,1,derived
bpi_c0518452b8effd4f79e81a32125ad81611708108cc1319ae3bdae965689d37fa,2026,general,一般会計,2026_general_expenditure_03_01_03,障害者専門相談事業運営,障害者専門相談事業運営,障福＊障害保健福祉課,障福*障害保健福祉課,367,171528,1,derived
bpi_2a5de5c23ed57145e5333153c170ea8b77cb637794705a22748cf3eddb0259ea,2026,general,一般会計,2026_general_expenditure_03_01_03,障害者日常生活用具等給付,障害者日常生活用具等給付,障福＊障害施策課,障福*障害施策課,367,171631,1,derived
bpi_fd92a91d10b5432e3dcf7886f17e6641d8fc90ba5437e5ab5f5a6c5574eca3bf,2026,general,一般会計,2026_general_expenditure_03_01_03,障害者相談支援,障害者相談支援,障福＊障害保健福祉課,障福*障害保健福祉課,367,365498,1,derived
bpi_d8d618a0946e2bf871464575be14f61fcb8d5a1fce3470f5cb79468147a81cf0,2026,general,一般会計,2026_general_expenditure_03_01_03,障害者福祉手当,障害者福祉手当,障福＊障害施策課,障福*障害施策課,367,2393999,1,derived
bpi_08a0f3399991bd6c6715612228adda3fc2f51c07ee0f3ab7578de791e3dc1a87,2026,general,一般会計,2026_general_expenditure_03_01_03,障害者緊急介護人派遣,障害者緊急介護人派遣,障福＊障害施策課,障福*障害施策課,367,132344,1,derived
bpi_047d6c357195a49493ced0f96b3fd560270269f544009056cdd8bfbc434c1495,2026,general,一般会計,2026_general_expenditure_03_01_03,障害者自動車利用支援,障害者自動車利用支援,障福＊障害地域生活課,障福*障害地域生活課,367,356216,1,derived
bpi_be7553f41733bb99a982ad78c0f0049f541fe54a9cecd4ab5b6af2973d55ff32,2026,general,一般会計,2026_general_expenditure_03_01_03,障害者自立支援給付,障害者自立支援給付,障福＊障害施策課,障福*障害施策課,367,24339654,1,derived
bpi_d7550c3bad812006d6c23f6647a16c9058f2f4b21faf30ae2e357a6e4494ca27,2026,general,一般会計,2026_general_expenditure_03_01_03,障害者虐待防止推進事業,障害者虐待防止推進事業,障福＊障害施策課,障福*障害施策課,367,4038,1,derived
bpi_aea3087bc39dafeb71db90b02aafb23c48df2b1e900b5335089e402f77fa7bd2,2026,general,一般会計,2026_general_expenditure_03_01_03,障害者親亡きあと対策,障害者親亡きあと対策,障福＊障害施策課,障福*障害施策課,367,112,1,derived
bpi_dbeb6ae858915eff98e09f6ac65509f2a196bc88a97284eddd0b5f57310b2a6b,2026,general,一般会計,2026_general_expenditure_03_01_03,障害者設備改善費給付,障害者設備改善費給付,障福＊障害施策課,障福*障害施策課,367,12794,1,derived
bpi_8e2e95cca57fb8aa9780123431853e2491b20627037db62cea40ae8d1e39e804,2026,general,一般会計,2026_general_expenditure_03_01_03,障害者配食サービス,障害者配食サービス,障福＊障害施策課,障福*障害施策課,367,5514,1,derived
bpi_10901dcb4f36e4e2906298365c9b7b429be43092d9a30ac69479fac4b0ee16d5,2026,general,一般会計,2026_general_expenditure_03_01_16,グループホーム運営助成,グループホーム運営助成,障福＊障害地域生活課,障福*障害地域生活課,369,166634,1,derived
bpi_1b8778dd282b915ae4c6575bd79108425b3ea453e8833d033d972fd4fc5c3722,2026,general,一般会計,2026_general_expenditure_03_01_16,児童発達支援運営,児童発達支援運営,障福＊障害保健福祉課,障福*障害保健福祉課,369,16485,1,derived
bpi_8022f874cd03bd0d45b36bfc6e8e5dcb3b3e3ca7d07c159d7c6242e498985685,2026,general,一般会計,2026_general_expenditure_03_01_16,地域活動支援センター運営助成,地域活動支援センター運営助成,障福＊障害地域生活課,障福*障害地域生活課,369,50652,1,derived
bpi_9fad8289f5aa68ac515874dc66a106ad20b8c6ba3d56dd6d8314a155a37e2522,2026,general,一般会計,2026_general_expenditure_03_01_16,就労移行・継続支援事業運営,就労移行・継続支援事業運営,障福＊障害地域生活課,障福*障害地域生活課,369,1742891,1,derived
bpi_2dd5a1644a8468b5b1c40744efa9e5b262af17ee28445a81bccf2c693d0541a6,2026,general,一般会計,2026_general_expenditure_03_01_16,放課後等デイサービス運営助成,放課後等デイサービス運営助成,障福＊障害保健福祉課,障福*障害保健福祉課,369,4203,1,derived
bpi_e8eb68dd92f5ee9cfc1d7b973b15adbab7660276ec630760f33cfbfe4bd4dcea,2026,general,一般会計,2026_general_expenditure_03_01_16,梅ヶ丘拠点障害児通所事業運営助成,梅ヶ丘拠点障害児通所事業運営助成,障福＊障害保健福祉課,障福*障害保健福祉課,369,81454,1,derived
bpi_74afc807dda9ded9b60e96c4d7e9fc94cf4a4c57226d3ecedbabda0275fc5c9b,2026,general,一般会計,2026_general_expenditure_03_01_16,梅ヶ丘拠点障害者支援施設運営助成,梅ヶ丘拠点障害者支援施設運営助成,障福＊障害地域生活課,障福*障害地域生活課,369,190370,1,derived
bpi_cd037da26e8c85d54176f7db24ef8082ad285bb27812b79ce63d7ba0333aae08,2026,general,一般会計,2026_general_expenditure_03_01_16,生活介護事業運営,生活介護事業運営,障福＊障害地域生活課,障福*障害地域生活課,369,3541113,1,derived
bpi_d2cf22f6c946b30b666d549e7cea474e4fceffcc4c1e009aab1f61b02b120b7c,2026,general,一般会計,2026_general_expenditure_03_01_16,福祉施設等送迎バスのネットワーク運行,福祉施設等送迎バスのネットワーク運行,障福＊障害地域生活課,障福*障害地域生活課,369,83397,1,derived
bpi_a0e9577342786c020a22796e2cca204df41dd09fdff99b7b54416d3fb2c87a9b,2026,general,一般会計,2026_general_expenditure_03_01_16,配慮を要する児童への支援事業,配慮を要する児童への支援事業,障福＊障害保健福祉課,障福*障害保健福祉課,369,546669,1,derived
bpi_2eecbc741bc5086b26093044c836930023a951b047f970e084ab84fae2f0e4f7,2026,general,一般会計,2026_general_expenditure_03_01_16,重症心身障害児（者）通園施設運営助成,重症心身障害児(者)通園施設運営助成,障福＊障害保健福祉課,障福*障害保健福祉課,369,211329,1,derived
bpi_b1ca84830e2ff5cd0712ff5071c71406f867b8ba105b97e31e82c8126b0d7c15,2026,general,一般会計,2026_general_expenditure_03_01_16,障害児施設改修,障害児施設改修,障福＊障害保健福祉課,障福*障害保健福祉課,369,164866,1,derived
bpi_0a1f1f3d2c84f902c1900604110f867cc705e9c982315de28561f36eae67e5aa,2026,general,一般会計,2026_general_expenditure_03_01_16,障害児施設維持管理,障害児施設維持管理,障福＊障害保健福祉課,障福*障害保健福祉課,369,4097,1,derived
bpi_d0efae81788048e9ec2fb0e0bf881a8c3713978727d2028bde187d13de2d19d8,2026,general,一般会計,2026_general_expenditure_03_01_16,障害施設維持管理,障害施設維持管理,障福＊障害地域生活課,障福*障害地域生活課,369,345625,1,derived
bpi_4fe0a4eb3c9e0eb1bdd7d3ceb568f6d49bb8de5c8d0934feeeae24aa56e3c964,2026,general,一般会計,2026_general_expenditure_03_01_16,障害者休養ホームひまわり荘運営管理,障害者休養ホームひまわり荘運営管理,障福＊障害地域生活課,障福*障害地域生活課,369,148108,1,derived
bpi_180086237b7ddafd50b3a1c0c7e3ea14f117ac00c05445873d7580dbfbccd086,2026,general,一般会計,2026_general_expenditure_03_01_16,障害者就労促進事業,障害者就労促進事業,障福＊障害地域生活課,障福*障害地域生活課,369,213992,1,derived
bpi_ec45351d16bba62810ce70f3037ef5f13968d1c4830ea9ed8b1b32f9954d20d5,2026,general,一般会計,2026_general_expenditure_03_01_16,障害者授産事業,障害者授産事業,障福＊障害地域生活課,障福*障害地域生活課,369,93468,1,derived
bpi_87196e88176ea30ca18d7420a2ab8cb66465479c07bf4c61a5969ebc9534fbac,2026,general,一般会計,2026_general_expenditure_03_01_16,障害者施設改修,障害者施設改修,障福＊障害地域生活課,障福*障害地域生活課,369,155993,1,derived
bpi_b51025445837cb1320053362a68bc33800a3c336fb0999297cc41f1e1a08f435,2026,general,一般会計,2026_general_expenditure_03_01_16,障害者施設等運営助成,障害者施設等運営助成,障福＊障害地域生活課,障福*障害地域生活課,369,8607,1,derived
bpi_6d4dcae0b0c2dd6f29b9aa89a75555f03c4c9a6a030f36453a05dc2227966192,2026,general,一般会計,2026_general_expenditure_03_01_16,障害者短期入所等事業,障害者短期入所等事業,障福＊障害地域生活課,障福*障害地域生活課,369,226622,1,derived
bpi_b8f1327febb9ab5bc0553cce3212760e002b7d952586aecbecd2479c78c66958,2026,general,一般会計,2026_general_expenditure_03_01_16,障害者自立体験等運営事業,障害者自立体験等運営事業,障福＊障害地域生活課,障福*障害地域生活課,369,85807,1,derived
bpi_375877c7760684d65098bc7027452cbbf0d8fa2b814f2d40436828b3b939189c,2026,general,一般会計,2026_general_expenditure_03_01_17,高齢者福祉施設改修工事,高齢者福祉施設改修工事,高福＊高齢福祉課,高福*高齢福祉課,371,111921,1,derived
bpi_707e10a0154b52f946c23b02d77026ae345d498b4de22f9d8a7460999980a4e5,2026,general,一般会計,2026_general_expenditure_03_01_20,国民年金運営事業,国民年金運営事業,保政＊国保・年金課,保政*国保・年金課,371,3009,1,derived
bpi_41040ca747d4a337137a00fa3d6aead795e46721cd32e0936d92cdb3f6a7b468,2026,general,一般会計,2026_general_expenditure_03_02_01,ひとり親家庭への支援,ひとり親家庭への支援,子若＊子ども家庭課,子若*子ども家庭課,375,250643,1,derived
bpi_aebac0a970f1bf72d9643bf1478e4d1fb84cd3538b4a5ec387896d996550745a,2026,general,一般会計,2026_general_expenditure_03_02_01,ひとり親家庭休養ホーム事業,ひとり親家庭休養ホーム事業,子若＊子ども家庭課,子若*子ども家庭課,375,4085,1,derived
bpi_d95351e271cf75f188df86946de66bcfd7376720c26b8ddb88f990c93677f157,2026,general,一般会計,2026_general_expenditure_03_02_01,セーフティネットの整備,セーフティネットの整備,子若＊児童相談支援課,子若*児童相談支援課,375,123601,1,derived
bpi_020d87bdb6f88645e4edc52434ec6ef3f834637ed366ef07f96a394c3dedd7d4,2026,general,一般会計,2026_general_expenditure_03_02_01,ベビーシッター利用支援事業,ベビーシッター利用支援事業,子若＊保育認定・調整課,子若*保育認定・調整課,375,513127,2,derived
bpi_15f759386bff78caae9a8775d18f5fbbd82e3aa1fffbbcdd41663717e29a5e02,2026,general,一般会計,2026_general_expenditure_03_02_01,ユースリーダー事業,ユースリーダー事業,子若＊子ども・若者支援課,子若*子ども・若者支援課,375,0,1,derived
bpi_334db6a3dd0d9c58134787810e381492413fff8c49334c2d84cf3c76ee0bcda1,2026,general,一般会計,2026_general_expenditure_03_02_01,保育室制度運営,保育室制度運営,子若＊保育認定・調整課,子若*保育認定・調整課,375,43798,1,derived
bpi_f54fe13212d6851386a6b4e64de6d4c79f4d43c64183365c6c7c1e5617fcf8b1,2026,general,一般会計,2026_general_expenditure_03_02_01,保育料負担軽減補助,保育料負担軽減補助,子若＊保育認定・調整課,子若*保育認定・調整課,375,3235569,1,derived
bpi_b84a2e04cee22e24ceb1fc05f9893b7df32d865c115ca33bc91ac1ac10a4e9eb,2026,general,一般会計,2026_general_expenditure_03_02_01,保育施設等の質の向上,保育施設等の質の向上,子若＊保育課,子若*保育課,375,6508,1,derived
bpi_432b1f156ce121d6262f945bc142b1f5ff88627160d30d1f63605210c47199e5,2026,general,一般会計,2026_general_expenditure_03_02_01,保育運営事業,保育運営事業,子若＊保育課,子若*保育課,375,260801,1,derived
bpi_155b0a4afd1e1672ef742de3ffcfda5c20b0aaf1a6b78c411e2b85452db0de6a,2026,general,一般会計,2026_general_expenditure_03_02_01,児童運営事業,児童運営事業,子若＊児童課,子若*児童課,375,488,1,derived
bpi_10341c8b5250eff2f71a18d11b37d1dd98a3f18c1db1b4ad3057f8d0cee352c8,2026,general,一般会計,2026_general_expenditure_03_02_01,児童養護施設退所者等奨学・自立支援基金積立金,児童養護施設退所者等奨学・自立支援基金積立金,子若＊児童相談支援課,子若*児童相談支援課,375,65454,1,derived
bpi_3ea3f531cb03fbe92dfe93e5bf1dcea6429b378686e853aaf49b4dc052c49bfa,2026,general,一般会計,2026_general_expenditure_03_02_01,児童養護施設退所者等奨学・自立支援金,児童養護施設退所者等奨学・自立支援金,子若＊児童相談支援課,子若*児童相談支援課,375,40431,1,derived
bpi_6605cd83287c40610b0aa32ffc8cae989f94b531663e196d1421ff40eb1878c8,2026,general,一般会計,2026_general_expenditure_03_02_01,児童養護施設退所者等支援事業,児童養護施設退所者等支援事業,子若＊児童相談支援課,子若*児童相談支援課,375,50685,1,derived
bpi_3618c9e0d1187b4e45eff6fe46814fc992f29fd6008a5a3b18e527e5d8104b4e,2026,general,一般会計,2026_general_expenditure_03_02_01,児童館を拠点とした見守りネットワーク強化,児童館を拠点とした見守りネットワーク強化,子若＊児童課,子若*児童課,375,7360,1,derived
bpi_c2311388ecf39ba0351c09d83be65fc55c84481aee24607b3c958df058e81648,2026,general,一般会計,2026_general_expenditure_03_02_01,医療的ケア児預かりの充実,医療的ケア児預かりの充実,子若＊保育課,子若*保育課,375,3279,1,derived
bpi_7686c4156e6b6b8d72792aa24ed226581ec8c9abfc20acc82cea9a03366664d9,2026,general,一般会計,2026_general_expenditure_03_02_01,単独施設型一時保育事業,単独施設型一時保育事業,子若＊保育課,子若*保育課,375,41672,1,derived
bpi_8a0f54d9e647e1a2b62e1075cb7040e5db102777c0d4afc9e87058e56ea4e4fb,2026,general,一般会計,2026_general_expenditure_03_02_01,在宅子育て支援,在宅子育て支援,子若＊子ども家庭課,子若*子ども家庭課,375,1100843,1,derived
bpi_89548b55badd66f793b1bc6bfb40f4c5cbc384d69b65510de364dc5dfb8faa3c,2026,general,一般会計,2026_general_expenditure_03_02_01,子どもの人権擁護の推進,子どもの人権擁護の推進,子若＊子ども・若者支援課,子若*子ども・若者支援課,375,0,1,derived
bpi_4e6935eb9e66f3507f0b9f235e03bd764ca8842ca173a203a75b6e4507602b48,2026,general,一般会計,2026_general_expenditure_03_02_01,子どもの権利事業,子どもの権利事業,子若＊子ども・若者支援課,子若*子ども・若者支援課,375,19124,1,derived
bpi_fc86070a22f1d9a4bf844e9a29a8403dcf57720d1682a331bdc99cc9c7e20aad,2026,general,一般会計,2026_general_expenditure_03_02_01,子どもの権利擁護の推進,子どもの権利擁護の推進,子若＊子ども・若者支援課,子若*子ども・若者支援課,375,15867,1,derived
bpi_87bf62e6b0c87cf88956d2401bbe9a367608d28ace021d75f5ae0cda82f7a652,2026,general,一般会計,2026_general_expenditure_03_02_01,子どもを育む地域活動の支援,子どもを育む地域活動の支援,子若＊子ども家庭課,子若*子ども家庭課,375,129424,1,derived
bpi_6c915bc0a6a80c6ac59646519e864b44e5a5bf7f1ef66b0a03781b9ab5db9b80,2026,general,一般会計,2026_general_expenditure_03_02_01,子ども・子育て総合センター改修,子ども・子育て総合センター改修,子若＊子ども・若者支援課,子若*子ども・若者支援課,375,76632,1,derived
bpi_7b22fc979313bd2ce5fe0049eba5cd3f240e21ee3d84ed38c3593835e4270c71,2026,general,一般会計,2026_general_expenditure_03_02_01,子ども・子育て総合センター維持運営,子ども・子育て総合センター維持運営,子若＊子ども・若者支援課,子若*子ども・若者支援課,375,10712,1,derived
bpi_a5055b5d7bbef6b657aa3e542c2a8bd634dc8e3007a37da39d403387f23d531d,2026,general,一般会計,2026_general_expenditure_03_02_01,子ども・若者基金による補助・支援事業,子ども・若者基金による補助・支援事業,子若＊子ども家庭課,子若*子ども家庭課,375,19598,1,derived
bpi_bc7c7831755e35c3fdb5e3d4f798a543b9ffb48d912ce9c92319f3ee89b17fed,2026,general,一般会計,2026_general_expenditure_03_02_01,子ども・若者基金積立金,子ども・若者基金積立金,子若＊子ども・若者支援課,子若*子ども・若者支援課,375,117973,1,derived
bpi_2e90e5be6783dbf201176b0fdf2ee9b5f27fc066c3387d25f5d100a38b9ee8ff,2026,general,一般会計,2026_general_expenditure_03_02_01,子ども・若者部庶務事務,子ども・若者部庶務事務,子若＊子ども・若者支援課,子若*子ども・若者支援課,375,9880,1,derived
bpi_ddff1041ff24ce4ef51cc14e284644c4cafd542812826a38e7001236cadb04b8,2026,general,一般会計,2026_general_expenditure_03_02_01,子ども家庭支援センター運営事業,子ども家庭支援センター運営事業,子若＊児童相談支援課,子若*児童相談支援課,375,41604,1,derived
bpi_aa376360abea963de0712bb32e56bc59a91682a0260f86117b9aab9d530aee5d,2026,general,一般会計,2026_general_expenditure_03_02_01,子ども環境基盤整備,子ども環境基盤整備,子若＊子ども・若者支援課,子若*子ども・若者支援課,375,7553,1,derived
bpi_621484ebbe2396c3165c332904394c6fe8b24bbae3809b705562a4f0e56fcef1,2026,general,一般会計,2026_general_expenditure_03_02_01,子育てつどいの広場,子育てつどいの広場,子若＊子ども家庭課,子若*子ども家庭課,375,730979,1,derived
bpi_5cad8d56f77ca5cbc11b574d0c840a191a1ad7de1764742ff81be502f4b47192,2026,general,一般会計,2026_general_expenditure_03_02_01,子育てステーション事業,子育てステーション事業,子若＊子ども家庭課,子若*子ども家庭課,375,326581,1,derived
bpi_5538af2f132f099af7d3b488b97e98c80d621931da36c385995a6d9ecdd5ede7,2026,general,一般会計,2026_general_expenditure_03_02_01,子育て安全・安心対策,子育て安全・安心対策,子若＊子ども・若者支援課,子若*子ども・若者支援課,375,10433,1,derived
bpi_a6c91eb078316228801c87fc17a7b9b81afb8df337bd6305cb7aa67e8d01ad75,2026,general,一般会計,2026_general_expenditure_03_02_01,子育て支援事業,子育て支援事業,子若＊保育課,子若*保育課,375,2848339,1,derived
bpi_39ba626c52a92e66ac35361b9799d18ee63bad654ed488fde20b1daaffae1808,2026,general,一般会計,2026_general_expenditure_03_02_01,子育て支援施設整備,子育て支援施設整備,子若＊子ども家庭課,子若*子ども家庭課,375,40888,1,derived
bpi_59c3cbb606db89e7fae878e4b899e970bf02b0b15cf3b42a7acdebbbf5759667,2026,general,一般会計,2026_general_expenditure_03_02_01,子育て環境推進事業,子育て環境推進事業,子若＊子ども家庭課,子若*子ども家庭課,375,8834,1,derived
bpi_805b19d5f23ed69ed66b4afedab091416d7bc662f9498d8e5d0abe086000f92d,2026,general,一般会計,2026_general_expenditure_03_02_01,家庭福祉員制度運営,家庭福祉員制度運営,子若＊保育認定・調整課,子若*保育認定・調整課,375,12188,1,derived
bpi_2c7765977eed9e3f206c0fc86266c8a752dff19ca4d64030235c48ea233863c4,2026,general,一般会計,2026_general_expenditure_03_02_01,希望丘青少年交流センター維持運営,希望丘青少年交流センター維持運営,子若＊子ども・若者支援課,子若*子ども・若者支援課,375,179244,1,derived
bpi_e55226cedc4b7d4f7ebaf8f74260db09703816278bcbdd312eaec76a0cc39bee,2026,general,一般会計,2026_general_expenditure_03_02_01,母子生活支援施設整備,母子生活支援施設整備,子若＊子ども家庭課,子若*子ども家庭課,375,0,1,derived
bpi_d764f6298f565a4e62056b135614974f1ac40cd2cd71c31a0a46f8f09f8d4d2a,2026,general,一般会計,2026_general_expenditure_03_02_01,池之上青少年交流センター維持運営,池之上青少年交流センター維持運営,子若＊子ども・若者支援課,子若*子ども・若者支援課,375,21446,1,derived
bpi_0f09a7e1b773926a8014040783f429af5db10dd522350bea60f2728508375de0,2026,general,一般会計,2026_general_expenditure_03_02_01,生活困難を抱える子どもと家庭への支援,生活困難を抱える子どもと家庭への支援,子若＊子ども家庭課,子若*子ども家庭課,375,186420,1,derived
bpi_19c522f8e05318de25782c4820bd72b15afc3a2f9597cf7d2d4c331838fb3029,2026,general,一般会計,2026_general_expenditure_03_02_01,産後ケア事業,産後ケア事業,子若＊児童相談支援課,子若*児童相談支援課,375,355328,1,derived
bpi_567fe165d301ff2244821e28bfef3294599dd774be4c47a071d8482b67e7722b,2026,general,一般会計,2026_general_expenditure_03_02_01,病児・病後児保育事業,病児・病後児保育事業,子若＊保育課,子若*保育課,375,351013,1,derived
bpi_11340df1900c72e3a5c157115ccd465737459075b44d4359879de9e08d7bb8a4,2026,general,一般会計,2026_general_expenditure_03_02_01,発達支援親子グループ事業,発達支援親子グループ事業,子若＊子ども家庭課,子若*子ども家庭課,375,3687,1,derived
bpi_67660d63f419537db5975a7e0a2382f9c8f13833c98bad257f02c75536ce9600,2026,general,一般会計,2026_general_expenditure_03_02_01,私立幼稚園施設型給付,私立幼稚園施設型給付,子若＊保育課,子若*保育課,375,754529,1,derived
bpi_50641002dd75c11de57f97831543478862a77123cc86f1b85727907685e817b2,2026,general,一般会計,2026_general_expenditure_03_02_01,若者支援事業運営,若者支援事業運営,子若＊子ども・若者支援課,子若*子ども・若者支援課,375,35798,1,derived
bpi_cfd43136e9ab8956cee74c3a6a0a6683b01e852b3a0be5c71df3b7da0b8c6209,2026,general,一般会計,2026_general_expenditure_03_02_01,認可保育施設等の一時預かり事業の推進,認可保育施設等の一時預かり事業の推進,子若＊保育課,子若*保育課,375,756453,1,derived
bpi_91f966c1dccf8dd2c999fc417a9154eeba3870705893b183fc40bd80030c615d,2026,general,一般会計,2026_general_expenditure_03_02_01,認可外保育施設の一時預かり事業の推進,認可外保育施設の一時預かり事業の推進,子若＊保育認定・調整課,子若*保育認定・調整課,375,271999,1,derived
bpi_977f215f0a6c72937c92c5aae003caad53c3887226858ff8cb756e7b3ad25230,2026,general,一般会計,2026_general_expenditure_03_02_01,認可外保育施設新制度移行支援,認可外保育施設新制度移行支援,子若＊保育認定・調整課,子若*保育認定・調整課,375,0,1,derived
bpi_6356950f0fc306661633092aebe00e0ee8dee735c9ee0df107ee159cb7bfa7f1,2026,general,一般会計,2026_general_expenditure_03_02_01,認証保育所事業,認証保育所事業,子若＊保育認定・調整課,子若*保育認定・調整課,375,2619743,1,derived
bpi_94259aa3219275e8aac0fc8a6ef57a52277e68afa306989f6190a7c24ae47275,2026,general,一般会計,2026_general_expenditure_03_02_01,野毛青少年交流センター維持運営,野毛青少年交流センター維持運営,子若＊子ども・若者支援課,子若*子ども・若者支援課,375,47284,1,derived
bpi_db51b5e9151e467a28cb8afb1b75fac74f19c50d30b713c2229fe408a92d90e3,2026,general,一般会計,2026_general_expenditure_03_02_01,青少年交流センターでの若者の主体的な活動の推進,青少年交流センターでの若者の主体的な活動の推進,子若＊子ども・若者支援課,子若*子ども・若者支援課,375,248348,1,derived
bpi_70b247463fad23d3883366697f60d3c9b62e7a3f4852b1c4f6a8576e6be4ccd2,2026,general,一般会計,2026_general_expenditure_03_02_01,青少年交流センター改修,青少年交流センター改修,子若＊子ども・若者支援課,子若*子ども・若者支援課,375,39739,1,derived
bpi_41871d9082b25e4e3f92570e4cc55d2992ca46ce05e4a07bc86070a331d9e907,2026,general,一般会計,2026_general_expenditure_03_02_01,青少年交流センター整備,青少年交流センター整備,子若＊子ども・若者支援課,子若*子ども・若者支援課,375,61727,1,derived
bpi_f0e1c562eb99ede5f81d313e966752f7107e76a25d3614bea0f31955c2024513,2026,general,一般会計,2026_general_expenditure_03_02_01,養育支援等ホームヘルパー訪問事業,養育支援等ホームヘルパー訪問事業,子若＊児童相談支援課,子若*児童相談支援課,375,78760,1,derived
bpi_b0b09c88237acf0f052762f364caec0b62f3abf35dfcefaeb514648a2f23a9f7,2026,general,一般会計,2026_general_expenditure_03_02_03,ひとり親家庭医療費助成,ひとり親家庭医療費助成,子若＊子ども家庭課,子若*子ども家庭課,381,147524,1,derived
bpi_a3bbcbeb4d2145811cb26c1ca64bdf21d11967ccf3905de8eb8ff27c07114f42,2026,general,一般会計,2026_general_expenditure_03_02_03,児童手当支給,児童手当支給,子若＊子ども家庭課,子若*子ども家庭課,381,17385403,1,derived
bpi_2e7c4d0ea515a4fd3b5c6719d805d3d280902fff50851ff215a69b8637fc16d8,2026,general,一般会計,2026_general_expenditure_03_02_03,児童扶養手当等支給,児童扶養手当等支給,子若＊子ども家庭課,子若*子ども家庭課,381,2269865,1,derived
bpi_d3444af3cdc8f5ef93952ea5d623e284b0dd3bf1e576c27c3b7bb364b4e716fb,2026,general,一般会計,2026_general_expenditure_03_02_03,入院助産措置,入院助産措置,子若＊子ども家庭課,子若*子ども家庭課,381,13202,1,derived
bpi_dcb18fd33c18aef99934588ca06894767de25d0512a45d51645992256201ddba,2026,general,一般会計,2026_general_expenditure_03_02_03,出産費助成,出産費助成,子若＊子ども家庭課,子若*子ども家庭課,381,299660,1,derived
bpi_3b107869af5b7488db64769d2266f5d7a541cbb215f1fa9a35f3f3113b415754,2026,general,一般会計,2026_general_expenditure_03_02_03,子ども医療費助成,子ども医療費助成,子若＊子ども家庭課,子若*子ども家庭課,381,5806501,1,derived
bpi_c3e09b21d66c0c25400cd650444267d7b9c41a6ce0b4edc5d4c60f63e57a1027,2026,general,一般会計,2026_general_expenditure_03_02_03,特定地域型保育事業,特定地域型保育事業,子若＊保育課,子若*保育課,381,1764048,1,derived
bpi_19bacff6a2545c8ca7b835bb3f9f0a08d490992ea139a5070f3506ef5067a441,2026,general,一般会計,2026_general_expenditure_03_02_03,私立保育園運営,私立保育園運営,子若＊保育課,子若*保育課,381,40244802,1,derived
bpi_4a652a5e6ae80c14247f55b106c251c66720a51aefa7d1eb683419b0c968de2c,2026,general,一般会計,2026_general_expenditure_03_02_03,私立母子生活支援施設への保護委託,私立母子生活支援施設への保護委託,子若＊子ども家庭課,子若*子ども家庭課,381,197539,1,derived
bpi_9819f6b006125872e8d02bf6f43c00f0a37fa81835723529e860e849ae6cf431,2026,general,一般会計,2026_general_expenditure_03_02_03,管外公立保育園への入所委託,管外公立保育園への入所委託,子若＊保育課,子若*保育課,381,32050,1,derived
bpi_85cf890e8ddb0fc6f130ed8798b6f4e11a89dbc34309b8558ae7a8731ac2ce01,2026,general,一般会計,2026_general_expenditure_03_02_03,認定こども園運営,認定こども園運営,子若＊保育課,子若*保育課,381,1771361,1,derived
bpi_cd88696d105d5fd4493ad43119716ef01897dc1ccd62a75e668a2c9179db33a0,2026,general,一般会計,2026_general_expenditure_03_02_05,区立保育園運営,区立保育園運営,子若＊保育課,子若*保育課,381,1848456,1,derived
bpi_3257164081662ef4ecdc2e99498541c4fb91cedaf8b2d86d7fc5544dcff52e66,2026,general,一般会計,2026_general_expenditure_03_02_06,中高生支援事業,中高生支援事業,子若＊児童課,子若*児童課,383,5304,1,derived
bpi_2c852aac7aa9799721df8c8f52857a0163ca4e11acfae1592e3dfe91c82fda88,2026,general,一般会計,2026_general_expenditure_03_02_06,児童館キャンプ,児童館キャンプ,子若＊児童課,子若*児童課,383,25344,1,derived
bpi_6f4fd04431873b0d80c1d64857234adf6489821b2e201a14c968a03cea97d880,2026,general,一般会計,2026_general_expenditure_03_02_06,児童館在宅子育て支援,児童館在宅子育て支援,子若＊児童課,子若*児童課,383,21029,1,derived
bpi_942a7f15b4d7356dade676478eb8ce744a9cc7a485eacd6f22749f4ce2a5155f,2026,general,一般会計,2026_general_expenditure_03_02_06,児童館運営,児童館運営,子若＊児童課,子若*児童課,383,139024,1,derived
bpi_b3f0f775f7a8418d16387028882a91f33dd64c33e41cb23bb0bd6440c56bbacc,2026,general,一般会計,2026_general_expenditure_03_02_06,学童クラブ運営,学童クラブ運営,子若＊児童課,子若*児童課,383,2486697,1,derived
bpi_c0c0785df3b9bedc4d3f115b7a800c03a60a583ff11355217e70d1d5ba6e4d2b,2026,general,一般会計,2026_general_expenditure_03_02_06,母子生活支援施設運営,母子生活支援施設運営,子若＊子ども家庭課,子若*子ども家庭課,383,10081,1,derived
bpi_3d6874b8b063f3519efffd604d05eff28d8ecd95851fbcc6250441d4c0c38e3f,2026,general,一般会計,2026_general_expenditure_03_02_06,自然体験遊び場事業,自然体験遊び場事業,子若＊児童課,子若*児童課,383,115471,1,derived
bpi_df786a86f66fc1380a216f8a5c0e6e74a8fcbcf3c603ebeb7378fa0a77df8ee7,2026,general,一般会計,2026_general_expenditure_03_02_12,保育園改修,保育園改修,子若＊保育課,子若*保育課,383,452886,1,derived
bpi_b06c5de3cfc2378a7b0c0793eaecad95c224cedb5799fc82836c314463a2e31b,2026,general,一般会計,2026_general_expenditure_03_02_12,保育施設整備,保育施設整備,子若＊保育課,子若*保育課,383,2210074,1,derived
bpi_d3a5e1ff660b0483f731b53080e8b28f455ae051ff6634a18afb97116f24fb9d,2026,general,一般会計,2026_general_expenditure_03_02_12,児童施設改修,児童施設改修,子若＊児童課,子若*児童課,383,657448,1,derived
bpi_f27ffbaba7bc7444beec719e107761d5414ae5c71d6ff911e9f30592b0a9ecf8,2026,general,一般会計,2026_general_expenditure_03_02_12,児童館維持管理,児童館維持管理,子若＊児童課,子若*児童課,383,58625,1,derived
bpi_b2c535a20a2f5249a9affcd6f39e86a437363e4e5cf52674b78bd10255a1a66b,2026,general,一般会計,2026_general_expenditure_03_02_12,区立保育園維持管理,区立保育園維持管理,子若＊保育課,子若*保育課,383,152606,1,derived
bpi_8e97c82412c638d3e330190a1effa35029ac5c1a8d036c4d6642db808f7678e1,2026,general,一般会計,2026_general_expenditure_03_02_13,一時保護所改修,一時保護所改修,児童相談所＊一時保護課,児童相談所*一時保護課,385,2420,1,derived
bpi_56e5d0c0f74e08a6bbc5f68d21a04d68d4bb74fd77e6629cceaedbcd2d84af8b,2026,general,一般会計,2026_general_expenditure_03_02_13,一時保護所維持管理,一時保護所維持管理,児童相談所＊一時保護課,児童相談所*一時保護課,385,62675,1,derived
bpi_fc60bc95c3bffd8dff1a88c4f6aa8db1a51fbd09526f8780f3129c482980bd34,2026,general,一般会計,2026_general_expenditure_03_02_13,一時保護所運営,一時保護所運営,児童相談所＊一時保護課,児童相談所*一時保護課,385,32762,1,derived
bpi_a1d3160c1de4ce9f16d944ec6a67a08125c89de4773eb535dd767517c1a33cb5,2026,general,一般会計,2026_general_expenditure_03_02_13,児童相談所が関わる子どもの権利擁護,児童相談所が関わる子どもの権利擁護,子若＊児童相談支援課,子若*児童相談支援課,385,19158,1,derived
bpi_d1096932fd6326e94ccfb2c1b66402e821ddc101451c65d2b4bca20e87352287,2026,general,一般会計,2026_general_expenditure_03_02_13,児童相談所維持管理,児童相談所維持管理,児相＊児童相談課,児相*児童相談課,385,212079,1,derived
bpi_9ce68288146421160d150f61736011a92a8522f802ee0559b3e9a2fafbaa21da,2026,general,一般会計,2026_general_expenditure_03_02_13,児童相談所運営,児童相談所運営,児相＊児童相談課,児相*児童相談課,385,132321,1,derived
bpi_75f81803f822e6ab0089f5df4da66ba6de7e31ab0789e4e5659d6a698dd93578,2026,general,一般会計,2026_general_expenditure_03_02_13,児童相談支援庶務事務,児童相談支援庶務事務,子若＊児童相談支援課,子若*児童相談支援課,385,1812,1,derived
bpi_4c3083c58caa1619bc11622992fe0e9047bbddad2650a670388ce07da10f2704,2026,general,一般会計,2026_general_expenditure_03_02_13,児童福祉施設等への措置費支弁,児童福祉施設等への措置費支弁,子若＊児童相談支援課,子若*児童相談支援課,385,1576592,1,derived
bpi_1c45908bdacca70208ba97f767811402077ee2c36915f97e700a8590b08fc2da,2026,general,一般会計,2026_general_expenditure_03_02_13,児童養護施設における良好な家庭的環境の整備,児童養護施設における良好な家庭的環境の整備,子若＊児童相談支援課,子若*児童相談支援課,385,4593,1,derived
bpi_75b30aa8433aef837e3792c6df8ff7894421d482b3c266df0eb501a4f395164b,2026,general,一般会計,2026_general_expenditure_03_02_13,児童養護施設等の体制強化事業,児童養護施設等の体制強化事業,子若＊児童相談支援課,子若*児童相談支援課,385,114183,1,derived
bpi_a80f3aca602e6b276212fec3bb748fee3330717a619f89a48ded34456781d0b1,2026,general,一般会計,2026_general_expenditure_03_02_13,家庭養育の推進,家庭養育の推進,子若＊児童相談支援課,子若*児童相談支援課,385,156006,1,derived
bpi_4ad8bd8a05fbb52656a39ca428a447579bc051d541961f53025256c569e25bc0,2026,general,一般会計,2026_general_expenditure_03_03_01,生活保護法施行事務,生活保護法施行事務,保政＊生活福祉課,保政*生活福祉課,387,206157,1,derived
bpi_f3a9d5b369c93f3e3301ff0aac62891c735d98b2cae4b36ecacbe96ef84f223e,2026,general,一般会計,2026_general_expenditure_03_03_03,児童生徒等に対する援護,児童生徒等に対する援護,保政＊生活福祉課,保政*生活福祉課,387,3960,1,derived
bpi_0eb7b3360ac500246fe3cad6504fa0c0fed9e72ff3d2d6c398d288cdbcc7b3a1,2026,general,一般会計,2026_general_expenditure_03_03_03,生活保護法に基づく保護費,生活保護法に基づく保護費,保政＊生活福祉課,保政*生活福祉課,387,23038243,1,derived
bpi_31841f7044b37d535b935a43584e3b146032c4691664d67673aabf38920e1263,2026,general,一般会計,2026_general_expenditure_03_03_03,被保護世帯等に対する援護,被保護世帯等に対する援護,保政＊生活福祉課,保政*生活福祉課,387,62124,1,derived
bpi_6d769cb92a8b829705dd389b2f6ce39a94c3914482a4c757d1e20185e809b294,2026,general,一般会計,2026_general_expenditure_04_02_01,エコ区役所の実現,エコ区役所の実現,環政＊環境政策課,環政*環境政策課,391,1759,1,derived
bpi_4e70af1c99723e197a7bcdd1128f307431d6fae52123f73ec92d3d8a2a4acc02,2026,general,一般会計,2026_general_expenditure_04_02_01,ポイ捨てごみゼロ等の推進,ポイ捨てごみゼロ等の推進,環境政策部＊環境保全課,環境政策部*環境保全課,391,125866,1,derived
bpi_4658188555b456ac837974a9ab5ae550e36508dcb00c6dda3d81b1c5a2080bc6,2026,general,一般会計,2026_general_expenditure_04_02_01,公害防止等指導,公害防止等指導,環境政策部＊環境保全課,環境政策部*環境保全課,391,21935,1,derived
bpi_29305c1b2c26207087df7c71f789e6605f203ebad9badf1fc325f350ee5501c3,2026,general,一般会計,2026_general_expenditure_04_02_01,再生可能エネルギーの利用拡大と促進,再生可能エネルギーの利用拡大と促進,環政＊気候危機対策課,環政*気候危機対策課,391,45140,1,derived
bpi_53123e6ceb09327c44c632891b0fc9f70220174ae046fec7f4f595a168531097,2026,general,一般会計,2026_general_expenditure_04_02_01,気候危機対策基金積立金,気候危機対策基金積立金,環政＊環境政策課,環政*環境政策課,391,33922,1,derived
bpi_a0c6c0eef6e14774a34dd1a6677a59103148194a44c5cce3878fc53eaf39025a,2026,general,一般会計,2026_general_expenditure_04_02_01,環境啓発事業の推進,環境啓発事業の推進,環政＊気候危機対策課,環政*気候危機対策課,391,34084,1,derived
bpi_c8d3d92b2b153b85eb384c4cf0261964b7870542591840279854366c27a142a5,2026,general,一般会計,2026_general_expenditure_04_02_01,環境審議会運営,環境審議会運営,環政＊環境政策課,環政*環境政策課,391,1225,1,derived
bpi_e16b11a111f54fdb0c8de7ac48c3eb036cde1e8fcb39b459c6c9a49bc188accb,2026,general,一般会計,2026_general_expenditure_04_02_01,環境政策部庶務事務,環境政策部庶務事務,環政＊環境政策課,環政*環境政策課,391,4516,1,derived
bpi_1e9ba402b5fab94da9560ef046865a7d2660aa24e1b9a00464fc9e9a797835fc,2026,general,一般会計,2026_general_expenditure_04_02_01,環境監視調査,環境監視調査,環境政策部＊環境保全課,環境政策部*環境保全課,391,26325,1,derived
bpi_67460f3981cedb9760fb9a9d1abebd09d70a70fe088b6aca7beee56f5ce00ce8,2026,general,一般会計,2026_general_expenditure_04_02_01,環境計画等の推進,環境計画等の推進,環政＊環境政策課,環政*環境政策課,391,3802,1,derived
bpi_a6c6d568b5f84dae7b72a9bd4ae09ae6204d6001a912332f1a7f23cade30ad96,2026,general,一般会計,2026_general_expenditure_04_02_01,環境配慮型住宅推進事業,環境配慮型住宅推進事業,環政＊気候危機対策課,環政*気候危機対策課,391,113193,1,derived
bpi_0b64a5458acd829c2fef8a9abcdc689efad033394c32dcf911f74e39dc6fdd1e,2026,general,一般会計,2026_general_expenditure_04_02_01,生活環境保全事業,生活環境保全事業,環境政策部＊環境保全課,環境政策部*環境保全課,391,1276,1,derived
bpi_89ae2551690be8736b01a1b6fb29964e9e2decd01d5b2f69b4ed52b860079475,2026,general,一般会計,2026_general_expenditure_04_02_01,脱炭素地域づくり等の推進,脱炭素地域づくり等の推進,環政＊気候危機対策課,環政*気候危機対策課,391,51809,1,derived
bpi_e90fb98f95dafcc703a750b22076bac0b6542a7be2261401108c206105261445,2026,general,一般会計,2026_general_expenditure_04_03_01,ごみ減量・リサイクルの促進,ごみ減量・リサイクルの促進,清掃＊事業課,清掃*事業課,393,45496,1,derived
bpi_bc1b031edb252543706db6adbe30630f20aaec924b824ceca1849687fdcaef13,2026,general,一般会計,2026_general_expenditure_04_03_01,ごみ減量・リサイクル普及・啓発施設運営,ごみ減量・リサイクル普及・啓発施設運営,清掃＊事業課,清掃*事業課,393,150161,1,derived
bpi_a88af07b528d9d8890d4aa99121de760e47ac79f1ba1c35541773c171d88a48c,2026,general,一般会計,2026_general_expenditure_04_03_01,ごみ減量・リサイクル活動推進,ごみ減量・リサイクル活動推進,清掃＊事業課,清掃*事業課,393,7514,1,derived
bpi_15b8102d7c3268ce90d05f74795250658e87d4192dfacd0b9d03fea89ff69537,2026,general,一般会計,2026_general_expenditure_04_03_01,ごみ集積所の美化,ごみ集積所の美化,清掃＊事業課,清掃*事業課,393,6089,1,derived
bpi_1bac4b00c20495a08bd2eb692f6ace1923ed4d7bb90f670b5cf8b6e3d9e04c8a,2026,general,一般会計,2026_general_expenditure_04_03_01,世田谷清掃事務所維持管理,世田谷清掃事務所維持管理,清掃＊世田谷清掃事務所,清掃*世田谷清掃事務所,393,48001,1,derived
bpi_6f41de068f97e72e48abededa3195b2ce4541f3f582d92cbbb1e104731811ec7,2026,general,一般会計,2026_general_expenditure_04_03_01,事業用大規模建築物の対象拡大,事業用大規模建築物の対象拡大,清掃＊事業課,清掃*事業課,393,2129,1,derived
bpi_5d45d9fa21336225a13342ccc4a6ef3e1c6fcae7557a068c36994d5e6586c351,2026,general,一般会計,2026_general_expenditure_04_03_01,有料ごみ処理券事務,有料ごみ処理券事務,清掃・リサ＊管理課,清掃・リサ*管理課,393,55053,1,derived
bpi_faa3d51c8b0c83e459805090424db5a345a683896b457a8cd78faa664255299c,2026,general,一般会計,2026_general_expenditure_04_03_01,清掃・リサイクル審議会の運営,清掃・リサイクル審議会の運営,清掃・リサ＊管理課,清掃・リサ*管理課,393,239,1,derived
bpi_aed103cab6355d25342e2aa2e2f797ae830773504cc36d494a671c0508f4f5ee,2026,general,一般会計,2026_general_expenditure_04_03_01,清掃・リサイクル部庶務事務,清掃・リサイクル部庶務事務,清掃・リサ＊管理課,清掃・リサ*管理課,393,0,1,derived
bpi_ad85a5902ec66292e972dc286726c2d3b86bcbc80e569fae3fe593be10f4a0d5,2026,general,一般会計,2026_general_expenditure_04_03_01,清掃事業管理・調整事務,清掃事業管理・調整事務,清掃・リサ＊管理課,清掃・リサ*管理課,393,25724,1,derived
bpi_4ad80c747f775ca680a0af98d65fc8a6fcf283c405d78619e297e4fbecce3f5f,2026,general,一般会計,2026_general_expenditure_04_03_01,清掃事業管理運営,清掃事業管理運営,清掃・リサ＊管理課,清掃・リサ*管理課,393,0,1,derived
bpi_c2dd9567ca7b44192d70fa7e0c6a5a25ecd2747f7f2bd2b99c84d6159d122b72,2026,general,一般会計,2026_general_expenditure_04_03_01,清掃事業運営,清掃事業運営,清掃・リサ＊管理課,清掃・リサ*管理課,393,62694,1,derived
bpi_e088c2024d4618ffd7d516e072d232fcb91fde63d9e587d04ff965e2f74de89d,2026,general,一般会計,2026_general_expenditure_04_03_01,清掃分担金,清掃分担金,清掃・リサ＊管理課,清掃・リサ*管理課,393,5174544,1,derived
bpi_081b749a1c8eb99defe90707c5a58f38f3859e16d17f18efe1b35d14e53af34e,2026,general,一般会計,2026_general_expenditure_04_03_01,清掃指導業務,清掃指導業務,清掃＊事業課,清掃*事業課,393,2220,1,derived
bpi_c48cc780a702ff4e12cc9e414c788552bc342b8eff7d170bfa49ed60c6365281,2026,general,一般会計,2026_general_expenditure_04_03_01,清掃職員の安全衛生,清掃職員の安全衛生,清掃・リサ＊管理課,清掃・リサ*管理課,393,17912,1,derived
bpi_4c8072ad1f22f1a762b8af91ce1e0aaa39cd5c5e72ad82fc2dcd5bb84af219bd,2026,general,一般会計,2026_general_expenditure_04_03_01,清掃職員の被服貸与,清掃職員の被服貸与,清掃・リサ＊管理課,清掃・リサ*管理課,393,21210,1,derived
bpi_24c2c5d422d00d7764e0f5dd6bbd703c76793cb24c442fee2172e630eb7d1289,2026,general,一般会計,2026_general_expenditure_04_03_01,玉川清掃事務所維持管理,玉川清掃事務所維持管理,清掃＊玉川清掃事務所,清掃*玉川清掃事務所,393,23826,1,derived
bpi_b36c2eda31a2221731c75fc054ffd09d90b76a06de8758d39ee71f5a3b7305cf,2026,general,一般会計,2026_general_expenditure_04_03_01,砧清掃事務所維持管理,砧清掃事務所維持管理,清掃＊砧清掃事務所,清掃*砧清掃事務所,393,45939,1,derived
bpi_6b9d2197dba15c7b72f878f5704fa5475f891e6d8639f651197efb09c9982ca6,2026,general,一般会計,2026_general_expenditure_04_03_02,ごみ収集作業,ごみ収集作業,清掃＊事業課,清掃*事業課,395,4038206,1,derived
bpi_6f3a1c424073f2fcb4c4786abf47368823f581634d99c848441bfdbbd3a3f777,2026,general,一般会計,2026_general_expenditure_04_03_02,し尿収集運搬作業,し尿収集運搬作業,清掃＊事業課,清掃*事業課,395,6105,1,derived
bpi_39b840da934450a38413b35249ea842ac418ef926023ed810eeb1beb54c6be84,2026,general,一般会計,2026_general_expenditure_04_03_02,不法投棄ごみ処理作業,不法投棄ごみ処理作業,清掃＊事業課,清掃*事業課,395,18585,1,derived
bpi_2bb66a44a56d184ad9768fd9ac3c7b8b5483fcf0d8c487086363caaf1acbed2e,2026,general,一般会計,2026_general_expenditure_04_03_02,動物死体処理作業,動物死体処理作業,清掃＊事業課,清掃*事業課,395,3370,1,derived
bpi_a8fd772b391e7e3f7c31b1a9612e269e17209602b8ebfee1341eea636e0696f1,2026,general,一般会計,2026_general_expenditure_04_03_02,希望丘中継所維持運営,希望丘中継所維持運営,清掃＊砧清掃事務所,清掃*砧清掃事務所,395,220993,1,derived
bpi_487d5a80f3dc0caf4b106002299cfe7454f7e28da1c8a2a2954039db03e7d467,2026,general,一般会計,2026_general_expenditure_04_03_02,清掃車両購入・維持,清掃車両購入・維持,清掃＊砧清掃事務所,清掃*砧清掃事務所,395,13519,1,derived
bpi_1735f661325171d8cd1dae52117106cfd2d7263398ee18729c80601f8e20c016,2026,general,一般会計,2026_general_expenditure_04_03_03,リサイクル施設維持運営,リサイクル施設維持運営,清掃＊事業課,清掃*事業課,395,361168,1,derived
bpi_5e35175da6fda6b23b2ff7a6651c52a8ee68b6b2c057bd6dd795fd19752b11ed,2026,general,一般会計,2026_general_expenditure_04_03_03,リサイクル活動団体援助,リサイクル活動団体援助,清掃＊事業課,清掃*事業課,395,70198,1,derived
bpi_1a035d8f93f955b0da2f5986c9679a92fcaca97302473898a1fe13bdc5d34517,2026,general,一般会計,2026_general_expenditure_04_03_03,拠点回収事業,拠点回収事業,清掃＊事業課,清掃*事業課,395,36992,1,derived
bpi_6d9589f83a7741e1a146c5742f0e83592b24f7a4186514a309b7230fec444697,2026,general,一般会計,2026_general_expenditure_04_03_03,資源分別回収事業,資源分別回収事業,清掃＊事業課,清掃*事業課,395,3254872,1,derived
bpi_5c668616c1459bf6d44b7eae49b605b2f4b34b1f6c086dcf129cc86737e3fa03,2026,general,一般会計,2026_general_expenditure_04_03_04,清掃・リサイクル施設改修,清掃・リサイクル施設改修,清掃＊事業課,清掃*事業課,395,2814,1,derived
bpi_76f7e5c14ca97fcfdadf20d96712fa6ec53343fc20f1fb714cd19c3d72aea6e3,2026,general,一般会計,2026_general_expenditure_04_03_04,清掃事務所等改修,清掃事務所等改修,清掃・リサ＊管理課,清掃・リサ*管理課,395,97422,1,derived
bpi_6a88991a09ddedb7ecebbef626bd50171bc6e0a46e5db5373b179d673103f437,2026,general,一般会計,2026_general_expenditure_04_03_04,清掃事務所等改築,清掃事務所等改築,清掃・リサ＊管理課,清掃・リサ*管理課,395,100000,1,derived
bpi_288b7dc9a3a8a46c93ce31fe4822a1dde86358d6c838c134884968f61ea83cbc,2026,general,一般会計,2026_general_expenditure_05_01_01,保健衛生施設整備,保健衛生施設整備,保政＊保福推進課,保政*保福推進課,397,54000,1,derived
bpi_cbb172ed1191960dd526e0832dc19ec964d326592b374c670402cb191a9cb942,2026,general,一般会計,2026_general_expenditure_05_01_01,在宅医療の充実,在宅医療の充実,保政＊保福推進課,保政*保福推進課,397,20000,1,derived
bpi_3b7d22dbc4d07fdc98173798a94a046177dd13dcc168fe5abb2b973460a62eb4,2026,general,一般会計,2026_general_expenditure_05_01_01,地域医療整備,地域医療整備,保政＊保福推進課,保政*保福推進課,397,517590,1,derived
bpi_1b8dbeef1041f1563316645117732ae7e0aae301fed2a8d47fd6f14f461e6b26,2026,general,一般会計,2026_general_expenditure_05_01_01,歯科保健サービスの充実,歯科保健サービスの充実,保政＊保福推進課,保政*保福推進課,397,212000,1,derived
bpi_7a3ee8a75c47a08ccde7436f0fee145e328037c879ffe1688daec3d38216ee2f,2026,general,一般会計,2026_general_expenditure_05_01_01,精神障害者保健福祉手帳等進達事務,精神障害者保健福祉手帳等進達事務,障福＊障害保健福祉課,障福*障害保健福祉課,397,3474,1,derived
bpi_3d4c18743abbad33b0eff7902cc680dbfccac7a9187facdf74395c7753a4c131,2026,general,一般会計,2026_general_expenditure_05_01_03,衛生統計調査,衛生統計調査,世保＊健康企画課,世保*健康企画課,399,3886,1,derived
bpi_adacda5bb8de766bbf4583a979a011dc53f5e0eee717080a7ceb793455d1e2fb,2026,general,一般会計,2026_general_expenditure_05_01_04,保健センター事業運営,保健センター事業運営,世保＊健康企画課,世保*健康企画課,399,220893,1,derived
bpi_d1d620477a8794f7a707d169d7a7fc654e17b4680820a50102f16b82eef660b6,2026,general,一般会計,2026_general_expenditure_05_01_04,保健センター維持運営,保健センター維持運営,保政＊保福推進課,保政*保福推進課,399,290395,1,derived
bpi_685f2d2286b43c7cf010495196225b3df7ae03c5bed35ec2d7993e6fbb0ba7b3,2026,general,一般会計,2026_general_expenditure_05_02_01,保健所庶務事務,保健所庶務事務,世保＊健康企画課,世保*健康企画課,401,13073,1,derived
bpi_9110932c303833a38adac18d2775ed77999e6a5bf17223cf0ed1669f208bc33e,2026,general,一般会計,2026_general_expenditure_05_02_01,保健所運営事務,保健所運営事務,世保＊健康企画課,世保*健康企画課,401,6191,1,derived
bpi_7300d4c8f8c294bee3b0f60d201c07584718a389bb137f6a800e1058464bd0e2,2026,general,一般会計,2026_general_expenditure_05_02_01,健康せたがやプランの推進,健康せたがやプランの推進,世保＊健康企画課,世保*健康企画課,401,16046,1,derived
bpi_1d3af683b99ba3f20ab8b10a197a71479b0bf1e8b3c21df1a686f3b9dfe16239,2026,general,一般会計,2026_general_expenditure_05_02_01,健康危機管理体制の充実,健康危機管理体制の充実,世保＊健康企画課,世保*健康企画課,401,84322,1,derived
bpi_d5651b31c9b0fc7ecb0d74a7a1dadabd7c334b98b07df3503494fe97f916f577,2026,general,一般会計,2026_general_expenditure_05_02_01,区民健康診断（世田谷）,区民健康診断(世田谷),世センター＊健康づくり課,世センター*健康づくり課,401,9564,1,derived
bpi_8aa15a8c64ce446a5dfaec0dabe384825f1bbefb0879f4ee84d306821a2cc51f,2026,general,一般会計,2026_general_expenditure_05_02_01,区民健康診断（北沢）,区民健康診断(北沢),北センター＊健康づくり課,北センター*健康づくり課,401,5054,1,derived
bpi_56e23bb373d4836b301fdf71d91bc5540348ec95abcf44a9c189933fc951b5ec,2026,general,一般会計,2026_general_expenditure_05_02_01,区民健康診断（烏山）,区民健康診断(烏山),烏センター＊健康づくり課,烏センター*健康づくり課,401,8240,1,derived
bpi_842c09ecf0744f0d8ce00152964ce54399eca41c34c5237d1d35d9ec485a0719,2026,general,一般会計,2026_general_expenditure_05_02_01,区民健康診断（玉川）,区民健康診断(玉川),玉センター＊健康づくり課,玉センター*健康づくり課,401,5965,1,derived
bpi_9bcbb566479141e05bb7ff297eabdaabcd0ef01fe19d7df5311c15948ef60aa7,2026,general,一般会計,2026_general_expenditure_05_02_01,区民健康診断（砧）,区民健康診断(砧),砧センター＊健康づくり課,砧センター*健康づくり課,401,5684,1,derived
bpi_2e4546101b6d6fb73aa2b44737576499d43580b7d223e97a60d1d59124ecefff,2026,general,一般会計,2026_general_expenditure_05_02_01,受動喫煙対策,受動喫煙対策,世保＊健康企画課,世保*健康企画課,401,10774,1,derived
bpi_87967b38ace617e9bc2b3ba779f5f8111b9e4726003e1cdf0ad3f02f0a3af119,2026,general,一般会計,2026_general_expenditure_05_02_01,精神保健福祉推進,精神保健福祉推進,世保＊健康推進課,世保*健康推進課,401,50431,1,derived
bpi_351ce5fec1a4a850a8513cc118cb370753dac097a100b72f3a334a41661bfc3d,2026,general,一般会計,2026_general_expenditure_05_02_01,精神保健福祉相談,精神保健福祉相談,世保＊健康推進課,世保*健康推進課,401,7096,1,derived
bpi_12635789a7d31e9bf445d6587158fb7328ff42feaa777ab9f8966355ba04bfc5,2026,general,一般会計,2026_general_expenditure_05_02_01,精神障害者生活指導,精神障害者生活指導,世保＊健康推進課,世保*健康推進課,401,10608,1,derived
bpi_f4ae08ea0946a738eb94aaef252f5bd859491d86f5c401fd6cde4b1653670344,2026,general,一般会計,2026_general_expenditure_05_03_03,がん対策,がん対策,世保＊健康企画課,世保*健康企画課,403,125130,1,derived
bpi_a55d19ad94a24877ec56cebf3c061844846b1552ddff6a48ff060c12029518ab,2026,general,一般会計,2026_general_expenditure_05_03_03,がん検診,がん検診,世保＊健康企画課,世保*健康企画課,403,1605415,1,derived
bpi_1740f61c4451c951907f612ce4cefd8616ee0691bcd27086bd9f2ad842873241,2026,general,一般会計,2026_general_expenditure_05_03_03,成人健康診査,成人健康診査,世保＊健康企画課,世保*健康企画課,403,573614,1,derived
bpi_d7412756349e656a6a593b41892bb4b1d64c17bbfbe91588d4dcc5216e4a1373,2026,general,一般会計,2026_general_expenditure_05_03_03,歯科保健対策,歯科保健対策,世保＊健康推進課,世保*健康推進課,403,123722,1,derived
bpi_d602d19ef11c89718a752fabd39249179b4aacaa12b194d0ff827e0f79411482,2026,general,一般会計,2026_general_expenditure_05_03_03,生活習慣病予防対策,生活習慣病予防対策,世保＊健康企画課,世保*健康企画課,403,512,1,derived
bpi_7722f6501856688d644174fd4007827655881db29a6a95d8e53e40d18d212801,2026,general,一般会計,2026_general_expenditure_05_03_03,肝炎ウイルス検診,肝炎ウイルス検診,世保＊健康企画課,世保*健康企画課,403,16524,1,derived
bpi_18a279335547211146a928856f260083af1c4595be51e7fdec6aafce7e93315b,2026,general,一般会計,2026_general_expenditure_05_03_03,骨粗しょう症検診,骨粗しょう症検診,世保＊健康企画課,世保*健康企画課,403,14583,1,derived
bpi_f4463fe512c826058e42ead49198079dfcdc29f5d73cd26169b0d9c3570ef90a,2026,general,一般会計,2026_general_expenditure_05_03_04,健康づくり支援（世田谷）,健康づくり支援(世田谷),世センター＊健康づくり課,世センター*健康づくり課,405,1009,1,derived
bpi_36e70cd09f892355c8cda42a81fbc31ffd3b3e5e2ddae426560416da42fa7d58,2026,general,一般会計,2026_general_expenditure_05_03_04,健康づくり支援（北沢）,健康づくり支援(北沢),北センター＊健康づくり課,北センター*健康づくり課,405,854,1,derived
bpi_b30f7bec8be39f2ae1cd5e988c4113b8cea3fa10b60318fdaf84b95011759280,2026,general,一般会計,2026_general_expenditure_05_03_04,健康づくり支援（烏山）,健康づくり支援(烏山),烏センター＊健康づくり課,烏センター*健康づくり課,405,677,1,derived
bpi_684f3cf1d245f1040bf646585bb89b11da55cff0602e73f01637cb93a2e192da,2026,general,一般会計,2026_general_expenditure_05_03_04,健康づくり支援（玉川）,健康づくり支援(玉川),玉センター＊健康づくり課,玉センター*健康づくり課,405,716,1,derived
bpi_4b9f2d4270e61d9735547a31082ac39da5f9f0c8be7b10df64282fee210ae911,2026,general,一般会計,2026_general_expenditure_05_03_04,健康づくり支援（砧）,健康づくり支援(砧),砧センター＊健康づくり課,砧センター*健康づくり課,405,870,1,derived
bpi_d76a6756b545ce00b969eab0b4234dba30da210c4f9f28702f8fbc11dca3fff5,2026,general,一般会計,2026_general_expenditure_05_03_04,食を通じた健康づくり対策,食を通じた健康づくり対策,世保＊健康推進課,世保*健康推進課,405,1776,1,derived
bpi_538f5507d52dd1d6915242999e4534e81fc195f2daeb8091d189b593c5f5cf6a,2026,general,一般会計,2026_general_expenditure_05_03_04,食育の推進,食育の推進,世保＊健康推進課,世保*健康推進課,405,4058,1,derived
bpi_eb32e1de735245905e2c21170cd26d2b9c369ffe9c682da48e43220544982aca,2026,general,一般会計,2026_general_expenditure_05_03_05,アレルギー疾患相談,アレルギー疾患相談,世保＊健康推進課,世保*健康推進課,405,223,1,derived
bpi_c38cb802a5c9ef48e13ebf74be5fc2fad4731dba5b29ca80845ec8888ab8a1e9,2026,general,一般会計,2026_general_expenditure_05_03_05,リプロダクティブ・ヘルス／ライツの周知啓発,リプロダクティブ・ヘルス/ライツの周知啓発,世保＊健康推進課,世保*健康推進課,405,2402,1,derived
bpi_e8e191db019ff1826724cc4ac0bb5bede3f62c8a134267e6d476e6a1ab029013,2026,general,一般会計,2026_general_expenditure_05_03_05,乳児期家庭（新生児）訪問事業,乳児期家庭(新生児)訪問事業,世保＊健康推進課,世保*健康推進課,405,44275,1,derived
bpi_86ae2984b4fc61b7082b8d4060789b5c8800813177e1f74b841ff17f836536ae,2026,general,一般会計,2026_general_expenditure_05_03_05,乳幼児健康診査,乳幼児健康診査,世保＊健康推進課,世保*健康推進課,405,0,1,derived
bpi_ba78249c5bb2911d14f4144fb5e7e36a9f71f6dd0a2e0c3b4e14a87920ea5f21,2026,general,一般会計,2026_general_expenditure_05_03_05,乳幼児歯科健康診査,乳幼児歯科健康診査,世保＊健康推進課,世保*健康推進課,405,54542,1,derived
bpi_5b81f5972cea6ff79f543e44af8b370f3a063be92084ed4a3563986cae211c08,2026,general,一般会計,2026_general_expenditure_05_03_05,保健福祉センター乳幼児健康診査,保健福祉センター乳幼児健康診査,世保＊健康推進課,世保*健康推進課,405,161198,1,derived
bpi_84a23e6925cb1aa7cb381459d03059ce063aef2577bc9ae9f50c4dfe65b2cf96,2026,general,一般会計,2026_general_expenditure_05_03_05,保健福祉センター乳幼児歯科健康診査,保健福祉センター乳幼児歯科健康診査,世保＊健康推進課,世保*健康推進課,405,43121,1,derived
bpi_7d02bd16b0727ffb9bad840a9e0524f0ae7059dc3017a672d8f333219473154c,2026,general,一般会計,2026_general_expenditure_05_03_05,地域と連携した両親学級の充実,地域と連携した両親学級の充実,世保＊健康推進課,世保*健康推進課,405,27915,1,derived
bpi_663c357a1e61d4b65f2d8a2ee73100a441a187950bb73618ba144210fb5144ab,2026,general,一般会計,2026_general_expenditure_05_03_05,妊婦健康診査,妊婦健康診査,世保＊健康推進課,世保*健康推進課,405,0,1,derived
bpi_d2aa49d1b65e567becca7f2dc705c6a3e6194e0b117056191cf943e53ee932f6,2026,general,一般会計,2026_general_expenditure_05_03_05,妊産婦及び乳幼児への栄養・食生活支援事業,妊産婦及び乳幼児への栄養・食生活支援事業,世保＊健康推進課,世保*健康推進課,405,5077,1,derived
bpi_f340c8d2add0c8aa5453fdc636d4baf00a4ce17827b8256ff3ba7d88891a0391,2026,general,一般会計,2026_general_expenditure_05_03_05,妊産婦及び乳幼児健康診査,妊産婦及び乳幼児健康診査,世保＊健康推進課,世保*健康推進課,405,825715,1,derived
bpi_3f03d32792476d76955fbfc7fb00a11d81c205d3b810e0f9cb58487821cc1277,2026,general,一般会計,2026_general_expenditure_05_03_05,小児慢性特定疾病医療費給付,小児慢性特定疾病医療費給付,世保＊感染症対策課,世保*感染症対策課,405,213881,1,derived
bpi_93a8628e5dd7edeb020fece4d5aa9441bac352d61396d154e25932db053b8e68,2026,general,一般会計,2026_general_expenditure_05_03_05,未熟児等に対する医療費公費負担,未熟児等に対する医療費公費負担,世保＊健康推進課,世保*健康推進課,405,47458,1,derived
bpi_d61daf79353f3f19f6f1052baa04cb594662427887ed92f6af0f909f54216ea4,2026,general,一般会計,2026_general_expenditure_05_03_05,母子保健知識等の普及と啓発,母子保健知識等の普及と啓発,世保＊健康推進課,世保*健康推進課,405,890133,1,derived
bpi_312672c894774ea73e687eafab9b1256c141de92d4134fc9936eb0a94cedc4d1,2026,general,一般会計,2026_general_expenditure_05_03_05,育児不安・児童虐待防止対策,育児不安・児童虐待防止対策,世保＊健康推進課,世保*健康推進課,405,28791,1,derived
bpi_7c9a35aa5827722671b2e05e2a23bd2568a7fe6094b793788c1d78370f7b027e,2026,general,一般会計,2026_general_expenditure_05_03_06,公害保健対策,公害保健対策,世保＊健康推進課,世保*健康推進課,407,1870,1,derived
bpi_f69c1e5b238373f7d5096a7415cfe93df944c40c94968f223baaa4d454056924,2026,general,一般会計,2026_general_expenditure_05_03_07,おたふくかぜ予防接種助成,おたふくかぜ予防接種助成,世保＊感染症対策課,世保*感染症対策課,407,38892,1,derived
bpi_ad89754ffc3ce0f627bbb49195e0ef02db1d4078442edfb002ebbd73d2a67427,2026,general,一般会計,2026_general_expenditure_05_03_07,子どもインフルエンザ予防接種助成,子どもインフルエンザ予防接種助成,世保＊感染症対策課,世保*感染症対策課,407,229230,1,derived
bpi_6f2147ca2ac49424cc6464e12969ea1c61daf8a893aa0347a26f363c43df5933,2026,general,一般会計,2026_general_expenditure_05_03_07,定期及臨時予防接種,定期及臨時予防接種,世保＊感染症対策課,世保*感染症対策課,407,2611187,1,derived
bpi_39f33316f7c3f0fe81262ff79ad9f9259a63383b127a6984358a1092d40a0451,2026,general,一般会計,2026_general_expenditure_05_03_07,帯状疱疹予防接種助成,帯状疱疹予防接種助成,世保＊感染症対策課,世保*感染症対策課,407,236206,1,derived
bpi_62f1dddc29b8cddd4063da64d35288ca2207c2cfa6544bd8d7e43189f101bbc9,2026,general,一般会計,2026_general_expenditure_05_03_07,感染症対策,感染症対策,世保＊感染症対策課,世保*感染症対策課,407,14735,1,derived
bpi_ca7564853e7f3c034a9855cbc2eb53216b4a798500021431e0e1b1bbcfddef09,2026,general,一般会計,2026_general_expenditure_05_03_07,男性ＨＰＶ予防接種助成,男性HPV予防接種助成,世保＊感染症対策課,世保*感染症対策課,407,35353,1,derived
bpi_5c98b6d127a5df2466f60b34c135019e133145be2ed4cdcfda7517a9e5a8f66c,2026,general,一般会計,2026_general_expenditure_05_03_07,結核対策,結核対策,世保＊感染症対策課,世保*感染症対策課,407,25435,1,derived
bpi_5f3a27a6b7fd6534f062b1abf0cff735b50ed918be3fa1c05ee445bed856d7c7,2026,general,一般会計,2026_general_expenditure_05_03_07,難病・被爆者対策,難病・被爆者対策,世保＊感染症対策課,世保*感染症対策課,407,6930,1,derived
bpi_940fe3b36800c495e469d7c944246ee8ca38fb2be20204db6f3941c8ef13d9ae,2026,general,一般会計,2026_general_expenditure_05_03_07,風しん抗体検査・予防接種,風しん抗体検査・予防接種,世保＊感染症対策課,世保*感染症対策課,407,27022,1,derived
bpi_a7c4e411d30a3d8be794ed960d92a18a421756b7c17c1543eca6bbb72adfeec0,2026,general,一般会計,2026_general_expenditure_05_03_07,高齢者インフルエンザ予防接種,高齢者インフルエンザ予防接種,世保＊感染症対策課,世保*感染症対策課,407,417726,1,derived
bpi_0c682bc161ab72104116c54b21aa13f921c1b265e7d80cba018b68f9b459f5a8,2026,general,一般会計,2026_general_expenditure_05_03_07,高齢者新型コロナ予防接種,高齢者新型コロナ予防接種,世保＊感染症対策課,世保*感染症対策課,407,1104474,1,derived
bpi_5e9597fe8869ca77aa514130b83d1c59d92379d7599059b6ff1c44d6aa414fe2,2026,general,一般会計,2026_general_expenditure_05_03_07,高齢者肺炎球菌予防接種,高齢者肺炎球菌予防接種,世保＊感染症対策課,世保*感染症対策課,407,21260,1,derived
bpi_801a822f4b1e581259a39dc17d52f2c54b53d2d627abbaea71ff150e073c25dc,2026,general,一般会計,2026_general_expenditure_05_04_01,人と動物との共生推進事業,人と動物との共生推進事業,世保＊生活保健課,世保*生活保健課,409,22838,1,derived
bpi_7f31eea84c49d7426b341dc3ea0c0acc07a967f09fc1bc3d3592d01c85cbe288,2026,general,一般会計,2026_general_expenditure_05_04_01,住宅宿泊事業監視普及,住宅宿泊事業監視普及,世保＊生活保健課,世保*生活保健課,409,28416,1,derived
bpi_4218bb6c73f7e3cd179dcbff355f4bd209f11c7396bd76cf00d7cd5a8c991fe5,2026,general,一般会計,2026_general_expenditure_05_04_01,化学検査事業運営,化学検査事業運営,世保＊健康企画課,世保*健康企画課,409,17410,1,derived
bpi_48200a63fad993a4652cc3c878835ff073105a6ba31c2a7565700db88cbbd08c,2026,general,一般会計,2026_general_expenditure_05_04_01,医事薬事監視普及,医事薬事監視普及,世保＊生活保健課,世保*生活保健課,409,2911,1,derived
bpi_6537b099d1cb6968eec84b11b6c3c35fbe7a4c68cd589f5a97888f2957ce177d,2026,general,一般会計,2026_general_expenditure_05_04_01,検査センター事務,検査センター事務,世保＊生活保健課,世保*生活保健課,409,122903,1,derived
bpi_87910c8114bdf3f10747d062bdf1fd936a595e9f25bb05b7e2947d75c16e909e,2026,general,一般会計,2026_general_expenditure_05_04_01,狂犬病予防法事務,狂犬病予防法事務,世保＊生活保健課,世保*生活保健課,409,50990,1,derived
bpi_68552800dd59cb354b24bf2de4bea1189223f0b1ecadc9030f432bdb83a78b1d,2026,general,一般会計,2026_general_expenditure_05_04_01,環境衛生監視普及,環境衛生監視普及,世保＊生活保健課,世保*生活保健課,409,3337,1,derived
bpi_d4198eb6cee49764708c537222845bd3240194ad9d44194da7c7c1385d605afe,2026,general,一般会計,2026_general_expenditure_05_04_01,細菌検査事業運営,細菌検査事業運営,世保＊健康企画課,世保*健康企画課,409,16399,1,derived
bpi_1eda6e90e9f333dabbc832997f5293334d4f3b85ccd4505e3bd05cb8bc3342d5,2026,general,一般会計,2026_general_expenditure_05_04_01,臨床検査事業運営,臨床検査事業運営,世保＊健康企画課,世保*健康企画課,409,7452,1,derived
bpi_79fcb35fb030238c1d965386a7639279a6ecd9e4d7276dd313c6215bdfba2563,2026,general,一般会計,2026_general_expenditure_05_04_01,食の安全・安心の推進,食の安全・安心の推進,世保＊生活保健課,世保*生活保健課,409,376,1,derived
bpi_51bac6640a5bf7d8fa0d7325237a095805546edcb568d90d7254b3673bf92b3c,2026,general,一般会計,2026_general_expenditure_05_04_01,食品衛生監視普及,食品衛生監視普及,世保＊生活保健課,世保*生活保健課,409,15268,1,derived
bpi_0a5eab774d65273d2f554b2aba95c28982bad3a59f5e9c411166e88e4867ff90,2026,general,一般会計,2026_general_expenditure_05_04_01,鼠・害虫相談・水害消毒,鼠・害虫相談・水害消毒,世保＊生活保健課,世保*生活保健課,409,15821,1,derived
bpi_65adb67dc3f671073ddd64e2b93a0220342cf50af70f48bb4a10930d6ad87ec2,2026,general,一般会計,2026_general_expenditure_06_01_01,シルバー人材センター育成,シルバー人材センター育成,経産＊工・建・雇用促進課,経産*工・建・雇用促進課,411,117536,1,derived
bpi_22a0b446ad55dbae79d8423882b292254f869a7e5507c564c0878889b48b4c08,2026,general,一般会計,2026_general_expenditure_06_01_01,ビジネスモデル研究開発支援事業,ビジネスモデル研究開発支援事業,経産＊経済課,経産*経済課,411,2400,1,derived
bpi_61457ba595babbf78680c5cd7a3b7f70f700615a964a2aaeb76443990a47ed53,2026,general,一般会計,2026_general_expenditure_06_01_01,世田谷区産業振興公社運営助成,世田谷区産業振興公社運営助成,経産＊商業課,経産*商業課,411,372469,1,derived
bpi_c2adaf1c0785ed21143ef05a40f648adfc2c137693c1808239bfc643caa6c7f7,2026,general,一般会計,2026_general_expenditure_06_01_01,中小企業者経営支援,中小企業者経営支援,経産＊商業課,経産*商業課,411,538369,1,derived
bpi_b7cb62715be33d3e2cd5da181a79af5cb2bd10015b53c2ae8d96a4976499536b,2026,general,一般会計,2026_general_expenditure_06_01_01,公衆浴場確保対策,公衆浴場確保対策,経産＊商業課,経産*商業課,411,21097,1,derived
bpi_5ae4fd98dd51318ae281d08d4b1d12ca99a00a1d7b5c02a041394ead2623f3ef,2026,general,一般会計,2026_general_expenditure_06_01_01,区内企業就業マッチングの推進,区内企業就業マッチングの推進,経産＊工・建・雇用促進課,経産*工・建・雇用促進課,411,78968,1,derived
bpi_502530c07547f97eb564c396fe264df9d820a9e2b7fd1a2034b456ef76f4559f,2026,general,一般会計,2026_general_expenditure_06_01_01,商業振興,商業振興,経産＊商業課,経産*商業課,411,927732,1,derived
bpi_4eb6df1c8e99b6e862dc18c6659c1c24a71574465b97ebfbfe47633f5b571ee5,2026,general,一般会計,2026_general_expenditure_06_01_01,商業支援,商業支援,経産＊商業課,経産*商業課,411,12727,1,derived
bpi_a42aa618cca3d3d203fd2b3c7dd68125658e1748768344405bae7830df482c21,2026,general,一般会計,2026_general_expenditure_06_01_01,地域産業支援,地域産業支援,経産＊経済課,経産*経済課,411,78602,1,derived
bpi_f2e6edfde90fc71a0173dd42d6bd2c79fa52828302dce480c7ac0de4eaf14813,2026,general,一般会計,2026_general_expenditure_06_01_01,地域経済活動の促進,地域経済活動の促進,経産＊経済課,経産*経済課,411,7649,1,derived
bpi_e2ee077a97cdbc9bfdfc499f4d270eaf42c3c64fe23bff7594b1f234cc2b2841,2026,general,一般会計,2026_general_expenditure_06_01_01,地方版図柄入りナンバープレートＰＲ事業,地方版図柄入りナンバープレートPR事業,経産＊経済課,経産*経済課,411,409,1,derived
bpi_8818b1b2ca68fddf60940bb7b7581d0c9b7da8dd2f5506ace4f0fa7e0b5e8779,2026,general,一般会計,2026_general_expenditure_06_01_01,就労支援拠点事業,就労支援拠点事業,経産＊工・建・雇用促進課,経産*工・建・雇用促進課,411,66815,1,derived
bpi_4da5f16ea682fd0eabe62a32f3c7270f9a3103c11866dca0395cb8fdd4e8b2bb,2026,general,一般会計,2026_general_expenditure_06_01_01,工業・ものづくりの振興,工業・ものづくりの振興,経産＊工・建・雇用促進課,経産*工・建・雇用促進課,411,5802,1,derived
bpi_5ef9aebd5818d531d8a070fda5c6ed77471d3acb55982e3dd0a65c77da21488c,2026,general,一般会計,2026_general_expenditure_06_01_01,産業交流促進事業,産業交流促進事業,経産＊経済課,経産*経済課,411,1800,1,derived
bpi_d18bcb44c4c2d1346a45eaef3afa0773551efd3760118fc7ae036e88aea73941,2026,general,一般会計,2026_general_expenditure_06_01_01,産業創造プラットフォーム,産業創造プラットフォーム,経産＊経済課,経産*経済課,411,29499,1,derived
bpi_0478024f7e38fb45f2ea624bf98061f2acca10ac36db5942bf45bdcc0e86a79f,2026,general,一般会計,2026_general_expenditure_06_01_01,産業振興,産業振興,経産＊工・建・雇用促進課,経産*工・建・雇用促進課,411,29465,1,derived
bpi_e95fa0cc42a8423fbc88eb6539c3f2d98b2c44d2b8bc5056b7b70088822f4862,2026,general,一般会計,2026_general_expenditure_06_01_01,産業活性化拠点事業,産業活性化拠点事業,経産＊経済課,経産*経済課,411,120656,1,derived
bpi_7737550d043a265bd4ac704f4c3c5e62759b1d299fdf9c26b69a754e91b81b2b,2026,general,一般会計,2026_general_expenditure_06_01_01,産業活性化拠点施設整備,産業活性化拠点施設整備,経産＊経済課,経産*経済課,411,0,1,derived
bpi_ce19c827d865365930bfba16924876bba1e21d5cd8a36aefecb210329ae41674,2026,general,一般会計,2026_general_expenditure_06_01_01,産業活性化拠点維持管理,産業活性化拠点維持管理,経産＊工・建・雇用促進課,経産*工・建・雇用促進課,411,8573,1,derived
bpi_26b6f99cc3a95b5dd1123297a4a618269f266d85913fd702276f0ef1b28b81c6,2026,general,一般会計,2026_general_expenditure_06_01_01,産業計画の推進,産業計画の推進,経産＊経済課,経産*経済課,411,12226,1,derived
bpi_5091e29cdce7c3759c167efb8549a5e7a892395f74deb5cd7b8ddf7a692d9efb,2026,general,一般会計,2026_general_expenditure_06_01_01,産業連携推進事業,産業連携推進事業,経産＊経済課,経産*経済課,411,6323,1,derived
bpi_26b18e68aa94d4e7534aaf32377c7119095bb7d0d05a2d9a9fdb70180c5d1e65,2026,general,一般会計,2026_general_expenditure_06_01_01,経営改善支援事業,経営改善支援事業,経産＊経済課,経産*経済課,411,2627,1,derived
bpi_f58b7151ba607515e5ee78e266d0a798fa6bce4710595d17bfcc7970020e63d0,2026,general,一般会計,2026_general_expenditure_06_01_01,経済産業部庶務事務,経済産業部庶務事務,経産＊商業課,経産*商業課,411,6399,1,derived
bpi_4c601234edca4b7012e29c02701ccba6d6cd1faa63414a92ed0e64db92d3ca8d,2026,general,一般会計,2026_general_expenditure_06_01_01,観光事業の推進,観光事業の推進,経産＊経済課,経産*経済課,411,52487,1,derived
bpi_26951408b1428dc3eab393efe13db64d9734a64ec3f70cc9dc39376cc8d7e3ef,2026,general,一般会計,2026_general_expenditure_06_01_01,雇用促進事業,雇用促進事業,経産＊工・建・雇用促進課,経産*工・建・雇用促進課,411,569,1,derived
bpi_754aea2fb9c5bedca128fe79cebf1f80e937f4a4e02dd2403c6b3b248ca90211,2026,general,一般会計,2026_general_expenditure_06_02_01,農業委員会委員報酬,農業委員会委員報酬,経産＊都市農業課,経産*都市農業課,415,7380,1,derived
bpi_d45b88b14d56708b593fab6935b48b3fc87d7d5b3b70b7b1097dd347a3ed32d9,2026,general,一般会計,2026_general_expenditure_06_02_01,農業委員会運営,農業委員会運営,経産＊都市農業課,経産*都市農業課,415,3672,1,derived
bpi_3f3b654f65420d5995d948b3bb6d3e59b133ccd5e5f48bad7ec588932751cc24,2026,general,一般会計,2026_general_expenditure_06_02_02,ふれあい農業推進,ふれあい農業推進,経産＊都市農業課,経産*都市農業課,415,4356,1,derived
bpi_c5c11e0d18b6a537a9faeac27417d2e2ec36dccf5bea4d128b598d4050120da6,2026,general,一般会計,2026_general_expenditure_06_02_02,区民農園維持運営,区民農園維持運営,経産＊都市農業課,経産*都市農業課,415,110809,1,derived
bpi_de905edb628fe1b15f64d462bca72067d282615855868f5f3aa15fe16b28e917,2026,general,一般会計,2026_general_expenditure_06_02_02,有機農業推進事業,有機農業推進事業,経産＊都市農業課,経産*都市農業課,415,3390,1,derived
bpi_7730b7405cf9a9e4d6925842bb2e0fd1d37fa9225f6718cb2f2e82b97173cd47,2026,general,一般会計,2026_general_expenditure_06_02_02,花卉・そ菜展,花卉・そ菜展,経産＊都市農業課,経産*都市農業課,415,24352,1,derived
bpi_43ed92ba01b75a5e07351341e4a808aae9a6229951f46622b2116656bb3f2fd5,2026,general,一般会計,2026_general_expenditure_06_02_02,農地の保全,農地の保全,経産＊都市農業課,経産*都市農業課,415,49582,1,derived
bpi_7eb8e47a08bb247ced2ea551266b7741300d654e78a09e3833f95e07b0d2337a,2026,general,一般会計,2026_general_expenditure_06_02_02,農業振興等拠点運営,農業振興等拠点運営,経産＊都市農業課,経産*都市農業課,415,6475,1,derived
bpi_78e53185e5e2e9d9df7412ed39adc54c705c94b6d3f32faf403fa146a76367a0,2026,general,一般会計,2026_general_expenditure_06_02_02,農業経営安定化,農業経営安定化,経産＊都市農業課,経産*都市農業課,415,13423,1,derived
bpi_2efcdb206f0c0547cdbc9abe25c05bd44b3af67fba867cbd98db009d31617e74,2026,general,一般会計,2026_general_expenditure_06_02_02,農産物ブランド化推進,農産物ブランド化推進,経産＊都市農業課,経産*都市農業課,415,5578,1,derived
bpi_9ad8d4874fe82b110798fd222ef92b8be24bf363d324aac7c60abbf3afd51f47,2026,general,一般会計,2026_general_expenditure_06_02_02,農福連携事業,農福連携事業,経産＊都市農業課,経産*都市農業課,415,4838,1,derived
bpi_909446b89e9922144e46aeccef10cf75163cffdcf3283dcb8bc1b78587756caa,2026,general,一般会計,2026_general_expenditure_07_01_01,不法占用対策,不法占用対策,土＊土木計画調整課,土*土木計画調整課,419,32678,1,derived
bpi_8bf9d9d149b5146a004e507f7a87cdf41bb84147f83fe32c16962a72e069823b,2026,general,一般会計,2026_general_expenditure_07_01_01,土木事務（世田谷・北沢・烏山）,土木事務(世田谷・北沢・烏山),土＊工事第一課,土*工事第一課,419,16878,1,derived
bpi_5e41222bb9260b92cfbdf5d98d5ab5ee8b133ea8b34e335f2720b60ff99cd26f,2026,general,一般会計,2026_general_expenditure_07_01_01,土木事務（玉川・砧）,土木事務(玉川・砧),土＊工事第二課,土*工事第二課,419,16332,1,derived
bpi_a6cc648db134941edc8b3af324a8b39698b8c7d8f0fca1144f34fc8816bf7a2d,2026,general,一般会計,2026_general_expenditure_07_01_01,土木技術指導,土木技術指導,土＊土木計画調整課,土*土木計画調整課,419,3269,1,derived
bpi_9dc10ff2c9559c5ce8822ef9fc729943be17700a90583c707b7044c39f0e4695,2026,general,一般会計,2026_general_expenditure_07_01_01,土木施設改修（世田谷・北沢・烏山）,土木施設改修(世田谷・北沢・烏山),土＊工事第一課,土*工事第一課,419,4422,1,derived
bpi_6c4e10bfbba3f3f097c58b596a77156dc959ded647d46f6d349fe4c3e1b6c7ce,2026,general,一般会計,2026_general_expenditure_07_01_01,土木施設改修（玉川・砧）,土木施設改修(玉川・砧),土＊工事第二課,土*工事第二課,419,0,1,derived
bpi_6cc1bef56a8349776ed6539fbfbc9e297e8efe0b13791d3ea11423c46256c8e6,2026,general,一般会計,2026_general_expenditure_07_01_01,土木施設維持管理（世田谷・北沢・烏山）,土木施設維持管理(世田谷・北沢・烏山),土＊工事第一課,土*工事第一課,419,30770,1,derived
bpi_c6e8d513e461507e651d3f7634468c9bad84a0363fc66a1f1bedb22aa1248043,2026,general,一般会計,2026_general_expenditure_07_01_01,土木施設維持管理（玉川・砧）,土木施設維持管理(玉川・砧),土＊工事第二課,土*工事第二課,419,20454,1,derived
bpi_d103bf31a1380ea951cba11cfd5f2763cc0998f031cf5e5b3f2b2e21c0f782b1,2026,general,一般会計,2026_general_expenditure_07_01_01,土木部庶務事務,土木部庶務事務,土＊土木計画調整課,土*土木計画調整課,419,10875,1,derived
bpi_e6d46ac2900b3a76e5186c83fb0e4e7b098bfef45ad9789ca70aab7fe0e7ba76,2026,general,一般会計,2026_general_expenditure_07_01_01,自動車臨時運行許可,自動車臨時運行許可,土＊土木計画調整課,土*土木計画調整課,419,28,1,derived
bpi_7dd8ef94d295861942b7357f15118ee7ebbcf110e0622abd7667b4d28d0d3944,2026,general,一般会計,2026_general_expenditure_07_01_01,違反広告物除却協力員制度,違反広告物除却協力員制度,土＊土木計画調整課,土*土木計画調整課,419,204,1,derived
bpi_d8303672ab56e7b444426ddb874cb81dbb519359deb1d7ef41a5c9075f0bb6a8,2026,general,一般会計,2026_general_expenditure_07_02_01,へい死犬猫等処理,へい死犬猫等処理,土＊工事第一課,土*工事第一課,421,28347,1,derived
bpi_b1a4126bc60b4e1427f1d05cc5f595927557635c3cc7cfbf0ae0b99fa4c11eee,2026,general,一般会計,2026_general_expenditure_07_02_01,事業計画各種調査・研究等,事業計画各種調査・研究等,土＊土木計画調整課,土*土木計画調整課,421,15549,1,derived
bpi_07e483ac628d477387910555dc2e2c53e435f236be4d1c287a2d524c589c93ae,2026,general,一般会計,2026_general_expenditure_07_02_01,公共物管理・道路認定,公共物管理・道路認定,道計＊道路管理課,道計*道路管理課,421,18933,1,derived
bpi_e516bb8c7d694ed55ed3ed8fdbefab4892edffe784bf7fbbc0418fa83cf8a285,2026,general,一般会計,2026_general_expenditure_07_02_01,土地境界確定,土地境界確定,道計＊道路管理課,道計*道路管理課,421,76893,1,derived
bpi_da1c943574838b73d79f81cc13edfc475e6c55f883f18800edd51bf117009026,2026,general,一般会計,2026_general_expenditure_07_02_01,地籍調査事業,地籍調査事業,道計＊道路管理課,道計*道路管理課,421,121706,1,derived
bpi_d21b8d7c7db2885f8eb2248b5f6e6cfdd1923dd5431f44531d398b78ab018c93,2026,general,一般会計,2026_general_expenditure_07_02_01,豪雨対策・下水道整備事務,豪雨対策・下水道整備事務,土＊豪雨・下水道整備課,土*豪雨・下水道整備課,421,606,1,derived
bpi_901b249cef4d3558d9eafc05d4843798c4131fc8bf05095673e64a87629d32c4,2026,general,一般会計,2026_general_expenditure_07_02_01,道路・交通計画部庶務事務,道路・交通計画部庶務事務,道計＊道路管理課,道計*道路管理課,421,8251,1,derived
bpi_a25582653872cc95cd49e2905f0a11e491609e3ddb03a4fc10361af27c4889db,2026,general,一般会計,2026_general_expenditure_07_02_01,道路台帳等整備,道路台帳等整備,道計＊道路管理課,道計*道路管理課,421,64286,1,derived
bpi_c454a4f3c0fc22cad33e5535a0e5d7a320f026807a82a9cfddaa56801579828b,2026,general,一般会計,2026_general_expenditure_07_02_01,道路等占用・掘削復旧許可,道路等占用・掘削復旧許可,土＊土木計画調整課,土*土木計画調整課,421,12885,1,derived
bpi_1ccbb4527363eab4364880a498088f3176bac398caf4c71a8daaa474c6d2d35d,2026,general,一般会計,2026_general_expenditure_07_02_01,道路維持管理（世田谷・北沢・烏山）,道路維持管理(世田谷・北沢・烏山),土＊工事第一課,土*工事第一課,421,8024,1,derived
bpi_224cfbe6f006c9286dccd396ac124d42b21391ce607888c2819ce6bfec228cc8,2026,general,一般会計,2026_general_expenditure_07_02_01,道路維持管理（玉川・砧）,道路維持管理(玉川・砧),土＊工事第二課,土*工事第二課,421,6855,1,derived
bpi_7a1c4d135150aefb7a9c288942b3276a1f29631bacd336e5abe42afc508d1b11,2026,general,一般会計,2026_general_expenditure_07_02_02,街路樹維持管理,街路樹維持管理,みどり３３＊公園緑地課,みどり33*公園緑地課,423,368902,1,derived
bpi_28997cea7ef2741d9d936c78a70859b7d1d2aeaabf4f307d90ba81e2a630a894,2026,general,一般会計,2026_general_expenditure_07_02_02,道路側溝維持修繕（世田谷・北沢・烏山）,道路側溝維持修繕(世田谷・北沢・烏山),土＊工事第一課,土*工事第一課,423,488855,1,derived
bpi_670ab5bfd8f6ebc0a45dd0caed45db78cc8623abe7428ae1180bb6eab361a4e7,2026,general,一般会計,2026_general_expenditure_07_02_02,道路側溝維持修繕（玉川・砧）,道路側溝維持修繕(玉川・砧),土＊工事第二課,土*工事第二課,423,712302,1,derived
bpi_5d979750c9a31c1b7f2719a9d9a0af53ac53932dc34f092513de3a50466aa13f,2026,general,一般会計,2026_general_expenditure_07_02_03,主要な生活道路築造（世田谷・北沢・烏山）,主要な生活道路築造(世田谷・北沢・烏山),土＊工事第一課,土*工事第一課,423,406595,1,derived
bpi_022e5b776485241851493f7cbdf98f2e1e033391b60e6f99e58cac69531f56c4,2026,general,一般会計,2026_general_expenditure_07_02_03,主要な生活道路築造（玉川・砧）,主要な生活道路築造(玉川・砧),土＊工事第二課,土*工事第二課,423,95963,1,derived
bpi_943d72093f7e1285883a93621895adc8699442f741b6d47a91b9b26f5912dee7,2026,general,一般会計,2026_general_expenditure_07_02_03,主要生活道路用地取得,主要生活道路用地取得,道計＊道路計画課,道計*道路計画課,423,541709,1,derived
bpi_6d1c7c5d46be10c1c5235994bfd0f37f8c8983cd8e63938bb6a8052e3aaff578,2026,general,一般会計,2026_general_expenditure_07_02_03,土地区画整理,土地区画整理,防街＊市街地整備課,防街*市街地整備課,423,700,1,derived
bpi_27af1b6cb664b0154a21f6f0b2b29dd229ec15ff8608943d265be234339f4c72,2026,general,一般会計,2026_general_expenditure_07_02_03,地先道路用地取得,地先道路用地取得,道計＊道路計画課,道計*道路計画課,423,1075896,1,derived
bpi_139fc42179d84e905df21a05cd5ebce47a31c8567c99729bd0d724ed4e7b3707,2026,general,一般会計,2026_general_expenditure_07_02_03,地先道路築造（世田谷・北沢・烏山）,地先道路築造(世田谷・北沢・烏山),土＊工事第一課,土*工事第一課,423,121195,1,derived
bpi_bb942efa2d4fce11e7d92fb7e3e78f8f113c7e204983bdcfabe65a18f4ef48d8,2026,general,一般会計,2026_general_expenditure_07_02_03,地先道路築造（玉川・砧）,地先道路築造(玉川・砧),土＊工事第二課,土*工事第二課,423,70060,1,derived
bpi_7f98dc540120114ff21523122b85644839b08195a7bbdb53dc4f858596a5b30c,2026,general,一般会計,2026_general_expenditure_07_02_03,座れる場づくりの推進（世田谷・北沢・烏山）,座れる場づくりの推進(世田谷・北沢・烏山),土＊工事第一課,土*工事第一課,423,2500,1,derived
bpi_f28b2b1d530e5171a126ea1b55496be9e55fd906dd17e2054f9cb24d7274713a,2026,general,一般会計,2026_general_expenditure_07_02_03,建築線・狭あい道路事業,建築線・狭あい道路事業,防街＊建築安全課,防街*建築安全課,423,1034715,1,derived
bpi_e17e9b0f57dabd86c625bdb00af934706cfe98436f3cbf15f1b339851226bc77,2026,general,一般会計,2026_general_expenditure_07_02_03,歩道整備（世田谷・北沢・烏山）,歩道整備(世田谷・北沢・烏山),土＊工事第一課,土*工事第一課,423,218925,1,derived
bpi_5c0367c2d49c5b32ef0b906f5f033041b75b3a89747355c2046c4833518a2ad2,2026,general,一般会計,2026_general_expenditure_07_02_03,歩道整備（玉川・砧）,歩道整備(玉川・砧),土＊工事第二課,土*工事第二課,423,261300,1,derived
bpi_422a5e9d6be8685cbe000c7f54e68ad1fd5345629be1ca6050bfa0faa0c70e83,2026,general,一般会計,2026_general_expenditure_07_02_03,無電柱化整備（世田谷・北沢・烏山）,無電柱化整備(世田谷・北沢・烏山),土＊工事第一課,土*工事第一課,423,249625,1,derived
bpi_33a533060af44094dd3835ef47a581f429ddc4b517e94bd1fa0946d9fd0652df,2026,general,一般会計,2026_general_expenditure_07_02_03,無電柱化整備（玉川・砧）,無電柱化整備(玉川・砧),土＊工事第二課,土*工事第二課,423,201415,1,derived
bpi_936e69e0d838a4881a745614f2c1b7ce014b57cd43d24e676cbf6c0c3a39b2d9,2026,general,一般会計,2026_general_expenditure_07_02_03,路面改良（世田谷・北沢・烏山）,路面改良(世田谷・北沢・烏山),土＊工事第一課,土*工事第一課,423,961745,1,derived
bpi_f5e83a0fb1a94103c19e8cd15aba04845f2a3a649b7e8e9483d1b23a647acf96,2026,general,一般会計,2026_general_expenditure_07_02_03,路面改良（玉川・砧）,路面改良(玉川・砧),土＊工事第二課,土*工事第二課,423,856964,1,derived
bpi_38af065682dba18fda4e9659757c9aa3ee5026d0def22236c61c484808dd4b78,2026,general,一般会計,2026_general_expenditure_07_02_03,道路事業推進事務,道路事業推進事務,道計＊道路事業推進課,道計*道路事業推進課,423,37746,1,derived
bpi_12549ed9945c853716b309f2271c35adcb52c44f1a0b75a3a937bc14e01d2f31,2026,general,一般会計,2026_general_expenditure_07_02_03,道路建設事務,道路建設事務,道計＊道路計画課,道計*道路計画課,423,13434,1,derived
bpi_d2d24c4997f17041d2c4e6f979b72e3b2a86200c1d111988d353a257c87bfd1c,2026,general,一般会計,2026_general_expenditure_07_02_03,都市型水害対策の推進,都市型水害対策の推進,土＊豪雨・下水道整備課,土*豪雨・下水道整備課,423,58984,1,derived
bpi_f89f952c353b22920d10cdb0f925659aa9f7fbbdfe798f682dcccae1e5c0fc45,2026,general,一般会計,2026_general_expenditure_07_02_03,都市計画道路（拠点整備・下北沢）,都市計画道路(拠点整備・下北沢),道計＊道路計画課,道計*道路計画課,423,41935,1,derived
bpi_da0c09cdd21487a1853b8b2fa9d3d0da1a9ea4de8dda926fdca00e3d48877058,2026,general,一般会計,2026_general_expenditure_07_02_03,都市計画道路用地取得,都市計画道路用地取得,道計＊道路計画課,道計*道路計画課,423,3215932,1,derived
bpi_df2c4f9c9b7d89e3e88ecf19869cb80904fced27b40db7b963916c24e236e261,2026,general,一般会計,2026_general_expenditure_07_02_03,雨水貯留浸透施設整備（世田谷・北沢・烏山）,雨水貯留浸透施設整備(世田谷・北沢・烏山),土＊工事第一課,土*工事第一課,423,18538,1,derived
bpi_acb4bfa1ca69e9cf80d8f0915ec06a5d0848d3532ddf97a5a97c31e82c4dd792,2026,general,一般会計,2026_general_expenditure_07_02_03,雨水貯留浸透施設整備（玉川・砧）,雨水貯留浸透施設整備(玉川・砧),土＊工事第二課,土*工事第二課,423,14435,1,derived
bpi_ba63f306c79ba9300b240e679cc2a1564ef7960fee9c692307f4cc182cfb413c,2026,general,一般会計,2026_general_expenditure_07_02_04,私道整備助成,私道整備助成,土＊工事第一課,土*工事第一課,425,39000,1,derived
bpi_0ec074d3a93a5aa9bcb52378c26f7d032ca032822b1e570d6a596415aa2cec9a,2026,general,一般会計,2026_general_expenditure_07_02_06,交通安全啓発,交通安全啓発,土＊交通安全自転車課,土*交通安全自転車課,425,18714,1,derived
bpi_06c83a9be204d142c0319032e4d186a2c8d4ff6f8c76d390c2b7f1d11257d74d,2026,general,一般会計,2026_general_expenditure_07_02_06,交通安全施設整備（世田谷・北沢・烏山）,交通安全施設整備(世田谷・北沢・烏山),土＊工事第一課,土*工事第一課,425,51914,1,derived
bpi_72c898458126a0e33778e63fd9f0a8330d718c05f5e795e5dc73d4134a2f1bd0,2026,general,一般会計,2026_general_expenditure_07_02_06,交通安全施設整備（玉川・砧）,交通安全施設整備(玉川・砧),土＊工事第二課,土*工事第二課,425,43157,1,derived
bpi_a8d8e5bbc044d05c89e5aa9fb52fe51f57206717c8c35b1b99264efd4dd0cfb0,2026,general,一般会計,2026_general_expenditure_07_02_06,交通安全施設維持管理（世田谷・北沢・烏山）,交通安全施設維持管理(世田谷・北沢・烏山),土＊工事第一課,土*工事第一課,425,121653,1,derived
bpi_1f57ff5a3d4b3c0a9305f6b567879e9232eb0ec12f1a9f2b4797242021f413f3,2026,general,一般会計,2026_general_expenditure_07_02_06,交通安全施設維持管理（玉川・砧）,交通安全施設維持管理(玉川・砧),土＊工事第二課,土*工事第二課,425,77297,1,derived
bpi_f7e9e562a20c43c869a6ae54134beed891d30129370bc08bfc65856718fd57b1,2026,general,一般会計,2026_general_expenditure_07_02_06,放置自転車対策,放置自転車対策,土＊交通安全自転車課,土*交通安全自転車課,425,446568,1,derived
bpi_2fa68ad91536725bb16dbe16d9d5f29ae95887b26f07e5fc9c23fa195a5f57b0,2026,general,一般会計,2026_general_expenditure_07_02_06,自転車等駐車場等整備,自転車等駐車場等整備,土＊交通安全自転車課,土*交通安全自転車課,425,3000,1,derived
bpi_9dde83627ec263a77f8f2f48120a12bf94385a1820d0fc771fbe1dac4528ed4c,2026,general,一般会計,2026_general_expenditure_07_02_06,自転車等駐車場等維持運営,自転車等駐車場等維持運営,土＊交通安全自転車課,土*交通安全自転車課,425,165812,1,derived
bpi_ea379428efcce014d4d0bff3790f21fbfa3ebb4e83a7766d1361fcb8e7df78e4,2026,general,一般会計,2026_general_expenditure_07_02_06,自転車走行環境整備の推進,自転車走行環境整備の推進,土＊交通安全自転車課,土*交通安全自転車課,425,38248,1,derived
bpi_d936772a76ee1e2d3eca406ddda2e6dd7bd3b919206e174f4c1063987ecc38c6,2026,general,一般会計,2026_general_expenditure_07_02_07,ＬＥＤ街路灯新設改良,LED街路灯新設改良,土＊工事第一課,土*工事第一課,425,470198,1,derived
bpi_4e38f8c749ed191c17fce6a0d9fc1568191979d19f9da24d1a672cc1433f0ec5,2026,general,一般会計,2026_general_expenditure_07_02_07,民有防犯灯維持助成,民有防犯灯維持助成,土＊工事第一課,土*工事第一課,425,1134,1,derived
bpi_348ed0bae3a0b5c54dd7e19646af9c70ca6a287fa2457f589aa8d0d25b4fc267,2026,general,一般会計,2026_general_expenditure_07_02_07,街路灯維持管理,街路灯維持管理,土＊工事第一課,土*工事第一課,425,382282,1,derived
bpi_52ff1618a9b22f75a4c83c3f8ae15b1e23e901a180282b7675a1265abb823b55,2026,general,一般会計,2026_general_expenditure_07_02_08,公共下水道枝線建設,公共下水道枝線建設,土＊豪雨・下水道整備課,土*豪雨・下水道整備課,425,428894,1,derived
bpi_5dc7b77742d6852422e575d1c610b35db5559f1ff02bea987eedbc7088e20d81,2026,general,一般会計,2026_general_expenditure_07_02_09,私道排水設備助成,私道排水設備助成,土＊工事第二課,土*工事第二課,425,3500,1,derived
bpi_0b34804cb6dd88c7920baaf921e92f253b3a051a0b6754d3f685bdb48a21ca2f,2026,general,一般会計,2026_general_expenditure_07_02_10,橋梁新設改良,橋梁新設改良,土＊工事第二課,土*工事第二課,427,1411284,1,derived
bpi_25451f5186223c7e69df7ce8f82e8e5ccf9033e740b499ce0ef66c03ef380ac7,2026,general,一般会計,2026_general_expenditure_07_02_10,橋梁点検,橋梁点検,土＊工事第二課,土*工事第二課,427,63129,1,derived
bpi_c59f27a6f45dc87af4981c1c20161fa3cea2b6d45d32d1962c5847a5aa47836a,2026,general,一般会計,2026_general_expenditure_07_03_01,下水道局樋門管理受託,下水道局樋門管理受託,土＊工事第二課,土*工事第二課,429,3753,1,derived
bpi_1d48cede256e01529f08d737da53766a9c533c31df68714dd2f4312441c2a460,2026,general,一般会計,2026_general_expenditure_07_03_01,水防対策,水防対策,土＊土木計画調整課,土*土木計画調整課,429,23361,1,derived
bpi_ecd712539398c5522416957716c12b9ba3bd5dce72f9cfbaa16e58cd9b98515d,2026,general,一般会計,2026_general_expenditure_07_03_01,水防対策（世田谷・北沢・烏山）,水防対策(世田谷・北沢・烏山),土＊工事第一課,土*工事第一課,429,1041,1,derived
bpi_40e5833575d31d55388217895c49925d0eebdcdee645c8344a49ef5d5c56dc6b,2026,general,一般会計,2026_general_expenditure_07_03_01,水防対策（玉川・砧）,水防対策(玉川・砧),土＊工事第二課,土*工事第二課,429,1946,1,derived
bpi_6b2d79636a06e2430aca597b5fa4037d315d12cb1039d890983a85a7f475a772,2026,general,一般会計,2026_general_expenditure_07_03_01,河川・水路維持管理（世田谷・北沢・烏山）,河川・水路維持管理(世田谷・北沢・烏山),土＊工事第一課,土*工事第一課,429,47200,1,derived
bpi_c683bf380fec5add0a3b4b26146d4556b7d8ca7df8a6eaaa8faed497e8bfbcc4,2026,general,一般会計,2026_general_expenditure_07_03_01,河川・水路維持管理（玉川・砧）,河川・水路維持管理(玉川・砧),土＊工事第二課,土*工事第二課,429,177330,1,derived
bpi_087a3eb0853f8be313f6a1d6a2c7694afc0fd524713b04be8d97709a80e6ba26,2026,general,一般会計,2026_general_expenditure_07_03_05,河川・水路整備（世田谷・北沢・烏山）,河川・水路整備(世田谷・北沢・烏山),土＊工事第一課,土*工事第一課,429,11009,1,derived
bpi_e5e5dabe1b8f63938ebd282367449637c86f5f5d66f4923448f92f5f140329e2,2026,general,一般会計,2026_general_expenditure_07_03_05,河川・水路整備（玉川・砧）,河川・水路整備(玉川・砧),土＊工事第二課,土*工事第二課,429,80340,1,derived
bpi_8639f2cdcc456b24c03d99f8e751db547469c18321797a2b5096912620690f09,2026,general,一般会計,2026_general_expenditure_07_04_01,みどり３３推進担当部庶務事務,みどり33推進担当部庶務事務,みどり３３＊みどり政策課,みどり33*みどり政策課,431,3616,1,derived
bpi_b5e30635cd3ac5636755ccfbcc4c0763dec83ab18ab234875a7b4adc63c51bb0,2026,general,一般会計,2026_general_expenditure_07_04_01,ミニＳＬ管理運営,ミニSL管理運営,みどり３３＊公園緑地課,みどり33*公園緑地課,431,53937,1,derived
bpi_f7529051efff04177f53f94110d58d9e502973971632f248ead2c4f304727c22,2026,general,一般会計,2026_general_expenditure_07_04_01,公園プール維持運営,公園プール維持運営,みどり３３＊公園緑地課,みどり33*公園緑地課,431,71459,1,derived
bpi_09d3870d14aac465d638f58e958e4113a78851829efeb7ba88c02cc4ef6fd509,2026,general,一般会計,2026_general_expenditure_07_04_01,公園・身近な広場維持運営,公園・身近な広場維持運営,みどり３３＊公園緑地課,みどり33*公園緑地課,431,3578985,1,derived
bpi_537cac7e1f33b75fb202dbfec8ddac996d59c08439024e5ea670d24533955c88,2026,general,一般会計,2026_general_expenditure_07_04_01,公園事務,公園事務,みどり３３＊公園緑地課,みどり33*公園緑地課,431,29092,1,derived
bpi_4a36b092eb3a237461040e6c0341150fc7fdb95e370ba266f205914960a55fcb,2026,general,一般会計,2026_general_expenditure_07_04_01,多摩川玉堤広場維持管理,多摩川玉堤広場維持管理,みどり３３＊公園緑地課,みどり33*公園緑地課,431,112102,1,derived
bpi_81a1df963d1a7b2afc2c028d5899df5f85f0e78ee8da87791eb457a3dfe3837a,2026,general,一般会計,2026_general_expenditure_07_04_01,崖線樹林地保全管理,崖線樹林地保全管理,みどり３３＊公園緑地課,みどり33*公園緑地課,431,113670,1,derived
bpi_09f7661ddc631e2a700570fbe09e434626cd9b09c1ac0f1ad6c47f78e7bb0107,2026,general,一般会計,2026_general_expenditure_07_04_01,農業公園維持運営,農業公園維持運営,みどり３３＊公園緑地課,みどり33*公園緑地課,431,100069,1,derived
bpi_754daa2204c3668a7b02356f0aea10473a0b0a802f1c6d7c6d26e37591f81ba0,2026,general,一般会計,2026_general_expenditure_07_04_02,公園・身近な広場改修,公園・身近な広場改修,みどり３３＊公園緑地課,みどり33*公園緑地課,433,346759,1,derived
bpi_91675a8aa0cff4b45d59f28cb96d43ead49684d25d0e1b8ff3933891522c6979,2026,general,一般会計,2026_general_expenditure_07_04_02,公園新設,公園新設,みどり３３＊公園緑地課,みどり33*公園緑地課,433,208152,1,derived
bpi_ce720411b75ae5899b46cd419717f8bde68af21c822bb2d7f2e57f1093a940af,2026,general,一般会計,2026_general_expenditure_07_04_02,公園用地買収,公園用地買収,み３３＊公園利活用推進課,み33*公園利活用推進課,433,3495859,1,derived
bpi_2073b54f96f42cdf315b2f6d36636067341f2105e1ba4f089a77c0e667da4bdf,2026,general,一般会計,2026_general_expenditure_07_04_02,大規模公園改修,大規模公園改修,みどり３３＊公園緑地課,みどり33*公園緑地課,433,1441754,1,derived
bpi_b0cf20468e59d0256ba0f1d63d384f668ede42691eda37c079a34e0595a12ad7,2026,general,一般会計,2026_general_expenditure_07_04_02,緑道整備,緑道整備,みどり３３＊公園緑地課,みどり33*公園緑地課,433,22170,1,derived
bpi_6fd1c10831e17401b2f417caa9cb5c12a62a995d92b5dd5b3d9a7a74b5517015,2026,general,一般会計,2026_general_expenditure_07_04_05,みどりのトラスト基金積立金,みどりのトラスト基金積立金,みどり３３＊みどり政策課,みどり33*みどり政策課,433,109193,1,derived
bpi_cfc2b8f168fa5bc665eb1564718678b99e19a7a6144fcf342a25d3dadc4a77ff,2026,general,一般会計,2026_general_expenditure_07_04_05,地下水湧水保全対策,地下水湧水保全対策,みどり３３＊みどり政策課,みどり33*みどり政策課,433,9572,1,derived
bpi_0ecfe84b78f88167d4299e6e25396fc0a406662137582155e3afccffb1fa626f,2026,general,一般会計,2026_general_expenditure_07_04_05,地域緑化促進,地域緑化促進,みどり３３＊みどり政策課,みどり33*みどり政策課,433,17996,1,derived
bpi_239283c9ea26f0f764a2b27b21b4ecf439b7519bea27b70177530bd5f1180e69,2026,general,一般会計,2026_general_expenditure_07_04_05,樹木・樹林地の保護,樹木・樹林地の保護,みどり３３＊みどり政策課,みどり33*みどり政策課,433,179137,1,derived
bpi_7562d6d94dac8674dba9064a2331fbe7c08d739f3b46d8713fbf8b8d69cbf8f7,2026,general,一般会計,2026_general_expenditure_07_04_05,特別保護区保護管理,特別保護区保護管理,みどり３３＊みどり政策課,みどり33*みどり政策課,433,19698,1,derived
bpi_634c2775546f5bad88084d4569353f989df52cd65386a957dcaedebb4652dcb4,2026,general,一般会計,2026_general_expenditure_07_04_05,緑と水のまちづくり,緑と水のまちづくり,みどり３３＊みどり政策課,みどり33*みどり政策課,433,127901,1,derived
bpi_0743cfe2bd3660b9f1982adfa4b6116bd62cc5d3a9615002c42a7c0351affa0e,2026,general,一般会計,2026_general_expenditure_07_04_06,公衆トイレ維持管理,公衆トイレ維持管理,みどり３３＊公園緑地課,みどり33*公園緑地課,433,35133,1,derived
bpi_841b72fd8e533a2020a8283085ab144a316903882bcff4467726479991ff6e8d,2026,general,一般会計,2026_general_expenditure_07_05_01,中高層建築物紛争調整,中高層建築物紛争調整,都政＊建築調整課,都政*建築調整課,435,405,1,derived
bpi_ceba32d2896c0b79cc87f23b0b11c83443b5564545d248c2c8bf8365882710b7,2026,general,一般会計,2026_general_expenditure_07_05_01,建築物耐震診断・補強工事,建築物耐震診断・補強工事,防街＊防災街づくり課,防街*防災街づくり課,435,478366,1,derived
bpi_b5f73ed2c757baa8ed2f1d5876e6d6332b8586023e49260d03f49056f5325ba2,2026,general,一般会計,2026_general_expenditure_07_05_01,建築行政事務,建築行政事務,都政＊建築調整課,都政*建築調整課,435,7051,1,derived
bpi_5d37f920909a0bc14c35642ba9088fb14ad8d5accc3e9d4f933e70c2a6894b27,2026,general,一般会計,2026_general_expenditure_07_05_01,民間建築敷地の安全促進,民間建築敷地の安全促進,防街＊市街地整備課,防街*市街地整備課,435,22906,1,derived
bpi_1af30136bafb404ae125ea33b86968077d25d97e9b4bda20f8be3c3197375cc2,2026,general,一般会計,2026_general_expenditure_07_05_01,特殊建築物定期報告,特殊建築物定期報告,防街＊建築安全課,防街*建築安全課,435,11548,1,derived
bpi_3e01729c012cd24c22b7010b25ac12d30196a2c93bd52d694c4cd6ec25c67f64,2026,general,一般会計,2026_general_expenditure_07_05_01,空家等対策事業運営,空家等対策事業運営,防街＊建築安全課,防街*建築安全課,435,19299,1,derived
bpi_ab61b99d3ed18dc55e4944a24a7af531e0d1c8b2f70d8344548e84387be02ed0,2026,general,一般会計,2026_general_expenditure_07_05_01,違反建築物防止是正指導,違反建築物防止是正指導,防街＊建築安全課,防街*建築安全課,435,181,1,derived
bpi_96ea4ae800c219ff9fe8e3cff1f799f06d549c33ff00f4e11acf58eeccf4c8c9,2026,general,一般会計,2026_general_expenditure_07_05_02,「せたがやの家」運営補助,「せたがやの家」運営補助,都政＊住宅課,都政*住宅課,437,66922,1,derived
bpi_8ae5b77291fc2ead06a1a71c88d38b92420266e8f278d4ef6ea063f52a15b6b4,2026,general,一般会計,2026_general_expenditure_07_05_02,住まいサポートセンター運営,住まいサポートセンター運営,都政＊居住支援課,都政*居住支援課,437,54914,1,derived
bpi_bcf55c5c7d8abf6ecad541fc28030c1e210cc2c7939ffd52c9bd0f9d145fde2b,2026,general,一般会計,2026_general_expenditure_07_05_02,住宅基金積立金,住宅基金積立金,都政＊住宅課,都政*住宅課,437,84254,1,derived
bpi_bb3b1e9faf4a31f3bfb37015384a13292bdea13fe2e7308ee9f0a893d6ed396d,2026,general,一般会計,2026_general_expenditure_07_05_02,住宅施策の計画,住宅施策の計画,都政＊居住支援課,都政*居住支援課,437,330971,1,derived
bpi_e90d4ed33cd84c408333d0e3902ca417380afc1a0bfb319738cadc41ab514539,2026,general,一般会計,2026_general_expenditure_07_05_02,公的住宅改修工事,公的住宅改修工事,都政＊住宅課,都政*住宅課,437,590817,1,derived
bpi_5d66f5466a45f6791ec2938deb5f1c73b83cd35406ec9403aec973949ca88f7b,2026,general,一般会計,2026_general_expenditure_07_05_02,公的住宅維持運営,公的住宅維持運営,都政＊住宅課,都政*住宅課,437,1180147,1,derived
bpi_5d7c25c7372bca4dc9b1a1e8c9414707d0bc2f3719eac08349cd306015be221d,2026,general,一般会計,2026_general_expenditure_07_05_02,応急仮設住宅事業,応急仮設住宅事業,都政＊住宅課,都政*住宅課,437,0,1,derived
bpi_60b63f547be574fa912e3f05a1210bd024816b31d43c88ce3bbedea76478c9f9,2026,general,一般会計,2026_general_expenditure_07_05_02,民間住宅管理保全等の支援,民間住宅管理保全等の支援,都政＊居住支援課,都政*居住支援課,437,20180,1,derived
bpi_73aa4e651841b734f11078aad859a8453a83dc3d36bfa6bea645fca04b7a275d,2026,general,一般会計,2026_general_expenditure_07_05_02,生活協力員派遣事業,生活協力員派遣事業,都政＊住宅課,都政*住宅課,437,92171,1,derived
bpi_ffffbabed880fad0a0175644aa2a6acde470a4ed88ebb69cec016ec6f942aba5,2026,general,一般会計,2026_general_expenditure_07_06_01,エイトライナー導入促進,エイトライナー導入促進,道計＊交通政策課,道計*交通政策課,439,1400,1,derived
bpi_40fc77145a032f3f17df7f94c6abac50c5aa5900664b534e14c660951c610462,2026,general,一般会計,2026_general_expenditure_07_06_01,バス交通サービスの充実,バス交通サービスの充実,道計＊交通政策課,道計*交通政策課,439,5473,1,derived
bpi_267082f537b31d5ef7da53d17c756f84c7e6668313fae824e74ee47946cfd574,2026,general,一般会計,2026_general_expenditure_07_06_01,ユニバーサルデザイン環境整備推進,ユニバーサルデザイン環境整備推進,都政＊都市デザイン課,都政*都市デザイン課,439,13353,1,derived
bpi_32fe7fdaee234dcd1cfe23bbe8d2c564cfb1068816e86e2ddb963d77948c095d,2026,general,一般会計,2026_general_expenditure_07_06_01,三軒茶屋駅周辺地区街づくりの推進,三軒茶屋駅周辺地区街づくりの推進,世支＊街づくり課,世支*街づくり課,439,28727,1,derived
bpi_fc1a3c13896ad723d6380b04133b298e8e9ac03f4b01052bcf59360cb59fd4b1,2026,general,一般会計,2026_general_expenditure_07_06_01,世田谷トラストまちづくり運営補助,世田谷トラストまちづくり運営補助,都政＊都市計画課,都政*都市計画課,439,292704,1,derived
bpi_f23c30c8ceec007e32f87a7686e0b611a9ed2a15d2a8e3fc7104266f3332de47,2026,general,一般会計,2026_general_expenditure_07_06_01,世田谷区土地開発公社事務費負担金,世田谷区土地開発公社事務費負担金,財務＊用地課,財務*用地課,439,1418,1,derived
bpi_6ae4dcaee23e31ece88e5ad25016a8698d580327e7a9cd6f591d3d0138700f5b,2026,general,一般会計,2026_general_expenditure_07_06_01,世田谷区土地開発公社貸付金,世田谷区土地開発公社貸付金,財務＊用地課,財務*用地課,439,2944131,1,derived
bpi_23e44cc0cd4f9ada2413e302b3d61f365797a836cfc7407a89b31155f4d69486,2026,general,一般会計,2026_general_expenditure_07_06_01,事前復興街づくりの推進,事前復興街づくりの推進,都政＊都市計画課,都政*都市計画課,439,6303,1,derived
bpi_4b5267edc396f75923bbdebb8a9f5293895b0a701e1751fe93da5314443bffe1,2026,general,一般会計,2026_general_expenditure_07_06_01,交通バリアフリーの推進,交通バリアフリーの推進,道計＊交通政策課,道計*交通政策課,439,346053,1,derived
bpi_bffa41fde2944974517e4db93055c23019748dc00b9094da3629e47f126171c0,2026,general,一般会計,2026_general_expenditure_07_06_01,土地利用計画事務,土地利用計画事務,都政＊都市計画課,都政*都市計画課,439,15659,1,derived
bpi_3ac2b3d2b623396bf5ba4fed999030c7e07ac51764bac260f15f70b3d549ca4b,2026,general,一般会計,2026_general_expenditure_07_06_01,地区計画策定,地区計画策定,都政＊都市計画課,都政*都市計画課,439,76936,1,derived
bpi_134ed8ab1e3382f04c6b33256c8898da34130d4cd55732b2d0b38cf133d5c3fe,2026,general,一般会計,2026_general_expenditure_07_06_01,地域街づくり情報化推進,地域街づくり情報化推進,都政＊都市計画課,都政*都市計画課,439,83677,1,derived
bpi_5375d1bc166a8260271c00866663f85ed8b279bcc1c88a78a2ef1ee1379b00b2,2026,general,一般会計,2026_general_expenditure_07_06_01,建築審査会運営,建築審査会運営,都政＊都市計画課,都政*都市計画課,439,3077,1,derived
bpi_20c0786d4be6e08c51c8b47b7f77c8c5fdd9b4fcccf346c096ff393649e43e1b,2026,general,一般会計,2026_general_expenditure_07_06_01,拠点まちづくりの促進,拠点まちづくりの促進,北支＊街づくり課,北支*街づくり課,439,1551,1,derived
bpi_2dc1657c79fb8083dd3ed067b8479159cfb7fe94e88a2e780f2c852c197491dc,2026,general,一般会計,2026_general_expenditure_07_06_01,明大前駅周辺地区街づくりの推進,明大前駅周辺地区街づくりの推進,北支＊街づくり課,北支*街づくり課,439,955,1,derived
bpi_f295a2f8978e469ee956a35d40856b539bedace4190751b86615a8aa71a519d3,2026,general,一般会計,2026_general_expenditure_07_06_01,街づくり事務（世田谷）,街づくり事務(世田谷),世支＊街づくり課,世支*街づくり課,439,843,1,derived
bpi_2558307e6704ea7f0c95a34c165f111e199ac1db03da038457f5820f04eb26cb,2026,general,一般会計,2026_general_expenditure_07_06_01,街づくり事務（北沢）,街づくり事務(北沢),北支＊街づくり課,北支*街づくり課,439,864,1,derived
bpi_7f290bb5c3d2fba5e0a007e06b27b006bc0fa252c454a50e97c7685dee1b6a00,2026,general,一般会計,2026_general_expenditure_07_06_01,街づくり事務（烏山）,街づくり事務(烏山),烏支＊街づくり課,烏支*街づくり課,439,705,1,derived
bpi_1812f486e2bd0cf68c7abed48c5e5babe00b0065b6410b04577d5e86f474a3d5,2026,general,一般会計,2026_general_expenditure_07_06_01,街づくり事務（玉川）,街づくり事務(玉川),玉支＊街づくり課,玉支*街づくり課,439,911,1,derived
bpi_a98b198b9b87ea9e4333977cd88370ea57040903e58f778571cd32489f0e0a60,2026,general,一般会計,2026_general_expenditure_07_06_01,街づくり事務（砧）,街づくり事務(砧),砧支＊街づくり課,砧支*街づくり課,439,662,1,derived
bpi_5258bdac0d9535af48141fcb9a467d0ffb837d39f203927d86e1f0150e8fffdf,2026,general,一般会計,2026_general_expenditure_07_06_01,都市整備政策部庶務事務,都市整備政策部庶務事務,都政＊都市計画課,都政*都市計画課,439,41419,1,derived
bpi_8ac4a6ace36d5bbed1ed80bf794096d9c6fc24d7fa73a62110ef7d768b1b7812,2026,general,一般会計,2026_general_expenditure_07_06_01,都市景観の形成,都市景観の形成,都政＊都市デザイン課,都政*都市デザイン課,439,22172,1,derived
bpi_c0674a62c9e9eb1351a708c5dcf515863c69e8d78b1e5c3b9a64bc06d6ceca07,2026,general,一般会計,2026_general_expenditure_07_06_01,都市計画基礎調査,都市計画基礎調査,都政＊都市計画課,都政*都市計画課,439,149100,1,derived
bpi_83e37ff911345cc30da13fe29c5f92f38dc2da4fed4003faf95719d425ef646c,2026,general,一般会計,2026_general_expenditure_07_06_01,都市計画審議会運営,都市計画審議会運営,都政＊都市計画課,都政*都市計画課,439,1496,1,derived
bpi_14dd7dcb153a1ddfe00da5d069e51992e9a3528f6a11458c7a8d3b9ab1eaf67e,2026,general,一般会計,2026_general_expenditure_07_06_01,都市計画法関連事務,都市計画法関連事務,都政＊都市計画課,都政*都市計画課,439,6208,1,derived
bpi_3d2825748de24b03698a7e586c0ef3a2ee31d5eb4c7cdc12f81573020c30912a,2026,general,一般会計,2026_general_expenditure_07_06_01,鉄道と道路の立体化の促進,鉄道と道路の立体化の促進,道計＊交通政策課,道計*交通政策課,439,1795820,1,derived
bpi_33820c3319526f27878a421702de7af80de28aa9bd14c9723bb956b2ee49e8f7,2026,general,一般会計,2026_general_expenditure_07_06_01,鉄道沿線街づくりの推進,鉄道沿線街づくりの推進,道計＊交通政策課,道計*交通政策課,439,301213,1,derived
bpi_7ea53ca501ba63681ff6bc0e991472eb69cb0460d0e82136af2a0d32143d9a1f,2026,general,一般会計,2026_general_expenditure_07_06_01,鉄道駅ホームドア整備の促進,鉄道駅ホームドア整備の促進,道計＊交通政策課,道計*交通政策課,439,0,1,derived
bpi_6fedbc7951f4607ba91fd16aa61d04ae1bbfe4d779e3c15d5d48f99603d41eac,2026,general,一般会計,2026_general_expenditure_07_06_01,防災街づくり担当部庶務事務,防災街づくり担当部庶務事務,防街＊防災街づくり課,防街*防災街づくり課,439,4581,1,derived
bpi_37b782daf5fd6b511b58597a0e85f5c0b2032b0cf1acc4d2d93233a07cd7717c,2026,general,一般会計,2026_general_expenditure_07_06_01,駅周辺整備事務（烏山）,駅周辺整備事務(烏山),烏支＊駅周辺整備担当課,烏支*駅周辺整備担当課,439,172,1,derived
bpi_c0079e1c4b299938518f40b36384b16d63b2ba6ac9e02dfa305be02d76c1ed88,2026,general,一般会計,2026_general_expenditure_07_06_01,駅周辺街づくりの推進（鉄道跡地利用）,駅周辺街づくりの推進(鉄道跡地利用),北支＊街づくり課,北支*街づくり課,439,12745,1,derived
bpi_947f6ef66c17b25bf8a2c7a5bbdcfa8a822d140363ea15f863d1d116d85342bf,2026,general,一般会計,2026_general_expenditure_07_06_02,千歳烏山駅周辺地区市街地再開発,千歳烏山駅周辺地区市街地再開発,防街＊市街地整備課,防街*市街地整備課,441,0,1,derived
bpi_0a31106e208b670fe2709bd3be423743ab6a9c6f4917b56128ade21a57bd841a,2026,general,一般会計,2026_general_expenditure_07_06_02,千歳船橋駅周辺地区街づくりの推進,千歳船橋駅周辺地区街づくりの推進,防街＊防災街づくり課,防街*防災街づくり課,441,0,1,derived
bpi_6c4a1d112a4edef36f6fc6bbab3f9808193b6521d0025cf3f4d4a937f3456640,2026,general,一般会計,2026_general_expenditure_07_06_02,市街地再開発,市街地再開発,防街＊市街地整備課,防街*市街地整備課,441,4063,1,derived
bpi_74744aaec8ecd00ae341f3fe886619dafc6ec6997f2c75f9e3fde2dbb6a5a5ac,2026,general,一般会計,2026_general_expenditure_07_06_02,木造住宅密集地域の解消,木造住宅密集地域の解消,防街＊防災街づくり課,防街*防災街づくり課,441,674137,1,derived
bpi_7d1d3c60785990227e260d4852f2aa688d07f052c0f8bb03f0466ffdaa700960,2026,general,一般会計,2026_general_expenditure_07_06_02,祖師ヶ谷大蔵駅周辺地区街づくりの推進,祖師ヶ谷大蔵駅周辺地区街づくりの推進,防街＊防災街づくり課,防街*防災街づくり課,441,8655,1,derived
bpi_47a48b9f5c0651f462c3a25c7bec0cdc01f0c3cd185a446307e65f8ddacf4be3,2026,general,一般会計,2026_general_expenditure_07_06_02,都市整備基金積立金,都市整備基金積立金,都政＊都市計画課,都政*都市計画課,441,78169,1,derived
bpi_cbf3bd6a21c079a8f576ecc53c138d13b6e03b9a054cbea0b8b80db6d4f14bad,2026,general,一般会計,2026_general_expenditure_08_01_01,教育委員会事務,教育委員会事務,教生＊教育総務課,教生*教育総務課,443,1815,1,derived
bpi_928535dfacf834d8862c3ff60c168780dda870d506fa3ebe34ebfe3b9edf80d7,2026,general,一般会計,2026_general_expenditure_08_01_01,教育委員会委員報酬,教育委員会委員報酬,教生＊教育総務課,教生*教育総務課,443,11556,1,derived
bpi_2d2cc3f669888707e5ff869a452d9d52b147fac2f94681ca1a335a9d08d8b770,2026,general,一般会計,2026_general_expenditure_08_01_02,事務局庶務事務,事務局庶務事務,教生＊教育総務課,教生*教育総務課,445,35346,1,derived
bpi_063d4e7cb993c24be998dc5f9c0c58a2e7e407d09a5ca6400954da56b0105323,2026,general,一般会計,2026_general_expenditure_08_01_02,学校庶務事務改善,学校庶務事務改善,教生＊教育総務課,教生*教育総務課,445,26065,1,derived
bpi_d4758dfeaacb83ba68c911c8cc2a612a550bbf0bd11e87baa4924063a5e91e20,2026,general,一般会計,2026_general_expenditure_08_01_02,学校職員健康管理事業,学校職員健康管理事業,学教＊学校職員課,学教*学校職員課,445,13769,1,derived
bpi_2a5f7306038f2d9eea0f4cd53523298b30086f97e135426950b89ed2a98d02ae,2026,general,一般会計,2026_general_expenditure_08_01_02,学校職員被服貸与,学校職員被服貸与,学教＊学校職員課,学教*学校職員課,445,7040,1,derived
bpi_4a1ff749dc70b5eef011ff662974bd7cb9b85b1d2c173e66cff54822eae49a98,2026,general,一般会計,2026_general_expenditure_08_01_02,就学事務,就学事務,学教＊学務課,学教*学務課,445,3977,1,derived
bpi_cbf8b954fa11203f1394532fd5b7601515919374d83d9a458e9d38e59c3dd680,2026,general,一般会計,2026_general_expenditure_08_01_02,帰国・外国人児童・生徒教育の推進,帰国・外国人児童・生徒教育の推進,学教＊学務課,学教*学務課,445,6384,1,derived
bpi_05e64f27e1651a2077d8b350c134f29265c721a6442d1100aec50c78e8515e71,2026,general,一般会計,2026_general_expenditure_08_01_02,教職員・児童生徒表彰,教職員・児童生徒表彰,学教＊学校職員課,学教*学校職員課,445,775,1,derived
bpi_e722278e9eeb008d4069bc307b7854c87d888687fda28897d4d35d09bd7f4a35,2026,general,一般会計,2026_general_expenditure_08_01_02,教職員健康管理事業,教職員健康管理事業,学教＊学校職員課,学教*学校職員課,445,80118,1,derived
bpi_015856e6c6ace0575b467f30efb7c3bdd6e340dd593a343c528e364e2f8a4f2d,2026,general,一般会計,2026_general_expenditure_08_01_02,教職員被服貸与,教職員被服貸与,学教＊学校職員課,学教*学校職員課,445,475,1,derived
bpi_bc34cf48c5ba30f37afe830f173aab21c62a48037d7c0cce1b4afd75242ce811,2026,general,一般会計,2026_general_expenditure_08_01_02,教育広報,教育広報,教生＊教育総務課,教生*教育総務課,445,2484,1,derived
bpi_f9abf213a5ade20b2cef67e95ad42aca81f28888642e0e9ce63d90813a0d3ede,2026,general,一般会計,2026_general_expenditure_08_01_02,教育用電算機システム運用,教育用電算機システム運用,教セ＊教育ＤＸ推進担当課,教セ*教育DX推進担当課,445,843781,1,derived
bpi_9411873f69f9cbf6528993ddfe044a487b39734c4d06f3fb8b7d81b0fdc8e60e,2026,general,一般会計,2026_general_expenditure_08_01_02,校務用電算機システム開発及び運用,校務用電算機システム開発及び運用,教セ＊教育ＤＸ推進担当課,教セ*教育DX推進担当課,445,1254959,1,derived
bpi_b10236fb0974a5d6826efe2dbd3b445f6c4c0b9d7c9b5df779c9372e8b540323,2026,general,一般会計,2026_general_expenditure_08_01_03,ＩＣＴを活用した学びの推進,ICTを活用した学びの推進,教セ＊教育ＤＸ推進担当課,教セ*教育DX推進担当課,445,508282,1,derived
bpi_e7e409678773e28ad915b057d82f3f983edab44b8afea80276bc0be2412f75d7,2026,general,一般会計,2026_general_expenditure_08_01_03,スポーツ教室,スポーツ教室,学教＊地域学校連携課,学教*地域学校連携課,445,7863,1,derived
bpi_21e00ba8aebe28306233720ba617425742b21787763e8d5a13901c1b952b7543,2026,general,一般会計,2026_general_expenditure_08_01_03,世田谷遊びと学びの教育基金積立金,世田谷遊びと学びの教育基金積立金,学教＊教育指導課,学教*教育指導課,445,2733,1,derived
bpi_5e41d4d939ed9796678f16f9dd4d7aaed78b627c4ec4468f016bb20d83634e52,2026,general,一般会計,2026_general_expenditure_08_01_03,中学生課外活動支援事業（ＳＴＥＰ）,中学生課外活動支援事業(STEP),学教＊地域学校連携課,学教*地域学校連携課,445,3183,1,derived
bpi_4a7f6d0cf4e72cb6e76efc289f1e312203860d74efc679cedab44f185dad4462,2026,general,一般会計,2026_general_expenditure_08_01_03,乳幼児期の教育・保育の推進,乳幼児期の教育・保育の推進,教セ＊乳幼教・保支課,教セ*乳幼教・保支課,445,19603,1,derived
bpi_368bdae61db981c13f3ce9164a6e579e00a534c492e0d91515c30d6033915b5a,2026,general,一般会計,2026_general_expenditure_08_01_03,地域運営学校,地域運営学校,学教＊地域学校連携課,学教*地域学校連携課,445,0,1,derived
bpi_5ec1bc4902ac43f06a05e66e6004839fe493543c3ee27619e8a6fd762fe3859c,2026,general,一般会計,2026_general_expenditure_08_01_03,外国人児童生徒等日本語指導員派遣,外国人児童生徒等日本語指導員派遣,学教＊教育指導課,学教*教育指導課,445,18459,1,derived
bpi_6743b4298b1c47430d3b1bf5dfd3107ba5c0a6ea052184309b626e6aa20a5344,2026,general,一般会計,2026_general_expenditure_08_01_03,外国人英語教育指導補助員派遣,外国人英語教育指導補助員派遣,学教＊教育指導課,学教*教育指導課,445,0,1,derived
bpi_c62b4a417cdab8c6775f8305630cf4015d2f1a35e491d800c0ee046898709aac,2026,general,一般会計,2026_general_expenditure_08_01_03,大学等教育機関との連携,大学等教育機関との連携,学教＊地域学校連携課,学教*地域学校連携課,445,3793,1,derived
bpi_5101ab4c70d039611be1de4ba62be3055c041a46fde0ccb661715822e3b8cb40,2026,general,一般会計,2026_general_expenditure_08_01_03,学校における働き方改革の推進,学校における働き方改革の推進,学教＊学校職員課,学教*学校職員課,445,32507,1,derived
bpi_529aa9a7367a3b48ca951f635e66f18f2d7fd377d98e7819df1d19d5650386da,2026,general,一般会計,2026_general_expenditure_08_01_03,学校保健指導,学校保健指導,教生＊学校健康推進課,教生*学校健康推進課,445,489,1,derived
bpi_ebb4aa1427050eece558b12256b2b2019831576149306b9ccb2206e9fa35de01,2026,general,一般会計,2026_general_expenditure_08_01_03,学校支援・生活指導相談等,学校支援・生活指導相談等,学教＊教育指導課,学教*教育指導課,445,664472,1,derived
bpi_423ddcc71fd2e41e0c07b26fd2b92ec4c0a379800e381dacc3b41086a5623e6a,2026,general,一般会計,2026_general_expenditure_08_01_03,学校支援地域本部,学校支援地域本部,学教＊地域学校連携課,学教*地域学校連携課,445,0,1,derived
bpi_e0669a0976830cfdba64f58585f5acb34fcfa072b681888112d91598537a74f2,2026,general,一般会計,2026_general_expenditure_08_01_03,学校給食管理指導,学校給食管理指導,教生＊学校健康推進課,教生*学校健康推進課,445,11710,1,derived
bpi_d5957c53b100fa9f0a25fdfe68ececffb22eea854a0c5977df9939a29cedc723,2026,general,一般会計,2026_general_expenditure_08_01_03,学校職員研修,学校職員研修,学教＊学校職員課,学教*学校職員課,445,198,1,derived
bpi_d719a9c956c85eac1e6e91276a9960b01aee6a307f34411484e87a8bd7e69a82,2026,general,一般会計,2026_general_expenditure_08_01_03,学校運営協議会,学校運営協議会,学教＊地域学校連携課,学教*地域学校連携課,445,91470,1,derived
bpi_d142267579db9c6d6ff35f1008e2e748a21c62aad76386caa4015c7eb1d1b120,2026,general,一般会計,2026_general_expenditure_08_01_03,学校関係者評価制度の推進,学校関係者評価制度の推進,学教＊教育指導課,学教*教育指導課,445,0,1,derived
bpi_3ee2c266e1234e54cb1b70e1c3b87836add3f8a64365b77ed4ba928626e1fdf7,2026,general,一般会計,2026_general_expenditure_08_01_03,小中学校連合行事,小中学校連合行事,学教＊学務課,学教*学務課,445,104543,1,derived
bpi_775532e7d629270c5c0be18551d09e29d8b395fae463e489c7b67ec238d858ea,2026,general,一般会計,2026_general_expenditure_08_01_03,小中学生の国際交流,小中学生の国際交流,学教＊教育指導課,学教*教育指導課,445,104050,1,derived
bpi_0a0750d587cbe206bd92bd2440a38ecd309ddf8640253d6cb04d8e921682306c,2026,general,一般会計,2026_general_expenditure_08_01_03,就学支援委員会運営,就学支援委員会運営,教セ＊支援教育課,教セ*支援教育課,445,4578,1,derived
bpi_ae1bb5a9c82cf898d879f22b0a23a439fb2bc610a77d55abad9cd65b34921fac,2026,general,一般会計,2026_general_expenditure_08_01_03,指導補助員等配置,指導補助員等配置,学教＊教育指導課,学教*教育指導課,445,550646,1,derived
bpi_c0d3f60b7157764d0beb68ae35a784c97ec99626e55dcd8627081f6802b4f78f,2026,general,一般会計,2026_general_expenditure_08_01_03,教材開発,教材開発,学教＊教育指導課,学教*教育指導課,445,45365,1,derived
bpi_d0ce5ace6fcabe520587a6182290ad8f6ebb1a68a6acba08b13c740fa6bb0c4e,2026,general,一般会計,2026_general_expenditure_08_01_03,教科日本語の推進,教科日本語の推進,学教＊教育指導課,学教*教育指導課,445,18300,1,derived
bpi_a6ca5c8d84337f2f8cd0710ee7fd8014c557bf6ee152c4ce70638f58105237fc,2026,general,一般会計,2026_general_expenditure_08_01_03,教職員研修,教職員研修,教セ＊事業推進担当課,教セ*事業推進担当課,445,7266,1,derived
bpi_47dfd71858a82fcc6f53f59dffe14bdbc05949598e63698eede2449dab07282b,2026,general,一般会計,2026_general_expenditure_08_01_03,教育指導の推進,教育指導の推進,学教＊教育指導課,学教*教育指導課,445,17683,1,derived
bpi_9ac8d7a00d5c2a0f000e6e2f0eec16a346092fae1d13465b4bad493df5085113,2026,general,一般会計,2026_general_expenditure_08_01_03,教育研究会活動補助,教育研究会活動補助,教セ＊事業推進担当課,教セ*事業推進担当課,445,8521,1,derived
bpi_8539ae20d16bd38a2299b52b9aae1405d7ee2caa63739e8daa31fab3255700c4,2026,general,一般会計,2026_general_expenditure_08_01_03,教育研究校運営,教育研究校運営,教セ＊事業推進担当課,教セ*事業推進担当課,445,43363,1,derived
bpi_f557533426c5fcac512807a6b121ebfb8518081ebd02bd58cbbf196cb7225e87,2026,general,一般会計,2026_general_expenditure_08_01_03,新・才能の芽を育てる体験学習,新・才能の芽を育てる体験学習,学教＊地域学校連携課,学教*地域学校連携課,445,2024,1,derived
bpi_48959ace629ad06775a7cf9725c44a1e0d99bf276a3ba0affd371303b4b635ac,2026,general,一般会計,2026_general_expenditure_08_01_03,特別支援教育の推進,特別支援教育の推進,教セ＊支援教育課,教セ*支援教育課,445,439440,1,derived
bpi_4fce8db6742d4f96ef91b8cb1d91ab5031ae799c57c757018c19dc60ec0a8b44,2026,general,一般会計,2026_general_expenditure_08_01_03,特色ある学校づくり推進事業,特色ある学校づくり推進事業,学教＊教育指導課,学教*教育指導課,445,59607,1,derived
bpi_558569c32266648fd444ae3d42e928360f90fc1f38884d2701ab38901ac6f8a8,2026,general,一般会計,2026_general_expenditure_08_01_03,英語教育の推進,英語教育の推進,学教＊教育指導課,学教*教育指導課,445,579595,1,derived
bpi_bcffc2ad0eeaf6c34c32c2893f1ec55777adeda9e09e66f8612d1e4a1ce66581,2026,general,一般会計,2026_general_expenditure_08_01_03,部活動の支援,部活動の支援,学教＊地域学校連携課,学教*地域学校連携課,445,332551,1,derived
bpi_7fc474cb88c61f73194838556c1c41e8ecf1b4f938492a04fb780e0b86e8deb2,2026,general,一般会計,2026_general_expenditure_08_01_04,私立幼稚園施設等利用給付,私立幼稚園施設等利用給付,子若＊子ども・若者支援課,子若*子ども・若者支援課,447,1647359,1,derived
bpi_cf121d338c553a44e34fdf5187ff9b689be429e12df5f7d3eab54494ceffbd28,2026,general,一般会計,2026_general_expenditure_08_01_07,ほっとスクールの運営,ほっとスクールの運営,教セ＊教育相談課,教セ*教育相談課,447,100239,1,derived
bpi_c3652587ed2915aa6f243112f793595066f120ce8dd52465587deb03af9bfa6d,2026,general,一般会計,2026_general_expenditure_08_01_07,教育施設等整備・改修,教育施設等整備・改修,教セ＊教育相談課,教セ*教育相談課,447,10675,1,derived
bpi_203a76b084f136f09969c88b9e2a45b888ef145fa4d79fc0397eeffb0528787b,2026,general,一般会計,2026_general_expenditure_08_01_07,教育相談・ネットワーク連携,教育相談・ネットワーク連携,教セ＊教育相談課,教セ*教育相談課,447,44433,1,derived
bpi_ab1d11304da1bb44843f05f31cf45ba788d3fcf8faf94ae13248754c7d812648,2026,general,一般会計,2026_general_expenditure_08_01_07,教育総合センター事業運営,教育総合センター事業運営,教セ＊事業推進担当課,教セ*事業推進担当課,447,75203,1,derived
bpi_507022c3562239d0dddda33595fe42e768f7ca1dac2f22d2d9b8409a6e0e2f14,2026,general,一般会計,2026_general_expenditure_08_01_07,教育総合センター維持管理,教育総合センター維持管理,教セ＊教育相談課,教セ*教育相談課,447,132952,1,derived
bpi_d36b72298f5ce122f48ba14eb2599e30388b392aa533adaa96a2cb348647102e,2026,general,一般会計,2026_general_expenditure_08_01_08,学校給食保護者負担軽減事務,学校給食保護者負担軽減事務,教生＊学校健康推進課,教生*学校健康推進課,,0,1,derived
bpi_14206ee1247cfef357f012cc799cfaf8bbf669480b218ae242750b250f4c83c5,2026,general,一般会計,2026_general_expenditure_08_01_08,学校給食費会計繰出金,学校給食費会計繰出金,教生＊学校健康推進課,教生*学校健康推進課,,0,1,derived
bpi_11760de2f0eb0c80418bf24599094cf15d7e38ba208ff6baacd7ce6feed7cb3a,2026,general,一般会計,2026_general_expenditure_08_01_08,学校給食費収納事務,学校給食費収納事務,教生＊学校健康推進課,教生*学校健康推進課,,0,1,derived
bpi_ff02bcca28e12b31f550a24948436f4b3b999f05e64f31bdb0d5d62430c59dab,2026,general,一般会計,2026_general_expenditure_08_02_01,小学校特別支援学級運営,小学校特別支援学級運営,教セ＊支援教育課,教セ*支援教育課,449,278682,1,derived
bpi_45704755a45de51cc8326aed68830453d1129020d2949c5d60c059632aa4fcda,2026,general,一般会計,2026_general_expenditure_08_02_01,小学校管理運営,小学校管理運営,学教＊学校職員課,学教*学校職員課,449,1042521,1,derived
bpi_bdf5952754017d246f8fee1bd0e38ed3fbfa7a8fc3db9fb43bfa7b9fb97c0e9e,2026,general,一般会計,2026_general_expenditure_08_02_01,小学校維持管理,小学校維持管理,教生＊教育環境課,教生*教育環境課,449,3207961,1,derived
bpi_e8a8fedc52aff12f7cb436ea6832a2eb74af32f375806960668278018aee9f6f,2026,general,一般会計,2026_general_expenditure_08_02_01,小学校維持運営,小学校維持運営,学教＊学務課,学教*学務課,449,667693,1,derived
bpi_02dbed34ad160c0e3e15b8c03f83c29729ff17dc8dbbdcb575381979af487a16,2026,general,一般会計,2026_general_expenditure_08_02_01,通学路安全対策,通学路安全対策,教生＊学校健康推進課,教生*学校健康推進課,449,82432,1,derived
bpi_5ba793d65f3671f0d745c19d3a75462b44bae0da0c129818e7b344853ae4d534,2026,general,一般会計,2026_general_expenditure_08_02_02,特別支援学級児童就学奨励,特別支援学級児童就学奨励,学教＊学務課,学教*学務課,449,18582,1,derived
bpi_f1fd5f1954417aade5316f6505b726bf70c483ce5e011953c450fb7100986389,2026,general,一般会計,2026_general_expenditure_08_02_02,要保護・準要保護児童に対する扶助,要保護・準要保護児童に対する扶助,学教＊学務課,学教*学務課,449,309688,1,derived
bpi_8669e95315a97a82072d3201495700b92de3da8ecef576136b185eed2265b0b5,2026,general,一般会計,2026_general_expenditure_08_02_03,小学校給食維持運営,小学校給食維持運営,教生＊学校健康推進課,教生*学校健康推進課,,0,1,derived
bpi_902cd50d963a02f8e1d80b90f5c4d98002679b5e4441e1d9f8e867664207fde2,2026,general,一般会計,2026_general_expenditure_08_02_04,児童各種検査検診,児童各種検査検診,教生＊学校健康推進課,教生*学校健康推進課,449,85911,1,derived
bpi_192ed9c8314be29c8771e7003ea8cd6ac5e14a8184030ebb58c687e6a84e0c40,2026,general,一般会計,2026_general_expenditure_08_02_04,小学校保健衛生事務,小学校保健衛生事務,教生＊学校健康推進課,教生*学校健康推進課,449,150908,1,derived
bpi_5cafffcd4251dbe73e93696811d0c70c14a795559d9d96ede9fc9406116956de,2026,general,一般会計,2026_general_expenditure_08_02_04,小学校保健衛生各種検査,小学校保健衛生各種検査,教生＊学校健康推進課,教生*学校健康推進課,449,10094,1,derived
bpi_61c985dd711414b668f72256e0e9814c01d58aa967e3be03b8a63504de3744fb,2026,general,一般会計,2026_general_expenditure_08_02_04,小学校定期健康診断・保健指導等,小学校定期健康診断・保健指導等,教生＊学校健康推進課,教生*学校健康推進課,449,139963,1,derived
bpi_4fdca6f8b0989ebf67adba3bbf9f34d9bf394b038ee8e3123ea2d1a041b7f444,2026,general,一般会計,2026_general_expenditure_08_02_04,就学時健康診断,就学時健康診断,教生＊学校健康推進課,教生*学校健康推進課,449,15191,1,derived
bpi_8b7a3201ee363df3d910a851e7b8307c09aad8d8a205857c9d88ffeb7a51ce47,2026,general,一般会計,2026_general_expenditure_08_02_06,小学校施設改修事務,小学校施設改修事務,教生＊教育環境課,教生*教育環境課,451,57001,1,derived
bpi_664c16372df8ae4f31a48c463cd71931b75ca32f30231fdddb8ee05bdbfb3d1b,2026,general,一般会計,2026_general_expenditure_08_02_06,小学校施設改修工事,小学校施設改修工事,教生＊教育環境課,教生*教育環境課,451,4140518,1,derived
bpi_727b1b52685ea49b8c24660ff6cbcf9bc9d1f95a9177ffd8b73eed151bdd871a,2026,general,一般会計,2026_general_expenditure_08_02_06,小学校施設整備事業,小学校施設整備事業,教生＊教育環境課,教生*教育環境課,451,230835,1,derived
bpi_65a519619501c5796422d4df8b697d3c80437e66af8af93e5922b2d65ada964c,2026,general,一般会計,2026_general_expenditure_08_02_10,小学校改築事務,小学校改築事務,教生＊教育環境課,教生*教育環境課,451,292171,1,derived
bpi_e01048bab09dca8ac69b46b753ca6831831da04e8d8641dc54d8dc6e4f5f505a,2026,general,一般会計,2026_general_expenditure_08_02_10,小学校改築工事,小学校改築工事,教生＊教育環境課,教生*教育環境課,451,1517614,1,derived
bpi_e0c506e02695a541e139df70aa525f64cc0a5dfa1b706b921d943c5b97835982,2026,general,一般会計,2026_general_expenditure_08_02_10,小学校用地買収,小学校用地買収,教生＊教育環境課,教生*教育環境課,451,93635,1,derived
bpi_fa8bb3bf0ad5398e2de71fa5bc4ee54d1c38780e94b4dae528e7a598750f93d8,2026,general,一般会計,2026_general_expenditure_08_02_11,移動教室及び夏・冬季施設の実施（児童）,移動教室及び夏・冬季施設の実施(児童),学教＊学務課,学教*学務課,451,136557,1,derived
bpi_84e91f7b3a57b22a2db6849d74eae9640015d45e10774f060a2c9252982436b9,2026,general,一般会計,2026_general_expenditure_08_03_01,中学校特別支援学級運営,中学校特別支援学級運営,教セ＊支援教育課,教セ*支援教育課,453,102705,1,derived
bpi_203d4186533c9035e22b4fbabc5267f1e4c8f592c079b0596eb2bc7ec984705c,2026,general,一般会計,2026_general_expenditure_08_03_01,中学校管理運営,中学校管理運営,学教＊学校職員課,学教*学校職員課,453,835990,1,derived
bpi_e960ca518f125183ebd9ccbd9dfbd9fae08ae55924b25b0e7f19494fb7d6f20b,2026,general,一般会計,2026_general_expenditure_08_03_01,中学校維持管理,中学校維持管理,教生＊教育環境課,教生*教育環境課,453,1239292,1,derived
bpi_f53d2800476e19e7c1ca146748644bbcac4db7c3de60171c3d2e6ae8f4741d8b,2026,general,一般会計,2026_general_expenditure_08_03_01,中学校維持運営,中学校維持運営,学教＊学務課,学教*学務課,453,279745,1,derived
bpi_4bdfed187cde11e9f7766ccf8df04bd8336570aea461795ae5c2185fc86f1366,2026,general,一般会計,2026_general_expenditure_08_03_01,学びの多様化学校の運営,学びの多様化学校の運営,教セ＊教育相談課,教セ*教育相談課,453,25209,1,derived
bpi_4a7d9f4ba64a4605e508565f4e87025bf126485bfe593e018707a520b4418bbc,2026,general,一般会計,2026_general_expenditure_08_03_02,特別支援学級生徒就学奨励,特別支援学級生徒就学奨励,学教＊学務課,学教*学務課,453,17362,1,derived
bpi_57acce209855de0dffb2a4108439de421c0fcf10e13a4dd191430592524a53b9,2026,general,一般会計,2026_general_expenditure_08_03_02,要保護・準要保護生徒に対する扶助,要保護・準要保護生徒に対する扶助,学教＊学務課,学教*学務課,453,181117,1,derived
bpi_70d47434b661870e245a20c978b268a43df6b926d6cee2b7861ab2d48470f68b,2026,general,一般会計,2026_general_expenditure_08_03_03,中学校給食維持運営,中学校給食維持運営,教生＊学校健康推進課,教生*学校健康推進課,,0,1,derived
bpi_355c76bc4ae03da482dc3cc93218167da342e765900e00f7dfbeaab31fc423f6,2026,general,一般会計,2026_general_expenditure_08_03_03,調理場施設整備工事,調理場施設整備工事,教生＊学校健康推進課,教生*学校健康推進課,,0,1,derived
bpi_57d8fcc248e8bc730556c0bff1fced0df1d5af4904128abca99b5c4888cc0b64,2026,general,一般会計,2026_general_expenditure_08_03_03,調理場維持運営,調理場維持運営,教生＊学校健康推進課,教生*学校健康推進課,,0,1,derived
bpi_b832cb837d83ff48b1e034c7d3b8ba56a189b934b8631001bc75d9364636b410,2026,general,一般会計,2026_general_expenditure_08_03_04,中学校保健衛生事務,中学校保健衛生事務,教生＊学校健康推進課,教生*学校健康推進課,453|455,73582,1,derived
bpi_a1a0683017d9f5157a46c54f9ec3592fd74778274a188224cd33fafd5ebb45fa,2026,general,一般会計,2026_general_expenditure_08_03_04,中学校保健衛生各種検査,中学校保健衛生各種検査,教生＊学校健康推進課,教生*学校健康推進課,453|455,6036,1,derived
bpi_0cb5ee92dc9134762dbdf545ac3d635f0a1df6adcca63a813378f077a0664dec,2026,general,一般会計,2026_general_expenditure_08_03_04,中学校定期健康診断・保健指導等,中学校定期健康診断・保健指導等,教生＊学校健康推進課,教生*学校健康推進課,453|455,69335,1,derived
bpi_3d3a53a53421781c676545faca33a74db2c9f5d7c144969a04de984ed2eda0ca,2026,general,一般会計,2026_general_expenditure_08_03_04,生徒各種検査検診,生徒各種検査検診,教生＊学校健康推進課,教生*学校健康推進課,453|455,36079,1,derived
bpi_91782de2362afe67d9654be3e27bcc410525d24d231045ce5e1f2ed77ee6a2dd,2026,general,一般会計,2026_general_expenditure_08_03_05,中学校施設改修事務,中学校施設改修事務,教生＊教育環境課,教生*教育環境課,455,29593,1,derived
bpi_99ed3cb8df164fc0a25f1dccdc23b862b739384d9943072616bf4712cb9fb1a2,2026,general,一般会計,2026_general_expenditure_08_03_05,中学校施設改修工事,中学校施設改修工事,教生＊教育環境課,教生*教育環境課,455,2173450,1,derived
bpi_e6d8559a1e67da1c2b48cc522d2d12616cb556c9856dd623c3fb3a34d8d51ed8,2026,general,一般会計,2026_general_expenditure_08_03_05,中学校施設整備事業,中学校施設整備事業,教生＊教育環境課,教生*教育環境課,455,136213,1,derived
bpi_9cca9350afde1d7f1315f5f1afe668ace359a17896e3fc0b0bf03e0f38399e91,2026,general,一般会計,2026_general_expenditure_08_03_09,中学校改築事務,中学校改築事務,教生＊教育環境課,教生*教育環境課,455,295657,1,derived
bpi_ade86719922583315962d30cd076758c8266300b40233adc94c7fb2a1e3e721e,2026,general,一般会計,2026_general_expenditure_08_03_09,中学校改築工事,中学校改築工事,教生＊教育環境課,教生*教育環境課,455,4210841,1,derived
bpi_6d04e0f5d3d040f577adcc9d4a9eaaf498418e0c2c04855a605bbbd84c3d98d4,2026,general,一般会計,2026_general_expenditure_08_03_09,義務教育施設整備基金積立金,義務教育施設整備基金積立金,教生＊教育環境課,教生*教育環境課,455,341460,1,derived
bpi_2dbe404904d3b17dd83c1404cff7f268e1d3293c4174ebaf75332e4dcb05ee55,2026,general,一般会計,2026_general_expenditure_08_03_10,河口湖林間学園改修工事,河口湖林間学園改修工事,教生＊教育環境課,教生*教育環境課,455,7369,1,derived
bpi_e252657e47f00af6987e22ef9bd2bfed264518d75337a8f248d24242c9bbd549,2026,general,一般会計,2026_general_expenditure_08_03_10,河口湖林間学園施設維持管理,河口湖林間学園施設維持管理,教生＊教育環境課,教生*教育環境課,455,17366,1,derived
bpi_ce02000fbd00d89b2a8547b7f0d1d48511e37e8c4d1ccd62c26b441ffe2e0486,2026,general,一般会計,2026_general_expenditure_08_03_10,河口湖林間学園維持管理,河口湖林間学園維持管理,学教＊学務課,学教*学務課,455,72778,1,derived
bpi_c8e8b6fab86a07a0d3cf24791c3e2534acd4d7f1d4f8e196ddefaa95fc0b6768,2026,general,一般会計,2026_general_expenditure_08_03_10,移動教室及び夏・冬季施設の実施（生徒）,移動教室及び夏・冬季施設の実施(生徒),学教＊学務課,学教*学務課,455,101691,1,derived
bpi_e6cab1e09f838305ec82621ab50bab0dce8a5aa117fa9da73fb8969381ac7570,2026,general,一般会計,2026_general_expenditure_08_04_01,河口湖林間学園改修工事,河口湖林間学園改修工事,教生＊教育環境課,教生*教育環境課,,0,1,derived
bpi_2b9c38461105bb753af7460ec4b0a3dc3dc13742fec25c6a6b5e385562baacb9,2026,general,一般会計,2026_general_expenditure_08_04_01,河口湖林間学園施設維持管理,河口湖林間学園施設維持管理,教生＊教育環境課,教生*教育環境課,,0,1,derived
bpi_c1f8e4f5a3d14fa667e4abd9450d0ca4c3de589363a2ba028701c8b544fcab13,2026,general,一般会計,2026_general_expenditure_08_04_01,河口湖林間学園維持管理,河口湖林間学園維持管理,学教＊学務課,学教*学務課,,0,1,derived
bpi_f13e8d1b893761e9fe169b27a2f2fe46e9038e0dd4ccd058e6db4c7c75f39e10,2026,general,一般会計,2026_general_expenditure_08_04_01,移動教室及び夏・冬季施設の実施,移動教室及び夏・冬季施設の実施,学教＊学務課,学教*学務課,,0,1,derived
bpi_9c656e4e27c5ddf0ec9b92abd3c13962acd98efa4f24a1a528277c816909ebaa,2026,general,一般会計,2026_general_expenditure_08_05_01,区立幼稚園施設改修,区立幼稚園施設改修,教生＊教育環境課,教生*教育環境課,457,522614,1,derived
bpi_b8e14d3cb3c7a4146aa942c7f64f133474abe9fb6aaf4ea4ff30a3dc57bf0722,2026,general,一般会計,2026_general_expenditure_08_05_01,区立幼稚園施設維持管理,区立幼稚園施設維持管理,教生＊教育環境課,教生*教育環境課,457,33785,1,derived
bpi_c070e52c097b63df06f1ba2a7b4c2909519913003bae5d0506d2326246e28340,2026,general,一般会計,2026_general_expenditure_08_05_01,区立幼稚園維持運営,区立幼稚園維持運営,教セ＊乳幼教・保支課,教セ*乳幼教・保支課,457,94224,1,derived
bpi_4ac918ad7e35afaece6bfc4de48c320eeb20df357909d1e79174ea231e9d7d9c,2026,general,一般会計,2026_general_expenditure_08_05_01,区立幼稚園預かり保育事業,区立幼稚園預かり保育事業,教セ＊乳幼教・保支課,教セ*乳幼教・保支課,457,5552,1,derived
bpi_098ea0873e1b48210b12639a436e73cae8eccc047ff86b122161fa43c5d0d8e9,2026,general,一般会計,2026_general_expenditure_08_05_01,区立認定こども園整備事務,区立認定こども園整備事務,教生＊教育環境課,教生*教育環境課,457,22888,1,derived
bpi_52512182a8fa4e3be9311c947680b38f479e9a4df2a4971216b56595da3d27d6,2026,general,一般会計,2026_general_expenditure_08_05_02,区立幼稚園保健衛生事務,区立幼稚園保健衛生事務,教生＊学校健康推進課,教生*学校健康推進課,457,2298,1,derived
bpi_e188c7f3b4f92d50841bb67a8c24885b82fe6c5fea2f2074e2b4720d2bfa73de,2026,general,一般会計,2026_general_expenditure_08_05_02,区立幼稚園保健衛生各種検査,区立幼稚園保健衛生各種検査,教生＊学校健康推進課,教生*学校健康推進課,457,347,1,derived
bpi_5a83c7c2a3fe2a912e92b28c91afb271eaaa9d082f2695e0a8129437f292b35a,2026,general,一般会計,2026_general_expenditure_08_05_02,区立幼稚園定期健康診断・保健指導等,区立幼稚園定期健康診断・保健指導等,教生＊学校健康推進課,教生*学校健康推進課,457,5742,1,derived
bpi_8e8dc5e900b5449284c9a9ae4fe1ea51786037f91122996c4502dcb625de5f99,2026,general,一般会計,2026_general_expenditure_08_05_02,園児各種検査検診,園児各種検査検診,教生＊学校健康推進課,教生*学校健康推進課,457,2003,1,derived
bpi_80c8de95d7b2ebca189b5adf292ebd6b88bdb6e54602fe1e00f226b0b0bf6b01,2026,general,一般会計,2026_general_expenditure_08_06_01,地域連携事業,地域連携事業,学教＊地域学校連携課,学教*地域学校連携課,459,58109,1,derived
bpi_6c5b1ea7b2d909ed4ab59abc24c9fda00ad3e20f64240392a5d60ac877a3dc03,2026,general,一般会計,2026_general_expenditure_08_06_01,小・中学校施設開放,小・中学校施設開放,学教＊地域学校連携課,学教*地域学校連携課,459,372901,1,derived
bpi_445f359ff43e21a72ef974b7a9d11596de54eb25a7503cd3f724e5a769bc7dbd,2026,general,一般会計,2026_general_expenditure_08_06_01,小学校遊び場開放,小学校遊び場開放,学教＊地域学校連携課,学教*地域学校連携課,459,45884,1,derived
bpi_3489e5ae961166d433b1f3b6eb5799621c4a4b9e8deb3189b9bed60a8e100822,2026,general,一般会計,2026_general_expenditure_08_06_01,放課後の遊び場対策（ＢＯＰ）,放課後の遊び場対策(BOP),学教＊地域学校連携課,学教*地域学校連携課,459,731520,1,derived
bpi_0c5e8ccc96f84fe96ce02b52cb7b8e24bbbdb3e258aa33802617e186e6c0fe6d,2026,general,一般会計,2026_general_expenditure_08_06_01,総合型地域スポーツ・文化クラブの支援,総合型地域スポーツ・文化クラブの支援,学教＊地域学校連携課,学教*地域学校連携課,459,827,1,derived
bpi_f2f69f1e8119ba4bbb4a829f442e36eea24f6684092a435da93438f46d9e6b26,2026,general,一般会計,2026_general_expenditure_08_06_02,ＰＴＡ活動の支援,PTA活動の支援,教生＊生涯学習課,教生*生涯学習課,459,5544,1,derived
bpi_42263e10368bccda05d70142d112904680b99327e77fc451ced904efe339ac98,2026,general,一般会計,2026_general_expenditure_08_06_02,家庭教育の支援,家庭教育の支援,教生＊生涯学習課,教生*生涯学習課,459,7378,1,derived
bpi_f69abf9efe178c2218948309ff50e3f3414c1cb61c510dd514137cb20ef910f1,2026,general,一般会計,2026_general_expenditure_08_06_02,成人教育,成人教育,教生＊生涯学習課,教生*生涯学習課,459,6075,1,derived
bpi_aca2c460d441141e059b148e49ede5d24bfa4fdcbf5e8091ddf8f2f08ffed358,2026,general,一般会計,2026_general_expenditure_08_06_02,生涯学習の推進,生涯学習の推進,教生＊生涯学習課,教生*生涯学習課,459,2272,1,derived
bpi_e2ccfe3bbb15507ffc7ae869dc3f9030df48542fa4eee85cf98ae18533bc9215,2026,general,一般会計,2026_general_expenditure_08_06_02,生涯学習事業運営,生涯学習事業運営,教生＊生涯学習課,教生*生涯学習課,459,2172,1,derived
bpi_ee6686b42d2c57583499f09e97857fb6a8d81e6e1792d6c178888ce5d9da4960,2026,general,一般会計,2026_general_expenditure_08_06_02,社会教育団体支援,社会教育団体支援,教生＊生涯学習課,教生*生涯学習課,459,2142,1,derived
bpi_c76a343aa4ab352c3362c7f49fb569403e541fa073b50bff8a11d667162244f3,2026,general,一般会計,2026_general_expenditure_08_06_02,社会教育団体文化祭,社会教育団体文化祭,教生＊生涯学習課,教生*生涯学習課,459,5313,1,derived
bpi_03ed113ab1474c2fede6d8bd3081aa94f5c485afbf229714eaa18e47bc76b0e1,2026,general,一般会計,2026_general_expenditure_08_06_02,福祉教育,福祉教育,教生＊生涯学習課,教生*生涯学習課,459,6888,1,derived
bpi_7985e71ea7bc4e73d4bdd9db2db7304d6396f66fe09fff343ada2850e7a8765e,2026,general,一般会計,2026_general_expenditure_08_06_02,青少年教育,青少年教育,教生＊生涯学習課,教生*生涯学習課,459,42269,1,derived
bpi_01f55e1f1f3e5e1822de750e368128723aaa0f169279477fb60712a1a51cd2f6,2026,general,一般会計,2026_general_expenditure_08_06_03,伝統的建築物の保存,伝統的建築物の保存,教生＊生涯学習課,教生*生涯学習課,461,2887,1,derived
bpi_99e7c62a92d5b91ce0fb6732baa53d9c3f8b8917d145a5c3d9acac9f34c63993,2026,general,一般会計,2026_general_expenditure_08_06_03,埋蔵文化財の保護及び調査,埋蔵文化財の保護及び調査,教生＊生涯学習課,教生*生涯学習課,461,41388,1,derived
bpi_0bc7c7b8257f7e92852611b237b1acb82c49ebd4afb534311e346cb67c7aab9f,2026,general,一般会計,2026_general_expenditure_08_06_03,宇奈根考古資料室改修工事,宇奈根考古資料室改修工事,教生＊生涯学習課,教生*生涯学習課,461,4505,1,derived
bpi_6bc2d42b5424dc2b34a3b71738a986ca139042e7d30f946c6822cf2f01ab924c,2026,general,一般会計,2026_general_expenditure_08_06_03,文化財の保護・普及,文化財の保護・普及,教生＊生涯学習課,教生*生涯学習課,461,5000,1,derived
bpi_972fad14c5ac5a3390d4a5c19005ae84d1e17199a25a2f97438be2223e5fa625,2026,general,一般会計,2026_general_expenditure_08_06_03,文化財指定・保存助成,文化財指定・保存助成,教生＊生涯学習課,教生*生涯学習課,461,44881,1,derived
bpi_87b8469699cfaacb5e26ac656ec4f41bdef10c6d94d7b48f1dbc3a276b4c45f9,2026,general,一般会計,2026_general_expenditure_08_06_03,民家園改修工事,民家園改修工事,教生＊生涯学習課,教生*生涯学習課,461,50070,1,derived
bpi_efc43032e1e032f71b5ebc7919d9433eea691dda381ef7a04424308a28261295,2026,general,一般会計,2026_general_expenditure_08_06_03,民家園維持運営,民家園維持運営,教生＊生涯学習課,教生*生涯学習課,461,103003,1,derived
bpi_ccd37e81292446ece9cda5dd6c8fc14e681b49320fa262113adb93a3ae0eead0,2026,general,一般会計,2026_general_expenditure_08_06_03,民家園行事,民家園行事,教生＊生涯学習課,教生*生涯学習課,461,6305,1,derived
bpi_4de4be678eb026fd5fa0528f77467d1747ab48fa24be1f365614d5de897d8d4f,2026,general,一般会計,2026_general_expenditure_08_06_04,プラネタリウム事業運営,プラネタリウム事業運営,教生＊中央図書館,教生*中央図書館,461,19904,1,derived
bpi_65d0d328ba56f819547de57aee417c8815c8915f0f20c7292c8721c71e8d5426,2026,general,一般会計,2026_general_expenditure_08_06_04,図書館サービスの推進,図書館サービスの推進,教生＊中央図書館,教生*中央図書館,461,892150,1,derived
bpi_81814ee2d0983444638fdaec0ac0a30fe7123b3e2fd6376dbb4766cb5a9fd86c,2026,general,一般会計,2026_general_expenditure_08_06_04,図書館情報システムの運営,図書館情報システムの運営,教生＊中央図書館,教生*中央図書館,461,7847,1,derived
bpi_9d4b4eb132cdb801c0a1843aca93d2ef8a688b8effa0e810373193e2d4eaac82,2026,general,一般会計,2026_general_expenditure_08_06_04,図書館改修,図書館改修,教生＊中央図書館,教生*中央図書館,461,0,1,derived
bpi_6ee9796d9f747d38173580e0d2138d7ba17fdc6fb77fc5d7d31f0ffc384f7a1c,2026,general,一般会計,2026_general_expenditure_08_06_04,図書館管理運営,図書館管理運営,教生＊中央図書館,教生*中央図書館,461,234177,1,derived
bpi_8c56efb560cb13fc92ad39eed24539356e5d4551e9cb116a2a42b57e18bb8ca0,2026,general,一般会計,2026_general_expenditure_08_06_04,図書館資料の充実,図書館資料の充実,教生＊中央図書館,教生*中央図書館,461,202854,1,derived
bpi_d43c5db490a4e8e642179252a31882328c1acd1a4b145bfe8bc7bbeea1072eb0,2026,general,一般会計,2026_general_expenditure_08_06_04,地域図書室の維持管理,地域図書室の維持管理,教生＊中央図書館,教生*中央図書館,461,6111,1,derived
bpi_abd302b8a6b6d7eb15b22f264f67f81e8bfd329953c570831b6f664c5f0ef74d,2026,general,一般会計,2026_general_expenditure_08_06_04,地域図書室資料の充実,地域図書室資料の充実,教生＊中央図書館,教生*中央図書館,461,9042,1,derived
bpi_fb8a8c43f0375965a792e0f2466660c1924eea3cdf49f2d23c159daea3a72a37,2026,general,一般会計,2026_general_expenditure_08_06_04,子ども読書活動の推進,子ども読書活動の推進,教生＊中央図書館,教生*中央図書館,461,20694,1,derived
bpi_04dae51b6c633f859c3888a06951813228594a47d88f6ff62b82cee780f4434f,2026,general,一般会計,2026_general_expenditure_08_06_04,教育会館改修,教育会館改修,教生＊中央図書館,教生*中央図書館,461,39344,1,derived
bpi_fa5d249831f54eacc33495fd8681553a1601c5e5a81c0d29b7700e5872a3e0f7,2026,general,一般会計,2026_general_expenditure_08_06_04,教育会館維持管理,教育会館維持管理,教生＊中央図書館,教生*中央図書館,461,311678,1,derived
bpi_f1ace57eb444f15fabfc4c9ec721c1f68cba3c42ef747e48aaff20bcdedd244c,2026,general,一般会計,2026_general_expenditure_08_06_04,生涯学習拠点としての図書館の充実,生涯学習拠点としての図書館の充実,教生＊中央図書館,教生*中央図書館,461,8346,1,derived
bpi_7969d2c52363c948e98297f096a9a2b2e1fed724e211b718a13f859525048344,2026,general,一般会計,2026_general_expenditure_08_06_06,郷土資料館改修工事,郷土資料館改修工事,教生＊生涯学習課,教生*生涯学習課,461,3190,1,derived
bpi_34f65e48764e6de31ef04330d4b55400dc62ba070648459485e5303f06e118fe,2026,general,一般会計,2026_general_expenditure_08_06_06,郷土資料館維持運営,郷土資料館維持運営,教生＊生涯学習課,教生*生涯学習課,461,44008,1,derived
bpi_a48461b743b58c2b40ae839c12ae5a98653e36158aa98feffd11ae3d7af49e54,2026,general,一般会計,2026_general_expenditure_08_06_06,郷土資料館行事,郷土資料館行事,教生＊生涯学習課,教生*生涯学習課,461,2438,1,derived
bpi_6730f17bb6f3a33370d4abff31246ef32f17ea670b6175c808eef2577ac5e346,2026,general,一般会計,2026_general_expenditure_08_06_06,郷土資料館資料調査及び整理,郷土資料館資料調査及び整理,教生＊生涯学習課,教生*生涯学習課,461,5676,1,derived
bpi_1424e12ec98191af706bd504e9794d1e6358033bcc692557dedc9b48eb45be08,2026,general,一般会計,2026_general_expenditure_08_06_08,地域図書館建設工事,地域図書館建設工事,教生＊中央図書館,教生*中央図書館,,0,1,derived
bpi_3f9fdf3bcde738d093895512dc7e0d65330f039e39c40489c5810deb597317d4,2026,general,一般会計,2026_general_expenditure_08_08_01,中学校給食維持運営,中学校給食維持運営,教生＊学校健康推進課,教生*学校健康推進課,463,1010741,1,derived
bpi_2f71dc6a1bb24ac902f856df671525cbb761e76677a2a03d90602f612dfd5f0a,2026,general,一般会計,2026_general_expenditure_08_08_01,学校給食事務運営,学校給食事務運営,教生＊学校健康推進課,教生*学校健康推進課,463,4483774,1,derived
bpi_76644b661851bd4cd3dbd5d1c5eda0b04e17616f1b2695d4c3dcdc2569aaefbd,2026,general,一般会計,2026_general_expenditure_08_08_01,学校給食保護者負担軽減事務,学校給食保護者負担軽減事務,教生＊学校健康推進課,教生*学校健康推進課,463,5290,1,derived
bpi_b082988359ec7f8e575ee6d687e6ec722aa025161c1761c1c030d63396bdeb05,2026,general,一般会計,2026_general_expenditure_08_08_01,学校給食費収納事務,学校給食費収納事務,教生＊学校健康推進課,教生*学校健康推進課,463,6771,1,derived
bpi_910a35cc9e5e73b00e129e16cf76f5c607cd9536b554e7462642aefcd5ac5487,2026,general,一般会計,2026_general_expenditure_08_08_01,小学校給食維持運営,小学校給食維持運営,教生＊学校健康推進課,教生*学校健康推進課,463,3163729,1,derived
bpi_0055ff05fbde84fba394fd35cedba5888c1b982eccfb61afafaecc7fe6f2eb2f,2026,general,一般会計,2026_general_expenditure_08_08_01,調理場施設整備工事,調理場施設整備工事,教生＊学校健康推進課,教生*学校健康推進課,463,69278,1,derived
bpi_5644bfec357b6ff24ccc2e68974345bae2496b56182d0e42963cafb188053451,2026,general,一般会計,2026_general_expenditure_08_08_01,調理場維持運営,調理場維持運営,教生＊学校健康推進課,教生*学校健康推進課,463,521675,1,derived
bpi_d680262080e7a35a4084457389424a06431167b95b1c10943c554060af90ab00,2026,general,一般会計,2026_general_expenditure_09_01_01,区議会事務局職員の人件費,区議会事務局職員の人件費,総務＊人事課,総務*人事課,465,244157,1,derived
bpi_9fb50c492ee8089a7172a1b2c37e1781edd7a9373a7883eff677b481add4856b,2026,general,一般会計,2026_general_expenditure_09_01_02,一般会計関係職員の人件費,一般会計関係職員の人件費,政策＊財政課,政策*財政課,465,53500,1,derived
bpi_34acf9623cc61d4b348c36d72445729b13128cdd9a95f1f5ce52bff56594835b,2026,general,一般会計,2026_general_expenditure_09_01_02,会計年度任用職員の人件費（世田谷総合支所）,会計年度任用職員の人件費(世田谷総合支所),世支＊地域振興課,世支*地域振興課,465,11897,1,derived
bpi_175f30a161dccdb241c57e55790e3d1544661757b6a783414ea1a3469a033ac1,2026,general,一般会計,2026_general_expenditure_09_01_02,会計年度任用職員の人件費（危機管理部）,会計年度任用職員の人件費(危機管理部),危機管理部＊災害対策課,危機管理部*災害対策課,465,3820,1,derived
bpi_36de967649456f996238acd833d9209a8b51d950cf817cbce673ecaffa259479,2026,general,一般会計,2026_general_expenditure_09_01_02,会計年度任用職員の人件費（地域行政部）,会計年度任用職員の人件費(地域行政部),地域行政部＊地域行政課,地域行政部*地域行政課,465,318088,1,derived
bpi_9e17ec8a82ad9617376b596db8314c0b6c9e1f7f25ba095dd7e0658be37011d5,2026,general,一般会計,2026_general_expenditure_09_01_02,会計年度任用職員の人件費（政策経営部）,会計年度任用職員の人件費(政策経営部),政策＊政策企画課,政策*政策企画課,465,18460,2,derived
bpi_980ce9b70e37b092adb0d85b25c10ed7a4c4a19e87b3a53d40a768a182ae7832,2026,general,一般会計,2026_general_expenditure_09_01_02,会計年度任用職員の人件費（生活文化政策部）,会計年度任用職員の人件費(生活文化政策部),生政＊市民活動推進課,生政*市民活動推進課,465,84395,2,derived
bpi_48ae69c4004752c81d798f5891b6b30208de61974a2ad62041b059e30348eeb9,2026,general,一般会計,2026_general_expenditure_09_01_02,会計年度任用職員の人件費（経済産業部）,会計年度任用職員の人件費(経済産業部),経産＊商業課,経産*商業課,465,38683,1,derived
bpi_bd63c3004e3766eddbe2f16ff7a5da47316b54d7cede1f9b4d600c05c3ba6cf1,2026,general,一般会計,2026_general_expenditure_09_01_02,会計年度任用職員の人件費（総務部）,会計年度任用職員の人件費(総務部),総務＊人事課,総務*人事課,465,8646692,1,derived
bpi_c4c0357e299108f38958be36ae151c72cac189bbcf5a6aab2eb1f2afe0d54b87,2026,general,一般会計,2026_general_expenditure_09_01_02,会計年度任用職員の人件費（選挙管理委員会事務局）,会計年度任用職員の人件費(選挙管理委員会事務局),選挙管理委員会事務局,選挙管理委員会事務局,465,128,1,derived
bpi_495f338eab1efd884fbeaa976407ff4ef23d59978ff6fb313a19d8938251c361,2026,general,一般会計,2026_general_expenditure_09_01_02,公務災害補償基金掛金及び付加給付,公務災害補償基金掛金及び付加給付,総務＊職員厚生課,総務*職員厚生課,465,59431,1,derived
bpi_88eb8874cf6e6990e0a9e42edfeb5f6bb0b30dac9672ec5c4c20c048e9a2e1b4,2026,general,一般会計,2026_general_expenditure_09_01_02,総務関係事務従事職員の人件費,総務関係事務従事職員の人件費,総務＊人事課,総務*人事課,465,15972564,1,derived
bpi_e4a3bfafcdabc44c5e95c4cc0ea467f7989f9f5e99ae682f9a36567dbdf723bb,2026,general,一般会計,2026_general_expenditure_09_01_03,会計年度任用職員の人件費（世田谷総合支所）,会計年度任用職員の人件費(世田谷総合支所),世センター＊生活支援課,世センター*生活支援課,467,5761,1,derived
bpi_b9f1165f165cc6c8a854899bb8a10556c041f2a5f248c866e36eadfd1f138699,2026,general,一般会計,2026_general_expenditure_09_01_03,会計年度任用職員の人件費（保健福祉政策部）,会計年度任用職員の人件費(保健福祉政策部),保政＊保健福祉政策課,保政*保健福祉政策課,467,128690,1,derived
bpi_abbd17f8fda03037d67a0c443732282df2af2dadfa3166b668a4dab9be8a79b0,2026,general,一般会計,2026_general_expenditure_09_01_03,会計年度任用職員の人件費（児童相談所）,会計年度任用職員の人件費(児童相談所),児相＊児童相談課,児相*児童相談課,467,134156,1,derived
bpi_b6acaa2cfed17552a1ae4881cce909f506615b3a3c15eb4c1bbb42c1c901cc53,2026,general,一般会計,2026_general_expenditure_09_01_03,会計年度任用職員の人件費（北沢総合支所）,会計年度任用職員の人件費(北沢総合支所),北センター＊生活支援課,北センター*生活支援課,467,5763,1,derived
bpi_5939d32e45ec716f31e67094aa1fdc3e15149a40dfc89175ae186f2e884591b1,2026,general,一般会計,2026_general_expenditure_09_01_03,会計年度任用職員の人件費（子ども・若者部（２））,会計年度任用職員の人件費(子ども・若者部(2)),子若＊子ども・若者支援課,子若*子ども・若者支援課,467,2353017,1,derived
bpi_b20577636fe2f4187fd662b1f0fc27c1a15b49e5c5e258c012206f3f329eb489,2026,general,一般会計,2026_general_expenditure_09_01_03,会計年度任用職員の人件費（子ども・若者部）,会計年度任用職員の人件費(子ども・若者部),子若＊子ども・若者支援課,子若*子ども・若者支援課,467,273208,2,derived
bpi_fa8dd2d3248166a974a489fa6fb65e60a2b628120edb1174be40467b94a43029,2026,general,一般会計,2026_general_expenditure_09_01_03,会計年度任用職員の人件費（烏山総合支所）,会計年度任用職員の人件費(烏山総合支所),烏センター＊生活支援課,烏センター*生活支援課,467,13250,1,derived
bpi_41df3ff6c5153db6480ef1d345b238e6316a2aa568e3c17ad8e8c20b778a1c0e,2026,general,一般会計,2026_general_expenditure_09_01_03,会計年度任用職員の人件費（玉川総合支所）,会計年度任用職員の人件費(玉川総合支所),玉センター＊生活支援課,玉センター*生活支援課,467,12690,1,derived
bpi_7d73385ff7bee1b210f97905c7c504202dfc210102871ad103245cfd28c4e516,2026,general,一般会計,2026_general_expenditure_09_01_03,会計年度任用職員の人件費（砧総合支所）,会計年度任用職員の人件費(砧総合支所),砧センター＊生活支援課,砧センター*生活支援課,467,5770,1,derived
bpi_181d68cd53e1bae8c0ff0b19f41abc04ca2fba5d55dc0649f06039d0ddf44c32,2026,general,一般会計,2026_general_expenditure_09_01_03,会計年度任用職員の人件費（障害福祉部）,会計年度任用職員の人件費(障害福祉部),障福＊障害施策課,障福*障害施策課,467,61654,2,derived
bpi_609a88730a098d9b7d92ee3c6917e6326a529d94def926bfc64471a2252bebf7,2026,general,一般会計,2026_general_expenditure_09_01_03,会計年度任用職員の人件費（高齢福祉部）,会計年度任用職員の人件費(高齢福祉部),高福＊高齢福祉課,高福*高齢福祉課,467,10078,1,derived
bpi_5514ebac92df97541fc72dcb995412a4efd023cee05294300d6b86ca6ced3ee6,2026,general,一般会計,2026_general_expenditure_09_01_03,民生関係事務従事職員の人件費,民生関係事務従事職員の人件費,総務＊人事課,総務*人事課,467,19385105,1,derived
bpi_4d30bd243a3d9aed5c8e0401703ab35c455be4c6efc1ab9a3e0853188b6a456f,2026,general,一般会計,2026_general_expenditure_09_01_04,会計年度任用職員の人件費（清掃・リサイクル部）,会計年度任用職員の人件費(清掃・リサイクル部),清掃・リサ＊管理課,清掃・リサ*管理課,469,0,1,derived
bpi_d875764da6ed62c98e434cb9d23ea268ab012271184d5cd51c16a38427a2597f,2026,general,一般会計,2026_general_expenditure_09_01_04,会計年度任用職員の人件費（環境政策部）,会計年度任用職員の人件費(環境政策部),環政＊環境政策課,環政*環境政策課,469,78194,1,derived
bpi_8602f9ace5d4e2d3fc46453eec95973931cd87c6ccbe7a3060ee9f6fa32fc15d,2026,general,一般会計,2026_general_expenditure_09_01_04,環境関係事務従事職員の人件費,環境関係事務従事職員の人件費,総務＊人事課,総務*人事課,469,679083,1,derived
bpi_11c09a256ac1f0b08b604ed1e947ffc80d0cb7edff4703759634a064845e0bd8,2026,general,一般会計,2026_general_expenditure_09_01_05,会計年度任用職員の人件費（世田谷保健所）,会計年度任用職員の人件費(世田谷保健所),世保＊健康企画課,世保*健康企画課,469,178711,2,derived
bpi_658582e7001236a567ed5716e30ff0187bb1df6f8de458986dbd634a13e12cb3,2026,general,一般会計,2026_general_expenditure_09_01_05,会計年度任用職員の人件費（世田谷総合支所）,会計年度任用職員の人件費(世田谷総合支所),世センター＊生活支援課,世センター*生活支援課,469,8529,1,derived
bpi_c8478ce3df6e2cda70d6a81918bce4bc9b667956db79550014fe3c0a0367b814,2026,general,一般会計,2026_general_expenditure_09_01_05,会計年度任用職員の人件費（北沢総合支所）,会計年度任用職員の人件費(北沢総合支所),北センター＊生活支援課,北センター*生活支援課,469,4893,1,derived
bpi_d46d50e2dd618cc64233174016e99c087bc2828ac34c26ea66a70ea1996cab3a,2026,general,一般会計,2026_general_expenditure_09_01_05,会計年度任用職員の人件費（烏山総合支所）,会計年度任用職員の人件費(烏山総合支所),烏センター＊生活支援課,烏センター*生活支援課,469,5534,1,derived
bpi_fb53587ba5f3ebfaa15d5291bab9a675ae53feb0feb0c58934f0a54d584c0bc9,2026,general,一般会計,2026_general_expenditure_09_01_05,会計年度任用職員の人件費（玉川総合支所）,会計年度任用職員の人件費(玉川総合支所),玉センター＊生活支援課,玉センター*生活支援課,469,3859,1,derived
bpi_51c1bfd22b52340d4afe0504bf37d93c3c4ff02b5833daaebc2009260acb3fc0,2026,general,一般会計,2026_general_expenditure_09_01_05,会計年度任用職員の人件費（砧総合支所）,会計年度任用職員の人件費(砧総合支所),砧センター＊生活支援課,砧センター*生活支援課,469,5688,1,derived
bpi_9d639f61d0cd8ae35f2160fcb55a44122da0209fd05f067ee108471955cb843a,2026,general,一般会計,2026_general_expenditure_09_01_05,衛生関係事務従事職員の人件費,衛生関係事務従事職員の人件費,総務＊人事課,総務*人事課,469,2587333,1,derived
bpi_1c6b0454d40f966bac6f8057c0cbcce3c36597b0df89734acdac0eae73af29d8,2026,general,一般会計,2026_general_expenditure_09_01_06,産業経済関係事務従事職員の人件費,産業経済関係事務従事職員の人件費,総務＊人事課,総務*人事課,471,532618,1,derived
bpi_160eb5548a15560a8844f0e8ba391aaa2ac566bece093319999a2464997ff584,2026,general,一般会計,2026_general_expenditure_09_01_07,会計年度任用職員の人件費（都市整備政策部）,会計年度任用職員の人件費(都市整備政策部),都政＊都市計画課,都政*都市計画課,471,3767,1,derived
bpi_6defa968f245a1daf2d467f021bd8c3d52d87579f5b7d449db5be58808ca5162,2026,general,一般会計,2026_general_expenditure_09_01_07,土木関係事務従事職員の人件費,土木関係事務従事職員の人件費,総務＊人事課,総務*人事課,471,5589927,1,derived
bpi_b55e51de6d41c9f9e2302349c0f7a11790df1cb4835ebe1c8990b0dd44d25850,2026,general,一般会計,2026_general_expenditure_09_01_08,会計年度任用職員の人件費（教育委員会事務局）,会計年度任用職員の人件費(教育委員会事務局),教生＊教育総務課,教生*教育総務課,471,6478119,5,derived
bpi_d217e916810a3cb94e8650936067abad934f1d4c33f5779441597cc79cb69555,2026,general,一般会計,2026_general_expenditure_09_01_08,教育関係事務従事職員の人件費,教育関係事務従事職員の人件費,総務＊人事課,総務*人事課,471,3327572,1,derived
bpi_49a233fff89b928698cde2646a26714688b14453a74bacc47c93d311057dea67,2026,general,一般会計,2026_general_expenditure_09_01_09,学校関係事務従事職員の人件費,学校関係事務従事職員の人件費,学教＊学校職員課,学教*学校職員課,473,1887388,1,derived
bpi_b24dd9ce18ee72d16cdd1eb7522e30c81df6971defb58581a87581f88fc666ef,2026,general,一般会計,2026_general_expenditure_09_01_09,学校関係事務従事職員の人件費,学校関係事務従事職員の人件費,総務＊人事課,総務*人事課,473,9121,1,derived
bpi_42b873a6e7ce6f2674f8cfeac89f32a30bc82217c9b7ae1bc6297bbb0bbe1c3e,2026,general,一般会計,2026_general_expenditure_09_01_10,清掃関係事務従事職員の人件費,清掃関係事務従事職員の人件費,総務＊人事課,総務*人事課,473,2539915,1,derived
bpi_44287a2891e986a22242df1084764da0ac785f19f1f0b9d878cfacf51ac8940b,2026,general,一般会計,2026_general_expenditure_10_01_01,一時借入金,一時借入金,会計＊会計課,会計*会計課,475,5137,1,derived
bpi_1258e4de379806cdffa7e7698a2a93cd0a2855fb08b97e85030a89b37c860909,2026,general,一般会計,2026_general_expenditure_10_01_02,特別区債償還元金,特別区債償還元金,政策＊財政課,政策*財政課,475,3408955,1,derived
bpi_321e9db5eaa34223702a888578177ee647fb754ea74038defe07c77ec4182ee2,2026,general,一般会計,2026_general_expenditure_10_01_03,特別区債償還利子,特別区債償還利子,政策＊財政課,政策*財政課,475,357591,1,derived
bpi_6aff8be8728913c7de003c53f00e59d23f07a18fa70a367a5832202c8e11dae0,2026,general,一般会計,2026_general_expenditure_10_01_04,特別区債諸経費,特別区債諸経費,政策＊財政課,政策*財政課,475,14117,1,derived
bpi_376eed4d364edda4ba45391748da67e3bee16bbf6cbcb0eaa5b5b408a140ca92,2026,general,一般会計,2026_general_expenditure_11_01_01,減債基金積立金,減債基金積立金,政策＊財政課,政策*財政課,477,25599,1,derived
bpi_eeb495a8914598514149f01bd3f8852b23b770de2760aa3dea140afa1d90d974,2026,general,一般会計,2026_general_expenditure_11_01_01,財政調整基金積立金,財政調整基金積立金,政策＊財政課,政策*財政課,477,261700,1,derived
bpi_9167e9a22fe0471873ef2b67030a75f612f3b14fd1786bec7438090790457b4b,2026,general,一般会計,2026_general_expenditure_12_01_01,予備費,予備費,政策＊財政課,政策*財政課,479,500000,1,derived
bpi_6f2ee607b72b15f04ab736c0c8ae9495a643337fd88816f32d10d18306b2b86d,2026,latter_stage_elderly_healthcare,後期高齢者医療会計,2026_latter_stage_elderly_healthcare_expenditure_61_01_01,後期高齢者医療保険料徴収事務,後期高齢者医療保険料徴収事務,保政＊国保・年金課,保政*国保・年金課,669,89933,1,derived
bpi_d513f5c3201e0e16836f1ebca28c253d183dfe5904408146fcb08aad6723bbf5,2026,latter_stage_elderly_healthcare,後期高齢者医療会計,2026_latter_stage_elderly_healthcare_expenditure_61_01_01,後期高齢者医療管理運営,後期高齢者医療管理運営,保政＊国保・年金課,保政*国保・年金課,669,171003,1,derived
bpi_34189f46d221a65aaf090d43bcda7dd937f87f8836202ae4f2498ca6899f7707,2026,latter_stage_elderly_healthcare,後期高齢者医療会計,2026_latter_stage_elderly_healthcare_expenditure_61_01_01,葬祭費,葬祭費,保政＊国保・年金課,保政*国保・年金課,669,419020,1,derived
bpi_20bda5ffa64d57da79a9eab87134e640078286c06787dabc4ea8f21a6af39a49,2026,latter_stage_elderly_healthcare,後期高齢者医療会計,2026_latter_stage_elderly_healthcare_expenditure_62_01_01,保険基盤安定負担金,保険基盤安定負担金,保政＊国保・年金課,保政*国保・年金課,671,1722772,1,derived
bpi_462f67aab5ab786fb140d5069bc607b21efaa7cbcdf948ae5f14248b5196894e,2026,latter_stage_elderly_healthcare,後期高齢者医療会計,2026_latter_stage_elderly_healthcare_expenditure_62_01_01,保険料軽減措置負担金,保険料軽減措置負担金,保政＊国保・年金課,保政*国保・年金課,671,527001,1,derived
bpi_fedab8333b700a8a96354e32036df990a1443f08a60644b8305f17061c9b1eeb,2026,latter_stage_elderly_healthcare,後期高齢者医療会計,2026_latter_stage_elderly_healthcare_expenditure_62_01_01,広域連合事務費負担金,広域連合事務費負担金,保政＊国保・年金課,保政*国保・年金課,671,406052,1,derived
bpi_9aaa02dc9746584faad3507cee769c94493d957254656e864389fe22ad1de77f,2026,latter_stage_elderly_healthcare,後期高齢者医療会計,2026_latter_stage_elderly_healthcare_expenditure_62_01_01,広域連合保険料等負担金,広域連合保険料等負担金,保政＊国保・年金課,保政*国保・年金課,671,18074690,1,derived
bpi_c1e0cce1805097b6a36b4b1f82284cf75b24cc05e2a77e6f3cbc76d76593e822,2026,latter_stage_elderly_healthcare,後期高齢者医療会計,2026_latter_stage_elderly_healthcare_expenditure_62_01_01,広域連合療養給付費負担金,広域連合療養給付費負担金,保政＊国保・年金課,保政*国保・年金課,671,7064085,1,derived
bpi_084b679295a96cdee7ccb9fb066fdb50117a510c79a09bb20297125f0f9df9d1,2026,latter_stage_elderly_healthcare,後期高齢者医療会計,2026_latter_stage_elderly_healthcare_expenditure_63_01_01,後期高齢者健康診査,後期高齢者健康診査,保政＊国保・年金課,保政*国保・年金課,673,667092,1,derived
bpi_fcbe7880b8fecbda2614f250744aed719181eede2cdb0039807ee3ba34542578,2026,latter_stage_elderly_healthcare,後期高齢者医療会計,2026_latter_stage_elderly_healthcare_expenditure_63_01_02,被保険者の健康増進,被保険者の健康増進,保政＊国保・年金課,保政*国保・年金課,673,4642,1,derived
bpi_dec506625dd9172532e96c51cb8735e807fa9f56a8893bcee531ffb20e06df34,2026,latter_stage_elderly_healthcare,後期高齢者医療会計,2026_latter_stage_elderly_healthcare_expenditure_64_01_01,会計年度任用職員の人件費（保健福祉政策部）,会計年度任用職員の人件費(保健福祉政策部),保政＊保健福祉政策課,保政*保健福祉政策課,675,9850,1,derived
bpi_4bdfb1c472d12365dcd8f798b953204c47355c5316844212c7770cc570fe17ec,2026,latter_stage_elderly_healthcare,後期高齢者医療会計,2026_latter_stage_elderly_healthcare_expenditure_64_01_01,後期高齢者医療会計関係事務従事職員の人件費,後期高齢者医療会計関係事務従事職員の人件費,総務＊人事課,総務*人事課,675,192256,1,derived
bpi_c7c45e33cc353118c0c6c3aa0e0d3e9aa43f4733172eb28ce6fa4d262e7e2dc1,2026,latter_stage_elderly_healthcare,後期高齢者医療会計,2026_latter_stage_elderly_healthcare_expenditure_64_01_01,後期高齢者医療会計関係職員の人件費,後期高齢者医療会計関係職員の人件費,政策＊財政課,政策*財政課,675,1000,1,derived
bpi_013f1046c6f027150062b84319b150d96df80b4c3d6c06ae477dcd2a3b0be121,2026,latter_stage_elderly_healthcare,後期高齢者医療会計,2026_latter_stage_elderly_healthcare_expenditure_65_01_03,広域連合保険料延滞金還付金,広域連合保険料延滞金還付金,保政＊国保・年金課,保政*国保・年金課,677,100,1,derived
bpi_97a901c1a116b6904f3bf17a9a56a68d23e9b37723029751afed2ab5aed9d160,2026,latter_stage_elderly_healthcare,後期高齢者医療会計,2026_latter_stage_elderly_healthcare_expenditure_65_01_03,広域連合保険料還付加算金,広域連合保険料還付加算金,保政＊国保・年金課,保政*国保・年金課,677,300,1,derived
bpi_66377ac8eb5049e002c58034146a24e44dc1117392c60bdfdc3c507e2fdb86b2,2026,latter_stage_elderly_healthcare,後期高齢者医療会計,2026_latter_stage_elderly_healthcare_expenditure_65_01_03,広域連合保険料還付金,広域連合保険料還付金,保政＊国保・年金課,保政*国保・年金課,677,35000,1,derived
bpi_df892c6bdda00a2121882cf7750acef10dcc0a919ea3e27787bdb246968317df,2026,latter_stage_elderly_healthcare,後期高齢者医療会計,2026_latter_stage_elderly_healthcare_expenditure_66_01_01,予備費,予備費,保政＊国保・年金課,保政*国保・年金課,679,30000,1,derived
bpi_13fb49e055f60cf49f91f04e2145186cfc2be48f83d7da5aa571554531b5833f,2026,long_term_care_insurance,介護保険事業会計,2026_long_term_care_insurance_expenditure_41_01_01,介護保険事業管理運営,介護保険事業管理運営,高福＊介護保険課,高福*介護保険課,751,331639,1,derived
bpi_14ecfdbbe9dbb3107004ffa8144d3bf0b91f75fc59422763fe891f9e30908b73,2026,long_term_care_insurance,介護保険事業会計,2026_long_term_care_insurance_expenditure_41_01_01,資格管理・賦課・収納事務,資格管理・賦課・収納事務,高福＊介護保険課,高福*介護保険課,751,42524,1,derived
bpi_3a0875141d08f42fa407d21d644711b025b064479deb79d4f5fc4e0bd743cefd,2026,long_term_care_insurance,介護保険事業会計,2026_long_term_care_insurance_expenditure_41_02_01,要介護認定事務運営,要介護認定事務運営,高福＊介護保険課,高福*介護保険課,753,494142,1,derived
bpi_81fe65a4531c47eeff195a46862131ab3fd608a7822c522cf6eb0482b1b3b3f7,2026,long_term_care_insurance,介護保険事業会計,2026_long_term_care_insurance_expenditure_41_03_01,介護保険事業趣旨普及,介護保険事業趣旨普及,高福＊介護保険課,高福*介護保険課,755,4205,1,derived
bpi_2db802acb93f9799cf0425ffaff069f420a030e6081e227256bdd4cc19f71880,2026,long_term_care_insurance,介護保険事業会計,2026_long_term_care_insurance_expenditure_42_01_01,居宅介護サービス給付費,居宅介護サービス給付費,高福＊介護保険課,高福*介護保険課,759,38847776,1,derived
bpi_410f0facb2eb342260a09886015821489a5a8261e9023f69f3aa2f7e77696221,2026,long_term_care_insurance,介護保険事業会計,2026_long_term_care_insurance_expenditure_42_01_02,施設介護サービス給付費,施設介護サービス給付費,高福＊介護保険課,高福*介護保険課,759,13763000,1,derived
bpi_673cc854615fd815a03e45694470bda1b0b26fc77b8b7add9144bbf07dec2cd7,2026,long_term_care_insurance,介護保険事業会計,2026_long_term_care_insurance_expenditure_42_01_03,居宅介護福祉用具購入費,居宅介護福祉用具購入費,高福＊介護保険課,高福*介護保険課,761,93376,1,derived
bpi_7233b57358da00a89d8f0c645637e8c8ba543a04a77b2a9dd44eec6cdde4a7e1,2026,long_term_care_insurance,介護保険事業会計,2026_long_term_care_insurance_expenditure_42_01_04,居宅介護住宅改修費,居宅介護住宅改修費,高福＊介護保険課,高福*介護保険課,761,142779,1,derived
bpi_d492f0dae5d4d65752df634c3c8d3ce20d93f35f834c3714f7448bc217f36fe2,2026,long_term_care_insurance,介護保険事業会計,2026_long_term_care_insurance_expenditure_42_01_05,居宅介護サービス計画給付費,居宅介護サービス計画給付費,高福＊介護保険課,高福*介護保険課,761,3926000,1,derived
bpi_0b8d69632d8e169a697bbe9fcc3df4c0d35978397e98a5fa41f9bf6fe3318041,2026,long_term_care_insurance,介護保険事業会計,2026_long_term_care_insurance_expenditure_42_01_06,地域密着型介護サービス給付費,地域密着型介護サービス給付費,高福＊介護保険課,高福*介護保険課,763,9591000,1,derived
bpi_05471e021d62b778718d436646a3cac8f485e4963a0ce45ddfd924394901f7c9,2026,long_term_care_insurance,介護保険事業会計,2026_long_term_care_insurance_expenditure_42_03_01,審査支払手数料,審査支払手数料,高福＊介護保険課,高福*介護保険課,765,84929,1,derived
bpi_f985f46de98226f7a4b1993dc94c2d8fdbf2a96691baffe92d642681b1be34cc,2026,long_term_care_insurance,介護保険事業会計,2026_long_term_care_insurance_expenditure_42_04_01,高額介護サービス費,高額介護サービス費,高福＊介護保険課,高福*介護保険課,767,2361028,1,derived
bpi_0bfd29d74bdbf555d6472b66d5d1c339c0b423c88561055acb8ab5a4cc9a9280,2026,long_term_care_insurance,介護保険事業会計,2026_long_term_care_insurance_expenditure_42_04_03,高額介護予防サービス費,高額介護予防サービス費,高福＊介護保険課,高福*介護保険課,767,4995,1,derived
bpi_cea40e59b2c488d1b3077e33eab699a6aa176875321ffe2aa303e387be5a2959,2026,long_term_care_insurance,介護保険事業会計,2026_long_term_care_insurance_expenditure_42_06_01,介護予防サービス給付費,介護予防サービス給付費,高福＊介護保険課,高福*介護保険課,769,1338000,1,derived
bpi_6ab66b034f7939beaf7e49a6ce6aab515edeca9a5641f9abad92aab7b2c0707b,2026,long_term_care_insurance,介護保険事業会計,2026_long_term_care_insurance_expenditure_42_06_02,地域密着型介護予防サービス給付費,地域密着型介護予防サービス給付費,高福＊介護保険課,高福*介護保険課,769,35885,1,derived
bpi_eca2fab4c7cd5770e740113b5b5d5aac0f9ddba255c356aa32b88e316af7a853,2026,long_term_care_insurance,介護保険事業会計,2026_long_term_care_insurance_expenditure_42_06_03,介護予防福祉用具購入費,介護予防福祉用具購入費,高福＊介護保険課,高福*介護保険課,771,17108,1,derived
bpi_1bf042ef6f9463ea7bb242b0fbf8dc7464509ba0189c1edf003df01cb774ce30,2026,long_term_care_insurance,介護保険事業会計,2026_long_term_care_insurance_expenditure_42_06_04,介護予防住宅改修費,介護予防住宅改修費,高福＊介護保険課,高福*介護保険課,771,80511,1,derived
bpi_c72aec3eef1d2bf1b5315b3883b1edd23758d66c7647a8b2bfaf275aaa896f9b,2026,long_term_care_insurance,介護保険事業会計,2026_long_term_care_insurance_expenditure_42_06_05,介護予防サービス計画給付費,介護予防サービス計画給付費,高福＊介護保険課,高福*介護保険課,771,243457,1,derived
bpi_f73c271d300f4539809d071a45f12f902db41177ffa2470ba070fb55f01418c4,2026,long_term_care_insurance,介護保険事業会計,2026_long_term_care_insurance_expenditure_42_07_01,特定入所者介護サービス費,特定入所者介護サービス費,高福＊介護保険課,高福*介護保険課,773,665690,1,derived
bpi_5663a271d92c93df1b4f527978953aabd60e86992e045144b8625497496ec5d7,2026,long_term_care_insurance,介護保険事業会計,2026_long_term_care_insurance_expenditure_42_07_03,特定入所者介護予防サービス費,特定入所者介護予防サービス費,高福＊介護保険課,高福*介護保険課,773,403,1,derived
bpi_b43b8eefdccc6ae67d70339ef7a142637415a0d8b51534f6601322c80ce6f23a,2026,long_term_care_insurance,介護保険事業会計,2026_long_term_care_insurance_expenditure_42_09_01,高額医療合算介護サービス費,高額医療合算介護サービス費,高福＊介護保険課,高福*介護保険課,775,432570,1,derived
bpi_f76fd0c7e66bc1ebdd98e8cbce59a295813bc75289bbbff904630880db040318,2026,long_term_care_insurance,介護保険事業会計,2026_long_term_care_insurance_expenditure_42_09_02,高額医療合算介護予防サービス費,高額医療合算介護予防サービス費,高福＊介護保険課,高福*介護保険課,775,4569,1,derived
bpi_62d88228e9bd0c95e552989995cc884be21afa4463c1136f0e2dc703b176a7eb,2026,long_term_care_insurance,介護保険事業会計,2026_long_term_care_insurance_expenditure_45_01_01,介護給付費準備基金積立金,介護給付費準備基金積立金,高福＊介護保険課,高福*介護保険課,777,65792,1,derived
bpi_b627759ff8603415f1cc7bebe824d4977292d26253baeea8825cafd7f703a0a3,2026,long_term_care_insurance,介護保険事業会計,2026_long_term_care_insurance_expenditure_46_01_01,介護保険事業会計関係事務従事職員の人件費,介護保険事業会計関係事務従事職員の人件費,総務＊人事課,総務*人事課,779,650893,1,derived
bpi_11b7b5bb678c73d3dd69f605a4a0b7ad75c5971bc02f58356803ad20fee9fa45,2026,long_term_care_insurance,介護保険事業会計,2026_long_term_care_insurance_expenditure_46_01_01,介護保険事業会計関係職員の人件費,介護保険事業会計関係職員の人件費,政策＊財政課,政策*財政課,779,1000,1,derived
bpi_1de52d007119b1a2e1e0fb259ffdae1d12e3f81262ff067d442ac0f305ed8001,2026,long_term_care_insurance,介護保険事業会計,2026_long_term_care_insurance_expenditure_46_01_01,会計年度任用職員の人件費（高齢福祉部）,会計年度任用職員の人件費(高齢福祉部),高福＊高齢福祉課,高福*高齢福祉課,779,275405,1,derived
bpi_8b77908dea32af268e825737d56b75444ea21c7dc57d52f0a8387e2a551569a2,2026,long_term_care_insurance,介護保険事業会計,2026_long_term_care_insurance_expenditure_48_01_02,償還金,償還金,高福＊介護保険課,高福*介護保険課,,0,1,derived
bpi_5a72cd8ace6757e0c9906de4480eabc47da25e21007cc5da4d6b34b8c61d7246,2026,long_term_care_insurance,介護保険事業会計,2026_long_term_care_insurance_expenditure_48_01_04,第１号被保険者保険料延滞金還付金,第1号被保険者保険料延滞金還付金,高福＊介護保険課,高福*介護保険課,781,12,1,derived
bpi_b7e625102a751f2f6311d6adeab59d8ff4ef12d43c02952d239856b59ae7ff66,2026,long_term_care_insurance,介護保険事業会計,2026_long_term_care_insurance_expenditure_48_01_04,第１号被保険者保険料還付加算金,第1号被保険者保険料還付加算金,高福＊介護保険課,高福*介護保険課,781,20,1,derived
bpi_154d5abacbbee603eb0df66bb6fef5df3d42bb779bf474cd1b2ae02ce09b43ef,2026,long_term_care_insurance,介護保険事業会計,2026_long_term_care_insurance_expenditure_48_01_04,第１号被保険者保険料還付金,第1号被保険者保険料還付金,高福＊介護保険課,高福*介護保険課,781,43385,1,derived
bpi_77d59782515a17cd77cfbe4f459e7605e4b1e5a8ebe5e13a1b6bf44ae3a4e97b,2026,long_term_care_insurance,介護保険事業会計,2026_long_term_care_insurance_expenditure_48_02_01,重層的支援体制整備事業繰出金,重層的支援体制整備事業繰出金,高福＊介護保険課,高福*介護保険課,783,255661,1,derived
bpi_cb11731fa879eed02b417923e076978c444d67ae28a64fd45bab289f8c68f0a3,2026,long_term_care_insurance,介護保険事業会計,2026_long_term_care_insurance_expenditure_49_02_01,在宅医療・介護連携推進事業,在宅医療・介護連携推進事業,保政＊保福推進課,保政*保福推進課,785,80167,1,derived
bpi_6ad80e7fbab6af3c02453a6ec51a29b472217766ac3d78c472796bdcc33c55b2,2026,long_term_care_insurance,介護保険事業会計,2026_long_term_care_insurance_expenditure_49_02_01,地域包括支援センター運営委託,地域包括支援センター運営委託,高福＊介護予防・支援課,高福*介護予防・支援課,785,38453,1,derived
bpi_5850d1e5a4e956262686f8db6117c7d94d3ae64c56a46940679cbd41409ba281,2026,long_term_care_insurance,介護保険事業会計,2026_long_term_care_insurance_expenditure_49_02_01,認知症包括支援事業,認知症包括支援事業,高福＊介護予防・支援課,高福*介護予防・支援課,785,53407,1,derived
bpi_39e66fb21538fbc5384a56310a72c84a7073e0a2721fac132a7c79fe44006e9e,2026,long_term_care_insurance,介護保険事業会計,2026_long_term_care_insurance_expenditure_49_02_02,介護給付適正化事業,介護給付適正化事業,高福＊介護保険課,高福*介護保険課,785,3391,1,derived
bpi_163cf52aba9296b08e531463eb545b618ae169a7da91720600e923c22456fda4,2026,long_term_care_insurance,介護保険事業会計,2026_long_term_care_insurance_expenditure_49_02_02,住宅改修アドバイザー派遣,住宅改修アドバイザー派遣,高福＊高齢福祉課,高福*高齢福祉課,785,1452,1,derived
bpi_350e7024d522abf084257e6c43444e5dcefbdf1df200cb386513f7e52709a03f,2026,long_term_care_insurance,介護保険事業会計,2026_long_term_care_insurance_expenditure_49_02_02,家族介護支援事業,家族介護支援事業,高福＊介護保険課,高福*介護保険課,785,4073,1,derived
bpi_0dfb8c5e972e73a6a5c8bfc3451c3c97b829e1bae009faa69c56b4e0899b74e0,2026,long_term_care_insurance,介護保険事業会計,2026_long_term_care_insurance_expenditure_49_02_02,成年後見報酬助成,成年後見報酬助成,保政＊生活福祉課,保政*生活福祉課,785,24360,1,derived
bpi_6864087d9ac3df47340f361257aa1e8c26f24ef490cbce00b4aa79e9cc22ba0b,2026,long_term_care_insurance,介護保険事業会計,2026_long_term_care_insurance_expenditure_49_02_02,認知症ケア推進事業,認知症ケア推進事業,高福＊介護予防・支援課,高福*介護予防・支援課,785,36503,1,derived
bpi_c819a60602282a711e9933e2fd46c189c7840e6d8cc381b6b41b5a76cc3231fe,2026,long_term_care_insurance,介護保険事業会計,2026_long_term_care_insurance_expenditure_49_02_02,高齢者おむつ支給,高齢者おむつ支給,高福＊高齢福祉課,高福*高齢福祉課,785,181861,1,derived
bpi_7eef77dbfc3f9ce5478a03faff86c91fbefc7b64a6f6b94f2bcb0079f6756a23,2026,long_term_care_insurance,介護保険事業会計,2026_long_term_care_insurance_expenditure_49_02_02,高齢者安心コール,高齢者安心コール,高福＊高齢福祉課,高福*高齢福祉課,785,38506,1,derived
bpi_7b131f4de76f3f4dccf996785b67622db5b130d7c116eb23fd4c49740dc57596,2026,long_term_care_insurance,介護保険事業会計,2026_long_term_care_insurance_expenditure_49_03_01,サービス・活動事業,サービス・活動事業,高福＊介護予防・支援課,高福*介護予防・支援課,789,249630,1,derived
bpi_9aa29a81195366086b47888f03521abd0e30363ba6eeba778366f565cfa02afc,2026,long_term_care_insurance,介護保険事業会計,2026_long_term_care_insurance_expenditure_49_03_01,一般介護予防事業,一般介護予防事業,高福＊介護予防・支援課,高福*介護予防・支援課,789,223985,1,derived
bpi_fc7fb4925f2b99a3ae501dc2856ec0f0f72494b7ae0ef4f4a6473dd400ae4c25,2026,long_term_care_insurance,介護保険事業会計,2026_long_term_care_insurance_expenditure_49_03_01,総合事業指定事業者実施サービス等諸費,総合事業指定事業者実施サービス等諸費,高福＊介護保険課,高福*介護保険課,789,1285437,1,derived
bpi_3362376aeeeaf6fbcc1c4fd8465b3c1cf240b2455c2a9557d65f9ac7ebbd5af3,2026,long_term_care_insurance,介護保険事業会計,2026_long_term_care_insurance_expenditure_49_03_01,高額介護サービス費相当等事業費,高額介護サービス費相当等事業費,高福＊介護保険課,高福*介護保険課,789,9974,1,derived
bpi_00f5474a7404ff15b2b95e64b6bf047ecebad6c143bf0d5701c33c9c62c5691f,2026,long_term_care_insurance,介護保険事業会計,2026_long_term_care_insurance_expenditure_50_01_01,予備費,予備費,高福＊介護保険課,高福*介護保険課,791,30000,1,derived
bpi_d93b80ccb9ec7e8eaf42d543616a848af4bcefc24aa551d52506adcd10a64c29,2026,national_health_insurance,国民健康保険事業会計,2026_national_health_insurance_expenditure_21_01_01,保険料滞納整理,保険料滞納整理,保政＊保険料収納課,保政*保険料収納課,591,242205,1,derived
bpi_35a98f3e5aa23b40f77185a7f06cf0792f8a3d7e2542fbc27542997cfe8314d9,2026,national_health_insurance,国民健康保険事業会計,2026_national_health_insurance_expenditure_21_01_01,国民健康保険事業管理運営,国民健康保険事業管理運営,保政＊国保・年金課,保政*国保・年金課,591,895408,1,derived
bpi_78e42ed87c0aad0c4ff2f3779f7587d95bbb9cdc6937b872c780665df0ec610e,2026,national_health_insurance,国民健康保険事業会計,2026_national_health_insurance_expenditure_21_01_02,国民健康保険運営協議会運営,国民健康保険運営協議会運営,保政＊国保・年金課,保政*国保・年金課,593,524,1,derived
bpi_e8d9cb347a16205a1c24522ffd7cb035b4d486c15eb9f00215355b5e446d62cd,2026,national_health_insurance,国民健康保険事業会計,2026_national_health_insurance_expenditure_21_01_03,国民健康保険事業趣旨普及,国民健康保険事業趣旨普及,保政＊国保・年金課,保政*国保・年金課,593,5606,1,derived
bpi_b5933dd811869577e6d78aff9a6b354076e2ab9cdf57b143f02b240680af4f24,2026,national_health_insurance,国民健康保険事業会計,2026_national_health_insurance_expenditure_21_01_04,国民健康保険団体連合会負担金,国民健康保険団体連合会負担金,保政＊国保・年金課,保政*国保・年金課,593,16525,1,derived
bpi_ffaf3203473d5e6797df02728e1d34c99ffa34370ef2f1557fb0e04aab7e2b32,2026,national_health_insurance,国民健康保険事業会計,2026_national_health_insurance_expenditure_22_01_01,療養給付費,療養給付費,保政＊国保・年金課,保政*国保・年金課,595,41817513,1,derived
bpi_da9819c8117fe1b002848df3e14355447669949620cc1c8d70744d3ee06b16d9,2026,national_health_insurance,国民健康保険事業会計,2026_national_health_insurance_expenditure_22_01_03,療養費,療養費,保政＊国保・年金課,保政*国保・年金課,595,566541,1,derived
bpi_15f6172ffc59ab9d91e559c256c47fead6f619da28606761e4e02776d6576268,2026,national_health_insurance,国民健康保険事業会計,2026_national_health_insurance_expenditure_22_01_05,審査支払手数料,審査支払手数料,保政＊国保・年金課,保政*国保・年金課,595,217239,1,derived
bpi_197ea5cd145dfc5c180d1f717936e9711fc9f8132658dfae52e5c432107ee94f,2026,national_health_insurance,国民健康保険事業会計,2026_national_health_insurance_expenditure_22_02_01,高額療養費,高額療養費,保政＊国保・年金課,保政*国保・年金課,597,5886421,1,derived
bpi_5802b1617687f51db9a0e4803eb338ef2516b2774fd0477c6879c44df0c12b30,2026,national_health_insurance,国民健康保険事業会計,2026_national_health_insurance_expenditure_22_02_03,高額介護合算療養費,高額介護合算療養費,保政＊国保・年金課,保政*国保・年金課,597,8024,1,derived
bpi_84db005bec9d673a603cd4cba87d1b28eb17619e62b0860a0501cdead2c76fbb,2026,national_health_insurance,国民健康保険事業会計,2026_national_health_insurance_expenditure_22_03_02,出産育児一時金,出産育児一時金,保政＊国保・年金課,保政*国保・年金課,599,260500,1,derived
bpi_d2a5e25838c13f9ed3970a4af5a110e4facc5950083bc12a8cff14e35bd7326a,2026,national_health_insurance,国民健康保険事業会計,2026_national_health_insurance_expenditure_22_03_03,出産育児一時金支払手数料,出産育児一時金支払手数料,保政＊国保・年金課,保政*国保・年金課,599,110,1,derived
bpi_0f31f8c028b76175868d4b5930c7b6106315e25679a82e5e7fe956b35d6650da,2026,national_health_insurance,国民健康保険事業会計,2026_national_health_insurance_expenditure_22_04_01,葬祭費,葬祭費,保政＊国保・年金課,保政*国保・年金課,601,36400,1,derived
bpi_955dcd860bd7507f38e4954fc43b6c0dbff63cc2473ec50737f2f0548e84cd94,2026,national_health_insurance,国民健康保険事業会計,2026_national_health_insurance_expenditure_22_06_01,移送費,移送費,保政＊国保・年金課,保政*国保・年金課,603,300,1,derived
bpi_187db69c104e01a3ff19cb7db72557c69602dadca8caae75f017eee4d3dfc772,2026,national_health_insurance,国民健康保険事業会計,2026_national_health_insurance_expenditure_22_07_01,結核・精神医療給付金,結核・精神医療給付金,保政＊国保・年金課,保政*国保・年金課,605,77084,1,derived
bpi_718b72f2b3d65ea37381c34eef1baf8daee9e74cffc7c29ad8266182fb638505,2026,national_health_insurance,国民健康保険事業会計,2026_national_health_insurance_expenditure_22_08_01,傷病手当金,傷病手当金,保政＊国保・年金課,保政*国保・年金課,,0,1,derived
bpi_fabc62a0603f939b300f7b62117b8c8b67877b9e9f9b8982b0d302f77372bfd4,2026,national_health_insurance,国民健康保険事業会計,2026_national_health_insurance_expenditure_25_02_01,特定健康診査等事業費,特定健康診査等事業費,保政＊国保・年金課,保政*国保・年金課,607,813676,1,derived
bpi_fcb9576552e8d537e06ecdb752e93a0c3f1153535f775b173e570a57b0a51b07,2026,national_health_insurance,国民健康保険事業会計,2026_national_health_insurance_expenditure_26_01_01,会計年度任用職員の人件費（保健福祉政策部）,会計年度任用職員の人件費(保健福祉政策部),保政＊保健福祉政策課,保政*保健福祉政策課,609,85220,1,derived
bpi_f586cb98a3bb509419c17391b9222e7e5cd1f5a59060137be7c4d7672456e852,2026,national_health_insurance,国民健康保険事業会計,2026_national_health_insurance_expenditure_26_01_01,国民健康保険事業会計関係事務従事職員の人件費,国民健康保険事業会計関係事務従事職員の人件費,総務＊人事課,総務*人事課,609,766488,1,derived
bpi_a69a33728289e2ecb36a70d0737ef8791a9e862c07e2f1b2e27eeed34e158283,2026,national_health_insurance,国民健康保険事業会計,2026_national_health_insurance_expenditure_26_01_01,国民健康保険事業会計関係職員の人件費,国民健康保険事業会計関係職員の人件費,政策＊財政課,政策*財政課,609,3000,1,derived
bpi_7ecd3ecea62f8d9637dd34d4291207caed8353bbf92623c3ca6a7e4ba4d5fe81,2026,national_health_insurance,国民健康保険事業会計,2026_national_health_insurance_expenditure_27_03_01,保険料延滞金還付金,保険料延滞金還付金,保政＊保険料収納課,保政*保険料収納課,611,700,1,derived
bpi_9fc1cf6461d19bf81cf682f74af1e3543e09be2bb74a11ab0b5b2a952e9ab762,2026,national_health_insurance,国民健康保険事業会計,2026_national_health_insurance_expenditure_27_03_01,保険料還付加算金,保険料還付加算金,保政＊保険料収納課,保政*保険料収納課,611,950,1,derived
bpi_202c8165a3e2ccd07743d446a27f862e570bb34389964a4a13ef25a4b84e4b45,2026,national_health_insurance,国民健康保険事業会計,2026_national_health_insurance_expenditure_27_03_01,保険料還付金,保険料還付金,保政＊保険料収納課,保政*保険料収納課,611,204000,1,derived
bpi_7219e246f1b46d305738781fae5044e499b8524d796462ee5fd60bbce43e8b17,2026,national_health_insurance,国民健康保険事業会計,2026_national_health_insurance_expenditure_27_03_03,償還金,償還金,保政＊国保・年金課,保政*国保・年金課,,0,1,derived
bpi_ca83f1e53d5e267cfd11f86285b5f7ac698af2d389e8aeba8ac4ec80abfdce2e,2026,national_health_insurance,国民健康保険事業会計,2026_national_health_insurance_expenditure_32_01_01,医療給付費分納付金,医療給付費分納付金,保政＊国保・年金課,保政*国保・年金課,613,20790477,1,derived
bpi_6c51249a39f5182d57a2e0b58972e415997408d2ba6113e19ddac651f50f83ef,2026,national_health_insurance,国民健康保険事業会計,2026_national_health_insurance_expenditure_32_02_01,後期高齢者支援金等分納付金,後期高齢者支援金等分納付金,保政＊国保・年金課,保政*国保・年金課,615,7764099,1,derived
bpi_4ac39fdca94180e731db01594553c1a10e5a79533d25660f1b44b7b9982cfca6,2026,national_health_insurance,国民健康保険事業会計,2026_national_health_insurance_expenditure_32_03_01,介護納付金分納付金,介護納付金分納付金,保政＊国保・年金課,保政*国保・年金課,617,3051753,1,derived
bpi_86ed640544a0107a3f8db515cb0840321c7ce3f9f785c5cdd1faae0ae6e67219,2026,national_health_insurance,国民健康保険事業会計,2026_national_health_insurance_expenditure_32_04_01,子ども・子育て支援金分納付金,子ども・子育て支援金分納付金,保政＊国保・年金課,保政*国保・年金課,619,666142,1,derived
bpi_04247310cb17e797b6a1aaaef1c19c62eb51559b6fe245228dd827fb62a061ca,2026,national_health_insurance,国民健康保険事業会計,2026_national_health_insurance_expenditure_34_01_01,予備費,予備費,保政＊国保・年金課,保政*国保・年金課,621,30000,1,derived
bpi_f68a33df2a014cd5a683b5005d81354109d295955dfc007bd9963bf8cfe12d8c,2026,school_lunch_fee,学校給食費会計,2026_school_lunch_fee_expenditure_71_01_01,学校給食事務運営,学校給食事務運営,教生＊学校健康推進課,教生*学校健康推進課,,0,1,derived
