budget_program_group_id,budget_item_key,fiscal_year,account_code,account_name,major_program_name,budget_program_name,department_name,total_amount_thousand_yen,member_program_count,candidate_budget_book_pages,source_type
2026_general_expenditure_01_01_01_01_01,2026_general_expenditure_01_01_01,2026,general,一般会計,区議会議員報酬,区議会議員報酬,区議会事務局,693041,1,311,derived
2026_general_expenditure_01_01_01_02_01,2026_general_expenditure_01_01_01,2026,general,一般会計,区議会運営費,議会活動,区議会事務局,46927,1,311,derived
2026_general_expenditure_01_01_01_02_02,2026_general_expenditure_01_01_01,2026,general,一般会計,区議会運営費,区議会広報活動,区議会事務局,30585,1,311,derived
2026_general_expenditure_02_01_01_01_01,2026_general_expenditure_02_01_01,2026,general,一般会計,総務事務運営費,区長室庶務事務,区長室＊秘書課,9655,1,317,derived
2026_general_expenditure_02_01_01_01_03,2026_general_expenditure_02_01_01,2026,general,一般会計,総務事務運営費,特別職報酬等審議会運営,総務＊総務課,588,1,317,derived
2026_general_expenditure_02_01_01_01_04,2026_general_expenditure_02_01_01,2026,general,一般会計,総務事務運営費,特別区人事厚生事務組合分担金,総務＊総務課,255281,1,317,derived
2026_general_expenditure_02_01_01_01_05,2026_general_expenditure_02_01_01,2026,general,一般会計,総務事務運営費,特別区協議会等分担金,総務＊総務課,5123,1,317,derived
2026_general_expenditure_02_01_01_01_06,2026_general_expenditure_02_01_01,2026,general,一般会計,総務事務運営費,奨学資金等貸付,子若＊子ども・若者支援課,1235,1,317,derived
2026_general_expenditure_02_01_01_01_08,2026_general_expenditure_02_01_01,2026,general,一般会計,総務事務運営費,専修学校・各種学校等指導助成,子若＊子ども・若者支援課,300,1,317,derived
2026_general_expenditure_02_01_01_01_09,2026_general_expenditure_02_01_01,2026,general,一般会計,総務事務運営費,外国人学校児童・生徒保護者補助金交付,子若＊子ども・若者支援課,2688,1,317,derived
2026_general_expenditure_02_01_01_01_10,2026_general_expenditure_02_01_01,2026,general,一般会計,総務事務運営費,私立幼稚園指導助成,子若＊子ども・若者支援課,886733,1,317,derived
2026_general_expenditure_02_01_01_01_11,2026_general_expenditure_02_01_01,2026,general,一般会計,総務事務運営費,私立幼稚園協会助成,子若＊子ども・若者支援課,120340,1,317,derived
2026_general_expenditure_02_01_01_01_12,2026_general_expenditure_02_01_01,2026,general,一般会計,総務事務運営費,幼稚園類似幼児施設助成,子若＊子ども・若者支援課,10325,1,317,derived
2026_general_expenditure_02_01_01_01_13,2026_general_expenditure_02_01_01,2026,general,一般会計,総務事務運営費,総務部庶務事務,総務＊総務課,130815,1,317,derived
2026_general_expenditure_02_01_01_01_14,2026_general_expenditure_02_01_01,2026,general,一般会計,総務事務運営費,新年のつどい,総務＊総務課,11530,1,317,derived
2026_general_expenditure_02_01_01_01_15,2026_general_expenditure_02_01_01,2026,general,一般会計,総務事務運営費,世田谷区公報発行、区例規類集等発行,総務＊区政情報課,11539,1,317,derived
2026_general_expenditure_02_01_01_01_17,2026_general_expenditure_02_01_01,2026,general,一般会計,総務事務運営費,文書印刷,総務＊区政情報課,20263,1,317,derived
2026_general_expenditure_02_01_01_01_18,2026_general_expenditure_02_01_01,2026,general,一般会計,総務事務運営費,文書、物品搬送,総務＊区政情報課,39626,1,317,derived
2026_general_expenditure_02_01_01_01_19,2026_general_expenditure_02_01_01,2026,general,一般会計,総務事務運営費,文書管理、法務業務,総務＊区政情報課,267780,1,317,derived
2026_general_expenditure_02_01_01_01_21,2026_general_expenditure_02_01_01,2026,general,一般会計,総務事務運営費,区政情報センター運営,総務＊区政情報課,30786,1,317,derived
2026_general_expenditure_02_01_01_01_23,2026_general_expenditure_02_01_01,2026,general,一般会計,総務事務運営費,郵便管理事務,総務＊区政情報課,171977,1,317,derived
2026_general_expenditure_02_01_01_01_26,2026_general_expenditure_02_01_01,2026,general,一般会計,総務事務運営費,情報公開・個人情報保護制度運営等,総務＊区政情報課,3795,1,317,derived
2026_general_expenditure_02_01_01_01_27,2026_general_expenditure_02_01_01,2026,general,一般会計,総務事務運営費,世田谷区政務活動費,総務＊総務課,144000,1,317,derived
2026_general_expenditure_02_01_01_01_28,2026_general_expenditure_02_01_01,2026,general,一般会計,総務事務運営費,私立幼稚園での未就園児の定期的な預かり事業の推進,子若＊子ども・若者支援課,0,1,317,derived
2026_general_expenditure_02_01_01_01_29,2026_general_expenditure_02_01_01,2026,general,一般会計,総務事務運営費,こども誰でも通園制度,子若＊子ども・若者支援課,14782,1,317,derived
2026_general_expenditure_02_01_01_02_01,2026_general_expenditure_02_01_01,2026,general,一般会計,庁舎維持管理費,庁舎維持管理,庁舎＊庁舎管理担当課,1549914,1,317,derived
2026_general_expenditure_02_01_01_02_02,2026_general_expenditure_02_01_01,2026,general,一般会計,庁舎維持管理費,庁舎等建設等基金積立金,総務＊総務課,161031,1,317,derived
2026_general_expenditure_02_01_01_02_04,2026_general_expenditure_02_01_01,2026,general,一般会計,庁舎維持管理費,分庁舎維持管理,庁舎＊庁舎管理担当課,388395,1,317,derived
2026_general_expenditure_02_01_01_02_09,2026_general_expenditure_02_01_01,2026,general,一般会計,庁舎維持管理費,庁舎計画事務,庁舎＊庁舎管理担当課,1198843,1,317,derived
2026_general_expenditure_02_01_01_02_13,2026_general_expenditure_02_01_01,2026,general,一般会計,庁舎維持管理費,本庁舎等整備工事,庁舎＊庁舎管理担当課,7479718,1,317,derived
2026_general_expenditure_02_01_01_03_01,2026_general_expenditure_02_01_01,2026,general,一般会計,人事事務運営費,職員採用等事務,総務＊人事課,407080,1,317,derived
2026_general_expenditure_02_01_01_03_02,2026_general_expenditure_02_01_01,2026,general,一般会計,人事事務運営費,非常勤職員等事務,総務＊人事課,13871,1,317,derived
2026_general_expenditure_02_01_01_03_03,2026_general_expenditure_02_01_01,2026,general,一般会計,人事事務運営費,職員研修,総務＊研修担当課,54421,1,317,derived
2026_general_expenditure_02_01_01_04_01,2026_general_expenditure_02_01_01,2026,general,一般会計,職員の福利厚生事務運営費,職員互助会事業補助,総務＊職員厚生課,89186,1,317,derived
2026_general_expenditure_02_01_01_04_02,2026_general_expenditure_02_01_01,2026,general,一般会計,職員の福利厚生事務運営費,東京都職員共済組合業務経理負担金,総務＊職員厚生課,68780,1,317,derived
2026_general_expenditure_02_01_01_04_03,2026_general_expenditure_02_01_01,2026,general,一般会計,職員の福利厚生事務運営費,東京都職員共済組合事務費負担金,総務＊職員厚生課,86584,1,317,derived
2026_general_expenditure_02_01_01_04_04,2026_general_expenditure_02_01_01,2026,general,一般会計,職員の福利厚生事務運営費,職員住宅維持管理,総務＊職員厚生課,140214,1,317,derived
2026_general_expenditure_02_01_01_04_05,2026_general_expenditure_02_01_01,2026,general,一般会計,職員の福利厚生事務運営費,職員・非常勤職員等公務災害補償,総務＊職員厚生課,32967,1,317,derived
2026_general_expenditure_02_01_01_04_06,2026_general_expenditure_02_01_01,2026,general,一般会計,職員の福利厚生事務運営費,職員の健康保持推進,総務＊職員厚生課,270706,1,317,derived
2026_general_expenditure_02_01_01_04_07,2026_general_expenditure_02_01_01,2026,general,一般会計,職員の福利厚生事務運営費,福利厚生事業,総務＊職員厚生課,16596,1,317,derived
2026_general_expenditure_02_01_01_04_08,2026_general_expenditure_02_01_01,2026,general,一般会計,職員の福利厚生事務運営費,安全衛生活動の推進,総務＊職員厚生課,968,1,317,derived
2026_general_expenditure_02_01_01_04_09,2026_general_expenditure_02_01_01,2026,general,一般会計,職員の福利厚生事務運営費,被服貸与,総務＊職員厚生課,32421,1,317,derived
2026_general_expenditure_02_01_01_04_10,2026_general_expenditure_02_01_01,2026,general,一般会計,職員の福利厚生事務運営費,職員住宅改修,総務＊職員厚生課,1824,1,317,derived
2026_general_expenditure_02_01_01_05_01,2026_general_expenditure_02_01_01,2026,general,一般会計,供用物品整備費,供用物品整備,会計＊会計課,12045,1,317,derived
2026_general_expenditure_02_01_02_01_01,2026_general_expenditure_02_01_02,2026,general,一般会計,区政の広報、広聴費,区民相談等事業運営,世支＊地域振興課,19763,1,319,derived
2026_general_expenditure_02_01_02_01_02,2026_general_expenditure_02_01_02,2026,general,一般会計,区政の広報、広聴費,区の取材及び報道事務,政策＊広報広聴課,5085,1,319,derived
2026_general_expenditure_02_01_02_01_03,2026_general_expenditure_02_01_02,2026,general,一般会計,区政の広報、広聴費,区のおしらせ『せたがや』発行,政策＊広報広聴課,200331,1,319,derived
2026_general_expenditure_02_01_02_01_04,2026_general_expenditure_02_01_02,2026,general,一般会計,区政の広報、広聴費,区政ＰＲ,政策＊広報広聴課,22068,1,319,derived
2026_general_expenditure_02_01_02_01_05,2026_general_expenditure_02_01_02,2026,general,一般会計,区政の広報、広聴費,ＦＭ放送,政策＊広報広聴課,48441,1,319,derived
2026_general_expenditure_02_01_02_01_07,2026_general_expenditure_02_01_02,2026,general,一般会計,区政の広報、広聴費,区民の声,政策＊広報広聴課,9077,1,319,derived
2026_general_expenditure_02_01_02_01_12,2026_general_expenditure_02_01_02,2026,general,一般会計,区政の広報、広聴費,お問合せセンター運営,政策＊広報広聴課,131854,1,319,derived
2026_general_expenditure_02_01_03_01_01,2026_general_expenditure_02_01_03,2026,general,一般会計,区政運営の企画調整費,政策経営部庶務事務,政策＊政策企画課,43590,1,319|321,derived
2026_general_expenditure_02_01_03_01_03,2026_general_expenditure_02_01_03,2026,general,一般会計,区政運営の企画調整費,計画行政の推進,政策＊政策企画課,138883,1,319|321,derived
2026_general_expenditure_02_01_03_01_07,2026_general_expenditure_02_01_03,2026,general,一般会計,区政運営の企画調整費,せたがや自治政策研究所の運営,政策＊政策研究・調査課,9257,1,319|321,derived
2026_general_expenditure_02_01_03_01_11,2026_general_expenditure_02_01_03,2026,general,一般会計,区政運営の企画調整費,寄附文化の醸成,政策＊ふるさと納税対策課,345154,1,319|321,derived
2026_general_expenditure_02_01_03_01_12,2026_general_expenditure_02_01_03,2026,general,一般会計,区政運営の企画調整費,区史編さん事業,政策＊政策企画課,18589,1,319|321,derived
2026_general_expenditure_02_01_03_01_13,2026_general_expenditure_02_01_03,2026,general,一般会計,区政運営の企画調整費,行政経営改革の推進,政策＊政策企画課,16723,1,319|321,derived
2026_general_expenditure_02_01_03_01_18,2026_general_expenditure_02_01_03,2026,general,一般会計,区政運営の企画調整費,官民連携の推進,政策＊官民行政手法改革課,27492,1,319|321,derived
2026_general_expenditure_02_01_03_01_19,2026_general_expenditure_02_01_03,2026,general,一般会計,区政運営の企画調整費,大学連携事業,政策＊政策研究・調査課,2666,1,319|321,derived
2026_general_expenditure_02_01_03_01_20,2026_general_expenditure_02_01_03,2026,general,一般会計,区政運営の企画調整費,自治体間連携事業,政策＊官民行政手法改革課,372,1,319|321,derived
2026_general_expenditure_02_01_04_01_01,2026_general_expenditure_02_01_04,2026,general,一般会計,電子計算事務運営費,事務センター維持,ＤＸ＊ＤＸ推進担当課,158941,1,321,derived
2026_general_expenditure_02_01_04_01_04,2026_general_expenditure_02_01_04,2026,general,一般会計,電子計算事務運営費,システム開発及び改善,ＤＸ＊ＤＸ推進担当課,976475,1,321,derived
2026_general_expenditure_02_01_04_01_05,2026_general_expenditure_02_01_04,2026,general,一般会計,電子計算事務運営費,庁内電算機システム運用,ＤＸ＊ＤＸ推進担当課,3983515,5,321,derived
2026_general_expenditure_02_01_04_01_07,2026_general_expenditure_02_01_04,2026,general,一般会計,電子計算事務運営費,共通基盤システム運用,ＤＸ＊ＤＸ推進担当課,6827329,1,321,derived
2026_general_expenditure_02_01_04_01_08,2026_general_expenditure_02_01_04,2026,general,一般会計,電子計算事務運営費,基幹業務システム運用,ＤＸ＊ＤＸ推進担当課,2090298,1,321,derived
2026_general_expenditure_02_01_04_01_09,2026_general_expenditure_02_01_04,2026,general,一般会計,電子計算事務運営費,事務センター改修,ＤＸ＊ＤＸ推進担当課,16370,1,321,derived
2026_general_expenditure_02_01_04_01_10,2026_general_expenditure_02_01_04,2026,general,一般会計,電子計算事務運営費,公衆無線ＬＡＮ環境整備事業,ＤＸ＊ＤＸ推進担当課,114323,1,321,derived
2026_general_expenditure_02_01_04_01_11,2026_general_expenditure_02_01_04,2026,general,一般会計,電子計算事務運営費,ＤＸ推進,ＤＸ＊ＤＸ推進担当課,58835,1,321,derived
2026_general_expenditure_02_01_05_01_01,2026_general_expenditure_02_01_05,2026,general,一般会計,財政事務運営費,財政事務,政策＊財政課,936,1,321,derived
2026_general_expenditure_02_01_05_02_01,2026_general_expenditure_02_01_05,2026,general,一般会計,契約検査事務運営費,契約検査,財務部＊経理課,8993,1,321,derived
2026_general_expenditure_02_01_06_01_01,2026_general_expenditure_02_01_06,2026,general,一般会計,区有財産管理費,自治体総合賠償責任保険分担金,財務部＊経理課,19151,1,321|323,derived
2026_general_expenditure_02_01_06_01_02,2026_general_expenditure_02_01_06,2026,general,一般会計,区有財産管理費,区有財産管理,財務部＊経理課,4308,1,321|323,derived
2026_general_expenditure_02_01_06_01_03,2026_general_expenditure_02_01_06,2026,general,一般会計,区有財産管理費,財務部庶務事務,財務部＊経理課,1772,1,321|323,derived
2026_general_expenditure_02_01_06_01_04,2026_general_expenditure_02_01_06,2026,general,一般会計,区有財産管理費,財産評価委員会,財務部＊経理課,480,1,321|323,derived
2026_general_expenditure_02_01_06_01_06,2026_general_expenditure_02_01_06,2026,general,一般会計,区有財産管理費,施設営繕事務,営繕＊公マネ課,5798,1,321|323,derived
2026_general_expenditure_02_01_06_01_08,2026_general_expenditure_02_01_06,2026,general,一般会計,区有財産管理費,公共建築保全業務の推進,営繕＊公マネ課,960972,1,321|323,derived
2026_general_expenditure_02_01_06_01_10,2026_general_expenditure_02_01_06,2026,general,一般会計,区有財産管理費,用地事務,財務＊用地課,2027,1,321|323,derived
2026_general_expenditure_02_01_07_01_01,2026_general_expenditure_02_01_07,2026,general,一般会計,車両集中管理費,車両維持運営,財務部＊経理課,57295,1,323,derived
2026_general_expenditure_02_01_07_01_02,2026_general_expenditure_02_01_07,2026,general,一般会計,車両集中管理費,公用自動車の脱炭素化の推進,財務部＊経理課,147871,1,323,derived
2026_general_expenditure_02_01_08_01_01,2026_general_expenditure_02_01_08,2026,general,一般会計,金銭、物品出納事務費,公金取扱手数料,会計＊会計課,218079,1,323,derived
2026_general_expenditure_02_01_08_01_03,2026_general_expenditure_02_01_08,2026,general,一般会計,金銭、物品出納事務費,会計室庶務事務,会計＊会計課,23490,1,323,derived
2026_general_expenditure_02_01_08_01_04,2026_general_expenditure_02_01_08,2026,general,一般会計,金銭、物品出納事務費,新公会計制度の推進,会計＊会計課,990,1,323,derived
2026_general_expenditure_02_02_01_01_01,2026_general_expenditure_02_02_01,2026,general,一般会計,税務事務運営費,納税奨励,財務部＊課税課,956,1,325,derived
2026_general_expenditure_02_02_01_01_02,2026_general_expenditure_02_02_01,2026,general,一般会計,税務事務運営費,納税意識啓発事業,財務部＊納税課,1226,1,325,derived
2026_general_expenditure_02_02_02_01_01,2026_general_expenditure_02_02_02,2026,general,一般会計,区税賦課徴収事務費,区税賦課,財務部＊課税課,515119,1,325,derived
2026_general_expenditure_02_02_02_01_02,2026_general_expenditure_02_02_02,2026,general,一般会計,区税賦課徴収事務費,区税徴収,財務部＊納税課,214457,1,325,derived
2026_general_expenditure_02_02_02_01_03,2026_general_expenditure_02_02_02,2026,general,一般会計,区税賦課徴収事務費,特別区税等歳出還付及加算金,財務部＊納税課,650000,1,325,derived
2026_general_expenditure_02_03_01_01_01,2026_general_expenditure_02_03_01,2026,general,一般会計,区民関係事務運営費,町会自治会等事業助成,地域行政部＊地域行政課,33913,1,327,derived
2026_general_expenditure_02_03_01_01_09,2026_general_expenditure_02_03_01,2026,general,一般会計,区民関係事務運営費,市民活動の促進,生政＊市民活動推進課,24300,1,327,derived
2026_general_expenditure_02_03_01_01_11,2026_general_expenditure_02_03_01,2026,general,一般会計,区民関係事務運営費,区広報板維持管理,地域行政部＊地域行政課,19441,1,327,derived
2026_general_expenditure_02_03_01_01_12,2026_general_expenditure_02_03_01,2026,general,一般会計,区民関係事務運営費,住居表示維持管理,地行＊住民記録・戸籍課,6861,1,327,derived
2026_general_expenditure_02_03_01_01_14,2026_general_expenditure_02_03_01,2026,general,一般会計,区民関係事務運営費,出張所広報,地域行政部＊地域行政課,10511,1,327,derived
2026_general_expenditure_02_03_01_01_16,2026_general_expenditure_02_03_01,2026,general,一般会計,区民関係事務運営費,生活文化政策部庶務事務,生政＊市民活動推進課,10252,1,327,derived
2026_general_expenditure_02_03_01_01_19,2026_general_expenditure_02_03_01,2026,general,一般会計,区民関係事務運営費,地域行政部庶務事務,地域行政部＊地域行政課,20551,1,327,derived
2026_general_expenditure_02_03_01_02_01,2026_general_expenditure_02_03_01,2026,general,一般会計,まちづくり推進事業費,臨海部広域斎場組合負担金,地域行政部＊地域行政課,15023,1,327,derived
2026_general_expenditure_02_03_01_02_03,2026_general_expenditure_02_03_01,2026,general,一般会計,まちづくり推進事業費,公共施設利用案内システム維持運営,地域行政部＊地域行政課,105698,1,327,derived
2026_general_expenditure_02_03_01_02_04,2026_general_expenditure_02_03_01,2026,general,一般会計,まちづくり推進事業費,地域活動推進（世田谷）,世支＊地域振興課,721,1,327,derived
2026_general_expenditure_02_03_01_02_05,2026_general_expenditure_02_03_01,2026,general,一般会計,まちづくり推進事業費,地域活動推進（北沢）,北支＊地域振興課,1092,1,327,derived
2026_general_expenditure_02_03_01_02_06,2026_general_expenditure_02_03_01,2026,general,一般会計,まちづくり推進事業費,地域活動推進（玉川）,玉支＊地域振興課,667,1,327,derived
2026_general_expenditure_02_03_01_02_07,2026_general_expenditure_02_03_01,2026,general,一般会計,まちづくり推進事業費,地域活動推進（砧）,砧支＊地域振興課,523,1,327,derived
2026_general_expenditure_02_03_01_02_08,2026_general_expenditure_02_03_01,2026,general,一般会計,まちづくり推進事業費,地域活動推進（烏山）,烏支＊地域振興課,370,1,327,derived
2026_general_expenditure_02_03_01_02_09,2026_general_expenditure_02_03_01,2026,general,一般会計,まちづくり推進事業費,防犯協会・防火防災協会（世田谷）,世支＊地域振興課,1500,1,327,derived
2026_general_expenditure_02_03_01_02_10,2026_general_expenditure_02_03_01,2026,general,一般会計,まちづくり推進事業費,北沢防犯協会（北沢）,北支＊地域振興課,1000,1,327,derived
2026_general_expenditure_02_03_01_02_11,2026_general_expenditure_02_03_01,2026,general,一般会計,まちづくり推進事業費,防犯協会・防火防災協会（玉川）,玉支＊地域振興課,1400,1,327,derived
2026_general_expenditure_02_03_01_02_12,2026_general_expenditure_02_03_01,2026,general,一般会計,まちづくり推進事業費,防犯協会・防火防災協会（砧）,砧支＊地域振興課,1400,1,327,derived
2026_general_expenditure_02_03_01_02_13,2026_general_expenditure_02_03_01,2026,general,一般会計,まちづくり推進事業費,青少年対策（世田谷）,世支＊地域振興課,7381,1,327,derived
2026_general_expenditure_02_03_01_02_14,2026_general_expenditure_02_03_01,2026,general,一般会計,まちづくり推進事業費,青少年対策（北沢）,北支＊地域振興課,3797,1,327,derived
2026_general_expenditure_02_03_01_02_15,2026_general_expenditure_02_03_01,2026,general,一般会計,まちづくり推進事業費,青少年対策（玉川）,玉支＊地域振興課,6248,1,327,derived
2026_general_expenditure_02_03_01_02_16,2026_general_expenditure_02_03_01,2026,general,一般会計,まちづくり推進事業費,青少年対策（砧）,砧支＊地域振興課,3665,1,327,derived
2026_general_expenditure_02_03_01_02_17,2026_general_expenditure_02_03_01,2026,general,一般会計,まちづくり推進事業費,青少年対策（烏山）,烏支＊地域振興課,3410,1,327,derived
2026_general_expenditure_02_03_01_02_18,2026_general_expenditure_02_03_01,2026,general,一般会計,まちづくり推進事業費,まちづくり推進（世田谷）,世支＊地域振興課,10076,1,327,derived
2026_general_expenditure_02_03_01_02_19,2026_general_expenditure_02_03_01,2026,general,一般会計,まちづくり推進事業費,まちづくり推進（北沢）,北支＊地域振興課,4287,1,327,derived
2026_general_expenditure_02_03_01_02_20,2026_general_expenditure_02_03_01,2026,general,一般会計,まちづくり推進事業費,まちづくり推進（玉川）,玉支＊地域振興課,4521,1,327,derived
2026_general_expenditure_02_03_01_02_21,2026_general_expenditure_02_03_01,2026,general,一般会計,まちづくり推進事業費,まちづくり推進（砧）,砧支＊地域振興課,2782,1,327,derived
2026_general_expenditure_02_03_01_02_22,2026_general_expenditure_02_03_01,2026,general,一般会計,まちづくり推進事業費,まちづくり推進（烏山）,烏支＊地域振興課,1773,1,327,derived
2026_general_expenditure_02_03_01_02_23,2026_general_expenditure_02_03_01,2026,general,一般会計,まちづくり推進事業費,安全安心まちづくりの推進,危管＊地域生活安全課,517917,1,327,derived
2026_general_expenditure_02_03_01_02_24,2026_general_expenditure_02_03_01,2026,general,一般会計,まちづくり推進事業費,自主的コミュニティづくりの支援,世支＊地域振興課,30926,1,327,derived
2026_general_expenditure_02_03_01_02_25,2026_general_expenditure_02_03_01,2026,general,一般会計,まちづくり推進事業費,災害時地域助け合い活動支援,地域行政部＊地域行政課,2230,1,327,derived
2026_general_expenditure_02_03_01_02_26,2026_general_expenditure_02_03_01,2026,general,一般会計,まちづくり推進事業費,防犯カメラ整備・維持管理助成,危管＊地域生活安全課,156526,1,327,derived
2026_general_expenditure_02_03_01_02_28,2026_general_expenditure_02_03_01,2026,general,一般会計,まちづくり推進事業費,地域包括ケア地区展開調整事務,地域行政部＊地域行政課,698,1,327,derived
2026_general_expenditure_02_03_01_03_03,2026_general_expenditure_02_03_01,2026,general,一般会計,ふるさとまつり運営協力費,ふるさとまつり協賛（世田谷）,世支＊地域振興課,7087,1,327,derived
2026_general_expenditure_02_03_01_03_04,2026_general_expenditure_02_03_01,2026,general,一般会計,ふるさとまつり運営協力費,ふるさとまつり協賛（北沢）,北支＊地域振興課,24874,1,327,derived
2026_general_expenditure_02_03_01_03_05,2026_general_expenditure_02_03_01,2026,general,一般会計,ふるさとまつり運営協力費,ふるさとまつり協賛（玉川）,玉支＊地域振興課,1752,1,327,derived
2026_general_expenditure_02_03_01_03_06,2026_general_expenditure_02_03_01,2026,general,一般会計,ふるさとまつり運営協力費,ふるさとまつり協賛（砧）,砧支＊地域振興課,792,1,327,derived
2026_general_expenditure_02_03_01_03_07,2026_general_expenditure_02_03_01,2026,general,一般会計,ふるさとまつり運営協力費,ふるさとまつり協賛（烏山）,烏支＊地域振興課,14868,1,327,derived
2026_general_expenditure_02_03_01_03_08,2026_general_expenditure_02_03_01,2026,general,一般会計,ふるさとまつり運営協力費,梅まつり,北支＊地域振興課,35644,1,327,derived
2026_general_expenditure_02_03_01_03_09,2026_general_expenditure_02_03_01,2026,general,一般会計,ふるさとまつり運営協力費,多摩川花火大会,砧支＊地域振興課,274971,1,327,derived
2026_general_expenditure_02_03_01_03_11,2026_general_expenditure_02_03_01,2026,general,一般会計,ふるさとまつり運営協力費,地域交流・まつり事業支援,生政＊健康村・ふる交流課,134512,1,327,derived
2026_general_expenditure_02_03_01_04_11,2026_general_expenditure_02_03_01,2026,general,一般会計,青少年事業費,二十歳のつどい,生政＊健康村・ふる交流課,14972,1,327,derived
2026_general_expenditure_02_03_01_05_01,2026_general_expenditure_02_03_01,2026,general,一般会計,男女共同参画社会推進事業費,男女共同参画センター維持運営,生政＊人権男女共同参画課,142007,1,327,derived
2026_general_expenditure_02_03_01_05_02,2026_general_expenditure_02_03_01,2026,general,一般会計,男女共同参画社会推進事業費,男女共同参画社会推進事業,生政＊人権男女共同参画課,27795,1,327,derived
2026_general_expenditure_02_03_01_05_07,2026_general_expenditure_02_03_01,2026,general,一般会計,男女共同参画社会推進事業費,ＤＶ防止・困難な問題を抱える女性支援事業,生政＊人権男女共同参画課,24858,1,327,derived
2026_general_expenditure_02_03_01_07_01,2026_general_expenditure_02_03_01,2026,general,一般会計,人権推進事業費,人権推進事業,生政＊人権男女共同参画課,3244,1,327,derived
2026_general_expenditure_02_03_01_07_02,2026_general_expenditure_02_03_01,2026,general,一般会計,人権推進事業費,犯罪被害者等支援事業,生政＊人権男女共同参画課,11844,1,327,derived
2026_general_expenditure_02_03_01_07_03,2026_general_expenditure_02_03_01,2026,general,一般会計,人権推進事業費,犯罪被害者等支援等基金積立金,生政＊人権男女共同参画課,7323,1,327,derived
2026_general_expenditure_02_03_01_09_01,2026_general_expenditure_02_03_01,2026,general,一般会計,平和関連事業費,平和資料館維持運営,生政＊人権男女共同参画課,14626,1,327,derived
2026_general_expenditure_02_03_01_09_02,2026_general_expenditure_02_03_01,2026,general,一般会計,平和関連事業費,平和都市宣言事業,生政＊人権男女共同参画課,6924,1,327,derived
2026_general_expenditure_02_03_02_01_01,2026_general_expenditure_02_03_02,2026,general,一般会計,総合支所維持運営費,世田谷総合支所庶務事務,世支＊地域振興課,17628,1,331,derived
2026_general_expenditure_02_03_02_01_02,2026_general_expenditure_02_03_02,2026,general,一般会計,総合支所維持運営費,北沢総合支所庶務事務,北支＊地域振興課,5267,1,331,derived
2026_general_expenditure_02_03_02_01_03,2026_general_expenditure_02_03_02,2026,general,一般会計,総合支所維持運営費,玉川総合支所庶務事務,玉支＊地域振興課,14934,1,331,derived
2026_general_expenditure_02_03_02_01_04,2026_general_expenditure_02_03_02,2026,general,一般会計,総合支所維持運営費,砧総合支所庶務事務,砧支＊地域振興課,7537,1,331,derived
2026_general_expenditure_02_03_02_01_05,2026_general_expenditure_02_03_02,2026,general,一般会計,総合支所維持運営費,烏山総合支所庶務事務,烏支＊地域振興課,6964,1,331,derived
2026_general_expenditure_02_03_02_01_06,2026_general_expenditure_02_03_02,2026,general,一般会計,総合支所維持運営費,計画・相談事業運営（世田谷）,世支＊地域振興課,9552,1,331,derived
2026_general_expenditure_02_03_02_01_07,2026_general_expenditure_02_03_02,2026,general,一般会計,総合支所維持運営費,計画・相談事業運営（北沢）,北支＊地域振興課,8892,1,331,derived
2026_general_expenditure_02_03_02_01_08,2026_general_expenditure_02_03_02,2026,general,一般会計,総合支所維持運営費,計画・相談事業運営（玉川）,玉支＊地域振興課,7805,1,331,derived
2026_general_expenditure_02_03_02_01_09,2026_general_expenditure_02_03_02,2026,general,一般会計,総合支所維持運営費,計画・相談事業運営（砧）,砧支＊地域振興課,5431,1,331,derived
2026_general_expenditure_02_03_02_01_10,2026_general_expenditure_02_03_02,2026,general,一般会計,総合支所維持運営費,計画・相談事業運営（烏山）,烏支＊地域振興課,9582,1,331,derived
2026_general_expenditure_02_03_02_01_12,2026_general_expenditure_02_03_02,2026,general,一般会計,総合支所維持運営費,町会・自治会会館建設等助成事務,地域行政部＊地域行政課,0,1,331,derived
2026_general_expenditure_02_03_02_01_13,2026_general_expenditure_02_03_02,2026,general,一般会計,総合支所維持運営費,北沢総合支所維持管理,北支＊地域振興課,409079,1,331,derived
2026_general_expenditure_02_03_02_01_14,2026_general_expenditure_02_03_02,2026,general,一般会計,総合支所維持運営費,玉川総合支所維持管理,玉支＊地域振興課,336746,1,331,derived
2026_general_expenditure_02_03_02_01_15,2026_general_expenditure_02_03_02,2026,general,一般会計,総合支所維持運営費,砧総合支所維持管理,砧支＊地域振興課,265443,1,331,derived
2026_general_expenditure_02_03_02_01_16,2026_general_expenditure_02_03_02,2026,general,一般会計,総合支所維持運営費,烏山総合支所維持管理,烏支＊地域振興課,204433,1,331,derived
2026_general_expenditure_02_03_02_01_20,2026_general_expenditure_02_03_02,2026,general,一般会計,総合支所維持運営費,総合窓口化の推進,地行＊住民記録・戸籍課,5525,1,331,derived
2026_general_expenditure_02_03_02_01_31,2026_general_expenditure_02_03_02,2026,general,一般会計,総合支所維持運営費,地域経営事務調整（世田谷）,世支＊地域振興課,13101,1,331,derived
2026_general_expenditure_02_03_02_01_32,2026_general_expenditure_02_03_02,2026,general,一般会計,総合支所維持運営費,地域経営事務調整（北沢）,北支＊地域振興課,4600,1,331,derived
2026_general_expenditure_02_03_02_01_33,2026_general_expenditure_02_03_02,2026,general,一般会計,総合支所維持運営費,地域経営事務調整（玉川）,玉支＊地域振興課,5106,1,331,derived
2026_general_expenditure_02_03_02_01_34,2026_general_expenditure_02_03_02,2026,general,一般会計,総合支所維持運営費,地域経営事務調整（砧）,砧支＊地域振興課,4493,1,331,derived
2026_general_expenditure_02_03_02_01_35,2026_general_expenditure_02_03_02,2026,general,一般会計,総合支所維持運営費,地域経営事務調整（烏山）,烏支＊地域振興課,3485,1,331,derived
2026_general_expenditure_02_03_02_02_01,2026_general_expenditure_02_03_02,2026,general,一般会計,出張所維持運営費,世田谷地域出張所維持運営,世支＊地域振興課,306884,1,331,derived
2026_general_expenditure_02_03_02_02_02,2026_general_expenditure_02_03_02,2026,general,一般会計,出張所維持運営費,北沢地域出張所維持運営,北支＊地域振興課,168131,1,331,derived
2026_general_expenditure_02_03_02_02_03,2026_general_expenditure_02_03_02,2026,general,一般会計,出張所維持運営費,玉川地域出張所維持運営,玉支＊地域振興課,163024,1,331,derived
2026_general_expenditure_02_03_02_02_04,2026_general_expenditure_02_03_02,2026,general,一般会計,出張所維持運営費,砧地域出張所維持運営,砧支＊地域振興課,165474,1,331,derived
2026_general_expenditure_02_03_02_02_05,2026_general_expenditure_02_03_02,2026,general,一般会計,出張所維持運営費,烏山地域出張所維持運営,烏支＊地域振興課,60879,1,331,derived
2026_general_expenditure_02_03_02_02_06,2026_general_expenditure_02_03_02,2026,general,一般会計,出張所維持運営費,出張所機能充実,地行＊住民記録・戸籍課,32960,1,331,derived
2026_general_expenditure_02_03_02_04_01,2026_general_expenditure_02_03_02,2026,general,一般会計,総合支所・出張所改修費,世田谷地域出張所改修,世支＊地域振興課,100917,1,331,derived
2026_general_expenditure_02_03_02_04_02,2026_general_expenditure_02_03_02,2026,general,一般会計,総合支所・出張所改修費,玉川地域支所・出張所改修,玉支＊地域振興課,5955,1,331,derived
2026_general_expenditure_02_03_02_04_03,2026_general_expenditure_02_03_02,2026,general,一般会計,総合支所・出張所改修費,砧地域支所・出張所改修,砧支＊地域振興課,292079,1,331,derived
2026_general_expenditure_02_03_02_04_04,2026_general_expenditure_02_03_02,2026,general,一般会計,総合支所・出張所改修費,烏山地域支所・出張所改修,烏支＊地域振興課,5746,1,331,derived
2026_general_expenditure_02_03_02_04_05,2026_general_expenditure_02_03_02,2026,general,一般会計,総合支所・出張所改修費,北沢地域支所・出張所改修,北支＊地域振興課,82878,1,331,derived
2026_general_expenditure_02_03_02_08_01,2026_general_expenditure_02_03_02,2026,general,一般会計,総合支所・出張所改築費,世田谷総合支所・出張所改築事務,世支＊地域振興課,48004,1,331,derived
2026_general_expenditure_02_03_02_08_12,2026_general_expenditure_02_03_02,2026,general,一般会計,総合支所・出張所改築費,烏山総合支所・出張所改築事務,烏支＊地域振興課,30030,1,331,derived
2026_general_expenditure_02_03_06_01_02,2026_general_expenditure_02_03_06,2026,general,一般会計,区民施設維持運営費,世田谷地域生涯学習事務,世支＊地域振興課,7390,1,333,derived
2026_general_expenditure_02_03_06_01_03,2026_general_expenditure_02_03_06,2026,general,一般会計,区民施設維持運営費,世田谷地域区民センター事業委託,世支＊地域振興課,6680,1,333,derived
2026_general_expenditure_02_03_06_01_04,2026_general_expenditure_02_03_06,2026,general,一般会計,区民施設維持運営費,太子堂区民センター維持運営,世支＊地域振興課,76757,1,333,derived
2026_general_expenditure_02_03_06_01_05,2026_general_expenditure_02_03_06,2026,general,一般会計,区民施設維持運営費,弦巻区民センター維持運営,世支＊地域振興課,111628,1,333,derived
2026_general_expenditure_02_03_06_01_06,2026_general_expenditure_02_03_06,2026,general,一般会計,区民施設維持運営費,桜丘区民センター維持運営,世支＊地域振興課,175931,1,333,derived
2026_general_expenditure_02_03_06_01_07,2026_general_expenditure_02_03_06,2026,general,一般会計,区民施設維持運営費,宮坂区民センター維持運営,世支＊地域振興課,119883,1,333,derived
2026_general_expenditure_02_03_06_01_08,2026_general_expenditure_02_03_06,2026,general,一般会計,区民施設維持運営費,世田谷地域地区会館維持運営,世支＊地域振興課,122397,1,333,derived
2026_general_expenditure_02_03_06_01_09,2026_general_expenditure_02_03_06,2026,general,一般会計,区民施設維持運営費,世田谷地域区民集会所維持運営,世支＊地域振興課,25700,1,333,derived
2026_general_expenditure_02_03_06_01_10,2026_general_expenditure_02_03_06,2026,general,一般会計,区民施設維持運営費,北沢区民会館維持運営,北支＊地域振興課,73374,1,333,derived
2026_general_expenditure_02_03_06_01_11,2026_general_expenditure_02_03_06,2026,general,一般会計,区民施設維持運営費,北沢地域生涯学習事務,北支＊地域振興課,915,1,333,derived
2026_general_expenditure_02_03_06_01_12,2026_general_expenditure_02_03_06,2026,general,一般会計,区民施設維持運営費,北沢地域区民センター事業委託,北支＊地域振興課,2027,1,333,derived
2026_general_expenditure_02_03_06_01_13,2026_general_expenditure_02_03_06,2026,general,一般会計,区民施設維持運営費,代田区民センター維持運営,北支＊地域振興課,147265,1,333,derived
2026_general_expenditure_02_03_06_01_14,2026_general_expenditure_02_03_06,2026,general,一般会計,区民施設維持運営費,北沢地域地区会館維持運営,北支＊地域振興課,384652,1,333,derived
2026_general_expenditure_02_03_06_01_15,2026_general_expenditure_02_03_06,2026,general,一般会計,区民施設維持運営費,北沢地域区民集会所維持運営,北支＊地域振興課,53164,1,333,derived
2026_general_expenditure_02_03_06_01_16,2026_general_expenditure_02_03_06,2026,general,一般会計,区民施設維持運営費,玉川区民会館維持運営,玉支＊地域振興課,112733,1,333,derived
2026_general_expenditure_02_03_06_01_17,2026_general_expenditure_02_03_06,2026,general,一般会計,区民施設維持運営費,玉川地域生涯学習事務,玉支＊地域振興課,660,1,333,derived
2026_general_expenditure_02_03_06_01_18,2026_general_expenditure_02_03_06,2026,general,一般会計,区民施設維持運営費,玉川地域区民センター事業委託,玉支＊地域振興課,8529,1,333,derived
2026_general_expenditure_02_03_06_01_19,2026_general_expenditure_02_03_06,2026,general,一般会計,区民施設維持運営費,玉川地域区民センター維持運営,玉支＊地域振興課,358190,1,333,derived
2026_general_expenditure_02_03_06_01_20,2026_general_expenditure_02_03_06,2026,general,一般会計,区民施設維持運営費,玉川地域地区会館維持運営,玉支＊地域振興課,236579,1,333,derived
2026_general_expenditure_02_03_06_01_21,2026_general_expenditure_02_03_06,2026,general,一般会計,区民施設維持運営費,砧区民会館維持運営,砧支＊地域振興課,36041,1,333,derived
2026_general_expenditure_02_03_06_01_22,2026_general_expenditure_02_03_06,2026,general,一般会計,区民施設維持運営費,砧地域生涯学習事務,砧支＊地域振興課,1149,1,333,derived
2026_general_expenditure_02_03_06_01_23,2026_general_expenditure_02_03_06,2026,general,一般会計,区民施設維持運営費,砧地域区民センター事業委託,砧支＊地域振興課,2680,1,333,derived
2026_general_expenditure_02_03_06_01_24,2026_general_expenditure_02_03_06,2026,general,一般会計,区民施設維持運営費,鎌田区民センター維持運営,砧支＊地域振興課,93729,1,333,derived
2026_general_expenditure_02_03_06_01_25,2026_general_expenditure_02_03_06,2026,general,一般会計,区民施設維持運営費,砧地域地区会館維持運営,砧支＊地域振興課,40194,1,333,derived
2026_general_expenditure_02_03_06_01_26,2026_general_expenditure_02_03_06,2026,general,一般会計,区民施設維持運営費,砧地域区民集会所維持運営,砧支＊地域振興課,29579,1,333,derived
2026_general_expenditure_02_03_06_01_27,2026_general_expenditure_02_03_06,2026,general,一般会計,区民施設維持運営費,烏山地域生涯学習事務,烏支＊地域振興課,838,1,333,derived
2026_general_expenditure_02_03_06_01_28,2026_general_expenditure_02_03_06,2026,general,一般会計,区民施設維持運営費,烏山地域区民センター業務委託,烏支＊地域振興課,9069,1,333,derived
2026_general_expenditure_02_03_06_01_29,2026_general_expenditure_02_03_06,2026,general,一般会計,区民施設維持運営費,烏山区民会館・区民センター維持運営,烏支＊地域振興課,328330,1,333,derived
2026_general_expenditure_02_03_06_01_30,2026_general_expenditure_02_03_06,2026,general,一般会計,区民施設維持運営費,上北沢区民センター維持運営,烏支＊地域振興課,126986,1,333,derived
2026_general_expenditure_02_03_06_01_31,2026_general_expenditure_02_03_06,2026,general,一般会計,区民施設維持運営費,粕谷区民センター維持運営,烏支＊地域振興課,135352,1,333,derived
2026_general_expenditure_02_03_06_01_32,2026_general_expenditure_02_03_06,2026,general,一般会計,区民施設維持運営費,烏山地域地区会館維持運営,烏支＊地域振興課,37814,1,333,derived
2026_general_expenditure_02_03_06_01_33,2026_general_expenditure_02_03_06,2026,general,一般会計,区民施設維持運営費,区民斎場維持運営,烏支＊地域振興課,9841,1,333,derived
2026_general_expenditure_02_03_06_01_34,2026_general_expenditure_02_03_06,2026,general,一般会計,区民施設維持運営費,烏山地域区民集会所維持運営,烏支＊地域振興課,30677,1,333,derived
2026_general_expenditure_02_03_06_01_36,2026_general_expenditure_02_03_06,2026,general,一般会計,区民施設維持運営費,本庁舎等区民利用施設維持運営,生政＊市民活動推進課,157636,1,333,derived
2026_general_expenditure_02_03_06_01_37,2026_general_expenditure_02_03_06,2026,general,一般会計,区民施設維持運営費,世田谷区民会館別館等維持運営,世支＊地域振興課,207777,1,333,derived
2026_general_expenditure_02_03_06_01_38,2026_general_expenditure_02_03_06,2026,general,一般会計,区民施設維持運営費,世田谷区民会館維持運営,生政＊文化・国際課,119873,1,333,derived
2026_general_expenditure_02_03_06_02_01,2026_general_expenditure_02_03_06,2026,general,一般会計,区民施設改修費,世田谷地域区民施設改修,世支＊地域振興課,79697,1,333,derived
2026_general_expenditure_02_03_06_02_02,2026_general_expenditure_02_03_06,2026,general,一般会計,区民施設改修費,北沢地域区民施設改修,北支＊地域振興課,48186,1,333,derived
2026_general_expenditure_02_03_06_02_04,2026_general_expenditure_02_03_06,2026,general,一般会計,区民施設改修費,玉川地域区民施設改修,玉支＊地域振興課,547449,1,333,derived
2026_general_expenditure_02_03_06_02_05,2026_general_expenditure_02_03_06,2026,general,一般会計,区民施設改修費,砧地域区民施設改修,砧支＊地域振興課,117300,1,333,derived
2026_general_expenditure_02_03_06_02_06,2026_general_expenditure_02_03_06,2026,general,一般会計,区民施設改修費,烏山地域区民施設改修,烏支＊地域振興課,89138,1,333,derived
2026_general_expenditure_02_03_09_01_02,2026_general_expenditure_02_03_09,2026,general,一般会計,防災対策事業費,備蓄体制等の整備,危機管理部＊災害対策課,331713,1,337,derived
2026_general_expenditure_02_03_09_01_03,2026_general_expenditure_02_03_09,2026,general,一般会計,防災対策事業費,情報通信システムの整備,危機管理部＊災害対策課,125355,1,337,derived
2026_general_expenditure_02_03_09_01_04,2026_general_expenditure_02_03_09,2026,general,一般会計,防災対策事業費,災害対策・体制の整備,危機管理部＊災害対策課,96127,1,337,derived
2026_general_expenditure_02_03_09_01_05,2026_general_expenditure_02_03_09,2026,general,一般会計,防災対策事業費,危機管理,危管＊地域生活安全課,2975,1,337,derived
2026_general_expenditure_02_03_09_01_07,2026_general_expenditure_02_03_09,2026,general,一般会計,防災対策事業費,防災事業運営（世田谷）,世支＊地域振興課,16670,1,337,derived
2026_general_expenditure_02_03_09_01_08,2026_general_expenditure_02_03_09,2026,general,一般会計,防災対策事業費,防災事業運営（北沢）,北支＊地域振興課,1859,1,337,derived
2026_general_expenditure_02_03_09_01_09,2026_general_expenditure_02_03_09,2026,general,一般会計,防災対策事業費,防災事業運営（玉川）,玉支＊地域振興課,17305,1,337,derived
2026_general_expenditure_02_03_09_01_10,2026_general_expenditure_02_03_09,2026,general,一般会計,防災対策事業費,防災事業運営（砧）,砧支＊地域振興課,14409,1,337,derived
2026_general_expenditure_02_03_09_01_11,2026_general_expenditure_02_03_09,2026,general,一般会計,防災対策事業費,防災事業運営（烏山）,烏支＊地域振興課,9561,1,337,derived
2026_general_expenditure_02_03_09_01_12,2026_general_expenditure_02_03_09,2026,general,一般会計,防災対策事業費,防災訓練・組織育成（世田谷）,世支＊地域振興課,42370,1,337,derived
2026_general_expenditure_02_03_09_01_13,2026_general_expenditure_02_03_09,2026,general,一般会計,防災対策事業費,防災訓練・組織育成（北沢）,北支＊地域振興課,25501,1,337,derived
2026_general_expenditure_02_03_09_01_14,2026_general_expenditure_02_03_09,2026,general,一般会計,防災対策事業費,防災訓練・組織育成（玉川）,玉支＊地域振興課,20611,1,337,derived
2026_general_expenditure_02_03_09_01_15,2026_general_expenditure_02_03_09,2026,general,一般会計,防災対策事業費,防災訓練・組織育成（砧）,砧支＊地域振興課,23400,1,337,derived
2026_general_expenditure_02_03_09_01_16,2026_general_expenditure_02_03_09,2026,general,一般会計,防災対策事業費,防災訓練・組織育成（烏山）,烏支＊地域振興課,17527,1,337,derived
2026_general_expenditure_02_03_09_01_17,2026_general_expenditure_02_03_09,2026,general,一般会計,防災対策事業費,防災施設管理（世田谷）,世支＊地域振興課,19150,1,337,derived
2026_general_expenditure_02_03_09_01_18,2026_general_expenditure_02_03_09,2026,general,一般会計,防災対策事業費,防災施設管理（北沢）,北支＊地域振興課,12302,1,337,derived
2026_general_expenditure_02_03_09_01_19,2026_general_expenditure_02_03_09,2026,general,一般会計,防災対策事業費,防災施設管理（玉川）,玉支＊地域振興課,12462,1,337,derived
2026_general_expenditure_02_03_09_01_20,2026_general_expenditure_02_03_09,2026,general,一般会計,防災対策事業費,防災施設管理（砧）,砧支＊地域振興課,13600,1,337,derived
2026_general_expenditure_02_03_09_01_21,2026_general_expenditure_02_03_09,2026,general,一般会計,防災対策事業費,防災施設管理（烏山）,烏支＊地域振興課,11606,1,337,derived
2026_general_expenditure_02_03_09_01_24,2026_general_expenditure_02_03_09,2026,general,一般会計,防災対策事業費,国民保護法制,危機管理部＊災害対策課,4562,1,337,derived
2026_general_expenditure_02_03_09_01_25,2026_general_expenditure_02_03_09,2026,general,一般会計,防災対策事業費,防災施設整備,危機管理部＊災害対策課,23007,1,337,derived
2026_general_expenditure_02_03_09_01_27,2026_general_expenditure_02_03_09,2026,general,一般会計,防災対策事業費,災害対策基金積立金,危機管理部＊災害対策課,30902,1,337,derived
2026_general_expenditure_02_03_09_01_28,2026_general_expenditure_02_03_09,2026,general,一般会計,防災対策事業費,地域防災力の向上,危機管理部＊災害対策課,13801,1,337,derived
2026_general_expenditure_02_03_09_01_30,2026_general_expenditure_02_03_09,2026,general,一般会計,防災対策事業費,災害被災世帯支援,危機管理部＊災害対策課,9603,1,337,derived
2026_general_expenditure_02_03_09_01_31,2026_general_expenditure_02_03_09,2026,general,一般会計,防災対策事業費,危機管理部庶務事務,危機管理部＊災害対策課,716,1,337,derived
2026_general_expenditure_02_03_10_01_01,2026_general_expenditure_02_03_10,2026,general,一般会計,区民健康村維持運営費,区民健康村施設整備,生政＊健康村・ふる交流課,323133,1,339,derived
2026_general_expenditure_02_03_10_01_03,2026_general_expenditure_02_03_10,2026,general,一般会計,区民健康村維持運営費,区民健康村維持運営,生政＊健康村・ふる交流課,513409,1,339,derived
2026_general_expenditure_02_03_10_01_04,2026_general_expenditure_02_03_10,2026,general,一般会計,区民健康村維持運営費,交流事業推進,生政＊健康村・ふる交流課,7509,1,339,derived
2026_general_expenditure_02_03_11_01_01,2026_general_expenditure_02_03_11,2026,general,一般会計,文化事業費,文化振興基金積立金,生政＊文化・国際課,14639,1,339,derived
2026_general_expenditure_02_03_11_01_05,2026_general_expenditure_02_03_11,2026,general,一般会計,文化事業費,美術品管理,生政＊文化・国際課,15583,1,339,derived
2026_general_expenditure_02_03_11_01_06,2026_general_expenditure_02_03_11,2026,general,一般会計,文化事業費,文化・芸術活動の振興,生政＊文化・国際課,8996,1,339,derived
2026_general_expenditure_02_03_11_01_09,2026_general_expenditure_02_03_11,2026,general,一般会計,文化事業費,文化・芸術資源の魅力発信,生政＊文化・国際課,28118,1,339,derived
2026_general_expenditure_02_03_11_03_01,2026_general_expenditure_02_03_11,2026,general,一般会計,国際交流費,国際平和交流基金積立金,生政＊文化・国際課,3971,1,339,derived
2026_general_expenditure_02_03_11_03_02,2026_general_expenditure_02_03_11,2026,general,一般会計,国際交流費,姉妹都市等交流の充実,生政＊文化・国際課,12549,1,339,derived
2026_general_expenditure_02_03_11_03_03,2026_general_expenditure_02_03_11,2026,general,一般会計,国際交流費,外国人が暮らしやすい環境づくり,生政＊文化・国際課,26680,1,339,derived
2026_general_expenditure_02_03_11_03_05,2026_general_expenditure_02_03_11,2026,general,一般会計,国際交流費,ホストタウン・交流連携事業,生政＊文化・国際課,2138,1,339,derived
2026_general_expenditure_02_03_12_01_02,2026_general_expenditure_02_03_12,2026,general,一般会計,文化財団維持運営費,文化施設保全,生政＊文化・国際課,1241506,1,341,derived
2026_general_expenditure_02_03_12_01_03,2026_general_expenditure_02_03_12,2026,general,一般会計,文化財団維持運営費,文化財団運営補助,生政＊文化・国際課,1655041,1,341,derived
2026_general_expenditure_02_03_12_01_04,2026_general_expenditure_02_03_12,2026,general,一般会計,文化財団維持運営費,文化施設事業運営,生政＊文化・国際課,224761,1,341,derived
2026_general_expenditure_02_03_12_01_05,2026_general_expenditure_02_03_12,2026,general,一般会計,文化財団維持運営費,文化生活情報センター維持管理,生政＊文化・国際課,467636,1,341,derived
2026_general_expenditure_02_03_12_01_06,2026_general_expenditure_02_03_12,2026,general,一般会計,文化財団維持運営費,美術館維持管理,生政＊文化・国際課,405012,1,341,derived
2026_general_expenditure_02_03_12_01_07,2026_general_expenditure_02_03_12,2026,general,一般会計,文化財団維持運営費,文学館維持管理,生政＊文化・国際課,133043,1,341,derived
2026_general_expenditure_02_03_12_01_09,2026_general_expenditure_02_03_12,2026,general,一般会計,文化財団維持運営費,音楽文化の振興,生政＊文化・国際課,3267,1,341,derived
2026_general_expenditure_02_03_13_01_01,2026_general_expenditure_02_03_13,2026,general,一般会計,消費者行政事務運営費,消費生活審議会運営,経産＊消費生活課,180,1,341,derived
2026_general_expenditure_02_03_13_01_02,2026_general_expenditure_02_03_13,2026,general,一般会計,消費者行政事務運営費,消費生活相談,経産＊消費生活課,1415,1,341,derived
2026_general_expenditure_02_03_13_01_04,2026_general_expenditure_02_03_13,2026,general,一般会計,消費者行政事務運営費,消費者カレッジ,経産＊消費生活課,3524,1,341,derived
2026_general_expenditure_02_03_13_01_06,2026_general_expenditure_02_03_13,2026,general,一般会計,消費者行政事務運営費,消費者啓発,経産＊消費生活課,8366,1,341,derived
2026_general_expenditure_02_03_13_01_07,2026_general_expenditure_02_03_13,2026,general,一般会計,消費者行政事務運営費,消費生活行政推進,経産＊消費生活課,534,1,341,derived
2026_general_expenditure_02_03_14_01_02,2026_general_expenditure_02_03_14,2026,general,一般会計,スポーツ振興事業費,世田谷区スポーツ振興財団運営助成,スポ推進＊スポーツ推進課,321746,1,341,derived
2026_general_expenditure_02_03_14_01_03,2026_general_expenditure_02_03_14,2026,general,一般会計,スポーツ振興事業費,生涯スポーツの振興,スポ推進＊スポーツ推進課,20977,1,341,derived
2026_general_expenditure_02_03_14_01_04,2026_general_expenditure_02_03_14,2026,general,一般会計,スポーツ振興事業費,地域体育施設の維持運営,スポ推進＊スポーツ施設課,134137,1,341,derived
2026_general_expenditure_02_03_14_01_05,2026_general_expenditure_02_03_14,2026,general,一般会計,スポーツ振興事業費,総合運動場維持運営,スポ推進＊スポーツ施設課,756580,1,341,derived
2026_general_expenditure_02_03_14_01_06,2026_general_expenditure_02_03_14,2026,general,一般会計,スポーツ振興事業費,総合運動場施設整備工事,スポ推進＊スポーツ施設課,108935,1,341,derived
2026_general_expenditure_02_03_14_01_07,2026_general_expenditure_02_03_14,2026,general,一般会計,スポーツ振興事業費,千歳温水プール維持運営,スポ推進＊スポーツ施設課,394849,1,341,derived
2026_general_expenditure_02_03_14_01_09,2026_general_expenditure_02_03_14,2026,general,一般会計,スポーツ振興事業費,大蔵第二運動公園運動施設維持運営,スポ推進＊スポーツ施設課,93399,1,341,derived
2026_general_expenditure_02_03_14_01_10,2026_general_expenditure_02_03_14,2026,general,一般会計,スポーツ振興事業費,大蔵第二運動公園運動施設整備工事,スポ推進＊スポーツ施設課,153870,1,341,derived
2026_general_expenditure_02_03_14_01_12,2026_general_expenditure_02_03_14,2026,general,一般会計,スポーツ振興事業費,地域・地区スポーツ施設整備工事,スポ推進＊スポーツ施設課,176443,1,341,derived
2026_general_expenditure_02_03_14_01_14,2026_general_expenditure_02_03_14,2026,general,一般会計,スポーツ振興事業費,スポーツ施設改修工事,スポ推進＊スポーツ施設課,155080,1,341,derived
2026_general_expenditure_02_03_14_01_19,2026_general_expenditure_02_03_14,2026,general,一般会計,スポーツ振興事業費,スポーツ推進基金積立金,スポ推進＊スポーツ推進課,117745,1,341,derived
2026_general_expenditure_02_03_14_01_20,2026_general_expenditure_02_03_14,2026,general,一般会計,スポーツ振興事業費,スポーツ推進部庶務事務,スポ推進＊スポーツ推進課,1008,1,341,derived
2026_general_expenditure_02_03_14_01_23,2026_general_expenditure_02_03_14,2026,general,一般会計,スポーツ振興事業費,スポーツ施設整備事務,スポ推進＊拠点スポ整備課,213413,1,341,derived
2026_general_expenditure_02_03_14_01_25,2026_general_expenditure_02_03_14,2026,general,一般会計,スポーツ振興事業費,スポーツ施設民間連携等,スポ推進＊スポーツ施設課,37758,1,341,derived
2026_general_expenditure_02_03_14_01_26,2026_general_expenditure_02_03_14,2026,general,一般会計,スポーツ振興事業費,パラスポーツの推進,スポ推進＊スポーツ推進課,1037,1,341,derived
2026_general_expenditure_02_03_14_01_27,2026_general_expenditure_02_03_14,2026,general,一般会計,スポーツ振興事業費,東京２０２０大会レガシーの推進,スポ推進＊スポーツ推進課,5202,1,341,derived
2026_general_expenditure_02_03_15_01_01,2026_general_expenditure_02_03_15,2026,general,一般会計,交流・社会参加促進事業費,地域支えあい活動への支援,生政＊市民活動推進課,22284,1,343,derived
2026_general_expenditure_02_03_15_01_02,2026_general_expenditure_02_03_15,2026,general,一般会計,交流・社会参加促進事業費,高齢者文化活動,生政＊市民活動推進課,31302,1,343,derived
2026_general_expenditure_02_03_15_01_03,2026_general_expenditure_02_03_15,2026,general,一般会計,交流・社会参加促進事業費,いきがい講座,生政＊市民活動推進課,7340,1,343,derived
2026_general_expenditure_02_03_15_01_04,2026_general_expenditure_02_03_15,2026,general,一般会計,交流・社会参加促進事業費,生涯現役社会づくりの支援,生政＊市民活動推進課,1897,1,343,derived
2026_general_expenditure_02_03_15_01_05,2026_general_expenditure_02_03_15,2026,general,一般会計,交流・社会参加促進事業費,生涯大学運営,生政＊市民活動推進課,12208,1,343,derived
2026_general_expenditure_02_03_15_01_06,2026_general_expenditure_02_03_15,2026,general,一般会計,交流・社会参加促進事業費,市民大学運営,生政＊市民活動推進課,20671,1,343,derived
2026_general_expenditure_02_03_15_01_07,2026_general_expenditure_02_03_15,2026,general,一般会計,交流・社会参加促進事業費,高齢者の地域参加促進,生政＊市民活動推進課,27861,1,343,derived
2026_general_expenditure_02_03_15_02_03,2026_general_expenditure_02_03_15,2026,general,一般会計,交流・社会参加促進施設維持運営費,敬老会館運営,生政＊市民活動推進課,15400,1,343,derived
2026_general_expenditure_02_03_15_02_04,2026_general_expenditure_02_03_15,2026,general,一般会計,交流・社会参加促進施設維持運営費,土と農の交流園運営,生政＊市民活動推進課,21732,1,343,derived
2026_general_expenditure_02_03_15_02_05,2026_general_expenditure_02_03_15,2026,general,一般会計,交流・社会参加促進施設維持運営費,健康増進・交流施設運営,生政＊市民活動推進課,129842,1,343,derived
2026_general_expenditure_02_03_15_02_07,2026_general_expenditure_02_03_15,2026,general,一般会計,交流・社会参加促進施設維持運営費,ひだまり友遊会館運営,生政＊市民活動推進課,64938,1,343,derived
2026_general_expenditure_02_03_15_02_08,2026_general_expenditure_02_03_15,2026,general,一般会計,交流・社会参加促進施設維持運営費,生涯現役施設整備工事,生政＊市民活動推進課,3000,1,343,derived
2026_general_expenditure_02_04_01_01_01,2026_general_expenditure_02_04_01,2026,general,一般会計,戸籍事務運営費,戸籍事務,地行＊住民記録・戸籍課,123840,1,345,derived
2026_general_expenditure_02_04_02_01_01,2026_general_expenditure_02_04_02,2026,general,一般会計,住民記録事務運営費,住民記録事務,地行＊住民記録・戸籍課,171642,1,345,derived
2026_general_expenditure_02_04_02_02_01,2026_general_expenditure_02_04_02,2026,general,一般会計,住民票集中管理事務運営,住民票集中管理事務運営,地行＊住民記録・戸籍課,2219,1,345,derived
2026_general_expenditure_02_04_02_03_01,2026_general_expenditure_02_04_02,2026,general,一般会計,社会保障・税番号制度事務,社会保障・税番号制度事務,地行＊マイナンバー担当課,611463,1,345,derived
2026_general_expenditure_02_05_01_01_02,2026_general_expenditure_02_05_01,2026,general,一般会計,統計調査事務運営費,統計調査事務,政策＊政策研究・調査課,1212,1,347,derived
2026_general_expenditure_02_05_04_01_01,2026_general_expenditure_02_05_04,2026,general,一般会計,国の基幹統計調査費,基幹統計調査,政策＊政策研究・調査課,67236,1,347,derived
2026_general_expenditure_02_07_01_01_01,2026_general_expenditure_02_07_01,2026,general,一般会計,選挙管理委員会委員報酬,選挙管理委員会委員報酬,選挙管理委員会事務局,12161,1,349,derived
2026_general_expenditure_02_07_01_02_01,2026_general_expenditure_02_07_01,2026,general,一般会計,選挙管理委員会事務運営費,選挙管理委員会庶務事務,選挙管理委員会事務局,1621,1,349,derived
2026_general_expenditure_02_07_02_01_01,2026_general_expenditure_02_07_02,2026,general,一般会計,明るい選挙常時啓発費,明るい選挙常時啓発,選挙管理委員会事務局,3856,1,349,derived
2026_general_expenditure_02_07_03_01_02,2026_general_expenditure_02_07_03,2026,general,一般会計,地方選挙執行経費,区議会議員・区長選挙執行,選挙管理委員会事務局,39624,1,349,derived
2026_general_expenditure_02_07_03_01_03,2026_general_expenditure_02_07_03,2026,general,一般会計,地方選挙執行経費,東京都議会議員選挙執行,選挙管理委員会事務局,0,1,349,derived
2026_general_expenditure_02_07_06_01_01,2026_general_expenditure_02_07_06,2026,general,一般会計,参議院議員選挙執行経費,参議院議員選挙執行,選挙管理委員会事務局,0,1,,derived
2026_general_expenditure_02_08_01_01_01,2026_general_expenditure_02_08_01,2026,general,一般会計,監査委員報酬,監査委員報酬,監査事務局,7548,1,351,derived
2026_general_expenditure_02_08_01_02_01,2026_general_expenditure_02_08_01,2026,general,一般会計,監査事務運営費,監査事務,監査事務局,2441,1,351,derived
2026_general_expenditure_03_01_01_01_01,2026_general_expenditure_03_01_01,2026,general,一般会計,社会福祉関係の法律に基づく事業費,民生委員等活動,保政＊生活福祉課,111543,1,357,derived
2026_general_expenditure_03_01_01_01_02,2026_general_expenditure_03_01_01,2026,general,一般会計,社会福祉関係の法律に基づく事業費,旧軍人等の援護,保政＊生活福祉課,349,1,357,derived
2026_general_expenditure_03_01_01_01_03,2026_general_expenditure_03_01_01,2026,general,一般会計,社会福祉関係の法律に基づく事業費,行旅病人及死亡人取扱,保政＊生活福祉課,12653,1,357,derived
2026_general_expenditure_03_01_01_02_02,2026_general_expenditure_03_01_01,2026,general,一般会計,福祉資金貸付事業費,福祉資金貸付,保政＊生活福祉課,13339,1,357,derived
2026_general_expenditure_03_01_01_03_02,2026_general_expenditure_03_01_01,2026,general,一般会計,その他の社会福祉事業費,保健福祉サービス苦情審査会運営,保政＊保健福祉政策課,541,1,357,derived
2026_general_expenditure_03_01_01_03_05,2026_general_expenditure_03_01_01,2026,general,一般会計,その他の社会福祉事業費,地域保健福祉等推進基金積立金,保政＊保健福祉政策課,58180,1,357,derived
2026_general_expenditure_03_01_01_03_06,2026_general_expenditure_03_01_01,2026,general,一般会計,その他の社会福祉事業費,社会福祉事業団運営助成,高福＊高齢福祉課,92679,1,357,derived
2026_general_expenditure_03_01_01_03_08,2026_general_expenditure_03_01_01,2026,general,一般会計,その他の社会福祉事業費,地域保健福祉審議会の運営,保政＊保健福祉政策課,7091,1,357,derived
2026_general_expenditure_03_01_01_03_09,2026_general_expenditure_03_01_01,2026,general,一般会計,その他の社会福祉事業費,ケアマネジメントの総合的推進,保政＊保福推進課,717,1,357,derived
2026_general_expenditure_03_01_01_03_12,2026_general_expenditure_03_01_01,2026,general,一般会計,その他の社会福祉事業費,ボランティア団体等援助,保政＊生活福祉課,131466,1,357,derived
2026_general_expenditure_03_01_01_03_14,2026_general_expenditure_03_01_01,2026,general,一般会計,その他の社会福祉事業費,世田谷区地域福祉推進事業,障福＊障害地域生活課,3500,1,357,derived
2026_general_expenditure_03_01_01_03_21,2026_general_expenditure_03_01_01,2026,general,一般会計,その他の社会福祉事業費,成年後見制度,保政＊生活福祉課,129999,1,357,derived
2026_general_expenditure_03_01_01_03_22,2026_general_expenditure_03_01_01,2026,general,一般会計,その他の社会福祉事業費,心身障害者医療費助成,障福＊障害施策課,494,1,357,derived
2026_general_expenditure_03_01_01_03_23,2026_general_expenditure_03_01_01,2026,general,一般会計,その他の社会福祉事業費,社会福祉法人に対する障害者施設整備助成,障福＊障害地域生活課,744,1,357,derived
2026_general_expenditure_03_01_01_03_24,2026_general_expenditure_03_01_01,2026,general,一般会計,その他の社会福祉事業費,社会福祉法人に対する高齢者施設整備助成,高福＊高齢福祉課,43448,1,357,derived
2026_general_expenditure_03_01_01_03_25,2026_general_expenditure_03_01_01,2026,general,一般会計,その他の社会福祉事業費,老人保健施設整備助成,高福＊高齢福祉課,13152,1,357,derived
2026_general_expenditure_03_01_01_03_33,2026_general_expenditure_03_01_01,2026,general,一般会計,その他の社会福祉事業費,障害者グループホーム整備助成,障福＊障害地域生活課,16472,1,357,derived
2026_general_expenditure_03_01_01_03_34,2026_general_expenditure_03_01_01,2026,general,一般会計,その他の社会福祉事業費,移動困難者の移送システム,障福＊障害地域生活課,36693,1,357,derived
2026_general_expenditure_03_01_01_03_36,2026_general_expenditure_03_01_01,2026,general,一般会計,その他の社会福祉事業費,障害者サービス広報事業,障福＊障害施策課,5589,1,357,derived
2026_general_expenditure_03_01_01_03_37,2026_general_expenditure_03_01_01,2026,general,一般会計,その他の社会福祉事業費,障害者福祉施策の計画・調整,障福＊障害施策課,30316,1,357,derived
2026_general_expenditure_03_01_01_03_40,2026_general_expenditure_03_01_01,2026,general,一般会計,その他の社会福祉事業費,地域密着型サービス拠点等整備助成,高福＊高齢福祉課,181597,1,357,derived
2026_general_expenditure_03_01_01_03_42,2026_general_expenditure_03_01_01,2026,general,一般会計,その他の社会福祉事業費,生活保健事務（世田谷）,世センター＊生活支援課,11994,1,357,derived
2026_general_expenditure_03_01_01_03_43,2026_general_expenditure_03_01_01,2026,general,一般会計,その他の社会福祉事業費,生活保健事務（北沢）,北センター＊生活支援課,11651,1,357,derived
2026_general_expenditure_03_01_01_03_44,2026_general_expenditure_03_01_01,2026,general,一般会計,その他の社会福祉事業費,生活保健事務（玉川）,玉センター＊生活支援課,14931,1,357,derived
2026_general_expenditure_03_01_01_03_45,2026_general_expenditure_03_01_01,2026,general,一般会計,その他の社会福祉事業費,生活保健事務（砧）,砧センター＊生活支援課,14289,1,357,derived
2026_general_expenditure_03_01_01_03_46,2026_general_expenditure_03_01_01,2026,general,一般会計,その他の社会福祉事業費,生活保健事務（烏山）,烏センター＊生活支援課,12682,1,357,derived
2026_general_expenditure_03_01_01_03_47,2026_general_expenditure_03_01_01,2026,general,一般会計,その他の社会福祉事業費,保健福祉運営事務（世田谷）,世センター＊保健福祉課,1061,1,357,derived
2026_general_expenditure_03_01_01_03_48,2026_general_expenditure_03_01_01,2026,general,一般会計,その他の社会福祉事業費,保健福祉運営事務（北沢）,北センター＊保健福祉課,1814,1,357,derived
2026_general_expenditure_03_01_01_03_49,2026_general_expenditure_03_01_01,2026,general,一般会計,その他の社会福祉事業費,保健福祉運営事務（玉川）,玉センター＊保健福祉課,3082,1,357,derived
2026_general_expenditure_03_01_01_03_50,2026_general_expenditure_03_01_01,2026,general,一般会計,その他の社会福祉事業費,保健福祉運営事務（砧）,砧センター＊保健福祉課,2810,1,357,derived
2026_general_expenditure_03_01_01_03_51,2026_general_expenditure_03_01_01,2026,general,一般会計,その他の社会福祉事業費,保健福祉運営事務（烏山）,烏センター＊保健福祉課,2121,1,357,derived
2026_general_expenditure_03_01_01_03_52,2026_general_expenditure_03_01_01,2026,general,一般会計,その他の社会福祉事業費,相談員業務（世田谷）,世センター＊子家庭支援課,30,1,357,derived
2026_general_expenditure_03_01_01_03_53,2026_general_expenditure_03_01_01,2026,general,一般会計,その他の社会福祉事業費,相談員業務（北沢）,北センター＊子家庭支援課,14,1,357,derived
2026_general_expenditure_03_01_01_03_54,2026_general_expenditure_03_01_01,2026,general,一般会計,その他の社会福祉事業費,相談員業務（玉川）,玉センター＊子家庭支援課,14,1,357,derived
2026_general_expenditure_03_01_01_03_55,2026_general_expenditure_03_01_01,2026,general,一般会計,その他の社会福祉事業費,相談員業務（砧）,砧センター＊子家庭支援課,14,1,357,derived
2026_general_expenditure_03_01_01_03_56,2026_general_expenditure_03_01_01,2026,general,一般会計,その他の社会福祉事業費,相談員業務（烏山）,烏センター＊子家庭支援課,16,1,357,derived
2026_general_expenditure_03_01_01_03_60,2026_general_expenditure_03_01_01,2026,general,一般会計,その他の社会福祉事業費,世田谷保健福祉センター分室維持管理,世センター＊健康づくり課,9764,1,357,derived
2026_general_expenditure_03_01_01_03_72,2026_general_expenditure_03_01_01,2026,general,一般会計,その他の社会福祉事業費,地域福祉活動等促進事業,保政＊保健福祉政策課,17700,1,357,derived
2026_general_expenditure_03_01_01_03_73,2026_general_expenditure_03_01_01,2026,general,一般会計,その他の社会福祉事業費,特定中国残留邦人等支援事業,保政＊生活福祉課,45611,1,357,derived
2026_general_expenditure_03_01_01_03_75,2026_general_expenditure_03_01_01,2026,general,一般会計,その他の社会福祉事業費,路上生活対策事業,保政＊生活福祉課,20876,1,357,derived
2026_general_expenditure_03_01_01_03_76,2026_general_expenditure_03_01_01,2026,general,一般会計,その他の社会福祉事業費,障害認定審査事務運営,障福＊障害施策課,19783,1,357,derived
2026_general_expenditure_03_01_01_03_77,2026_general_expenditure_03_01_01,2026,general,一般会計,その他の社会福祉事業費,社会福祉協議会運営助成,保政＊生活福祉課,398794,1,357,derived
2026_general_expenditure_03_01_01_03_83,2026_general_expenditure_03_01_01,2026,general,一般会計,その他の社会福祉事業費,住宅手当緊急特別措置事業,保政＊生活福祉課,46914,1,357,derived
2026_general_expenditure_03_01_01_03_86,2026_general_expenditure_03_01_01,2026,general,一般会計,その他の社会福祉事業費,保健福祉サービス質の向上の推進,保政＊保健福祉政策課,69894,1,357,derived
2026_general_expenditure_03_01_01_03_88,2026_general_expenditure_03_01_01,2026,general,一般会計,その他の社会福祉事業費,生活安定支援事業,保政＊生活福祉課,83898,1,357,derived
2026_general_expenditure_03_01_01_03_89,2026_general_expenditure_03_01_01,2026,general,一般会計,その他の社会福祉事業費,ケアハウス整備促進等事業,高福＊高齢福祉課,27040,1,357,derived
2026_general_expenditure_03_01_01_03_90,2026_general_expenditure_03_01_01,2026,general,一般会計,その他の社会福祉事業費,社会福祉法人の認可・指導検査,保政＊保健福祉政策課,2542,1,357,derived
2026_general_expenditure_03_01_01_03_92,2026_general_expenditure_03_01_01,2026,general,一般会計,その他の社会福祉事業費,生活困窮者自立促進支援事業,保政＊生活福祉課,320471,1,357,derived
2026_general_expenditure_03_01_01_03_93,2026_general_expenditure_03_01_01,2026,general,一般会計,その他の社会福祉事業費,地区高齢者見守りネットワーク事業,高福＊高齢福祉課,7924,1,357,derived
2026_general_expenditure_03_01_01_03_94,2026_general_expenditure_03_01_01,2026,general,一般会計,その他の社会福祉事業費,地域福祉資源開発事業,保政＊生活福祉課,298236,1,357,derived
2026_general_expenditure_03_01_01_03_96,2026_general_expenditure_03_01_01,2026,general,一般会計,その他の社会福祉事業費,障害者施設整備促進等事業,障福＊障害地域生活課,71729,1,357,derived
2026_general_expenditure_03_01_01_03_98,2026_general_expenditure_03_01_01,2026,general,一般会計,その他の社会福祉事業費,高齢福祉部庶務事務,高福＊高齢福祉課,2225,1,357,derived
2026_general_expenditure_03_01_01_03_99,2026_general_expenditure_03_01_01,2026,general,一般会計,その他の社会福祉事業費,高齢福祉部運営事業,高福＊高齢福祉課,39734,1,357,derived
2026_general_expenditure_03_01_01_04_01,2026_general_expenditure_03_01_01,2026,general,一般会計,特別会計繰出金,介護保険事業会計繰出金,高福＊介護保険課,11595213,1,357,derived
2026_general_expenditure_03_01_01_04_02,2026_general_expenditure_03_01_01,2026,general,一般会計,特別会計繰出金,国民健康保険事業会計繰出金,保政＊国保・年金課,8333112,1,357,derived
2026_general_expenditure_03_01_01_04_03,2026_general_expenditure_03_01_01,2026,general,一般会計,特別会計繰出金,後期高齢者医療会計繰出金,保政＊国保・年金課,10678717,1,357,derived
2026_general_expenditure_03_01_01_05_13,2026_general_expenditure_03_01_01,2026,general,一般会計,臨時福祉給付金等事業費,住民税非課税世帯等への価格高騰重点支援給付金支給,保政＊保健福祉政策課,0,1,357,derived
2026_general_expenditure_03_01_01_06_02,2026_general_expenditure_03_01_01,2026,general,一般会計,その他の社会福祉事業費（２）,避難行動要支援者支援の推進,保政＊保福推進課,45642,1,357,derived
2026_general_expenditure_03_01_01_06_03,2026_general_expenditure_03_01_01,2026,general,一般会計,その他の社会福祉事業費（２）,介護人材確保・定着支援事業,高福＊高齢福祉課,318221,1,357,derived
2026_general_expenditure_03_01_01_06_04,2026_general_expenditure_03_01_01,2026,general,一般会計,その他の社会福祉事業費（２）,災害時ボランティア受入体制整備事業,保政＊生活福祉課,43366,1,357,derived
2026_general_expenditure_03_01_01_06_05,2026_general_expenditure_03_01_01,2026,general,一般会計,その他の社会福祉事業費（２）,障害者差別解消推進,障福＊障害施策課,15504,1,357,derived
2026_general_expenditure_03_01_01_06_07,2026_general_expenditure_03_01_01,2026,general,一般会計,その他の社会福祉事業費（２）,医療的ケア児（者）支援の充実,障福＊障害保健福祉課,41748,1,357,derived
2026_general_expenditure_03_01_01_06_08,2026_general_expenditure_03_01_01,2026,general,一般会計,その他の社会福祉事業費（２）,保健医療福祉総合プラザ維持運営,保政＊保福推進課,351247,1,357,derived
2026_general_expenditure_03_01_01_06_11,2026_general_expenditure_03_01_01,2026,general,一般会計,その他の社会福祉事業費（２）,障害福祉部庶務事務,障福＊障害施策課,2326,1,357,derived
2026_general_expenditure_03_01_01_06_12,2026_general_expenditure_03_01_01,2026,general,一般会計,その他の社会福祉事業費（２）,福祉人材育成・研修センター運営事業,保政＊保福推進課,107060,1,357,derived
2026_general_expenditure_03_01_01_06_13,2026_general_expenditure_03_01_01,2026,general,一般会計,その他の社会福祉事業費（２）,保健福祉政策部運営事業,保政＊保健福祉政策課,41500,1,357,derived
2026_general_expenditure_03_01_01_06_14,2026_general_expenditure_03_01_01,2026,general,一般会計,その他の社会福祉事業費（２）,保健福祉政策部庶務事務,保政＊保健福祉政策課,11435,1,357,derived
2026_general_expenditure_03_01_01_06_18,2026_general_expenditure_03_01_01,2026,general,一般会計,その他の社会福祉事業費（２）,特別養護老人ホーム等運営支援,高福＊高齢福祉課,315439,1,357,derived
2026_general_expenditure_03_01_01_06_20,2026_general_expenditure_03_01_01,2026,general,一般会計,その他の社会福祉事業費（２）,医療的ケア児の笑顔を支える基金積立金,障福＊障害保健福祉課,18746,1,357,derived
2026_general_expenditure_03_01_01_06_21,2026_general_expenditure_03_01_01,2026,general,一般会計,その他の社会福祉事業費（２）,ひきこもり対策,保政＊生活福祉課,184581,1,357,derived
2026_general_expenditure_03_01_01_06_23,2026_general_expenditure_03_01_01,2026,general,一般会計,その他の社会福祉事業費（２）,専門的人材の確保・養成事業,障福＊障害施策課,15463,1,357,derived
2026_general_expenditure_03_01_01_06_24,2026_general_expenditure_03_01_01,2026,general,一般会計,その他の社会福祉事業費（２）,ボランティア施設改修,保政＊生活福祉課,0,1,357,derived
2026_general_expenditure_03_01_01_06_25,2026_general_expenditure_03_01_01,2026,general,一般会計,その他の社会福祉事業費（２）,特別区区民葬儀助成事業,保政＊生活福祉課,23949,1,357,derived
2026_general_expenditure_03_01_01_06_27,2026_general_expenditure_03_01_01,2026,general,一般会計,その他の社会福祉事業費（２）,終活支援センター運営事業,保政＊生活福祉課,68357,1,357,derived
2026_general_expenditure_03_01_02_01_01,2026_general_expenditure_03_01_02,2026,general,一般会計,老人福祉法に基づく養護老人ホーム措置費,養護老人ホーム入所措置,高福＊高齢福祉課,192756,1,363,derived
2026_general_expenditure_03_01_02_03_01,2026_general_expenditure_03_01_02,2026,general,一般会計,交流・社会参加促進のための事業費,高齢者コミュニケーションサービス,高福＊高齢福祉課,150826,1,363,derived
2026_general_expenditure_03_01_02_03_02,2026_general_expenditure_03_01_02,2026,general,一般会計,交流・社会参加促進のための事業費,高齢者会食サービス,高福＊高齢福祉課,6628,1,363,derived
2026_general_expenditure_03_01_02_03_04,2026_general_expenditure_03_01_02,2026,general,一般会計,交流・社会参加促進のための事業費,支えあいミニデイ支援の推進,高福＊高齢福祉課,4559,1,363,derived
2026_general_expenditure_03_01_02_03_12,2026_general_expenditure_03_01_02,2026,general,一般会計,交流・社会参加促進のための事業費,高齢者補聴器購入費助成,高福＊高齢福祉課,44956,1,363,derived
2026_general_expenditure_03_01_02_03_13,2026_general_expenditure_03_01_02,2026,general,一般会計,交流・社会参加促進のための事業費,高齢者スマートフォン購入費助成,高福＊高齢福祉課,0,1,363,derived
2026_general_expenditure_03_01_02_04_05,2026_general_expenditure_03_01_02,2026,general,一般会計,高齢者生活支援事業費,ひとりぐらし高齢者の安全確保,高福＊高齢福祉課,24374,1,363,derived
2026_general_expenditure_03_01_02_04_07,2026_general_expenditure_03_01_02,2026,general,一般会計,高齢者生活支援事業費,福祉緊急対応,高福＊高齢福祉課,15263,1,363,derived
2026_general_expenditure_03_01_02_04_08,2026_general_expenditure_03_01_02,2026,general,一般会計,高齢者生活支援事業費,高齢者おむつ支給,高福＊高齢福祉課,193309,1,363,derived
2026_general_expenditure_03_01_02_04_10,2026_general_expenditure_03_01_02,2026,general,一般会計,高齢者生活支援事業費,高齢者寝具乾燥・訪問理美容サービス,高福＊高齢福祉課,50009,1,363,derived
2026_general_expenditure_03_01_02_04_11,2026_general_expenditure_03_01_02,2026,general,一般会計,高齢者生活支援事業費,高齢者はり・灸・マッサージサービス,高福＊高齢福祉課,26877,1,363,derived
2026_general_expenditure_03_01_02_04_16,2026_general_expenditure_03_01_02,2026,general,一般会計,高齢者生活支援事業費,高齢者住宅改修助成,高福＊高齢福祉課,6264,1,363,derived
2026_general_expenditure_03_01_02_05_01,2026_general_expenditure_03_01_02,2026,general,一般会計,その他の高齢者福祉事業費,ひとりぐらし高齢者等状況把握,高福＊高齢福祉課,2022,1,363,derived
2026_general_expenditure_03_01_02_05_03,2026_general_expenditure_03_01_02,2026,general,一般会計,その他の高齢者福祉事業費,高齢者在宅サービスセンター維持管理,高福＊高齢福祉課,170978,1,363,derived
2026_general_expenditure_03_01_02_05_10,2026_general_expenditure_03_01_02,2026,general,一般会計,その他の高齢者福祉事業費,慶祝事業,高福＊高齢福祉課,46389,1,363,derived
2026_general_expenditure_03_01_02_05_11,2026_general_expenditure_03_01_02,2026,general,一般会計,その他の高齢者福祉事業費,地域包括支援センター事務委託,高福＊介護予防・支援課,99028,1,363,derived
2026_general_expenditure_03_01_02_05_15,2026_general_expenditure_03_01_02,2026,general,一般会計,その他の高齢者福祉事業費,民生委員ふれあい訪問,高福＊高齢福祉課,7525,1,363,derived
2026_general_expenditure_03_01_02_05_16,2026_general_expenditure_03_01_02,2026,general,一般会計,その他の高齢者福祉事業費,地域包括支援センター障害者・子育て家庭等相談事業,高福＊介護予防・支援課,272887,1,363,derived
2026_general_expenditure_03_01_02_05_17,2026_general_expenditure_03_01_02,2026,general,一般会計,その他の高齢者福祉事業費,認知症施策運営事業,高福＊介護予防・支援課,13153,1,363,derived
2026_general_expenditure_03_01_02_05_18,2026_general_expenditure_03_01_02,2026,general,一般会計,その他の高齢者福祉事業費,介護予防施策推進事業,高福＊介護予防・支援課,49591,1,363,derived
2026_general_expenditure_03_01_02_05_20,2026_general_expenditure_03_01_02,2026,general,一般会計,その他の高齢者福祉事業費,一時生活援助施設運営,高福＊高齢福祉課,40905,1,363,derived
2026_general_expenditure_03_01_02_05_21,2026_general_expenditure_03_01_02,2026,general,一般会計,その他の高齢者福祉事業費,認知症在宅生活サポートセンター認知症社会参加推進事業,高福＊介護予防・支援課,2675,1,363,derived
2026_general_expenditure_03_01_02_05_22,2026_general_expenditure_03_01_02,2026,general,一般会計,その他の高齢者福祉事業費,地域包括支援センター認知症社会参加推進事業,高福＊介護予防・支援課,4277,1,363,derived
2026_general_expenditure_03_01_02_07_01,2026_general_expenditure_03_01_02,2026,general,一般会計,生計困難者利用者負担軽減事業,生計困難者負担軽減事業,高福＊介護保険課,45125,1,363,derived
2026_general_expenditure_03_01_02_08_01,2026_general_expenditure_03_01_02,2026,general,一般会計,重層的支援体制整備事業費,地域包括支援センター運営委託,高福＊介護予防・支援課,717231,1,363,derived
2026_general_expenditure_03_01_02_08_02,2026_general_expenditure_03_01_02,2026,general,一般会計,重層的支援体制整備事業費,あんしん見守り事業,高福＊介護予防・支援課,134104,1,363,derived
2026_general_expenditure_03_01_02_08_03,2026_general_expenditure_03_01_02,2026,general,一般会計,重層的支援体制整備事業費,生活支援体制整備事業,高福＊介護予防・支援課,120000,1,363,derived
2026_general_expenditure_03_01_02_08_04,2026_general_expenditure_03_01_02,2026,general,一般会計,重層的支援体制整備事業費,一般介護予防事業,高福＊介護予防・支援課,55725,1,363,derived
2026_general_expenditure_03_01_02_08_05,2026_general_expenditure_03_01_02,2026,general,一般会計,重層的支援体制整備事業費,シニアボランティアポイント事業,高福＊介護保険課,2925,1,363,derived
2026_general_expenditure_03_01_02_09_01,2026_general_expenditure_03_01_02,2026,general,一般会計,高齢者施策推進区市町村包括補助事業,ひとりぐらし高齢者見守り機器補助事業,高福＊高齢福祉課,5980,1,363,derived
2026_general_expenditure_03_01_03_02_01,2026_general_expenditure_03_01_03,2026,general,一般会計,交流・社会参加促進のための事業費,障害者自動車利用支援,障福＊障害地域生活課,356216,1,367,derived
2026_general_expenditure_03_01_03_02_02,2026_general_expenditure_03_01_03,2026,general,一般会計,交流・社会参加促進のための事業費,障害者コミュニケーションサービス,障福＊障害施策課,62771,1,367,derived
2026_general_expenditure_03_01_03_03_01,2026_general_expenditure_03_01_03,2026,general,一般会計,障害者生活支援事業,障害者ホームヘルパー等派遣,障福＊障害施策課,103229,1,367,derived
2026_general_expenditure_03_01_03_03_02,2026_general_expenditure_03_01_03,2026,general,一般会計,障害者生活支援事業,重度脳性麻痺者介護人派遣,障福＊障害施策課,21478,1,367,derived
2026_general_expenditure_03_01_03_03_03,2026_general_expenditure_03_01_03,2026,general,一般会計,障害者生活支援事業,障害者緊急介護人派遣,障福＊障害施策課,132344,1,367,derived
2026_general_expenditure_03_01_03_03_04,2026_general_expenditure_03_01_03,2026,general,一般会計,障害者生活支援事業,障害者配食サービス,障福＊障害施策課,5514,1,367,derived
2026_general_expenditure_03_01_03_03_05,2026_general_expenditure_03_01_03,2026,general,一般会計,障害者生活支援事業,障害者入浴サービス,障福＊障害施策課,69562,1,367,derived
2026_general_expenditure_03_01_03_03_06,2026_general_expenditure_03_01_03,2026,general,一般会計,障害者生活支援事業,障害者寝具乾燥・訪問理美容サービス,障福＊障害施策課,6716,1,367,derived
2026_general_expenditure_03_01_03_03_07,2026_general_expenditure_03_01_03,2026,general,一般会計,障害者生活支援事業,障害者日常生活用具等給付,障福＊障害施策課,171631,1,367,derived
2026_general_expenditure_03_01_03_03_08,2026_general_expenditure_03_01_03,2026,general,一般会計,障害者生活支援事業,障害者おむつ支給,障福＊障害施策課,55104,1,367,derived
2026_general_expenditure_03_01_03_03_09,2026_general_expenditure_03_01_03,2026,general,一般会計,障害者生活支援事業,障害者設備改善費給付,障福＊障害施策課,12794,1,367,derived
2026_general_expenditure_03_01_03_03_13,2026_general_expenditure_03_01_03,2026,general,一般会計,障害者生活支援事業,障害者福祉手当,障福＊障害施策課,2393999,1,367,derived
2026_general_expenditure_03_01_03_03_14,2026_general_expenditure_03_01_03,2026,general,一般会計,障害者生活支援事業,身体障害者及知的障害者相談員活動,障福＊障害施策課,1104,1,367,derived
2026_general_expenditure_03_01_03_03_20,2026_general_expenditure_03_01_03,2026,general,一般会計,障害者生活支援事業,障害者相談支援,障福＊障害保健福祉課,365498,1,367,derived
2026_general_expenditure_03_01_03_03_21,2026_general_expenditure_03_01_03,2026,general,一般会計,障害者生活支援事業,障害者グループホーム事業等助成,障福＊障害施策課,37041,1,367,derived
2026_general_expenditure_03_01_03_03_24,2026_general_expenditure_03_01_03,2026,general,一般会計,障害者生活支援事業,更生訓練費助成,障福＊障害施策課,1683,1,367,derived
2026_general_expenditure_03_01_03_03_25,2026_general_expenditure_03_01_03,2026,general,一般会計,障害者生活支援事業,精神障害者ピアサポート支援事業,障福＊障害保健福祉課,12732,1,367,derived
2026_general_expenditure_03_01_03_04_04,2026_general_expenditure_03_01_03,2026,general,一般会計,その他の障害者福祉事業費,障害者団体支援,障福＊障害施策課,10467,1,367,derived
2026_general_expenditure_03_01_03_04_09,2026_general_expenditure_03_01_03,2026,general,一般会計,その他の障害者福祉事業費,被爆者見舞金,障福＊障害施策課,2334,1,367,derived
2026_general_expenditure_03_01_03_04_10,2026_general_expenditure_03_01_03,2026,general,一般会計,その他の障害者福祉事業費,障害者親亡きあと対策,障福＊障害施策課,112,1,367,derived
2026_general_expenditure_03_01_03_04_11,2026_general_expenditure_03_01_03,2026,general,一般会計,その他の障害者福祉事業費,介護者リフレッシュ,障福＊障害施策課,273,1,367,derived
2026_general_expenditure_03_01_03_04_14,2026_general_expenditure_03_01_03,2026,general,一般会計,その他の障害者福祉事業費,障害理解促進,障福＊障害施策課,2979,1,367,derived
2026_general_expenditure_03_01_03_04_15,2026_general_expenditure_03_01_03,2026,general,一般会計,その他の障害者福祉事業費,障害者虐待防止推進事業,障福＊障害施策課,4038,1,367,derived
2026_general_expenditure_03_01_03_04_16,2026_general_expenditure_03_01_03,2026,general,一般会計,その他の障害者福祉事業費,基幹相談支援センター事業運営,障福＊障害保健福祉課,50749,1,367,derived
2026_general_expenditure_03_01_03_04_18,2026_general_expenditure_03_01_03,2026,general,一般会計,その他の障害者福祉事業費,障害者専門相談事業運営,障福＊障害保健福祉課,171528,1,367,derived
2026_general_expenditure_03_01_03_04_19,2026_general_expenditure_03_01_03,2026,general,一般会計,その他の障害者福祉事業費,乳幼児育成相談事業運営,障福＊障害保健福祉課,135074,1,367,derived
2026_general_expenditure_03_01_03_04_20,2026_general_expenditure_03_01_03,2026,general,一般会計,その他の障害者福祉事業費,技術支援（児童福祉施設）事業運営,障福＊障害保健福祉課,11096,1,367,derived
2026_general_expenditure_03_01_03_04_21,2026_general_expenditure_03_01_03,2026,general,一般会計,その他の障害者福祉事業費,障害者団体活動支援,障福＊障害施策課,1915,1,367,derived
2026_general_expenditure_03_01_03_04_22,2026_general_expenditure_03_01_03,2026,general,一般会計,その他の障害者福祉事業費,障害児入所給付費,子若＊児童相談支援課,67924,1,367,derived
2026_general_expenditure_03_01_03_04_23,2026_general_expenditure_03_01_03,2026,general,一般会計,その他の障害者福祉事業費,地域生活支援拠点等整備事業,障福＊障害施策課,48050,1,367,derived
2026_general_expenditure_03_01_03_04_24,2026_general_expenditure_03_01_03,2026,general,一般会計,その他の障害者福祉事業費,精神保健福祉団体連携事業,障福＊障害施策課,900,1,367,derived
2026_general_expenditure_03_01_03_04_26,2026_general_expenditure_03_01_03,2026,general,一般会計,その他の障害者福祉事業費,民間空襲等被害者見舞金支給,障福＊障害施策課,661,1,367,derived
2026_general_expenditure_03_01_03_06_01,2026_general_expenditure_03_01_03,2026,general,一般会計,障害者総合支援法等に基づく支援・給付,障害者自立支援給付,障福＊障害施策課,24339654,1,367,derived
2026_general_expenditure_03_01_03_06_02,2026_general_expenditure_03_01_03,2026,general,一般会計,障害者総合支援法等に基づく支援・給付,補装具給付,障福＊障害施策課,169612,1,367,derived
2026_general_expenditure_03_01_03_06_03,2026_general_expenditure_03_01_03,2026,general,一般会計,障害者総合支援法等に基づく支援・給付,自立支援医療,障福＊障害施策課,732745,1,367,derived
2026_general_expenditure_03_01_16_01_06,2026_general_expenditure_03_01_16,2026,general,一般会計,障害者更生指導事業費,障害者授産事業,障福＊障害地域生活課,93468,1,369,derived
2026_general_expenditure_03_01_16_01_07,2026_general_expenditure_03_01_16,2026,general,一般会計,障害者更生指導事業費,障害者就労促進事業,障福＊障害地域生活課,213992,1,369,derived
2026_general_expenditure_03_01_16_01_30,2026_general_expenditure_03_01_16,2026,general,一般会計,障害者更生指導事業費,地域活動支援センター運営助成,障福＊障害地域生活課,50652,1,369,derived
2026_general_expenditure_03_01_16_01_31,2026_general_expenditure_03_01_16,2026,general,一般会計,障害者更生指導事業費,生活介護事業運営,障福＊障害地域生活課,3541113,1,369,derived
2026_general_expenditure_03_01_16_01_32,2026_general_expenditure_03_01_16,2026,general,一般会計,障害者更生指導事業費,就労移行・継続支援事業運営,障福＊障害地域生活課,1742891,1,369,derived
2026_general_expenditure_03_01_16_01_33,2026_general_expenditure_03_01_16,2026,general,一般会計,障害者更生指導事業費,グループホーム運営助成,障福＊障害地域生活課,166634,1,369,derived
2026_general_expenditure_03_01_16_01_34,2026_general_expenditure_03_01_16,2026,general,一般会計,障害者更生指導事業費,障害者自立体験等運営事業,障福＊障害地域生活課,85807,1,369,derived
2026_general_expenditure_03_01_16_01_35,2026_general_expenditure_03_01_16,2026,general,一般会計,障害者更生指導事業費,障害者施設等運営助成,障福＊障害地域生活課,8607,1,369,derived
2026_general_expenditure_03_01_16_01_37,2026_general_expenditure_03_01_16,2026,general,一般会計,障害者更生指導事業費,児童発達支援運営,障福＊障害保健福祉課,16485,1,369,derived
2026_general_expenditure_03_01_16_01_38,2026_general_expenditure_03_01_16,2026,general,一般会計,障害者更生指導事業費,重症心身障害児（者）通園施設運営助成,障福＊障害保健福祉課,211329,1,369,derived
2026_general_expenditure_03_01_16_01_39,2026_general_expenditure_03_01_16,2026,general,一般会計,障害者更生指導事業費,放課後等デイサービス運営助成,障福＊障害保健福祉課,4203,1,369,derived
2026_general_expenditure_03_01_16_01_40,2026_general_expenditure_03_01_16,2026,general,一般会計,障害者更生指導事業費,配慮を要する児童への支援事業,障福＊障害保健福祉課,546669,1,369,derived
2026_general_expenditure_03_01_16_01_41,2026_general_expenditure_03_01_16,2026,general,一般会計,障害者更生指導事業費,梅ヶ丘拠点障害者支援施設運営助成,障福＊障害地域生活課,190370,1,369,derived
2026_general_expenditure_03_01_16_01_42,2026_general_expenditure_03_01_16,2026,general,一般会計,障害者更生指導事業費,梅ヶ丘拠点障害児通所事業運営助成,障福＊障害保健福祉課,81454,1,369,derived
2026_general_expenditure_03_01_16_02_01,2026_general_expenditure_03_01_16,2026,general,一般会計,障害者施設維持運営費,障害者休養ホームひまわり荘運営管理,障福＊障害地域生活課,148108,1,369,derived
2026_general_expenditure_03_01_16_02_06,2026_general_expenditure_03_01_16,2026,general,一般会計,障害者施設維持運営費,障害施設維持管理,障福＊障害地域生活課,345625,1,369,derived
2026_general_expenditure_03_01_16_02_10,2026_general_expenditure_03_01_16,2026,general,一般会計,障害者施設維持運営費,障害児施設維持管理,障福＊障害保健福祉課,4097,1,369,derived
2026_general_expenditure_03_01_16_03_03,2026_general_expenditure_03_01_16,2026,general,一般会計,障害者施設充実費,福祉施設等送迎バスのネットワーク運行,障福＊障害地域生活課,83397,1,369,derived
2026_general_expenditure_03_01_16_03_05,2026_general_expenditure_03_01_16,2026,general,一般会計,障害者施設充実費,障害者短期入所等事業,障福＊障害地域生活課,226622,1,369,derived
2026_general_expenditure_03_01_16_04_01,2026_general_expenditure_03_01_16,2026,general,一般会計,障害者施設改修費,障害者施設改修,障福＊障害地域生活課,155993,1,369,derived
2026_general_expenditure_03_01_16_04_03,2026_general_expenditure_03_01_16,2026,general,一般会計,障害者施設改修費,障害児施設改修,障福＊障害保健福祉課,164866,1,369,derived
2026_general_expenditure_03_01_17_02_01,2026_general_expenditure_03_01_17,2026,general,一般会計,高齢者施設改修費,高齢者福祉施設改修工事,高福＊高齢福祉課,111921,1,371,derived
2026_general_expenditure_03_01_20_01_01,2026_general_expenditure_03_01_20,2026,general,一般会計,国民年金事務運営費,国民年金運営事業,保政＊国保・年金課,3009,1,371,derived
2026_general_expenditure_03_02_01_01_01,2026_general_expenditure_03_02_01,2026,general,一般会計,児童福祉事務運営費,児童運営事業,子若＊児童課,488,1,375,derived
2026_general_expenditure_03_02_01_01_04,2026_general_expenditure_03_02_01,2026,general,一般会計,児童福祉事務運営費,子ども家庭支援センター運営事業,子若＊児童相談支援課,41604,1,375,derived
2026_general_expenditure_03_02_01_01_06,2026_general_expenditure_03_02_01,2026,general,一般会計,児童福祉事務運営費,保育運営事業,子若＊保育課,260801,1,375,derived
2026_general_expenditure_03_02_01_01_09,2026_general_expenditure_03_02_01,2026,general,一般会計,児童福祉事務運営費,認証保育所事業,子若＊保育認定・調整課,2619743,1,375,derived
2026_general_expenditure_03_02_01_01_10,2026_general_expenditure_03_02_01,2026,general,一般会計,児童福祉事務運営費,家庭福祉員制度運営,子若＊保育認定・調整課,12188,1,375,derived
2026_general_expenditure_03_02_01_01_11,2026_general_expenditure_03_02_01,2026,general,一般会計,児童福祉事務運営費,保育料負担軽減補助,子若＊保育認定・調整課,3235569,1,375,derived
2026_general_expenditure_03_02_01_01_12,2026_general_expenditure_03_02_01,2026,general,一般会計,児童福祉事務運営費,保育室制度運営,子若＊保育認定・調整課,43798,1,375,derived
2026_general_expenditure_03_02_01_01_14,2026_general_expenditure_03_02_01,2026,general,一般会計,児童福祉事務運営費,単独施設型一時保育事業,子若＊保育課,41672,1,375,derived
2026_general_expenditure_03_02_01_01_15,2026_general_expenditure_03_02_01,2026,general,一般会計,児童福祉事務運営費,子育て支援事業,子若＊保育課,2848339,1,375,derived
2026_general_expenditure_03_02_01_01_16,2026_general_expenditure_03_02_01,2026,general,一般会計,児童福祉事務運営費,ひとり親家庭休養ホーム事業,子若＊子ども家庭課,4085,1,375,derived
2026_general_expenditure_03_02_01_01_20,2026_general_expenditure_03_02_01,2026,general,一般会計,児童福祉事務運営費,子育て安全・安心対策,子若＊子ども・若者支援課,10433,1,375,derived
2026_general_expenditure_03_02_01_01_24,2026_general_expenditure_03_02_01,2026,general,一般会計,児童福祉事務運営費,セーフティネットの整備,子若＊児童相談支援課,123601,1,375,derived
2026_general_expenditure_03_02_01_01_26,2026_general_expenditure_03_02_01,2026,general,一般会計,児童福祉事務運営費,在宅子育て支援,子若＊子ども家庭課,1100843,1,375,derived
2026_general_expenditure_03_02_01_01_27,2026_general_expenditure_03_02_01,2026,general,一般会計,児童福祉事務運営費,子ども環境基盤整備,子若＊子ども・若者支援課,7553,1,375,derived
2026_general_expenditure_03_02_01_01_31,2026_general_expenditure_03_02_01,2026,general,一般会計,児童福祉事務運営費,子ども・若者基金積立金,子若＊子ども・若者支援課,117973,1,375,derived
2026_general_expenditure_03_02_01_01_32,2026_general_expenditure_03_02_01,2026,general,一般会計,児童福祉事務運営費,子ども・若者基金による補助・支援事業,子若＊子ども家庭課,19598,1,375,derived
2026_general_expenditure_03_02_01_01_33,2026_general_expenditure_03_02_01,2026,general,一般会計,児童福祉事務運営費,子育てステーション事業,子若＊子ども家庭課,326581,1,375,derived
2026_general_expenditure_03_02_01_01_34,2026_general_expenditure_03_02_01,2026,general,一般会計,児童福祉事務運営費,子どもの権利事業,子若＊子ども・若者支援課,19124,1,375,derived
2026_general_expenditure_03_02_01_01_35,2026_general_expenditure_03_02_01,2026,general,一般会計,児童福祉事務運営費,保育施設等の質の向上,子若＊保育課,6508,1,375,derived
2026_general_expenditure_03_02_01_01_36,2026_general_expenditure_03_02_01,2026,general,一般会計,児童福祉事務運営費,認可外保育施設の一時預かり事業の推進,子若＊保育認定・調整課,271999,1,375,derived
2026_general_expenditure_03_02_01_01_37,2026_general_expenditure_03_02_01,2026,general,一般会計,児童福祉事務運営費,青少年交流センターでの若者の主体的な活動の推進,子若＊子ども・若者支援課,248348,1,375,derived
2026_general_expenditure_03_02_01_01_38,2026_general_expenditure_03_02_01,2026,general,一般会計,児童福祉事務運営費,認可保育施設等の一時預かり事業の推進,子若＊保育課,756453,1,375,derived
2026_general_expenditure_03_02_01_01_40,2026_general_expenditure_03_02_01,2026,general,一般会計,児童福祉事務運営費,病児・病後児保育事業,子若＊保育課,351013,1,375,derived
2026_general_expenditure_03_02_01_01_42,2026_general_expenditure_03_02_01,2026,general,一般会計,児童福祉事務運営費,子育てつどいの広場,子若＊子ども家庭課,730979,1,375,derived
2026_general_expenditure_03_02_01_01_45,2026_general_expenditure_03_02_01,2026,general,一般会計,児童福祉事務運営費,産後ケア事業,子若＊児童相談支援課,355328,1,375,derived
2026_general_expenditure_03_02_01_01_49,2026_general_expenditure_03_02_01,2026,general,一般会計,児童福祉事務運営費,子どもの人権擁護の推進,子若＊子ども・若者支援課,0,1,375,derived
2026_general_expenditure_03_02_01_01_50,2026_general_expenditure_03_02_01,2026,general,一般会計,児童福祉事務運営費,発達支援親子グループ事業,子若＊子ども家庭課,3687,1,375,derived
2026_general_expenditure_03_02_01_01_53,2026_general_expenditure_03_02_01,2026,general,一般会計,児童福祉事務運営費,子どもを育む地域活動の支援,子若＊子ども家庭課,129424,1,375,derived
2026_general_expenditure_03_02_01_01_54,2026_general_expenditure_03_02_01,2026,general,一般会計,児童福祉事務運営費,ひとり親家庭への支援,子若＊子ども家庭課,250643,1,375,derived
2026_general_expenditure_03_02_01_01_55,2026_general_expenditure_03_02_01,2026,general,一般会計,児童福祉事務運営費,子育て環境推進事業,子若＊子ども家庭課,8834,1,375,derived
2026_general_expenditure_03_02_01_01_56,2026_general_expenditure_03_02_01,2026,general,一般会計,児童福祉事務運営費,子ども・子育て総合センター維持運営,子若＊子ども・若者支援課,10712,1,375,derived
2026_general_expenditure_03_02_01_01_57,2026_general_expenditure_03_02_01,2026,general,一般会計,児童福祉事務運営費,子ども・若者部庶務事務,子若＊子ども・若者支援課,9880,1,375,derived
2026_general_expenditure_03_02_01_01_58,2026_general_expenditure_03_02_01,2026,general,一般会計,児童福祉事務運営費,認可外保育施設新制度移行支援,子若＊保育認定・調整課,0,1,375,derived
2026_general_expenditure_03_02_01_01_59,2026_general_expenditure_03_02_01,2026,general,一般会計,児童福祉事務運営費,ユースリーダー事業,子若＊子ども・若者支援課,0,1,375,derived
2026_general_expenditure_03_02_01_01_60,2026_general_expenditure_03_02_01,2026,general,一般会計,児童福祉事務運営費,野毛青少年交流センター維持運営,子若＊子ども・若者支援課,47284,1,375,derived
2026_general_expenditure_03_02_01_01_61,2026_general_expenditure_03_02_01,2026,general,一般会計,児童福祉事務運営費,池之上青少年交流センター維持運営,子若＊子ども・若者支援課,21446,1,375,derived
2026_general_expenditure_03_02_01_01_63,2026_general_expenditure_03_02_01,2026,general,一般会計,児童福祉事務運営費,青少年交流センター改修,子若＊子ども・若者支援課,39739,1,375,derived
2026_general_expenditure_03_02_01_01_66,2026_general_expenditure_03_02_01,2026,general,一般会計,児童福祉事務運営費,児童養護施設退所者等支援事業,子若＊児童相談支援課,50685,1,375,derived
2026_general_expenditure_03_02_01_01_67,2026_general_expenditure_03_02_01,2026,general,一般会計,児童福祉事務運営費,児童養護施設退所者等奨学・自立支援金,子若＊児童相談支援課,40431,1,375,derived
2026_general_expenditure_03_02_01_01_71,2026_general_expenditure_03_02_01,2026,general,一般会計,児童福祉事務運営費,私立幼稚園施設型給付,子若＊保育課,754529,1,375,derived
2026_general_expenditure_03_02_01_01_73,2026_general_expenditure_03_02_01,2026,general,一般会計,児童福祉事務運営費,若者支援事業運営,子若＊子ども・若者支援課,35798,1,375,derived
2026_general_expenditure_03_02_01_01_79,2026_general_expenditure_03_02_01,2026,general,一般会計,児童福祉事務運営費,母子生活支援施設整備,子若＊子ども家庭課,0,1,375,derived
2026_general_expenditure_03_02_01_01_80,2026_general_expenditure_03_02_01,2026,general,一般会計,児童福祉事務運営費,子ども・子育て総合センター改修,子若＊子ども・若者支援課,76632,1,375,derived
2026_general_expenditure_03_02_01_01_87,2026_general_expenditure_03_02_01,2026,general,一般会計,児童福祉事務運営費,児童養護施設退所者等奨学・自立支援基金積立金,子若＊児童相談支援課,65454,1,375,derived
2026_general_expenditure_03_02_01_01_88,2026_general_expenditure_03_02_01,2026,general,一般会計,児童福祉事務運営費,生活困難を抱える子どもと家庭への支援,子若＊子ども家庭課,186420,1,375,derived
2026_general_expenditure_03_02_01_01_94,2026_general_expenditure_03_02_01,2026,general,一般会計,児童福祉事務運営費,ベビーシッター利用支援事業,子若＊保育認定・調整課,513127,1,375,derived
2026_general_expenditure_03_02_01_01_95,2026_general_expenditure_03_02_01,2026,general,一般会計,児童福祉事務運営費,希望丘青少年交流センター維持運営,子若＊子ども・若者支援課,179244,1,375,derived
2026_general_expenditure_03_02_01_01_96,2026_general_expenditure_03_02_01,2026,general,一般会計,児童福祉事務運営費,養育支援等ホームヘルパー訪問事業,子若＊児童相談支援課,78760,1,375,derived
2026_general_expenditure_03_02_01_01_98,2026_general_expenditure_03_02_01,2026,general,一般会計,児童福祉事務運営費,医療的ケア児預かりの充実,子若＊保育課,3279,1,375,derived
2026_general_expenditure_03_02_01_01_99,2026_general_expenditure_03_02_01,2026,general,一般会計,児童福祉事務運営費,児童館を拠点とした見守りネットワーク強化,子若＊児童課,7360,1,375,derived
2026_general_expenditure_03_02_01_02_01,2026_general_expenditure_03_02_01,2026,general,一般会計,児童福祉事務運営費（２）,子どもの権利擁護の推進,子若＊子ども・若者支援課,15867,1,375,derived
2026_general_expenditure_03_02_01_02_02,2026_general_expenditure_03_02_01,2026,general,一般会計,児童福祉事務運営費（２）,青少年交流センター整備,子若＊子ども・若者支援課,61727,1,375,derived
2026_general_expenditure_03_02_01_02_03,2026_general_expenditure_03_02_01,2026,general,一般会計,児童福祉事務運営費（２）,ベビーシッター利用支援事業,子若＊保育認定・調整課,0,1,375,derived
2026_general_expenditure_03_02_01_02_04,2026_general_expenditure_03_02_01,2026,general,一般会計,児童福祉事務運営費（２）,子育て支援施設整備,子若＊子ども家庭課,40888,1,375,derived
2026_general_expenditure_03_02_03_01_01,2026_general_expenditure_03_02_03,2026,general,一般会計,児童措置事業費,私立母子生活支援施設への保護委託,子若＊子ども家庭課,197539,1,381,derived
2026_general_expenditure_03_02_03_01_02,2026_general_expenditure_03_02_03,2026,general,一般会計,児童措置事業費,入院助産措置,子若＊子ども家庭課,13202,1,381,derived
2026_general_expenditure_03_02_03_01_03,2026_general_expenditure_03_02_03,2026,general,一般会計,児童措置事業費,私立保育園運営,子若＊保育課,40244802,1,381,derived
2026_general_expenditure_03_02_03_01_04,2026_general_expenditure_03_02_03,2026,general,一般会計,児童措置事業費,管外公立保育園への入所委託,子若＊保育課,32050,1,381,derived
2026_general_expenditure_03_02_03_01_05,2026_general_expenditure_03_02_03,2026,general,一般会計,児童措置事業費,子ども医療費助成,子若＊子ども家庭課,5806501,1,381,derived
2026_general_expenditure_03_02_03_01_07,2026_general_expenditure_03_02_03,2026,general,一般会計,児童措置事業費,ひとり親家庭医療費助成,子若＊子ども家庭課,147524,1,381,derived
2026_general_expenditure_03_02_03_01_10,2026_general_expenditure_03_02_03,2026,general,一般会計,児童措置事業費,児童扶養手当等支給,子若＊子ども家庭課,2269865,1,381,derived
2026_general_expenditure_03_02_03_01_12,2026_general_expenditure_03_02_03,2026,general,一般会計,児童措置事業費,児童手当支給,子若＊子ども家庭課,17385403,1,381,derived
2026_general_expenditure_03_02_03_01_13,2026_general_expenditure_03_02_03,2026,general,一般会計,児童措置事業費,認定こども園運営,子若＊保育課,1771361,1,381,derived
2026_general_expenditure_03_02_03_01_14,2026_general_expenditure_03_02_03,2026,general,一般会計,児童措置事業費,特定地域型保育事業,子若＊保育課,1764048,1,381,derived
2026_general_expenditure_03_02_03_01_16,2026_general_expenditure_03_02_03,2026,general,一般会計,児童措置事業費,出産費助成,子若＊子ども家庭課,299660,1,381,derived
2026_general_expenditure_03_02_05_01_01,2026_general_expenditure_03_02_05,2026,general,一般会計,区立保育園運営費,区立保育園運営,子若＊保育課,1848456,1,381,derived
2026_general_expenditure_03_02_06_01_01,2026_general_expenditure_03_02_06,2026,general,一般会計,児童施設運営費,児童館運営,子若＊児童課,139024,1,383,derived
2026_general_expenditure_03_02_06_01_02,2026_general_expenditure_03_02_06,2026,general,一般会計,児童施設運営費,母子生活支援施設運営,子若＊子ども家庭課,10081,1,383,derived
2026_general_expenditure_03_02_06_01_03,2026_general_expenditure_03_02_06,2026,general,一般会計,児童施設運営費,学童クラブ運営,子若＊児童課,2486697,1,383,derived
2026_general_expenditure_03_02_06_01_04,2026_general_expenditure_03_02_06,2026,general,一般会計,児童施設運営費,児童館在宅子育て支援,子若＊児童課,21029,1,383,derived
2026_general_expenditure_03_02_06_02_01,2026_general_expenditure_03_02_06,2026,general,一般会計,児童育成事業費,自然体験遊び場事業,子若＊児童課,115471,1,383,derived
2026_general_expenditure_03_02_06_02_03,2026_general_expenditure_03_02_06,2026,general,一般会計,児童育成事業費,中高生支援事業,子若＊児童課,5304,1,383,derived
2026_general_expenditure_03_02_06_02_04,2026_general_expenditure_03_02_06,2026,general,一般会計,児童育成事業費,児童館キャンプ,子若＊児童課,25344,1,383,derived
2026_general_expenditure_03_02_12_01_01,2026_general_expenditure_03_02_12,2026,general,一般会計,保育児童施設整備費,区立保育園維持管理,子若＊保育課,152606,1,383,derived
2026_general_expenditure_03_02_12_01_02,2026_general_expenditure_03_02_12,2026,general,一般会計,保育児童施設整備費,児童館維持管理,子若＊児童課,58625,1,383,derived
2026_general_expenditure_03_02_12_01_04,2026_general_expenditure_03_02_12,2026,general,一般会計,保育児童施設整備費,児童施設改修,子若＊児童課,657448,1,383,derived
2026_general_expenditure_03_02_12_01_05,2026_general_expenditure_03_02_12,2026,general,一般会計,保育児童施設整備費,保育園改修,子若＊保育課,452886,1,383,derived
2026_general_expenditure_03_02_12_01_06,2026_general_expenditure_03_02_12,2026,general,一般会計,保育児童施設整備費,保育施設整備,子若＊保育課,2210074,1,383,derived
2026_general_expenditure_03_02_13_01_01,2026_general_expenditure_03_02_13,2026,general,一般会計,児童相談所運営費,児童相談支援庶務事務,子若＊児童相談支援課,1812,1,385,derived
2026_general_expenditure_03_02_13_01_02,2026_general_expenditure_03_02_13,2026,general,一般会計,児童相談所運営費,児童相談所運営,児相＊児童相談課,132321,1,385,derived
2026_general_expenditure_03_02_13_01_03,2026_general_expenditure_03_02_13,2026,general,一般会計,児童相談所運営費,一時保護所運営,児童相談所＊一時保護課,32762,1,385,derived
2026_general_expenditure_03_02_13_01_04,2026_general_expenditure_03_02_13,2026,general,一般会計,児童相談所運営費,児童相談所維持管理,児相＊児童相談課,212079,1,385,derived
2026_general_expenditure_03_02_13_01_05,2026_general_expenditure_03_02_13,2026,general,一般会計,児童相談所運営費,一時保護所維持管理,児童相談所＊一時保護課,62675,1,385,derived
2026_general_expenditure_03_02_13_01_07,2026_general_expenditure_03_02_13,2026,general,一般会計,児童相談所運営費,一時保護所改修,児童相談所＊一時保護課,2420,1,385,derived
2026_general_expenditure_03_02_13_02_01,2026_general_expenditure_03_02_13,2026,general,一般会計,児童措置事業費,児童福祉施設等への措置費支弁,子若＊児童相談支援課,1576592,1,385,derived
2026_general_expenditure_03_02_13_03_01,2026_general_expenditure_03_02_13,2026,general,一般会計,社会的養護事業費,家庭養育の推進,子若＊児童相談支援課,156006,1,385,derived
2026_general_expenditure_03_02_13_03_02,2026_general_expenditure_03_02_13,2026,general,一般会計,社会的養護事業費,児童養護施設等の体制強化事業,子若＊児童相談支援課,114183,1,385,derived
2026_general_expenditure_03_02_13_03_03,2026_general_expenditure_03_02_13,2026,general,一般会計,社会的養護事業費,児童養護施設における良好な家庭的環境の整備,子若＊児童相談支援課,4593,1,385,derived
2026_general_expenditure_03_02_13_03_04,2026_general_expenditure_03_02_13,2026,general,一般会計,社会的養護事業費,児童相談所が関わる子どもの権利擁護,子若＊児童相談支援課,19158,1,385,derived
2026_general_expenditure_03_03_01_01_01,2026_general_expenditure_03_03_01,2026,general,一般会計,生活保護法施行事務費,生活保護法施行事務,保政＊生活福祉課,206157,1,387,derived
2026_general_expenditure_03_03_03_01_01,2026_general_expenditure_03_03_03,2026,general,一般会計,生活保護法に基づく保護費,生活保護法に基づく保護費,保政＊生活福祉課,23038243,1,387,derived
2026_general_expenditure_03_03_03_02_01,2026_general_expenditure_03_03_03,2026,general,一般会計,被生活保護世帯等に対する法外援護費,児童生徒等に対する援護,保政＊生活福祉課,3960,1,387,derived
2026_general_expenditure_03_03_03_02_02,2026_general_expenditure_03_03_03,2026,general,一般会計,被生活保護世帯等に対する法外援護費,被保護世帯等に対する援護,保政＊生活福祉課,62124,1,387,derived
2026_general_expenditure_04_02_01_01_02,2026_general_expenditure_04_02_01,2026,general,一般会計,環境対策事業費,環境審議会運営,環政＊環境政策課,1225,1,391,derived
2026_general_expenditure_04_02_01_01_04,2026_general_expenditure_04_02_01,2026,general,一般会計,環境対策事業費,ポイ捨てごみゼロ等の推進,環境政策部＊環境保全課,125866,1,391,derived
2026_general_expenditure_04_02_01_01_07,2026_general_expenditure_04_02_01,2026,general,一般会計,環境対策事業費,環境監視調査,環境政策部＊環境保全課,26325,1,391,derived
2026_general_expenditure_04_02_01_01_08,2026_general_expenditure_04_02_01,2026,general,一般会計,環境対策事業費,公害防止等指導,環境政策部＊環境保全課,21935,1,391,derived
2026_general_expenditure_04_02_01_01_09,2026_general_expenditure_04_02_01,2026,general,一般会計,環境対策事業費,環境啓発事業の推進,環政＊気候危機対策課,34084,1,391,derived
2026_general_expenditure_04_02_01_01_10,2026_general_expenditure_04_02_01,2026,general,一般会計,環境対策事業費,エコ区役所の実現,環政＊環境政策課,1759,1,391,derived
2026_general_expenditure_04_02_01_01_11,2026_general_expenditure_04_02_01,2026,general,一般会計,環境対策事業費,再生可能エネルギーの利用拡大と促進,環政＊気候危機対策課,45140,1,391,derived
2026_general_expenditure_04_02_01_01_14,2026_general_expenditure_04_02_01,2026,general,一般会計,環境対策事業費,生活環境保全事業,環境政策部＊環境保全課,1276,1,391,derived
2026_general_expenditure_04_02_01_01_15,2026_general_expenditure_04_02_01,2026,general,一般会計,環境対策事業費,環境政策部庶務事務,環政＊環境政策課,4516,1,391,derived
2026_general_expenditure_04_02_01_01_17,2026_general_expenditure_04_02_01,2026,general,一般会計,環境対策事業費,気候危機対策基金積立金,環政＊環境政策課,33922,1,391,derived
2026_general_expenditure_04_02_01_01_18,2026_general_expenditure_04_02_01,2026,general,一般会計,環境対策事業費,環境計画等の推進,環政＊環境政策課,3802,1,391,derived
2026_general_expenditure_04_02_01_01_19,2026_general_expenditure_04_02_01,2026,general,一般会計,環境対策事業費,環境配慮型住宅推進事業,環政＊気候危機対策課,113193,1,391,derived
2026_general_expenditure_04_02_01_01_20,2026_general_expenditure_04_02_01,2026,general,一般会計,環境対策事業費,脱炭素地域づくり等の推進,環政＊気候危機対策課,51809,1,391,derived
2026_general_expenditure_04_03_01_01_01,2026_general_expenditure_04_03_01,2026,general,一般会計,清掃管理運営費,清掃・リサイクル部庶務事務,清掃・リサ＊管理課,0,1,393,derived
2026_general_expenditure_04_03_01_01_03,2026_general_expenditure_04_03_01,2026,general,一般会計,清掃管理運営費,清掃職員の被服貸与,清掃・リサ＊管理課,21210,1,393,derived
2026_general_expenditure_04_03_01_01_04,2026_general_expenditure_04_03_01,2026,general,一般会計,清掃管理運営費,清掃・リサイクル審議会の運営,清掃・リサ＊管理課,239,1,393,derived
2026_general_expenditure_04_03_01_01_05,2026_general_expenditure_04_03_01,2026,general,一般会計,清掃管理運営費,清掃職員の安全衛生,清掃・リサ＊管理課,17912,1,393,derived
2026_general_expenditure_04_03_01_01_06,2026_general_expenditure_04_03_01,2026,general,一般会計,清掃管理運営費,有料ごみ処理券事務,清掃・リサ＊管理課,55053,1,393,derived
2026_general_expenditure_04_03_01_01_07,2026_general_expenditure_04_03_01,2026,general,一般会計,清掃管理運営費,清掃分担金,清掃・リサ＊管理課,5174544,1,393,derived
2026_general_expenditure_04_03_01_01_08,2026_general_expenditure_04_03_01,2026,general,一般会計,清掃管理運営費,ごみ減量・リサイクル活動推進,清掃＊事業課,7514,1,393,derived
2026_general_expenditure_04_03_01_01_13,2026_general_expenditure_04_03_01,2026,general,一般会計,清掃管理運営費,ごみ減量・リサイクル普及・啓発施設運営,清掃＊事業課,150161,1,393,derived
2026_general_expenditure_04_03_01_01_14,2026_general_expenditure_04_03_01,2026,general,一般会計,清掃管理運営費,ごみ集積所の美化,清掃＊事業課,6089,1,393,derived
2026_general_expenditure_04_03_01_01_15,2026_general_expenditure_04_03_01,2026,general,一般会計,清掃管理運営費,清掃指導業務,清掃＊事業課,2220,1,393,derived
2026_general_expenditure_04_03_01_01_17,2026_general_expenditure_04_03_01,2026,general,一般会計,清掃管理運営費,世田谷清掃事務所維持管理,清掃＊世田谷清掃事務所,48001,1,393,derived
2026_general_expenditure_04_03_01_01_18,2026_general_expenditure_04_03_01,2026,general,一般会計,清掃管理運営費,玉川清掃事務所維持管理,清掃＊玉川清掃事務所,23826,1,393,derived
2026_general_expenditure_04_03_01_01_19,2026_general_expenditure_04_03_01,2026,general,一般会計,清掃管理運営費,砧清掃事務所維持管理,清掃＊砧清掃事務所,45939,1,393,derived
2026_general_expenditure_04_03_01_01_22,2026_general_expenditure_04_03_01,2026,general,一般会計,清掃管理運営費,清掃事業管理運営,清掃・リサ＊管理課,0,1,393,derived
2026_general_expenditure_04_03_01_01_24,2026_general_expenditure_04_03_01,2026,general,一般会計,清掃管理運営費,ごみ減量・リサイクルの促進,清掃＊事業課,45496,1,393,derived
2026_general_expenditure_04_03_01_01_26,2026_general_expenditure_04_03_01,2026,general,一般会計,清掃管理運営費,事業用大規模建築物の対象拡大,清掃＊事業課,2129,1,393,derived
2026_general_expenditure_04_03_01_01_27,2026_general_expenditure_04_03_01,2026,general,一般会計,清掃管理運営費,清掃事業管理・調整事務,清掃・リサ＊管理課,25724,1,393,derived
2026_general_expenditure_04_03_01_01_28,2026_general_expenditure_04_03_01,2026,general,一般会計,清掃管理運営費,清掃事業運営,清掃・リサ＊管理課,62694,1,393,derived
2026_general_expenditure_04_03_02_01_01,2026_general_expenditure_04_03_02,2026,general,一般会計,廃棄物対策事業費,ごみ収集作業,清掃＊事業課,4038206,1,395,derived
2026_general_expenditure_04_03_02_01_02,2026_general_expenditure_04_03_02,2026,general,一般会計,廃棄物対策事業費,不法投棄ごみ処理作業,清掃＊事業課,18585,1,395,derived
2026_general_expenditure_04_03_02_01_03,2026_general_expenditure_04_03_02,2026,general,一般会計,廃棄物対策事業費,動物死体処理作業,清掃＊事業課,3370,1,395,derived
2026_general_expenditure_04_03_02_01_04,2026_general_expenditure_04_03_02,2026,general,一般会計,廃棄物対策事業費,清掃車両購入・維持,清掃＊砧清掃事務所,13519,1,395,derived
2026_general_expenditure_04_03_02_01_05,2026_general_expenditure_04_03_02,2026,general,一般会計,廃棄物対策事業費,し尿収集運搬作業,清掃＊事業課,6105,1,395,derived
2026_general_expenditure_04_03_02_01_06,2026_general_expenditure_04_03_02,2026,general,一般会計,廃棄物対策事業費,希望丘中継所維持運営,清掃＊砧清掃事務所,220993,1,395,derived
2026_general_expenditure_04_03_03_01_06,2026_general_expenditure_04_03_03,2026,general,一般会計,省資源対策事業費,リサイクル活動団体援助,清掃＊事業課,70198,1,395,derived
2026_general_expenditure_04_03_03_01_08,2026_general_expenditure_04_03_03,2026,general,一般会計,省資源対策事業費,拠点回収事業,清掃＊事業課,36992,1,395,derived
2026_general_expenditure_04_03_03_01_09,2026_general_expenditure_04_03_03,2026,general,一般会計,省資源対策事業費,資源分別回収事業,清掃＊事業課,3254872,1,395,derived
2026_general_expenditure_04_03_03_01_11,2026_general_expenditure_04_03_03,2026,general,一般会計,省資源対策事業費,リサイクル施設維持運営,清掃＊事業課,361168,1,395,derived
2026_general_expenditure_04_03_04_01_02,2026_general_expenditure_04_03_04,2026,general,一般会計,清掃施設整備事業費,清掃・リサイクル施設改修,清掃＊事業課,2814,1,395,derived
2026_general_expenditure_04_03_04_01_04,2026_general_expenditure_04_03_04,2026,general,一般会計,清掃施設整備事業費,清掃事務所等改修,清掃・リサ＊管理課,97422,1,395,derived
2026_general_expenditure_04_03_04_01_05,2026_general_expenditure_04_03_04,2026,general,一般会計,清掃施設整備事業費,清掃事務所等改築,清掃・リサ＊管理課,100000,1,395,derived
2026_general_expenditure_05_01_01_01_01,2026_general_expenditure_05_01_01,2026,general,一般会計,地域医療事業費,地域医療整備,保政＊保福推進課,517590,1,397,derived
2026_general_expenditure_05_01_01_01_02,2026_general_expenditure_05_01_01,2026,general,一般会計,地域医療事業費,歯科保健サービスの充実,保政＊保福推進課,212000,1,397,derived
2026_general_expenditure_05_01_01_01_04,2026_general_expenditure_05_01_01,2026,general,一般会計,地域医療事業費,在宅医療の充実,保政＊保福推進課,20000,1,397,derived
2026_general_expenditure_05_01_01_01_06,2026_general_expenditure_05_01_01,2026,general,一般会計,地域医療事業費,保健衛生施設整備,保政＊保福推進課,54000,1,397,derived
2026_general_expenditure_05_01_01_02_01,2026_general_expenditure_05_01_01,2026,general,一般会計,精神保健事業費,精神障害者保健福祉手帳等進達事務,障福＊障害保健福祉課,3474,1,397,derived
2026_general_expenditure_05_01_03_01_01,2026_general_expenditure_05_01_03,2026,general,一般会計,衛生統計調査事業費,衛生統計調査,世保＊健康企画課,3886,1,399,derived
2026_general_expenditure_05_01_04_01_01,2026_general_expenditure_05_01_04,2026,general,一般会計,保健センター維持運営費,保健センター維持運営,保政＊保福推進課,290395,1,399,derived
2026_general_expenditure_05_01_04_01_02,2026_general_expenditure_05_01_04,2026,general,一般会計,保健センター維持運営費,保健センター事業運営,世保＊健康企画課,220893,1,399,derived
2026_general_expenditure_05_02_01_01_01,2026_general_expenditure_05_02_01,2026,general,一般会計,保健所運営費,健康危機管理体制の充実,世保＊健康企画課,84322,1,401,derived
2026_general_expenditure_05_02_01_01_02,2026_general_expenditure_05_02_01,2026,general,一般会計,保健所運営費,保健所運営事務,世保＊健康企画課,6191,1,401,derived
2026_general_expenditure_05_02_01_01_03,2026_general_expenditure_05_02_01,2026,general,一般会計,保健所運営費,保健所庶務事務,世保＊健康企画課,13073,1,401,derived
2026_general_expenditure_05_02_01_01_04,2026_general_expenditure_05_02_01,2026,general,一般会計,保健所運営費,健康せたがやプランの推進,世保＊健康企画課,16046,1,401,derived
2026_general_expenditure_05_02_01_01_08,2026_general_expenditure_05_02_01,2026,general,一般会計,保健所運営費,受動喫煙対策,世保＊健康企画課,10774,1,401,derived
2026_general_expenditure_05_02_01_02_01,2026_general_expenditure_05_02_01,2026,general,一般会計,保健衛生事業費,精神保健福祉相談,世保＊健康推進課,7096,1,401,derived
2026_general_expenditure_05_02_01_02_02,2026_general_expenditure_05_02_01,2026,general,一般会計,保健衛生事業費,精神保健福祉推進,世保＊健康推進課,50431,1,401,derived
2026_general_expenditure_05_02_01_02_03,2026_general_expenditure_05_02_01,2026,general,一般会計,保健衛生事業費,精神障害者生活指導,世保＊健康推進課,10608,1,401,derived
2026_general_expenditure_05_02_01_02_04,2026_general_expenditure_05_02_01,2026,general,一般会計,保健衛生事業費,区民健康診断（世田谷）,世センター＊健康づくり課,9564,1,401,derived
2026_general_expenditure_05_02_01_02_05,2026_general_expenditure_05_02_01,2026,general,一般会計,保健衛生事業費,区民健康診断（北沢）,北センター＊健康づくり課,5054,1,401,derived
2026_general_expenditure_05_02_01_02_06,2026_general_expenditure_05_02_01,2026,general,一般会計,保健衛生事業費,区民健康診断（玉川）,玉センター＊健康づくり課,5965,1,401,derived
2026_general_expenditure_05_02_01_02_07,2026_general_expenditure_05_02_01,2026,general,一般会計,保健衛生事業費,区民健康診断（砧）,砧センター＊健康づくり課,5684,1,401,derived
2026_general_expenditure_05_02_01_02_08,2026_general_expenditure_05_02_01,2026,general,一般会計,保健衛生事業費,区民健康診断（烏山）,烏センター＊健康づくり課,8240,1,401,derived
2026_general_expenditure_05_03_03_01_01,2026_general_expenditure_05_03_03,2026,general,一般会計,成人病予防事業費,歯科保健対策,世保＊健康推進課,123722,1,403,derived
2026_general_expenditure_05_03_03_01_03,2026_general_expenditure_05_03_03,2026,general,一般会計,成人病予防事業費,骨粗しょう症検診,世保＊健康企画課,14583,1,403,derived
2026_general_expenditure_05_03_03_01_04,2026_general_expenditure_05_03_03,2026,general,一般会計,成人病予防事業費,がん検診,世保＊健康企画課,1605415,1,403,derived
2026_general_expenditure_05_03_03_01_05,2026_general_expenditure_05_03_03,2026,general,一般会計,成人病予防事業費,生活習慣病予防対策,世保＊健康企画課,512,1,403,derived
2026_general_expenditure_05_03_03_01_10,2026_general_expenditure_05_03_03,2026,general,一般会計,成人病予防事業費,成人健康診査,世保＊健康企画課,573614,1,403,derived
2026_general_expenditure_05_03_03_01_12,2026_general_expenditure_05_03_03,2026,general,一般会計,成人病予防事業費,がん対策,世保＊健康企画課,125130,1,403,derived
2026_general_expenditure_05_03_03_01_13,2026_general_expenditure_05_03_03,2026,general,一般会計,成人病予防事業費,肝炎ウイルス検診,世保＊健康企画課,16524,1,403,derived
2026_general_expenditure_05_03_04_01_01,2026_general_expenditure_05_03_04,2026,general,一般会計,健康づくり事業費,食を通じた健康づくり対策,世保＊健康推進課,1776,1,405,derived
2026_general_expenditure_05_03_04_01_04,2026_general_expenditure_05_03_04,2026,general,一般会計,健康づくり事業費,健康づくり支援（世田谷）,世センター＊健康づくり課,1009,1,405,derived
2026_general_expenditure_05_03_04_01_05,2026_general_expenditure_05_03_04,2026,general,一般会計,健康づくり事業費,健康づくり支援（北沢）,北センター＊健康づくり課,854,1,405,derived
2026_general_expenditure_05_03_04_01_06,2026_general_expenditure_05_03_04,2026,general,一般会計,健康づくり事業費,健康づくり支援（玉川）,玉センター＊健康づくり課,716,1,405,derived
2026_general_expenditure_05_03_04_01_07,2026_general_expenditure_05_03_04,2026,general,一般会計,健康づくり事業費,健康づくり支援（砧）,砧センター＊健康づくり課,870,1,405,derived
2026_general_expenditure_05_03_04_01_08,2026_general_expenditure_05_03_04,2026,general,一般会計,健康づくり事業費,健康づくり支援（烏山）,烏センター＊健康づくり課,677,1,405,derived
2026_general_expenditure_05_03_04_01_09,2026_general_expenditure_05_03_04,2026,general,一般会計,健康づくり事業費,食育の推進,世保＊健康推進課,4058,1,405,derived
2026_general_expenditure_05_03_05_01_03,2026_general_expenditure_05_03_05,2026,general,一般会計,母子保健指導事業費,乳幼児健康診査,世保＊健康推進課,0,1,405,derived
2026_general_expenditure_05_03_05_01_04,2026_general_expenditure_05_03_05,2026,general,一般会計,母子保健指導事業費,保健福祉センター乳幼児健康診査,世保＊健康推進課,161198,1,405,derived
2026_general_expenditure_05_03_05_01_05,2026_general_expenditure_05_03_05,2026,general,一般会計,母子保健指導事業費,アレルギー疾患相談,世保＊健康推進課,223,1,405,derived
2026_general_expenditure_05_03_05_01_06,2026_general_expenditure_05_03_05,2026,general,一般会計,母子保健指導事業費,乳幼児歯科健康診査,世保＊健康推進課,54542,1,405,derived
2026_general_expenditure_05_03_05_01_07,2026_general_expenditure_05_03_05,2026,general,一般会計,母子保健指導事業費,保健福祉センター乳幼児歯科健康診査,世保＊健康推進課,43121,1,405,derived
2026_general_expenditure_05_03_05_01_09,2026_general_expenditure_05_03_05,2026,general,一般会計,母子保健指導事業費,母子保健知識等の普及と啓発,世保＊健康推進課,890133,1,405,derived
2026_general_expenditure_05_03_05_01_11,2026_general_expenditure_05_03_05,2026,general,一般会計,母子保健指導事業費,未熟児等に対する医療費公費負担,世保＊健康推進課,47458,1,405,derived
2026_general_expenditure_05_03_05_01_12,2026_general_expenditure_05_03_05,2026,general,一般会計,母子保健指導事業費,妊婦健康診査,世保＊健康推進課,0,1,405,derived
2026_general_expenditure_05_03_05_01_13,2026_general_expenditure_05_03_05,2026,general,一般会計,母子保健指導事業費,乳児期家庭（新生児）訪問事業,世保＊健康推進課,44275,1,405,derived
2026_general_expenditure_05_03_05_01_15,2026_general_expenditure_05_03_05,2026,general,一般会計,母子保健指導事業費,育児不安・児童虐待防止対策,世保＊健康推進課,28791,1,405,derived
2026_general_expenditure_05_03_05_01_16,2026_general_expenditure_05_03_05,2026,general,一般会計,母子保健指導事業費,小児慢性特定疾病医療費給付,世保＊感染症対策課,213881,1,405,derived
2026_general_expenditure_05_03_05_01_17,2026_general_expenditure_05_03_05,2026,general,一般会計,母子保健指導事業費,リプロダクティブ・ヘルス／ライツの周知啓発,世保＊健康推進課,2402,1,405,derived
2026_general_expenditure_05_03_05_01_18,2026_general_expenditure_05_03_05,2026,general,一般会計,母子保健指導事業費,地域と連携した両親学級の充実,世保＊健康推進課,27915,1,405,derived
2026_general_expenditure_05_03_05_01_19,2026_general_expenditure_05_03_05,2026,general,一般会計,母子保健指導事業費,妊産婦及び乳幼児健康診査,世保＊健康推進課,825715,1,405,derived
2026_general_expenditure_05_03_05_01_20,2026_general_expenditure_05_03_05,2026,general,一般会計,母子保健指導事業費,妊産婦及び乳幼児への栄養・食生活支援事業,世保＊健康推進課,5077,1,405,derived
2026_general_expenditure_05_03_06_01_01,2026_general_expenditure_05_03_06,2026,general,一般会計,公害保健対策事業費,公害保健対策,世保＊健康推進課,1870,1,407,derived
2026_general_expenditure_05_03_07_01_01,2026_general_expenditure_05_03_07,2026,general,一般会計,感染症防疫処置事業費,感染症対策,世保＊感染症対策課,14735,1,407,derived
2026_general_expenditure_05_03_07_02_01,2026_general_expenditure_05_03_07,2026,general,一般会計,感染症予防事業費,定期及臨時予防接種,世保＊感染症対策課,2611187,1,407,derived
2026_general_expenditure_05_03_07_02_02,2026_general_expenditure_05_03_07,2026,general,一般会計,感染症予防事業費,高齢者インフルエンザ予防接種,世保＊感染症対策課,417726,1,407,derived
2026_general_expenditure_05_03_07_02_03,2026_general_expenditure_05_03_07,2026,general,一般会計,感染症予防事業費,子どもインフルエンザ予防接種助成,世保＊感染症対策課,229230,1,407,derived
2026_general_expenditure_05_03_07_02_05,2026_general_expenditure_05_03_07,2026,general,一般会計,感染症予防事業費,高齢者肺炎球菌予防接種,世保＊感染症対策課,21260,1,407,derived
2026_general_expenditure_05_03_07_02_08,2026_general_expenditure_05_03_07,2026,general,一般会計,感染症予防事業費,風しん抗体検査・予防接種,世保＊感染症対策課,27022,1,407,derived
2026_general_expenditure_05_03_07_02_09,2026_general_expenditure_05_03_07,2026,general,一般会計,感染症予防事業費,帯状疱疹予防接種助成,世保＊感染症対策課,236206,1,407,derived
2026_general_expenditure_05_03_07_02_10,2026_general_expenditure_05_03_07,2026,general,一般会計,感染症予防事業費,高齢者新型コロナ予防接種,世保＊感染症対策課,1104474,1,407,derived
2026_general_expenditure_05_03_07_02_11,2026_general_expenditure_05_03_07,2026,general,一般会計,感染症予防事業費,おたふくかぜ予防接種助成,世保＊感染症対策課,38892,1,407,derived
2026_general_expenditure_05_03_07_02_12,2026_general_expenditure_05_03_07,2026,general,一般会計,感染症予防事業費,男性ＨＰＶ予防接種助成,世保＊感染症対策課,35353,1,407,derived
2026_general_expenditure_05_03_07_03_01,2026_general_expenditure_05_03_07,2026,general,一般会計,結核予防事業費,結核対策,世保＊感染症対策課,25435,1,407,derived
2026_general_expenditure_05_03_07_03_03,2026_general_expenditure_05_03_07,2026,general,一般会計,結核予防事業費,難病・被爆者対策,世保＊感染症対策課,6930,1,407,derived
2026_general_expenditure_05_04_01_01_01,2026_general_expenditure_05_04_01,2026,general,一般会計,環境衛生事業費,臨床検査事業運営,世保＊健康企画課,7452,1,409,derived
2026_general_expenditure_05_04_01_01_02,2026_general_expenditure_05_04_01,2026,general,一般会計,環境衛生事業費,化学検査事業運営,世保＊健康企画課,17410,1,409,derived
2026_general_expenditure_05_04_01_01_03,2026_general_expenditure_05_04_01,2026,general,一般会計,環境衛生事業費,細菌検査事業運営,世保＊健康企画課,16399,1,409,derived
2026_general_expenditure_05_04_01_01_04,2026_general_expenditure_05_04_01,2026,general,一般会計,環境衛生事業費,人と動物との共生推進事業,世保＊生活保健課,22838,1,409,derived
2026_general_expenditure_05_04_01_01_05,2026_general_expenditure_05_04_01,2026,general,一般会計,環境衛生事業費,狂犬病予防法事務,世保＊生活保健課,50990,1,409,derived
2026_general_expenditure_05_04_01_01_06,2026_general_expenditure_05_04_01,2026,general,一般会計,環境衛生事業費,鼠・害虫相談・水害消毒,世保＊生活保健課,15821,1,409,derived
2026_general_expenditure_05_04_01_01_07,2026_general_expenditure_05_04_01,2026,general,一般会計,環境衛生事業費,食品衛生監視普及,世保＊生活保健課,15268,1,409,derived
2026_general_expenditure_05_04_01_01_08,2026_general_expenditure_05_04_01,2026,general,一般会計,環境衛生事業費,医事薬事監視普及,世保＊生活保健課,2911,1,409,derived
2026_general_expenditure_05_04_01_01_09,2026_general_expenditure_05_04_01,2026,general,一般会計,環境衛生事業費,環境衛生監視普及,世保＊生活保健課,3337,1,409,derived
2026_general_expenditure_05_04_01_01_11,2026_general_expenditure_05_04_01,2026,general,一般会計,環境衛生事業費,食の安全・安心の推進,世保＊生活保健課,376,1,409,derived
2026_general_expenditure_05_04_01_01_13,2026_general_expenditure_05_04_01,2026,general,一般会計,環境衛生事業費,住宅宿泊事業監視普及,世保＊生活保健課,28416,1,409,derived
2026_general_expenditure_05_04_01_01_14,2026_general_expenditure_05_04_01,2026,general,一般会計,環境衛生事業費,検査センター事務,世保＊生活保健課,122903,1,409,derived
2026_general_expenditure_06_01_01_01_04,2026_general_expenditure_06_01_01,2026,general,一般会計,商工業振興育成事業費,公衆浴場確保対策,経産＊商業課,21097,1,411,derived
2026_general_expenditure_06_01_01_01_05,2026_general_expenditure_06_01_01,2026,general,一般会計,商工業振興育成事業費,中小企業者経営支援,経産＊商業課,538369,1,411,derived
2026_general_expenditure_06_01_01_01_18,2026_general_expenditure_06_01_01,2026,general,一般会計,商工業振興育成事業費,産業振興,経産＊工・建・雇用促進課,29465,1,411,derived
2026_general_expenditure_06_01_01_01_23,2026_general_expenditure_06_01_01,2026,general,一般会計,商工業振興育成事業費,世田谷区産業振興公社運営助成,経産＊商業課,372469,1,411,derived
2026_general_expenditure_06_01_01_01_27,2026_general_expenditure_06_01_01,2026,general,一般会計,商工業振興育成事業費,商業振興,経産＊商業課,927732,1,411,derived
2026_general_expenditure_06_01_01_01_30,2026_general_expenditure_06_01_01,2026,general,一般会計,商工業振興育成事業費,産業計画の推進,経産＊経済課,12226,1,411,derived
2026_general_expenditure_06_01_01_01_35,2026_general_expenditure_06_01_01,2026,general,一般会計,商工業振興育成事業費,観光事業の推進,経産＊経済課,52487,1,411,derived
2026_general_expenditure_06_01_01_01_41,2026_general_expenditure_06_01_01,2026,general,一般会計,商工業振興育成事業費,経営改善支援事業,経産＊経済課,2627,1,411,derived
2026_general_expenditure_06_01_01_01_42,2026_general_expenditure_06_01_01,2026,general,一般会計,商工業振興育成事業費,産業連携推進事業,経産＊経済課,6323,1,411,derived
2026_general_expenditure_06_01_01_01_43,2026_general_expenditure_06_01_01,2026,general,一般会計,商工業振興育成事業費,ビジネスモデル研究開発支援事業,経産＊経済課,2400,1,411,derived
2026_general_expenditure_06_01_01_01_44,2026_general_expenditure_06_01_01,2026,general,一般会計,商工業振興育成事業費,工業・ものづくりの振興,経産＊工・建・雇用促進課,5802,1,411,derived
2026_general_expenditure_06_01_01_01_47,2026_general_expenditure_06_01_01,2026,general,一般会計,商工業振興育成事業費,地方版図柄入りナンバープレートＰＲ事業,経産＊経済課,409,1,411,derived
2026_general_expenditure_06_01_01_01_48,2026_general_expenditure_06_01_01,2026,general,一般会計,商工業振興育成事業費,産業交流促進事業,経産＊経済課,1800,1,411,derived
2026_general_expenditure_06_01_01_01_50,2026_general_expenditure_06_01_01,2026,general,一般会計,商工業振興育成事業費,経済産業部庶務事務,経産＊商業課,6399,1,411,derived
2026_general_expenditure_06_01_01_01_54,2026_general_expenditure_06_01_01,2026,general,一般会計,商工業振興育成事業費,商業支援,経産＊商業課,12727,1,411,derived
2026_general_expenditure_06_01_01_01_55,2026_general_expenditure_06_01_01,2026,general,一般会計,商工業振興育成事業費,産業創造プラットフォーム,経産＊経済課,29499,1,411,derived
2026_general_expenditure_06_01_01_01_56,2026_general_expenditure_06_01_01,2026,general,一般会計,商工業振興育成事業費,産業活性化拠点事業,経産＊経済課,120656,1,411,derived
2026_general_expenditure_06_01_01_01_57,2026_general_expenditure_06_01_01,2026,general,一般会計,商工業振興育成事業費,地域産業支援,経産＊経済課,78602,1,411,derived
2026_general_expenditure_06_01_01_01_58,2026_general_expenditure_06_01_01,2026,general,一般会計,商工業振興育成事業費,地域経済活動の促進,経産＊経済課,7649,1,411,derived
2026_general_expenditure_06_01_01_01_59,2026_general_expenditure_06_01_01,2026,general,一般会計,商工業振興育成事業費,産業活性化拠点施設整備,経産＊経済課,0,1,411,derived
2026_general_expenditure_06_01_01_01_60,2026_general_expenditure_06_01_01,2026,general,一般会計,商工業振興育成事業費,産業活性化拠点維持管理,経産＊工・建・雇用促進課,8573,1,411,derived
2026_general_expenditure_06_01_01_02_04,2026_general_expenditure_06_01_01,2026,general,一般会計,労働・雇用促進事業費,シルバー人材センター育成,経産＊工・建・雇用促進課,117536,1,411,derived
2026_general_expenditure_06_01_01_02_07,2026_general_expenditure_06_01_01,2026,general,一般会計,労働・雇用促進事業費,雇用促進事業,経産＊工・建・雇用促進課,569,1,411,derived
2026_general_expenditure_06_01_01_02_14,2026_general_expenditure_06_01_01,2026,general,一般会計,労働・雇用促進事業費,就労支援拠点事業,経産＊工・建・雇用促進課,66815,1,411,derived
2026_general_expenditure_06_01_01_02_20,2026_general_expenditure_06_01_01,2026,general,一般会計,労働・雇用促進事業費,区内企業就業マッチングの推進,経産＊工・建・雇用促進課,78968,1,411,derived
2026_general_expenditure_06_02_01_01_01,2026_general_expenditure_06_02_01,2026,general,一般会計,農業委員会委員報酬,農業委員会委員報酬,経産＊都市農業課,7380,1,415,derived
2026_general_expenditure_06_02_01_02_01,2026_general_expenditure_06_02_01,2026,general,一般会計,農業委員会運営費,農業委員会運営,経産＊都市農業課,3672,1,415,derived
2026_general_expenditure_06_02_02_01_02,2026_general_expenditure_06_02_02,2026,general,一般会計,農業指導奨励費,農地の保全,経産＊都市農業課,49582,1,415,derived
2026_general_expenditure_06_02_02_01_04,2026_general_expenditure_06_02_02,2026,general,一般会計,農業指導奨励費,農業経営安定化,経産＊都市農業課,13423,1,415,derived
2026_general_expenditure_06_02_02_01_05,2026_general_expenditure_06_02_02,2026,general,一般会計,農業指導奨励費,有機農業推進事業,経産＊都市農業課,3390,1,415,derived
2026_general_expenditure_06_02_02_01_07,2026_general_expenditure_06_02_02,2026,general,一般会計,農業指導奨励費,農産物ブランド化推進,経産＊都市農業課,5578,1,415,derived
2026_general_expenditure_06_02_02_01_08,2026_general_expenditure_06_02_02,2026,general,一般会計,農業指導奨励費,花卉・そ菜展,経産＊都市農業課,24352,1,415,derived
2026_general_expenditure_06_02_02_01_09,2026_general_expenditure_06_02_02,2026,general,一般会計,農業指導奨励費,ふれあい農業推進,経産＊都市農業課,4356,1,415,derived
2026_general_expenditure_06_02_02_01_10,2026_general_expenditure_06_02_02,2026,general,一般会計,農業指導奨励費,区民農園維持運営,経産＊都市農業課,110809,1,415,derived
2026_general_expenditure_06_02_02_01_13,2026_general_expenditure_06_02_02,2026,general,一般会計,農業指導奨励費,農業振興等拠点運営,経産＊都市農業課,6475,1,415,derived
2026_general_expenditure_06_02_02_01_15,2026_general_expenditure_06_02_02,2026,general,一般会計,農業指導奨励費,農福連携事業,経産＊都市農業課,4838,1,415,derived
2026_general_expenditure_07_01_01_01_04,2026_general_expenditure_07_01_01,2026,general,一般会計,土木管理事業費,土木技術指導,土＊土木計画調整課,3269,1,419,derived
2026_general_expenditure_07_01_01_01_28,2026_general_expenditure_07_01_01,2026,general,一般会計,土木管理事業費,違反広告物除却協力員制度,土＊土木計画調整課,204,1,419,derived
2026_general_expenditure_07_01_01_01_34,2026_general_expenditure_07_01_01,2026,general,一般会計,土木管理事業費,不法占用対策,土＊土木計画調整課,32678,1,419,derived
2026_general_expenditure_07_01_01_01_38,2026_general_expenditure_07_01_01,2026,general,一般会計,土木管理事業費,自動車臨時運行許可,土＊土木計画調整課,28,1,419,derived
2026_general_expenditure_07_01_01_01_41,2026_general_expenditure_07_01_01,2026,general,一般会計,土木管理事業費,土木部庶務事務,土＊土木計画調整課,10875,1,419,derived
2026_general_expenditure_07_01_01_01_42,2026_general_expenditure_07_01_01,2026,general,一般会計,土木管理事業費,土木施設維持管理（世田谷・北沢・烏山）,土＊工事第一課,30770,1,419,derived
2026_general_expenditure_07_01_01_01_43,2026_general_expenditure_07_01_01,2026,general,一般会計,土木管理事業費,土木施設維持管理（玉川・砧）,土＊工事第二課,20454,1,419,derived
2026_general_expenditure_07_01_01_01_44,2026_general_expenditure_07_01_01,2026,general,一般会計,土木管理事業費,土木事務（世田谷・北沢・烏山）,土＊工事第一課,16878,1,419,derived
2026_general_expenditure_07_01_01_01_45,2026_general_expenditure_07_01_01,2026,general,一般会計,土木管理事業費,土木事務（玉川・砧）,土＊工事第二課,16332,1,419,derived
2026_general_expenditure_07_01_01_01_48,2026_general_expenditure_07_01_01,2026,general,一般会計,土木管理事業費,土木施設改修（世田谷・北沢・烏山）,土＊工事第一課,4422,1,419,derived
2026_general_expenditure_07_01_01_01_49,2026_general_expenditure_07_01_01,2026,general,一般会計,土木管理事業費,土木施設改修（玉川・砧）,土＊工事第二課,0,1,419,derived
2026_general_expenditure_07_02_01_01_01,2026_general_expenditure_07_02_01,2026,general,一般会計,道路橋梁管理事業費,道路台帳等整備,道計＊道路管理課,64286,1,421,derived
2026_general_expenditure_07_02_01_01_02,2026_general_expenditure_07_02_01,2026,general,一般会計,道路橋梁管理事業費,道路等占用・掘削復旧許可,土＊土木計画調整課,12885,1,421,derived
2026_general_expenditure_07_02_01_01_08,2026_general_expenditure_07_02_01,2026,general,一般会計,道路橋梁管理事業費,地籍調査事業,道計＊道路管理課,121706,1,421,derived
2026_general_expenditure_07_02_01_01_09,2026_general_expenditure_07_02_01,2026,general,一般会計,道路橋梁管理事業費,事業計画各種調査・研究等,土＊土木計画調整課,15549,1,421,derived
2026_general_expenditure_07_02_01_01_15,2026_general_expenditure_07_02_01,2026,general,一般会計,道路橋梁管理事業費,へい死犬猫等処理,土＊工事第一課,28347,1,421,derived
2026_general_expenditure_07_02_01_01_17,2026_general_expenditure_07_02_01,2026,general,一般会計,道路橋梁管理事業費,土地境界確定,道計＊道路管理課,76893,1,421,derived
2026_general_expenditure_07_02_01_01_19,2026_general_expenditure_07_02_01,2026,general,一般会計,道路橋梁管理事業費,公共物管理・道路認定,道計＊道路管理課,18933,1,421,derived
2026_general_expenditure_07_02_01_01_25,2026_general_expenditure_07_02_01,2026,general,一般会計,道路橋梁管理事業費,道路維持管理（世田谷・北沢・烏山）,土＊工事第一課,8024,1,421,derived
2026_general_expenditure_07_02_01_01_26,2026_general_expenditure_07_02_01,2026,general,一般会計,道路橋梁管理事業費,道路維持管理（玉川・砧）,土＊工事第二課,6855,1,421,derived
2026_general_expenditure_07_02_01_01_27,2026_general_expenditure_07_02_01,2026,general,一般会計,道路橋梁管理事業費,豪雨対策・下水道整備事務,土＊豪雨・下水道整備課,606,1,421,derived
2026_general_expenditure_07_02_01_01_28,2026_general_expenditure_07_02_01,2026,general,一般会計,道路橋梁管理事業費,道路・交通計画部庶務事務,道計＊道路管理課,8251,1,421,derived
2026_general_expenditure_07_02_02_01_13,2026_general_expenditure_07_02_02,2026,general,一般会計,道路維持整備事業費,街路樹維持管理,みどり３３＊公園緑地課,368902,1,423,derived
2026_general_expenditure_07_02_02_01_14,2026_general_expenditure_07_02_02,2026,general,一般会計,道路維持整備事業費,道路側溝維持修繕（世田谷・北沢・烏山）,土＊工事第一課,488855,1,423,derived
2026_general_expenditure_07_02_02_01_15,2026_general_expenditure_07_02_02,2026,general,一般会計,道路維持整備事業費,道路側溝維持修繕（玉川・砧）,土＊工事第二課,712302,1,423,derived
2026_general_expenditure_07_02_03_01_01,2026_general_expenditure_07_02_03,2026,general,一般会計,道路新設改良事業費,建築線・狭あい道路事業,防街＊建築安全課,1034715,1,423,derived
2026_general_expenditure_07_02_03_01_57,2026_general_expenditure_07_02_03,2026,general,一般会計,道路新設改良事業費,道路建設事務,道計＊道路計画課,13434,1,423,derived
2026_general_expenditure_07_02_03_01_62,2026_general_expenditure_07_02_03,2026,general,一般会計,道路新設改良事業費,土地区画整理,防街＊市街地整備課,700,1,423,derived
2026_general_expenditure_07_02_03_01_63,2026_general_expenditure_07_02_03,2026,general,一般会計,道路新設改良事業費,道路事業推進事務,道計＊道路事業推進課,37746,1,423,derived
2026_general_expenditure_07_02_03_01_75,2026_general_expenditure_07_02_03,2026,general,一般会計,道路新設改良事業費,都市型水害対策の推進,土＊豪雨・下水道整備課,58984,1,423,derived
2026_general_expenditure_07_02_03_01_76,2026_general_expenditure_07_02_03,2026,general,一般会計,道路新設改良事業費,雨水貯留浸透施設整備（世田谷・北沢・烏山）,土＊工事第一課,18538,1,423,derived
2026_general_expenditure_07_02_03_01_77,2026_general_expenditure_07_02_03,2026,general,一般会計,道路新設改良事業費,雨水貯留浸透施設整備（玉川・砧）,土＊工事第二課,14435,1,423,derived
2026_general_expenditure_07_02_03_01_78,2026_general_expenditure_07_02_03,2026,general,一般会計,道路新設改良事業費,路面改良（世田谷・北沢・烏山）,土＊工事第一課,961745,1,423,derived
2026_general_expenditure_07_02_03_01_79,2026_general_expenditure_07_02_03,2026,general,一般会計,道路新設改良事業費,路面改良（玉川・砧）,土＊工事第二課,856964,1,423,derived
2026_general_expenditure_07_02_03_01_80,2026_general_expenditure_07_02_03,2026,general,一般会計,道路新設改良事業費,主要な生活道路築造（世田谷・北沢・烏山）,土＊工事第一課,406595,1,423,derived
2026_general_expenditure_07_02_03_01_81,2026_general_expenditure_07_02_03,2026,general,一般会計,道路新設改良事業費,主要な生活道路築造（玉川・砧）,土＊工事第二課,95963,1,423,derived
2026_general_expenditure_07_02_03_01_84,2026_general_expenditure_07_02_03,2026,general,一般会計,道路新設改良事業費,歩道整備（世田谷・北沢・烏山）,土＊工事第一課,218925,1,423,derived
2026_general_expenditure_07_02_03_01_85,2026_general_expenditure_07_02_03,2026,general,一般会計,道路新設改良事業費,歩道整備（玉川・砧）,土＊工事第二課,261300,1,423,derived
2026_general_expenditure_07_02_03_01_88,2026_general_expenditure_07_02_03,2026,general,一般会計,道路新設改良事業費,地先道路築造（世田谷・北沢・烏山）,土＊工事第一課,121195,1,423,derived
2026_general_expenditure_07_02_03_01_89,2026_general_expenditure_07_02_03,2026,general,一般会計,道路新設改良事業費,地先道路築造（玉川・砧）,土＊工事第二課,70060,1,423,derived
2026_general_expenditure_07_02_03_01_90,2026_general_expenditure_07_02_03,2026,general,一般会計,道路新設改良事業費,無電柱化整備（世田谷・北沢・烏山）,土＊工事第一課,249625,1,423,derived
2026_general_expenditure_07_02_03_01_91,2026_general_expenditure_07_02_03,2026,general,一般会計,道路新設改良事業費,無電柱化整備（玉川・砧）,土＊工事第二課,201415,1,423,derived
2026_general_expenditure_07_02_03_01_94,2026_general_expenditure_07_02_03,2026,general,一般会計,道路新設改良事業費,座れる場づくりの推進（世田谷・北沢・烏山）,土＊工事第一課,2500,1,423,derived
2026_general_expenditure_07_02_03_02_02,2026_general_expenditure_07_02_03,2026,general,一般会計,道路用地買収事業費,地先道路用地取得,道計＊道路計画課,1075896,1,423,derived
2026_general_expenditure_07_02_03_02_12,2026_general_expenditure_07_02_03,2026,general,一般会計,道路用地買収事業費,都市計画道路用地取得,道計＊道路計画課,3215932,1,423,derived
2026_general_expenditure_07_02_03_02_13,2026_general_expenditure_07_02_03,2026,general,一般会計,道路用地買収事業費,主要生活道路用地取得,道計＊道路計画課,541709,1,423,derived
2026_general_expenditure_07_02_03_02_14,2026_general_expenditure_07_02_03,2026,general,一般会計,道路用地買収事業費,都市計画道路（拠点整備・下北沢）,道計＊道路計画課,41935,1,423,derived
2026_general_expenditure_07_02_04_01_08,2026_general_expenditure_07_02_04,2026,general,一般会計,私道整備事業費,私道整備助成,土＊工事第一課,39000,1,425,derived
2026_general_expenditure_07_02_06_01_01,2026_general_expenditure_07_02_06,2026,general,一般会計,交通安全対策事業費,交通安全啓発,土＊交通安全自転車課,18714,1,425,derived
2026_general_expenditure_07_02_06_01_12,2026_general_expenditure_07_02_06,2026,general,一般会計,交通安全対策事業費,放置自転車対策,土＊交通安全自転車課,446568,1,425,derived
2026_general_expenditure_07_02_06_01_41,2026_general_expenditure_07_02_06,2026,general,一般会計,交通安全対策事業費,自転車走行環境整備の推進,土＊交通安全自転車課,38248,1,425,derived
2026_general_expenditure_07_02_06_01_42,2026_general_expenditure_07_02_06,2026,general,一般会計,交通安全対策事業費,自転車等駐車場等整備,土＊交通安全自転車課,3000,1,425,derived
2026_general_expenditure_07_02_06_01_43,2026_general_expenditure_07_02_06,2026,general,一般会計,交通安全対策事業費,自転車等駐車場等維持運営,土＊交通安全自転車課,165812,1,425,derived
2026_general_expenditure_07_02_06_01_55,2026_general_expenditure_07_02_06,2026,general,一般会計,交通安全対策事業費,交通安全施設維持管理（世田谷・北沢・烏山）,土＊工事第一課,121653,1,425,derived
2026_general_expenditure_07_02_06_01_56,2026_general_expenditure_07_02_06,2026,general,一般会計,交通安全対策事業費,交通安全施設維持管理（玉川・砧）,土＊工事第二課,77297,1,425,derived
2026_general_expenditure_07_02_06_01_57,2026_general_expenditure_07_02_06,2026,general,一般会計,交通安全対策事業費,交通安全施設整備（世田谷・北沢・烏山）,土＊工事第一課,51914,1,425,derived
2026_general_expenditure_07_02_06_01_58,2026_general_expenditure_07_02_06,2026,general,一般会計,交通安全対策事業費,交通安全施設整備（玉川・砧）,土＊工事第二課,43157,1,425,derived
2026_general_expenditure_07_02_07_01_24,2026_general_expenditure_07_02_07,2026,general,一般会計,街路照明事業費,街路灯維持管理,土＊工事第一課,382282,1,425,derived
2026_general_expenditure_07_02_07_01_25,2026_general_expenditure_07_02_07,2026,general,一般会計,街路照明事業費,民有防犯灯維持助成,土＊工事第一課,1134,1,425,derived
2026_general_expenditure_07_02_07_01_26,2026_general_expenditure_07_02_07,2026,general,一般会計,街路照明事業費,ＬＥＤ街路灯新設改良,土＊工事第一課,470198,1,425,derived
2026_general_expenditure_07_02_08_01_01,2026_general_expenditure_07_02_08,2026,general,一般会計,公共下水道枝線建設事業費,公共下水道枝線建設,土＊豪雨・下水道整備課,428894,1,425,derived
2026_general_expenditure_07_02_09_01_11,2026_general_expenditure_07_02_09,2026,general,一般会計,水洗化促進事業費,私道排水設備助成,土＊工事第二課,3500,1,425,derived
2026_general_expenditure_07_02_10_01_07,2026_general_expenditure_07_02_10,2026,general,一般会計,橋梁新設改良事業費,橋梁点検,土＊工事第二課,63129,1,427,derived
2026_general_expenditure_07_02_10_01_08,2026_general_expenditure_07_02_10,2026,general,一般会計,橋梁新設改良事業費,橋梁新設改良,土＊工事第二課,1411284,1,427,derived
2026_general_expenditure_07_03_01_01_01,2026_general_expenditure_07_03_01,2026,general,一般会計,河川・水路管理事業費,水防対策,土＊土木計画調整課,23361,1,429,derived
2026_general_expenditure_07_03_01_01_17,2026_general_expenditure_07_03_01,2026,general,一般会計,河川・水路管理事業費,下水道局樋門管理受託,土＊工事第二課,3753,1,429,derived
2026_general_expenditure_07_03_01_01_20,2026_general_expenditure_07_03_01,2026,general,一般会計,河川・水路管理事業費,水防対策（世田谷・北沢・烏山）,土＊工事第一課,1041,1,429,derived
2026_general_expenditure_07_03_01_01_21,2026_general_expenditure_07_03_01,2026,general,一般会計,河川・水路管理事業費,水防対策（玉川・砧）,土＊工事第二課,1946,1,429,derived
2026_general_expenditure_07_03_01_01_22,2026_general_expenditure_07_03_01,2026,general,一般会計,河川・水路管理事業費,河川・水路維持管理（世田谷・北沢・烏山）,土＊工事第一課,47200,1,429,derived
2026_general_expenditure_07_03_01_01_23,2026_general_expenditure_07_03_01,2026,general,一般会計,河川・水路管理事業費,河川・水路維持管理（玉川・砧）,土＊工事第二課,177330,1,429,derived
2026_general_expenditure_07_03_05_01_06,2026_general_expenditure_07_03_05,2026,general,一般会計,河川整備事業費,河川・水路整備（世田谷・北沢・烏山）,土＊工事第一課,11009,1,429,derived
2026_general_expenditure_07_03_05_01_07,2026_general_expenditure_07_03_05,2026,general,一般会計,河川整備事業費,河川・水路整備（玉川・砧）,土＊工事第二課,80340,1,429,derived
2026_general_expenditure_07_04_01_01_01,2026_general_expenditure_07_04_01,2026,general,一般会計,公園・身近な広場維持管理事業費,多摩川玉堤広場維持管理,みどり３３＊公園緑地課,112102,1,431,derived
2026_general_expenditure_07_04_01_01_02,2026_general_expenditure_07_04_01,2026,general,一般会計,公園・身近な広場維持管理事業費,公園事務,みどり３３＊公園緑地課,29092,1,431,derived
2026_general_expenditure_07_04_01_01_06,2026_general_expenditure_07_04_01,2026,general,一般会計,公園・身近な広場維持管理事業費,ミニＳＬ管理運営,みどり３３＊公園緑地課,53937,1,431,derived
2026_general_expenditure_07_04_01_01_12,2026_general_expenditure_07_04_01,2026,general,一般会計,公園・身近な広場維持管理事業費,公園プール維持運営,みどり３３＊公園緑地課,71459,1,431,derived
2026_general_expenditure_07_04_01_01_13,2026_general_expenditure_07_04_01,2026,general,一般会計,公園・身近な広場維持管理事業費,公園・身近な広場維持運営,みどり３３＊公園緑地課,3578985,1,431,derived
2026_general_expenditure_07_04_01_01_15,2026_general_expenditure_07_04_01,2026,general,一般会計,公園・身近な広場維持管理事業費,みどり３３推進担当部庶務事務,みどり３３＊みどり政策課,3616,1,431,derived
2026_general_expenditure_07_04_01_01_16,2026_general_expenditure_07_04_01,2026,general,一般会計,公園・身近な広場維持管理事業費,崖線樹林地保全管理,みどり３３＊公園緑地課,113670,1,431,derived
2026_general_expenditure_07_04_01_01_17,2026_general_expenditure_07_04_01,2026,general,一般会計,公園・身近な広場維持管理事業費,農業公園維持運営,みどり３３＊公園緑地課,100069,1,431,derived
2026_general_expenditure_07_04_02_01_18,2026_general_expenditure_07_04_02,2026,general,一般会計,公園・身近な広場新設改良事業費,緑道整備,みどり３３＊公園緑地課,22170,1,433,derived
2026_general_expenditure_07_04_02_01_27,2026_general_expenditure_07_04_02,2026,general,一般会計,公園・身近な広場新設改良事業費,公園新設,みどり３３＊公園緑地課,208152,1,433,derived
2026_general_expenditure_07_04_02_01_28,2026_general_expenditure_07_04_02,2026,general,一般会計,公園・身近な広場新設改良事業費,公園用地買収,み３３＊公園利活用推進課,3495859,1,433,derived
2026_general_expenditure_07_04_02_01_30,2026_general_expenditure_07_04_02,2026,general,一般会計,公園・身近な広場新設改良事業費,大規模公園改修,みどり３３＊公園緑地課,1441754,1,433,derived
2026_general_expenditure_07_04_02_01_31,2026_general_expenditure_07_04_02,2026,general,一般会計,公園・身近な広場新設改良事業費,公園・身近な広場改修,みどり３３＊公園緑地課,346759,1,433,derived
2026_general_expenditure_07_04_05_01_01,2026_general_expenditure_07_04_05,2026,general,一般会計,緑化推進事業費,特別保護区保護管理,みどり３３＊みどり政策課,19698,1,433,derived
2026_general_expenditure_07_04_05_01_11,2026_general_expenditure_07_04_05,2026,general,一般会計,緑化推進事業費,樹木・樹林地の保護,みどり３３＊みどり政策課,179137,1,433,derived
2026_general_expenditure_07_04_05_01_17,2026_general_expenditure_07_04_05,2026,general,一般会計,緑化推進事業費,緑と水のまちづくり,みどり３３＊みどり政策課,127901,1,433,derived
2026_general_expenditure_07_04_05_01_18,2026_general_expenditure_07_04_05,2026,general,一般会計,緑化推進事業費,地域緑化促進,みどり３３＊みどり政策課,17996,1,433,derived
2026_general_expenditure_07_04_05_01_24,2026_general_expenditure_07_04_05,2026,general,一般会計,緑化推進事業費,地下水湧水保全対策,みどり３３＊みどり政策課,9572,1,433,derived
2026_general_expenditure_07_04_05_01_35,2026_general_expenditure_07_04_05,2026,general,一般会計,緑化推進事業費,みどりのトラスト基金積立金,みどり３３＊みどり政策課,109193,1,433,derived
2026_general_expenditure_07_04_06_01_02,2026_general_expenditure_07_04_06,2026,general,一般会計,公衆トイレ維持管理事業費,公衆トイレ維持管理,みどり３３＊公園緑地課,35133,1,433,derived
2026_general_expenditure_07_05_01_01_01,2026_general_expenditure_07_05_01,2026,general,一般会計,建築行政費,中高層建築物紛争調整,都政＊建築調整課,405,1,435,derived
2026_general_expenditure_07_05_01_01_02,2026_general_expenditure_07_05_01,2026,general,一般会計,建築行政費,建築行政事務,都政＊建築調整課,7051,1,435,derived
2026_general_expenditure_07_05_01_01_03,2026_general_expenditure_07_05_01,2026,general,一般会計,建築行政費,違反建築物防止是正指導,防街＊建築安全課,181,1,435,derived
2026_general_expenditure_07_05_01_01_04,2026_general_expenditure_07_05_01,2026,general,一般会計,建築行政費,建築物耐震診断・補強工事,防街＊防災街づくり課,478366,1,435,derived
2026_general_expenditure_07_05_01_01_05,2026_general_expenditure_07_05_01,2026,general,一般会計,建築行政費,特殊建築物定期報告,防街＊建築安全課,11548,1,435,derived
2026_general_expenditure_07_05_01_01_14,2026_general_expenditure_07_05_01,2026,general,一般会計,建築行政費,空家等対策事業運営,防街＊建築安全課,19299,1,435,derived
2026_general_expenditure_07_05_01_01_16,2026_general_expenditure_07_05_01,2026,general,一般会計,建築行政費,民間建築敷地の安全促進,防街＊市街地整備課,22906,1,435,derived
2026_general_expenditure_07_05_02_01_02,2026_general_expenditure_07_05_02,2026,general,一般会計,住宅事業費,公的住宅維持運営,都政＊住宅課,1180147,1,437,derived
2026_general_expenditure_07_05_02_01_05,2026_general_expenditure_07_05_02,2026,general,一般会計,住宅事業費,公的住宅改修工事,都政＊住宅課,590817,1,437,derived
2026_general_expenditure_07_05_02_01_07,2026_general_expenditure_07_05_02,2026,general,一般会計,住宅事業費,生活協力員派遣事業,都政＊住宅課,92171,1,437,derived
2026_general_expenditure_07_05_02_01_08,2026_general_expenditure_07_05_02,2026,general,一般会計,住宅事業費,住宅施策の計画,都政＊居住支援課,330971,1,437,derived
2026_general_expenditure_07_05_02_01_09,2026_general_expenditure_07_05_02,2026,general,一般会計,住宅事業費,民間住宅管理保全等の支援,都政＊居住支援課,20180,1,437,derived
2026_general_expenditure_07_05_02_01_11,2026_general_expenditure_07_05_02,2026,general,一般会計,住宅事業費,「せたがやの家」運営補助,都政＊住宅課,66922,1,437,derived
2026_general_expenditure_07_05_02_01_17,2026_general_expenditure_07_05_02,2026,general,一般会計,住宅事業費,住まいサポートセンター運営,都政＊居住支援課,54914,1,437,derived
2026_general_expenditure_07_05_02_01_18,2026_general_expenditure_07_05_02,2026,general,一般会計,住宅事業費,住宅基金積立金,都政＊住宅課,84254,1,437,derived
2026_general_expenditure_07_05_02_01_21,2026_general_expenditure_07_05_02,2026,general,一般会計,住宅事業費,応急仮設住宅事業,都政＊住宅課,0,1,437,derived
2026_general_expenditure_07_06_01_01_02,2026_general_expenditure_07_06_01,2026,general,一般会計,都市計画事業費,建築審査会運営,都政＊都市計画課,3077,1,439,derived
2026_general_expenditure_07_06_01_01_06,2026_general_expenditure_07_06_01,2026,general,一般会計,都市計画事業費,都市景観の形成,都政＊都市デザイン課,22172,1,439,derived
2026_general_expenditure_07_06_01_01_07,2026_general_expenditure_07_06_01,2026,general,一般会計,都市計画事業費,地域街づくり情報化推進,都政＊都市計画課,83677,1,439,derived
2026_general_expenditure_07_06_01_01_08,2026_general_expenditure_07_06_01,2026,general,一般会計,都市計画事業費,都市計画法関連事務,都政＊都市計画課,6208,1,439,derived
2026_general_expenditure_07_06_01_01_09,2026_general_expenditure_07_06_01,2026,general,一般会計,都市計画事業費,都市計画基礎調査,都政＊都市計画課,149100,1,439,derived
2026_general_expenditure_07_06_01_01_10,2026_general_expenditure_07_06_01,2026,general,一般会計,都市計画事業費,都市計画審議会運営,都政＊都市計画課,1496,1,439,derived
2026_general_expenditure_07_06_01_01_11,2026_general_expenditure_07_06_01,2026,general,一般会計,都市計画事業費,土地利用計画事務,都政＊都市計画課,15659,1,439,derived
2026_general_expenditure_07_06_01_01_12,2026_general_expenditure_07_06_01,2026,general,一般会計,都市計画事業費,地区計画策定,都政＊都市計画課,76936,1,439,derived
2026_general_expenditure_07_06_01_01_14,2026_general_expenditure_07_06_01,2026,general,一般会計,都市計画事業費,鉄道と道路の立体化の促進,道計＊交通政策課,1795820,1,439,derived
2026_general_expenditure_07_06_01_01_15,2026_general_expenditure_07_06_01,2026,general,一般会計,都市計画事業費,バス交通サービスの充実,道計＊交通政策課,5473,1,439,derived
2026_general_expenditure_07_06_01_01_16,2026_general_expenditure_07_06_01,2026,general,一般会計,都市計画事業費,エイトライナー導入促進,道計＊交通政策課,1400,1,439,derived
2026_general_expenditure_07_06_01_01_25,2026_general_expenditure_07_06_01,2026,general,一般会計,都市計画事業費,世田谷区土地開発公社事務費負担金,財務＊用地課,1418,1,439,derived
2026_general_expenditure_07_06_01_01_26,2026_general_expenditure_07_06_01,2026,general,一般会計,都市計画事業費,世田谷区土地開発公社貸付金,財務＊用地課,2944131,1,439,derived
2026_general_expenditure_07_06_01_01_29,2026_general_expenditure_07_06_01,2026,general,一般会計,都市計画事業費,交通バリアフリーの推進,道計＊交通政策課,346053,1,439,derived
2026_general_expenditure_07_06_01_01_32,2026_general_expenditure_07_06_01,2026,general,一般会計,都市計画事業費,世田谷トラストまちづくり運営補助,都政＊都市計画課,292704,1,439,derived
2026_general_expenditure_07_06_01_01_35,2026_general_expenditure_07_06_01,2026,general,一般会計,都市計画事業費,街づくり事務（世田谷）,世支＊街づくり課,843,1,439,derived
2026_general_expenditure_07_06_01_01_36,2026_general_expenditure_07_06_01,2026,general,一般会計,都市計画事業費,街づくり事務（北沢）,北支＊街づくり課,864,1,439,derived
2026_general_expenditure_07_06_01_01_37,2026_general_expenditure_07_06_01,2026,general,一般会計,都市計画事業費,街づくり事務（玉川）,玉支＊街づくり課,911,1,439,derived
2026_general_expenditure_07_06_01_01_38,2026_general_expenditure_07_06_01,2026,general,一般会計,都市計画事業費,街づくり事務（砧）,砧支＊街づくり課,662,1,439,derived
2026_general_expenditure_07_06_01_01_39,2026_general_expenditure_07_06_01,2026,general,一般会計,都市計画事業費,街づくり事務（烏山）,烏支＊街づくり課,705,1,439,derived
2026_general_expenditure_07_06_01_01_42,2026_general_expenditure_07_06_01,2026,general,一般会計,都市計画事業費,駅周辺街づくりの推進（鉄道跡地利用）,北支＊街づくり課,12745,1,439,derived
2026_general_expenditure_07_06_01_01_43,2026_general_expenditure_07_06_01,2026,general,一般会計,都市計画事業費,ユニバーサルデザイン環境整備推進,都政＊都市デザイン課,13353,1,439,derived
2026_general_expenditure_07_06_01_01_45,2026_general_expenditure_07_06_01,2026,general,一般会計,都市計画事業費,鉄道沿線街づくりの推進,道計＊交通政策課,301213,1,439,derived
2026_general_expenditure_07_06_01_01_49,2026_general_expenditure_07_06_01,2026,general,一般会計,都市計画事業費,拠点まちづくりの促進,北支＊街づくり課,1551,1,439,derived
2026_general_expenditure_07_06_01_01_51,2026_general_expenditure_07_06_01,2026,general,一般会計,都市計画事業費,都市整備政策部庶務事務,都政＊都市計画課,41419,1,439,derived
2026_general_expenditure_07_06_01_01_52,2026_general_expenditure_07_06_01,2026,general,一般会計,都市計画事業費,防災街づくり担当部庶務事務,防街＊防災街づくり課,4581,1,439,derived
2026_general_expenditure_07_06_01_01_53,2026_general_expenditure_07_06_01,2026,general,一般会計,都市計画事業費,鉄道駅ホームドア整備の促進,道計＊交通政策課,0,1,439,derived
2026_general_expenditure_07_06_01_01_54,2026_general_expenditure_07_06_01,2026,general,一般会計,都市計画事業費,明大前駅周辺地区街づくりの推進,北支＊街づくり課,955,1,439,derived
2026_general_expenditure_07_06_01_01_55,2026_general_expenditure_07_06_01,2026,general,一般会計,都市計画事業費,三軒茶屋駅周辺地区街づくりの推進,世支＊街づくり課,28727,1,439,derived
2026_general_expenditure_07_06_01_01_59,2026_general_expenditure_07_06_01,2026,general,一般会計,都市計画事業費,駅周辺整備事務（烏山）,烏支＊駅周辺整備担当課,172,1,439,derived
2026_general_expenditure_07_06_01_01_60,2026_general_expenditure_07_06_01,2026,general,一般会計,都市計画事業費,事前復興街づくりの推進,都政＊都市計画課,6303,1,439,derived
2026_general_expenditure_07_06_02_01_01,2026_general_expenditure_07_06_02,2026,general,一般会計,市街地開発事業費,都市整備基金積立金,都政＊都市計画課,78169,1,441,derived
2026_general_expenditure_07_06_02_01_10,2026_general_expenditure_07_06_02,2026,general,一般会計,市街地開発事業費,千歳船橋駅周辺地区街づくりの推進,防街＊防災街づくり課,0,1,441,derived
2026_general_expenditure_07_06_02_01_11,2026_general_expenditure_07_06_02,2026,general,一般会計,市街地開発事業費,祖師ヶ谷大蔵駅周辺地区街づくりの推進,防街＊防災街づくり課,8655,1,441,derived
2026_general_expenditure_07_06_02_01_26,2026_general_expenditure_07_06_02,2026,general,一般会計,市街地開発事業費,木造住宅密集地域の解消,防街＊防災街づくり課,674137,1,441,derived
2026_general_expenditure_07_06_02_01_28,2026_general_expenditure_07_06_02,2026,general,一般会計,市街地開発事業費,千歳烏山駅周辺地区市街地再開発,防街＊市街地整備課,0,1,441,derived
2026_general_expenditure_07_06_02_01_29,2026_general_expenditure_07_06_02,2026,general,一般会計,市街地開発事業費,市街地再開発,防街＊市街地整備課,4063,1,441,derived
2026_general_expenditure_08_01_01_01_01,2026_general_expenditure_08_01_01,2026,general,一般会計,教育委員会委員報酬,教育委員会委員報酬,教生＊教育総務課,11556,1,443,derived
2026_general_expenditure_08_01_01_02_01,2026_general_expenditure_08_01_01,2026,general,一般会計,教育委員会事務運営費,教育委員会事務,教生＊教育総務課,1815,1,443,derived
2026_general_expenditure_08_01_02_01_02,2026_general_expenditure_08_01_02,2026,general,一般会計,教育委員会事務局運営費,事務局庶務事務,教生＊教育総務課,35346,1,445,derived
2026_general_expenditure_08_01_02_01_05,2026_general_expenditure_08_01_02,2026,general,一般会計,教育委員会事務局運営費,学校職員健康管理事業,学教＊学校職員課,13769,1,445,derived
2026_general_expenditure_08_01_02_01_06,2026_general_expenditure_08_01_02,2026,general,一般会計,教育委員会事務局運営費,学校職員被服貸与,学教＊学校職員課,7040,1,445,derived
2026_general_expenditure_08_01_02_01_07,2026_general_expenditure_08_01_02,2026,general,一般会計,教育委員会事務局運営費,教職員健康管理事業,学教＊学校職員課,80118,1,445,derived
2026_general_expenditure_08_01_02_01_08,2026_general_expenditure_08_01_02,2026,general,一般会計,教育委員会事務局運営費,教職員被服貸与,学教＊学校職員課,475,1,445,derived
2026_general_expenditure_08_01_02_01_09,2026_general_expenditure_08_01_02,2026,general,一般会計,教育委員会事務局運営費,教職員・児童生徒表彰,学教＊学校職員課,775,1,445,derived
2026_general_expenditure_08_01_02_01_10,2026_general_expenditure_08_01_02,2026,general,一般会計,教育委員会事務局運営費,帰国・外国人児童・生徒教育の推進,学教＊学務課,6384,1,445,derived
2026_general_expenditure_08_01_02_01_11,2026_general_expenditure_08_01_02,2026,general,一般会計,教育委員会事務局運営費,就学事務,学教＊学務課,3977,1,445,derived
2026_general_expenditure_08_01_02_01_12,2026_general_expenditure_08_01_02,2026,general,一般会計,教育委員会事務局運営費,教育広報,教生＊教育総務課,2484,1,445,derived
2026_general_expenditure_08_01_02_01_14,2026_general_expenditure_08_01_02,2026,general,一般会計,教育委員会事務局運営費,校務用電算機システム開発及び運用,教セ＊教育ＤＸ推進担当課,1254959,1,445,derived
2026_general_expenditure_08_01_02_01_15,2026_general_expenditure_08_01_02,2026,general,一般会計,教育委員会事務局運営費,教育用電算機システム運用,教セ＊教育ＤＸ推進担当課,843781,1,445,derived
2026_general_expenditure_08_01_02_01_17,2026_general_expenditure_08_01_02,2026,general,一般会計,教育委員会事務局運営費,学校庶務事務改善,教生＊教育総務課,26065,1,445,derived
2026_general_expenditure_08_01_03_01_03,2026_general_expenditure_08_01_03,2026,general,一般会計,教育指導関係運営費,小中学校連合行事,学教＊学務課,104543,1,445,derived
2026_general_expenditure_08_01_03_01_05,2026_general_expenditure_08_01_03,2026,general,一般会計,教育指導関係運営費,学校保健指導,教生＊学校健康推進課,489,1,445,derived
2026_general_expenditure_08_01_03_01_06,2026_general_expenditure_08_01_03,2026,general,一般会計,教育指導関係運営費,学校給食管理指導,教生＊学校健康推進課,11710,1,445,derived
2026_general_expenditure_08_01_03_01_07,2026_general_expenditure_08_01_03,2026,general,一般会計,教育指導関係運営費,教職員研修,教セ＊事業推進担当課,7266,1,445,derived
2026_general_expenditure_08_01_03_01_08,2026_general_expenditure_08_01_03,2026,general,一般会計,教育指導関係運営費,教材開発,学教＊教育指導課,45365,1,445,derived
2026_general_expenditure_08_01_03_01_10,2026_general_expenditure_08_01_03,2026,general,一般会計,教育指導関係運営費,教育研究校運営,教セ＊事業推進担当課,43363,1,445,derived
2026_general_expenditure_08_01_03_01_11,2026_general_expenditure_08_01_03,2026,general,一般会計,教育指導関係運営費,スポーツ教室,学教＊地域学校連携課,7863,1,445,derived
2026_general_expenditure_08_01_03_01_13,2026_general_expenditure_08_01_03,2026,general,一般会計,教育指導関係運営費,教育研究会活動補助,教セ＊事業推進担当課,8521,1,445,derived
2026_general_expenditure_08_01_03_01_20,2026_general_expenditure_08_01_03,2026,general,一般会計,教育指導関係運営費,特色ある学校づくり推進事業,学教＊教育指導課,59607,1,445,derived
2026_general_expenditure_08_01_03_01_21,2026_general_expenditure_08_01_03,2026,general,一般会計,教育指導関係運営費,外国人児童生徒等日本語指導員派遣,学教＊教育指導課,18459,1,445,derived
2026_general_expenditure_08_01_03_01_24,2026_general_expenditure_08_01_03,2026,general,一般会計,教育指導関係運営費,特別支援教育の推進,教セ＊支援教育課,439440,1,445,derived
2026_general_expenditure_08_01_03_01_27,2026_general_expenditure_08_01_03,2026,general,一般会計,教育指導関係運営費,地域運営学校,学教＊地域学校連携課,0,1,445,derived
2026_general_expenditure_08_01_03_01_29,2026_general_expenditure_08_01_03,2026,general,一般会計,教育指導関係運営費,部活動の支援,学教＊地域学校連携課,332551,1,445,derived
2026_general_expenditure_08_01_03_01_30,2026_general_expenditure_08_01_03,2026,general,一般会計,教育指導関係運営費,中学生課外活動支援事業（ＳＴＥＰ）,学教＊地域学校連携課,3183,1,445,derived
2026_general_expenditure_08_01_03_01_34,2026_general_expenditure_08_01_03,2026,general,一般会計,教育指導関係運営費,学校支援・生活指導相談等,学教＊教育指導課,664472,1,445,derived
2026_general_expenditure_08_01_03_01_35,2026_general_expenditure_08_01_03,2026,general,一般会計,教育指導関係運営費,外国人英語教育指導補助員派遣,学教＊教育指導課,0,1,445,derived
2026_general_expenditure_08_01_03_01_36,2026_general_expenditure_08_01_03,2026,general,一般会計,教育指導関係運営費,指導補助員等配置,学教＊教育指導課,550646,1,445,derived
2026_general_expenditure_08_01_03_01_38,2026_general_expenditure_08_01_03,2026,general,一般会計,教育指導関係運営費,学校職員研修,学教＊学校職員課,198,1,445,derived
2026_general_expenditure_08_01_03_01_40,2026_general_expenditure_08_01_03,2026,general,一般会計,教育指導関係運営費,就学支援委員会運営,教セ＊支援教育課,4578,1,445,derived
2026_general_expenditure_08_01_03_01_41,2026_general_expenditure_08_01_03,2026,general,一般会計,教育指導関係運営費,教科日本語の推進,学教＊教育指導課,18300,1,445,derived
2026_general_expenditure_08_01_03_01_42,2026_general_expenditure_08_01_03,2026,general,一般会計,教育指導関係運営費,学校関係者評価制度の推進,学教＊教育指導課,0,1,445,derived
2026_general_expenditure_08_01_03_01_43,2026_general_expenditure_08_01_03,2026,general,一般会計,教育指導関係運営費,大学等教育機関との連携,学教＊地域学校連携課,3793,1,445,derived
2026_general_expenditure_08_01_03_01_44,2026_general_expenditure_08_01_03,2026,general,一般会計,教育指導関係運営費,学校支援地域本部,学教＊地域学校連携課,0,1,445,derived
2026_general_expenditure_08_01_03_01_45,2026_general_expenditure_08_01_03,2026,general,一般会計,教育指導関係運営費,小中学生の国際交流,学教＊教育指導課,104050,1,445,derived
2026_general_expenditure_08_01_03_01_46,2026_general_expenditure_08_01_03,2026,general,一般会計,教育指導関係運営費,新・才能の芽を育てる体験学習,学教＊地域学校連携課,2024,1,445,derived
2026_general_expenditure_08_01_03_01_47,2026_general_expenditure_08_01_03,2026,general,一般会計,教育指導関係運営費,世田谷遊びと学びの教育基金積立金,学教＊教育指導課,2733,1,445,derived
2026_general_expenditure_08_01_03_01_48,2026_general_expenditure_08_01_03,2026,general,一般会計,教育指導関係運営費,乳幼児期の教育・保育の推進,教セ＊乳幼教・保支課,19603,1,445,derived
2026_general_expenditure_08_01_03_01_49,2026_general_expenditure_08_01_03,2026,general,一般会計,教育指導関係運営費,ＩＣＴを活用した学びの推進,教セ＊教育ＤＸ推進担当課,508282,1,445,derived
2026_general_expenditure_08_01_03_01_50,2026_general_expenditure_08_01_03,2026,general,一般会計,教育指導関係運営費,教育指導の推進,学教＊教育指導課,17683,1,445,derived
2026_general_expenditure_08_01_03_01_51,2026_general_expenditure_08_01_03,2026,general,一般会計,教育指導関係運営費,学校における働き方改革の推進,学教＊学校職員課,32507,1,445,derived
2026_general_expenditure_08_01_03_01_52,2026_general_expenditure_08_01_03,2026,general,一般会計,教育指導関係運営費,学校運営協議会,学教＊地域学校連携課,91470,1,445,derived
2026_general_expenditure_08_01_03_01_53,2026_general_expenditure_08_01_03,2026,general,一般会計,教育指導関係運営費,英語教育の推進,学教＊教育指導課,579595,1,445,derived
2026_general_expenditure_08_01_04_02_01,2026_general_expenditure_08_01_04,2026,general,一般会計,幼稚園施設等利用給付費,私立幼稚園施設等利用給付,子若＊子ども・若者支援課,1647359,1,447,derived
2026_general_expenditure_08_01_07_02_01,2026_general_expenditure_08_01_07,2026,general,一般会計,教育総合センター維持運営費,教育総合センター維持管理,教セ＊教育相談課,132952,1,447,derived
2026_general_expenditure_08_01_07_02_02,2026_general_expenditure_08_01_07,2026,general,一般会計,教育総合センター維持運営費,教育総合センター事業運営,教セ＊事業推進担当課,75203,1,447,derived
2026_general_expenditure_08_01_07_02_03,2026_general_expenditure_08_01_07,2026,general,一般会計,教育総合センター維持運営費,ほっとスクールの運営,教セ＊教育相談課,100239,1,447,derived
2026_general_expenditure_08_01_07_02_04,2026_general_expenditure_08_01_07,2026,general,一般会計,教育総合センター維持運営費,教育相談・ネットワーク連携,教セ＊教育相談課,44433,1,447,derived
2026_general_expenditure_08_01_07_02_05,2026_general_expenditure_08_01_07,2026,general,一般会計,教育総合センター維持運営費,教育施設等整備・改修,教セ＊教育相談課,10675,1,447,derived
2026_general_expenditure_08_01_08_01_01,2026_general_expenditure_08_01_08,2026,general,一般会計,学校給食管理費,学校給食費会計繰出金,教生＊学校健康推進課,0,1,,derived
2026_general_expenditure_08_01_08_01_02,2026_general_expenditure_08_01_08,2026,general,一般会計,学校給食管理費,学校給食費収納事務,教生＊学校健康推進課,0,1,,derived
2026_general_expenditure_08_01_08_01_03,2026_general_expenditure_08_01_08,2026,general,一般会計,学校給食管理費,学校給食保護者負担軽減事務,教生＊学校健康推進課,0,1,,derived
2026_general_expenditure_08_02_01_01_01,2026_general_expenditure_08_02_01,2026,general,一般会計,小学校維持運営費,小学校管理運営,学教＊学校職員課,1042521,1,449,derived
2026_general_expenditure_08_02_01_01_02,2026_general_expenditure_08_02_01,2026,general,一般会計,小学校維持運営費,小学校維持管理,教生＊教育環境課,3207961,1,449,derived
2026_general_expenditure_08_02_01_01_03,2026_general_expenditure_08_02_01,2026,general,一般会計,小学校維持運営費,小学校維持運営,学教＊学務課,667693,1,449,derived
2026_general_expenditure_08_02_01_01_05,2026_general_expenditure_08_02_01,2026,general,一般会計,小学校維持運営費,小学校特別支援学級運営,教セ＊支援教育課,278682,1,449,derived
2026_general_expenditure_08_02_01_01_06,2026_general_expenditure_08_02_01,2026,general,一般会計,小学校維持運営費,通学路安全対策,教生＊学校健康推進課,82432,1,449,derived
2026_general_expenditure_08_02_02_01_01,2026_general_expenditure_08_02_02,2026,general,一般会計,小学校就学関係扶助費,要保護・準要保護児童に対する扶助,学教＊学務課,309688,1,449,derived
2026_general_expenditure_08_02_02_01_04,2026_general_expenditure_08_02_02,2026,general,一般会計,小学校就学関係扶助費,特別支援学級児童就学奨励,学教＊学務課,18582,1,449,derived
2026_general_expenditure_08_02_03_01_01,2026_general_expenditure_08_02_03,2026,general,一般会計,学校給食維持運営費,小学校給食維持運営,教生＊学校健康推進課,0,1,,derived
2026_general_expenditure_08_02_04_01_01,2026_general_expenditure_08_02_04,2026,general,一般会計,学校保健衛生費,児童各種検査検診,教生＊学校健康推進課,85911,1,449,derived
2026_general_expenditure_08_02_04_01_02,2026_general_expenditure_08_02_04,2026,general,一般会計,学校保健衛生費,就学時健康診断,教生＊学校健康推進課,15191,1,449,derived
2026_general_expenditure_08_02_04_01_03,2026_general_expenditure_08_02_04,2026,general,一般会計,学校保健衛生費,小学校保健衛生事務,教生＊学校健康推進課,150908,1,449,derived
2026_general_expenditure_08_02_04_01_04,2026_general_expenditure_08_02_04,2026,general,一般会計,学校保健衛生費,小学校保健衛生各種検査,教生＊学校健康推進課,10094,1,449,derived
2026_general_expenditure_08_02_04_01_05,2026_general_expenditure_08_02_04,2026,general,一般会計,学校保健衛生費,小学校定期健康診断・保健指導等,教生＊学校健康推進課,139963,1,449,derived
2026_general_expenditure_08_02_06_01_01,2026_general_expenditure_08_02_06,2026,general,一般会計,校舎校庭等施設整備･充実費,小学校施設整備事業,教生＊教育環境課,230835,1,451,derived
2026_general_expenditure_08_02_06_01_02,2026_general_expenditure_08_02_06,2026,general,一般会計,校舎校庭等施設整備･充実費,小学校施設改修工事,教生＊教育環境課,4140518,1,451,derived
2026_general_expenditure_08_02_06_01_03,2026_general_expenditure_08_02_06,2026,general,一般会計,校舎校庭等施設整備･充実費,小学校施設改修事務,教生＊教育環境課,57001,1,451,derived
2026_general_expenditure_08_02_10_01_01,2026_general_expenditure_08_02_10,2026,general,一般会計,小学校校舎・体育館・プール建設費,小学校改築工事,教生＊教育環境課,1517614,1,451,derived
2026_general_expenditure_08_02_10_01_02,2026_general_expenditure_08_02_10,2026,general,一般会計,小学校校舎・体育館・プール建設費,小学校改築事務,教生＊教育環境課,292171,1,451,derived
2026_general_expenditure_08_02_10_01_03,2026_general_expenditure_08_02_10,2026,general,一般会計,小学校校舎・体育館・プール建設費,小学校用地買収,教生＊教育環境課,93635,1,451,derived
2026_general_expenditure_08_02_11_01_01,2026_general_expenditure_08_02_11,2026,general,一般会計,移動教室及び夏・冬季施設行事費,移動教室及び夏・冬季施設の実施（児童）,学教＊学務課,136557,1,451,derived
2026_general_expenditure_08_03_01_01_01,2026_general_expenditure_08_03_01,2026,general,一般会計,中学校維持運営費,中学校管理運営,学教＊学校職員課,835990,1,453,derived
2026_general_expenditure_08_03_01_01_02,2026_general_expenditure_08_03_01,2026,general,一般会計,中学校維持運営費,中学校維持管理,教生＊教育環境課,1239292,1,453,derived
2026_general_expenditure_08_03_01_01_03,2026_general_expenditure_08_03_01,2026,general,一般会計,中学校維持運営費,中学校維持運営,学教＊学務課,279745,1,453,derived
2026_general_expenditure_08_03_01_01_06,2026_general_expenditure_08_03_01,2026,general,一般会計,中学校維持運営費,中学校特別支援学級運営,教セ＊支援教育課,102705,1,453,derived
2026_general_expenditure_08_03_01_01_08,2026_general_expenditure_08_03_01,2026,general,一般会計,中学校維持運営費,学びの多様化学校の運営,教セ＊教育相談課,25209,1,453,derived
2026_general_expenditure_08_03_02_01_01,2026_general_expenditure_08_03_02,2026,general,一般会計,中学校就学関係扶助費,要保護・準要保護生徒に対する扶助,学教＊学務課,181117,1,453,derived
2026_general_expenditure_08_03_02_01_04,2026_general_expenditure_08_03_02,2026,general,一般会計,中学校就学関係扶助費,特別支援学級生徒就学奨励,学教＊学務課,17362,1,453,derived
2026_general_expenditure_08_03_03_01_01,2026_general_expenditure_08_03_03,2026,general,一般会計,学校給食維持運営費,中学校給食維持運営,教生＊学校健康推進課,0,1,,derived
2026_general_expenditure_08_03_03_01_02,2026_general_expenditure_08_03_03,2026,general,一般会計,学校給食維持運営費,調理場維持運営,教生＊学校健康推進課,0,1,,derived
2026_general_expenditure_08_03_03_01_05,2026_general_expenditure_08_03_03,2026,general,一般会計,学校給食維持運営費,調理場施設整備工事,教生＊学校健康推進課,0,1,,derived
2026_general_expenditure_08_03_04_01_01,2026_general_expenditure_08_03_04,2026,general,一般会計,学校保健衛生費,生徒各種検査検診,教生＊学校健康推進課,36079,1,453|455,derived
2026_general_expenditure_08_03_04_01_02,2026_general_expenditure_08_03_04,2026,general,一般会計,学校保健衛生費,中学校保健衛生事務,教生＊学校健康推進課,73582,1,453|455,derived
2026_general_expenditure_08_03_04_01_03,2026_general_expenditure_08_03_04,2026,general,一般会計,学校保健衛生費,中学校保健衛生各種検査,教生＊学校健康推進課,6036,1,453|455,derived
2026_general_expenditure_08_03_04_01_04,2026_general_expenditure_08_03_04,2026,general,一般会計,学校保健衛生費,中学校定期健康診断・保健指導等,教生＊学校健康推進課,69335,1,453|455,derived
2026_general_expenditure_08_03_05_01_01,2026_general_expenditure_08_03_05,2026,general,一般会計,校舎校庭等施設整備･充実費,中学校施設整備事業,教生＊教育環境課,136213,1,455,derived
2026_general_expenditure_08_03_05_01_02,2026_general_expenditure_08_03_05,2026,general,一般会計,校舎校庭等施設整備･充実費,中学校施設改修工事,教生＊教育環境課,2173450,1,455,derived
2026_general_expenditure_08_03_05_01_03,2026_general_expenditure_08_03_05,2026,general,一般会計,校舎校庭等施設整備･充実費,中学校施設改修事務,教生＊教育環境課,29593,1,455,derived
2026_general_expenditure_08_03_09_01_01,2026_general_expenditure_08_03_09,2026,general,一般会計,中学校校舎・体育館・プール建設費,義務教育施設整備基金積立金,教生＊教育環境課,341460,1,455,derived
2026_general_expenditure_08_03_09_01_02,2026_general_expenditure_08_03_09,2026,general,一般会計,中学校校舎・体育館・プール建設費,中学校改築工事,教生＊教育環境課,4210841,1,455,derived
2026_general_expenditure_08_03_09_01_03,2026_general_expenditure_08_03_09,2026,general,一般会計,中学校校舎・体育館・プール建設費,中学校改築事務,教生＊教育環境課,295657,1,455,derived
2026_general_expenditure_08_03_10_01_01,2026_general_expenditure_08_03_10,2026,general,一般会計,林間学園施設維持管理費,河口湖林間学園施設維持管理,教生＊教育環境課,17366,1,455,derived
2026_general_expenditure_08_03_10_01_02,2026_general_expenditure_08_03_10,2026,general,一般会計,林間学園施設維持管理費,河口湖林間学園改修工事,教生＊教育環境課,7369,1,455,derived
2026_general_expenditure_08_03_10_01_03,2026_general_expenditure_08_03_10,2026,general,一般会計,林間学園施設維持管理費,河口湖林間学園維持管理,学教＊学務課,72778,1,455,derived
2026_general_expenditure_08_03_10_02_01,2026_general_expenditure_08_03_10,2026,general,一般会計,移動教室及び夏・冬季施設行事費,移動教室及び夏・冬季施設の実施（生徒）,学教＊学務課,101691,1,455,derived
2026_general_expenditure_08_04_01_01_01,2026_general_expenditure_08_04_01,2026,general,一般会計,林間学園施設維持管理費,河口湖林間学園施設維持管理,教生＊教育環境課,0,1,,derived
2026_general_expenditure_08_04_01_01_02,2026_general_expenditure_08_04_01,2026,general,一般会計,林間学園施設維持管理費,河口湖林間学園改修工事,教生＊教育環境課,0,1,,derived
2026_general_expenditure_08_04_01_01_03,2026_general_expenditure_08_04_01,2026,general,一般会計,林間学園施設維持管理費,河口湖林間学園維持管理,学教＊学務課,0,1,,derived
2026_general_expenditure_08_04_01_02_01,2026_general_expenditure_08_04_01,2026,general,一般会計,移動教室及び夏・冬季施設行事費,移動教室及び夏・冬季施設の実施,学教＊学務課,0,1,,derived
2026_general_expenditure_08_05_01_01_01,2026_general_expenditure_08_05_01,2026,general,一般会計,区立幼稚園維持運営費,区立幼稚園施設維持管理,教生＊教育環境課,33785,1,457,derived
2026_general_expenditure_08_05_01_01_02,2026_general_expenditure_08_05_01,2026,general,一般会計,区立幼稚園維持運営費,区立幼稚園維持運営,教セ＊乳幼教・保支課,94224,1,457,derived
2026_general_expenditure_08_05_01_01_03,2026_general_expenditure_08_05_01,2026,general,一般会計,区立幼稚園維持運営費,区立幼稚園施設改修,教生＊教育環境課,522614,1,457,derived
2026_general_expenditure_08_05_01_01_04,2026_general_expenditure_08_05_01,2026,general,一般会計,区立幼稚園維持運営費,区立幼稚園預かり保育事業,教セ＊乳幼教・保支課,5552,1,457,derived
2026_general_expenditure_08_05_01_02_03,2026_general_expenditure_08_05_01,2026,general,一般会計,区立認定こども園整備費,区立認定こども園整備事務,教生＊教育環境課,22888,1,457,derived
2026_general_expenditure_08_05_02_01_01,2026_general_expenditure_08_05_02,2026,general,一般会計,園児健康管理費,園児各種検査検診,教生＊学校健康推進課,2003,1,457,derived
2026_general_expenditure_08_05_02_01_02,2026_general_expenditure_08_05_02,2026,general,一般会計,園児健康管理費,区立幼稚園保健衛生事務,教生＊学校健康推進課,2298,1,457,derived
2026_general_expenditure_08_05_02_01_03,2026_general_expenditure_08_05_02,2026,general,一般会計,園児健康管理費,区立幼稚園保健衛生各種検査,教生＊学校健康推進課,347,1,457,derived
2026_general_expenditure_08_05_02_01_04,2026_general_expenditure_08_05_02,2026,general,一般会計,園児健康管理費,区立幼稚園定期健康診断・保健指導等,教生＊学校健康推進課,5742,1,457,derived
2026_general_expenditure_08_06_01_01_02,2026_general_expenditure_08_06_01,2026,general,一般会計,社会教育管理費,小学校遊び場開放,学教＊地域学校連携課,45884,1,459,derived
2026_general_expenditure_08_06_01_01_03,2026_general_expenditure_08_06_01,2026,general,一般会計,社会教育管理費,放課後の遊び場対策（ＢＯＰ）,学教＊地域学校連携課,731520,1,459,derived
2026_general_expenditure_08_06_01_01_04,2026_general_expenditure_08_06_01,2026,general,一般会計,社会教育管理費,小・中学校施設開放,学教＊地域学校連携課,372901,1,459,derived
2026_general_expenditure_08_06_01_01_06,2026_general_expenditure_08_06_01,2026,general,一般会計,社会教育管理費,総合型地域スポーツ・文化クラブの支援,学教＊地域学校連携課,827,1,459,derived
2026_general_expenditure_08_06_01_01_07,2026_general_expenditure_08_06_01,2026,general,一般会計,社会教育管理費,地域連携事業,学教＊地域学校連携課,58109,1,459,derived
2026_general_expenditure_08_06_02_01_04,2026_general_expenditure_08_06_02,2026,general,一般会計,社会教育事業費,青少年教育,教生＊生涯学習課,42269,1,459,derived
2026_general_expenditure_08_06_02_01_06,2026_general_expenditure_08_06_02,2026,general,一般会計,社会教育事業費,社会教育団体文化祭,教生＊生涯学習課,5313,1,459,derived
2026_general_expenditure_08_06_02_01_07,2026_general_expenditure_08_06_02,2026,general,一般会計,社会教育事業費,社会教育団体支援,教生＊生涯学習課,2142,1,459,derived
2026_general_expenditure_08_06_02_01_08,2026_general_expenditure_08_06_02,2026,general,一般会計,社会教育事業費,福祉教育,教生＊生涯学習課,6888,1,459,derived
2026_general_expenditure_08_06_02_01_09,2026_general_expenditure_08_06_02,2026,general,一般会計,社会教育事業費,生涯学習事業運営,教生＊生涯学習課,2172,1,459,derived
2026_general_expenditure_08_06_02_01_10,2026_general_expenditure_08_06_02,2026,general,一般会計,社会教育事業費,生涯学習の推進,教生＊生涯学習課,2272,1,459,derived
2026_general_expenditure_08_06_02_01_11,2026_general_expenditure_08_06_02,2026,general,一般会計,社会教育事業費,成人教育,教生＊生涯学習課,6075,1,459,derived
2026_general_expenditure_08_06_02_01_12,2026_general_expenditure_08_06_02,2026,general,一般会計,社会教育事業費,ＰＴＡ活動の支援,教生＊生涯学習課,5544,1,459,derived
2026_general_expenditure_08_06_02_01_14,2026_general_expenditure_08_06_02,2026,general,一般会計,社会教育事業費,家庭教育の支援,教生＊生涯学習課,7378,1,459,derived
2026_general_expenditure_08_06_03_01_01,2026_general_expenditure_08_06_03,2026,general,一般会計,文化財保護事業費,埋蔵文化財の保護及び調査,教生＊生涯学習課,41388,1,461,derived
2026_general_expenditure_08_06_03_01_02,2026_general_expenditure_08_06_03,2026,general,一般会計,文化財保護事業費,文化財の保護・普及,教生＊生涯学習課,5000,1,461,derived
2026_general_expenditure_08_06_03_01_03,2026_general_expenditure_08_06_03,2026,general,一般会計,文化財保護事業費,文化財指定・保存助成,教生＊生涯学習課,44881,1,461,derived
2026_general_expenditure_08_06_03_01_04,2026_general_expenditure_08_06_03,2026,general,一般会計,文化財保護事業費,伝統的建築物の保存,教生＊生涯学習課,2887,1,461,derived
2026_general_expenditure_08_06_03_01_05,2026_general_expenditure_08_06_03,2026,general,一般会計,文化財保護事業費,民家園維持運営,教生＊生涯学習課,103003,1,461,derived
2026_general_expenditure_08_06_03_01_06,2026_general_expenditure_08_06_03,2026,general,一般会計,文化財保護事業費,民家園行事,教生＊生涯学習課,6305,1,461,derived
2026_general_expenditure_08_06_03_01_08,2026_general_expenditure_08_06_03,2026,general,一般会計,文化財保護事業費,民家園改修工事,教生＊生涯学習課,50070,1,461,derived
2026_general_expenditure_08_06_03_01_09,2026_general_expenditure_08_06_03,2026,general,一般会計,文化財保護事業費,宇奈根考古資料室改修工事,教生＊生涯学習課,4505,1,461,derived
2026_general_expenditure_08_06_04_01_01,2026_general_expenditure_08_06_04,2026,general,一般会計,中央図書館、地域図書館、まちかど図書室維持運営費,図書館資料の充実,教生＊中央図書館,202854,1,461,derived
2026_general_expenditure_08_06_04_01_02,2026_general_expenditure_08_06_04,2026,general,一般会計,中央図書館、地域図書館、まちかど図書室維持運営費,図書館サービスの推進,教生＊中央図書館,892150,1,461,derived
2026_general_expenditure_08_06_04_01_03,2026_general_expenditure_08_06_04,2026,general,一般会計,中央図書館、地域図書館、まちかど図書室維持運営費,図書館情報システムの運営,教生＊中央図書館,7847,1,461,derived
2026_general_expenditure_08_06_04_01_08,2026_general_expenditure_08_06_04,2026,general,一般会計,中央図書館、地域図書館、まちかど図書室維持運営費,生涯学習拠点としての図書館の充実,教生＊中央図書館,8346,1,461,derived
2026_general_expenditure_08_06_04_01_09,2026_general_expenditure_08_06_04,2026,general,一般会計,中央図書館、地域図書館、まちかど図書室維持運営費,子ども読書活動の推進,教生＊中央図書館,20694,1,461,derived
2026_general_expenditure_08_06_04_01_10,2026_general_expenditure_08_06_04,2026,general,一般会計,中央図書館、地域図書館、まちかど図書室維持運営費,図書館改修,教生＊中央図書館,0,1,461,derived
2026_general_expenditure_08_06_04_01_11,2026_general_expenditure_08_06_04,2026,general,一般会計,中央図書館、地域図書館、まちかど図書室維持運営費,地域図書室資料の充実,教生＊中央図書館,9042,1,461,derived
2026_general_expenditure_08_06_04_01_12,2026_general_expenditure_08_06_04,2026,general,一般会計,中央図書館、地域図書館、まちかど図書室維持運営費,地域図書室の維持管理,教生＊中央図書館,6111,1,461,derived
2026_general_expenditure_08_06_04_01_13,2026_general_expenditure_08_06_04,2026,general,一般会計,中央図書館、地域図書館、まちかど図書室維持運営費,教育会館維持管理,教生＊中央図書館,311678,1,461,derived
2026_general_expenditure_08_06_04_01_14,2026_general_expenditure_08_06_04,2026,general,一般会計,中央図書館、地域図書館、まちかど図書室維持運営費,プラネタリウム事業運営,教生＊中央図書館,19904,1,461,derived
2026_general_expenditure_08_06_04_01_15,2026_general_expenditure_08_06_04,2026,general,一般会計,中央図書館、地域図書館、まちかど図書室維持運営費,図書館管理運営,教生＊中央図書館,234177,1,461,derived
2026_general_expenditure_08_06_04_01_16,2026_general_expenditure_08_06_04,2026,general,一般会計,中央図書館、地域図書館、まちかど図書室維持運営費,教育会館改修,教生＊中央図書館,39344,1,461,derived
2026_general_expenditure_08_06_06_01_01,2026_general_expenditure_08_06_06,2026,general,一般会計,郷土資料館維持運営費,郷土資料館行事,教生＊生涯学習課,2438,1,461,derived
2026_general_expenditure_08_06_06_01_02,2026_general_expenditure_08_06_06,2026,general,一般会計,郷土資料館維持運営費,郷土資料館資料調査及び整理,教生＊生涯学習課,5676,1,461,derived
2026_general_expenditure_08_06_06_01_03,2026_general_expenditure_08_06_06,2026,general,一般会計,郷土資料館維持運営費,郷土資料館維持運営,教生＊生涯学習課,44008,1,461,derived
2026_general_expenditure_08_06_06_02_02,2026_general_expenditure_08_06_06,2026,general,一般会計,郷土資料館改修費,郷土資料館改修工事,教生＊生涯学習課,3190,1,461,derived
2026_general_expenditure_08_06_08_01_01,2026_general_expenditure_08_06_08,2026,general,一般会計,図書館建設費,地域図書館建設工事,教生＊中央図書館,0,1,,derived
2026_general_expenditure_08_08_01_01_01,2026_general_expenditure_08_08_01,2026,general,一般会計,学校給食管理費,小学校給食維持運営,教生＊学校健康推進課,3163729,1,463,derived
2026_general_expenditure_08_08_01_01_02,2026_general_expenditure_08_08_01,2026,general,一般会計,学校給食管理費,中学校給食維持運営,教生＊学校健康推進課,1010741,1,463,derived
2026_general_expenditure_08_08_01_01_03,2026_general_expenditure_08_08_01,2026,general,一般会計,学校給食管理費,調理場維持運営,教生＊学校健康推進課,521675,1,463,derived
2026_general_expenditure_08_08_01_01_04,2026_general_expenditure_08_08_01,2026,general,一般会計,学校給食管理費,調理場施設整備工事,教生＊学校健康推進課,69278,1,463,derived
2026_general_expenditure_08_08_01_01_05,2026_general_expenditure_08_08_01,2026,general,一般会計,学校給食管理費,学校給食事務運営,教生＊学校健康推進課,4483774,1,463,derived
2026_general_expenditure_08_08_01_01_06,2026_general_expenditure_08_08_01,2026,general,一般会計,学校給食管理費,学校給食費収納事務,教生＊学校健康推進課,6771,1,463,derived
2026_general_expenditure_08_08_01_01_07,2026_general_expenditure_08_08_01,2026,general,一般会計,学校給食管理費,学校給食保護者負担軽減事務,教生＊学校健康推進課,5290,1,463,derived
2026_general_expenditure_09_01_01_01_01,2026_general_expenditure_09_01_01,2026,general,一般会計,区議会事務局職員の人件費,区議会事務局職員の人件費,総務＊人事課,244157,1,465,derived
2026_general_expenditure_09_01_02_01_02,2026_general_expenditure_09_01_02,2026,general,一般会計,総務関係事務従事職員の人件費,総務関係事務従事職員の人件費,総務＊人事課,15972564,1,465,derived
2026_general_expenditure_09_01_02_01_03,2026_general_expenditure_09_01_02,2026,general,一般会計,総務関係事務従事職員の人件費,公務災害補償基金掛金及び付加給付,総務＊職員厚生課,59431,1,465,derived
2026_general_expenditure_09_01_02_01_04,2026_general_expenditure_09_01_02,2026,general,一般会計,総務関係事務従事職員の人件費,一般会計関係職員の人件費,政策＊財政課,53500,1,465,derived
2026_general_expenditure_09_01_02_01_19,2026_general_expenditure_09_01_02,2026,general,一般会計,総務関係事務従事職員の人件費,会計年度任用職員の人件費（世田谷総合支所）,世支＊地域振興課,11897,1,465,derived
2026_general_expenditure_09_01_02_01_20,2026_general_expenditure_09_01_02,2026,general,一般会計,総務関係事務従事職員の人件費,会計年度任用職員の人件費（政策経営部）,政策＊政策企画課,17672,1,465,derived
2026_general_expenditure_09_01_02_01_21,2026_general_expenditure_09_01_02,2026,general,一般会計,総務関係事務従事職員の人件費,会計年度任用職員の人件費（総務部）,総務＊人事課,8646692,1,465,derived
2026_general_expenditure_09_01_02_01_22,2026_general_expenditure_09_01_02,2026,general,一般会計,総務関係事務従事職員の人件費,会計年度任用職員の人件費（危機管理部）,危機管理部＊災害対策課,3820,1,465,derived
2026_general_expenditure_09_01_02_01_23,2026_general_expenditure_09_01_02,2026,general,一般会計,総務関係事務従事職員の人件費,会計年度任用職員の人件費（生活文化政策部）,生政＊市民活動推進課,27730,1,465,derived
2026_general_expenditure_09_01_02_01_24,2026_general_expenditure_09_01_02,2026,general,一般会計,総務関係事務従事職員の人件費,会計年度任用職員の人件費（地域行政部）,地域行政部＊地域行政課,318088,1,465,derived
2026_general_expenditure_09_01_02_01_26,2026_general_expenditure_09_01_02,2026,general,一般会計,総務関係事務従事職員の人件費,会計年度任用職員の人件費（経済産業部）,経産＊商業課,38683,1,465,derived
2026_general_expenditure_09_01_02_01_27,2026_general_expenditure_09_01_02,2026,general,一般会計,総務関係事務従事職員の人件費,会計年度任用職員の人件費（選挙管理委員会事務局）,選挙管理委員会事務局,128,1,465,derived
2026_general_expenditure_09_01_02_01_29,2026_general_expenditure_09_01_02,2026,general,一般会計,総務関係事務従事職員の人件費,会計年度任用職員の人件費（生活文化政策部）,生政＊市民活動推進課,56665,1,465,derived
2026_general_expenditure_09_01_02_01_30,2026_general_expenditure_09_01_02,2026,general,一般会計,総務関係事務従事職員の人件費,会計年度任用職員の人件費（政策経営部）,政策＊政策企画課,788,1,465,derived
2026_general_expenditure_09_01_03_01_01,2026_general_expenditure_09_01_03,2026,general,一般会計,民生関係事務従事職員の人件費,民生関係事務従事職員の人件費,総務＊人事課,19385105,1,467,derived
2026_general_expenditure_09_01_03_01_10,2026_general_expenditure_09_01_03,2026,general,一般会計,民生関係事務従事職員の人件費,会計年度任用職員の人件費（世田谷総合支所）,世センター＊生活支援課,5761,1,467,derived
2026_general_expenditure_09_01_03_01_11,2026_general_expenditure_09_01_03,2026,general,一般会計,民生関係事務従事職員の人件費,会計年度任用職員の人件費（北沢総合支所）,北センター＊生活支援課,5763,1,467,derived
2026_general_expenditure_09_01_03_01_12,2026_general_expenditure_09_01_03,2026,general,一般会計,民生関係事務従事職員の人件費,会計年度任用職員の人件費（玉川総合支所）,玉センター＊生活支援課,12690,1,467,derived
2026_general_expenditure_09_01_03_01_13,2026_general_expenditure_09_01_03,2026,general,一般会計,民生関係事務従事職員の人件費,会計年度任用職員の人件費（砧総合支所）,砧センター＊生活支援課,5770,1,467,derived
2026_general_expenditure_09_01_03_01_14,2026_general_expenditure_09_01_03,2026,general,一般会計,民生関係事務従事職員の人件費,会計年度任用職員の人件費（烏山総合支所）,烏センター＊生活支援課,13250,1,467,derived
2026_general_expenditure_09_01_03_01_15,2026_general_expenditure_09_01_03,2026,general,一般会計,民生関係事務従事職員の人件費,会計年度任用職員の人件費（保健福祉政策部）,保政＊保健福祉政策課,128690,1,467,derived
2026_general_expenditure_09_01_03_01_16,2026_general_expenditure_09_01_03,2026,general,一般会計,民生関係事務従事職員の人件費,会計年度任用職員の人件費（高齢福祉部）,高福＊高齢福祉課,10078,1,467,derived
2026_general_expenditure_09_01_03_01_17,2026_general_expenditure_09_01_03,2026,general,一般会計,民生関係事務従事職員の人件費,会計年度任用職員の人件費（障害福祉部）,障福＊障害施策課,55748,1,467,derived
2026_general_expenditure_09_01_03_01_18,2026_general_expenditure_09_01_03,2026,general,一般会計,民生関係事務従事職員の人件費,会計年度任用職員の人件費（子ども・若者部）,子若＊子ども・若者支援課,241551,1,467,derived
2026_general_expenditure_09_01_03_01_19,2026_general_expenditure_09_01_03,2026,general,一般会計,民生関係事務従事職員の人件費,会計年度任用職員の人件費（児童相談所）,児相＊児童相談課,134156,1,467,derived
2026_general_expenditure_09_01_03_01_20,2026_general_expenditure_09_01_03,2026,general,一般会計,民生関係事務従事職員の人件費,会計年度任用職員の人件費（子ども・若者部（２））,子若＊子ども・若者支援課,2353017,1,467,derived
2026_general_expenditure_09_01_03_01_23,2026_general_expenditure_09_01_03,2026,general,一般会計,民生関係事務従事職員の人件費,会計年度任用職員の人件費（子ども・若者部）,子若＊子ども・若者支援課,31657,1,467,derived
2026_general_expenditure_09_01_03_01_24,2026_general_expenditure_09_01_03,2026,general,一般会計,民生関係事務従事職員の人件費,会計年度任用職員の人件費（障害福祉部）,障福＊障害施策課,5906,1,467,derived
2026_general_expenditure_09_01_04_01_01,2026_general_expenditure_09_01_04,2026,general,一般会計,環境関係事務従事職員の人件費,環境関係事務従事職員の人件費,総務＊人事課,679083,1,469,derived
2026_general_expenditure_09_01_04_01_05,2026_general_expenditure_09_01_04,2026,general,一般会計,環境関係事務従事職員の人件費,会計年度任用職員の人件費（清掃・リサイクル部）,清掃・リサ＊管理課,0,1,469,derived
2026_general_expenditure_09_01_04_01_06,2026_general_expenditure_09_01_04,2026,general,一般会計,環境関係事務従事職員の人件費,会計年度任用職員の人件費（環境政策部）,環政＊環境政策課,78194,1,469,derived
2026_general_expenditure_09_01_05_01_01,2026_general_expenditure_09_01_05,2026,general,一般会計,衛生関係事務従事職員の人件費,衛生関係事務従事職員の人件費,総務＊人事課,2587333,1,469,derived
2026_general_expenditure_09_01_05_01_09,2026_general_expenditure_09_01_05,2026,general,一般会計,衛生関係事務従事職員の人件費,会計年度任用職員の人件費（世田谷総合支所）,世センター＊生活支援課,8529,1,469,derived
2026_general_expenditure_09_01_05_01_10,2026_general_expenditure_09_01_05,2026,general,一般会計,衛生関係事務従事職員の人件費,会計年度任用職員の人件費（北沢総合支所）,北センター＊生活支援課,4893,1,469,derived
2026_general_expenditure_09_01_05_01_11,2026_general_expenditure_09_01_05,2026,general,一般会計,衛生関係事務従事職員の人件費,会計年度任用職員の人件費（玉川総合支所）,玉センター＊生活支援課,3859,1,469,derived
2026_general_expenditure_09_01_05_01_12,2026_general_expenditure_09_01_05,2026,general,一般会計,衛生関係事務従事職員の人件費,会計年度任用職員の人件費（砧総合支所）,砧センター＊生活支援課,5688,1,469,derived
2026_general_expenditure_09_01_05_01_13,2026_general_expenditure_09_01_05,2026,general,一般会計,衛生関係事務従事職員の人件費,会計年度任用職員の人件費（烏山総合支所）,烏センター＊生活支援課,5534,1,469,derived
2026_general_expenditure_09_01_05_01_14,2026_general_expenditure_09_01_05,2026,general,一般会計,衛生関係事務従事職員の人件費,会計年度任用職員の人件費（世田谷保健所）,世保＊健康企画課,135665,1,469,derived
2026_general_expenditure_09_01_05_01_16,2026_general_expenditure_09_01_05,2026,general,一般会計,衛生関係事務従事職員の人件費,会計年度任用職員の人件費（世田谷保健所）,世保＊健康企画課,43046,1,469,derived
2026_general_expenditure_09_01_06_01_01,2026_general_expenditure_09_01_06,2026,general,一般会計,産業経済関係事務従事職員の人件費,産業経済関係事務従事職員の人件費,総務＊人事課,532618,1,471,derived
2026_general_expenditure_09_01_07_01_01,2026_general_expenditure_09_01_07,2026,general,一般会計,土木関係事務従事職員の人件費,土木関係事務従事職員の人件費,総務＊人事課,5589927,1,471,derived
2026_general_expenditure_09_01_07_01_10,2026_general_expenditure_09_01_07,2026,general,一般会計,土木関係事務従事職員の人件費,会計年度任用職員の人件費（都市整備政策部）,都政＊都市計画課,3767,1,471,derived
2026_general_expenditure_09_01_08_01_01,2026_general_expenditure_09_01_08,2026,general,一般会計,教育関係事務従事職員の人件費,教育関係事務従事職員の人件費,総務＊人事課,3327572,1,471,derived
2026_general_expenditure_09_01_08_01_04,2026_general_expenditure_09_01_08,2026,general,一般会計,教育関係事務従事職員の人件費,会計年度任用職員の人件費（教育委員会事務局）,教生＊教育総務課,5311374,1,471,derived
2026_general_expenditure_09_01_08_01_07,2026_general_expenditure_09_01_08,2026,general,一般会計,教育関係事務従事職員の人件費,会計年度任用職員の人件費（教育委員会事務局）,教生＊教育総務課,200885,1,471,derived
2026_general_expenditure_09_01_08_01_08,2026_general_expenditure_09_01_08,2026,general,一般会計,教育関係事務従事職員の人件費,会計年度任用職員の人件費（教育委員会事務局）,教生＊教育総務課,404964,1,471,derived
2026_general_expenditure_09_01_08_01_09,2026_general_expenditure_09_01_08,2026,general,一般会計,教育関係事務従事職員の人件費,会計年度任用職員の人件費（教育委員会事務局）,教生＊教育総務課,83528,1,471,derived
2026_general_expenditure_09_01_08_01_10,2026_general_expenditure_09_01_08,2026,general,一般会計,教育関係事務従事職員の人件費,会計年度任用職員の人件費（教育委員会事務局）,教生＊教育総務課,477368,1,471,derived
2026_general_expenditure_09_01_09_01_01,2026_general_expenditure_09_01_09,2026,general,一般会計,学校関係事務従事職員の人件費,学校関係事務従事職員の人件費,学教＊学校職員課,1887388,1,473,derived
2026_general_expenditure_09_01_09_01_02,2026_general_expenditure_09_01_09,2026,general,一般会計,学校関係事務従事職員の人件費,学校関係事務従事職員の人件費,総務＊人事課,9121,1,473,derived
2026_general_expenditure_09_01_10_01_01,2026_general_expenditure_09_01_10,2026,general,一般会計,清掃関係事務従事職員の人件費,清掃関係事務従事職員の人件費,総務＊人事課,2539915,1,473,derived
2026_general_expenditure_10_01_01_01_01,2026_general_expenditure_10_01_01,2026,general,一般会計,一時借入金利子,一時借入金,会計＊会計課,5137,1,475,derived
2026_general_expenditure_10_01_02_01_01,2026_general_expenditure_10_01_02,2026,general,一般会計,特別区債の償還金,特別区債償還元金,政策＊財政課,3408955,1,475,derived
2026_general_expenditure_10_01_03_01_01,2026_general_expenditure_10_01_03,2026,general,一般会計,特別区債の利子,特別区債償還利子,政策＊財政課,357591,1,475,derived
2026_general_expenditure_10_01_04_01_01,2026_general_expenditure_10_01_04,2026,general,一般会計,特別区債発行・償還に伴う諸経費,特別区債諸経費,政策＊財政課,14117,1,475,derived
2026_general_expenditure_11_01_01_01_01,2026_general_expenditure_11_01_01,2026,general,一般会計,財政調整基金積立金,財政調整基金積立金,政策＊財政課,261700,1,477,derived
2026_general_expenditure_11_01_01_02_01,2026_general_expenditure_11_01_01,2026,general,一般会計,減債基金積立金,減債基金積立金,政策＊財政課,25599,1,477,derived
2026_general_expenditure_12_01_01_01_01,2026_general_expenditure_12_01_01,2026,general,一般会計,一般会計における予備費,予備費,政策＊財政課,500000,1,479,derived
2026_latter_stage_elderly_healthcare_expenditure_61_01_01_01_01,2026_latter_stage_elderly_healthcare_expenditure_61_01_01,2026,latter_stage_elderly_healthcare,後期高齢者医療会計,一般管理費,後期高齢者医療管理運営,保政＊国保・年金課,171003,1,669,derived
2026_latter_stage_elderly_healthcare_expenditure_61_01_01_01_02,2026_latter_stage_elderly_healthcare_expenditure_61_01_01,2026,latter_stage_elderly_healthcare,後期高齢者医療会計,一般管理費,後期高齢者医療保険料徴収事務,保政＊国保・年金課,89933,1,669,derived
2026_latter_stage_elderly_healthcare_expenditure_61_01_01_01_03,2026_latter_stage_elderly_healthcare_expenditure_61_01_01,2026,latter_stage_elderly_healthcare,後期高齢者医療会計,一般管理費,葬祭費,保政＊国保・年金課,419020,1,669,derived
2026_latter_stage_elderly_healthcare_expenditure_62_01_01_01_01,2026_latter_stage_elderly_healthcare_expenditure_62_01_01,2026,latter_stage_elderly_healthcare,後期高齢者医療会計,広域連合負担金,広域連合療養給付費負担金,保政＊国保・年金課,7064085,1,671,derived
2026_latter_stage_elderly_healthcare_expenditure_62_01_01_01_02,2026_latter_stage_elderly_healthcare_expenditure_62_01_01,2026,latter_stage_elderly_healthcare,後期高齢者医療会計,広域連合負担金,広域連合保険料等負担金,保政＊国保・年金課,18074690,1,671,derived
2026_latter_stage_elderly_healthcare_expenditure_62_01_01_01_03,2026_latter_stage_elderly_healthcare_expenditure_62_01_01,2026,latter_stage_elderly_healthcare,後期高齢者医療会計,広域連合負担金,広域連合事務費負担金,保政＊国保・年金課,406052,1,671,derived
2026_latter_stage_elderly_healthcare_expenditure_62_01_01_01_04,2026_latter_stage_elderly_healthcare_expenditure_62_01_01,2026,latter_stage_elderly_healthcare,後期高齢者医療会計,広域連合負担金,保険料軽減措置負担金,保政＊国保・年金課,527001,1,671,derived
2026_latter_stage_elderly_healthcare_expenditure_62_01_01_01_05,2026_latter_stage_elderly_healthcare_expenditure_62_01_01,2026,latter_stage_elderly_healthcare,後期高齢者医療会計,広域連合負担金,保険基盤安定負担金,保政＊国保・年金課,1722772,1,671,derived
2026_latter_stage_elderly_healthcare_expenditure_63_01_01_01_01,2026_latter_stage_elderly_healthcare_expenditure_63_01_01,2026,latter_stage_elderly_healthcare,後期高齢者医療会計,後期高齢者健康診査,後期高齢者健康診査,保政＊国保・年金課,667092,1,673,derived
2026_latter_stage_elderly_healthcare_expenditure_63_01_02_01_01,2026_latter_stage_elderly_healthcare_expenditure_63_01_02,2026,latter_stage_elderly_healthcare,後期高齢者医療会計,被保険者の健康増進,被保険者の健康増進,保政＊国保・年金課,4642,1,673,derived
2026_latter_stage_elderly_healthcare_expenditure_64_01_01_01_01,2026_latter_stage_elderly_healthcare_expenditure_64_01_01,2026,latter_stage_elderly_healthcare,後期高齢者医療会計,後期高齢者医療従事職員の人件費,後期高齢者医療会計関係事務従事職員の人件費,総務＊人事課,192256,1,675,derived
2026_latter_stage_elderly_healthcare_expenditure_64_01_01_01_02,2026_latter_stage_elderly_healthcare_expenditure_64_01_01,2026,latter_stage_elderly_healthcare,後期高齢者医療会計,後期高齢者医療従事職員の人件費,後期高齢者医療会計関係職員の人件費,政策＊財政課,1000,1,675,derived
2026_latter_stage_elderly_healthcare_expenditure_64_01_01_01_03,2026_latter_stage_elderly_healthcare_expenditure_64_01_01,2026,latter_stage_elderly_healthcare,後期高齢者医療会計,後期高齢者医療従事職員の人件費,会計年度任用職員の人件費（保健福祉政策部）,保政＊保健福祉政策課,9850,1,675,derived
2026_latter_stage_elderly_healthcare_expenditure_65_01_03_01_01,2026_latter_stage_elderly_healthcare_expenditure_65_01_03,2026,latter_stage_elderly_healthcare,後期高齢者医療会計,広域連合保険料還付金及還付加算金,広域連合保険料還付金,保政＊国保・年金課,35000,1,677,derived
2026_latter_stage_elderly_healthcare_expenditure_65_01_03_01_02,2026_latter_stage_elderly_healthcare_expenditure_65_01_03,2026,latter_stage_elderly_healthcare,後期高齢者医療会計,広域連合保険料還付金及還付加算金,広域連合保険料還付加算金,保政＊国保・年金課,300,1,677,derived
2026_latter_stage_elderly_healthcare_expenditure_65_01_03_01_03,2026_latter_stage_elderly_healthcare_expenditure_65_01_03,2026,latter_stage_elderly_healthcare,後期高齢者医療会計,広域連合保険料還付金及還付加算金,広域連合保険料延滞金還付金,保政＊国保・年金課,100,1,677,derived
2026_latter_stage_elderly_healthcare_expenditure_66_01_01_01_01,2026_latter_stage_elderly_healthcare_expenditure_66_01_01,2026,latter_stage_elderly_healthcare,後期高齢者医療会計,後期高齢者医療会計における予備費,予備費,保政＊国保・年金課,30000,1,679,derived
2026_long_term_care_insurance_expenditure_41_01_01_01_01,2026_long_term_care_insurance_expenditure_41_01_01,2026,long_term_care_insurance,介護保険事業会計,一般管理費,介護保険事業管理運営,高福＊介護保険課,331639,1,751,derived
2026_long_term_care_insurance_expenditure_41_01_01_01_04,2026_long_term_care_insurance_expenditure_41_01_01,2026,long_term_care_insurance,介護保険事業会計,一般管理費,資格管理・賦課・収納事務,高福＊介護保険課,42524,1,751,derived
2026_long_term_care_insurance_expenditure_41_02_01_01_01,2026_long_term_care_insurance_expenditure_41_02_01,2026,long_term_care_insurance,介護保険事業会計,介護認定審査会費,要介護認定事務運営,高福＊介護保険課,494142,1,753,derived
2026_long_term_care_insurance_expenditure_41_03_01_01_01,2026_long_term_care_insurance_expenditure_41_03_01,2026,long_term_care_insurance,介護保険事業会計,介護保険事業趣旨普及費,介護保険事業趣旨普及,高福＊介護保険課,4205,1,755,derived
2026_long_term_care_insurance_expenditure_42_01_01_01_01,2026_long_term_care_insurance_expenditure_42_01_01,2026,long_term_care_insurance,介護保険事業会計,居宅介護サービス給付費,居宅介護サービス給付費,高福＊介護保険課,38847776,1,759,derived
2026_long_term_care_insurance_expenditure_42_01_02_01_01,2026_long_term_care_insurance_expenditure_42_01_02,2026,long_term_care_insurance,介護保険事業会計,施設介護サービス給付費,施設介護サービス給付費,高福＊介護保険課,13763000,1,759,derived
2026_long_term_care_insurance_expenditure_42_01_03_01_01,2026_long_term_care_insurance_expenditure_42_01_03,2026,long_term_care_insurance,介護保険事業会計,居宅介護福祉用具購入費,居宅介護福祉用具購入費,高福＊介護保険課,93376,1,761,derived
2026_long_term_care_insurance_expenditure_42_01_04_01_01,2026_long_term_care_insurance_expenditure_42_01_04,2026,long_term_care_insurance,介護保険事業会計,居宅介護住宅改修費,居宅介護住宅改修費,高福＊介護保険課,142779,1,761,derived
2026_long_term_care_insurance_expenditure_42_01_05_01_01,2026_long_term_care_insurance_expenditure_42_01_05,2026,long_term_care_insurance,介護保険事業会計,居宅介護サービス計画給付費,居宅介護サービス計画給付費,高福＊介護保険課,3926000,1,761,derived
2026_long_term_care_insurance_expenditure_42_01_06_01_01,2026_long_term_care_insurance_expenditure_42_01_06,2026,long_term_care_insurance,介護保険事業会計,地域密着型介護サービス給付費,地域密着型介護サービス給付費,高福＊介護保険課,9591000,1,763,derived
2026_long_term_care_insurance_expenditure_42_03_01_01_01,2026_long_term_care_insurance_expenditure_42_03_01,2026,long_term_care_insurance,介護保険事業会計,審査支払手数料,審査支払手数料,高福＊介護保険課,84929,1,765,derived
2026_long_term_care_insurance_expenditure_42_04_01_01_01,2026_long_term_care_insurance_expenditure_42_04_01,2026,long_term_care_insurance,介護保険事業会計,高額介護サービス費,高額介護サービス費,高福＊介護保険課,2361028,1,767,derived
2026_long_term_care_insurance_expenditure_42_04_03_01_01,2026_long_term_care_insurance_expenditure_42_04_03,2026,long_term_care_insurance,介護保険事業会計,高額介護予防サービス費,高額介護予防サービス費,高福＊介護保険課,4995,1,767,derived
2026_long_term_care_insurance_expenditure_42_06_01_01_01,2026_long_term_care_insurance_expenditure_42_06_01,2026,long_term_care_insurance,介護保険事業会計,介護予防サービス給付費,介護予防サービス給付費,高福＊介護保険課,1338000,1,769,derived
2026_long_term_care_insurance_expenditure_42_06_02_01_01,2026_long_term_care_insurance_expenditure_42_06_02,2026,long_term_care_insurance,介護保険事業会計,地域密着型介護予防サービス給付費,地域密着型介護予防サービス給付費,高福＊介護保険課,35885,1,769,derived
2026_long_term_care_insurance_expenditure_42_06_03_01_01,2026_long_term_care_insurance_expenditure_42_06_03,2026,long_term_care_insurance,介護保険事業会計,介護予防福祉用具購入費,介護予防福祉用具購入費,高福＊介護保険課,17108,1,771,derived
2026_long_term_care_insurance_expenditure_42_06_04_01_01,2026_long_term_care_insurance_expenditure_42_06_04,2026,long_term_care_insurance,介護保険事業会計,介護予防住宅改修費,介護予防住宅改修費,高福＊介護保険課,80511,1,771,derived
2026_long_term_care_insurance_expenditure_42_06_05_01_01,2026_long_term_care_insurance_expenditure_42_06_05,2026,long_term_care_insurance,介護保険事業会計,介護予防サービス計画給付費,介護予防サービス計画給付費,高福＊介護保険課,243457,1,771,derived
2026_long_term_care_insurance_expenditure_42_07_01_01_01,2026_long_term_care_insurance_expenditure_42_07_01,2026,long_term_care_insurance,介護保険事業会計,特定入所者介護サービス費,特定入所者介護サービス費,高福＊介護保険課,665690,1,773,derived
2026_long_term_care_insurance_expenditure_42_07_03_01_01,2026_long_term_care_insurance_expenditure_42_07_03,2026,long_term_care_insurance,介護保険事業会計,特定入所者介護予防サービス費,特定入所者介護予防サービス費,高福＊介護保険課,403,1,773,derived
2026_long_term_care_insurance_expenditure_42_09_01_01_01,2026_long_term_care_insurance_expenditure_42_09_01,2026,long_term_care_insurance,介護保険事業会計,高額医療合算介護サービス費,高額医療合算介護サービス費,高福＊介護保険課,432570,1,775,derived
2026_long_term_care_insurance_expenditure_42_09_02_01_01,2026_long_term_care_insurance_expenditure_42_09_02,2026,long_term_care_insurance,介護保険事業会計,高額医療合算介護予防サービス費,高額医療合算介護予防サービス費,高福＊介護保険課,4569,1,775,derived
2026_long_term_care_insurance_expenditure_45_01_01_01_01,2026_long_term_care_insurance_expenditure_45_01_01,2026,long_term_care_insurance,介護保険事業会計,介護給付費準備基金積立金,介護給付費準備基金積立金,高福＊介護保険課,65792,1,777,derived
2026_long_term_care_insurance_expenditure_46_01_01_01_02,2026_long_term_care_insurance_expenditure_46_01_01,2026,long_term_care_insurance,介護保険事業会計,介護保険事業従事職員の人件費,介護保険事業会計関係事務従事職員の人件費,総務＊人事課,650893,1,779,derived
2026_long_term_care_insurance_expenditure_46_01_01_01_04,2026_long_term_care_insurance_expenditure_46_01_01,2026,long_term_care_insurance,介護保険事業会計,介護保険事業従事職員の人件費,介護保険事業会計関係職員の人件費,政策＊財政課,1000,1,779,derived
2026_long_term_care_insurance_expenditure_46_01_01_01_05,2026_long_term_care_insurance_expenditure_46_01_01,2026,long_term_care_insurance,介護保険事業会計,介護保険事業従事職員の人件費,会計年度任用職員の人件費（高齢福祉部）,高福＊高齢福祉課,275405,1,779,derived
2026_long_term_care_insurance_expenditure_48_01_02_01_01,2026_long_term_care_insurance_expenditure_48_01_02,2026,long_term_care_insurance,介護保険事業会計,償還金,償還金,高福＊介護保険課,0,1,,derived
2026_long_term_care_insurance_expenditure_48_01_04_01_01,2026_long_term_care_insurance_expenditure_48_01_04,2026,long_term_care_insurance,介護保険事業会計,第１号被保険者保険料過誤納還付金及還付加算金,第１号被保険者保険料還付金,高福＊介護保険課,43385,1,781,derived
2026_long_term_care_insurance_expenditure_48_01_04_01_02,2026_long_term_care_insurance_expenditure_48_01_04,2026,long_term_care_insurance,介護保険事業会計,第１号被保険者保険料過誤納還付金及還付加算金,第１号被保険者保険料還付加算金,高福＊介護保険課,20,1,781,derived
2026_long_term_care_insurance_expenditure_48_01_04_01_03,2026_long_term_care_insurance_expenditure_48_01_04,2026,long_term_care_insurance,介護保険事業会計,第１号被保険者保険料過誤納還付金及還付加算金,第１号被保険者保険料延滞金還付金,高福＊介護保険課,12,1,781,derived
2026_long_term_care_insurance_expenditure_48_02_01_01_01,2026_long_term_care_insurance_expenditure_48_02_01,2026,long_term_care_insurance,介護保険事業会計,一般会計繰出金,重層的支援体制整備事業繰出金,高福＊介護保険課,255661,1,783,derived
2026_long_term_care_insurance_expenditure_49_02_01_01_01,2026_long_term_care_insurance_expenditure_49_02_01,2026,long_term_care_insurance,介護保険事業会計,包括的支援事業費,地域包括支援センター運営委託,高福＊介護予防・支援課,38453,1,785,derived
2026_long_term_care_insurance_expenditure_49_02_01_01_03,2026_long_term_care_insurance_expenditure_49_02_01,2026,long_term_care_insurance,介護保険事業会計,包括的支援事業費,認知症包括支援事業,高福＊介護予防・支援課,53407,1,785,derived
2026_long_term_care_insurance_expenditure_49_02_01_01_05,2026_long_term_care_insurance_expenditure_49_02_01,2026,long_term_care_insurance,介護保険事業会計,包括的支援事業費,在宅医療・介護連携推進事業,保政＊保福推進課,80167,1,785,derived
2026_long_term_care_insurance_expenditure_49_02_02_01_03,2026_long_term_care_insurance_expenditure_49_02_02,2026,long_term_care_insurance,介護保険事業会計,任意事業費,高齢者おむつ支給,高福＊高齢福祉課,181861,1,785,derived
2026_long_term_care_insurance_expenditure_49_02_02_01_05,2026_long_term_care_insurance_expenditure_49_02_02,2026,long_term_care_insurance,介護保険事業会計,任意事業費,住宅改修アドバイザー派遣,高福＊高齢福祉課,1452,1,785,derived
2026_long_term_care_insurance_expenditure_49_02_02_01_06,2026_long_term_care_insurance_expenditure_49_02_02,2026,long_term_care_insurance,介護保険事業会計,任意事業費,介護給付適正化事業,高福＊介護保険課,3391,1,785,derived
2026_long_term_care_insurance_expenditure_49_02_02_01_10,2026_long_term_care_insurance_expenditure_49_02_02,2026,long_term_care_insurance,介護保険事業会計,任意事業費,認知症ケア推進事業,高福＊介護予防・支援課,36503,1,785,derived
2026_long_term_care_insurance_expenditure_49_02_02_01_11,2026_long_term_care_insurance_expenditure_49_02_02,2026,long_term_care_insurance,介護保険事業会計,任意事業費,家族介護支援事業,高福＊介護保険課,4073,1,785,derived
2026_long_term_care_insurance_expenditure_49_02_02_01_12,2026_long_term_care_insurance_expenditure_49_02_02,2026,long_term_care_insurance,介護保険事業会計,任意事業費,成年後見報酬助成,保政＊生活福祉課,24360,1,785,derived
2026_long_term_care_insurance_expenditure_49_02_02_01_13,2026_long_term_care_insurance_expenditure_49_02_02,2026,long_term_care_insurance,介護保険事業会計,任意事業費,高齢者安心コール,高福＊高齢福祉課,38506,1,785,derived
2026_long_term_care_insurance_expenditure_49_03_01_01_05,2026_long_term_care_insurance_expenditure_49_03_01,2026,long_term_care_insurance,介護保険事業会計,介護予防・日常生活支援総合事業費,一般介護予防事業,高福＊介護予防・支援課,223985,1,789,derived
2026_long_term_care_insurance_expenditure_49_03_01_01_06,2026_long_term_care_insurance_expenditure_49_03_01,2026,long_term_care_insurance,介護保険事業会計,介護予防・日常生活支援総合事業費,サービス・活動事業,高福＊介護予防・支援課,249630,1,789,derived
2026_long_term_care_insurance_expenditure_49_03_01_01_08,2026_long_term_care_insurance_expenditure_49_03_01,2026,long_term_care_insurance,介護保険事業会計,介護予防・日常生活支援総合事業費,高額介護サービス費相当等事業費,高福＊介護保険課,9974,1,789,derived
2026_long_term_care_insurance_expenditure_49_03_01_01_09,2026_long_term_care_insurance_expenditure_49_03_01,2026,long_term_care_insurance,介護保険事業会計,介護予防・日常生活支援総合事業費,総合事業指定事業者実施サービス等諸費,高福＊介護保険課,1285437,1,789,derived
2026_long_term_care_insurance_expenditure_50_01_01_01_01,2026_long_term_care_insurance_expenditure_50_01_01,2026,long_term_care_insurance,介護保険事業会計,介護保険事業会計における予備費,予備費,高福＊介護保険課,30000,1,791,derived
2026_national_health_insurance_expenditure_21_01_01_01_01,2026_national_health_insurance_expenditure_21_01_01,2026,national_health_insurance,国民健康保険事業会計,国民健康保険事業運営費,国民健康保険事業管理運営,保政＊国保・年金課,895408,1,591,derived
2026_national_health_insurance_expenditure_21_01_01_01_04,2026_national_health_insurance_expenditure_21_01_01,2026,national_health_insurance,国民健康保険事業会計,国民健康保険事業運営費,保険料滞納整理,保政＊保険料収納課,242205,1,591,derived
2026_national_health_insurance_expenditure_21_01_02_01_01,2026_national_health_insurance_expenditure_21_01_02,2026,national_health_insurance,国民健康保険事業会計,国民健康保険運営協議会費,国民健康保険運営協議会運営,保政＊国保・年金課,524,1,593,derived
2026_national_health_insurance_expenditure_21_01_03_01_01,2026_national_health_insurance_expenditure_21_01_03,2026,national_health_insurance,国民健康保険事業会計,国民健康保険事業趣旨普及費,国民健康保険事業趣旨普及,保政＊国保・年金課,5606,1,593,derived
2026_national_health_insurance_expenditure_21_01_04_01_01,2026_national_health_insurance_expenditure_21_01_04,2026,national_health_insurance,国民健康保険事業会計,国民健康保険団体連合会負担金,国民健康保険団体連合会負担金,保政＊国保・年金課,16525,1,593,derived
2026_national_health_insurance_expenditure_22_01_01_01_01,2026_national_health_insurance_expenditure_22_01_01,2026,national_health_insurance,国民健康保険事業会計,療養給付費,療養給付費,保政＊国保・年金課,41817513,1,595,derived
2026_national_health_insurance_expenditure_22_01_03_01_01,2026_national_health_insurance_expenditure_22_01_03,2026,national_health_insurance,国民健康保険事業会計,療養費,療養費,保政＊国保・年金課,566541,1,595,derived
2026_national_health_insurance_expenditure_22_01_05_01_01,2026_national_health_insurance_expenditure_22_01_05,2026,national_health_insurance,国民健康保険事業会計,審査支払手数料,審査支払手数料,保政＊国保・年金課,217239,1,595,derived
2026_national_health_insurance_expenditure_22_02_01_01_01,2026_national_health_insurance_expenditure_22_02_01,2026,national_health_insurance,国民健康保険事業会計,高額療養費,高額療養費,保政＊国保・年金課,5886421,1,597,derived
2026_national_health_insurance_expenditure_22_02_03_01_01,2026_national_health_insurance_expenditure_22_02_03,2026,national_health_insurance,国民健康保険事業会計,高額介護合算療養費,高額介護合算療養費,保政＊国保・年金課,8024,1,597,derived
2026_national_health_insurance_expenditure_22_03_02_01_01,2026_national_health_insurance_expenditure_22_03_02,2026,national_health_insurance,国民健康保険事業会計,出産育児一時金,出産育児一時金,保政＊国保・年金課,260500,1,599,derived
2026_national_health_insurance_expenditure_22_03_03_01_01,2026_national_health_insurance_expenditure_22_03_03,2026,national_health_insurance,国民健康保険事業会計,支払手数料,出産育児一時金支払手数料,保政＊国保・年金課,110,1,599,derived
2026_national_health_insurance_expenditure_22_04_01_01_01,2026_national_health_insurance_expenditure_22_04_01,2026,national_health_insurance,国民健康保険事業会計,葬祭費,葬祭費,保政＊国保・年金課,36400,1,601,derived
2026_national_health_insurance_expenditure_22_06_01_01_01,2026_national_health_insurance_expenditure_22_06_01,2026,national_health_insurance,国民健康保険事業会計,移送費,移送費,保政＊国保・年金課,300,1,603,derived
2026_national_health_insurance_expenditure_22_07_01_01_01,2026_national_health_insurance_expenditure_22_07_01,2026,national_health_insurance,国民健康保険事業会計,結核・精神医療給付金,結核・精神医療給付金,保政＊国保・年金課,77084,1,605,derived
2026_national_health_insurance_expenditure_22_08_01_01_01,2026_national_health_insurance_expenditure_22_08_01,2026,national_health_insurance,国民健康保険事業会計,傷病手当金,傷病手当金,保政＊国保・年金課,0,1,,derived
2026_national_health_insurance_expenditure_25_02_01_01_01,2026_national_health_insurance_expenditure_25_02_01,2026,national_health_insurance,国民健康保険事業会計,特定健康診査等事業費,特定健康診査等事業費,保政＊国保・年金課,813676,1,607,derived
2026_national_health_insurance_expenditure_26_01_01_01_01,2026_national_health_insurance_expenditure_26_01_01,2026,national_health_insurance,国民健康保険事業会計,国民健康保険事業従事職員の人件費,国民健康保険事業会計関係事務従事職員の人件費,総務＊人事課,766488,1,609,derived
2026_national_health_insurance_expenditure_26_01_01_01_03,2026_national_health_insurance_expenditure_26_01_01,2026,national_health_insurance,国民健康保険事業会計,国民健康保険事業従事職員の人件費,国民健康保険事業会計関係職員の人件費,政策＊財政課,3000,1,609,derived
2026_national_health_insurance_expenditure_26_01_01_01_04,2026_national_health_insurance_expenditure_26_01_01,2026,national_health_insurance,国民健康保険事業会計,国民健康保険事業従事職員の人件費,会計年度任用職員の人件費（保健福祉政策部）,保政＊保健福祉政策課,85220,1,609,derived
2026_national_health_insurance_expenditure_27_03_01_01_01,2026_national_health_insurance_expenditure_27_03_01,2026,national_health_insurance,国民健康保険事業会計,保険料還付金及還付加算金,保険料還付金,保政＊保険料収納課,204000,1,611,derived
2026_national_health_insurance_expenditure_27_03_01_01_02,2026_national_health_insurance_expenditure_27_03_01,2026,national_health_insurance,国民健康保険事業会計,保険料還付金及還付加算金,保険料還付加算金,保政＊保険料収納課,950,1,611,derived
2026_national_health_insurance_expenditure_27_03_01_01_03,2026_national_health_insurance_expenditure_27_03_01,2026,national_health_insurance,国民健康保険事業会計,保険料還付金及還付加算金,保険料延滞金還付金,保政＊保険料収納課,700,1,611,derived
2026_national_health_insurance_expenditure_27_03_03_01_01,2026_national_health_insurance_expenditure_27_03_03,2026,national_health_insurance,国民健康保険事業会計,償還金,償還金,保政＊国保・年金課,0,1,,derived
2026_national_health_insurance_expenditure_32_01_01_01_01,2026_national_health_insurance_expenditure_32_01_01,2026,national_health_insurance,国民健康保険事業会計,医療給付費分,医療給付費分納付金,保政＊国保・年金課,20790477,1,613,derived
2026_national_health_insurance_expenditure_32_02_01_01_01,2026_national_health_insurance_expenditure_32_02_01,2026,national_health_insurance,国民健康保険事業会計,後期高齢者支援金等分,後期高齢者支援金等分納付金,保政＊国保・年金課,7764099,1,615,derived
2026_national_health_insurance_expenditure_32_03_01_01_01,2026_national_health_insurance_expenditure_32_03_01,2026,national_health_insurance,国民健康保険事業会計,介護納付金分,介護納付金分納付金,保政＊国保・年金課,3051753,1,617,derived
2026_national_health_insurance_expenditure_32_04_01_01_01,2026_national_health_insurance_expenditure_32_04_01,2026,national_health_insurance,国民健康保険事業会計,子ども・子育て支援金分,子ども・子育て支援金分納付金,保政＊国保・年金課,666142,1,619,derived
2026_national_health_insurance_expenditure_34_01_01_01_01,2026_national_health_insurance_expenditure_34_01_01,2026,national_health_insurance,国民健康保険事業会計,国民健康保険事業会計における予備費,予備費,保政＊国保・年金課,30000,1,621,derived
2026_school_lunch_fee_expenditure_71_01_01_01_03,2026_school_lunch_fee_expenditure_71_01_01,2026,school_lunch_fee,学校給食費会計,給食事務運営費,学校給食事務運営,教生＊学校健康推進課,0,1,,derived
