"budget_program_identity_id","display_program_name","account_name","kan_name","kou_name","moku_name","department_display_name","amount_thousand_yen","candidate_topic","proposed_relation_type","proposed_explanation","evidence_level","evidence_fields","confidence","review_decision","review_note"
"bpi_4160129e6ad8914674be13590d97eedb571f0ae025b2cf3cc2e715317ebebd39","文化財団運営補助","一般会計","総務費","区民費","文化施設費","生活文化政策部 文化・国際課","1655041","文化・スポーツ・生涯学習を支える行政","supports","公式予算で健康村、文化・国際、文化施設、スポーツ振興または生涯現役推進に関する目に属するため、文化・スポーツ・生涯学習に関する行政機能を支える予算事業として整理した。これはみらい議会の探索用整理であり、区の公式な課題分類ではない。","B_strong_structural","{""matched_rule_id"":""culture-sports-official-hierarchy"",""budget_item_key"":""2026_general_expenditure_02_03_12"",""identity_fields"":{""display_program_name"":""文化財団運営補助"",""hierarchy"":[""総務費"",""区民費"",""文化施設費""],""department_display_name"":""生活文化政策部 文化・国際課"",""amount_thousand_yen"":1655041},""member_programs"":[{""program_id"":""2026_general_expenditure_02_03_12_01_03_01"",""major_program_name"":""文化財団維持運営費"",""budget_program_name"":""文化財団運営補助"",""detail_program_name"":""文化財団運営補助"",""source_file"":""ippansaisyutu.csv"",""source_row_number"":9387}],""same_budget_item_other_program_names"":[""音楽文化の振興"",""美術館維持管理"",""文化施設事業運営"",""文化施設保全"",""文化生活情報センター維持管理"",""文学館維持管理""],""related_revenues"":[{""revenue_detail_id"":""rd_2026_general_revenue_19_06_09_51_46_3405400000"",""revenue_hierarchy"":[""諸収入"",""雑入"",""雑入"",""雑入（２）"",""地域の芸術環境づくり助成事業""],""amount_attribution_status"":""not_available""}]}","high","approve","B_strong_structural・確信度highの一括承認ルールにより承認"
"bpi_479ba04df3669398a2e15d6d37ce9fe75bdac71f03db1a8132315d30a4b294fa","文化施設保全","一般会計","総務費","区民費","文化施設費","生活文化政策部 文化・国際課","1241506","文化・スポーツ・生涯学習を支える行政","supports","公式予算で健康村、文化・国際、文化施設、スポーツ振興または生涯現役推進に関する目に属するため、文化・スポーツ・生涯学習に関する行政機能を支える予算事業として整理した。これはみらい議会の探索用整理であり、区の公式な課題分類ではない。","B_strong_structural","{""matched_rule_id"":""culture-sports-official-hierarchy"",""budget_item_key"":""2026_general_expenditure_02_03_12"",""identity_fields"":{""display_program_name"":""文化施設保全"",""hierarchy"":[""総務費"",""区民費"",""文化施設費""],""department_display_name"":""生活文化政策部 文化・国際課"",""amount_thousand_yen"":1241506},""member_programs"":[{""program_id"":""2026_general_expenditure_02_03_12_01_02_01"",""major_program_name"":""文化財団維持運営費"",""budget_program_name"":""文化施設保全"",""detail_program_name"":""文化施設保全"",""source_file"":""ippansaisyutu.csv"",""source_row_number"":9386}],""same_budget_item_other_program_names"":[""音楽文化の振興"",""美術館維持管理"",""文化財団運営補助"",""文化施設事業運営"",""文化生活情報センター維持管理"",""文学館維持管理""],""related_revenues"":[]}","high","approve","B_strong_structural・確信度highの一括承認ルールにより承認"
"bpi_65d0d328ba56f819547de57aee417c8815c8915f0f20c7292c8721c71e8d5426","図書館サービスの推進","一般会計","教育費","社会教育費","図書館費","教育委員会事務局 中央図書館","892150","文化・スポーツ・生涯学習を支える行政","supports","公式予算で教育費の社会教育費に属するため、文化・生涯学習に関する行政機能を支える予算事業として整理した。","B_strong_structural","{""matched_rule_id"":""lifelong-learning-official-hierarchy"",""budget_item_key"":""2026_general_expenditure_08_06_04"",""identity_fields"":{""display_program_name"":""図書館サービスの推進"",""hierarchy"":[""教育費"",""社会教育費"",""図書館費""],""department_display_name"":""教育委員会事務局 中央図書館"",""amount_thousand_yen"":892150},""member_programs"":[{""program_id"":""2026_general_expenditure_08_06_04_01_02_01"",""major_program_name"":""中央図書館、地域図書館、まちかど図書室維持運営費"",""budget_program_name"":""図書館サービスの推進"",""detail_program_name"":""図書館サービスの推進"",""source_file"":""ippansaisyutu.csv"",""source_row_number"":10159}],""same_budget_item_other_program_names"":[""プラネタリウム事業運営"",""教育会館維持管理"",""教育会館改修"",""子ども読書活動の推進"",""図書館改修"",""図書館管理運営"",""図書館資料の充実"",""図書館情報システムの運営"",""生涯学習拠点としての図書館の充実"",""地域図書室の維持管理"",""地域図書室資料の充実""],""related_revenues"":[{""revenue_detail_id"":""rd_2026_general_revenue_12_01_06_05_25_4965200000"",""revenue_hierarchy"":[""使用料及手数料"",""使用料"",""教育使用料"",""教育施設"",""梅丘図書館""],""amount_attribution_status"":""not_available""},{""revenue_detail_id"":""rd_2026_general_revenue_15_01_01_03_42_4965200000"",""revenue_hierarchy"":[""財産収入"",""財産運用収入"",""財産貸付収入"",""建物貸付"",""図書館""],""amount_attribution_status"":""not_available""}]}","high","approve","B_strong_structural・確信度highの一括承認ルールにより承認"
"bpi_03c663aa4f8dc3e80014cc0428b9de15d44f2b5710a88d4d6c98f4cf2d6ca601","総合運動場維持運営","一般会計","総務費","区民費","スポーツ振興費","スポーツ推進部 スポーツ施設課","756580","文化・スポーツ・生涯学習を支える行政","supports","公式予算で健康村、文化・国際、文化施設、スポーツ振興または生涯現役推進に関する目に属するため、文化・スポーツ・生涯学習に関する行政機能を支える予算事業として整理した。これはみらい議会の探索用整理であり、区の公式な課題分類ではない。","B_strong_structural","{""matched_rule_id"":""culture-sports-official-hierarchy"",""budget_item_key"":""2026_general_expenditure_02_03_14"",""identity_fields"":{""display_program_name"":""総合運動場維持運営"",""hierarchy"":[""総務費"",""区民費"",""スポーツ振興費""],""department_display_name"":""スポーツ推進部 スポーツ施設課"",""amount_thousand_yen"":756580},""member_programs"":[{""program_id"":""2026_general_expenditure_02_03_14_01_05_01"",""major_program_name"":""スポーツ振興事業費"",""budget_program_name"":""総合運動場維持運営"",""detail_program_name"":""総合運動場維持運営"",""source_file"":""ippansaisyutu.csv"",""source_row_number"":9430}],""same_budget_item_other_program_names"":[""スポーツ施設改修工事"",""スポーツ施設整備事務"",""スポーツ施設民間連携等"",""スポーツ推進基金積立金"",""スポーツ推進部庶務事務"",""パラスポーツの推進"",""世田谷区スポーツ振興財団運営助成"",""生涯スポーツの振興"",""千歳温水プール維持運営"",""総合運動場施設整備工事"",""大蔵第二運動公園運動施設維持運営"",""大蔵第二運動公園運動施設整備工事"",""地域・地区スポーツ施設整備工事"",""地域体育施設の維持運営"",""東京２０２０大会レガシーの推進""],""related_revenues"":[{""revenue_detail_id"":""rd_2026_general_revenue_12_01_01_05_50_3445550000"",""revenue_hierarchy"":[""使用料及手数料"",""使用料"",""総務使用料"",""総務施設"",""総合運動場""],""amount_attribution_status"":""not_available""},{""revenue_detail_id"":""rd_2026_general_revenue_15_01_01_04_41_3445550000"",""revenue_hierarchy"":[""財産収入"",""財産運用収入"",""財産貸付収入"",""土地貸付"",""総合運動場""],""amount_attribution_status"":""not_available""},{""revenue_detail_id"":""rd_2026_general_revenue_19_06_09_05_92_3445550000"",""revenue_hierarchy"":[""諸収入"",""雑入"",""雑入"",""光熱水費等負担金"",""総合運動場""],""amount_attribution_status"":""not_available""},{""revenue_detail_id"":""rd_2026_general_revenue_19_06_09_60_02_3445550000"",""revenue_hierarchy"":[""諸収入"",""雑入"",""雑入"",""スポーツ振興くじ助成金"",""地方公共団体スポーツ活動助成""],""amount_attribution_status"":""not_available""}]}","high","approve","B_strong_structural・確信度highの一括承認ルールにより承認"
"bpi_3489e5ae961166d433b1f3b6eb5799621c4a4b9e8deb3189b9bed60a8e100822","放課後の遊び場対策（ＢＯＰ）","一般会計","教育費","社会教育費","社会教育総務費","教育委員会事務局 地域学校連携課","731520","文化・スポーツ・生涯学習を支える行政","supports","公式予算で教育費の社会教育費に属するため、文化・生涯学習に関する行政機能を支える予算事業として整理した。","B_strong_structural","{""matched_rule_id"":""lifelong-learning-official-hierarchy"",""budget_item_key"":""2026_general_expenditure_08_06_01"",""identity_fields"":{""display_program_name"":""放課後の遊び場対策（ＢＯＰ）"",""hierarchy"":[""教育費"",""社会教育費"",""社会教育総務費""],""department_display_name"":""教育委員会事務局 地域学校連携課"",""amount_thousand_yen"":731520},""member_programs"":[{""program_id"":""2026_general_expenditure_08_06_01_01_03_01"",""major_program_name"":""社会教育管理費"",""budget_program_name"":""放課後の遊び場対策（ＢＯＰ）"",""detail_program_name"":""放課後の遊び場対策（ＢＯＰ）"",""source_file"":""ippansaisyutu.csv"",""source_row_number"":10216}],""same_budget_item_other_program_names"":[""小・中学校施設開放"",""小学校遊び場開放"",""総合型地域スポーツ・文化クラブの支援"",""地域連携事業""],""related_revenues"":[{""revenue_detail_id"":""rd_2026_general_revenue_12_01_06_05_11_4980100000"",""revenue_hierarchy"":[""使用料及手数料"",""使用料"",""教育使用料"",""教育施設"",""新ＢＯＰ""],""amount_attribution_status"":""not_available""},{""revenue_detail_id"":""rd_2026_general_revenue_14_02_07_09_01_4980100000"",""revenue_hierarchy"":[""都支出金"",""都補助金"",""教育費補助金"",""放課後子どもプラン"",""放課後子どもプラン""],""amount_attribution_status"":""not_available""}]}","high","approve","B_strong_structural・確信度highの一括承認ルールにより承認"
"bpi_4d2822234e97c11a5037fc2c9095b14ef764d5e39cf0eeb1eb258c6020e4f76b","区民健康村維持運営","一般会計","総務費","区民費","健康村費","生活文化政策部 健康村・ふる交流課","513409","文化・スポーツ・生涯学習を支える行政","supports","公式予算で健康村、文化・国際、文化施設、スポーツ振興または生涯現役推進に関する目に属するため、文化・スポーツ・生涯学習に関する行政機能を支える予算事業として整理した。これはみらい議会の探索用整理であり、区の公式な課題分類ではない。","B_strong_structural","{""matched_rule_id"":""culture-sports-official-hierarchy"",""budget_item_key"":""2026_general_expenditure_02_03_10"",""identity_fields"":{""display_program_name"":""区民健康村維持運営"",""hierarchy"":[""総務費"",""区民費"",""健康村費""],""department_display_name"":""生活文化政策部 健康村・ふる交流課"",""amount_thousand_yen"":513409},""member_programs"":[{""program_id"":""2026_general_expenditure_02_03_10_01_03_01"",""major_program_name"":""区民健康村維持運営費"",""budget_program_name"":""区民健康村維持運営"",""detail_program_name"":""区民健康村維持運営"",""source_file"":""ippansaisyutu.csv"",""source_row_number"":9404}],""same_budget_item_other_program_names"":[""区民健康村施設整備"",""交流事業推進""],""related_revenues"":[{""revenue_detail_id"":""rd_2026_general_revenue_12_01_01_05_43_3405500000"",""revenue_hierarchy"":[""使用料及手数料"",""使用料"",""総務使用料"",""総務施設"",""区民健康村用地""],""amount_attribution_status"":""not_available""}]}","high","approve","B_strong_structural・確信度highの一括承認ルールにより承認"
"bpi_dbc145d7554808b3c1e2f7851994fdf554f7aef10a20d0757cd36ca3a28df3c5","文化生活情報センター維持管理","一般会計","総務費","区民費","文化施設費","生活文化政策部 文化・国際課","467636","文化・スポーツ・生涯学習を支える行政","supports","公式予算で健康村、文化・国際、文化施設、スポーツ振興または生涯現役推進に関する目に属するため、文化・スポーツ・生涯学習に関する行政機能を支える予算事業として整理した。これはみらい議会の探索用整理であり、区の公式な課題分類ではない。","B_strong_structural","{""matched_rule_id"":""culture-sports-official-hierarchy"",""budget_item_key"":""2026_general_expenditure_02_03_12"",""identity_fields"":{""display_program_name"":""文化生活情報センター維持管理"",""hierarchy"":[""総務費"",""区民費"",""文化施設費""],""department_display_name"":""生活文化政策部 文化・国際課"",""amount_thousand_yen"":467636},""member_programs"":[{""program_id"":""2026_general_expenditure_02_03_12_01_05_01"",""major_program_name"":""文化財団維持運営費"",""budget_program_name"":""文化生活情報センター維持管理"",""detail_program_name"":""文化生活情報センター維持管理"",""source_file"":""ippansaisyutu.csv"",""source_row_number"":9389}],""same_budget_item_other_program_names"":[""音楽文化の振興"",""美術館維持管理"",""文化財団運営補助"",""文化施設事業運営"",""文化施設保全"",""文学館維持管理""],""related_revenues"":[{""revenue_detail_id"":""rd_2026_general_revenue_12_01_01_13_03_3405400000"",""revenue_hierarchy"":[""使用料及手数料"",""使用料"",""総務使用料"",""文化施設"",""文化生活情報センター""],""amount_attribution_status"":""not_available""},{""revenue_detail_id"":""rd_2026_general_revenue_15_01_01_04_43_3405400000"",""revenue_hierarchy"":[""財産収入"",""財産運用収入"",""財産貸付収入"",""土地貸付"",""文化生活情報センター""],""amount_attribution_status"":""not_available""},{""revenue_detail_id"":""rd_2026_general_revenue_19_06_09_05_10_3405400000"",""revenue_hierarchy"":[""諸収入"",""雑入"",""雑入"",""光熱水費等負担金"",""文化生活情報センター""],""amount_attribution_status"":""not_available""}]}","high","approve","B_strong_structural・確信度highの一括承認ルールにより承認"
"bpi_53222f2db58cf073daa7301ed22ef1c7b71c96807a40e8bbed97b02426a33fcb","美術館維持管理","一般会計","総務費","区民費","文化施設費","生活文化政策部 文化・国際課","405012","文化・スポーツ・生涯学習を支える行政","supports","公式予算で健康村、文化・国際、文化施設、スポーツ振興または生涯現役推進に関する目に属するため、文化・スポーツ・生涯学習に関する行政機能を支える予算事業として整理した。これはみらい議会の探索用整理であり、区の公式な課題分類ではない。","B_strong_structural","{""matched_rule_id"":""culture-sports-official-hierarchy"",""budget_item_key"":""2026_general_expenditure_02_03_12"",""identity_fields"":{""display_program_name"":""美術館維持管理"",""hierarchy"":[""総務費"",""区民費"",""文化施設費""],""department_display_name"":""生活文化政策部 文化・国際課"",""amount_thousand_yen"":405012},""member_programs"":[{""program_id"":""2026_general_expenditure_02_03_12_01_06_01"",""major_program_name"":""文化財団維持運営費"",""budget_program_name"":""美術館維持管理"",""detail_program_name"":""美術館維持管理"",""source_file"":""ippansaisyutu.csv"",""source_row_number"":9390}],""same_budget_item_other_program_names"":[""音楽文化の振興"",""文化財団運営補助"",""文化施設事業運営"",""文化施設保全"",""文化生活情報センター維持管理"",""文学館維持管理""],""related_revenues"":[{""revenue_detail_id"":""rd_2026_general_revenue_19_06_09_05_28_3405400000"",""revenue_hierarchy"":[""諸収入"",""雑入"",""雑入"",""光熱水費等負担金"",""美術館""],""amount_attribution_status"":""not_available""}]}","high","approve","B_strong_structural・確信度highの一括承認ルールにより承認"
"bpi_62a26ba248202e364005fd2d64262bae4c0588694934abbc1117ce10d4da1b44","千歳温水プール維持運営","一般会計","総務費","区民費","スポーツ振興費","スポーツ推進部 スポーツ施設課","394849","文化・スポーツ・生涯学習を支える行政","supports","公式予算で健康村、文化・国際、文化施設、スポーツ振興または生涯現役推進に関する目に属するため、文化・スポーツ・生涯学習に関する行政機能を支える予算事業として整理した。これはみらい議会の探索用整理であり、区の公式な課題分類ではない。","B_strong_structural","{""matched_rule_id"":""culture-sports-official-hierarchy"",""budget_item_key"":""2026_general_expenditure_02_03_14"",""identity_fields"":{""display_program_name"":""千歳温水プール維持運営"",""hierarchy"":[""総務費"",""区民費"",""スポーツ振興費""],""department_display_name"":""スポーツ推進部 スポーツ施設課"",""amount_thousand_yen"":394849},""member_programs"":[{""program_id"":""2026_general_expenditure_02_03_14_01_07_01"",""major_program_name"":""スポーツ振興事業費"",""budget_program_name"":""千歳温水プール維持運営"",""detail_program_name"":""千歳温水プール維持運営"",""source_file"":""ippansaisyutu.csv"",""source_row_number"":9432}],""same_budget_item_other_program_names"":[""スポーツ施設改修工事"",""スポーツ施設整備事務"",""スポーツ施設民間連携等"",""スポーツ推進基金積立金"",""スポーツ推進部庶務事務"",""パラスポーツの推進"",""世田谷区スポーツ振興財団運営助成"",""生涯スポーツの振興"",""総合運動場維持運営"",""総合運動場施設整備工事"",""大蔵第二運動公園運動施設維持運営"",""大蔵第二運動公園運動施設整備工事"",""地域・地区スポーツ施設整備工事"",""地域体育施設の維持運営"",""東京２０２０大会レガシーの推進""],""related_revenues"":[{""revenue_detail_id"":""rd_2026_general_revenue_12_01_01_05_51_3445550000"",""revenue_hierarchy"":[""使用料及手数料"",""使用料"",""総務使用料"",""総務施設"",""千歳温水プール""],""amount_attribution_status"":""not_available""},{""revenue_detail_id"":""rd_2026_general_revenue_15_01_01_04_42_3445550000"",""revenue_hierarchy"":[""財産収入"",""財産運用収入"",""財産貸付収入"",""土地貸付"",""千歳温水プール""],""amount_attribution_status"":""not_available""},{""revenue_detail_id"":""rd_2026_general_revenue_17_01_43_01_06_3445550000"",""revenue_hierarchy"":[""繰入金"",""基金繰入金"",""スポーツ推進基金繰入金"",""スポーツ推進基金"",""スポーツ推進基金（千歳温水プール維持運営）""],""amount_attribution_status"":""not_available""},{""revenue_detail_id"":""rd_2026_general_revenue_19_06_09_05_93_3445550000"",""revenue_hierarchy"":[""諸収入"",""雑入"",""雑入"",""光熱水費等負担金"",""千歳温水プール""],""amount_attribution_status"":""not_available""},{""revenue_detail_id"":""rd_2026_general_revenue_19_06_09_83_46_3445550000"",""revenue_hierarchy"":[""諸収入"",""雑入"",""雑入"",""雑入（３）"",""千歳温水プール管理運営""],""amount_attribution_status"":""not_available""}]}","high","approve","B_strong_structural・確信度highの一括承認ルールにより承認"
"bpi_6c5b1ea7b2d909ed4ab59abc24c9fda00ad3e20f64240392a5d60ac877a3dc03","小・中学校施設開放","一般会計","教育費","社会教育費","社会教育総務費","教育委員会事務局 地域学校連携課","372901","文化・スポーツ・生涯学習を支える行政","supports","公式予算で教育費の社会教育費に属するため、文化・生涯学習に関する行政機能を支える予算事業として整理した。","B_strong_structural","{""matched_rule_id"":""lifelong-learning-official-hierarchy"",""budget_item_key"":""2026_general_expenditure_08_06_01"",""identity_fields"":{""display_program_name"":""小・中学校施設開放"",""hierarchy"":[""教育費"",""社会教育費"",""社会教育総務費""],""department_display_name"":""教育委員会事務局 地域学校連携課"",""amount_thousand_yen"":372901},""member_programs"":[{""program_id"":""2026_general_expenditure_08_06_01_01_04_01"",""major_program_name"":""社会教育管理費"",""budget_program_name"":""小・中学校施設開放"",""detail_program_name"":""小・中学校施設開放"",""source_file"":""ippansaisyutu.csv"",""source_row_number"":10217}],""same_budget_item_other_program_names"":[""小学校遊び場開放"",""総合型地域スポーツ・文化クラブの支援"",""地域連携事業"",""放課後の遊び場対策（ＢＯＰ）""],""related_revenues"":[{""revenue_detail_id"":""rd_2026_general_revenue_12_01_06_05_15_4980100000"",""revenue_hierarchy"":[""使用料及手数料"",""使用料"",""教育使用料"",""教育施設"",""学校施設開放""],""amount_attribution_status"":""not_available""}]}","high","approve","B_strong_structural・確信度highの一括承認ルールにより承認"
"bpi_7b6b33860fc7fd3737c140162313fa7784eda4bc62512df5d748586ac271575e","区民健康村施設整備","一般会計","総務費","区民費","健康村費","生活文化政策部 健康村・ふる交流課","323133","文化・スポーツ・生涯学習を支える行政","supports","公式予算で健康村、文化・国際、文化施設、スポーツ振興または生涯現役推進に関する目に属するため、文化・スポーツ・生涯学習に関する行政機能を支える予算事業として整理した。これはみらい議会の探索用整理であり、区の公式な課題分類ではない。","B_strong_structural","{""matched_rule_id"":""culture-sports-official-hierarchy"",""budget_item_key"":""2026_general_expenditure_02_03_10"",""identity_fields"":{""display_program_name"":""区民健康村施設整備"",""hierarchy"":[""総務費"",""区民費"",""健康村費""],""department_display_name"":""生活文化政策部 健康村・ふる交流課"",""amount_thousand_yen"":323133},""member_programs"":[{""program_id"":""2026_general_expenditure_02_03_10_01_01_01"",""major_program_name"":""区民健康村維持運営費"",""budget_program_name"":""区民健康村施設整備"",""detail_program_name"":""区民健康村施設整備"",""source_file"":""ippansaisyutu.csv"",""source_row_number"":9403}],""same_budget_item_other_program_names"":[""区民健康村維持運営"",""交流事業推進""],""related_revenues"":[]}","high","approve","B_strong_structural・確信度highの一括承認ルールにより承認"
"bpi_ee95ca9138d548c3ef880b192a62c383bf7a33bd76b28abe9c70f4f33ae8d6cb","世田谷区スポーツ振興財団運営助成","一般会計","総務費","区民費","スポーツ振興費","スポーツ推進部 スポーツ推進課","321746","文化・スポーツ・生涯学習を支える行政","supports","公式予算で健康村、文化・国際、文化施設、スポーツ振興または生涯現役推進に関する目に属するため、文化・スポーツ・生涯学習に関する行政機能を支える予算事業として整理した。これはみらい議会の探索用整理であり、区の公式な課題分類ではない。","B_strong_structural","{""matched_rule_id"":""culture-sports-official-hierarchy"",""budget_item_key"":""2026_general_expenditure_02_03_14"",""identity_fields"":{""display_program_name"":""世田谷区スポーツ振興財団運営助成"",""hierarchy"":[""総務費"",""区民費"",""スポーツ振興費""],""department_display_name"":""スポーツ推進部 スポーツ推進課"",""amount_thousand_yen"":321746},""member_programs"":[{""program_id"":""2026_general_expenditure_02_03_14_01_02_01"",""major_program_name"":""スポーツ振興事業費"",""budget_program_name"":""世田谷区スポーツ振興財団運営助成"",""detail_program_name"":""世田谷区スポーツ振興財団運営助成"",""source_file"":""ippansaisyutu.csv"",""source_row_number"":9423}],""same_budget_item_other_program_names"":[""スポーツ施設改修工事"",""スポーツ施設整備事務"",""スポーツ施設民間連携等"",""スポーツ推進基金積立金"",""スポーツ推進部庶務事務"",""パラスポーツの推進"",""生涯スポーツの振興"",""千歳温水プール維持運営"",""総合運動場維持運営"",""総合運動場施設整備工事"",""大蔵第二運動公園運動施設維持運営"",""大蔵第二運動公園運動施設整備工事"",""地域・地区スポーツ施設整備工事"",""地域体育施設の維持運営"",""東京２０２０大会レガシーの推進""],""related_revenues"":[{""revenue_detail_id"":""rd_2026_general_revenue_14_02_01_48_04_3445100000"",""revenue_hierarchy"":[""都支出金"",""都補助金"",""総務費補助金"",""区市町村スポーツ実施促進事業"",""地域スポーツ推進事業""],""amount_attribution_status"":""not_available""},{""revenue_detail_id"":""rd_2026_general_revenue_14_02_01_48_05_3445100000"",""revenue_hierarchy"":[""都支出金"",""都補助金"",""総務費補助金"",""区市町村スポーツ実施促進事業"",""パラスポーツ推進事業""],""amount_attribution_status"":""not_available""}]}","high","approve","B_strong_structural・確信度highの一括承認ルールにより承認"
"bpi_fa5d249831f54eacc33495fd8681553a1601c5e5a81c0d29b7700e5872a3e0f7","教育会館維持管理","一般会計","教育費","社会教育費","図書館費","教育委員会事務局 中央図書館","311678","文化・スポーツ・生涯学習を支える行政","supports","公式予算で教育費の社会教育費に属するため、文化・生涯学習に関する行政機能を支える予算事業として整理した。","B_strong_structural","{""matched_rule_id"":""lifelong-learning-official-hierarchy"",""budget_item_key"":""2026_general_expenditure_08_06_04"",""identity_fields"":{""display_program_name"":""教育会館維持管理"",""hierarchy"":[""教育費"",""社会教育費"",""図書館費""],""department_display_name"":""教育委員会事務局 中央図書館"",""amount_thousand_yen"":311678},""member_programs"":[{""program_id"":""2026_general_expenditure_08_06_04_01_13_01"",""major_program_name"":""中央図書館、地域図書館、まちかど図書室維持運営費"",""budget_program_name"":""教育会館維持管理"",""detail_program_name"":""教育会館維持管理"",""source_file"":""ippansaisyutu.csv"",""source_row_number"":10166}],""same_budget_item_other_program_names"":[""プラネタリウム事業運営"",""教育会館改修"",""子ども読書活動の推進"",""図書館サービスの推進"",""図書館改修"",""図書館管理運営"",""図書館資料の充実"",""図書館情報システムの運営"",""生涯学習拠点としての図書館の充実"",""地域図書室の維持管理"",""地域図書室資料の充実""],""related_revenues"":[{""revenue_detail_id"":""rd_2026_general_revenue_12_01_06_05_23_4965200000"",""revenue_hierarchy"":[""使用料及手数料"",""使用料"",""教育使用料"",""教育施設"",""教育会館""],""amount_attribution_status"":""not_available""},{""revenue_detail_id"":""rd_2026_general_revenue_15_01_01_04_90_4965200000"",""revenue_hierarchy"":[""財産収入"",""財産運用収入"",""財産貸付収入"",""土地貸付"",""教育会館""],""amount_attribution_status"":""not_available""},{""revenue_detail_id"":""rd_2026_general_revenue_19_06_09_15_34_4965200000"",""revenue_hierarchy"":[""諸収入"",""雑入"",""雑入"",""リサイクル資源売払金"",""教育会館維持管理""],""amount_attribution_status"":""not_available""},{""revenue_detail_id"":""rd_2026_general_revenue_19_06_09_54_94_4965200000"",""revenue_hierarchy"":[""諸収入"",""雑入"",""雑入"",""光熱水費等負担金（２）"",""教育会館""],""amount_attribution_status"":""not_available""}]}","high","approve","B_strong_structural・確信度highの一括承認ルールにより承認"
"bpi_6ee9796d9f747d38173580e0d2138d7ba17fdc6fb77fc5d7d31f0ffc384f7a1c","図書館管理運営","一般会計","教育費","社会教育費","図書館費","教育委員会事務局 中央図書館","234177","文化・スポーツ・生涯学習を支える行政","supports","公式予算で教育費の社会教育費に属するため、文化・生涯学習に関する行政機能を支える予算事業として整理した。","B_strong_structural","{""matched_rule_id"":""lifelong-learning-official-hierarchy"",""budget_item_key"":""2026_general_expenditure_08_06_04"",""identity_fields"":{""display_program_name"":""図書館管理運営"",""hierarchy"":[""教育費"",""社会教育費"",""図書館費""],""department_display_name"":""教育委員会事務局 中央図書館"",""amount_thousand_yen"":234177},""member_programs"":[{""program_id"":""2026_general_expenditure_08_06_04_01_15_01"",""major_program_name"":""中央図書館、地域図書館、まちかど図書室維持運営費"",""budget_program_name"":""図書館管理運営"",""detail_program_name"":""図書館管理運営"",""source_file"":""ippansaisyutu.csv"",""source_row_number"":10168}],""same_budget_item_other_program_names"":[""プラネタリウム事業運営"",""教育会館維持管理"",""教育会館改修"",""子ども読書活動の推進"",""図書館サービスの推進"",""図書館改修"",""図書館資料の充実"",""図書館情報システムの運営"",""生涯学習拠点としての図書館の充実"",""地域図書室の維持管理"",""地域図書室資料の充実""],""related_revenues"":[{""revenue_detail_id"":""rd_2026_general_revenue_12_01_06_05_24_4965200000"",""revenue_hierarchy"":[""使用料及手数料"",""使用料"",""教育使用料"",""教育施設"",""図書館""],""amount_attribution_status"":""not_available""},{""revenue_detail_id"":""rd_2026_general_revenue_15_01_01_04_91_4965200000"",""revenue_hierarchy"":[""財産収入"",""財産運用収入"",""財産貸付収入"",""土地貸付"",""砧図書館""],""amount_attribution_status"":""not_available""},{""revenue_detail_id"":""rd_2026_general_revenue_19_06_09_45_28_4965200000"",""revenue_hierarchy"":[""諸収入"",""雑入"",""雑入"",""広告料収入"",""図書館案内""],""amount_attribution_status"":""not_available""},{""revenue_detail_id"":""rd_2026_general_revenue_19_06_09_97_09_4965200000"",""revenue_hierarchy"":[""諸収入"",""雑入"",""雑入"",""参加料・利用料（２）"",""図書館コピーサービス料""],""amount_attribution_status"":""not_available""},{""revenue_detail_id"":""rd_2026_general_revenue_19_06_12_05_02_4965200000"",""revenue_hierarchy"":[""諸収入"",""雑入"",""雑入（２）"",""光熱水費等負担金（３）"",""図書館""],""amount_attribution_status"":""not_available""}]}","high","approve","B_strong_structural・確信度highの一括承認ルールにより承認"
"bpi_b3b322559262409ac2a910333c9a84ae9758b030472e9ea8cf393955b0b31d70","文化施設事業運営","一般会計","総務費","区民費","文化施設費","生活文化政策部 文化・国際課","224761","文化・スポーツ・生涯学習を支える行政","supports","公式予算で健康村、文化・国際、文化施設、スポーツ振興または生涯現役推進に関する目に属するため、文化・スポーツ・生涯学習に関する行政機能を支える予算事業として整理した。これはみらい議会の探索用整理であり、区の公式な課題分類ではない。","B_strong_structural","{""matched_rule_id"":""culture-sports-official-hierarchy"",""budget_item_key"":""2026_general_expenditure_02_03_12"",""identity_fields"":{""display_program_name"":""文化施設事業運営"",""hierarchy"":[""総務費"",""区民費"",""文化施設費""],""department_display_name"":""生活文化政策部 文化・国際課"",""amount_thousand_yen"":224761},""member_programs"":[{""program_id"":""2026_general_expenditure_02_03_12_01_04_01"",""major_program_name"":""文化財団維持運営費"",""budget_program_name"":""文化施設事業運営"",""detail_program_name"":""文化施設事業運営"",""source_file"":""ippansaisyutu.csv"",""source_row_number"":9388}],""same_budget_item_other_program_names"":[""音楽文化の振興"",""美術館維持管理"",""文化財団運営補助"",""文化施設保全"",""文化生活情報センター維持管理"",""文学館維持管理""],""related_revenues"":[{""revenue_detail_id"":""rd_2026_general_revenue_12_01_01_13_01_3405400000"",""revenue_hierarchy"":[""使用料及手数料"",""使用料"",""総務使用料"",""文化施設"",""美術館""],""amount_attribution_status"":""not_available""},{""revenue_detail_id"":""rd_2026_general_revenue_12_01_01_13_02_3405400000"",""revenue_hierarchy"":[""使用料及手数料"",""使用料"",""総務使用料"",""文化施設"",""文学館""],""amount_attribution_status"":""not_available""}]}","high","approve","B_strong_structural・確信度highの一括承認ルールにより承認"
"bpi_5df445261b4cc1e1c8aa6ddbc183b2c8bb5393c9ce3466b8b179570fee65631b","スポーツ施設整備事務","一般会計","総務費","区民費","スポーツ振興費","スポーツ推進部 拠点スポ整備課","213413","文化・スポーツ・生涯学習を支える行政","supports","公式予算で健康村、文化・国際、文化施設、スポーツ振興または生涯現役推進に関する目に属するため、文化・スポーツ・生涯学習に関する行政機能を支える予算事業として整理した。これはみらい議会の探索用整理であり、区の公式な課題分類ではない。","B_strong_structural","{""matched_rule_id"":""culture-sports-official-hierarchy"",""budget_item_key"":""2026_general_expenditure_02_03_14"",""identity_fields"":{""display_program_name"":""スポーツ施設整備事務"",""hierarchy"":[""総務費"",""区民費"",""スポーツ振興費""],""department_display_name"":""スポーツ推進部 拠点スポ整備課"",""amount_thousand_yen"":213413},""member_programs"":[{""program_id"":""2026_general_expenditure_02_03_14_01_23_01"",""major_program_name"":""スポーツ振興事業費"",""budget_program_name"":""スポーツ施設整備事務"",""detail_program_name"":""スポーツ施設整備事務"",""source_file"":""ippansaisyutu.csv"",""source_row_number"":9438}],""same_budget_item_other_program_names"":[""スポーツ施設改修工事"",""スポーツ施設民間連携等"",""スポーツ推進基金積立金"",""スポーツ推進部庶務事務"",""パラスポーツの推進"",""世田谷区スポーツ振興財団運営助成"",""生涯スポーツの振興"",""千歳温水プール維持運営"",""総合運動場維持運営"",""総合運動場施設整備工事"",""大蔵第二運動公園運動施設維持運営"",""大蔵第二運動公園運動施設整備工事"",""地域・地区スポーツ施設整備工事"",""地域体育施設の維持運営"",""東京２０２０大会レガシーの推進""],""related_revenues"":[{""revenue_detail_id"":""rd_2026_general_revenue_14_02_06_01_66_3445600000"",""revenue_hierarchy"":[""都支出金"",""都補助金"",""土木費補助金"",""都市計画交付金"",""上用賀公園拡張整備""],""amount_attribution_status"":""not_available""}]}","high","approve","B_strong_structural・確信度highの一括承認ルールにより承認"
"bpi_8c56efb560cb13fc92ad39eed24539356e5d4551e9cb116a2a42b57e18bb8ca0","図書館資料の充実","一般会計","教育費","社会教育費","図書館費","教育委員会事務局 中央図書館","202854","文化・スポーツ・生涯学習を支える行政","supports","公式予算で教育費の社会教育費に属するため、文化・生涯学習に関する行政機能を支える予算事業として整理した。","B_strong_structural","{""matched_rule_id"":""lifelong-learning-official-hierarchy"",""budget_item_key"":""2026_general_expenditure_08_06_04"",""identity_fields"":{""display_program_name"":""図書館資料の充実"",""hierarchy"":[""教育費"",""社会教育費"",""図書館費""],""department_display_name"":""教育委員会事務局 中央図書館"",""amount_thousand_yen"":202854},""member_programs"":[{""program_id"":""2026_general_expenditure_08_06_04_01_01_01"",""major_program_name"":""中央図書館、地域図書館、まちかど図書室維持運営費"",""budget_program_name"":""図書館資料の充実"",""detail_program_name"":""図書館資料の充実"",""source_file"":""ippansaisyutu.csv"",""source_row_number"":10158}],""same_budget_item_other_program_names"":[""プラネタリウム事業運営"",""教育会館維持管理"",""教育会館改修"",""子ども読書活動の推進"",""図書館サービスの推進"",""図書館改修"",""図書館管理運営"",""図書館情報システムの運営"",""生涯学習拠点としての図書館の充実"",""地域図書室の維持管理"",""地域図書室資料の充実""],""related_revenues"":[]}","high","approve","B_strong_structural・確信度highの一括承認ルールにより承認"
"bpi_529fada18a89280889ff2eebfdc620304fa5d6e6c8f2b2a7530a74983bf88d9c","地域・地区スポーツ施設整備工事","一般会計","総務費","区民費","スポーツ振興費","スポーツ推進部 スポーツ施設課","176443","文化・スポーツ・生涯学習を支える行政","supports","公式予算で健康村、文化・国際、文化施設、スポーツ振興または生涯現役推進に関する目に属するため、文化・スポーツ・生涯学習に関する行政機能を支える予算事業として整理した。これはみらい議会の探索用整理であり、区の公式な課題分類ではない。","B_strong_structural","{""matched_rule_id"":""culture-sports-official-hierarchy"",""budget_item_key"":""2026_general_expenditure_02_03_14"",""identity_fields"":{""display_program_name"":""地域・地区スポーツ施設整備工事"",""hierarchy"":[""総務費"",""区民費"",""スポーツ振興費""],""department_display_name"":""スポーツ推進部 スポーツ施設課"",""amount_thousand_yen"":176443},""member_programs"":[{""program_id"":""2026_general_expenditure_02_03_14_01_12_01"",""major_program_name"":""スポーツ振興事業費"",""budget_program_name"":""地域・地区スポーツ施設整備工事"",""detail_program_name"":""地域・地区スポーツ施設整備工事"",""source_file"":""ippansaisyutu.csv"",""source_row_number"":9435}],""same_budget_item_other_program_names"":[""スポーツ施設改修工事"",""スポーツ施設整備事務"",""スポーツ施設民間連携等"",""スポーツ推進基金積立金"",""スポーツ推進部庶務事務"",""パラスポーツの推進"",""世田谷区スポーツ振興財団運営助成"",""生涯スポーツの振興"",""千歳温水プール維持運営"",""総合運動場維持運営"",""総合運動場施設整備工事"",""大蔵第二運動公園運動施設維持運営"",""大蔵第二運動公園運動施設整備工事"",""地域体育施設の維持運営"",""東京２０２０大会レガシーの推進""],""related_revenues"":[]}","high","approve","B_strong_structural・確信度highの一括承認ルールにより承認"
"bpi_20fa61931e01ab2423ebb08320c21eeb56fc7b0aa0c8433cd37acc6fb2622ab3","スポーツ施設改修工事","一般会計","総務費","区民費","スポーツ振興費","スポーツ推進部 スポーツ施設課","155080","文化・スポーツ・生涯学習を支える行政","supports","公式予算で健康村、文化・国際、文化施設、スポーツ振興または生涯現役推進に関する目に属するため、文化・スポーツ・生涯学習に関する行政機能を支える予算事業として整理した。これはみらい議会の探索用整理であり、区の公式な課題分類ではない。","B_strong_structural","{""matched_rule_id"":""culture-sports-official-hierarchy"",""budget_item_key"":""2026_general_expenditure_02_03_14"",""identity_fields"":{""display_program_name"":""スポーツ施設改修工事"",""hierarchy"":[""総務費"",""区民費"",""スポーツ振興費""],""department_display_name"":""スポーツ推進部 スポーツ施設課"",""amount_thousand_yen"":155080},""member_programs"":[{""program_id"":""2026_general_expenditure_02_03_14_01_14_01"",""major_program_name"":""スポーツ振興事業費"",""budget_program_name"":""スポーツ施設改修工事"",""detail_program_name"":""スポーツ施設改修工事"",""source_file"":""ippansaisyutu.csv"",""source_row_number"":9436}],""same_budget_item_other_program_names"":[""スポーツ施設整備事務"",""スポーツ施設民間連携等"",""スポーツ推進基金積立金"",""スポーツ推進部庶務事務"",""パラスポーツの推進"",""世田谷区スポーツ振興財団運営助成"",""生涯スポーツの振興"",""千歳温水プール維持運営"",""総合運動場維持運営"",""総合運動場施設整備工事"",""大蔵第二運動公園運動施設維持運営"",""大蔵第二運動公園運動施設整備工事"",""地域・地区スポーツ施設整備工事"",""地域体育施設の維持運営"",""東京２０２０大会レガシーの推進""],""related_revenues"":[]}","high","approve","B_strong_structural・確信度highの一括承認ルールにより承認"
"bpi_c932f12effc23dcd9dbc0b7e55ae0efface0f064258ae7cb1d47e8d0e6951ab3","大蔵第二運動公園運動施設整備工事","一般会計","総務費","区民費","スポーツ振興費","スポーツ推進部 スポーツ施設課","153870","文化・スポーツ・生涯学習を支える行政","supports","公式予算で健康村、文化・国際、文化施設、スポーツ振興または生涯現役推進に関する目に属するため、文化・スポーツ・生涯学習に関する行政機能を支える予算事業として整理した。これはみらい議会の探索用整理であり、区の公式な課題分類ではない。","B_strong_structural","{""matched_rule_id"":""culture-sports-official-hierarchy"",""budget_item_key"":""2026_general_expenditure_02_03_14"",""identity_fields"":{""display_program_name"":""大蔵第二運動公園運動施設整備工事"",""hierarchy"":[""総務費"",""区民費"",""スポーツ振興費""],""department_display_name"":""スポーツ推進部 スポーツ施設課"",""amount_thousand_yen"":153870},""member_programs"":[{""program_id"":""2026_general_expenditure_02_03_14_01_10_01"",""major_program_name"":""スポーツ振興事業費"",""budget_program_name"":""大蔵第二運動公園運動施設整備工事"",""detail_program_name"":""大蔵第二運動公園運動施設整備工事"",""source_file"":""ippansaisyutu.csv"",""source_row_number"":9434}],""same_budget_item_other_program_names"":[""スポーツ施設改修工事"",""スポーツ施設整備事務"",""スポーツ施設民間連携等"",""スポーツ推進基金積立金"",""スポーツ推進部庶務事務"",""パラスポーツの推進"",""世田谷区スポーツ振興財団運営助成"",""生涯スポーツの振興"",""千歳温水プール維持運営"",""総合運動場維持運営"",""総合運動場施設整備工事"",""大蔵第二運動公園運動施設維持運営"",""地域・地区スポーツ施設整備工事"",""地域体育施設の維持運営"",""東京２０２０大会レガシーの推進""],""related_revenues"":[]}","high","approve","B_strong_structural・確信度highの一括承認ルールにより承認"
"bpi_0c8019d933f968d6d1c27c2b01fb2f1dc4998e18357792591f8fabf1eb7a309c","地域体育施設の維持運営","一般会計","総務費","区民費","スポーツ振興費","スポーツ推進部 スポーツ施設課","134137","文化・スポーツ・生涯学習を支える行政","supports","公式予算で健康村、文化・国際、文化施設、スポーツ振興または生涯現役推進に関する目に属するため、文化・スポーツ・生涯学習に関する行政機能を支える予算事業として整理した。これはみらい議会の探索用整理であり、区の公式な課題分類ではない。","B_strong_structural","{""matched_rule_id"":""culture-sports-official-hierarchy"",""budget_item_key"":""2026_general_expenditure_02_03_14"",""identity_fields"":{""display_program_name"":""地域体育施設の維持運営"",""hierarchy"":[""総務費"",""区民費"",""スポーツ振興費""],""department_display_name"":""スポーツ推進部 スポーツ施設課"",""amount_thousand_yen"":134137},""member_programs"":[{""program_id"":""2026_general_expenditure_02_03_14_01_04_01"",""major_program_name"":""スポーツ振興事業費"",""budget_program_name"":""地域体育施設の維持運営"",""detail_program_name"":""地域体育施設の維持運営"",""source_file"":""ippansaisyutu.csv"",""source_row_number"":9429}],""same_budget_item_other_program_names"":[""スポーツ施設改修工事"",""スポーツ施設整備事務"",""スポーツ施設民間連携等"",""スポーツ推進基金積立金"",""スポーツ推進部庶務事務"",""パラスポーツの推進"",""世田谷区スポーツ振興財団運営助成"",""生涯スポーツの振興"",""千歳温水プール維持運営"",""総合運動場維持運営"",""総合運動場施設整備工事"",""大蔵第二運動公園運動施設維持運営"",""大蔵第二運動公園運動施設整備工事"",""地域・地区スポーツ施設整備工事"",""東京２０２０大会レガシーの推進""],""related_revenues"":[{""revenue_detail_id"":""rd_2026_general_revenue_12_01_01_16_02_3445550000"",""revenue_hierarchy"":[""使用料及手数料"",""使用料"",""総務使用料"",""スポーツ施設"",""地域体育館・地区体育室""],""amount_attribution_status"":""not_available""},{""revenue_detail_id"":""rd_2026_general_revenue_15_01_01_03_28_3445550000"",""revenue_hierarchy"":[""財産収入"",""財産運用収入"",""財産貸付収入"",""建物貸付"",""北烏山地区体育室""],""amount_attribution_status"":""not_available""},{""revenue_detail_id"":""rd_2026_general_revenue_19_06_09_05_91_3445550000"",""revenue_hierarchy"":[""諸収入"",""雑入"",""雑入"",""光熱水費等負担金"",""地域体育施設""],""amount_attribution_status"":""not_available""}]}","high","approve","B_strong_structural・確信度highの一括承認ルールにより承認"
"bpi_1ed4a7165bbecabc261603bc8cb41654d9d8119ace3f759c79af6a8ffff54992","文学館維持管理","一般会計","総務費","区民費","文化施設費","生活文化政策部 文化・国際課","133043","文化・スポーツ・生涯学習を支える行政","supports","公式予算で健康村、文化・国際、文化施設、スポーツ振興または生涯現役推進に関する目に属するため、文化・スポーツ・生涯学習に関する行政機能を支える予算事業として整理した。これはみらい議会の探索用整理であり、区の公式な課題分類ではない。","B_strong_structural","{""matched_rule_id"":""culture-sports-official-hierarchy"",""budget_item_key"":""2026_general_expenditure_02_03_12"",""identity_fields"":{""display_program_name"":""文学館維持管理"",""hierarchy"":[""総務費"",""区民費"",""文化施設費""],""department_display_name"":""生活文化政策部 文化・国際課"",""amount_thousand_yen"":133043},""member_programs"":[{""program_id"":""2026_general_expenditure_02_03_12_01_07_01"",""major_program_name"":""文化財団維持運営費"",""budget_program_name"":""文学館維持管理"",""detail_program_name"":""文学館維持管理"",""source_file"":""ippansaisyutu.csv"",""source_row_number"":9391}],""same_budget_item_other_program_names"":[""音楽文化の振興"",""美術館維持管理"",""文化財団運営補助"",""文化施設事業運営"",""文化施設保全"",""文化生活情報センター維持管理""],""related_revenues"":[{""revenue_detail_id"":""rd_2026_general_revenue_19_06_09_05_51_3405400000"",""revenue_hierarchy"":[""諸収入"",""雑入"",""雑入"",""光熱水費等負担金"",""文学館""],""amount_attribution_status"":""not_available""}]}","high","approve","B_strong_structural・確信度highの一括承認ルールにより承認"
"bpi_122b90f41d1b2adb4e7fc0b7e0df37b5eedbdccb2a2bbc3f985cdebf24717f94","健康増進・交流施設運営","一般会計","総務費","区民費","生涯現役推進費","生活文化政策部 市民活動推進課","129842","文化・スポーツ・生涯学習を支える行政","supports","公式予算で健康村、文化・国際、文化施設、スポーツ振興または生涯現役推進に関する目に属するため、文化・スポーツ・生涯学習に関する行政機能を支える予算事業として整理した。これはみらい議会の探索用整理であり、区の公式な課題分類ではない。","B_strong_structural","{""matched_rule_id"":""culture-sports-official-hierarchy"",""budget_item_key"":""2026_general_expenditure_02_03_15"",""identity_fields"":{""display_program_name"":""健康増進・交流施設運営"",""hierarchy"":[""総務費"",""区民費"",""生涯現役推進費""],""department_display_name"":""生活文化政策部 市民活動推進課"",""amount_thousand_yen"":129842},""member_programs"":[{""program_id"":""2026_general_expenditure_02_03_15_02_05_01"",""major_program_name"":""交流・社会参加促進施設維持運営費"",""budget_program_name"":""健康増進・交流施設運営"",""detail_program_name"":""健康増進・交流施設運営"",""source_file"":""ippansaisyutu.csv"",""source_row_number"":9372}],""same_budget_item_other_program_names"":[""いきがい講座"",""ひだまり友遊会館運営"",""敬老会館運営"",""高齢者の地域参加促進"",""高齢者文化活動"",""市民大学運営"",""生涯現役施設整備工事"",""生涯現役社会づくりの支援"",""生涯大学運営"",""地域支えあい活動への支援"",""土と農の交流園運営""],""related_revenues"":[{""revenue_detail_id"":""rd_2026_general_revenue_12_01_01_17_07_3405350000"",""revenue_hierarchy"":[""使用料及手数料"",""使用料"",""総務使用料"",""生涯現役施設"",""健康増進・交流施設""],""amount_attribution_status"":""not_available""},{""revenue_detail_id"":""rd_2026_general_revenue_15_01_01_04_59_3405350000"",""revenue_hierarchy"":[""財産収入"",""財産運用収入"",""財産貸付収入"",""土地貸付"",""健康増進・交流施設""],""amount_attribution_status"":""not_available""},{""revenue_detail_id"":""rd_2026_general_revenue_19_06_09_54_41_3405350000"",""revenue_hierarchy"":[""諸収入"",""雑入"",""雑入"",""光熱水費等負担金（２）"",""健康増進・交流施設""],""amount_attribution_status"":""not_available""}]}","high","approve","B_strong_structural・確信度highの一括承認ルールにより承認"
"bpi_925b4d98245d76b804f2a490d1071bac44c2c6e7e67de4526e749e017916d575","スポーツ推進基金積立金","一般会計","総務費","区民費","スポーツ振興費","スポーツ推進部 スポーツ推進課","117745","文化・スポーツ・生涯学習を支える行政","supports","公式予算で健康村、文化・国際、文化施設、スポーツ振興または生涯現役推進に関する目に属するため、文化・スポーツ・生涯学習に関する行政機能を支える予算事業として整理した。これはみらい議会の探索用整理であり、区の公式な課題分類ではない。","B_strong_structural","{""matched_rule_id"":""culture-sports-official-hierarchy"",""budget_item_key"":""2026_general_expenditure_02_03_14"",""identity_fields"":{""display_program_name"":""スポーツ推進基金積立金"",""hierarchy"":[""総務費"",""区民費"",""スポーツ振興費""],""department_display_name"":""スポーツ推進部 スポーツ推進課"",""amount_thousand_yen"":117745},""member_programs"":[{""program_id"":""2026_general_expenditure_02_03_14_01_19_01"",""major_program_name"":""スポーツ振興事業費"",""budget_program_name"":""スポーツ推進基金積立金"",""detail_program_name"":""スポーツ推進基金積立金"",""source_file"":""ippansaisyutu.csv"",""source_row_number"":9425}],""same_budget_item_other_program_names"":[""スポーツ施設改修工事"",""スポーツ施設整備事務"",""スポーツ施設民間連携等"",""スポーツ推進部庶務事務"",""パラスポーツの推進"",""世田谷区スポーツ振興財団運営助成"",""生涯スポーツの振興"",""千歳温水プール維持運営"",""総合運動場維持運営"",""総合運動場施設整備工事"",""大蔵第二運動公園運動施設維持運営"",""大蔵第二運動公園運動施設整備工事"",""地域・地区スポーツ施設整備工事"",""地域体育施設の維持運営"",""東京２０２０大会レガシーの推進""],""related_revenues"":[{""revenue_detail_id"":""rd_2026_general_revenue_15_01_02_02_52_3445100000"",""revenue_hierarchy"":[""財産収入"",""財産運用収入"",""利子及配当金"",""基金利子"",""スポーツ推進基金""],""amount_attribution_status"":""not_available""},{""revenue_detail_id"":""rd_2026_general_revenue_16_01_02_01_03_3445100000"",""revenue_hierarchy"":[""寄附金"",""寄附金"",""指定寄附金"",""総務費"",""スポーツ推進基金""],""amount_attribution_status"":""not_available""},{""revenue_detail_id"":""rd_2026_general_revenue_19_06_09_76_03_3445100000"",""revenue_hierarchy"":[""諸収入"",""雑入"",""雑入"",""大蔵第二運動場利用料金納付金"",""大蔵第二運動場利用料金納付金（基金積立金）""],""amount_attribution_status"":""not_available""}]}","high","approve","B_strong_structural・確信度highの一括承認ルールにより承認"
"bpi_5b5e17d4bf0ae421860a4a84e6885449014212a80ef16bdfb7f96407de2a998c","総合運動場施設整備工事","一般会計","総務費","区民費","スポーツ振興費","スポーツ推進部 スポーツ施設課","108935","文化・スポーツ・生涯学習を支える行政","supports","公式予算で健康村、文化・国際、文化施設、スポーツ振興または生涯現役推進に関する目に属するため、文化・スポーツ・生涯学習に関する行政機能を支える予算事業として整理した。これはみらい議会の探索用整理であり、区の公式な課題分類ではない。","B_strong_structural","{""matched_rule_id"":""culture-sports-official-hierarchy"",""budget_item_key"":""2026_general_expenditure_02_03_14"",""identity_fields"":{""display_program_name"":""総合運動場施設整備工事"",""hierarchy"":[""総務費"",""区民費"",""スポーツ振興費""],""department_display_name"":""スポーツ推進部 スポーツ施設課"",""amount_thousand_yen"":108935},""member_programs"":[{""program_id"":""2026_general_expenditure_02_03_14_01_06_01"",""major_program_name"":""スポーツ振興事業費"",""budget_program_name"":""総合運動場施設整備工事"",""detail_program_name"":""総合運動場施設整備工事"",""source_file"":""ippansaisyutu.csv"",""source_row_number"":9431}],""same_budget_item_other_program_names"":[""スポーツ施設改修工事"",""スポーツ施設整備事務"",""スポーツ施設民間連携等"",""スポーツ推進基金積立金"",""スポーツ推進部庶務事務"",""パラスポーツの推進"",""世田谷区スポーツ振興財団運営助成"",""生涯スポーツの振興"",""千歳温水プール維持運営"",""総合運動場維持運営"",""大蔵第二運動公園運動施設維持運営"",""大蔵第二運動公園運動施設整備工事"",""地域・地区スポーツ施設整備工事"",""地域体育施設の維持運営"",""東京２０２０大会レガシーの推進""],""related_revenues"":[]}","high","approve","B_strong_structural・確信度highの一括承認ルールにより承認"
"bpi_efc43032e1e032f71b5ebc7919d9433eea691dda381ef7a04424308a28261295","民家園維持運営","一般会計","教育費","社会教育費","文化財費","教育委員会事務局 生涯学習課","103003","文化・スポーツ・生涯学習を支える行政","supports","公式予算で教育費の社会教育費に属するため、文化・生涯学習に関する行政機能を支える予算事業として整理した。","B_strong_structural","{""matched_rule_id"":""lifelong-learning-official-hierarchy"",""budget_item_key"":""2026_general_expenditure_08_06_03"",""identity_fields"":{""display_program_name"":""民家園維持運営"",""hierarchy"":[""教育費"",""社会教育費"",""文化財費""],""department_display_name"":""教育委員会事務局 生涯学習課"",""amount_thousand_yen"":103003},""member_programs"":[{""program_id"":""2026_general_expenditure_08_06_03_01_05_01"",""major_program_name"":""文化財保護事業費"",""budget_program_name"":""民家園維持運営"",""detail_program_name"":""民家園維持運営"",""source_file"":""ippansaisyutu.csv"",""source_row_number"":10150}],""same_budget_item_other_program_names"":[""宇奈根考古資料室改修工事"",""伝統的建築物の保存"",""文化財の保護・普及"",""文化財指定・保存助成"",""埋蔵文化財の保護及び調査"",""民家園改修工事"",""民家園行事""],""related_revenues"":[{""revenue_detail_id"":""rd_2026_general_revenue_12_01_06_05_05_4965100000"",""revenue_hierarchy"":[""使用料及手数料"",""使用料"",""教育使用料"",""教育施設"",""民家園""],""amount_attribution_status"":""not_available""},{""revenue_detail_id"":""rd_2026_general_revenue_19_06_09_05_34_4965100000"",""revenue_hierarchy"":[""諸収入"",""雑入"",""雑入"",""光熱水費等負担金"",""民家園""],""amount_attribution_status"":""not_available""}]}","high","approve","B_strong_structural・確信度highの一括承認ルールにより承認"
"bpi_aec834437755df303e099c4ebe7b7707f8816ccd8bce10a3fcbc11c3cf8518ae","大蔵第二運動公園運動施設維持運営","一般会計","総務費","区民費","スポーツ振興費","スポーツ推進部 スポーツ施設課","93399","文化・スポーツ・生涯学習を支える行政","supports","公式予算で健康村、文化・国際、文化施設、スポーツ振興または生涯現役推進に関する目に属するため、文化・スポーツ・生涯学習に関する行政機能を支える予算事業として整理した。これはみらい議会の探索用整理であり、区の公式な課題分類ではない。","B_strong_structural","{""matched_rule_id"":""culture-sports-official-hierarchy"",""budget_item_key"":""2026_general_expenditure_02_03_14"",""identity_fields"":{""display_program_name"":""大蔵第二運動公園運動施設維持運営"",""hierarchy"":[""総務費"",""区民費"",""スポーツ振興費""],""department_display_name"":""スポーツ推進部 スポーツ施設課"",""amount_thousand_yen"":93399},""member_programs"":[{""program_id"":""2026_general_expenditure_02_03_14_01_09_01"",""major_program_name"":""スポーツ振興事業費"",""budget_program_name"":""大蔵第二運動公園運動施設維持運営"",""detail_program_name"":""大蔵第二運動公園運動施設維持運営"",""source_file"":""ippansaisyutu.csv"",""source_row_number"":9433}],""same_budget_item_other_program_names"":[""スポーツ施設改修工事"",""スポーツ施設整備事務"",""スポーツ施設民間連携等"",""スポーツ推進基金積立金"",""スポーツ推進部庶務事務"",""パラスポーツの推進"",""世田谷区スポーツ振興財団運営助成"",""生涯スポーツの振興"",""千歳温水プール維持運営"",""総合運動場維持運営"",""総合運動場施設整備工事"",""大蔵第二運動公園運動施設整備工事"",""地域・地区スポーツ施設整備工事"",""地域体育施設の維持運営"",""東京２０２０大会レガシーの推進""],""related_revenues"":[{""revenue_detail_id"":""rd_2026_general_revenue_12_01_01_05_47_3445550000"",""revenue_hierarchy"":[""使用料及手数料"",""使用料"",""総務使用料"",""総務施設"",""大蔵第二運動公園運動施設""],""amount_attribution_status"":""not_available""},{""revenue_detail_id"":""rd_2026_general_revenue_15_01_01_04_34_3445550000"",""revenue_hierarchy"":[""財産収入"",""財産運用収入"",""財産貸付収入"",""土地貸付"",""大蔵第二運動場""],""amount_attribution_status"":""not_available""},{""revenue_detail_id"":""rd_2026_general_revenue_19_06_09_05_99_3445550000"",""revenue_hierarchy"":[""諸収入"",""雑入"",""雑入"",""光熱水費等負担金"",""大蔵第二運動公園運動施設""],""amount_attribution_status"":""not_available""},{""revenue_detail_id"":""rd_2026_general_revenue_19_06_09_76_02_3445550000"",""revenue_hierarchy"":[""諸収入"",""雑入"",""雑入"",""大蔵第二運動場利用料金納付金"",""大蔵第二運動場利用料金納付金（光熱水費等）""],""amount_attribution_status"":""not_available""}]}","high","approve","B_strong_structural・確信度highの一括承認ルールにより承認"
"bpi_86d3dbc1e6ac6a84afb01c29b12a6dc533492961be5e93748f68b4be37706a6e","ひだまり友遊会館運営","一般会計","総務費","区民費","生涯現役推進費","生活文化政策部 市民活動推進課","64938","文化・スポーツ・生涯学習を支える行政","supports","公式予算で健康村、文化・国際、文化施設、スポーツ振興または生涯現役推進に関する目に属するため、文化・スポーツ・生涯学習に関する行政機能を支える予算事業として整理した。これはみらい議会の探索用整理であり、区の公式な課題分類ではない。","B_strong_structural","{""matched_rule_id"":""culture-sports-official-hierarchy"",""budget_item_key"":""2026_general_expenditure_02_03_15"",""identity_fields"":{""display_program_name"":""ひだまり友遊会館運営"",""hierarchy"":[""総務費"",""区民費"",""生涯現役推進費""],""department_display_name"":""生活文化政策部 市民活動推進課"",""amount_thousand_yen"":64938},""member_programs"":[{""program_id"":""2026_general_expenditure_02_03_15_02_07_01"",""major_program_name"":""交流・社会参加促進施設維持運営費"",""budget_program_name"":""ひだまり友遊会館運営"",""detail_program_name"":""ひだまり友遊会館運営"",""source_file"":""ippansaisyutu.csv"",""source_row_number"":9373}],""same_budget_item_other_program_names"":[""いきがい講座"",""敬老会館運営"",""健康増進・交流施設運営"",""高齢者の地域参加促進"",""高齢者文化活動"",""市民大学運営"",""生涯現役施設整備工事"",""生涯現役社会づくりの支援"",""生涯大学運営"",""地域支えあい活動への支援"",""土と農の交流園運営""],""related_revenues"":[{""revenue_detail_id"":""rd_2026_general_revenue_14_02_02_42_50_3405350000"",""revenue_hierarchy"":[""都支出金"",""都補助金"",""民生費補助金"",""高齢者施策推進区市町村包括補助事業"",""福祉電話訪問""],""amount_attribution_status"":""not_available""},{""revenue_detail_id"":""rd_2026_general_revenue_14_02_02_42_53_3405350000"",""revenue_hierarchy"":[""都支出金"",""都補助金"",""民生費補助金"",""高齢者施策推進区市町村包括補助事業"",""高齢者なんでも相談""],""amount_attribution_status"":""not_available""},{""revenue_detail_id"":""rd_2026_general_revenue_14_02_02_42_54_3405350000"",""revenue_hierarchy"":[""都支出金"",""都補助金"",""民生費補助金"",""高齢者施策推進区市町村包括補助事業"",""高齢者講習会""],""amount_attribution_status"":""not_available""},{""revenue_detail_id"":""rd_2026_general_revenue_15_01_01_04_72_3405350000"",""revenue_hierarchy"":[""財産収入"",""財産運用収入"",""財産貸付収入"",""土地貸付"",""ひだまり友遊会館""],""amount_attribution_status"":""not_available""},{""revenue_detail_id"":""rd_2026_general_revenue_19_06_09_08_80_3405350000"",""revenue_hierarchy"":[""諸収入"",""雑入"",""雑入"",""参加料・利用料"",""ひだまり友遊会館コピーサービス料""],""amount_attribution_status"":""not_available""},{""revenue_detail_id"":""rd_2026_general_revenue_19_06_09_54_45_3405350000"",""revenue_hierarchy"":[""諸収入"",""雑入"",""雑入"",""光熱水費等負担金（２）"",""ひだまり友遊会館""],""amount_attribution_status"":""not_available""}]}","high","approve","B_strong_structural・確信度highの一括承認ルールにより承認"
"bpi_80c8de95d7b2ebca189b5adf292ebd6b88bdb6e54602fe1e00f226b0b0bf6b01","地域連携事業","一般会計","教育費","社会教育費","社会教育総務費","教育委員会事務局 地域学校連携課","58109","文化・スポーツ・生涯学習を支える行政","supports","公式予算で教育費の社会教育費に属するため、文化・生涯学習に関する行政機能を支える予算事業として整理した。","B_strong_structural","{""matched_rule_id"":""lifelong-learning-official-hierarchy"",""budget_item_key"":""2026_general_expenditure_08_06_01"",""identity_fields"":{""display_program_name"":""地域連携事業"",""hierarchy"":[""教育費"",""社会教育費"",""社会教育総務費""],""department_display_name"":""教育委員会事務局 地域学校連携課"",""amount_thousand_yen"":58109},""member_programs"":[{""program_id"":""2026_general_expenditure_08_06_01_01_07_01"",""major_program_name"":""社会教育管理費"",""budget_program_name"":""地域連携事業"",""detail_program_name"":""地域連携事業"",""source_file"":""ippansaisyutu.csv"",""source_row_number"":10219}],""same_budget_item_other_program_names"":[""小・中学校施設開放"",""小学校遊び場開放"",""総合型地域スポーツ・文化クラブの支援"",""放課後の遊び場対策（ＢＯＰ）""],""related_revenues"":[{""revenue_detail_id"":""rd_2026_general_revenue_14_02_07_62_01_4980100000"",""revenue_hierarchy"":[""都支出金"",""都補助金"",""教育費補助金"",""朝の子供の居場所づくり事業費補助金"",""朝の子供の居場所づくり事業費補助金""],""amount_attribution_status"":""not_available""}]}","high","approve","B_strong_structural・確信度highの一括承認ルールにより承認"
"bpi_87b8469699cfaacb5e26ac656ec4f41bdef10c6d94d7b48f1dbc3a276b4c45f9","民家園改修工事","一般会計","教育費","社会教育費","文化財費","教育委員会事務局 生涯学習課","50070","文化・スポーツ・生涯学習を支える行政","supports","公式予算で教育費の社会教育費に属するため、文化・生涯学習に関する行政機能を支える予算事業として整理した。","B_strong_structural","{""matched_rule_id"":""lifelong-learning-official-hierarchy"",""budget_item_key"":""2026_general_expenditure_08_06_03"",""identity_fields"":{""display_program_name"":""民家園改修工事"",""hierarchy"":[""教育費"",""社会教育費"",""文化財費""],""department_display_name"":""教育委員会事務局 生涯学習課"",""amount_thousand_yen"":50070},""member_programs"":[{""program_id"":""2026_general_expenditure_08_06_03_01_08_01"",""major_program_name"":""文化財保護事業費"",""budget_program_name"":""民家園改修工事"",""detail_program_name"":""民家園改修工事"",""source_file"":""ippansaisyutu.csv"",""source_row_number"":10152}],""same_budget_item_other_program_names"":[""宇奈根考古資料室改修工事"",""伝統的建築物の保存"",""文化財の保護・普及"",""文化財指定・保存助成"",""埋蔵文化財の保護及び調査"",""民家園維持運営"",""民家園行事""],""related_revenues"":[]}","high","approve","B_strong_structural・確信度highの一括承認ルールにより承認"
"bpi_445f359ff43e21a72ef974b7a9d11596de54eb25a7503cd3f724e5a769bc7dbd","小学校遊び場開放","一般会計","教育費","社会教育費","社会教育総務費","教育委員会事務局 地域学校連携課","45884","文化・スポーツ・生涯学習を支える行政","supports","公式予算で教育費の社会教育費に属するため、文化・生涯学習に関する行政機能を支える予算事業として整理した。","B_strong_structural","{""matched_rule_id"":""lifelong-learning-official-hierarchy"",""budget_item_key"":""2026_general_expenditure_08_06_01"",""identity_fields"":{""display_program_name"":""小学校遊び場開放"",""hierarchy"":[""教育費"",""社会教育費"",""社会教育総務費""],""department_display_name"":""教育委員会事務局 地域学校連携課"",""amount_thousand_yen"":45884},""member_programs"":[{""program_id"":""2026_general_expenditure_08_06_01_01_02_01"",""major_program_name"":""社会教育管理費"",""budget_program_name"":""小学校遊び場開放"",""detail_program_name"":""小学校遊び場開放"",""source_file"":""ippansaisyutu.csv"",""source_row_number"":10215}],""same_budget_item_other_program_names"":[""小・中学校施設開放"",""総合型地域スポーツ・文化クラブの支援"",""地域連携事業"",""放課後の遊び場対策（ＢＯＰ）""],""related_revenues"":[]}","high","approve","B_strong_structural・確信度highの一括承認ルールにより承認"
"bpi_972fad14c5ac5a3390d4a5c19005ae84d1e17199a25a2f97438be2223e5fa625","文化財指定・保存助成","一般会計","教育費","社会教育費","文化財費","教育委員会事務局 生涯学習課","44881","文化・スポーツ・生涯学習を支える行政","supports","公式予算で教育費の社会教育費に属するため、文化・生涯学習に関する行政機能を支える予算事業として整理した。","B_strong_structural","{""matched_rule_id"":""lifelong-learning-official-hierarchy"",""budget_item_key"":""2026_general_expenditure_08_06_03"",""identity_fields"":{""display_program_name"":""文化財指定・保存助成"",""hierarchy"":[""教育費"",""社会教育費"",""文化財費""],""department_display_name"":""教育委員会事務局 生涯学習課"",""amount_thousand_yen"":44881},""member_programs"":[{""program_id"":""2026_general_expenditure_08_06_03_01_03_01"",""major_program_name"":""文化財保護事業費"",""budget_program_name"":""文化財指定・保存助成"",""detail_program_name"":""文化財指定・保存助成"",""source_file"":""ippansaisyutu.csv"",""source_row_number"":10148}],""same_budget_item_other_program_names"":[""宇奈根考古資料室改修工事"",""伝統的建築物の保存"",""文化財の保護・普及"",""埋蔵文化財の保護及び調査"",""民家園維持運営"",""民家園改修工事"",""民家園行事""],""related_revenues"":[]}","high","approve","B_strong_structural・確信度highの一括承認ルールにより承認"
"bpi_34f65e48764e6de31ef04330d4b55400dc62ba070648459485e5303f06e118fe","郷土資料館維持運営","一般会計","教育費","社会教育費","資料館費","教育委員会事務局 生涯学習課","44008","文化・スポーツ・生涯学習を支える行政","supports","公式予算で教育費の社会教育費に属するため、文化・生涯学習に関する行政機能を支える予算事業として整理した。","B_strong_structural","{""matched_rule_id"":""lifelong-learning-official-hierarchy"",""budget_item_key"":""2026_general_expenditure_08_06_06"",""identity_fields"":{""display_program_name"":""郷土資料館維持運営"",""hierarchy"":[""教育費"",""社会教育費"",""資料館費""],""department_display_name"":""教育委員会事務局 生涯学習課"",""amount_thousand_yen"":44008},""member_programs"":[{""program_id"":""2026_general_expenditure_08_06_06_01_03_01"",""major_program_name"":""郷土資料館維持運営費"",""budget_program_name"":""郷土資料館維持運営"",""detail_program_name"":""郷土資料館維持運営"",""source_file"":""ippansaisyutu.csv"",""source_row_number"":10156}],""same_budget_item_other_program_names"":[""郷土資料館改修工事"",""郷土資料館行事"",""郷土資料館資料調査及び整理""],""related_revenues"":[{""revenue_detail_id"":""rd_2026_general_revenue_12_01_06_05_12_4965100000"",""revenue_hierarchy"":[""使用料及手数料"",""使用料"",""教育使用料"",""教育施設"",""郷土資料館""],""amount_attribution_status"":""not_available""},{""revenue_detail_id"":""rd_2026_general_revenue_19_06_09_16_03_4965100000"",""revenue_hierarchy"":[""諸収入"",""雑入"",""雑入"",""有償刊行物売払料"",""郷土資料館""],""amount_attribution_status"":""not_available""}]}","high","approve","B_strong_structural・確信度highの一括承認ルールにより承認"
"bpi_7985e71ea7bc4e73d4bdd9db2db7304d6396f66fe09fff343ada2850e7a8765e","青少年教育","一般会計","教育費","社会教育費","社会教育活動費","教育委員会事務局 生涯学習課","42269","文化・スポーツ・生涯学習を支える行政","supports","公式予算で教育費の社会教育費に属するため、文化・生涯学習に関する行政機能を支える予算事業として整理した。","B_strong_structural","{""matched_rule_id"":""lifelong-learning-official-hierarchy"",""budget_item_key"":""2026_general_expenditure_08_06_02"",""identity_fields"":{""display_program_name"":""青少年教育"",""hierarchy"":[""教育費"",""社会教育費"",""社会教育活動費""],""department_display_name"":""教育委員会事務局 生涯学習課"",""amount_thousand_yen"":42269},""member_programs"":[{""program_id"":""2026_general_expenditure_08_06_02_01_04_01"",""major_program_name"":""社会教育事業費"",""budget_program_name"":""青少年教育"",""detail_program_name"":""青少年教育"",""source_file"":""ippansaisyutu.csv"",""source_row_number"":10137}],""same_budget_item_other_program_names"":[""ＰＴＡ活動の支援"",""家庭教育の支援"",""社会教育団体支援"",""社会教育団体文化祭"",""成人教育"",""生涯学習の推進"",""生涯学習事業運営"",""福祉教育""],""related_revenues"":[{""revenue_detail_id"":""rd_2026_general_revenue_14_02_01_54_01_4965100000"",""revenue_hierarchy"":[""都支出金"",""都補助金"",""総務費補助金"",""地域における青少年健全育成応援事業"",""地域における青少年健全育成応援事業""],""amount_attribution_status"":""not_available""}]}","high","approve","B_strong_structural・確信度highの一括承認ルールにより承認"
"bpi_99e7c62a92d5b91ce0fb6732baa53d9c3f8b8917d145a5c3d9acac9f34c63993","埋蔵文化財の保護及び調査","一般会計","教育費","社会教育費","文化財費","教育委員会事務局 生涯学習課","41388","文化・スポーツ・生涯学習を支える行政","supports","公式予算で教育費の社会教育費に属するため、文化・生涯学習に関する行政機能を支える予算事業として整理した。","B_strong_structural","{""matched_rule_id"":""lifelong-learning-official-hierarchy"",""budget_item_key"":""2026_general_expenditure_08_06_03"",""identity_fields"":{""display_program_name"":""埋蔵文化財の保護及び調査"",""hierarchy"":[""教育費"",""社会教育費"",""文化財費""],""department_display_name"":""教育委員会事務局 生涯学習課"",""amount_thousand_yen"":41388},""member_programs"":[{""program_id"":""2026_general_expenditure_08_06_03_01_01_01"",""major_program_name"":""文化財保護事業費"",""budget_program_name"":""埋蔵文化財の保護及び調査"",""detail_program_name"":""埋蔵文化財の保護及び調査"",""source_file"":""ippansaisyutu.csv"",""source_row_number"":10146}],""same_budget_item_other_program_names"":[""宇奈根考古資料室改修工事"",""伝統的建築物の保存"",""文化財の保護・普及"",""文化財指定・保存助成"",""民家園維持運営"",""民家園改修工事"",""民家園行事""],""related_revenues"":[{""revenue_detail_id"":""rd_2026_general_revenue_13_02_05_26_02_4965100000"",""revenue_hierarchy"":[""国庫支出金"",""国庫補助金"",""教育費補助金"",""文化財保存事業費関係補助金"",""埋蔵文化財緊急調査費""],""amount_attribution_status"":""not_available""},{""revenue_detail_id"":""rd_2026_general_revenue_14_02_07_21_01_4965100000"",""revenue_hierarchy"":[""都支出金"",""都補助金"",""教育費補助金"",""文化財保存事業費補助金"",""埋蔵文化財遺跡緊急発掘調査事業""],""amount_attribution_status"":""not_available""}]}","high","approve","B_strong_structural・確信度highの一括承認ルールにより承認"
"bpi_04dae51b6c633f859c3888a06951813228594a47d88f6ff62b82cee780f4434f","教育会館改修","一般会計","教育費","社会教育費","図書館費","教育委員会事務局 中央図書館","39344","文化・スポーツ・生涯学習を支える行政","supports","公式予算で教育費の社会教育費に属するため、文化・生涯学習に関する行政機能を支える予算事業として整理した。","B_strong_structural","{""matched_rule_id"":""lifelong-learning-official-hierarchy"",""budget_item_key"":""2026_general_expenditure_08_06_04"",""identity_fields"":{""display_program_name"":""教育会館改修"",""hierarchy"":[""教育費"",""社会教育費"",""図書館費""],""department_display_name"":""教育委員会事務局 中央図書館"",""amount_thousand_yen"":39344},""member_programs"":[{""program_id"":""2026_general_expenditure_08_06_04_01_16_01"",""major_program_name"":""中央図書館、地域図書館、まちかど図書室維持運営費"",""budget_program_name"":""教育会館改修"",""detail_program_name"":""教育会館改修"",""source_file"":""ippansaisyutu.csv"",""source_row_number"":10169}],""same_budget_item_other_program_names"":[""プラネタリウム事業運営"",""教育会館維持管理"",""子ども読書活動の推進"",""図書館サービスの推進"",""図書館改修"",""図書館管理運営"",""図書館資料の充実"",""図書館情報システムの運営"",""生涯学習拠点としての図書館の充実"",""地域図書室の維持管理"",""地域図書室資料の充実""],""related_revenues"":[]}","high","approve","B_strong_structural・確信度highの一括承認ルールにより承認"
"bpi_c3fd895d1badce4c3975b9d6af92dd486328d7c673341a77785b996974e0e299","スポーツ施設民間連携等","一般会計","総務費","区民費","スポーツ振興費","スポーツ推進部 スポーツ施設課","37758","文化・スポーツ・生涯学習を支える行政","supports","公式予算で健康村、文化・国際、文化施設、スポーツ振興または生涯現役推進に関する目に属するため、文化・スポーツ・生涯学習に関する行政機能を支える予算事業として整理した。これはみらい議会の探索用整理であり、区の公式な課題分類ではない。","B_strong_structural","{""matched_rule_id"":""culture-sports-official-hierarchy"",""budget_item_key"":""2026_general_expenditure_02_03_14"",""identity_fields"":{""display_program_name"":""スポーツ施設民間連携等"",""hierarchy"":[""総務費"",""区民費"",""スポーツ振興費""],""department_display_name"":""スポーツ推進部 スポーツ施設課"",""amount_thousand_yen"":37758},""member_programs"":[{""program_id"":""2026_general_expenditure_02_03_14_01_25_01"",""major_program_name"":""スポーツ振興事業費"",""budget_program_name"":""スポーツ施設民間連携等"",""detail_program_name"":""スポーツ施設民間連携等"",""source_file"":""ippansaisyutu.csv"",""source_row_number"":9437}],""same_budget_item_other_program_names"":[""スポーツ施設改修工事"",""スポーツ施設整備事務"",""スポーツ推進基金積立金"",""スポーツ推進部庶務事務"",""パラスポーツの推進"",""世田谷区スポーツ振興財団運営助成"",""生涯スポーツの振興"",""千歳温水プール維持運営"",""総合運動場維持運営"",""総合運動場施設整備工事"",""大蔵第二運動公園運動施設維持運営"",""大蔵第二運動公園運動施設整備工事"",""地域・地区スポーツ施設整備工事"",""地域体育施設の維持運営"",""東京２０２０大会レガシーの推進""],""related_revenues"":[{""revenue_detail_id"":""rd_2026_general_revenue_19_06_09_97_02_3445550000"",""revenue_hierarchy"":[""諸収入"",""雑入"",""雑入"",""参加料・利用料（２）"",""リコー砧総合運動場""],""amount_attribution_status"":""not_available""},{""revenue_detail_id"":""rd_2026_general_revenue_19_06_09_97_03_3445550000"",""revenue_hierarchy"":[""諸収入"",""雑入"",""雑入"",""参加料・利用料（２）"",""給田一丁目第一生命グラウンド""],""amount_attribution_status"":""not_available""},{""revenue_detail_id"":""rd_2026_general_revenue_19_06_09_97_07_3445550000"",""revenue_hierarchy"":[""諸収入"",""雑入"",""雑入"",""参加料・利用料（２）"",""第一生命相娯園テニスコート""],""amount_attribution_status"":""not_available""}]}","high","approve","B_strong_structural・確信度highの一括承認ルールにより承認"
"bpi_e6d7960b70f7f7bb35393a0b2b0213869288453a550df131bcf11c285ac8f8b0","高齢者文化活動","一般会計","総務費","区民費","生涯現役推進費","生活文化政策部 市民活動推進課","31302","文化・スポーツ・生涯学習を支える行政","supports","公式予算で健康村、文化・国際、文化施設、スポーツ振興または生涯現役推進に関する目に属するため、文化・スポーツ・生涯学習に関する行政機能を支える予算事業として整理した。これはみらい議会の探索用整理であり、区の公式な課題分類ではない。","B_strong_structural","{""matched_rule_id"":""culture-sports-official-hierarchy"",""budget_item_key"":""2026_general_expenditure_02_03_15"",""identity_fields"":{""display_program_name"":""高齢者文化活動"",""hierarchy"":[""総務費"",""区民費"",""生涯現役推進費""],""department_display_name"":""生活文化政策部 市民活動推進課"",""amount_thousand_yen"":31302},""member_programs"":[{""program_id"":""2026_general_expenditure_02_03_15_01_02_01"",""major_program_name"":""交流・社会参加促進事業費"",""budget_program_name"":""高齢者文化活動"",""detail_program_name"":""高齢者文化活動"",""source_file"":""ippansaisyutu.csv"",""source_row_number"":9364}],""same_budget_item_other_program_names"":[""いきがい講座"",""ひだまり友遊会館運営"",""敬老会館運営"",""健康増進・交流施設運営"",""高齢者の地域参加促進"",""市民大学運営"",""生涯現役施設整備工事"",""生涯現役社会づくりの支援"",""生涯大学運営"",""地域支えあい活動への支援"",""土と農の交流園運営""],""related_revenues"":[{""revenue_detail_id"":""rd_2026_general_revenue_14_02_02_01_96_3405350000"",""revenue_hierarchy"":[""都支出金"",""都補助金"",""民生費補助金"",""老人福祉諸費"",""高齢者クラブ助成""],""amount_attribution_status"":""not_available""},{""revenue_detail_id"":""rd_2026_general_revenue_14_02_02_31_02_3405350000"",""revenue_hierarchy"":[""都支出金"",""都補助金"",""民生費補助金"",""人生１００年時代セカンドライフ応援事業補助金"",""高齢者いきいきせたがや文化祭""],""amount_attribution_status"":""not_available""}]}","high","approve","B_strong_structural・確信度highの一括承認ルールにより承認"
"bpi_5456242b34cdf040867e583f3a01de8ae0d45e068f62b0ec78c29fbef43caa79","文化・芸術資源の魅力発信","一般会計","総務費","区民費","文化・国際費","生活文化政策部 文化・国際課","28118","文化・スポーツ・生涯学習を支える行政","supports","公式予算で健康村、文化・国際、文化施設、スポーツ振興または生涯現役推進に関する目に属するため、文化・スポーツ・生涯学習に関する行政機能を支える予算事業として整理した。これはみらい議会の探索用整理であり、区の公式な課題分類ではない。","B_strong_structural","{""matched_rule_id"":""culture-sports-official-hierarchy"",""budget_item_key"":""2026_general_expenditure_02_03_11"",""identity_fields"":{""display_program_name"":""文化・芸術資源の魅力発信"",""hierarchy"":[""総務費"",""区民費"",""文化・国際費""],""department_display_name"":""生活文化政策部 文化・国際課"",""amount_thousand_yen"":28118},""member_programs"":[{""program_id"":""2026_general_expenditure_02_03_11_01_09_01"",""major_program_name"":""文化事業費"",""budget_program_name"":""文化・芸術資源の魅力発信"",""detail_program_name"":""文化・芸術資源の魅力発信"",""source_file"":""ippansaisyutu.csv"",""source_row_number"":9381}],""same_budget_item_other_program_names"":[""ホストタウン・交流連携事業"",""外国人が暮らしやすい環境づくり"",""国際平和交流基金積立金"",""姉妹都市等交流の充実"",""美術品管理"",""文化・芸術活動の振興"",""文化振興基金積立金""],""related_revenues"":[{""revenue_detail_id"":""rd_2026_general_revenue_17_01_36_01_03_3405400000"",""revenue_hierarchy"":[""繰入金"",""基金繰入金"",""文化振興基金繰入金"",""文化振興"",""文化・芸術資源の魅力発信""],""amount_attribution_status"":""not_available""}]}","high","approve","B_strong_structural・確信度highの一括承認ルールにより承認"
"bpi_cee36e3f547d5e26f72a3dd79b4b66fd23149fd8b3955f12891231334742c18b","高齢者の地域参加促進","一般会計","総務費","区民費","生涯現役推進費","生活文化政策部 市民活動推進課","27861","文化・スポーツ・生涯学習を支える行政","supports","公式予算で健康村、文化・国際、文化施設、スポーツ振興または生涯現役推進に関する目に属するため、文化・スポーツ・生涯学習に関する行政機能を支える予算事業として整理した。これはみらい議会の探索用整理であり、区の公式な課題分類ではない。","B_strong_structural","{""matched_rule_id"":""culture-sports-official-hierarchy"",""budget_item_key"":""2026_general_expenditure_02_03_15"",""identity_fields"":{""display_program_name"":""高齢者の地域参加促進"",""hierarchy"":[""総務費"",""区民費"",""生涯現役推進費""],""department_display_name"":""生活文化政策部 市民活動推進課"",""amount_thousand_yen"":27861},""member_programs"":[{""program_id"":""2026_general_expenditure_02_03_15_01_07_01"",""major_program_name"":""交流・社会参加促進事業費"",""budget_program_name"":""高齢者の地域参加促進"",""detail_program_name"":""高齢者の地域参加促進"",""source_file"":""ippansaisyutu.csv"",""source_row_number"":9369}],""same_budget_item_other_program_names"":[""いきがい講座"",""ひだまり友遊会館運営"",""敬老会館運営"",""健康増進・交流施設運営"",""高齢者文化活動"",""市民大学運営"",""生涯現役施設整備工事"",""生涯現役社会づくりの支援"",""生涯大学運営"",""地域支えあい活動への支援"",""土と農の交流園運営""],""related_revenues"":[{""revenue_detail_id"":""rd_2026_general_revenue_14_02_02_42_67_3405350000"",""revenue_hierarchy"":[""都支出金"",""都補助金"",""民生費補助金"",""高齢者施策推進区市町村包括補助事業"",""高齢者の地域参加促進""],""amount_attribution_status"":""not_available""},{""revenue_detail_id"":""rd_2026_general_revenue_19_06_09_97_04_3405350000"",""revenue_hierarchy"":[""諸収入"",""雑入"",""雑入"",""参加料・利用料（２）"",""代田地区会館居場所づくり""],""amount_attribution_status"":""not_available""}]}","high","approve","B_strong_structural・確信度highの一括承認ルールにより承認"
"bpi_a42ed7d07df58872c83da20bb452d30af48782d19872bf8949f33b6c7f5f8571","外国人が暮らしやすい環境づくり","一般会計","総務費","区民費","文化・国際費","生活文化政策部 文化・国際課","26680","文化・スポーツ・生涯学習を支える行政","supports","公式予算で健康村、文化・国際、文化施設、スポーツ振興または生涯現役推進に関する目に属するため、文化・スポーツ・生涯学習に関する行政機能を支える予算事業として整理した。これはみらい議会の探索用整理であり、区の公式な課題分類ではない。","B_strong_structural","{""matched_rule_id"":""culture-sports-official-hierarchy"",""budget_item_key"":""2026_general_expenditure_02_03_11"",""identity_fields"":{""display_program_name"":""外国人が暮らしやすい環境づくり"",""hierarchy"":[""総務費"",""区民費"",""文化・国際費""],""department_display_name"":""生活文化政策部 文化・国際課"",""amount_thousand_yen"":26680},""member_programs"":[{""program_id"":""2026_general_expenditure_02_03_11_03_03_01"",""major_program_name"":""国際交流費"",""budget_program_name"":""外国人が暮らしやすい環境づくり"",""detail_program_name"":""外国人が暮らしやすい環境づくり"",""source_file"":""ippansaisyutu.csv"",""source_row_number"":9384}],""same_budget_item_other_program_names"":[""ホストタウン・交流連携事業"",""国際平和交流基金積立金"",""姉妹都市等交流の充実"",""美術品管理"",""文化・芸術活動の振興"",""文化・芸術資源の魅力発信"",""文化振興基金積立金""],""related_revenues"":[{""revenue_detail_id"":""rd_2026_general_revenue_13_02_08_27_01_3405400000"",""revenue_hierarchy"":[""国庫支出金"",""国庫補助金"",""総務費補助金"",""外国人受入環境整備交付金"",""タブレット端末運用""],""amount_attribution_status"":""not_available""},{""revenue_detail_id"":""rd_2026_general_revenue_17_01_22_01_03_3405400000"",""revenue_hierarchy"":[""繰入金"",""基金繰入金"",""国際平和交流基金繰入金"",""国際平和交流"",""国際平和交流（国際化）""],""amount_attribution_status"":""not_available""}]}","high","approve","B_strong_structural・確信度highの一括承認ルールにより承認"
"bpi_e7d6148c16b7c59a4cdc9716d403ecdbfc7e05d8de6c7f39d468b67b74962e6c","地域支えあい活動への支援","一般会計","総務費","区民費","生涯現役推進費","生活文化政策部 市民活動推進課","22284","文化・スポーツ・生涯学習を支える行政","supports","公式予算で健康村、文化・国際、文化施設、スポーツ振興または生涯現役推進に関する目に属するため、文化・スポーツ・生涯学習に関する行政機能を支える予算事業として整理した。これはみらい議会の探索用整理であり、区の公式な課題分類ではない。","B_strong_structural","{""matched_rule_id"":""culture-sports-official-hierarchy"",""budget_item_key"":""2026_general_expenditure_02_03_15"",""identity_fields"":{""display_program_name"":""地域支えあい活動への支援"",""hierarchy"":[""総務費"",""区民費"",""生涯現役推進費""],""department_display_name"":""生活文化政策部 市民活動推進課"",""amount_thousand_yen"":22284},""member_programs"":[{""program_id"":""2026_general_expenditure_02_03_15_01_01_01"",""major_program_name"":""交流・社会参加促進事業費"",""budget_program_name"":""地域支えあい活動への支援"",""detail_program_name"":""地域支えあい活動への支援"",""source_file"":""ippansaisyutu.csv"",""source_row_number"":9363}],""same_budget_item_other_program_names"":[""いきがい講座"",""ひだまり友遊会館運営"",""敬老会館運営"",""健康増進・交流施設運営"",""高齢者の地域参加促進"",""高齢者文化活動"",""市民大学運営"",""生涯現役施設整備工事"",""生涯現役社会づくりの支援"",""生涯大学運営"",""土と農の交流園運営""],""related_revenues"":[{""revenue_detail_id"":""rd_2026_general_revenue_12_01_01_17_05_3405350000"",""revenue_hierarchy"":[""使用料及手数料"",""使用料"",""総務使用料"",""生涯現役施設"",""支えあい活動拠点""],""amount_attribution_status"":""not_available""},{""revenue_detail_id"":""rd_2026_general_revenue_19_06_09_54_40_3405350000"",""revenue_hierarchy"":[""諸収入"",""雑入"",""雑入"",""光熱水費等負担金（２）"",""支えあい活動拠点""],""amount_attribution_status"":""not_available""}]}","high","approve","B_strong_structural・確信度highの一括承認ルールにより承認"
"bpi_6c3bfeb54297a07eaff3cc6a241ca53873628ffc43670f3acaaed562cdc8b5d4","土と農の交流園運営","一般会計","総務費","区民費","生涯現役推進費","生活文化政策部 市民活動推進課","21732","文化・スポーツ・生涯学習を支える行政","supports","公式予算で健康村、文化・国際、文化施設、スポーツ振興または生涯現役推進に関する目に属するため、文化・スポーツ・生涯学習に関する行政機能を支える予算事業として整理した。これはみらい議会の探索用整理であり、区の公式な課題分類ではない。","B_strong_structural","{""matched_rule_id"":""culture-sports-official-hierarchy"",""budget_item_key"":""2026_general_expenditure_02_03_15"",""identity_fields"":{""display_program_name"":""土と農の交流園運営"",""hierarchy"":[""総務費"",""区民費"",""生涯現役推進費""],""department_display_name"":""生活文化政策部 市民活動推進課"",""amount_thousand_yen"":21732},""member_programs"":[{""program_id"":""2026_general_expenditure_02_03_15_02_04_01"",""major_program_name"":""交流・社会参加促進施設維持運営費"",""budget_program_name"":""土と農の交流園運営"",""detail_program_name"":""土と農の交流園運営"",""source_file"":""ippansaisyutu.csv"",""source_row_number"":9371}],""same_budget_item_other_program_names"":[""いきがい講座"",""ひだまり友遊会館運営"",""敬老会館運営"",""健康増進・交流施設運営"",""高齢者の地域参加促進"",""高齢者文化活動"",""市民大学運営"",""生涯現役施設整備工事"",""生涯現役社会づくりの支援"",""生涯大学運営"",""地域支えあい活動への支援""],""related_revenues"":[{""revenue_detail_id"":""rd_2026_general_revenue_12_01_01_17_02_3405350000"",""revenue_hierarchy"":[""使用料及手数料"",""使用料"",""総務使用料"",""生涯現役施設"",""土と農の交流園""],""amount_attribution_status"":""not_available""},{""revenue_detail_id"":""rd_2026_general_revenue_14_02_02_31_03_3405350000"",""revenue_hierarchy"":[""都支出金"",""都補助金"",""民生費補助金"",""人生１００年時代セカンドライフ応援事業補助金"",""土と農の交流園""],""amount_attribution_status"":""not_available""},{""revenue_detail_id"":""rd_2026_general_revenue_14_02_02_42_45_3405350000"",""revenue_hierarchy"":[""都支出金"",""都補助金"",""民生費補助金"",""高齢者施策推進区市町村包括補助事業"",""土と農の交流園""],""amount_attribution_status"":""not_available""},{""revenue_detail_id"":""rd_2026_general_revenue_15_01_01_04_96_3405350000"",""revenue_hierarchy"":[""財産収入"",""財産運用収入"",""財産貸付収入"",""土地貸付"",""土と農の交流園""],""amount_attribution_status"":""not_available""},{""revenue_detail_id"":""rd_2026_general_revenue_19_06_09_08_77_3405350000"",""revenue_hierarchy"":[""諸収入"",""雑入"",""雑入"",""参加料・利用料"",""土と農の交流園""],""amount_attribution_status"":""not_available""}]}","high","approve","B_strong_structural・確信度highの一括承認ルールにより承認"
"bpi_6ef44619578aea78193dc444d940730ab7d373e73ecf3341105f53b07b78fa6e","生涯スポーツの振興","一般会計","総務費","区民費","スポーツ振興費","スポーツ推進部 スポーツ推進課","20977","文化・スポーツ・生涯学習を支える行政","supports","公式予算で健康村、文化・国際、文化施設、スポーツ振興または生涯現役推進に関する目に属するため、文化・スポーツ・生涯学習に関する行政機能を支える予算事業として整理した。これはみらい議会の探索用整理であり、区の公式な課題分類ではない。","B_strong_structural","{""matched_rule_id"":""culture-sports-official-hierarchy"",""budget_item_key"":""2026_general_expenditure_02_03_14"",""identity_fields"":{""display_program_name"":""生涯スポーツの振興"",""hierarchy"":[""総務費"",""区民費"",""スポーツ振興費""],""department_display_name"":""スポーツ推進部 スポーツ推進課"",""amount_thousand_yen"":20977},""member_programs"":[{""program_id"":""2026_general_expenditure_02_03_14_01_03_01"",""major_program_name"":""スポーツ振興事業費"",""budget_program_name"":""生涯スポーツの振興"",""detail_program_name"":""生涯スポーツの振興"",""source_file"":""ippansaisyutu.csv"",""source_row_number"":9424}],""same_budget_item_other_program_names"":[""スポーツ施設改修工事"",""スポーツ施設整備事務"",""スポーツ施設民間連携等"",""スポーツ推進基金積立金"",""スポーツ推進部庶務事務"",""パラスポーツの推進"",""世田谷区スポーツ振興財団運営助成"",""千歳温水プール維持運営"",""総合運動場維持運営"",""総合運動場施設整備工事"",""大蔵第二運動公園運動施設維持運営"",""大蔵第二運動公園運動施設整備工事"",""地域・地区スポーツ施設整備工事"",""地域体育施設の維持運営"",""東京２０２０大会レガシーの推進""],""related_revenues"":[{""revenue_detail_id"":""rd_2026_general_revenue_14_02_01_48_03_3445100000"",""revenue_hierarchy"":[""都支出金"",""都補助金"",""総務費補助金"",""区市町村スポーツ実施促進事業"",""地域スポーツ推進事業""],""amount_attribution_status"":""not_available""}]}","high","approve","B_strong_structural・確信度highの一括承認ルールにより承認"
"bpi_fb8a8c43f0375965a792e0f2466660c1924eea3cdf49f2d23c159daea3a72a37","子ども読書活動の推進","一般会計","教育費","社会教育費","図書館費","教育委員会事務局 中央図書館","20694","文化・スポーツ・生涯学習を支える行政","supports","公式予算で教育費の社会教育費に属するため、文化・生涯学習に関する行政機能を支える予算事業として整理した。","B_strong_structural","{""matched_rule_id"":""lifelong-learning-official-hierarchy"",""budget_item_key"":""2026_general_expenditure_08_06_04"",""identity_fields"":{""display_program_name"":""子ども読書活動の推進"",""hierarchy"":[""教育費"",""社会教育費"",""図書館費""],""department_display_name"":""教育委員会事務局 中央図書館"",""amount_thousand_yen"":20694},""member_programs"":[{""program_id"":""2026_general_expenditure_08_06_04_01_09_01"",""major_program_name"":""中央図書館、地域図書館、まちかど図書室維持運営費"",""budget_program_name"":""子ども読書活動の推進"",""detail_program_name"":""子ども読書活動の推進"",""source_file"":""ippansaisyutu.csv"",""source_row_number"":10162}],""same_budget_item_other_program_names"":[""プラネタリウム事業運営"",""教育会館維持管理"",""教育会館改修"",""図書館サービスの推進"",""図書館改修"",""図書館管理運営"",""図書館資料の充実"",""図書館情報システムの運営"",""生涯学習拠点としての図書館の充実"",""地域図書室の維持管理"",""地域図書室資料の充実""],""related_revenues"":[]}","high","approve","B_strong_structural・確信度highの一括承認ルールにより承認"
"bpi_b18e45fe489e43699d42820189f37db23e07146788c07b407bced845fdc38901","市民大学運営","一般会計","総務費","区民費","生涯現役推進費","生活文化政策部 市民活動推進課","20671","文化・スポーツ・生涯学習を支える行政","supports","公式予算で健康村、文化・国際、文化施設、スポーツ振興または生涯現役推進に関する目に属するため、文化・スポーツ・生涯学習に関する行政機能を支える予算事業として整理した。これはみらい議会の探索用整理であり、区の公式な課題分類ではない。","B_strong_structural","{""matched_rule_id"":""culture-sports-official-hierarchy"",""budget_item_key"":""2026_general_expenditure_02_03_15"",""identity_fields"":{""display_program_name"":""市民大学運営"",""hierarchy"":[""総務費"",""区民費"",""生涯現役推進費""],""department_display_name"":""生活文化政策部 市民活動推進課"",""amount_thousand_yen"":20671},""member_programs"":[{""program_id"":""2026_general_expenditure_02_03_15_01_06_01"",""major_program_name"":""交流・社会参加促進事業費"",""budget_program_name"":""市民大学運営"",""detail_program_name"":""市民大学運営"",""source_file"":""ippansaisyutu.csv"",""source_row_number"":9368}],""same_budget_item_other_program_names"":[""いきがい講座"",""ひだまり友遊会館運営"",""敬老会館運営"",""健康増進・交流施設運営"",""高齢者の地域参加促進"",""高齢者文化活動"",""生涯現役施設整備工事"",""生涯現役社会づくりの支援"",""生涯大学運営"",""地域支えあい活動への支援"",""土と農の交流園運営""],""related_revenues"":[{""revenue_detail_id"":""rd_2026_general_revenue_14_02_02_42_76_3405350000"",""revenue_hierarchy"":[""都支出金"",""都補助金"",""民生費補助金"",""高齢者施策推進区市町村包括補助事業"",""市民大学""],""amount_attribution_status"":""not_available""},{""revenue_detail_id"":""rd_2026_general_revenue_19_06_09_08_78_3405350000"",""revenue_hierarchy"":[""諸収入"",""雑入"",""雑入"",""参加料・利用料"",""市民大学""],""amount_attribution_status"":""not_available""}]}","high","approve","B_strong_structural・確信度highの一括承認ルールにより承認"
"bpi_4de4be678eb026fd5fa0528f77467d1747ab48fa24be1f365614d5de897d8d4f","プラネタリウム事業運営","一般会計","教育費","社会教育費","図書館費","教育委員会事務局 中央図書館","19904","文化・スポーツ・生涯学習を支える行政","supports","公式予算で教育費の社会教育費に属するため、文化・生涯学習に関する行政機能を支える予算事業として整理した。","B_strong_structural","{""matched_rule_id"":""lifelong-learning-official-hierarchy"",""budget_item_key"":""2026_general_expenditure_08_06_04"",""identity_fields"":{""display_program_name"":""プラネタリウム事業運営"",""hierarchy"":[""教育費"",""社会教育費"",""図書館費""],""department_display_name"":""教育委員会事務局 中央図書館"",""amount_thousand_yen"":19904},""member_programs"":[{""program_id"":""2026_general_expenditure_08_06_04_01_14_01"",""major_program_name"":""中央図書館、地域図書館、まちかど図書室維持運営費"",""budget_program_name"":""プラネタリウム事業運営"",""detail_program_name"":""プラネタリウム事業運営"",""source_file"":""ippansaisyutu.csv"",""source_row_number"":10167}],""same_budget_item_other_program_names"":[""教育会館維持管理"",""教育会館改修"",""子ども読書活動の推進"",""図書館サービスの推進"",""図書館改修"",""図書館管理運営"",""図書館資料の充実"",""図書館情報システムの運営"",""生涯学習拠点としての図書館の充実"",""地域図書室の維持管理"",""地域図書室資料の充実""],""related_revenues"":[{""revenue_detail_id"":""rd_2026_general_revenue_12_01_06_05_21_4965200000"",""revenue_hierarchy"":[""使用料及手数料"",""使用料"",""教育使用料"",""教育施設"",""プラネタリウム""],""amount_attribution_status"":""not_available""}]}","high","approve","B_strong_structural・確信度highの一括承認ルールにより承認"
"bpi_016ee612f80cdf9aa443f12d9c46bf3c3501c7ef1e65677332c911588613ee55","美術品管理","一般会計","総務費","区民費","文化・国際費","生活文化政策部 文化・国際課","15583","文化・スポーツ・生涯学習を支える行政","supports","公式予算で健康村、文化・国際、文化施設、スポーツ振興または生涯現役推進に関する目に属するため、文化・スポーツ・生涯学習に関する行政機能を支える予算事業として整理した。これはみらい議会の探索用整理であり、区の公式な課題分類ではない。","B_strong_structural","{""matched_rule_id"":""culture-sports-official-hierarchy"",""budget_item_key"":""2026_general_expenditure_02_03_11"",""identity_fields"":{""display_program_name"":""美術品管理"",""hierarchy"":[""総務費"",""区民費"",""文化・国際費""],""department_display_name"":""生活文化政策部 文化・国際課"",""amount_thousand_yen"":15583},""member_programs"":[{""program_id"":""2026_general_expenditure_02_03_11_01_05_01"",""major_program_name"":""文化事業費"",""budget_program_name"":""美術品管理"",""detail_program_name"":""美術品管理"",""source_file"":""ippansaisyutu.csv"",""source_row_number"":9379}],""same_budget_item_other_program_names"":[""ホストタウン・交流連携事業"",""外国人が暮らしやすい環境づくり"",""国際平和交流基金積立金"",""姉妹都市等交流の充実"",""文化・芸術活動の振興"",""文化・芸術資源の魅力発信"",""文化振興基金積立金""],""related_revenues"":[]}","high","approve","B_strong_structural・確信度highの一括承認ルールにより承認"
"bpi_aa0aac232a01f09b668baa383c7a9e54cc36b198c41362e467694bb5a5310271","敬老会館運営","一般会計","総務費","区民費","生涯現役推進費","生活文化政策部 市民活動推進課","15400","文化・スポーツ・生涯学習を支える行政","supports","公式予算で健康村、文化・国際、文化施設、スポーツ振興または生涯現役推進に関する目に属するため、文化・スポーツ・生涯学習に関する行政機能を支える予算事業として整理した。これはみらい議会の探索用整理であり、区の公式な課題分類ではない。","B_strong_structural","{""matched_rule_id"":""culture-sports-official-hierarchy"",""budget_item_key"":""2026_general_expenditure_02_03_15"",""identity_fields"":{""display_program_name"":""敬老会館運営"",""hierarchy"":[""総務費"",""区民費"",""生涯現役推進費""],""department_display_name"":""生活文化政策部 市民活動推進課"",""amount_thousand_yen"":15400},""member_programs"":[{""program_id"":""2026_general_expenditure_02_03_15_02_03_01"",""major_program_name"":""交流・社会参加促進施設維持運営費"",""budget_program_name"":""敬老会館運営"",""detail_program_name"":""敬老会館運営"",""source_file"":""ippansaisyutu.csv"",""source_row_number"":9370}],""same_budget_item_other_program_names"":[""いきがい講座"",""ひだまり友遊会館運営"",""健康増進・交流施設運営"",""高齢者の地域参加促進"",""高齢者文化活動"",""市民大学運営"",""生涯現役施設整備工事"",""生涯現役社会づくりの支援"",""生涯大学運営"",""地域支えあい活動への支援"",""土と農の交流園運営""],""related_revenues"":[{""revenue_detail_id"":""rd_2026_general_revenue_12_01_01_17_04_3405350000"",""revenue_hierarchy"":[""使用料及手数料"",""使用料"",""総務使用料"",""生涯現役施設"",""敬老会館・高齢者集会所""],""amount_attribution_status"":""not_available""}]}","high","approve","B_strong_structural・確信度highの一括承認ルールにより承認"
"bpi_ed6fefdfe201255c42f0f35aee17cd50aacd50502b8faef05d63641b718675d7","文化振興基金積立金","一般会計","総務費","区民費","文化・国際費","生活文化政策部 文化・国際課","14639","文化・スポーツ・生涯学習を支える行政","supports","公式予算で健康村、文化・国際、文化施設、スポーツ振興または生涯現役推進に関する目に属するため、文化・スポーツ・生涯学習に関する行政機能を支える予算事業として整理した。これはみらい議会の探索用整理であり、区の公式な課題分類ではない。","B_strong_structural","{""matched_rule_id"":""culture-sports-official-hierarchy"",""budget_item_key"":""2026_general_expenditure_02_03_11"",""identity_fields"":{""display_program_name"":""文化振興基金積立金"",""hierarchy"":[""総務費"",""区民費"",""文化・国際費""],""department_display_name"":""生活文化政策部 文化・国際課"",""amount_thousand_yen"":14639},""member_programs"":[{""program_id"":""2026_general_expenditure_02_03_11_01_01_01"",""major_program_name"":""文化事業費"",""budget_program_name"":""文化振興基金積立金"",""detail_program_name"":""文化振興基金積立金"",""source_file"":""ippansaisyutu.csv"",""source_row_number"":9378}],""same_budget_item_other_program_names"":[""ホストタウン・交流連携事業"",""外国人が暮らしやすい環境づくり"",""国際平和交流基金積立金"",""姉妹都市等交流の充実"",""美術品管理"",""文化・芸術活動の振興"",""文化・芸術資源の魅力発信""],""related_revenues"":[{""revenue_detail_id"":""rd_2026_general_revenue_15_01_02_02_42_3405400000"",""revenue_hierarchy"":[""財産収入"",""財産運用収入"",""利子及配当金"",""基金利子"",""文化振興基金""],""amount_attribution_status"":""not_available""},{""revenue_detail_id"":""rd_2026_general_revenue_16_01_02_01_01_3405400000"",""revenue_hierarchy"":[""寄附金"",""寄附金"",""指定寄附金"",""総務費"",""文化振興基金""],""amount_attribution_status"":""not_available""}]}","high","approve","B_strong_structural・確信度highの一括承認ルールにより承認"
"bpi_9741d2d0ba2ac4276851758576a2a7a2fcf433b89557bb582dea231e9883b707","姉妹都市等交流の充実","一般会計","総務費","区民費","文化・国際費","生活文化政策部 文化・国際課","12549","文化・スポーツ・生涯学習を支える行政","supports","公式予算で健康村、文化・国際、文化施設、スポーツ振興または生涯現役推進に関する目に属するため、文化・スポーツ・生涯学習に関する行政機能を支える予算事業として整理した。これはみらい議会の探索用整理であり、区の公式な課題分類ではない。","B_strong_structural","{""matched_rule_id"":""culture-sports-official-hierarchy"",""budget_item_key"":""2026_general_expenditure_02_03_11"",""identity_fields"":{""display_program_name"":""姉妹都市等交流の充実"",""hierarchy"":[""総務費"",""区民費"",""文化・国際費""],""department_display_name"":""生活文化政策部 文化・国際課"",""amount_thousand_yen"":12549},""member_programs"":[{""program_id"":""2026_general_expenditure_02_03_11_03_02_01"",""major_program_name"":""国際交流費"",""budget_program_name"":""姉妹都市等交流の充実"",""detail_program_name"":""姉妹都市等交流の充実"",""source_file"":""ippansaisyutu.csv"",""source_row_number"":9383}],""same_budget_item_other_program_names"":[""ホストタウン・交流連携事業"",""外国人が暮らしやすい環境づくり"",""国際平和交流基金積立金"",""美術品管理"",""文化・芸術活動の振興"",""文化・芸術資源の魅力発信"",""文化振興基金積立金""],""related_revenues"":[{""revenue_detail_id"":""rd_2026_general_revenue_17_01_22_01_01_3405400000"",""revenue_hierarchy"":[""繰入金"",""基金繰入金"",""国際平和交流基金繰入金"",""国際平和交流"",""国際平和交流""],""amount_attribution_status"":""not_available""}]}","high","approve","B_strong_structural・確信度highの一括承認ルールにより承認"
"bpi_27981f0011f8677f219bf616b90856ff1688a925b6f54fb4e07104b7f8e294c5","生涯大学運営","一般会計","総務費","区民費","生涯現役推進費","生活文化政策部 市民活動推進課","12208","文化・スポーツ・生涯学習を支える行政","supports","公式予算で健康村、文化・国際、文化施設、スポーツ振興または生涯現役推進に関する目に属するため、文化・スポーツ・生涯学習に関する行政機能を支える予算事業として整理した。これはみらい議会の探索用整理であり、区の公式な課題分類ではない。","B_strong_structural","{""matched_rule_id"":""culture-sports-official-hierarchy"",""budget_item_key"":""2026_general_expenditure_02_03_15"",""identity_fields"":{""display_program_name"":""生涯大学運営"",""hierarchy"":[""総務費"",""区民費"",""生涯現役推進費""],""department_display_name"":""生活文化政策部 市民活動推進課"",""amount_thousand_yen"":12208},""member_programs"":[{""program_id"":""2026_general_expenditure_02_03_15_01_05_01"",""major_program_name"":""交流・社会参加促進事業費"",""budget_program_name"":""生涯大学運営"",""detail_program_name"":""生涯大学運営"",""source_file"":""ippansaisyutu.csv"",""source_row_number"":9367}],""same_budget_item_other_program_names"":[""いきがい講座"",""ひだまり友遊会館運営"",""敬老会館運営"",""健康増進・交流施設運営"",""高齢者の地域参加促進"",""高齢者文化活動"",""市民大学運営"",""生涯現役施設整備工事"",""生涯現役社会づくりの支援"",""地域支えあい活動への支援"",""土と農の交流園運営""],""related_revenues"":[{""revenue_detail_id"":""rd_2026_general_revenue_14_02_02_42_49_3405350000"",""revenue_hierarchy"":[""都支出金"",""都補助金"",""民生費補助金"",""高齢者施策推進区市町村包括補助事業"",""生涯大学""],""amount_attribution_status"":""not_available""},{""revenue_detail_id"":""rd_2026_general_revenue_19_06_09_08_75_3405350000"",""revenue_hierarchy"":[""諸収入"",""雑入"",""雑入"",""参加料・利用料"",""生涯大学""],""amount_attribution_status"":""not_available""}]}","high","approve","B_strong_structural・確信度highの一括承認ルールにより承認"
"bpi_abd302b8a6b6d7eb15b22f264f67f81e8bfd329953c570831b6f664c5f0ef74d","地域図書室資料の充実","一般会計","教育費","社会教育費","図書館費","教育委員会事務局 中央図書館","9042","文化・スポーツ・生涯学習を支える行政","supports","公式予算で教育費の社会教育費に属するため、文化・生涯学習に関する行政機能を支える予算事業として整理した。","B_strong_structural","{""matched_rule_id"":""lifelong-learning-official-hierarchy"",""budget_item_key"":""2026_general_expenditure_08_06_04"",""identity_fields"":{""display_program_name"":""地域図書室資料の充実"",""hierarchy"":[""教育費"",""社会教育費"",""図書館費""],""department_display_name"":""教育委員会事務局 中央図書館"",""amount_thousand_yen"":9042},""member_programs"":[{""program_id"":""2026_general_expenditure_08_06_04_01_11_01"",""major_program_name"":""中央図書館、地域図書館、まちかど図書室維持運営費"",""budget_program_name"":""地域図書室資料の充実"",""detail_program_name"":""地域図書室資料の充実"",""source_file"":""ippansaisyutu.csv"",""source_row_number"":10164}],""same_budget_item_other_program_names"":[""プラネタリウム事業運営"",""教育会館維持管理"",""教育会館改修"",""子ども読書活動の推進"",""図書館サービスの推進"",""図書館改修"",""図書館管理運営"",""図書館資料の充実"",""図書館情報システムの運営"",""生涯学習拠点としての図書館の充実"",""地域図書室の維持管理""],""related_revenues"":[]}","high","approve","B_strong_structural・確信度highの一括承認ルールにより承認"
"bpi_7d52d0d28faa68d61a8c86ec069b6163d3a0ca4bfaf4190c8da7c3595da413b6","文化・芸術活動の振興","一般会計","総務費","区民費","文化・国際費","生活文化政策部 文化・国際課","8996","文化・スポーツ・生涯学習を支える行政","supports","公式予算で健康村、文化・国際、文化施設、スポーツ振興または生涯現役推進に関する目に属するため、文化・スポーツ・生涯学習に関する行政機能を支える予算事業として整理した。これはみらい議会の探索用整理であり、区の公式な課題分類ではない。","B_strong_structural","{""matched_rule_id"":""culture-sports-official-hierarchy"",""budget_item_key"":""2026_general_expenditure_02_03_11"",""identity_fields"":{""display_program_name"":""文化・芸術活動の振興"",""hierarchy"":[""総務費"",""区民費"",""文化・国際費""],""department_display_name"":""生活文化政策部 文化・国際課"",""amount_thousand_yen"":8996},""member_programs"":[{""program_id"":""2026_general_expenditure_02_03_11_01_06_01"",""major_program_name"":""文化事業費"",""budget_program_name"":""文化・芸術活動の振興"",""detail_program_name"":""文化・芸術活動の振興"",""source_file"":""ippansaisyutu.csv"",""source_row_number"":9380}],""same_budget_item_other_program_names"":[""ホストタウン・交流連携事業"",""外国人が暮らしやすい環境づくり"",""国際平和交流基金積立金"",""姉妹都市等交流の充実"",""美術品管理"",""文化・芸術資源の魅力発信"",""文化振興基金積立金""],""related_revenues"":[]}","high","approve","B_strong_structural・確信度highの一括承認ルールにより承認"
"bpi_f1ace57eb444f15fabfc4c9ec721c1f68cba3c42ef747e48aaff20bcdedd244c","生涯学習拠点としての図書館の充実","一般会計","教育費","社会教育費","図書館費","教育委員会事務局 中央図書館","8346","文化・スポーツ・生涯学習を支える行政","supports","公式予算で教育費の社会教育費に属するため、文化・生涯学習に関する行政機能を支える予算事業として整理した。","B_strong_structural","{""matched_rule_id"":""lifelong-learning-official-hierarchy"",""budget_item_key"":""2026_general_expenditure_08_06_04"",""identity_fields"":{""display_program_name"":""生涯学習拠点としての図書館の充実"",""hierarchy"":[""教育費"",""社会教育費"",""図書館費""],""department_display_name"":""教育委員会事務局 中央図書館"",""amount_thousand_yen"":8346},""member_programs"":[{""program_id"":""2026_general_expenditure_08_06_04_01_08_01"",""major_program_name"":""中央図書館、地域図書館、まちかど図書室維持運営費"",""budget_program_name"":""生涯学習拠点としての図書館の充実"",""detail_program_name"":""生涯学習拠点としての図書館の充実"",""source_file"":""ippansaisyutu.csv"",""source_row_number"":10161}],""same_budget_item_other_program_names"":[""プラネタリウム事業運営"",""教育会館維持管理"",""教育会館改修"",""子ども読書活動の推進"",""図書館サービスの推進"",""図書館改修"",""図書館管理運営"",""図書館資料の充実"",""図書館情報システムの運営"",""地域図書室の維持管理"",""地域図書室資料の充実""],""related_revenues"":[]}","high","approve","B_strong_structural・確信度highの一括承認ルールにより承認"
"bpi_81814ee2d0983444638fdaec0ac0a30fe7123b3e2fd6376dbb4766cb5a9fd86c","図書館情報システムの運営","一般会計","教育費","社会教育費","図書館費","教育委員会事務局 中央図書館","7847","文化・スポーツ・生涯学習を支える行政","supports","公式予算で教育費の社会教育費に属するため、文化・生涯学習に関する行政機能を支える予算事業として整理した。","B_strong_structural","{""matched_rule_id"":""lifelong-learning-official-hierarchy"",""budget_item_key"":""2026_general_expenditure_08_06_04"",""identity_fields"":{""display_program_name"":""図書館情報システムの運営"",""hierarchy"":[""教育費"",""社会教育費"",""図書館費""],""department_display_name"":""教育委員会事務局 中央図書館"",""amount_thousand_yen"":7847},""member_programs"":[{""program_id"":""2026_general_expenditure_08_06_04_01_03_01"",""major_program_name"":""中央図書館、地域図書館、まちかど図書室維持運営費"",""budget_program_name"":""図書館情報システムの運営"",""detail_program_name"":""図書館情報システムの運営"",""source_file"":""ippansaisyutu.csv"",""source_row_number"":10160}],""same_budget_item_other_program_names"":[""プラネタリウム事業運営"",""教育会館維持管理"",""教育会館改修"",""子ども読書活動の推進"",""図書館サービスの推進"",""図書館改修"",""図書館管理運営"",""図書館資料の充実"",""生涯学習拠点としての図書館の充実"",""地域図書室の維持管理"",""地域図書室資料の充実""],""related_revenues"":[]}","high","approve","B_strong_structural・確信度highの一括承認ルールにより承認"
"bpi_c921bf93af2fd8c54e3764d97d38ece1f6d53e2db8400f37d7c387a63ce5bdae","交流事業推進","一般会計","総務費","区民費","健康村費","生活文化政策部 健康村・ふる交流課","7509","文化・スポーツ・生涯学習を支える行政","supports","公式予算で健康村、文化・国際、文化施設、スポーツ振興または生涯現役推進に関する目に属するため、文化・スポーツ・生涯学習に関する行政機能を支える予算事業として整理した。これはみらい議会の探索用整理であり、区の公式な課題分類ではない。","B_strong_structural","{""matched_rule_id"":""culture-sports-official-hierarchy"",""budget_item_key"":""2026_general_expenditure_02_03_10"",""identity_fields"":{""display_program_name"":""交流事業推進"",""hierarchy"":[""総務費"",""区民費"",""健康村費""],""department_display_name"":""生活文化政策部 健康村・ふる交流課"",""amount_thousand_yen"":7509},""member_programs"":[{""program_id"":""2026_general_expenditure_02_03_10_01_04_01"",""major_program_name"":""区民健康村維持運営費"",""budget_program_name"":""交流事業推進"",""detail_program_name"":""交流事業推進"",""source_file"":""ippansaisyutu.csv"",""source_row_number"":9405}],""same_budget_item_other_program_names"":[""区民健康村維持運営"",""区民健康村施設整備""],""related_revenues"":[]}","high","approve","B_strong_structural・確信度highの一括承認ルールにより承認"
"bpi_42263e10368bccda05d70142d112904680b99327e77fc451ced904efe339ac98","家庭教育の支援","一般会計","教育費","社会教育費","社会教育活動費","教育委員会事務局 生涯学習課","7378","文化・スポーツ・生涯学習を支える行政","supports","公式予算で教育費の社会教育費に属するため、文化・生涯学習に関する行政機能を支える予算事業として整理した。","B_strong_structural","{""matched_rule_id"":""lifelong-learning-official-hierarchy"",""budget_item_key"":""2026_general_expenditure_08_06_02"",""identity_fields"":{""display_program_name"":""家庭教育の支援"",""hierarchy"":[""教育費"",""社会教育費"",""社会教育活動費""],""department_display_name"":""教育委員会事務局 生涯学習課"",""amount_thousand_yen"":7378},""member_programs"":[{""program_id"":""2026_general_expenditure_08_06_02_01_14_01"",""major_program_name"":""社会教育事業費"",""budget_program_name"":""家庭教育の支援"",""detail_program_name"":""家庭教育の支援"",""source_file"":""ippansaisyutu.csv"",""source_row_number"":10145}],""same_budget_item_other_program_names"":[""ＰＴＡ活動の支援"",""社会教育団体支援"",""社会教育団体文化祭"",""成人教育"",""生涯学習の推進"",""生涯学習事業運営"",""青少年教育"",""福祉教育""],""related_revenues"":[{""revenue_detail_id"":""rd_2026_general_revenue_14_02_07_19_01_4965100000"",""revenue_hierarchy"":[""都支出金"",""都補助金"",""教育費補助金"",""家庭教育支援基盤形成事業費"",""家庭教育支援基盤形成事業費""],""amount_attribution_status"":""not_available""}]}","high","approve","B_strong_structural・確信度highの一括承認ルールにより承認"
"bpi_991602891359a7cdddaf90d97b9a6a7819764c9706355361dcd9198357130eea","いきがい講座","一般会計","総務費","区民費","生涯現役推進費","生活文化政策部 市民活動推進課","7340","文化・スポーツ・生涯学習を支える行政","supports","公式予算で健康村、文化・国際、文化施設、スポーツ振興または生涯現役推進に関する目に属するため、文化・スポーツ・生涯学習に関する行政機能を支える予算事業として整理した。これはみらい議会の探索用整理であり、区の公式な課題分類ではない。","B_strong_structural","{""matched_rule_id"":""culture-sports-official-hierarchy"",""budget_item_key"":""2026_general_expenditure_02_03_15"",""identity_fields"":{""display_program_name"":""いきがい講座"",""hierarchy"":[""総務費"",""区民費"",""生涯現役推進費""],""department_display_name"":""生活文化政策部 市民活動推進課"",""amount_thousand_yen"":7340},""member_programs"":[{""program_id"":""2026_general_expenditure_02_03_15_01_03_01"",""major_program_name"":""交流・社会参加促進事業費"",""budget_program_name"":""いきがい講座"",""detail_program_name"":""いきがい講座"",""source_file"":""ippansaisyutu.csv"",""source_row_number"":9365}],""same_budget_item_other_program_names"":[""ひだまり友遊会館運営"",""敬老会館運営"",""健康増進・交流施設運営"",""高齢者の地域参加促進"",""高齢者文化活動"",""市民大学運営"",""生涯現役施設整備工事"",""生涯現役社会づくりの支援"",""生涯大学運営"",""地域支えあい活動への支援"",""土と農の交流園運営""],""related_revenues"":[{""revenue_detail_id"":""rd_2026_general_revenue_12_01_01_17_06_3405350000"",""revenue_hierarchy"":[""使用料及手数料"",""使用料"",""総務使用料"",""生涯現役施設"",""陶芸教室""],""amount_attribution_status"":""not_available""},{""revenue_detail_id"":""rd_2026_general_revenue_14_02_02_42_44_3405350000"",""revenue_hierarchy"":[""都支出金"",""都補助金"",""民生費補助金"",""高齢者施策推進区市町村包括補助事業"",""シルバー工芸教室""],""amount_attribution_status"":""not_available""},{""revenue_detail_id"":""rd_2026_general_revenue_14_02_02_42_47_3405350000"",""revenue_hierarchy"":[""都支出金"",""都補助金"",""民生費補助金"",""高齢者施策推進区市町村包括補助事業"",""陶芸教室""],""amount_attribution_status"":""not_available""},{""revenue_detail_id"":""rd_2026_general_revenue_19_06_09_08_73_3405350000"",""revenue_hierarchy"":[""諸収入"",""雑入"",""雑入"",""参加料・利用料"",""シルバー工芸教室""],""amount_attribution_status"":""not_available""},{""revenue_detail_id"":""rd_2026_general_revenue_19_06_09_08_74_3405350000"",""revenue_hierarchy"":[""諸収入"",""雑入"",""雑入"",""参加料・利用料"",""陶芸教室""],""amount_attribution_status"":""not_available""}]}","high","approve","B_strong_structural・確信度highの一括承認ルールにより承認"
"bpi_03ed113ab1474c2fede6d8bd3081aa94f5c485afbf229714eaa18e47bc76b0e1","福祉教育","一般会計","教育費","社会教育費","社会教育活動費","教育委員会事務局 生涯学習課","6888","文化・スポーツ・生涯学習を支える行政","supports","公式予算で教育費の社会教育費に属するため、文化・生涯学習に関する行政機能を支える予算事業として整理した。","B_strong_structural","{""matched_rule_id"":""lifelong-learning-official-hierarchy"",""budget_item_key"":""2026_general_expenditure_08_06_02"",""identity_fields"":{""display_program_name"":""福祉教育"",""hierarchy"":[""教育費"",""社会教育費"",""社会教育活動費""],""department_display_name"":""教育委員会事務局 生涯学習課"",""amount_thousand_yen"":6888},""member_programs"":[{""program_id"":""2026_general_expenditure_08_06_02_01_08_01"",""major_program_name"":""社会教育事業費"",""budget_program_name"":""福祉教育"",""detail_program_name"":""福祉教育"",""source_file"":""ippansaisyutu.csv"",""source_row_number"":10140}],""same_budget_item_other_program_names"":[""ＰＴＡ活動の支援"",""家庭教育の支援"",""社会教育団体支援"",""社会教育団体文化祭"",""成人教育"",""生涯学習の推進"",""生涯学習事業運営"",""青少年教育""],""related_revenues"":[]}","high","approve","B_strong_structural・確信度highの一括承認ルールにより承認"
"bpi_ccd37e81292446ece9cda5dd6c8fc14e681b49320fa262113adb93a3ae0eead0","民家園行事","一般会計","教育費","社会教育費","文化財費","教育委員会事務局 生涯学習課","6305","文化・スポーツ・生涯学習を支える行政","supports","公式予算で教育費の社会教育費に属するため、文化・生涯学習に関する行政機能を支える予算事業として整理した。","B_strong_structural","{""matched_rule_id"":""lifelong-learning-official-hierarchy"",""budget_item_key"":""2026_general_expenditure_08_06_03"",""identity_fields"":{""display_program_name"":""民家園行事"",""hierarchy"":[""教育費"",""社会教育費"",""文化財費""],""department_display_name"":""教育委員会事務局 生涯学習課"",""amount_thousand_yen"":6305},""member_programs"":[{""program_id"":""2026_general_expenditure_08_06_03_01_06_01"",""major_program_name"":""文化財保護事業費"",""budget_program_name"":""民家園行事"",""detail_program_name"":""民家園行事"",""source_file"":""ippansaisyutu.csv"",""source_row_number"":10151}],""same_budget_item_other_program_names"":[""宇奈根考古資料室改修工事"",""伝統的建築物の保存"",""文化財の保護・普及"",""文化財指定・保存助成"",""埋蔵文化財の保護及び調査"",""民家園維持運営"",""民家園改修工事""],""related_revenues"":[]}","high","approve","B_strong_structural・確信度highの一括承認ルールにより承認"
"bpi_d43c5db490a4e8e642179252a31882328c1acd1a4b145bfe8bc7bbeea1072eb0","地域図書室の維持管理","一般会計","教育費","社会教育費","図書館費","教育委員会事務局 中央図書館","6111","文化・スポーツ・生涯学習を支える行政","supports","公式予算で教育費の社会教育費に属するため、文化・生涯学習に関する行政機能を支える予算事業として整理した。","B_strong_structural","{""matched_rule_id"":""lifelong-learning-official-hierarchy"",""budget_item_key"":""2026_general_expenditure_08_06_04"",""identity_fields"":{""display_program_name"":""地域図書室の維持管理"",""hierarchy"":[""教育費"",""社会教育費"",""図書館費""],""department_display_name"":""教育委員会事務局 中央図書館"",""amount_thousand_yen"":6111},""member_programs"":[{""program_id"":""2026_general_expenditure_08_06_04_01_12_01"",""major_program_name"":""中央図書館、地域図書館、まちかど図書室維持運営費"",""budget_program_name"":""地域図書室の維持管理"",""detail_program_name"":""地域図書室の維持管理"",""source_file"":""ippansaisyutu.csv"",""source_row_number"":10165}],""same_budget_item_other_program_names"":[""プラネタリウム事業運営"",""教育会館維持管理"",""教育会館改修"",""子ども読書活動の推進"",""図書館サービスの推進"",""図書館改修"",""図書館管理運営"",""図書館資料の充実"",""図書館情報システムの運営"",""生涯学習拠点としての図書館の充実"",""地域図書室資料の充実""],""related_revenues"":[]}","high","approve","B_strong_structural・確信度highの一括承認ルールにより承認"
"bpi_f69abf9efe178c2218948309ff50e3f3414c1cb61c510dd514137cb20ef910f1","成人教育","一般会計","教育費","社会教育費","社会教育活動費","教育委員会事務局 生涯学習課","6075","文化・スポーツ・生涯学習を支える行政","supports","公式予算で教育費の社会教育費に属するため、文化・生涯学習に関する行政機能を支える予算事業として整理した。","B_strong_structural","{""matched_rule_id"":""lifelong-learning-official-hierarchy"",""budget_item_key"":""2026_general_expenditure_08_06_02"",""identity_fields"":{""display_program_name"":""成人教育"",""hierarchy"":[""教育費"",""社会教育費"",""社会教育活動費""],""department_display_name"":""教育委員会事務局 生涯学習課"",""amount_thousand_yen"":6075},""member_programs"":[{""program_id"":""2026_general_expenditure_08_06_02_01_11_01"",""major_program_name"":""社会教育事業費"",""budget_program_name"":""成人教育"",""detail_program_name"":""成人教育"",""source_file"":""ippansaisyutu.csv"",""source_row_number"":10143}],""same_budget_item_other_program_names"":[""ＰＴＡ活動の支援"",""家庭教育の支援"",""社会教育団体支援"",""社会教育団体文化祭"",""生涯学習の推進"",""生涯学習事業運営"",""青少年教育"",""福祉教育""],""related_revenues"":[{""revenue_detail_id"":""rd_2026_general_revenue_12_01_06_05_07_4965100000"",""revenue_hierarchy"":[""使用料及手数料"",""使用料"",""教育使用料"",""教育施設"",""陶芸室""],""amount_attribution_status"":""not_available""},{""revenue_detail_id"":""rd_2026_general_revenue_14_02_07_20_01_4965100000"",""revenue_hierarchy"":[""都支出金"",""都補助金"",""教育費補助金"",""人権啓発活動区市町村補助金"",""人権啓発活動区市町村補助金""],""amount_attribution_status"":""not_available""},{""revenue_detail_id"":""rd_2026_general_revenue_19_06_09_08_33_4965100000"",""revenue_hierarchy"":[""諸収入"",""雑入"",""雑入"",""参加料・利用料"",""成人教育""],""amount_attribution_status"":""not_available""}]}","high","approve","B_strong_structural・確信度highの一括承認ルールにより承認"
"bpi_6730f17bb6f3a33370d4abff31246ef32f17ea670b6175c808eef2577ac5e346","郷土資料館資料調査及び整理","一般会計","教育費","社会教育費","資料館費","教育委員会事務局 生涯学習課","5676","文化・スポーツ・生涯学習を支える行政","supports","公式予算で教育費の社会教育費に属するため、文化・生涯学習に関する行政機能を支える予算事業として整理した。","B_strong_structural","{""matched_rule_id"":""lifelong-learning-official-hierarchy"",""budget_item_key"":""2026_general_expenditure_08_06_06"",""identity_fields"":{""display_program_name"":""郷土資料館資料調査及び整理"",""hierarchy"":[""教育費"",""社会教育費"",""資料館費""],""department_display_name"":""教育委員会事務局 生涯学習課"",""amount_thousand_yen"":5676},""member_programs"":[{""program_id"":""2026_general_expenditure_08_06_06_01_02_01"",""major_program_name"":""郷土資料館維持運営費"",""budget_program_name"":""郷土資料館資料調査及び整理"",""detail_program_name"":""郷土資料館資料調査及び整理"",""source_file"":""ippansaisyutu.csv"",""source_row_number"":10155}],""same_budget_item_other_program_names"":[""郷土資料館維持運営"",""郷土資料館改修工事"",""郷土資料館行事""],""related_revenues"":[]}","high","approve","B_strong_structural・確信度highの一括承認ルールにより承認"
"bpi_f2f69f1e8119ba4bbb4a829f442e36eea24f6684092a435da93438f46d9e6b26","ＰＴＡ活動の支援","一般会計","教育費","社会教育費","社会教育活動費","教育委員会事務局 生涯学習課","5544","文化・スポーツ・生涯学習を支える行政","supports","公式予算で教育費の社会教育費に属するため、文化・生涯学習に関する行政機能を支える予算事業として整理した。","B_strong_structural","{""matched_rule_id"":""lifelong-learning-official-hierarchy"",""budget_item_key"":""2026_general_expenditure_08_06_02"",""identity_fields"":{""display_program_name"":""ＰＴＡ活動の支援"",""hierarchy"":[""教育費"",""社会教育費"",""社会教育活動費""],""department_display_name"":""教育委員会事務局 生涯学習課"",""amount_thousand_yen"":5544},""member_programs"":[{""program_id"":""2026_general_expenditure_08_06_02_01_12_01"",""major_program_name"":""社会教育事業費"",""budget_program_name"":""ＰＴＡ活動の支援"",""detail_program_name"":""ＰＴＡ活動の支援"",""source_file"":""ippansaisyutu.csv"",""source_row_number"":10144}],""same_budget_item_other_program_names"":[""家庭教育の支援"",""社会教育団体支援"",""社会教育団体文化祭"",""成人教育"",""生涯学習の推進"",""生涯学習事業運営"",""青少年教育"",""福祉教育""],""related_revenues"":[{""revenue_detail_id"":""rd_2026_general_revenue_14_02_07_18_02_4965100000"",""revenue_hierarchy"":[""都支出金"",""都補助金"",""教育費補助金"",""教育支援活動促進事業"",""地域ぐるみの学校安全体制の整備補助金（こども１１０番）""],""amount_attribution_status"":""not_available""}]}","high","approve","B_strong_structural・確信度highの一括承認ルールにより承認"
"bpi_c76a343aa4ab352c3362c7f49fb569403e541fa073b50bff8a11d667162244f3","社会教育団体文化祭","一般会計","教育費","社会教育費","社会教育活動費","教育委員会事務局 生涯学習課","5313","文化・スポーツ・生涯学習を支える行政","supports","公式予算で教育費の社会教育費に属するため、文化・生涯学習に関する行政機能を支える予算事業として整理した。","B_strong_structural","{""matched_rule_id"":""lifelong-learning-official-hierarchy"",""budget_item_key"":""2026_general_expenditure_08_06_02"",""identity_fields"":{""display_program_name"":""社会教育団体文化祭"",""hierarchy"":[""教育費"",""社会教育費"",""社会教育活動費""],""department_display_name"":""教育委員会事務局 生涯学習課"",""amount_thousand_yen"":5313},""member_programs"":[{""program_id"":""2026_general_expenditure_08_06_02_01_06_01"",""major_program_name"":""社会教育事業費"",""budget_program_name"":""社会教育団体文化祭"",""detail_program_name"":""社会教育団体文化祭"",""source_file"":""ippansaisyutu.csv"",""source_row_number"":10138}],""same_budget_item_other_program_names"":[""ＰＴＡ活動の支援"",""家庭教育の支援"",""社会教育団体支援"",""成人教育"",""生涯学習の推進"",""生涯学習事業運営"",""青少年教育"",""福祉教育""],""related_revenues"":[]}","high","approve","B_strong_structural・確信度highの一括承認ルールにより承認"
"bpi_9902fad805b590288e1efad55191be59ec0105477260e94857d57a7864c4f572","東京２０２０大会レガシーの推進","一般会計","総務費","区民費","スポーツ振興費","スポーツ推進部 スポーツ推進課","5202","文化・スポーツ・生涯学習を支える行政","supports","公式予算で健康村、文化・国際、文化施設、スポーツ振興または生涯現役推進に関する目に属するため、文化・スポーツ・生涯学習に関する行政機能を支える予算事業として整理した。これはみらい議会の探索用整理であり、区の公式な課題分類ではない。","B_strong_structural","{""matched_rule_id"":""culture-sports-official-hierarchy"",""budget_item_key"":""2026_general_expenditure_02_03_14"",""identity_fields"":{""display_program_name"":""東京２０２０大会レガシーの推進"",""hierarchy"":[""総務費"",""区民費"",""スポーツ振興費""],""department_display_name"":""スポーツ推進部 スポーツ推進課"",""amount_thousand_yen"":5202},""member_programs"":[{""program_id"":""2026_general_expenditure_02_03_14_01_27_01"",""major_program_name"":""スポーツ振興事業費"",""budget_program_name"":""東京２０２０大会レガシーの推進"",""detail_program_name"":""東京２０２０大会レガシーの推進"",""source_file"":""ippansaisyutu.csv"",""source_row_number"":9428}],""same_budget_item_other_program_names"":[""スポーツ施設改修工事"",""スポーツ施設整備事務"",""スポーツ施設民間連携等"",""スポーツ推進基金積立金"",""スポーツ推進部庶務事務"",""パラスポーツの推進"",""世田谷区スポーツ振興財団運営助成"",""生涯スポーツの振興"",""千歳温水プール維持運営"",""総合運動場維持運営"",""総合運動場施設整備工事"",""大蔵第二運動公園運動施設維持運営"",""大蔵第二運動公園運動施設整備工事"",""地域・地区スポーツ施設整備工事"",""地域体育施設の維持運営""],""related_revenues"":[{""revenue_detail_id"":""rd_2026_general_revenue_14_02_01_48_01_3445100000"",""revenue_hierarchy"":[""都支出金"",""都補助金"",""総務費補助金"",""区市町村スポーツ実施促進事業"",""地域スポーツ推進事業""],""amount_attribution_status"":""not_available""}]}","high","approve","B_strong_structural・確信度highの一括承認ルールにより承認"
"bpi_6bc2d42b5424dc2b34a3b71738a986ca139042e7d30f946c6822cf2f01ab924c","文化財の保護・普及","一般会計","教育費","社会教育費","文化財費","教育委員会事務局 生涯学習課","5000","文化・スポーツ・生涯学習を支える行政","supports","公式予算で教育費の社会教育費に属するため、文化・生涯学習に関する行政機能を支える予算事業として整理した。","B_strong_structural","{""matched_rule_id"":""lifelong-learning-official-hierarchy"",""budget_item_key"":""2026_general_expenditure_08_06_03"",""identity_fields"":{""display_program_name"":""文化財の保護・普及"",""hierarchy"":[""教育費"",""社会教育費"",""文化財費""],""department_display_name"":""教育委員会事務局 生涯学習課"",""amount_thousand_yen"":5000},""member_programs"":[{""program_id"":""2026_general_expenditure_08_06_03_01_02_01"",""major_program_name"":""文化財保護事業費"",""budget_program_name"":""文化財の保護・普及"",""detail_program_name"":""文化財の保護・普及"",""source_file"":""ippansaisyutu.csv"",""source_row_number"":10147}],""same_budget_item_other_program_names"":[""宇奈根考古資料室改修工事"",""伝統的建築物の保存"",""文化財指定・保存助成"",""埋蔵文化財の保護及び調査"",""民家園維持運営"",""民家園改修工事"",""民家園行事""],""related_revenues"":[{""revenue_detail_id"":""rd_2026_general_revenue_19_06_09_08_95_4965100000"",""revenue_hierarchy"":[""諸収入"",""雑入"",""雑入"",""参加料・利用料"",""文化財普及・啓発事業""],""amount_attribution_status"":""not_available""}]}","high","approve","B_strong_structural・確信度highの一括承認ルールにより承認"
"bpi_0bc7c7b8257f7e92852611b237b1acb82c49ebd4afb534311e346cb67c7aab9f","宇奈根考古資料室改修工事","一般会計","教育費","社会教育費","文化財費","教育委員会事務局 生涯学習課","4505","文化・スポーツ・生涯学習を支える行政","supports","公式予算で教育費の社会教育費に属するため、文化・生涯学習に関する行政機能を支える予算事業として整理した。","B_strong_structural","{""matched_rule_id"":""lifelong-learning-official-hierarchy"",""budget_item_key"":""2026_general_expenditure_08_06_03"",""identity_fields"":{""display_program_name"":""宇奈根考古資料室改修工事"",""hierarchy"":[""教育費"",""社会教育費"",""文化財費""],""department_display_name"":""教育委員会事務局 生涯学習課"",""amount_thousand_yen"":4505},""member_programs"":[{""program_id"":""2026_general_expenditure_08_06_03_01_09_01"",""major_program_name"":""文化財保護事業費"",""budget_program_name"":""宇奈根考古資料室改修工事"",""detail_program_name"":""宇奈根考古資料室改修工事"",""source_file"":""ippansaisyutu.csv"",""source_row_number"":10153}],""same_budget_item_other_program_names"":[""伝統的建築物の保存"",""文化財の保護・普及"",""文化財指定・保存助成"",""埋蔵文化財の保護及び調査"",""民家園維持運営"",""民家園改修工事"",""民家園行事""],""related_revenues"":[]}","high","approve","B_strong_structural・確信度highの一括承認ルールにより承認"
"bpi_d06756b7fdcc50327cbfe5ca9ed1332352977a28c47030169180b2ebd6832985","国際平和交流基金積立金","一般会計","総務費","区民費","文化・国際費","生活文化政策部 文化・国際課","3971","文化・スポーツ・生涯学習を支える行政","supports","公式予算で健康村、文化・国際、文化施設、スポーツ振興または生涯現役推進に関する目に属するため、文化・スポーツ・生涯学習に関する行政機能を支える予算事業として整理した。これはみらい議会の探索用整理であり、区の公式な課題分類ではない。","B_strong_structural","{""matched_rule_id"":""culture-sports-official-hierarchy"",""budget_item_key"":""2026_general_expenditure_02_03_11"",""identity_fields"":{""display_program_name"":""国際平和交流基金積立金"",""hierarchy"":[""総務費"",""区民費"",""文化・国際費""],""department_display_name"":""生活文化政策部 文化・国際課"",""amount_thousand_yen"":3971},""member_programs"":[{""program_id"":""2026_general_expenditure_02_03_11_03_01_01"",""major_program_name"":""国際交流費"",""budget_program_name"":""国際平和交流基金積立金"",""detail_program_name"":""国際平和交流基金積立金"",""source_file"":""ippansaisyutu.csv"",""source_row_number"":9382}],""same_budget_item_other_program_names"":[""ホストタウン・交流連携事業"",""外国人が暮らしやすい環境づくり"",""姉妹都市等交流の充実"",""美術品管理"",""文化・芸術活動の振興"",""文化・芸術資源の魅力発信"",""文化振興基金積立金""],""related_revenues"":[{""revenue_detail_id"":""rd_2026_general_revenue_15_01_02_02_41_3405400000"",""revenue_hierarchy"":[""財産収入"",""財産運用収入"",""利子及配当金"",""基金利子"",""国際平和交流基金""],""amount_attribution_status"":""not_available""},{""revenue_detail_id"":""rd_2026_general_revenue_16_01_02_01_02_3405400000"",""revenue_hierarchy"":[""寄附金"",""寄附金"",""指定寄附金"",""総務費"",""国際平和交流基金""],""amount_attribution_status"":""not_available""}]}","high","approve","B_strong_structural・確信度highの一括承認ルールにより承認"
"bpi_17c85f7af841d02855140621359affc6a89e2aafce6922b4993d1f3b45c1a1e6","音楽文化の振興","一般会計","総務費","区民費","文化施設費","生活文化政策部 文化・国際課","3267","文化・スポーツ・生涯学習を支える行政","supports","公式予算で健康村、文化・国際、文化施設、スポーツ振興または生涯現役推進に関する目に属するため、文化・スポーツ・生涯学習に関する行政機能を支える予算事業として整理した。これはみらい議会の探索用整理であり、区の公式な課題分類ではない。","B_strong_structural","{""matched_rule_id"":""culture-sports-official-hierarchy"",""budget_item_key"":""2026_general_expenditure_02_03_12"",""identity_fields"":{""display_program_name"":""音楽文化の振興"",""hierarchy"":[""総務費"",""区民費"",""文化施設費""],""department_display_name"":""生活文化政策部 文化・国際課"",""amount_thousand_yen"":3267},""member_programs"":[{""program_id"":""2026_general_expenditure_02_03_12_01_09_01"",""major_program_name"":""文化財団維持運営費"",""budget_program_name"":""音楽文化の振興"",""detail_program_name"":""音楽文化の振興"",""source_file"":""ippansaisyutu.csv"",""source_row_number"":9392}],""same_budget_item_other_program_names"":[""美術館維持管理"",""文化財団運営補助"",""文化施設事業運営"",""文化施設保全"",""文化生活情報センター維持管理"",""文学館維持管理""],""related_revenues"":[]}","high","approve","B_strong_structural・確信度highの一括承認ルールにより承認"
"bpi_7969d2c52363c948e98297f096a9a2b2e1fed724e211b718a13f859525048344","郷土資料館改修工事","一般会計","教育費","社会教育費","資料館費","教育委員会事務局 生涯学習課","3190","文化・スポーツ・生涯学習を支える行政","supports","公式予算で教育費の社会教育費に属するため、文化・生涯学習に関する行政機能を支える予算事業として整理した。","B_strong_structural","{""matched_rule_id"":""lifelong-learning-official-hierarchy"",""budget_item_key"":""2026_general_expenditure_08_06_06"",""identity_fields"":{""display_program_name"":""郷土資料館改修工事"",""hierarchy"":[""教育費"",""社会教育費"",""資料館費""],""department_display_name"":""教育委員会事務局 生涯学習課"",""amount_thousand_yen"":3190},""member_programs"":[{""program_id"":""2026_general_expenditure_08_06_06_02_02_01"",""major_program_name"":""郷土資料館改修費"",""budget_program_name"":""郷土資料館改修工事"",""detail_program_name"":""郷土資料館改修工事"",""source_file"":""ippansaisyutu.csv"",""source_row_number"":10157}],""same_budget_item_other_program_names"":[""郷土資料館維持運営"",""郷土資料館行事"",""郷土資料館資料調査及び整理""],""related_revenues"":[]}","high","approve","B_strong_structural・確信度highの一括承認ルールにより承認"
"bpi_d7397a64de32811509f1415c037039747276739ea602abfbeac4b58ad4e98699","生涯現役施設整備工事","一般会計","総務費","区民費","生涯現役推進費","生活文化政策部 市民活動推進課","3000","文化・スポーツ・生涯学習を支える行政","supports","公式予算で健康村、文化・国際、文化施設、スポーツ振興または生涯現役推進に関する目に属するため、文化・スポーツ・生涯学習に関する行政機能を支える予算事業として整理した。これはみらい議会の探索用整理であり、区の公式な課題分類ではない。","B_strong_structural","{""matched_rule_id"":""culture-sports-official-hierarchy"",""budget_item_key"":""2026_general_expenditure_02_03_15"",""identity_fields"":{""display_program_name"":""生涯現役施設整備工事"",""hierarchy"":[""総務費"",""区民費"",""生涯現役推進費""],""department_display_name"":""生活文化政策部 市民活動推進課"",""amount_thousand_yen"":3000},""member_programs"":[{""program_id"":""2026_general_expenditure_02_03_15_02_08_01"",""major_program_name"":""交流・社会参加促進施設維持運営費"",""budget_program_name"":""生涯現役施設整備工事"",""detail_program_name"":""生涯現役施設整備工事"",""source_file"":""ippansaisyutu.csv"",""source_row_number"":9374}],""same_budget_item_other_program_names"":[""いきがい講座"",""ひだまり友遊会館運営"",""敬老会館運営"",""健康増進・交流施設運営"",""高齢者の地域参加促進"",""高齢者文化活動"",""市民大学運営"",""生涯現役社会づくりの支援"",""生涯大学運営"",""地域支えあい活動への支援"",""土と農の交流園運営""],""related_revenues"":[]}","high","approve","B_strong_structural・確信度highの一括承認ルールにより承認"
"bpi_01f55e1f1f3e5e1822de750e368128723aaa0f169279477fb60712a1a51cd2f6","伝統的建築物の保存","一般会計","教育費","社会教育費","文化財費","教育委員会事務局 生涯学習課","2887","文化・スポーツ・生涯学習を支える行政","supports","公式予算で教育費の社会教育費に属するため、文化・生涯学習に関する行政機能を支える予算事業として整理した。","B_strong_structural","{""matched_rule_id"":""lifelong-learning-official-hierarchy"",""budget_item_key"":""2026_general_expenditure_08_06_03"",""identity_fields"":{""display_program_name"":""伝統的建築物の保存"",""hierarchy"":[""教育費"",""社会教育費"",""文化財費""],""department_display_name"":""教育委員会事務局 生涯学習課"",""amount_thousand_yen"":2887},""member_programs"":[{""program_id"":""2026_general_expenditure_08_06_03_01_04_01"",""major_program_name"":""文化財保護事業費"",""budget_program_name"":""伝統的建築物の保存"",""detail_program_name"":""伝統的建築物の保存"",""source_file"":""ippansaisyutu.csv"",""source_row_number"":10149}],""same_budget_item_other_program_names"":[""宇奈根考古資料室改修工事"",""文化財の保護・普及"",""文化財指定・保存助成"",""埋蔵文化財の保護及び調査"",""民家園維持運営"",""民家園改修工事"",""民家園行事""],""related_revenues"":[]}","high","approve","B_strong_structural・確信度highの一括承認ルールにより承認"
"bpi_a48461b743b58c2b40ae839c12ae5a98653e36158aa98feffd11ae3d7af49e54","郷土資料館行事","一般会計","教育費","社会教育費","資料館費","教育委員会事務局 生涯学習課","2438","文化・スポーツ・生涯学習を支える行政","supports","公式予算で教育費の社会教育費に属するため、文化・生涯学習に関する行政機能を支える予算事業として整理した。","B_strong_structural","{""matched_rule_id"":""lifelong-learning-official-hierarchy"",""budget_item_key"":""2026_general_expenditure_08_06_06"",""identity_fields"":{""display_program_name"":""郷土資料館行事"",""hierarchy"":[""教育費"",""社会教育費"",""資料館費""],""department_display_name"":""教育委員会事務局 生涯学習課"",""amount_thousand_yen"":2438},""member_programs"":[{""program_id"":""2026_general_expenditure_08_06_06_01_01_01"",""major_program_name"":""郷土資料館維持運営費"",""budget_program_name"":""郷土資料館行事"",""detail_program_name"":""郷土資料館行事"",""source_file"":""ippansaisyutu.csv"",""source_row_number"":10154}],""same_budget_item_other_program_names"":[""郷土資料館維持運営"",""郷土資料館改修工事"",""郷土資料館資料調査及び整理""],""related_revenues"":[{""revenue_detail_id"":""rd_2026_general_revenue_19_06_09_08_32_4965100000"",""revenue_hierarchy"":[""諸収入"",""雑入"",""雑入"",""参加料・利用料"",""郷土資料館""],""amount_attribution_status"":""not_available""}]}","high","approve","B_strong_structural・確信度highの一括承認ルールにより承認"
"bpi_aca2c460d441141e059b148e49ede5d24bfa4fdcbf5e8091ddf8f2f08ffed358","生涯学習の推進","一般会計","教育費","社会教育費","社会教育活動費","教育委員会事務局 生涯学習課","2272","文化・スポーツ・生涯学習を支える行政","supports","公式予算で教育費の社会教育費に属するため、文化・生涯学習に関する行政機能を支える予算事業として整理した。","B_strong_structural","{""matched_rule_id"":""lifelong-learning-official-hierarchy"",""budget_item_key"":""2026_general_expenditure_08_06_02"",""identity_fields"":{""display_program_name"":""生涯学習の推進"",""hierarchy"":[""教育費"",""社会教育費"",""社会教育活動費""],""department_display_name"":""教育委員会事務局 生涯学習課"",""amount_thousand_yen"":2272},""member_programs"":[{""program_id"":""2026_general_expenditure_08_06_02_01_10_01"",""major_program_name"":""社会教育事業費"",""budget_program_name"":""生涯学習の推進"",""detail_program_name"":""生涯学習の推進"",""source_file"":""ippansaisyutu.csv"",""source_row_number"":10142}],""same_budget_item_other_program_names"":[""ＰＴＡ活動の支援"",""家庭教育の支援"",""社会教育団体支援"",""社会教育団体文化祭"",""成人教育"",""生涯学習事業運営"",""青少年教育"",""福祉教育""],""related_revenues"":[]}","high","approve","B_strong_structural・確信度highの一括承認ルールにより承認"
"bpi_e2ccfe3bbb15507ffc7ae869dc3f9030df48542fa4eee85cf98ae18533bc9215","生涯学習事業運営","一般会計","教育費","社会教育費","社会教育活動費","教育委員会事務局 生涯学習課","2172","文化・スポーツ・生涯学習を支える行政","supports","公式予算で教育費の社会教育費に属するため、文化・生涯学習に関する行政機能を支える予算事業として整理した。","B_strong_structural","{""matched_rule_id"":""lifelong-learning-official-hierarchy"",""budget_item_key"":""2026_general_expenditure_08_06_02"",""identity_fields"":{""display_program_name"":""生涯学習事業運営"",""hierarchy"":[""教育費"",""社会教育費"",""社会教育活動費""],""department_display_name"":""教育委員会事務局 生涯学習課"",""amount_thousand_yen"":2172},""member_programs"":[{""program_id"":""2026_general_expenditure_08_06_02_01_09_01"",""major_program_name"":""社会教育事業費"",""budget_program_name"":""生涯学習事業運営"",""detail_program_name"":""生涯学習事業運営"",""source_file"":""ippansaisyutu.csv"",""source_row_number"":10141}],""same_budget_item_other_program_names"":[""ＰＴＡ活動の支援"",""家庭教育の支援"",""社会教育団体支援"",""社会教育団体文化祭"",""成人教育"",""生涯学習の推進"",""青少年教育"",""福祉教育""],""related_revenues"":[]}","high","approve","B_strong_structural・確信度highの一括承認ルールにより承認"
"bpi_ee6686b42d2c57583499f09e97857fb6a8d81e6e1792d6c178888ce5d9da4960","社会教育団体支援","一般会計","教育費","社会教育費","社会教育活動費","教育委員会事務局 生涯学習課","2142","文化・スポーツ・生涯学習を支える行政","supports","公式予算で教育費の社会教育費に属するため、文化・生涯学習に関する行政機能を支える予算事業として整理した。","B_strong_structural","{""matched_rule_id"":""lifelong-learning-official-hierarchy"",""budget_item_key"":""2026_general_expenditure_08_06_02"",""identity_fields"":{""display_program_name"":""社会教育団体支援"",""hierarchy"":[""教育費"",""社会教育費"",""社会教育活動費""],""department_display_name"":""教育委員会事務局 生涯学習課"",""amount_thousand_yen"":2142},""member_programs"":[{""program_id"":""2026_general_expenditure_08_06_02_01_07_01"",""major_program_name"":""社会教育事業費"",""budget_program_name"":""社会教育団体支援"",""detail_program_name"":""社会教育団体支援"",""source_file"":""ippansaisyutu.csv"",""source_row_number"":10139}],""same_budget_item_other_program_names"":[""ＰＴＡ活動の支援"",""家庭教育の支援"",""社会教育団体文化祭"",""成人教育"",""生涯学習の推進"",""生涯学習事業運営"",""青少年教育"",""福祉教育""],""related_revenues"":[]}","high","approve","B_strong_structural・確信度highの一括承認ルールにより承認"
"bpi_c5039010a80869ea793f133670c6d523d8bf15027f47dea2a4dad1657ac8cf79","ホストタウン・交流連携事業","一般会計","総務費","区民費","文化・国際費","生活文化政策部 文化・国際課","2138","文化・スポーツ・生涯学習を支える行政","supports","公式予算で健康村、文化・国際、文化施設、スポーツ振興または生涯現役推進に関する目に属するため、文化・スポーツ・生涯学習に関する行政機能を支える予算事業として整理した。これはみらい議会の探索用整理であり、区の公式な課題分類ではない。","B_strong_structural","{""matched_rule_id"":""culture-sports-official-hierarchy"",""budget_item_key"":""2026_general_expenditure_02_03_11"",""identity_fields"":{""display_program_name"":""ホストタウン・交流連携事業"",""hierarchy"":[""総務費"",""区民費"",""文化・国際費""],""department_display_name"":""生活文化政策部 文化・国際課"",""amount_thousand_yen"":2138},""member_programs"":[{""program_id"":""2026_general_expenditure_02_03_11_03_05_01"",""major_program_name"":""国際交流費"",""budget_program_name"":""ホストタウン・交流連携事業"",""detail_program_name"":""ホストタウン・交流連携事業"",""source_file"":""ippansaisyutu.csv"",""source_row_number"":9385}],""same_budget_item_other_program_names"":[""外国人が暮らしやすい環境づくり"",""国際平和交流基金積立金"",""姉妹都市等交流の充実"",""美術品管理"",""文化・芸術活動の振興"",""文化・芸術資源の魅力発信"",""文化振興基金積立金""],""related_revenues"":[]}","high","approve","B_strong_structural・確信度highの一括承認ルールにより承認"
"bpi_a158064eb68bbeb58ebd18526a5065153ebc25f58bd17aced716ac8ca9a429b9","生涯現役社会づくりの支援","一般会計","総務費","区民費","生涯現役推進費","生活文化政策部 市民活動推進課","1897","文化・スポーツ・生涯学習を支える行政","supports","公式予算で健康村、文化・国際、文化施設、スポーツ振興または生涯現役推進に関する目に属するため、文化・スポーツ・生涯学習に関する行政機能を支える予算事業として整理した。これはみらい議会の探索用整理であり、区の公式な課題分類ではない。","B_strong_structural","{""matched_rule_id"":""culture-sports-official-hierarchy"",""budget_item_key"":""2026_general_expenditure_02_03_15"",""identity_fields"":{""display_program_name"":""生涯現役社会づくりの支援"",""hierarchy"":[""総務費"",""区民費"",""生涯現役推進費""],""department_display_name"":""生活文化政策部 市民活動推進課"",""amount_thousand_yen"":1897},""member_programs"":[{""program_id"":""2026_general_expenditure_02_03_15_01_04_01"",""major_program_name"":""交流・社会参加促進事業費"",""budget_program_name"":""生涯現役社会づくりの支援"",""detail_program_name"":""生涯現役社会づくりの支援"",""source_file"":""ippansaisyutu.csv"",""source_row_number"":9366}],""same_budget_item_other_program_names"":[""いきがい講座"",""ひだまり友遊会館運営"",""敬老会館運営"",""健康増進・交流施設運営"",""高齢者の地域参加促進"",""高齢者文化活動"",""市民大学運営"",""生涯現役施設整備工事"",""生涯大学運営"",""地域支えあい活動への支援"",""土と農の交流園運営""],""related_revenues"":[{""revenue_detail_id"":""rd_2026_general_revenue_14_02_02_60_45_3405350000"",""revenue_hierarchy"":[""都支出金"",""都補助金"",""民生費補助金"",""地域福祉推進区市町村包括補助事業"",""住民との協働による生涯現役社会のしくみづくり支援事業""],""amount_attribution_status"":""not_available""}]}","high","approve","B_strong_structural・確信度highの一括承認ルールにより承認"
"bpi_7be21c6b718c285bb28ff877b1b86b188587f1c5303a26746f817c8a4522478b","パラスポーツの推進","一般会計","総務費","区民費","スポーツ振興費","スポーツ推進部 スポーツ推進課","1037","文化・スポーツ・生涯学習を支える行政","supports","公式予算で健康村、文化・国際、文化施設、スポーツ振興または生涯現役推進に関する目に属するため、文化・スポーツ・生涯学習に関する行政機能を支える予算事業として整理した。これはみらい議会の探索用整理であり、区の公式な課題分類ではない。","B_strong_structural","{""matched_rule_id"":""culture-sports-official-hierarchy"",""budget_item_key"":""2026_general_expenditure_02_03_14"",""identity_fields"":{""display_program_name"":""パラスポーツの推進"",""hierarchy"":[""総務費"",""区民費"",""スポーツ振興費""],""department_display_name"":""スポーツ推進部 スポーツ推進課"",""amount_thousand_yen"":1037},""member_programs"":[{""program_id"":""2026_general_expenditure_02_03_14_01_26_01"",""major_program_name"":""スポーツ振興事業費"",""budget_program_name"":""パラスポーツの推進"",""detail_program_name"":""パラスポーツの推進"",""source_file"":""ippansaisyutu.csv"",""source_row_number"":9427}],""same_budget_item_other_program_names"":[""スポーツ施設改修工事"",""スポーツ施設整備事務"",""スポーツ施設民間連携等"",""スポーツ推進基金積立金"",""スポーツ推進部庶務事務"",""世田谷区スポーツ振興財団運営助成"",""生涯スポーツの振興"",""千歳温水プール維持運営"",""総合運動場維持運営"",""総合運動場施設整備工事"",""大蔵第二運動公園運動施設維持運営"",""大蔵第二運動公園運動施設整備工事"",""地域・地区スポーツ施設整備工事"",""地域体育施設の維持運営"",""東京２０２０大会レガシーの推進""],""related_revenues"":[{""revenue_detail_id"":""rd_2026_general_revenue_14_02_01_48_02_3445100000"",""revenue_hierarchy"":[""都支出金"",""都補助金"",""総務費補助金"",""区市町村スポーツ実施促進事業"",""パラスポーツ推進事業""],""amount_attribution_status"":""not_available""}]}","high","approve","B_strong_structural・確信度highの一括承認ルールにより承認"
"bpi_47a9076a98bcb22fde5b9e79d3159540a50c878fada10712c8a0ad64bbb721a8","スポーツ推進部庶務事務","一般会計","総務費","区民費","スポーツ振興費","スポーツ推進部 スポーツ推進課","1008","文化・スポーツ・生涯学習を支える行政","supports","公式予算で健康村、文化・国際、文化施設、スポーツ振興または生涯現役推進に関する目に属するため、文化・スポーツ・生涯学習に関する行政機能を支える予算事業として整理した。これはみらい議会の探索用整理であり、区の公式な課題分類ではない。","B_strong_structural","{""matched_rule_id"":""culture-sports-official-hierarchy"",""budget_item_key"":""2026_general_expenditure_02_03_14"",""identity_fields"":{""display_program_name"":""スポーツ推進部庶務事務"",""hierarchy"":[""総務費"",""区民費"",""スポーツ振興費""],""department_display_name"":""スポーツ推進部 スポーツ推進課"",""amount_thousand_yen"":1008},""member_programs"":[{""program_id"":""2026_general_expenditure_02_03_14_01_20_01"",""major_program_name"":""スポーツ振興事業費"",""budget_program_name"":""スポーツ推進部庶務事務"",""detail_program_name"":""スポーツ推進部庶務事務"",""source_file"":""ippansaisyutu.csv"",""source_row_number"":9426}],""same_budget_item_other_program_names"":[""スポーツ施設改修工事"",""スポーツ施設整備事務"",""スポーツ施設民間連携等"",""スポーツ推進基金積立金"",""パラスポーツの推進"",""世田谷区スポーツ振興財団運営助成"",""生涯スポーツの振興"",""千歳温水プール維持運営"",""総合運動場維持運営"",""総合運動場施設整備工事"",""大蔵第二運動公園運動施設維持運営"",""大蔵第二運動公園運動施設整備工事"",""地域・地区スポーツ施設整備工事"",""地域体育施設の維持運営"",""東京２０２０大会レガシーの推進""],""related_revenues"":[]}","high","approve","B_strong_structural・確信度highの一括承認ルールにより承認"
"bpi_0c5e8ccc96f84fe96ce02b52cb7b8e24bbbdb3e258aa33802617e186e6c0fe6d","総合型地域スポーツ・文化クラブの支援","一般会計","教育費","社会教育費","社会教育総務費","教育委員会事務局 地域学校連携課","827","文化・スポーツ・生涯学習を支える行政","supports","公式予算で教育費の社会教育費に属するため、文化・生涯学習に関する行政機能を支える予算事業として整理した。","B_strong_structural","{""matched_rule_id"":""lifelong-learning-official-hierarchy"",""budget_item_key"":""2026_general_expenditure_08_06_01"",""identity_fields"":{""display_program_name"":""総合型地域スポーツ・文化クラブの支援"",""hierarchy"":[""教育費"",""社会教育費"",""社会教育総務費""],""department_display_name"":""教育委員会事務局 地域学校連携課"",""amount_thousand_yen"":827},""member_programs"":[{""program_id"":""2026_general_expenditure_08_06_01_01_06_01"",""major_program_name"":""社会教育管理費"",""budget_program_name"":""総合型地域スポーツ・文化クラブの支援"",""detail_program_name"":""総合型地域スポーツ・文化クラブの支援"",""source_file"":""ippansaisyutu.csv"",""source_row_number"":10218}],""same_budget_item_other_program_names"":[""小・中学校施設開放"",""小学校遊び場開放"",""地域連携事業"",""放課後の遊び場対策（ＢＯＰ）""],""related_revenues"":[]}","high","approve","B_strong_structural・確信度highの一括承認ルールにより承認"
"bpi_1424e12ec98191af706bd504e9794d1e6358033bcc692557dedc9b48eb45be08","地域図書館建設工事","一般会計","教育費","社会教育費","図書館建設費","教育委員会事務局 中央図書館","0","文化・スポーツ・生涯学習を支える行政","supports","公式予算で教育費の社会教育費に属するため、文化・生涯学習に関する行政機能を支える予算事業として整理した。","B_strong_structural","{""matched_rule_id"":""lifelong-learning-official-hierarchy"",""budget_item_key"":""2026_general_expenditure_08_06_08"",""identity_fields"":{""display_program_name"":""地域図書館建設工事"",""hierarchy"":[""教育費"",""社会教育費"",""図書館建設費""],""department_display_name"":""教育委員会事務局 中央図書館"",""amount_thousand_yen"":0},""member_programs"":[{""program_id"":""2026_general_expenditure_08_06_08_01_01_01"",""major_program_name"":""図書館建設費"",""budget_program_name"":""地域図書館建設工事"",""detail_program_name"":""地域図書館建設工事"",""source_file"":""ippansaisyutu.csv"",""source_row_number"":10170}],""same_budget_item_other_program_names"":[],""related_revenues"":[]}","high","approve","B_strong_structural・確信度highの一括承認ルールにより承認"
"bpi_9d4b4eb132cdb801c0a1843aca93d2ef8a688b8effa0e810373193e2d4eaac82","図書館改修","一般会計","教育費","社会教育費","図書館費","教育委員会事務局 中央図書館","0","文化・スポーツ・生涯学習を支える行政","supports","公式予算で教育費の社会教育費に属するため、文化・生涯学習に関する行政機能を支える予算事業として整理した。","B_strong_structural","{""matched_rule_id"":""lifelong-learning-official-hierarchy"",""budget_item_key"":""2026_general_expenditure_08_06_04"",""identity_fields"":{""display_program_name"":""図書館改修"",""hierarchy"":[""教育費"",""社会教育費"",""図書館費""],""department_display_name"":""教育委員会事務局 中央図書館"",""amount_thousand_yen"":0},""member_programs"":[{""program_id"":""2026_general_expenditure_08_06_04_01_10_01"",""major_program_name"":""中央図書館、地域図書館、まちかど図書室維持運営費"",""budget_program_name"":""図書館改修"",""detail_program_name"":""図書館改修"",""source_file"":""ippansaisyutu.csv"",""source_row_number"":10163}],""same_budget_item_other_program_names"":[""プラネタリウム事業運営"",""教育会館維持管理"",""教育会館改修"",""子ども読書活動の推進"",""図書館サービスの推進"",""図書館管理運営"",""図書館資料の充実"",""図書館情報システムの運営"",""生涯学習拠点としての図書館の充実"",""地域図書室の維持管理"",""地域図書室資料の充実""],""related_revenues"":[]}","high","approve","B_strong_structural・確信度highの一括承認ルールにより承認"
