"budget_program_identity_id","display_program_name","account_name","kan_name","kou_name","moku_name","department_display_name","amount_thousand_yen","candidate_topic","proposed_relation_type","proposed_explanation","evidence_level","evidence_fields","confidence","review_decision","review_note"
"bpi_3d311336060f2bf80b5680cc9bb0643d78476e82f64182ab0d5151a8cba943b8","社会保障・税番号制度事務","一般会計","総務費","戸籍住民基本台帳費","住民記録費","地域行政部 マイナンバー担当課","611463","地域・区民行政","supports","公式予算で戸籍住民基本台帳費に属するため、窓口・区民生活に関する行政機能を支える予算事業として整理した。","B_strong_structural","{""matched_rule_id"":""resident-registry-official-hierarchy"",""budget_item_key"":""2026_general_expenditure_02_04_02"",""identity_fields"":{""display_program_name"":""社会保障・税番号制度事務"",""hierarchy"":[""総務費"",""戸籍住民基本台帳費"",""住民記録費""],""department_display_name"":""地域行政部 マイナンバー担当課"",""amount_thousand_yen"":611463},""member_programs"":[{""program_id"":""2026_general_expenditure_02_04_02_03_01_01"",""major_program_name"":""社会保障・税番号制度事務"",""budget_program_name"":""社会保障・税番号制度事務"",""detail_program_name"":""社会保障・税番号制度事務"",""source_file"":""ippansaisyutu.csv"",""source_row_number"":9422}],""same_budget_item_other_program_names"":[""住民記録事務"",""住民票集中管理事務運営""],""related_revenues"":[{""revenue_detail_id"":""rd_2026_general_revenue_13_02_08_21_01_3415400000"",""revenue_hierarchy"":[""国庫支出金"",""国庫補助金"",""総務費補助金"",""個人番号カード交付事務費補助金"",""個人番号カード交付事務費補助金""],""amount_attribution_status"":""not_available""}]}","high","reject","[publication-policy] 広域な行政機能topicは具体的な課題topicと重複するため公開しない"
"bpi_792ed2de0378fdcd39d7f363578518c97608799cb6c684d095ca4cf3e90366f1","玉川地域区民施設改修","一般会計","総務費","区民費","区民施設費","玉川総合支所 地域振興課","547449","地域・区民行政","supports","公式予算で区民総務費、支所費または区民施設費に属するため、地域・窓口・区民生活に関する行政機能を支える予算事業として整理した。これはみらい議会の探索用整理であり、区の公式な課題分類ではない。","B_strong_structural","{""matched_rule_id"":""community-services-official-hierarchy"",""budget_item_key"":""2026_general_expenditure_02_03_06"",""identity_fields"":{""display_program_name"":""玉川地域区民施設改修"",""hierarchy"":[""総務費"",""区民費"",""区民施設費""],""department_display_name"":""玉川総合支所 地域振興課"",""amount_thousand_yen"":547449},""member_programs"":[{""program_id"":""2026_general_expenditure_02_03_06_02_04_01"",""major_program_name"":""区民施設改修費"",""budget_program_name"":""玉川地域区民施設改修"",""detail_program_name"":""玉川地域区民施設改修"",""source_file"":""ippansaisyutu.csv"",""source_row_number"":9167}],""same_budget_item_other_program_names"":[""烏山区民会館・区民センター維持運営"",""烏山地域区民センター業務委託"",""烏山地域区民施設改修"",""烏山地域区民集会所維持運営"",""烏山地域生涯学習事務"",""烏山地域地区会館維持運営"",""鎌田区民センター維持運営"",""砧区民会館維持運営"",""砧地域区民センター事業委託"",""砧地域区民施設改修"",""砧地域区民集会所維持運営"",""砧地域生涯学習事務"",""砧地域地区会館維持運営"",""宮坂区民センター維持運営"",""玉川区民会館維持運営"",""玉川地域区民センター維持運営"",""玉川地域区民センター事業委託"",""玉川地域生涯学習事務"",""玉川地域地区会館維持運営"",""区民斎場維持運営"",""弦巻区民センター維持運営"",""桜丘区民センター維持運営"",""上北沢区民センター維持運営"",""世田谷区民会館維持運営"",""世田谷区民会館別館等維持運営"",""世田谷地域区民センター事業委託"",""世田谷地域区民施設改修"",""世田谷地域区民集会所維持運営"",""世田谷地域生涯学習事務"",""世田谷地域地区会館維持運営"",""太子堂区民センター維持運営"",""代田区民センター維持運営"",""粕谷区民センター維持運営"",""北沢区民会館維持運営"",""北沢地域区民センター事業委託"",""北沢地域区民施設改修"",""北沢地域区民集会所維持運営"",""北沢地域生涯学習事務"",""北沢地域地区会館維持運営"",""本庁舎等区民利用施設維持運営""],""related_revenues"":[]}","high","reject","[publication-policy] 広域な行政機能topicは具体的な課題topicと重複するため公開しない"
"bpi_2b0d8b22fad33737b15e4d1eb16ef14f3929f286f4375276c12dc8cda7ace7a7","安全安心まちづくりの推進","一般会計","総務費","区民費","区民総務費","危機管理部 地域生活安全課","517917","地域・区民行政","supports","公式予算で区民総務費、支所費または区民施設費に属するため、地域・窓口・区民生活に関する行政機能を支える予算事業として整理した。これはみらい議会の探索用整理であり、区の公式な課題分類ではない。","B_strong_structural","{""matched_rule_id"":""community-services-official-hierarchy"",""budget_item_key"":""2026_general_expenditure_02_03_01"",""identity_fields"":{""display_program_name"":""安全安心まちづくりの推進"",""hierarchy"":[""総務費"",""区民費"",""区民総務費""],""department_display_name"":""危機管理部 地域生活安全課"",""amount_thousand_yen"":517917},""member_programs"":[{""program_id"":""2026_general_expenditure_02_03_01_02_23_01"",""major_program_name"":""まちづくり推進事業費"",""budget_program_name"":""安全安心まちづくりの推進"",""detail_program_name"":""安全安心まちづくりの推進"",""source_file"":""ippansaisyutu.csv"",""source_row_number"":9340}],""same_budget_item_other_program_names"":[""ＤＶ防止・困難な問題を抱える女性支援事業"",""ふるさとまつり協賛（烏山）"",""ふるさとまつり協賛（砧）"",""ふるさとまつり協賛（玉川）"",""ふるさとまつり協賛（世田谷）"",""ふるさとまつり協賛（北沢）"",""まちづくり推進（烏山）"",""まちづくり推進（砧）"",""まちづくり推進（玉川）"",""まちづくり推進（世田谷）"",""まちづくり推進（北沢）"",""区広報板維持管理"",""公共施設利用案内システム維持運営"",""災害時地域助け合い活動支援"",""市民活動の促進"",""自主的コミュニティづくりの支援"",""住居表示維持管理"",""出張所広報"",""人権推進事業"",""生活文化政策部庶務事務"",""青少年対策（烏山）"",""青少年対策（砧）"",""青少年対策（玉川）"",""青少年対策（世田谷）"",""青少年対策（北沢）"",""多摩川花火大会"",""男女共同参画センター維持運営"",""男女共同参画社会推進事業"",""地域活動推進（烏山）"",""地域活動推進（砧）"",""地域活動推進（玉川）"",""地域活動推進（世田谷）"",""地域活動推進（北沢）"",""地域交流・まつり事業支援"",""地域行政部庶務事務"",""地域包括ケア地区展開調整事務"",""町会自治会等事業助成"",""二十歳のつどい"",""梅まつり"",""犯罪被害者等支援事業"",""犯罪被害者等支援等基金積立金"",""平和資料館維持運営"",""平和都市宣言事業"",""防犯カメラ整備・維持管理助成"",""防犯協会・防火防災協会（砧）"",""防犯協会・防火防災協会（玉川）"",""防犯協会・防火防災協会（世田谷）"",""北沢防犯協会（北沢）"",""臨海部広域斎場組合負担金""],""related_revenues"":[{""revenue_detail_id"":""rd_2026_general_revenue_14_02_01_45_01_3305700000"",""revenue_hierarchy"":[""都支出金"",""都補助金"",""総務費補助金"",""消費者行政強化交付金"",""消費者行政強化事業""],""amount_attribution_status"":""not_available""},{""revenue_detail_id"":""rd_2026_general_revenue_14_02_01_55_02_3305700000"",""revenue_hierarchy"":[""都支出金"",""都補助金"",""総務費補助金"",""東京都防犯機器等購入緊急補助事業"",""東京都防犯機器等購入緊急補助事業""],""amount_attribution_status"":""not_available""}]}","high","reject","[publication-policy] 広域な行政機能topicは具体的な課題topicと重複するため公開しない"
"bpi_d42db30ccf3e6ab15db7a06543dbca0ec4d46b65173034608f08fdee31e3fd8e","北沢総合支所維持管理","一般会計","総務費","区民費","支所費","北沢総合支所 地域振興課","409079","地域・区民行政","supports","公式予算で区民総務費、支所費または区民施設費に属するため、地域・窓口・区民生活に関する行政機能を支える予算事業として整理した。これはみらい議会の探索用整理であり、区の公式な課題分類ではない。","B_strong_structural","{""matched_rule_id"":""community-services-official-hierarchy"",""budget_item_key"":""2026_general_expenditure_02_03_02"",""identity_fields"":{""display_program_name"":""北沢総合支所維持管理"",""hierarchy"":[""総務費"",""区民費"",""支所費""],""department_display_name"":""北沢総合支所 地域振興課"",""amount_thousand_yen"":409079},""member_programs"":[{""program_id"":""2026_general_expenditure_02_03_02_01_13_01"",""major_program_name"":""総合支所維持運営費"",""budget_program_name"":""北沢総合支所維持管理"",""detail_program_name"":""北沢総合支所維持管理"",""source_file"":""ippansaisyutu.csv"",""source_row_number"":9126}],""same_budget_item_other_program_names"":[""烏山総合支所・出張所改築事務"",""烏山総合支所維持管理"",""烏山総合支所庶務事務"",""烏山地域支所・出張所改修"",""烏山地域出張所維持運営"",""砧総合支所維持管理"",""砧総合支所庶務事務"",""砧地域支所・出張所改修"",""砧地域出張所維持運営"",""玉川総合支所維持管理"",""玉川総合支所庶務事務"",""玉川地域支所・出張所改修"",""玉川地域出張所維持運営"",""計画・相談事業運営（烏山）"",""計画・相談事業運営（砧）"",""計画・相談事業運営（玉川）"",""計画・相談事業運営（世田谷）"",""計画・相談事業運営（北沢）"",""出張所機能充実"",""世田谷総合支所・出張所改築事務"",""世田谷総合支所庶務事務"",""世田谷地域出張所維持運営"",""世田谷地域出張所改修"",""総合窓口化の推進"",""地域経営事務調整（烏山）"",""地域経営事務調整（砧）"",""地域経営事務調整（玉川）"",""地域経営事務調整（世田谷）"",""地域経営事務調整（北沢）"",""町会・自治会会館建設等助成事務"",""北沢総合支所庶務事務"",""北沢地域支所・出張所改修"",""北沢地域出張所維持運営""],""related_revenues"":[{""revenue_detail_id"":""rd_2026_general_revenue_12_01_01_05_18_2235100000"",""revenue_hierarchy"":[""使用料及手数料"",""使用料"",""総務使用料"",""総務施設"",""北沢タウンホール""],""amount_attribution_status"":""not_available""},{""revenue_detail_id"":""rd_2026_general_revenue_13_02_08_21_06_2235100000"",""revenue_hierarchy"":[""国庫支出金"",""国庫補助金"",""総務費補助金"",""個人番号カード交付事務費補助金"",""個人番号カード交付事務費補助金""],""amount_attribution_status"":""not_available""},{""revenue_detail_id"":""rd_2026_general_revenue_15_01_01_03_02_2235100000"",""revenue_hierarchy"":[""財産収入"",""財産運用収入"",""財産貸付収入"",""建物貸付"",""北沢タウンホール駐車場""],""amount_attribution_status"":""not_available""},{""revenue_detail_id"":""rd_2026_general_revenue_15_01_01_04_55_2235100000"",""revenue_hierarchy"":[""財産収入"",""財産運用収入"",""財産貸付収入"",""土地貸付"",""北沢タウンホール""],""amount_attribution_status"":""not_available""},{""revenue_detail_id"":""rd_2026_general_revenue_15_02_02_01_16_2235100000"",""revenue_hierarchy"":[""財産収入"",""財産売払収入"",""物品売払収入"",""不用品売払"",""リサイクル資源売払（北沢総合支所）""],""amount_attribution_status"":""not_available""},{""revenue_detail_id"":""rd_2026_general_revenue_19_06_09_05_30_2235100000"",""revenue_hierarchy"":[""諸収入"",""雑入"",""雑入"",""光熱水費等負担金"",""北沢総合支所""],""amount_attribution_status"":""not_available""},{""revenue_detail_id"":""rd_2026_general_revenue_19_06_09_18_01_2235100000"",""revenue_hierarchy"":[""諸収入"",""雑入"",""雑入"",""施設管理費負担金"",""北沢総合支所維持管理""],""amount_attribution_status"":""not_available""}]}","high","reject","[publication-policy] 広域な行政機能topicは具体的な課題topicと重複するため公開しない"
"bpi_228d7616759740f25875b46590b03ae5b1c3c7e4f2b9e0a356bf098a84dd20da","北沢地域地区会館維持運営","一般会計","総務費","区民費","区民施設費","北沢総合支所 地域振興課","384652","地域・区民行政","supports","公式予算で区民総務費、支所費または区民施設費に属するため、地域・窓口・区民生活に関する行政機能を支える予算事業として整理した。これはみらい議会の探索用整理であり、区の公式な課題分類ではない。","B_strong_structural","{""matched_rule_id"":""community-services-official-hierarchy"",""budget_item_key"":""2026_general_expenditure_02_03_06"",""identity_fields"":{""display_program_name"":""北沢地域地区会館維持運営"",""hierarchy"":[""総務費"",""区民費"",""区民施設費""],""department_display_name"":""北沢総合支所 地域振興課"",""amount_thousand_yen"":384652},""member_programs"":[{""program_id"":""2026_general_expenditure_02_03_06_01_14_01"",""major_program_name"":""区民施設維持運営費"",""budget_program_name"":""北沢地域地区会館維持運営"",""detail_program_name"":""北沢地域地区会館維持運営"",""source_file"":""ippansaisyutu.csv"",""source_row_number"":9134}],""same_budget_item_other_program_names"":[""烏山区民会館・区民センター維持運営"",""烏山地域区民センター業務委託"",""烏山地域区民施設改修"",""烏山地域区民集会所維持運営"",""烏山地域生涯学習事務"",""烏山地域地区会館維持運営"",""鎌田区民センター維持運営"",""砧区民会館維持運営"",""砧地域区民センター事業委託"",""砧地域区民施設改修"",""砧地域区民集会所維持運営"",""砧地域生涯学習事務"",""砧地域地区会館維持運営"",""宮坂区民センター維持運営"",""玉川区民会館維持運営"",""玉川地域区民センター維持運営"",""玉川地域区民センター事業委託"",""玉川地域区民施設改修"",""玉川地域生涯学習事務"",""玉川地域地区会館維持運営"",""区民斎場維持運営"",""弦巻区民センター維持運営"",""桜丘区民センター維持運営"",""上北沢区民センター維持運営"",""世田谷区民会館維持運営"",""世田谷区民会館別館等維持運営"",""世田谷地域区民センター事業委託"",""世田谷地域区民施設改修"",""世田谷地域区民集会所維持運営"",""世田谷地域生涯学習事務"",""世田谷地域地区会館維持運営"",""太子堂区民センター維持運営"",""代田区民センター維持運営"",""粕谷区民センター維持運営"",""北沢区民会館維持運営"",""北沢地域区民センター事業委託"",""北沢地域区民施設改修"",""北沢地域区民集会所維持運営"",""北沢地域生涯学習事務"",""本庁舎等区民利用施設維持運営""],""related_revenues"":[{""revenue_detail_id"":""rd_2026_general_revenue_12_01_01_11_02_2235100000"",""revenue_hierarchy"":[""使用料及手数料"",""使用料"",""総務使用料"",""地区会館"",""北沢地域地区会館""],""amount_attribution_status"":""not_available""},{""revenue_detail_id"":""rd_2026_general_revenue_15_01_01_03_35_2235100000"",""revenue_hierarchy"":[""財産収入"",""財産運用収入"",""財産貸付収入"",""建物貸付"",""北沢地域地区会館""],""amount_attribution_status"":""not_available""},{""revenue_detail_id"":""rd_2026_general_revenue_15_01_01_04_82_2235100000"",""revenue_hierarchy"":[""財産収入"",""財産運用収入"",""財産貸付収入"",""土地貸付"",""北沢地域地区会館""],""amount_attribution_status"":""not_available""},{""revenue_detail_id"":""rd_2026_general_revenue_19_06_09_54_72_2235100000"",""revenue_hierarchy"":[""諸収入"",""雑入"",""雑入"",""光熱水費等負担金（２）"",""北沢地域地区会館""],""amount_attribution_status"":""not_available""}]}","high","reject","[publication-policy] 広域な行政機能topicは具体的な課題topicと重複するため公開しない"
"bpi_cc60dba29af4f6dbb4b3a49bd2f997641ccd23092152b76044ffda13c6e13994","玉川地域区民センター維持運営","一般会計","総務費","区民費","区民施設費","玉川総合支所 地域振興課","358190","地域・区民行政","supports","公式予算で区民総務費、支所費または区民施設費に属するため、地域・窓口・区民生活に関する行政機能を支える予算事業として整理した。これはみらい議会の探索用整理であり、区の公式な課題分類ではない。","B_strong_structural","{""matched_rule_id"":""community-services-official-hierarchy"",""budget_item_key"":""2026_general_expenditure_02_03_06"",""identity_fields"":{""display_program_name"":""玉川地域区民センター維持運営"",""hierarchy"":[""総務費"",""区民費"",""区民施設費""],""department_display_name"":""玉川総合支所 地域振興課"",""amount_thousand_yen"":358190},""member_programs"":[{""program_id"":""2026_general_expenditure_02_03_06_01_19_01"",""major_program_name"":""区民施設維持運営費"",""budget_program_name"":""玉川地域区民センター維持運営"",""detail_program_name"":""玉川地域区民センター維持運営"",""source_file"":""ippansaisyutu.csv"",""source_row_number"":9165}],""same_budget_item_other_program_names"":[""烏山区民会館・区民センター維持運営"",""烏山地域区民センター業務委託"",""烏山地域区民施設改修"",""烏山地域区民集会所維持運営"",""烏山地域生涯学習事務"",""烏山地域地区会館維持運営"",""鎌田区民センター維持運営"",""砧区民会館維持運営"",""砧地域区民センター事業委託"",""砧地域区民施設改修"",""砧地域区民集会所維持運営"",""砧地域生涯学習事務"",""砧地域地区会館維持運営"",""宮坂区民センター維持運営"",""玉川区民会館維持運営"",""玉川地域区民センター事業委託"",""玉川地域区民施設改修"",""玉川地域生涯学習事務"",""玉川地域地区会館維持運営"",""区民斎場維持運営"",""弦巻区民センター維持運営"",""桜丘区民センター維持運営"",""上北沢区民センター維持運営"",""世田谷区民会館維持運営"",""世田谷区民会館別館等維持運営"",""世田谷地域区民センター事業委託"",""世田谷地域区民施設改修"",""世田谷地域区民集会所維持運営"",""世田谷地域生涯学習事務"",""世田谷地域地区会館維持運営"",""太子堂区民センター維持運営"",""代田区民センター維持運営"",""粕谷区民センター維持運営"",""北沢区民会館維持運営"",""北沢地域区民センター事業委託"",""北沢地域区民施設改修"",""北沢地域区民集会所維持運営"",""北沢地域生涯学習事務"",""北沢地域地区会館維持運営"",""本庁舎等区民利用施設維持運営""],""related_revenues"":[{""revenue_detail_id"":""rd_2026_general_revenue_12_01_01_02_06_2335100000"",""revenue_hierarchy"":[""使用料及手数料"",""使用料"",""総務使用料"",""区民センター"",""深沢区民センター""],""amount_attribution_status"":""not_available""},{""revenue_detail_id"":""rd_2026_general_revenue_12_01_01_02_07_2335100000"",""revenue_hierarchy"":[""使用料及手数料"",""使用料"",""総務使用料"",""区民センター"",""奥沢区民センター""],""amount_attribution_status"":""not_available""},{""revenue_detail_id"":""rd_2026_general_revenue_12_01_01_02_08_2335100000"",""revenue_hierarchy"":[""使用料及手数料"",""使用料"",""総務使用料"",""区民センター"",""玉川台区民センター""],""amount_attribution_status"":""not_available""}]}","high","reject","[publication-policy] 広域な行政機能topicは具体的な課題topicと重複するため公開しない"
"bpi_0bd26d7858b3cdc1d2b77bcc9a3f770b7aa2c24629f6a756f70e33d070d41781","玉川総合支所維持管理","一般会計","総務費","区民費","支所費","玉川総合支所 地域振興課","336746","地域・区民行政","supports","公式予算で区民総務費、支所費または区民施設費に属するため、地域・窓口・区民生活に関する行政機能を支える予算事業として整理した。これはみらい議会の探索用整理であり、区の公式な課題分類ではない。","B_strong_structural","{""matched_rule_id"":""community-services-official-hierarchy"",""budget_item_key"":""2026_general_expenditure_02_03_02"",""identity_fields"":{""display_program_name"":""玉川総合支所維持管理"",""hierarchy"":[""総務費"",""区民費"",""支所費""],""department_display_name"":""玉川総合支所 地域振興課"",""amount_thousand_yen"":336746},""member_programs"":[{""program_id"":""2026_general_expenditure_02_03_02_01_14_01"",""major_program_name"":""総合支所維持運営費"",""budget_program_name"":""玉川総合支所維持管理"",""detail_program_name"":""玉川総合支所維持管理"",""source_file"":""ippansaisyutu.csv"",""source_row_number"":9158}],""same_budget_item_other_program_names"":[""烏山総合支所・出張所改築事務"",""烏山総合支所維持管理"",""烏山総合支所庶務事務"",""烏山地域支所・出張所改修"",""烏山地域出張所維持運営"",""砧総合支所維持管理"",""砧総合支所庶務事務"",""砧地域支所・出張所改修"",""砧地域出張所維持運営"",""玉川総合支所庶務事務"",""玉川地域支所・出張所改修"",""玉川地域出張所維持運営"",""計画・相談事業運営（烏山）"",""計画・相談事業運営（砧）"",""計画・相談事業運営（玉川）"",""計画・相談事業運営（世田谷）"",""計画・相談事業運営（北沢）"",""出張所機能充実"",""世田谷総合支所・出張所改築事務"",""世田谷総合支所庶務事務"",""世田谷地域出張所維持運営"",""世田谷地域出張所改修"",""総合窓口化の推進"",""地域経営事務調整（烏山）"",""地域経営事務調整（砧）"",""地域経営事務調整（玉川）"",""地域経営事務調整（世田谷）"",""地域経営事務調整（北沢）"",""町会・自治会会館建設等助成事務"",""北沢総合支所維持管理"",""北沢総合支所庶務事務"",""北沢地域支所・出張所改修"",""北沢地域出張所維持運営""],""related_revenues"":[{""revenue_detail_id"":""rd_2026_general_revenue_12_01_01_05_02_2335100000"",""revenue_hierarchy"":[""使用料及手数料"",""使用料"",""総務使用料"",""総務施設"",""玉川総合支所""],""amount_attribution_status"":""not_available""},{""revenue_detail_id"":""rd_2026_general_revenue_15_02_02_01_17_2335100000"",""revenue_hierarchy"":[""財産収入"",""財産売払収入"",""物品売払収入"",""不用品売払"",""リサイクル資源売払（玉川総合支所）""],""amount_attribution_status"":""not_available""},{""revenue_detail_id"":""rd_2026_general_revenue_19_06_09_05_03_2335100000"",""revenue_hierarchy"":[""諸収入"",""雑入"",""雑入"",""光熱水費等負担金"",""玉川総合支所""],""amount_attribution_status"":""not_available""},{""revenue_detail_id"":""rd_2026_general_revenue_19_06_09_45_24_2335100000"",""revenue_hierarchy"":[""諸収入"",""雑入"",""雑入"",""広告料収入"",""玉川総合支所""],""amount_attribution_status"":""not_available""}]}","high","reject","[publication-policy] 広域な行政機能topicは具体的な課題topicと重複するため公開しない"
"bpi_8dc6864f8ba930b92d0cbb74e1b6a3f37a6c2c187266a79e6cb699d256730903","烏山区民会館・区民センター維持運営","一般会計","総務費","区民費","区民施設費","烏山総合支所 地域振興課","328330","地域・区民行政","supports","公式予算で区民総務費、支所費または区民施設費に属するため、地域・窓口・区民生活に関する行政機能を支える予算事業として整理した。これはみらい議会の探索用整理であり、区の公式な課題分類ではない。","B_strong_structural","{""matched_rule_id"":""community-services-official-hierarchy"",""budget_item_key"":""2026_general_expenditure_02_03_06"",""identity_fields"":{""display_program_name"":""烏山区民会館・区民センター維持運営"",""hierarchy"":[""総務費"",""区民費"",""区民施設費""],""department_display_name"":""烏山総合支所 地域振興課"",""amount_thousand_yen"":328330},""member_programs"":[{""program_id"":""2026_general_expenditure_02_03_06_01_29_01"",""major_program_name"":""区民施設維持運営費"",""budget_program_name"":""烏山区民会館・区民センター維持運営"",""detail_program_name"":""烏山区民会館・区民センター維持運営"",""source_file"":""ippansaisyutu.csv"",""source_row_number"":9222}],""same_budget_item_other_program_names"":[""烏山地域区民センター業務委託"",""烏山地域区民施設改修"",""烏山地域区民集会所維持運営"",""烏山地域生涯学習事務"",""烏山地域地区会館維持運営"",""鎌田区民センター維持運営"",""砧区民会館維持運営"",""砧地域区民センター事業委託"",""砧地域区民施設改修"",""砧地域区民集会所維持運営"",""砧地域生涯学習事務"",""砧地域地区会館維持運営"",""宮坂区民センター維持運営"",""玉川区民会館維持運営"",""玉川地域区民センター維持運営"",""玉川地域区民センター事業委託"",""玉川地域区民施設改修"",""玉川地域生涯学習事務"",""玉川地域地区会館維持運営"",""区民斎場維持運営"",""弦巻区民センター維持運営"",""桜丘区民センター維持運営"",""上北沢区民センター維持運営"",""世田谷区民会館維持運営"",""世田谷区民会館別館等維持運営"",""世田谷地域区民センター事業委託"",""世田谷地域区民施設改修"",""世田谷地域区民集会所維持運営"",""世田谷地域生涯学習事務"",""世田谷地域地区会館維持運営"",""太子堂区民センター維持運営"",""代田区民センター維持運営"",""粕谷区民センター維持運営"",""北沢区民会館維持運営"",""北沢地域区民センター事業委託"",""北沢地域区民施設改修"",""北沢地域区民集会所維持運営"",""北沢地域生涯学習事務"",""北沢地域地区会館維持運営"",""本庁舎等区民利用施設維持運営""],""related_revenues"":[{""revenue_detail_id"":""rd_2026_general_revenue_12_01_01_01_05_2535100000"",""revenue_hierarchy"":[""使用料及手数料"",""使用料"",""総務使用料"",""区民会館"",""烏山区民会館""],""amount_attribution_status"":""not_available""},{""revenue_detail_id"":""rd_2026_general_revenue_12_01_01_02_01_2535100000"",""revenue_hierarchy"":[""使用料及手数料"",""使用料"",""総務使用料"",""区民センター"",""烏山区民センター""],""amount_attribution_status"":""not_available""},{""revenue_detail_id"":""rd_2026_general_revenue_12_01_01_05_06_2535100000"",""revenue_hierarchy"":[""使用料及手数料"",""使用料"",""総務使用料"",""総務施設"",""烏山区民センター""],""amount_attribution_status"":""not_available""},{""revenue_detail_id"":""rd_2026_general_revenue_19_06_09_05_04_2535100000"",""revenue_hierarchy"":[""諸収入"",""雑入"",""雑入"",""光熱水費等負担金"",""烏山区民センター""],""amount_attribution_status"":""not_available""}]}","high","reject","[publication-policy] 広域な行政機能topicは具体的な課題topicと重複するため公開しない"
"bpi_306d197d0cbfc17662b6691f66f69edaa92d2675a2b8938b4fdee9ed6f9e7383","世田谷地域出張所維持運営","一般会計","総務費","区民費","支所費","世田谷総合支所 地域振興課","306884","地域・区民行政","supports","公式予算で区民総務費、支所費または区民施設費に属するため、地域・窓口・区民生活に関する行政機能を支える予算事業として整理した。これはみらい議会の探索用整理であり、区の公式な課題分類ではない。","B_strong_structural","{""matched_rule_id"":""community-services-official-hierarchy"",""budget_item_key"":""2026_general_expenditure_02_03_02"",""identity_fields"":{""display_program_name"":""世田谷地域出張所維持運営"",""hierarchy"":[""総務費"",""区民費"",""支所費""],""department_display_name"":""世田谷総合支所 地域振興課"",""amount_thousand_yen"":306884},""member_programs"":[{""program_id"":""2026_general_expenditure_02_03_02_02_01_01"",""major_program_name"":""出張所維持運営費"",""budget_program_name"":""世田谷地域出張所維持運営"",""detail_program_name"":""世田谷地域出張所維持運営"",""source_file"":""ippansaisyutu.csv"",""source_row_number"":9091}],""same_budget_item_other_program_names"":[""烏山総合支所・出張所改築事務"",""烏山総合支所維持管理"",""烏山総合支所庶務事務"",""烏山地域支所・出張所改修"",""烏山地域出張所維持運営"",""砧総合支所維持管理"",""砧総合支所庶務事務"",""砧地域支所・出張所改修"",""砧地域出張所維持運営"",""玉川総合支所維持管理"",""玉川総合支所庶務事務"",""玉川地域支所・出張所改修"",""玉川地域出張所維持運営"",""計画・相談事業運営（烏山）"",""計画・相談事業運営（砧）"",""計画・相談事業運営（玉川）"",""計画・相談事業運営（世田谷）"",""計画・相談事業運営（北沢）"",""出張所機能充実"",""世田谷総合支所・出張所改築事務"",""世田谷総合支所庶務事務"",""世田谷地域出張所改修"",""総合窓口化の推進"",""地域経営事務調整（烏山）"",""地域経営事務調整（砧）"",""地域経営事務調整（玉川）"",""地域経営事務調整（世田谷）"",""地域経営事務調整（北沢）"",""町会・自治会会館建設等助成事務"",""北沢総合支所維持管理"",""北沢総合支所庶務事務"",""北沢地域支所・出張所改修"",""北沢地域出張所維持運営""],""related_revenues"":[{""revenue_detail_id"":""rd_2026_general_revenue_15_01_01_04_79_2135100000"",""revenue_hierarchy"":[""財産収入"",""財産運用収入"",""財産貸付収入"",""土地貸付"",""世田谷地域まちづくりセンター""],""amount_attribution_status"":""not_available""},{""revenue_detail_id"":""rd_2026_general_revenue_19_06_09_05_22_2135100000"",""revenue_hierarchy"":[""諸収入"",""雑入"",""雑入"",""光熱水費等負担金"",""世田谷地域出張所""],""amount_attribution_status"":""not_available""}]}","high","reject","[publication-policy] 広域な行政機能topicは具体的な課題topicと重複するため公開しない"
"bpi_1d29a86cb4fd806e87734fa8c1ca46f90d9b5b0694a5b54e5b4dccabdf791b9a","砧地域支所・出張所改修","一般会計","総務費","区民費","支所費","砧総合支所 地域振興課","292079","地域・区民行政","supports","公式予算で区民総務費、支所費または区民施設費に属するため、地域・窓口・区民生活に関する行政機能を支える予算事業として整理した。これはみらい議会の探索用整理であり、区の公式な課題分類ではない。","B_strong_structural","{""matched_rule_id"":""community-services-official-hierarchy"",""budget_item_key"":""2026_general_expenditure_02_03_02"",""identity_fields"":{""display_program_name"":""砧地域支所・出張所改修"",""hierarchy"":[""総務費"",""区民費"",""支所費""],""department_display_name"":""砧総合支所 地域振興課"",""amount_thousand_yen"":292079},""member_programs"":[{""program_id"":""2026_general_expenditure_02_03_02_04_03_01"",""major_program_name"":""総合支所・出張所改修費"",""budget_program_name"":""砧地域支所・出張所改修"",""detail_program_name"":""砧地域支所・出張所改修"",""source_file"":""ippansaisyutu.csv"",""source_row_number"":9190}],""same_budget_item_other_program_names"":[""烏山総合支所・出張所改築事務"",""烏山総合支所維持管理"",""烏山総合支所庶務事務"",""烏山地域支所・出張所改修"",""烏山地域出張所維持運営"",""砧総合支所維持管理"",""砧総合支所庶務事務"",""砧地域出張所維持運営"",""玉川総合支所維持管理"",""玉川総合支所庶務事務"",""玉川地域支所・出張所改修"",""玉川地域出張所維持運営"",""計画・相談事業運営（烏山）"",""計画・相談事業運営（砧）"",""計画・相談事業運営（玉川）"",""計画・相談事業運営（世田谷）"",""計画・相談事業運営（北沢）"",""出張所機能充実"",""世田谷総合支所・出張所改築事務"",""世田谷総合支所庶務事務"",""世田谷地域出張所維持運営"",""世田谷地域出張所改修"",""総合窓口化の推進"",""地域経営事務調整（烏山）"",""地域経営事務調整（砧）"",""地域経営事務調整（玉川）"",""地域経営事務調整（世田谷）"",""地域経営事務調整（北沢）"",""町会・自治会会館建設等助成事務"",""北沢総合支所維持管理"",""北沢総合支所庶務事務"",""北沢地域支所・出張所改修"",""北沢地域出張所維持運営""],""related_revenues"":[{""revenue_detail_id"":""rd_2026_general_revenue_19_06_09_66_25_2435100000"",""revenue_hierarchy"":[""諸収入"",""雑入"",""雑入"",""東京都環境公社補助金"",""区市町村公共施設等への再生可能エネルギー導入促進事業""],""amount_attribution_status"":""not_available""}]}","high","reject","[publication-policy] 広域な行政機能topicは具体的な課題topicと重複するため公開しない"
"bpi_c53c3defecbf06fe556b04bf7ac898c4dd9dca0d7a4a09ae3ba1cb2b534455e7","多摩川花火大会","一般会計","総務費","区民費","区民総務費","砧総合支所 地域振興課","274971","地域・区民行政","supports","公式予算で区民総務費、支所費または区民施設費に属するため、地域・窓口・区民生活に関する行政機能を支える予算事業として整理した。これはみらい議会の探索用整理であり、区の公式な課題分類ではない。","B_strong_structural","{""matched_rule_id"":""community-services-official-hierarchy"",""budget_item_key"":""2026_general_expenditure_02_03_01"",""identity_fields"":{""display_program_name"":""多摩川花火大会"",""hierarchy"":[""総務費"",""区民費"",""区民総務費""],""department_display_name"":""砧総合支所 地域振興課"",""amount_thousand_yen"":274971},""member_programs"":[{""program_id"":""2026_general_expenditure_02_03_01_03_09_01"",""major_program_name"":""ふるさとまつり運営協力費"",""budget_program_name"":""多摩川花火大会"",""detail_program_name"":""多摩川花火大会"",""source_file"":""ippansaisyutu.csv"",""source_row_number"":9184}],""same_budget_item_other_program_names"":[""ＤＶ防止・困難な問題を抱える女性支援事業"",""ふるさとまつり協賛（烏山）"",""ふるさとまつり協賛（砧）"",""ふるさとまつり協賛（玉川）"",""ふるさとまつり協賛（世田谷）"",""ふるさとまつり協賛（北沢）"",""まちづくり推進（烏山）"",""まちづくり推進（砧）"",""まちづくり推進（玉川）"",""まちづくり推進（世田谷）"",""まちづくり推進（北沢）"",""安全安心まちづくりの推進"",""区広報板維持管理"",""公共施設利用案内システム維持運営"",""災害時地域助け合い活動支援"",""市民活動の促進"",""自主的コミュニティづくりの支援"",""住居表示維持管理"",""出張所広報"",""人権推進事業"",""生活文化政策部庶務事務"",""青少年対策（烏山）"",""青少年対策（砧）"",""青少年対策（玉川）"",""青少年対策（世田谷）"",""青少年対策（北沢）"",""男女共同参画センター維持運営"",""男女共同参画社会推進事業"",""地域活動推進（烏山）"",""地域活動推進（砧）"",""地域活動推進（玉川）"",""地域活動推進（世田谷）"",""地域活動推進（北沢）"",""地域交流・まつり事業支援"",""地域行政部庶務事務"",""地域包括ケア地区展開調整事務"",""町会自治会等事業助成"",""二十歳のつどい"",""梅まつり"",""犯罪被害者等支援事業"",""犯罪被害者等支援等基金積立金"",""平和資料館維持運営"",""平和都市宣言事業"",""防犯カメラ整備・維持管理助成"",""防犯協会・防火防災協会（砧）"",""防犯協会・防火防災協会（玉川）"",""防犯協会・防火防災協会（世田谷）"",""北沢防犯協会（北沢）"",""臨海部広域斎場組合負担金""],""related_revenues"":[]}","high","reject","[publication-policy] 広域な行政機能topicは具体的な課題topicと重複するため公開しない"
"bpi_e3c6630cd0366dee667af96052f1fd3dac4e9f5a54972e89f579ece6d7ec6979","砧総合支所維持管理","一般会計","総務費","区民費","支所費","砧総合支所 地域振興課","265443","地域・区民行政","supports","公式予算で区民総務費、支所費または区民施設費に属するため、地域・窓口・区民生活に関する行政機能を支える予算事業として整理した。これはみらい議会の探索用整理であり、区の公式な課題分類ではない。","B_strong_structural","{""matched_rule_id"":""community-services-official-hierarchy"",""budget_item_key"":""2026_general_expenditure_02_03_02"",""identity_fields"":{""display_program_name"":""砧総合支所維持管理"",""hierarchy"":[""総務費"",""区民費"",""支所費""],""department_display_name"":""砧総合支所 地域振興課"",""amount_thousand_yen"":265443},""member_programs"":[{""program_id"":""2026_general_expenditure_02_03_02_01_15_01"",""major_program_name"":""総合支所維持運営費"",""budget_program_name"":""砧総合支所維持管理"",""detail_program_name"":""砧総合支所維持管理"",""source_file"":""ippansaisyutu.csv"",""source_row_number"":9187}],""same_budget_item_other_program_names"":[""烏山総合支所・出張所改築事務"",""烏山総合支所維持管理"",""烏山総合支所庶務事務"",""烏山地域支所・出張所改修"",""烏山地域出張所維持運営"",""砧総合支所庶務事務"",""砧地域支所・出張所改修"",""砧地域出張所維持運営"",""玉川総合支所維持管理"",""玉川総合支所庶務事務"",""玉川地域支所・出張所改修"",""玉川地域出張所維持運営"",""計画・相談事業運営（烏山）"",""計画・相談事業運営（砧）"",""計画・相談事業運営（玉川）"",""計画・相談事業運営（世田谷）"",""計画・相談事業運営（北沢）"",""出張所機能充実"",""世田谷総合支所・出張所改築事務"",""世田谷総合支所庶務事務"",""世田谷地域出張所維持運営"",""世田谷地域出張所改修"",""総合窓口化の推進"",""地域経営事務調整（烏山）"",""地域経営事務調整（砧）"",""地域経営事務調整（玉川）"",""地域経営事務調整（世田谷）"",""地域経営事務調整（北沢）"",""町会・自治会会館建設等助成事務"",""北沢総合支所維持管理"",""北沢総合支所庶務事務"",""北沢地域支所・出張所改修"",""北沢地域出張所維持運営""],""related_revenues"":[{""revenue_detail_id"":""rd_2026_general_revenue_12_01_01_05_41_2435100000"",""revenue_hierarchy"":[""使用料及手数料"",""使用料"",""総務使用料"",""総務施設"",""砧総合支所""],""amount_attribution_status"":""not_available""},{""revenue_detail_id"":""rd_2026_general_revenue_12_01_01_15_02_2435100000"",""revenue_hierarchy"":[""使用料及手数料"",""使用料"",""総務使用料"",""区役所駐車場"",""砧総合支所駐車場""],""amount_attribution_status"":""not_available""},{""revenue_detail_id"":""rd_2026_general_revenue_15_01_01_03_36_2435100000"",""revenue_hierarchy"":[""財産収入"",""財産運用収入"",""財産貸付収入"",""建物貸付"",""砧総合支所""],""amount_attribution_status"":""not_available""},{""revenue_detail_id"":""rd_2026_general_revenue_15_02_02_01_18_2435100000"",""revenue_hierarchy"":[""財産収入"",""財産売払収入"",""物品売払収入"",""不用品売払"",""リサイクル資源売払（砧総合支所）""],""amount_attribution_status"":""not_available""},{""revenue_detail_id"":""rd_2026_general_revenue_19_06_09_05_53_2435100000"",""revenue_hierarchy"":[""諸収入"",""雑入"",""雑入"",""光熱水費等負担金"",""砧総合支所""],""amount_attribution_status"":""not_available""},{""revenue_detail_id"":""rd_2026_general_revenue_19_06_09_45_25_2435100000"",""revenue_hierarchy"":[""諸収入"",""雑入"",""雑入"",""広告料収入"",""砧総合支所""],""amount_attribution_status"":""not_available""},{""revenue_detail_id"":""rd_2026_general_revenue_19_06_09_54_81_2435100000"",""revenue_hierarchy"":[""諸収入"",""雑入"",""雑入"",""光熱水費等負担金（２）"",""成城６丁目事務所棟""],""amount_attribution_status"":""not_available""}]}","high","reject","[publication-policy] 広域な行政機能topicは具体的な課題topicと重複するため公開しない"
"bpi_ed4859c69461cbbfe21122c15542b78acedace9bd67448f9e9469dd7c53d3a6e","玉川地域地区会館維持運営","一般会計","総務費","区民費","区民施設費","玉川総合支所 地域振興課","236579","地域・区民行政","supports","公式予算で区民総務費、支所費または区民施設費に属するため、地域・窓口・区民生活に関する行政機能を支える予算事業として整理した。これはみらい議会の探索用整理であり、区の公式な課題分類ではない。","B_strong_structural","{""matched_rule_id"":""community-services-official-hierarchy"",""budget_item_key"":""2026_general_expenditure_02_03_06"",""identity_fields"":{""display_program_name"":""玉川地域地区会館維持運営"",""hierarchy"":[""総務費"",""区民費"",""区民施設費""],""department_display_name"":""玉川総合支所 地域振興課"",""amount_thousand_yen"":236579},""member_programs"":[{""program_id"":""2026_general_expenditure_02_03_06_01_20_01"",""major_program_name"":""区民施設維持運営費"",""budget_program_name"":""玉川地域地区会館維持運営"",""detail_program_name"":""玉川地域地区会館維持運営"",""source_file"":""ippansaisyutu.csv"",""source_row_number"":9166}],""same_budget_item_other_program_names"":[""烏山区民会館・区民センター維持運営"",""烏山地域区民センター業務委託"",""烏山地域区民施設改修"",""烏山地域区民集会所維持運営"",""烏山地域生涯学習事務"",""烏山地域地区会館維持運営"",""鎌田区民センター維持運営"",""砧区民会館維持運営"",""砧地域区民センター事業委託"",""砧地域区民施設改修"",""砧地域区民集会所維持運営"",""砧地域生涯学習事務"",""砧地域地区会館維持運営"",""宮坂区民センター維持運営"",""玉川区民会館維持運営"",""玉川地域区民センター維持運営"",""玉川地域区民センター事業委託"",""玉川地域区民施設改修"",""玉川地域生涯学習事務"",""区民斎場維持運営"",""弦巻区民センター維持運営"",""桜丘区民センター維持運営"",""上北沢区民センター維持運営"",""世田谷区民会館維持運営"",""世田谷区民会館別館等維持運営"",""世田谷地域区民センター事業委託"",""世田谷地域区民施設改修"",""世田谷地域区民集会所維持運営"",""世田谷地域生涯学習事務"",""世田谷地域地区会館維持運営"",""太子堂区民センター維持運営"",""代田区民センター維持運営"",""粕谷区民センター維持運営"",""北沢区民会館維持運営"",""北沢地域区民センター事業委託"",""北沢地域区民施設改修"",""北沢地域区民集会所維持運営"",""北沢地域生涯学習事務"",""北沢地域地区会館維持運営"",""本庁舎等区民利用施設維持運営""],""related_revenues"":[{""revenue_detail_id"":""rd_2026_general_revenue_12_01_01_11_03_2335100000"",""revenue_hierarchy"":[""使用料及手数料"",""使用料"",""総務使用料"",""地区会館"",""玉川地域地区会館""],""amount_attribution_status"":""not_available""},{""revenue_detail_id"":""rd_2026_general_revenue_12_01_01_12_03_2335100000"",""revenue_hierarchy"":[""使用料及手数料"",""使用料"",""総務使用料"",""区民集会所"",""玉川地域区民集会所""],""amount_attribution_status"":""not_available""},{""revenue_detail_id"":""rd_2026_general_revenue_19_06_09_05_24_2335100000"",""revenue_hierarchy"":[""諸収入"",""雑入"",""雑入"",""光熱水費等負担金"",""尾山台地区会館防災倉庫""],""amount_attribution_status"":""not_available""},{""revenue_detail_id"":""rd_2026_general_revenue_19_06_09_05_32_2335100000"",""revenue_hierarchy"":[""諸収入"",""雑入"",""雑入"",""光熱水費等負担金"",""東玉川地区会館""],""amount_attribution_status"":""not_available""},{""revenue_detail_id"":""rd_2026_general_revenue_19_06_09_05_47_2335100000"",""revenue_hierarchy"":[""諸収入"",""雑入"",""雑入"",""光熱水費等負担金"",""用賀地区会館""],""amount_attribution_status"":""not_available""},{""revenue_detail_id"":""rd_2026_general_revenue_19_06_09_05_49_2335100000"",""revenue_hierarchy"":[""諸収入"",""雑入"",""雑入"",""光熱水費等負担金"",""桜新町区民集会所""],""amount_attribution_status"":""not_available""},{""revenue_detail_id"":""rd_2026_general_revenue_19_06_09_05_87_2335100000"",""revenue_hierarchy"":[""諸収入"",""雑入"",""雑入"",""光熱水費等負担金"",""東深沢地域集会所""],""amount_attribution_status"":""not_available""}]}","high","reject","[publication-policy] 広域な行政機能topicは具体的な課題topicと重複するため公開しない"
"bpi_179d1a18346c96ab9f2f72b0549019d1fd5128eda755225363ccd1da3733add2","世田谷区民会館別館等維持運営","一般会計","総務費","区民費","区民施設費","世田谷総合支所 地域振興課","207777","地域・区民行政","supports","公式予算で区民総務費、支所費または区民施設費に属するため、地域・窓口・区民生活に関する行政機能を支える予算事業として整理した。これはみらい議会の探索用整理であり、区の公式な課題分類ではない。","B_strong_structural","{""matched_rule_id"":""community-services-official-hierarchy"",""budget_item_key"":""2026_general_expenditure_02_03_06"",""identity_fields"":{""display_program_name"":""世田谷区民会館別館等維持運営"",""hierarchy"":[""総務費"",""区民費"",""区民施設費""],""department_display_name"":""世田谷総合支所 地域振興課"",""amount_thousand_yen"":207777},""member_programs"":[{""program_id"":""2026_general_expenditure_02_03_06_01_37_01"",""major_program_name"":""区民施設維持運営費"",""budget_program_name"":""世田谷区民会館別館等維持運営"",""detail_program_name"":""世田谷区民会館別館等維持運営"",""source_file"":""ippansaisyutu.csv"",""source_row_number"":9102}],""same_budget_item_other_program_names"":[""烏山区民会館・区民センター維持運営"",""烏山地域区民センター業務委託"",""烏山地域区民施設改修"",""烏山地域区民集会所維持運営"",""烏山地域生涯学習事務"",""烏山地域地区会館維持運営"",""鎌田区民センター維持運営"",""砧区民会館維持運営"",""砧地域区民センター事業委託"",""砧地域区民施設改修"",""砧地域区民集会所維持運営"",""砧地域生涯学習事務"",""砧地域地区会館維持運営"",""宮坂区民センター維持運営"",""玉川区民会館維持運営"",""玉川地域区民センター維持運営"",""玉川地域区民センター事業委託"",""玉川地域区民施設改修"",""玉川地域生涯学習事務"",""玉川地域地区会館維持運営"",""区民斎場維持運営"",""弦巻区民センター維持運営"",""桜丘区民センター維持運営"",""上北沢区民センター維持運営"",""世田谷区民会館維持運営"",""世田谷地域区民センター事業委託"",""世田谷地域区民施設改修"",""世田谷地域区民集会所維持運営"",""世田谷地域生涯学習事務"",""世田谷地域地区会館維持運営"",""太子堂区民センター維持運営"",""代田区民センター維持運営"",""粕谷区民センター維持運営"",""北沢区民会館維持運営"",""北沢地域区民センター事業委託"",""北沢地域区民施設改修"",""北沢地域区民集会所維持運営"",""北沢地域生涯学習事務"",""北沢地域地区会館維持運営"",""本庁舎等区民利用施設維持運営""],""related_revenues"":[{""revenue_detail_id"":""rd_2026_general_revenue_12_01_01_05_55_2135100000"",""revenue_hierarchy"":[""使用料及手数料"",""使用料"",""総務使用料"",""総務施設"",""スカイキャロット展望ロビー""],""amount_attribution_status"":""not_available""},{""revenue_detail_id"":""rd_2026_general_revenue_13_02_08_21_09_2135100000"",""revenue_hierarchy"":[""国庫支出金"",""国庫補助金"",""総務費補助金"",""個人番号カード交付事務費補助金"",""個人番号カード交付事務費補助金""],""amount_attribution_status"":""not_available""}]}","high","reject","[publication-policy] 広域な行政機能topicは具体的な課題topicと重複するため公開しない"
"bpi_03acf7882be09550fa989b1e65f35ed250077e82331a1371bcd8adfde8c75612","烏山総合支所維持管理","一般会計","総務費","区民費","支所費","烏山総合支所 地域振興課","204433","地域・区民行政","supports","公式予算で区民総務費、支所費または区民施設費に属するため、地域・窓口・区民生活に関する行政機能を支える予算事業として整理した。これはみらい議会の探索用整理であり、区の公式な課題分類ではない。","B_strong_structural","{""matched_rule_id"":""community-services-official-hierarchy"",""budget_item_key"":""2026_general_expenditure_02_03_02"",""identity_fields"":{""display_program_name"":""烏山総合支所維持管理"",""hierarchy"":[""総務費"",""区民費"",""支所費""],""department_display_name"":""烏山総合支所 地域振興課"",""amount_thousand_yen"":204433},""member_programs"":[{""program_id"":""2026_general_expenditure_02_03_02_01_16_01"",""major_program_name"":""総合支所維持運営費"",""budget_program_name"":""烏山総合支所維持管理"",""detail_program_name"":""烏山総合支所維持管理"",""source_file"":""ippansaisyutu.csv"",""source_row_number"":9215}],""same_budget_item_other_program_names"":[""烏山総合支所・出張所改築事務"",""烏山総合支所庶務事務"",""烏山地域支所・出張所改修"",""烏山地域出張所維持運営"",""砧総合支所維持管理"",""砧総合支所庶務事務"",""砧地域支所・出張所改修"",""砧地域出張所維持運営"",""玉川総合支所維持管理"",""玉川総合支所庶務事務"",""玉川地域支所・出張所改修"",""玉川地域出張所維持運営"",""計画・相談事業運営（烏山）"",""計画・相談事業運営（砧）"",""計画・相談事業運営（玉川）"",""計画・相談事業運営（世田谷）"",""計画・相談事業運営（北沢）"",""出張所機能充実"",""世田谷総合支所・出張所改築事務"",""世田谷総合支所庶務事務"",""世田谷地域出張所維持運営"",""世田谷地域出張所改修"",""総合窓口化の推進"",""地域経営事務調整（烏山）"",""地域経営事務調整（砧）"",""地域経営事務調整（玉川）"",""地域経営事務調整（世田谷）"",""地域経営事務調整（北沢）"",""町会・自治会会館建設等助成事務"",""北沢総合支所維持管理"",""北沢総合支所庶務事務"",""北沢地域支所・出張所改修"",""北沢地域出張所維持運営""],""related_revenues"":[{""revenue_detail_id"":""rd_2026_general_revenue_12_01_01_05_52_2535100000"",""revenue_hierarchy"":[""使用料及手数料"",""使用料"",""総務使用料"",""総務施設"",""烏山総合支所""],""amount_attribution_status"":""not_available""},{""revenue_detail_id"":""rd_2026_general_revenue_15_01_01_03_37_2535100000"",""revenue_hierarchy"":[""財産収入"",""財産運用収入"",""財産貸付収入"",""建物貸付"",""烏山総合支所""],""amount_attribution_status"":""not_available""},{""revenue_detail_id"":""rd_2026_general_revenue_15_02_02_01_19_2535100000"",""revenue_hierarchy"":[""財産収入"",""財産売払収入"",""物品売払収入"",""不用品売払"",""リサイクル資源売払（烏山総合支所）""],""amount_attribution_status"":""not_available""},{""revenue_detail_id"":""rd_2026_general_revenue_19_06_09_05_52_2535100000"",""revenue_hierarchy"":[""諸収入"",""雑入"",""雑入"",""光熱水費等負担金"",""烏山総合支所""],""amount_attribution_status"":""not_available""}]}","high","reject","[publication-policy] 広域な行政機能topicは具体的な課題topicと重複するため公開しない"
"bpi_d1c5eb3a63b5ac54b861a5279fe4818996e1e523eb4cde8a670e879ed8bc1646","桜丘区民センター維持運営","一般会計","総務費","区民費","区民施設費","世田谷総合支所 地域振興課","175931","地域・区民行政","supports","公式予算で区民総務費、支所費または区民施設費に属するため、地域・窓口・区民生活に関する行政機能を支える予算事業として整理した。これはみらい議会の探索用整理であり、区の公式な課題分類ではない。","B_strong_structural","{""matched_rule_id"":""community-services-official-hierarchy"",""budget_item_key"":""2026_general_expenditure_02_03_06"",""identity_fields"":{""display_program_name"":""桜丘区民センター維持運営"",""hierarchy"":[""総務費"",""区民費"",""区民施設費""],""department_display_name"":""世田谷総合支所 地域振興課"",""amount_thousand_yen"":175931},""member_programs"":[{""program_id"":""2026_general_expenditure_02_03_06_01_06_01"",""major_program_name"":""区民施設維持運営費"",""budget_program_name"":""桜丘区民センター維持運営"",""detail_program_name"":""桜丘区民センター維持運営"",""source_file"":""ippansaisyutu.csv"",""source_row_number"":9098}],""same_budget_item_other_program_names"":[""烏山区民会館・区民センター維持運営"",""烏山地域区民センター業務委託"",""烏山地域区民施設改修"",""烏山地域区民集会所維持運営"",""烏山地域生涯学習事務"",""烏山地域地区会館維持運営"",""鎌田区民センター維持運営"",""砧区民会館維持運営"",""砧地域区民センター事業委託"",""砧地域区民施設改修"",""砧地域区民集会所維持運営"",""砧地域生涯学習事務"",""砧地域地区会館維持運営"",""宮坂区民センター維持運営"",""玉川区民会館維持運営"",""玉川地域区民センター維持運営"",""玉川地域区民センター事業委託"",""玉川地域区民施設改修"",""玉川地域生涯学習事務"",""玉川地域地区会館維持運営"",""区民斎場維持運営"",""弦巻区民センター維持運営"",""上北沢区民センター維持運営"",""世田谷区民会館維持運営"",""世田谷区民会館別館等維持運営"",""世田谷地域区民センター事業委託"",""世田谷地域区民施設改修"",""世田谷地域区民集会所維持運営"",""世田谷地域生涯学習事務"",""世田谷地域地区会館維持運営"",""太子堂区民センター維持運営"",""代田区民センター維持運営"",""粕谷区民センター維持運営"",""北沢区民会館維持運営"",""北沢地域区民センター事業委託"",""北沢地域区民施設改修"",""北沢地域区民集会所維持運営"",""北沢地域生涯学習事務"",""北沢地域地区会館維持運営"",""本庁舎等区民利用施設維持運営""],""related_revenues"":[{""revenue_detail_id"":""rd_2026_general_revenue_12_01_01_02_12_2135100000"",""revenue_hierarchy"":[""使用料及手数料"",""使用料"",""総務使用料"",""区民センター"",""桜丘区民センター""],""amount_attribution_status"":""not_available""},{""revenue_detail_id"":""rd_2026_general_revenue_12_01_01_05_14_2135100000"",""revenue_hierarchy"":[""使用料及手数料"",""使用料"",""総務使用料"",""総務施設"",""桜丘区民センター""],""amount_attribution_status"":""not_available""},{""revenue_detail_id"":""rd_2026_general_revenue_15_01_01_03_31_2135100000"",""revenue_hierarchy"":[""財産収入"",""財産運用収入"",""財産貸付収入"",""建物貸付"",""桜丘区民センター""],""amount_attribution_status"":""not_available""},{""revenue_detail_id"":""rd_2026_general_revenue_19_06_09_05_20_2135100000"",""revenue_hierarchy"":[""諸収入"",""雑入"",""雑入"",""光熱水費等負担金"",""桜丘区民センター""],""amount_attribution_status"":""not_available""}]}","high","reject","[publication-policy] 広域な行政機能topicは具体的な課題topicと重複するため公開しない"
"bpi_fe3a39722e0e3cab08c1a4409be06e903b0734d21b08fc51170971071e24a644","住民記録事務","一般会計","総務費","戸籍住民基本台帳費","住民記録費","地域行政部 住民記録・戸籍課","171642","地域・区民行政","supports","公式予算で戸籍住民基本台帳費に属するため、窓口・区民生活に関する行政機能を支える予算事業として整理した。","B_strong_structural","{""matched_rule_id"":""resident-registry-official-hierarchy"",""budget_item_key"":""2026_general_expenditure_02_04_02"",""identity_fields"":{""display_program_name"":""住民記録事務"",""hierarchy"":[""総務費"",""戸籍住民基本台帳費"",""住民記録費""],""department_display_name"":""地域行政部 住民記録・戸籍課"",""amount_thousand_yen"":171642},""member_programs"":[{""program_id"":""2026_general_expenditure_02_04_02_01_01_01"",""major_program_name"":""住民記録事務運営費"",""budget_program_name"":""住民記録事務"",""detail_program_name"":""住民記録事務"",""source_file"":""ippansaisyutu.csv"",""source_row_number"":9420}],""same_budget_item_other_program_names"":[""社会保障・税番号制度事務"",""住民票集中管理事務運営""],""related_revenues"":[{""revenue_detail_id"":""rd_2026_general_revenue_12_02_01_01_02_3415220000"",""revenue_hierarchy"":[""使用料及手数料"",""手数料"",""総務手数料"",""証明閲覧"",""住民基本台帳証明・閲覧""],""amount_attribution_status"":""not_available""},{""revenue_detail_id"":""rd_2026_general_revenue_12_02_01_01_03_3415220000"",""revenue_hierarchy"":[""使用料及手数料"",""手数料"",""総務手数料"",""証明閲覧"",""印鑑登録証明""],""amount_attribution_status"":""not_available""},{""revenue_detail_id"":""rd_2026_general_revenue_12_02_01_01_04_3415220000"",""revenue_hierarchy"":[""使用料及手数料"",""手数料"",""総務手数料"",""証明閲覧"",""印鑑登録証""],""amount_attribution_status"":""not_available""},{""revenue_detail_id"":""rd_2026_general_revenue_13_03_04_08_01_3415220000"",""revenue_hierarchy"":[""国庫支出金"",""国庫委託金"",""総務費委託金"",""中長期在留者住居地届出等事務委託費"",""中長期在留者住居地届出等事務委託費""],""amount_attribution_status"":""not_available""},{""revenue_detail_id"":""rd_2026_general_revenue_14_03_01_04_01_3415220000"",""revenue_hierarchy"":[""都支出金"",""都委託金"",""総務費委託金"",""住民記録費"",""住民記録""],""amount_attribution_status"":""not_available""},{""revenue_detail_id"":""rd_2026_general_revenue_19_06_09_90_01_3415220000"",""revenue_hierarchy"":[""諸収入"",""雑入"",""雑入"",""地方公共団体情報システム機構手数料"",""庁内設置分手数料""],""amount_attribution_status"":""not_available""}]}","high","reject","[publication-policy] 広域な行政機能topicは具体的な課題topicと重複するため公開しない"
"bpi_d86e47dcf75b685675bbbbb468ddc48ff62603dc0d9d6e5fddaf26f032d49146","北沢地域出張所維持運営","一般会計","総務費","区民費","支所費","北沢総合支所 地域振興課","168131","地域・区民行政","supports","公式予算で区民総務費、支所費または区民施設費に属するため、地域・窓口・区民生活に関する行政機能を支える予算事業として整理した。これはみらい議会の探索用整理であり、区の公式な課題分類ではない。","B_strong_structural","{""matched_rule_id"":""community-services-official-hierarchy"",""budget_item_key"":""2026_general_expenditure_02_03_02"",""identity_fields"":{""display_program_name"":""北沢地域出張所維持運営"",""hierarchy"":[""総務費"",""区民費"",""支所費""],""department_display_name"":""北沢総合支所 地域振興課"",""amount_thousand_yen"":168131},""member_programs"":[{""program_id"":""2026_general_expenditure_02_03_02_02_02_01"",""major_program_name"":""出張所維持運営費"",""budget_program_name"":""北沢地域出張所維持運営"",""detail_program_name"":""北沢地域出張所維持運営"",""source_file"":""ippansaisyutu.csv"",""source_row_number"":9128}],""same_budget_item_other_program_names"":[""烏山総合支所・出張所改築事務"",""烏山総合支所維持管理"",""烏山総合支所庶務事務"",""烏山地域支所・出張所改修"",""烏山地域出張所維持運営"",""砧総合支所維持管理"",""砧総合支所庶務事務"",""砧地域支所・出張所改修"",""砧地域出張所維持運営"",""玉川総合支所維持管理"",""玉川総合支所庶務事務"",""玉川地域支所・出張所改修"",""玉川地域出張所維持運営"",""計画・相談事業運営（烏山）"",""計画・相談事業運営（砧）"",""計画・相談事業運営（玉川）"",""計画・相談事業運営（世田谷）"",""計画・相談事業運営（北沢）"",""出張所機能充実"",""世田谷総合支所・出張所改築事務"",""世田谷総合支所庶務事務"",""世田谷地域出張所維持運営"",""世田谷地域出張所改修"",""総合窓口化の推進"",""地域経営事務調整（烏山）"",""地域経営事務調整（砧）"",""地域経営事務調整（玉川）"",""地域経営事務調整（世田谷）"",""地域経営事務調整（北沢）"",""町会・自治会会館建設等助成事務"",""北沢総合支所維持管理"",""北沢総合支所庶務事務"",""北沢地域支所・出張所改修""],""related_revenues"":[{""revenue_detail_id"":""rd_2026_general_revenue_12_01_01_05_13_2235100000"",""revenue_hierarchy"":[""使用料及手数料"",""使用料"",""総務使用料"",""総務施設"",""北沢地域出張所""],""amount_attribution_status"":""not_available""},{""revenue_detail_id"":""rd_2026_general_revenue_15_01_01_04_56_2235100000"",""revenue_hierarchy"":[""財産収入"",""財産運用収入"",""財産貸付収入"",""土地貸付"",""北沢地域まちづくりセンター""],""amount_attribution_status"":""not_available""},{""revenue_detail_id"":""rd_2026_general_revenue_19_06_09_05_61_2235100000"",""revenue_hierarchy"":[""諸収入"",""雑入"",""雑入"",""光熱水費等負担金"",""北沢地域出張所""],""amount_attribution_status"":""not_available""}]}","high","reject","[publication-policy] 広域な行政機能topicは具体的な課題topicと重複するため公開しない"
"bpi_0e862aca8b338cf70404ee3f6679da4561576691915c9e878b0a1db98df98931","砧地域出張所維持運営","一般会計","総務費","区民費","支所費","砧総合支所 地域振興課","165474","地域・区民行政","supports","公式予算で区民総務費、支所費または区民施設費に属するため、地域・窓口・区民生活に関する行政機能を支える予算事業として整理した。これはみらい議会の探索用整理であり、区の公式な課題分類ではない。","B_strong_structural","{""matched_rule_id"":""community-services-official-hierarchy"",""budget_item_key"":""2026_general_expenditure_02_03_02"",""identity_fields"":{""display_program_name"":""砧地域出張所維持運営"",""hierarchy"":[""総務費"",""区民費"",""支所費""],""department_display_name"":""砧総合支所 地域振興課"",""amount_thousand_yen"":165474},""member_programs"":[{""program_id"":""2026_general_expenditure_02_03_02_02_04_01"",""major_program_name"":""出張所維持運営費"",""budget_program_name"":""砧地域出張所維持運営"",""detail_program_name"":""砧地域出張所維持運営"",""source_file"":""ippansaisyutu.csv"",""source_row_number"":9189}],""same_budget_item_other_program_names"":[""烏山総合支所・出張所改築事務"",""烏山総合支所維持管理"",""烏山総合支所庶務事務"",""烏山地域支所・出張所改修"",""烏山地域出張所維持運営"",""砧総合支所維持管理"",""砧総合支所庶務事務"",""砧地域支所・出張所改修"",""玉川総合支所維持管理"",""玉川総合支所庶務事務"",""玉川地域支所・出張所改修"",""玉川地域出張所維持運営"",""計画・相談事業運営（烏山）"",""計画・相談事業運営（砧）"",""計画・相談事業運営（玉川）"",""計画・相談事業運営（世田谷）"",""計画・相談事業運営（北沢）"",""出張所機能充実"",""世田谷総合支所・出張所改築事務"",""世田谷総合支所庶務事務"",""世田谷地域出張所維持運営"",""世田谷地域出張所改修"",""総合窓口化の推進"",""地域経営事務調整（烏山）"",""地域経営事務調整（砧）"",""地域経営事務調整（玉川）"",""地域経営事務調整（世田谷）"",""地域経営事務調整（北沢）"",""町会・自治会会館建設等助成事務"",""北沢総合支所維持管理"",""北沢総合支所庶務事務"",""北沢地域支所・出張所改修"",""北沢地域出張所維持運営""],""related_revenues"":[{""revenue_detail_id"":""rd_2026_general_revenue_12_01_01_05_05_2435100000"",""revenue_hierarchy"":[""使用料及手数料"",""使用料"",""総務使用料"",""総務施設"",""砧地域出張所""],""amount_attribution_status"":""not_available""},{""revenue_detail_id"":""rd_2026_general_revenue_15_01_01_04_84_2435100000"",""revenue_hierarchy"":[""財産収入"",""財産運用収入"",""財産貸付収入"",""土地貸付"",""砧地域まちづくりセンター""],""amount_attribution_status"":""not_available""},{""revenue_detail_id"":""rd_2026_general_revenue_19_06_09_05_36_2435100000"",""revenue_hierarchy"":[""諸収入"",""雑入"",""雑入"",""光熱水費等負担金"",""砧地域出張所""],""amount_attribution_status"":""not_available""}]}","high","reject","[publication-policy] 広域な行政機能topicは具体的な課題topicと重複するため公開しない"
"bpi_a92861b2e0efb12280e8f627bb5e987f1ffd43f58d6fb4047e7049d41b3383ab","玉川地域出張所維持運営","一般会計","総務費","区民費","支所費","玉川総合支所 地域振興課","163024","地域・区民行政","supports","公式予算で区民総務費、支所費または区民施設費に属するため、地域・窓口・区民生活に関する行政機能を支える予算事業として整理した。これはみらい議会の探索用整理であり、区の公式な課題分類ではない。","B_strong_structural","{""matched_rule_id"":""community-services-official-hierarchy"",""budget_item_key"":""2026_general_expenditure_02_03_02"",""identity_fields"":{""display_program_name"":""玉川地域出張所維持運営"",""hierarchy"":[""総務費"",""区民費"",""支所費""],""department_display_name"":""玉川総合支所 地域振興課"",""amount_thousand_yen"":163024},""member_programs"":[{""program_id"":""2026_general_expenditure_02_03_02_02_03_01"",""major_program_name"":""出張所維持運営費"",""budget_program_name"":""玉川地域出張所維持運営"",""detail_program_name"":""玉川地域出張所維持運営"",""source_file"":""ippansaisyutu.csv"",""source_row_number"":9160}],""same_budget_item_other_program_names"":[""烏山総合支所・出張所改築事務"",""烏山総合支所維持管理"",""烏山総合支所庶務事務"",""烏山地域支所・出張所改修"",""烏山地域出張所維持運営"",""砧総合支所維持管理"",""砧総合支所庶務事務"",""砧地域支所・出張所改修"",""砧地域出張所維持運営"",""玉川総合支所維持管理"",""玉川総合支所庶務事務"",""玉川地域支所・出張所改修"",""計画・相談事業運営（烏山）"",""計画・相談事業運営（砧）"",""計画・相談事業運営（玉川）"",""計画・相談事業運営（世田谷）"",""計画・相談事業運営（北沢）"",""出張所機能充実"",""世田谷総合支所・出張所改築事務"",""世田谷総合支所庶務事務"",""世田谷地域出張所維持運営"",""世田谷地域出張所改修"",""総合窓口化の推進"",""地域経営事務調整（烏山）"",""地域経営事務調整（砧）"",""地域経営事務調整（玉川）"",""地域経営事務調整（世田谷）"",""地域経営事務調整（北沢）"",""町会・自治会会館建設等助成事務"",""北沢総合支所維持管理"",""北沢総合支所庶務事務"",""北沢地域支所・出張所改修"",""北沢地域出張所維持運営""],""related_revenues"":[{""revenue_detail_id"":""rd_2026_general_revenue_12_01_01_05_04_2335100000"",""revenue_hierarchy"":[""使用料及手数料"",""使用料"",""総務使用料"",""総務施設"",""玉川地域出張所""],""amount_attribution_status"":""not_available""},{""revenue_detail_id"":""rd_2026_general_revenue_15_01_01_04_58_2335100000"",""revenue_hierarchy"":[""財産収入"",""財産運用収入"",""財産貸付収入"",""土地貸付"",""玉川地域出張所""],""amount_attribution_status"":""not_available""},{""revenue_detail_id"":""rd_2026_general_revenue_19_06_09_54_18_2335100000"",""revenue_hierarchy"":[""諸収入"",""雑入"",""雑入"",""光熱水費等負担金（２）"",""玉川地域出張所""],""amount_attribution_status"":""not_available""}]}","high","reject","[publication-policy] 広域な行政機能topicは具体的な課題topicと重複するため公開しない"
"bpi_93c665fa3237a7a13442dca295bf618b69cd886adf38aedada9ba740120764d3","本庁舎等区民利用施設維持運営","一般会計","総務費","区民費","区民施設費","生活文化政策部 市民活動推進課","157636","地域・区民行政","supports","公式予算で区民総務費、支所費または区民施設費に属するため、地域・窓口・区民生活に関する行政機能を支える予算事業として整理した。これはみらい議会の探索用整理であり、区の公式な課題分類ではない。","B_strong_structural","{""matched_rule_id"":""community-services-official-hierarchy"",""budget_item_key"":""2026_general_expenditure_02_03_06"",""identity_fields"":{""display_program_name"":""本庁舎等区民利用施設維持運営"",""hierarchy"":[""総務費"",""区民費"",""区民施設費""],""department_display_name"":""生活文化政策部 市民活動推進課"",""amount_thousand_yen"":157636},""member_programs"":[{""program_id"":""2026_general_expenditure_02_03_06_01_36_01"",""major_program_name"":""区民施設維持運営費"",""budget_program_name"":""本庁舎等区民利用施設維持運営"",""detail_program_name"":""本庁舎等区民利用施設維持運営"",""source_file"":""ippansaisyutu.csv"",""source_row_number"":9362}],""same_budget_item_other_program_names"":[""烏山区民会館・区民センター維持運営"",""烏山地域区民センター業務委託"",""烏山地域区民施設改修"",""烏山地域区民集会所維持運営"",""烏山地域生涯学習事務"",""烏山地域地区会館維持運営"",""鎌田区民センター維持運営"",""砧区民会館維持運営"",""砧地域区民センター事業委託"",""砧地域区民施設改修"",""砧地域区民集会所維持運営"",""砧地域生涯学習事務"",""砧地域地区会館維持運営"",""宮坂区民センター維持運営"",""玉川区民会館維持運営"",""玉川地域区民センター維持運営"",""玉川地域区民センター事業委託"",""玉川地域区民施設改修"",""玉川地域生涯学習事務"",""玉川地域地区会館維持運営"",""区民斎場維持運営"",""弦巻区民センター維持運営"",""桜丘区民センター維持運営"",""上北沢区民センター維持運営"",""世田谷区民会館維持運営"",""世田谷区民会館別館等維持運営"",""世田谷地域区民センター事業委託"",""世田谷地域区民施設改修"",""世田谷地域区民集会所維持運営"",""世田谷地域生涯学習事務"",""世田谷地域地区会館維持運営"",""太子堂区民センター維持運営"",""代田区民センター維持運営"",""粕谷区民センター維持運営"",""北沢区民会館維持運営"",""北沢地域区民センター事業委託"",""北沢地域区民施設改修"",""北沢地域区民集会所維持運営"",""北沢地域生涯学習事務"",""北沢地域地区会館維持運営""],""related_revenues"":[]}","high","reject","[publication-policy] 広域な行政機能topicは具体的な課題topicと重複するため公開しない"
"bpi_c1fb802f099e017bd0fc390d349b9122d5abdb0da575f5d8acebca8486f136a8","防犯カメラ整備・維持管理助成","一般会計","総務費","区民費","区民総務費","危機管理部 地域生活安全課","156526","地域・区民行政","supports","公式予算で区民総務費、支所費または区民施設費に属するため、地域・窓口・区民生活に関する行政機能を支える予算事業として整理した。これはみらい議会の探索用整理であり、区の公式な課題分類ではない。","B_strong_structural","{""matched_rule_id"":""community-services-official-hierarchy"",""budget_item_key"":""2026_general_expenditure_02_03_01"",""identity_fields"":{""display_program_name"":""防犯カメラ整備・維持管理助成"",""hierarchy"":[""総務費"",""区民費"",""区民総務費""],""department_display_name"":""危機管理部 地域生活安全課"",""amount_thousand_yen"":156526},""member_programs"":[{""program_id"":""2026_general_expenditure_02_03_01_02_26_01"",""major_program_name"":""まちづくり推進事業費"",""budget_program_name"":""防犯カメラ整備・維持管理助成"",""detail_program_name"":""防犯カメラ整備・維持管理助成"",""source_file"":""ippansaisyutu.csv"",""source_row_number"":9341}],""same_budget_item_other_program_names"":[""ＤＶ防止・困難な問題を抱える女性支援事業"",""ふるさとまつり協賛（烏山）"",""ふるさとまつり協賛（砧）"",""ふるさとまつり協賛（玉川）"",""ふるさとまつり協賛（世田谷）"",""ふるさとまつり協賛（北沢）"",""まちづくり推進（烏山）"",""まちづくり推進（砧）"",""まちづくり推進（玉川）"",""まちづくり推進（世田谷）"",""まちづくり推進（北沢）"",""安全安心まちづくりの推進"",""区広報板維持管理"",""公共施設利用案内システム維持運営"",""災害時地域助け合い活動支援"",""市民活動の促進"",""自主的コミュニティづくりの支援"",""住居表示維持管理"",""出張所広報"",""人権推進事業"",""生活文化政策部庶務事務"",""青少年対策（烏山）"",""青少年対策（砧）"",""青少年対策（玉川）"",""青少年対策（世田谷）"",""青少年対策（北沢）"",""多摩川花火大会"",""男女共同参画センター維持運営"",""男女共同参画社会推進事業"",""地域活動推進（烏山）"",""地域活動推進（砧）"",""地域活動推進（玉川）"",""地域活動推進（世田谷）"",""地域活動推進（北沢）"",""地域交流・まつり事業支援"",""地域行政部庶務事務"",""地域包括ケア地区展開調整事務"",""町会自治会等事業助成"",""二十歳のつどい"",""梅まつり"",""犯罪被害者等支援事業"",""犯罪被害者等支援等基金積立金"",""平和資料館維持運営"",""平和都市宣言事業"",""防犯協会・防火防災協会（砧）"",""防犯協会・防火防災協会（玉川）"",""防犯協会・防火防災協会（世田谷）"",""北沢防犯協会（北沢）"",""臨海部広域斎場組合負担金""],""related_revenues"":[{""revenue_detail_id"":""rd_2026_general_revenue_14_02_01_14_03_3305700000"",""revenue_hierarchy"":[""都支出金"",""都補助金"",""総務費補助金"",""防犯設備整備費"",""防犯設備整備費""],""amount_attribution_status"":""not_available""},{""revenue_detail_id"":""rd_2026_general_revenue_14_02_01_38_01_3305700000"",""revenue_hierarchy"":[""都支出金"",""都補助金"",""総務費補助金"",""防犯設備維持管理経費"",""防犯設備維持管理経費""],""amount_attribution_status"":""not_available""},{""revenue_detail_id"":""rd_2026_general_revenue_14_02_01_44_01_3305700000"",""revenue_hierarchy"":[""都支出金"",""都補助金"",""総務費補助金"",""防犯設備運用経費"",""防犯設備運用経費""],""amount_attribution_status"":""not_available""}]}","high","reject","[publication-policy] 広域な行政機能topicは具体的な課題topicと重複するため公開しない"
"bpi_d0b78f80918456bacd47a72d32906b27f20a686d844f4abf1a818d14f6f7b22b","代田区民センター維持運営","一般会計","総務費","区民費","区民施設費","北沢総合支所 地域振興課","147265","地域・区民行政","supports","公式予算で区民総務費、支所費または区民施設費に属するため、地域・窓口・区民生活に関する行政機能を支える予算事業として整理した。これはみらい議会の探索用整理であり、区の公式な課題分類ではない。","B_strong_structural","{""matched_rule_id"":""community-services-official-hierarchy"",""budget_item_key"":""2026_general_expenditure_02_03_06"",""identity_fields"":{""display_program_name"":""代田区民センター維持運営"",""hierarchy"":[""総務費"",""区民費"",""区民施設費""],""department_display_name"":""北沢総合支所 地域振興課"",""amount_thousand_yen"":147265},""member_programs"":[{""program_id"":""2026_general_expenditure_02_03_06_01_13_01"",""major_program_name"":""区民施設維持運営費"",""budget_program_name"":""代田区民センター維持運営"",""detail_program_name"":""代田区民センター維持運営"",""source_file"":""ippansaisyutu.csv"",""source_row_number"":9133}],""same_budget_item_other_program_names"":[""烏山区民会館・区民センター維持運営"",""烏山地域区民センター業務委託"",""烏山地域区民施設改修"",""烏山地域区民集会所維持運営"",""烏山地域生涯学習事務"",""烏山地域地区会館維持運営"",""鎌田区民センター維持運営"",""砧区民会館維持運営"",""砧地域区民センター事業委託"",""砧地域区民施設改修"",""砧地域区民集会所維持運営"",""砧地域生涯学習事務"",""砧地域地区会館維持運営"",""宮坂区民センター維持運営"",""玉川区民会館維持運営"",""玉川地域区民センター維持運営"",""玉川地域区民センター事業委託"",""玉川地域区民施設改修"",""玉川地域生涯学習事務"",""玉川地域地区会館維持運営"",""区民斎場維持運営"",""弦巻区民センター維持運営"",""桜丘区民センター維持運営"",""上北沢区民センター維持運営"",""世田谷区民会館維持運営"",""世田谷区民会館別館等維持運営"",""世田谷地域区民センター事業委託"",""世田谷地域区民施設改修"",""世田谷地域区民集会所維持運営"",""世田谷地域生涯学習事務"",""世田谷地域地区会館維持運営"",""太子堂区民センター維持運営"",""粕谷区民センター維持運営"",""北沢区民会館維持運営"",""北沢地域区民センター事業委託"",""北沢地域区民施設改修"",""北沢地域区民集会所維持運営"",""北沢地域生涯学習事務"",""北沢地域地区会館維持運営"",""本庁舎等区民利用施設維持運営""],""related_revenues"":[{""revenue_detail_id"":""rd_2026_general_revenue_12_01_01_02_05_2235100000"",""revenue_hierarchy"":[""使用料及手数料"",""使用料"",""総務使用料"",""区民センター"",""代田区民センター""],""amount_attribution_status"":""not_available""},{""revenue_detail_id"":""rd_2026_general_revenue_15_01_01_04_02_2235100000"",""revenue_hierarchy"":[""財産収入"",""財産運用収入"",""財産貸付収入"",""土地貸付"",""代田区民センター""],""amount_attribution_status"":""not_available""},{""revenue_detail_id"":""rd_2026_general_revenue_19_06_09_54_33_2235100000"",""revenue_hierarchy"":[""諸収入"",""雑入"",""雑入"",""光熱水費等負担金（２）"",""代田区民センター""],""amount_attribution_status"":""not_available""}]}","high","reject","[publication-policy] 広域な行政機能topicは具体的な課題topicと重複するため公開しない"
"bpi_278dffbda09304351acfab039b899b7c50f427b95392196fde4ea6708daa2c0c","男女共同参画センター維持運営","一般会計","総務費","区民費","区民総務費","生活文化政策部 人権男女共同参画課","142007","地域・区民行政","supports","公式予算で区民総務費、支所費または区民施設費に属するため、地域・窓口・区民生活に関する行政機能を支える予算事業として整理した。これはみらい議会の探索用整理であり、区の公式な課題分類ではない。","B_strong_structural","{""matched_rule_id"":""community-services-official-hierarchy"",""budget_item_key"":""2026_general_expenditure_02_03_01"",""identity_fields"":{""display_program_name"":""男女共同参画センター維持運営"",""hierarchy"":[""総務費"",""区民費"",""区民総務費""],""department_display_name"":""生活文化政策部 人権男女共同参画課"",""amount_thousand_yen"":142007},""member_programs"":[{""program_id"":""2026_general_expenditure_02_03_01_05_01_01"",""major_program_name"":""男女共同参画社会推進事業費"",""budget_program_name"":""男女共同参画センター維持運営"",""detail_program_name"":""男女共同参画センター維持運営"",""source_file"":""ippansaisyutu.csv"",""source_row_number"":9393}],""same_budget_item_other_program_names"":[""ＤＶ防止・困難な問題を抱える女性支援事業"",""ふるさとまつり協賛（烏山）"",""ふるさとまつり協賛（砧）"",""ふるさとまつり協賛（玉川）"",""ふるさとまつり協賛（世田谷）"",""ふるさとまつり協賛（北沢）"",""まちづくり推進（烏山）"",""まちづくり推進（砧）"",""まちづくり推進（玉川）"",""まちづくり推進（世田谷）"",""まちづくり推進（北沢）"",""安全安心まちづくりの推進"",""区広報板維持管理"",""公共施設利用案内システム維持運営"",""災害時地域助け合い活動支援"",""市民活動の促進"",""自主的コミュニティづくりの支援"",""住居表示維持管理"",""出張所広報"",""人権推進事業"",""生活文化政策部庶務事務"",""青少年対策（烏山）"",""青少年対策（砧）"",""青少年対策（玉川）"",""青少年対策（世田谷）"",""青少年対策（北沢）"",""多摩川花火大会"",""男女共同参画社会推進事業"",""地域活動推進（烏山）"",""地域活動推進（砧）"",""地域活動推進（玉川）"",""地域活動推進（世田谷）"",""地域活動推進（北沢）"",""地域交流・まつり事業支援"",""地域行政部庶務事務"",""地域包括ケア地区展開調整事務"",""町会自治会等事業助成"",""二十歳のつどい"",""梅まつり"",""犯罪被害者等支援事業"",""犯罪被害者等支援等基金積立金"",""平和資料館維持運営"",""平和都市宣言事業"",""防犯カメラ整備・維持管理助成"",""防犯協会・防火防災協会（砧）"",""防犯協会・防火防災協会（玉川）"",""防犯協会・防火防災協会（世田谷）"",""北沢防犯協会（北沢）"",""臨海部広域斎場組合負担金""],""related_revenues"":[{""revenue_detail_id"":""rd_2026_general_revenue_12_01_01_05_20_3405450000"",""revenue_hierarchy"":[""使用料及手数料"",""使用料"",""総務使用料"",""総務施設"",""男女共同参画センター研修室""],""amount_attribution_status"":""not_available""},{""revenue_detail_id"":""rd_2026_general_revenue_13_02_01_92_03_3405450000"",""revenue_hierarchy"":[""国庫支出金"",""国庫補助金"",""民生費補助金"",""地域女性活躍推進交付金"",""女性活躍推進等事業""],""amount_attribution_status"":""not_available""},{""revenue_detail_id"":""rd_2026_general_revenue_14_02_02_68_47_3405450000"",""revenue_hierarchy"":[""都支出金"",""都補助金"",""民生費補助金"",""子供家庭支援区市町村包括補助事業"",""東京都ひとり親家庭生活支援事業""],""amount_attribution_status"":""not_available""},{""revenue_detail_id"":""rd_2026_general_revenue_19_06_09_08_50_3405450000"",""revenue_hierarchy"":[""諸収入"",""雑入"",""雑入"",""参加料・利用料"",""男女共同参画センターコピーサービス料等""],""amount_attribution_status"":""not_available""},{""revenue_detail_id"":""rd_2026_general_revenue_19_06_09_51_89_3405450000"",""revenue_hierarchy"":[""諸収入"",""雑入"",""雑入"",""雑入（２）"",""らぷらす自動販売機設置（転貸料）""],""amount_attribution_status"":""not_available""},{""revenue_detail_id"":""rd_2026_general_revenue_19_06_09_51_90_3405450000"",""revenue_hierarchy"":[""諸収入"",""雑入"",""雑入"",""雑入（２）"",""らぷらす自動販売機設置（光熱水費負担分）""],""amount_attribution_status"":""not_available""}]}","high","reject","[publication-policy] 広域な行政機能topicは具体的な課題topicと重複するため公開しない"
"bpi_148a9e7f043c741a1c911089b62b1d9229a5038374687ea48d307e8aa0db9cec","粕谷区民センター維持運営","一般会計","総務費","区民費","区民施設費","烏山総合支所 地域振興課","135352","地域・区民行政","supports","公式予算で区民総務費、支所費または区民施設費に属するため、地域・窓口・区民生活に関する行政機能を支える予算事業として整理した。これはみらい議会の探索用整理であり、区の公式な課題分類ではない。","B_strong_structural","{""matched_rule_id"":""community-services-official-hierarchy"",""budget_item_key"":""2026_general_expenditure_02_03_06"",""identity_fields"":{""display_program_name"":""粕谷区民センター維持運営"",""hierarchy"":[""総務費"",""区民費"",""区民施設費""],""department_display_name"":""烏山総合支所 地域振興課"",""amount_thousand_yen"":135352},""member_programs"":[{""program_id"":""2026_general_expenditure_02_03_06_01_31_01"",""major_program_name"":""区民施設維持運営費"",""budget_program_name"":""粕谷区民センター維持運営"",""detail_program_name"":""粕谷区民センター維持運営"",""source_file"":""ippansaisyutu.csv"",""source_row_number"":9224}],""same_budget_item_other_program_names"":[""烏山区民会館・区民センター維持運営"",""烏山地域区民センター業務委託"",""烏山地域区民施設改修"",""烏山地域区民集会所維持運営"",""烏山地域生涯学習事務"",""烏山地域地区会館維持運営"",""鎌田区民センター維持運営"",""砧区民会館維持運営"",""砧地域区民センター事業委託"",""砧地域区民施設改修"",""砧地域区民集会所維持運営"",""砧地域生涯学習事務"",""砧地域地区会館維持運営"",""宮坂区民センター維持運営"",""玉川区民会館維持運営"",""玉川地域区民センター維持運営"",""玉川地域区民センター事業委託"",""玉川地域区民施設改修"",""玉川地域生涯学習事務"",""玉川地域地区会館維持運営"",""区民斎場維持運営"",""弦巻区民センター維持運営"",""桜丘区民センター維持運営"",""上北沢区民センター維持運営"",""世田谷区民会館維持運営"",""世田谷区民会館別館等維持運営"",""世田谷地域区民センター事業委託"",""世田谷地域区民施設改修"",""世田谷地域区民集会所維持運営"",""世田谷地域生涯学習事務"",""世田谷地域地区会館維持運営"",""太子堂区民センター維持運営"",""代田区民センター維持運営"",""北沢区民会館維持運営"",""北沢地域区民センター事業委託"",""北沢地域区民施設改修"",""北沢地域区民集会所維持運営"",""北沢地域生涯学習事務"",""北沢地域地区会館維持運営"",""本庁舎等区民利用施設維持運営""],""related_revenues"":[{""revenue_detail_id"":""rd_2026_general_revenue_12_01_01_02_10_2535100000"",""revenue_hierarchy"":[""使用料及手数料"",""使用料"",""総務使用料"",""区民センター"",""粕谷区民センター""],""amount_attribution_status"":""not_available""},{""revenue_detail_id"":""rd_2026_general_revenue_12_01_01_05_34_2535100000"",""revenue_hierarchy"":[""使用料及手数料"",""使用料"",""総務使用料"",""総務施設"",""粕谷区民センター""],""amount_attribution_status"":""not_available""},{""revenue_detail_id"":""rd_2026_general_revenue_15_01_01_03_39_2535100000"",""revenue_hierarchy"":[""財産収入"",""財産運用収入"",""財産貸付収入"",""建物貸付"",""粕谷区民センター""],""amount_attribution_status"":""not_available""},{""revenue_detail_id"":""rd_2026_general_revenue_19_06_09_05_60_2535100000"",""revenue_hierarchy"":[""諸収入"",""雑入"",""雑入"",""光熱水費等負担金"",""粕谷区民センター""],""amount_attribution_status"":""not_available""}]}","high","reject","[publication-policy] 広域な行政機能topicは具体的な課題topicと重複するため公開しない"
"bpi_6f35480c5da2fc3bad7fbe1852d5a58b13bc3e4955e371f58e9dab945667f4e6","地域交流・まつり事業支援","一般会計","総務費","区民費","区民総務費","生活文化政策部 健康村・ふる交流課","134512","地域・区民行政","supports","公式予算で区民総務費、支所費または区民施設費に属するため、地域・窓口・区民生活に関する行政機能を支える予算事業として整理した。これはみらい議会の探索用整理であり、区の公式な課題分類ではない。","B_strong_structural","{""matched_rule_id"":""community-services-official-hierarchy"",""budget_item_key"":""2026_general_expenditure_02_03_01"",""identity_fields"":{""display_program_name"":""地域交流・まつり事業支援"",""hierarchy"":[""総務費"",""区民費"",""区民総務費""],""department_display_name"":""生活文化政策部 健康村・ふる交流課"",""amount_thousand_yen"":134512},""member_programs"":[{""program_id"":""2026_general_expenditure_02_03_01_03_11_01"",""major_program_name"":""ふるさとまつり運営協力費"",""budget_program_name"":""地域交流・まつり事業支援"",""detail_program_name"":""地域交流・まつり事業支援"",""source_file"":""ippansaisyutu.csv"",""source_row_number"":9401}],""same_budget_item_other_program_names"":[""ＤＶ防止・困難な問題を抱える女性支援事業"",""ふるさとまつり協賛（烏山）"",""ふるさとまつり協賛（砧）"",""ふるさとまつり協賛（玉川）"",""ふるさとまつり協賛（世田谷）"",""ふるさとまつり協賛（北沢）"",""まちづくり推進（烏山）"",""まちづくり推進（砧）"",""まちづくり推進（玉川）"",""まちづくり推進（世田谷）"",""まちづくり推進（北沢）"",""安全安心まちづくりの推進"",""区広報板維持管理"",""公共施設利用案内システム維持運営"",""災害時地域助け合い活動支援"",""市民活動の促進"",""自主的コミュニティづくりの支援"",""住居表示維持管理"",""出張所広報"",""人権推進事業"",""生活文化政策部庶務事務"",""青少年対策（烏山）"",""青少年対策（砧）"",""青少年対策（玉川）"",""青少年対策（世田谷）"",""青少年対策（北沢）"",""多摩川花火大会"",""男女共同参画センター維持運営"",""男女共同参画社会推進事業"",""地域活動推進（烏山）"",""地域活動推進（砧）"",""地域活動推進（玉川）"",""地域活動推進（世田谷）"",""地域活動推進（北沢）"",""地域行政部庶務事務"",""地域包括ケア地区展開調整事務"",""町会自治会等事業助成"",""二十歳のつどい"",""梅まつり"",""犯罪被害者等支援事業"",""犯罪被害者等支援等基金積立金"",""平和資料館維持運営"",""平和都市宣言事業"",""防犯カメラ整備・維持管理助成"",""防犯協会・防火防災協会（砧）"",""防犯協会・防火防災協会（玉川）"",""防犯協会・防火防災協会（世田谷）"",""北沢防犯協会（北沢）"",""臨海部広域斎場組合負担金""],""related_revenues"":[{""revenue_detail_id"":""rd_2026_general_revenue_19_06_09_73_05_3405500000"",""revenue_hierarchy"":[""諸収入"",""雑入"",""雑入"",""特別区全国連携プロジェクト関連事業助成金"",""特別区全国連携プロジェクト関連事業助成金""],""amount_attribution_status"":""not_available""}]}","high","reject","[publication-policy] 広域な行政機能topicは具体的な課題topicと重複するため公開しない"
"bpi_b84a8ef137571c1276f5281266ad73554c101d00b6f5521c7fc618a0f9339c1f","上北沢区民センター維持運営","一般会計","総務費","区民費","区民施設費","烏山総合支所 地域振興課","126986","地域・区民行政","supports","公式予算で区民総務費、支所費または区民施設費に属するため、地域・窓口・区民生活に関する行政機能を支える予算事業として整理した。これはみらい議会の探索用整理であり、区の公式な課題分類ではない。","B_strong_structural","{""matched_rule_id"":""community-services-official-hierarchy"",""budget_item_key"":""2026_general_expenditure_02_03_06"",""identity_fields"":{""display_program_name"":""上北沢区民センター維持運営"",""hierarchy"":[""総務費"",""区民費"",""区民施設費""],""department_display_name"":""烏山総合支所 地域振興課"",""amount_thousand_yen"":126986},""member_programs"":[{""program_id"":""2026_general_expenditure_02_03_06_01_30_01"",""major_program_name"":""区民施設維持運営費"",""budget_program_name"":""上北沢区民センター維持運営"",""detail_program_name"":""上北沢区民センター維持運営"",""source_file"":""ippansaisyutu.csv"",""source_row_number"":9223}],""same_budget_item_other_program_names"":[""烏山区民会館・区民センター維持運営"",""烏山地域区民センター業務委託"",""烏山地域区民施設改修"",""烏山地域区民集会所維持運営"",""烏山地域生涯学習事務"",""烏山地域地区会館維持運営"",""鎌田区民センター維持運営"",""砧区民会館維持運営"",""砧地域区民センター事業委託"",""砧地域区民施設改修"",""砧地域区民集会所維持運営"",""砧地域生涯学習事務"",""砧地域地区会館維持運営"",""宮坂区民センター維持運営"",""玉川区民会館維持運営"",""玉川地域区民センター維持運営"",""玉川地域区民センター事業委託"",""玉川地域区民施設改修"",""玉川地域生涯学習事務"",""玉川地域地区会館維持運営"",""区民斎場維持運営"",""弦巻区民センター維持運営"",""桜丘区民センター維持運営"",""世田谷区民会館維持運営"",""世田谷区民会館別館等維持運営"",""世田谷地域区民センター事業委託"",""世田谷地域区民施設改修"",""世田谷地域区民集会所維持運営"",""世田谷地域生涯学習事務"",""世田谷地域地区会館維持運営"",""太子堂区民センター維持運営"",""代田区民センター維持運営"",""粕谷区民センター維持運営"",""北沢区民会館維持運営"",""北沢地域区民センター事業委託"",""北沢地域区民施設改修"",""北沢地域区民集会所維持運営"",""北沢地域生涯学習事務"",""北沢地域地区会館維持運営"",""本庁舎等区民利用施設維持運営""],""related_revenues"":[{""revenue_detail_id"":""rd_2026_general_revenue_12_01_01_02_09_2535100000"",""revenue_hierarchy"":[""使用料及手数料"",""使用料"",""総務使用料"",""区民センター"",""上北沢区民センター""],""amount_attribution_status"":""not_available""},{""revenue_detail_id"":""rd_2026_general_revenue_12_01_01_03_06_2535100000"",""revenue_hierarchy"":[""使用料及手数料"",""使用料"",""総務使用料"",""食堂施設"",""上北沢区民センター""],""amount_attribution_status"":""not_available""},{""revenue_detail_id"":""rd_2026_general_revenue_12_01_01_05_54_2535100000"",""revenue_hierarchy"":[""使用料及手数料"",""使用料"",""総務使用料"",""総務施設"",""上北沢区民センター""],""amount_attribution_status"":""not_available""},{""revenue_detail_id"":""rd_2026_general_revenue_15_01_01_03_38_2535100000"",""revenue_hierarchy"":[""財産収入"",""財産運用収入"",""財産貸付収入"",""建物貸付"",""上北沢区民センター""],""amount_attribution_status"":""not_available""},{""revenue_detail_id"":""rd_2026_general_revenue_19_06_09_05_26_2535100000"",""revenue_hierarchy"":[""諸収入"",""雑入"",""雑入"",""光熱水費等負担金"",""上北沢区民センター""],""amount_attribution_status"":""not_available""}]}","high","reject","[publication-policy] 広域な行政機能topicは具体的な課題topicと重複するため公開しない"
"bpi_4b4c6cdbcd06be015205014589ca4f2550474e623b59b459e53a8801fb24fd1d","戸籍事務","一般会計","総務費","戸籍住民基本台帳費","戸籍事務費","地域行政部 住民記録・戸籍課","123840","地域・区民行政","supports","公式予算で戸籍住民基本台帳費に属するため、窓口・区民生活に関する行政機能を支える予算事業として整理した。","B_strong_structural","{""matched_rule_id"":""resident-registry-official-hierarchy"",""budget_item_key"":""2026_general_expenditure_02_04_01"",""identity_fields"":{""display_program_name"":""戸籍事務"",""hierarchy"":[""総務費"",""戸籍住民基本台帳費"",""戸籍事務費""],""department_display_name"":""地域行政部 住民記録・戸籍課"",""amount_thousand_yen"":123840},""member_programs"":[{""program_id"":""2026_general_expenditure_02_04_01_01_01_01"",""major_program_name"":""戸籍事務運営費"",""budget_program_name"":""戸籍事務"",""detail_program_name"":""戸籍事務"",""source_file"":""ippansaisyutu.csv"",""source_row_number"":9419}],""same_budget_item_other_program_names"":[],""related_revenues"":[{""revenue_detail_id"":""rd_2026_general_revenue_12_02_01_01_05_3415220000"",""revenue_hierarchy"":[""使用料及手数料"",""手数料"",""総務手数料"",""証明閲覧"",""戸籍謄抄本諸証明""],""amount_attribution_status"":""not_available""},{""revenue_detail_id"":""rd_2026_general_revenue_12_02_01_01_08_3415220000"",""revenue_hierarchy"":[""使用料及手数料"",""手数料"",""総務手数料"",""証明閲覧"",""戸籍の附票・身分証明等""],""amount_attribution_status"":""not_available""},{""revenue_detail_id"":""rd_2026_general_revenue_14_03_01_05_01_3415220000"",""revenue_hierarchy"":[""都支出金"",""都委託金"",""総務費委託金"",""戸籍統計費"",""戸籍統計""],""amount_attribution_status"":""not_available""}]}","high","reject","[publication-policy] 広域な行政機能topicは具体的な課題topicと重複するため公開しない"
"bpi_eb573cc64a7619201aec4d480cd6ca50fe9d58132ab0c94aae65c9148d3bbcb6","世田谷地域地区会館維持運営","一般会計","総務費","区民費","区民施設費","世田谷総合支所 地域振興課","122397","地域・区民行政","supports","公式予算で区民総務費、支所費または区民施設費に属するため、地域・窓口・区民生活に関する行政機能を支える予算事業として整理した。これはみらい議会の探索用整理であり、区の公式な課題分類ではない。","B_strong_structural","{""matched_rule_id"":""community-services-official-hierarchy"",""budget_item_key"":""2026_general_expenditure_02_03_06"",""identity_fields"":{""display_program_name"":""世田谷地域地区会館維持運営"",""hierarchy"":[""総務費"",""区民費"",""区民施設費""],""department_display_name"":""世田谷総合支所 地域振興課"",""amount_thousand_yen"":122397},""member_programs"":[{""program_id"":""2026_general_expenditure_02_03_06_01_08_01"",""major_program_name"":""区民施設維持運営費"",""budget_program_name"":""世田谷地域地区会館維持運営"",""detail_program_name"":""世田谷地域地区会館維持運営"",""source_file"":""ippansaisyutu.csv"",""source_row_number"":9100}],""same_budget_item_other_program_names"":[""烏山区民会館・区民センター維持運営"",""烏山地域区民センター業務委託"",""烏山地域区民施設改修"",""烏山地域区民集会所維持運営"",""烏山地域生涯学習事務"",""烏山地域地区会館維持運営"",""鎌田区民センター維持運営"",""砧区民会館維持運営"",""砧地域区民センター事業委託"",""砧地域区民施設改修"",""砧地域区民集会所維持運営"",""砧地域生涯学習事務"",""砧地域地区会館維持運営"",""宮坂区民センター維持運営"",""玉川区民会館維持運営"",""玉川地域区民センター維持運営"",""玉川地域区民センター事業委託"",""玉川地域区民施設改修"",""玉川地域生涯学習事務"",""玉川地域地区会館維持運営"",""区民斎場維持運営"",""弦巻区民センター維持運営"",""桜丘区民センター維持運営"",""上北沢区民センター維持運営"",""世田谷区民会館維持運営"",""世田谷区民会館別館等維持運営"",""世田谷地域区民センター事業委託"",""世田谷地域区民施設改修"",""世田谷地域区民集会所維持運営"",""世田谷地域生涯学習事務"",""太子堂区民センター維持運営"",""代田区民センター維持運営"",""粕谷区民センター維持運営"",""北沢区民会館維持運営"",""北沢地域区民センター事業委託"",""北沢地域区民施設改修"",""北沢地域区民集会所維持運営"",""北沢地域生涯学習事務"",""北沢地域地区会館維持運営"",""本庁舎等区民利用施設維持運営""],""related_revenues"":[{""revenue_detail_id"":""rd_2026_general_revenue_12_01_01_05_15_2135100000"",""revenue_hierarchy"":[""使用料及手数料"",""使用料"",""総務使用料"",""総務施設"",""世田谷地域地区会館""],""amount_attribution_status"":""not_available""},{""revenue_detail_id"":""rd_2026_general_revenue_12_01_01_11_01_2135100000"",""revenue_hierarchy"":[""使用料及手数料"",""使用料"",""総務使用料"",""地区会館"",""世田谷地域地区会館""],""amount_attribution_status"":""not_available""}]}","high","reject","[publication-policy] 広域な行政機能topicは具体的な課題topicと重複するため公開しない"
"bpi_5a760a3b16e34f902ea73ab81eecbd68a7f2fb2160d01bdeaba3dfd584b1b691","宮坂区民センター維持運営","一般会計","総務費","区民費","区民施設費","世田谷総合支所 地域振興課","119883","地域・区民行政","supports","公式予算で区民総務費、支所費または区民施設費に属するため、地域・窓口・区民生活に関する行政機能を支える予算事業として整理した。これはみらい議会の探索用整理であり、区の公式な課題分類ではない。","B_strong_structural","{""matched_rule_id"":""community-services-official-hierarchy"",""budget_item_key"":""2026_general_expenditure_02_03_06"",""identity_fields"":{""display_program_name"":""宮坂区民センター維持運営"",""hierarchy"":[""総務費"",""区民費"",""区民施設費""],""department_display_name"":""世田谷総合支所 地域振興課"",""amount_thousand_yen"":119883},""member_programs"":[{""program_id"":""2026_general_expenditure_02_03_06_01_07_01"",""major_program_name"":""区民施設維持運営費"",""budget_program_name"":""宮坂区民センター維持運営"",""detail_program_name"":""宮坂区民センター維持運営"",""source_file"":""ippansaisyutu.csv"",""source_row_number"":9099}],""same_budget_item_other_program_names"":[""烏山区民会館・区民センター維持運営"",""烏山地域区民センター業務委託"",""烏山地域区民施設改修"",""烏山地域区民集会所維持運営"",""烏山地域生涯学習事務"",""烏山地域地区会館維持運営"",""鎌田区民センター維持運営"",""砧区民会館維持運営"",""砧地域区民センター事業委託"",""砧地域区民施設改修"",""砧地域区民集会所維持運営"",""砧地域生涯学習事務"",""砧地域地区会館維持運営"",""玉川区民会館維持運営"",""玉川地域区民センター維持運営"",""玉川地域区民センター事業委託"",""玉川地域区民施設改修"",""玉川地域生涯学習事務"",""玉川地域地区会館維持運営"",""区民斎場維持運営"",""弦巻区民センター維持運営"",""桜丘区民センター維持運営"",""上北沢区民センター維持運営"",""世田谷区民会館維持運営"",""世田谷区民会館別館等維持運営"",""世田谷地域区民センター事業委託"",""世田谷地域区民施設改修"",""世田谷地域区民集会所維持運営"",""世田谷地域生涯学習事務"",""世田谷地域地区会館維持運営"",""太子堂区民センター維持運営"",""代田区民センター維持運営"",""粕谷区民センター維持運営"",""北沢区民会館維持運営"",""北沢地域区民センター事業委託"",""北沢地域区民施設改修"",""北沢地域区民集会所維持運営"",""北沢地域生涯学習事務"",""北沢地域地区会館維持運営"",""本庁舎等区民利用施設維持運営""],""related_revenues"":[{""revenue_detail_id"":""rd_2026_general_revenue_12_01_01_02_04_2135100000"",""revenue_hierarchy"":[""使用料及手数料"",""使用料"",""総務使用料"",""区民センター"",""宮坂区民センター""],""amount_attribution_status"":""not_available""},{""revenue_detail_id"":""rd_2026_general_revenue_12_01_01_03_08_2135100000"",""revenue_hierarchy"":[""使用料及手数料"",""使用料"",""総務使用料"",""食堂施設"",""宮坂区民センター""],""amount_attribution_status"":""not_available""},{""revenue_detail_id"":""rd_2026_general_revenue_15_01_01_03_24_2135100000"",""revenue_hierarchy"":[""財産収入"",""財産運用収入"",""財産貸付収入"",""建物貸付"",""屋上貸付（宮坂区民センター）""],""amount_attribution_status"":""not_available""},{""revenue_detail_id"":""rd_2026_general_revenue_15_01_01_03_30_2135100000"",""revenue_hierarchy"":[""財産収入"",""財産運用収入"",""財産貸付収入"",""建物貸付"",""宮坂区民センター""],""amount_attribution_status"":""not_available""},{""revenue_detail_id"":""rd_2026_general_revenue_19_06_09_05_58_2135100000"",""revenue_hierarchy"":[""諸収入"",""雑入"",""雑入"",""光熱水費等負担金"",""宮坂区民センター""],""amount_attribution_status"":""not_available""}]}","high","reject","[publication-policy] 広域な行政機能topicは具体的な課題topicと重複するため公開しない"
"bpi_6e3826d3a86f6beda5f2fd1113078499d4accf6e8bb3b5b6505bc7a537d6bf6b","世田谷区民会館維持運営","一般会計","総務費","区民費","区民施設費","生活文化政策部 文化・国際課","119873","地域・区民行政","supports","公式予算で区民総務費、支所費または区民施設費に属するため、地域・窓口・区民生活に関する行政機能を支える予算事業として整理した。これはみらい議会の探索用整理であり、区の公式な課題分類ではない。","B_strong_structural","{""matched_rule_id"":""community-services-official-hierarchy"",""budget_item_key"":""2026_general_expenditure_02_03_06"",""identity_fields"":{""display_program_name"":""世田谷区民会館維持運営"",""hierarchy"":[""総務費"",""区民費"",""区民施設費""],""department_display_name"":""生活文化政策部 文化・国際課"",""amount_thousand_yen"":119873},""member_programs"":[{""program_id"":""2026_general_expenditure_02_03_06_01_38_01"",""major_program_name"":""区民施設維持運営費"",""budget_program_name"":""世田谷区民会館維持運営"",""detail_program_name"":""世田谷区民会館維持運営"",""source_file"":""ippansaisyutu.csv"",""source_row_number"":9377}],""same_budget_item_other_program_names"":[""烏山区民会館・区民センター維持運営"",""烏山地域区民センター業務委託"",""烏山地域区民施設改修"",""烏山地域区民集会所維持運営"",""烏山地域生涯学習事務"",""烏山地域地区会館維持運営"",""鎌田区民センター維持運営"",""砧区民会館維持運営"",""砧地域区民センター事業委託"",""砧地域区民施設改修"",""砧地域区民集会所維持運営"",""砧地域生涯学習事務"",""砧地域地区会館維持運営"",""宮坂区民センター維持運営"",""玉川区民会館維持運営"",""玉川地域区民センター維持運営"",""玉川地域区民センター事業委託"",""玉川地域区民施設改修"",""玉川地域生涯学習事務"",""玉川地域地区会館維持運営"",""区民斎場維持運営"",""弦巻区民センター維持運営"",""桜丘区民センター維持運営"",""上北沢区民センター維持運営"",""世田谷区民会館別館等維持運営"",""世田谷地域区民センター事業委託"",""世田谷地域区民施設改修"",""世田谷地域区民集会所維持運営"",""世田谷地域生涯学習事務"",""世田谷地域地区会館維持運営"",""太子堂区民センター維持運営"",""代田区民センター維持運営"",""粕谷区民センター維持運営"",""北沢区民会館維持運営"",""北沢地域区民センター事業委託"",""北沢地域区民施設改修"",""北沢地域区民集会所維持運営"",""北沢地域生涯学習事務"",""北沢地域地区会館維持運営"",""本庁舎等区民利用施設維持運営""],""related_revenues"":[{""revenue_detail_id"":""rd_2026_general_revenue_12_01_01_01_07_3405400000"",""revenue_hierarchy"":[""使用料及手数料"",""使用料"",""総務使用料"",""区民会館"",""世田谷区民会館""],""amount_attribution_status"":""not_available""}]}","high","reject","[publication-policy] 広域な行政機能topicは具体的な課題topicと重複するため公開しない"
"bpi_b2a96db237d75f68623990930d0005f1967bba1815c2902ad5f91c369c48a205","砧地域区民施設改修","一般会計","総務費","区民費","区民施設費","砧総合支所 地域振興課","117300","地域・区民行政","supports","公式予算で区民総務費、支所費または区民施設費に属するため、地域・窓口・区民生活に関する行政機能を支える予算事業として整理した。これはみらい議会の探索用整理であり、区の公式な課題分類ではない。","B_strong_structural","{""matched_rule_id"":""community-services-official-hierarchy"",""budget_item_key"":""2026_general_expenditure_02_03_06"",""identity_fields"":{""display_program_name"":""砧地域区民施設改修"",""hierarchy"":[""総務費"",""区民費"",""区民施設費""],""department_display_name"":""砧総合支所 地域振興課"",""amount_thousand_yen"":117300},""member_programs"":[{""program_id"":""2026_general_expenditure_02_03_06_02_05_01"",""major_program_name"":""区民施設改修費"",""budget_program_name"":""砧地域区民施設改修"",""detail_program_name"":""砧地域区民施設改修"",""source_file"":""ippansaisyutu.csv"",""source_row_number"":9197}],""same_budget_item_other_program_names"":[""烏山区民会館・区民センター維持運営"",""烏山地域区民センター業務委託"",""烏山地域区民施設改修"",""烏山地域区民集会所維持運営"",""烏山地域生涯学習事務"",""烏山地域地区会館維持運営"",""鎌田区民センター維持運営"",""砧区民会館維持運営"",""砧地域区民センター事業委託"",""砧地域区民集会所維持運営"",""砧地域生涯学習事務"",""砧地域地区会館維持運営"",""宮坂区民センター維持運営"",""玉川区民会館維持運営"",""玉川地域区民センター維持運営"",""玉川地域区民センター事業委託"",""玉川地域区民施設改修"",""玉川地域生涯学習事務"",""玉川地域地区会館維持運営"",""区民斎場維持運営"",""弦巻区民センター維持運営"",""桜丘区民センター維持運営"",""上北沢区民センター維持運営"",""世田谷区民会館維持運営"",""世田谷区民会館別館等維持運営"",""世田谷地域区民センター事業委託"",""世田谷地域区民施設改修"",""世田谷地域区民集会所維持運営"",""世田谷地域生涯学習事務"",""世田谷地域地区会館維持運営"",""太子堂区民センター維持運営"",""代田区民センター維持運営"",""粕谷区民センター維持運営"",""北沢区民会館維持運営"",""北沢地域区民センター事業委託"",""北沢地域区民施設改修"",""北沢地域区民集会所維持運営"",""北沢地域生涯学習事務"",""北沢地域地区会館維持運営"",""本庁舎等区民利用施設維持運営""],""related_revenues"":[]}","high","reject","[publication-policy] 広域な行政機能topicは具体的な課題topicと重複するため公開しない"
"bpi_2e5b975272f77af5aa9e5d4e5d1916efe4b01eb386e38ad7c5ff23141692ac5e","玉川区民会館維持運営","一般会計","総務費","区民費","区民施設費","玉川総合支所 地域振興課","112733","地域・区民行政","supports","公式予算で区民総務費、支所費または区民施設費に属するため、地域・窓口・区民生活に関する行政機能を支える予算事業として整理した。これはみらい議会の探索用整理であり、区の公式な課題分類ではない。","B_strong_structural","{""matched_rule_id"":""community-services-official-hierarchy"",""budget_item_key"":""2026_general_expenditure_02_03_06"",""identity_fields"":{""display_program_name"":""玉川区民会館維持運営"",""hierarchy"":[""総務費"",""区民費"",""区民施設費""],""department_display_name"":""玉川総合支所 地域振興課"",""amount_thousand_yen"":112733},""member_programs"":[{""program_id"":""2026_general_expenditure_02_03_06_01_16_01"",""major_program_name"":""区民施設維持運営費"",""budget_program_name"":""玉川区民会館維持運営"",""detail_program_name"":""玉川区民会館維持運営"",""source_file"":""ippansaisyutu.csv"",""source_row_number"":9162}],""same_budget_item_other_program_names"":[""烏山区民会館・区民センター維持運営"",""烏山地域区民センター業務委託"",""烏山地域区民施設改修"",""烏山地域区民集会所維持運営"",""烏山地域生涯学習事務"",""烏山地域地区会館維持運営"",""鎌田区民センター維持運営"",""砧区民会館維持運営"",""砧地域区民センター事業委託"",""砧地域区民施設改修"",""砧地域区民集会所維持運営"",""砧地域生涯学習事務"",""砧地域地区会館維持運営"",""宮坂区民センター維持運営"",""玉川地域区民センター維持運営"",""玉川地域区民センター事業委託"",""玉川地域区民施設改修"",""玉川地域生涯学習事務"",""玉川地域地区会館維持運営"",""区民斎場維持運営"",""弦巻区民センター維持運営"",""桜丘区民センター維持運営"",""上北沢区民センター維持運営"",""世田谷区民会館維持運営"",""世田谷区民会館別館等維持運営"",""世田谷地域区民センター事業委託"",""世田谷地域区民施設改修"",""世田谷地域区民集会所維持運営"",""世田谷地域生涯学習事務"",""世田谷地域地区会館維持運営"",""太子堂区民センター維持運営"",""代田区民センター維持運営"",""粕谷区民センター維持運営"",""北沢区民会館維持運営"",""北沢地域区民センター事業委託"",""北沢地域区民施設改修"",""北沢地域区民集会所維持運営"",""北沢地域生涯学習事務"",""北沢地域地区会館維持運営"",""本庁舎等区民利用施設維持運営""],""related_revenues"":[{""revenue_detail_id"":""rd_2026_general_revenue_15_01_01_03_27_2335100000"",""revenue_hierarchy"":[""財産収入"",""財産運用収入"",""財産貸付収入"",""建物貸付"",""玉川区民会館別館""],""amount_attribution_status"":""not_available""},{""revenue_detail_id"":""rd_2026_general_revenue_19_06_09_05_96_2335100000"",""revenue_hierarchy"":[""諸収入"",""雑入"",""雑入"",""光熱水費等負担金"",""玉川区民会館別館""],""amount_attribution_status"":""not_available""},{""revenue_detail_id"":""rd_2026_general_revenue_19_06_09_54_85_2335100000"",""revenue_hierarchy"":[""諸収入"",""雑入"",""雑入"",""光熱水費等負担金（２）"",""玉川区民会館""],""amount_attribution_status"":""not_available""}]}","high","reject","[publication-policy] 広域な行政機能topicは具体的な課題topicと重複するため公開しない"
"bpi_6a3d5b077386aeb21af52bc03bdc94bcd3822bdb2c611b522aac2eb6c5ffe437","弦巻区民センター維持運営","一般会計","総務費","区民費","区民施設費","世田谷総合支所 地域振興課","111628","地域・区民行政","supports","公式予算で区民総務費、支所費または区民施設費に属するため、地域・窓口・区民生活に関する行政機能を支える予算事業として整理した。これはみらい議会の探索用整理であり、区の公式な課題分類ではない。","B_strong_structural","{""matched_rule_id"":""community-services-official-hierarchy"",""budget_item_key"":""2026_general_expenditure_02_03_06"",""identity_fields"":{""display_program_name"":""弦巻区民センター維持運営"",""hierarchy"":[""総務費"",""区民費"",""区民施設費""],""department_display_name"":""世田谷総合支所 地域振興課"",""amount_thousand_yen"":111628},""member_programs"":[{""program_id"":""2026_general_expenditure_02_03_06_01_05_01"",""major_program_name"":""区民施設維持運営費"",""budget_program_name"":""弦巻区民センター維持運営"",""detail_program_name"":""弦巻区民センター維持運営"",""source_file"":""ippansaisyutu.csv"",""source_row_number"":9097}],""same_budget_item_other_program_names"":[""烏山区民会館・区民センター維持運営"",""烏山地域区民センター業務委託"",""烏山地域区民施設改修"",""烏山地域区民集会所維持運営"",""烏山地域生涯学習事務"",""烏山地域地区会館維持運営"",""鎌田区民センター維持運営"",""砧区民会館維持運営"",""砧地域区民センター事業委託"",""砧地域区民施設改修"",""砧地域区民集会所維持運営"",""砧地域生涯学習事務"",""砧地域地区会館維持運営"",""宮坂区民センター維持運営"",""玉川区民会館維持運営"",""玉川地域区民センター維持運営"",""玉川地域区民センター事業委託"",""玉川地域区民施設改修"",""玉川地域生涯学習事務"",""玉川地域地区会館維持運営"",""区民斎場維持運営"",""桜丘区民センター維持運営"",""上北沢区民センター維持運営"",""世田谷区民会館維持運営"",""世田谷区民会館別館等維持運営"",""世田谷地域区民センター事業委託"",""世田谷地域区民施設改修"",""世田谷地域区民集会所維持運営"",""世田谷地域生涯学習事務"",""世田谷地域地区会館維持運営"",""太子堂区民センター維持運営"",""代田区民センター維持運営"",""粕谷区民センター維持運営"",""北沢区民会館維持運営"",""北沢地域区民センター事業委託"",""北沢地域区民施設改修"",""北沢地域区民集会所維持運営"",""北沢地域生涯学習事務"",""北沢地域地区会館維持運営"",""本庁舎等区民利用施設維持運営""],""related_revenues"":[{""revenue_detail_id"":""rd_2026_general_revenue_12_01_01_02_03_2135100000"",""revenue_hierarchy"":[""使用料及手数料"",""使用料"",""総務使用料"",""区民センター"",""弦巻区民センター""],""amount_attribution_status"":""not_available""},{""revenue_detail_id"":""rd_2026_general_revenue_12_01_01_05_48_2135100000"",""revenue_hierarchy"":[""使用料及手数料"",""使用料"",""総務使用料"",""総務施設"",""弦巻区民センター""],""amount_attribution_status"":""not_available""},{""revenue_detail_id"":""rd_2026_general_revenue_15_01_01_03_32_2135100000"",""revenue_hierarchy"":[""財産収入"",""財産運用収入"",""財産貸付収入"",""建物貸付"",""弦巻区民センター""],""amount_attribution_status"":""not_available""},{""revenue_detail_id"":""rd_2026_general_revenue_19_06_09_54_37_2135100000"",""revenue_hierarchy"":[""諸収入"",""雑入"",""雑入"",""光熱水費等負担金（２）"",""弦巻区民センター""],""amount_attribution_status"":""not_available""}]}","high","reject","[publication-policy] 広域な行政機能topicは具体的な課題topicと重複するため公開しない"
"bpi_1092f1db902642ec96cbe841da2ea005808cce8fc9ac64f4efc741b21fab437d","公共施設利用案内システム維持運営","一般会計","総務費","区民費","区民総務費","地域行政部 地域行政課","105698","地域・区民行政","supports","公式予算で区民総務費、支所費または区民施設費に属するため、地域・窓口・区民生活に関する行政機能を支える予算事業として整理した。これはみらい議会の探索用整理であり、区の公式な課題分類ではない。","B_strong_structural","{""matched_rule_id"":""community-services-official-hierarchy"",""budget_item_key"":""2026_general_expenditure_02_03_01"",""identity_fields"":{""display_program_name"":""公共施設利用案内システム維持運営"",""hierarchy"":[""総務費"",""区民費"",""区民総務費""],""department_display_name"":""地域行政部 地域行政課"",""amount_thousand_yen"":105698},""member_programs"":[{""program_id"":""2026_general_expenditure_02_03_01_02_03_01"",""major_program_name"":""まちづくり推進事業費"",""budget_program_name"":""公共施設利用案内システム維持運営"",""detail_program_name"":""公共施設利用案内システム維持運営"",""source_file"":""ippansaisyutu.csv"",""source_row_number"":9411}],""same_budget_item_other_program_names"":[""ＤＶ防止・困難な問題を抱える女性支援事業"",""ふるさとまつり協賛（烏山）"",""ふるさとまつり協賛（砧）"",""ふるさとまつり協賛（玉川）"",""ふるさとまつり協賛（世田谷）"",""ふるさとまつり協賛（北沢）"",""まちづくり推進（烏山）"",""まちづくり推進（砧）"",""まちづくり推進（玉川）"",""まちづくり推進（世田谷）"",""まちづくり推進（北沢）"",""安全安心まちづくりの推進"",""区広報板維持管理"",""災害時地域助け合い活動支援"",""市民活動の促進"",""自主的コミュニティづくりの支援"",""住居表示維持管理"",""出張所広報"",""人権推進事業"",""生活文化政策部庶務事務"",""青少年対策（烏山）"",""青少年対策（砧）"",""青少年対策（玉川）"",""青少年対策（世田谷）"",""青少年対策（北沢）"",""多摩川花火大会"",""男女共同参画センター維持運営"",""男女共同参画社会推進事業"",""地域活動推進（烏山）"",""地域活動推進（砧）"",""地域活動推進（玉川）"",""地域活動推進（世田谷）"",""地域活動推進（北沢）"",""地域交流・まつり事業支援"",""地域行政部庶務事務"",""地域包括ケア地区展開調整事務"",""町会自治会等事業助成"",""二十歳のつどい"",""梅まつり"",""犯罪被害者等支援事業"",""犯罪被害者等支援等基金積立金"",""平和資料館維持運営"",""平和都市宣言事業"",""防犯カメラ整備・維持管理助成"",""防犯協会・防火防災協会（砧）"",""防犯協会・防火防災協会（玉川）"",""防犯協会・防火防災協会（世田谷）"",""北沢防犯協会（北沢）"",""臨海部広域斎場組合負担金""],""related_revenues"":[{""revenue_detail_id"":""rd_2026_general_revenue_12_02_01_02_01_3415100000"",""revenue_hierarchy"":[""使用料及手数料"",""手数料"",""総務手数料"",""システム登録"",""けやきネット（システム）""],""amount_attribution_status"":""not_available""},{""revenue_detail_id"":""rd_2026_general_revenue_19_06_09_45_20_3415100000"",""revenue_hierarchy"":[""諸収入"",""雑入"",""雑入"",""広告料収入"",""公共施設利用案内システム""],""amount_attribution_status"":""not_available""}]}","high","reject","[publication-policy] 広域な行政機能topicは具体的な課題topicと重複するため公開しない"
"bpi_b5f5771ca26b6cd4e3ba600c38e53702008d8534ba2dd7fabab88b78ab322e76","世田谷地域出張所改修","一般会計","総務費","区民費","支所費","世田谷総合支所 地域振興課","100917","地域・区民行政","supports","公式予算で区民総務費、支所費または区民施設費に属するため、地域・窓口・区民生活に関する行政機能を支える予算事業として整理した。これはみらい議会の探索用整理であり、区の公式な課題分類ではない。","B_strong_structural","{""matched_rule_id"":""community-services-official-hierarchy"",""budget_item_key"":""2026_general_expenditure_02_03_02"",""identity_fields"":{""display_program_name"":""世田谷地域出張所改修"",""hierarchy"":[""総務費"",""区民費"",""支所費""],""department_display_name"":""世田谷総合支所 地域振興課"",""amount_thousand_yen"":100917},""member_programs"":[{""program_id"":""2026_general_expenditure_02_03_02_04_01_01"",""major_program_name"":""総合支所・出張所改修費"",""budget_program_name"":""世田谷地域出張所改修"",""detail_program_name"":""世田谷地域出張所改修"",""source_file"":""ippansaisyutu.csv"",""source_row_number"":9092}],""same_budget_item_other_program_names"":[""烏山総合支所・出張所改築事務"",""烏山総合支所維持管理"",""烏山総合支所庶務事務"",""烏山地域支所・出張所改修"",""烏山地域出張所維持運営"",""砧総合支所維持管理"",""砧総合支所庶務事務"",""砧地域支所・出張所改修"",""砧地域出張所維持運営"",""玉川総合支所維持管理"",""玉川総合支所庶務事務"",""玉川地域支所・出張所改修"",""玉川地域出張所維持運営"",""計画・相談事業運営（烏山）"",""計画・相談事業運営（砧）"",""計画・相談事業運営（玉川）"",""計画・相談事業運営（世田谷）"",""計画・相談事業運営（北沢）"",""出張所機能充実"",""世田谷総合支所・出張所改築事務"",""世田谷総合支所庶務事務"",""世田谷地域出張所維持運営"",""総合窓口化の推進"",""地域経営事務調整（烏山）"",""地域経営事務調整（砧）"",""地域経営事務調整（玉川）"",""地域経営事務調整（世田谷）"",""地域経営事務調整（北沢）"",""町会・自治会会館建設等助成事務"",""北沢総合支所維持管理"",""北沢総合支所庶務事務"",""北沢地域支所・出張所改修"",""北沢地域出張所維持運営""],""related_revenues"":[]}","high","reject","[publication-policy] 広域な行政機能topicは具体的な課題topicと重複するため公開しない"
"bpi_21d8a0e434b707b362e97d914617024882c832767e8f058d29d780beafaeaccf","鎌田区民センター維持運営","一般会計","総務費","区民費","区民施設費","砧総合支所 地域振興課","93729","地域・区民行政","supports","公式予算で区民総務費、支所費または区民施設費に属するため、地域・窓口・区民生活に関する行政機能を支える予算事業として整理した。これはみらい議会の探索用整理であり、区の公式な課題分類ではない。","B_strong_structural","{""matched_rule_id"":""community-services-official-hierarchy"",""budget_item_key"":""2026_general_expenditure_02_03_06"",""identity_fields"":{""display_program_name"":""鎌田区民センター維持運営"",""hierarchy"":[""総務費"",""区民費"",""区民施設費""],""department_display_name"":""砧総合支所 地域振興課"",""amount_thousand_yen"":93729},""member_programs"":[{""program_id"":""2026_general_expenditure_02_03_06_01_24_01"",""major_program_name"":""区民施設維持運営費"",""budget_program_name"":""鎌田区民センター維持運営"",""detail_program_name"":""鎌田区民センター維持運営"",""source_file"":""ippansaisyutu.csv"",""source_row_number"":9194}],""same_budget_item_other_program_names"":[""烏山区民会館・区民センター維持運営"",""烏山地域区民センター業務委託"",""烏山地域区民施設改修"",""烏山地域区民集会所維持運営"",""烏山地域生涯学習事務"",""烏山地域地区会館維持運営"",""砧区民会館維持運営"",""砧地域区民センター事業委託"",""砧地域区民施設改修"",""砧地域区民集会所維持運営"",""砧地域生涯学習事務"",""砧地域地区会館維持運営"",""宮坂区民センター維持運営"",""玉川区民会館維持運営"",""玉川地域区民センター維持運営"",""玉川地域区民センター事業委託"",""玉川地域区民施設改修"",""玉川地域生涯学習事務"",""玉川地域地区会館維持運営"",""区民斎場維持運営"",""弦巻区民センター維持運営"",""桜丘区民センター維持運営"",""上北沢区民センター維持運営"",""世田谷区民会館維持運営"",""世田谷区民会館別館等維持運営"",""世田谷地域区民センター事業委託"",""世田谷地域区民施設改修"",""世田谷地域区民集会所維持運営"",""世田谷地域生涯学習事務"",""世田谷地域地区会館維持運営"",""太子堂区民センター維持運営"",""代田区民センター維持運営"",""粕谷区民センター維持運営"",""北沢区民会館維持運営"",""北沢地域区民センター事業委託"",""北沢地域区民施設改修"",""北沢地域区民集会所維持運営"",""北沢地域生涯学習事務"",""北沢地域地区会館維持運営"",""本庁舎等区民利用施設維持運営""],""related_revenues"":[{""revenue_detail_id"":""rd_2026_general_revenue_12_01_01_02_11_2435100000"",""revenue_hierarchy"":[""使用料及手数料"",""使用料"",""総務使用料"",""区民センター"",""鎌田区民センター""],""amount_attribution_status"":""not_available""},{""revenue_detail_id"":""rd_2026_general_revenue_15_01_01_03_29_2435100000"",""revenue_hierarchy"":[""財産収入"",""財産運用収入"",""財産貸付収入"",""建物貸付"",""鎌田区民センター""],""amount_attribution_status"":""not_available""},{""revenue_detail_id"":""rd_2026_general_revenue_19_06_09_05_62_2435100000"",""revenue_hierarchy"":[""諸収入"",""雑入"",""雑入"",""光熱水費等負担金"",""鎌田区民センター""],""amount_attribution_status"":""not_available""}]}","high","reject","[publication-policy] 広域な行政機能topicは具体的な課題topicと重複するため公開しない"
"bpi_11b9042aa43e6b16d862017996b9f63dc2b76d47ef5a912dc3baa46d7172c65c","烏山地域区民施設改修","一般会計","総務費","区民費","区民施設費","烏山総合支所 地域振興課","89138","地域・区民行政","supports","公式予算で区民総務費、支所費または区民施設費に属するため、地域・窓口・区民生活に関する行政機能を支える予算事業として整理した。これはみらい議会の探索用整理であり、区の公式な課題分類ではない。","B_strong_structural","{""matched_rule_id"":""community-services-official-hierarchy"",""budget_item_key"":""2026_general_expenditure_02_03_06"",""identity_fields"":{""display_program_name"":""烏山地域区民施設改修"",""hierarchy"":[""総務費"",""区民費"",""区民施設費""],""department_display_name"":""烏山総合支所 地域振興課"",""amount_thousand_yen"":89138},""member_programs"":[{""program_id"":""2026_general_expenditure_02_03_06_02_06_01"",""major_program_name"":""区民施設改修費"",""budget_program_name"":""烏山地域区民施設改修"",""detail_program_name"":""烏山地域区民施設改修"",""source_file"":""ippansaisyutu.csv"",""source_row_number"":9228}],""same_budget_item_other_program_names"":[""烏山区民会館・区民センター維持運営"",""烏山地域区民センター業務委託"",""烏山地域区民集会所維持運営"",""烏山地域生涯学習事務"",""烏山地域地区会館維持運営"",""鎌田区民センター維持運営"",""砧区民会館維持運営"",""砧地域区民センター事業委託"",""砧地域区民施設改修"",""砧地域区民集会所維持運営"",""砧地域生涯学習事務"",""砧地域地区会館維持運営"",""宮坂区民センター維持運営"",""玉川区民会館維持運営"",""玉川地域区民センター維持運営"",""玉川地域区民センター事業委託"",""玉川地域区民施設改修"",""玉川地域生涯学習事務"",""玉川地域地区会館維持運営"",""区民斎場維持運営"",""弦巻区民センター維持運営"",""桜丘区民センター維持運営"",""上北沢区民センター維持運営"",""世田谷区民会館維持運営"",""世田谷区民会館別館等維持運営"",""世田谷地域区民センター事業委託"",""世田谷地域区民施設改修"",""世田谷地域区民集会所維持運営"",""世田谷地域生涯学習事務"",""世田谷地域地区会館維持運営"",""太子堂区民センター維持運営"",""代田区民センター維持運営"",""粕谷区民センター維持運営"",""北沢区民会館維持運営"",""北沢地域区民センター事業委託"",""北沢地域区民施設改修"",""北沢地域区民集会所維持運営"",""北沢地域生涯学習事務"",""北沢地域地区会館維持運営"",""本庁舎等区民利用施設維持運営""],""related_revenues"":[]}","high","reject","[publication-policy] 広域な行政機能topicは具体的な課題topicと重複するため公開しない"
"bpi_589280d45d8a8fa1b8b6eee1ae26c3fcf9a4034c315fdcb0a32d72f68f6a75c8","北沢地域支所・出張所改修","一般会計","総務費","区民費","支所費","北沢総合支所 地域振興課","82878","地域・区民行政","supports","公式予算で区民総務費、支所費または区民施設費に属するため、地域・窓口・区民生活に関する行政機能を支える予算事業として整理した。これはみらい議会の探索用整理であり、区の公式な課題分類ではない。","B_strong_structural","{""matched_rule_id"":""community-services-official-hierarchy"",""budget_item_key"":""2026_general_expenditure_02_03_02"",""identity_fields"":{""display_program_name"":""北沢地域支所・出張所改修"",""hierarchy"":[""総務費"",""区民費"",""支所費""],""department_display_name"":""北沢総合支所 地域振興課"",""amount_thousand_yen"":82878},""member_programs"":[{""program_id"":""2026_general_expenditure_02_03_02_04_05_01"",""major_program_name"":""総合支所・出張所改修費"",""budget_program_name"":""北沢地域支所・出張所改修"",""detail_program_name"":""北沢地域支所・出張所改修"",""source_file"":""ippansaisyutu.csv"",""source_row_number"":9129}],""same_budget_item_other_program_names"":[""烏山総合支所・出張所改築事務"",""烏山総合支所維持管理"",""烏山総合支所庶務事務"",""烏山地域支所・出張所改修"",""烏山地域出張所維持運営"",""砧総合支所維持管理"",""砧総合支所庶務事務"",""砧地域支所・出張所改修"",""砧地域出張所維持運営"",""玉川総合支所維持管理"",""玉川総合支所庶務事務"",""玉川地域支所・出張所改修"",""玉川地域出張所維持運営"",""計画・相談事業運営（烏山）"",""計画・相談事業運営（砧）"",""計画・相談事業運営（玉川）"",""計画・相談事業運営（世田谷）"",""計画・相談事業運営（北沢）"",""出張所機能充実"",""世田谷総合支所・出張所改築事務"",""世田谷総合支所庶務事務"",""世田谷地域出張所維持運営"",""世田谷地域出張所改修"",""総合窓口化の推進"",""地域経営事務調整（烏山）"",""地域経営事務調整（砧）"",""地域経営事務調整（玉川）"",""地域経営事務調整（世田谷）"",""地域経営事務調整（北沢）"",""町会・自治会会館建設等助成事務"",""北沢総合支所維持管理"",""北沢総合支所庶務事務"",""北沢地域出張所維持運営""],""related_revenues"":[]}","high","reject","[publication-policy] 広域な行政機能topicは具体的な課題topicと重複するため公開しない"
"bpi_c479ad4865617ccf029e607efb932d7855d34dc1337be4f06a5c98c7a9ff23b8","世田谷地域区民施設改修","一般会計","総務費","区民費","区民施設費","世田谷総合支所 地域振興課","79697","地域・区民行政","supports","公式予算で区民総務費、支所費または区民施設費に属するため、地域・窓口・区民生活に関する行政機能を支える予算事業として整理した。これはみらい議会の探索用整理であり、区の公式な課題分類ではない。","B_strong_structural","{""matched_rule_id"":""community-services-official-hierarchy"",""budget_item_key"":""2026_general_expenditure_02_03_06"",""identity_fields"":{""display_program_name"":""世田谷地域区民施設改修"",""hierarchy"":[""総務費"",""区民費"",""区民施設費""],""department_display_name"":""世田谷総合支所 地域振興課"",""amount_thousand_yen"":79697},""member_programs"":[{""program_id"":""2026_general_expenditure_02_03_06_02_01_01"",""major_program_name"":""区民施設改修費"",""budget_program_name"":""世田谷地域区民施設改修"",""detail_program_name"":""世田谷地域区民施設改修"",""source_file"":""ippansaisyutu.csv"",""source_row_number"":9103}],""same_budget_item_other_program_names"":[""烏山区民会館・区民センター維持運営"",""烏山地域区民センター業務委託"",""烏山地域区民施設改修"",""烏山地域区民集会所維持運営"",""烏山地域生涯学習事務"",""烏山地域地区会館維持運営"",""鎌田区民センター維持運営"",""砧区民会館維持運営"",""砧地域区民センター事業委託"",""砧地域区民施設改修"",""砧地域区民集会所維持運営"",""砧地域生涯学習事務"",""砧地域地区会館維持運営"",""宮坂区民センター維持運営"",""玉川区民会館維持運営"",""玉川地域区民センター維持運営"",""玉川地域区民センター事業委託"",""玉川地域区民施設改修"",""玉川地域生涯学習事務"",""玉川地域地区会館維持運営"",""区民斎場維持運営"",""弦巻区民センター維持運営"",""桜丘区民センター維持運営"",""上北沢区民センター維持運営"",""世田谷区民会館維持運営"",""世田谷区民会館別館等維持運営"",""世田谷地域区民センター事業委託"",""世田谷地域区民集会所維持運営"",""世田谷地域生涯学習事務"",""世田谷地域地区会館維持運営"",""太子堂区民センター維持運営"",""代田区民センター維持運営"",""粕谷区民センター維持運営"",""北沢区民会館維持運営"",""北沢地域区民センター事業委託"",""北沢地域区民施設改修"",""北沢地域区民集会所維持運営"",""北沢地域生涯学習事務"",""北沢地域地区会館維持運営"",""本庁舎等区民利用施設維持運営""],""related_revenues"":[]}","high","reject","[publication-policy] 広域な行政機能topicは具体的な課題topicと重複するため公開しない"
"bpi_751f3643eb3178f9f3129cce6578da6bf7d1f6714bd7e07fa6c0bb5771e63f0a","太子堂区民センター維持運営","一般会計","総務費","区民費","区民施設費","世田谷総合支所 地域振興課","76757","地域・区民行政","supports","公式予算で区民総務費、支所費または区民施設費に属するため、地域・窓口・区民生活に関する行政機能を支える予算事業として整理した。これはみらい議会の探索用整理であり、区の公式な課題分類ではない。","B_strong_structural","{""matched_rule_id"":""community-services-official-hierarchy"",""budget_item_key"":""2026_general_expenditure_02_03_06"",""identity_fields"":{""display_program_name"":""太子堂区民センター維持運営"",""hierarchy"":[""総務費"",""区民費"",""区民施設費""],""department_display_name"":""世田谷総合支所 地域振興課"",""amount_thousand_yen"":76757},""member_programs"":[{""program_id"":""2026_general_expenditure_02_03_06_01_04_01"",""major_program_name"":""区民施設維持運営費"",""budget_program_name"":""太子堂区民センター維持運営"",""detail_program_name"":""太子堂区民センター維持運営"",""source_file"":""ippansaisyutu.csv"",""source_row_number"":9096}],""same_budget_item_other_program_names"":[""烏山区民会館・区民センター維持運営"",""烏山地域区民センター業務委託"",""烏山地域区民施設改修"",""烏山地域区民集会所維持運営"",""烏山地域生涯学習事務"",""烏山地域地区会館維持運営"",""鎌田区民センター維持運営"",""砧区民会館維持運営"",""砧地域区民センター事業委託"",""砧地域区民施設改修"",""砧地域区民集会所維持運営"",""砧地域生涯学習事務"",""砧地域地区会館維持運営"",""宮坂区民センター維持運営"",""玉川区民会館維持運営"",""玉川地域区民センター維持運営"",""玉川地域区民センター事業委託"",""玉川地域区民施設改修"",""玉川地域生涯学習事務"",""玉川地域地区会館維持運営"",""区民斎場維持運営"",""弦巻区民センター維持運営"",""桜丘区民センター維持運営"",""上北沢区民センター維持運営"",""世田谷区民会館維持運営"",""世田谷区民会館別館等維持運営"",""世田谷地域区民センター事業委託"",""世田谷地域区民施設改修"",""世田谷地域区民集会所維持運営"",""世田谷地域生涯学習事務"",""世田谷地域地区会館維持運営"",""代田区民センター維持運営"",""粕谷区民センター維持運営"",""北沢区民会館維持運営"",""北沢地域区民センター事業委託"",""北沢地域区民施設改修"",""北沢地域区民集会所維持運営"",""北沢地域生涯学習事務"",""北沢地域地区会館維持運営"",""本庁舎等区民利用施設維持運営""],""related_revenues"":[{""revenue_detail_id"":""rd_2026_general_revenue_12_01_01_02_02_2135100000"",""revenue_hierarchy"":[""使用料及手数料"",""使用料"",""総務使用料"",""区民センター"",""太子堂区民センター""],""amount_attribution_status"":""not_available""},{""revenue_detail_id"":""rd_2026_general_revenue_15_01_01_04_60_2135100000"",""revenue_hierarchy"":[""財産収入"",""財産運用収入"",""財産貸付収入"",""土地貸付"",""太子堂区民センター""],""amount_attribution_status"":""not_available""},{""revenue_detail_id"":""rd_2026_general_revenue_19_06_09_54_42_2135100000"",""revenue_hierarchy"":[""諸収入"",""雑入"",""雑入"",""光熱水費等負担金（２）"",""太子堂区民センター""],""amount_attribution_status"":""not_available""}]}","high","reject","[publication-policy] 広域な行政機能topicは具体的な課題topicと重複するため公開しない"
"bpi_1c9d6dc1f0126db2ba1ae91d17986a865c108fc841d45999f7267af66efe3c4b","北沢区民会館維持運営","一般会計","総務費","区民費","区民施設費","北沢総合支所 地域振興課","73374","地域・区民行政","supports","公式予算で区民総務費、支所費または区民施設費に属するため、地域・窓口・区民生活に関する行政機能を支える予算事業として整理した。これはみらい議会の探索用整理であり、区の公式な課題分類ではない。","B_strong_structural","{""matched_rule_id"":""community-services-official-hierarchy"",""budget_item_key"":""2026_general_expenditure_02_03_06"",""identity_fields"":{""display_program_name"":""北沢区民会館維持運営"",""hierarchy"":[""総務費"",""区民費"",""区民施設費""],""department_display_name"":""北沢総合支所 地域振興課"",""amount_thousand_yen"":73374},""member_programs"":[{""program_id"":""2026_general_expenditure_02_03_06_01_10_01"",""major_program_name"":""区民施設維持運営費"",""budget_program_name"":""北沢区民会館維持運営"",""detail_program_name"":""北沢区民会館維持運営"",""source_file"":""ippansaisyutu.csv"",""source_row_number"":9130}],""same_budget_item_other_program_names"":[""烏山区民会館・区民センター維持運営"",""烏山地域区民センター業務委託"",""烏山地域区民施設改修"",""烏山地域区民集会所維持運営"",""烏山地域生涯学習事務"",""烏山地域地区会館維持運営"",""鎌田区民センター維持運営"",""砧区民会館維持運営"",""砧地域区民センター事業委託"",""砧地域区民施設改修"",""砧地域区民集会所維持運営"",""砧地域生涯学習事務"",""砧地域地区会館維持運営"",""宮坂区民センター維持運営"",""玉川区民会館維持運営"",""玉川地域区民センター維持運営"",""玉川地域区民センター事業委託"",""玉川地域区民施設改修"",""玉川地域生涯学習事務"",""玉川地域地区会館維持運営"",""区民斎場維持運営"",""弦巻区民センター維持運営"",""桜丘区民センター維持運営"",""上北沢区民センター維持運営"",""世田谷区民会館維持運営"",""世田谷区民会館別館等維持運営"",""世田谷地域区民センター事業委託"",""世田谷地域区民施設改修"",""世田谷地域区民集会所維持運営"",""世田谷地域生涯学習事務"",""世田谷地域地区会館維持運営"",""太子堂区民センター維持運営"",""代田区民センター維持運営"",""粕谷区民センター維持運営"",""北沢地域区民センター事業委託"",""北沢地域区民施設改修"",""北沢地域区民集会所維持運営"",""北沢地域生涯学習事務"",""北沢地域地区会館維持運営"",""本庁舎等区民利用施設維持運営""],""related_revenues"":[]}","high","reject","[publication-policy] 広域な行政機能topicは具体的な課題topicと重複するため公開しない"
"bpi_7c59c0022b9c77ea73fd6358563522355208ec1912043f1ab6bd44b64aaccbd0","烏山地域出張所維持運営","一般会計","総務費","区民費","支所費","烏山総合支所 地域振興課","60879","地域・区民行政","supports","公式予算で区民総務費、支所費または区民施設費に属するため、地域・窓口・区民生活に関する行政機能を支える予算事業として整理した。これはみらい議会の探索用整理であり、区の公式な課題分類ではない。","B_strong_structural","{""matched_rule_id"":""community-services-official-hierarchy"",""budget_item_key"":""2026_general_expenditure_02_03_02"",""identity_fields"":{""display_program_name"":""烏山地域出張所維持運営"",""hierarchy"":[""総務費"",""区民費"",""支所費""],""department_display_name"":""烏山総合支所 地域振興課"",""amount_thousand_yen"":60879},""member_programs"":[{""program_id"":""2026_general_expenditure_02_03_02_02_05_01"",""major_program_name"":""出張所維持運営費"",""budget_program_name"":""烏山地域出張所維持運営"",""detail_program_name"":""烏山地域出張所維持運営"",""source_file"":""ippansaisyutu.csv"",""source_row_number"":9217}],""same_budget_item_other_program_names"":[""烏山総合支所・出張所改築事務"",""烏山総合支所維持管理"",""烏山総合支所庶務事務"",""烏山地域支所・出張所改修"",""砧総合支所維持管理"",""砧総合支所庶務事務"",""砧地域支所・出張所改修"",""砧地域出張所維持運営"",""玉川総合支所維持管理"",""玉川総合支所庶務事務"",""玉川地域支所・出張所改修"",""玉川地域出張所維持運営"",""計画・相談事業運営（烏山）"",""計画・相談事業運営（砧）"",""計画・相談事業運営（玉川）"",""計画・相談事業運営（世田谷）"",""計画・相談事業運営（北沢）"",""出張所機能充実"",""世田谷総合支所・出張所改築事務"",""世田谷総合支所庶務事務"",""世田谷地域出張所維持運営"",""世田谷地域出張所改修"",""総合窓口化の推進"",""地域経営事務調整（烏山）"",""地域経営事務調整（砧）"",""地域経営事務調整（玉川）"",""地域経営事務調整（世田谷）"",""地域経営事務調整（北沢）"",""町会・自治会会館建設等助成事務"",""北沢総合支所維持管理"",""北沢総合支所庶務事務"",""北沢地域支所・出張所改修"",""北沢地域出張所維持運営""],""related_revenues"":[{""revenue_detail_id"":""rd_2026_general_revenue_19_06_09_54_17_2535100000"",""revenue_hierarchy"":[""諸収入"",""雑入"",""雑入"",""光熱水費等負担金（２）"",""烏山地域出張所""],""amount_attribution_status"":""not_available""}]}","high","reject","[publication-policy] 広域な行政機能topicは具体的な課題topicと重複するため公開しない"
"bpi_7100bc03fe9af3950615221aa57a7429d4aeb1d36939f009752e0e01ba1f778f","北沢地域区民集会所維持運営","一般会計","総務費","区民費","区民施設費","北沢総合支所 地域振興課","53164","地域・区民行政","supports","公式予算で区民総務費、支所費または区民施設費に属するため、地域・窓口・区民生活に関する行政機能を支える予算事業として整理した。これはみらい議会の探索用整理であり、区の公式な課題分類ではない。","B_strong_structural","{""matched_rule_id"":""community-services-official-hierarchy"",""budget_item_key"":""2026_general_expenditure_02_03_06"",""identity_fields"":{""display_program_name"":""北沢地域区民集会所維持運営"",""hierarchy"":[""総務費"",""区民費"",""区民施設費""],""department_display_name"":""北沢総合支所 地域振興課"",""amount_thousand_yen"":53164},""member_programs"":[{""program_id"":""2026_general_expenditure_02_03_06_01_15_01"",""major_program_name"":""区民施設維持運営費"",""budget_program_name"":""北沢地域区民集会所維持運営"",""detail_program_name"":""北沢地域区民集会所維持運営"",""source_file"":""ippansaisyutu.csv"",""source_row_number"":9135}],""same_budget_item_other_program_names"":[""烏山区民会館・区民センター維持運営"",""烏山地域区民センター業務委託"",""烏山地域区民施設改修"",""烏山地域区民集会所維持運営"",""烏山地域生涯学習事務"",""烏山地域地区会館維持運営"",""鎌田区民センター維持運営"",""砧区民会館維持運営"",""砧地域区民センター事業委託"",""砧地域区民施設改修"",""砧地域区民集会所維持運営"",""砧地域生涯学習事務"",""砧地域地区会館維持運営"",""宮坂区民センター維持運営"",""玉川区民会館維持運営"",""玉川地域区民センター維持運営"",""玉川地域区民センター事業委託"",""玉川地域区民施設改修"",""玉川地域生涯学習事務"",""玉川地域地区会館維持運営"",""区民斎場維持運営"",""弦巻区民センター維持運営"",""桜丘区民センター維持運営"",""上北沢区民センター維持運営"",""世田谷区民会館維持運営"",""世田谷区民会館別館等維持運営"",""世田谷地域区民センター事業委託"",""世田谷地域区民施設改修"",""世田谷地域区民集会所維持運営"",""世田谷地域生涯学習事務"",""世田谷地域地区会館維持運営"",""太子堂区民センター維持運営"",""代田区民センター維持運営"",""粕谷区民センター維持運営"",""北沢区民会館維持運営"",""北沢地域区民センター事業委託"",""北沢地域区民施設改修"",""北沢地域生涯学習事務"",""北沢地域地区会館維持運営"",""本庁舎等区民利用施設維持運営""],""related_revenues"":[{""revenue_detail_id"":""rd_2026_general_revenue_12_01_01_12_02_2235100000"",""revenue_hierarchy"":[""使用料及手数料"",""使用料"",""総務使用料"",""区民集会所"",""北沢地域区民集会所""],""amount_attribution_status"":""not_available""}]}","high","reject","[publication-policy] 広域な行政機能topicは具体的な課題topicと重複するため公開しない"
"bpi_9af5005263b606829d253c41b2163dab4d92b942a6c7feae633de9788fa17732","北沢地域区民施設改修","一般会計","総務費","区民費","区民施設費","北沢総合支所 地域振興課","48186","地域・区民行政","supports","公式予算で区民総務費、支所費または区民施設費に属するため、地域・窓口・区民生活に関する行政機能を支える予算事業として整理した。これはみらい議会の探索用整理であり、区の公式な課題分類ではない。","B_strong_structural","{""matched_rule_id"":""community-services-official-hierarchy"",""budget_item_key"":""2026_general_expenditure_02_03_06"",""identity_fields"":{""display_program_name"":""北沢地域区民施設改修"",""hierarchy"":[""総務費"",""区民費"",""区民施設費""],""department_display_name"":""北沢総合支所 地域振興課"",""amount_thousand_yen"":48186},""member_programs"":[{""program_id"":""2026_general_expenditure_02_03_06_02_02_01"",""major_program_name"":""区民施設改修費"",""budget_program_name"":""北沢地域区民施設改修"",""detail_program_name"":""北沢地域区民施設改修"",""source_file"":""ippansaisyutu.csv"",""source_row_number"":9136}],""same_budget_item_other_program_names"":[""烏山区民会館・区民センター維持運営"",""烏山地域区民センター業務委託"",""烏山地域区民施設改修"",""烏山地域区民集会所維持運営"",""烏山地域生涯学習事務"",""烏山地域地区会館維持運営"",""鎌田区民センター維持運営"",""砧区民会館維持運営"",""砧地域区民センター事業委託"",""砧地域区民施設改修"",""砧地域区民集会所維持運営"",""砧地域生涯学習事務"",""砧地域地区会館維持運営"",""宮坂区民センター維持運営"",""玉川区民会館維持運営"",""玉川地域区民センター維持運営"",""玉川地域区民センター事業委託"",""玉川地域区民施設改修"",""玉川地域生涯学習事務"",""玉川地域地区会館維持運営"",""区民斎場維持運営"",""弦巻区民センター維持運営"",""桜丘区民センター維持運営"",""上北沢区民センター維持運営"",""世田谷区民会館維持運営"",""世田谷区民会館別館等維持運営"",""世田谷地域区民センター事業委託"",""世田谷地域区民施設改修"",""世田谷地域区民集会所維持運営"",""世田谷地域生涯学習事務"",""世田谷地域地区会館維持運営"",""太子堂区民センター維持運営"",""代田区民センター維持運営"",""粕谷区民センター維持運営"",""北沢区民会館維持運営"",""北沢地域区民センター事業委託"",""北沢地域区民集会所維持運営"",""北沢地域生涯学習事務"",""北沢地域地区会館維持運営"",""本庁舎等区民利用施設維持運営""],""related_revenues"":[]}","high","reject","[publication-policy] 広域な行政機能topicは具体的な課題topicと重複するため公開しない"
"bpi_2339af35e3154a6207f3cef70213d4668bfce6fc078f22fbbb0807f4606867ea","世田谷総合支所・出張所改築事務","一般会計","総務費","区民費","支所費","世田谷総合支所 地域振興課","48004","地域・区民行政","supports","公式予算で区民総務費、支所費または区民施設費に属するため、地域・窓口・区民生活に関する行政機能を支える予算事業として整理した。これはみらい議会の探索用整理であり、区の公式な課題分類ではない。","B_strong_structural","{""matched_rule_id"":""community-services-official-hierarchy"",""budget_item_key"":""2026_general_expenditure_02_03_02"",""identity_fields"":{""display_program_name"":""世田谷総合支所・出張所改築事務"",""hierarchy"":[""総務費"",""区民費"",""支所費""],""department_display_name"":""世田谷総合支所 地域振興課"",""amount_thousand_yen"":48004},""member_programs"":[{""program_id"":""2026_general_expenditure_02_03_02_08_01_01"",""major_program_name"":""総合支所・出張所改築費"",""budget_program_name"":""世田谷総合支所・出張所改築事務"",""detail_program_name"":""世田谷総合支所・出張所改築事務"",""source_file"":""ippansaisyutu.csv"",""source_row_number"":9093}],""same_budget_item_other_program_names"":[""烏山総合支所・出張所改築事務"",""烏山総合支所維持管理"",""烏山総合支所庶務事務"",""烏山地域支所・出張所改修"",""烏山地域出張所維持運営"",""砧総合支所維持管理"",""砧総合支所庶務事務"",""砧地域支所・出張所改修"",""砧地域出張所維持運営"",""玉川総合支所維持管理"",""玉川総合支所庶務事務"",""玉川地域支所・出張所改修"",""玉川地域出張所維持運営"",""計画・相談事業運営（烏山）"",""計画・相談事業運営（砧）"",""計画・相談事業運営（玉川）"",""計画・相談事業運営（世田谷）"",""計画・相談事業運営（北沢）"",""出張所機能充実"",""世田谷総合支所庶務事務"",""世田谷地域出張所維持運営"",""世田谷地域出張所改修"",""総合窓口化の推進"",""地域経営事務調整（烏山）"",""地域経営事務調整（砧）"",""地域経営事務調整（玉川）"",""地域経営事務調整（世田谷）"",""地域経営事務調整（北沢）"",""町会・自治会会館建設等助成事務"",""北沢総合支所維持管理"",""北沢総合支所庶務事務"",""北沢地域支所・出張所改修"",""北沢地域出張所維持運営""],""related_revenues"":[]}","high","reject","[publication-policy] 広域な行政機能topicは具体的な課題topicと重複するため公開しない"
"bpi_46eb8a3b474855f7a468012b785ad8a7565d1c214faf97b2da78f90690006818","砧地域地区会館維持運営","一般会計","総務費","区民費","区民施設費","砧総合支所 地域振興課","40194","地域・区民行政","supports","公式予算で区民総務費、支所費または区民施設費に属するため、地域・窓口・区民生活に関する行政機能を支える予算事業として整理した。これはみらい議会の探索用整理であり、区の公式な課題分類ではない。","B_strong_structural","{""matched_rule_id"":""community-services-official-hierarchy"",""budget_item_key"":""2026_general_expenditure_02_03_06"",""identity_fields"":{""display_program_name"":""砧地域地区会館維持運営"",""hierarchy"":[""総務費"",""区民費"",""区民施設費""],""department_display_name"":""砧総合支所 地域振興課"",""amount_thousand_yen"":40194},""member_programs"":[{""program_id"":""2026_general_expenditure_02_03_06_01_25_01"",""major_program_name"":""区民施設維持運営費"",""budget_program_name"":""砧地域地区会館維持運営"",""detail_program_name"":""砧地域地区会館維持運営"",""source_file"":""ippansaisyutu.csv"",""source_row_number"":9195}],""same_budget_item_other_program_names"":[""烏山区民会館・区民センター維持運営"",""烏山地域区民センター業務委託"",""烏山地域区民施設改修"",""烏山地域区民集会所維持運営"",""烏山地域生涯学習事務"",""烏山地域地区会館維持運営"",""鎌田区民センター維持運営"",""砧区民会館維持運営"",""砧地域区民センター事業委託"",""砧地域区民施設改修"",""砧地域区民集会所維持運営"",""砧地域生涯学習事務"",""宮坂区民センター維持運営"",""玉川区民会館維持運営"",""玉川地域区民センター維持運営"",""玉川地域区民センター事業委託"",""玉川地域区民施設改修"",""玉川地域生涯学習事務"",""玉川地域地区会館維持運営"",""区民斎場維持運営"",""弦巻区民センター維持運営"",""桜丘区民センター維持運営"",""上北沢区民センター維持運営"",""世田谷区民会館維持運営"",""世田谷区民会館別館等維持運営"",""世田谷地域区民センター事業委託"",""世田谷地域区民施設改修"",""世田谷地域区民集会所維持運営"",""世田谷地域生涯学習事務"",""世田谷地域地区会館維持運営"",""太子堂区民センター維持運営"",""代田区民センター維持運営"",""粕谷区民センター維持運営"",""北沢区民会館維持運営"",""北沢地域区民センター事業委託"",""北沢地域区民施設改修"",""北沢地域区民集会所維持運営"",""北沢地域生涯学習事務"",""北沢地域地区会館維持運営"",""本庁舎等区民利用施設維持運営""],""related_revenues"":[{""revenue_detail_id"":""rd_2026_general_revenue_12_01_01_05_12_2435100000"",""revenue_hierarchy"":[""使用料及手数料"",""使用料"",""総務使用料"",""総務施設"",""砧地域地区会館""],""amount_attribution_status"":""not_available""},{""revenue_detail_id"":""rd_2026_general_revenue_12_01_01_11_04_2435100000"",""revenue_hierarchy"":[""使用料及手数料"",""使用料"",""総務使用料"",""地区会館"",""砧地域地区会館""],""amount_attribution_status"":""not_available""}]}","high","reject","[publication-policy] 広域な行政機能topicは具体的な課題topicと重複するため公開しない"
"bpi_5743b7f24432b061f0817fb55244e87e9dac04480e956613f83263cc86168dbc","烏山地域地区会館維持運営","一般会計","総務費","区民費","区民施設費","烏山総合支所 地域振興課","37814","地域・区民行政","supports","公式予算で区民総務費、支所費または区民施設費に属するため、地域・窓口・区民生活に関する行政機能を支える予算事業として整理した。これはみらい議会の探索用整理であり、区の公式な課題分類ではない。","B_strong_structural","{""matched_rule_id"":""community-services-official-hierarchy"",""budget_item_key"":""2026_general_expenditure_02_03_06"",""identity_fields"":{""display_program_name"":""烏山地域地区会館維持運営"",""hierarchy"":[""総務費"",""区民費"",""区民施設費""],""department_display_name"":""烏山総合支所 地域振興課"",""amount_thousand_yen"":37814},""member_programs"":[{""program_id"":""2026_general_expenditure_02_03_06_01_32_01"",""major_program_name"":""区民施設維持運営費"",""budget_program_name"":""烏山地域地区会館維持運営"",""detail_program_name"":""烏山地域地区会館維持運営"",""source_file"":""ippansaisyutu.csv"",""source_row_number"":9225}],""same_budget_item_other_program_names"":[""烏山区民会館・区民センター維持運営"",""烏山地域区民センター業務委託"",""烏山地域区民施設改修"",""烏山地域区民集会所維持運営"",""烏山地域生涯学習事務"",""鎌田区民センター維持運営"",""砧区民会館維持運営"",""砧地域区民センター事業委託"",""砧地域区民施設改修"",""砧地域区民集会所維持運営"",""砧地域生涯学習事務"",""砧地域地区会館維持運営"",""宮坂区民センター維持運営"",""玉川区民会館維持運営"",""玉川地域区民センター維持運営"",""玉川地域区民センター事業委託"",""玉川地域区民施設改修"",""玉川地域生涯学習事務"",""玉川地域地区会館維持運営"",""区民斎場維持運営"",""弦巻区民センター維持運営"",""桜丘区民センター維持運営"",""上北沢区民センター維持運営"",""世田谷区民会館維持運営"",""世田谷区民会館別館等維持運営"",""世田谷地域区民センター事業委託"",""世田谷地域区民施設改修"",""世田谷地域区民集会所維持運営"",""世田谷地域生涯学習事務"",""世田谷地域地区会館維持運営"",""太子堂区民センター維持運営"",""代田区民センター維持運営"",""粕谷区民センター維持運営"",""北沢区民会館維持運営"",""北沢地域区民センター事業委託"",""北沢地域区民施設改修"",""北沢地域区民集会所維持運営"",""北沢地域生涯学習事務"",""北沢地域地区会館維持運営"",""本庁舎等区民利用施設維持運営""],""related_revenues"":[{""revenue_detail_id"":""rd_2026_general_revenue_12_01_01_05_17_2535100000"",""revenue_hierarchy"":[""使用料及手数料"",""使用料"",""総務使用料"",""総務施設"",""烏山地域地区会館""],""amount_attribution_status"":""not_available""},{""revenue_detail_id"":""rd_2026_general_revenue_12_01_01_11_05_2535100000"",""revenue_hierarchy"":[""使用料及手数料"",""使用料"",""総務使用料"",""地区会館"",""烏山地域地区会館""],""amount_attribution_status"":""not_available""},{""revenue_detail_id"":""rd_2026_general_revenue_15_01_01_04_85_2535100000"",""revenue_hierarchy"":[""財産収入"",""財産運用収入"",""財産貸付収入"",""土地貸付"",""烏山地域地区会館""],""amount_attribution_status"":""not_available""},{""revenue_detail_id"":""rd_2026_general_revenue_19_06_09_05_74_2535100000"",""revenue_hierarchy"":[""諸収入"",""雑入"",""雑入"",""光熱水費等負担金"",""烏山地区地区会館""],""amount_attribution_status"":""not_available""}]}","high","reject","[publication-policy] 広域な行政機能topicは具体的な課題topicと重複するため公開しない"
"bpi_e56f487b94d3279993236f259d07632544bb023224929e3e337345a7ca4c8876","砧区民会館維持運営","一般会計","総務費","区民費","区民施設費","砧総合支所 地域振興課","36041","地域・区民行政","supports","公式予算で区民総務費、支所費または区民施設費に属するため、地域・窓口・区民生活に関する行政機能を支える予算事業として整理した。これはみらい議会の探索用整理であり、区の公式な課題分類ではない。","B_strong_structural","{""matched_rule_id"":""community-services-official-hierarchy"",""budget_item_key"":""2026_general_expenditure_02_03_06"",""identity_fields"":{""display_program_name"":""砧区民会館維持運営"",""hierarchy"":[""総務費"",""区民費"",""区民施設費""],""department_display_name"":""砧総合支所 地域振興課"",""amount_thousand_yen"":36041},""member_programs"":[{""program_id"":""2026_general_expenditure_02_03_06_01_21_01"",""major_program_name"":""区民施設維持運営費"",""budget_program_name"":""砧区民会館維持運営"",""detail_program_name"":""砧区民会館維持運営"",""source_file"":""ippansaisyutu.csv"",""source_row_number"":9191}],""same_budget_item_other_program_names"":[""烏山区民会館・区民センター維持運営"",""烏山地域区民センター業務委託"",""烏山地域区民施設改修"",""烏山地域区民集会所維持運営"",""烏山地域生涯学習事務"",""烏山地域地区会館維持運営"",""鎌田区民センター維持運営"",""砧地域区民センター事業委託"",""砧地域区民施設改修"",""砧地域区民集会所維持運営"",""砧地域生涯学習事務"",""砧地域地区会館維持運営"",""宮坂区民センター維持運営"",""玉川区民会館維持運営"",""玉川地域区民センター維持運営"",""玉川地域区民センター事業委託"",""玉川地域区民施設改修"",""玉川地域生涯学習事務"",""玉川地域地区会館維持運営"",""区民斎場維持運営"",""弦巻区民センター維持運営"",""桜丘区民センター維持運営"",""上北沢区民センター維持運営"",""世田谷区民会館維持運営"",""世田谷区民会館別館等維持運営"",""世田谷地域区民センター事業委託"",""世田谷地域区民施設改修"",""世田谷地域区民集会所維持運営"",""世田谷地域生涯学習事務"",""世田谷地域地区会館維持運営"",""太子堂区民センター維持運営"",""代田区民センター維持運営"",""粕谷区民センター維持運営"",""北沢区民会館維持運営"",""北沢地域区民センター事業委託"",""北沢地域区民施設改修"",""北沢地域区民集会所維持運営"",""北沢地域生涯学習事務"",""北沢地域地区会館維持運営"",""本庁舎等区民利用施設維持運営""],""related_revenues"":[]}","high","reject","[publication-policy] 広域な行政機能topicは具体的な課題topicと重複するため公開しない"
"bpi_bc84d4ffce9e985fe6ddf80342c25ee3bcbd7c3c0e21805c99624eb7f7edf59b","梅まつり","一般会計","総務費","区民費","区民総務費","北沢総合支所 地域振興課","35644","地域・区民行政","supports","公式予算で区民総務費、支所費または区民施設費に属するため、地域・窓口・区民生活に関する行政機能を支える予算事業として整理した。これはみらい議会の探索用整理であり、区の公式な課題分類ではない。","B_strong_structural","{""matched_rule_id"":""community-services-official-hierarchy"",""budget_item_key"":""2026_general_expenditure_02_03_01"",""identity_fields"":{""display_program_name"":""梅まつり"",""hierarchy"":[""総務費"",""区民費"",""区民総務費""],""department_display_name"":""北沢総合支所 地域振興課"",""amount_thousand_yen"":35644},""member_programs"":[{""program_id"":""2026_general_expenditure_02_03_01_03_08_01"",""major_program_name"":""ふるさとまつり運営協力費"",""budget_program_name"":""梅まつり"",""detail_program_name"":""梅まつり"",""source_file"":""ippansaisyutu.csv"",""source_row_number"":9123}],""same_budget_item_other_program_names"":[""ＤＶ防止・困難な問題を抱える女性支援事業"",""ふるさとまつり協賛（烏山）"",""ふるさとまつり協賛（砧）"",""ふるさとまつり協賛（玉川）"",""ふるさとまつり協賛（世田谷）"",""ふるさとまつり協賛（北沢）"",""まちづくり推進（烏山）"",""まちづくり推進（砧）"",""まちづくり推進（玉川）"",""まちづくり推進（世田谷）"",""まちづくり推進（北沢）"",""安全安心まちづくりの推進"",""区広報板維持管理"",""公共施設利用案内システム維持運営"",""災害時地域助け合い活動支援"",""市民活動の促進"",""自主的コミュニティづくりの支援"",""住居表示維持管理"",""出張所広報"",""人権推進事業"",""生活文化政策部庶務事務"",""青少年対策（烏山）"",""青少年対策（砧）"",""青少年対策（玉川）"",""青少年対策（世田谷）"",""青少年対策（北沢）"",""多摩川花火大会"",""男女共同参画センター維持運営"",""男女共同参画社会推進事業"",""地域活動推進（烏山）"",""地域活動推進（砧）"",""地域活動推進（玉川）"",""地域活動推進（世田谷）"",""地域活動推進（北沢）"",""地域交流・まつり事業支援"",""地域行政部庶務事務"",""地域包括ケア地区展開調整事務"",""町会自治会等事業助成"",""二十歳のつどい"",""犯罪被害者等支援事業"",""犯罪被害者等支援等基金積立金"",""平和資料館維持運営"",""平和都市宣言事業"",""防犯カメラ整備・維持管理助成"",""防犯協会・防火防災協会（砧）"",""防犯協会・防火防災協会（玉川）"",""防犯協会・防火防災協会（世田谷）"",""北沢防犯協会（北沢）"",""臨海部広域斎場組合負担金""],""related_revenues"":[]}","high","reject","[publication-policy] 広域な行政機能topicは具体的な課題topicと重複するため公開しない"
"bpi_0b0c85b0e99916380da98424dbe3d70dc4fcabdaa5578f57e44604cfd9a2c74f","町会自治会等事業助成","一般会計","総務費","区民費","区民総務費","地域行政部 地域行政課","33913","地域・区民行政","supports","公式予算で区民総務費、支所費または区民施設費に属するため、地域・窓口・区民生活に関する行政機能を支える予算事業として整理した。これはみらい議会の探索用整理であり、区の公式な課題分類ではない。","B_strong_structural","{""matched_rule_id"":""community-services-official-hierarchy"",""budget_item_key"":""2026_general_expenditure_02_03_01"",""identity_fields"":{""display_program_name"":""町会自治会等事業助成"",""hierarchy"":[""総務費"",""区民費"",""区民総務費""],""department_display_name"":""地域行政部 地域行政課"",""amount_thousand_yen"":33913},""member_programs"":[{""program_id"":""2026_general_expenditure_02_03_01_01_01_01"",""major_program_name"":""区民関係事務運営費"",""budget_program_name"":""町会自治会等事業助成"",""detail_program_name"":""町会自治会等事業助成"",""source_file"":""ippansaisyutu.csv"",""source_row_number"":9406}],""same_budget_item_other_program_names"":[""ＤＶ防止・困難な問題を抱える女性支援事業"",""ふるさとまつり協賛（烏山）"",""ふるさとまつり協賛（砧）"",""ふるさとまつり協賛（玉川）"",""ふるさとまつり協賛（世田谷）"",""ふるさとまつり協賛（北沢）"",""まちづくり推進（烏山）"",""まちづくり推進（砧）"",""まちづくり推進（玉川）"",""まちづくり推進（世田谷）"",""まちづくり推進（北沢）"",""安全安心まちづくりの推進"",""区広報板維持管理"",""公共施設利用案内システム維持運営"",""災害時地域助け合い活動支援"",""市民活動の促進"",""自主的コミュニティづくりの支援"",""住居表示維持管理"",""出張所広報"",""人権推進事業"",""生活文化政策部庶務事務"",""青少年対策（烏山）"",""青少年対策（砧）"",""青少年対策（玉川）"",""青少年対策（世田谷）"",""青少年対策（北沢）"",""多摩川花火大会"",""男女共同参画センター維持運営"",""男女共同参画社会推進事業"",""地域活動推進（烏山）"",""地域活動推進（砧）"",""地域活動推進（玉川）"",""地域活動推進（世田谷）"",""地域活動推進（北沢）"",""地域交流・まつり事業支援"",""地域行政部庶務事務"",""地域包括ケア地区展開調整事務"",""二十歳のつどい"",""梅まつり"",""犯罪被害者等支援事業"",""犯罪被害者等支援等基金積立金"",""平和資料館維持運営"",""平和都市宣言事業"",""防犯カメラ整備・維持管理助成"",""防犯協会・防火防災協会（砧）"",""防犯協会・防火防災協会（玉川）"",""防犯協会・防火防災協会（世田谷）"",""北沢防犯協会（北沢）"",""臨海部広域斎場組合負担金""],""related_revenues"":[]}","high","reject","[publication-policy] 広域な行政機能topicは具体的な課題topicと重複するため公開しない"
"bpi_fdeea785c596412e6e4e6bf576445e34a39fdc526ca77939ee15631c18ea9cfe","出張所機能充実","一般会計","総務費","区民費","支所費","地域行政部 住民記録・戸籍課","32960","地域・区民行政","supports","公式予算で区民総務費、支所費または区民施設費に属するため、地域・窓口・区民生活に関する行政機能を支える予算事業として整理した。これはみらい議会の探索用整理であり、区の公式な課題分類ではない。","B_strong_structural","{""matched_rule_id"":""community-services-official-hierarchy"",""budget_item_key"":""2026_general_expenditure_02_03_02"",""identity_fields"":{""display_program_name"":""出張所機能充実"",""hierarchy"":[""総務費"",""区民費"",""支所費""],""department_display_name"":""地域行政部 住民記録・戸籍課"",""amount_thousand_yen"":32960},""member_programs"":[{""program_id"":""2026_general_expenditure_02_03_02_02_06_01"",""major_program_name"":""出張所維持運営費"",""budget_program_name"":""出張所機能充実"",""detail_program_name"":""出張所機能充実"",""source_file"":""ippansaisyutu.csv"",""source_row_number"":9418}],""same_budget_item_other_program_names"":[""烏山総合支所・出張所改築事務"",""烏山総合支所維持管理"",""烏山総合支所庶務事務"",""烏山地域支所・出張所改修"",""烏山地域出張所維持運営"",""砧総合支所維持管理"",""砧総合支所庶務事務"",""砧地域支所・出張所改修"",""砧地域出張所維持運営"",""玉川総合支所維持管理"",""玉川総合支所庶務事務"",""玉川地域支所・出張所改修"",""玉川地域出張所維持運営"",""計画・相談事業運営（烏山）"",""計画・相談事業運営（砧）"",""計画・相談事業運営（玉川）"",""計画・相談事業運営（世田谷）"",""計画・相談事業運営（北沢）"",""世田谷総合支所・出張所改築事務"",""世田谷総合支所庶務事務"",""世田谷地域出張所維持運営"",""世田谷地域出張所改修"",""総合窓口化の推進"",""地域経営事務調整（烏山）"",""地域経営事務調整（砧）"",""地域経営事務調整（玉川）"",""地域経営事務調整（世田谷）"",""地域経営事務調整（北沢）"",""町会・自治会会館建設等助成事務"",""北沢総合支所維持管理"",""北沢総合支所庶務事務"",""北沢地域支所・出張所改修"",""北沢地域出張所維持運営""],""related_revenues"":[]}","high","reject","[publication-policy] 広域な行政機能topicは具体的な課題topicと重複するため公開しない"
"bpi_928c377890b0caf6a48c2daa1223f5b02c049177d02070cdbe557f7c5967c64c","自主的コミュニティづくりの支援","一般会計","総務費","区民費","区民総務費","世田谷総合支所 地域振興課","30926","地域・区民行政","supports","公式予算で区民総務費、支所費または区民施設費に属するため、地域・窓口・区民生活に関する行政機能を支える予算事業として整理した。これはみらい議会の探索用整理であり、区の公式な課題分類ではない。","B_strong_structural","{""matched_rule_id"":""community-services-official-hierarchy"",""budget_item_key"":""2026_general_expenditure_02_03_01"",""identity_fields"":{""display_program_name"":""自主的コミュニティづくりの支援"",""hierarchy"":[""総務費"",""区民費"",""区民総務費""],""department_display_name"":""世田谷総合支所 地域振興課"",""amount_thousand_yen"":30926},""member_programs"":[{""program_id"":""2026_general_expenditure_02_03_01_02_24_01"",""major_program_name"":""まちづくり推進事業費"",""budget_program_name"":""自主的コミュニティづくりの支援"",""detail_program_name"":""自主的コミュニティづくりの支援"",""source_file"":""ippansaisyutu.csv"",""source_row_number"":9086}],""same_budget_item_other_program_names"":[""ＤＶ防止・困難な問題を抱える女性支援事業"",""ふるさとまつり協賛（烏山）"",""ふるさとまつり協賛（砧）"",""ふるさとまつり協賛（玉川）"",""ふるさとまつり協賛（世田谷）"",""ふるさとまつり協賛（北沢）"",""まちづくり推進（烏山）"",""まちづくり推進（砧）"",""まちづくり推進（玉川）"",""まちづくり推進（世田谷）"",""まちづくり推進（北沢）"",""安全安心まちづくりの推進"",""区広報板維持管理"",""公共施設利用案内システム維持運営"",""災害時地域助け合い活動支援"",""市民活動の促進"",""住居表示維持管理"",""出張所広報"",""人権推進事業"",""生活文化政策部庶務事務"",""青少年対策（烏山）"",""青少年対策（砧）"",""青少年対策（玉川）"",""青少年対策（世田谷）"",""青少年対策（北沢）"",""多摩川花火大会"",""男女共同参画センター維持運営"",""男女共同参画社会推進事業"",""地域活動推進（烏山）"",""地域活動推進（砧）"",""地域活動推進（玉川）"",""地域活動推進（世田谷）"",""地域活動推進（北沢）"",""地域交流・まつり事業支援"",""地域行政部庶務事務"",""地域包括ケア地区展開調整事務"",""町会自治会等事業助成"",""二十歳のつどい"",""梅まつり"",""犯罪被害者等支援事業"",""犯罪被害者等支援等基金積立金"",""平和資料館維持運営"",""平和都市宣言事業"",""防犯カメラ整備・維持管理助成"",""防犯協会・防火防災協会（砧）"",""防犯協会・防火防災協会（玉川）"",""防犯協会・防火防災協会（世田谷）"",""北沢防犯協会（北沢）"",""臨海部広域斎場組合負担金""],""related_revenues"":[]}","high","reject","[publication-policy] 広域な行政機能topicは具体的な課題topicと重複するため公開しない"
"bpi_ed0d340b446afaaa17d1942aa7ad70674e41954c4c1a202d749eae1f7cc02c25","烏山地域区民集会所維持運営","一般会計","総務費","区民費","区民施設費","烏山総合支所 地域振興課","30677","地域・区民行政","supports","公式予算で区民総務費、支所費または区民施設費に属するため、地域・窓口・区民生活に関する行政機能を支える予算事業として整理した。これはみらい議会の探索用整理であり、区の公式な課題分類ではない。","B_strong_structural","{""matched_rule_id"":""community-services-official-hierarchy"",""budget_item_key"":""2026_general_expenditure_02_03_06"",""identity_fields"":{""display_program_name"":""烏山地域区民集会所維持運営"",""hierarchy"":[""総務費"",""区民費"",""区民施設費""],""department_display_name"":""烏山総合支所 地域振興課"",""amount_thousand_yen"":30677},""member_programs"":[{""program_id"":""2026_general_expenditure_02_03_06_01_34_01"",""major_program_name"":""区民施設維持運営費"",""budget_program_name"":""烏山地域区民集会所維持運営"",""detail_program_name"":""烏山地域区民集会所維持運営"",""source_file"":""ippansaisyutu.csv"",""source_row_number"":9227}],""same_budget_item_other_program_names"":[""烏山区民会館・区民センター維持運営"",""烏山地域区民センター業務委託"",""烏山地域区民施設改修"",""烏山地域生涯学習事務"",""烏山地域地区会館維持運営"",""鎌田区民センター維持運営"",""砧区民会館維持運営"",""砧地域区民センター事業委託"",""砧地域区民施設改修"",""砧地域区民集会所維持運営"",""砧地域生涯学習事務"",""砧地域地区会館維持運営"",""宮坂区民センター維持運営"",""玉川区民会館維持運営"",""玉川地域区民センター維持運営"",""玉川地域区民センター事業委託"",""玉川地域区民施設改修"",""玉川地域生涯学習事務"",""玉川地域地区会館維持運営"",""区民斎場維持運営"",""弦巻区民センター維持運営"",""桜丘区民センター維持運営"",""上北沢区民センター維持運営"",""世田谷区民会館維持運営"",""世田谷区民会館別館等維持運営"",""世田谷地域区民センター事業委託"",""世田谷地域区民施設改修"",""世田谷地域区民集会所維持運営"",""世田谷地域生涯学習事務"",""世田谷地域地区会館維持運営"",""太子堂区民センター維持運営"",""代田区民センター維持運営"",""粕谷区民センター維持運営"",""北沢区民会館維持運営"",""北沢地域区民センター事業委託"",""北沢地域区民施設改修"",""北沢地域区民集会所維持運営"",""北沢地域生涯学習事務"",""北沢地域地区会館維持運営"",""本庁舎等区民利用施設維持運営""],""related_revenues"":[{""revenue_detail_id"":""rd_2026_general_revenue_12_01_01_12_05_2535100000"",""revenue_hierarchy"":[""使用料及手数料"",""使用料"",""総務使用料"",""区民集会所"",""烏山地域区民集会所""],""amount_attribution_status"":""not_available""},{""revenue_detail_id"":""rd_2026_general_revenue_15_01_01_04_92_2535100000"",""revenue_hierarchy"":[""財産収入"",""財産運用収入"",""財産貸付収入"",""土地貸付"",""烏山地域区民集会所""],""amount_attribution_status"":""not_available""},{""revenue_detail_id"":""rd_2026_general_revenue_19_06_12_05_04_2535100000"",""revenue_hierarchy"":[""諸収入"",""雑入"",""雑入（２）"",""光熱水費等負担金（３）"",""烏山地域区民集会所""],""amount_attribution_status"":""not_available""}]}","high","reject","[publication-policy] 広域な行政機能topicは具体的な課題topicと重複するため公開しない"
"bpi_4001c16560b970abdc00aaaf0b69c7e87e612504c9fe055fb4fab4a6056b5f84","烏山総合支所・出張所改築事務","一般会計","総務費","区民費","支所費","烏山総合支所 地域振興課","30030","地域・区民行政","supports","公式予算で区民総務費、支所費または区民施設費に属するため、地域・窓口・区民生活に関する行政機能を支える予算事業として整理した。これはみらい議会の探索用整理であり、区の公式な課題分類ではない。","B_strong_structural","{""matched_rule_id"":""community-services-official-hierarchy"",""budget_item_key"":""2026_general_expenditure_02_03_02"",""identity_fields"":{""display_program_name"":""烏山総合支所・出張所改築事務"",""hierarchy"":[""総務費"",""区民費"",""支所費""],""department_display_name"":""烏山総合支所 地域振興課"",""amount_thousand_yen"":30030},""member_programs"":[{""program_id"":""2026_general_expenditure_02_03_02_08_12_01"",""major_program_name"":""総合支所・出張所改築費"",""budget_program_name"":""烏山総合支所・出張所改築事務"",""detail_program_name"":""烏山総合支所・出張所改築事務"",""source_file"":""ippansaisyutu.csv"",""source_row_number"":9219}],""same_budget_item_other_program_names"":[""烏山総合支所維持管理"",""烏山総合支所庶務事務"",""烏山地域支所・出張所改修"",""烏山地域出張所維持運営"",""砧総合支所維持管理"",""砧総合支所庶務事務"",""砧地域支所・出張所改修"",""砧地域出張所維持運営"",""玉川総合支所維持管理"",""玉川総合支所庶務事務"",""玉川地域支所・出張所改修"",""玉川地域出張所維持運営"",""計画・相談事業運営（烏山）"",""計画・相談事業運営（砧）"",""計画・相談事業運営（玉川）"",""計画・相談事業運営（世田谷）"",""計画・相談事業運営（北沢）"",""出張所機能充実"",""世田谷総合支所・出張所改築事務"",""世田谷総合支所庶務事務"",""世田谷地域出張所維持運営"",""世田谷地域出張所改修"",""総合窓口化の推進"",""地域経営事務調整（烏山）"",""地域経営事務調整（砧）"",""地域経営事務調整（玉川）"",""地域経営事務調整（世田谷）"",""地域経営事務調整（北沢）"",""町会・自治会会館建設等助成事務"",""北沢総合支所維持管理"",""北沢総合支所庶務事務"",""北沢地域支所・出張所改修"",""北沢地域出張所維持運営""],""related_revenues"":[]}","high","reject","[publication-policy] 広域な行政機能topicは具体的な課題topicと重複するため公開しない"
"bpi_4d9a4c54de45422820fc45f2eb3f02b674c60c35f5016f08e269570e179e309e","砧地域区民集会所維持運営","一般会計","総務費","区民費","区民施設費","砧総合支所 地域振興課","29579","地域・区民行政","supports","公式予算で区民総務費、支所費または区民施設費に属するため、地域・窓口・区民生活に関する行政機能を支える予算事業として整理した。これはみらい議会の探索用整理であり、区の公式な課題分類ではない。","B_strong_structural","{""matched_rule_id"":""community-services-official-hierarchy"",""budget_item_key"":""2026_general_expenditure_02_03_06"",""identity_fields"":{""display_program_name"":""砧地域区民集会所維持運営"",""hierarchy"":[""総務費"",""区民費"",""区民施設費""],""department_display_name"":""砧総合支所 地域振興課"",""amount_thousand_yen"":29579},""member_programs"":[{""program_id"":""2026_general_expenditure_02_03_06_01_26_01"",""major_program_name"":""区民施設維持運営費"",""budget_program_name"":""砧地域区民集会所維持運営"",""detail_program_name"":""砧地域区民集会所維持運営"",""source_file"":""ippansaisyutu.csv"",""source_row_number"":9196}],""same_budget_item_other_program_names"":[""烏山区民会館・区民センター維持運営"",""烏山地域区民センター業務委託"",""烏山地域区民施設改修"",""烏山地域区民集会所維持運営"",""烏山地域生涯学習事務"",""烏山地域地区会館維持運営"",""鎌田区民センター維持運営"",""砧区民会館維持運営"",""砧地域区民センター事業委託"",""砧地域区民施設改修"",""砧地域生涯学習事務"",""砧地域地区会館維持運営"",""宮坂区民センター維持運営"",""玉川区民会館維持運営"",""玉川地域区民センター維持運営"",""玉川地域区民センター事業委託"",""玉川地域区民施設改修"",""玉川地域生涯学習事務"",""玉川地域地区会館維持運営"",""区民斎場維持運営"",""弦巻区民センター維持運営"",""桜丘区民センター維持運営"",""上北沢区民センター維持運営"",""世田谷区民会館維持運営"",""世田谷区民会館別館等維持運営"",""世田谷地域区民センター事業委託"",""世田谷地域区民施設改修"",""世田谷地域区民集会所維持運営"",""世田谷地域生涯学習事務"",""世田谷地域地区会館維持運営"",""太子堂区民センター維持運営"",""代田区民センター維持運営"",""粕谷区民センター維持運営"",""北沢区民会館維持運営"",""北沢地域区民センター事業委託"",""北沢地域区民施設改修"",""北沢地域区民集会所維持運営"",""北沢地域生涯学習事務"",""北沢地域地区会館維持運営"",""本庁舎等区民利用施設維持運営""],""related_revenues"":[{""revenue_detail_id"":""rd_2026_general_revenue_12_01_01_12_04_2435100000"",""revenue_hierarchy"":[""使用料及手数料"",""使用料"",""総務使用料"",""区民集会所"",""砧地域区民集会所""],""amount_attribution_status"":""not_available""}]}","high","reject","[publication-policy] 広域な行政機能topicは具体的な課題topicと重複するため公開しない"
"bpi_d69c8f3868a0459dace69418c364dbc0bdef2f61b764508ff66a0b74f8559153","男女共同参画社会推進事業","一般会計","総務費","区民費","区民総務費","生活文化政策部 人権男女共同参画課","27795","地域・区民行政","supports","公式予算で区民総務費、支所費または区民施設費に属するため、地域・窓口・区民生活に関する行政機能を支える予算事業として整理した。これはみらい議会の探索用整理であり、区の公式な課題分類ではない。","B_strong_structural","{""matched_rule_id"":""community-services-official-hierarchy"",""budget_item_key"":""2026_general_expenditure_02_03_01"",""identity_fields"":{""display_program_name"":""男女共同参画社会推進事業"",""hierarchy"":[""総務費"",""区民費"",""区民総務費""],""department_display_name"":""生活文化政策部 人権男女共同参画課"",""amount_thousand_yen"":27795},""member_programs"":[{""program_id"":""2026_general_expenditure_02_03_01_05_02_01"",""major_program_name"":""男女共同参画社会推進事業費"",""budget_program_name"":""男女共同参画社会推進事業"",""detail_program_name"":""男女共同参画社会推進事業"",""source_file"":""ippansaisyutu.csv"",""source_row_number"":9394}],""same_budget_item_other_program_names"":[""ＤＶ防止・困難な問題を抱える女性支援事業"",""ふるさとまつり協賛（烏山）"",""ふるさとまつり協賛（砧）"",""ふるさとまつり協賛（玉川）"",""ふるさとまつり協賛（世田谷）"",""ふるさとまつり協賛（北沢）"",""まちづくり推進（烏山）"",""まちづくり推進（砧）"",""まちづくり推進（玉川）"",""まちづくり推進（世田谷）"",""まちづくり推進（北沢）"",""安全安心まちづくりの推進"",""区広報板維持管理"",""公共施設利用案内システム維持運営"",""災害時地域助け合い活動支援"",""市民活動の促進"",""自主的コミュニティづくりの支援"",""住居表示維持管理"",""出張所広報"",""人権推進事業"",""生活文化政策部庶務事務"",""青少年対策（烏山）"",""青少年対策（砧）"",""青少年対策（玉川）"",""青少年対策（世田谷）"",""青少年対策（北沢）"",""多摩川花火大会"",""男女共同参画センター維持運営"",""地域活動推進（烏山）"",""地域活動推進（砧）"",""地域活動推進（玉川）"",""地域活動推進（世田谷）"",""地域活動推進（北沢）"",""地域交流・まつり事業支援"",""地域行政部庶務事務"",""地域包括ケア地区展開調整事務"",""町会自治会等事業助成"",""二十歳のつどい"",""梅まつり"",""犯罪被害者等支援事業"",""犯罪被害者等支援等基金積立金"",""平和資料館維持運営"",""平和都市宣言事業"",""防犯カメラ整備・維持管理助成"",""防犯協会・防火防災協会（砧）"",""防犯協会・防火防災協会（玉川）"",""防犯協会・防火防災協会（世田谷）"",""北沢防犯協会（北沢）"",""臨海部広域斎場組合負担金""],""related_revenues"":[{""revenue_detail_id"":""rd_2026_general_revenue_13_02_01_92_01_3405450000"",""revenue_hierarchy"":[""国庫支出金"",""国庫補助金"",""民生費補助金"",""地域女性活躍推進交付金"",""女性活躍推進等事業""],""amount_attribution_status"":""not_available""}]}","high","reject","[publication-policy] 広域な行政機能topicは具体的な課題topicと重複するため公開しない"
"bpi_b697673205119273185803cf8ea22b7d72e13a99b21b7b27efb1d5172af5c562","世田谷地域区民集会所維持運営","一般会計","総務費","区民費","区民施設費","世田谷総合支所 地域振興課","25700","地域・区民行政","supports","公式予算で区民総務費、支所費または区民施設費に属するため、地域・窓口・区民生活に関する行政機能を支える予算事業として整理した。これはみらい議会の探索用整理であり、区の公式な課題分類ではない。","B_strong_structural","{""matched_rule_id"":""community-services-official-hierarchy"",""budget_item_key"":""2026_general_expenditure_02_03_06"",""identity_fields"":{""display_program_name"":""世田谷地域区民集会所維持運営"",""hierarchy"":[""総務費"",""区民費"",""区民施設費""],""department_display_name"":""世田谷総合支所 地域振興課"",""amount_thousand_yen"":25700},""member_programs"":[{""program_id"":""2026_general_expenditure_02_03_06_01_09_01"",""major_program_name"":""区民施設維持運営費"",""budget_program_name"":""世田谷地域区民集会所維持運営"",""detail_program_name"":""世田谷地域区民集会所維持運営"",""source_file"":""ippansaisyutu.csv"",""source_row_number"":9101}],""same_budget_item_other_program_names"":[""烏山区民会館・区民センター維持運営"",""烏山地域区民センター業務委託"",""烏山地域区民施設改修"",""烏山地域区民集会所維持運営"",""烏山地域生涯学習事務"",""烏山地域地区会館維持運営"",""鎌田区民センター維持運営"",""砧区民会館維持運営"",""砧地域区民センター事業委託"",""砧地域区民施設改修"",""砧地域区民集会所維持運営"",""砧地域生涯学習事務"",""砧地域地区会館維持運営"",""宮坂区民センター維持運営"",""玉川区民会館維持運営"",""玉川地域区民センター維持運営"",""玉川地域区民センター事業委託"",""玉川地域区民施設改修"",""玉川地域生涯学習事務"",""玉川地域地区会館維持運営"",""区民斎場維持運営"",""弦巻区民センター維持運営"",""桜丘区民センター維持運営"",""上北沢区民センター維持運営"",""世田谷区民会館維持運営"",""世田谷区民会館別館等維持運営"",""世田谷地域区民センター事業委託"",""世田谷地域区民施設改修"",""世田谷地域生涯学習事務"",""世田谷地域地区会館維持運営"",""太子堂区民センター維持運営"",""代田区民センター維持運営"",""粕谷区民センター維持運営"",""北沢区民会館維持運営"",""北沢地域区民センター事業委託"",""北沢地域区民施設改修"",""北沢地域区民集会所維持運営"",""北沢地域生涯学習事務"",""北沢地域地区会館維持運営"",""本庁舎等区民利用施設維持運営""],""related_revenues"":[{""revenue_detail_id"":""rd_2026_general_revenue_12_01_01_12_01_2135100000"",""revenue_hierarchy"":[""使用料及手数料"",""使用料"",""総務使用料"",""区民集会所"",""世田谷地域区民集会所""],""amount_attribution_status"":""not_available""}]}","high","reject","[publication-policy] 広域な行政機能topicは具体的な課題topicと重複するため公開しない"
"bpi_4c0364fd16219b65bd54e96d6fa4d4c62fb5019b2bf11b6d09220e4b9ad8e4a1","ふるさとまつり協賛（北沢）","一般会計","総務費","区民費","区民総務費","北沢総合支所 地域振興課","24874","地域・区民行政","supports","公式予算で区民総務費、支所費または区民施設費に属するため、地域・窓口・区民生活に関する行政機能を支える予算事業として整理した。これはみらい議会の探索用整理であり、区の公式な課題分類ではない。","B_strong_structural","{""matched_rule_id"":""community-services-official-hierarchy"",""budget_item_key"":""2026_general_expenditure_02_03_01"",""identity_fields"":{""display_program_name"":""ふるさとまつり協賛（北沢）"",""hierarchy"":[""総務費"",""区民費"",""区民総務費""],""department_display_name"":""北沢総合支所 地域振興課"",""amount_thousand_yen"":24874},""member_programs"":[{""program_id"":""2026_general_expenditure_02_03_01_03_04_01"",""major_program_name"":""ふるさとまつり運営協力費"",""budget_program_name"":""ふるさとまつり協賛（北沢）"",""detail_program_name"":""ふるさとまつり協賛（北沢）"",""source_file"":""ippansaisyutu.csv"",""source_row_number"":9122}],""same_budget_item_other_program_names"":[""ＤＶ防止・困難な問題を抱える女性支援事業"",""ふるさとまつり協賛（烏山）"",""ふるさとまつり協賛（砧）"",""ふるさとまつり協賛（玉川）"",""ふるさとまつり協賛（世田谷）"",""まちづくり推進（烏山）"",""まちづくり推進（砧）"",""まちづくり推進（玉川）"",""まちづくり推進（世田谷）"",""まちづくり推進（北沢）"",""安全安心まちづくりの推進"",""区広報板維持管理"",""公共施設利用案内システム維持運営"",""災害時地域助け合い活動支援"",""市民活動の促進"",""自主的コミュニティづくりの支援"",""住居表示維持管理"",""出張所広報"",""人権推進事業"",""生活文化政策部庶務事務"",""青少年対策（烏山）"",""青少年対策（砧）"",""青少年対策（玉川）"",""青少年対策（世田谷）"",""青少年対策（北沢）"",""多摩川花火大会"",""男女共同参画センター維持運営"",""男女共同参画社会推進事業"",""地域活動推進（烏山）"",""地域活動推進（砧）"",""地域活動推進（玉川）"",""地域活動推進（世田谷）"",""地域活動推進（北沢）"",""地域交流・まつり事業支援"",""地域行政部庶務事務"",""地域包括ケア地区展開調整事務"",""町会自治会等事業助成"",""二十歳のつどい"",""梅まつり"",""犯罪被害者等支援事業"",""犯罪被害者等支援等基金積立金"",""平和資料館維持運営"",""平和都市宣言事業"",""防犯カメラ整備・維持管理助成"",""防犯協会・防火防災協会（砧）"",""防犯協会・防火防災協会（玉川）"",""防犯協会・防火防災協会（世田谷）"",""北沢防犯協会（北沢）"",""臨海部広域斎場組合負担金""],""related_revenues"":[]}","high","reject","[publication-policy] 広域な行政機能topicは具体的な課題topicと重複するため公開しない"
"bpi_2e566fd2f0ccb408d7bfaa68296fa51b599f9bc4f52d920690ad759974f523a5","ＤＶ防止・困難な問題を抱える女性支援事業","一般会計","総務費","区民費","区民総務費","生活文化政策部 人権男女共同参画課","24858","地域・区民行政","supports","公式予算で区民総務費、支所費または区民施設費に属するため、地域・窓口・区民生活に関する行政機能を支える予算事業として整理した。これはみらい議会の探索用整理であり、区の公式な課題分類ではない。","B_strong_structural","{""matched_rule_id"":""community-services-official-hierarchy"",""budget_item_key"":""2026_general_expenditure_02_03_01"",""identity_fields"":{""display_program_name"":""ＤＶ防止・困難な問題を抱える女性支援事業"",""hierarchy"":[""総務費"",""区民費"",""区民総務費""],""department_display_name"":""生活文化政策部 人権男女共同参画課"",""amount_thousand_yen"":24858},""member_programs"":[{""program_id"":""2026_general_expenditure_02_03_01_05_07_01"",""major_program_name"":""男女共同参画社会推進事業費"",""budget_program_name"":""ＤＶ防止・困難な問題を抱える女性支援事業"",""detail_program_name"":""ＤＶ防止・困難な問題を抱える女性支援事業"",""source_file"":""ippansaisyutu.csv"",""source_row_number"":9395}],""same_budget_item_other_program_names"":[""ふるさとまつり協賛（烏山）"",""ふるさとまつり協賛（砧）"",""ふるさとまつり協賛（玉川）"",""ふるさとまつり協賛（世田谷）"",""ふるさとまつり協賛（北沢）"",""まちづくり推進（烏山）"",""まちづくり推進（砧）"",""まちづくり推進（玉川）"",""まちづくり推進（世田谷）"",""まちづくり推進（北沢）"",""安全安心まちづくりの推進"",""区広報板維持管理"",""公共施設利用案内システム維持運営"",""災害時地域助け合い活動支援"",""市民活動の促進"",""自主的コミュニティづくりの支援"",""住居表示維持管理"",""出張所広報"",""人権推進事業"",""生活文化政策部庶務事務"",""青少年対策（烏山）"",""青少年対策（砧）"",""青少年対策（玉川）"",""青少年対策（世田谷）"",""青少年対策（北沢）"",""多摩川花火大会"",""男女共同参画センター維持運営"",""男女共同参画社会推進事業"",""地域活動推進（烏山）"",""地域活動推進（砧）"",""地域活動推進（玉川）"",""地域活動推進（世田谷）"",""地域活動推進（北沢）"",""地域交流・まつり事業支援"",""地域行政部庶務事務"",""地域包括ケア地区展開調整事務"",""町会自治会等事業助成"",""二十歳のつどい"",""梅まつり"",""犯罪被害者等支援事業"",""犯罪被害者等支援等基金積立金"",""平和資料館維持運営"",""平和都市宣言事業"",""防犯カメラ整備・維持管理助成"",""防犯協会・防火防災協会（砧）"",""防犯協会・防火防災協会（玉川）"",""防犯協会・防火防災協会（世田谷）"",""北沢防犯協会（北沢）"",""臨海部広域斎場組合負担金""],""related_revenues"":[{""revenue_detail_id"":""rd_2026_general_revenue_13_02_01_91_04_3405450000"",""revenue_hierarchy"":[""国庫支出金"",""国庫補助金"",""民生費補助金"",""困難な問題を抱える女性支援推進等事業"",""困難女性支援活動・ＤＶ対策機能強化事業""],""amount_attribution_status"":""not_available""}]}","high","reject","[publication-policy] 広域な行政機能topicは具体的な課題topicと重複するため公開しない"
"bpi_af9c9e3c46194f036673b2415ebb968f01bd99cba23445e52b0b9639c67c1b63","市民活動の促進","一般会計","総務費","区民費","区民総務費","生活文化政策部 市民活動推進課","24300","地域・区民行政","supports","公式予算で区民総務費、支所費または区民施設費に属するため、地域・窓口・区民生活に関する行政機能を支える予算事業として整理した。これはみらい議会の探索用整理であり、区の公式な課題分類ではない。","B_strong_structural","{""matched_rule_id"":""community-services-official-hierarchy"",""budget_item_key"":""2026_general_expenditure_02_03_01"",""identity_fields"":{""display_program_name"":""市民活動の促進"",""hierarchy"":[""総務費"",""区民費"",""区民総務費""],""department_display_name"":""生活文化政策部 市民活動推進課"",""amount_thousand_yen"":24300},""member_programs"":[{""program_id"":""2026_general_expenditure_02_03_01_01_09_01"",""major_program_name"":""区民関係事務運営費"",""budget_program_name"":""市民活動の促進"",""detail_program_name"":""市民活動の促進"",""source_file"":""ippansaisyutu.csv"",""source_row_number"":9360}],""same_budget_item_other_program_names"":[""ＤＶ防止・困難な問題を抱える女性支援事業"",""ふるさとまつり協賛（烏山）"",""ふるさとまつり協賛（砧）"",""ふるさとまつり協賛（玉川）"",""ふるさとまつり協賛（世田谷）"",""ふるさとまつり協賛（北沢）"",""まちづくり推進（烏山）"",""まちづくり推進（砧）"",""まちづくり推進（玉川）"",""まちづくり推進（世田谷）"",""まちづくり推進（北沢）"",""安全安心まちづくりの推進"",""区広報板維持管理"",""公共施設利用案内システム維持運営"",""災害時地域助け合い活動支援"",""自主的コミュニティづくりの支援"",""住居表示維持管理"",""出張所広報"",""人権推進事業"",""生活文化政策部庶務事務"",""青少年対策（烏山）"",""青少年対策（砧）"",""青少年対策（玉川）"",""青少年対策（世田谷）"",""青少年対策（北沢）"",""多摩川花火大会"",""男女共同参画センター維持運営"",""男女共同参画社会推進事業"",""地域活動推進（烏山）"",""地域活動推進（砧）"",""地域活動推進（玉川）"",""地域活動推進（世田谷）"",""地域活動推進（北沢）"",""地域交流・まつり事業支援"",""地域行政部庶務事務"",""地域包括ケア地区展開調整事務"",""町会自治会等事業助成"",""二十歳のつどい"",""梅まつり"",""犯罪被害者等支援事業"",""犯罪被害者等支援等基金積立金"",""平和資料館維持運営"",""平和都市宣言事業"",""防犯カメラ整備・維持管理助成"",""防犯協会・防火防災協会（砧）"",""防犯協会・防火防災協会（玉川）"",""防犯協会・防火防災協会（世田谷）"",""北沢防犯協会（北沢）"",""臨海部広域斎場組合負担金""],""related_revenues"":[{""revenue_detail_id"":""rd_2026_general_revenue_17_01_16_04_04_3405350000"",""revenue_hierarchy"":[""繰入金"",""基金繰入金"",""地域保健福祉等推進基金繰入金"",""市民活動の促進"",""市民活動の促進""],""amount_attribution_status"":""not_available""},{""revenue_detail_id"":""rd_2026_general_revenue_19_06_09_77_02_3405350000"",""revenue_hierarchy"":[""諸収入"",""雑入"",""雑入"",""自治総合センター補助金"",""コミュニティ助成事業""],""amount_attribution_status"":""not_available""}]}","high","reject","[publication-policy] 広域な行政機能topicは具体的な課題topicと重複するため公開しない"
"bpi_833853ba9dc7b8d5cda0fab7f75eec85af4b4f89d2b190ae1d850c494d352a52","地域行政部庶務事務","一般会計","総務費","区民費","区民総務費","地域行政部 地域行政課","20551","地域・区民行政","supports","公式予算で区民総務費、支所費または区民施設費に属するため、地域・窓口・区民生活に関する行政機能を支える予算事業として整理した。これはみらい議会の探索用整理であり、区の公式な課題分類ではない。","B_strong_structural","{""matched_rule_id"":""community-services-official-hierarchy"",""budget_item_key"":""2026_general_expenditure_02_03_01"",""identity_fields"":{""display_program_name"":""地域行政部庶務事務"",""hierarchy"":[""総務費"",""区民費"",""区民総務費""],""department_display_name"":""地域行政部 地域行政課"",""amount_thousand_yen"":20551},""member_programs"":[{""program_id"":""2026_general_expenditure_02_03_01_01_19_01"",""major_program_name"":""区民関係事務運営費"",""budget_program_name"":""地域行政部庶務事務"",""detail_program_name"":""地域行政部庶務事務"",""source_file"":""ippansaisyutu.csv"",""source_row_number"":9409}],""same_budget_item_other_program_names"":[""ＤＶ防止・困難な問題を抱える女性支援事業"",""ふるさとまつり協賛（烏山）"",""ふるさとまつり協賛（砧）"",""ふるさとまつり協賛（玉川）"",""ふるさとまつり協賛（世田谷）"",""ふるさとまつり協賛（北沢）"",""まちづくり推進（烏山）"",""まちづくり推進（砧）"",""まちづくり推進（玉川）"",""まちづくり推進（世田谷）"",""まちづくり推進（北沢）"",""安全安心まちづくりの推進"",""区広報板維持管理"",""公共施設利用案内システム維持運営"",""災害時地域助け合い活動支援"",""市民活動の促進"",""自主的コミュニティづくりの支援"",""住居表示維持管理"",""出張所広報"",""人権推進事業"",""生活文化政策部庶務事務"",""青少年対策（烏山）"",""青少年対策（砧）"",""青少年対策（玉川）"",""青少年対策（世田谷）"",""青少年対策（北沢）"",""多摩川花火大会"",""男女共同参画センター維持運営"",""男女共同参画社会推進事業"",""地域活動推進（烏山）"",""地域活動推進（砧）"",""地域活動推進（玉川）"",""地域活動推進（世田谷）"",""地域活動推進（北沢）"",""地域交流・まつり事業支援"",""地域包括ケア地区展開調整事務"",""町会自治会等事業助成"",""二十歳のつどい"",""梅まつり"",""犯罪被害者等支援事業"",""犯罪被害者等支援等基金積立金"",""平和資料館維持運営"",""平和都市宣言事業"",""防犯カメラ整備・維持管理助成"",""防犯協会・防火防災協会（砧）"",""防犯協会・防火防災協会（玉川）"",""防犯協会・防火防災協会（世田谷）"",""北沢防犯協会（北沢）"",""臨海部広域斎場組合負担金""],""related_revenues"":[]}","high","reject","[publication-policy] 広域な行政機能topicは具体的な課題topicと重複するため公開しない"
"bpi_c428fc69da6c8cc79ef71acd4bc1643c0bafcc9050050214320c02f3c21f62bf","区広報板維持管理","一般会計","総務費","区民費","区民総務費","地域行政部 地域行政課","19441","地域・区民行政","supports","公式予算で区民総務費、支所費または区民施設費に属するため、地域・窓口・区民生活に関する行政機能を支える予算事業として整理した。これはみらい議会の探索用整理であり、区の公式な課題分類ではない。","B_strong_structural","{""matched_rule_id"":""community-services-official-hierarchy"",""budget_item_key"":""2026_general_expenditure_02_03_01"",""identity_fields"":{""display_program_name"":""区広報板維持管理"",""hierarchy"":[""総務費"",""区民費"",""区民総務費""],""department_display_name"":""地域行政部 地域行政課"",""amount_thousand_yen"":19441},""member_programs"":[{""program_id"":""2026_general_expenditure_02_03_01_01_11_01"",""major_program_name"":""区民関係事務運営費"",""budget_program_name"":""区広報板維持管理"",""detail_program_name"":""区広報板維持管理"",""source_file"":""ippansaisyutu.csv"",""source_row_number"":9407}],""same_budget_item_other_program_names"":[""ＤＶ防止・困難な問題を抱える女性支援事業"",""ふるさとまつり協賛（烏山）"",""ふるさとまつり協賛（砧）"",""ふるさとまつり協賛（玉川）"",""ふるさとまつり協賛（世田谷）"",""ふるさとまつり協賛（北沢）"",""まちづくり推進（烏山）"",""まちづくり推進（砧）"",""まちづくり推進（玉川）"",""まちづくり推進（世田谷）"",""まちづくり推進（北沢）"",""安全安心まちづくりの推進"",""公共施設利用案内システム維持運営"",""災害時地域助け合い活動支援"",""市民活動の促進"",""自主的コミュニティづくりの支援"",""住居表示維持管理"",""出張所広報"",""人権推進事業"",""生活文化政策部庶務事務"",""青少年対策（烏山）"",""青少年対策（砧）"",""青少年対策（玉川）"",""青少年対策（世田谷）"",""青少年対策（北沢）"",""多摩川花火大会"",""男女共同参画センター維持運営"",""男女共同参画社会推進事業"",""地域活動推進（烏山）"",""地域活動推進（砧）"",""地域活動推進（玉川）"",""地域活動推進（世田谷）"",""地域活動推進（北沢）"",""地域交流・まつり事業支援"",""地域行政部庶務事務"",""地域包括ケア地区展開調整事務"",""町会自治会等事業助成"",""二十歳のつどい"",""梅まつり"",""犯罪被害者等支援事業"",""犯罪被害者等支援等基金積立金"",""平和資料館維持運営"",""平和都市宣言事業"",""防犯カメラ整備・維持管理助成"",""防犯協会・防火防災協会（砧）"",""防犯協会・防火防災協会（玉川）"",""防犯協会・防火防災協会（世田谷）"",""北沢防犯協会（北沢）"",""臨海部広域斎場組合負担金""],""related_revenues"":[{""revenue_detail_id"":""rd_2026_general_revenue_14_03_01_02_04_3415100000"",""revenue_hierarchy"":[""都支出金"",""都委託金"",""総務費委託金"",""自衛隊員募集費"",""自衛隊員募集""],""amount_attribution_status"":""not_available""}]}","high","reject","[publication-policy] 広域な行政機能topicは具体的な課題topicと重複するため公開しない"
"bpi_c5aacdfc595fd6176bcabc0281791df19532d5eb194205d0d59a9206d6b07339","世田谷総合支所庶務事務","一般会計","総務費","区民費","支所費","世田谷総合支所 地域振興課","17628","地域・区民行政","supports","公式予算で区民総務費、支所費または区民施設費に属するため、地域・窓口・区民生活に関する行政機能を支える予算事業として整理した。これはみらい議会の探索用整理であり、区の公式な課題分類ではない。","B_strong_structural","{""matched_rule_id"":""community-services-official-hierarchy"",""budget_item_key"":""2026_general_expenditure_02_03_02"",""identity_fields"":{""display_program_name"":""世田谷総合支所庶務事務"",""hierarchy"":[""総務費"",""区民費"",""支所費""],""department_display_name"":""世田谷総合支所 地域振興課"",""amount_thousand_yen"":17628},""member_programs"":[{""program_id"":""2026_general_expenditure_02_03_02_01_01_01"",""major_program_name"":""総合支所維持運営費"",""budget_program_name"":""世田谷総合支所庶務事務"",""detail_program_name"":""世田谷総合支所庶務事務"",""source_file"":""ippansaisyutu.csv"",""source_row_number"":9088}],""same_budget_item_other_program_names"":[""烏山総合支所・出張所改築事務"",""烏山総合支所維持管理"",""烏山総合支所庶務事務"",""烏山地域支所・出張所改修"",""烏山地域出張所維持運営"",""砧総合支所維持管理"",""砧総合支所庶務事務"",""砧地域支所・出張所改修"",""砧地域出張所維持運営"",""玉川総合支所維持管理"",""玉川総合支所庶務事務"",""玉川地域支所・出張所改修"",""玉川地域出張所維持運営"",""計画・相談事業運営（烏山）"",""計画・相談事業運営（砧）"",""計画・相談事業運営（玉川）"",""計画・相談事業運営（世田谷）"",""計画・相談事業運営（北沢）"",""出張所機能充実"",""世田谷総合支所・出張所改築事務"",""世田谷地域出張所維持運営"",""世田谷地域出張所改修"",""総合窓口化の推進"",""地域経営事務調整（烏山）"",""地域経営事務調整（砧）"",""地域経営事務調整（玉川）"",""地域経営事務調整（世田谷）"",""地域経営事務調整（北沢）"",""町会・自治会会館建設等助成事務"",""北沢総合支所維持管理"",""北沢総合支所庶務事務"",""北沢地域支所・出張所改修"",""北沢地域出張所維持運営""],""related_revenues"":[]}","high","reject","[publication-policy] 広域な行政機能topicは具体的な課題topicと重複するため公開しない"
"bpi_fab0c2d87f39f554fb29359f143526be54cee01f10d4fdbb513c140528931925","臨海部広域斎場組合負担金","一般会計","総務費","区民費","区民総務費","地域行政部 地域行政課","15023","地域・区民行政","supports","公式予算で区民総務費、支所費または区民施設費に属するため、地域・窓口・区民生活に関する行政機能を支える予算事業として整理した。これはみらい議会の探索用整理であり、区の公式な課題分類ではない。","B_strong_structural","{""matched_rule_id"":""community-services-official-hierarchy"",""budget_item_key"":""2026_general_expenditure_02_03_01"",""identity_fields"":{""display_program_name"":""臨海部広域斎場組合負担金"",""hierarchy"":[""総務費"",""区民費"",""区民総務費""],""department_display_name"":""地域行政部 地域行政課"",""amount_thousand_yen"":15023},""member_programs"":[{""program_id"":""2026_general_expenditure_02_03_01_02_01_01"",""major_program_name"":""まちづくり推進事業費"",""budget_program_name"":""臨海部広域斎場組合負担金"",""detail_program_name"":""臨海部広域斎場組合負担金"",""source_file"":""ippansaisyutu.csv"",""source_row_number"":9410}],""same_budget_item_other_program_names"":[""ＤＶ防止・困難な問題を抱える女性支援事業"",""ふるさとまつり協賛（烏山）"",""ふるさとまつり協賛（砧）"",""ふるさとまつり協賛（玉川）"",""ふるさとまつり協賛（世田谷）"",""ふるさとまつり協賛（北沢）"",""まちづくり推進（烏山）"",""まちづくり推進（砧）"",""まちづくり推進（玉川）"",""まちづくり推進（世田谷）"",""まちづくり推進（北沢）"",""安全安心まちづくりの推進"",""区広報板維持管理"",""公共施設利用案内システム維持運営"",""災害時地域助け合い活動支援"",""市民活動の促進"",""自主的コミュニティづくりの支援"",""住居表示維持管理"",""出張所広報"",""人権推進事業"",""生活文化政策部庶務事務"",""青少年対策（烏山）"",""青少年対策（砧）"",""青少年対策（玉川）"",""青少年対策（世田谷）"",""青少年対策（北沢）"",""多摩川花火大会"",""男女共同参画センター維持運営"",""男女共同参画社会推進事業"",""地域活動推進（烏山）"",""地域活動推進（砧）"",""地域活動推進（玉川）"",""地域活動推進（世田谷）"",""地域活動推進（北沢）"",""地域交流・まつり事業支援"",""地域行政部庶務事務"",""地域包括ケア地区展開調整事務"",""町会自治会等事業助成"",""二十歳のつどい"",""梅まつり"",""犯罪被害者等支援事業"",""犯罪被害者等支援等基金積立金"",""平和資料館維持運営"",""平和都市宣言事業"",""防犯カメラ整備・維持管理助成"",""防犯協会・防火防災協会（砧）"",""防犯協会・防火防災協会（玉川）"",""防犯協会・防火防災協会（世田谷）"",""北沢防犯協会（北沢）""],""related_revenues"":[]}","high","reject","[publication-policy] 広域な行政機能topicは具体的な課題topicと重複するため公開しない"
"bpi_ee9fa157fa2663b614b4dd4c935a67fcc3cd3e8e25a1c463fbec02dd7a6cad30","二十歳のつどい","一般会計","総務費","区民費","区民総務費","生活文化政策部 健康村・ふる交流課","14972","地域・区民行政","supports","公式予算で区民総務費、支所費または区民施設費に属するため、地域・窓口・区民生活に関する行政機能を支える予算事業として整理した。これはみらい議会の探索用整理であり、区の公式な課題分類ではない。","B_strong_structural","{""matched_rule_id"":""community-services-official-hierarchy"",""budget_item_key"":""2026_general_expenditure_02_03_01"",""identity_fields"":{""display_program_name"":""二十歳のつどい"",""hierarchy"":[""総務費"",""区民費"",""区民総務費""],""department_display_name"":""生活文化政策部 健康村・ふる交流課"",""amount_thousand_yen"":14972},""member_programs"":[{""program_id"":""2026_general_expenditure_02_03_01_04_11_01"",""major_program_name"":""青少年事業費"",""budget_program_name"":""二十歳のつどい"",""detail_program_name"":""二十歳のつどい"",""source_file"":""ippansaisyutu.csv"",""source_row_number"":9402}],""same_budget_item_other_program_names"":[""ＤＶ防止・困難な問題を抱える女性支援事業"",""ふるさとまつり協賛（烏山）"",""ふるさとまつり協賛（砧）"",""ふるさとまつり協賛（玉川）"",""ふるさとまつり協賛（世田谷）"",""ふるさとまつり協賛（北沢）"",""まちづくり推進（烏山）"",""まちづくり推進（砧）"",""まちづくり推進（玉川）"",""まちづくり推進（世田谷）"",""まちづくり推進（北沢）"",""安全安心まちづくりの推進"",""区広報板維持管理"",""公共施設利用案内システム維持運営"",""災害時地域助け合い活動支援"",""市民活動の促進"",""自主的コミュニティづくりの支援"",""住居表示維持管理"",""出張所広報"",""人権推進事業"",""生活文化政策部庶務事務"",""青少年対策（烏山）"",""青少年対策（砧）"",""青少年対策（玉川）"",""青少年対策（世田谷）"",""青少年対策（北沢）"",""多摩川花火大会"",""男女共同参画センター維持運営"",""男女共同参画社会推進事業"",""地域活動推進（烏山）"",""地域活動推進（砧）"",""地域活動推進（玉川）"",""地域活動推進（世田谷）"",""地域活動推進（北沢）"",""地域交流・まつり事業支援"",""地域行政部庶務事務"",""地域包括ケア地区展開調整事務"",""町会自治会等事業助成"",""梅まつり"",""犯罪被害者等支援事業"",""犯罪被害者等支援等基金積立金"",""平和資料館維持運営"",""平和都市宣言事業"",""防犯カメラ整備・維持管理助成"",""防犯協会・防火防災協会（砧）"",""防犯協会・防火防災協会（玉川）"",""防犯協会・防火防災協会（世田谷）"",""北沢防犯協会（北沢）"",""臨海部広域斎場組合負担金""],""related_revenues"":[]}","high","reject","[publication-policy] 広域な行政機能topicは具体的な課題topicと重複するため公開しない"
"bpi_a0d3ee9dd95288fc2cdc268331c6ffb2e25caf75280c045bc8ec3ec98b50c217","玉川総合支所庶務事務","一般会計","総務費","区民費","支所費","玉川総合支所 地域振興課","14934","地域・区民行政","supports","公式予算で区民総務費、支所費または区民施設費に属するため、地域・窓口・区民生活に関する行政機能を支える予算事業として整理した。これはみらい議会の探索用整理であり、区の公式な課題分類ではない。","B_strong_structural","{""matched_rule_id"":""community-services-official-hierarchy"",""budget_item_key"":""2026_general_expenditure_02_03_02"",""identity_fields"":{""display_program_name"":""玉川総合支所庶務事務"",""hierarchy"":[""総務費"",""区民費"",""支所費""],""department_display_name"":""玉川総合支所 地域振興課"",""amount_thousand_yen"":14934},""member_programs"":[{""program_id"":""2026_general_expenditure_02_03_02_01_03_01"",""major_program_name"":""総合支所維持運営費"",""budget_program_name"":""玉川総合支所庶務事務"",""detail_program_name"":""玉川総合支所庶務事務"",""source_file"":""ippansaisyutu.csv"",""source_row_number"":9156}],""same_budget_item_other_program_names"":[""烏山総合支所・出張所改築事務"",""烏山総合支所維持管理"",""烏山総合支所庶務事務"",""烏山地域支所・出張所改修"",""烏山地域出張所維持運営"",""砧総合支所維持管理"",""砧総合支所庶務事務"",""砧地域支所・出張所改修"",""砧地域出張所維持運営"",""玉川総合支所維持管理"",""玉川地域支所・出張所改修"",""玉川地域出張所維持運営"",""計画・相談事業運営（烏山）"",""計画・相談事業運営（砧）"",""計画・相談事業運営（玉川）"",""計画・相談事業運営（世田谷）"",""計画・相談事業運営（北沢）"",""出張所機能充実"",""世田谷総合支所・出張所改築事務"",""世田谷総合支所庶務事務"",""世田谷地域出張所維持運営"",""世田谷地域出張所改修"",""総合窓口化の推進"",""地域経営事務調整（烏山）"",""地域経営事務調整（砧）"",""地域経営事務調整（玉川）"",""地域経営事務調整（世田谷）"",""地域経営事務調整（北沢）"",""町会・自治会会館建設等助成事務"",""北沢総合支所維持管理"",""北沢総合支所庶務事務"",""北沢地域支所・出張所改修"",""北沢地域出張所維持運営""],""related_revenues"":[{""revenue_detail_id"":""rd_2026_general_revenue_19_06_04_06_68_2335100000"",""revenue_hierarchy"":[""諸収入"",""雑入"",""納付金"",""納付金（３）"",""特別職非常勤職員社会保険料（玉川総合支所）""],""amount_attribution_status"":""not_available""}]}","high","reject","[publication-policy] 広域な行政機能topicは具体的な課題topicと重複するため公開しない"
"bpi_4da3f9778fb77adb826030b52af036d5bcf5e1a5803bc1cb319575fa69e0d85b","ふるさとまつり協賛（烏山）","一般会計","総務費","区民費","区民総務費","烏山総合支所 地域振興課","14868","地域・区民行政","supports","公式予算で区民総務費、支所費または区民施設費に属するため、地域・窓口・区民生活に関する行政機能を支える予算事業として整理した。これはみらい議会の探索用整理であり、区の公式な課題分類ではない。","B_strong_structural","{""matched_rule_id"":""community-services-official-hierarchy"",""budget_item_key"":""2026_general_expenditure_02_03_01"",""identity_fields"":{""display_program_name"":""ふるさとまつり協賛（烏山）"",""hierarchy"":[""総務費"",""区民費"",""区民総務費""],""department_display_name"":""烏山総合支所 地域振興課"",""amount_thousand_yen"":14868},""member_programs"":[{""program_id"":""2026_general_expenditure_02_03_01_03_07_01"",""major_program_name"":""ふるさとまつり運営協力費"",""budget_program_name"":""ふるさとまつり協賛（烏山）"",""detail_program_name"":""ふるさとまつり協賛（烏山）"",""source_file"":""ippansaisyutu.csv"",""source_row_number"":9212}],""same_budget_item_other_program_names"":[""ＤＶ防止・困難な問題を抱える女性支援事業"",""ふるさとまつり協賛（砧）"",""ふるさとまつり協賛（玉川）"",""ふるさとまつり協賛（世田谷）"",""ふるさとまつり協賛（北沢）"",""まちづくり推進（烏山）"",""まちづくり推進（砧）"",""まちづくり推進（玉川）"",""まちづくり推進（世田谷）"",""まちづくり推進（北沢）"",""安全安心まちづくりの推進"",""区広報板維持管理"",""公共施設利用案内システム維持運営"",""災害時地域助け合い活動支援"",""市民活動の促進"",""自主的コミュニティづくりの支援"",""住居表示維持管理"",""出張所広報"",""人権推進事業"",""生活文化政策部庶務事務"",""青少年対策（烏山）"",""青少年対策（砧）"",""青少年対策（玉川）"",""青少年対策（世田谷）"",""青少年対策（北沢）"",""多摩川花火大会"",""男女共同参画センター維持運営"",""男女共同参画社会推進事業"",""地域活動推進（烏山）"",""地域活動推進（砧）"",""地域活動推進（玉川）"",""地域活動推進（世田谷）"",""地域活動推進（北沢）"",""地域交流・まつり事業支援"",""地域行政部庶務事務"",""地域包括ケア地区展開調整事務"",""町会自治会等事業助成"",""二十歳のつどい"",""梅まつり"",""犯罪被害者等支援事業"",""犯罪被害者等支援等基金積立金"",""平和資料館維持運営"",""平和都市宣言事業"",""防犯カメラ整備・維持管理助成"",""防犯協会・防火防災協会（砧）"",""防犯協会・防火防災協会（玉川）"",""防犯協会・防火防災協会（世田谷）"",""北沢防犯協会（北沢）"",""臨海部広域斎場組合負担金""],""related_revenues"":[]}","high","reject","[publication-policy] 広域な行政機能topicは具体的な課題topicと重複するため公開しない"
"bpi_86e9efa116a24c24a300a10b4cbe34778846bd4a7f2f9af4d97e1e21676b3a82","平和資料館維持運営","一般会計","総務費","区民費","区民総務費","生活文化政策部 人権男女共同参画課","14626","地域・区民行政","supports","公式予算で区民総務費、支所費または区民施設費に属するため、地域・窓口・区民生活に関する行政機能を支える予算事業として整理した。これはみらい議会の探索用整理であり、区の公式な課題分類ではない。","B_strong_structural","{""matched_rule_id"":""community-services-official-hierarchy"",""budget_item_key"":""2026_general_expenditure_02_03_01"",""identity_fields"":{""display_program_name"":""平和資料館維持運営"",""hierarchy"":[""総務費"",""区民費"",""区民総務費""],""department_display_name"":""生活文化政策部 人権男女共同参画課"",""amount_thousand_yen"":14626},""member_programs"":[{""program_id"":""2026_general_expenditure_02_03_01_09_01_01"",""major_program_name"":""平和関連事業費"",""budget_program_name"":""平和資料館維持運営"",""detail_program_name"":""平和資料館維持運営"",""source_file"":""ippansaisyutu.csv"",""source_row_number"":9399}],""same_budget_item_other_program_names"":[""ＤＶ防止・困難な問題を抱える女性支援事業"",""ふるさとまつり協賛（烏山）"",""ふるさとまつり協賛（砧）"",""ふるさとまつり協賛（玉川）"",""ふるさとまつり協賛（世田谷）"",""ふるさとまつり協賛（北沢）"",""まちづくり推進（烏山）"",""まちづくり推進（砧）"",""まちづくり推進（玉川）"",""まちづくり推進（世田谷）"",""まちづくり推進（北沢）"",""安全安心まちづくりの推進"",""区広報板維持管理"",""公共施設利用案内システム維持運営"",""災害時地域助け合い活動支援"",""市民活動の促進"",""自主的コミュニティづくりの支援"",""住居表示維持管理"",""出張所広報"",""人権推進事業"",""生活文化政策部庶務事務"",""青少年対策（烏山）"",""青少年対策（砧）"",""青少年対策（玉川）"",""青少年対策（世田谷）"",""青少年対策（北沢）"",""多摩川花火大会"",""男女共同参画センター維持運営"",""男女共同参画社会推進事業"",""地域活動推進（烏山）"",""地域活動推進（砧）"",""地域活動推進（玉川）"",""地域活動推進（世田谷）"",""地域活動推進（北沢）"",""地域交流・まつり事業支援"",""地域行政部庶務事務"",""地域包括ケア地区展開調整事務"",""町会自治会等事業助成"",""二十歳のつどい"",""梅まつり"",""犯罪被害者等支援事業"",""犯罪被害者等支援等基金積立金"",""平和都市宣言事業"",""防犯カメラ整備・維持管理助成"",""防犯協会・防火防災協会（砧）"",""防犯協会・防火防災協会（玉川）"",""防犯協会・防火防災協会（世田谷）"",""北沢防犯協会（北沢）"",""臨海部広域斎場組合負担金""],""related_revenues"":[]}","high","reject","[publication-policy] 広域な行政機能topicは具体的な課題topicと重複するため公開しない"
"bpi_d847d12ab67da7270744fa57b2ee68f961c60075b8baec68c0c7c2117c476827","地域経営事務調整（世田谷）","一般会計","総務費","区民費","支所費","世田谷総合支所 地域振興課","13101","地域・区民行政","supports","公式予算で区民総務費、支所費または区民施設費に属するため、地域・窓口・区民生活に関する行政機能を支える予算事業として整理した。これはみらい議会の探索用整理であり、区の公式な課題分類ではない。","B_strong_structural","{""matched_rule_id"":""community-services-official-hierarchy"",""budget_item_key"":""2026_general_expenditure_02_03_02"",""identity_fields"":{""display_program_name"":""地域経営事務調整（世田谷）"",""hierarchy"":[""総務費"",""区民費"",""支所費""],""department_display_name"":""世田谷総合支所 地域振興課"",""amount_thousand_yen"":13101},""member_programs"":[{""program_id"":""2026_general_expenditure_02_03_02_01_31_01"",""major_program_name"":""総合支所維持運営費"",""budget_program_name"":""地域経営事務調整（世田谷）"",""detail_program_name"":""地域経営事務調整（世田谷）"",""source_file"":""ippansaisyutu.csv"",""source_row_number"":9090}],""same_budget_item_other_program_names"":[""烏山総合支所・出張所改築事務"",""烏山総合支所維持管理"",""烏山総合支所庶務事務"",""烏山地域支所・出張所改修"",""烏山地域出張所維持運営"",""砧総合支所維持管理"",""砧総合支所庶務事務"",""砧地域支所・出張所改修"",""砧地域出張所維持運営"",""玉川総合支所維持管理"",""玉川総合支所庶務事務"",""玉川地域支所・出張所改修"",""玉川地域出張所維持運営"",""計画・相談事業運営（烏山）"",""計画・相談事業運営（砧）"",""計画・相談事業運営（玉川）"",""計画・相談事業運営（世田谷）"",""計画・相談事業運営（北沢）"",""出張所機能充実"",""世田谷総合支所・出張所改築事務"",""世田谷総合支所庶務事務"",""世田谷地域出張所維持運営"",""世田谷地域出張所改修"",""総合窓口化の推進"",""地域経営事務調整（烏山）"",""地域経営事務調整（砧）"",""地域経営事務調整（玉川）"",""地域経営事務調整（北沢）"",""町会・自治会会館建設等助成事務"",""北沢総合支所維持管理"",""北沢総合支所庶務事務"",""北沢地域支所・出張所改修"",""北沢地域出張所維持運営""],""related_revenues"":[{""revenue_detail_id"":""rd_2026_general_revenue_16_01_02_01_28_2135100000"",""revenue_hierarchy"":[""寄附金"",""寄附金"",""指定寄附金"",""総務費"",""宮坂区民センター展示車両補修整備事業""],""amount_attribution_status"":""not_available""}]}","high","reject","[publication-policy] 広域な行政機能topicは具体的な課題topicと重複するため公開しない"
"bpi_24902b7d5527e7eb159a61fea956200f8facdbc682ee5cbcda7145a79c2b8fb0","犯罪被害者等支援事業","一般会計","総務費","区民費","区民総務費","生活文化政策部 人権男女共同参画課","11844","地域・区民行政","supports","公式予算で区民総務費、支所費または区民施設費に属するため、地域・窓口・区民生活に関する行政機能を支える予算事業として整理した。これはみらい議会の探索用整理であり、区の公式な課題分類ではない。","B_strong_structural","{""matched_rule_id"":""community-services-official-hierarchy"",""budget_item_key"":""2026_general_expenditure_02_03_01"",""identity_fields"":{""display_program_name"":""犯罪被害者等支援事業"",""hierarchy"":[""総務費"",""区民費"",""区民総務費""],""department_display_name"":""生活文化政策部 人権男女共同参画課"",""amount_thousand_yen"":11844},""member_programs"":[{""program_id"":""2026_general_expenditure_02_03_01_07_02_01"",""major_program_name"":""人権推進事業費"",""budget_program_name"":""犯罪被害者等支援事業"",""detail_program_name"":""犯罪被害者等支援事業"",""source_file"":""ippansaisyutu.csv"",""source_row_number"":9397}],""same_budget_item_other_program_names"":[""ＤＶ防止・困難な問題を抱える女性支援事業"",""ふるさとまつり協賛（烏山）"",""ふるさとまつり協賛（砧）"",""ふるさとまつり協賛（玉川）"",""ふるさとまつり協賛（世田谷）"",""ふるさとまつり協賛（北沢）"",""まちづくり推進（烏山）"",""まちづくり推進（砧）"",""まちづくり推進（玉川）"",""まちづくり推進（世田谷）"",""まちづくり推進（北沢）"",""安全安心まちづくりの推進"",""区広報板維持管理"",""公共施設利用案内システム維持運営"",""災害時地域助け合い活動支援"",""市民活動の促進"",""自主的コミュニティづくりの支援"",""住居表示維持管理"",""出張所広報"",""人権推進事業"",""生活文化政策部庶務事務"",""青少年対策（烏山）"",""青少年対策（砧）"",""青少年対策（玉川）"",""青少年対策（世田谷）"",""青少年対策（北沢）"",""多摩川花火大会"",""男女共同参画センター維持運営"",""男女共同参画社会推進事業"",""地域活動推進（烏山）"",""地域活動推進（砧）"",""地域活動推進（玉川）"",""地域活動推進（世田谷）"",""地域活動推進（北沢）"",""地域交流・まつり事業支援"",""地域行政部庶務事務"",""地域包括ケア地区展開調整事務"",""町会自治会等事業助成"",""二十歳のつどい"",""梅まつり"",""犯罪被害者等支援等基金積立金"",""平和資料館維持運営"",""平和都市宣言事業"",""防犯カメラ整備・維持管理助成"",""防犯協会・防火防災協会（砧）"",""防犯協会・防火防災協会（玉川）"",""防犯協会・防火防災協会（世田谷）"",""北沢防犯協会（北沢）"",""臨海部広域斎場組合負担金""],""related_revenues"":[{""revenue_detail_id"":""rd_2026_general_revenue_17_01_49_01_01_3405450000"",""revenue_hierarchy"":[""繰入金"",""基金繰入金"",""犯罪被害者等支援等基金繰入金"",""犯罪被害者等支援等基金"",""犯罪被害者等支援等基金""],""amount_attribution_status"":""not_available""}]}","high","reject","[publication-policy] 広域な行政機能topicは具体的な課題topicと重複するため公開しない"
"bpi_ee7f752396b365521c62e9f692ea99c45859bd3bb3c1a6779c3e51ef5873203a","出張所広報","一般会計","総務費","区民費","区民総務費","地域行政部 地域行政課","10511","地域・区民行政","supports","公式予算で区民総務費、支所費または区民施設費に属するため、地域・窓口・区民生活に関する行政機能を支える予算事業として整理した。これはみらい議会の探索用整理であり、区の公式な課題分類ではない。","B_strong_structural","{""matched_rule_id"":""community-services-official-hierarchy"",""budget_item_key"":""2026_general_expenditure_02_03_01"",""identity_fields"":{""display_program_name"":""出張所広報"",""hierarchy"":[""総務費"",""区民費"",""区民総務費""],""department_display_name"":""地域行政部 地域行政課"",""amount_thousand_yen"":10511},""member_programs"":[{""program_id"":""2026_general_expenditure_02_03_01_01_14_01"",""major_program_name"":""区民関係事務運営費"",""budget_program_name"":""出張所広報"",""detail_program_name"":""出張所広報"",""source_file"":""ippansaisyutu.csv"",""source_row_number"":9408}],""same_budget_item_other_program_names"":[""ＤＶ防止・困難な問題を抱える女性支援事業"",""ふるさとまつり協賛（烏山）"",""ふるさとまつり協賛（砧）"",""ふるさとまつり協賛（玉川）"",""ふるさとまつり協賛（世田谷）"",""ふるさとまつり協賛（北沢）"",""まちづくり推進（烏山）"",""まちづくり推進（砧）"",""まちづくり推進（玉川）"",""まちづくり推進（世田谷）"",""まちづくり推進（北沢）"",""安全安心まちづくりの推進"",""区広報板維持管理"",""公共施設利用案内システム維持運営"",""災害時地域助け合い活動支援"",""市民活動の促進"",""自主的コミュニティづくりの支援"",""住居表示維持管理"",""人権推進事業"",""生活文化政策部庶務事務"",""青少年対策（烏山）"",""青少年対策（砧）"",""青少年対策（玉川）"",""青少年対策（世田谷）"",""青少年対策（北沢）"",""多摩川花火大会"",""男女共同参画センター維持運営"",""男女共同参画社会推進事業"",""地域活動推進（烏山）"",""地域活動推進（砧）"",""地域活動推進（玉川）"",""地域活動推進（世田谷）"",""地域活動推進（北沢）"",""地域交流・まつり事業支援"",""地域行政部庶務事務"",""地域包括ケア地区展開調整事務"",""町会自治会等事業助成"",""二十歳のつどい"",""梅まつり"",""犯罪被害者等支援事業"",""犯罪被害者等支援等基金積立金"",""平和資料館維持運営"",""平和都市宣言事業"",""防犯カメラ整備・維持管理助成"",""防犯協会・防火防災協会（砧）"",""防犯協会・防火防災協会（玉川）"",""防犯協会・防火防災協会（世田谷）"",""北沢防犯協会（北沢）"",""臨海部広域斎場組合負担金""],""related_revenues"":[]}","high","reject","[publication-policy] 広域な行政機能topicは具体的な課題topicと重複するため公開しない"
"bpi_6d6e6f2e67f1ed7baa31d7c82d740f37c3de6980fcc180f1414dcfeb6957c749","生活文化政策部庶務事務","一般会計","総務費","区民費","区民総務費","生活文化政策部 市民活動推進課","10252","地域・区民行政","supports","公式予算で区民総務費、支所費または区民施設費に属するため、地域・窓口・区民生活に関する行政機能を支える予算事業として整理した。これはみらい議会の探索用整理であり、区の公式な課題分類ではない。","B_strong_structural","{""matched_rule_id"":""community-services-official-hierarchy"",""budget_item_key"":""2026_general_expenditure_02_03_01"",""identity_fields"":{""display_program_name"":""生活文化政策部庶務事務"",""hierarchy"":[""総務費"",""区民費"",""区民総務費""],""department_display_name"":""生活文化政策部 市民活動推進課"",""amount_thousand_yen"":10252},""member_programs"":[{""program_id"":""2026_general_expenditure_02_03_01_01_16_01"",""major_program_name"":""区民関係事務運営費"",""budget_program_name"":""生活文化政策部庶務事務"",""detail_program_name"":""生活文化政策部庶務事務"",""source_file"":""ippansaisyutu.csv"",""source_row_number"":9361}],""same_budget_item_other_program_names"":[""ＤＶ防止・困難な問題を抱える女性支援事業"",""ふるさとまつり協賛（烏山）"",""ふるさとまつり協賛（砧）"",""ふるさとまつり協賛（玉川）"",""ふるさとまつり協賛（世田谷）"",""ふるさとまつり協賛（北沢）"",""まちづくり推進（烏山）"",""まちづくり推進（砧）"",""まちづくり推進（玉川）"",""まちづくり推進（世田谷）"",""まちづくり推進（北沢）"",""安全安心まちづくりの推進"",""区広報板維持管理"",""公共施設利用案内システム維持運営"",""災害時地域助け合い活動支援"",""市民活動の促進"",""自主的コミュニティづくりの支援"",""住居表示維持管理"",""出張所広報"",""人権推進事業"",""青少年対策（烏山）"",""青少年対策（砧）"",""青少年対策（玉川）"",""青少年対策（世田谷）"",""青少年対策（北沢）"",""多摩川花火大会"",""男女共同参画センター維持運営"",""男女共同参画社会推進事業"",""地域活動推進（烏山）"",""地域活動推進（砧）"",""地域活動推進（玉川）"",""地域活動推進（世田谷）"",""地域活動推進（北沢）"",""地域交流・まつり事業支援"",""地域行政部庶務事務"",""地域包括ケア地区展開調整事務"",""町会自治会等事業助成"",""二十歳のつどい"",""梅まつり"",""犯罪被害者等支援事業"",""犯罪被害者等支援等基金積立金"",""平和資料館維持運営"",""平和都市宣言事業"",""防犯カメラ整備・維持管理助成"",""防犯協会・防火防災協会（砧）"",""防犯協会・防火防災協会（玉川）"",""防犯協会・防火防災協会（世田谷）"",""北沢防犯協会（北沢）"",""臨海部広域斎場組合負担金""],""related_revenues"":[]}","high","reject","[publication-policy] 広域な行政機能topicは具体的な課題topicと重複するため公開しない"
"bpi_a420b0628c33d5e4adc2069e4f91788d6355d18724d9bfaa6d8fda43c48d3eff","まちづくり推進（世田谷）","一般会計","総務費","区民費","区民総務費","世田谷総合支所 地域振興課","10076","地域・区民行政","supports","公式予算で区民総務費、支所費または区民施設費に属するため、地域・窓口・区民生活に関する行政機能を支える予算事業として整理した。これはみらい議会の探索用整理であり、区の公式な課題分類ではない。","B_strong_structural","{""matched_rule_id"":""community-services-official-hierarchy"",""budget_item_key"":""2026_general_expenditure_02_03_01"",""identity_fields"":{""display_program_name"":""まちづくり推進（世田谷）"",""hierarchy"":[""総務費"",""区民費"",""区民総務費""],""department_display_name"":""世田谷総合支所 地域振興課"",""amount_thousand_yen"":10076},""member_programs"":[{""program_id"":""2026_general_expenditure_02_03_01_02_18_01"",""major_program_name"":""まちづくり推進事業費"",""budget_program_name"":""まちづくり推進（世田谷）"",""detail_program_name"":""まちづくり推進（世田谷）"",""source_file"":""ippansaisyutu.csv"",""source_row_number"":9085}],""same_budget_item_other_program_names"":[""ＤＶ防止・困難な問題を抱える女性支援事業"",""ふるさとまつり協賛（烏山）"",""ふるさとまつり協賛（砧）"",""ふるさとまつり協賛（玉川）"",""ふるさとまつり協賛（世田谷）"",""ふるさとまつり協賛（北沢）"",""まちづくり推進（烏山）"",""まちづくり推進（砧）"",""まちづくり推進（玉川）"",""まちづくり推進（北沢）"",""安全安心まちづくりの推進"",""区広報板維持管理"",""公共施設利用案内システム維持運営"",""災害時地域助け合い活動支援"",""市民活動の促進"",""自主的コミュニティづくりの支援"",""住居表示維持管理"",""出張所広報"",""人権推進事業"",""生活文化政策部庶務事務"",""青少年対策（烏山）"",""青少年対策（砧）"",""青少年対策（玉川）"",""青少年対策（世田谷）"",""青少年対策（北沢）"",""多摩川花火大会"",""男女共同参画センター維持運営"",""男女共同参画社会推進事業"",""地域活動推進（烏山）"",""地域活動推進（砧）"",""地域活動推進（玉川）"",""地域活動推進（世田谷）"",""地域活動推進（北沢）"",""地域交流・まつり事業支援"",""地域行政部庶務事務"",""地域包括ケア地区展開調整事務"",""町会自治会等事業助成"",""二十歳のつどい"",""梅まつり"",""犯罪被害者等支援事業"",""犯罪被害者等支援等基金積立金"",""平和資料館維持運営"",""平和都市宣言事業"",""防犯カメラ整備・維持管理助成"",""防犯協会・防火防災協会（砧）"",""防犯協会・防火防災協会（玉川）"",""防犯協会・防火防災協会（世田谷）"",""北沢防犯協会（北沢）"",""臨海部広域斎場組合負担金""],""related_revenues"":[]}","high","reject","[publication-policy] 広域な行政機能topicは具体的な課題topicと重複するため公開しない"
"bpi_095d9aa3b7a2481f5a4ffc3476ef06206f80f91449420ff75127fd51d640de13","区民斎場維持運営","一般会計","総務費","区民費","区民施設費","烏山総合支所 地域振興課","9841","地域・区民行政","supports","公式予算で区民総務費、支所費または区民施設費に属するため、地域・窓口・区民生活に関する行政機能を支える予算事業として整理した。これはみらい議会の探索用整理であり、区の公式な課題分類ではない。","B_strong_structural","{""matched_rule_id"":""community-services-official-hierarchy"",""budget_item_key"":""2026_general_expenditure_02_03_06"",""identity_fields"":{""display_program_name"":""区民斎場維持運営"",""hierarchy"":[""総務費"",""区民費"",""区民施設費""],""department_display_name"":""烏山総合支所 地域振興課"",""amount_thousand_yen"":9841},""member_programs"":[{""program_id"":""2026_general_expenditure_02_03_06_01_33_01"",""major_program_name"":""区民施設維持運営費"",""budget_program_name"":""区民斎場維持運営"",""detail_program_name"":""区民斎場維持運営"",""source_file"":""ippansaisyutu.csv"",""source_row_number"":9226}],""same_budget_item_other_program_names"":[""烏山区民会館・区民センター維持運営"",""烏山地域区民センター業務委託"",""烏山地域区民施設改修"",""烏山地域区民集会所維持運営"",""烏山地域生涯学習事務"",""烏山地域地区会館維持運営"",""鎌田区民センター維持運営"",""砧区民会館維持運営"",""砧地域区民センター事業委託"",""砧地域区民施設改修"",""砧地域区民集会所維持運営"",""砧地域生涯学習事務"",""砧地域地区会館維持運営"",""宮坂区民センター維持運営"",""玉川区民会館維持運営"",""玉川地域区民センター維持運営"",""玉川地域区民センター事業委託"",""玉川地域区民施設改修"",""玉川地域生涯学習事務"",""玉川地域地区会館維持運営"",""弦巻区民センター維持運営"",""桜丘区民センター維持運営"",""上北沢区民センター維持運営"",""世田谷区民会館維持運営"",""世田谷区民会館別館等維持運営"",""世田谷地域区民センター事業委託"",""世田谷地域区民施設改修"",""世田谷地域区民集会所維持運営"",""世田谷地域生涯学習事務"",""世田谷地域地区会館維持運営"",""太子堂区民センター維持運営"",""代田区民センター維持運営"",""粕谷区民センター維持運営"",""北沢区民会館維持運営"",""北沢地域区民センター事業委託"",""北沢地域区民施設改修"",""北沢地域区民集会所維持運営"",""北沢地域生涯学習事務"",""北沢地域地区会館維持運営"",""本庁舎等区民利用施設維持運営""],""related_revenues"":[{""revenue_detail_id"":""rd_2026_general_revenue_15_01_01_04_46_2535100000"",""revenue_hierarchy"":[""財産収入"",""財産運用収入"",""財産貸付収入"",""土地貸付"",""みどり会館""],""amount_attribution_status"":""not_available""},{""revenue_detail_id"":""rd_2026_general_revenue_19_06_09_05_40_2535100000"",""revenue_hierarchy"":[""諸収入"",""雑入"",""雑入"",""光熱水費等負担金"",""区民斎場""],""amount_attribution_status"":""not_available""}]}","high","reject","[publication-policy] 広域な行政機能topicは具体的な課題topicと重複するため公開しない"
"bpi_600b0da985ba4f546ac2f5858037464cb5fca4e6864fc8028c107c4f6d820a5f","計画・相談事業運営（烏山）","一般会計","総務費","区民費","支所費","烏山総合支所 地域振興課","9582","地域・区民行政","supports","公式予算で区民総務費、支所費または区民施設費に属するため、地域・窓口・区民生活に関する行政機能を支える予算事業として整理した。これはみらい議会の探索用整理であり、区の公式な課題分類ではない。","B_strong_structural","{""matched_rule_id"":""community-services-official-hierarchy"",""budget_item_key"":""2026_general_expenditure_02_03_02"",""identity_fields"":{""display_program_name"":""計画・相談事業運営（烏山）"",""hierarchy"":[""総務費"",""区民費"",""支所費""],""department_display_name"":""烏山総合支所 地域振興課"",""amount_thousand_yen"":9582},""member_programs"":[{""program_id"":""2026_general_expenditure_02_03_02_01_10_01"",""major_program_name"":""総合支所維持運営費"",""budget_program_name"":""計画・相談事業運営（烏山）"",""detail_program_name"":""計画・相談事業運営（烏山）"",""source_file"":""ippansaisyutu.csv"",""source_row_number"":9214}],""same_budget_item_other_program_names"":[""烏山総合支所・出張所改築事務"",""烏山総合支所維持管理"",""烏山総合支所庶務事務"",""烏山地域支所・出張所改修"",""烏山地域出張所維持運営"",""砧総合支所維持管理"",""砧総合支所庶務事務"",""砧地域支所・出張所改修"",""砧地域出張所維持運営"",""玉川総合支所維持管理"",""玉川総合支所庶務事務"",""玉川地域支所・出張所改修"",""玉川地域出張所維持運営"",""計画・相談事業運営（砧）"",""計画・相談事業運営（玉川）"",""計画・相談事業運営（世田谷）"",""計画・相談事業運営（北沢）"",""出張所機能充実"",""世田谷総合支所・出張所改築事務"",""世田谷総合支所庶務事務"",""世田谷地域出張所維持運営"",""世田谷地域出張所改修"",""総合窓口化の推進"",""地域経営事務調整（烏山）"",""地域経営事務調整（砧）"",""地域経営事務調整（玉川）"",""地域経営事務調整（世田谷）"",""地域経営事務調整（北沢）"",""町会・自治会会館建設等助成事務"",""北沢総合支所維持管理"",""北沢総合支所庶務事務"",""北沢地域支所・出張所改修"",""北沢地域出張所維持運営""],""related_revenues"":[]}","high","reject","[publication-policy] 広域な行政機能topicは具体的な課題topicと重複するため公開しない"
"bpi_ad3324fe946b1fc849ad1e4f6be929b4aa457694040c1c5658ca23f985fe132b","計画・相談事業運営（世田谷）","一般会計","総務費","区民費","支所費","世田谷総合支所 地域振興課","9552","地域・区民行政","supports","公式予算で区民総務費、支所費または区民施設費に属するため、地域・窓口・区民生活に関する行政機能を支える予算事業として整理した。これはみらい議会の探索用整理であり、区の公式な課題分類ではない。","B_strong_structural","{""matched_rule_id"":""community-services-official-hierarchy"",""budget_item_key"":""2026_general_expenditure_02_03_02"",""identity_fields"":{""display_program_name"":""計画・相談事業運営（世田谷）"",""hierarchy"":[""総務費"",""区民費"",""支所費""],""department_display_name"":""世田谷総合支所 地域振興課"",""amount_thousand_yen"":9552},""member_programs"":[{""program_id"":""2026_general_expenditure_02_03_02_01_06_01"",""major_program_name"":""総合支所維持運営費"",""budget_program_name"":""計画・相談事業運営（世田谷）"",""detail_program_name"":""計画・相談事業運営（世田谷）"",""source_file"":""ippansaisyutu.csv"",""source_row_number"":9089}],""same_budget_item_other_program_names"":[""烏山総合支所・出張所改築事務"",""烏山総合支所維持管理"",""烏山総合支所庶務事務"",""烏山地域支所・出張所改修"",""烏山地域出張所維持運営"",""砧総合支所維持管理"",""砧総合支所庶務事務"",""砧地域支所・出張所改修"",""砧地域出張所維持運営"",""玉川総合支所維持管理"",""玉川総合支所庶務事務"",""玉川地域支所・出張所改修"",""玉川地域出張所維持運営"",""計画・相談事業運営（烏山）"",""計画・相談事業運営（砧）"",""計画・相談事業運営（玉川）"",""計画・相談事業運営（北沢）"",""出張所機能充実"",""世田谷総合支所・出張所改築事務"",""世田谷総合支所庶務事務"",""世田谷地域出張所維持運営"",""世田谷地域出張所改修"",""総合窓口化の推進"",""地域経営事務調整（烏山）"",""地域経営事務調整（砧）"",""地域経営事務調整（玉川）"",""地域経営事務調整（世田谷）"",""地域経営事務調整（北沢）"",""町会・自治会会館建設等助成事務"",""北沢総合支所維持管理"",""北沢総合支所庶務事務"",""北沢地域支所・出張所改修"",""北沢地域出張所維持運営""],""related_revenues"":[]}","high","reject","[publication-policy] 広域な行政機能topicは具体的な課題topicと重複するため公開しない"
"bpi_66a5deef0eea85f1ecb7577a68d723069f2e5f5c5b3f7a94c411e1dbc305a038","烏山地域区民センター業務委託","一般会計","総務費","区民費","区民施設費","烏山総合支所 地域振興課","9069","地域・区民行政","supports","公式予算で区民総務費、支所費または区民施設費に属するため、地域・窓口・区民生活に関する行政機能を支える予算事業として整理した。これはみらい議会の探索用整理であり、区の公式な課題分類ではない。","B_strong_structural","{""matched_rule_id"":""community-services-official-hierarchy"",""budget_item_key"":""2026_general_expenditure_02_03_06"",""identity_fields"":{""display_program_name"":""烏山地域区民センター業務委託"",""hierarchy"":[""総務費"",""区民費"",""区民施設費""],""department_display_name"":""烏山総合支所 地域振興課"",""amount_thousand_yen"":9069},""member_programs"":[{""program_id"":""2026_general_expenditure_02_03_06_01_28_01"",""major_program_name"":""区民施設維持運営費"",""budget_program_name"":""烏山地域区民センター業務委託"",""detail_program_name"":""烏山地域区民センター業務委託"",""source_file"":""ippansaisyutu.csv"",""source_row_number"":9221}],""same_budget_item_other_program_names"":[""烏山区民会館・区民センター維持運営"",""烏山地域区民施設改修"",""烏山地域区民集会所維持運営"",""烏山地域生涯学習事務"",""烏山地域地区会館維持運営"",""鎌田区民センター維持運営"",""砧区民会館維持運営"",""砧地域区民センター事業委託"",""砧地域区民施設改修"",""砧地域区民集会所維持運営"",""砧地域生涯学習事務"",""砧地域地区会館維持運営"",""宮坂区民センター維持運営"",""玉川区民会館維持運営"",""玉川地域区民センター維持運営"",""玉川地域区民センター事業委託"",""玉川地域区民施設改修"",""玉川地域生涯学習事務"",""玉川地域地区会館維持運営"",""区民斎場維持運営"",""弦巻区民センター維持運営"",""桜丘区民センター維持運営"",""上北沢区民センター維持運営"",""世田谷区民会館維持運営"",""世田谷区民会館別館等維持運営"",""世田谷地域区民センター事業委託"",""世田谷地域区民施設改修"",""世田谷地域区民集会所維持運営"",""世田谷地域生涯学習事務"",""世田谷地域地区会館維持運営"",""太子堂区民センター維持運営"",""代田区民センター維持運営"",""粕谷区民センター維持運営"",""北沢区民会館維持運営"",""北沢地域区民センター事業委託"",""北沢地域区民施設改修"",""北沢地域区民集会所維持運営"",""北沢地域生涯学習事務"",""北沢地域地区会館維持運営"",""本庁舎等区民利用施設維持運営""],""related_revenues"":[]}","high","reject","[publication-policy] 広域な行政機能topicは具体的な課題topicと重複するため公開しない"
"bpi_b00b2c7683844ea9d9b6a4cda7327f945b5ea0a206772c86c0d32862e6567004","計画・相談事業運営（北沢）","一般会計","総務費","区民費","支所費","北沢総合支所 地域振興課","8892","地域・区民行政","supports","公式予算で区民総務費、支所費または区民施設費に属するため、地域・窓口・区民生活に関する行政機能を支える予算事業として整理した。これはみらい議会の探索用整理であり、区の公式な課題分類ではない。","B_strong_structural","{""matched_rule_id"":""community-services-official-hierarchy"",""budget_item_key"":""2026_general_expenditure_02_03_02"",""identity_fields"":{""display_program_name"":""計画・相談事業運営（北沢）"",""hierarchy"":[""総務費"",""区民費"",""支所費""],""department_display_name"":""北沢総合支所 地域振興課"",""amount_thousand_yen"":8892},""member_programs"":[{""program_id"":""2026_general_expenditure_02_03_02_01_07_01"",""major_program_name"":""総合支所維持運営費"",""budget_program_name"":""計画・相談事業運営（北沢）"",""detail_program_name"":""計画・相談事業運営（北沢）"",""source_file"":""ippansaisyutu.csv"",""source_row_number"":9125}],""same_budget_item_other_program_names"":[""烏山総合支所・出張所改築事務"",""烏山総合支所維持管理"",""烏山総合支所庶務事務"",""烏山地域支所・出張所改修"",""烏山地域出張所維持運営"",""砧総合支所維持管理"",""砧総合支所庶務事務"",""砧地域支所・出張所改修"",""砧地域出張所維持運営"",""玉川総合支所維持管理"",""玉川総合支所庶務事務"",""玉川地域支所・出張所改修"",""玉川地域出張所維持運営"",""計画・相談事業運営（烏山）"",""計画・相談事業運営（砧）"",""計画・相談事業運営（玉川）"",""計画・相談事業運営（世田谷）"",""出張所機能充実"",""世田谷総合支所・出張所改築事務"",""世田谷総合支所庶務事務"",""世田谷地域出張所維持運営"",""世田谷地域出張所改修"",""総合窓口化の推進"",""地域経営事務調整（烏山）"",""地域経営事務調整（砧）"",""地域経営事務調整（玉川）"",""地域経営事務調整（世田谷）"",""地域経営事務調整（北沢）"",""町会・自治会会館建設等助成事務"",""北沢総合支所維持管理"",""北沢総合支所庶務事務"",""北沢地域支所・出張所改修"",""北沢地域出張所維持運営""],""related_revenues"":[]}","high","reject","[publication-policy] 広域な行政機能topicは具体的な課題topicと重複するため公開しない"
"bpi_2f00b222aac2ed3b28c53ed62c16b3217a3a3bf77ae3750850bb76612045d2ef","玉川地域区民センター事業委託","一般会計","総務費","区民費","区民施設費","玉川総合支所 地域振興課","8529","地域・区民行政","supports","公式予算で区民総務費、支所費または区民施設費に属するため、地域・窓口・区民生活に関する行政機能を支える予算事業として整理した。これはみらい議会の探索用整理であり、区の公式な課題分類ではない。","B_strong_structural","{""matched_rule_id"":""community-services-official-hierarchy"",""budget_item_key"":""2026_general_expenditure_02_03_06"",""identity_fields"":{""display_program_name"":""玉川地域区民センター事業委託"",""hierarchy"":[""総務費"",""区民費"",""区民施設費""],""department_display_name"":""玉川総合支所 地域振興課"",""amount_thousand_yen"":8529},""member_programs"":[{""program_id"":""2026_general_expenditure_02_03_06_01_18_01"",""major_program_name"":""区民施設維持運営費"",""budget_program_name"":""玉川地域区民センター事業委託"",""detail_program_name"":""玉川地域区民センター事業委託"",""source_file"":""ippansaisyutu.csv"",""source_row_number"":9164}],""same_budget_item_other_program_names"":[""烏山区民会館・区民センター維持運営"",""烏山地域区民センター業務委託"",""烏山地域区民施設改修"",""烏山地域区民集会所維持運営"",""烏山地域生涯学習事務"",""烏山地域地区会館維持運営"",""鎌田区民センター維持運営"",""砧区民会館維持運営"",""砧地域区民センター事業委託"",""砧地域区民施設改修"",""砧地域区民集会所維持運営"",""砧地域生涯学習事務"",""砧地域地区会館維持運営"",""宮坂区民センター維持運営"",""玉川区民会館維持運営"",""玉川地域区民センター維持運営"",""玉川地域区民施設改修"",""玉川地域生涯学習事務"",""玉川地域地区会館維持運営"",""区民斎場維持運営"",""弦巻区民センター維持運営"",""桜丘区民センター維持運営"",""上北沢区民センター維持運営"",""世田谷区民会館維持運営"",""世田谷区民会館別館等維持運営"",""世田谷地域区民センター事業委託"",""世田谷地域区民施設改修"",""世田谷地域区民集会所維持運営"",""世田谷地域生涯学習事務"",""世田谷地域地区会館維持運営"",""太子堂区民センター維持運営"",""代田区民センター維持運営"",""粕谷区民センター維持運営"",""北沢区民会館維持運営"",""北沢地域区民センター事業委託"",""北沢地域区民施設改修"",""北沢地域区民集会所維持運営"",""北沢地域生涯学習事務"",""北沢地域地区会館維持運営"",""本庁舎等区民利用施設維持運営""],""related_revenues"":[]}","high","reject","[publication-policy] 広域な行政機能topicは具体的な課題topicと重複するため公開しない"
"bpi_ecfdf4fad6e9c672d9c3dcdf19a49a16efee317ec29cf4e807340bc63206c16a","計画・相談事業運営（玉川）","一般会計","総務費","区民費","支所費","玉川総合支所 地域振興課","7805","地域・区民行政","supports","公式予算で区民総務費、支所費または区民施設費に属するため、地域・窓口・区民生活に関する行政機能を支える予算事業として整理した。これはみらい議会の探索用整理であり、区の公式な課題分類ではない。","B_strong_structural","{""matched_rule_id"":""community-services-official-hierarchy"",""budget_item_key"":""2026_general_expenditure_02_03_02"",""identity_fields"":{""display_program_name"":""計画・相談事業運営（玉川）"",""hierarchy"":[""総務費"",""区民費"",""支所費""],""department_display_name"":""玉川総合支所 地域振興課"",""amount_thousand_yen"":7805},""member_programs"":[{""program_id"":""2026_general_expenditure_02_03_02_01_08_01"",""major_program_name"":""総合支所維持運営費"",""budget_program_name"":""計画・相談事業運営（玉川）"",""detail_program_name"":""計画・相談事業運営（玉川）"",""source_file"":""ippansaisyutu.csv"",""source_row_number"":9157}],""same_budget_item_other_program_names"":[""烏山総合支所・出張所改築事務"",""烏山総合支所維持管理"",""烏山総合支所庶務事務"",""烏山地域支所・出張所改修"",""烏山地域出張所維持運営"",""砧総合支所維持管理"",""砧総合支所庶務事務"",""砧地域支所・出張所改修"",""砧地域出張所維持運営"",""玉川総合支所維持管理"",""玉川総合支所庶務事務"",""玉川地域支所・出張所改修"",""玉川地域出張所維持運営"",""計画・相談事業運営（烏山）"",""計画・相談事業運営（砧）"",""計画・相談事業運営（世田谷）"",""計画・相談事業運営（北沢）"",""出張所機能充実"",""世田谷総合支所・出張所改築事務"",""世田谷総合支所庶務事務"",""世田谷地域出張所維持運営"",""世田谷地域出張所改修"",""総合窓口化の推進"",""地域経営事務調整（烏山）"",""地域経営事務調整（砧）"",""地域経営事務調整（玉川）"",""地域経営事務調整（世田谷）"",""地域経営事務調整（北沢）"",""町会・自治会会館建設等助成事務"",""北沢総合支所維持管理"",""北沢総合支所庶務事務"",""北沢地域支所・出張所改修"",""北沢地域出張所維持運営""],""related_revenues"":[]}","high","reject","[publication-policy] 広域な行政機能topicは具体的な課題topicと重複するため公開しない"
"bpi_1c56d712dddae4588822b2fd913179e09fd9dfcc0fa1a662ea1c975cc0f309f8","砧総合支所庶務事務","一般会計","総務費","区民費","支所費","砧総合支所 地域振興課","7537","地域・区民行政","supports","公式予算で区民総務費、支所費または区民施設費に属するため、地域・窓口・区民生活に関する行政機能を支える予算事業として整理した。これはみらい議会の探索用整理であり、区の公式な課題分類ではない。","B_strong_structural","{""matched_rule_id"":""community-services-official-hierarchy"",""budget_item_key"":""2026_general_expenditure_02_03_02"",""identity_fields"":{""display_program_name"":""砧総合支所庶務事務"",""hierarchy"":[""総務費"",""区民費"",""支所費""],""department_display_name"":""砧総合支所 地域振興課"",""amount_thousand_yen"":7537},""member_programs"":[{""program_id"":""2026_general_expenditure_02_03_02_01_04_01"",""major_program_name"":""総合支所維持運営費"",""budget_program_name"":""砧総合支所庶務事務"",""detail_program_name"":""砧総合支所庶務事務"",""source_file"":""ippansaisyutu.csv"",""source_row_number"":9185}],""same_budget_item_other_program_names"":[""烏山総合支所・出張所改築事務"",""烏山総合支所維持管理"",""烏山総合支所庶務事務"",""烏山地域支所・出張所改修"",""烏山地域出張所維持運営"",""砧総合支所維持管理"",""砧地域支所・出張所改修"",""砧地域出張所維持運営"",""玉川総合支所維持管理"",""玉川総合支所庶務事務"",""玉川地域支所・出張所改修"",""玉川地域出張所維持運営"",""計画・相談事業運営（烏山）"",""計画・相談事業運営（砧）"",""計画・相談事業運営（玉川）"",""計画・相談事業運営（世田谷）"",""計画・相談事業運営（北沢）"",""出張所機能充実"",""世田谷総合支所・出張所改築事務"",""世田谷総合支所庶務事務"",""世田谷地域出張所維持運営"",""世田谷地域出張所改修"",""総合窓口化の推進"",""地域経営事務調整（烏山）"",""地域経営事務調整（砧）"",""地域経営事務調整（玉川）"",""地域経営事務調整（世田谷）"",""地域経営事務調整（北沢）"",""町会・自治会会館建設等助成事務"",""北沢総合支所維持管理"",""北沢総合支所庶務事務"",""北沢地域支所・出張所改修"",""北沢地域出張所維持運営""],""related_revenues"":[]}","high","reject","[publication-policy] 広域な行政機能topicは具体的な課題topicと重複するため公開しない"
"bpi_9730f03bce98b427742d3a3ef133f8ae4098da1493c7dd2706f9b20fb996a028","世田谷地域生涯学習事務","一般会計","総務費","区民費","区民施設費","世田谷総合支所 地域振興課","7390","地域・区民行政","supports","公式予算で区民総務費、支所費または区民施設費に属するため、地域・窓口・区民生活に関する行政機能を支える予算事業として整理した。これはみらい議会の探索用整理であり、区の公式な課題分類ではない。","B_strong_structural","{""matched_rule_id"":""community-services-official-hierarchy"",""budget_item_key"":""2026_general_expenditure_02_03_06"",""identity_fields"":{""display_program_name"":""世田谷地域生涯学習事務"",""hierarchy"":[""総務費"",""区民費"",""区民施設費""],""department_display_name"":""世田谷総合支所 地域振興課"",""amount_thousand_yen"":7390},""member_programs"":[{""program_id"":""2026_general_expenditure_02_03_06_01_02_01"",""major_program_name"":""区民施設維持運営費"",""budget_program_name"":""世田谷地域生涯学習事務"",""detail_program_name"":""世田谷地域生涯学習事務"",""source_file"":""ippansaisyutu.csv"",""source_row_number"":9094}],""same_budget_item_other_program_names"":[""烏山区民会館・区民センター維持運営"",""烏山地域区民センター業務委託"",""烏山地域区民施設改修"",""烏山地域区民集会所維持運営"",""烏山地域生涯学習事務"",""烏山地域地区会館維持運営"",""鎌田区民センター維持運営"",""砧区民会館維持運営"",""砧地域区民センター事業委託"",""砧地域区民施設改修"",""砧地域区民集会所維持運営"",""砧地域生涯学習事務"",""砧地域地区会館維持運営"",""宮坂区民センター維持運営"",""玉川区民会館維持運営"",""玉川地域区民センター維持運営"",""玉川地域区民センター事業委託"",""玉川地域区民施設改修"",""玉川地域生涯学習事務"",""玉川地域地区会館維持運営"",""区民斎場維持運営"",""弦巻区民センター維持運営"",""桜丘区民センター維持運営"",""上北沢区民センター維持運営"",""世田谷区民会館維持運営"",""世田谷区民会館別館等維持運営"",""世田谷地域区民センター事業委託"",""世田谷地域区民施設改修"",""世田谷地域区民集会所維持運営"",""世田谷地域地区会館維持運営"",""太子堂区民センター維持運営"",""代田区民センター維持運営"",""粕谷区民センター維持運営"",""北沢区民会館維持運営"",""北沢地域区民センター事業委託"",""北沢地域区民施設改修"",""北沢地域区民集会所維持運営"",""北沢地域生涯学習事務"",""北沢地域地区会館維持運営"",""本庁舎等区民利用施設維持運営""],""related_revenues"":[]}","high","reject","[publication-policy] 広域な行政機能topicは具体的な課題topicと重複するため公開しない"
"bpi_871f089618a2e2b60f2bb045f7a444fa34c513c07cc31fdf8165ec50f4f19157","青少年対策（世田谷）","一般会計","総務費","区民費","区民総務費","世田谷総合支所 地域振興課","7381","地域・区民行政","supports","公式予算で区民総務費、支所費または区民施設費に属するため、地域・窓口・区民生活に関する行政機能を支える予算事業として整理した。これはみらい議会の探索用整理であり、区の公式な課題分類ではない。","B_strong_structural","{""matched_rule_id"":""community-services-official-hierarchy"",""budget_item_key"":""2026_general_expenditure_02_03_01"",""identity_fields"":{""display_program_name"":""青少年対策（世田谷）"",""hierarchy"":[""総務費"",""区民費"",""区民総務費""],""department_display_name"":""世田谷総合支所 地域振興課"",""amount_thousand_yen"":7381},""member_programs"":[{""program_id"":""2026_general_expenditure_02_03_01_02_13_01"",""major_program_name"":""まちづくり推進事業費"",""budget_program_name"":""青少年対策（世田谷）"",""detail_program_name"":""青少年対策（世田谷）"",""source_file"":""ippansaisyutu.csv"",""source_row_number"":9084}],""same_budget_item_other_program_names"":[""ＤＶ防止・困難な問題を抱える女性支援事業"",""ふるさとまつり協賛（烏山）"",""ふるさとまつり協賛（砧）"",""ふるさとまつり協賛（玉川）"",""ふるさとまつり協賛（世田谷）"",""ふるさとまつり協賛（北沢）"",""まちづくり推進（烏山）"",""まちづくり推進（砧）"",""まちづくり推進（玉川）"",""まちづくり推進（世田谷）"",""まちづくり推進（北沢）"",""安全安心まちづくりの推進"",""区広報板維持管理"",""公共施設利用案内システム維持運営"",""災害時地域助け合い活動支援"",""市民活動の促進"",""自主的コミュニティづくりの支援"",""住居表示維持管理"",""出張所広報"",""人権推進事業"",""生活文化政策部庶務事務"",""青少年対策（烏山）"",""青少年対策（砧）"",""青少年対策（玉川）"",""青少年対策（北沢）"",""多摩川花火大会"",""男女共同参画センター維持運営"",""男女共同参画社会推進事業"",""地域活動推進（烏山）"",""地域活動推進（砧）"",""地域活動推進（玉川）"",""地域活動推進（世田谷）"",""地域活動推進（北沢）"",""地域交流・まつり事業支援"",""地域行政部庶務事務"",""地域包括ケア地区展開調整事務"",""町会自治会等事業助成"",""二十歳のつどい"",""梅まつり"",""犯罪被害者等支援事業"",""犯罪被害者等支援等基金積立金"",""平和資料館維持運営"",""平和都市宣言事業"",""防犯カメラ整備・維持管理助成"",""防犯協会・防火防災協会（砧）"",""防犯協会・防火防災協会（玉川）"",""防犯協会・防火防災協会（世田谷）"",""北沢防犯協会（北沢）"",""臨海部広域斎場組合負担金""],""related_revenues"":[]}","high","reject","[publication-policy] 広域な行政機能topicは具体的な課題topicと重複するため公開しない"
"bpi_29889d92dbde9e6129ba7ac050fa1b0fd6c05d65077aec543c9d3ef6028c8cbe","犯罪被害者等支援等基金積立金","一般会計","総務費","区民費","区民総務費","生活文化政策部 人権男女共同参画課","7323","地域・区民行政","supports","公式予算で区民総務費、支所費または区民施設費に属するため、地域・窓口・区民生活に関する行政機能を支える予算事業として整理した。これはみらい議会の探索用整理であり、区の公式な課題分類ではない。","B_strong_structural","{""matched_rule_id"":""community-services-official-hierarchy"",""budget_item_key"":""2026_general_expenditure_02_03_01"",""identity_fields"":{""display_program_name"":""犯罪被害者等支援等基金積立金"",""hierarchy"":[""総務費"",""区民費"",""区民総務費""],""department_display_name"":""生活文化政策部 人権男女共同参画課"",""amount_thousand_yen"":7323},""member_programs"":[{""program_id"":""2026_general_expenditure_02_03_01_07_03_01"",""major_program_name"":""人権推進事業費"",""budget_program_name"":""犯罪被害者等支援等基金積立金"",""detail_program_name"":""犯罪被害者等支援等基金積立金"",""source_file"":""ippansaisyutu.csv"",""source_row_number"":9398}],""same_budget_item_other_program_names"":[""ＤＶ防止・困難な問題を抱える女性支援事業"",""ふるさとまつり協賛（烏山）"",""ふるさとまつり協賛（砧）"",""ふるさとまつり協賛（玉川）"",""ふるさとまつり協賛（世田谷）"",""ふるさとまつり協賛（北沢）"",""まちづくり推進（烏山）"",""まちづくり推進（砧）"",""まちづくり推進（玉川）"",""まちづくり推進（世田谷）"",""まちづくり推進（北沢）"",""安全安心まちづくりの推進"",""区広報板維持管理"",""公共施設利用案内システム維持運営"",""災害時地域助け合い活動支援"",""市民活動の促進"",""自主的コミュニティづくりの支援"",""住居表示維持管理"",""出張所広報"",""人権推進事業"",""生活文化政策部庶務事務"",""青少年対策（烏山）"",""青少年対策（砧）"",""青少年対策（玉川）"",""青少年対策（世田谷）"",""青少年対策（北沢）"",""多摩川花火大会"",""男女共同参画センター維持運営"",""男女共同参画社会推進事業"",""地域活動推進（烏山）"",""地域活動推進（砧）"",""地域活動推進（玉川）"",""地域活動推進（世田谷）"",""地域活動推進（北沢）"",""地域交流・まつり事業支援"",""地域行政部庶務事務"",""地域包括ケア地区展開調整事務"",""町会自治会等事業助成"",""二十歳のつどい"",""梅まつり"",""犯罪被害者等支援事業"",""平和資料館維持運営"",""平和都市宣言事業"",""防犯カメラ整備・維持管理助成"",""防犯協会・防火防災協会（砧）"",""防犯協会・防火防災協会（玉川）"",""防犯協会・防火防災協会（世田谷）"",""北沢防犯協会（北沢）"",""臨海部広域斎場組合負担金""],""related_revenues"":[{""revenue_detail_id"":""rd_2026_general_revenue_15_01_02_02_58_3405450000"",""revenue_hierarchy"":[""財産収入"",""財産運用収入"",""利子及配当金"",""基金利子"",""犯罪被害者等支援等基金""],""amount_attribution_status"":""not_available""},{""revenue_detail_id"":""rd_2026_general_revenue_16_01_02_01_26_3405450000"",""revenue_hierarchy"":[""寄附金"",""寄附金"",""指定寄附金"",""総務費"",""犯罪被害者等支援等基金""],""amount_attribution_status"":""not_available""}]}","high","reject","[publication-policy] 広域な行政機能topicは具体的な課題topicと重複するため公開しない"
"bpi_6d3fd00a2a1e9fd40c8112a7399f4319fba7768b0763dd4ea8fcbcc6acafd3c2","ふるさとまつり協賛（世田谷）","一般会計","総務費","区民費","区民総務費","世田谷総合支所 地域振興課","7087","地域・区民行政","supports","公式予算で区民総務費、支所費または区民施設費に属するため、地域・窓口・区民生活に関する行政機能を支える予算事業として整理した。これはみらい議会の探索用整理であり、区の公式な課題分類ではない。","B_strong_structural","{""matched_rule_id"":""community-services-official-hierarchy"",""budget_item_key"":""2026_general_expenditure_02_03_01"",""identity_fields"":{""display_program_name"":""ふるさとまつり協賛（世田谷）"",""hierarchy"":[""総務費"",""区民費"",""区民総務費""],""department_display_name"":""世田谷総合支所 地域振興課"",""amount_thousand_yen"":7087},""member_programs"":[{""program_id"":""2026_general_expenditure_02_03_01_03_03_01"",""major_program_name"":""ふるさとまつり運営協力費"",""budget_program_name"":""ふるさとまつり協賛（世田谷）"",""detail_program_name"":""ふるさとまつり協賛（世田谷）"",""source_file"":""ippansaisyutu.csv"",""source_row_number"":9087}],""same_budget_item_other_program_names"":[""ＤＶ防止・困難な問題を抱える女性支援事業"",""ふるさとまつり協賛（烏山）"",""ふるさとまつり協賛（砧）"",""ふるさとまつり協賛（玉川）"",""ふるさとまつり協賛（北沢）"",""まちづくり推進（烏山）"",""まちづくり推進（砧）"",""まちづくり推進（玉川）"",""まちづくり推進（世田谷）"",""まちづくり推進（北沢）"",""安全安心まちづくりの推進"",""区広報板維持管理"",""公共施設利用案内システム維持運営"",""災害時地域助け合い活動支援"",""市民活動の促進"",""自主的コミュニティづくりの支援"",""住居表示維持管理"",""出張所広報"",""人権推進事業"",""生活文化政策部庶務事務"",""青少年対策（烏山）"",""青少年対策（砧）"",""青少年対策（玉川）"",""青少年対策（世田谷）"",""青少年対策（北沢）"",""多摩川花火大会"",""男女共同参画センター維持運営"",""男女共同参画社会推進事業"",""地域活動推進（烏山）"",""地域活動推進（砧）"",""地域活動推進（玉川）"",""地域活動推進（世田谷）"",""地域活動推進（北沢）"",""地域交流・まつり事業支援"",""地域行政部庶務事務"",""地域包括ケア地区展開調整事務"",""町会自治会等事業助成"",""二十歳のつどい"",""梅まつり"",""犯罪被害者等支援事業"",""犯罪被害者等支援等基金積立金"",""平和資料館維持運営"",""平和都市宣言事業"",""防犯カメラ整備・維持管理助成"",""防犯協会・防火防災協会（砧）"",""防犯協会・防火防災協会（玉川）"",""防犯協会・防火防災協会（世田谷）"",""北沢防犯協会（北沢）"",""臨海部広域斎場組合負担金""],""related_revenues"":[]}","high","reject","[publication-policy] 広域な行政機能topicは具体的な課題topicと重複するため公開しない"
"bpi_96e0afa84c7c5a7ace7f68c16a97411e2014a9448bfbbab0c1d3c0b9d90744a4","烏山総合支所庶務事務","一般会計","総務費","区民費","支所費","烏山総合支所 地域振興課","6964","地域・区民行政","supports","公式予算で区民総務費、支所費または区民施設費に属するため、地域・窓口・区民生活に関する行政機能を支える予算事業として整理した。これはみらい議会の探索用整理であり、区の公式な課題分類ではない。","B_strong_structural","{""matched_rule_id"":""community-services-official-hierarchy"",""budget_item_key"":""2026_general_expenditure_02_03_02"",""identity_fields"":{""display_program_name"":""烏山総合支所庶務事務"",""hierarchy"":[""総務費"",""区民費"",""支所費""],""department_display_name"":""烏山総合支所 地域振興課"",""amount_thousand_yen"":6964},""member_programs"":[{""program_id"":""2026_general_expenditure_02_03_02_01_05_01"",""major_program_name"":""総合支所維持運営費"",""budget_program_name"":""烏山総合支所庶務事務"",""detail_program_name"":""烏山総合支所庶務事務"",""source_file"":""ippansaisyutu.csv"",""source_row_number"":9213}],""same_budget_item_other_program_names"":[""烏山総合支所・出張所改築事務"",""烏山総合支所維持管理"",""烏山地域支所・出張所改修"",""烏山地域出張所維持運営"",""砧総合支所維持管理"",""砧総合支所庶務事務"",""砧地域支所・出張所改修"",""砧地域出張所維持運営"",""玉川総合支所維持管理"",""玉川総合支所庶務事務"",""玉川地域支所・出張所改修"",""玉川地域出張所維持運営"",""計画・相談事業運営（烏山）"",""計画・相談事業運営（砧）"",""計画・相談事業運営（玉川）"",""計画・相談事業運営（世田谷）"",""計画・相談事業運営（北沢）"",""出張所機能充実"",""世田谷総合支所・出張所改築事務"",""世田谷総合支所庶務事務"",""世田谷地域出張所維持運営"",""世田谷地域出張所改修"",""総合窓口化の推進"",""地域経営事務調整（烏山）"",""地域経営事務調整（砧）"",""地域経営事務調整（玉川）"",""地域経営事務調整（世田谷）"",""地域経営事務調整（北沢）"",""町会・自治会会館建設等助成事務"",""北沢総合支所維持管理"",""北沢総合支所庶務事務"",""北沢地域支所・出張所改修"",""北沢地域出張所維持運営""],""related_revenues"":[]}","high","reject","[publication-policy] 広域な行政機能topicは具体的な課題topicと重複するため公開しない"
"bpi_7a4ce6ea311c9c43e88b786933e0f12cedb521430ff52f205c466b92b2962ad2","平和都市宣言事業","一般会計","総務費","区民費","区民総務費","生活文化政策部 人権男女共同参画課","6924","地域・区民行政","supports","公式予算で区民総務費、支所費または区民施設費に属するため、地域・窓口・区民生活に関する行政機能を支える予算事業として整理した。これはみらい議会の探索用整理であり、区の公式な課題分類ではない。","B_strong_structural","{""matched_rule_id"":""community-services-official-hierarchy"",""budget_item_key"":""2026_general_expenditure_02_03_01"",""identity_fields"":{""display_program_name"":""平和都市宣言事業"",""hierarchy"":[""総務費"",""区民費"",""区民総務費""],""department_display_name"":""生活文化政策部 人権男女共同参画課"",""amount_thousand_yen"":6924},""member_programs"":[{""program_id"":""2026_general_expenditure_02_03_01_09_02_01"",""major_program_name"":""平和関連事業費"",""budget_program_name"":""平和都市宣言事業"",""detail_program_name"":""平和都市宣言事業"",""source_file"":""ippansaisyutu.csv"",""source_row_number"":9400}],""same_budget_item_other_program_names"":[""ＤＶ防止・困難な問題を抱える女性支援事業"",""ふるさとまつり協賛（烏山）"",""ふるさとまつり協賛（砧）"",""ふるさとまつり協賛（玉川）"",""ふるさとまつり協賛（世田谷）"",""ふるさとまつり協賛（北沢）"",""まちづくり推進（烏山）"",""まちづくり推進（砧）"",""まちづくり推進（玉川）"",""まちづくり推進（世田谷）"",""まちづくり推進（北沢）"",""安全安心まちづくりの推進"",""区広報板維持管理"",""公共施設利用案内システム維持運営"",""災害時地域助け合い活動支援"",""市民活動の促進"",""自主的コミュニティづくりの支援"",""住居表示維持管理"",""出張所広報"",""人権推進事業"",""生活文化政策部庶務事務"",""青少年対策（烏山）"",""青少年対策（砧）"",""青少年対策（玉川）"",""青少年対策（世田谷）"",""青少年対策（北沢）"",""多摩川花火大会"",""男女共同参画センター維持運営"",""男女共同参画社会推進事業"",""地域活動推進（烏山）"",""地域活動推進（砧）"",""地域活動推進（玉川）"",""地域活動推進（世田谷）"",""地域活動推進（北沢）"",""地域交流・まつり事業支援"",""地域行政部庶務事務"",""地域包括ケア地区展開調整事務"",""町会自治会等事業助成"",""二十歳のつどい"",""梅まつり"",""犯罪被害者等支援事業"",""犯罪被害者等支援等基金積立金"",""平和資料館維持運営"",""防犯カメラ整備・維持管理助成"",""防犯協会・防火防災協会（砧）"",""防犯協会・防火防災協会（玉川）"",""防犯協会・防火防災協会（世田谷）"",""北沢防犯協会（北沢）"",""臨海部広域斎場組合負担金""],""related_revenues"":[{""revenue_detail_id"":""rd_2026_general_revenue_17_01_22_01_05_3405450000"",""revenue_hierarchy"":[""繰入金"",""基金繰入金"",""国際平和交流基金繰入金"",""国際平和交流"",""平和都市宣言事業""],""amount_attribution_status"":""not_available""},{""revenue_detail_id"":""rd_2026_general_revenue_19_06_09_83_52_3405450000"",""revenue_hierarchy"":[""諸収入"",""雑入"",""雑入"",""雑入（３）"",""若い世代による被爆地での平和学習支援補助金""],""amount_attribution_status"":""not_available""}]}","high","reject","[publication-policy] 広域な行政機能topicは具体的な課題topicと重複するため公開しない"
"bpi_afdba6d6b7f65185e3ad3c4ef001bc70f47e8a044e464e699d0d024e3c3311c8","住居表示維持管理","一般会計","総務費","区民費","区民総務費","地域行政部 住民記録・戸籍課","6861","地域・区民行政","supports","公式予算で区民総務費、支所費または区民施設費に属するため、地域・窓口・区民生活に関する行政機能を支える予算事業として整理した。これはみらい議会の探索用整理であり、区の公式な課題分類ではない。","B_strong_structural","{""matched_rule_id"":""community-services-official-hierarchy"",""budget_item_key"":""2026_general_expenditure_02_03_01"",""identity_fields"":{""display_program_name"":""住居表示維持管理"",""hierarchy"":[""総務費"",""区民費"",""区民総務費""],""department_display_name"":""地域行政部 住民記録・戸籍課"",""amount_thousand_yen"":6861},""member_programs"":[{""program_id"":""2026_general_expenditure_02_03_01_01_12_01"",""major_program_name"":""区民関係事務運営費"",""budget_program_name"":""住居表示維持管理"",""detail_program_name"":""住居表示維持管理"",""source_file"":""ippansaisyutu.csv"",""source_row_number"":9416}],""same_budget_item_other_program_names"":[""ＤＶ防止・困難な問題を抱える女性支援事業"",""ふるさとまつり協賛（烏山）"",""ふるさとまつり協賛（砧）"",""ふるさとまつり協賛（玉川）"",""ふるさとまつり協賛（世田谷）"",""ふるさとまつり協賛（北沢）"",""まちづくり推進（烏山）"",""まちづくり推進（砧）"",""まちづくり推進（玉川）"",""まちづくり推進（世田谷）"",""まちづくり推進（北沢）"",""安全安心まちづくりの推進"",""区広報板維持管理"",""公共施設利用案内システム維持運営"",""災害時地域助け合い活動支援"",""市民活動の促進"",""自主的コミュニティづくりの支援"",""出張所広報"",""人権推進事業"",""生活文化政策部庶務事務"",""青少年対策（烏山）"",""青少年対策（砧）"",""青少年対策（玉川）"",""青少年対策（世田谷）"",""青少年対策（北沢）"",""多摩川花火大会"",""男女共同参画センター維持運営"",""男女共同参画社会推進事業"",""地域活動推進（烏山）"",""地域活動推進（砧）"",""地域活動推進（玉川）"",""地域活動推進（世田谷）"",""地域活動推進（北沢）"",""地域交流・まつり事業支援"",""地域行政部庶務事務"",""地域包括ケア地区展開調整事務"",""町会自治会等事業助成"",""二十歳のつどい"",""梅まつり"",""犯罪被害者等支援事業"",""犯罪被害者等支援等基金積立金"",""平和資料館維持運営"",""平和都市宣言事業"",""防犯カメラ整備・維持管理助成"",""防犯協会・防火防災協会（砧）"",""防犯協会・防火防災協会（玉川）"",""防犯協会・防火防災協会（世田谷）"",""北沢防犯協会（北沢）"",""臨海部広域斎場組合負担金""],""related_revenues"":[{""revenue_detail_id"":""rd_2026_general_revenue_12_02_01_01_19_3415220000"",""revenue_hierarchy"":[""使用料及手数料"",""手数料"",""総務手数料"",""証明閲覧"",""耕地整理証明""],""amount_attribution_status"":""not_available""}]}","high","reject","[publication-policy] 広域な行政機能topicは具体的な課題topicと重複するため公開しない"
"bpi_978550a3ce50b2c15cafb9d8a818ffddcd20f53ee40536c0e49d532792eb2a0e","世田谷地域区民センター事業委託","一般会計","総務費","区民費","区民施設費","世田谷総合支所 地域振興課","6680","地域・区民行政","supports","公式予算で区民総務費、支所費または区民施設費に属するため、地域・窓口・区民生活に関する行政機能を支える予算事業として整理した。これはみらい議会の探索用整理であり、区の公式な課題分類ではない。","B_strong_structural","{""matched_rule_id"":""community-services-official-hierarchy"",""budget_item_key"":""2026_general_expenditure_02_03_06"",""identity_fields"":{""display_program_name"":""世田谷地域区民センター事業委託"",""hierarchy"":[""総務費"",""区民費"",""区民施設費""],""department_display_name"":""世田谷総合支所 地域振興課"",""amount_thousand_yen"":6680},""member_programs"":[{""program_id"":""2026_general_expenditure_02_03_06_01_03_01"",""major_program_name"":""区民施設維持運営費"",""budget_program_name"":""世田谷地域区民センター事業委託"",""detail_program_name"":""世田谷地域区民センター事業委託"",""source_file"":""ippansaisyutu.csv"",""source_row_number"":9095}],""same_budget_item_other_program_names"":[""烏山区民会館・区民センター維持運営"",""烏山地域区民センター業務委託"",""烏山地域区民施設改修"",""烏山地域区民集会所維持運営"",""烏山地域生涯学習事務"",""烏山地域地区会館維持運営"",""鎌田区民センター維持運営"",""砧区民会館維持運営"",""砧地域区民センター事業委託"",""砧地域区民施設改修"",""砧地域区民集会所維持運営"",""砧地域生涯学習事務"",""砧地域地区会館維持運営"",""宮坂区民センター維持運営"",""玉川区民会館維持運営"",""玉川地域区民センター維持運営"",""玉川地域区民センター事業委託"",""玉川地域区民施設改修"",""玉川地域生涯学習事務"",""玉川地域地区会館維持運営"",""区民斎場維持運営"",""弦巻区民センター維持運営"",""桜丘区民センター維持運営"",""上北沢区民センター維持運営"",""世田谷区民会館維持運営"",""世田谷区民会館別館等維持運営"",""世田谷地域区民施設改修"",""世田谷地域区民集会所維持運営"",""世田谷地域生涯学習事務"",""世田谷地域地区会館維持運営"",""太子堂区民センター維持運営"",""代田区民センター維持運営"",""粕谷区民センター維持運営"",""北沢区民会館維持運営"",""北沢地域区民センター事業委託"",""北沢地域区民施設改修"",""北沢地域区民集会所維持運営"",""北沢地域生涯学習事務"",""北沢地域地区会館維持運営"",""本庁舎等区民利用施設維持運営""],""related_revenues"":[]}","high","reject","[publication-policy] 広域な行政機能topicは具体的な課題topicと重複するため公開しない"
"bpi_b679c2d75ea88631d04fa17efa869a0fe386b027d51c2d83d71d2c8cdade4a81","青少年対策（玉川）","一般会計","総務費","区民費","区民総務費","玉川総合支所 地域振興課","6248","地域・区民行政","supports","公式予算で区民総務費、支所費または区民施設費に属するため、地域・窓口・区民生活に関する行政機能を支える予算事業として整理した。これはみらい議会の探索用整理であり、区の公式な課題分類ではない。","B_strong_structural","{""matched_rule_id"":""community-services-official-hierarchy"",""budget_item_key"":""2026_general_expenditure_02_03_01"",""identity_fields"":{""display_program_name"":""青少年対策（玉川）"",""hierarchy"":[""総務費"",""区民費"",""区民総務費""],""department_display_name"":""玉川総合支所 地域振興課"",""amount_thousand_yen"":6248},""member_programs"":[{""program_id"":""2026_general_expenditure_02_03_01_02_15_01"",""major_program_name"":""まちづくり推進事業費"",""budget_program_name"":""青少年対策（玉川）"",""detail_program_name"":""青少年対策（玉川）"",""source_file"":""ippansaisyutu.csv"",""source_row_number"":9153}],""same_budget_item_other_program_names"":[""ＤＶ防止・困難な問題を抱える女性支援事業"",""ふるさとまつり協賛（烏山）"",""ふるさとまつり協賛（砧）"",""ふるさとまつり協賛（玉川）"",""ふるさとまつり協賛（世田谷）"",""ふるさとまつり協賛（北沢）"",""まちづくり推進（烏山）"",""まちづくり推進（砧）"",""まちづくり推進（玉川）"",""まちづくり推進（世田谷）"",""まちづくり推進（北沢）"",""安全安心まちづくりの推進"",""区広報板維持管理"",""公共施設利用案内システム維持運営"",""災害時地域助け合い活動支援"",""市民活動の促進"",""自主的コミュニティづくりの支援"",""住居表示維持管理"",""出張所広報"",""人権推進事業"",""生活文化政策部庶務事務"",""青少年対策（烏山）"",""青少年対策（砧）"",""青少年対策（世田谷）"",""青少年対策（北沢）"",""多摩川花火大会"",""男女共同参画センター維持運営"",""男女共同参画社会推進事業"",""地域活動推進（烏山）"",""地域活動推進（砧）"",""地域活動推進（玉川）"",""地域活動推進（世田谷）"",""地域活動推進（北沢）"",""地域交流・まつり事業支援"",""地域行政部庶務事務"",""地域包括ケア地区展開調整事務"",""町会自治会等事業助成"",""二十歳のつどい"",""梅まつり"",""犯罪被害者等支援事業"",""犯罪被害者等支援等基金積立金"",""平和資料館維持運営"",""平和都市宣言事業"",""防犯カメラ整備・維持管理助成"",""防犯協会・防火防災協会（砧）"",""防犯協会・防火防災協会（玉川）"",""防犯協会・防火防災協会（世田谷）"",""北沢防犯協会（北沢）"",""臨海部広域斎場組合負担金""],""related_revenues"":[]}","high","reject","[publication-policy] 広域な行政機能topicは具体的な課題topicと重複するため公開しない"
"bpi_12c83676e549c762805bde28f2adbf4f537b901e422be7ef46c4027dec685d29","玉川地域支所・出張所改修","一般会計","総務費","区民費","支所費","玉川総合支所 地域振興課","5955","地域・区民行政","supports","公式予算で区民総務費、支所費または区民施設費に属するため、地域・窓口・区民生活に関する行政機能を支える予算事業として整理した。これはみらい議会の探索用整理であり、区の公式な課題分類ではない。","B_strong_structural","{""matched_rule_id"":""community-services-official-hierarchy"",""budget_item_key"":""2026_general_expenditure_02_03_02"",""identity_fields"":{""display_program_name"":""玉川地域支所・出張所改修"",""hierarchy"":[""総務費"",""区民費"",""支所費""],""department_display_name"":""玉川総合支所 地域振興課"",""amount_thousand_yen"":5955},""member_programs"":[{""program_id"":""2026_general_expenditure_02_03_02_04_02_01"",""major_program_name"":""総合支所・出張所改修費"",""budget_program_name"":""玉川地域支所・出張所改修"",""detail_program_name"":""玉川地域支所・出張所改修"",""source_file"":""ippansaisyutu.csv"",""source_row_number"":9161}],""same_budget_item_other_program_names"":[""烏山総合支所・出張所改築事務"",""烏山総合支所維持管理"",""烏山総合支所庶務事務"",""烏山地域支所・出張所改修"",""烏山地域出張所維持運営"",""砧総合支所維持管理"",""砧総合支所庶務事務"",""砧地域支所・出張所改修"",""砧地域出張所維持運営"",""玉川総合支所維持管理"",""玉川総合支所庶務事務"",""玉川地域出張所維持運営"",""計画・相談事業運営（烏山）"",""計画・相談事業運営（砧）"",""計画・相談事業運営（玉川）"",""計画・相談事業運営（世田谷）"",""計画・相談事業運営（北沢）"",""出張所機能充実"",""世田谷総合支所・出張所改築事務"",""世田谷総合支所庶務事務"",""世田谷地域出張所維持運営"",""世田谷地域出張所改修"",""総合窓口化の推進"",""地域経営事務調整（烏山）"",""地域経営事務調整（砧）"",""地域経営事務調整（玉川）"",""地域経営事務調整（世田谷）"",""地域経営事務調整（北沢）"",""町会・自治会会館建設等助成事務"",""北沢総合支所維持管理"",""北沢総合支所庶務事務"",""北沢地域支所・出張所改修"",""北沢地域出張所維持運営""],""related_revenues"":[]}","high","reject","[publication-policy] 広域な行政機能topicは具体的な課題topicと重複するため公開しない"
"bpi_71a9b98defb1585d467e8eb655bf7eeb4f3c891b0f1cf01db60458d475fcf89b","烏山地域支所・出張所改修","一般会計","総務費","区民費","支所費","烏山総合支所 地域振興課","5746","地域・区民行政","supports","公式予算で区民総務費、支所費または区民施設費に属するため、地域・窓口・区民生活に関する行政機能を支える予算事業として整理した。これはみらい議会の探索用整理であり、区の公式な課題分類ではない。","B_strong_structural","{""matched_rule_id"":""community-services-official-hierarchy"",""budget_item_key"":""2026_general_expenditure_02_03_02"",""identity_fields"":{""display_program_name"":""烏山地域支所・出張所改修"",""hierarchy"":[""総務費"",""区民費"",""支所費""],""department_display_name"":""烏山総合支所 地域振興課"",""amount_thousand_yen"":5746},""member_programs"":[{""program_id"":""2026_general_expenditure_02_03_02_04_04_01"",""major_program_name"":""総合支所・出張所改修費"",""budget_program_name"":""烏山地域支所・出張所改修"",""detail_program_name"":""烏山地域支所・出張所改修"",""source_file"":""ippansaisyutu.csv"",""source_row_number"":9218}],""same_budget_item_other_program_names"":[""烏山総合支所・出張所改築事務"",""烏山総合支所維持管理"",""烏山総合支所庶務事務"",""烏山地域出張所維持運営"",""砧総合支所維持管理"",""砧総合支所庶務事務"",""砧地域支所・出張所改修"",""砧地域出張所維持運営"",""玉川総合支所維持管理"",""玉川総合支所庶務事務"",""玉川地域支所・出張所改修"",""玉川地域出張所維持運営"",""計画・相談事業運営（烏山）"",""計画・相談事業運営（砧）"",""計画・相談事業運営（玉川）"",""計画・相談事業運営（世田谷）"",""計画・相談事業運営（北沢）"",""出張所機能充実"",""世田谷総合支所・出張所改築事務"",""世田谷総合支所庶務事務"",""世田谷地域出張所維持運営"",""世田谷地域出張所改修"",""総合窓口化の推進"",""地域経営事務調整（烏山）"",""地域経営事務調整（砧）"",""地域経営事務調整（玉川）"",""地域経営事務調整（世田谷）"",""地域経営事務調整（北沢）"",""町会・自治会会館建設等助成事務"",""北沢総合支所維持管理"",""北沢総合支所庶務事務"",""北沢地域支所・出張所改修"",""北沢地域出張所維持運営""],""related_revenues"":[]}","high","reject","[publication-policy] 広域な行政機能topicは具体的な課題topicと重複するため公開しない"
"bpi_c218dd677717f730f3d033ad4758fba09805d6fdcb0313cf0732709d8d3cb3d0","総合窓口化の推進","一般会計","総務費","区民費","支所費","地域行政部 住民記録・戸籍課","5525","地域・区民行政","supports","公式予算で区民総務費、支所費または区民施設費に属するため、地域・窓口・区民生活に関する行政機能を支える予算事業として整理した。これはみらい議会の探索用整理であり、区の公式な課題分類ではない。","B_strong_structural","{""matched_rule_id"":""community-services-official-hierarchy"",""budget_item_key"":""2026_general_expenditure_02_03_02"",""identity_fields"":{""display_program_name"":""総合窓口化の推進"",""hierarchy"":[""総務費"",""区民費"",""支所費""],""department_display_name"":""地域行政部 住民記録・戸籍課"",""amount_thousand_yen"":5525},""member_programs"":[{""program_id"":""2026_general_expenditure_02_03_02_01_20_01"",""major_program_name"":""総合支所維持運営費"",""budget_program_name"":""総合窓口化の推進"",""detail_program_name"":""総合窓口化の推進"",""source_file"":""ippansaisyutu.csv"",""source_row_number"":9417}],""same_budget_item_other_program_names"":[""烏山総合支所・出張所改築事務"",""烏山総合支所維持管理"",""烏山総合支所庶務事務"",""烏山地域支所・出張所改修"",""烏山地域出張所維持運営"",""砧総合支所維持管理"",""砧総合支所庶務事務"",""砧地域支所・出張所改修"",""砧地域出張所維持運営"",""玉川総合支所維持管理"",""玉川総合支所庶務事務"",""玉川地域支所・出張所改修"",""玉川地域出張所維持運営"",""計画・相談事業運営（烏山）"",""計画・相談事業運営（砧）"",""計画・相談事業運営（玉川）"",""計画・相談事業運営（世田谷）"",""計画・相談事業運営（北沢）"",""出張所機能充実"",""世田谷総合支所・出張所改築事務"",""世田谷総合支所庶務事務"",""世田谷地域出張所維持運営"",""世田谷地域出張所改修"",""地域経営事務調整（烏山）"",""地域経営事務調整（砧）"",""地域経営事務調整（玉川）"",""地域経営事務調整（世田谷）"",""地域経営事務調整（北沢）"",""町会・自治会会館建設等助成事務"",""北沢総合支所維持管理"",""北沢総合支所庶務事務"",""北沢地域支所・出張所改修"",""北沢地域出張所維持運営""],""related_revenues"":[{""revenue_detail_id"":""rd_2026_general_revenue_19_06_09_45_18_3415220000"",""revenue_hierarchy"":[""諸収入"",""雑入"",""雑入"",""広告料収入"",""総合支所くみん窓口""],""amount_attribution_status"":""not_available""}]}","high","reject","[publication-policy] 広域な行政機能topicは具体的な課題topicと重複するため公開しない"
"bpi_38c925ce32e8a7ebe83d0d026c4496a234806f5b68540b0e5dc5d72f7fd34078","計画・相談事業運営（砧）","一般会計","総務費","区民費","支所費","砧総合支所 地域振興課","5431","地域・区民行政","supports","公式予算で区民総務費、支所費または区民施設費に属するため、地域・窓口・区民生活に関する行政機能を支える予算事業として整理した。これはみらい議会の探索用整理であり、区の公式な課題分類ではない。","B_strong_structural","{""matched_rule_id"":""community-services-official-hierarchy"",""budget_item_key"":""2026_general_expenditure_02_03_02"",""identity_fields"":{""display_program_name"":""計画・相談事業運営（砧）"",""hierarchy"":[""総務費"",""区民費"",""支所費""],""department_display_name"":""砧総合支所 地域振興課"",""amount_thousand_yen"":5431},""member_programs"":[{""program_id"":""2026_general_expenditure_02_03_02_01_09_01"",""major_program_name"":""総合支所維持運営費"",""budget_program_name"":""計画・相談事業運営（砧）"",""detail_program_name"":""計画・相談事業運営（砧）"",""source_file"":""ippansaisyutu.csv"",""source_row_number"":9186}],""same_budget_item_other_program_names"":[""烏山総合支所・出張所改築事務"",""烏山総合支所維持管理"",""烏山総合支所庶務事務"",""烏山地域支所・出張所改修"",""烏山地域出張所維持運営"",""砧総合支所維持管理"",""砧総合支所庶務事務"",""砧地域支所・出張所改修"",""砧地域出張所維持運営"",""玉川総合支所維持管理"",""玉川総合支所庶務事務"",""玉川地域支所・出張所改修"",""玉川地域出張所維持運営"",""計画・相談事業運営（烏山）"",""計画・相談事業運営（玉川）"",""計画・相談事業運営（世田谷）"",""計画・相談事業運営（北沢）"",""出張所機能充実"",""世田谷総合支所・出張所改築事務"",""世田谷総合支所庶務事務"",""世田谷地域出張所維持運営"",""世田谷地域出張所改修"",""総合窓口化の推進"",""地域経営事務調整（烏山）"",""地域経営事務調整（砧）"",""地域経営事務調整（玉川）"",""地域経営事務調整（世田谷）"",""地域経営事務調整（北沢）"",""町会・自治会会館建設等助成事務"",""北沢総合支所維持管理"",""北沢総合支所庶務事務"",""北沢地域支所・出張所改修"",""北沢地域出張所維持運営""],""related_revenues"":[]}","high","reject","[publication-policy] 広域な行政機能topicは具体的な課題topicと重複するため公開しない"
"bpi_2fcd019524f4ac1ce022fc0ab0d294f9e6fdfd36a6ef5c00ebd1631e5aa75a0a","北沢総合支所庶務事務","一般会計","総務費","区民費","支所費","北沢総合支所 地域振興課","5267","地域・区民行政","supports","公式予算で区民総務費、支所費または区民施設費に属するため、地域・窓口・区民生活に関する行政機能を支える予算事業として整理した。これはみらい議会の探索用整理であり、区の公式な課題分類ではない。","B_strong_structural","{""matched_rule_id"":""community-services-official-hierarchy"",""budget_item_key"":""2026_general_expenditure_02_03_02"",""identity_fields"":{""display_program_name"":""北沢総合支所庶務事務"",""hierarchy"":[""総務費"",""区民費"",""支所費""],""department_display_name"":""北沢総合支所 地域振興課"",""amount_thousand_yen"":5267},""member_programs"":[{""program_id"":""2026_general_expenditure_02_03_02_01_02_01"",""major_program_name"":""総合支所維持運営費"",""budget_program_name"":""北沢総合支所庶務事務"",""detail_program_name"":""北沢総合支所庶務事務"",""source_file"":""ippansaisyutu.csv"",""source_row_number"":9124}],""same_budget_item_other_program_names"":[""烏山総合支所・出張所改築事務"",""烏山総合支所維持管理"",""烏山総合支所庶務事務"",""烏山地域支所・出張所改修"",""烏山地域出張所維持運営"",""砧総合支所維持管理"",""砧総合支所庶務事務"",""砧地域支所・出張所改修"",""砧地域出張所維持運営"",""玉川総合支所維持管理"",""玉川総合支所庶務事務"",""玉川地域支所・出張所改修"",""玉川地域出張所維持運営"",""計画・相談事業運営（烏山）"",""計画・相談事業運営（砧）"",""計画・相談事業運営（玉川）"",""計画・相談事業運営（世田谷）"",""計画・相談事業運営（北沢）"",""出張所機能充実"",""世田谷総合支所・出張所改築事務"",""世田谷総合支所庶務事務"",""世田谷地域出張所維持運営"",""世田谷地域出張所改修"",""総合窓口化の推進"",""地域経営事務調整（烏山）"",""地域経営事務調整（砧）"",""地域経営事務調整（玉川）"",""地域経営事務調整（世田谷）"",""地域経営事務調整（北沢）"",""町会・自治会会館建設等助成事務"",""北沢総合支所維持管理"",""北沢地域支所・出張所改修"",""北沢地域出張所維持運営""],""related_revenues"":[]}","high","reject","[publication-policy] 広域な行政機能topicは具体的な課題topicと重複するため公開しない"
"bpi_b1d0035e75fb0caf668ae110f285726b2626b2d7569a8eedb1d518860273ab06","地域経営事務調整（玉川）","一般会計","総務費","区民費","支所費","玉川総合支所 地域振興課","5106","地域・区民行政","supports","公式予算で区民総務費、支所費または区民施設費に属するため、地域・窓口・区民生活に関する行政機能を支える予算事業として整理した。これはみらい議会の探索用整理であり、区の公式な課題分類ではない。","B_strong_structural","{""matched_rule_id"":""community-services-official-hierarchy"",""budget_item_key"":""2026_general_expenditure_02_03_02"",""identity_fields"":{""display_program_name"":""地域経営事務調整（玉川）"",""hierarchy"":[""総務費"",""区民費"",""支所費""],""department_display_name"":""玉川総合支所 地域振興課"",""amount_thousand_yen"":5106},""member_programs"":[{""program_id"":""2026_general_expenditure_02_03_02_01_33_01"",""major_program_name"":""総合支所維持運営費"",""budget_program_name"":""地域経営事務調整（玉川）"",""detail_program_name"":""地域経営事務調整（玉川）"",""source_file"":""ippansaisyutu.csv"",""source_row_number"":9159}],""same_budget_item_other_program_names"":[""烏山総合支所・出張所改築事務"",""烏山総合支所維持管理"",""烏山総合支所庶務事務"",""烏山地域支所・出張所改修"",""烏山地域出張所維持運営"",""砧総合支所維持管理"",""砧総合支所庶務事務"",""砧地域支所・出張所改修"",""砧地域出張所維持運営"",""玉川総合支所維持管理"",""玉川総合支所庶務事務"",""玉川地域支所・出張所改修"",""玉川地域出張所維持運営"",""計画・相談事業運営（烏山）"",""計画・相談事業運営（砧）"",""計画・相談事業運営（玉川）"",""計画・相談事業運営（世田谷）"",""計画・相談事業運営（北沢）"",""出張所機能充実"",""世田谷総合支所・出張所改築事務"",""世田谷総合支所庶務事務"",""世田谷地域出張所維持運営"",""世田谷地域出張所改修"",""総合窓口化の推進"",""地域経営事務調整（烏山）"",""地域経営事務調整（砧）"",""地域経営事務調整（世田谷）"",""地域経営事務調整（北沢）"",""町会・自治会会館建設等助成事務"",""北沢総合支所維持管理"",""北沢総合支所庶務事務"",""北沢地域支所・出張所改修"",""北沢地域出張所維持運営""],""related_revenues"":[]}","high","reject","[publication-policy] 広域な行政機能topicは具体的な課題topicと重複するため公開しない"
"bpi_c1cd3b25a424fc432af3554bf037e27ace8452d23c8b8fc2247d41f0366b7f9c","地域経営事務調整（北沢）","一般会計","総務費","区民費","支所費","北沢総合支所 地域振興課","4600","地域・区民行政","supports","公式予算で区民総務費、支所費または区民施設費に属するため、地域・窓口・区民生活に関する行政機能を支える予算事業として整理した。これはみらい議会の探索用整理であり、区の公式な課題分類ではない。","B_strong_structural","{""matched_rule_id"":""community-services-official-hierarchy"",""budget_item_key"":""2026_general_expenditure_02_03_02"",""identity_fields"":{""display_program_name"":""地域経営事務調整（北沢）"",""hierarchy"":[""総務費"",""区民費"",""支所費""],""department_display_name"":""北沢総合支所 地域振興課"",""amount_thousand_yen"":4600},""member_programs"":[{""program_id"":""2026_general_expenditure_02_03_02_01_32_01"",""major_program_name"":""総合支所維持運営費"",""budget_program_name"":""地域経営事務調整（北沢）"",""detail_program_name"":""地域経営事務調整（北沢）"",""source_file"":""ippansaisyutu.csv"",""source_row_number"":9127}],""same_budget_item_other_program_names"":[""烏山総合支所・出張所改築事務"",""烏山総合支所維持管理"",""烏山総合支所庶務事務"",""烏山地域支所・出張所改修"",""烏山地域出張所維持運営"",""砧総合支所維持管理"",""砧総合支所庶務事務"",""砧地域支所・出張所改修"",""砧地域出張所維持運営"",""玉川総合支所維持管理"",""玉川総合支所庶務事務"",""玉川地域支所・出張所改修"",""玉川地域出張所維持運営"",""計画・相談事業運営（烏山）"",""計画・相談事業運営（砧）"",""計画・相談事業運営（玉川）"",""計画・相談事業運営（世田谷）"",""計画・相談事業運営（北沢）"",""出張所機能充実"",""世田谷総合支所・出張所改築事務"",""世田谷総合支所庶務事務"",""世田谷地域出張所維持運営"",""世田谷地域出張所改修"",""総合窓口化の推進"",""地域経営事務調整（烏山）"",""地域経営事務調整（砧）"",""地域経営事務調整（玉川）"",""地域経営事務調整（世田谷）"",""町会・自治会会館建設等助成事務"",""北沢総合支所維持管理"",""北沢総合支所庶務事務"",""北沢地域支所・出張所改修"",""北沢地域出張所維持運営""],""related_revenues"":[]}","high","reject","[publication-policy] 広域な行政機能topicは具体的な課題topicと重複するため公開しない"
"bpi_22a5b9caa3933a41d050d606ff8910317281f2814d6fcf7daf91831ee02ed264","まちづくり推進（玉川）","一般会計","総務費","区民費","区民総務費","玉川総合支所 地域振興課","4521","地域・区民行政","supports","公式予算で区民総務費、支所費または区民施設費に属するため、地域・窓口・区民生活に関する行政機能を支える予算事業として整理した。これはみらい議会の探索用整理であり、区の公式な課題分類ではない。","B_strong_structural","{""matched_rule_id"":""community-services-official-hierarchy"",""budget_item_key"":""2026_general_expenditure_02_03_01"",""identity_fields"":{""display_program_name"":""まちづくり推進（玉川）"",""hierarchy"":[""総務費"",""区民費"",""区民総務費""],""department_display_name"":""玉川総合支所 地域振興課"",""amount_thousand_yen"":4521},""member_programs"":[{""program_id"":""2026_general_expenditure_02_03_01_02_20_01"",""major_program_name"":""まちづくり推進事業費"",""budget_program_name"":""まちづくり推進（玉川）"",""detail_program_name"":""まちづくり推進（玉川）"",""source_file"":""ippansaisyutu.csv"",""source_row_number"":9154}],""same_budget_item_other_program_names"":[""ＤＶ防止・困難な問題を抱える女性支援事業"",""ふるさとまつり協賛（烏山）"",""ふるさとまつり協賛（砧）"",""ふるさとまつり協賛（玉川）"",""ふるさとまつり協賛（世田谷）"",""ふるさとまつり協賛（北沢）"",""まちづくり推進（烏山）"",""まちづくり推進（砧）"",""まちづくり推進（世田谷）"",""まちづくり推進（北沢）"",""安全安心まちづくりの推進"",""区広報板維持管理"",""公共施設利用案内システム維持運営"",""災害時地域助け合い活動支援"",""市民活動の促進"",""自主的コミュニティづくりの支援"",""住居表示維持管理"",""出張所広報"",""人権推進事業"",""生活文化政策部庶務事務"",""青少年対策（烏山）"",""青少年対策（砧）"",""青少年対策（玉川）"",""青少年対策（世田谷）"",""青少年対策（北沢）"",""多摩川花火大会"",""男女共同参画センター維持運営"",""男女共同参画社会推進事業"",""地域活動推進（烏山）"",""地域活動推進（砧）"",""地域活動推進（玉川）"",""地域活動推進（世田谷）"",""地域活動推進（北沢）"",""地域交流・まつり事業支援"",""地域行政部庶務事務"",""地域包括ケア地区展開調整事務"",""町会自治会等事業助成"",""二十歳のつどい"",""梅まつり"",""犯罪被害者等支援事業"",""犯罪被害者等支援等基金積立金"",""平和資料館維持運営"",""平和都市宣言事業"",""防犯カメラ整備・維持管理助成"",""防犯協会・防火防災協会（砧）"",""防犯協会・防火防災協会（玉川）"",""防犯協会・防火防災協会（世田谷）"",""北沢防犯協会（北沢）"",""臨海部広域斎場組合負担金""],""related_revenues"":[]}","high","reject","[publication-policy] 広域な行政機能topicは具体的な課題topicと重複するため公開しない"
"bpi_7b8164c65fdf8f345fa258c11a55d6a1c701c74721c357a82b1590333f6fa524","地域経営事務調整（砧）","一般会計","総務費","区民費","支所費","砧総合支所 地域振興課","4493","地域・区民行政","supports","公式予算で区民総務費、支所費または区民施設費に属するため、地域・窓口・区民生活に関する行政機能を支える予算事業として整理した。これはみらい議会の探索用整理であり、区の公式な課題分類ではない。","B_strong_structural","{""matched_rule_id"":""community-services-official-hierarchy"",""budget_item_key"":""2026_general_expenditure_02_03_02"",""identity_fields"":{""display_program_name"":""地域経営事務調整（砧）"",""hierarchy"":[""総務費"",""区民費"",""支所費""],""department_display_name"":""砧総合支所 地域振興課"",""amount_thousand_yen"":4493},""member_programs"":[{""program_id"":""2026_general_expenditure_02_03_02_01_34_01"",""major_program_name"":""総合支所維持運営費"",""budget_program_name"":""地域経営事務調整（砧）"",""detail_program_name"":""地域経営事務調整（砧）"",""source_file"":""ippansaisyutu.csv"",""source_row_number"":9188}],""same_budget_item_other_program_names"":[""烏山総合支所・出張所改築事務"",""烏山総合支所維持管理"",""烏山総合支所庶務事務"",""烏山地域支所・出張所改修"",""烏山地域出張所維持運営"",""砧総合支所維持管理"",""砧総合支所庶務事務"",""砧地域支所・出張所改修"",""砧地域出張所維持運営"",""玉川総合支所維持管理"",""玉川総合支所庶務事務"",""玉川地域支所・出張所改修"",""玉川地域出張所維持運営"",""計画・相談事業運営（烏山）"",""計画・相談事業運営（砧）"",""計画・相談事業運営（玉川）"",""計画・相談事業運営（世田谷）"",""計画・相談事業運営（北沢）"",""出張所機能充実"",""世田谷総合支所・出張所改築事務"",""世田谷総合支所庶務事務"",""世田谷地域出張所維持運営"",""世田谷地域出張所改修"",""総合窓口化の推進"",""地域経営事務調整（烏山）"",""地域経営事務調整（玉川）"",""地域経営事務調整（世田谷）"",""地域経営事務調整（北沢）"",""町会・自治会会館建設等助成事務"",""北沢総合支所維持管理"",""北沢総合支所庶務事務"",""北沢地域支所・出張所改修"",""北沢地域出張所維持運営""],""related_revenues"":[]}","high","reject","[publication-policy] 広域な行政機能topicは具体的な課題topicと重複するため公開しない"
"bpi_2dde2589d7651acf73359e8c7cddc9f71ab4bd2049e88479555cede65faf785e","まちづくり推進（北沢）","一般会計","総務費","区民費","区民総務費","北沢総合支所 地域振興課","4287","地域・区民行政","supports","公式予算で区民総務費、支所費または区民施設費に属するため、地域・窓口・区民生活に関する行政機能を支える予算事業として整理した。これはみらい議会の探索用整理であり、区の公式な課題分類ではない。","B_strong_structural","{""matched_rule_id"":""community-services-official-hierarchy"",""budget_item_key"":""2026_general_expenditure_02_03_01"",""identity_fields"":{""display_program_name"":""まちづくり推進（北沢）"",""hierarchy"":[""総務費"",""区民費"",""区民総務費""],""department_display_name"":""北沢総合支所 地域振興課"",""amount_thousand_yen"":4287},""member_programs"":[{""program_id"":""2026_general_expenditure_02_03_01_02_19_01"",""major_program_name"":""まちづくり推進事業費"",""budget_program_name"":""まちづくり推進（北沢）"",""detail_program_name"":""まちづくり推進（北沢）"",""source_file"":""ippansaisyutu.csv"",""source_row_number"":9121}],""same_budget_item_other_program_names"":[""ＤＶ防止・困難な問題を抱える女性支援事業"",""ふるさとまつり協賛（烏山）"",""ふるさとまつり協賛（砧）"",""ふるさとまつり協賛（玉川）"",""ふるさとまつり協賛（世田谷）"",""ふるさとまつり協賛（北沢）"",""まちづくり推進（烏山）"",""まちづくり推進（砧）"",""まちづくり推進（玉川）"",""まちづくり推進（世田谷）"",""安全安心まちづくりの推進"",""区広報板維持管理"",""公共施設利用案内システム維持運営"",""災害時地域助け合い活動支援"",""市民活動の促進"",""自主的コミュニティづくりの支援"",""住居表示維持管理"",""出張所広報"",""人権推進事業"",""生活文化政策部庶務事務"",""青少年対策（烏山）"",""青少年対策（砧）"",""青少年対策（玉川）"",""青少年対策（世田谷）"",""青少年対策（北沢）"",""多摩川花火大会"",""男女共同参画センター維持運営"",""男女共同参画社会推進事業"",""地域活動推進（烏山）"",""地域活動推進（砧）"",""地域活動推進（玉川）"",""地域活動推進（世田谷）"",""地域活動推進（北沢）"",""地域交流・まつり事業支援"",""地域行政部庶務事務"",""地域包括ケア地区展開調整事務"",""町会自治会等事業助成"",""二十歳のつどい"",""梅まつり"",""犯罪被害者等支援事業"",""犯罪被害者等支援等基金積立金"",""平和資料館維持運営"",""平和都市宣言事業"",""防犯カメラ整備・維持管理助成"",""防犯協会・防火防災協会（砧）"",""防犯協会・防火防災協会（玉川）"",""防犯協会・防火防災協会（世田谷）"",""北沢防犯協会（北沢）"",""臨海部広域斎場組合負担金""],""related_revenues"":[]}","high","reject","[publication-policy] 広域な行政機能topicは具体的な課題topicと重複するため公開しない"
"bpi_2336da84f352789ae0105408c8db5fb019da6a431b9024a7145f508d36f94243","青少年対策（北沢）","一般会計","総務費","区民費","区民総務費","北沢総合支所 地域振興課","3797","地域・区民行政","supports","公式予算で区民総務費、支所費または区民施設費に属するため、地域・窓口・区民生活に関する行政機能を支える予算事業として整理した。これはみらい議会の探索用整理であり、区の公式な課題分類ではない。","B_strong_structural","{""matched_rule_id"":""community-services-official-hierarchy"",""budget_item_key"":""2026_general_expenditure_02_03_01"",""identity_fields"":{""display_program_name"":""青少年対策（北沢）"",""hierarchy"":[""総務費"",""区民費"",""区民総務費""],""department_display_name"":""北沢総合支所 地域振興課"",""amount_thousand_yen"":3797},""member_programs"":[{""program_id"":""2026_general_expenditure_02_03_01_02_14_01"",""major_program_name"":""まちづくり推進事業費"",""budget_program_name"":""青少年対策（北沢）"",""detail_program_name"":""青少年対策（北沢）"",""source_file"":""ippansaisyutu.csv"",""source_row_number"":9120}],""same_budget_item_other_program_names"":[""ＤＶ防止・困難な問題を抱える女性支援事業"",""ふるさとまつり協賛（烏山）"",""ふるさとまつり協賛（砧）"",""ふるさとまつり協賛（玉川）"",""ふるさとまつり協賛（世田谷）"",""ふるさとまつり協賛（北沢）"",""まちづくり推進（烏山）"",""まちづくり推進（砧）"",""まちづくり推進（玉川）"",""まちづくり推進（世田谷）"",""まちづくり推進（北沢）"",""安全安心まちづくりの推進"",""区広報板維持管理"",""公共施設利用案内システム維持運営"",""災害時地域助け合い活動支援"",""市民活動の促進"",""自主的コミュニティづくりの支援"",""住居表示維持管理"",""出張所広報"",""人権推進事業"",""生活文化政策部庶務事務"",""青少年対策（烏山）"",""青少年対策（砧）"",""青少年対策（玉川）"",""青少年対策（世田谷）"",""多摩川花火大会"",""男女共同参画センター維持運営"",""男女共同参画社会推進事業"",""地域活動推進（烏山）"",""地域活動推進（砧）"",""地域活動推進（玉川）"",""地域活動推進（世田谷）"",""地域活動推進（北沢）"",""地域交流・まつり事業支援"",""地域行政部庶務事務"",""地域包括ケア地区展開調整事務"",""町会自治会等事業助成"",""二十歳のつどい"",""梅まつり"",""犯罪被害者等支援事業"",""犯罪被害者等支援等基金積立金"",""平和資料館維持運営"",""平和都市宣言事業"",""防犯カメラ整備・維持管理助成"",""防犯協会・防火防災協会（砧）"",""防犯協会・防火防災協会（玉川）"",""防犯協会・防火防災協会（世田谷）"",""北沢防犯協会（北沢）"",""臨海部広域斎場組合負担金""],""related_revenues"":[]}","high","reject","[publication-policy] 広域な行政機能topicは具体的な課題topicと重複するため公開しない"
"bpi_ed79e5280e9a67d363bae826287e74f23fa2f0b1f467e333e76ca0f22aad3422","青少年対策（砧）","一般会計","総務費","区民費","区民総務費","砧総合支所 地域振興課","3665","地域・区民行政","supports","公式予算で区民総務費、支所費または区民施設費に属するため、地域・窓口・区民生活に関する行政機能を支える予算事業として整理した。これはみらい議会の探索用整理であり、区の公式な課題分類ではない。","B_strong_structural","{""matched_rule_id"":""community-services-official-hierarchy"",""budget_item_key"":""2026_general_expenditure_02_03_01"",""identity_fields"":{""display_program_name"":""青少年対策（砧）"",""hierarchy"":[""総務費"",""区民費"",""区民総務費""],""department_display_name"":""砧総合支所 地域振興課"",""amount_thousand_yen"":3665},""member_programs"":[{""program_id"":""2026_general_expenditure_02_03_01_02_16_01"",""major_program_name"":""まちづくり推進事業費"",""budget_program_name"":""青少年対策（砧）"",""detail_program_name"":""青少年対策（砧）"",""source_file"":""ippansaisyutu.csv"",""source_row_number"":9181}],""same_budget_item_other_program_names"":[""ＤＶ防止・困難な問題を抱える女性支援事業"",""ふるさとまつり協賛（烏山）"",""ふるさとまつり協賛（砧）"",""ふるさとまつり協賛（玉川）"",""ふるさとまつり協賛（世田谷）"",""ふるさとまつり協賛（北沢）"",""まちづくり推進（烏山）"",""まちづくり推進（砧）"",""まちづくり推進（玉川）"",""まちづくり推進（世田谷）"",""まちづくり推進（北沢）"",""安全安心まちづくりの推進"",""区広報板維持管理"",""公共施設利用案内システム維持運営"",""災害時地域助け合い活動支援"",""市民活動の促進"",""自主的コミュニティづくりの支援"",""住居表示維持管理"",""出張所広報"",""人権推進事業"",""生活文化政策部庶務事務"",""青少年対策（烏山）"",""青少年対策（玉川）"",""青少年対策（世田谷）"",""青少年対策（北沢）"",""多摩川花火大会"",""男女共同参画センター維持運営"",""男女共同参画社会推進事業"",""地域活動推進（烏山）"",""地域活動推進（砧）"",""地域活動推進（玉川）"",""地域活動推進（世田谷）"",""地域活動推進（北沢）"",""地域交流・まつり事業支援"",""地域行政部庶務事務"",""地域包括ケア地区展開調整事務"",""町会自治会等事業助成"",""二十歳のつどい"",""梅まつり"",""犯罪被害者等支援事業"",""犯罪被害者等支援等基金積立金"",""平和資料館維持運営"",""平和都市宣言事業"",""防犯カメラ整備・維持管理助成"",""防犯協会・防火防災協会（砧）"",""防犯協会・防火防災協会（玉川）"",""防犯協会・防火防災協会（世田谷）"",""北沢防犯協会（北沢）"",""臨海部広域斎場組合負担金""],""related_revenues"":[]}","high","reject","[publication-policy] 広域な行政機能topicは具体的な課題topicと重複するため公開しない"
"bpi_60e4bf9998715cf22fd8ce51679cf4056ce9e280773ea6608c95bd8c770b5e93","地域経営事務調整（烏山）","一般会計","総務費","区民費","支所費","烏山総合支所 地域振興課","3485","地域・区民行政","supports","公式予算で区民総務費、支所費または区民施設費に属するため、地域・窓口・区民生活に関する行政機能を支える予算事業として整理した。これはみらい議会の探索用整理であり、区の公式な課題分類ではない。","B_strong_structural","{""matched_rule_id"":""community-services-official-hierarchy"",""budget_item_key"":""2026_general_expenditure_02_03_02"",""identity_fields"":{""display_program_name"":""地域経営事務調整（烏山）"",""hierarchy"":[""総務費"",""区民費"",""支所費""],""department_display_name"":""烏山総合支所 地域振興課"",""amount_thousand_yen"":3485},""member_programs"":[{""program_id"":""2026_general_expenditure_02_03_02_01_35_01"",""major_program_name"":""総合支所維持運営費"",""budget_program_name"":""地域経営事務調整（烏山）"",""detail_program_name"":""地域経営事務調整（烏山）"",""source_file"":""ippansaisyutu.csv"",""source_row_number"":9216}],""same_budget_item_other_program_names"":[""烏山総合支所・出張所改築事務"",""烏山総合支所維持管理"",""烏山総合支所庶務事務"",""烏山地域支所・出張所改修"",""烏山地域出張所維持運営"",""砧総合支所維持管理"",""砧総合支所庶務事務"",""砧地域支所・出張所改修"",""砧地域出張所維持運営"",""玉川総合支所維持管理"",""玉川総合支所庶務事務"",""玉川地域支所・出張所改修"",""玉川地域出張所維持運営"",""計画・相談事業運営（烏山）"",""計画・相談事業運営（砧）"",""計画・相談事業運営（玉川）"",""計画・相談事業運営（世田谷）"",""計画・相談事業運営（北沢）"",""出張所機能充実"",""世田谷総合支所・出張所改築事務"",""世田谷総合支所庶務事務"",""世田谷地域出張所維持運営"",""世田谷地域出張所改修"",""総合窓口化の推進"",""地域経営事務調整（砧）"",""地域経営事務調整（玉川）"",""地域経営事務調整（世田谷）"",""地域経営事務調整（北沢）"",""町会・自治会会館建設等助成事務"",""北沢総合支所維持管理"",""北沢総合支所庶務事務"",""北沢地域支所・出張所改修"",""北沢地域出張所維持運営""],""related_revenues"":[]}","high","reject","[publication-policy] 広域な行政機能topicは具体的な課題topicと重複するため公開しない"
"bpi_71f4ed5b522da9d228369133cc43d9d877a9f10d92115fe03ea336ba4d25c0e4","青少年対策（烏山）","一般会計","総務費","区民費","区民総務費","烏山総合支所 地域振興課","3410","地域・区民行政","supports","公式予算で区民総務費、支所費または区民施設費に属するため、地域・窓口・区民生活に関する行政機能を支える予算事業として整理した。これはみらい議会の探索用整理であり、区の公式な課題分類ではない。","B_strong_structural","{""matched_rule_id"":""community-services-official-hierarchy"",""budget_item_key"":""2026_general_expenditure_02_03_01"",""identity_fields"":{""display_program_name"":""青少年対策（烏山）"",""hierarchy"":[""総務費"",""区民費"",""区民総務費""],""department_display_name"":""烏山総合支所 地域振興課"",""amount_thousand_yen"":3410},""member_programs"":[{""program_id"":""2026_general_expenditure_02_03_01_02_17_01"",""major_program_name"":""まちづくり推進事業費"",""budget_program_name"":""青少年対策（烏山）"",""detail_program_name"":""青少年対策（烏山）"",""source_file"":""ippansaisyutu.csv"",""source_row_number"":9210}],""same_budget_item_other_program_names"":[""ＤＶ防止・困難な問題を抱える女性支援事業"",""ふるさとまつり協賛（烏山）"",""ふるさとまつり協賛（砧）"",""ふるさとまつり協賛（玉川）"",""ふるさとまつり協賛（世田谷）"",""ふるさとまつり協賛（北沢）"",""まちづくり推進（烏山）"",""まちづくり推進（砧）"",""まちづくり推進（玉川）"",""まちづくり推進（世田谷）"",""まちづくり推進（北沢）"",""安全安心まちづくりの推進"",""区広報板維持管理"",""公共施設利用案内システム維持運営"",""災害時地域助け合い活動支援"",""市民活動の促進"",""自主的コミュニティづくりの支援"",""住居表示維持管理"",""出張所広報"",""人権推進事業"",""生活文化政策部庶務事務"",""青少年対策（砧）"",""青少年対策（玉川）"",""青少年対策（世田谷）"",""青少年対策（北沢）"",""多摩川花火大会"",""男女共同参画センター維持運営"",""男女共同参画社会推進事業"",""地域活動推進（烏山）"",""地域活動推進（砧）"",""地域活動推進（玉川）"",""地域活動推進（世田谷）"",""地域活動推進（北沢）"",""地域交流・まつり事業支援"",""地域行政部庶務事務"",""地域包括ケア地区展開調整事務"",""町会自治会等事業助成"",""二十歳のつどい"",""梅まつり"",""犯罪被害者等支援事業"",""犯罪被害者等支援等基金積立金"",""平和資料館維持運営"",""平和都市宣言事業"",""防犯カメラ整備・維持管理助成"",""防犯協会・防火防災協会（砧）"",""防犯協会・防火防災協会（玉川）"",""防犯協会・防火防災協会（世田谷）"",""北沢防犯協会（北沢）"",""臨海部広域斎場組合負担金""],""related_revenues"":[]}","high","reject","[publication-policy] 広域な行政機能topicは具体的な課題topicと重複するため公開しない"
"bpi_0dc89eb2784d759b0c16006ac662d8861d8baa2ee9d2771591e8051c40e71132","人権推進事業","一般会計","総務費","区民費","区民総務費","生活文化政策部 人権男女共同参画課","3244","地域・区民行政","supports","公式予算で区民総務費、支所費または区民施設費に属するため、地域・窓口・区民生活に関する行政機能を支える予算事業として整理した。これはみらい議会の探索用整理であり、区の公式な課題分類ではない。","B_strong_structural","{""matched_rule_id"":""community-services-official-hierarchy"",""budget_item_key"":""2026_general_expenditure_02_03_01"",""identity_fields"":{""display_program_name"":""人権推進事業"",""hierarchy"":[""総務費"",""区民費"",""区民総務費""],""department_display_name"":""生活文化政策部 人権男女共同参画課"",""amount_thousand_yen"":3244},""member_programs"":[{""program_id"":""2026_general_expenditure_02_03_01_07_01_01"",""major_program_name"":""人権推進事業費"",""budget_program_name"":""人権推進事業"",""detail_program_name"":""人権推進事業"",""source_file"":""ippansaisyutu.csv"",""source_row_number"":9396}],""same_budget_item_other_program_names"":[""ＤＶ防止・困難な問題を抱える女性支援事業"",""ふるさとまつり協賛（烏山）"",""ふるさとまつり協賛（砧）"",""ふるさとまつり協賛（玉川）"",""ふるさとまつり協賛（世田谷）"",""ふるさとまつり協賛（北沢）"",""まちづくり推進（烏山）"",""まちづくり推進（砧）"",""まちづくり推進（玉川）"",""まちづくり推進（世田谷）"",""まちづくり推進（北沢）"",""安全安心まちづくりの推進"",""区広報板維持管理"",""公共施設利用案内システム維持運営"",""災害時地域助け合い活動支援"",""市民活動の促進"",""自主的コミュニティづくりの支援"",""住居表示維持管理"",""出張所広報"",""生活文化政策部庶務事務"",""青少年対策（烏山）"",""青少年対策（砧）"",""青少年対策（玉川）"",""青少年対策（世田谷）"",""青少年対策（北沢）"",""多摩川花火大会"",""男女共同参画センター維持運営"",""男女共同参画社会推進事業"",""地域活動推進（烏山）"",""地域活動推進（砧）"",""地域活動推進（玉川）"",""地域活動推進（世田谷）"",""地域活動推進（北沢）"",""地域交流・まつり事業支援"",""地域行政部庶務事務"",""地域包括ケア地区展開調整事務"",""町会自治会等事業助成"",""二十歳のつどい"",""梅まつり"",""犯罪被害者等支援事業"",""犯罪被害者等支援等基金積立金"",""平和資料館維持運営"",""平和都市宣言事業"",""防犯カメラ整備・維持管理助成"",""防犯協会・防火防災協会（砧）"",""防犯協会・防火防災協会（玉川）"",""防犯協会・防火防災協会（世田谷）"",""北沢防犯協会（北沢）"",""臨海部広域斎場組合負担金""],""related_revenues"":[{""revenue_detail_id"":""rd_2026_general_revenue_14_02_01_21_02_3405450000"",""revenue_hierarchy"":[""都支出金"",""都補助金"",""総務費補助金"",""人権啓発活動地方委託事業"",""人権啓発活動地方委託事業""],""amount_attribution_status"":""not_available""}]}","high","reject","[publication-policy] 広域な行政機能topicは具体的な課題topicと重複するため公開しない"
"bpi_f4a178285cc0142b885528332852bfbf39b8336b006432890b57223219155aa7","まちづくり推進（砧）","一般会計","総務費","区民費","区民総務費","砧総合支所 地域振興課","2782","地域・区民行政","supports","公式予算で区民総務費、支所費または区民施設費に属するため、地域・窓口・区民生活に関する行政機能を支える予算事業として整理した。これはみらい議会の探索用整理であり、区の公式な課題分類ではない。","B_strong_structural","{""matched_rule_id"":""community-services-official-hierarchy"",""budget_item_key"":""2026_general_expenditure_02_03_01"",""identity_fields"":{""display_program_name"":""まちづくり推進（砧）"",""hierarchy"":[""総務費"",""区民費"",""区民総務費""],""department_display_name"":""砧総合支所 地域振興課"",""amount_thousand_yen"":2782},""member_programs"":[{""program_id"":""2026_general_expenditure_02_03_01_02_21_01"",""major_program_name"":""まちづくり推進事業費"",""budget_program_name"":""まちづくり推進（砧）"",""detail_program_name"":""まちづくり推進（砧）"",""source_file"":""ippansaisyutu.csv"",""source_row_number"":9182}],""same_budget_item_other_program_names"":[""ＤＶ防止・困難な問題を抱える女性支援事業"",""ふるさとまつり協賛（烏山）"",""ふるさとまつり協賛（砧）"",""ふるさとまつり協賛（玉川）"",""ふるさとまつり協賛（世田谷）"",""ふるさとまつり協賛（北沢）"",""まちづくり推進（烏山）"",""まちづくり推進（玉川）"",""まちづくり推進（世田谷）"",""まちづくり推進（北沢）"",""安全安心まちづくりの推進"",""区広報板維持管理"",""公共施設利用案内システム維持運営"",""災害時地域助け合い活動支援"",""市民活動の促進"",""自主的コミュニティづくりの支援"",""住居表示維持管理"",""出張所広報"",""人権推進事業"",""生活文化政策部庶務事務"",""青少年対策（烏山）"",""青少年対策（砧）"",""青少年対策（玉川）"",""青少年対策（世田谷）"",""青少年対策（北沢）"",""多摩川花火大会"",""男女共同参画センター維持運営"",""男女共同参画社会推進事業"",""地域活動推進（烏山）"",""地域活動推進（砧）"",""地域活動推進（玉川）"",""地域活動推進（世田谷）"",""地域活動推進（北沢）"",""地域交流・まつり事業支援"",""地域行政部庶務事務"",""地域包括ケア地区展開調整事務"",""町会自治会等事業助成"",""二十歳のつどい"",""梅まつり"",""犯罪被害者等支援事業"",""犯罪被害者等支援等基金積立金"",""平和資料館維持運営"",""平和都市宣言事業"",""防犯カメラ整備・維持管理助成"",""防犯協会・防火防災協会（砧）"",""防犯協会・防火防災協会（玉川）"",""防犯協会・防火防災協会（世田谷）"",""北沢防犯協会（北沢）"",""臨海部広域斎場組合負担金""],""related_revenues"":[]}","high","reject","[publication-policy] 広域な行政機能topicは具体的な課題topicと重複するため公開しない"
"bpi_a2c4d7cf672841cd77ce9f5a835ed87ab796d60c3d997ebdea92a12c8a3f0898","砧地域区民センター事業委託","一般会計","総務費","区民費","区民施設費","砧総合支所 地域振興課","2680","地域・区民行政","supports","公式予算で区民総務費、支所費または区民施設費に属するため、地域・窓口・区民生活に関する行政機能を支える予算事業として整理した。これはみらい議会の探索用整理であり、区の公式な課題分類ではない。","B_strong_structural","{""matched_rule_id"":""community-services-official-hierarchy"",""budget_item_key"":""2026_general_expenditure_02_03_06"",""identity_fields"":{""display_program_name"":""砧地域区民センター事業委託"",""hierarchy"":[""総務費"",""区民費"",""区民施設費""],""department_display_name"":""砧総合支所 地域振興課"",""amount_thousand_yen"":2680},""member_programs"":[{""program_id"":""2026_general_expenditure_02_03_06_01_23_01"",""major_program_name"":""区民施設維持運営費"",""budget_program_name"":""砧地域区民センター事業委託"",""detail_program_name"":""砧地域区民センター事業委託"",""source_file"":""ippansaisyutu.csv"",""source_row_number"":9193}],""same_budget_item_other_program_names"":[""烏山区民会館・区民センター維持運営"",""烏山地域区民センター業務委託"",""烏山地域区民施設改修"",""烏山地域区民集会所維持運営"",""烏山地域生涯学習事務"",""烏山地域地区会館維持運営"",""鎌田区民センター維持運営"",""砧区民会館維持運営"",""砧地域区民施設改修"",""砧地域区民集会所維持運営"",""砧地域生涯学習事務"",""砧地域地区会館維持運営"",""宮坂区民センター維持運営"",""玉川区民会館維持運営"",""玉川地域区民センター維持運営"",""玉川地域区民センター事業委託"",""玉川地域区民施設改修"",""玉川地域生涯学習事務"",""玉川地域地区会館維持運営"",""区民斎場維持運営"",""弦巻区民センター維持運営"",""桜丘区民センター維持運営"",""上北沢区民センター維持運営"",""世田谷区民会館維持運営"",""世田谷区民会館別館等維持運営"",""世田谷地域区民センター事業委託"",""世田谷地域区民施設改修"",""世田谷地域区民集会所維持運営"",""世田谷地域生涯学習事務"",""世田谷地域地区会館維持運営"",""太子堂区民センター維持運営"",""代田区民センター維持運営"",""粕谷区民センター維持運営"",""北沢区民会館維持運営"",""北沢地域区民センター事業委託"",""北沢地域区民施設改修"",""北沢地域区民集会所維持運営"",""北沢地域生涯学習事務"",""北沢地域地区会館維持運営"",""本庁舎等区民利用施設維持運営""],""related_revenues"":[]}","high","reject","[publication-policy] 広域な行政機能topicは具体的な課題topicと重複するため公開しない"
"bpi_51569a21815baba9aca8d89f8ced91e11849d3e3dbc919c70e37adf6f7d35130","災害時地域助け合い活動支援","一般会計","総務費","区民費","区民総務費","地域行政部 地域行政課","2230","地域・区民行政","supports","公式予算で区民総務費、支所費または区民施設費に属するため、地域・窓口・区民生活に関する行政機能を支える予算事業として整理した。これはみらい議会の探索用整理であり、区の公式な課題分類ではない。","B_strong_structural","{""matched_rule_id"":""community-services-official-hierarchy"",""budget_item_key"":""2026_general_expenditure_02_03_01"",""identity_fields"":{""display_program_name"":""災害時地域助け合い活動支援"",""hierarchy"":[""総務費"",""区民費"",""区民総務費""],""department_display_name"":""地域行政部 地域行政課"",""amount_thousand_yen"":2230},""member_programs"":[{""program_id"":""2026_general_expenditure_02_03_01_02_25_01"",""major_program_name"":""まちづくり推進事業費"",""budget_program_name"":""災害時地域助け合い活動支援"",""detail_program_name"":""災害時地域助け合い活動支援"",""source_file"":""ippansaisyutu.csv"",""source_row_number"":9412}],""same_budget_item_other_program_names"":[""ＤＶ防止・困難な問題を抱える女性支援事業"",""ふるさとまつり協賛（烏山）"",""ふるさとまつり協賛（砧）"",""ふるさとまつり協賛（玉川）"",""ふるさとまつり協賛（世田谷）"",""ふるさとまつり協賛（北沢）"",""まちづくり推進（烏山）"",""まちづくり推進（砧）"",""まちづくり推進（玉川）"",""まちづくり推進（世田谷）"",""まちづくり推進（北沢）"",""安全安心まちづくりの推進"",""区広報板維持管理"",""公共施設利用案内システム維持運営"",""市民活動の促進"",""自主的コミュニティづくりの支援"",""住居表示維持管理"",""出張所広報"",""人権推進事業"",""生活文化政策部庶務事務"",""青少年対策（烏山）"",""青少年対策（砧）"",""青少年対策（玉川）"",""青少年対策（世田谷）"",""青少年対策（北沢）"",""多摩川花火大会"",""男女共同参画センター維持運営"",""男女共同参画社会推進事業"",""地域活動推進（烏山）"",""地域活動推進（砧）"",""地域活動推進（玉川）"",""地域活動推進（世田谷）"",""地域活動推進（北沢）"",""地域交流・まつり事業支援"",""地域行政部庶務事務"",""地域包括ケア地区展開調整事務"",""町会自治会等事業助成"",""二十歳のつどい"",""梅まつり"",""犯罪被害者等支援事業"",""犯罪被害者等支援等基金積立金"",""平和資料館維持運営"",""平和都市宣言事業"",""防犯カメラ整備・維持管理助成"",""防犯協会・防火防災協会（砧）"",""防犯協会・防火防災協会（玉川）"",""防犯協会・防火防災協会（世田谷）"",""北沢防犯協会（北沢）"",""臨海部広域斎場組合負担金""],""related_revenues"":[]}","high","reject","[publication-policy] 広域な行政機能topicは具体的な課題topicと重複するため公開しない"
"bpi_e22df0c3981124c46bf5dcc3ae6dffebefb7b43679633305edd175200fde5191","住民票集中管理事務運営","一般会計","総務費","戸籍住民基本台帳費","住民記録費","地域行政部 住民記録・戸籍課","2219","地域・区民行政","supports","公式予算で戸籍住民基本台帳費に属するため、窓口・区民生活に関する行政機能を支える予算事業として整理した。","B_strong_structural","{""matched_rule_id"":""resident-registry-official-hierarchy"",""budget_item_key"":""2026_general_expenditure_02_04_02"",""identity_fields"":{""display_program_name"":""住民票集中管理事務運営"",""hierarchy"":[""総務費"",""戸籍住民基本台帳費"",""住民記録費""],""department_display_name"":""地域行政部 住民記録・戸籍課"",""amount_thousand_yen"":2219},""member_programs"":[{""program_id"":""2026_general_expenditure_02_04_02_02_01_01"",""major_program_name"":""住民票集中管理事務運営"",""budget_program_name"":""住民票集中管理事務運営"",""detail_program_name"":""住民票集中管理事務運営"",""source_file"":""ippansaisyutu.csv"",""source_row_number"":9421}],""same_budget_item_other_program_names"":[""社会保障・税番号制度事務"",""住民記録事務""],""related_revenues"":[]}","high","reject","[publication-policy] 広域な行政機能topicは具体的な課題topicと重複するため公開しない"
"bpi_51c66d5024520ce3123978ced77fdf840baa8edf36832a592032f3819e62febc","北沢地域区民センター事業委託","一般会計","総務費","区民費","区民施設費","北沢総合支所 地域振興課","2027","地域・区民行政","supports","公式予算で区民総務費、支所費または区民施設費に属するため、地域・窓口・区民生活に関する行政機能を支える予算事業として整理した。これはみらい議会の探索用整理であり、区の公式な課題分類ではない。","B_strong_structural","{""matched_rule_id"":""community-services-official-hierarchy"",""budget_item_key"":""2026_general_expenditure_02_03_06"",""identity_fields"":{""display_program_name"":""北沢地域区民センター事業委託"",""hierarchy"":[""総務費"",""区民費"",""区民施設費""],""department_display_name"":""北沢総合支所 地域振興課"",""amount_thousand_yen"":2027},""member_programs"":[{""program_id"":""2026_general_expenditure_02_03_06_01_12_01"",""major_program_name"":""区民施設維持運営費"",""budget_program_name"":""北沢地域区民センター事業委託"",""detail_program_name"":""北沢地域区民センター事業委託"",""source_file"":""ippansaisyutu.csv"",""source_row_number"":9132}],""same_budget_item_other_program_names"":[""烏山区民会館・区民センター維持運営"",""烏山地域区民センター業務委託"",""烏山地域区民施設改修"",""烏山地域区民集会所維持運営"",""烏山地域生涯学習事務"",""烏山地域地区会館維持運営"",""鎌田区民センター維持運営"",""砧区民会館維持運営"",""砧地域区民センター事業委託"",""砧地域区民施設改修"",""砧地域区民集会所維持運営"",""砧地域生涯学習事務"",""砧地域地区会館維持運営"",""宮坂区民センター維持運営"",""玉川区民会館維持運営"",""玉川地域区民センター維持運営"",""玉川地域区民センター事業委託"",""玉川地域区民施設改修"",""玉川地域生涯学習事務"",""玉川地域地区会館維持運営"",""区民斎場維持運営"",""弦巻区民センター維持運営"",""桜丘区民センター維持運営"",""上北沢区民センター維持運営"",""世田谷区民会館維持運営"",""世田谷区民会館別館等維持運営"",""世田谷地域区民センター事業委託"",""世田谷地域区民施設改修"",""世田谷地域区民集会所維持運営"",""世田谷地域生涯学習事務"",""世田谷地域地区会館維持運営"",""太子堂区民センター維持運営"",""代田区民センター維持運営"",""粕谷区民センター維持運営"",""北沢区民会館維持運営"",""北沢地域区民施設改修"",""北沢地域区民集会所維持運営"",""北沢地域生涯学習事務"",""北沢地域地区会館維持運営"",""本庁舎等区民利用施設維持運営""],""related_revenues"":[]}","high","reject","[publication-policy] 広域な行政機能topicは具体的な課題topicと重複するため公開しない"
"bpi_de1c4b386e37ecc85c336b6ea94c0978d5bf6b01ac76335203ebb6a94bb6fd55","まちづくり推進（烏山）","一般会計","総務費","区民費","区民総務費","烏山総合支所 地域振興課","1773","地域・区民行政","supports","公式予算で区民総務費、支所費または区民施設費に属するため、地域・窓口・区民生活に関する行政機能を支える予算事業として整理した。これはみらい議会の探索用整理であり、区の公式な課題分類ではない。","B_strong_structural","{""matched_rule_id"":""community-services-official-hierarchy"",""budget_item_key"":""2026_general_expenditure_02_03_01"",""identity_fields"":{""display_program_name"":""まちづくり推進（烏山）"",""hierarchy"":[""総務費"",""区民費"",""区民総務費""],""department_display_name"":""烏山総合支所 地域振興課"",""amount_thousand_yen"":1773},""member_programs"":[{""program_id"":""2026_general_expenditure_02_03_01_02_22_01"",""major_program_name"":""まちづくり推進事業費"",""budget_program_name"":""まちづくり推進（烏山）"",""detail_program_name"":""まちづくり推進（烏山）"",""source_file"":""ippansaisyutu.csv"",""source_row_number"":9211}],""same_budget_item_other_program_names"":[""ＤＶ防止・困難な問題を抱える女性支援事業"",""ふるさとまつり協賛（烏山）"",""ふるさとまつり協賛（砧）"",""ふるさとまつり協賛（玉川）"",""ふるさとまつり協賛（世田谷）"",""ふるさとまつり協賛（北沢）"",""まちづくり推進（砧）"",""まちづくり推進（玉川）"",""まちづくり推進（世田谷）"",""まちづくり推進（北沢）"",""安全安心まちづくりの推進"",""区広報板維持管理"",""公共施設利用案内システム維持運営"",""災害時地域助け合い活動支援"",""市民活動の促進"",""自主的コミュニティづくりの支援"",""住居表示維持管理"",""出張所広報"",""人権推進事業"",""生活文化政策部庶務事務"",""青少年対策（烏山）"",""青少年対策（砧）"",""青少年対策（玉川）"",""青少年対策（世田谷）"",""青少年対策（北沢）"",""多摩川花火大会"",""男女共同参画センター維持運営"",""男女共同参画社会推進事業"",""地域活動推進（烏山）"",""地域活動推進（砧）"",""地域活動推進（玉川）"",""地域活動推進（世田谷）"",""地域活動推進（北沢）"",""地域交流・まつり事業支援"",""地域行政部庶務事務"",""地域包括ケア地区展開調整事務"",""町会自治会等事業助成"",""二十歳のつどい"",""梅まつり"",""犯罪被害者等支援事業"",""犯罪被害者等支援等基金積立金"",""平和資料館維持運営"",""平和都市宣言事業"",""防犯カメラ整備・維持管理助成"",""防犯協会・防火防災協会（砧）"",""防犯協会・防火防災協会（玉川）"",""防犯協会・防火防災協会（世田谷）"",""北沢防犯協会（北沢）"",""臨海部広域斎場組合負担金""],""related_revenues"":[]}","high","reject","[publication-policy] 広域な行政機能topicは具体的な課題topicと重複するため公開しない"
"bpi_71e8606d34227b7bb924b7cd377157b0413de5b6e657d380cb8a8e1efcc9da02","ふるさとまつり協賛（玉川）","一般会計","総務費","区民費","区民総務費","玉川総合支所 地域振興課","1752","地域・区民行政","supports","公式予算で区民総務費、支所費または区民施設費に属するため、地域・窓口・区民生活に関する行政機能を支える予算事業として整理した。これはみらい議会の探索用整理であり、区の公式な課題分類ではない。","B_strong_structural","{""matched_rule_id"":""community-services-official-hierarchy"",""budget_item_key"":""2026_general_expenditure_02_03_01"",""identity_fields"":{""display_program_name"":""ふるさとまつり協賛（玉川）"",""hierarchy"":[""総務費"",""区民費"",""区民総務費""],""department_display_name"":""玉川総合支所 地域振興課"",""amount_thousand_yen"":1752},""member_programs"":[{""program_id"":""2026_general_expenditure_02_03_01_03_05_01"",""major_program_name"":""ふるさとまつり運営協力費"",""budget_program_name"":""ふるさとまつり協賛（玉川）"",""detail_program_name"":""ふるさとまつり協賛（玉川）"",""source_file"":""ippansaisyutu.csv"",""source_row_number"":9155}],""same_budget_item_other_program_names"":[""ＤＶ防止・困難な問題を抱える女性支援事業"",""ふるさとまつり協賛（烏山）"",""ふるさとまつり協賛（砧）"",""ふるさとまつり協賛（世田谷）"",""ふるさとまつり協賛（北沢）"",""まちづくり推進（烏山）"",""まちづくり推進（砧）"",""まちづくり推進（玉川）"",""まちづくり推進（世田谷）"",""まちづくり推進（北沢）"",""安全安心まちづくりの推進"",""区広報板維持管理"",""公共施設利用案内システム維持運営"",""災害時地域助け合い活動支援"",""市民活動の促進"",""自主的コミュニティづくりの支援"",""住居表示維持管理"",""出張所広報"",""人権推進事業"",""生活文化政策部庶務事務"",""青少年対策（烏山）"",""青少年対策（砧）"",""青少年対策（玉川）"",""青少年対策（世田谷）"",""青少年対策（北沢）"",""多摩川花火大会"",""男女共同参画センター維持運営"",""男女共同参画社会推進事業"",""地域活動推進（烏山）"",""地域活動推進（砧）"",""地域活動推進（玉川）"",""地域活動推進（世田谷）"",""地域活動推進（北沢）"",""地域交流・まつり事業支援"",""地域行政部庶務事務"",""地域包括ケア地区展開調整事務"",""町会自治会等事業助成"",""二十歳のつどい"",""梅まつり"",""犯罪被害者等支援事業"",""犯罪被害者等支援等基金積立金"",""平和資料館維持運営"",""平和都市宣言事業"",""防犯カメラ整備・維持管理助成"",""防犯協会・防火防災協会（砧）"",""防犯協会・防火防災協会（玉川）"",""防犯協会・防火防災協会（世田谷）"",""北沢防犯協会（北沢）"",""臨海部広域斎場組合負担金""],""related_revenues"":[]}","high","reject","[publication-policy] 広域な行政機能topicは具体的な課題topicと重複するため公開しない"
"bpi_fe86329c0fe75122f0a4bd52e1ea5850c5b0d9b7ac37286edc4e2bb0029f6cd4","防犯協会・防火防災協会（世田谷）","一般会計","総務費","区民費","区民総務費","世田谷総合支所 地域振興課","1500","地域・区民行政","supports","公式予算で区民総務費、支所費または区民施設費に属するため、地域・窓口・区民生活に関する行政機能を支える予算事業として整理した。これはみらい議会の探索用整理であり、区の公式な課題分類ではない。","B_strong_structural","{""matched_rule_id"":""community-services-official-hierarchy"",""budget_item_key"":""2026_general_expenditure_02_03_01"",""identity_fields"":{""display_program_name"":""防犯協会・防火防災協会（世田谷）"",""hierarchy"":[""総務費"",""区民費"",""区民総務費""],""department_display_name"":""世田谷総合支所 地域振興課"",""amount_thousand_yen"":1500},""member_programs"":[{""program_id"":""2026_general_expenditure_02_03_01_02_09_01"",""major_program_name"":""まちづくり推進事業費"",""budget_program_name"":""防犯協会・防火防災協会（世田谷）"",""detail_program_name"":""防犯協会・防火防災協会（世田谷）"",""source_file"":""ippansaisyutu.csv"",""source_row_number"":9083}],""same_budget_item_other_program_names"":[""ＤＶ防止・困難な問題を抱える女性支援事業"",""ふるさとまつり協賛（烏山）"",""ふるさとまつり協賛（砧）"",""ふるさとまつり協賛（玉川）"",""ふるさとまつり協賛（世田谷）"",""ふるさとまつり協賛（北沢）"",""まちづくり推進（烏山）"",""まちづくり推進（砧）"",""まちづくり推進（玉川）"",""まちづくり推進（世田谷）"",""まちづくり推進（北沢）"",""安全安心まちづくりの推進"",""区広報板維持管理"",""公共施設利用案内システム維持運営"",""災害時地域助け合い活動支援"",""市民活動の促進"",""自主的コミュニティづくりの支援"",""住居表示維持管理"",""出張所広報"",""人権推進事業"",""生活文化政策部庶務事務"",""青少年対策（烏山）"",""青少年対策（砧）"",""青少年対策（玉川）"",""青少年対策（世田谷）"",""青少年対策（北沢）"",""多摩川花火大会"",""男女共同参画センター維持運営"",""男女共同参画社会推進事業"",""地域活動推進（烏山）"",""地域活動推進（砧）"",""地域活動推進（玉川）"",""地域活動推進（世田谷）"",""地域活動推進（北沢）"",""地域交流・まつり事業支援"",""地域行政部庶務事務"",""地域包括ケア地区展開調整事務"",""町会自治会等事業助成"",""二十歳のつどい"",""梅まつり"",""犯罪被害者等支援事業"",""犯罪被害者等支援等基金積立金"",""平和資料館維持運営"",""平和都市宣言事業"",""防犯カメラ整備・維持管理助成"",""防犯協会・防火防災協会（砧）"",""防犯協会・防火防災協会（玉川）"",""北沢防犯協会（北沢）"",""臨海部広域斎場組合負担金""],""related_revenues"":[]}","high","reject","[publication-policy] 広域な行政機能topicは具体的な課題topicと重複するため公開しない"
"bpi_a83ffa662ab41202b77aa768a1f2770a4e895f423211fab8e2dad0aaa4c90353","防犯協会・防火防災協会（砧）","一般会計","総務費","区民費","区民総務費","砧総合支所 地域振興課","1400","地域・区民行政","supports","公式予算で区民総務費、支所費または区民施設費に属するため、地域・窓口・区民生活に関する行政機能を支える予算事業として整理した。これはみらい議会の探索用整理であり、区の公式な課題分類ではない。","B_strong_structural","{""matched_rule_id"":""community-services-official-hierarchy"",""budget_item_key"":""2026_general_expenditure_02_03_01"",""identity_fields"":{""display_program_name"":""防犯協会・防火防災協会（砧）"",""hierarchy"":[""総務費"",""区民費"",""区民総務費""],""department_display_name"":""砧総合支所 地域振興課"",""amount_thousand_yen"":1400},""member_programs"":[{""program_id"":""2026_general_expenditure_02_03_01_02_12_01"",""major_program_name"":""まちづくり推進事業費"",""budget_program_name"":""防犯協会・防火防災協会（砧）"",""detail_program_name"":""防犯協会・防火防災協会（砧）"",""source_file"":""ippansaisyutu.csv"",""source_row_number"":9180}],""same_budget_item_other_program_names"":[""ＤＶ防止・困難な問題を抱える女性支援事業"",""ふるさとまつり協賛（烏山）"",""ふるさとまつり協賛（砧）"",""ふるさとまつり協賛（玉川）"",""ふるさとまつり協賛（世田谷）"",""ふるさとまつり協賛（北沢）"",""まちづくり推進（烏山）"",""まちづくり推進（砧）"",""まちづくり推進（玉川）"",""まちづくり推進（世田谷）"",""まちづくり推進（北沢）"",""安全安心まちづくりの推進"",""区広報板維持管理"",""公共施設利用案内システム維持運営"",""災害時地域助け合い活動支援"",""市民活動の促進"",""自主的コミュニティづくりの支援"",""住居表示維持管理"",""出張所広報"",""人権推進事業"",""生活文化政策部庶務事務"",""青少年対策（烏山）"",""青少年対策（砧）"",""青少年対策（玉川）"",""青少年対策（世田谷）"",""青少年対策（北沢）"",""多摩川花火大会"",""男女共同参画センター維持運営"",""男女共同参画社会推進事業"",""地域活動推進（烏山）"",""地域活動推進（砧）"",""地域活動推進（玉川）"",""地域活動推進（世田谷）"",""地域活動推進（北沢）"",""地域交流・まつり事業支援"",""地域行政部庶務事務"",""地域包括ケア地区展開調整事務"",""町会自治会等事業助成"",""二十歳のつどい"",""梅まつり"",""犯罪被害者等支援事業"",""犯罪被害者等支援等基金積立金"",""平和資料館維持運営"",""平和都市宣言事業"",""防犯カメラ整備・維持管理助成"",""防犯協会・防火防災協会（玉川）"",""防犯協会・防火防災協会（世田谷）"",""北沢防犯協会（北沢）"",""臨海部広域斎場組合負担金""],""related_revenues"":[]}","high","reject","[publication-policy] 広域な行政機能topicは具体的な課題topicと重複するため公開しない"
"bpi_e6749a23ac05016f2ab48a0354af46fa282d37fa1e9f776233bc2298e038349a","防犯協会・防火防災協会（玉川）","一般会計","総務費","区民費","区民総務費","玉川総合支所 地域振興課","1400","地域・区民行政","supports","公式予算で区民総務費、支所費または区民施設費に属するため、地域・窓口・区民生活に関する行政機能を支える予算事業として整理した。これはみらい議会の探索用整理であり、区の公式な課題分類ではない。","B_strong_structural","{""matched_rule_id"":""community-services-official-hierarchy"",""budget_item_key"":""2026_general_expenditure_02_03_01"",""identity_fields"":{""display_program_name"":""防犯協会・防火防災協会（玉川）"",""hierarchy"":[""総務費"",""区民費"",""区民総務費""],""department_display_name"":""玉川総合支所 地域振興課"",""amount_thousand_yen"":1400},""member_programs"":[{""program_id"":""2026_general_expenditure_02_03_01_02_11_01"",""major_program_name"":""まちづくり推進事業費"",""budget_program_name"":""防犯協会・防火防災協会（玉川）"",""detail_program_name"":""防犯協会・防火防災協会（玉川）"",""source_file"":""ippansaisyutu.csv"",""source_row_number"":9152}],""same_budget_item_other_program_names"":[""ＤＶ防止・困難な問題を抱える女性支援事業"",""ふるさとまつり協賛（烏山）"",""ふるさとまつり協賛（砧）"",""ふるさとまつり協賛（玉川）"",""ふるさとまつり協賛（世田谷）"",""ふるさとまつり協賛（北沢）"",""まちづくり推進（烏山）"",""まちづくり推進（砧）"",""まちづくり推進（玉川）"",""まちづくり推進（世田谷）"",""まちづくり推進（北沢）"",""安全安心まちづくりの推進"",""区広報板維持管理"",""公共施設利用案内システム維持運営"",""災害時地域助け合い活動支援"",""市民活動の促進"",""自主的コミュニティづくりの支援"",""住居表示維持管理"",""出張所広報"",""人権推進事業"",""生活文化政策部庶務事務"",""青少年対策（烏山）"",""青少年対策（砧）"",""青少年対策（玉川）"",""青少年対策（世田谷）"",""青少年対策（北沢）"",""多摩川花火大会"",""男女共同参画センター維持運営"",""男女共同参画社会推進事業"",""地域活動推進（烏山）"",""地域活動推進（砧）"",""地域活動推進（玉川）"",""地域活動推進（世田谷）"",""地域活動推進（北沢）"",""地域交流・まつり事業支援"",""地域行政部庶務事務"",""地域包括ケア地区展開調整事務"",""町会自治会等事業助成"",""二十歳のつどい"",""梅まつり"",""犯罪被害者等支援事業"",""犯罪被害者等支援等基金積立金"",""平和資料館維持運営"",""平和都市宣言事業"",""防犯カメラ整備・維持管理助成"",""防犯協会・防火防災協会（砧）"",""防犯協会・防火防災協会（世田谷）"",""北沢防犯協会（北沢）"",""臨海部広域斎場組合負担金""],""related_revenues"":[]}","high","reject","[publication-policy] 広域な行政機能topicは具体的な課題topicと重複するため公開しない"
"bpi_b6068e6f3f68a076a34308ab7ff241090a48fb7f28632458c8a2dfacbcebdc73","砧地域生涯学習事務","一般会計","総務費","区民費","区民施設費","砧総合支所 地域振興課","1149","地域・区民行政","supports","公式予算で区民総務費、支所費または区民施設費に属するため、地域・窓口・区民生活に関する行政機能を支える予算事業として整理した。これはみらい議会の探索用整理であり、区の公式な課題分類ではない。","B_strong_structural","{""matched_rule_id"":""community-services-official-hierarchy"",""budget_item_key"":""2026_general_expenditure_02_03_06"",""identity_fields"":{""display_program_name"":""砧地域生涯学習事務"",""hierarchy"":[""総務費"",""区民費"",""区民施設費""],""department_display_name"":""砧総合支所 地域振興課"",""amount_thousand_yen"":1149},""member_programs"":[{""program_id"":""2026_general_expenditure_02_03_06_01_22_01"",""major_program_name"":""区民施設維持運営費"",""budget_program_name"":""砧地域生涯学習事務"",""detail_program_name"":""砧地域生涯学習事務"",""source_file"":""ippansaisyutu.csv"",""source_row_number"":9192}],""same_budget_item_other_program_names"":[""烏山区民会館・区民センター維持運営"",""烏山地域区民センター業務委託"",""烏山地域区民施設改修"",""烏山地域区民集会所維持運営"",""烏山地域生涯学習事務"",""烏山地域地区会館維持運営"",""鎌田区民センター維持運営"",""砧区民会館維持運営"",""砧地域区民センター事業委託"",""砧地域区民施設改修"",""砧地域区民集会所維持運営"",""砧地域地区会館維持運営"",""宮坂区民センター維持運営"",""玉川区民会館維持運営"",""玉川地域区民センター維持運営"",""玉川地域区民センター事業委託"",""玉川地域区民施設改修"",""玉川地域生涯学習事務"",""玉川地域地区会館維持運営"",""区民斎場維持運営"",""弦巻区民センター維持運営"",""桜丘区民センター維持運営"",""上北沢区民センター維持運営"",""世田谷区民会館維持運営"",""世田谷区民会館別館等維持運営"",""世田谷地域区民センター事業委託"",""世田谷地域区民施設改修"",""世田谷地域区民集会所維持運営"",""世田谷地域生涯学習事務"",""世田谷地域地区会館維持運営"",""太子堂区民センター維持運営"",""代田区民センター維持運営"",""粕谷区民センター維持運営"",""北沢区民会館維持運営"",""北沢地域区民センター事業委託"",""北沢地域区民施設改修"",""北沢地域区民集会所維持運営"",""北沢地域生涯学習事務"",""北沢地域地区会館維持運営"",""本庁舎等区民利用施設維持運営""],""related_revenues"":[]}","high","reject","[publication-policy] 広域な行政機能topicは具体的な課題topicと重複するため公開しない"
"bpi_4a24153286d0f0671715ca14edb59223404ff1cba6044c2e7c06abe3658ada30","地域活動推進（北沢）","一般会計","総務費","区民費","区民総務費","北沢総合支所 地域振興課","1092","地域・区民行政","supports","公式予算で区民総務費、支所費または区民施設費に属するため、地域・窓口・区民生活に関する行政機能を支える予算事業として整理した。これはみらい議会の探索用整理であり、区の公式な課題分類ではない。","B_strong_structural","{""matched_rule_id"":""community-services-official-hierarchy"",""budget_item_key"":""2026_general_expenditure_02_03_01"",""identity_fields"":{""display_program_name"":""地域活動推進（北沢）"",""hierarchy"":[""総務費"",""区民費"",""区民総務費""],""department_display_name"":""北沢総合支所 地域振興課"",""amount_thousand_yen"":1092},""member_programs"":[{""program_id"":""2026_general_expenditure_02_03_01_02_05_01"",""major_program_name"":""まちづくり推進事業費"",""budget_program_name"":""地域活動推進（北沢）"",""detail_program_name"":""地域活動推進（北沢）"",""source_file"":""ippansaisyutu.csv"",""source_row_number"":9118}],""same_budget_item_other_program_names"":[""ＤＶ防止・困難な問題を抱える女性支援事業"",""ふるさとまつり協賛（烏山）"",""ふるさとまつり協賛（砧）"",""ふるさとまつり協賛（玉川）"",""ふるさとまつり協賛（世田谷）"",""ふるさとまつり協賛（北沢）"",""まちづくり推進（烏山）"",""まちづくり推進（砧）"",""まちづくり推進（玉川）"",""まちづくり推進（世田谷）"",""まちづくり推進（北沢）"",""安全安心まちづくりの推進"",""区広報板維持管理"",""公共施設利用案内システム維持運営"",""災害時地域助け合い活動支援"",""市民活動の促進"",""自主的コミュニティづくりの支援"",""住居表示維持管理"",""出張所広報"",""人権推進事業"",""生活文化政策部庶務事務"",""青少年対策（烏山）"",""青少年対策（砧）"",""青少年対策（玉川）"",""青少年対策（世田谷）"",""青少年対策（北沢）"",""多摩川花火大会"",""男女共同参画センター維持運営"",""男女共同参画社会推進事業"",""地域活動推進（烏山）"",""地域活動推進（砧）"",""地域活動推進（玉川）"",""地域活動推進（世田谷）"",""地域交流・まつり事業支援"",""地域行政部庶務事務"",""地域包括ケア地区展開調整事務"",""町会自治会等事業助成"",""二十歳のつどい"",""梅まつり"",""犯罪被害者等支援事業"",""犯罪被害者等支援等基金積立金"",""平和資料館維持運営"",""平和都市宣言事業"",""防犯カメラ整備・維持管理助成"",""防犯協会・防火防災協会（砧）"",""防犯協会・防火防災協会（玉川）"",""防犯協会・防火防災協会（世田谷）"",""北沢防犯協会（北沢）"",""臨海部広域斎場組合負担金""],""related_revenues"":[]}","high","reject","[publication-policy] 広域な行政機能topicは具体的な課題topicと重複するため公開しない"
"bpi_da09386e17972d16fad2d9368ddf0a2bae003f4bee012d1fe6e2a2548181609a","北沢防犯協会（北沢）","一般会計","総務費","区民費","区民総務費","北沢総合支所 地域振興課","1000","地域・区民行政","supports","公式予算で区民総務費、支所費または区民施設費に属するため、地域・窓口・区民生活に関する行政機能を支える予算事業として整理した。これはみらい議会の探索用整理であり、区の公式な課題分類ではない。","B_strong_structural","{""matched_rule_id"":""community-services-official-hierarchy"",""budget_item_key"":""2026_general_expenditure_02_03_01"",""identity_fields"":{""display_program_name"":""北沢防犯協会（北沢）"",""hierarchy"":[""総務費"",""区民費"",""区民総務費""],""department_display_name"":""北沢総合支所 地域振興課"",""amount_thousand_yen"":1000},""member_programs"":[{""program_id"":""2026_general_expenditure_02_03_01_02_10_01"",""major_program_name"":""まちづくり推進事業費"",""budget_program_name"":""北沢防犯協会（北沢）"",""detail_program_name"":""北沢防犯協会（北沢）"",""source_file"":""ippansaisyutu.csv"",""source_row_number"":9119}],""same_budget_item_other_program_names"":[""ＤＶ防止・困難な問題を抱える女性支援事業"",""ふるさとまつり協賛（烏山）"",""ふるさとまつり協賛（砧）"",""ふるさとまつり協賛（玉川）"",""ふるさとまつり協賛（世田谷）"",""ふるさとまつり協賛（北沢）"",""まちづくり推進（烏山）"",""まちづくり推進（砧）"",""まちづくり推進（玉川）"",""まちづくり推進（世田谷）"",""まちづくり推進（北沢）"",""安全安心まちづくりの推進"",""区広報板維持管理"",""公共施設利用案内システム維持運営"",""災害時地域助け合い活動支援"",""市民活動の促進"",""自主的コミュニティづくりの支援"",""住居表示維持管理"",""出張所広報"",""人権推進事業"",""生活文化政策部庶務事務"",""青少年対策（烏山）"",""青少年対策（砧）"",""青少年対策（玉川）"",""青少年対策（世田谷）"",""青少年対策（北沢）"",""多摩川花火大会"",""男女共同参画センター維持運営"",""男女共同参画社会推進事業"",""地域活動推進（烏山）"",""地域活動推進（砧）"",""地域活動推進（玉川）"",""地域活動推進（世田谷）"",""地域活動推進（北沢）"",""地域交流・まつり事業支援"",""地域行政部庶務事務"",""地域包括ケア地区展開調整事務"",""町会自治会等事業助成"",""二十歳のつどい"",""梅まつり"",""犯罪被害者等支援事業"",""犯罪被害者等支援等基金積立金"",""平和資料館維持運営"",""平和都市宣言事業"",""防犯カメラ整備・維持管理助成"",""防犯協会・防火防災協会（砧）"",""防犯協会・防火防災協会（玉川）"",""防犯協会・防火防災協会（世田谷）"",""臨海部広域斎場組合負担金""],""related_revenues"":[]}","high","reject","[publication-policy] 広域な行政機能topicは具体的な課題topicと重複するため公開しない"
"bpi_d621514d41a900b2b138ae7fba77bb49e73f78f0981a4741ab9c3b1153573b4c","北沢地域生涯学習事務","一般会計","総務費","区民費","区民施設費","北沢総合支所 地域振興課","915","地域・区民行政","supports","公式予算で区民総務費、支所費または区民施設費に属するため、地域・窓口・区民生活に関する行政機能を支える予算事業として整理した。これはみらい議会の探索用整理であり、区の公式な課題分類ではない。","B_strong_structural","{""matched_rule_id"":""community-services-official-hierarchy"",""budget_item_key"":""2026_general_expenditure_02_03_06"",""identity_fields"":{""display_program_name"":""北沢地域生涯学習事務"",""hierarchy"":[""総務費"",""区民費"",""区民施設費""],""department_display_name"":""北沢総合支所 地域振興課"",""amount_thousand_yen"":915},""member_programs"":[{""program_id"":""2026_general_expenditure_02_03_06_01_11_01"",""major_program_name"":""区民施設維持運営費"",""budget_program_name"":""北沢地域生涯学習事務"",""detail_program_name"":""北沢地域生涯学習事務"",""source_file"":""ippansaisyutu.csv"",""source_row_number"":9131}],""same_budget_item_other_program_names"":[""烏山区民会館・区民センター維持運営"",""烏山地域区民センター業務委託"",""烏山地域区民施設改修"",""烏山地域区民集会所維持運営"",""烏山地域生涯学習事務"",""烏山地域地区会館維持運営"",""鎌田区民センター維持運営"",""砧区民会館維持運営"",""砧地域区民センター事業委託"",""砧地域区民施設改修"",""砧地域区民集会所維持運営"",""砧地域生涯学習事務"",""砧地域地区会館維持運営"",""宮坂区民センター維持運営"",""玉川区民会館維持運営"",""玉川地域区民センター維持運営"",""玉川地域区民センター事業委託"",""玉川地域区民施設改修"",""玉川地域生涯学習事務"",""玉川地域地区会館維持運営"",""区民斎場維持運営"",""弦巻区民センター維持運営"",""桜丘区民センター維持運営"",""上北沢区民センター維持運営"",""世田谷区民会館維持運営"",""世田谷区民会館別館等維持運営"",""世田谷地域区民センター事業委託"",""世田谷地域区民施設改修"",""世田谷地域区民集会所維持運営"",""世田谷地域生涯学習事務"",""世田谷地域地区会館維持運営"",""太子堂区民センター維持運営"",""代田区民センター維持運営"",""粕谷区民センター維持運営"",""北沢区民会館維持運営"",""北沢地域区民センター事業委託"",""北沢地域区民施設改修"",""北沢地域区民集会所維持運営"",""北沢地域地区会館維持運営"",""本庁舎等区民利用施設維持運営""],""related_revenues"":[]}","high","reject","[publication-policy] 広域な行政機能topicは具体的な課題topicと重複するため公開しない"
"bpi_5f44e0623963ce5a49995a4cca6da9398adf629b682c0f4b9e77531733985bd8","烏山地域生涯学習事務","一般会計","総務費","区民費","区民施設費","烏山総合支所 地域振興課","838","地域・区民行政","supports","公式予算で区民総務費、支所費または区民施設費に属するため、地域・窓口・区民生活に関する行政機能を支える予算事業として整理した。これはみらい議会の探索用整理であり、区の公式な課題分類ではない。","B_strong_structural","{""matched_rule_id"":""community-services-official-hierarchy"",""budget_item_key"":""2026_general_expenditure_02_03_06"",""identity_fields"":{""display_program_name"":""烏山地域生涯学習事務"",""hierarchy"":[""総務費"",""区民費"",""区民施設費""],""department_display_name"":""烏山総合支所 地域振興課"",""amount_thousand_yen"":838},""member_programs"":[{""program_id"":""2026_general_expenditure_02_03_06_01_27_01"",""major_program_name"":""区民施設維持運営費"",""budget_program_name"":""烏山地域生涯学習事務"",""detail_program_name"":""烏山地域生涯学習事務"",""source_file"":""ippansaisyutu.csv"",""source_row_number"":9220}],""same_budget_item_other_program_names"":[""烏山区民会館・区民センター維持運営"",""烏山地域区民センター業務委託"",""烏山地域区民施設改修"",""烏山地域区民集会所維持運営"",""烏山地域地区会館維持運営"",""鎌田区民センター維持運営"",""砧区民会館維持運営"",""砧地域区民センター事業委託"",""砧地域区民施設改修"",""砧地域区民集会所維持運営"",""砧地域生涯学習事務"",""砧地域地区会館維持運営"",""宮坂区民センター維持運営"",""玉川区民会館維持運営"",""玉川地域区民センター維持運営"",""玉川地域区民センター事業委託"",""玉川地域区民施設改修"",""玉川地域生涯学習事務"",""玉川地域地区会館維持運営"",""区民斎場維持運営"",""弦巻区民センター維持運営"",""桜丘区民センター維持運営"",""上北沢区民センター維持運営"",""世田谷区民会館維持運営"",""世田谷区民会館別館等維持運営"",""世田谷地域区民センター事業委託"",""世田谷地域区民施設改修"",""世田谷地域区民集会所維持運営"",""世田谷地域生涯学習事務"",""世田谷地域地区会館維持運営"",""太子堂区民センター維持運営"",""代田区民センター維持運営"",""粕谷区民センター維持運営"",""北沢区民会館維持運営"",""北沢地域区民センター事業委託"",""北沢地域区民施設改修"",""北沢地域区民集会所維持運営"",""北沢地域生涯学習事務"",""北沢地域地区会館維持運営"",""本庁舎等区民利用施設維持運営""],""related_revenues"":[]}","high","reject","[publication-policy] 広域な行政機能topicは具体的な課題topicと重複するため公開しない"
"bpi_a3407d11f055cf53920745ab64bec5a7b80b3355b34e13f1f2035605058d7f7f","ふるさとまつり協賛（砧）","一般会計","総務費","区民費","区民総務費","砧総合支所 地域振興課","792","地域・区民行政","supports","公式予算で区民総務費、支所費または区民施設費に属するため、地域・窓口・区民生活に関する行政機能を支える予算事業として整理した。これはみらい議会の探索用整理であり、区の公式な課題分類ではない。","B_strong_structural","{""matched_rule_id"":""community-services-official-hierarchy"",""budget_item_key"":""2026_general_expenditure_02_03_01"",""identity_fields"":{""display_program_name"":""ふるさとまつり協賛（砧）"",""hierarchy"":[""総務費"",""区民費"",""区民総務費""],""department_display_name"":""砧総合支所 地域振興課"",""amount_thousand_yen"":792},""member_programs"":[{""program_id"":""2026_general_expenditure_02_03_01_03_06_01"",""major_program_name"":""ふるさとまつり運営協力費"",""budget_program_name"":""ふるさとまつり協賛（砧）"",""detail_program_name"":""ふるさとまつり協賛（砧）"",""source_file"":""ippansaisyutu.csv"",""source_row_number"":9183}],""same_budget_item_other_program_names"":[""ＤＶ防止・困難な問題を抱える女性支援事業"",""ふるさとまつり協賛（烏山）"",""ふるさとまつり協賛（玉川）"",""ふるさとまつり協賛（世田谷）"",""ふるさとまつり協賛（北沢）"",""まちづくり推進（烏山）"",""まちづくり推進（砧）"",""まちづくり推進（玉川）"",""まちづくり推進（世田谷）"",""まちづくり推進（北沢）"",""安全安心まちづくりの推進"",""区広報板維持管理"",""公共施設利用案内システム維持運営"",""災害時地域助け合い活動支援"",""市民活動の促進"",""自主的コミュニティづくりの支援"",""住居表示維持管理"",""出張所広報"",""人権推進事業"",""生活文化政策部庶務事務"",""青少年対策（烏山）"",""青少年対策（砧）"",""青少年対策（玉川）"",""青少年対策（世田谷）"",""青少年対策（北沢）"",""多摩川花火大会"",""男女共同参画センター維持運営"",""男女共同参画社会推進事業"",""地域活動推進（烏山）"",""地域活動推進（砧）"",""地域活動推進（玉川）"",""地域活動推進（世田谷）"",""地域活動推進（北沢）"",""地域交流・まつり事業支援"",""地域行政部庶務事務"",""地域包括ケア地区展開調整事務"",""町会自治会等事業助成"",""二十歳のつどい"",""梅まつり"",""犯罪被害者等支援事業"",""犯罪被害者等支援等基金積立金"",""平和資料館維持運営"",""平和都市宣言事業"",""防犯カメラ整備・維持管理助成"",""防犯協会・防火防災協会（砧）"",""防犯協会・防火防災協会（玉川）"",""防犯協会・防火防災協会（世田谷）"",""北沢防犯協会（北沢）"",""臨海部広域斎場組合負担金""],""related_revenues"":[]}","high","reject","[publication-policy] 広域な行政機能topicは具体的な課題topicと重複するため公開しない"
"bpi_b051c4cdb0c4e43a7ce7078ca320e584c3cb818dce99782c29ddc02557f436b1","地域活動推進（世田谷）","一般会計","総務費","区民費","区民総務費","世田谷総合支所 地域振興課","721","地域・区民行政","supports","公式予算で区民総務費、支所費または区民施設費に属するため、地域・窓口・区民生活に関する行政機能を支える予算事業として整理した。これはみらい議会の探索用整理であり、区の公式な課題分類ではない。","B_strong_structural","{""matched_rule_id"":""community-services-official-hierarchy"",""budget_item_key"":""2026_general_expenditure_02_03_01"",""identity_fields"":{""display_program_name"":""地域活動推進（世田谷）"",""hierarchy"":[""総務費"",""区民費"",""区民総務費""],""department_display_name"":""世田谷総合支所 地域振興課"",""amount_thousand_yen"":721},""member_programs"":[{""program_id"":""2026_general_expenditure_02_03_01_02_04_01"",""major_program_name"":""まちづくり推進事業費"",""budget_program_name"":""地域活動推進（世田谷）"",""detail_program_name"":""地域活動推進（世田谷）"",""source_file"":""ippansaisyutu.csv"",""source_row_number"":9082}],""same_budget_item_other_program_names"":[""ＤＶ防止・困難な問題を抱える女性支援事業"",""ふるさとまつり協賛（烏山）"",""ふるさとまつり協賛（砧）"",""ふるさとまつり協賛（玉川）"",""ふるさとまつり協賛（世田谷）"",""ふるさとまつり協賛（北沢）"",""まちづくり推進（烏山）"",""まちづくり推進（砧）"",""まちづくり推進（玉川）"",""まちづくり推進（世田谷）"",""まちづくり推進（北沢）"",""安全安心まちづくりの推進"",""区広報板維持管理"",""公共施設利用案内システム維持運営"",""災害時地域助け合い活動支援"",""市民活動の促進"",""自主的コミュニティづくりの支援"",""住居表示維持管理"",""出張所広報"",""人権推進事業"",""生活文化政策部庶務事務"",""青少年対策（烏山）"",""青少年対策（砧）"",""青少年対策（玉川）"",""青少年対策（世田谷）"",""青少年対策（北沢）"",""多摩川花火大会"",""男女共同参画センター維持運営"",""男女共同参画社会推進事業"",""地域活動推進（烏山）"",""地域活動推進（砧）"",""地域活動推進（玉川）"",""地域活動推進（北沢）"",""地域交流・まつり事業支援"",""地域行政部庶務事務"",""地域包括ケア地区展開調整事務"",""町会自治会等事業助成"",""二十歳のつどい"",""梅まつり"",""犯罪被害者等支援事業"",""犯罪被害者等支援等基金積立金"",""平和資料館維持運営"",""平和都市宣言事業"",""防犯カメラ整備・維持管理助成"",""防犯協会・防火防災協会（砧）"",""防犯協会・防火防災協会（玉川）"",""防犯協会・防火防災協会（世田谷）"",""北沢防犯協会（北沢）"",""臨海部広域斎場組合負担金""],""related_revenues"":[]}","high","reject","[publication-policy] 広域な行政機能topicは具体的な課題topicと重複するため公開しない"
"bpi_c990abc7a8b17a6c486db70f9d26bad01fc087db30065c9c949be1deee3925b7","地域包括ケア地区展開調整事務","一般会計","総務費","区民費","区民総務費","地域行政部 地域行政課","698","地域・区民行政","supports","公式予算で区民総務費、支所費または区民施設費に属するため、地域・窓口・区民生活に関する行政機能を支える予算事業として整理した。これはみらい議会の探索用整理であり、区の公式な課題分類ではない。","B_strong_structural","{""matched_rule_id"":""community-services-official-hierarchy"",""budget_item_key"":""2026_general_expenditure_02_03_01"",""identity_fields"":{""display_program_name"":""地域包括ケア地区展開調整事務"",""hierarchy"":[""総務費"",""区民費"",""区民総務費""],""department_display_name"":""地域行政部 地域行政課"",""amount_thousand_yen"":698},""member_programs"":[{""program_id"":""2026_general_expenditure_02_03_01_02_28_01"",""major_program_name"":""まちづくり推進事業費"",""budget_program_name"":""地域包括ケア地区展開調整事務"",""detail_program_name"":""地域包括ケア地区展開調整事務"",""source_file"":""ippansaisyutu.csv"",""source_row_number"":9413}],""same_budget_item_other_program_names"":[""ＤＶ防止・困難な問題を抱える女性支援事業"",""ふるさとまつり協賛（烏山）"",""ふるさとまつり協賛（砧）"",""ふるさとまつり協賛（玉川）"",""ふるさとまつり協賛（世田谷）"",""ふるさとまつり協賛（北沢）"",""まちづくり推進（烏山）"",""まちづくり推進（砧）"",""まちづくり推進（玉川）"",""まちづくり推進（世田谷）"",""まちづくり推進（北沢）"",""安全安心まちづくりの推進"",""区広報板維持管理"",""公共施設利用案内システム維持運営"",""災害時地域助け合い活動支援"",""市民活動の促進"",""自主的コミュニティづくりの支援"",""住居表示維持管理"",""出張所広報"",""人権推進事業"",""生活文化政策部庶務事務"",""青少年対策（烏山）"",""青少年対策（砧）"",""青少年対策（玉川）"",""青少年対策（世田谷）"",""青少年対策（北沢）"",""多摩川花火大会"",""男女共同参画センター維持運営"",""男女共同参画社会推進事業"",""地域活動推進（烏山）"",""地域活動推進（砧）"",""地域活動推進（玉川）"",""地域活動推進（世田谷）"",""地域活動推進（北沢）"",""地域交流・まつり事業支援"",""地域行政部庶務事務"",""町会自治会等事業助成"",""二十歳のつどい"",""梅まつり"",""犯罪被害者等支援事業"",""犯罪被害者等支援等基金積立金"",""平和資料館維持運営"",""平和都市宣言事業"",""防犯カメラ整備・維持管理助成"",""防犯協会・防火防災協会（砧）"",""防犯協会・防火防災協会（玉川）"",""防犯協会・防火防災協会（世田谷）"",""北沢防犯協会（北沢）"",""臨海部広域斎場組合負担金""],""related_revenues"":[]}","high","reject","[publication-policy] 広域な行政機能topicは具体的な課題topicと重複するため公開しない"
"bpi_9b5cb7a3890875f4695664a27d7c4187228df9f2922c1430b141f9da3335e5db","地域活動推進（玉川）","一般会計","総務費","区民費","区民総務費","玉川総合支所 地域振興課","667","地域・区民行政","supports","公式予算で区民総務費、支所費または区民施設費に属するため、地域・窓口・区民生活に関する行政機能を支える予算事業として整理した。これはみらい議会の探索用整理であり、区の公式な課題分類ではない。","B_strong_structural","{""matched_rule_id"":""community-services-official-hierarchy"",""budget_item_key"":""2026_general_expenditure_02_03_01"",""identity_fields"":{""display_program_name"":""地域活動推進（玉川）"",""hierarchy"":[""総務費"",""区民費"",""区民総務費""],""department_display_name"":""玉川総合支所 地域振興課"",""amount_thousand_yen"":667},""member_programs"":[{""program_id"":""2026_general_expenditure_02_03_01_02_06_01"",""major_program_name"":""まちづくり推進事業費"",""budget_program_name"":""地域活動推進（玉川）"",""detail_program_name"":""地域活動推進（玉川）"",""source_file"":""ippansaisyutu.csv"",""source_row_number"":9151}],""same_budget_item_other_program_names"":[""ＤＶ防止・困難な問題を抱える女性支援事業"",""ふるさとまつり協賛（烏山）"",""ふるさとまつり協賛（砧）"",""ふるさとまつり協賛（玉川）"",""ふるさとまつり協賛（世田谷）"",""ふるさとまつり協賛（北沢）"",""まちづくり推進（烏山）"",""まちづくり推進（砧）"",""まちづくり推進（玉川）"",""まちづくり推進（世田谷）"",""まちづくり推進（北沢）"",""安全安心まちづくりの推進"",""区広報板維持管理"",""公共施設利用案内システム維持運営"",""災害時地域助け合い活動支援"",""市民活動の促進"",""自主的コミュニティづくりの支援"",""住居表示維持管理"",""出張所広報"",""人権推進事業"",""生活文化政策部庶務事務"",""青少年対策（烏山）"",""青少年対策（砧）"",""青少年対策（玉川）"",""青少年対策（世田谷）"",""青少年対策（北沢）"",""多摩川花火大会"",""男女共同参画センター維持運営"",""男女共同参画社会推進事業"",""地域活動推進（烏山）"",""地域活動推進（砧）"",""地域活動推進（世田谷）"",""地域活動推進（北沢）"",""地域交流・まつり事業支援"",""地域行政部庶務事務"",""地域包括ケア地区展開調整事務"",""町会自治会等事業助成"",""二十歳のつどい"",""梅まつり"",""犯罪被害者等支援事業"",""犯罪被害者等支援等基金積立金"",""平和資料館維持運営"",""平和都市宣言事業"",""防犯カメラ整備・維持管理助成"",""防犯協会・防火防災協会（砧）"",""防犯協会・防火防災協会（玉川）"",""防犯協会・防火防災協会（世田谷）"",""北沢防犯協会（北沢）"",""臨海部広域斎場組合負担金""],""related_revenues"":[]}","high","reject","[publication-policy] 広域な行政機能topicは具体的な課題topicと重複するため公開しない"
"bpi_9388a643796f16d27092b08c44486b0641d6bac1e51cc2a198c558291fa27ebb","玉川地域生涯学習事務","一般会計","総務費","区民費","区民施設費","玉川総合支所 地域振興課","660","地域・区民行政","supports","公式予算で区民総務費、支所費または区民施設費に属するため、地域・窓口・区民生活に関する行政機能を支える予算事業として整理した。これはみらい議会の探索用整理であり、区の公式な課題分類ではない。","B_strong_structural","{""matched_rule_id"":""community-services-official-hierarchy"",""budget_item_key"":""2026_general_expenditure_02_03_06"",""identity_fields"":{""display_program_name"":""玉川地域生涯学習事務"",""hierarchy"":[""総務費"",""区民費"",""区民施設費""],""department_display_name"":""玉川総合支所 地域振興課"",""amount_thousand_yen"":660},""member_programs"":[{""program_id"":""2026_general_expenditure_02_03_06_01_17_01"",""major_program_name"":""区民施設維持運営費"",""budget_program_name"":""玉川地域生涯学習事務"",""detail_program_name"":""玉川地域生涯学習事務"",""source_file"":""ippansaisyutu.csv"",""source_row_number"":9163}],""same_budget_item_other_program_names"":[""烏山区民会館・区民センター維持運営"",""烏山地域区民センター業務委託"",""烏山地域区民施設改修"",""烏山地域区民集会所維持運営"",""烏山地域生涯学習事務"",""烏山地域地区会館維持運営"",""鎌田区民センター維持運営"",""砧区民会館維持運営"",""砧地域区民センター事業委託"",""砧地域区民施設改修"",""砧地域区民集会所維持運営"",""砧地域生涯学習事務"",""砧地域地区会館維持運営"",""宮坂区民センター維持運営"",""玉川区民会館維持運営"",""玉川地域区民センター維持運営"",""玉川地域区民センター事業委託"",""玉川地域区民施設改修"",""玉川地域地区会館維持運営"",""区民斎場維持運営"",""弦巻区民センター維持運営"",""桜丘区民センター維持運営"",""上北沢区民センター維持運営"",""世田谷区民会館維持運営"",""世田谷区民会館別館等維持運営"",""世田谷地域区民センター事業委託"",""世田谷地域区民施設改修"",""世田谷地域区民集会所維持運営"",""世田谷地域生涯学習事務"",""世田谷地域地区会館維持運営"",""太子堂区民センター維持運営"",""代田区民センター維持運営"",""粕谷区民センター維持運営"",""北沢区民会館維持運営"",""北沢地域区民センター事業委託"",""北沢地域区民施設改修"",""北沢地域区民集会所維持運営"",""北沢地域生涯学習事務"",""北沢地域地区会館維持運営"",""本庁舎等区民利用施設維持運営""],""related_revenues"":[]}","high","reject","[publication-policy] 広域な行政機能topicは具体的な課題topicと重複するため公開しない"
"bpi_f32ea21cc1eaaf7a9aac883e789551452745d41b24d873a87c36675e7701edf0","地域活動推進（砧）","一般会計","総務費","区民費","区民総務費","砧総合支所 地域振興課","523","地域・区民行政","supports","公式予算で区民総務費、支所費または区民施設費に属するため、地域・窓口・区民生活に関する行政機能を支える予算事業として整理した。これはみらい議会の探索用整理であり、区の公式な課題分類ではない。","B_strong_structural","{""matched_rule_id"":""community-services-official-hierarchy"",""budget_item_key"":""2026_general_expenditure_02_03_01"",""identity_fields"":{""display_program_name"":""地域活動推進（砧）"",""hierarchy"":[""総務費"",""区民費"",""区民総務費""],""department_display_name"":""砧総合支所 地域振興課"",""amount_thousand_yen"":523},""member_programs"":[{""program_id"":""2026_general_expenditure_02_03_01_02_07_01"",""major_program_name"":""まちづくり推進事業費"",""budget_program_name"":""地域活動推進（砧）"",""detail_program_name"":""地域活動推進（砧）"",""source_file"":""ippansaisyutu.csv"",""source_row_number"":9179}],""same_budget_item_other_program_names"":[""ＤＶ防止・困難な問題を抱える女性支援事業"",""ふるさとまつり協賛（烏山）"",""ふるさとまつり協賛（砧）"",""ふるさとまつり協賛（玉川）"",""ふるさとまつり協賛（世田谷）"",""ふるさとまつり協賛（北沢）"",""まちづくり推進（烏山）"",""まちづくり推進（砧）"",""まちづくり推進（玉川）"",""まちづくり推進（世田谷）"",""まちづくり推進（北沢）"",""安全安心まちづくりの推進"",""区広報板維持管理"",""公共施設利用案内システム維持運営"",""災害時地域助け合い活動支援"",""市民活動の促進"",""自主的コミュニティづくりの支援"",""住居表示維持管理"",""出張所広報"",""人権推進事業"",""生活文化政策部庶務事務"",""青少年対策（烏山）"",""青少年対策（砧）"",""青少年対策（玉川）"",""青少年対策（世田谷）"",""青少年対策（北沢）"",""多摩川花火大会"",""男女共同参画センター維持運営"",""男女共同参画社会推進事業"",""地域活動推進（烏山）"",""地域活動推進（玉川）"",""地域活動推進（世田谷）"",""地域活動推進（北沢）"",""地域交流・まつり事業支援"",""地域行政部庶務事務"",""地域包括ケア地区展開調整事務"",""町会自治会等事業助成"",""二十歳のつどい"",""梅まつり"",""犯罪被害者等支援事業"",""犯罪被害者等支援等基金積立金"",""平和資料館維持運営"",""平和都市宣言事業"",""防犯カメラ整備・維持管理助成"",""防犯協会・防火防災協会（砧）"",""防犯協会・防火防災協会（玉川）"",""防犯協会・防火防災協会（世田谷）"",""北沢防犯協会（北沢）"",""臨海部広域斎場組合負担金""],""related_revenues"":[]}","high","reject","[publication-policy] 広域な行政機能topicは具体的な課題topicと重複するため公開しない"
"bpi_060f11a3d9301a2326a76da86ba1dd949a99f4ce9928cdaab74aaf34c62ac0cd","地域活動推進（烏山）","一般会計","総務費","区民費","区民総務費","烏山総合支所 地域振興課","370","地域・区民行政","supports","公式予算で区民総務費、支所費または区民施設費に属するため、地域・窓口・区民生活に関する行政機能を支える予算事業として整理した。これはみらい議会の探索用整理であり、区の公式な課題分類ではない。","B_strong_structural","{""matched_rule_id"":""community-services-official-hierarchy"",""budget_item_key"":""2026_general_expenditure_02_03_01"",""identity_fields"":{""display_program_name"":""地域活動推進（烏山）"",""hierarchy"":[""総務費"",""区民費"",""区民総務費""],""department_display_name"":""烏山総合支所 地域振興課"",""amount_thousand_yen"":370},""member_programs"":[{""program_id"":""2026_general_expenditure_02_03_01_02_08_01"",""major_program_name"":""まちづくり推進事業費"",""budget_program_name"":""地域活動推進（烏山）"",""detail_program_name"":""地域活動推進（烏山）"",""source_file"":""ippansaisyutu.csv"",""source_row_number"":9209}],""same_budget_item_other_program_names"":[""ＤＶ防止・困難な問題を抱える女性支援事業"",""ふるさとまつり協賛（烏山）"",""ふるさとまつり協賛（砧）"",""ふるさとまつり協賛（玉川）"",""ふるさとまつり協賛（世田谷）"",""ふるさとまつり協賛（北沢）"",""まちづくり推進（烏山）"",""まちづくり推進（砧）"",""まちづくり推進（玉川）"",""まちづくり推進（世田谷）"",""まちづくり推進（北沢）"",""安全安心まちづくりの推進"",""区広報板維持管理"",""公共施設利用案内システム維持運営"",""災害時地域助け合い活動支援"",""市民活動の促進"",""自主的コミュニティづくりの支援"",""住居表示維持管理"",""出張所広報"",""人権推進事業"",""生活文化政策部庶務事務"",""青少年対策（烏山）"",""青少年対策（砧）"",""青少年対策（玉川）"",""青少年対策（世田谷）"",""青少年対策（北沢）"",""多摩川花火大会"",""男女共同参画センター維持運営"",""男女共同参画社会推進事業"",""地域活動推進（砧）"",""地域活動推進（玉川）"",""地域活動推進（世田谷）"",""地域活動推進（北沢）"",""地域交流・まつり事業支援"",""地域行政部庶務事務"",""地域包括ケア地区展開調整事務"",""町会自治会等事業助成"",""二十歳のつどい"",""梅まつり"",""犯罪被害者等支援事業"",""犯罪被害者等支援等基金積立金"",""平和資料館維持運営"",""平和都市宣言事業"",""防犯カメラ整備・維持管理助成"",""防犯協会・防火防災協会（砧）"",""防犯協会・防火防災協会（玉川）"",""防犯協会・防火防災協会（世田谷）"",""北沢防犯協会（北沢）"",""臨海部広域斎場組合負担金""],""related_revenues"":[]}","high","reject","[publication-policy] 広域な行政機能topicは具体的な課題topicと重複するため公開しない"
"bpi_8c97fbbf2e87b3b9117b7896fda6e49c2db4b3cfaa8520f8dbc47bec8b28cc85","町会・自治会会館建設等助成事務","一般会計","総務費","区民費","支所費","地域行政部 地域行政課","0","地域・区民行政","supports","公式予算で区民総務費、支所費または区民施設費に属するため、地域・窓口・区民生活に関する行政機能を支える予算事業として整理した。これはみらい議会の探索用整理であり、区の公式な課題分類ではない。","B_strong_structural","{""matched_rule_id"":""community-services-official-hierarchy"",""budget_item_key"":""2026_general_expenditure_02_03_02"",""identity_fields"":{""display_program_name"":""町会・自治会会館建設等助成事務"",""hierarchy"":[""総務費"",""区民費"",""支所費""],""department_display_name"":""地域行政部 地域行政課"",""amount_thousand_yen"":0},""member_programs"":[{""program_id"":""2026_general_expenditure_02_03_02_01_12_01"",""major_program_name"":""総合支所維持運営費"",""budget_program_name"":""町会・自治会会館建設等助成事務"",""detail_program_name"":""町会・自治会会館建設等助成事務"",""source_file"":""ippansaisyutu.csv"",""source_row_number"":9414}],""same_budget_item_other_program_names"":[""烏山総合支所・出張所改築事務"",""烏山総合支所維持管理"",""烏山総合支所庶務事務"",""烏山地域支所・出張所改修"",""烏山地域出張所維持運営"",""砧総合支所維持管理"",""砧総合支所庶務事務"",""砧地域支所・出張所改修"",""砧地域出張所維持運営"",""玉川総合支所維持管理"",""玉川総合支所庶務事務"",""玉川地域支所・出張所改修"",""玉川地域出張所維持運営"",""計画・相談事業運営（烏山）"",""計画・相談事業運営（砧）"",""計画・相談事業運営（玉川）"",""計画・相談事業運営（世田谷）"",""計画・相談事業運営（北沢）"",""出張所機能充実"",""世田谷総合支所・出張所改築事務"",""世田谷総合支所庶務事務"",""世田谷地域出張所維持運営"",""世田谷地域出張所改修"",""総合窓口化の推進"",""地域経営事務調整（烏山）"",""地域経営事務調整（砧）"",""地域経営事務調整（玉川）"",""地域経営事務調整（世田谷）"",""地域経営事務調整（北沢）"",""北沢総合支所維持管理"",""北沢総合支所庶務事務"",""北沢地域支所・出張所改修"",""北沢地域出張所維持運営""],""related_revenues"":[]}","high","reject","[publication-policy] 広域な行政機能topicは具体的な課題topicと重複するため公開しない"
