"budget_program_identity_id","display_program_name","account_name","kan_name","kou_name","moku_name","department_display_name","amount_thousand_yen","candidate_topic","proposed_relation_type","proposed_explanation","evidence_level","evidence_fields","confidence","review_decision","review_note"
"bpi_0eb7b3360ac500246fe3cad6504fa0c0fed9e72ff3d2d6c398d288cdbcc7b3a1","生活保護法に基づく保護費","一般会計","民生費","生活保護費","扶助費","保健福祉政策部 生活福祉課","23038243","生活の安心と地域福祉を支える","responds_to","公式予算の会計・款・項・目と事業名から「生活の安心と地域福祉を支える」との構造的な関係が強い候補として整理した。これはみらい議会の探索用整理であり、区の公式な課題分類ではない。","B_strong_structural","{""matched_rule_id"":""livelihood-security-and-community-welfare-official-structure"",""budget_item_key"":""2026_general_expenditure_03_03_03"",""identity_fields"":{""display_program_name"":""生活保護法に基づく保護費"",""hierarchy"":[""民生費"",""生活保護費"",""扶助費""],""department_display_name"":""保健福祉政策部 生活福祉課"",""amount_thousand_yen"":23038243},""member_programs"":[{""program_id"":""2026_general_expenditure_03_03_03_01_01_01"",""major_program_name"":""生活保護法に基づく保護費"",""budget_program_name"":""生活保護法に基づく保護費"",""detail_program_name"":""生活保護法に基づく保護費"",""source_file"":""ippansaisyutu.csv"",""source_row_number"":9568}],""same_budget_item_other_program_names"":[""児童生徒等に対する援護"",""被保護世帯等に対する援護""],""related_revenues"":[{""revenue_detail_id"":""rd_2026_general_revenue_13_01_01_06_02_3595200000"",""revenue_hierarchy"":[""国庫支出金"",""国庫負担金"",""民生費負担金"",""生活保護費"",""生活保護費（生活扶助費等）""],""amount_attribution_status"":""not_available""},{""revenue_detail_id"":""rd_2026_general_revenue_13_01_01_06_03_3595200000"",""revenue_hierarchy"":[""国庫支出金"",""国庫負担金"",""民生費負担金"",""生活保護費"",""生活保護費（医療扶助費等）""],""amount_attribution_status"":""not_available""},{""revenue_detail_id"":""rd_2026_general_revenue_13_01_01_06_04_3595200000"",""revenue_hierarchy"":[""国庫支出金"",""国庫負担金"",""民生費負担金"",""生活保護費"",""生活保護費（介護扶助費等）""],""amount_attribution_status"":""not_available""},{""revenue_detail_id"":""rd_2026_general_revenue_14_01_01_05_01_3595200000"",""revenue_hierarchy"":[""都支出金"",""都負担金"",""民生費負担金"",""生活保護費"",""生活保護費""],""amount_attribution_status"":""not_available""},{""revenue_detail_id"":""rd_2026_general_revenue_19_06_01_02_03_3595200000"",""revenue_hierarchy"":[""諸収入"",""雑入"",""弁償金"",""生活保護"",""生活保護法に基づく保護費の弁償金""],""amount_attribution_status"":""not_available""},{""revenue_detail_id"":""rd_2026_general_revenue_19_06_09_50_15_3595200000"",""revenue_hierarchy"":[""諸収入"",""雑入"",""雑入"",""雑入"",""生活保護法に基づく保護費""],""amount_attribution_status"":""not_available""},{""revenue_detail_id"":""rd_2026_general_revenue_19_06_09_50_17_3595200000"",""revenue_hierarchy"":[""諸収入"",""雑入"",""雑入"",""雑入"",""生活保護法に基づく保護費（不当利得等）""],""amount_attribution_status"":""not_available""},{""revenue_detail_id"":""rd_2026_general_revenue_19_06_09_67_02_3595200000"",""revenue_hierarchy"":[""諸収入"",""雑入"",""雑入"",""第三者求償事務"",""第三者求償事務""],""amount_attribution_status"":""not_available""}]}","high","approve","B_strong_structural・確信度highの一括承認ルールにより承認"
"bpi_094d4b85387f045563371f907ec0b584b704cf965981447c4eb33a540e87f75f","介護保険事業会計繰出金","一般会計","民生費","社会福祉費","社会福祉総務費","高齢福祉部 介護保険課","11595213","生活の安心と地域福祉を支える","responds_to","公式予算の会計・款・項・目と事業名から「生活の安心と地域福祉を支える」との構造的な関係が強い候補として整理した。これはみらい議会の探索用整理であり、区の公式な課題分類ではない。","B_strong_structural","{""matched_rule_id"":""livelihood-security-and-community-welfare-official-structure"",""budget_item_key"":""2026_general_expenditure_03_01_01"",""identity_fields"":{""display_program_name"":""介護保険事業会計繰出金"",""hierarchy"":[""民生費"",""社会福祉費"",""社会福祉総務費""],""department_display_name"":""高齢福祉部 介護保険課"",""amount_thousand_yen"":11595213},""member_programs"":[{""program_id"":""2026_general_expenditure_03_01_01_04_01_01"",""major_program_name"":""特別会計繰出金"",""budget_program_name"":""介護保険事業会計繰出金"",""detail_program_name"":""介護保険事業会計繰出金"",""source_file"":""ippansaisyutu.csv"",""source_row_number"":9649}],""same_budget_item_other_program_names"":[""ケアハウス整備促進等事業"",""ケアマネジメントの総合的推進"",""ひきこもり対策"",""ボランティア施設改修"",""ボランティア団体等援助"",""移動困難者の移送システム"",""医療的ケア児（者）支援の充実"",""医療的ケア児の笑顔を支える基金積立金"",""介護人材確保・定着支援事業"",""旧軍人等の援護"",""後期高齢者医療会計繰出金"",""行旅病人及死亡人取扱"",""高齢福祉部運営事業"",""高齢福祉部庶務事務"",""国民健康保険事業会計繰出金"",""災害時ボランティア受入体制整備事業"",""社会福祉協議会運営助成"",""社会福祉事業団運営助成"",""社会福祉法人に対する高齢者施設整備助成"",""社会福祉法人に対する障害者施設整備助成"",""社会福祉法人の認可・指導検査"",""終活支援センター運営事業"",""住宅手当緊急特別措置事業"",""住民税非課税世帯等への価格高騰重点支援給付金支給"",""障害者グループホーム整備助成"",""障害者サービス広報事業"",""障害者差別解消推進"",""障害者施設整備促進等事業"",""障害者福祉施策の計画・調整"",""障害認定審査事務運営"",""障害福祉部庶務事務"",""心身障害者医療費助成"",""世田谷区地域福祉推進事業"",""世田谷保健福祉センター分室維持管理"",""成年後見制度"",""生活安定支援事業"",""生活困窮者自立促進支援事業"",""生活保健事務（烏山）"",""生活保健事務（砧）"",""生活保健事務（玉川）"",""生活保健事務（世田谷）"",""生活保健事務（北沢）"",""専門的人材の確保・養成事業"",""相談員業務（烏山）"",""相談員業務（砧）"",""相談員業務（玉川）"",""相談員業務（世田谷）"",""相談員業務（北沢）"",""地域福祉活動等促進事業"",""地域福祉資源開発事業"",""地域保健福祉審議会の運営"",""地域保健福祉等推進基金積立金"",""地域密着型サービス拠点等整備助成"",""地区高齢者見守りネットワーク事業"",""特定中国残留邦人等支援事業"",""特別区区民葬儀助成事業"",""特別養護老人ホーム等運営支援"",""避難行動要支援者支援の推進"",""福祉資金貸付"",""福祉人材育成・研修センター運営事業"",""保健医療福祉総合プラザ維持運営"",""保健福祉サービス苦情審査会運営"",""保健福祉サービス質の向上の推進"",""保健福祉運営事務（烏山）"",""保健福祉運営事務（砧）"",""保健福祉運営事務（玉川）"",""保健福祉運営事務（世田谷）"",""保健福祉運営事務（北沢）"",""保健福祉政策部運営事業"",""保健福祉政策部庶務事務"",""民生委員等活動"",""路上生活対策事業"",""老人保健施設整備助成""],""related_revenues"":[{""revenue_detail_id"":""rd_2026_general_revenue_13_01_01_28_01_3645200000"",""revenue_hierarchy"":[""国庫支出金"",""国庫負担金"",""民生費負担金"",""介護保険料軽減費"",""介護保険料軽減費""],""amount_attribution_status"":""not_available""},{""revenue_detail_id"":""rd_2026_general_revenue_14_01_01_26_01_3645200000"",""revenue_hierarchy"":[""都支出金"",""都負担金"",""民生費負担金"",""介護保険料軽減費"",""介護保険料軽減費""],""amount_attribution_status"":""not_available""}]}","high","approve","B_strong_structural・確信度highの一括承認ルールにより承認"
"bpi_acdb45b3058664263ef2dad0bc40ce264f9dbdeff2a0d684a1dfe3ec7d87ddbb","後期高齢者医療会計繰出金","一般会計","民生費","社会福祉費","社会福祉総務費","保健福祉政策部 国保・年金課","10678717","生活の安心と地域福祉を支える","responds_to","公式予算の会計・款・項・目と事業名から「生活の安心と地域福祉を支える」との構造的な関係が強い候補として整理した。これはみらい議会の探索用整理であり、区の公式な課題分類ではない。","B_strong_structural","{""matched_rule_id"":""livelihood-security-and-community-welfare-official-structure"",""budget_item_key"":""2026_general_expenditure_03_01_01"",""identity_fields"":{""display_program_name"":""後期高齢者医療会計繰出金"",""hierarchy"":[""民生費"",""社会福祉費"",""社会福祉総務費""],""department_display_name"":""保健福祉政策部 国保・年金課"",""amount_thousand_yen"":10678717},""member_programs"":[{""program_id"":""2026_general_expenditure_03_01_01_04_03_01"",""major_program_name"":""特別会計繰出金"",""budget_program_name"":""後期高齢者医療会計繰出金"",""detail_program_name"":""後期高齢者医療会計繰出金"",""source_file"":""ippansaisyutu.csv"",""source_row_number"":9573}],""same_budget_item_other_program_names"":[""ケアハウス整備促進等事業"",""ケアマネジメントの総合的推進"",""ひきこもり対策"",""ボランティア施設改修"",""ボランティア団体等援助"",""移動困難者の移送システム"",""医療的ケア児（者）支援の充実"",""医療的ケア児の笑顔を支える基金積立金"",""介護人材確保・定着支援事業"",""介護保険事業会計繰出金"",""旧軍人等の援護"",""行旅病人及死亡人取扱"",""高齢福祉部運営事業"",""高齢福祉部庶務事務"",""国民健康保険事業会計繰出金"",""災害時ボランティア受入体制整備事業"",""社会福祉協議会運営助成"",""社会福祉事業団運営助成"",""社会福祉法人に対する高齢者施設整備助成"",""社会福祉法人に対する障害者施設整備助成"",""社会福祉法人の認可・指導検査"",""終活支援センター運営事業"",""住宅手当緊急特別措置事業"",""住民税非課税世帯等への価格高騰重点支援給付金支給"",""障害者グループホーム整備助成"",""障害者サービス広報事業"",""障害者差別解消推進"",""障害者施設整備促進等事業"",""障害者福祉施策の計画・調整"",""障害認定審査事務運営"",""障害福祉部庶務事務"",""心身障害者医療費助成"",""世田谷区地域福祉推進事業"",""世田谷保健福祉センター分室維持管理"",""成年後見制度"",""生活安定支援事業"",""生活困窮者自立促進支援事業"",""生活保健事務（烏山）"",""生活保健事務（砧）"",""生活保健事務（玉川）"",""生活保健事務（世田谷）"",""生活保健事務（北沢）"",""専門的人材の確保・養成事業"",""相談員業務（烏山）"",""相談員業務（砧）"",""相談員業務（玉川）"",""相談員業務（世田谷）"",""相談員業務（北沢）"",""地域福祉活動等促進事業"",""地域福祉資源開発事業"",""地域保健福祉審議会の運営"",""地域保健福祉等推進基金積立金"",""地域密着型サービス拠点等整備助成"",""地区高齢者見守りネットワーク事業"",""特定中国残留邦人等支援事業"",""特別区区民葬儀助成事業"",""特別養護老人ホーム等運営支援"",""避難行動要支援者支援の推進"",""福祉資金貸付"",""福祉人材育成・研修センター運営事業"",""保健医療福祉総合プラザ維持運営"",""保健福祉サービス苦情審査会運営"",""保健福祉サービス質の向上の推進"",""保健福祉運営事務（烏山）"",""保健福祉運営事務（砧）"",""保健福祉運営事務（玉川）"",""保健福祉運営事務（世田谷）"",""保健福祉運営事務（北沢）"",""保健福祉政策部運営事業"",""保健福祉政策部庶務事務"",""民生委員等活動"",""路上生活対策事業"",""老人保健施設整備助成""],""related_revenues"":[{""revenue_detail_id"":""rd_2026_general_revenue_14_01_01_13_03_3595400000"",""revenue_hierarchy"":[""都支出金"",""都負担金"",""民生費負担金"",""保険基盤安定費"",""後期高齢者医療""],""amount_attribution_status"":""not_available""}]}","high","approve","B_strong_structural・確信度highの一括承認ルールにより承認"
"bpi_5f7e8094a7f7be9aa37f3cfc8805beb25f9a62a0c10da09f41875c7ac180ee3a","国民健康保険事業会計繰出金","一般会計","民生費","社会福祉費","社会福祉総務費","保健福祉政策部 国保・年金課","8333112","生活の安心と地域福祉を支える","responds_to","公式予算の会計・款・項・目と事業名から「生活の安心と地域福祉を支える」との構造的な関係が強い候補として整理した。これはみらい議会の探索用整理であり、区の公式な課題分類ではない。","B_strong_structural","{""matched_rule_id"":""livelihood-security-and-community-welfare-official-structure"",""budget_item_key"":""2026_general_expenditure_03_01_01"",""identity_fields"":{""display_program_name"":""国民健康保険事業会計繰出金"",""hierarchy"":[""民生費"",""社会福祉費"",""社会福祉総務費""],""department_display_name"":""保健福祉政策部 国保・年金課"",""amount_thousand_yen"":8333112},""member_programs"":[{""program_id"":""2026_general_expenditure_03_01_01_04_02_01"",""major_program_name"":""特別会計繰出金"",""budget_program_name"":""国民健康保険事業会計繰出金"",""detail_program_name"":""国民健康保険事業会計繰出金"",""source_file"":""ippansaisyutu.csv"",""source_row_number"":9572}],""same_budget_item_other_program_names"":[""ケアハウス整備促進等事業"",""ケアマネジメントの総合的推進"",""ひきこもり対策"",""ボランティア施設改修"",""ボランティア団体等援助"",""移動困難者の移送システム"",""医療的ケア児（者）支援の充実"",""医療的ケア児の笑顔を支える基金積立金"",""介護人材確保・定着支援事業"",""介護保険事業会計繰出金"",""旧軍人等の援護"",""後期高齢者医療会計繰出金"",""行旅病人及死亡人取扱"",""高齢福祉部運営事業"",""高齢福祉部庶務事務"",""災害時ボランティア受入体制整備事業"",""社会福祉協議会運営助成"",""社会福祉事業団運営助成"",""社会福祉法人に対する高齢者施設整備助成"",""社会福祉法人に対する障害者施設整備助成"",""社会福祉法人の認可・指導検査"",""終活支援センター運営事業"",""住宅手当緊急特別措置事業"",""住民税非課税世帯等への価格高騰重点支援給付金支給"",""障害者グループホーム整備助成"",""障害者サービス広報事業"",""障害者差別解消推進"",""障害者施設整備促進等事業"",""障害者福祉施策の計画・調整"",""障害認定審査事務運営"",""障害福祉部庶務事務"",""心身障害者医療費助成"",""世田谷区地域福祉推進事業"",""世田谷保健福祉センター分室維持管理"",""成年後見制度"",""生活安定支援事業"",""生活困窮者自立促進支援事業"",""生活保健事務（烏山）"",""生活保健事務（砧）"",""生活保健事務（玉川）"",""生活保健事務（世田谷）"",""生活保健事務（北沢）"",""専門的人材の確保・養成事業"",""相談員業務（烏山）"",""相談員業務（砧）"",""相談員業務（玉川）"",""相談員業務（世田谷）"",""相談員業務（北沢）"",""地域福祉活動等促進事業"",""地域福祉資源開発事業"",""地域保健福祉審議会の運営"",""地域保健福祉等推進基金積立金"",""地域密着型サービス拠点等整備助成"",""地区高齢者見守りネットワーク事業"",""特定中国残留邦人等支援事業"",""特別区区民葬儀助成事業"",""特別養護老人ホーム等運営支援"",""避難行動要支援者支援の推進"",""福祉資金貸付"",""福祉人材育成・研修センター運営事業"",""保健医療福祉総合プラザ維持運営"",""保健福祉サービス苦情審査会運営"",""保健福祉サービス質の向上の推進"",""保健福祉運営事務（烏山）"",""保健福祉運営事務（砧）"",""保健福祉運営事務（玉川）"",""保健福祉運営事務（世田谷）"",""保健福祉運営事務（北沢）"",""保健福祉政策部運営事業"",""保健福祉政策部庶務事務"",""民生委員等活動"",""路上生活対策事業"",""老人保健施設整備助成""],""related_revenues"":[{""revenue_detail_id"":""rd_2026_general_revenue_13_01_01_14_01_3595400000"",""revenue_hierarchy"":[""国庫支出金"",""国庫負担金"",""民生費負担金"",""保険基盤安定費"",""国民健康保険""],""amount_attribution_status"":""not_available""},{""revenue_detail_id"":""rd_2026_general_revenue_13_01_01_46_01_3595400000"",""revenue_hierarchy"":[""国庫支出金"",""国庫負担金"",""民生費負担金"",""未就学児均等割保険料負担金"",""国民健康保険""],""amount_attribution_status"":""not_available""},{""revenue_detail_id"":""rd_2026_general_revenue_13_01_01_47_01_3595400000"",""revenue_hierarchy"":[""国庫支出金"",""国庫負担金"",""民生費負担金"",""産前産後保険料負担金"",""国民健康保険""],""amount_attribution_status"":""not_available""},{""revenue_detail_id"":""rd_2026_general_revenue_14_01_01_13_01_3595400000"",""revenue_hierarchy"":[""都支出金"",""都負担金"",""民生費負担金"",""保険基盤安定費"",""国民健康保険""],""amount_attribution_status"":""not_available""},{""revenue_detail_id"":""rd_2026_general_revenue_14_01_01_34_01_3595400000"",""revenue_hierarchy"":[""都支出金"",""都負担金"",""民生費負担金"",""未就学児均等割保険料負担金"",""国民健康保険""],""amount_attribution_status"":""not_available""},{""revenue_detail_id"":""rd_2026_general_revenue_14_01_01_35_01_3595400000"",""revenue_hierarchy"":[""都支出金"",""都負担金"",""民生費負担金"",""産前産後保険料負担金"",""国民健康保険""],""amount_attribution_status"":""not_available""}]}","high","approve","B_strong_structural・確信度highの一括承認ルールにより承認"
"bpi_238f07f006d92f498f4fcb83c123550e1858f2318cb1f7cbba708c0928aa1f16","社会福祉協議会運営助成","一般会計","民生費","社会福祉費","社会福祉総務費","保健福祉政策部 生活福祉課","398794","生活の安心と地域福祉を支える","responds_to","公式予算の会計・款・項・目と事業名から「生活の安心と地域福祉を支える」との構造的な関係が強い候補として整理した。これはみらい議会の探索用整理であり、区の公式な課題分類ではない。","B_strong_structural","{""matched_rule_id"":""livelihood-security-and-community-welfare-official-structure"",""budget_item_key"":""2026_general_expenditure_03_01_01"",""identity_fields"":{""display_program_name"":""社会福祉協議会運営助成"",""hierarchy"":[""民生費"",""社会福祉費"",""社会福祉総務費""],""department_display_name"":""保健福祉政策部 生活福祉課"",""amount_thousand_yen"":398794},""member_programs"":[{""program_id"":""2026_general_expenditure_03_01_01_03_77_01"",""major_program_name"":""その他の社会福祉事業費"",""budget_program_name"":""社会福祉協議会運営助成"",""detail_program_name"":""社会福祉協議会運営助成"",""source_file"":""ippansaisyutu.csv"",""source_row_number"":9557}],""same_budget_item_other_program_names"":[""ケアハウス整備促進等事業"",""ケアマネジメントの総合的推進"",""ひきこもり対策"",""ボランティア施設改修"",""ボランティア団体等援助"",""移動困難者の移送システム"",""医療的ケア児（者）支援の充実"",""医療的ケア児の笑顔を支える基金積立金"",""介護人材確保・定着支援事業"",""介護保険事業会計繰出金"",""旧軍人等の援護"",""後期高齢者医療会計繰出金"",""行旅病人及死亡人取扱"",""高齢福祉部運営事業"",""高齢福祉部庶務事務"",""国民健康保険事業会計繰出金"",""災害時ボランティア受入体制整備事業"",""社会福祉事業団運営助成"",""社会福祉法人に対する高齢者施設整備助成"",""社会福祉法人に対する障害者施設整備助成"",""社会福祉法人の認可・指導検査"",""終活支援センター運営事業"",""住宅手当緊急特別措置事業"",""住民税非課税世帯等への価格高騰重点支援給付金支給"",""障害者グループホーム整備助成"",""障害者サービス広報事業"",""障害者差別解消推進"",""障害者施設整備促進等事業"",""障害者福祉施策の計画・調整"",""障害認定審査事務運営"",""障害福祉部庶務事務"",""心身障害者医療費助成"",""世田谷区地域福祉推進事業"",""世田谷保健福祉センター分室維持管理"",""成年後見制度"",""生活安定支援事業"",""生活困窮者自立促進支援事業"",""生活保健事務（烏山）"",""生活保健事務（砧）"",""生活保健事務（玉川）"",""生活保健事務（世田谷）"",""生活保健事務（北沢）"",""専門的人材の確保・養成事業"",""相談員業務（烏山）"",""相談員業務（砧）"",""相談員業務（玉川）"",""相談員業務（世田谷）"",""相談員業務（北沢）"",""地域福祉活動等促進事業"",""地域福祉資源開発事業"",""地域保健福祉審議会の運営"",""地域保健福祉等推進基金積立金"",""地域密着型サービス拠点等整備助成"",""地区高齢者見守りネットワーク事業"",""特定中国残留邦人等支援事業"",""特別区区民葬儀助成事業"",""特別養護老人ホーム等運営支援"",""避難行動要支援者支援の推進"",""福祉資金貸付"",""福祉人材育成・研修センター運営事業"",""保健医療福祉総合プラザ維持運営"",""保健福祉サービス苦情審査会運営"",""保健福祉サービス質の向上の推進"",""保健福祉運営事務（烏山）"",""保健福祉運営事務（砧）"",""保健福祉運営事務（玉川）"",""保健福祉運営事務（世田谷）"",""保健福祉運営事務（北沢）"",""保健福祉政策部運営事業"",""保健福祉政策部庶務事務"",""民生委員等活動"",""路上生活対策事業"",""老人保健施設整備助成""],""related_revenues"":[{""revenue_detail_id"":""rd_2026_general_revenue_14_02_02_60_41_3595200000"",""revenue_hierarchy"":[""都支出金"",""都補助金"",""民生費補助金"",""地域福祉推進区市町村包括補助事業"",""地域福祉権利擁護事業""],""amount_attribution_status"":""not_available""},{""revenue_detail_id"":""rd_2026_general_revenue_14_02_02_60_82_3595200000"",""revenue_hierarchy"":[""都支出金"",""都補助金"",""民生費補助金"",""地域福祉推進区市町村包括補助事業"",""法人後見の受任""],""amount_attribution_status"":""not_available""}]}","high","approve","B_strong_structural・確信度highの一括承認ルールにより承認"
"bpi_3a4ca2dacc42f04bcd7c691830ae05096658ae0931f919679b77f332d7512116","保健医療福祉総合プラザ維持運営","一般会計","民生費","社会福祉費","社会福祉総務費","保健福祉政策部 保福推進課","351247","生活の安心と地域福祉を支える","responds_to","公式予算の会計・款・項・目と事業名から「生活の安心と地域福祉を支える」との構造的な関係が強い候補として整理した。これはみらい議会の探索用整理であり、区の公式な課題分類ではない。","B_strong_structural","{""matched_rule_id"":""livelihood-security-and-community-welfare-official-structure"",""budget_item_key"":""2026_general_expenditure_03_01_01"",""identity_fields"":{""display_program_name"":""保健医療福祉総合プラザ維持運営"",""hierarchy"":[""民生費"",""社会福祉費"",""社会福祉総務費""],""department_display_name"":""保健福祉政策部 保福推進課"",""amount_thousand_yen"":351247},""member_programs"":[{""program_id"":""2026_general_expenditure_03_01_01_06_08_01"",""major_program_name"":""その他の社会福祉事業費（２）"",""budget_program_name"":""保健医療福祉総合プラザ維持運営"",""detail_program_name"":""保健医療福祉総合プラザ維持運営"",""source_file"":""ippansaisyutu.csv"",""source_row_number"":9541}],""same_budget_item_other_program_names"":[""ケアハウス整備促進等事業"",""ケアマネジメントの総合的推進"",""ひきこもり対策"",""ボランティア施設改修"",""ボランティア団体等援助"",""移動困難者の移送システム"",""医療的ケア児（者）支援の充実"",""医療的ケア児の笑顔を支える基金積立金"",""介護人材確保・定着支援事業"",""介護保険事業会計繰出金"",""旧軍人等の援護"",""後期高齢者医療会計繰出金"",""行旅病人及死亡人取扱"",""高齢福祉部運営事業"",""高齢福祉部庶務事務"",""国民健康保険事業会計繰出金"",""災害時ボランティア受入体制整備事業"",""社会福祉協議会運営助成"",""社会福祉事業団運営助成"",""社会福祉法人に対する高齢者施設整備助成"",""社会福祉法人に対する障害者施設整備助成"",""社会福祉法人の認可・指導検査"",""終活支援センター運営事業"",""住宅手当緊急特別措置事業"",""住民税非課税世帯等への価格高騰重点支援給付金支給"",""障害者グループホーム整備助成"",""障害者サービス広報事業"",""障害者差別解消推進"",""障害者施設整備促進等事業"",""障害者福祉施策の計画・調整"",""障害認定審査事務運営"",""障害福祉部庶務事務"",""心身障害者医療費助成"",""世田谷区地域福祉推進事業"",""世田谷保健福祉センター分室維持管理"",""成年後見制度"",""生活安定支援事業"",""生活困窮者自立促進支援事業"",""生活保健事務（烏山）"",""生活保健事務（砧）"",""生活保健事務（玉川）"",""生活保健事務（世田谷）"",""生活保健事務（北沢）"",""専門的人材の確保・養成事業"",""相談員業務（烏山）"",""相談員業務（砧）"",""相談員業務（玉川）"",""相談員業務（世田谷）"",""相談員業務（北沢）"",""地域福祉活動等促進事業"",""地域福祉資源開発事業"",""地域保健福祉審議会の運営"",""地域保健福祉等推進基金積立金"",""地域密着型サービス拠点等整備助成"",""地区高齢者見守りネットワーク事業"",""特定中国残留邦人等支援事業"",""特別区区民葬儀助成事業"",""特別養護老人ホーム等運営支援"",""避難行動要支援者支援の推進"",""福祉資金貸付"",""福祉人材育成・研修センター運営事業"",""保健福祉サービス苦情審査会運営"",""保健福祉サービス質の向上の推進"",""保健福祉運営事務（烏山）"",""保健福祉運営事務（砧）"",""保健福祉運営事務（玉川）"",""保健福祉運営事務（世田谷）"",""保健福祉運営事務（北沢）"",""保健福祉政策部運営事業"",""保健福祉政策部庶務事務"",""民生委員等活動"",""路上生活対策事業"",""老人保健施設整備助成""],""related_revenues"":[{""revenue_detail_id"":""rd_2026_general_revenue_12_01_02_02_63_3595150000"",""revenue_hierarchy"":[""使用料及手数料"",""使用料"",""民生使用料"",""民生施設"",""保健医療福祉総合プラザ""],""amount_attribution_status"":""not_available""},{""revenue_detail_id"":""rd_2026_general_revenue_19_06_09_18_03_3595150000"",""revenue_hierarchy"":[""諸収入"",""雑入"",""雑入"",""施設管理費負担金"",""保健医療福祉総合プラザ維持管理""],""amount_attribution_status"":""not_available""},{""revenue_detail_id"":""rd_2026_general_revenue_19_06_09_54_73_3595150000"",""revenue_hierarchy"":[""諸収入"",""雑入"",""雑入"",""光熱水費等負担金（２）"",""保健医療福祉総合プラザ""],""amount_attribution_status"":""not_available""}]}","high","approve","B_strong_structural・確信度highの一括承認ルールにより承認"
"bpi_8e78b4300e3721219224ec405cc4afb7ac5cddccc085bca5669a671b66611c6b","生活困窮者自立促進支援事業","一般会計","民生費","社会福祉費","社会福祉総務費","保健福祉政策部 生活福祉課","320471","生活の安心と地域福祉を支える","responds_to","公式予算の会計・款・項・目と事業名から「生活の安心と地域福祉を支える」との構造的な関係が強い候補として整理した。これはみらい議会の探索用整理であり、区の公式な課題分類ではない。","B_strong_structural","{""matched_rule_id"":""livelihood-security-and-community-welfare-official-structure"",""budget_item_key"":""2026_general_expenditure_03_01_01"",""identity_fields"":{""display_program_name"":""生活困窮者自立促進支援事業"",""hierarchy"":[""民生費"",""社会福祉費"",""社会福祉総務費""],""department_display_name"":""保健福祉政策部 生活福祉課"",""amount_thousand_yen"":320471},""member_programs"":[{""program_id"":""2026_general_expenditure_03_01_01_03_92_01"",""major_program_name"":""その他の社会福祉事業費"",""budget_program_name"":""生活困窮者自立促進支援事業"",""detail_program_name"":""生活困窮者自立促進支援事業"",""source_file"":""ippansaisyutu.csv"",""source_row_number"":9560}],""same_budget_item_other_program_names"":[""ケアハウス整備促進等事業"",""ケアマネジメントの総合的推進"",""ひきこもり対策"",""ボランティア施設改修"",""ボランティア団体等援助"",""移動困難者の移送システム"",""医療的ケア児（者）支援の充実"",""医療的ケア児の笑顔を支える基金積立金"",""介護人材確保・定着支援事業"",""介護保険事業会計繰出金"",""旧軍人等の援護"",""後期高齢者医療会計繰出金"",""行旅病人及死亡人取扱"",""高齢福祉部運営事業"",""高齢福祉部庶務事務"",""国民健康保険事業会計繰出金"",""災害時ボランティア受入体制整備事業"",""社会福祉協議会運営助成"",""社会福祉事業団運営助成"",""社会福祉法人に対する高齢者施設整備助成"",""社会福祉法人に対する障害者施設整備助成"",""社会福祉法人の認可・指導検査"",""終活支援センター運営事業"",""住宅手当緊急特別措置事業"",""住民税非課税世帯等への価格高騰重点支援給付金支給"",""障害者グループホーム整備助成"",""障害者サービス広報事業"",""障害者差別解消推進"",""障害者施設整備促進等事業"",""障害者福祉施策の計画・調整"",""障害認定審査事務運営"",""障害福祉部庶務事務"",""心身障害者医療費助成"",""世田谷区地域福祉推進事業"",""世田谷保健福祉センター分室維持管理"",""成年後見制度"",""生活安定支援事業"",""生活保健事務（烏山）"",""生活保健事務（砧）"",""生活保健事務（玉川）"",""生活保健事務（世田谷）"",""生活保健事務（北沢）"",""専門的人材の確保・養成事業"",""相談員業務（烏山）"",""相談員業務（砧）"",""相談員業務（玉川）"",""相談員業務（世田谷）"",""相談員業務（北沢）"",""地域福祉活動等促進事業"",""地域福祉資源開発事業"",""地域保健福祉審議会の運営"",""地域保健福祉等推進基金積立金"",""地域密着型サービス拠点等整備助成"",""地区高齢者見守りネットワーク事業"",""特定中国残留邦人等支援事業"",""特別区区民葬儀助成事業"",""特別養護老人ホーム等運営支援"",""避難行動要支援者支援の推進"",""福祉資金貸付"",""福祉人材育成・研修センター運営事業"",""保健医療福祉総合プラザ維持運営"",""保健福祉サービス苦情審査会運営"",""保健福祉サービス質の向上の推進"",""保健福祉運営事務（烏山）"",""保健福祉運営事務（砧）"",""保健福祉運営事務（玉川）"",""保健福祉運営事務（世田谷）"",""保健福祉運営事務（北沢）"",""保健福祉政策部運営事業"",""保健福祉政策部庶務事務"",""民生委員等活動"",""路上生活対策事業"",""老人保健施設整備助成""],""related_revenues"":[{""revenue_detail_id"":""rd_2026_general_revenue_13_01_01_31_02_3595200000"",""revenue_hierarchy"":[""国庫支出金"",""国庫負担金"",""民生費負担金"",""生活困窮者自立相談支援事業費等負担金"",""被保護者就労支援事業費（自立促進）""],""amount_attribution_status"":""not_available""},{""revenue_detail_id"":""rd_2026_general_revenue_13_01_01_45_01_3595200000"",""revenue_hierarchy"":[""国庫支出金"",""国庫負担金"",""民生費負担金"",""重層的支援体制整備事業"",""生活困窮者自立相談支援事業費""],""amount_attribution_status"":""not_available""},{""revenue_detail_id"":""rd_2026_general_revenue_13_02_01_56_06_3595200000"",""revenue_hierarchy"":[""国庫支出金"",""国庫補助金"",""民生費補助金"",""生活困窮者就労準備支援事業費等補助金"",""生活困窮者家計相談支援事業""],""amount_attribution_status"":""not_available""},{""revenue_detail_id"":""rd_2026_general_revenue_13_02_01_56_07_3595200000"",""revenue_hierarchy"":[""国庫支出金"",""国庫補助金"",""民生費補助金"",""生活困窮者就労準備支援事業費等補助金"",""生活困窮世帯の子どもに対する学習支援事業""],""amount_attribution_status"":""not_available""},{""revenue_detail_id"":""rd_2026_general_revenue_13_02_01_56_09_3595200000"",""revenue_hierarchy"":[""国庫支出金"",""国庫補助金"",""民生費補助金"",""生活困窮者就労準備支援事業費等補助金"",""生活困窮者就労準備支援事業""],""amount_attribution_status"":""not_available""},{""revenue_detail_id"":""rd_2026_general_revenue_13_02_01_56_11_3595200000"",""revenue_hierarchy"":[""国庫支出金"",""国庫補助金"",""民生費補助金"",""生活困窮者就労準備支援事業費等補助金"",""被保護者就労準備支援等事業（自立促進）""],""amount_attribution_status"":""not_available""},{""revenue_detail_id"":""rd_2026_general_revenue_13_02_01_56_34_3595200000"",""revenue_hierarchy"":[""国庫支出金"",""国庫補助金"",""民生費補助金"",""生活困窮者就労準備支援事業費等補助金"",""地域居住支援事業""],""amount_attribution_status"":""not_available""},{""revenue_detail_id"":""rd_2026_general_revenue_13_02_01_78_14_3595200000"",""revenue_hierarchy"":[""国庫支出金"",""国庫補助金"",""民生費補助金"",""重層的支援体制整備事業"",""生活困窮者就労準備支援事業""],""amount_attribution_status"":""not_available""}]}","high","approve","B_strong_structural・確信度highの一括承認ルールにより承認"
"bpi_dd2e219578a48dc2b911320bb3888286f25d642e91c7b505b6ce7ed5054a63c1","介護人材確保・定着支援事業","一般会計","民生費","社会福祉費","社会福祉総務費","高齢福祉部 高齢福祉課","318221","生活の安心と地域福祉を支える","responds_to","公式予算の会計・款・項・目と事業名から「生活の安心と地域福祉を支える」との構造的な関係が強い候補として整理した。これはみらい議会の探索用整理であり、区の公式な課題分類ではない。","B_strong_structural","{""matched_rule_id"":""livelihood-security-and-community-welfare-official-structure"",""budget_item_key"":""2026_general_expenditure_03_01_01"",""identity_fields"":{""display_program_name"":""介護人材確保・定着支援事業"",""hierarchy"":[""民生費"",""社会福祉費"",""社会福祉総務費""],""department_display_name"":""高齢福祉部 高齢福祉課"",""amount_thousand_yen"":318221},""member_programs"":[{""program_id"":""2026_general_expenditure_03_01_01_06_03_01"",""major_program_name"":""その他の社会福祉事業費（２）"",""budget_program_name"":""介護人材確保・定着支援事業"",""detail_program_name"":""介護人材確保・定着支援事業"",""source_file"":""ippansaisyutu.csv"",""source_row_number"":9623}],""same_budget_item_other_program_names"":[""ケアハウス整備促進等事業"",""ケアマネジメントの総合的推進"",""ひきこもり対策"",""ボランティア施設改修"",""ボランティア団体等援助"",""移動困難者の移送システム"",""医療的ケア児（者）支援の充実"",""医療的ケア児の笑顔を支える基金積立金"",""介護保険事業会計繰出金"",""旧軍人等の援護"",""後期高齢者医療会計繰出金"",""行旅病人及死亡人取扱"",""高齢福祉部運営事業"",""高齢福祉部庶務事務"",""国民健康保険事業会計繰出金"",""災害時ボランティア受入体制整備事業"",""社会福祉協議会運営助成"",""社会福祉事業団運営助成"",""社会福祉法人に対する高齢者施設整備助成"",""社会福祉法人に対する障害者施設整備助成"",""社会福祉法人の認可・指導検査"",""終活支援センター運営事業"",""住宅手当緊急特別措置事業"",""住民税非課税世帯等への価格高騰重点支援給付金支給"",""障害者グループホーム整備助成"",""障害者サービス広報事業"",""障害者差別解消推進"",""障害者施設整備促進等事業"",""障害者福祉施策の計画・調整"",""障害認定審査事務運営"",""障害福祉部庶務事務"",""心身障害者医療費助成"",""世田谷区地域福祉推進事業"",""世田谷保健福祉センター分室維持管理"",""成年後見制度"",""生活安定支援事業"",""生活困窮者自立促進支援事業"",""生活保健事務（烏山）"",""生活保健事務（砧）"",""生活保健事務（玉川）"",""生活保健事務（世田谷）"",""生活保健事務（北沢）"",""専門的人材の確保・養成事業"",""相談員業務（烏山）"",""相談員業務（砧）"",""相談員業務（玉川）"",""相談員業務（世田谷）"",""相談員業務（北沢）"",""地域福祉活動等促進事業"",""地域福祉資源開発事業"",""地域保健福祉審議会の運営"",""地域保健福祉等推進基金積立金"",""地域密着型サービス拠点等整備助成"",""地区高齢者見守りネットワーク事業"",""特定中国残留邦人等支援事業"",""特別区区民葬儀助成事業"",""特別養護老人ホーム等運営支援"",""避難行動要支援者支援の推進"",""福祉資金貸付"",""福祉人材育成・研修センター運営事業"",""保健医療福祉総合プラザ維持運営"",""保健福祉サービス苦情審査会運営"",""保健福祉サービス質の向上の推進"",""保健福祉運営事務（烏山）"",""保健福祉運営事務（砧）"",""保健福祉運営事務（玉川）"",""保健福祉運営事務（世田谷）"",""保健福祉運営事務（北沢）"",""保健福祉政策部運営事業"",""保健福祉政策部庶務事務"",""民生委員等活動"",""路上生活対策事業"",""老人保健施設整備助成""],""related_revenues"":[{""revenue_detail_id"":""rd_2026_general_revenue_13_02_01_56_29_3645100000"",""revenue_hierarchy"":[""国庫支出金"",""国庫補助金"",""民生費補助金"",""生活困窮者就労準備支援事業費等補助金"",""スポットワーク支援助成事業""],""amount_attribution_status"":""not_available""},{""revenue_detail_id"":""rd_2026_general_revenue_14_02_02_42_60_3645100000"",""revenue_hierarchy"":[""都支出金"",""都補助金"",""民生費補助金"",""高齢者施策推進区市町村包括補助事業"",""介護職員等宿舎借り上げ支援事業""],""amount_attribution_status"":""not_available""},{""revenue_detail_id"":""rd_2026_general_revenue_14_02_02_42_62_3645100000"",""revenue_hierarchy"":[""都支出金"",""都補助金"",""民生費補助金"",""高齢者施策推進区市町村包括補助事業"",""介護従事者等永年勤続表彰""],""amount_attribution_status"":""not_available""},{""revenue_detail_id"":""rd_2026_general_revenue_14_02_02_42_64_3645100000"",""revenue_hierarchy"":[""都支出金"",""都補助金"",""民生費補助金"",""高齢者施策推進区市町村包括補助事業"",""主任介護支援専門員活用事業""],""amount_attribution_status"":""not_available""},{""revenue_detail_id"":""rd_2026_general_revenue_14_02_02_99_02_3645100000"",""revenue_hierarchy"":[""都支出金"",""都補助金"",""民生費補助金"",""地域医療介護総合確保基金"",""介護人材確保・定着支援事業""],""amount_attribution_status"":""not_available""},{""revenue_detail_id"":""rd_2026_general_revenue_17_01_16_19_01_3645100000"",""revenue_hierarchy"":[""繰入金"",""基金繰入金"",""地域保健福祉等推進基金繰入金"",""介護人材確保支援事業"",""介護人材確保支援事業""],""amount_attribution_status"":""not_available""}]}","high","approve","B_strong_structural・確信度highの一括承認ルールにより承認"
"bpi_1546b5e022f658a1703fa7d4f1a61b8b04f656ab848a47907ad5c4de84aa9cc0","特別養護老人ホーム等運営支援","一般会計","民生費","社会福祉費","社会福祉総務費","高齢福祉部 高齢福祉課","315439","生活の安心と地域福祉を支える","responds_to","公式予算の会計・款・項・目と事業名から「生活の安心と地域福祉を支える」との構造的な関係が強い候補として整理した。これはみらい議会の探索用整理であり、区の公式な課題分類ではない。","B_strong_structural","{""matched_rule_id"":""livelihood-security-and-community-welfare-official-structure"",""budget_item_key"":""2026_general_expenditure_03_01_01"",""identity_fields"":{""display_program_name"":""特別養護老人ホーム等運営支援"",""hierarchy"":[""民生費"",""社会福祉費"",""社会福祉総務費""],""department_display_name"":""高齢福祉部 高齢福祉課"",""amount_thousand_yen"":315439},""member_programs"":[{""program_id"":""2026_general_expenditure_03_01_01_06_18_01"",""major_program_name"":""その他の社会福祉事業費（２）"",""budget_program_name"":""特別養護老人ホーム等運営支援"",""detail_program_name"":""特別養護老人ホーム等運営支援"",""source_file"":""ippansaisyutu.csv"",""source_row_number"":9624}],""same_budget_item_other_program_names"":[""ケアハウス整備促進等事業"",""ケアマネジメントの総合的推進"",""ひきこもり対策"",""ボランティア施設改修"",""ボランティア団体等援助"",""移動困難者の移送システム"",""医療的ケア児（者）支援の充実"",""医療的ケア児の笑顔を支える基金積立金"",""介護人材確保・定着支援事業"",""介護保険事業会計繰出金"",""旧軍人等の援護"",""後期高齢者医療会計繰出金"",""行旅病人及死亡人取扱"",""高齢福祉部運営事業"",""高齢福祉部庶務事務"",""国民健康保険事業会計繰出金"",""災害時ボランティア受入体制整備事業"",""社会福祉協議会運営助成"",""社会福祉事業団運営助成"",""社会福祉法人に対する高齢者施設整備助成"",""社会福祉法人に対する障害者施設整備助成"",""社会福祉法人の認可・指導検査"",""終活支援センター運営事業"",""住宅手当緊急特別措置事業"",""住民税非課税世帯等への価格高騰重点支援給付金支給"",""障害者グループホーム整備助成"",""障害者サービス広報事業"",""障害者差別解消推進"",""障害者施設整備促進等事業"",""障害者福祉施策の計画・調整"",""障害認定審査事務運営"",""障害福祉部庶務事務"",""心身障害者医療費助成"",""世田谷区地域福祉推進事業"",""世田谷保健福祉センター分室維持管理"",""成年後見制度"",""生活安定支援事業"",""生活困窮者自立促進支援事業"",""生活保健事務（烏山）"",""生活保健事務（砧）"",""生活保健事務（玉川）"",""生活保健事務（世田谷）"",""生活保健事務（北沢）"",""専門的人材の確保・養成事業"",""相談員業務（烏山）"",""相談員業務（砧）"",""相談員業務（玉川）"",""相談員業務（世田谷）"",""相談員業務（北沢）"",""地域福祉活動等促進事業"",""地域福祉資源開発事業"",""地域保健福祉審議会の運営"",""地域保健福祉等推進基金積立金"",""地域密着型サービス拠点等整備助成"",""地区高齢者見守りネットワーク事業"",""特定中国残留邦人等支援事業"",""特別区区民葬儀助成事業"",""避難行動要支援者支援の推進"",""福祉資金貸付"",""福祉人材育成・研修センター運営事業"",""保健医療福祉総合プラザ維持運営"",""保健福祉サービス苦情審査会運営"",""保健福祉サービス質の向上の推進"",""保健福祉運営事務（烏山）"",""保健福祉運営事務（砧）"",""保健福祉運営事務（玉川）"",""保健福祉運営事務（世田谷）"",""保健福祉運営事務（北沢）"",""保健福祉政策部運営事業"",""保健福祉政策部庶務事務"",""民生委員等活動"",""路上生活対策事業"",""老人保健施設整備助成""],""related_revenues"":[{""revenue_detail_id"":""rd_2026_general_revenue_14_02_02_42_65_3645100000"",""revenue_hierarchy"":[""都支出金"",""都補助金"",""民生費補助金"",""高齢者施策推進区市町村包括補助事業"",""「世田谷区特別養護老人ホーム入所指針」に基づく実態調査""],""amount_attribution_status"":""not_available""}]}","high","approve","B_strong_structural・確信度highの一括承認ルールにより承認"
"bpi_62717f81d312e852c8baec4fd5cffa73054a97dc214e440199a8ae0908c28e00","地域福祉資源開発事業","一般会計","民生費","社会福祉費","社会福祉総務費","保健福祉政策部 生活福祉課","298236","生活の安心と地域福祉を支える","responds_to","公式予算の会計・款・項・目と事業名から「生活の安心と地域福祉を支える」との構造的な関係が強い候補として整理した。これはみらい議会の探索用整理であり、区の公式な課題分類ではない。","B_strong_structural","{""matched_rule_id"":""livelihood-security-and-community-welfare-official-structure"",""budget_item_key"":""2026_general_expenditure_03_01_01"",""identity_fields"":{""display_program_name"":""地域福祉資源開発事業"",""hierarchy"":[""民生費"",""社会福祉費"",""社会福祉総務費""],""department_display_name"":""保健福祉政策部 生活福祉課"",""amount_thousand_yen"":298236},""member_programs"":[{""program_id"":""2026_general_expenditure_03_01_01_03_94_01"",""major_program_name"":""その他の社会福祉事業費"",""budget_program_name"":""地域福祉資源開発事業"",""detail_program_name"":""地域福祉資源開発事業"",""source_file"":""ippansaisyutu.csv"",""source_row_number"":9561}],""same_budget_item_other_program_names"":[""ケアハウス整備促進等事業"",""ケアマネジメントの総合的推進"",""ひきこもり対策"",""ボランティア施設改修"",""ボランティア団体等援助"",""移動困難者の移送システム"",""医療的ケア児（者）支援の充実"",""医療的ケア児の笑顔を支える基金積立金"",""介護人材確保・定着支援事業"",""介護保険事業会計繰出金"",""旧軍人等の援護"",""後期高齢者医療会計繰出金"",""行旅病人及死亡人取扱"",""高齢福祉部運営事業"",""高齢福祉部庶務事務"",""国民健康保険事業会計繰出金"",""災害時ボランティア受入体制整備事業"",""社会福祉協議会運営助成"",""社会福祉事業団運営助成"",""社会福祉法人に対する高齢者施設整備助成"",""社会福祉法人に対する障害者施設整備助成"",""社会福祉法人の認可・指導検査"",""終活支援センター運営事業"",""住宅手当緊急特別措置事業"",""住民税非課税世帯等への価格高騰重点支援給付金支給"",""障害者グループホーム整備助成"",""障害者サービス広報事業"",""障害者差別解消推進"",""障害者施設整備促進等事業"",""障害者福祉施策の計画・調整"",""障害認定審査事務運営"",""障害福祉部庶務事務"",""心身障害者医療費助成"",""世田谷区地域福祉推進事業"",""世田谷保健福祉センター分室維持管理"",""成年後見制度"",""生活安定支援事業"",""生活困窮者自立促進支援事業"",""生活保健事務（烏山）"",""生活保健事務（砧）"",""生活保健事務（玉川）"",""生活保健事務（世田谷）"",""生活保健事務（北沢）"",""専門的人材の確保・養成事業"",""相談員業務（烏山）"",""相談員業務（砧）"",""相談員業務（玉川）"",""相談員業務（世田谷）"",""相談員業務（北沢）"",""地域福祉活動等促進事業"",""地域保健福祉審議会の運営"",""地域保健福祉等推進基金積立金"",""地域密着型サービス拠点等整備助成"",""地区高齢者見守りネットワーク事業"",""特定中国残留邦人等支援事業"",""特別区区民葬儀助成事業"",""特別養護老人ホーム等運営支援"",""避難行動要支援者支援の推進"",""福祉資金貸付"",""福祉人材育成・研修センター運営事業"",""保健医療福祉総合プラザ維持運営"",""保健福祉サービス苦情審査会運営"",""保健福祉サービス質の向上の推進"",""保健福祉運営事務（烏山）"",""保健福祉運営事務（砧）"",""保健福祉運営事務（玉川）"",""保健福祉運営事務（世田谷）"",""保健福祉運営事務（北沢）"",""保健福祉政策部運営事業"",""保健福祉政策部庶務事務"",""民生委員等活動"",""路上生活対策事業"",""老人保健施設整備助成""],""related_revenues"":[{""revenue_detail_id"":""rd_2026_general_revenue_13_02_01_78_29_3595200000"",""revenue_hierarchy"":[""国庫支出金"",""国庫補助金"",""民生費補助金"",""重層的支援体制整備事業"",""多機関協働事業""],""amount_attribution_status"":""not_available""},{""revenue_detail_id"":""rd_2026_general_revenue_14_02_08_16_24_3595200000"",""revenue_hierarchy"":[""都支出金"",""都補助金"",""民生費補助金（２）"",""重層的支援体制整備事業"",""多機関協働事業""],""amount_attribution_status"":""not_available""}]}","high","approve","B_strong_structural・確信度highの一括承認ルールにより承認"
"bpi_4ad8bd8a05fbb52656a39ca428a447579bc051d541961f53025256c569e25bc0","生活保護法施行事務","一般会計","民生費","生活保護費","生活保護総務費","保健福祉政策部 生活福祉課","206157","生活の安心と地域福祉を支える","responds_to","公式予算の会計・款・項・目と事業名から「生活の安心と地域福祉を支える」との構造的な関係が強い候補として整理した。これはみらい議会の探索用整理であり、区の公式な課題分類ではない。","B_strong_structural","{""matched_rule_id"":""livelihood-security-and-community-welfare-official-structure"",""budget_item_key"":""2026_general_expenditure_03_03_01"",""identity_fields"":{""display_program_name"":""生活保護法施行事務"",""hierarchy"":[""民生費"",""生活保護費"",""生活保護総務費""],""department_display_name"":""保健福祉政策部 生活福祉課"",""amount_thousand_yen"":206157},""member_programs"":[{""program_id"":""2026_general_expenditure_03_03_01_01_01_01"",""major_program_name"":""生活保護法施行事務費"",""budget_program_name"":""生活保護法施行事務"",""detail_program_name"":""生活保護法施行事務"",""source_file"":""ippansaisyutu.csv"",""source_row_number"":9567}],""same_budget_item_other_program_names"":[],""related_revenues"":[{""revenue_detail_id"":""rd_2026_general_revenue_13_01_01_31_01_3595200000"",""revenue_hierarchy"":[""国庫支出金"",""国庫負担金"",""民生費負担金"",""生活困窮者自立相談支援事業費等負担金"",""被保護者就労支援事業費（生保事務）""],""amount_attribution_status"":""not_available""},{""revenue_detail_id"":""rd_2026_general_revenue_13_01_01_31_09_3595200000"",""revenue_hierarchy"":[""国庫支出金"",""国庫負担金"",""民生費負担金"",""生活困窮者自立相談支援事業費等負担金"",""被保護者健康管理支援事業費""],""amount_attribution_status"":""not_available""},{""revenue_detail_id"":""rd_2026_general_revenue_13_02_01_56_02_3595200000"",""revenue_hierarchy"":[""国庫支出金"",""国庫補助金"",""民生費補助金"",""生活困窮者就労準備支援事業費等補助金"",""生活保護適正実施推進事業""],""amount_attribution_status"":""not_available""},{""revenue_detail_id"":""rd_2026_general_revenue_13_02_01_56_12_3595200000"",""revenue_hierarchy"":[""国庫支出金"",""国庫補助金"",""民生費補助金"",""生活困窮者就労準備支援事業費等補助金"",""被保護者就労準備支援等事業（生保事務）""],""amount_attribution_status"":""not_available""}]}","high","approve","B_strong_structural・確信度highの一括承認ルールにより承認"
"bpi_58995cec2dd99a6ad5fb4331cc06bf33677954681bdf66df79c30f911d65a868","ひきこもり対策","一般会計","民生費","社会福祉費","社会福祉総務費","保健福祉政策部 生活福祉課","184581","生活の安心と地域福祉を支える","responds_to","公式予算の会計・款・項・目と事業名から「生活の安心と地域福祉を支える」との構造的な関係が強い候補として整理した。これはみらい議会の探索用整理であり、区の公式な課題分類ではない。","B_strong_structural","{""matched_rule_id"":""livelihood-security-and-community-welfare-official-structure"",""budget_item_key"":""2026_general_expenditure_03_01_01"",""identity_fields"":{""display_program_name"":""ひきこもり対策"",""hierarchy"":[""民生費"",""社会福祉費"",""社会福祉総務費""],""department_display_name"":""保健福祉政策部 生活福祉課"",""amount_thousand_yen"":184581},""member_programs"":[{""program_id"":""2026_general_expenditure_03_01_01_06_21_01"",""major_program_name"":""その他の社会福祉事業費（２）"",""budget_program_name"":""ひきこもり対策"",""detail_program_name"":""ひきこもり対策"",""source_file"":""ippansaisyutu.csv"",""source_row_number"":9563}],""same_budget_item_other_program_names"":[""ケアハウス整備促進等事業"",""ケアマネジメントの総合的推進"",""ボランティア施設改修"",""ボランティア団体等援助"",""移動困難者の移送システム"",""医療的ケア児（者）支援の充実"",""医療的ケア児の笑顔を支える基金積立金"",""介護人材確保・定着支援事業"",""介護保険事業会計繰出金"",""旧軍人等の援護"",""後期高齢者医療会計繰出金"",""行旅病人及死亡人取扱"",""高齢福祉部運営事業"",""高齢福祉部庶務事務"",""国民健康保険事業会計繰出金"",""災害時ボランティア受入体制整備事業"",""社会福祉協議会運営助成"",""社会福祉事業団運営助成"",""社会福祉法人に対する高齢者施設整備助成"",""社会福祉法人に対する障害者施設整備助成"",""社会福祉法人の認可・指導検査"",""終活支援センター運営事業"",""住宅手当緊急特別措置事業"",""住民税非課税世帯等への価格高騰重点支援給付金支給"",""障害者グループホーム整備助成"",""障害者サービス広報事業"",""障害者差別解消推進"",""障害者施設整備促進等事業"",""障害者福祉施策の計画・調整"",""障害認定審査事務運営"",""障害福祉部庶務事務"",""心身障害者医療費助成"",""世田谷区地域福祉推進事業"",""世田谷保健福祉センター分室維持管理"",""成年後見制度"",""生活安定支援事業"",""生活困窮者自立促進支援事業"",""生活保健事務（烏山）"",""生活保健事務（砧）"",""生活保健事務（玉川）"",""生活保健事務（世田谷）"",""生活保健事務（北沢）"",""専門的人材の確保・養成事業"",""相談員業務（烏山）"",""相談員業務（砧）"",""相談員業務（玉川）"",""相談員業務（世田谷）"",""相談員業務（北沢）"",""地域福祉活動等促進事業"",""地域福祉資源開発事業"",""地域保健福祉審議会の運営"",""地域保健福祉等推進基金積立金"",""地域密着型サービス拠点等整備助成"",""地区高齢者見守りネットワーク事業"",""特定中国残留邦人等支援事業"",""特別区区民葬儀助成事業"",""特別養護老人ホーム等運営支援"",""避難行動要支援者支援の推進"",""福祉資金貸付"",""福祉人材育成・研修センター運営事業"",""保健医療福祉総合プラザ維持運営"",""保健福祉サービス苦情審査会運営"",""保健福祉サービス質の向上の推進"",""保健福祉運営事務（烏山）"",""保健福祉運営事務（砧）"",""保健福祉運営事務（玉川）"",""保健福祉運営事務（世田谷）"",""保健福祉運営事務（北沢）"",""保健福祉政策部運営事業"",""保健福祉政策部庶務事務"",""民生委員等活動"",""路上生活対策事業"",""老人保健施設整備助成""],""related_revenues"":[{""revenue_detail_id"":""rd_2026_general_revenue_13_01_01_45_04_3595200000"",""revenue_hierarchy"":[""国庫支出金"",""国庫負担金"",""民生費負担金"",""重層的支援体制整備事業"",""生活困窮者自立相談支援事業費""],""amount_attribution_status"":""not_available""},{""revenue_detail_id"":""rd_2026_general_revenue_13_02_01_56_23_3595200000"",""revenue_hierarchy"":[""国庫支出金"",""国庫補助金"",""民生費補助金"",""生活困窮者就労準備支援事業費等補助金"",""生活困窮者家計相談支援事業""],""amount_attribution_status"":""not_available""},{""revenue_detail_id"":""rd_2026_general_revenue_13_02_01_56_24_3595200000"",""revenue_hierarchy"":[""国庫支出金"",""国庫補助金"",""民生費補助金"",""生活困窮者就労準備支援事業費等補助金"",""生活困窮者就労準備支援事業""],""amount_attribution_status"":""not_available""},{""revenue_detail_id"":""rd_2026_general_revenue_13_02_01_56_25_3595200000"",""revenue_hierarchy"":[""国庫支出金"",""国庫補助金"",""民生費補助金"",""生活困窮者就労準備支援事業費等補助金"",""被保護者就労準備支援等事業（自立促進）""],""amount_attribution_status"":""not_available""},{""revenue_detail_id"":""rd_2026_general_revenue_13_02_01_56_28_3595200000"",""revenue_hierarchy"":[""国庫支出金"",""国庫補助金"",""民生費補助金"",""生活困窮者就労準備支援事業費等補助金"",""ひきこもり地域支援センター事業""],""amount_attribution_status"":""not_available""},{""revenue_detail_id"":""rd_2026_general_revenue_13_02_01_78_26_3595200000"",""revenue_hierarchy"":[""国庫支出金"",""国庫補助金"",""民生費補助金"",""重層的支援体制整備事業"",""生活困窮者就労準備支援事業""],""amount_attribution_status"":""not_available""},{""revenue_detail_id"":""rd_2026_general_revenue_14_02_02_59_69_3595200000"",""revenue_hierarchy"":[""都支出金"",""都補助金"",""民生費補助金"",""子ども家庭支援区市町村包括補助事業"",""若者総合支援事業""],""amount_attribution_status"":""not_available""},{""revenue_detail_id"":""rd_2026_general_revenue_17_01_16_26_01_3595200000"",""revenue_hierarchy"":[""繰入金"",""基金繰入金"",""地域保健福祉等推進基金繰入金"",""ひきこもり対策"",""ひきこもり等の居場所事業""],""amount_attribution_status"":""not_available""},{""revenue_detail_id"":""rd_2026_general_revenue_17_01_16_26_02_3595200000"",""revenue_hierarchy"":[""繰入金"",""基金繰入金"",""地域保健福祉等推進基金繰入金"",""ひきこもり対策"",""ひきこもり等当事者及び家族による交流支援事業""],""amount_attribution_status"":""not_available""}]}","high","approve","B_strong_structural・確信度highの一括承認ルールにより承認"
"bpi_b94acf74559d3eaf6ff1635ce5c4d363ea8c0aad316945afcdb4ddb4baa53c47","地域密着型サービス拠点等整備助成","一般会計","民生費","社会福祉費","社会福祉総務費","高齢福祉部 高齢福祉課","181597","生活の安心と地域福祉を支える","responds_to","公式予算の会計・款・項・目と事業名から「生活の安心と地域福祉を支える」との構造的な関係が強い候補として整理した。これはみらい議会の探索用整理であり、区の公式な課題分類ではない。","B_strong_structural","{""matched_rule_id"":""livelihood-security-and-community-welfare-official-structure"",""budget_item_key"":""2026_general_expenditure_03_01_01"",""identity_fields"":{""display_program_name"":""地域密着型サービス拠点等整備助成"",""hierarchy"":[""民生費"",""社会福祉費"",""社会福祉総務費""],""department_display_name"":""高齢福祉部 高齢福祉課"",""amount_thousand_yen"":181597},""member_programs"":[{""program_id"":""2026_general_expenditure_03_01_01_03_40_01"",""major_program_name"":""その他の社会福祉事業費"",""budget_program_name"":""地域密着型サービス拠点等整備助成"",""detail_program_name"":""地域密着型サービス拠点等整備助成"",""source_file"":""ippansaisyutu.csv"",""source_row_number"":9618}],""same_budget_item_other_program_names"":[""ケアハウス整備促進等事業"",""ケアマネジメントの総合的推進"",""ひきこもり対策"",""ボランティア施設改修"",""ボランティア団体等援助"",""移動困難者の移送システム"",""医療的ケア児（者）支援の充実"",""医療的ケア児の笑顔を支える基金積立金"",""介護人材確保・定着支援事業"",""介護保険事業会計繰出金"",""旧軍人等の援護"",""後期高齢者医療会計繰出金"",""行旅病人及死亡人取扱"",""高齢福祉部運営事業"",""高齢福祉部庶務事務"",""国民健康保険事業会計繰出金"",""災害時ボランティア受入体制整備事業"",""社会福祉協議会運営助成"",""社会福祉事業団運営助成"",""社会福祉法人に対する高齢者施設整備助成"",""社会福祉法人に対する障害者施設整備助成"",""社会福祉法人の認可・指導検査"",""終活支援センター運営事業"",""住宅手当緊急特別措置事業"",""住民税非課税世帯等への価格高騰重点支援給付金支給"",""障害者グループホーム整備助成"",""障害者サービス広報事業"",""障害者差別解消推進"",""障害者施設整備促進等事業"",""障害者福祉施策の計画・調整"",""障害認定審査事務運営"",""障害福祉部庶務事務"",""心身障害者医療費助成"",""世田谷区地域福祉推進事業"",""世田谷保健福祉センター分室維持管理"",""成年後見制度"",""生活安定支援事業"",""生活困窮者自立促進支援事業"",""生活保健事務（烏山）"",""生活保健事務（砧）"",""生活保健事務（玉川）"",""生活保健事務（世田谷）"",""生活保健事務（北沢）"",""専門的人材の確保・養成事業"",""相談員業務（烏山）"",""相談員業務（砧）"",""相談員業務（玉川）"",""相談員業務（世田谷）"",""相談員業務（北沢）"",""地域福祉活動等促進事業"",""地域福祉資源開発事業"",""地域保健福祉審議会の運営"",""地域保健福祉等推進基金積立金"",""地区高齢者見守りネットワーク事業"",""特定中国残留邦人等支援事業"",""特別区区民葬儀助成事業"",""特別養護老人ホーム等運営支援"",""避難行動要支援者支援の推進"",""福祉資金貸付"",""福祉人材育成・研修センター運営事業"",""保健医療福祉総合プラザ維持運営"",""保健福祉サービス苦情審査会運営"",""保健福祉サービス質の向上の推進"",""保健福祉運営事務（烏山）"",""保健福祉運営事務（砧）"",""保健福祉運営事務（玉川）"",""保健福祉運営事務（世田谷）"",""保健福祉運営事務（北沢）"",""保健福祉政策部運営事業"",""保健福祉政策部庶務事務"",""民生委員等活動"",""路上生活対策事業"",""老人保健施設整備助成""],""related_revenues"":[{""revenue_detail_id"":""rd_2026_general_revenue_13_02_01_28_02_3645100000"",""revenue_hierarchy"":[""国庫支出金"",""国庫補助金"",""民生費補助金"",""地域介護・福祉空間整備等交付金"",""地域密着型サービスの拠点整備""],""amount_attribution_status"":""not_available""},{""revenue_detail_id"":""rd_2026_general_revenue_14_02_02_01_44_3645100000"",""revenue_hierarchy"":[""都支出金"",""都補助金"",""民生費補助金"",""老人福祉諸費"",""認知症高齢者グループホーム""],""amount_attribution_status"":""not_available""},{""revenue_detail_id"":""rd_2026_general_revenue_14_02_02_01_92_3645100000"",""revenue_hierarchy"":[""都支出金"",""都補助金"",""民生費補助金"",""老人福祉諸費"",""小規模多機能型居宅介護""],""amount_attribution_status"":""not_available""},{""revenue_detail_id"":""rd_2026_general_revenue_14_02_02_01_97_3645100000"",""revenue_hierarchy"":[""都支出金"",""都補助金"",""民生費補助金"",""老人福祉諸費"",""看護小規模多機能型居宅介護""],""amount_attribution_status"":""not_available""},{""revenue_detail_id"":""rd_2026_general_revenue_14_02_02_64_01_3645100000"",""revenue_hierarchy"":[""都支出金"",""都補助金"",""民生費補助金"",""施設開設準備経費助成特別対策事業"",""地域密着型サービスの拠点整備""],""amount_attribution_status"":""not_available""},{""revenue_detail_id"":""rd_2026_general_revenue_14_02_02_99_01_3645100000"",""revenue_hierarchy"":[""都支出金"",""都補助金"",""民生費補助金"",""地域医療介護総合確保基金"",""地域密着型サービス拠点の整備""],""amount_attribution_status"":""not_available""}]}","high","approve","B_strong_structural・確信度highの一括承認ルールにより承認"
"bpi_8aee65b6e0d36bf40134cf533e0c9b0d6e1629226dd580fc79976b60071540b5","ボランティア団体等援助","一般会計","民生費","社会福祉費","社会福祉総務費","保健福祉政策部 生活福祉課","131466","生活の安心と地域福祉を支える","responds_to","公式予算の会計・款・項・目と事業名から「生活の安心と地域福祉を支える」との構造的な関係が強い候補として整理した。これはみらい議会の探索用整理であり、区の公式な課題分類ではない。","B_strong_structural","{""matched_rule_id"":""livelihood-security-and-community-welfare-official-structure"",""budget_item_key"":""2026_general_expenditure_03_01_01"",""identity_fields"":{""display_program_name"":""ボランティア団体等援助"",""hierarchy"":[""民生費"",""社会福祉費"",""社会福祉総務費""],""department_display_name"":""保健福祉政策部 生活福祉課"",""amount_thousand_yen"":131466},""member_programs"":[{""program_id"":""2026_general_expenditure_03_01_01_03_12_01"",""major_program_name"":""その他の社会福祉事業費"",""budget_program_name"":""ボランティア団体等援助"",""detail_program_name"":""ボランティア団体等援助"",""source_file"":""ippansaisyutu.csv"",""source_row_number"":9553}],""same_budget_item_other_program_names"":[""ケアハウス整備促進等事業"",""ケアマネジメントの総合的推進"",""ひきこもり対策"",""ボランティア施設改修"",""移動困難者の移送システム"",""医療的ケア児（者）支援の充実"",""医療的ケア児の笑顔を支える基金積立金"",""介護人材確保・定着支援事業"",""介護保険事業会計繰出金"",""旧軍人等の援護"",""後期高齢者医療会計繰出金"",""行旅病人及死亡人取扱"",""高齢福祉部運営事業"",""高齢福祉部庶務事務"",""国民健康保険事業会計繰出金"",""災害時ボランティア受入体制整備事業"",""社会福祉協議会運営助成"",""社会福祉事業団運営助成"",""社会福祉法人に対する高齢者施設整備助成"",""社会福祉法人に対する障害者施設整備助成"",""社会福祉法人の認可・指導検査"",""終活支援センター運営事業"",""住宅手当緊急特別措置事業"",""住民税非課税世帯等への価格高騰重点支援給付金支給"",""障害者グループホーム整備助成"",""障害者サービス広報事業"",""障害者差別解消推進"",""障害者施設整備促進等事業"",""障害者福祉施策の計画・調整"",""障害認定審査事務運営"",""障害福祉部庶務事務"",""心身障害者医療費助成"",""世田谷区地域福祉推進事業"",""世田谷保健福祉センター分室維持管理"",""成年後見制度"",""生活安定支援事業"",""生活困窮者自立促進支援事業"",""生活保健事務（烏山）"",""生活保健事務（砧）"",""生活保健事務（玉川）"",""生活保健事務（世田谷）"",""生活保健事務（北沢）"",""専門的人材の確保・養成事業"",""相談員業務（烏山）"",""相談員業務（砧）"",""相談員業務（玉川）"",""相談員業務（世田谷）"",""相談員業務（北沢）"",""地域福祉活動等促進事業"",""地域福祉資源開発事業"",""地域保健福祉審議会の運営"",""地域保健福祉等推進基金積立金"",""地域密着型サービス拠点等整備助成"",""地区高齢者見守りネットワーク事業"",""特定中国残留邦人等支援事業"",""特別区区民葬儀助成事業"",""特別養護老人ホーム等運営支援"",""避難行動要支援者支援の推進"",""福祉資金貸付"",""福祉人材育成・研修センター運営事業"",""保健医療福祉総合プラザ維持運営"",""保健福祉サービス苦情審査会運営"",""保健福祉サービス質の向上の推進"",""保健福祉運営事務（烏山）"",""保健福祉運営事務（砧）"",""保健福祉運営事務（玉川）"",""保健福祉運営事務（世田谷）"",""保健福祉運営事務（北沢）"",""保健福祉政策部運営事業"",""保健福祉政策部庶務事務"",""民生委員等活動"",""路上生活対策事業"",""老人保健施設整備助成""],""related_revenues"":[]}","high","approve","B_strong_structural・確信度highの一括承認ルールにより承認"
"bpi_0ebada9cbe60a0d39534020f0cd38f66c40bdd997c8903a63b528d0776831969","成年後見制度","一般会計","民生費","社会福祉費","社会福祉総務費","保健福祉政策部 生活福祉課","129999","生活の安心と地域福祉を支える","responds_to","公式予算の会計・款・項・目と事業名から「生活の安心と地域福祉を支える」との構造的な関係が強い候補として整理した。これはみらい議会の探索用整理であり、区の公式な課題分類ではない。","B_strong_structural","{""matched_rule_id"":""livelihood-security-and-community-welfare-official-structure"",""budget_item_key"":""2026_general_expenditure_03_01_01"",""identity_fields"":{""display_program_name"":""成年後見制度"",""hierarchy"":[""民生費"",""社会福祉費"",""社会福祉総務費""],""department_display_name"":""保健福祉政策部 生活福祉課"",""amount_thousand_yen"":129999},""member_programs"":[{""program_id"":""2026_general_expenditure_03_01_01_03_21_01"",""major_program_name"":""その他の社会福祉事業費"",""budget_program_name"":""成年後見制度"",""detail_program_name"":""成年後見制度"",""source_file"":""ippansaisyutu.csv"",""source_row_number"":9554}],""same_budget_item_other_program_names"":[""ケアハウス整備促進等事業"",""ケアマネジメントの総合的推進"",""ひきこもり対策"",""ボランティア施設改修"",""ボランティア団体等援助"",""移動困難者の移送システム"",""医療的ケア児（者）支援の充実"",""医療的ケア児の笑顔を支える基金積立金"",""介護人材確保・定着支援事業"",""介護保険事業会計繰出金"",""旧軍人等の援護"",""後期高齢者医療会計繰出金"",""行旅病人及死亡人取扱"",""高齢福祉部運営事業"",""高齢福祉部庶務事務"",""国民健康保険事業会計繰出金"",""災害時ボランティア受入体制整備事業"",""社会福祉協議会運営助成"",""社会福祉事業団運営助成"",""社会福祉法人に対する高齢者施設整備助成"",""社会福祉法人に対する障害者施設整備助成"",""社会福祉法人の認可・指導検査"",""終活支援センター運営事業"",""住宅手当緊急特別措置事業"",""住民税非課税世帯等への価格高騰重点支援給付金支給"",""障害者グループホーム整備助成"",""障害者サービス広報事業"",""障害者差別解消推進"",""障害者施設整備促進等事業"",""障害者福祉施策の計画・調整"",""障害認定審査事務運営"",""障害福祉部庶務事務"",""心身障害者医療費助成"",""世田谷区地域福祉推進事業"",""世田谷保健福祉センター分室維持管理"",""生活安定支援事業"",""生活困窮者自立促進支援事業"",""生活保健事務（烏山）"",""生活保健事務（砧）"",""生活保健事務（玉川）"",""生活保健事務（世田谷）"",""生活保健事務（北沢）"",""専門的人材の確保・養成事業"",""相談員業務（烏山）"",""相談員業務（砧）"",""相談員業務（玉川）"",""相談員業務（世田谷）"",""相談員業務（北沢）"",""地域福祉活動等促進事業"",""地域福祉資源開発事業"",""地域保健福祉審議会の運営"",""地域保健福祉等推進基金積立金"",""地域密着型サービス拠点等整備助成"",""地区高齢者見守りネットワーク事業"",""特定中国残留邦人等支援事業"",""特別区区民葬儀助成事業"",""特別養護老人ホーム等運営支援"",""避難行動要支援者支援の推進"",""福祉資金貸付"",""福祉人材育成・研修センター運営事業"",""保健医療福祉総合プラザ維持運営"",""保健福祉サービス苦情審査会運営"",""保健福祉サービス質の向上の推進"",""保健福祉運営事務（烏山）"",""保健福祉運営事務（砧）"",""保健福祉運営事務（玉川）"",""保健福祉運営事務（世田谷）"",""保健福祉運営事務（北沢）"",""保健福祉政策部運営事業"",""保健福祉政策部庶務事務"",""民生委員等活動"",""路上生活対策事業"",""老人保健施設整備助成""],""related_revenues"":[{""revenue_detail_id"":""rd_2026_general_revenue_13_02_01_56_19_3595200000"",""revenue_hierarchy"":[""国庫支出金"",""国庫補助金"",""民生費補助金"",""生活困窮者就労準備支援事業費等補助金"",""成年後見制度利用促進体制整備推進事業""],""amount_attribution_status"":""not_available""},{""revenue_detail_id"":""rd_2026_general_revenue_14_02_02_60_04_3595200000"",""revenue_hierarchy"":[""都支出金"",""都補助金"",""民生費補助金"",""地域福祉推進区市町村包括補助事業"",""成年後見制度等の利用支援事業""],""amount_attribution_status"":""not_available""},{""revenue_detail_id"":""rd_2026_general_revenue_19_06_09_08_17_3595200000"",""revenue_hierarchy"":[""諸収入"",""雑入"",""雑入"",""参加料・利用料"",""成年後見制度""],""amount_attribution_status"":""not_available""},{""revenue_detail_id"":""rd_2026_general_revenue_19_06_12_08_02_3595200000"",""revenue_hierarchy"":[""諸収入"",""雑入"",""雑入（２）"",""返還金・戻入金（４）"",""緊急対応金銭管理事業""],""amount_attribution_status"":""not_available""}]}","high","approve","B_strong_structural・確信度highの一括承認ルールにより承認"
"bpi_0ef50a2f2165875673915b55c8016d00c1d61727ee0b52cbb38f563672983f8d","民生委員等活動","一般会計","民生費","社会福祉費","社会福祉総務費","保健福祉政策部 生活福祉課","111543","生活の安心と地域福祉を支える","responds_to","公式予算の会計・款・項・目と事業名から「生活の安心と地域福祉を支える」との構造的な関係が強い候補として整理した。これはみらい議会の探索用整理であり、区の公式な課題分類ではない。","B_strong_structural","{""matched_rule_id"":""livelihood-security-and-community-welfare-official-structure"",""budget_item_key"":""2026_general_expenditure_03_01_01"",""identity_fields"":{""display_program_name"":""民生委員等活動"",""hierarchy"":[""民生費"",""社会福祉費"",""社会福祉総務費""],""department_display_name"":""保健福祉政策部 生活福祉課"",""amount_thousand_yen"":111543},""member_programs"":[{""program_id"":""2026_general_expenditure_03_01_01_01_01_01"",""major_program_name"":""社会福祉関係の法律に基づく事業費"",""budget_program_name"":""民生委員等活動"",""detail_program_name"":""民生委員等活動"",""source_file"":""ippansaisyutu.csv"",""source_row_number"":9549}],""same_budget_item_other_program_names"":[""ケアハウス整備促進等事業"",""ケアマネジメントの総合的推進"",""ひきこもり対策"",""ボランティア施設改修"",""ボランティア団体等援助"",""移動困難者の移送システム"",""医療的ケア児（者）支援の充実"",""医療的ケア児の笑顔を支える基金積立金"",""介護人材確保・定着支援事業"",""介護保険事業会計繰出金"",""旧軍人等の援護"",""後期高齢者医療会計繰出金"",""行旅病人及死亡人取扱"",""高齢福祉部運営事業"",""高齢福祉部庶務事務"",""国民健康保険事業会計繰出金"",""災害時ボランティア受入体制整備事業"",""社会福祉協議会運営助成"",""社会福祉事業団運営助成"",""社会福祉法人に対する高齢者施設整備助成"",""社会福祉法人に対する障害者施設整備助成"",""社会福祉法人の認可・指導検査"",""終活支援センター運営事業"",""住宅手当緊急特別措置事業"",""住民税非課税世帯等への価格高騰重点支援給付金支給"",""障害者グループホーム整備助成"",""障害者サービス広報事業"",""障害者差別解消推進"",""障害者施設整備促進等事業"",""障害者福祉施策の計画・調整"",""障害認定審査事務運営"",""障害福祉部庶務事務"",""心身障害者医療費助成"",""世田谷区地域福祉推進事業"",""世田谷保健福祉センター分室維持管理"",""成年後見制度"",""生活安定支援事業"",""生活困窮者自立促進支援事業"",""生活保健事務（烏山）"",""生活保健事務（砧）"",""生活保健事務（玉川）"",""生活保健事務（世田谷）"",""生活保健事務（北沢）"",""専門的人材の確保・養成事業"",""相談員業務（烏山）"",""相談員業務（砧）"",""相談員業務（玉川）"",""相談員業務（世田谷）"",""相談員業務（北沢）"",""地域福祉活動等促進事業"",""地域福祉資源開発事業"",""地域保健福祉審議会の運営"",""地域保健福祉等推進基金積立金"",""地域密着型サービス拠点等整備助成"",""地区高齢者見守りネットワーク事業"",""特定中国残留邦人等支援事業"",""特別区区民葬儀助成事業"",""特別養護老人ホーム等運営支援"",""避難行動要支援者支援の推進"",""福祉資金貸付"",""福祉人材育成・研修センター運営事業"",""保健医療福祉総合プラザ維持運営"",""保健福祉サービス苦情審査会運営"",""保健福祉サービス質の向上の推進"",""保健福祉運営事務（烏山）"",""保健福祉運営事務（砧）"",""保健福祉運営事務（玉川）"",""保健福祉運営事務（世田谷）"",""保健福祉運営事務（北沢）"",""保健福祉政策部運営事業"",""保健福祉政策部庶務事務"",""路上生活対策事業"",""老人保健施設整備助成""],""related_revenues"":[{""revenue_detail_id"":""rd_2026_general_revenue_14_01_01_02_01_3595200000"",""revenue_hierarchy"":[""都支出金"",""都負担金"",""民生費負担金"",""民生委員運営費"",""民生委員運営""],""amount_attribution_status"":""not_available""},{""revenue_detail_id"":""rd_2026_general_revenue_14_01_01_03_01_3595200000"",""revenue_hierarchy"":[""都支出金"",""都負担金"",""民生費負担金"",""民生委員推せん会費"",""民生委員推せん会""],""amount_attribution_status"":""not_available""},{""revenue_detail_id"":""rd_2026_general_revenue_14_02_02_60_76_3595200000"",""revenue_hierarchy"":[""都支出金"",""都補助金"",""民生費補助金"",""地域福祉推進区市町村包括補助事業"",""民生委員・児童委員活動環境整備事業""],""amount_attribution_status"":""not_available""}]}","high","approve","B_strong_structural・確信度highの一括承認ルールにより承認"
"bpi_47fc39f2fa618969d2497f5bd8e847169e47aef76c471711b5430ca0804e3434","福祉人材育成・研修センター運営事業","一般会計","民生費","社会福祉費","社会福祉総務費","保健福祉政策部 保福推進課","107060","生活の安心と地域福祉を支える","responds_to","公式予算の会計・款・項・目と事業名から「生活の安心と地域福祉を支える」との構造的な関係が強い候補として整理した。これはみらい議会の探索用整理であり、区の公式な課題分類ではない。","B_strong_structural","{""matched_rule_id"":""livelihood-security-and-community-welfare-official-structure"",""budget_item_key"":""2026_general_expenditure_03_01_01"",""identity_fields"":{""display_program_name"":""福祉人材育成・研修センター運営事業"",""hierarchy"":[""民生費"",""社会福祉費"",""社会福祉総務費""],""department_display_name"":""保健福祉政策部 保福推進課"",""amount_thousand_yen"":107060},""member_programs"":[{""program_id"":""2026_general_expenditure_03_01_01_06_12_01"",""major_program_name"":""その他の社会福祉事業費（２）"",""budget_program_name"":""福祉人材育成・研修センター運営事業"",""detail_program_name"":""福祉人材育成・研修センター運営事業"",""source_file"":""ippansaisyutu.csv"",""source_row_number"":9542}],""same_budget_item_other_program_names"":[""ケアハウス整備促進等事業"",""ケアマネジメントの総合的推進"",""ひきこもり対策"",""ボランティア施設改修"",""ボランティア団体等援助"",""移動困難者の移送システム"",""医療的ケア児（者）支援の充実"",""医療的ケア児の笑顔を支える基金積立金"",""介護人材確保・定着支援事業"",""介護保険事業会計繰出金"",""旧軍人等の援護"",""後期高齢者医療会計繰出金"",""行旅病人及死亡人取扱"",""高齢福祉部運営事業"",""高齢福祉部庶務事務"",""国民健康保険事業会計繰出金"",""災害時ボランティア受入体制整備事業"",""社会福祉協議会運営助成"",""社会福祉事業団運営助成"",""社会福祉法人に対する高齢者施設整備助成"",""社会福祉法人に対する障害者施設整備助成"",""社会福祉法人の認可・指導検査"",""終活支援センター運営事業"",""住宅手当緊急特別措置事業"",""住民税非課税世帯等への価格高騰重点支援給付金支給"",""障害者グループホーム整備助成"",""障害者サービス広報事業"",""障害者差別解消推進"",""障害者施設整備促進等事業"",""障害者福祉施策の計画・調整"",""障害認定審査事務運営"",""障害福祉部庶務事務"",""心身障害者医療費助成"",""世田谷区地域福祉推進事業"",""世田谷保健福祉センター分室維持管理"",""成年後見制度"",""生活安定支援事業"",""生活困窮者自立促進支援事業"",""生活保健事務（烏山）"",""生活保健事務（砧）"",""生活保健事務（玉川）"",""生活保健事務（世田谷）"",""生活保健事務（北沢）"",""専門的人材の確保・養成事業"",""相談員業務（烏山）"",""相談員業務（砧）"",""相談員業務（玉川）"",""相談員業務（世田谷）"",""相談員業務（北沢）"",""地域福祉活動等促進事業"",""地域福祉資源開発事業"",""地域保健福祉審議会の運営"",""地域保健福祉等推進基金積立金"",""地域密着型サービス拠点等整備助成"",""地区高齢者見守りネットワーク事業"",""特定中国残留邦人等支援事業"",""特別区区民葬儀助成事業"",""特別養護老人ホーム等運営支援"",""避難行動要支援者支援の推進"",""福祉資金貸付"",""保健医療福祉総合プラザ維持運営"",""保健福祉サービス苦情審査会運営"",""保健福祉サービス質の向上の推進"",""保健福祉運営事務（烏山）"",""保健福祉運営事務（砧）"",""保健福祉運営事務（玉川）"",""保健福祉運営事務（世田谷）"",""保健福祉運営事務（北沢）"",""保健福祉政策部運営事業"",""保健福祉政策部庶務事務"",""民生委員等活動"",""路上生活対策事業"",""老人保健施設整備助成""],""related_revenues"":[{""revenue_detail_id"":""rd_2026_general_revenue_14_02_02_42_63_3595150000"",""revenue_hierarchy"":[""都支出金"",""都補助金"",""民生費補助金"",""高齢者施策推進区市町村包括補助事業"",""福祉人材育成・研修センター運営事業""],""amount_attribution_status"":""not_available""}]}","high","approve","B_strong_structural・確信度highの一括承認ルールにより承認"
"bpi_de6c609fcdc138dbea76026917e9bf96333b52970941e2c140095ed68e11ad4b","社会福祉事業団運営助成","一般会計","民生費","社会福祉費","社会福祉総務費","高齢福祉部 高齢福祉課","92679","生活の安心と地域福祉を支える","responds_to","公式予算の会計・款・項・目と事業名から「生活の安心と地域福祉を支える」との構造的な関係が強い候補として整理した。これはみらい議会の探索用整理であり、区の公式な課題分類ではない。","B_strong_structural","{""matched_rule_id"":""livelihood-security-and-community-welfare-official-structure"",""budget_item_key"":""2026_general_expenditure_03_01_01"",""identity_fields"":{""display_program_name"":""社会福祉事業団運営助成"",""hierarchy"":[""民生費"",""社会福祉費"",""社会福祉総務費""],""department_display_name"":""高齢福祉部 高齢福祉課"",""amount_thousand_yen"":92679},""member_programs"":[{""program_id"":""2026_general_expenditure_03_01_01_03_06_01"",""major_program_name"":""その他の社会福祉事業費"",""budget_program_name"":""社会福祉事業団運営助成"",""detail_program_name"":""社会福祉事業団運営助成"",""source_file"":""ippansaisyutu.csv"",""source_row_number"":9615}],""same_budget_item_other_program_names"":[""ケアハウス整備促進等事業"",""ケアマネジメントの総合的推進"",""ひきこもり対策"",""ボランティア施設改修"",""ボランティア団体等援助"",""移動困難者の移送システム"",""医療的ケア児（者）支援の充実"",""医療的ケア児の笑顔を支える基金積立金"",""介護人材確保・定着支援事業"",""介護保険事業会計繰出金"",""旧軍人等の援護"",""後期高齢者医療会計繰出金"",""行旅病人及死亡人取扱"",""高齢福祉部運営事業"",""高齢福祉部庶務事務"",""国民健康保険事業会計繰出金"",""災害時ボランティア受入体制整備事業"",""社会福祉協議会運営助成"",""社会福祉法人に対する高齢者施設整備助成"",""社会福祉法人に対する障害者施設整備助成"",""社会福祉法人の認可・指導検査"",""終活支援センター運営事業"",""住宅手当緊急特別措置事業"",""住民税非課税世帯等への価格高騰重点支援給付金支給"",""障害者グループホーム整備助成"",""障害者サービス広報事業"",""障害者差別解消推進"",""障害者施設整備促進等事業"",""障害者福祉施策の計画・調整"",""障害認定審査事務運営"",""障害福祉部庶務事務"",""心身障害者医療費助成"",""世田谷区地域福祉推進事業"",""世田谷保健福祉センター分室維持管理"",""成年後見制度"",""生活安定支援事業"",""生活困窮者自立促進支援事業"",""生活保健事務（烏山）"",""生活保健事務（砧）"",""生活保健事務（玉川）"",""生活保健事務（世田谷）"",""生活保健事務（北沢）"",""専門的人材の確保・養成事業"",""相談員業務（烏山）"",""相談員業務（砧）"",""相談員業務（玉川）"",""相談員業務（世田谷）"",""相談員業務（北沢）"",""地域福祉活動等促進事業"",""地域福祉資源開発事業"",""地域保健福祉審議会の運営"",""地域保健福祉等推進基金積立金"",""地域密着型サービス拠点等整備助成"",""地区高齢者見守りネットワーク事業"",""特定中国残留邦人等支援事業"",""特別区区民葬儀助成事業"",""特別養護老人ホーム等運営支援"",""避難行動要支援者支援の推進"",""福祉資金貸付"",""福祉人材育成・研修センター運営事業"",""保健医療福祉総合プラザ維持運営"",""保健福祉サービス苦情審査会運営"",""保健福祉サービス質の向上の推進"",""保健福祉運営事務（烏山）"",""保健福祉運営事務（砧）"",""保健福祉運営事務（玉川）"",""保健福祉運営事務（世田谷）"",""保健福祉運営事務（北沢）"",""保健福祉政策部運営事業"",""保健福祉政策部庶務事務"",""民生委員等活動"",""路上生活対策事業"",""老人保健施設整備助成""],""related_revenues"":[{""revenue_detail_id"":""rd_2026_general_revenue_14_02_02_42_24_3645100000"",""revenue_hierarchy"":[""都支出金"",""都補助金"",""民生費補助金"",""高齢者施策推進区市町村包括補助事業"",""高齢者介護サービスネットワーク運営の支援""],""amount_attribution_status"":""not_available""},{""revenue_detail_id"":""rd_2026_general_revenue_14_02_02_44_10_3645100000"",""revenue_hierarchy"":[""都支出金"",""都補助金"",""民生費補助金"",""障害者施策推進区市町村包括補助事業費"",""障害者就労支援""],""amount_attribution_status"":""not_available""}]}","high","approve","B_strong_structural・確信度highの一括承認ルールにより承認"
"bpi_d974b21cbe467b7437eaee7177ba809970ef5bfa4100fb88976f9122e4dbba54","生活安定支援事業","一般会計","民生費","社会福祉費","社会福祉総務費","保健福祉政策部 生活福祉課","83898","生活の安心と地域福祉を支える","responds_to","公式予算の会計・款・項・目と事業名から「生活の安心と地域福祉を支える」との構造的な関係が強い候補として整理した。これはみらい議会の探索用整理であり、区の公式な課題分類ではない。","B_strong_structural","{""matched_rule_id"":""livelihood-security-and-community-welfare-official-structure"",""budget_item_key"":""2026_general_expenditure_03_01_01"",""identity_fields"":{""display_program_name"":""生活安定支援事業"",""hierarchy"":[""民生費"",""社会福祉費"",""社会福祉総務費""],""department_display_name"":""保健福祉政策部 生活福祉課"",""amount_thousand_yen"":83898},""member_programs"":[{""program_id"":""2026_general_expenditure_03_01_01_03_88_01"",""major_program_name"":""その他の社会福祉事業費"",""budget_program_name"":""生活安定支援事業"",""detail_program_name"":""生活安定支援事業"",""source_file"":""ippansaisyutu.csv"",""source_row_number"":9559}],""same_budget_item_other_program_names"":[""ケアハウス整備促進等事業"",""ケアマネジメントの総合的推進"",""ひきこもり対策"",""ボランティア施設改修"",""ボランティア団体等援助"",""移動困難者の移送システム"",""医療的ケア児（者）支援の充実"",""医療的ケア児の笑顔を支える基金積立金"",""介護人材確保・定着支援事業"",""介護保険事業会計繰出金"",""旧軍人等の援護"",""後期高齢者医療会計繰出金"",""行旅病人及死亡人取扱"",""高齢福祉部運営事業"",""高齢福祉部庶務事務"",""国民健康保険事業会計繰出金"",""災害時ボランティア受入体制整備事業"",""社会福祉協議会運営助成"",""社会福祉事業団運営助成"",""社会福祉法人に対する高齢者施設整備助成"",""社会福祉法人に対する障害者施設整備助成"",""社会福祉法人の認可・指導検査"",""終活支援センター運営事業"",""住宅手当緊急特別措置事業"",""住民税非課税世帯等への価格高騰重点支援給付金支給"",""障害者グループホーム整備助成"",""障害者サービス広報事業"",""障害者差別解消推進"",""障害者施設整備促進等事業"",""障害者福祉施策の計画・調整"",""障害認定審査事務運営"",""障害福祉部庶務事務"",""心身障害者医療費助成"",""世田谷区地域福祉推進事業"",""世田谷保健福祉センター分室維持管理"",""成年後見制度"",""生活困窮者自立促進支援事業"",""生活保健事務（烏山）"",""生活保健事務（砧）"",""生活保健事務（玉川）"",""生活保健事務（世田谷）"",""生活保健事務（北沢）"",""専門的人材の確保・養成事業"",""相談員業務（烏山）"",""相談員業務（砧）"",""相談員業務（玉川）"",""相談員業務（世田谷）"",""相談員業務（北沢）"",""地域福祉活動等促進事業"",""地域福祉資源開発事業"",""地域保健福祉審議会の運営"",""地域保健福祉等推進基金積立金"",""地域密着型サービス拠点等整備助成"",""地区高齢者見守りネットワーク事業"",""特定中国残留邦人等支援事業"",""特別区区民葬儀助成事業"",""特別養護老人ホーム等運営支援"",""避難行動要支援者支援の推進"",""福祉資金貸付"",""福祉人材育成・研修センター運営事業"",""保健医療福祉総合プラザ維持運営"",""保健福祉サービス苦情審査会運営"",""保健福祉サービス質の向上の推進"",""保健福祉運営事務（烏山）"",""保健福祉運営事務（砧）"",""保健福祉運営事務（玉川）"",""保健福祉運営事務（世田谷）"",""保健福祉運営事務（北沢）"",""保健福祉政策部運営事業"",""保健福祉政策部庶務事務"",""民生委員等活動"",""路上生活対策事業"",""老人保健施設整備助成""],""related_revenues"":[{""revenue_detail_id"":""rd_2026_general_revenue_14_02_02_60_72_3595200000"",""revenue_hierarchy"":[""都支出金"",""都補助金"",""民生費補助金"",""地域福祉推進区市町村包括補助事業"",""子供サポート事業立上げ支援事業""],""amount_attribution_status"":""not_available""},{""revenue_detail_id"":""rd_2026_general_revenue_14_02_08_34_01_3595200000"",""revenue_hierarchy"":[""都支出金"",""都補助金"",""民生費補助金（２）"",""受験生チャレンジ支援貸付窓口の運営事業"",""受験生チャレンジ支援貸付窓口の運営事業""],""amount_attribution_status"":""not_available""},{""revenue_detail_id"":""rd_2026_general_revenue_14_02_08_62_01_3595200000"",""revenue_hierarchy"":[""都支出金"",""都補助金"",""民生費補助金（２）"",""子供食堂推進事業"",""子供食堂推進事業""],""amount_attribution_status"":""not_available""},{""revenue_detail_id"":""rd_2026_general_revenue_17_01_16_28_01_3595200000"",""revenue_hierarchy"":[""繰入金"",""基金繰入金"",""地域保健福祉等推進基金繰入金"",""多世代食堂支援事業"",""多世代食堂支援事業""],""amount_attribution_status"":""not_available""}]}","high","approve","B_strong_structural・確信度highの一括承認ルールにより承認"
"bpi_f4e3907175df3fb3408f209018b9b2ca7311dbb6900301381ffbfb1fd143ca74","障害者施設整備促進等事業","一般会計","民生費","社会福祉費","社会福祉総務費","障害福祉部 障害地域生活課","71729","生活の安心と地域福祉を支える","responds_to","公式予算の会計・款・項・目と事業名から「生活の安心と地域福祉を支える」との構造的な関係が強い候補として整理した。これはみらい議会の探索用整理であり、区の公式な課題分類ではない。","B_strong_structural","{""matched_rule_id"":""livelihood-security-and-community-welfare-official-structure"",""budget_item_key"":""2026_general_expenditure_03_01_01"",""identity_fields"":{""display_program_name"":""障害者施設整備促進等事業"",""hierarchy"":[""民生費"",""社会福祉費"",""社会福祉総務費""],""department_display_name"":""障害福祉部 障害地域生活課"",""amount_thousand_yen"":71729},""member_programs"":[{""program_id"":""2026_general_expenditure_03_01_01_03_96_01"",""major_program_name"":""その他の社会福祉事業費"",""budget_program_name"":""障害者施設整備促進等事業"",""detail_program_name"":""障害者施設整備促進等事業"",""source_file"":""ippansaisyutu.csv"",""source_row_number"":9740}],""same_budget_item_other_program_names"":[""ケアハウス整備促進等事業"",""ケアマネジメントの総合的推進"",""ひきこもり対策"",""ボランティア施設改修"",""ボランティア団体等援助"",""移動困難者の移送システム"",""医療的ケア児（者）支援の充実"",""医療的ケア児の笑顔を支える基金積立金"",""介護人材確保・定着支援事業"",""介護保険事業会計繰出金"",""旧軍人等の援護"",""後期高齢者医療会計繰出金"",""行旅病人及死亡人取扱"",""高齢福祉部運営事業"",""高齢福祉部庶務事務"",""国民健康保険事業会計繰出金"",""災害時ボランティア受入体制整備事業"",""社会福祉協議会運営助成"",""社会福祉事業団運営助成"",""社会福祉法人に対する高齢者施設整備助成"",""社会福祉法人に対する障害者施設整備助成"",""社会福祉法人の認可・指導検査"",""終活支援センター運営事業"",""住宅手当緊急特別措置事業"",""住民税非課税世帯等への価格高騰重点支援給付金支給"",""障害者グループホーム整備助成"",""障害者サービス広報事業"",""障害者差別解消推進"",""障害者福祉施策の計画・調整"",""障害認定審査事務運営"",""障害福祉部庶務事務"",""心身障害者医療費助成"",""世田谷区地域福祉推進事業"",""世田谷保健福祉センター分室維持管理"",""成年後見制度"",""生活安定支援事業"",""生活困窮者自立促進支援事業"",""生活保健事務（烏山）"",""生活保健事務（砧）"",""生活保健事務（玉川）"",""生活保健事務（世田谷）"",""生活保健事務（北沢）"",""専門的人材の確保・養成事業"",""相談員業務（烏山）"",""相談員業務（砧）"",""相談員業務（玉川）"",""相談員業務（世田谷）"",""相談員業務（北沢）"",""地域福祉活動等促進事業"",""地域福祉資源開発事業"",""地域保健福祉審議会の運営"",""地域保健福祉等推進基金積立金"",""地域密着型サービス拠点等整備助成"",""地区高齢者見守りネットワーク事業"",""特定中国残留邦人等支援事業"",""特別区区民葬儀助成事業"",""特別養護老人ホーム等運営支援"",""避難行動要支援者支援の推進"",""福祉資金貸付"",""福祉人材育成・研修センター運営事業"",""保健医療福祉総合プラザ維持運営"",""保健福祉サービス苦情審査会運営"",""保健福祉サービス質の向上の推進"",""保健福祉運営事務（烏山）"",""保健福祉運営事務（砧）"",""保健福祉運営事務（玉川）"",""保健福祉運営事務（世田谷）"",""保健福祉運営事務（北沢）"",""保健福祉政策部運営事業"",""保健福祉政策部庶務事務"",""民生委員等活動"",""路上生活対策事業"",""老人保健施設整備助成""],""related_revenues"":[]}","high","approve","B_strong_structural・確信度highの一括承認ルールにより承認"
"bpi_0db879e6838637427c9ea43398b354c2e0c550180f6375b20698eb0c0409206f","保健福祉サービス質の向上の推進","一般会計","民生費","社会福祉費","社会福祉総務費","保健福祉政策部 保健福祉政策課","69894","生活の安心と地域福祉を支える","responds_to","公式予算の会計・款・項・目と事業名から「生活の安心と地域福祉を支える」との構造的な関係が強い候補として整理した。これはみらい議会の探索用整理であり、区の公式な課題分類ではない。","B_strong_structural","{""matched_rule_id"":""livelihood-security-and-community-welfare-official-structure"",""budget_item_key"":""2026_general_expenditure_03_01_01"",""identity_fields"":{""display_program_name"":""保健福祉サービス質の向上の推進"",""hierarchy"":[""民生費"",""社会福祉費"",""社会福祉総務費""],""department_display_name"":""保健福祉政策部 保健福祉政策課"",""amount_thousand_yen"":69894},""member_programs"":[{""program_id"":""2026_general_expenditure_03_01_01_03_86_01"",""major_program_name"":""その他の社会福祉事業費"",""budget_program_name"":""保健福祉サービス質の向上の推進"",""detail_program_name"":""保健福祉サービス質の向上の推進"",""source_file"":""ippansaisyutu.csv"",""source_row_number"":9531}],""same_budget_item_other_program_names"":[""ケアハウス整備促進等事業"",""ケアマネジメントの総合的推進"",""ひきこもり対策"",""ボランティア施設改修"",""ボランティア団体等援助"",""移動困難者の移送システム"",""医療的ケア児（者）支援の充実"",""医療的ケア児の笑顔を支える基金積立金"",""介護人材確保・定着支援事業"",""介護保険事業会計繰出金"",""旧軍人等の援護"",""後期高齢者医療会計繰出金"",""行旅病人及死亡人取扱"",""高齢福祉部運営事業"",""高齢福祉部庶務事務"",""国民健康保険事業会計繰出金"",""災害時ボランティア受入体制整備事業"",""社会福祉協議会運営助成"",""社会福祉事業団運営助成"",""社会福祉法人に対する高齢者施設整備助成"",""社会福祉法人に対する障害者施設整備助成"",""社会福祉法人の認可・指導検査"",""終活支援センター運営事業"",""住宅手当緊急特別措置事業"",""住民税非課税世帯等への価格高騰重点支援給付金支給"",""障害者グループホーム整備助成"",""障害者サービス広報事業"",""障害者差別解消推進"",""障害者施設整備促進等事業"",""障害者福祉施策の計画・調整"",""障害認定審査事務運営"",""障害福祉部庶務事務"",""心身障害者医療費助成"",""世田谷区地域福祉推進事業"",""世田谷保健福祉センター分室維持管理"",""成年後見制度"",""生活安定支援事業"",""生活困窮者自立促進支援事業"",""生活保健事務（烏山）"",""生活保健事務（砧）"",""生活保健事務（玉川）"",""生活保健事務（世田谷）"",""生活保健事務（北沢）"",""専門的人材の確保・養成事業"",""相談員業務（烏山）"",""相談員業務（砧）"",""相談員業務（玉川）"",""相談員業務（世田谷）"",""相談員業務（北沢）"",""地域福祉活動等促進事業"",""地域福祉資源開発事業"",""地域保健福祉審議会の運営"",""地域保健福祉等推進基金積立金"",""地域密着型サービス拠点等整備助成"",""地区高齢者見守りネットワーク事業"",""特定中国残留邦人等支援事業"",""特別区区民葬儀助成事業"",""特別養護老人ホーム等運営支援"",""避難行動要支援者支援の推進"",""福祉資金貸付"",""福祉人材育成・研修センター運営事業"",""保健医療福祉総合プラザ維持運営"",""保健福祉サービス苦情審査会運営"",""保健福祉運営事務（烏山）"",""保健福祉運営事務（砧）"",""保健福祉運営事務（玉川）"",""保健福祉運営事務（世田谷）"",""保健福祉運営事務（北沢）"",""保健福祉政策部運営事業"",""保健福祉政策部庶務事務"",""民生委員等活動"",""路上生活対策事業"",""老人保健施設整備助成""],""related_revenues"":[{""revenue_detail_id"":""rd_2026_general_revenue_13_02_01_54_81_3595110000"",""revenue_hierarchy"":[""国庫支出金"",""国庫補助金"",""民生費補助金"",""地域子ども・子育て支援事業"",""放課後児童健全育成事業第三者評価受審推進事業""],""amount_attribution_status"":""not_available""},{""revenue_detail_id"":""rd_2026_general_revenue_14_02_02_19_04_3595110000"",""revenue_hierarchy"":[""都支出金"",""都補助金"",""民生費補助金"",""保育サービス推進事業"",""第三者評価受審費加算分""],""amount_attribution_status"":""not_available""},{""revenue_detail_id"":""rd_2026_general_revenue_14_02_02_59_60_3595110000"",""revenue_hierarchy"":[""都支出金"",""都補助金"",""民生費補助金"",""子ども家庭支援区市町村包括補助事業"",""認可外保育施設（ベビーホテル等）第三者評価受審費補助事業""],""amount_attribution_status"":""not_available""},{""revenue_detail_id"":""rd_2026_general_revenue_14_02_02_60_08_3595110000"",""revenue_hierarchy"":[""都支出金"",""都補助金"",""民生費補助金"",""地域福祉推進区市町村包括補助事業"",""保健福祉サービス第三者評価事業""],""amount_attribution_status"":""not_available""},{""revenue_detail_id"":""rd_2026_general_revenue_14_02_02_60_09_3595110000"",""revenue_hierarchy"":[""都支出金"",""都補助金"",""民生費補助金"",""地域福祉推進区市町村包括補助事業"",""保健福祉サービス向上委員会運営事業""],""amount_attribution_status"":""not_available""},{""revenue_detail_id"":""rd_2026_general_revenue_14_02_02_92_79_3595110000"",""revenue_hierarchy"":[""都支出金"",""都補助金"",""民生費補助金"",""地域子ども・子育て支援事業"",""放課後児童健全育成事業第三者評価受審推進事業""],""amount_attribution_status"":""not_available""},{""revenue_detail_id"":""rd_2026_general_revenue_14_02_08_02_01_3595110000"",""revenue_hierarchy"":[""都支出金"",""都補助金"",""民生費補助金（２）"",""保育力強化事業補助金"",""第三者評価受審費加算分""],""amount_attribution_status"":""not_available""},{""revenue_detail_id"":""rd_2026_general_revenue_14_02_08_54_03_3595110000"",""revenue_hierarchy"":[""都支出金"",""都補助金"",""民生費補助金（２）"",""障害者日中活動系サービス推進事業補助金"",""障害者日中活動系サービス推進事業（第三者評価）""],""amount_attribution_status"":""not_available""}]}","high","approve","B_strong_structural・確信度highの一括承認ルールにより承認"
"bpi_2ac95c25ce20e9c7a14d65f1e3cbacbbc3c77fffbfe6d6da4fa96b10884ee7c2","終活支援センター運営事業","一般会計","民生費","社会福祉費","社会福祉総務費","保健福祉政策部 生活福祉課","68357","生活の安心と地域福祉を支える","responds_to","公式予算の会計・款・項・目と事業名から「生活の安心と地域福祉を支える」との構造的な関係が強い候補として整理した。これはみらい議会の探索用整理であり、区の公式な課題分類ではない。","B_strong_structural","{""matched_rule_id"":""livelihood-security-and-community-welfare-official-structure"",""budget_item_key"":""2026_general_expenditure_03_01_01"",""identity_fields"":{""display_program_name"":""終活支援センター運営事業"",""hierarchy"":[""民生費"",""社会福祉費"",""社会福祉総務費""],""department_display_name"":""保健福祉政策部 生活福祉課"",""amount_thousand_yen"":68357},""member_programs"":[{""program_id"":""2026_general_expenditure_03_01_01_06_27_01"",""major_program_name"":""その他の社会福祉事業費（２）"",""budget_program_name"":""終活支援センター運営事業"",""detail_program_name"":""終活支援センター運営事業"",""source_file"":""ippansaisyutu.csv"",""source_row_number"":9566}],""same_budget_item_other_program_names"":[""ケアハウス整備促進等事業"",""ケアマネジメントの総合的推進"",""ひきこもり対策"",""ボランティア施設改修"",""ボランティア団体等援助"",""移動困難者の移送システム"",""医療的ケア児（者）支援の充実"",""医療的ケア児の笑顔を支える基金積立金"",""介護人材確保・定着支援事業"",""介護保険事業会計繰出金"",""旧軍人等の援護"",""後期高齢者医療会計繰出金"",""行旅病人及死亡人取扱"",""高齢福祉部運営事業"",""高齢福祉部庶務事務"",""国民健康保険事業会計繰出金"",""災害時ボランティア受入体制整備事業"",""社会福祉協議会運営助成"",""社会福祉事業団運営助成"",""社会福祉法人に対する高齢者施設整備助成"",""社会福祉法人に対する障害者施設整備助成"",""社会福祉法人の認可・指導検査"",""住宅手当緊急特別措置事業"",""住民税非課税世帯等への価格高騰重点支援給付金支給"",""障害者グループホーム整備助成"",""障害者サービス広報事業"",""障害者差別解消推進"",""障害者施設整備促進等事業"",""障害者福祉施策の計画・調整"",""障害認定審査事務運営"",""障害福祉部庶務事務"",""心身障害者医療費助成"",""世田谷区地域福祉推進事業"",""世田谷保健福祉センター分室維持管理"",""成年後見制度"",""生活安定支援事業"",""生活困窮者自立促進支援事業"",""生活保健事務（烏山）"",""生活保健事務（砧）"",""生活保健事務（玉川）"",""生活保健事務（世田谷）"",""生活保健事務（北沢）"",""専門的人材の確保・養成事業"",""相談員業務（烏山）"",""相談員業務（砧）"",""相談員業務（玉川）"",""相談員業務（世田谷）"",""相談員業務（北沢）"",""地域福祉活動等促進事業"",""地域福祉資源開発事業"",""地域保健福祉審議会の運営"",""地域保健福祉等推進基金積立金"",""地域密着型サービス拠点等整備助成"",""地区高齢者見守りネットワーク事業"",""特定中国残留邦人等支援事業"",""特別区区民葬儀助成事業"",""特別養護老人ホーム等運営支援"",""避難行動要支援者支援の推進"",""福祉資金貸付"",""福祉人材育成・研修センター運営事業"",""保健医療福祉総合プラザ維持運営"",""保健福祉サービス苦情審査会運営"",""保健福祉サービス質の向上の推進"",""保健福祉運営事務（烏山）"",""保健福祉運営事務（砧）"",""保健福祉運営事務（玉川）"",""保健福祉運営事務（世田谷）"",""保健福祉運営事務（北沢）"",""保健福祉政策部運営事業"",""保健福祉政策部庶務事務"",""民生委員等活動"",""路上生活対策事業"",""老人保健施設整備助成""],""related_revenues"":[{""revenue_detail_id"":""rd_2026_general_revenue_14_02_02_60_86_3595200000"",""revenue_hierarchy"":[""都支出金"",""都補助金"",""民生費補助金"",""地域福祉推進区市町村包括補助事業"",""単身高齢者等の総合相談支援事業""],""amount_attribution_status"":""not_available""}]}","high","approve","B_strong_structural・確信度highの一括承認ルールにより承認"
"bpi_31841f7044b37d535b935a43584e3b146032c4691664d67673aabf38920e1263","被保護世帯等に対する援護","一般会計","民生費","生活保護費","扶助費","保健福祉政策部 生活福祉課","62124","生活の安心と地域福祉を支える","responds_to","公式予算の会計・款・項・目と事業名から「生活の安心と地域福祉を支える」との構造的な関係が強い候補として整理した。これはみらい議会の探索用整理であり、区の公式な課題分類ではない。","B_strong_structural","{""matched_rule_id"":""livelihood-security-and-community-welfare-official-structure"",""budget_item_key"":""2026_general_expenditure_03_03_03"",""identity_fields"":{""display_program_name"":""被保護世帯等に対する援護"",""hierarchy"":[""民生費"",""生活保護費"",""扶助費""],""department_display_name"":""保健福祉政策部 生活福祉課"",""amount_thousand_yen"":62124},""member_programs"":[{""program_id"":""2026_general_expenditure_03_03_03_02_02_01"",""major_program_name"":""被生活保護世帯等に対する法外援護費"",""budget_program_name"":""被保護世帯等に対する援護"",""detail_program_name"":""被保護世帯等に対する援護"",""source_file"":""ippansaisyutu.csv"",""source_row_number"":9570}],""same_budget_item_other_program_names"":[""児童生徒等に対する援護"",""生活保護法に基づく保護費""],""related_revenues"":[{""revenue_detail_id"":""rd_2026_general_revenue_14_02_02_60_31_3595200000"",""revenue_hierarchy"":[""都支出金"",""都補助金"",""民生費補助金"",""地域福祉推進区市町村包括補助事業"",""被保護者自立促進事業""],""amount_attribution_status"":""not_available""}]}","high","approve","B_strong_structural・確信度highの一括承認ルールにより承認"
"bpi_3754428d0e1596e46d2eff249de7a62983d081fb585ab9d0c71e69a23e34c1cb","地域保健福祉等推進基金積立金","一般会計","民生費","社会福祉費","社会福祉総務費","保健福祉政策部 保健福祉政策課","58180","生活の安心と地域福祉を支える","responds_to","公式予算の会計・款・項・目と事業名から「生活の安心と地域福祉を支える」との構造的な関係が強い候補として整理した。これはみらい議会の探索用整理であり、区の公式な課題分類ではない。","B_strong_structural","{""matched_rule_id"":""livelihood-security-and-community-welfare-official-structure"",""budget_item_key"":""2026_general_expenditure_03_01_01"",""identity_fields"":{""display_program_name"":""地域保健福祉等推進基金積立金"",""hierarchy"":[""民生費"",""社会福祉費"",""社会福祉総務費""],""department_display_name"":""保健福祉政策部 保健福祉政策課"",""amount_thousand_yen"":58180},""member_programs"":[{""program_id"":""2026_general_expenditure_03_01_01_03_05_01"",""major_program_name"":""その他の社会福祉事業費"",""budget_program_name"":""地域保健福祉等推進基金積立金"",""detail_program_name"":""地域保健福祉等推進基金積立金"",""source_file"":""ippansaisyutu.csv"",""source_row_number"":9528}],""same_budget_item_other_program_names"":[""ケアハウス整備促進等事業"",""ケアマネジメントの総合的推進"",""ひきこもり対策"",""ボランティア施設改修"",""ボランティア団体等援助"",""移動困難者の移送システム"",""医療的ケア児（者）支援の充実"",""医療的ケア児の笑顔を支える基金積立金"",""介護人材確保・定着支援事業"",""介護保険事業会計繰出金"",""旧軍人等の援護"",""後期高齢者医療会計繰出金"",""行旅病人及死亡人取扱"",""高齢福祉部運営事業"",""高齢福祉部庶務事務"",""国民健康保険事業会計繰出金"",""災害時ボランティア受入体制整備事業"",""社会福祉協議会運営助成"",""社会福祉事業団運営助成"",""社会福祉法人に対する高齢者施設整備助成"",""社会福祉法人に対する障害者施設整備助成"",""社会福祉法人の認可・指導検査"",""終活支援センター運営事業"",""住宅手当緊急特別措置事業"",""住民税非課税世帯等への価格高騰重点支援給付金支給"",""障害者グループホーム整備助成"",""障害者サービス広報事業"",""障害者差別解消推進"",""障害者施設整備促進等事業"",""障害者福祉施策の計画・調整"",""障害認定審査事務運営"",""障害福祉部庶務事務"",""心身障害者医療費助成"",""世田谷区地域福祉推進事業"",""世田谷保健福祉センター分室維持管理"",""成年後見制度"",""生活安定支援事業"",""生活困窮者自立促進支援事業"",""生活保健事務（烏山）"",""生活保健事務（砧）"",""生活保健事務（玉川）"",""生活保健事務（世田谷）"",""生活保健事務（北沢）"",""専門的人材の確保・養成事業"",""相談員業務（烏山）"",""相談員業務（砧）"",""相談員業務（玉川）"",""相談員業務（世田谷）"",""相談員業務（北沢）"",""地域福祉活動等促進事業"",""地域福祉資源開発事業"",""地域保健福祉審議会の運営"",""地域密着型サービス拠点等整備助成"",""地区高齢者見守りネットワーク事業"",""特定中国残留邦人等支援事業"",""特別区区民葬儀助成事業"",""特別養護老人ホーム等運営支援"",""避難行動要支援者支援の推進"",""福祉資金貸付"",""福祉人材育成・研修センター運営事業"",""保健医療福祉総合プラザ維持運営"",""保健福祉サービス苦情審査会運営"",""保健福祉サービス質の向上の推進"",""保健福祉運営事務（烏山）"",""保健福祉運営事務（砧）"",""保健福祉運営事務（玉川）"",""保健福祉運営事務（世田谷）"",""保健福祉運営事務（北沢）"",""保健福祉政策部運営事業"",""保健福祉政策部庶務事務"",""民生委員等活動"",""路上生活対策事業"",""老人保健施設整備助成""],""related_revenues"":[{""revenue_detail_id"":""rd_2026_general_revenue_15_01_02_02_26_3595110000"",""revenue_hierarchy"":[""財産収入"",""財産運用収入"",""利子及配当金"",""基金利子"",""地域保健福祉等推進基金""],""amount_attribution_status"":""not_available""},{""revenue_detail_id"":""rd_2026_general_revenue_16_01_02_03_01_3595110000"",""revenue_hierarchy"":[""寄附金"",""寄附金"",""指定寄附金"",""民生費"",""地域保健福祉等推進基金""],""amount_attribution_status"":""not_available""}]}","high","approve","B_strong_structural・確信度highの一括承認ルールにより承認"
"bpi_089a00966b0f4c20fbc57d45c0cfc53a705b6e1c52172b20e2208c12d311e0a7","住宅手当緊急特別措置事業","一般会計","民生費","社会福祉費","社会福祉総務費","保健福祉政策部 生活福祉課","46914","生活の安心と地域福祉を支える","responds_to","公式予算の会計・款・項・目と事業名から「生活の安心と地域福祉を支える」との構造的な関係が強い候補として整理した。これはみらい議会の探索用整理であり、区の公式な課題分類ではない。","B_strong_structural","{""matched_rule_id"":""livelihood-security-and-community-welfare-official-structure"",""budget_item_key"":""2026_general_expenditure_03_01_01"",""identity_fields"":{""display_program_name"":""住宅手当緊急特別措置事業"",""hierarchy"":[""民生費"",""社会福祉費"",""社会福祉総務費""],""department_display_name"":""保健福祉政策部 生活福祉課"",""amount_thousand_yen"":46914},""member_programs"":[{""program_id"":""2026_general_expenditure_03_01_01_03_83_01"",""major_program_name"":""その他の社会福祉事業費"",""budget_program_name"":""住宅手当緊急特別措置事業"",""detail_program_name"":""住宅手当緊急特別措置事業"",""source_file"":""ippansaisyutu.csv"",""source_row_number"":9558}],""same_budget_item_other_program_names"":[""ケアハウス整備促進等事業"",""ケアマネジメントの総合的推進"",""ひきこもり対策"",""ボランティア施設改修"",""ボランティア団体等援助"",""移動困難者の移送システム"",""医療的ケア児（者）支援の充実"",""医療的ケア児の笑顔を支える基金積立金"",""介護人材確保・定着支援事業"",""介護保険事業会計繰出金"",""旧軍人等の援護"",""後期高齢者医療会計繰出金"",""行旅病人及死亡人取扱"",""高齢福祉部運営事業"",""高齢福祉部庶務事務"",""国民健康保険事業会計繰出金"",""災害時ボランティア受入体制整備事業"",""社会福祉協議会運営助成"",""社会福祉事業団運営助成"",""社会福祉法人に対する高齢者施設整備助成"",""社会福祉法人に対する障害者施設整備助成"",""社会福祉法人の認可・指導検査"",""終活支援センター運営事業"",""住民税非課税世帯等への価格高騰重点支援給付金支給"",""障害者グループホーム整備助成"",""障害者サービス広報事業"",""障害者差別解消推進"",""障害者施設整備促進等事業"",""障害者福祉施策の計画・調整"",""障害認定審査事務運営"",""障害福祉部庶務事務"",""心身障害者医療費助成"",""世田谷区地域福祉推進事業"",""世田谷保健福祉センター分室維持管理"",""成年後見制度"",""生活安定支援事業"",""生活困窮者自立促進支援事業"",""生活保健事務（烏山）"",""生活保健事務（砧）"",""生活保健事務（玉川）"",""生活保健事務（世田谷）"",""生活保健事務（北沢）"",""専門的人材の確保・養成事業"",""相談員業務（烏山）"",""相談員業務（砧）"",""相談員業務（玉川）"",""相談員業務（世田谷）"",""相談員業務（北沢）"",""地域福祉活動等促進事業"",""地域福祉資源開発事業"",""地域保健福祉審議会の運営"",""地域保健福祉等推進基金積立金"",""地域密着型サービス拠点等整備助成"",""地区高齢者見守りネットワーク事業"",""特定中国残留邦人等支援事業"",""特別区区民葬儀助成事業"",""特別養護老人ホーム等運営支援"",""避難行動要支援者支援の推進"",""福祉資金貸付"",""福祉人材育成・研修センター運営事業"",""保健医療福祉総合プラザ維持運営"",""保健福祉サービス苦情審査会運営"",""保健福祉サービス質の向上の推進"",""保健福祉運営事務（烏山）"",""保健福祉運営事務（砧）"",""保健福祉運営事務（玉川）"",""保健福祉運営事務（世田谷）"",""保健福祉運営事務（北沢）"",""保健福祉政策部運営事業"",""保健福祉政策部庶務事務"",""民生委員等活動"",""路上生活対策事業"",""老人保健施設整備助成""],""related_revenues"":[{""revenue_detail_id"":""rd_2026_general_revenue_13_01_01_31_06_3595200000"",""revenue_hierarchy"":[""国庫支出金"",""国庫負担金"",""民生費負担金"",""生活困窮者自立相談支援事業費等負担金"",""生活困窮者住居確保給付金""],""amount_attribution_status"":""not_available""},{""revenue_detail_id"":""rd_2026_general_revenue_13_01_01_45_02_3595200000"",""revenue_hierarchy"":[""国庫支出金"",""国庫負担金"",""民生費負担金"",""重層的支援体制整備事業"",""生活困窮者自立相談支援事業費（住宅確保）""],""amount_attribution_status"":""not_available""}]}","high","approve","B_strong_structural・確信度highの一括承認ルールにより承認"
"bpi_f7d2954f58007fc2550025f5f7aa57178b65a3a25aa88f2eccae5efc18117e42","避難行動要支援者支援の推進","一般会計","民生費","社会福祉費","社会福祉総務費","保健福祉政策部 保福推進課","45642","生活の安心と地域福祉を支える","responds_to","公式予算の会計・款・項・目と事業名から「生活の安心と地域福祉を支える」との構造的な関係が強い候補として整理した。これはみらい議会の探索用整理であり、区の公式な課題分類ではない。","B_strong_structural","{""matched_rule_id"":""livelihood-security-and-community-welfare-official-structure"",""budget_item_key"":""2026_general_expenditure_03_01_01"",""identity_fields"":{""display_program_name"":""避難行動要支援者支援の推進"",""hierarchy"":[""民生費"",""社会福祉費"",""社会福祉総務費""],""department_display_name"":""保健福祉政策部 保福推進課"",""amount_thousand_yen"":45642},""member_programs"":[{""program_id"":""2026_general_expenditure_03_01_01_06_02_01"",""major_program_name"":""その他の社会福祉事業費（２）"",""budget_program_name"":""避難行動要支援者支援の推進"",""detail_program_name"":""避難行動要支援者支援の推進"",""source_file"":""ippansaisyutu.csv"",""source_row_number"":9540}],""same_budget_item_other_program_names"":[""ケアハウス整備促進等事業"",""ケアマネジメントの総合的推進"",""ひきこもり対策"",""ボランティア施設改修"",""ボランティア団体等援助"",""移動困難者の移送システム"",""医療的ケア児（者）支援の充実"",""医療的ケア児の笑顔を支える基金積立金"",""介護人材確保・定着支援事業"",""介護保険事業会計繰出金"",""旧軍人等の援護"",""後期高齢者医療会計繰出金"",""行旅病人及死亡人取扱"",""高齢福祉部運営事業"",""高齢福祉部庶務事務"",""国民健康保険事業会計繰出金"",""災害時ボランティア受入体制整備事業"",""社会福祉協議会運営助成"",""社会福祉事業団運営助成"",""社会福祉法人に対する高齢者施設整備助成"",""社会福祉法人に対する障害者施設整備助成"",""社会福祉法人の認可・指導検査"",""終活支援センター運営事業"",""住宅手当緊急特別措置事業"",""住民税非課税世帯等への価格高騰重点支援給付金支給"",""障害者グループホーム整備助成"",""障害者サービス広報事業"",""障害者差別解消推進"",""障害者施設整備促進等事業"",""障害者福祉施策の計画・調整"",""障害認定審査事務運営"",""障害福祉部庶務事務"",""心身障害者医療費助成"",""世田谷区地域福祉推進事業"",""世田谷保健福祉センター分室維持管理"",""成年後見制度"",""生活安定支援事業"",""生活困窮者自立促進支援事業"",""生活保健事務（烏山）"",""生活保健事務（砧）"",""生活保健事務（玉川）"",""生活保健事務（世田谷）"",""生活保健事務（北沢）"",""専門的人材の確保・養成事業"",""相談員業務（烏山）"",""相談員業務（砧）"",""相談員業務（玉川）"",""相談員業務（世田谷）"",""相談員業務（北沢）"",""地域福祉活動等促進事業"",""地域福祉資源開発事業"",""地域保健福祉審議会の運営"",""地域保健福祉等推進基金積立金"",""地域密着型サービス拠点等整備助成"",""地区高齢者見守りネットワーク事業"",""特定中国残留邦人等支援事業"",""特別区区民葬儀助成事業"",""特別養護老人ホーム等運営支援"",""福祉資金貸付"",""福祉人材育成・研修センター運営事業"",""保健医療福祉総合プラザ維持運営"",""保健福祉サービス苦情審査会運営"",""保健福祉サービス質の向上の推進"",""保健福祉運営事務（烏山）"",""保健福祉運営事務（砧）"",""保健福祉運営事務（玉川）"",""保健福祉運営事務（世田谷）"",""保健福祉運営事務（北沢）"",""保健福祉政策部運営事業"",""保健福祉政策部庶務事務"",""民生委員等活動"",""路上生活対策事業"",""老人保健施設整備助成""],""related_revenues"":[{""revenue_detail_id"":""rd_2026_general_revenue_14_02_02_60_64_3595150000"",""revenue_hierarchy"":[""都支出金"",""都補助金"",""民生費補助金"",""地域福祉推進区市町村包括補助事業"",""災害時要配慮者支援体制の整備""],""amount_attribution_status"":""not_available""}]}","high","approve","B_strong_structural・確信度highの一括承認ルールにより承認"
"bpi_bfa673964bc0e45fbcadbde15b82b585b4c949a022d9038f050b7b1571a6a694","特定中国残留邦人等支援事業","一般会計","民生費","社会福祉費","社会福祉総務費","保健福祉政策部 生活福祉課","45611","生活の安心と地域福祉を支える","responds_to","公式予算の会計・款・項・目と事業名から「生活の安心と地域福祉を支える」との構造的な関係が強い候補として整理した。これはみらい議会の探索用整理であり、区の公式な課題分類ではない。","B_strong_structural","{""matched_rule_id"":""livelihood-security-and-community-welfare-official-structure"",""budget_item_key"":""2026_general_expenditure_03_01_01"",""identity_fields"":{""display_program_name"":""特定中国残留邦人等支援事業"",""hierarchy"":[""民生費"",""社会福祉費"",""社会福祉総務費""],""department_display_name"":""保健福祉政策部 生活福祉課"",""amount_thousand_yen"":45611},""member_programs"":[{""program_id"":""2026_general_expenditure_03_01_01_03_73_01"",""major_program_name"":""その他の社会福祉事業費"",""budget_program_name"":""特定中国残留邦人等支援事業"",""detail_program_name"":""特定中国残留邦人等支援事業"",""source_file"":""ippansaisyutu.csv"",""source_row_number"":9555}],""same_budget_item_other_program_names"":[""ケアハウス整備促進等事業"",""ケアマネジメントの総合的推進"",""ひきこもり対策"",""ボランティア施設改修"",""ボランティア団体等援助"",""移動困難者の移送システム"",""医療的ケア児（者）支援の充実"",""医療的ケア児の笑顔を支える基金積立金"",""介護人材確保・定着支援事業"",""介護保険事業会計繰出金"",""旧軍人等の援護"",""後期高齢者医療会計繰出金"",""行旅病人及死亡人取扱"",""高齢福祉部運営事業"",""高齢福祉部庶務事務"",""国民健康保険事業会計繰出金"",""災害時ボランティア受入体制整備事業"",""社会福祉協議会運営助成"",""社会福祉事業団運営助成"",""社会福祉法人に対する高齢者施設整備助成"",""社会福祉法人に対する障害者施設整備助成"",""社会福祉法人の認可・指導検査"",""終活支援センター運営事業"",""住宅手当緊急特別措置事業"",""住民税非課税世帯等への価格高騰重点支援給付金支給"",""障害者グループホーム整備助成"",""障害者サービス広報事業"",""障害者差別解消推進"",""障害者施設整備促進等事業"",""障害者福祉施策の計画・調整"",""障害認定審査事務運営"",""障害福祉部庶務事務"",""心身障害者医療費助成"",""世田谷区地域福祉推進事業"",""世田谷保健福祉センター分室維持管理"",""成年後見制度"",""生活安定支援事業"",""生活困窮者自立促進支援事業"",""生活保健事務（烏山）"",""生活保健事務（砧）"",""生活保健事務（玉川）"",""生活保健事務（世田谷）"",""生活保健事務（北沢）"",""専門的人材の確保・養成事業"",""相談員業務（烏山）"",""相談員業務（砧）"",""相談員業務（玉川）"",""相談員業務（世田谷）"",""相談員業務（北沢）"",""地域福祉活動等促進事業"",""地域福祉資源開発事業"",""地域保健福祉審議会の運営"",""地域保健福祉等推進基金積立金"",""地域密着型サービス拠点等整備助成"",""地区高齢者見守りネットワーク事業"",""特別区区民葬儀助成事業"",""特別養護老人ホーム等運営支援"",""避難行動要支援者支援の推進"",""福祉資金貸付"",""福祉人材育成・研修センター運営事業"",""保健医療福祉総合プラザ維持運営"",""保健福祉サービス苦情審査会運営"",""保健福祉サービス質の向上の推進"",""保健福祉運営事務（烏山）"",""保健福祉運営事務（砧）"",""保健福祉運営事務（玉川）"",""保健福祉運営事務（世田谷）"",""保健福祉運営事務（北沢）"",""保健福祉政策部運営事業"",""保健福祉政策部庶務事務"",""民生委員等活動"",""路上生活対策事業"",""老人保健施設整備助成""],""related_revenues"":[{""revenue_detail_id"":""rd_2026_general_revenue_13_01_01_23_02_3595200000"",""revenue_hierarchy"":[""国庫支出金"",""国庫負担金"",""民生費負担金"",""特定中国残留邦人等支援事業"",""特定中国残留邦人等支援事業費（生活扶助費等）""],""amount_attribution_status"":""not_available""},{""revenue_detail_id"":""rd_2026_general_revenue_13_01_01_23_03_3595200000"",""revenue_hierarchy"":[""国庫支出金"",""国庫負担金"",""民生費負担金"",""特定中国残留邦人等支援事業"",""特定中国残留邦人等支援事業費（医療扶助費等）""],""amount_attribution_status"":""not_available""},{""revenue_detail_id"":""rd_2026_general_revenue_13_01_01_23_04_3595200000"",""revenue_hierarchy"":[""国庫支出金"",""国庫負担金"",""民生費負担金"",""特定中国残留邦人等支援事業"",""特定中国残留邦人等支援事業費（介護扶助費等）""],""amount_attribution_status"":""not_available""},{""revenue_detail_id"":""rd_2026_general_revenue_13_02_01_56_03_3595200000"",""revenue_hierarchy"":[""国庫支出金"",""国庫補助金"",""民生費補助金"",""生活困窮者就労準備支援事業費等補助金"",""中国残留邦人等地域生活支援事業""],""amount_attribution_status"":""not_available""},{""revenue_detail_id"":""rd_2026_general_revenue_13_03_01_05_01_3595200000"",""revenue_hierarchy"":[""国庫支出金"",""国庫委託金"",""民生費委託金"",""特定中国残留邦人等支援事業"",""特定中国残留邦人等支援事業費""],""amount_attribution_status"":""not_available""},{""revenue_detail_id"":""rd_2026_general_revenue_19_06_01_05_01_3595200000"",""revenue_hierarchy"":[""諸収入"",""雑入"",""弁償金"",""特定中国残留邦人等に係る支援給付"",""特定中国残留邦人等に係る支援給付費の弁償金""],""amount_attribution_status"":""not_available""},{""revenue_detail_id"":""rd_2026_general_revenue_19_06_09_52_08_3595200000"",""revenue_hierarchy"":[""諸収入"",""雑入"",""雑入"",""返還金・戻入金（２）"",""特定中国残留邦人等に係る支援給付費""],""amount_attribution_status"":""not_available""}]}","high","approve","B_strong_structural・確信度highの一括承認ルールにより承認"
"bpi_34b03f75119ccb780953439dd183ea67af99e552a11b058a7e4eaffa8a9e2678","社会福祉法人に対する高齢者施設整備助成","一般会計","民生費","社会福祉費","社会福祉総務費","高齢福祉部 高齢福祉課","43448","生活の安心と地域福祉を支える","responds_to","公式予算の会計・款・項・目と事業名から「生活の安心と地域福祉を支える」との構造的な関係が強い候補として整理した。これはみらい議会の探索用整理であり、区の公式な課題分類ではない。","B_strong_structural","{""matched_rule_id"":""livelihood-security-and-community-welfare-official-structure"",""budget_item_key"":""2026_general_expenditure_03_01_01"",""identity_fields"":{""display_program_name"":""社会福祉法人に対する高齢者施設整備助成"",""hierarchy"":[""民生費"",""社会福祉費"",""社会福祉総務費""],""department_display_name"":""高齢福祉部 高齢福祉課"",""amount_thousand_yen"":43448},""member_programs"":[{""program_id"":""2026_general_expenditure_03_01_01_03_24_01"",""major_program_name"":""その他の社会福祉事業費"",""budget_program_name"":""社会福祉法人に対する高齢者施設整備助成"",""detail_program_name"":""社会福祉法人に対する高齢者施設整備助成"",""source_file"":""ippansaisyutu.csv"",""source_row_number"":9616}],""same_budget_item_other_program_names"":[""ケアハウス整備促進等事業"",""ケアマネジメントの総合的推進"",""ひきこもり対策"",""ボランティア施設改修"",""ボランティア団体等援助"",""移動困難者の移送システム"",""医療的ケア児（者）支援の充実"",""医療的ケア児の笑顔を支える基金積立金"",""介護人材確保・定着支援事業"",""介護保険事業会計繰出金"",""旧軍人等の援護"",""後期高齢者医療会計繰出金"",""行旅病人及死亡人取扱"",""高齢福祉部運営事業"",""高齢福祉部庶務事務"",""国民健康保険事業会計繰出金"",""災害時ボランティア受入体制整備事業"",""社会福祉協議会運営助成"",""社会福祉事業団運営助成"",""社会福祉法人に対する障害者施設整備助成"",""社会福祉法人の認可・指導検査"",""終活支援センター運営事業"",""住宅手当緊急特別措置事業"",""住民税非課税世帯等への価格高騰重点支援給付金支給"",""障害者グループホーム整備助成"",""障害者サービス広報事業"",""障害者差別解消推進"",""障害者施設整備促進等事業"",""障害者福祉施策の計画・調整"",""障害認定審査事務運営"",""障害福祉部庶務事務"",""心身障害者医療費助成"",""世田谷区地域福祉推進事業"",""世田谷保健福祉センター分室維持管理"",""成年後見制度"",""生活安定支援事業"",""生活困窮者自立促進支援事業"",""生活保健事務（烏山）"",""生活保健事務（砧）"",""生活保健事務（玉川）"",""生活保健事務（世田谷）"",""生活保健事務（北沢）"",""専門的人材の確保・養成事業"",""相談員業務（烏山）"",""相談員業務（砧）"",""相談員業務（玉川）"",""相談員業務（世田谷）"",""相談員業務（北沢）"",""地域福祉活動等促進事業"",""地域福祉資源開発事業"",""地域保健福祉審議会の運営"",""地域保健福祉等推進基金積立金"",""地域密着型サービス拠点等整備助成"",""地区高齢者見守りネットワーク事業"",""特定中国残留邦人等支援事業"",""特別区区民葬儀助成事業"",""特別養護老人ホーム等運営支援"",""避難行動要支援者支援の推進"",""福祉資金貸付"",""福祉人材育成・研修センター運営事業"",""保健医療福祉総合プラザ維持運営"",""保健福祉サービス苦情審査会運営"",""保健福祉サービス質の向上の推進"",""保健福祉運営事務（烏山）"",""保健福祉運営事務（砧）"",""保健福祉運営事務（玉川）"",""保健福祉運営事務（世田谷）"",""保健福祉運営事務（北沢）"",""保健福祉政策部運営事業"",""保健福祉政策部庶務事務"",""民生委員等活動"",""路上生活対策事業"",""老人保健施設整備助成""],""related_revenues"":[]}","high","approve","B_strong_structural・確信度highの一括承認ルールにより承認"
"bpi_a33d743660c3da7742fdcb1d17202433abc28ca5689e0a3cc242d738d47e278a","災害時ボランティア受入体制整備事業","一般会計","民生費","社会福祉費","社会福祉総務費","保健福祉政策部 生活福祉課","43366","生活の安心と地域福祉を支える","responds_to","公式予算の会計・款・項・目と事業名から「生活の安心と地域福祉を支える」との構造的な関係が強い候補として整理した。これはみらい議会の探索用整理であり、区の公式な課題分類ではない。","B_strong_structural","{""matched_rule_id"":""livelihood-security-and-community-welfare-official-structure"",""budget_item_key"":""2026_general_expenditure_03_01_01"",""identity_fields"":{""display_program_name"":""災害時ボランティア受入体制整備事業"",""hierarchy"":[""民生費"",""社会福祉費"",""社会福祉総務費""],""department_display_name"":""保健福祉政策部 生活福祉課"",""amount_thousand_yen"":43366},""member_programs"":[{""program_id"":""2026_general_expenditure_03_01_01_06_04_01"",""major_program_name"":""その他の社会福祉事業費（２）"",""budget_program_name"":""災害時ボランティア受入体制整備事業"",""detail_program_name"":""災害時ボランティア受入体制整備事業"",""source_file"":""ippansaisyutu.csv"",""source_row_number"":9562}],""same_budget_item_other_program_names"":[""ケアハウス整備促進等事業"",""ケアマネジメントの総合的推進"",""ひきこもり対策"",""ボランティア施設改修"",""ボランティア団体等援助"",""移動困難者の移送システム"",""医療的ケア児（者）支援の充実"",""医療的ケア児の笑顔を支える基金積立金"",""介護人材確保・定着支援事業"",""介護保険事業会計繰出金"",""旧軍人等の援護"",""後期高齢者医療会計繰出金"",""行旅病人及死亡人取扱"",""高齢福祉部運営事業"",""高齢福祉部庶務事務"",""国民健康保険事業会計繰出金"",""社会福祉協議会運営助成"",""社会福祉事業団運営助成"",""社会福祉法人に対する高齢者施設整備助成"",""社会福祉法人に対する障害者施設整備助成"",""社会福祉法人の認可・指導検査"",""終活支援センター運営事業"",""住宅手当緊急特別措置事業"",""住民税非課税世帯等への価格高騰重点支援給付金支給"",""障害者グループホーム整備助成"",""障害者サービス広報事業"",""障害者差別解消推進"",""障害者施設整備促進等事業"",""障害者福祉施策の計画・調整"",""障害認定審査事務運営"",""障害福祉部庶務事務"",""心身障害者医療費助成"",""世田谷区地域福祉推進事業"",""世田谷保健福祉センター分室維持管理"",""成年後見制度"",""生活安定支援事業"",""生活困窮者自立促進支援事業"",""生活保健事務（烏山）"",""生活保健事務（砧）"",""生活保健事務（玉川）"",""生活保健事務（世田谷）"",""生活保健事務（北沢）"",""専門的人材の確保・養成事業"",""相談員業務（烏山）"",""相談員業務（砧）"",""相談員業務（玉川）"",""相談員業務（世田谷）"",""相談員業務（北沢）"",""地域福祉活動等促進事業"",""地域福祉資源開発事業"",""地域保健福祉審議会の運営"",""地域保健福祉等推進基金積立金"",""地域密着型サービス拠点等整備助成"",""地区高齢者見守りネットワーク事業"",""特定中国残留邦人等支援事業"",""特別区区民葬儀助成事業"",""特別養護老人ホーム等運営支援"",""避難行動要支援者支援の推進"",""福祉資金貸付"",""福祉人材育成・研修センター運営事業"",""保健医療福祉総合プラザ維持運営"",""保健福祉サービス苦情審査会運営"",""保健福祉サービス質の向上の推進"",""保健福祉運営事務（烏山）"",""保健福祉運営事務（砧）"",""保健福祉運営事務（玉川）"",""保健福祉運営事務（世田谷）"",""保健福祉運営事務（北沢）"",""保健福祉政策部運営事業"",""保健福祉政策部庶務事務"",""民生委員等活動"",""路上生活対策事業"",""老人保健施設整備助成""],""related_revenues"":[]}","high","approve","B_strong_structural・確信度highの一括承認ルールにより承認"
"bpi_fd8fda780e6171e66868717ab2d1cd7c47adf41c2de5a88c416f4ae51c158d5c","医療的ケア児（者）支援の充実","一般会計","民生費","社会福祉費","社会福祉総務費","障害福祉部 障害保健福祉課","41748","生活の安心と地域福祉を支える","responds_to","公式予算の会計・款・項・目と事業名から「生活の安心と地域福祉を支える」との構造的な関係が強い候補として整理した。これはみらい議会の探索用整理であり、区の公式な課題分類ではない。","B_strong_structural","{""matched_rule_id"":""livelihood-security-and-community-welfare-official-structure"",""budget_item_key"":""2026_general_expenditure_03_01_01"",""identity_fields"":{""display_program_name"":""医療的ケア児（者）支援の充実"",""hierarchy"":[""民生費"",""社会福祉費"",""社会福祉総務費""],""department_display_name"":""障害福祉部 障害保健福祉課"",""amount_thousand_yen"":41748},""member_programs"":[{""program_id"":""2026_general_expenditure_03_01_01_06_07_01"",""major_program_name"":""その他の社会福祉事業費（２）"",""budget_program_name"":""医療的ケア児（者）支援の充実"",""detail_program_name"":""医療的ケア児（者）支援の充実"",""source_file"":""ippansaisyutu.csv"",""source_row_number"":9756}],""same_budget_item_other_program_names"":[""ケアハウス整備促進等事業"",""ケアマネジメントの総合的推進"",""ひきこもり対策"",""ボランティア施設改修"",""ボランティア団体等援助"",""移動困難者の移送システム"",""医療的ケア児の笑顔を支える基金積立金"",""介護人材確保・定着支援事業"",""介護保険事業会計繰出金"",""旧軍人等の援護"",""後期高齢者医療会計繰出金"",""行旅病人及死亡人取扱"",""高齢福祉部運営事業"",""高齢福祉部庶務事務"",""国民健康保険事業会計繰出金"",""災害時ボランティア受入体制整備事業"",""社会福祉協議会運営助成"",""社会福祉事業団運営助成"",""社会福祉法人に対する高齢者施設整備助成"",""社会福祉法人に対する障害者施設整備助成"",""社会福祉法人の認可・指導検査"",""終活支援センター運営事業"",""住宅手当緊急特別措置事業"",""住民税非課税世帯等への価格高騰重点支援給付金支給"",""障害者グループホーム整備助成"",""障害者サービス広報事業"",""障害者差別解消推進"",""障害者施設整備促進等事業"",""障害者福祉施策の計画・調整"",""障害認定審査事務運営"",""障害福祉部庶務事務"",""心身障害者医療費助成"",""世田谷区地域福祉推進事業"",""世田谷保健福祉センター分室維持管理"",""成年後見制度"",""生活安定支援事業"",""生活困窮者自立促進支援事業"",""生活保健事務（烏山）"",""生活保健事務（砧）"",""生活保健事務（玉川）"",""生活保健事務（世田谷）"",""生活保健事務（北沢）"",""専門的人材の確保・養成事業"",""相談員業務（烏山）"",""相談員業務（砧）"",""相談員業務（玉川）"",""相談員業務（世田谷）"",""相談員業務（北沢）"",""地域福祉活動等促進事業"",""地域福祉資源開発事業"",""地域保健福祉審議会の運営"",""地域保健福祉等推進基金積立金"",""地域密着型サービス拠点等整備助成"",""地区高齢者見守りネットワーク事業"",""特定中国残留邦人等支援事業"",""特別区区民葬儀助成事業"",""特別養護老人ホーム等運営支援"",""避難行動要支援者支援の推進"",""福祉資金貸付"",""福祉人材育成・研修センター運営事業"",""保健医療福祉総合プラザ維持運営"",""保健福祉サービス苦情審査会運営"",""保健福祉サービス質の向上の推進"",""保健福祉運営事務（烏山）"",""保健福祉運営事務（砧）"",""保健福祉運営事務（玉川）"",""保健福祉運営事務（世田谷）"",""保健福祉運営事務（北沢）"",""保健福祉政策部運営事業"",""保健福祉政策部庶務事務"",""民生委員等活動"",""路上生活対策事業"",""老人保健施設整備助成""],""related_revenues"":[{""revenue_detail_id"":""rd_2026_general_revenue_14_02_02_40_52_3655300000"",""revenue_hierarchy"":[""都支出金"",""都補助金"",""民生費補助金"",""保健医療政策区市町村包括補助事業費"",""医療連携推進協議会""],""amount_attribution_status"":""not_available""},{""revenue_detail_id"":""rd_2026_general_revenue_17_01_46_01_01_3655300000"",""revenue_hierarchy"":[""繰入金"",""基金繰入金"",""医療的ケア児の笑顔を支える基金繰入金"",""医療的ケア児の笑顔を支える基金"",""医療的ケア児の笑顔を支える基金""],""amount_attribution_status"":""not_available""}]}","high","approve","B_strong_structural・確信度highの一括承認ルールにより承認"
"bpi_ce206546ffe54b616fcf76bef029d2fe7a391b692116062b14f73be8c077b8a5","保健福祉政策部運営事業","一般会計","民生費","社会福祉費","社会福祉総務費","保健福祉政策部 保健福祉政策課","41500","生活の安心と地域福祉を支える","responds_to","公式予算の会計・款・項・目と事業名から「生活の安心と地域福祉を支える」との構造的な関係が強い候補として整理した。これはみらい議会の探索用整理であり、区の公式な課題分類ではない。","B_strong_structural","{""matched_rule_id"":""livelihood-security-and-community-welfare-official-structure"",""budget_item_key"":""2026_general_expenditure_03_01_01"",""identity_fields"":{""display_program_name"":""保健福祉政策部運営事業"",""hierarchy"":[""民生費"",""社会福祉費"",""社会福祉総務費""],""department_display_name"":""保健福祉政策部 保健福祉政策課"",""amount_thousand_yen"":41500},""member_programs"":[{""program_id"":""2026_general_expenditure_03_01_01_06_13_01"",""major_program_name"":""その他の社会福祉事業費（２）"",""budget_program_name"":""保健福祉政策部運営事業"",""detail_program_name"":""保健福祉政策部運営事業"",""source_file"":""ippansaisyutu.csv"",""source_row_number"":9534}],""same_budget_item_other_program_names"":[""ケアハウス整備促進等事業"",""ケアマネジメントの総合的推進"",""ひきこもり対策"",""ボランティア施設改修"",""ボランティア団体等援助"",""移動困難者の移送システム"",""医療的ケア児（者）支援の充実"",""医療的ケア児の笑顔を支える基金積立金"",""介護人材確保・定着支援事業"",""介護保険事業会計繰出金"",""旧軍人等の援護"",""後期高齢者医療会計繰出金"",""行旅病人及死亡人取扱"",""高齢福祉部運営事業"",""高齢福祉部庶務事務"",""国民健康保険事業会計繰出金"",""災害時ボランティア受入体制整備事業"",""社会福祉協議会運営助成"",""社会福祉事業団運営助成"",""社会福祉法人に対する高齢者施設整備助成"",""社会福祉法人に対する障害者施設整備助成"",""社会福祉法人の認可・指導検査"",""終活支援センター運営事業"",""住宅手当緊急特別措置事業"",""住民税非課税世帯等への価格高騰重点支援給付金支給"",""障害者グループホーム整備助成"",""障害者サービス広報事業"",""障害者差別解消推進"",""障害者施設整備促進等事業"",""障害者福祉施策の計画・調整"",""障害認定審査事務運営"",""障害福祉部庶務事務"",""心身障害者医療費助成"",""世田谷区地域福祉推進事業"",""世田谷保健福祉センター分室維持管理"",""成年後見制度"",""生活安定支援事業"",""生活困窮者自立促進支援事業"",""生活保健事務（烏山）"",""生活保健事務（砧）"",""生活保健事務（玉川）"",""生活保健事務（世田谷）"",""生活保健事務（北沢）"",""専門的人材の確保・養成事業"",""相談員業務（烏山）"",""相談員業務（砧）"",""相談員業務（玉川）"",""相談員業務（世田谷）"",""相談員業務（北沢）"",""地域福祉活動等促進事業"",""地域福祉資源開発事業"",""地域保健福祉審議会の運営"",""地域保健福祉等推進基金積立金"",""地域密着型サービス拠点等整備助成"",""地区高齢者見守りネットワーク事業"",""特定中国残留邦人等支援事業"",""特別区区民葬儀助成事業"",""特別養護老人ホーム等運営支援"",""避難行動要支援者支援の推進"",""福祉資金貸付"",""福祉人材育成・研修センター運営事業"",""保健医療福祉総合プラザ維持運営"",""保健福祉サービス苦情審査会運営"",""保健福祉サービス質の向上の推進"",""保健福祉運営事務（烏山）"",""保健福祉運営事務（砧）"",""保健福祉運営事務（玉川）"",""保健福祉運営事務（世田谷）"",""保健福祉運営事務（北沢）"",""保健福祉政策部庶務事務"",""民生委員等活動"",""路上生活対策事業"",""老人保健施設整備助成""],""related_revenues"":[{""revenue_detail_id"":""rd_2026_general_revenue_14_02_02_60_85_3595110000"",""revenue_hierarchy"":[""都支出金"",""都補助金"",""民生費補助金"",""地域福祉推進区市町村包括補助事業"",""保健福祉政策部運営事業""],""amount_attribution_status"":""not_available""},{""revenue_detail_id"":""rd_2026_general_revenue_14_02_05_40_01_3595110000"",""revenue_hierarchy"":[""都支出金"",""都補助金"",""産業経済費補助金"",""東京都地域人材確保総合支援事業"",""福祉人材確保対策事業""],""amount_attribution_status"":""not_available""}]}","high","approve","B_strong_structural・確信度highの一括承認ルールにより承認"
"bpi_626ba2a51b9c462a4f7a5d54988d18fe15de9f101795c6b8a3a2cc2525a0ffed","高齢福祉部運営事業","一般会計","民生費","社会福祉費","社会福祉総務費","高齢福祉部 高齢福祉課","39734","生活の安心と地域福祉を支える","responds_to","公式予算の会計・款・項・目と事業名から「生活の安心と地域福祉を支える」との構造的な関係が強い候補として整理した。これはみらい議会の探索用整理であり、区の公式な課題分類ではない。","B_strong_structural","{""matched_rule_id"":""livelihood-security-and-community-welfare-official-structure"",""budget_item_key"":""2026_general_expenditure_03_01_01"",""identity_fields"":{""display_program_name"":""高齢福祉部運営事業"",""hierarchy"":[""民生費"",""社会福祉費"",""社会福祉総務費""],""department_display_name"":""高齢福祉部 高齢福祉課"",""amount_thousand_yen"":39734},""member_programs"":[{""program_id"":""2026_general_expenditure_03_01_01_03_99_01"",""major_program_name"":""その他の社会福祉事業費"",""budget_program_name"":""高齢福祉部運営事業"",""detail_program_name"":""高齢福祉部運営事業"",""source_file"":""ippansaisyutu.csv"",""source_row_number"":9622}],""same_budget_item_other_program_names"":[""ケアハウス整備促進等事業"",""ケアマネジメントの総合的推進"",""ひきこもり対策"",""ボランティア施設改修"",""ボランティア団体等援助"",""移動困難者の移送システム"",""医療的ケア児（者）支援の充実"",""医療的ケア児の笑顔を支える基金積立金"",""介護人材確保・定着支援事業"",""介護保険事業会計繰出金"",""旧軍人等の援護"",""後期高齢者医療会計繰出金"",""行旅病人及死亡人取扱"",""高齢福祉部庶務事務"",""国民健康保険事業会計繰出金"",""災害時ボランティア受入体制整備事業"",""社会福祉協議会運営助成"",""社会福祉事業団運営助成"",""社会福祉法人に対する高齢者施設整備助成"",""社会福祉法人に対する障害者施設整備助成"",""社会福祉法人の認可・指導検査"",""終活支援センター運営事業"",""住宅手当緊急特別措置事業"",""住民税非課税世帯等への価格高騰重点支援給付金支給"",""障害者グループホーム整備助成"",""障害者サービス広報事業"",""障害者差別解消推進"",""障害者施設整備促進等事業"",""障害者福祉施策の計画・調整"",""障害認定審査事務運営"",""障害福祉部庶務事務"",""心身障害者医療費助成"",""世田谷区地域福祉推進事業"",""世田谷保健福祉センター分室維持管理"",""成年後見制度"",""生活安定支援事業"",""生活困窮者自立促進支援事業"",""生活保健事務（烏山）"",""生活保健事務（砧）"",""生活保健事務（玉川）"",""生活保健事務（世田谷）"",""生活保健事務（北沢）"",""専門的人材の確保・養成事業"",""相談員業務（烏山）"",""相談員業務（砧）"",""相談員業務（玉川）"",""相談員業務（世田谷）"",""相談員業務（北沢）"",""地域福祉活動等促進事業"",""地域福祉資源開発事業"",""地域保健福祉審議会の運営"",""地域保健福祉等推進基金積立金"",""地域密着型サービス拠点等整備助成"",""地区高齢者見守りネットワーク事業"",""特定中国残留邦人等支援事業"",""特別区区民葬儀助成事業"",""特別養護老人ホーム等運営支援"",""避難行動要支援者支援の推進"",""福祉資金貸付"",""福祉人材育成・研修センター運営事業"",""保健医療福祉総合プラザ維持運営"",""保健福祉サービス苦情審査会運営"",""保健福祉サービス質の向上の推進"",""保健福祉運営事務（烏山）"",""保健福祉運営事務（砧）"",""保健福祉運営事務（玉川）"",""保健福祉運営事務（世田谷）"",""保健福祉運営事務（北沢）"",""保健福祉政策部運営事業"",""保健福祉政策部庶務事務"",""民生委員等活動"",""路上生活対策事業"",""老人保健施設整備助成""],""related_revenues"":[{""revenue_detail_id"":""rd_2026_general_revenue_14_02_08_79_01_3645100000"",""revenue_hierarchy"":[""都支出金"",""都補助金"",""民生費補助金（２）"",""地域におけるケアプランデータ連携システム活用促進事業"",""地域におけるケアプランデータ連携システム活用促進事業""],""amount_attribution_status"":""not_available""}]}","high","approve","B_strong_structural・確信度highの一括承認ルールにより承認"
"bpi_e37200b5d66987b8f4daa766792ac35dbd8e92d31f0fbc0b8e646d9a492e17b2","移動困難者の移送システム","一般会計","民生費","社会福祉費","社会福祉総務費","障害福祉部 障害地域生活課","36693","生活の安心と地域福祉を支える","responds_to","公式予算の会計・款・項・目と事業名から「生活の安心と地域福祉を支える」との構造的な関係が強い候補として整理した。これはみらい議会の探索用整理であり、区の公式な課題分類ではない。","B_strong_structural","{""matched_rule_id"":""livelihood-security-and-community-welfare-official-structure"",""budget_item_key"":""2026_general_expenditure_03_01_01"",""identity_fields"":{""display_program_name"":""移動困難者の移送システム"",""hierarchy"":[""民生費"",""社会福祉費"",""社会福祉総務費""],""department_display_name"":""障害福祉部 障害地域生活課"",""amount_thousand_yen"":36693},""member_programs"":[{""program_id"":""2026_general_expenditure_03_01_01_03_34_01"",""major_program_name"":""その他の社会福祉事業費"",""budget_program_name"":""移動困難者の移送システム"",""detail_program_name"":""移動困難者の移送システム"",""source_file"":""ippansaisyutu.csv"",""source_row_number"":9739}],""same_budget_item_other_program_names"":[""ケアハウス整備促進等事業"",""ケアマネジメントの総合的推進"",""ひきこもり対策"",""ボランティア施設改修"",""ボランティア団体等援助"",""医療的ケア児（者）支援の充実"",""医療的ケア児の笑顔を支える基金積立金"",""介護人材確保・定着支援事業"",""介護保険事業会計繰出金"",""旧軍人等の援護"",""後期高齢者医療会計繰出金"",""行旅病人及死亡人取扱"",""高齢福祉部運営事業"",""高齢福祉部庶務事務"",""国民健康保険事業会計繰出金"",""災害時ボランティア受入体制整備事業"",""社会福祉協議会運営助成"",""社会福祉事業団運営助成"",""社会福祉法人に対する高齢者施設整備助成"",""社会福祉法人に対する障害者施設整備助成"",""社会福祉法人の認可・指導検査"",""終活支援センター運営事業"",""住宅手当緊急特別措置事業"",""住民税非課税世帯等への価格高騰重点支援給付金支給"",""障害者グループホーム整備助成"",""障害者サービス広報事業"",""障害者差別解消推進"",""障害者施設整備促進等事業"",""障害者福祉施策の計画・調整"",""障害認定審査事務運営"",""障害福祉部庶務事務"",""心身障害者医療費助成"",""世田谷区地域福祉推進事業"",""世田谷保健福祉センター分室維持管理"",""成年後見制度"",""生活安定支援事業"",""生活困窮者自立促進支援事業"",""生活保健事務（烏山）"",""生活保健事務（砧）"",""生活保健事務（玉川）"",""生活保健事務（世田谷）"",""生活保健事務（北沢）"",""専門的人材の確保・養成事業"",""相談員業務（烏山）"",""相談員業務（砧）"",""相談員業務（玉川）"",""相談員業務（世田谷）"",""相談員業務（北沢）"",""地域福祉活動等促進事業"",""地域福祉資源開発事業"",""地域保健福祉審議会の運営"",""地域保健福祉等推進基金積立金"",""地域密着型サービス拠点等整備助成"",""地区高齢者見守りネットワーク事業"",""特定中国残留邦人等支援事業"",""特別区区民葬儀助成事業"",""特別養護老人ホーム等運営支援"",""避難行動要支援者支援の推進"",""福祉資金貸付"",""福祉人材育成・研修センター運営事業"",""保健医療福祉総合プラザ維持運営"",""保健福祉サービス苦情審査会運営"",""保健福祉サービス質の向上の推進"",""保健福祉運営事務（烏山）"",""保健福祉運営事務（砧）"",""保健福祉運営事務（玉川）"",""保健福祉運営事務（世田谷）"",""保健福祉運営事務（北沢）"",""保健福祉政策部運営事業"",""保健福祉政策部庶務事務"",""民生委員等活動"",""路上生活対策事業"",""老人保健施設整備助成""],""related_revenues"":[{""revenue_detail_id"":""rd_2026_general_revenue_14_02_02_24_02_3655200000"",""revenue_hierarchy"":[""都支出金"",""都補助金"",""民生費補助金"",""地域福祉推進事業費"",""地域福祉推進事業（移送サービス）""],""amount_attribution_status"":""not_available""},{""revenue_detail_id"":""rd_2026_general_revenue_14_02_02_44_03_3655200000"",""revenue_hierarchy"":[""都支出金"",""都補助金"",""民生費補助金"",""障害者施策推進区市町村包括補助事業費"",""高齢者・障害者等のための移送システム""],""amount_attribution_status"":""not_available""}]}","high","approve","B_strong_structural・確信度highの一括承認ルールにより承認"
"bpi_611fa5b6c957992e4782608e8a6472641341ce042adaaad0d9fdb53299f132c2","障害者福祉施策の計画・調整","一般会計","民生費","社会福祉費","社会福祉総務費","障害福祉部 障害施策課","30316","生活の安心と地域福祉を支える","responds_to","公式予算の会計・款・項・目と事業名から「生活の安心と地域福祉を支える」との構造的な関係が強い候補として整理した。これはみらい議会の探索用整理であり、区の公式な課題分類ではない。","B_strong_structural","{""matched_rule_id"":""livelihood-security-and-community-welfare-official-structure"",""budget_item_key"":""2026_general_expenditure_03_01_01"",""identity_fields"":{""display_program_name"":""障害者福祉施策の計画・調整"",""hierarchy"":[""民生費"",""社会福祉費"",""社会福祉総務費""],""department_display_name"":""障害福祉部 障害施策課"",""amount_thousand_yen"":30316},""member_programs"":[{""program_id"":""2026_general_expenditure_03_01_01_03_37_01"",""major_program_name"":""その他の社会福祉事業費"",""budget_program_name"":""障害者福祉施策の計画・調整"",""detail_program_name"":""障害者福祉施策の計画・調整"",""source_file"":""ippansaisyutu.csv"",""source_row_number"":9702}],""same_budget_item_other_program_names"":[""ケアハウス整備促進等事業"",""ケアマネジメントの総合的推進"",""ひきこもり対策"",""ボランティア施設改修"",""ボランティア団体等援助"",""移動困難者の移送システム"",""医療的ケア児（者）支援の充実"",""医療的ケア児の笑顔を支える基金積立金"",""介護人材確保・定着支援事業"",""介護保険事業会計繰出金"",""旧軍人等の援護"",""後期高齢者医療会計繰出金"",""行旅病人及死亡人取扱"",""高齢福祉部運営事業"",""高齢福祉部庶務事務"",""国民健康保険事業会計繰出金"",""災害時ボランティア受入体制整備事業"",""社会福祉協議会運営助成"",""社会福祉事業団運営助成"",""社会福祉法人に対する高齢者施設整備助成"",""社会福祉法人に対する障害者施設整備助成"",""社会福祉法人の認可・指導検査"",""終活支援センター運営事業"",""住宅手当緊急特別措置事業"",""住民税非課税世帯等への価格高騰重点支援給付金支給"",""障害者グループホーム整備助成"",""障害者サービス広報事業"",""障害者差別解消推進"",""障害者施設整備促進等事業"",""障害認定審査事務運営"",""障害福祉部庶務事務"",""心身障害者医療費助成"",""世田谷区地域福祉推進事業"",""世田谷保健福祉センター分室維持管理"",""成年後見制度"",""生活安定支援事業"",""生活困窮者自立促進支援事業"",""生活保健事務（烏山）"",""生活保健事務（砧）"",""生活保健事務（玉川）"",""生活保健事務（世田谷）"",""生活保健事務（北沢）"",""専門的人材の確保・養成事業"",""相談員業務（烏山）"",""相談員業務（砧）"",""相談員業務（玉川）"",""相談員業務（世田谷）"",""相談員業務（北沢）"",""地域福祉活動等促進事業"",""地域福祉資源開発事業"",""地域保健福祉審議会の運営"",""地域保健福祉等推進基金積立金"",""地域密着型サービス拠点等整備助成"",""地区高齢者見守りネットワーク事業"",""特定中国残留邦人等支援事業"",""特別区区民葬儀助成事業"",""特別養護老人ホーム等運営支援"",""避難行動要支援者支援の推進"",""福祉資金貸付"",""福祉人材育成・研修センター運営事業"",""保健医療福祉総合プラザ維持運営"",""保健福祉サービス苦情審査会運営"",""保健福祉サービス質の向上の推進"",""保健福祉運営事務（烏山）"",""保健福祉運営事務（砧）"",""保健福祉運営事務（玉川）"",""保健福祉運営事務（世田谷）"",""保健福祉運営事務（北沢）"",""保健福祉政策部運営事業"",""保健福祉政策部庶務事務"",""民生委員等活動"",""路上生活対策事業"",""老人保健施設整備助成""],""related_revenues"":[{""revenue_detail_id"":""rd_2026_general_revenue_13_02_01_69_06_3655100000"",""revenue_hierarchy"":[""国庫支出金"",""国庫補助金"",""民生費補助金"",""地域生活支援促進事業費"",""精神障害・地域包括ケアシステム推進（協議の場の設置）""],""amount_attribution_status"":""not_available""},{""revenue_detail_id"":""rd_2026_general_revenue_14_03_03_01_04_3655100000"",""revenue_hierarchy"":[""都支出金"",""都委託金"",""民生費委託金"",""民生統計費"",""全国障害児・者等実態調査""],""amount_attribution_status"":""not_available""}]}","high","approve","B_strong_structural・確信度highの一括承認ルールにより承認"
"bpi_55bd2f80d9eec103377685682d3e45d6b3840c49d3c1f38e9a6dee3a2c7fb796","ケアハウス整備促進等事業","一般会計","民生費","社会福祉費","社会福祉総務費","高齢福祉部 高齢福祉課","27040","生活の安心と地域福祉を支える","responds_to","公式予算の会計・款・項・目と事業名から「生活の安心と地域福祉を支える」との構造的な関係が強い候補として整理した。これはみらい議会の探索用整理であり、区の公式な課題分類ではない。","B_strong_structural","{""matched_rule_id"":""livelihood-security-and-community-welfare-official-structure"",""budget_item_key"":""2026_general_expenditure_03_01_01"",""identity_fields"":{""display_program_name"":""ケアハウス整備促進等事業"",""hierarchy"":[""民生費"",""社会福祉費"",""社会福祉総務費""],""department_display_name"":""高齢福祉部 高齢福祉課"",""amount_thousand_yen"":27040},""member_programs"":[{""program_id"":""2026_general_expenditure_03_01_01_03_89_01"",""major_program_name"":""その他の社会福祉事業費"",""budget_program_name"":""ケアハウス整備促進等事業"",""detail_program_name"":""ケアハウス整備促進等事業"",""source_file"":""ippansaisyutu.csv"",""source_row_number"":9619}],""same_budget_item_other_program_names"":[""ケアマネジメントの総合的推進"",""ひきこもり対策"",""ボランティア施設改修"",""ボランティア団体等援助"",""移動困難者の移送システム"",""医療的ケア児（者）支援の充実"",""医療的ケア児の笑顔を支える基金積立金"",""介護人材確保・定着支援事業"",""介護保険事業会計繰出金"",""旧軍人等の援護"",""後期高齢者医療会計繰出金"",""行旅病人及死亡人取扱"",""高齢福祉部運営事業"",""高齢福祉部庶務事務"",""国民健康保険事業会計繰出金"",""災害時ボランティア受入体制整備事業"",""社会福祉協議会運営助成"",""社会福祉事業団運営助成"",""社会福祉法人に対する高齢者施設整備助成"",""社会福祉法人に対する障害者施設整備助成"",""社会福祉法人の認可・指導検査"",""終活支援センター運営事業"",""住宅手当緊急特別措置事業"",""住民税非課税世帯等への価格高騰重点支援給付金支給"",""障害者グループホーム整備助成"",""障害者サービス広報事業"",""障害者差別解消推進"",""障害者施設整備促進等事業"",""障害者福祉施策の計画・調整"",""障害認定審査事務運営"",""障害福祉部庶務事務"",""心身障害者医療費助成"",""世田谷区地域福祉推進事業"",""世田谷保健福祉センター分室維持管理"",""成年後見制度"",""生活安定支援事業"",""生活困窮者自立促進支援事業"",""生活保健事務（烏山）"",""生活保健事務（砧）"",""生活保健事務（玉川）"",""生活保健事務（世田谷）"",""生活保健事務（北沢）"",""専門的人材の確保・養成事業"",""相談員業務（烏山）"",""相談員業務（砧）"",""相談員業務（玉川）"",""相談員業務（世田谷）"",""相談員業務（北沢）"",""地域福祉活動等促進事業"",""地域福祉資源開発事業"",""地域保健福祉審議会の運営"",""地域保健福祉等推進基金積立金"",""地域密着型サービス拠点等整備助成"",""地区高齢者見守りネットワーク事業"",""特定中国残留邦人等支援事業"",""特別区区民葬儀助成事業"",""特別養護老人ホーム等運営支援"",""避難行動要支援者支援の推進"",""福祉資金貸付"",""福祉人材育成・研修センター運営事業"",""保健医療福祉総合プラザ維持運営"",""保健福祉サービス苦情審査会運営"",""保健福祉サービス質の向上の推進"",""保健福祉運営事務（烏山）"",""保健福祉運営事務（砧）"",""保健福祉運営事務（玉川）"",""保健福祉運営事務（世田谷）"",""保健福祉運営事務（北沢）"",""保健福祉政策部運営事業"",""保健福祉政策部庶務事務"",""民生委員等活動"",""路上生活対策事業"",""老人保健施設整備助成""],""related_revenues"":[{""revenue_detail_id"":""rd_2026_general_revenue_14_02_02_01_94_3645100000"",""revenue_hierarchy"":[""都支出金"",""都補助金"",""民生費補助金"",""老人福祉諸費"",""都市型軽費老人ホーム""],""amount_attribution_status"":""not_available""}]}","high","approve","B_strong_structural・確信度highの一括承認ルールにより承認"
"bpi_71371e2cb82f0cfbd7e49dfd8879ed5a649cbdfa23fc73715110842b3e37cfd0","特別区区民葬儀助成事業","一般会計","民生費","社会福祉費","社会福祉総務費","保健福祉政策部 生活福祉課","23949","生活の安心と地域福祉を支える","responds_to","公式予算の会計・款・項・目と事業名から「生活の安心と地域福祉を支える」との構造的な関係が強い候補として整理した。これはみらい議会の探索用整理であり、区の公式な課題分類ではない。","B_strong_structural","{""matched_rule_id"":""livelihood-security-and-community-welfare-official-structure"",""budget_item_key"":""2026_general_expenditure_03_01_01"",""identity_fields"":{""display_program_name"":""特別区区民葬儀助成事業"",""hierarchy"":[""民生費"",""社会福祉費"",""社会福祉総務費""],""department_display_name"":""保健福祉政策部 生活福祉課"",""amount_thousand_yen"":23949},""member_programs"":[{""program_id"":""2026_general_expenditure_03_01_01_06_25_01"",""major_program_name"":""その他の社会福祉事業費（２）"",""budget_program_name"":""特別区区民葬儀助成事業"",""detail_program_name"":""特別区区民葬儀助成事業"",""source_file"":""ippansaisyutu.csv"",""source_row_number"":9565}],""same_budget_item_other_program_names"":[""ケアハウス整備促進等事業"",""ケアマネジメントの総合的推進"",""ひきこもり対策"",""ボランティア施設改修"",""ボランティア団体等援助"",""移動困難者の移送システム"",""医療的ケア児（者）支援の充実"",""医療的ケア児の笑顔を支える基金積立金"",""介護人材確保・定着支援事業"",""介護保険事業会計繰出金"",""旧軍人等の援護"",""後期高齢者医療会計繰出金"",""行旅病人及死亡人取扱"",""高齢福祉部運営事業"",""高齢福祉部庶務事務"",""国民健康保険事業会計繰出金"",""災害時ボランティア受入体制整備事業"",""社会福祉協議会運営助成"",""社会福祉事業団運営助成"",""社会福祉法人に対する高齢者施設整備助成"",""社会福祉法人に対する障害者施設整備助成"",""社会福祉法人の認可・指導検査"",""終活支援センター運営事業"",""住宅手当緊急特別措置事業"",""住民税非課税世帯等への価格高騰重点支援給付金支給"",""障害者グループホーム整備助成"",""障害者サービス広報事業"",""障害者差別解消推進"",""障害者施設整備促進等事業"",""障害者福祉施策の計画・調整"",""障害認定審査事務運営"",""障害福祉部庶務事務"",""心身障害者医療費助成"",""世田谷区地域福祉推進事業"",""世田谷保健福祉センター分室維持管理"",""成年後見制度"",""生活安定支援事業"",""生活困窮者自立促進支援事業"",""生活保健事務（烏山）"",""生活保健事務（砧）"",""生活保健事務（玉川）"",""生活保健事務（世田谷）"",""生活保健事務（北沢）"",""専門的人材の確保・養成事業"",""相談員業務（烏山）"",""相談員業務（砧）"",""相談員業務（玉川）"",""相談員業務（世田谷）"",""相談員業務（北沢）"",""地域福祉活動等促進事業"",""地域福祉資源開発事業"",""地域保健福祉審議会の運営"",""地域保健福祉等推進基金積立金"",""地域密着型サービス拠点等整備助成"",""地区高齢者見守りネットワーク事業"",""特定中国残留邦人等支援事業"",""特別養護老人ホーム等運営支援"",""避難行動要支援者支援の推進"",""福祉資金貸付"",""福祉人材育成・研修センター運営事業"",""保健医療福祉総合プラザ維持運営"",""保健福祉サービス苦情審査会運営"",""保健福祉サービス質の向上の推進"",""保健福祉運営事務（烏山）"",""保健福祉運営事務（砧）"",""保健福祉運営事務（玉川）"",""保健福祉運営事務（世田谷）"",""保健福祉運営事務（北沢）"",""保健福祉政策部運営事業"",""保健福祉政策部庶務事務"",""民生委員等活動"",""路上生活対策事業"",""老人保健施設整備助成""],""related_revenues"":[]}","high","approve","B_strong_structural・確信度highの一括承認ルールにより承認"
"bpi_cf2e631b033922fd91a45185ea24bfc936b7b0e16fa962f7c9b7808d1627810a","路上生活対策事業","一般会計","民生費","社会福祉費","社会福祉総務費","保健福祉政策部 生活福祉課","20876","生活の安心と地域福祉を支える","responds_to","公式予算の会計・款・項・目と事業名から「生活の安心と地域福祉を支える」との構造的な関係が強い候補として整理した。これはみらい議会の探索用整理であり、区の公式な課題分類ではない。","B_strong_structural","{""matched_rule_id"":""livelihood-security-and-community-welfare-official-structure"",""budget_item_key"":""2026_general_expenditure_03_01_01"",""identity_fields"":{""display_program_name"":""路上生活対策事業"",""hierarchy"":[""民生費"",""社会福祉費"",""社会福祉総務費""],""department_display_name"":""保健福祉政策部 生活福祉課"",""amount_thousand_yen"":20876},""member_programs"":[{""program_id"":""2026_general_expenditure_03_01_01_03_75_01"",""major_program_name"":""その他の社会福祉事業費"",""budget_program_name"":""路上生活対策事業"",""detail_program_name"":""路上生活対策事業"",""source_file"":""ippansaisyutu.csv"",""source_row_number"":9556}],""same_budget_item_other_program_names"":[""ケアハウス整備促進等事業"",""ケアマネジメントの総合的推進"",""ひきこもり対策"",""ボランティア施設改修"",""ボランティア団体等援助"",""移動困難者の移送システム"",""医療的ケア児（者）支援の充実"",""医療的ケア児の笑顔を支える基金積立金"",""介護人材確保・定着支援事業"",""介護保険事業会計繰出金"",""旧軍人等の援護"",""後期高齢者医療会計繰出金"",""行旅病人及死亡人取扱"",""高齢福祉部運営事業"",""高齢福祉部庶務事務"",""国民健康保険事業会計繰出金"",""災害時ボランティア受入体制整備事業"",""社会福祉協議会運営助成"",""社会福祉事業団運営助成"",""社会福祉法人に対する高齢者施設整備助成"",""社会福祉法人に対する障害者施設整備助成"",""社会福祉法人の認可・指導検査"",""終活支援センター運営事業"",""住宅手当緊急特別措置事業"",""住民税非課税世帯等への価格高騰重点支援給付金支給"",""障害者グループホーム整備助成"",""障害者サービス広報事業"",""障害者差別解消推進"",""障害者施設整備促進等事業"",""障害者福祉施策の計画・調整"",""障害認定審査事務運営"",""障害福祉部庶務事務"",""心身障害者医療費助成"",""世田谷区地域福祉推進事業"",""世田谷保健福祉センター分室維持管理"",""成年後見制度"",""生活安定支援事業"",""生活困窮者自立促進支援事業"",""生活保健事務（烏山）"",""生活保健事務（砧）"",""生活保健事務（玉川）"",""生活保健事務（世田谷）"",""生活保健事務（北沢）"",""専門的人材の確保・養成事業"",""相談員業務（烏山）"",""相談員業務（砧）"",""相談員業務（玉川）"",""相談員業務（世田谷）"",""相談員業務（北沢）"",""地域福祉活動等促進事業"",""地域福祉資源開発事業"",""地域保健福祉審議会の運営"",""地域保健福祉等推進基金積立金"",""地域密着型サービス拠点等整備助成"",""地区高齢者見守りネットワーク事業"",""特定中国残留邦人等支援事業"",""特別区区民葬儀助成事業"",""特別養護老人ホーム等運営支援"",""避難行動要支援者支援の推進"",""福祉資金貸付"",""福祉人材育成・研修センター運営事業"",""保健医療福祉総合プラザ維持運営"",""保健福祉サービス苦情審査会運営"",""保健福祉サービス質の向上の推進"",""保健福祉運営事務（烏山）"",""保健福祉運営事務（砧）"",""保健福祉運営事務（玉川）"",""保健福祉運営事務（世田谷）"",""保健福祉運営事務（北沢）"",""保健福祉政策部運営事業"",""保健福祉政策部庶務事務"",""民生委員等活動"",""老人保健施設整備助成""],""related_revenues"":[]}","high","approve","B_strong_structural・確信度highの一括承認ルールにより承認"
"bpi_e72384395b2ae9e534a1102546ee3354bb8fedb525293cd58df6409b1fd24a9c","障害認定審査事務運営","一般会計","民生費","社会福祉費","社会福祉総務費","障害福祉部 障害施策課","19783","生活の安心と地域福祉を支える","responds_to","公式予算の会計・款・項・目と事業名から「生活の安心と地域福祉を支える」との構造的な関係が強い候補として整理した。これはみらい議会の探索用整理であり、区の公式な課題分類ではない。","B_strong_structural","{""matched_rule_id"":""livelihood-security-and-community-welfare-official-structure"",""budget_item_key"":""2026_general_expenditure_03_01_01"",""identity_fields"":{""display_program_name"":""障害認定審査事務運営"",""hierarchy"":[""民生費"",""社会福祉費"",""社会福祉総務費""],""department_display_name"":""障害福祉部 障害施策課"",""amount_thousand_yen"":19783},""member_programs"":[{""program_id"":""2026_general_expenditure_03_01_01_03_76_01"",""major_program_name"":""その他の社会福祉事業費"",""budget_program_name"":""障害認定審査事務運営"",""detail_program_name"":""障害認定審査事務運営"",""source_file"":""ippansaisyutu.csv"",""source_row_number"":9703}],""same_budget_item_other_program_names"":[""ケアハウス整備促進等事業"",""ケアマネジメントの総合的推進"",""ひきこもり対策"",""ボランティア施設改修"",""ボランティア団体等援助"",""移動困難者の移送システム"",""医療的ケア児（者）支援の充実"",""医療的ケア児の笑顔を支える基金積立金"",""介護人材確保・定着支援事業"",""介護保険事業会計繰出金"",""旧軍人等の援護"",""後期高齢者医療会計繰出金"",""行旅病人及死亡人取扱"",""高齢福祉部運営事業"",""高齢福祉部庶務事務"",""国民健康保険事業会計繰出金"",""災害時ボランティア受入体制整備事業"",""社会福祉協議会運営助成"",""社会福祉事業団運営助成"",""社会福祉法人に対する高齢者施設整備助成"",""社会福祉法人に対する障害者施設整備助成"",""社会福祉法人の認可・指導検査"",""終活支援センター運営事業"",""住宅手当緊急特別措置事業"",""住民税非課税世帯等への価格高騰重点支援給付金支給"",""障害者グループホーム整備助成"",""障害者サービス広報事業"",""障害者差別解消推進"",""障害者施設整備促進等事業"",""障害者福祉施策の計画・調整"",""障害福祉部庶務事務"",""心身障害者医療費助成"",""世田谷区地域福祉推進事業"",""世田谷保健福祉センター分室維持管理"",""成年後見制度"",""生活安定支援事業"",""生活困窮者自立促進支援事業"",""生活保健事務（烏山）"",""生活保健事務（砧）"",""生活保健事務（玉川）"",""生活保健事務（世田谷）"",""生活保健事務（北沢）"",""専門的人材の確保・養成事業"",""相談員業務（烏山）"",""相談員業務（砧）"",""相談員業務（玉川）"",""相談員業務（世田谷）"",""相談員業務（北沢）"",""地域福祉活動等促進事業"",""地域福祉資源開発事業"",""地域保健福祉審議会の運営"",""地域保健福祉等推進基金積立金"",""地域密着型サービス拠点等整備助成"",""地区高齢者見守りネットワーク事業"",""特定中国残留邦人等支援事業"",""特別区区民葬儀助成事業"",""特別養護老人ホーム等運営支援"",""避難行動要支援者支援の推進"",""福祉資金貸付"",""福祉人材育成・研修センター運営事業"",""保健医療福祉総合プラザ維持運営"",""保健福祉サービス苦情審査会運営"",""保健福祉サービス質の向上の推進"",""保健福祉運営事務（烏山）"",""保健福祉運営事務（砧）"",""保健福祉運営事務（玉川）"",""保健福祉運営事務（世田谷）"",""保健福祉運営事務（北沢）"",""保健福祉政策部運営事業"",""保健福祉政策部庶務事務"",""民生委員等活動"",""路上生活対策事業"",""老人保健施設整備助成""],""related_revenues"":[]}","high","approve","B_strong_structural・確信度highの一括承認ルールにより承認"
"bpi_cc02c06bd27e851f4bde266884eb400e89082afa4877ebe05650fd2a2c7e800d","医療的ケア児の笑顔を支える基金積立金","一般会計","民生費","社会福祉費","社会福祉総務費","障害福祉部 障害保健福祉課","18746","生活の安心と地域福祉を支える","responds_to","公式予算の会計・款・項・目と事業名から「生活の安心と地域福祉を支える」との構造的な関係が強い候補として整理した。これはみらい議会の探索用整理であり、区の公式な課題分類ではない。","B_strong_structural","{""matched_rule_id"":""livelihood-security-and-community-welfare-official-structure"",""budget_item_key"":""2026_general_expenditure_03_01_01"",""identity_fields"":{""display_program_name"":""医療的ケア児の笑顔を支える基金積立金"",""hierarchy"":[""民生費"",""社会福祉費"",""社会福祉総務費""],""department_display_name"":""障害福祉部 障害保健福祉課"",""amount_thousand_yen"":18746},""member_programs"":[{""program_id"":""2026_general_expenditure_03_01_01_06_20_01"",""major_program_name"":""その他の社会福祉事業費（２）"",""budget_program_name"":""医療的ケア児の笑顔を支える基金積立金"",""detail_program_name"":""医療的ケア児の笑顔を支える基金積立金"",""source_file"":""ippansaisyutu.csv"",""source_row_number"":9757}],""same_budget_item_other_program_names"":[""ケアハウス整備促進等事業"",""ケアマネジメントの総合的推進"",""ひきこもり対策"",""ボランティア施設改修"",""ボランティア団体等援助"",""移動困難者の移送システム"",""医療的ケア児（者）支援の充実"",""介護人材確保・定着支援事業"",""介護保険事業会計繰出金"",""旧軍人等の援護"",""後期高齢者医療会計繰出金"",""行旅病人及死亡人取扱"",""高齢福祉部運営事業"",""高齢福祉部庶務事務"",""国民健康保険事業会計繰出金"",""災害時ボランティア受入体制整備事業"",""社会福祉協議会運営助成"",""社会福祉事業団運営助成"",""社会福祉法人に対する高齢者施設整備助成"",""社会福祉法人に対する障害者施設整備助成"",""社会福祉法人の認可・指導検査"",""終活支援センター運営事業"",""住宅手当緊急特別措置事業"",""住民税非課税世帯等への価格高騰重点支援給付金支給"",""障害者グループホーム整備助成"",""障害者サービス広報事業"",""障害者差別解消推進"",""障害者施設整備促進等事業"",""障害者福祉施策の計画・調整"",""障害認定審査事務運営"",""障害福祉部庶務事務"",""心身障害者医療費助成"",""世田谷区地域福祉推進事業"",""世田谷保健福祉センター分室維持管理"",""成年後見制度"",""生活安定支援事業"",""生活困窮者自立促進支援事業"",""生活保健事務（烏山）"",""生活保健事務（砧）"",""生活保健事務（玉川）"",""生活保健事務（世田谷）"",""生活保健事務（北沢）"",""専門的人材の確保・養成事業"",""相談員業務（烏山）"",""相談員業務（砧）"",""相談員業務（玉川）"",""相談員業務（世田谷）"",""相談員業務（北沢）"",""地域福祉活動等促進事業"",""地域福祉資源開発事業"",""地域保健福祉審議会の運営"",""地域保健福祉等推進基金積立金"",""地域密着型サービス拠点等整備助成"",""地区高齢者見守りネットワーク事業"",""特定中国残留邦人等支援事業"",""特別区区民葬儀助成事業"",""特別養護老人ホーム等運営支援"",""避難行動要支援者支援の推進"",""福祉資金貸付"",""福祉人材育成・研修センター運営事業"",""保健医療福祉総合プラザ維持運営"",""保健福祉サービス苦情審査会運営"",""保健福祉サービス質の向上の推進"",""保健福祉運営事務（烏山）"",""保健福祉運営事務（砧）"",""保健福祉運営事務（玉川）"",""保健福祉運営事務（世田谷）"",""保健福祉運営事務（北沢）"",""保健福祉政策部運営事業"",""保健福祉政策部庶務事務"",""民生委員等活動"",""路上生活対策事業"",""老人保健施設整備助成""],""related_revenues"":[{""revenue_detail_id"":""rd_2026_general_revenue_15_01_02_02_54_3655300000"",""revenue_hierarchy"":[""財産収入"",""財産運用収入"",""利子及配当金"",""基金利子"",""医療的ケア児の笑顔を支える基金""],""amount_attribution_status"":""not_available""},{""revenue_detail_id"":""rd_2026_general_revenue_16_01_02_03_12_3655300000"",""revenue_hierarchy"":[""寄附金"",""寄附金"",""指定寄附金"",""民生費"",""医療的ケア児の笑顔を支える基金""],""amount_attribution_status"":""not_available""}]}","high","approve","B_strong_structural・確信度highの一括承認ルールにより承認"
"bpi_86996e86ad25e45cd66dee2fabc3073de76ae06d4b6921f24412af5af13e9193","地域福祉活動等促進事業","一般会計","民生費","社会福祉費","社会福祉総務費","保健福祉政策部 保健福祉政策課","17700","生活の安心と地域福祉を支える","responds_to","公式予算の会計・款・項・目と事業名から「生活の安心と地域福祉を支える」との構造的な関係が強い候補として整理した。これはみらい議会の探索用整理であり、区の公式な課題分類ではない。","B_strong_structural","{""matched_rule_id"":""livelihood-security-and-community-welfare-official-structure"",""budget_item_key"":""2026_general_expenditure_03_01_01"",""identity_fields"":{""display_program_name"":""地域福祉活動等促進事業"",""hierarchy"":[""民生費"",""社会福祉費"",""社会福祉総務費""],""department_display_name"":""保健福祉政策部 保健福祉政策課"",""amount_thousand_yen"":17700},""member_programs"":[{""program_id"":""2026_general_expenditure_03_01_01_03_72_01"",""major_program_name"":""その他の社会福祉事業費"",""budget_program_name"":""地域福祉活動等促進事業"",""detail_program_name"":""地域福祉活動等促進事業"",""source_file"":""ippansaisyutu.csv"",""source_row_number"":9530}],""same_budget_item_other_program_names"":[""ケアハウス整備促進等事業"",""ケアマネジメントの総合的推進"",""ひきこもり対策"",""ボランティア施設改修"",""ボランティア団体等援助"",""移動困難者の移送システム"",""医療的ケア児（者）支援の充実"",""医療的ケア児の笑顔を支える基金積立金"",""介護人材確保・定着支援事業"",""介護保険事業会計繰出金"",""旧軍人等の援護"",""後期高齢者医療会計繰出金"",""行旅病人及死亡人取扱"",""高齢福祉部運営事業"",""高齢福祉部庶務事務"",""国民健康保険事業会計繰出金"",""災害時ボランティア受入体制整備事業"",""社会福祉協議会運営助成"",""社会福祉事業団運営助成"",""社会福祉法人に対する高齢者施設整備助成"",""社会福祉法人に対する障害者施設整備助成"",""社会福祉法人の認可・指導検査"",""終活支援センター運営事業"",""住宅手当緊急特別措置事業"",""住民税非課税世帯等への価格高騰重点支援給付金支給"",""障害者グループホーム整備助成"",""障害者サービス広報事業"",""障害者差別解消推進"",""障害者施設整備促進等事業"",""障害者福祉施策の計画・調整"",""障害認定審査事務運営"",""障害福祉部庶務事務"",""心身障害者医療費助成"",""世田谷区地域福祉推進事業"",""世田谷保健福祉センター分室維持管理"",""成年後見制度"",""生活安定支援事業"",""生活困窮者自立促進支援事業"",""生活保健事務（烏山）"",""生活保健事務（砧）"",""生活保健事務（玉川）"",""生活保健事務（世田谷）"",""生活保健事務（北沢）"",""専門的人材の確保・養成事業"",""相談員業務（烏山）"",""相談員業務（砧）"",""相談員業務（玉川）"",""相談員業務（世田谷）"",""相談員業務（北沢）"",""地域福祉資源開発事業"",""地域保健福祉審議会の運営"",""地域保健福祉等推進基金積立金"",""地域密着型サービス拠点等整備助成"",""地区高齢者見守りネットワーク事業"",""特定中国残留邦人等支援事業"",""特別区区民葬儀助成事業"",""特別養護老人ホーム等運営支援"",""避難行動要支援者支援の推進"",""福祉資金貸付"",""福祉人材育成・研修センター運営事業"",""保健医療福祉総合プラザ維持運営"",""保健福祉サービス苦情審査会運営"",""保健福祉サービス質の向上の推進"",""保健福祉運営事務（烏山）"",""保健福祉運営事務（砧）"",""保健福祉運営事務（玉川）"",""保健福祉運営事務（世田谷）"",""保健福祉運営事務（北沢）"",""保健福祉政策部運営事業"",""保健福祉政策部庶務事務"",""民生委員等活動"",""路上生活対策事業"",""老人保健施設整備助成""],""related_revenues"":[{""revenue_detail_id"":""rd_2026_general_revenue_17_01_16_10_02_3595110000"",""revenue_hierarchy"":[""繰入金"",""基金繰入金"",""地域保健福祉等推進基金繰入金"",""地域福祉活動等促進事業"",""福祉施設等支援""],""amount_attribution_status"":""not_available""}]}","high","approve","B_strong_structural・確信度highの一括承認ルールにより承認"
"bpi_e7fa3b930e1be3fc765da0391c0432f4e98c9bbb9705a1ab280f9fce80bcc20d","障害者グループホーム整備助成","一般会計","民生費","社会福祉費","社会福祉総務費","障害福祉部 障害地域生活課","16472","生活の安心と地域福祉を支える","responds_to","公式予算の会計・款・項・目と事業名から「生活の安心と地域福祉を支える」との構造的な関係が強い候補として整理した。これはみらい議会の探索用整理であり、区の公式な課題分類ではない。","B_strong_structural","{""matched_rule_id"":""livelihood-security-and-community-welfare-official-structure"",""budget_item_key"":""2026_general_expenditure_03_01_01"",""identity_fields"":{""display_program_name"":""障害者グループホーム整備助成"",""hierarchy"":[""民生費"",""社会福祉費"",""社会福祉総務費""],""department_display_name"":""障害福祉部 障害地域生活課"",""amount_thousand_yen"":16472},""member_programs"":[{""program_id"":""2026_general_expenditure_03_01_01_03_33_01"",""major_program_name"":""その他の社会福祉事業費"",""budget_program_name"":""障害者グループホーム整備助成"",""detail_program_name"":""障害者グループホーム整備助成"",""source_file"":""ippansaisyutu.csv"",""source_row_number"":9738}],""same_budget_item_other_program_names"":[""ケアハウス整備促進等事業"",""ケアマネジメントの総合的推進"",""ひきこもり対策"",""ボランティア施設改修"",""ボランティア団体等援助"",""移動困難者の移送システム"",""医療的ケア児（者）支援の充実"",""医療的ケア児の笑顔を支える基金積立金"",""介護人材確保・定着支援事業"",""介護保険事業会計繰出金"",""旧軍人等の援護"",""後期高齢者医療会計繰出金"",""行旅病人及死亡人取扱"",""高齢福祉部運営事業"",""高齢福祉部庶務事務"",""国民健康保険事業会計繰出金"",""災害時ボランティア受入体制整備事業"",""社会福祉協議会運営助成"",""社会福祉事業団運営助成"",""社会福祉法人に対する高齢者施設整備助成"",""社会福祉法人に対する障害者施設整備助成"",""社会福祉法人の認可・指導検査"",""終活支援センター運営事業"",""住宅手当緊急特別措置事業"",""住民税非課税世帯等への価格高騰重点支援給付金支給"",""障害者サービス広報事業"",""障害者差別解消推進"",""障害者施設整備促進等事業"",""障害者福祉施策の計画・調整"",""障害認定審査事務運営"",""障害福祉部庶務事務"",""心身障害者医療費助成"",""世田谷区地域福祉推進事業"",""世田谷保健福祉センター分室維持管理"",""成年後見制度"",""生活安定支援事業"",""生活困窮者自立促進支援事業"",""生活保健事務（烏山）"",""生活保健事務（砧）"",""生活保健事務（玉川）"",""生活保健事務（世田谷）"",""生活保健事務（北沢）"",""専門的人材の確保・養成事業"",""相談員業務（烏山）"",""相談員業務（砧）"",""相談員業務（玉川）"",""相談員業務（世田谷）"",""相談員業務（北沢）"",""地域福祉活動等促進事業"",""地域福祉資源開発事業"",""地域保健福祉審議会の運営"",""地域保健福祉等推進基金積立金"",""地域密着型サービス拠点等整備助成"",""地区高齢者見守りネットワーク事業"",""特定中国残留邦人等支援事業"",""特別区区民葬儀助成事業"",""特別養護老人ホーム等運営支援"",""避難行動要支援者支援の推進"",""福祉資金貸付"",""福祉人材育成・研修センター運営事業"",""保健医療福祉総合プラザ維持運営"",""保健福祉サービス苦情審査会運営"",""保健福祉サービス質の向上の推進"",""保健福祉運営事務（烏山）"",""保健福祉運営事務（砧）"",""保健福祉運営事務（玉川）"",""保健福祉運営事務（世田谷）"",""保健福祉運営事務（北沢）"",""保健福祉政策部運営事業"",""保健福祉政策部庶務事務"",""民生委員等活動"",""路上生活対策事業"",""老人保健施設整備助成""],""related_revenues"":[]}","high","approve","B_strong_structural・確信度highの一括承認ルールにより承認"
"bpi_ebf1f3a64d011092e963d53f304265610bbb702c71be73dba92204b68992f62d","障害者差別解消推進","一般会計","民生費","社会福祉費","社会福祉総務費","障害福祉部 障害施策課","15504","生活の安心と地域福祉を支える","responds_to","公式予算の会計・款・項・目と事業名から「生活の安心と地域福祉を支える」との構造的な関係が強い候補として整理した。これはみらい議会の探索用整理であり、区の公式な課題分類ではない。","B_strong_structural","{""matched_rule_id"":""livelihood-security-and-community-welfare-official-structure"",""budget_item_key"":""2026_general_expenditure_03_01_01"",""identity_fields"":{""display_program_name"":""障害者差別解消推進"",""hierarchy"":[""民生費"",""社会福祉費"",""社会福祉総務費""],""department_display_name"":""障害福祉部 障害施策課"",""amount_thousand_yen"":15504},""member_programs"":[{""program_id"":""2026_general_expenditure_03_01_01_06_05_01"",""major_program_name"":""その他の社会福祉事業費（２）"",""budget_program_name"":""障害者差別解消推進"",""detail_program_name"":""障害者差別解消推進"",""source_file"":""ippansaisyutu.csv"",""source_row_number"":9704}],""same_budget_item_other_program_names"":[""ケアハウス整備促進等事業"",""ケアマネジメントの総合的推進"",""ひきこもり対策"",""ボランティア施設改修"",""ボランティア団体等援助"",""移動困難者の移送システム"",""医療的ケア児（者）支援の充実"",""医療的ケア児の笑顔を支える基金積立金"",""介護人材確保・定着支援事業"",""介護保険事業会計繰出金"",""旧軍人等の援護"",""後期高齢者医療会計繰出金"",""行旅病人及死亡人取扱"",""高齢福祉部運営事業"",""高齢福祉部庶務事務"",""国民健康保険事業会計繰出金"",""災害時ボランティア受入体制整備事業"",""社会福祉協議会運営助成"",""社会福祉事業団運営助成"",""社会福祉法人に対する高齢者施設整備助成"",""社会福祉法人に対する障害者施設整備助成"",""社会福祉法人の認可・指導検査"",""終活支援センター運営事業"",""住宅手当緊急特別措置事業"",""住民税非課税世帯等への価格高騰重点支援給付金支給"",""障害者グループホーム整備助成"",""障害者サービス広報事業"",""障害者施設整備促進等事業"",""障害者福祉施策の計画・調整"",""障害認定審査事務運営"",""障害福祉部庶務事務"",""心身障害者医療費助成"",""世田谷区地域福祉推進事業"",""世田谷保健福祉センター分室維持管理"",""成年後見制度"",""生活安定支援事業"",""生活困窮者自立促進支援事業"",""生活保健事務（烏山）"",""生活保健事務（砧）"",""生活保健事務（玉川）"",""生活保健事務（世田谷）"",""生活保健事務（北沢）"",""専門的人材の確保・養成事業"",""相談員業務（烏山）"",""相談員業務（砧）"",""相談員業務（玉川）"",""相談員業務（世田谷）"",""相談員業務（北沢）"",""地域福祉活動等促進事業"",""地域福祉資源開発事業"",""地域保健福祉審議会の運営"",""地域保健福祉等推進基金積立金"",""地域密着型サービス拠点等整備助成"",""地区高齢者見守りネットワーク事業"",""特定中国残留邦人等支援事業"",""特別区区民葬儀助成事業"",""特別養護老人ホーム等運営支援"",""避難行動要支援者支援の推進"",""福祉資金貸付"",""福祉人材育成・研修センター運営事業"",""保健医療福祉総合プラザ維持運営"",""保健福祉サービス苦情審査会運営"",""保健福祉サービス質の向上の推進"",""保健福祉運営事務（烏山）"",""保健福祉運営事務（砧）"",""保健福祉運営事務（玉川）"",""保健福祉運営事務（世田谷）"",""保健福祉運営事務（北沢）"",""保健福祉政策部運営事業"",""保健福祉政策部庶務事務"",""民生委員等活動"",""路上生活対策事業"",""老人保健施設整備助成""],""related_revenues"":[{""revenue_detail_id"":""rd_2026_general_revenue_13_02_01_32_50_3655100000"",""revenue_hierarchy"":[""国庫支出金"",""国庫補助金"",""民生費補助金"",""地域生活支援事業費"",""理解促進研修・啓発事業（障害理解促進事業）""],""amount_attribution_status"":""not_available""},{""revenue_detail_id"":""rd_2026_general_revenue_14_02_02_37_49_3655100000"",""revenue_hierarchy"":[""都支出金"",""都補助金"",""民生費補助金"",""地域生活支援事業費"",""理解促進研修・啓発事業（障害理解促進事業）""],""amount_attribution_status"":""not_available""},{""revenue_detail_id"":""rd_2026_general_revenue_14_02_02_44_68_3655100000"",""revenue_hierarchy"":[""都支出金"",""都補助金"",""民生費補助金"",""障害者施策推進区市町村包括補助事業費"",""ヘルプマーク活用推進事業""],""amount_attribution_status"":""not_available""},{""revenue_detail_id"":""rd_2026_general_revenue_14_02_02_44_69_3655100000"",""revenue_hierarchy"":[""都支出金"",""都補助金"",""民生費補助金"",""障害者施策推進区市町村包括補助事業費"",""差別解消支援地域協議会活動促進事業""],""amount_attribution_status"":""not_available""},{""revenue_detail_id"":""rd_2026_general_revenue_14_02_02_44_70_3655100000"",""revenue_hierarchy"":[""都支出金"",""都補助金"",""民生費補助金"",""障害者施策推進区市町村包括補助事業費"",""障害理解・地域共生社会推進事業""],""amount_attribution_status"":""not_available""},{""revenue_detail_id"":""rd_2026_general_revenue_17_01_16_16_01_3655100000"",""revenue_hierarchy"":[""繰入金"",""基金繰入金"",""地域保健福祉等推進基金繰入金"",""合理的配慮提供支援助成事業"",""合理的配慮提供支援助成事業""],""amount_attribution_status"":""not_available""}]}","high","approve","B_strong_structural・確信度highの一括承認ルールにより承認"
"bpi_c45fc671d24f612128d83a50871aaa520e65ff21ad04dc98fd7b1e1c26adddc1","専門的人材の確保・養成事業","一般会計","民生費","社会福祉費","社会福祉総務費","障害福祉部 障害施策課","15463","生活の安心と地域福祉を支える","responds_to","公式予算の会計・款・項・目と事業名から「生活の安心と地域福祉を支える」との構造的な関係が強い候補として整理した。これはみらい議会の探索用整理であり、区の公式な課題分類ではない。","B_strong_structural","{""matched_rule_id"":""livelihood-security-and-community-welfare-official-structure"",""budget_item_key"":""2026_general_expenditure_03_01_01"",""identity_fields"":{""display_program_name"":""専門的人材の確保・養成事業"",""hierarchy"":[""民生費"",""社会福祉費"",""社会福祉総務費""],""department_display_name"":""障害福祉部 障害施策課"",""amount_thousand_yen"":15463},""member_programs"":[{""program_id"":""2026_general_expenditure_03_01_01_06_23_01"",""major_program_name"":""その他の社会福祉事業費（２）"",""budget_program_name"":""専門的人材の確保・養成事業"",""detail_program_name"":""専門的人材の確保・養成事業"",""source_file"":""ippansaisyutu.csv"",""source_row_number"":9706}],""same_budget_item_other_program_names"":[""ケアハウス整備促進等事業"",""ケアマネジメントの総合的推進"",""ひきこもり対策"",""ボランティア施設改修"",""ボランティア団体等援助"",""移動困難者の移送システム"",""医療的ケア児（者）支援の充実"",""医療的ケア児の笑顔を支える基金積立金"",""介護人材確保・定着支援事業"",""介護保険事業会計繰出金"",""旧軍人等の援護"",""後期高齢者医療会計繰出金"",""行旅病人及死亡人取扱"",""高齢福祉部運営事業"",""高齢福祉部庶務事務"",""国民健康保険事業会計繰出金"",""災害時ボランティア受入体制整備事業"",""社会福祉協議会運営助成"",""社会福祉事業団運営助成"",""社会福祉法人に対する高齢者施設整備助成"",""社会福祉法人に対する障害者施設整備助成"",""社会福祉法人の認可・指導検査"",""終活支援センター運営事業"",""住宅手当緊急特別措置事業"",""住民税非課税世帯等への価格高騰重点支援給付金支給"",""障害者グループホーム整備助成"",""障害者サービス広報事業"",""障害者差別解消推進"",""障害者施設整備促進等事業"",""障害者福祉施策の計画・調整"",""障害認定審査事務運営"",""障害福祉部庶務事務"",""心身障害者医療費助成"",""世田谷区地域福祉推進事業"",""世田谷保健福祉センター分室維持管理"",""成年後見制度"",""生活安定支援事業"",""生活困窮者自立促進支援事業"",""生活保健事務（烏山）"",""生活保健事務（砧）"",""生活保健事務（玉川）"",""生活保健事務（世田谷）"",""生活保健事務（北沢）"",""相談員業務（烏山）"",""相談員業務（砧）"",""相談員業務（玉川）"",""相談員業務（世田谷）"",""相談員業務（北沢）"",""地域福祉活動等促進事業"",""地域福祉資源開発事業"",""地域保健福祉審議会の運営"",""地域保健福祉等推進基金積立金"",""地域密着型サービス拠点等整備助成"",""地区高齢者見守りネットワーク事業"",""特定中国残留邦人等支援事業"",""特別区区民葬儀助成事業"",""特別養護老人ホーム等運営支援"",""避難行動要支援者支援の推進"",""福祉資金貸付"",""福祉人材育成・研修センター運営事業"",""保健医療福祉総合プラザ維持運営"",""保健福祉サービス苦情審査会運営"",""保健福祉サービス質の向上の推進"",""保健福祉運営事務（烏山）"",""保健福祉運営事務（砧）"",""保健福祉運営事務（玉川）"",""保健福祉運営事務（世田谷）"",""保健福祉運営事務（北沢）"",""保健福祉政策部運営事業"",""保健福祉政策部庶務事務"",""民生委員等活動"",""路上生活対策事業"",""老人保健施設整備助成""],""related_revenues"":[{""revenue_detail_id"":""rd_2026_general_revenue_14_02_02_44_74_3655100000"",""revenue_hierarchy"":[""都支出金"",""都補助金"",""民生費補助金"",""障害者施策推進区市町村包括補助事業費"",""区市町村障害福祉人材確保対策事業""],""amount_attribution_status"":""not_available""},{""revenue_detail_id"":""rd_2026_general_revenue_17_01_16_27_01_3655100000"",""revenue_hierarchy"":[""繰入金"",""基金繰入金"",""地域保健福祉等推進基金繰入金"",""福祉人材確保支援事業"",""障害福祉人材採用活動経費助成事業""],""amount_attribution_status"":""not_available""}]}","high","approve","B_strong_structural・確信度highの一括承認ルールにより承認"
"bpi_362e7557e3636ddd0b8f07103d33c57763d049602598625c4375c6c410292200","生活保健事務（玉川）","一般会計","民生費","社会福祉費","社会福祉総務費","玉川総合支所 生活支援課","14931","生活の安心と地域福祉を支える","responds_to","公式予算の会計・款・項・目と事業名から「生活の安心と地域福祉を支える」との構造的な関係が強い候補として整理した。これはみらい議会の探索用整理であり、区の公式な課題分類ではない。","B_strong_structural","{""matched_rule_id"":""livelihood-security-and-community-welfare-official-structure"",""budget_item_key"":""2026_general_expenditure_03_01_01"",""identity_fields"":{""display_program_name"":""生活保健事務（玉川）"",""hierarchy"":[""民生費"",""社会福祉費"",""社会福祉総務費""],""department_display_name"":""玉川総合支所 生活支援課"",""amount_thousand_yen"":14931},""member_programs"":[{""program_id"":""2026_general_expenditure_03_01_01_03_44_01"",""major_program_name"":""その他の社会福祉事業費"",""budget_program_name"":""生活保健事務（玉川）"",""detail_program_name"":""生活保健事務（玉川）"",""source_file"":""ippansaisyutu.csv"",""source_row_number"":9172}],""same_budget_item_other_program_names"":[""ケアハウス整備促進等事業"",""ケアマネジメントの総合的推進"",""ひきこもり対策"",""ボランティア施設改修"",""ボランティア団体等援助"",""移動困難者の移送システム"",""医療的ケア児（者）支援の充実"",""医療的ケア児の笑顔を支える基金積立金"",""介護人材確保・定着支援事業"",""介護保険事業会計繰出金"",""旧軍人等の援護"",""後期高齢者医療会計繰出金"",""行旅病人及死亡人取扱"",""高齢福祉部運営事業"",""高齢福祉部庶務事務"",""国民健康保険事業会計繰出金"",""災害時ボランティア受入体制整備事業"",""社会福祉協議会運営助成"",""社会福祉事業団運営助成"",""社会福祉法人に対する高齢者施設整備助成"",""社会福祉法人に対する障害者施設整備助成"",""社会福祉法人の認可・指導検査"",""終活支援センター運営事業"",""住宅手当緊急特別措置事業"",""住民税非課税世帯等への価格高騰重点支援給付金支給"",""障害者グループホーム整備助成"",""障害者サービス広報事業"",""障害者差別解消推進"",""障害者施設整備促進等事業"",""障害者福祉施策の計画・調整"",""障害認定審査事務運営"",""障害福祉部庶務事務"",""心身障害者医療費助成"",""世田谷区地域福祉推進事業"",""世田谷保健福祉センター分室維持管理"",""成年後見制度"",""生活安定支援事業"",""生活困窮者自立促進支援事業"",""生活保健事務（烏山）"",""生活保健事務（砧）"",""生活保健事務（世田谷）"",""生活保健事務（北沢）"",""専門的人材の確保・養成事業"",""相談員業務（烏山）"",""相談員業務（砧）"",""相談員業務（玉川）"",""相談員業務（世田谷）"",""相談員業務（北沢）"",""地域福祉活動等促進事業"",""地域福祉資源開発事業"",""地域保健福祉審議会の運営"",""地域保健福祉等推進基金積立金"",""地域密着型サービス拠点等整備助成"",""地区高齢者見守りネットワーク事業"",""特定中国残留邦人等支援事業"",""特別区区民葬儀助成事業"",""特別養護老人ホーム等運営支援"",""避難行動要支援者支援の推進"",""福祉資金貸付"",""福祉人材育成・研修センター運営事業"",""保健医療福祉総合プラザ維持運営"",""保健福祉サービス苦情審査会運営"",""保健福祉サービス質の向上の推進"",""保健福祉運営事務（烏山）"",""保健福祉運営事務（砧）"",""保健福祉運営事務（玉川）"",""保健福祉運営事務（世田谷）"",""保健福祉運営事務（北沢）"",""保健福祉政策部運営事業"",""保健福祉政策部庶務事務"",""民生委員等活動"",""路上生活対策事業"",""老人保健施設整備助成""],""related_revenues"":[]}","high","approve","B_strong_structural・確信度highの一括承認ルールにより承認"
"bpi_08a83792bcf8f9fbe4139d83a5c2c7cf1f1bc2cca581d09329215e51d994efbd","生活保健事務（砧）","一般会計","民生費","社会福祉費","社会福祉総務費","砧総合支所 生活支援課","14289","生活の安心と地域福祉を支える","responds_to","公式予算の会計・款・項・目と事業名から「生活の安心と地域福祉を支える」との構造的な関係が強い候補として整理した。これはみらい議会の探索用整理であり、区の公式な課題分類ではない。","B_strong_structural","{""matched_rule_id"":""livelihood-security-and-community-welfare-official-structure"",""budget_item_key"":""2026_general_expenditure_03_01_01"",""identity_fields"":{""display_program_name"":""生活保健事務（砧）"",""hierarchy"":[""民生費"",""社会福祉費"",""社会福祉総務費""],""department_display_name"":""砧総合支所 生活支援課"",""amount_thousand_yen"":14289},""member_programs"":[{""program_id"":""2026_general_expenditure_03_01_01_03_45_01"",""major_program_name"":""その他の社会福祉事業費"",""budget_program_name"":""生活保健事務（砧）"",""detail_program_name"":""生活保健事務（砧）"",""source_file"":""ippansaisyutu.csv"",""source_row_number"":9202}],""same_budget_item_other_program_names"":[""ケアハウス整備促進等事業"",""ケアマネジメントの総合的推進"",""ひきこもり対策"",""ボランティア施設改修"",""ボランティア団体等援助"",""移動困難者の移送システム"",""医療的ケア児（者）支援の充実"",""医療的ケア児の笑顔を支える基金積立金"",""介護人材確保・定着支援事業"",""介護保険事業会計繰出金"",""旧軍人等の援護"",""後期高齢者医療会計繰出金"",""行旅病人及死亡人取扱"",""高齢福祉部運営事業"",""高齢福祉部庶務事務"",""国民健康保険事業会計繰出金"",""災害時ボランティア受入体制整備事業"",""社会福祉協議会運営助成"",""社会福祉事業団運営助成"",""社会福祉法人に対する高齢者施設整備助成"",""社会福祉法人に対する障害者施設整備助成"",""社会福祉法人の認可・指導検査"",""終活支援センター運営事業"",""住宅手当緊急特別措置事業"",""住民税非課税世帯等への価格高騰重点支援給付金支給"",""障害者グループホーム整備助成"",""障害者サービス広報事業"",""障害者差別解消推進"",""障害者施設整備促進等事業"",""障害者福祉施策の計画・調整"",""障害認定審査事務運営"",""障害福祉部庶務事務"",""心身障害者医療費助成"",""世田谷区地域福祉推進事業"",""世田谷保健福祉センター分室維持管理"",""成年後見制度"",""生活安定支援事業"",""生活困窮者自立促進支援事業"",""生活保健事務（烏山）"",""生活保健事務（玉川）"",""生活保健事務（世田谷）"",""生活保健事務（北沢）"",""専門的人材の確保・養成事業"",""相談員業務（烏山）"",""相談員業務（砧）"",""相談員業務（玉川）"",""相談員業務（世田谷）"",""相談員業務（北沢）"",""地域福祉活動等促進事業"",""地域福祉資源開発事業"",""地域保健福祉審議会の運営"",""地域保健福祉等推進基金積立金"",""地域密着型サービス拠点等整備助成"",""地区高齢者見守りネットワーク事業"",""特定中国残留邦人等支援事業"",""特別区区民葬儀助成事業"",""特別養護老人ホーム等運営支援"",""避難行動要支援者支援の推進"",""福祉資金貸付"",""福祉人材育成・研修センター運営事業"",""保健医療福祉総合プラザ維持運営"",""保健福祉サービス苦情審査会運営"",""保健福祉サービス質の向上の推進"",""保健福祉運営事務（烏山）"",""保健福祉運営事務（砧）"",""保健福祉運営事務（玉川）"",""保健福祉運営事務（世田谷）"",""保健福祉運営事務（北沢）"",""保健福祉政策部運営事業"",""保健福祉政策部庶務事務"",""民生委員等活動"",""路上生活対策事業"",""老人保健施設整備助成""],""related_revenues"":[]}","high","approve","B_strong_structural・確信度highの一括承認ルールにより承認"
"bpi_c82b5dc5974a761945a4b83400bbf75b63121a2e513f16638277ddd65ae5a1db","福祉資金貸付","一般会計","民生費","社会福祉費","社会福祉総務費","保健福祉政策部 生活福祉課","13339","生活の安心と地域福祉を支える","responds_to","公式予算の会計・款・項・目と事業名から「生活の安心と地域福祉を支える」との構造的な関係が強い候補として整理した。これはみらい議会の探索用整理であり、区の公式な課題分類ではない。","B_strong_structural","{""matched_rule_id"":""livelihood-security-and-community-welfare-official-structure"",""budget_item_key"":""2026_general_expenditure_03_01_01"",""identity_fields"":{""display_program_name"":""福祉資金貸付"",""hierarchy"":[""民生費"",""社会福祉費"",""社会福祉総務費""],""department_display_name"":""保健福祉政策部 生活福祉課"",""amount_thousand_yen"":13339},""member_programs"":[{""program_id"":""2026_general_expenditure_03_01_01_02_02_01"",""major_program_name"":""福祉資金貸付事業費"",""budget_program_name"":""福祉資金貸付"",""detail_program_name"":""福祉資金貸付"",""source_file"":""ippansaisyutu.csv"",""source_row_number"":9552}],""same_budget_item_other_program_names"":[""ケアハウス整備促進等事業"",""ケアマネジメントの総合的推進"",""ひきこもり対策"",""ボランティア施設改修"",""ボランティア団体等援助"",""移動困難者の移送システム"",""医療的ケア児（者）支援の充実"",""医療的ケア児の笑顔を支える基金積立金"",""介護人材確保・定着支援事業"",""介護保険事業会計繰出金"",""旧軍人等の援護"",""後期高齢者医療会計繰出金"",""行旅病人及死亡人取扱"",""高齢福祉部運営事業"",""高齢福祉部庶務事務"",""国民健康保険事業会計繰出金"",""災害時ボランティア受入体制整備事業"",""社会福祉協議会運営助成"",""社会福祉事業団運営助成"",""社会福祉法人に対する高齢者施設整備助成"",""社会福祉法人に対する障害者施設整備助成"",""社会福祉法人の認可・指導検査"",""終活支援センター運営事業"",""住宅手当緊急特別措置事業"",""住民税非課税世帯等への価格高騰重点支援給付金支給"",""障害者グループホーム整備助成"",""障害者サービス広報事業"",""障害者差別解消推進"",""障害者施設整備促進等事業"",""障害者福祉施策の計画・調整"",""障害認定審査事務運営"",""障害福祉部庶務事務"",""心身障害者医療費助成"",""世田谷区地域福祉推進事業"",""世田谷保健福祉センター分室維持管理"",""成年後見制度"",""生活安定支援事業"",""生活困窮者自立促進支援事業"",""生活保健事務（烏山）"",""生活保健事務（砧）"",""生活保健事務（玉川）"",""生活保健事務（世田谷）"",""生活保健事務（北沢）"",""専門的人材の確保・養成事業"",""相談員業務（烏山）"",""相談員業務（砧）"",""相談員業務（玉川）"",""相談員業務（世田谷）"",""相談員業務（北沢）"",""地域福祉活動等促進事業"",""地域福祉資源開発事業"",""地域保健福祉審議会の運営"",""地域保健福祉等推進基金積立金"",""地域密着型サービス拠点等整備助成"",""地区高齢者見守りネットワーク事業"",""特定中国残留邦人等支援事業"",""特別区区民葬儀助成事業"",""特別養護老人ホーム等運営支援"",""避難行動要支援者支援の推進"",""福祉人材育成・研修センター運営事業"",""保健医療福祉総合プラザ維持運営"",""保健福祉サービス苦情審査会運営"",""保健福祉サービス質の向上の推進"",""保健福祉運営事務（烏山）"",""保健福祉運営事務（砧）"",""保健福祉運営事務（玉川）"",""保健福祉運営事務（世田谷）"",""保健福祉運営事務（北沢）"",""保健福祉政策部運営事業"",""保健福祉政策部庶務事務"",""民生委員等活動"",""路上生活対策事業"",""老人保健施設整備助成""],""related_revenues"":[{""revenue_detail_id"":""rd_2026_general_revenue_19_03_05_01_01_3595200000"",""revenue_hierarchy"":[""諸収入"",""貸付金元利収入"",""母子福祉応急小口資金収入"",""貸付金返還金"",""母子福祉応急小口資金貸付金返還金""],""amount_attribution_status"":""not_available""},{""revenue_detail_id"":""rd_2026_general_revenue_19_03_06_01_01_3595200000"",""revenue_hierarchy"":[""諸収入"",""貸付金元利収入"",""女性福祉資金収入"",""貸付金返還金"",""女性福祉資金貸付金返還金""],""amount_attribution_status"":""not_available""},{""revenue_detail_id"":""rd_2026_general_revenue_19_03_06_02_01_3595200000"",""revenue_hierarchy"":[""諸収入"",""貸付金元利収入"",""女性福祉資金収入"",""貸付金利子"",""女性福祉資金貸付金利子""],""amount_attribution_status"":""not_available""},{""revenue_detail_id"":""rd_2026_general_revenue_19_03_07_01_01_3595200000"",""revenue_hierarchy"":[""諸収入"",""貸付金元利収入"",""応急小口資金収入"",""貸付金返還金"",""応急小口資金貸付金返還金""],""amount_attribution_status"":""not_available""}]}","high","approve","B_strong_structural・確信度highの一括承認ルールにより承認"
"bpi_570b598765c5651f36107b9d414ea199bef790da0b4e5e79dcbf62c50bf913ad","老人保健施設整備助成","一般会計","民生費","社会福祉費","社会福祉総務費","高齢福祉部 高齢福祉課","13152","生活の安心と地域福祉を支える","responds_to","公式予算の会計・款・項・目と事業名から「生活の安心と地域福祉を支える」との構造的な関係が強い候補として整理した。これはみらい議会の探索用整理であり、区の公式な課題分類ではない。","B_strong_structural","{""matched_rule_id"":""livelihood-security-and-community-welfare-official-structure"",""budget_item_key"":""2026_general_expenditure_03_01_01"",""identity_fields"":{""display_program_name"":""老人保健施設整備助成"",""hierarchy"":[""民生費"",""社会福祉費"",""社会福祉総務費""],""department_display_name"":""高齢福祉部 高齢福祉課"",""amount_thousand_yen"":13152},""member_programs"":[{""program_id"":""2026_general_expenditure_03_01_01_03_25_01"",""major_program_name"":""その他の社会福祉事業費"",""budget_program_name"":""老人保健施設整備助成"",""detail_program_name"":""老人保健施設整備助成"",""source_file"":""ippansaisyutu.csv"",""source_row_number"":9617}],""same_budget_item_other_program_names"":[""ケアハウス整備促進等事業"",""ケアマネジメントの総合的推進"",""ひきこもり対策"",""ボランティア施設改修"",""ボランティア団体等援助"",""移動困難者の移送システム"",""医療的ケア児（者）支援の充実"",""医療的ケア児の笑顔を支える基金積立金"",""介護人材確保・定着支援事業"",""介護保険事業会計繰出金"",""旧軍人等の援護"",""後期高齢者医療会計繰出金"",""行旅病人及死亡人取扱"",""高齢福祉部運営事業"",""高齢福祉部庶務事務"",""国民健康保険事業会計繰出金"",""災害時ボランティア受入体制整備事業"",""社会福祉協議会運営助成"",""社会福祉事業団運営助成"",""社会福祉法人に対する高齢者施設整備助成"",""社会福祉法人に対する障害者施設整備助成"",""社会福祉法人の認可・指導検査"",""終活支援センター運営事業"",""住宅手当緊急特別措置事業"",""住民税非課税世帯等への価格高騰重点支援給付金支給"",""障害者グループホーム整備助成"",""障害者サービス広報事業"",""障害者差別解消推進"",""障害者施設整備促進等事業"",""障害者福祉施策の計画・調整"",""障害認定審査事務運営"",""障害福祉部庶務事務"",""心身障害者医療費助成"",""世田谷区地域福祉推進事業"",""世田谷保健福祉センター分室維持管理"",""成年後見制度"",""生活安定支援事業"",""生活困窮者自立促進支援事業"",""生活保健事務（烏山）"",""生活保健事務（砧）"",""生活保健事務（玉川）"",""生活保健事務（世田谷）"",""生活保健事務（北沢）"",""専門的人材の確保・養成事業"",""相談員業務（烏山）"",""相談員業務（砧）"",""相談員業務（玉川）"",""相談員業務（世田谷）"",""相談員業務（北沢）"",""地域福祉活動等促進事業"",""地域福祉資源開発事業"",""地域保健福祉審議会の運営"",""地域保健福祉等推進基金積立金"",""地域密着型サービス拠点等整備助成"",""地区高齢者見守りネットワーク事業"",""特定中国残留邦人等支援事業"",""特別区区民葬儀助成事業"",""特別養護老人ホーム等運営支援"",""避難行動要支援者支援の推進"",""福祉資金貸付"",""福祉人材育成・研修センター運営事業"",""保健医療福祉総合プラザ維持運営"",""保健福祉サービス苦情審査会運営"",""保健福祉サービス質の向上の推進"",""保健福祉運営事務（烏山）"",""保健福祉運営事務（砧）"",""保健福祉運営事務（玉川）"",""保健福祉運営事務（世田谷）"",""保健福祉運営事務（北沢）"",""保健福祉政策部運営事業"",""保健福祉政策部庶務事務"",""民生委員等活動"",""路上生活対策事業""],""related_revenues"":[{""revenue_detail_id"":""rd_2026_general_revenue_15_01_01_04_08_3645100000"",""revenue_hierarchy"":[""財産収入"",""財産運用収入"",""財産貸付収入"",""土地貸付"",""老人保健施設""],""amount_attribution_status"":""not_available""}]}","high","approve","B_strong_structural・確信度highの一括承認ルールにより承認"
"bpi_c05fada2bcf8c4681b5b0fcb0d66ac47edc3a7308359046d88596504df4fe54b","生活保健事務（烏山）","一般会計","民生費","社会福祉費","社会福祉総務費","烏山総合支所 生活支援課","12682","生活の安心と地域福祉を支える","responds_to","公式予算の会計・款・項・目と事業名から「生活の安心と地域福祉を支える」との構造的な関係が強い候補として整理した。これはみらい議会の探索用整理であり、区の公式な課題分類ではない。","B_strong_structural","{""matched_rule_id"":""livelihood-security-and-community-welfare-official-structure"",""budget_item_key"":""2026_general_expenditure_03_01_01"",""identity_fields"":{""display_program_name"":""生活保健事務（烏山）"",""hierarchy"":[""民生費"",""社会福祉費"",""社会福祉総務費""],""department_display_name"":""烏山総合支所 生活支援課"",""amount_thousand_yen"":12682},""member_programs"":[{""program_id"":""2026_general_expenditure_03_01_01_03_46_01"",""major_program_name"":""その他の社会福祉事業費"",""budget_program_name"":""生活保健事務（烏山）"",""detail_program_name"":""生活保健事務（烏山）"",""source_file"":""ippansaisyutu.csv"",""source_row_number"":9234}],""same_budget_item_other_program_names"":[""ケアハウス整備促進等事業"",""ケアマネジメントの総合的推進"",""ひきこもり対策"",""ボランティア施設改修"",""ボランティア団体等援助"",""移動困難者の移送システム"",""医療的ケア児（者）支援の充実"",""医療的ケア児の笑顔を支える基金積立金"",""介護人材確保・定着支援事業"",""介護保険事業会計繰出金"",""旧軍人等の援護"",""後期高齢者医療会計繰出金"",""行旅病人及死亡人取扱"",""高齢福祉部運営事業"",""高齢福祉部庶務事務"",""国民健康保険事業会計繰出金"",""災害時ボランティア受入体制整備事業"",""社会福祉協議会運営助成"",""社会福祉事業団運営助成"",""社会福祉法人に対する高齢者施設整備助成"",""社会福祉法人に対する障害者施設整備助成"",""社会福祉法人の認可・指導検査"",""終活支援センター運営事業"",""住宅手当緊急特別措置事業"",""住民税非課税世帯等への価格高騰重点支援給付金支給"",""障害者グループホーム整備助成"",""障害者サービス広報事業"",""障害者差別解消推進"",""障害者施設整備促進等事業"",""障害者福祉施策の計画・調整"",""障害認定審査事務運営"",""障害福祉部庶務事務"",""心身障害者医療費助成"",""世田谷区地域福祉推進事業"",""世田谷保健福祉センター分室維持管理"",""成年後見制度"",""生活安定支援事業"",""生活困窮者自立促進支援事業"",""生活保健事務（砧）"",""生活保健事務（玉川）"",""生活保健事務（世田谷）"",""生活保健事務（北沢）"",""専門的人材の確保・養成事業"",""相談員業務（烏山）"",""相談員業務（砧）"",""相談員業務（玉川）"",""相談員業務（世田谷）"",""相談員業務（北沢）"",""地域福祉活動等促進事業"",""地域福祉資源開発事業"",""地域保健福祉審議会の運営"",""地域保健福祉等推進基金積立金"",""地域密着型サービス拠点等整備助成"",""地区高齢者見守りネットワーク事業"",""特定中国残留邦人等支援事業"",""特別区区民葬儀助成事業"",""特別養護老人ホーム等運営支援"",""避難行動要支援者支援の推進"",""福祉資金貸付"",""福祉人材育成・研修センター運営事業"",""保健医療福祉総合プラザ維持運営"",""保健福祉サービス苦情審査会運営"",""保健福祉サービス質の向上の推進"",""保健福祉運営事務（烏山）"",""保健福祉運営事務（砧）"",""保健福祉運営事務（玉川）"",""保健福祉運営事務（世田谷）"",""保健福祉運営事務（北沢）"",""保健福祉政策部運営事業"",""保健福祉政策部庶務事務"",""民生委員等活動"",""路上生活対策事業"",""老人保健施設整備助成""],""related_revenues"":[]}","high","approve","B_strong_structural・確信度highの一括承認ルールにより承認"
"bpi_5061c07eb8f56a96dd2da6cdaea0c3c3f7796ef0db0cfa4bec9e62aecc6bb980","行旅病人及死亡人取扱","一般会計","民生費","社会福祉費","社会福祉総務費","保健福祉政策部 生活福祉課","12653","生活の安心と地域福祉を支える","responds_to","公式予算の会計・款・項・目と事業名から「生活の安心と地域福祉を支える」との構造的な関係が強い候補として整理した。これはみらい議会の探索用整理であり、区の公式な課題分類ではない。","B_strong_structural","{""matched_rule_id"":""livelihood-security-and-community-welfare-official-structure"",""budget_item_key"":""2026_general_expenditure_03_01_01"",""identity_fields"":{""display_program_name"":""行旅病人及死亡人取扱"",""hierarchy"":[""民生費"",""社会福祉費"",""社会福祉総務費""],""department_display_name"":""保健福祉政策部 生活福祉課"",""amount_thousand_yen"":12653},""member_programs"":[{""program_id"":""2026_general_expenditure_03_01_01_01_03_01"",""major_program_name"":""社会福祉関係の法律に基づく事業費"",""budget_program_name"":""行旅病人及死亡人取扱"",""detail_program_name"":""行旅病人及死亡人取扱"",""source_file"":""ippansaisyutu.csv"",""source_row_number"":9551}],""same_budget_item_other_program_names"":[""ケアハウス整備促進等事業"",""ケアマネジメントの総合的推進"",""ひきこもり対策"",""ボランティア施設改修"",""ボランティア団体等援助"",""移動困難者の移送システム"",""医療的ケア児（者）支援の充実"",""医療的ケア児の笑顔を支える基金積立金"",""介護人材確保・定着支援事業"",""介護保険事業会計繰出金"",""旧軍人等の援護"",""後期高齢者医療会計繰出金"",""高齢福祉部運営事業"",""高齢福祉部庶務事務"",""国民健康保険事業会計繰出金"",""災害時ボランティア受入体制整備事業"",""社会福祉協議会運営助成"",""社会福祉事業団運営助成"",""社会福祉法人に対する高齢者施設整備助成"",""社会福祉法人に対する障害者施設整備助成"",""社会福祉法人の認可・指導検査"",""終活支援センター運営事業"",""住宅手当緊急特別措置事業"",""住民税非課税世帯等への価格高騰重点支援給付金支給"",""障害者グループホーム整備助成"",""障害者サービス広報事業"",""障害者差別解消推進"",""障害者施設整備促進等事業"",""障害者福祉施策の計画・調整"",""障害認定審査事務運営"",""障害福祉部庶務事務"",""心身障害者医療費助成"",""世田谷区地域福祉推進事業"",""世田谷保健福祉センター分室維持管理"",""成年後見制度"",""生活安定支援事業"",""生活困窮者自立促進支援事業"",""生活保健事務（烏山）"",""生活保健事務（砧）"",""生活保健事務（玉川）"",""生活保健事務（世田谷）"",""生活保健事務（北沢）"",""専門的人材の確保・養成事業"",""相談員業務（烏山）"",""相談員業務（砧）"",""相談員業務（玉川）"",""相談員業務（世田谷）"",""相談員業務（北沢）"",""地域福祉活動等促進事業"",""地域福祉資源開発事業"",""地域保健福祉審議会の運営"",""地域保健福祉等推進基金積立金"",""地域密着型サービス拠点等整備助成"",""地区高齢者見守りネットワーク事業"",""特定中国残留邦人等支援事業"",""特別区区民葬儀助成事業"",""特別養護老人ホーム等運営支援"",""避難行動要支援者支援の推進"",""福祉資金貸付"",""福祉人材育成・研修センター運営事業"",""保健医療福祉総合プラザ維持運営"",""保健福祉サービス苦情審査会運営"",""保健福祉サービス質の向上の推進"",""保健福祉運営事務（烏山）"",""保健福祉運営事務（砧）"",""保健福祉運営事務（玉川）"",""保健福祉運営事務（世田谷）"",""保健福祉運営事務（北沢）"",""保健福祉政策部運営事業"",""保健福祉政策部庶務事務"",""民生委員等活動"",""路上生活対策事業"",""老人保健施設整備助成""],""related_revenues"":[{""revenue_detail_id"":""rd_2026_general_revenue_14_01_01_04_01_3595200000"",""revenue_hierarchy"":[""都支出金"",""都負担金"",""民生費負担金"",""行旅病人及死亡人取扱費"",""行旅病人及死亡人""],""amount_attribution_status"":""not_available""},{""revenue_detail_id"":""rd_2026_general_revenue_14_01_01_16_01_3595200000"",""revenue_hierarchy"":[""都支出金"",""都負担金"",""民生費負担金"",""墓地埋葬取扱費"",""墓地埋葬取扱""],""amount_attribution_status"":""not_available""},{""revenue_detail_id"":""rd_2026_general_revenue_19_06_09_50_68_3595200000"",""revenue_hierarchy"":[""諸収入"",""雑入"",""雑入"",""雑入"",""行旅病人死亡人""],""amount_attribution_status"":""not_available""}]}","high","approve","B_strong_structural・確信度highの一括承認ルールにより承認"
"bpi_27003b9bbd3b7ca821d77c733f0cf0e4ee51588f50951291030939b68c127dc8","生活保健事務（世田谷）","一般会計","民生費","社会福祉費","社会福祉総務費","世田谷総合支所 生活支援課","11994","生活の安心と地域福祉を支える","responds_to","公式予算の会計・款・項・目と事業名から「生活の安心と地域福祉を支える」との構造的な関係が強い候補として整理した。これはみらい議会の探索用整理であり、区の公式な課題分類ではない。","B_strong_structural","{""matched_rule_id"":""livelihood-security-and-community-welfare-official-structure"",""budget_item_key"":""2026_general_expenditure_03_01_01"",""identity_fields"":{""display_program_name"":""生活保健事務（世田谷）"",""hierarchy"":[""民生費"",""社会福祉費"",""社会福祉総務費""],""department_display_name"":""世田谷総合支所 生活支援課"",""amount_thousand_yen"":11994},""member_programs"":[{""program_id"":""2026_general_expenditure_03_01_01_03_42_01"",""major_program_name"":""その他の社会福祉事業費"",""budget_program_name"":""生活保健事務（世田谷）"",""detail_program_name"":""生活保健事務（世田谷）"",""source_file"":""ippansaisyutu.csv"",""source_row_number"":9110}],""same_budget_item_other_program_names"":[""ケアハウス整備促進等事業"",""ケアマネジメントの総合的推進"",""ひきこもり対策"",""ボランティア施設改修"",""ボランティア団体等援助"",""移動困難者の移送システム"",""医療的ケア児（者）支援の充実"",""医療的ケア児の笑顔を支える基金積立金"",""介護人材確保・定着支援事業"",""介護保険事業会計繰出金"",""旧軍人等の援護"",""後期高齢者医療会計繰出金"",""行旅病人及死亡人取扱"",""高齢福祉部運営事業"",""高齢福祉部庶務事務"",""国民健康保険事業会計繰出金"",""災害時ボランティア受入体制整備事業"",""社会福祉協議会運営助成"",""社会福祉事業団運営助成"",""社会福祉法人に対する高齢者施設整備助成"",""社会福祉法人に対する障害者施設整備助成"",""社会福祉法人の認可・指導検査"",""終活支援センター運営事業"",""住宅手当緊急特別措置事業"",""住民税非課税世帯等への価格高騰重点支援給付金支給"",""障害者グループホーム整備助成"",""障害者サービス広報事業"",""障害者差別解消推進"",""障害者施設整備促進等事業"",""障害者福祉施策の計画・調整"",""障害認定審査事務運営"",""障害福祉部庶務事務"",""心身障害者医療費助成"",""世田谷区地域福祉推進事業"",""世田谷保健福祉センター分室維持管理"",""成年後見制度"",""生活安定支援事業"",""生活困窮者自立促進支援事業"",""生活保健事務（烏山）"",""生活保健事務（砧）"",""生活保健事務（玉川）"",""生活保健事務（北沢）"",""専門的人材の確保・養成事業"",""相談員業務（烏山）"",""相談員業務（砧）"",""相談員業務（玉川）"",""相談員業務（世田谷）"",""相談員業務（北沢）"",""地域福祉活動等促進事業"",""地域福祉資源開発事業"",""地域保健福祉審議会の運営"",""地域保健福祉等推進基金積立金"",""地域密着型サービス拠点等整備助成"",""地区高齢者見守りネットワーク事業"",""特定中国残留邦人等支援事業"",""特別区区民葬儀助成事業"",""特別養護老人ホーム等運営支援"",""避難行動要支援者支援の推進"",""福祉資金貸付"",""福祉人材育成・研修センター運営事業"",""保健医療福祉総合プラザ維持運営"",""保健福祉サービス苦情審査会運営"",""保健福祉サービス質の向上の推進"",""保健福祉運営事務（烏山）"",""保健福祉運営事務（砧）"",""保健福祉運営事務（玉川）"",""保健福祉運営事務（世田谷）"",""保健福祉運営事務（北沢）"",""保健福祉政策部運営事業"",""保健福祉政策部庶務事務"",""民生委員等活動"",""路上生活対策事業"",""老人保健施設整備助成""],""related_revenues"":[]}","high","approve","B_strong_structural・確信度highの一括承認ルールにより承認"
"bpi_7d18fe960c478149343ff2cc6638e4f5829cfaaeb6ac4c014d7e765b310ae609","生活保健事務（北沢）","一般会計","民生費","社会福祉費","社会福祉総務費","北沢総合支所 生活支援課","11651","生活の安心と地域福祉を支える","responds_to","公式予算の会計・款・項・目と事業名から「生活の安心と地域福祉を支える」との構造的な関係が強い候補として整理した。これはみらい議会の探索用整理であり、区の公式な課題分類ではない。","B_strong_structural","{""matched_rule_id"":""livelihood-security-and-community-welfare-official-structure"",""budget_item_key"":""2026_general_expenditure_03_01_01"",""identity_fields"":{""display_program_name"":""生活保健事務（北沢）"",""hierarchy"":[""民生費"",""社会福祉費"",""社会福祉総務費""],""department_display_name"":""北沢総合支所 生活支援課"",""amount_thousand_yen"":11651},""member_programs"":[{""program_id"":""2026_general_expenditure_03_01_01_03_43_01"",""major_program_name"":""その他の社会福祉事業費"",""budget_program_name"":""生活保健事務（北沢）"",""detail_program_name"":""生活保健事務（北沢）"",""source_file"":""ippansaisyutu.csv"",""source_row_number"":9144}],""same_budget_item_other_program_names"":[""ケアハウス整備促進等事業"",""ケアマネジメントの総合的推進"",""ひきこもり対策"",""ボランティア施設改修"",""ボランティア団体等援助"",""移動困難者の移送システム"",""医療的ケア児（者）支援の充実"",""医療的ケア児の笑顔を支える基金積立金"",""介護人材確保・定着支援事業"",""介護保険事業会計繰出金"",""旧軍人等の援護"",""後期高齢者医療会計繰出金"",""行旅病人及死亡人取扱"",""高齢福祉部運営事業"",""高齢福祉部庶務事務"",""国民健康保険事業会計繰出金"",""災害時ボランティア受入体制整備事業"",""社会福祉協議会運営助成"",""社会福祉事業団運営助成"",""社会福祉法人に対する高齢者施設整備助成"",""社会福祉法人に対する障害者施設整備助成"",""社会福祉法人の認可・指導検査"",""終活支援センター運営事業"",""住宅手当緊急特別措置事業"",""住民税非課税世帯等への価格高騰重点支援給付金支給"",""障害者グループホーム整備助成"",""障害者サービス広報事業"",""障害者差別解消推進"",""障害者施設整備促進等事業"",""障害者福祉施策の計画・調整"",""障害認定審査事務運営"",""障害福祉部庶務事務"",""心身障害者医療費助成"",""世田谷区地域福祉推進事業"",""世田谷保健福祉センター分室維持管理"",""成年後見制度"",""生活安定支援事業"",""生活困窮者自立促進支援事業"",""生活保健事務（烏山）"",""生活保健事務（砧）"",""生活保健事務（玉川）"",""生活保健事務（世田谷）"",""専門的人材の確保・養成事業"",""相談員業務（烏山）"",""相談員業務（砧）"",""相談員業務（玉川）"",""相談員業務（世田谷）"",""相談員業務（北沢）"",""地域福祉活動等促進事業"",""地域福祉資源開発事業"",""地域保健福祉審議会の運営"",""地域保健福祉等推進基金積立金"",""地域密着型サービス拠点等整備助成"",""地区高齢者見守りネットワーク事業"",""特定中国残留邦人等支援事業"",""特別区区民葬儀助成事業"",""特別養護老人ホーム等運営支援"",""避難行動要支援者支援の推進"",""福祉資金貸付"",""福祉人材育成・研修センター運営事業"",""保健医療福祉総合プラザ維持運営"",""保健福祉サービス苦情審査会運営"",""保健福祉サービス質の向上の推進"",""保健福祉運営事務（烏山）"",""保健福祉運営事務（砧）"",""保健福祉運営事務（玉川）"",""保健福祉運営事務（世田谷）"",""保健福祉運営事務（北沢）"",""保健福祉政策部運営事業"",""保健福祉政策部庶務事務"",""民生委員等活動"",""路上生活対策事業"",""老人保健施設整備助成""],""related_revenues"":[]}","high","approve","B_strong_structural・確信度highの一括承認ルールにより承認"
"bpi_b9f630785ff676a514cfee760d5b9d45c8d30996019a2e9a2188f6c2177311a2","保健福祉政策部庶務事務","一般会計","民生費","社会福祉費","社会福祉総務費","保健福祉政策部 保健福祉政策課","11435","生活の安心と地域福祉を支える","responds_to","公式予算の会計・款・項・目と事業名から「生活の安心と地域福祉を支える」との構造的な関係が強い候補として整理した。これはみらい議会の探索用整理であり、区の公式な課題分類ではない。","B_strong_structural","{""matched_rule_id"":""livelihood-security-and-community-welfare-official-structure"",""budget_item_key"":""2026_general_expenditure_03_01_01"",""identity_fields"":{""display_program_name"":""保健福祉政策部庶務事務"",""hierarchy"":[""民生費"",""社会福祉費"",""社会福祉総務費""],""department_display_name"":""保健福祉政策部 保健福祉政策課"",""amount_thousand_yen"":11435},""member_programs"":[{""program_id"":""2026_general_expenditure_03_01_01_06_14_01"",""major_program_name"":""その他の社会福祉事業費（２）"",""budget_program_name"":""保健福祉政策部庶務事務"",""detail_program_name"":""保健福祉政策部庶務事務"",""source_file"":""ippansaisyutu.csv"",""source_row_number"":9535}],""same_budget_item_other_program_names"":[""ケアハウス整備促進等事業"",""ケアマネジメントの総合的推進"",""ひきこもり対策"",""ボランティア施設改修"",""ボランティア団体等援助"",""移動困難者の移送システム"",""医療的ケア児（者）支援の充実"",""医療的ケア児の笑顔を支える基金積立金"",""介護人材確保・定着支援事業"",""介護保険事業会計繰出金"",""旧軍人等の援護"",""後期高齢者医療会計繰出金"",""行旅病人及死亡人取扱"",""高齢福祉部運営事業"",""高齢福祉部庶務事務"",""国民健康保険事業会計繰出金"",""災害時ボランティア受入体制整備事業"",""社会福祉協議会運営助成"",""社会福祉事業団運営助成"",""社会福祉法人に対する高齢者施設整備助成"",""社会福祉法人に対する障害者施設整備助成"",""社会福祉法人の認可・指導検査"",""終活支援センター運営事業"",""住宅手当緊急特別措置事業"",""住民税非課税世帯等への価格高騰重点支援給付金支給"",""障害者グループホーム整備助成"",""障害者サービス広報事業"",""障害者差別解消推進"",""障害者施設整備促進等事業"",""障害者福祉施策の計画・調整"",""障害認定審査事務運営"",""障害福祉部庶務事務"",""心身障害者医療費助成"",""世田谷区地域福祉推進事業"",""世田谷保健福祉センター分室維持管理"",""成年後見制度"",""生活安定支援事業"",""生活困窮者自立促進支援事業"",""生活保健事務（烏山）"",""生活保健事務（砧）"",""生活保健事務（玉川）"",""生活保健事務（世田谷）"",""生活保健事務（北沢）"",""専門的人材の確保・養成事業"",""相談員業務（烏山）"",""相談員業務（砧）"",""相談員業務（玉川）"",""相談員業務（世田谷）"",""相談員業務（北沢）"",""地域福祉活動等促進事業"",""地域福祉資源開発事業"",""地域保健福祉審議会の運営"",""地域保健福祉等推進基金積立金"",""地域密着型サービス拠点等整備助成"",""地区高齢者見守りネットワーク事業"",""特定中国残留邦人等支援事業"",""特別区区民葬儀助成事業"",""特別養護老人ホーム等運営支援"",""避難行動要支援者支援の推進"",""福祉資金貸付"",""福祉人材育成・研修センター運営事業"",""保健医療福祉総合プラザ維持運営"",""保健福祉サービス苦情審査会運営"",""保健福祉サービス質の向上の推進"",""保健福祉運営事務（烏山）"",""保健福祉運営事務（砧）"",""保健福祉運営事務（玉川）"",""保健福祉運営事務（世田谷）"",""保健福祉運営事務（北沢）"",""保健福祉政策部運営事業"",""民生委員等活動"",""路上生活対策事業"",""老人保健施設整備助成""],""related_revenues"":[]}","high","approve","B_strong_structural・確信度highの一括承認ルールにより承認"
"bpi_2503e0579fbd809621488e5cf9ccfe59060cd5b3c0e4f2bd1481598c4d7ebae0","世田谷保健福祉センター分室維持管理","一般会計","民生費","社会福祉費","社会福祉総務費","世田谷総合支所 健康づくり課","9764","生活の安心と地域福祉を支える","responds_to","公式予算の会計・款・項・目と事業名から「生活の安心と地域福祉を支える」との構造的な関係が強い候補として整理した。これはみらい議会の探索用整理であり、区の公式な課題分類ではない。","B_strong_structural","{""matched_rule_id"":""livelihood-security-and-community-welfare-official-structure"",""budget_item_key"":""2026_general_expenditure_03_01_01"",""identity_fields"":{""display_program_name"":""世田谷保健福祉センター分室維持管理"",""hierarchy"":[""民生費"",""社会福祉費"",""社会福祉総務費""],""department_display_name"":""世田谷総合支所 健康づくり課"",""amount_thousand_yen"":9764},""member_programs"":[{""program_id"":""2026_general_expenditure_03_01_01_03_60_01"",""major_program_name"":""その他の社会福祉事業費"",""budget_program_name"":""世田谷保健福祉センター分室維持管理"",""detail_program_name"":""世田谷保健福祉センター分室維持管理"",""source_file"":""ippansaisyutu.csv"",""source_row_number"":9114}],""same_budget_item_other_program_names"":[""ケアハウス整備促進等事業"",""ケアマネジメントの総合的推進"",""ひきこもり対策"",""ボランティア施設改修"",""ボランティア団体等援助"",""移動困難者の移送システム"",""医療的ケア児（者）支援の充実"",""医療的ケア児の笑顔を支える基金積立金"",""介護人材確保・定着支援事業"",""介護保険事業会計繰出金"",""旧軍人等の援護"",""後期高齢者医療会計繰出金"",""行旅病人及死亡人取扱"",""高齢福祉部運営事業"",""高齢福祉部庶務事務"",""国民健康保険事業会計繰出金"",""災害時ボランティア受入体制整備事業"",""社会福祉協議会運営助成"",""社会福祉事業団運営助成"",""社会福祉法人に対する高齢者施設整備助成"",""社会福祉法人に対する障害者施設整備助成"",""社会福祉法人の認可・指導検査"",""終活支援センター運営事業"",""住宅手当緊急特別措置事業"",""住民税非課税世帯等への価格高騰重点支援給付金支給"",""障害者グループホーム整備助成"",""障害者サービス広報事業"",""障害者差別解消推進"",""障害者施設整備促進等事業"",""障害者福祉施策の計画・調整"",""障害認定審査事務運営"",""障害福祉部庶務事務"",""心身障害者医療費助成"",""世田谷区地域福祉推進事業"",""成年後見制度"",""生活安定支援事業"",""生活困窮者自立促進支援事業"",""生活保健事務（烏山）"",""生活保健事務（砧）"",""生活保健事務（玉川）"",""生活保健事務（世田谷）"",""生活保健事務（北沢）"",""専門的人材の確保・養成事業"",""相談員業務（烏山）"",""相談員業務（砧）"",""相談員業務（玉川）"",""相談員業務（世田谷）"",""相談員業務（北沢）"",""地域福祉活動等促進事業"",""地域福祉資源開発事業"",""地域保健福祉審議会の運営"",""地域保健福祉等推進基金積立金"",""地域密着型サービス拠点等整備助成"",""地区高齢者見守りネットワーク事業"",""特定中国残留邦人等支援事業"",""特別区区民葬儀助成事業"",""特別養護老人ホーム等運営支援"",""避難行動要支援者支援の推進"",""福祉資金貸付"",""福祉人材育成・研修センター運営事業"",""保健医療福祉総合プラザ維持運営"",""保健福祉サービス苦情審査会運営"",""保健福祉サービス質の向上の推進"",""保健福祉運営事務（烏山）"",""保健福祉運営事務（砧）"",""保健福祉運営事務（玉川）"",""保健福祉運営事務（世田谷）"",""保健福祉運営事務（北沢）"",""保健福祉政策部運営事業"",""保健福祉政策部庶務事務"",""民生委員等活動"",""路上生活対策事業"",""老人保健施設整備助成""],""related_revenues"":[]}","high","approve","B_strong_structural・確信度highの一括承認ルールにより承認"
"bpi_389fcf1740ecdfc48b05432462dbd9d7e6c2b173d7df1572cfe3a9ea138e8407","地区高齢者見守りネットワーク事業","一般会計","民生費","社会福祉費","社会福祉総務費","高齢福祉部 高齢福祉課","7924","生活の安心と地域福祉を支える","responds_to","公式予算の会計・款・項・目と事業名から「生活の安心と地域福祉を支える」との構造的な関係が強い候補として整理した。これはみらい議会の探索用整理であり、区の公式な課題分類ではない。","B_strong_structural","{""matched_rule_id"":""livelihood-security-and-community-welfare-official-structure"",""budget_item_key"":""2026_general_expenditure_03_01_01"",""identity_fields"":{""display_program_name"":""地区高齢者見守りネットワーク事業"",""hierarchy"":[""民生費"",""社会福祉費"",""社会福祉総務費""],""department_display_name"":""高齢福祉部 高齢福祉課"",""amount_thousand_yen"":7924},""member_programs"":[{""program_id"":""2026_general_expenditure_03_01_01_03_93_01"",""major_program_name"":""その他の社会福祉事業費"",""budget_program_name"":""地区高齢者見守りネットワーク事業"",""detail_program_name"":""地区高齢者見守りネットワーク事業"",""source_file"":""ippansaisyutu.csv"",""source_row_number"":9620}],""same_budget_item_other_program_names"":[""ケアハウス整備促進等事業"",""ケアマネジメントの総合的推進"",""ひきこもり対策"",""ボランティア施設改修"",""ボランティア団体等援助"",""移動困難者の移送システム"",""医療的ケア児（者）支援の充実"",""医療的ケア児の笑顔を支える基金積立金"",""介護人材確保・定着支援事業"",""介護保険事業会計繰出金"",""旧軍人等の援護"",""後期高齢者医療会計繰出金"",""行旅病人及死亡人取扱"",""高齢福祉部運営事業"",""高齢福祉部庶務事務"",""国民健康保険事業会計繰出金"",""災害時ボランティア受入体制整備事業"",""社会福祉協議会運営助成"",""社会福祉事業団運営助成"",""社会福祉法人に対する高齢者施設整備助成"",""社会福祉法人に対する障害者施設整備助成"",""社会福祉法人の認可・指導検査"",""終活支援センター運営事業"",""住宅手当緊急特別措置事業"",""住民税非課税世帯等への価格高騰重点支援給付金支給"",""障害者グループホーム整備助成"",""障害者サービス広報事業"",""障害者差別解消推進"",""障害者施設整備促進等事業"",""障害者福祉施策の計画・調整"",""障害認定審査事務運営"",""障害福祉部庶務事務"",""心身障害者医療費助成"",""世田谷区地域福祉推進事業"",""世田谷保健福祉センター分室維持管理"",""成年後見制度"",""生活安定支援事業"",""生活困窮者自立促進支援事業"",""生活保健事務（烏山）"",""生活保健事務（砧）"",""生活保健事務（玉川）"",""生活保健事務（世田谷）"",""生活保健事務（北沢）"",""専門的人材の確保・養成事業"",""相談員業務（烏山）"",""相談員業務（砧）"",""相談員業務（玉川）"",""相談員業務（世田谷）"",""相談員業務（北沢）"",""地域福祉活動等促進事業"",""地域福祉資源開発事業"",""地域保健福祉審議会の運営"",""地域保健福祉等推進基金積立金"",""地域密着型サービス拠点等整備助成"",""特定中国残留邦人等支援事業"",""特別区区民葬儀助成事業"",""特別養護老人ホーム等運営支援"",""避難行動要支援者支援の推進"",""福祉資金貸付"",""福祉人材育成・研修センター運営事業"",""保健医療福祉総合プラザ維持運営"",""保健福祉サービス苦情審査会運営"",""保健福祉サービス質の向上の推進"",""保健福祉運営事務（烏山）"",""保健福祉運営事務（砧）"",""保健福祉運営事務（玉川）"",""保健福祉運営事務（世田谷）"",""保健福祉運営事務（北沢）"",""保健福祉政策部運営事業"",""保健福祉政策部庶務事務"",""民生委員等活動"",""路上生活対策事業"",""老人保健施設整備助成""],""related_revenues"":[{""revenue_detail_id"":""rd_2026_general_revenue_14_02_02_42_41_3645100000"",""revenue_hierarchy"":[""都支出金"",""都補助金"",""民生費補助金"",""高齢者施策推進区市町村包括補助事業"",""地区見守りネットワーク事業""],""amount_attribution_status"":""not_available""}]}","high","approve","B_strong_structural・確信度highの一括承認ルールにより承認"
"bpi_3bdd80da87460bcca3a854da34d90cd59babcbab3aac497b254b0a9229770567","地域保健福祉審議会の運営","一般会計","民生費","社会福祉費","社会福祉総務費","保健福祉政策部 保健福祉政策課","7091","生活の安心と地域福祉を支える","responds_to","公式予算の会計・款・項・目と事業名から「生活の安心と地域福祉を支える」との構造的な関係が強い候補として整理した。これはみらい議会の探索用整理であり、区の公式な課題分類ではない。","B_strong_structural","{""matched_rule_id"":""livelihood-security-and-community-welfare-official-structure"",""budget_item_key"":""2026_general_expenditure_03_01_01"",""identity_fields"":{""display_program_name"":""地域保健福祉審議会の運営"",""hierarchy"":[""民生費"",""社会福祉費"",""社会福祉総務費""],""department_display_name"":""保健福祉政策部 保健福祉政策課"",""amount_thousand_yen"":7091},""member_programs"":[{""program_id"":""2026_general_expenditure_03_01_01_03_08_01"",""major_program_name"":""その他の社会福祉事業費"",""budget_program_name"":""地域保健福祉審議会の運営"",""detail_program_name"":""地域保健福祉審議会の運営"",""source_file"":""ippansaisyutu.csv"",""source_row_number"":9529}],""same_budget_item_other_program_names"":[""ケアハウス整備促進等事業"",""ケアマネジメントの総合的推進"",""ひきこもり対策"",""ボランティア施設改修"",""ボランティア団体等援助"",""移動困難者の移送システム"",""医療的ケア児（者）支援の充実"",""医療的ケア児の笑顔を支える基金積立金"",""介護人材確保・定着支援事業"",""介護保険事業会計繰出金"",""旧軍人等の援護"",""後期高齢者医療会計繰出金"",""行旅病人及死亡人取扱"",""高齢福祉部運営事業"",""高齢福祉部庶務事務"",""国民健康保険事業会計繰出金"",""災害時ボランティア受入体制整備事業"",""社会福祉協議会運営助成"",""社会福祉事業団運営助成"",""社会福祉法人に対する高齢者施設整備助成"",""社会福祉法人に対する障害者施設整備助成"",""社会福祉法人の認可・指導検査"",""終活支援センター運営事業"",""住宅手当緊急特別措置事業"",""住民税非課税世帯等への価格高騰重点支援給付金支給"",""障害者グループホーム整備助成"",""障害者サービス広報事業"",""障害者差別解消推進"",""障害者施設整備促進等事業"",""障害者福祉施策の計画・調整"",""障害認定審査事務運営"",""障害福祉部庶務事務"",""心身障害者医療費助成"",""世田谷区地域福祉推進事業"",""世田谷保健福祉センター分室維持管理"",""成年後見制度"",""生活安定支援事業"",""生活困窮者自立促進支援事業"",""生活保健事務（烏山）"",""生活保健事務（砧）"",""生活保健事務（玉川）"",""生活保健事務（世田谷）"",""生活保健事務（北沢）"",""専門的人材の確保・養成事業"",""相談員業務（烏山）"",""相談員業務（砧）"",""相談員業務（玉川）"",""相談員業務（世田谷）"",""相談員業務（北沢）"",""地域福祉活動等促進事業"",""地域福祉資源開発事業"",""地域保健福祉等推進基金積立金"",""地域密着型サービス拠点等整備助成"",""地区高齢者見守りネットワーク事業"",""特定中国残留邦人等支援事業"",""特別区区民葬儀助成事業"",""特別養護老人ホーム等運営支援"",""避難行動要支援者支援の推進"",""福祉資金貸付"",""福祉人材育成・研修センター運営事業"",""保健医療福祉総合プラザ維持運営"",""保健福祉サービス苦情審査会運営"",""保健福祉サービス質の向上の推進"",""保健福祉運営事務（烏山）"",""保健福祉運営事務（砧）"",""保健福祉運営事務（玉川）"",""保健福祉運営事務（世田谷）"",""保健福祉運営事務（北沢）"",""保健福祉政策部運営事業"",""保健福祉政策部庶務事務"",""民生委員等活動"",""路上生活対策事業"",""老人保健施設整備助成""],""related_revenues"":[]}","high","approve","B_strong_structural・確信度highの一括承認ルールにより承認"
"bpi_f1d920a449ca435023f84c5d79578e28e189e6d6e688ae734da9c937a7b3b0ae","障害者サービス広報事業","一般会計","民生費","社会福祉費","社会福祉総務費","障害福祉部 障害施策課","5589","生活の安心と地域福祉を支える","responds_to","公式予算の会計・款・項・目と事業名から「生活の安心と地域福祉を支える」との構造的な関係が強い候補として整理した。これはみらい議会の探索用整理であり、区の公式な課題分類ではない。","B_strong_structural","{""matched_rule_id"":""livelihood-security-and-community-welfare-official-structure"",""budget_item_key"":""2026_general_expenditure_03_01_01"",""identity_fields"":{""display_program_name"":""障害者サービス広報事業"",""hierarchy"":[""民生費"",""社会福祉費"",""社会福祉総務費""],""department_display_name"":""障害福祉部 障害施策課"",""amount_thousand_yen"":5589},""member_programs"":[{""program_id"":""2026_general_expenditure_03_01_01_03_36_01"",""major_program_name"":""その他の社会福祉事業費"",""budget_program_name"":""障害者サービス広報事業"",""detail_program_name"":""障害者サービス広報事業"",""source_file"":""ippansaisyutu.csv"",""source_row_number"":9701}],""same_budget_item_other_program_names"":[""ケアハウス整備促進等事業"",""ケアマネジメントの総合的推進"",""ひきこもり対策"",""ボランティア施設改修"",""ボランティア団体等援助"",""移動困難者の移送システム"",""医療的ケア児（者）支援の充実"",""医療的ケア児の笑顔を支える基金積立金"",""介護人材確保・定着支援事業"",""介護保険事業会計繰出金"",""旧軍人等の援護"",""後期高齢者医療会計繰出金"",""行旅病人及死亡人取扱"",""高齢福祉部運営事業"",""高齢福祉部庶務事務"",""国民健康保険事業会計繰出金"",""災害時ボランティア受入体制整備事業"",""社会福祉協議会運営助成"",""社会福祉事業団運営助成"",""社会福祉法人に対する高齢者施設整備助成"",""社会福祉法人に対する障害者施設整備助成"",""社会福祉法人の認可・指導検査"",""終活支援センター運営事業"",""住宅手当緊急特別措置事業"",""住民税非課税世帯等への価格高騰重点支援給付金支給"",""障害者グループホーム整備助成"",""障害者差別解消推進"",""障害者施設整備促進等事業"",""障害者福祉施策の計画・調整"",""障害認定審査事務運営"",""障害福祉部庶務事務"",""心身障害者医療費助成"",""世田谷区地域福祉推進事業"",""世田谷保健福祉センター分室維持管理"",""成年後見制度"",""生活安定支援事業"",""生活困窮者自立促進支援事業"",""生活保健事務（烏山）"",""生活保健事務（砧）"",""生活保健事務（玉川）"",""生活保健事務（世田谷）"",""生活保健事務（北沢）"",""専門的人材の確保・養成事業"",""相談員業務（烏山）"",""相談員業務（砧）"",""相談員業務（玉川）"",""相談員業務（世田谷）"",""相談員業務（北沢）"",""地域福祉活動等促進事業"",""地域福祉資源開発事業"",""地域保健福祉審議会の運営"",""地域保健福祉等推進基金積立金"",""地域密着型サービス拠点等整備助成"",""地区高齢者見守りネットワーク事業"",""特定中国残留邦人等支援事業"",""特別区区民葬儀助成事業"",""特別養護老人ホーム等運営支援"",""避難行動要支援者支援の推進"",""福祉資金貸付"",""福祉人材育成・研修センター運営事業"",""保健医療福祉総合プラザ維持運営"",""保健福祉サービス苦情審査会運営"",""保健福祉サービス質の向上の推進"",""保健福祉運営事務（烏山）"",""保健福祉運営事務（砧）"",""保健福祉運営事務（玉川）"",""保健福祉運営事務（世田谷）"",""保健福祉運営事務（北沢）"",""保健福祉政策部運営事業"",""保健福祉政策部庶務事務"",""民生委員等活動"",""路上生活対策事業"",""老人保健施設整備助成""],""related_revenues"":[{""revenue_detail_id"":""rd_2026_general_revenue_13_02_01_32_22_3655100000"",""revenue_hierarchy"":[""国庫支出金"",""国庫補助金"",""民生費補助金"",""地域生活支援事業費"",""点字・声の広報等発行事業""],""amount_attribution_status"":""not_available""},{""revenue_detail_id"":""rd_2026_general_revenue_14_02_02_37_21_3655100000"",""revenue_hierarchy"":[""都支出金"",""都補助金"",""民生費補助金"",""地域生活支援事業費"",""点字・声の広報等発行事業""],""amount_attribution_status"":""not_available""},{""revenue_detail_id"":""rd_2026_general_revenue_19_06_09_45_12_3655100000"",""revenue_hierarchy"":[""諸収入"",""雑入"",""雑入"",""広告料収入"",""障害者のしおり""],""amount_attribution_status"":""not_available""}]}","high","approve","B_strong_structural・確信度highの一括承認ルールにより承認"
"bpi_f3a9d5b369c93f3e3301ff0aac62891c735d98b2cae4b36ecacbe96ef84f223e","児童生徒等に対する援護","一般会計","民生費","生活保護費","扶助費","保健福祉政策部 生活福祉課","3960","生活の安心と地域福祉を支える","responds_to","公式予算の会計・款・項・目と事業名から「生活の安心と地域福祉を支える」との構造的な関係が強い候補として整理した。これはみらい議会の探索用整理であり、区の公式な課題分類ではない。","B_strong_structural","{""matched_rule_id"":""livelihood-security-and-community-welfare-official-structure"",""budget_item_key"":""2026_general_expenditure_03_03_03"",""identity_fields"":{""display_program_name"":""児童生徒等に対する援護"",""hierarchy"":[""民生費"",""生活保護費"",""扶助費""],""department_display_name"":""保健福祉政策部 生活福祉課"",""amount_thousand_yen"":3960},""member_programs"":[{""program_id"":""2026_general_expenditure_03_03_03_02_01_01"",""major_program_name"":""被生活保護世帯等に対する法外援護費"",""budget_program_name"":""児童生徒等に対する援護"",""detail_program_name"":""児童生徒等に対する援護"",""source_file"":""ippansaisyutu.csv"",""source_row_number"":9569}],""same_budget_item_other_program_names"":[""生活保護法に基づく保護費"",""被保護世帯等に対する援護""],""related_revenues"":[]}","high","approve","B_strong_structural・確信度highの一括承認ルールにより承認"
"bpi_3b8d368adc13c07345dfabde5bdd7bcf5f9c1a59a00e19859029699283ad954d","世田谷区地域福祉推進事業","一般会計","民生費","社会福祉費","社会福祉総務費","障害福祉部 障害地域生活課","3500","生活の安心と地域福祉を支える","responds_to","公式予算の会計・款・項・目と事業名から「生活の安心と地域福祉を支える」との構造的な関係が強い候補として整理した。これはみらい議会の探索用整理であり、区の公式な課題分類ではない。","B_strong_structural","{""matched_rule_id"":""livelihood-security-and-community-welfare-official-structure"",""budget_item_key"":""2026_general_expenditure_03_01_01"",""identity_fields"":{""display_program_name"":""世田谷区地域福祉推進事業"",""hierarchy"":[""民生費"",""社会福祉費"",""社会福祉総務費""],""department_display_name"":""障害福祉部 障害地域生活課"",""amount_thousand_yen"":3500},""member_programs"":[{""program_id"":""2026_general_expenditure_03_01_01_03_14_01"",""major_program_name"":""その他の社会福祉事業費"",""budget_program_name"":""世田谷区地域福祉推進事業"",""detail_program_name"":""世田谷区地域福祉推進事業"",""source_file"":""ippansaisyutu.csv"",""source_row_number"":9736}],""same_budget_item_other_program_names"":[""ケアハウス整備促進等事業"",""ケアマネジメントの総合的推進"",""ひきこもり対策"",""ボランティア施設改修"",""ボランティア団体等援助"",""移動困難者の移送システム"",""医療的ケア児（者）支援の充実"",""医療的ケア児の笑顔を支える基金積立金"",""介護人材確保・定着支援事業"",""介護保険事業会計繰出金"",""旧軍人等の援護"",""後期高齢者医療会計繰出金"",""行旅病人及死亡人取扱"",""高齢福祉部運営事業"",""高齢福祉部庶務事務"",""国民健康保険事業会計繰出金"",""災害時ボランティア受入体制整備事業"",""社会福祉協議会運営助成"",""社会福祉事業団運営助成"",""社会福祉法人に対する高齢者施設整備助成"",""社会福祉法人に対する障害者施設整備助成"",""社会福祉法人の認可・指導検査"",""終活支援センター運営事業"",""住宅手当緊急特別措置事業"",""住民税非課税世帯等への価格高騰重点支援給付金支給"",""障害者グループホーム整備助成"",""障害者サービス広報事業"",""障害者差別解消推進"",""障害者施設整備促進等事業"",""障害者福祉施策の計画・調整"",""障害認定審査事務運営"",""障害福祉部庶務事務"",""心身障害者医療費助成"",""世田谷保健福祉センター分室維持管理"",""成年後見制度"",""生活安定支援事業"",""生活困窮者自立促進支援事業"",""生活保健事務（烏山）"",""生活保健事務（砧）"",""生活保健事務（玉川）"",""生活保健事務（世田谷）"",""生活保健事務（北沢）"",""専門的人材の確保・養成事業"",""相談員業務（烏山）"",""相談員業務（砧）"",""相談員業務（玉川）"",""相談員業務（世田谷）"",""相談員業務（北沢）"",""地域福祉活動等促進事業"",""地域福祉資源開発事業"",""地域保健福祉審議会の運営"",""地域保健福祉等推進基金積立金"",""地域密着型サービス拠点等整備助成"",""地区高齢者見守りネットワーク事業"",""特定中国残留邦人等支援事業"",""特別区区民葬儀助成事業"",""特別養護老人ホーム等運営支援"",""避難行動要支援者支援の推進"",""福祉資金貸付"",""福祉人材育成・研修センター運営事業"",""保健医療福祉総合プラザ維持運営"",""保健福祉サービス苦情審査会運営"",""保健福祉サービス質の向上の推進"",""保健福祉運営事務（烏山）"",""保健福祉運営事務（砧）"",""保健福祉運営事務（玉川）"",""保健福祉運営事務（世田谷）"",""保健福祉運営事務（北沢）"",""保健福祉政策部運営事業"",""保健福祉政策部庶務事務"",""民生委員等活動"",""路上生活対策事業"",""老人保健施設整備助成""],""related_revenues"":[{""revenue_detail_id"":""rd_2026_general_revenue_14_02_02_24_01_3655200000"",""revenue_hierarchy"":[""都支出金"",""都補助金"",""民生費補助金"",""地域福祉推進事業費"",""地域福祉推進事業""],""amount_attribution_status"":""not_available""}]}","high","approve","B_strong_structural・確信度highの一括承認ルールにより承認"
"bpi_7029bc442dd429a34d2ddc2d48c2f2359752c07d19b12131e255e395ee6ba554","保健福祉運営事務（玉川）","一般会計","民生費","社会福祉費","社会福祉総務費","玉川総合支所 保健福祉課","3082","生活の安心と地域福祉を支える","responds_to","公式予算の会計・款・項・目と事業名から「生活の安心と地域福祉を支える」との構造的な関係が強い候補として整理した。これはみらい議会の探索用整理であり、区の公式な課題分類ではない。","B_strong_structural","{""matched_rule_id"":""livelihood-security-and-community-welfare-official-structure"",""budget_item_key"":""2026_general_expenditure_03_01_01"",""identity_fields"":{""display_program_name"":""保健福祉運営事務（玉川）"",""hierarchy"":[""民生費"",""社会福祉費"",""社会福祉総務費""],""department_display_name"":""玉川総合支所 保健福祉課"",""amount_thousand_yen"":3082},""member_programs"":[{""program_id"":""2026_general_expenditure_03_01_01_03_49_01"",""major_program_name"":""その他の社会福祉事業費"",""budget_program_name"":""保健福祉運営事務（玉川）"",""detail_program_name"":""保健福祉運営事務（玉川）"",""source_file"":""ippansaisyutu.csv"",""source_row_number"":9175}],""same_budget_item_other_program_names"":[""ケアハウス整備促進等事業"",""ケアマネジメントの総合的推進"",""ひきこもり対策"",""ボランティア施設改修"",""ボランティア団体等援助"",""移動困難者の移送システム"",""医療的ケア児（者）支援の充実"",""医療的ケア児の笑顔を支える基金積立金"",""介護人材確保・定着支援事業"",""介護保険事業会計繰出金"",""旧軍人等の援護"",""後期高齢者医療会計繰出金"",""行旅病人及死亡人取扱"",""高齢福祉部運営事業"",""高齢福祉部庶務事務"",""国民健康保険事業会計繰出金"",""災害時ボランティア受入体制整備事業"",""社会福祉協議会運営助成"",""社会福祉事業団運営助成"",""社会福祉法人に対する高齢者施設整備助成"",""社会福祉法人に対する障害者施設整備助成"",""社会福祉法人の認可・指導検査"",""終活支援センター運営事業"",""住宅手当緊急特別措置事業"",""住民税非課税世帯等への価格高騰重点支援給付金支給"",""障害者グループホーム整備助成"",""障害者サービス広報事業"",""障害者差別解消推進"",""障害者施設整備促進等事業"",""障害者福祉施策の計画・調整"",""障害認定審査事務運営"",""障害福祉部庶務事務"",""心身障害者医療費助成"",""世田谷区地域福祉推進事業"",""世田谷保健福祉センター分室維持管理"",""成年後見制度"",""生活安定支援事業"",""生活困窮者自立促進支援事業"",""生活保健事務（烏山）"",""生活保健事務（砧）"",""生活保健事務（玉川）"",""生活保健事務（世田谷）"",""生活保健事務（北沢）"",""専門的人材の確保・養成事業"",""相談員業務（烏山）"",""相談員業務（砧）"",""相談員業務（玉川）"",""相談員業務（世田谷）"",""相談員業務（北沢）"",""地域福祉活動等促進事業"",""地域福祉資源開発事業"",""地域保健福祉審議会の運営"",""地域保健福祉等推進基金積立金"",""地域密着型サービス拠点等整備助成"",""地区高齢者見守りネットワーク事業"",""特定中国残留邦人等支援事業"",""特別区区民葬儀助成事業"",""特別養護老人ホーム等運営支援"",""避難行動要支援者支援の推進"",""福祉資金貸付"",""福祉人材育成・研修センター運営事業"",""保健医療福祉総合プラザ維持運営"",""保健福祉サービス苦情審査会運営"",""保健福祉サービス質の向上の推進"",""保健福祉運営事務（烏山）"",""保健福祉運営事務（砧）"",""保健福祉運営事務（世田谷）"",""保健福祉運営事務（北沢）"",""保健福祉政策部運営事業"",""保健福祉政策部庶務事務"",""民生委員等活動"",""路上生活対策事業"",""老人保健施設整備助成""],""related_revenues"":[]}","high","approve","B_strong_structural・確信度highの一括承認ルールにより承認"
"bpi_707e10a0154b52f946c23b02d77026ae345d498b4de22f9d8a7460999980a4e5","国民年金運営事業","一般会計","民生費","社会福祉費","国民年金総務費","保健福祉政策部 国保・年金課","3009","生活の安心と地域福祉を支える","responds_to","公式予算の会計・款・項・目と事業名から「生活の安心と地域福祉を支える」との構造的な関係が強い候補として整理した。これはみらい議会の探索用整理であり、区の公式な課題分類ではない。","B_strong_structural","{""matched_rule_id"":""livelihood-security-and-community-welfare-official-structure"",""budget_item_key"":""2026_general_expenditure_03_01_20"",""identity_fields"":{""display_program_name"":""国民年金運営事業"",""hierarchy"":[""民生費"",""社会福祉費"",""国民年金総務費""],""department_display_name"":""保健福祉政策部 国保・年金課"",""amount_thousand_yen"":3009},""member_programs"":[{""program_id"":""2026_general_expenditure_03_01_20_01_01_01"",""major_program_name"":""国民年金事務運営費"",""budget_program_name"":""国民年金運営事業"",""detail_program_name"":""国民年金運営事業"",""source_file"":""ippansaisyutu.csv"",""source_row_number"":9574}],""same_budget_item_other_program_names"":[],""related_revenues"":[{""revenue_detail_id"":""rd_2026_general_revenue_13_01_01_11_08_3595400000"",""revenue_hierarchy"":[""国庫支出金"",""国庫負担金"",""民生費負担金"",""国民年金事務費"",""年金生活者支援給付金""],""amount_attribution_status"":""not_available""},{""revenue_detail_id"":""rd_2026_general_revenue_13_01_01_20_02_3595400000"",""revenue_hierarchy"":[""国庫支出金"",""国庫負担金"",""民生費負担金"",""特別障害給付事務費"",""特別障害給付事務""],""amount_attribution_status"":""not_available""}]}","high","approve","B_strong_structural・確信度highの一括承認ルールにより承認"
"bpi_cac62e753b6d0625e773caaee5359cb6ebbec0c3b4c8d6f705317717871e8de5","保健福祉運営事務（砧）","一般会計","民生費","社会福祉費","社会福祉総務費","砧総合支所 保健福祉課","2810","生活の安心と地域福祉を支える","responds_to","公式予算の会計・款・項・目と事業名から「生活の安心と地域福祉を支える」との構造的な関係が強い候補として整理した。これはみらい議会の探索用整理であり、区の公式な課題分類ではない。","B_strong_structural","{""matched_rule_id"":""livelihood-security-and-community-welfare-official-structure"",""budget_item_key"":""2026_general_expenditure_03_01_01"",""identity_fields"":{""display_program_name"":""保健福祉運営事務（砧）"",""hierarchy"":[""民生費"",""社会福祉費"",""社会福祉総務費""],""department_display_name"":""砧総合支所 保健福祉課"",""amount_thousand_yen"":2810},""member_programs"":[{""program_id"":""2026_general_expenditure_03_01_01_03_50_01"",""major_program_name"":""その他の社会福祉事業費"",""budget_program_name"":""保健福祉運営事務（砧）"",""detail_program_name"":""保健福祉運営事務（砧）"",""source_file"":""ippansaisyutu.csv"",""source_row_number"":9205}],""same_budget_item_other_program_names"":[""ケアハウス整備促進等事業"",""ケアマネジメントの総合的推進"",""ひきこもり対策"",""ボランティア施設改修"",""ボランティア団体等援助"",""移動困難者の移送システム"",""医療的ケア児（者）支援の充実"",""医療的ケア児の笑顔を支える基金積立金"",""介護人材確保・定着支援事業"",""介護保険事業会計繰出金"",""旧軍人等の援護"",""後期高齢者医療会計繰出金"",""行旅病人及死亡人取扱"",""高齢福祉部運営事業"",""高齢福祉部庶務事務"",""国民健康保険事業会計繰出金"",""災害時ボランティア受入体制整備事業"",""社会福祉協議会運営助成"",""社会福祉事業団運営助成"",""社会福祉法人に対する高齢者施設整備助成"",""社会福祉法人に対する障害者施設整備助成"",""社会福祉法人の認可・指導検査"",""終活支援センター運営事業"",""住宅手当緊急特別措置事業"",""住民税非課税世帯等への価格高騰重点支援給付金支給"",""障害者グループホーム整備助成"",""障害者サービス広報事業"",""障害者差別解消推進"",""障害者施設整備促進等事業"",""障害者福祉施策の計画・調整"",""障害認定審査事務運営"",""障害福祉部庶務事務"",""心身障害者医療費助成"",""世田谷区地域福祉推進事業"",""世田谷保健福祉センター分室維持管理"",""成年後見制度"",""生活安定支援事業"",""生活困窮者自立促進支援事業"",""生活保健事務（烏山）"",""生活保健事務（砧）"",""生活保健事務（玉川）"",""生活保健事務（世田谷）"",""生活保健事務（北沢）"",""専門的人材の確保・養成事業"",""相談員業務（烏山）"",""相談員業務（砧）"",""相談員業務（玉川）"",""相談員業務（世田谷）"",""相談員業務（北沢）"",""地域福祉活動等促進事業"",""地域福祉資源開発事業"",""地域保健福祉審議会の運営"",""地域保健福祉等推進基金積立金"",""地域密着型サービス拠点等整備助成"",""地区高齢者見守りネットワーク事業"",""特定中国残留邦人等支援事業"",""特別区区民葬儀助成事業"",""特別養護老人ホーム等運営支援"",""避難行動要支援者支援の推進"",""福祉資金貸付"",""福祉人材育成・研修センター運営事業"",""保健医療福祉総合プラザ維持運営"",""保健福祉サービス苦情審査会運営"",""保健福祉サービス質の向上の推進"",""保健福祉運営事務（烏山）"",""保健福祉運営事務（玉川）"",""保健福祉運営事務（世田谷）"",""保健福祉運営事務（北沢）"",""保健福祉政策部運営事業"",""保健福祉政策部庶務事務"",""民生委員等活動"",""路上生活対策事業"",""老人保健施設整備助成""],""related_revenues"":[]}","high","approve","B_strong_structural・確信度highの一括承認ルールにより承認"
"bpi_ac4757046c5ab41a885d6874d3f42223fa295c91ec63943d427cb6894f9a1813","社会福祉法人の認可・指導検査","一般会計","民生費","社会福祉費","社会福祉総務費","保健福祉政策部 保健福祉政策課","2542","生活の安心と地域福祉を支える","responds_to","公式予算の会計・款・項・目と事業名から「生活の安心と地域福祉を支える」との構造的な関係が強い候補として整理した。これはみらい議会の探索用整理であり、区の公式な課題分類ではない。","B_strong_structural","{""matched_rule_id"":""livelihood-security-and-community-welfare-official-structure"",""budget_item_key"":""2026_general_expenditure_03_01_01"",""identity_fields"":{""display_program_name"":""社会福祉法人の認可・指導検査"",""hierarchy"":[""民生費"",""社会福祉費"",""社会福祉総務費""],""department_display_name"":""保健福祉政策部 保健福祉政策課"",""amount_thousand_yen"":2542},""member_programs"":[{""program_id"":""2026_general_expenditure_03_01_01_03_90_01"",""major_program_name"":""その他の社会福祉事業費"",""budget_program_name"":""社会福祉法人の認可・指導検査"",""detail_program_name"":""社会福祉法人の認可・指導検査"",""source_file"":""ippansaisyutu.csv"",""source_row_number"":9532}],""same_budget_item_other_program_names"":[""ケアハウス整備促進等事業"",""ケアマネジメントの総合的推進"",""ひきこもり対策"",""ボランティア施設改修"",""ボランティア団体等援助"",""移動困難者の移送システム"",""医療的ケア児（者）支援の充実"",""医療的ケア児の笑顔を支える基金積立金"",""介護人材確保・定着支援事業"",""介護保険事業会計繰出金"",""旧軍人等の援護"",""後期高齢者医療会計繰出金"",""行旅病人及死亡人取扱"",""高齢福祉部運営事業"",""高齢福祉部庶務事務"",""国民健康保険事業会計繰出金"",""災害時ボランティア受入体制整備事業"",""社会福祉協議会運営助成"",""社会福祉事業団運営助成"",""社会福祉法人に対する高齢者施設整備助成"",""社会福祉法人に対する障害者施設整備助成"",""終活支援センター運営事業"",""住宅手当緊急特別措置事業"",""住民税非課税世帯等への価格高騰重点支援給付金支給"",""障害者グループホーム整備助成"",""障害者サービス広報事業"",""障害者差別解消推進"",""障害者施設整備促進等事業"",""障害者福祉施策の計画・調整"",""障害認定審査事務運営"",""障害福祉部庶務事務"",""心身障害者医療費助成"",""世田谷区地域福祉推進事業"",""世田谷保健福祉センター分室維持管理"",""成年後見制度"",""生活安定支援事業"",""生活困窮者自立促進支援事業"",""生活保健事務（烏山）"",""生活保健事務（砧）"",""生活保健事務（玉川）"",""生活保健事務（世田谷）"",""生活保健事務（北沢）"",""専門的人材の確保・養成事業"",""相談員業務（烏山）"",""相談員業務（砧）"",""相談員業務（玉川）"",""相談員業務（世田谷）"",""相談員業務（北沢）"",""地域福祉活動等促進事業"",""地域福祉資源開発事業"",""地域保健福祉審議会の運営"",""地域保健福祉等推進基金積立金"",""地域密着型サービス拠点等整備助成"",""地区高齢者見守りネットワーク事業"",""特定中国残留邦人等支援事業"",""特別区区民葬儀助成事業"",""特別養護老人ホーム等運営支援"",""避難行動要支援者支援の推進"",""福祉資金貸付"",""福祉人材育成・研修センター運営事業"",""保健医療福祉総合プラザ維持運営"",""保健福祉サービス苦情審査会運営"",""保健福祉サービス質の向上の推進"",""保健福祉運営事務（烏山）"",""保健福祉運営事務（砧）"",""保健福祉運営事務（玉川）"",""保健福祉運営事務（世田谷）"",""保健福祉運営事務（北沢）"",""保健福祉政策部運営事業"",""保健福祉政策部庶務事務"",""民生委員等活動"",""路上生活対策事業"",""老人保健施設整備助成""],""related_revenues"":[{""revenue_detail_id"":""rd_2026_general_revenue_12_02_02_01_02_3595110000"",""revenue_hierarchy"":[""使用料及手数料"",""手数料"",""民生手数料"",""諸証明"",""社会福祉法人理事証明等""],""amount_attribution_status"":""not_available""}]}","high","approve","B_strong_structural・確信度highの一括承認ルールにより承認"
"bpi_9bc868351e55fb0cd26fe03077e65fad77f14ac13e3fdbb6387be313d0c1742e","障害福祉部庶務事務","一般会計","民生費","社会福祉費","社会福祉総務費","障害福祉部 障害施策課","2326","生活の安心と地域福祉を支える","responds_to","公式予算の会計・款・項・目と事業名から「生活の安心と地域福祉を支える」との構造的な関係が強い候補として整理した。これはみらい議会の探索用整理であり、区の公式な課題分類ではない。","B_strong_structural","{""matched_rule_id"":""livelihood-security-and-community-welfare-official-structure"",""budget_item_key"":""2026_general_expenditure_03_01_01"",""identity_fields"":{""display_program_name"":""障害福祉部庶務事務"",""hierarchy"":[""民生費"",""社会福祉費"",""社会福祉総務費""],""department_display_name"":""障害福祉部 障害施策課"",""amount_thousand_yen"":2326},""member_programs"":[{""program_id"":""2026_general_expenditure_03_01_01_06_11_01"",""major_program_name"":""その他の社会福祉事業費（２）"",""budget_program_name"":""障害福祉部庶務事務"",""detail_program_name"":""障害福祉部庶務事務"",""source_file"":""ippansaisyutu.csv"",""source_row_number"":9705}],""same_budget_item_other_program_names"":[""ケアハウス整備促進等事業"",""ケアマネジメントの総合的推進"",""ひきこもり対策"",""ボランティア施設改修"",""ボランティア団体等援助"",""移動困難者の移送システム"",""医療的ケア児（者）支援の充実"",""医療的ケア児の笑顔を支える基金積立金"",""介護人材確保・定着支援事業"",""介護保険事業会計繰出金"",""旧軍人等の援護"",""後期高齢者医療会計繰出金"",""行旅病人及死亡人取扱"",""高齢福祉部運営事業"",""高齢福祉部庶務事務"",""国民健康保険事業会計繰出金"",""災害時ボランティア受入体制整備事業"",""社会福祉協議会運営助成"",""社会福祉事業団運営助成"",""社会福祉法人に対する高齢者施設整備助成"",""社会福祉法人に対する障害者施設整備助成"",""社会福祉法人の認可・指導検査"",""終活支援センター運営事業"",""住宅手当緊急特別措置事業"",""住民税非課税世帯等への価格高騰重点支援給付金支給"",""障害者グループホーム整備助成"",""障害者サービス広報事業"",""障害者差別解消推進"",""障害者施設整備促進等事業"",""障害者福祉施策の計画・調整"",""障害認定審査事務運営"",""心身障害者医療費助成"",""世田谷区地域福祉推進事業"",""世田谷保健福祉センター分室維持管理"",""成年後見制度"",""生活安定支援事業"",""生活困窮者自立促進支援事業"",""生活保健事務（烏山）"",""生活保健事務（砧）"",""生活保健事務（玉川）"",""生活保健事務（世田谷）"",""生活保健事務（北沢）"",""専門的人材の確保・養成事業"",""相談員業務（烏山）"",""相談員業務（砧）"",""相談員業務（玉川）"",""相談員業務（世田谷）"",""相談員業務（北沢）"",""地域福祉活動等促進事業"",""地域福祉資源開発事業"",""地域保健福祉審議会の運営"",""地域保健福祉等推進基金積立金"",""地域密着型サービス拠点等整備助成"",""地区高齢者見守りネットワーク事業"",""特定中国残留邦人等支援事業"",""特別区区民葬儀助成事業"",""特別養護老人ホーム等運営支援"",""避難行動要支援者支援の推進"",""福祉資金貸付"",""福祉人材育成・研修センター運営事業"",""保健医療福祉総合プラザ維持運営"",""保健福祉サービス苦情審査会運営"",""保健福祉サービス質の向上の推進"",""保健福祉運営事務（烏山）"",""保健福祉運営事務（砧）"",""保健福祉運営事務（玉川）"",""保健福祉運営事務（世田谷）"",""保健福祉運営事務（北沢）"",""保健福祉政策部運営事業"",""保健福祉政策部庶務事務"",""民生委員等活動"",""路上生活対策事業"",""老人保健施設整備助成""],""related_revenues"":[]}","high","approve","B_strong_structural・確信度highの一括承認ルールにより承認"
"bpi_5fef65ac07db7dc3768325945f85eeca35b518a4b6845f6054365106c587fae6","高齢福祉部庶務事務","一般会計","民生費","社会福祉費","社会福祉総務費","高齢福祉部 高齢福祉課","2225","生活の安心と地域福祉を支える","responds_to","公式予算の会計・款・項・目と事業名から「生活の安心と地域福祉を支える」との構造的な関係が強い候補として整理した。これはみらい議会の探索用整理であり、区の公式な課題分類ではない。","B_strong_structural","{""matched_rule_id"":""livelihood-security-and-community-welfare-official-structure"",""budget_item_key"":""2026_general_expenditure_03_01_01"",""identity_fields"":{""display_program_name"":""高齢福祉部庶務事務"",""hierarchy"":[""民生費"",""社会福祉費"",""社会福祉総務費""],""department_display_name"":""高齢福祉部 高齢福祉課"",""amount_thousand_yen"":2225},""member_programs"":[{""program_id"":""2026_general_expenditure_03_01_01_03_98_01"",""major_program_name"":""その他の社会福祉事業費"",""budget_program_name"":""高齢福祉部庶務事務"",""detail_program_name"":""高齢福祉部庶務事務"",""source_file"":""ippansaisyutu.csv"",""source_row_number"":9621}],""same_budget_item_other_program_names"":[""ケアハウス整備促進等事業"",""ケアマネジメントの総合的推進"",""ひきこもり対策"",""ボランティア施設改修"",""ボランティア団体等援助"",""移動困難者の移送システム"",""医療的ケア児（者）支援の充実"",""医療的ケア児の笑顔を支える基金積立金"",""介護人材確保・定着支援事業"",""介護保険事業会計繰出金"",""旧軍人等の援護"",""後期高齢者医療会計繰出金"",""行旅病人及死亡人取扱"",""高齢福祉部運営事業"",""国民健康保険事業会計繰出金"",""災害時ボランティア受入体制整備事業"",""社会福祉協議会運営助成"",""社会福祉事業団運営助成"",""社会福祉法人に対する高齢者施設整備助成"",""社会福祉法人に対する障害者施設整備助成"",""社会福祉法人の認可・指導検査"",""終活支援センター運営事業"",""住宅手当緊急特別措置事業"",""住民税非課税世帯等への価格高騰重点支援給付金支給"",""障害者グループホーム整備助成"",""障害者サービス広報事業"",""障害者差別解消推進"",""障害者施設整備促進等事業"",""障害者福祉施策の計画・調整"",""障害認定審査事務運営"",""障害福祉部庶務事務"",""心身障害者医療費助成"",""世田谷区地域福祉推進事業"",""世田谷保健福祉センター分室維持管理"",""成年後見制度"",""生活安定支援事業"",""生活困窮者自立促進支援事業"",""生活保健事務（烏山）"",""生活保健事務（砧）"",""生活保健事務（玉川）"",""生活保健事務（世田谷）"",""生活保健事務（北沢）"",""専門的人材の確保・養成事業"",""相談員業務（烏山）"",""相談員業務（砧）"",""相談員業務（玉川）"",""相談員業務（世田谷）"",""相談員業務（北沢）"",""地域福祉活動等促進事業"",""地域福祉資源開発事業"",""地域保健福祉審議会の運営"",""地域保健福祉等推進基金積立金"",""地域密着型サービス拠点等整備助成"",""地区高齢者見守りネットワーク事業"",""特定中国残留邦人等支援事業"",""特別区区民葬儀助成事業"",""特別養護老人ホーム等運営支援"",""避難行動要支援者支援の推進"",""福祉資金貸付"",""福祉人材育成・研修センター運営事業"",""保健医療福祉総合プラザ維持運営"",""保健福祉サービス苦情審査会運営"",""保健福祉サービス質の向上の推進"",""保健福祉運営事務（烏山）"",""保健福祉運営事務（砧）"",""保健福祉運営事務（玉川）"",""保健福祉運営事務（世田谷）"",""保健福祉運営事務（北沢）"",""保健福祉政策部運営事業"",""保健福祉政策部庶務事務"",""民生委員等活動"",""路上生活対策事業"",""老人保健施設整備助成""],""related_revenues"":[]}","high","approve","B_strong_structural・確信度highの一括承認ルールにより承認"
"bpi_09b74e9cb0ed6a51cdb9c13f0bf11e597caf5af0476bfc02dda3d0e894dca6b3","保健福祉運営事務（烏山）","一般会計","民生費","社会福祉費","社会福祉総務費","烏山総合支所 保健福祉課","2121","生活の安心と地域福祉を支える","responds_to","公式予算の会計・款・項・目と事業名から「生活の安心と地域福祉を支える」との構造的な関係が強い候補として整理した。これはみらい議会の探索用整理であり、区の公式な課題分類ではない。","B_strong_structural","{""matched_rule_id"":""livelihood-security-and-community-welfare-official-structure"",""budget_item_key"":""2026_general_expenditure_03_01_01"",""identity_fields"":{""display_program_name"":""保健福祉運営事務（烏山）"",""hierarchy"":[""民生費"",""社会福祉費"",""社会福祉総務費""],""department_display_name"":""烏山総合支所 保健福祉課"",""amount_thousand_yen"":2121},""member_programs"":[{""program_id"":""2026_general_expenditure_03_01_01_03_51_01"",""major_program_name"":""その他の社会福祉事業費"",""budget_program_name"":""保健福祉運営事務（烏山）"",""detail_program_name"":""保健福祉運営事務（烏山）"",""source_file"":""ippansaisyutu.csv"",""source_row_number"":9237}],""same_budget_item_other_program_names"":[""ケアハウス整備促進等事業"",""ケアマネジメントの総合的推進"",""ひきこもり対策"",""ボランティア施設改修"",""ボランティア団体等援助"",""移動困難者の移送システム"",""医療的ケア児（者）支援の充実"",""医療的ケア児の笑顔を支える基金積立金"",""介護人材確保・定着支援事業"",""介護保険事業会計繰出金"",""旧軍人等の援護"",""後期高齢者医療会計繰出金"",""行旅病人及死亡人取扱"",""高齢福祉部運営事業"",""高齢福祉部庶務事務"",""国民健康保険事業会計繰出金"",""災害時ボランティア受入体制整備事業"",""社会福祉協議会運営助成"",""社会福祉事業団運営助成"",""社会福祉法人に対する高齢者施設整備助成"",""社会福祉法人に対する障害者施設整備助成"",""社会福祉法人の認可・指導検査"",""終活支援センター運営事業"",""住宅手当緊急特別措置事業"",""住民税非課税世帯等への価格高騰重点支援給付金支給"",""障害者グループホーム整備助成"",""障害者サービス広報事業"",""障害者差別解消推進"",""障害者施設整備促進等事業"",""障害者福祉施策の計画・調整"",""障害認定審査事務運営"",""障害福祉部庶務事務"",""心身障害者医療費助成"",""世田谷区地域福祉推進事業"",""世田谷保健福祉センター分室維持管理"",""成年後見制度"",""生活安定支援事業"",""生活困窮者自立促進支援事業"",""生活保健事務（烏山）"",""生活保健事務（砧）"",""生活保健事務（玉川）"",""生活保健事務（世田谷）"",""生活保健事務（北沢）"",""専門的人材の確保・養成事業"",""相談員業務（烏山）"",""相談員業務（砧）"",""相談員業務（玉川）"",""相談員業務（世田谷）"",""相談員業務（北沢）"",""地域福祉活動等促進事業"",""地域福祉資源開発事業"",""地域保健福祉審議会の運営"",""地域保健福祉等推進基金積立金"",""地域密着型サービス拠点等整備助成"",""地区高齢者見守りネットワーク事業"",""特定中国残留邦人等支援事業"",""特別区区民葬儀助成事業"",""特別養護老人ホーム等運営支援"",""避難行動要支援者支援の推進"",""福祉資金貸付"",""福祉人材育成・研修センター運営事業"",""保健医療福祉総合プラザ維持運営"",""保健福祉サービス苦情審査会運営"",""保健福祉サービス質の向上の推進"",""保健福祉運営事務（砧）"",""保健福祉運営事務（玉川）"",""保健福祉運営事務（世田谷）"",""保健福祉運営事務（北沢）"",""保健福祉政策部運営事業"",""保健福祉政策部庶務事務"",""民生委員等活動"",""路上生活対策事業"",""老人保健施設整備助成""],""related_revenues"":[]}","high","approve","B_strong_structural・確信度highの一括承認ルールにより承認"
"bpi_d603a52935e3fd2e2aa5fee0ec2c8e9ca9a119d4b25fe80083c247b8c20ebb4f","保健福祉運営事務（北沢）","一般会計","民生費","社会福祉費","社会福祉総務費","北沢総合支所 保健福祉課","1814","生活の安心と地域福祉を支える","responds_to","公式予算の会計・款・項・目と事業名から「生活の安心と地域福祉を支える」との構造的な関係が強い候補として整理した。これはみらい議会の探索用整理であり、区の公式な課題分類ではない。","B_strong_structural","{""matched_rule_id"":""livelihood-security-and-community-welfare-official-structure"",""budget_item_key"":""2026_general_expenditure_03_01_01"",""identity_fields"":{""display_program_name"":""保健福祉運営事務（北沢）"",""hierarchy"":[""民生費"",""社会福祉費"",""社会福祉総務費""],""department_display_name"":""北沢総合支所 保健福祉課"",""amount_thousand_yen"":1814},""member_programs"":[{""program_id"":""2026_general_expenditure_03_01_01_03_48_01"",""major_program_name"":""その他の社会福祉事業費"",""budget_program_name"":""保健福祉運営事務（北沢）"",""detail_program_name"":""保健福祉運営事務（北沢）"",""source_file"":""ippansaisyutu.csv"",""source_row_number"":9147}],""same_budget_item_other_program_names"":[""ケアハウス整備促進等事業"",""ケアマネジメントの総合的推進"",""ひきこもり対策"",""ボランティア施設改修"",""ボランティア団体等援助"",""移動困難者の移送システム"",""医療的ケア児（者）支援の充実"",""医療的ケア児の笑顔を支える基金積立金"",""介護人材確保・定着支援事業"",""介護保険事業会計繰出金"",""旧軍人等の援護"",""後期高齢者医療会計繰出金"",""行旅病人及死亡人取扱"",""高齢福祉部運営事業"",""高齢福祉部庶務事務"",""国民健康保険事業会計繰出金"",""災害時ボランティア受入体制整備事業"",""社会福祉協議会運営助成"",""社会福祉事業団運営助成"",""社会福祉法人に対する高齢者施設整備助成"",""社会福祉法人に対する障害者施設整備助成"",""社会福祉法人の認可・指導検査"",""終活支援センター運営事業"",""住宅手当緊急特別措置事業"",""住民税非課税世帯等への価格高騰重点支援給付金支給"",""障害者グループホーム整備助成"",""障害者サービス広報事業"",""障害者差別解消推進"",""障害者施設整備促進等事業"",""障害者福祉施策の計画・調整"",""障害認定審査事務運営"",""障害福祉部庶務事務"",""心身障害者医療費助成"",""世田谷区地域福祉推進事業"",""世田谷保健福祉センター分室維持管理"",""成年後見制度"",""生活安定支援事業"",""生活困窮者自立促進支援事業"",""生活保健事務（烏山）"",""生活保健事務（砧）"",""生活保健事務（玉川）"",""生活保健事務（世田谷）"",""生活保健事務（北沢）"",""専門的人材の確保・養成事業"",""相談員業務（烏山）"",""相談員業務（砧）"",""相談員業務（玉川）"",""相談員業務（世田谷）"",""相談員業務（北沢）"",""地域福祉活動等促進事業"",""地域福祉資源開発事業"",""地域保健福祉審議会の運営"",""地域保健福祉等推進基金積立金"",""地域密着型サービス拠点等整備助成"",""地区高齢者見守りネットワーク事業"",""特定中国残留邦人等支援事業"",""特別区区民葬儀助成事業"",""特別養護老人ホーム等運営支援"",""避難行動要支援者支援の推進"",""福祉資金貸付"",""福祉人材育成・研修センター運営事業"",""保健医療福祉総合プラザ維持運営"",""保健福祉サービス苦情審査会運営"",""保健福祉サービス質の向上の推進"",""保健福祉運営事務（烏山）"",""保健福祉運営事務（砧）"",""保健福祉運営事務（玉川）"",""保健福祉運営事務（世田谷）"",""保健福祉政策部運営事業"",""保健福祉政策部庶務事務"",""民生委員等活動"",""路上生活対策事業"",""老人保健施設整備助成""],""related_revenues"":[]}","high","approve","B_strong_structural・確信度highの一括承認ルールにより承認"
"bpi_bf9d9b4cecd7030b883c6ceaa1af1867bde16f6b975dc605c963d1ed7c48d594","保健福祉運営事務（世田谷）","一般会計","民生費","社会福祉費","社会福祉総務費","世田谷総合支所 保健福祉課","1061","生活の安心と地域福祉を支える","responds_to","公式予算の会計・款・項・目と事業名から「生活の安心と地域福祉を支える」との構造的な関係が強い候補として整理した。これはみらい議会の探索用整理であり、区の公式な課題分類ではない。","B_strong_structural","{""matched_rule_id"":""livelihood-security-and-community-welfare-official-structure"",""budget_item_key"":""2026_general_expenditure_03_01_01"",""identity_fields"":{""display_program_name"":""保健福祉運営事務（世田谷）"",""hierarchy"":[""民生費"",""社会福祉費"",""社会福祉総務費""],""department_display_name"":""世田谷総合支所 保健福祉課"",""amount_thousand_yen"":1061},""member_programs"":[{""program_id"":""2026_general_expenditure_03_01_01_03_47_01"",""major_program_name"":""その他の社会福祉事業費"",""budget_program_name"":""保健福祉運営事務（世田谷）"",""detail_program_name"":""保健福祉運営事務（世田谷）"",""source_file"":""ippansaisyutu.csv"",""source_row_number"":9113}],""same_budget_item_other_program_names"":[""ケアハウス整備促進等事業"",""ケアマネジメントの総合的推進"",""ひきこもり対策"",""ボランティア施設改修"",""ボランティア団体等援助"",""移動困難者の移送システム"",""医療的ケア児（者）支援の充実"",""医療的ケア児の笑顔を支える基金積立金"",""介護人材確保・定着支援事業"",""介護保険事業会計繰出金"",""旧軍人等の援護"",""後期高齢者医療会計繰出金"",""行旅病人及死亡人取扱"",""高齢福祉部運営事業"",""高齢福祉部庶務事務"",""国民健康保険事業会計繰出金"",""災害時ボランティア受入体制整備事業"",""社会福祉協議会運営助成"",""社会福祉事業団運営助成"",""社会福祉法人に対する高齢者施設整備助成"",""社会福祉法人に対する障害者施設整備助成"",""社会福祉法人の認可・指導検査"",""終活支援センター運営事業"",""住宅手当緊急特別措置事業"",""住民税非課税世帯等への価格高騰重点支援給付金支給"",""障害者グループホーム整備助成"",""障害者サービス広報事業"",""障害者差別解消推進"",""障害者施設整備促進等事業"",""障害者福祉施策の計画・調整"",""障害認定審査事務運営"",""障害福祉部庶務事務"",""心身障害者医療費助成"",""世田谷区地域福祉推進事業"",""世田谷保健福祉センター分室維持管理"",""成年後見制度"",""生活安定支援事業"",""生活困窮者自立促進支援事業"",""生活保健事務（烏山）"",""生活保健事務（砧）"",""生活保健事務（玉川）"",""生活保健事務（世田谷）"",""生活保健事務（北沢）"",""専門的人材の確保・養成事業"",""相談員業務（烏山）"",""相談員業務（砧）"",""相談員業務（玉川）"",""相談員業務（世田谷）"",""相談員業務（北沢）"",""地域福祉活動等促進事業"",""地域福祉資源開発事業"",""地域保健福祉審議会の運営"",""地域保健福祉等推進基金積立金"",""地域密着型サービス拠点等整備助成"",""地区高齢者見守りネットワーク事業"",""特定中国残留邦人等支援事業"",""特別区区民葬儀助成事業"",""特別養護老人ホーム等運営支援"",""避難行動要支援者支援の推進"",""福祉資金貸付"",""福祉人材育成・研修センター運営事業"",""保健医療福祉総合プラザ維持運営"",""保健福祉サービス苦情審査会運営"",""保健福祉サービス質の向上の推進"",""保健福祉運営事務（烏山）"",""保健福祉運営事務（砧）"",""保健福祉運営事務（玉川）"",""保健福祉運営事務（北沢）"",""保健福祉政策部運営事業"",""保健福祉政策部庶務事務"",""民生委員等活動"",""路上生活対策事業"",""老人保健施設整備助成""],""related_revenues"":[]}","high","approve","B_strong_structural・確信度highの一括承認ルールにより承認"
"bpi_503085965b495ba7c44790820b5ae9502e87c0261c05ac85c74c119eada163a7","社会福祉法人に対する障害者施設整備助成","一般会計","民生費","社会福祉費","社会福祉総務費","障害福祉部 障害地域生活課","744","生活の安心と地域福祉を支える","responds_to","公式予算の会計・款・項・目と事業名から「生活の安心と地域福祉を支える」との構造的な関係が強い候補として整理した。これはみらい議会の探索用整理であり、区の公式な課題分類ではない。","B_strong_structural","{""matched_rule_id"":""livelihood-security-and-community-welfare-official-structure"",""budget_item_key"":""2026_general_expenditure_03_01_01"",""identity_fields"":{""display_program_name"":""社会福祉法人に対する障害者施設整備助成"",""hierarchy"":[""民生費"",""社会福祉費"",""社会福祉総務費""],""department_display_name"":""障害福祉部 障害地域生活課"",""amount_thousand_yen"":744},""member_programs"":[{""program_id"":""2026_general_expenditure_03_01_01_03_23_01"",""major_program_name"":""その他の社会福祉事業費"",""budget_program_name"":""社会福祉法人に対する障害者施設整備助成"",""detail_program_name"":""社会福祉法人に対する障害者施設整備助成"",""source_file"":""ippansaisyutu.csv"",""source_row_number"":9737}],""same_budget_item_other_program_names"":[""ケアハウス整備促進等事業"",""ケアマネジメントの総合的推進"",""ひきこもり対策"",""ボランティア施設改修"",""ボランティア団体等援助"",""移動困難者の移送システム"",""医療的ケア児（者）支援の充実"",""医療的ケア児の笑顔を支える基金積立金"",""介護人材確保・定着支援事業"",""介護保険事業会計繰出金"",""旧軍人等の援護"",""後期高齢者医療会計繰出金"",""行旅病人及死亡人取扱"",""高齢福祉部運営事業"",""高齢福祉部庶務事務"",""国民健康保険事業会計繰出金"",""災害時ボランティア受入体制整備事業"",""社会福祉協議会運営助成"",""社会福祉事業団運営助成"",""社会福祉法人に対する高齢者施設整備助成"",""社会福祉法人の認可・指導検査"",""終活支援センター運営事業"",""住宅手当緊急特別措置事業"",""住民税非課税世帯等への価格高騰重点支援給付金支給"",""障害者グループホーム整備助成"",""障害者サービス広報事業"",""障害者差別解消推進"",""障害者施設整備促進等事業"",""障害者福祉施策の計画・調整"",""障害認定審査事務運営"",""障害福祉部庶務事務"",""心身障害者医療費助成"",""世田谷区地域福祉推進事業"",""世田谷保健福祉センター分室維持管理"",""成年後見制度"",""生活安定支援事業"",""生活困窮者自立促進支援事業"",""生活保健事務（烏山）"",""生活保健事務（砧）"",""生活保健事務（玉川）"",""生活保健事務（世田谷）"",""生活保健事務（北沢）"",""専門的人材の確保・養成事業"",""相談員業務（烏山）"",""相談員業務（砧）"",""相談員業務（玉川）"",""相談員業務（世田谷）"",""相談員業務（北沢）"",""地域福祉活動等促進事業"",""地域福祉資源開発事業"",""地域保健福祉審議会の運営"",""地域保健福祉等推進基金積立金"",""地域密着型サービス拠点等整備助成"",""地区高齢者見守りネットワーク事業"",""特定中国残留邦人等支援事業"",""特別区区民葬儀助成事業"",""特別養護老人ホーム等運営支援"",""避難行動要支援者支援の推進"",""福祉資金貸付"",""福祉人材育成・研修センター運営事業"",""保健医療福祉総合プラザ維持運営"",""保健福祉サービス苦情審査会運営"",""保健福祉サービス質の向上の推進"",""保健福祉運営事務（烏山）"",""保健福祉運営事務（砧）"",""保健福祉運営事務（玉川）"",""保健福祉運営事務（世田谷）"",""保健福祉運営事務（北沢）"",""保健福祉政策部運営事業"",""保健福祉政策部庶務事務"",""民生委員等活動"",""路上生活対策事業"",""老人保健施設整備助成""],""related_revenues"":[]}","high","approve","B_strong_structural・確信度highの一括承認ルールにより承認"
"bpi_38c1fd5ed124a68e282a3281a340b561cca28e39fab8d60d1beb51eb06ecd858","ケアマネジメントの総合的推進","一般会計","民生費","社会福祉費","社会福祉総務費","保健福祉政策部 保福推進課","717","生活の安心と地域福祉を支える","responds_to","公式予算の会計・款・項・目と事業名から「生活の安心と地域福祉を支える」との構造的な関係が強い候補として整理した。これはみらい議会の探索用整理であり、区の公式な課題分類ではない。","B_strong_structural","{""matched_rule_id"":""livelihood-security-and-community-welfare-official-structure"",""budget_item_key"":""2026_general_expenditure_03_01_01"",""identity_fields"":{""display_program_name"":""ケアマネジメントの総合的推進"",""hierarchy"":[""民生費"",""社会福祉費"",""社会福祉総務費""],""department_display_name"":""保健福祉政策部 保福推進課"",""amount_thousand_yen"":717},""member_programs"":[{""program_id"":""2026_general_expenditure_03_01_01_03_09_01"",""major_program_name"":""その他の社会福祉事業費"",""budget_program_name"":""ケアマネジメントの総合的推進"",""detail_program_name"":""ケアマネジメントの総合的推進"",""source_file"":""ippansaisyutu.csv"",""source_row_number"":9539}],""same_budget_item_other_program_names"":[""ケアハウス整備促進等事業"",""ひきこもり対策"",""ボランティア施設改修"",""ボランティア団体等援助"",""移動困難者の移送システム"",""医療的ケア児（者）支援の充実"",""医療的ケア児の笑顔を支える基金積立金"",""介護人材確保・定着支援事業"",""介護保険事業会計繰出金"",""旧軍人等の援護"",""後期高齢者医療会計繰出金"",""行旅病人及死亡人取扱"",""高齢福祉部運営事業"",""高齢福祉部庶務事務"",""国民健康保険事業会計繰出金"",""災害時ボランティア受入体制整備事業"",""社会福祉協議会運営助成"",""社会福祉事業団運営助成"",""社会福祉法人に対する高齢者施設整備助成"",""社会福祉法人に対する障害者施設整備助成"",""社会福祉法人の認可・指導検査"",""終活支援センター運営事業"",""住宅手当緊急特別措置事業"",""住民税非課税世帯等への価格高騰重点支援給付金支給"",""障害者グループホーム整備助成"",""障害者サービス広報事業"",""障害者差別解消推進"",""障害者施設整備促進等事業"",""障害者福祉施策の計画・調整"",""障害認定審査事務運営"",""障害福祉部庶務事務"",""心身障害者医療費助成"",""世田谷区地域福祉推進事業"",""世田谷保健福祉センター分室維持管理"",""成年後見制度"",""生活安定支援事業"",""生活困窮者自立促進支援事業"",""生活保健事務（烏山）"",""生活保健事務（砧）"",""生活保健事務（玉川）"",""生活保健事務（世田谷）"",""生活保健事務（北沢）"",""専門的人材の確保・養成事業"",""相談員業務（烏山）"",""相談員業務（砧）"",""相談員業務（玉川）"",""相談員業務（世田谷）"",""相談員業務（北沢）"",""地域福祉活動等促進事業"",""地域福祉資源開発事業"",""地域保健福祉審議会の運営"",""地域保健福祉等推進基金積立金"",""地域密着型サービス拠点等整備助成"",""地区高齢者見守りネットワーク事業"",""特定中国残留邦人等支援事業"",""特別区区民葬儀助成事業"",""特別養護老人ホーム等運営支援"",""避難行動要支援者支援の推進"",""福祉資金貸付"",""福祉人材育成・研修センター運営事業"",""保健医療福祉総合プラザ維持運営"",""保健福祉サービス苦情審査会運営"",""保健福祉サービス質の向上の推進"",""保健福祉運営事務（烏山）"",""保健福祉運営事務（砧）"",""保健福祉運営事務（玉川）"",""保健福祉運営事務（世田谷）"",""保健福祉運営事務（北沢）"",""保健福祉政策部運営事業"",""保健福祉政策部庶務事務"",""民生委員等活動"",""路上生活対策事業"",""老人保健施設整備助成""],""related_revenues"":[]}","high","approve","B_strong_structural・確信度highの一括承認ルールにより承認"
"bpi_fa79a1125e7e966cda77a4bac676eb58db3d247d693055ce038c4be0fd0a58f2","保健福祉サービス苦情審査会運営","一般会計","民生費","社会福祉費","社会福祉総務費","保健福祉政策部 保健福祉政策課","541","生活の安心と地域福祉を支える","responds_to","公式予算の会計・款・項・目と事業名から「生活の安心と地域福祉を支える」との構造的な関係が強い候補として整理した。これはみらい議会の探索用整理であり、区の公式な課題分類ではない。","B_strong_structural","{""matched_rule_id"":""livelihood-security-and-community-welfare-official-structure"",""budget_item_key"":""2026_general_expenditure_03_01_01"",""identity_fields"":{""display_program_name"":""保健福祉サービス苦情審査会運営"",""hierarchy"":[""民生費"",""社会福祉費"",""社会福祉総務費""],""department_display_name"":""保健福祉政策部 保健福祉政策課"",""amount_thousand_yen"":541},""member_programs"":[{""program_id"":""2026_general_expenditure_03_01_01_03_02_01"",""major_program_name"":""その他の社会福祉事業費"",""budget_program_name"":""保健福祉サービス苦情審査会運営"",""detail_program_name"":""保健福祉サービス苦情審査会運営"",""source_file"":""ippansaisyutu.csv"",""source_row_number"":9527}],""same_budget_item_other_program_names"":[""ケアハウス整備促進等事業"",""ケアマネジメントの総合的推進"",""ひきこもり対策"",""ボランティア施設改修"",""ボランティア団体等援助"",""移動困難者の移送システム"",""医療的ケア児（者）支援の充実"",""医療的ケア児の笑顔を支える基金積立金"",""介護人材確保・定着支援事業"",""介護保険事業会計繰出金"",""旧軍人等の援護"",""後期高齢者医療会計繰出金"",""行旅病人及死亡人取扱"",""高齢福祉部運営事業"",""高齢福祉部庶務事務"",""国民健康保険事業会計繰出金"",""災害時ボランティア受入体制整備事業"",""社会福祉協議会運営助成"",""社会福祉事業団運営助成"",""社会福祉法人に対する高齢者施設整備助成"",""社会福祉法人に対する障害者施設整備助成"",""社会福祉法人の認可・指導検査"",""終活支援センター運営事業"",""住宅手当緊急特別措置事業"",""住民税非課税世帯等への価格高騰重点支援給付金支給"",""障害者グループホーム整備助成"",""障害者サービス広報事業"",""障害者差別解消推進"",""障害者施設整備促進等事業"",""障害者福祉施策の計画・調整"",""障害認定審査事務運営"",""障害福祉部庶務事務"",""心身障害者医療費助成"",""世田谷区地域福祉推進事業"",""世田谷保健福祉センター分室維持管理"",""成年後見制度"",""生活安定支援事業"",""生活困窮者自立促進支援事業"",""生活保健事務（烏山）"",""生活保健事務（砧）"",""生活保健事務（玉川）"",""生活保健事務（世田谷）"",""生活保健事務（北沢）"",""専門的人材の確保・養成事業"",""相談員業務（烏山）"",""相談員業務（砧）"",""相談員業務（玉川）"",""相談員業務（世田谷）"",""相談員業務（北沢）"",""地域福祉活動等促進事業"",""地域福祉資源開発事業"",""地域保健福祉審議会の運営"",""地域保健福祉等推進基金積立金"",""地域密着型サービス拠点等整備助成"",""地区高齢者見守りネットワーク事業"",""特定中国残留邦人等支援事業"",""特別区区民葬儀助成事業"",""特別養護老人ホーム等運営支援"",""避難行動要支援者支援の推進"",""福祉資金貸付"",""福祉人材育成・研修センター運営事業"",""保健医療福祉総合プラザ維持運営"",""保健福祉サービス質の向上の推進"",""保健福祉運営事務（烏山）"",""保健福祉運営事務（砧）"",""保健福祉運営事務（玉川）"",""保健福祉運営事務（世田谷）"",""保健福祉運営事務（北沢）"",""保健福祉政策部運営事業"",""保健福祉政策部庶務事務"",""民生委員等活動"",""路上生活対策事業"",""老人保健施設整備助成""],""related_revenues"":[{""revenue_detail_id"":""rd_2026_general_revenue_14_02_02_60_10_3595110000"",""revenue_hierarchy"":[""都支出金"",""都補助金"",""民生費補助金"",""地域福祉推進区市町村包括補助事業"",""保健福祉サービス苦情審査会""],""amount_attribution_status"":""not_available""}]}","high","approve","B_strong_structural・確信度highの一括承認ルールにより承認"
"bpi_c6c365aff00db0787651c0494b98a06a84193a8fa05b63601bd68465a63f72f6","心身障害者医療費助成","一般会計","民生費","社会福祉費","社会福祉総務費","障害福祉部 障害施策課","494","生活の安心と地域福祉を支える","responds_to","公式予算の会計・款・項・目と事業名から「生活の安心と地域福祉を支える」との構造的な関係が強い候補として整理した。これはみらい議会の探索用整理であり、区の公式な課題分類ではない。","B_strong_structural","{""matched_rule_id"":""livelihood-security-and-community-welfare-official-structure"",""budget_item_key"":""2026_general_expenditure_03_01_01"",""identity_fields"":{""display_program_name"":""心身障害者医療費助成"",""hierarchy"":[""民生費"",""社会福祉費"",""社会福祉総務費""],""department_display_name"":""障害福祉部 障害施策課"",""amount_thousand_yen"":494},""member_programs"":[{""program_id"":""2026_general_expenditure_03_01_01_03_22_01"",""major_program_name"":""その他の社会福祉事業費"",""budget_program_name"":""心身障害者医療費助成"",""detail_program_name"":""心身障害者医療費助成"",""source_file"":""ippansaisyutu.csv"",""source_row_number"":9700}],""same_budget_item_other_program_names"":[""ケアハウス整備促進等事業"",""ケアマネジメントの総合的推進"",""ひきこもり対策"",""ボランティア施設改修"",""ボランティア団体等援助"",""移動困難者の移送システム"",""医療的ケア児（者）支援の充実"",""医療的ケア児の笑顔を支える基金積立金"",""介護人材確保・定着支援事業"",""介護保険事業会計繰出金"",""旧軍人等の援護"",""後期高齢者医療会計繰出金"",""行旅病人及死亡人取扱"",""高齢福祉部運営事業"",""高齢福祉部庶務事務"",""国民健康保険事業会計繰出金"",""災害時ボランティア受入体制整備事業"",""社会福祉協議会運営助成"",""社会福祉事業団運営助成"",""社会福祉法人に対する高齢者施設整備助成"",""社会福祉法人に対する障害者施設整備助成"",""社会福祉法人の認可・指導検査"",""終活支援センター運営事業"",""住宅手当緊急特別措置事業"",""住民税非課税世帯等への価格高騰重点支援給付金支給"",""障害者グループホーム整備助成"",""障害者サービス広報事業"",""障害者差別解消推進"",""障害者施設整備促進等事業"",""障害者福祉施策の計画・調整"",""障害認定審査事務運営"",""障害福祉部庶務事務"",""世田谷区地域福祉推進事業"",""世田谷保健福祉センター分室維持管理"",""成年後見制度"",""生活安定支援事業"",""生活困窮者自立促進支援事業"",""生活保健事務（烏山）"",""生活保健事務（砧）"",""生活保健事務（玉川）"",""生活保健事務（世田谷）"",""生活保健事務（北沢）"",""専門的人材の確保・養成事業"",""相談員業務（烏山）"",""相談員業務（砧）"",""相談員業務（玉川）"",""相談員業務（世田谷）"",""相談員業務（北沢）"",""地域福祉活動等促進事業"",""地域福祉資源開発事業"",""地域保健福祉審議会の運営"",""地域保健福祉等推進基金積立金"",""地域密着型サービス拠点等整備助成"",""地区高齢者見守りネットワーク事業"",""特定中国残留邦人等支援事業"",""特別区区民葬儀助成事業"",""特別養護老人ホーム等運営支援"",""避難行動要支援者支援の推進"",""福祉資金貸付"",""福祉人材育成・研修センター運営事業"",""保健医療福祉総合プラザ維持運営"",""保健福祉サービス苦情審査会運営"",""保健福祉サービス質の向上の推進"",""保健福祉運営事務（烏山）"",""保健福祉運営事務（砧）"",""保健福祉運営事務（玉川）"",""保健福祉運営事務（世田谷）"",""保健福祉運営事務（北沢）"",""保健福祉政策部運営事業"",""保健福祉政策部庶務事務"",""民生委員等活動"",""路上生活対策事業"",""老人保健施設整備助成""],""related_revenues"":[]}","high","approve","B_strong_structural・確信度highの一括承認ルールにより承認"
"bpi_6121b619378d83393f8a2cf9969a5e96c6379f5ffb892ecdc07ee93ca6dc5150","旧軍人等の援護","一般会計","民生費","社会福祉費","社会福祉総務費","保健福祉政策部 生活福祉課","349","生活の安心と地域福祉を支える","responds_to","公式予算の会計・款・項・目と事業名から「生活の安心と地域福祉を支える」との構造的な関係が強い候補として整理した。これはみらい議会の探索用整理であり、区の公式な課題分類ではない。","B_strong_structural","{""matched_rule_id"":""livelihood-security-and-community-welfare-official-structure"",""budget_item_key"":""2026_general_expenditure_03_01_01"",""identity_fields"":{""display_program_name"":""旧軍人等の援護"",""hierarchy"":[""民生費"",""社会福祉費"",""社会福祉総務費""],""department_display_name"":""保健福祉政策部 生活福祉課"",""amount_thousand_yen"":349},""member_programs"":[{""program_id"":""2026_general_expenditure_03_01_01_01_02_01"",""major_program_name"":""社会福祉関係の法律に基づく事業費"",""budget_program_name"":""旧軍人等の援護"",""detail_program_name"":""旧軍人等の援護"",""source_file"":""ippansaisyutu.csv"",""source_row_number"":9550}],""same_budget_item_other_program_names"":[""ケアハウス整備促進等事業"",""ケアマネジメントの総合的推進"",""ひきこもり対策"",""ボランティア施設改修"",""ボランティア団体等援助"",""移動困難者の移送システム"",""医療的ケア児（者）支援の充実"",""医療的ケア児の笑顔を支える基金積立金"",""介護人材確保・定着支援事業"",""介護保険事業会計繰出金"",""後期高齢者医療会計繰出金"",""行旅病人及死亡人取扱"",""高齢福祉部運営事業"",""高齢福祉部庶務事務"",""国民健康保険事業会計繰出金"",""災害時ボランティア受入体制整備事業"",""社会福祉協議会運営助成"",""社会福祉事業団運営助成"",""社会福祉法人に対する高齢者施設整備助成"",""社会福祉法人に対する障害者施設整備助成"",""社会福祉法人の認可・指導検査"",""終活支援センター運営事業"",""住宅手当緊急特別措置事業"",""住民税非課税世帯等への価格高騰重点支援給付金支給"",""障害者グループホーム整備助成"",""障害者サービス広報事業"",""障害者差別解消推進"",""障害者施設整備促進等事業"",""障害者福祉施策の計画・調整"",""障害認定審査事務運営"",""障害福祉部庶務事務"",""心身障害者医療費助成"",""世田谷区地域福祉推進事業"",""世田谷保健福祉センター分室維持管理"",""成年後見制度"",""生活安定支援事業"",""生活困窮者自立促進支援事業"",""生活保健事務（烏山）"",""生活保健事務（砧）"",""生活保健事務（玉川）"",""生活保健事務（世田谷）"",""生活保健事務（北沢）"",""専門的人材の確保・養成事業"",""相談員業務（烏山）"",""相談員業務（砧）"",""相談員業務（玉川）"",""相談員業務（世田谷）"",""相談員業務（北沢）"",""地域福祉活動等促進事業"",""地域福祉資源開発事業"",""地域保健福祉審議会の運営"",""地域保健福祉等推進基金積立金"",""地域密着型サービス拠点等整備助成"",""地区高齢者見守りネットワーク事業"",""特定中国残留邦人等支援事業"",""特別区区民葬儀助成事業"",""特別養護老人ホーム等運営支援"",""避難行動要支援者支援の推進"",""福祉資金貸付"",""福祉人材育成・研修センター運営事業"",""保健医療福祉総合プラザ維持運営"",""保健福祉サービス苦情審査会運営"",""保健福祉サービス質の向上の推進"",""保健福祉運営事務（烏山）"",""保健福祉運営事務（砧）"",""保健福祉運営事務（玉川）"",""保健福祉運営事務（世田谷）"",""保健福祉運営事務（北沢）"",""保健福祉政策部運営事業"",""保健福祉政策部庶務事務"",""民生委員等活動"",""路上生活対策事業"",""老人保健施設整備助成""],""related_revenues"":[{""revenue_detail_id"":""rd_2026_general_revenue_14_02_02_05_01_3595200000"",""revenue_hierarchy"":[""都支出金"",""都補助金"",""民生費補助金"",""旧軍人援護費"",""旧軍人援護""],""amount_attribution_status"":""not_available""}]}","high","approve","B_strong_structural・確信度highの一括承認ルールにより承認"
"bpi_0ec65394b9f8a6cb37b26ccefab9a1e16204852d74cc9a349f1904f5fb45b43c","相談員業務（世田谷）","一般会計","民生費","社会福祉費","社会福祉総務費","世田谷総合支所 子家庭支援課","30","生活の安心と地域福祉を支える","responds_to","公式予算の会計・款・項・目と事業名から「生活の安心と地域福祉を支える」との構造的な関係が強い候補として整理した。これはみらい議会の探索用整理であり、区の公式な課題分類ではない。","B_strong_structural","{""matched_rule_id"":""livelihood-security-and-community-welfare-official-structure"",""budget_item_key"":""2026_general_expenditure_03_01_01"",""identity_fields"":{""display_program_name"":""相談員業務（世田谷）"",""hierarchy"":[""民生費"",""社会福祉費"",""社会福祉総務費""],""department_display_name"":""世田谷総合支所 子家庭支援課"",""amount_thousand_yen"":30},""member_programs"":[{""program_id"":""2026_general_expenditure_03_01_01_03_52_01"",""major_program_name"":""その他の社会福祉事業費"",""budget_program_name"":""相談員業務（世田谷）"",""detail_program_name"":""相談員業務（世田谷）"",""source_file"":""ippansaisyutu.csv"",""source_row_number"":9117}],""same_budget_item_other_program_names"":[""ケアハウス整備促進等事業"",""ケアマネジメントの総合的推進"",""ひきこもり対策"",""ボランティア施設改修"",""ボランティア団体等援助"",""移動困難者の移送システム"",""医療的ケア児（者）支援の充実"",""医療的ケア児の笑顔を支える基金積立金"",""介護人材確保・定着支援事業"",""介護保険事業会計繰出金"",""旧軍人等の援護"",""後期高齢者医療会計繰出金"",""行旅病人及死亡人取扱"",""高齢福祉部運営事業"",""高齢福祉部庶務事務"",""国民健康保険事業会計繰出金"",""災害時ボランティア受入体制整備事業"",""社会福祉協議会運営助成"",""社会福祉事業団運営助成"",""社会福祉法人に対する高齢者施設整備助成"",""社会福祉法人に対する障害者施設整備助成"",""社会福祉法人の認可・指導検査"",""終活支援センター運営事業"",""住宅手当緊急特別措置事業"",""住民税非課税世帯等への価格高騰重点支援給付金支給"",""障害者グループホーム整備助成"",""障害者サービス広報事業"",""障害者差別解消推進"",""障害者施設整備促進等事業"",""障害者福祉施策の計画・調整"",""障害認定審査事務運営"",""障害福祉部庶務事務"",""心身障害者医療費助成"",""世田谷区地域福祉推進事業"",""世田谷保健福祉センター分室維持管理"",""成年後見制度"",""生活安定支援事業"",""生活困窮者自立促進支援事業"",""生活保健事務（烏山）"",""生活保健事務（砧）"",""生活保健事務（玉川）"",""生活保健事務（世田谷）"",""生活保健事務（北沢）"",""専門的人材の確保・養成事業"",""相談員業務（烏山）"",""相談員業務（砧）"",""相談員業務（玉川）"",""相談員業務（北沢）"",""地域福祉活動等促進事業"",""地域福祉資源開発事業"",""地域保健福祉審議会の運営"",""地域保健福祉等推進基金積立金"",""地域密着型サービス拠点等整備助成"",""地区高齢者見守りネットワーク事業"",""特定中国残留邦人等支援事業"",""特別区区民葬儀助成事業"",""特別養護老人ホーム等運営支援"",""避難行動要支援者支援の推進"",""福祉資金貸付"",""福祉人材育成・研修センター運営事業"",""保健医療福祉総合プラザ維持運営"",""保健福祉サービス苦情審査会運営"",""保健福祉サービス質の向上の推進"",""保健福祉運営事務（烏山）"",""保健福祉運営事務（砧）"",""保健福祉運営事務（玉川）"",""保健福祉運営事務（世田谷）"",""保健福祉運営事務（北沢）"",""保健福祉政策部運営事業"",""保健福祉政策部庶務事務"",""民生委員等活動"",""路上生活対策事業"",""老人保健施設整備助成""],""related_revenues"":[]}","high","approve","B_strong_structural・確信度highの一括承認ルールにより承認"
"bpi_b9c57260f92823abbf2ac3084b6395bbba5792f9e047457357f6b0dc36c2eb1d","相談員業務（烏山）","一般会計","民生費","社会福祉費","社会福祉総務費","烏山総合支所 子家庭支援課","16","生活の安心と地域福祉を支える","responds_to","公式予算の会計・款・項・目と事業名から「生活の安心と地域福祉を支える」との構造的な関係が強い候補として整理した。これはみらい議会の探索用整理であり、区の公式な課題分類ではない。","B_strong_structural","{""matched_rule_id"":""livelihood-security-and-community-welfare-official-structure"",""budget_item_key"":""2026_general_expenditure_03_01_01"",""identity_fields"":{""display_program_name"":""相談員業務（烏山）"",""hierarchy"":[""民生費"",""社会福祉費"",""社会福祉総務費""],""department_display_name"":""烏山総合支所 子家庭支援課"",""amount_thousand_yen"":16},""member_programs"":[{""program_id"":""2026_general_expenditure_03_01_01_03_56_01"",""major_program_name"":""その他の社会福祉事業費"",""budget_program_name"":""相談員業務（烏山）"",""detail_program_name"":""相談員業務（烏山）"",""source_file"":""ippansaisyutu.csv"",""source_row_number"":9240}],""same_budget_item_other_program_names"":[""ケアハウス整備促進等事業"",""ケアマネジメントの総合的推進"",""ひきこもり対策"",""ボランティア施設改修"",""ボランティア団体等援助"",""移動困難者の移送システム"",""医療的ケア児（者）支援の充実"",""医療的ケア児の笑顔を支える基金積立金"",""介護人材確保・定着支援事業"",""介護保険事業会計繰出金"",""旧軍人等の援護"",""後期高齢者医療会計繰出金"",""行旅病人及死亡人取扱"",""高齢福祉部運営事業"",""高齢福祉部庶務事務"",""国民健康保険事業会計繰出金"",""災害時ボランティア受入体制整備事業"",""社会福祉協議会運営助成"",""社会福祉事業団運営助成"",""社会福祉法人に対する高齢者施設整備助成"",""社会福祉法人に対する障害者施設整備助成"",""社会福祉法人の認可・指導検査"",""終活支援センター運営事業"",""住宅手当緊急特別措置事業"",""住民税非課税世帯等への価格高騰重点支援給付金支給"",""障害者グループホーム整備助成"",""障害者サービス広報事業"",""障害者差別解消推進"",""障害者施設整備促進等事業"",""障害者福祉施策の計画・調整"",""障害認定審査事務運営"",""障害福祉部庶務事務"",""心身障害者医療費助成"",""世田谷区地域福祉推進事業"",""世田谷保健福祉センター分室維持管理"",""成年後見制度"",""生活安定支援事業"",""生活困窮者自立促進支援事業"",""生活保健事務（烏山）"",""生活保健事務（砧）"",""生活保健事務（玉川）"",""生活保健事務（世田谷）"",""生活保健事務（北沢）"",""専門的人材の確保・養成事業"",""相談員業務（砧）"",""相談員業務（玉川）"",""相談員業務（世田谷）"",""相談員業務（北沢）"",""地域福祉活動等促進事業"",""地域福祉資源開発事業"",""地域保健福祉審議会の運営"",""地域保健福祉等推進基金積立金"",""地域密着型サービス拠点等整備助成"",""地区高齢者見守りネットワーク事業"",""特定中国残留邦人等支援事業"",""特別区区民葬儀助成事業"",""特別養護老人ホーム等運営支援"",""避難行動要支援者支援の推進"",""福祉資金貸付"",""福祉人材育成・研修センター運営事業"",""保健医療福祉総合プラザ維持運営"",""保健福祉サービス苦情審査会運営"",""保健福祉サービス質の向上の推進"",""保健福祉運営事務（烏山）"",""保健福祉運営事務（砧）"",""保健福祉運営事務（玉川）"",""保健福祉運営事務（世田谷）"",""保健福祉運営事務（北沢）"",""保健福祉政策部運営事業"",""保健福祉政策部庶務事務"",""民生委員等活動"",""路上生活対策事業"",""老人保健施設整備助成""],""related_revenues"":[]}","high","approve","B_strong_structural・確信度highの一括承認ルールにより承認"
"bpi_1568554cc1bfebcb93f31c508c4fe842894707d2cba12b073acd80c2671c8896","相談員業務（砧）","一般会計","民生費","社会福祉費","社会福祉総務費","砧総合支所 子家庭支援課","14","生活の安心と地域福祉を支える","responds_to","公式予算の会計・款・項・目と事業名から「生活の安心と地域福祉を支える」との構造的な関係が強い候補として整理した。これはみらい議会の探索用整理であり、区の公式な課題分類ではない。","B_strong_structural","{""matched_rule_id"":""livelihood-security-and-community-welfare-official-structure"",""budget_item_key"":""2026_general_expenditure_03_01_01"",""identity_fields"":{""display_program_name"":""相談員業務（砧）"",""hierarchy"":[""民生費"",""社会福祉費"",""社会福祉総務費""],""department_display_name"":""砧総合支所 子家庭支援課"",""amount_thousand_yen"":14},""member_programs"":[{""program_id"":""2026_general_expenditure_03_01_01_03_55_01"",""major_program_name"":""その他の社会福祉事業費"",""budget_program_name"":""相談員業務（砧）"",""detail_program_name"":""相談員業務（砧）"",""source_file"":""ippansaisyutu.csv"",""source_row_number"":9208}],""same_budget_item_other_program_names"":[""ケアハウス整備促進等事業"",""ケアマネジメントの総合的推進"",""ひきこもり対策"",""ボランティア施設改修"",""ボランティア団体等援助"",""移動困難者の移送システム"",""医療的ケア児（者）支援の充実"",""医療的ケア児の笑顔を支える基金積立金"",""介護人材確保・定着支援事業"",""介護保険事業会計繰出金"",""旧軍人等の援護"",""後期高齢者医療会計繰出金"",""行旅病人及死亡人取扱"",""高齢福祉部運営事業"",""高齢福祉部庶務事務"",""国民健康保険事業会計繰出金"",""災害時ボランティア受入体制整備事業"",""社会福祉協議会運営助成"",""社会福祉事業団運営助成"",""社会福祉法人に対する高齢者施設整備助成"",""社会福祉法人に対する障害者施設整備助成"",""社会福祉法人の認可・指導検査"",""終活支援センター運営事業"",""住宅手当緊急特別措置事業"",""住民税非課税世帯等への価格高騰重点支援給付金支給"",""障害者グループホーム整備助成"",""障害者サービス広報事業"",""障害者差別解消推進"",""障害者施設整備促進等事業"",""障害者福祉施策の計画・調整"",""障害認定審査事務運営"",""障害福祉部庶務事務"",""心身障害者医療費助成"",""世田谷区地域福祉推進事業"",""世田谷保健福祉センター分室維持管理"",""成年後見制度"",""生活安定支援事業"",""生活困窮者自立促進支援事業"",""生活保健事務（烏山）"",""生活保健事務（砧）"",""生活保健事務（玉川）"",""生活保健事務（世田谷）"",""生活保健事務（北沢）"",""専門的人材の確保・養成事業"",""相談員業務（烏山）"",""相談員業務（玉川）"",""相談員業務（世田谷）"",""相談員業務（北沢）"",""地域福祉活動等促進事業"",""地域福祉資源開発事業"",""地域保健福祉審議会の運営"",""地域保健福祉等推進基金積立金"",""地域密着型サービス拠点等整備助成"",""地区高齢者見守りネットワーク事業"",""特定中国残留邦人等支援事業"",""特別区区民葬儀助成事業"",""特別養護老人ホーム等運営支援"",""避難行動要支援者支援の推進"",""福祉資金貸付"",""福祉人材育成・研修センター運営事業"",""保健医療福祉総合プラザ維持運営"",""保健福祉サービス苦情審査会運営"",""保健福祉サービス質の向上の推進"",""保健福祉運営事務（烏山）"",""保健福祉運営事務（砧）"",""保健福祉運営事務（玉川）"",""保健福祉運営事務（世田谷）"",""保健福祉運営事務（北沢）"",""保健福祉政策部運営事業"",""保健福祉政策部庶務事務"",""民生委員等活動"",""路上生活対策事業"",""老人保健施設整備助成""],""related_revenues"":[]}","high","approve","B_strong_structural・確信度highの一括承認ルールにより承認"
"bpi_35863752371e691c7328dbf6159d0232d45403966c661dd430f60fc317b29296","相談員業務（北沢）","一般会計","民生費","社会福祉費","社会福祉総務費","北沢総合支所 子家庭支援課","14","生活の安心と地域福祉を支える","responds_to","公式予算の会計・款・項・目と事業名から「生活の安心と地域福祉を支える」との構造的な関係が強い候補として整理した。これはみらい議会の探索用整理であり、区の公式な課題分類ではない。","B_strong_structural","{""matched_rule_id"":""livelihood-security-and-community-welfare-official-structure"",""budget_item_key"":""2026_general_expenditure_03_01_01"",""identity_fields"":{""display_program_name"":""相談員業務（北沢）"",""hierarchy"":[""民生費"",""社会福祉費"",""社会福祉総務費""],""department_display_name"":""北沢総合支所 子家庭支援課"",""amount_thousand_yen"":14},""member_programs"":[{""program_id"":""2026_general_expenditure_03_01_01_03_53_01"",""major_program_name"":""その他の社会福祉事業費"",""budget_program_name"":""相談員業務（北沢）"",""detail_program_name"":""相談員業務（北沢）"",""source_file"":""ippansaisyutu.csv"",""source_row_number"":9150}],""same_budget_item_other_program_names"":[""ケアハウス整備促進等事業"",""ケアマネジメントの総合的推進"",""ひきこもり対策"",""ボランティア施設改修"",""ボランティア団体等援助"",""移動困難者の移送システム"",""医療的ケア児（者）支援の充実"",""医療的ケア児の笑顔を支える基金積立金"",""介護人材確保・定着支援事業"",""介護保険事業会計繰出金"",""旧軍人等の援護"",""後期高齢者医療会計繰出金"",""行旅病人及死亡人取扱"",""高齢福祉部運営事業"",""高齢福祉部庶務事務"",""国民健康保険事業会計繰出金"",""災害時ボランティア受入体制整備事業"",""社会福祉協議会運営助成"",""社会福祉事業団運営助成"",""社会福祉法人に対する高齢者施設整備助成"",""社会福祉法人に対する障害者施設整備助成"",""社会福祉法人の認可・指導検査"",""終活支援センター運営事業"",""住宅手当緊急特別措置事業"",""住民税非課税世帯等への価格高騰重点支援給付金支給"",""障害者グループホーム整備助成"",""障害者サービス広報事業"",""障害者差別解消推進"",""障害者施設整備促進等事業"",""障害者福祉施策の計画・調整"",""障害認定審査事務運営"",""障害福祉部庶務事務"",""心身障害者医療費助成"",""世田谷区地域福祉推進事業"",""世田谷保健福祉センター分室維持管理"",""成年後見制度"",""生活安定支援事業"",""生活困窮者自立促進支援事業"",""生活保健事務（烏山）"",""生活保健事務（砧）"",""生活保健事務（玉川）"",""生活保健事務（世田谷）"",""生活保健事務（北沢）"",""専門的人材の確保・養成事業"",""相談員業務（烏山）"",""相談員業務（砧）"",""相談員業務（玉川）"",""相談員業務（世田谷）"",""地域福祉活動等促進事業"",""地域福祉資源開発事業"",""地域保健福祉審議会の運営"",""地域保健福祉等推進基金積立金"",""地域密着型サービス拠点等整備助成"",""地区高齢者見守りネットワーク事業"",""特定中国残留邦人等支援事業"",""特別区区民葬儀助成事業"",""特別養護老人ホーム等運営支援"",""避難行動要支援者支援の推進"",""福祉資金貸付"",""福祉人材育成・研修センター運営事業"",""保健医療福祉総合プラザ維持運営"",""保健福祉サービス苦情審査会運営"",""保健福祉サービス質の向上の推進"",""保健福祉運営事務（烏山）"",""保健福祉運営事務（砧）"",""保健福祉運営事務（玉川）"",""保健福祉運営事務（世田谷）"",""保健福祉運営事務（北沢）"",""保健福祉政策部運営事業"",""保健福祉政策部庶務事務"",""民生委員等活動"",""路上生活対策事業"",""老人保健施設整備助成""],""related_revenues"":[]}","high","approve","B_strong_structural・確信度highの一括承認ルールにより承認"
"bpi_fe3c35ab6b0aa6ae1a9d2328de17dcfd5741735315691fea8d7f781050a2de90","相談員業務（玉川）","一般会計","民生費","社会福祉費","社会福祉総務費","玉川総合支所 子家庭支援課","14","生活の安心と地域福祉を支える","responds_to","公式予算の会計・款・項・目と事業名から「生活の安心と地域福祉を支える」との構造的な関係が強い候補として整理した。これはみらい議会の探索用整理であり、区の公式な課題分類ではない。","B_strong_structural","{""matched_rule_id"":""livelihood-security-and-community-welfare-official-structure"",""budget_item_key"":""2026_general_expenditure_03_01_01"",""identity_fields"":{""display_program_name"":""相談員業務（玉川）"",""hierarchy"":[""民生費"",""社会福祉費"",""社会福祉総務費""],""department_display_name"":""玉川総合支所 子家庭支援課"",""amount_thousand_yen"":14},""member_programs"":[{""program_id"":""2026_general_expenditure_03_01_01_03_54_01"",""major_program_name"":""その他の社会福祉事業費"",""budget_program_name"":""相談員業務（玉川）"",""detail_program_name"":""相談員業務（玉川）"",""source_file"":""ippansaisyutu.csv"",""source_row_number"":9178}],""same_budget_item_other_program_names"":[""ケアハウス整備促進等事業"",""ケアマネジメントの総合的推進"",""ひきこもり対策"",""ボランティア施設改修"",""ボランティア団体等援助"",""移動困難者の移送システム"",""医療的ケア児（者）支援の充実"",""医療的ケア児の笑顔を支える基金積立金"",""介護人材確保・定着支援事業"",""介護保険事業会計繰出金"",""旧軍人等の援護"",""後期高齢者医療会計繰出金"",""行旅病人及死亡人取扱"",""高齢福祉部運営事業"",""高齢福祉部庶務事務"",""国民健康保険事業会計繰出金"",""災害時ボランティア受入体制整備事業"",""社会福祉協議会運営助成"",""社会福祉事業団運営助成"",""社会福祉法人に対する高齢者施設整備助成"",""社会福祉法人に対する障害者施設整備助成"",""社会福祉法人の認可・指導検査"",""終活支援センター運営事業"",""住宅手当緊急特別措置事業"",""住民税非課税世帯等への価格高騰重点支援給付金支給"",""障害者グループホーム整備助成"",""障害者サービス広報事業"",""障害者差別解消推進"",""障害者施設整備促進等事業"",""障害者福祉施策の計画・調整"",""障害認定審査事務運営"",""障害福祉部庶務事務"",""心身障害者医療費助成"",""世田谷区地域福祉推進事業"",""世田谷保健福祉センター分室維持管理"",""成年後見制度"",""生活安定支援事業"",""生活困窮者自立促進支援事業"",""生活保健事務（烏山）"",""生活保健事務（砧）"",""生活保健事務（玉川）"",""生活保健事務（世田谷）"",""生活保健事務（北沢）"",""専門的人材の確保・養成事業"",""相談員業務（烏山）"",""相談員業務（砧）"",""相談員業務（世田谷）"",""相談員業務（北沢）"",""地域福祉活動等促進事業"",""地域福祉資源開発事業"",""地域保健福祉審議会の運営"",""地域保健福祉等推進基金積立金"",""地域密着型サービス拠点等整備助成"",""地区高齢者見守りネットワーク事業"",""特定中国残留邦人等支援事業"",""特別区区民葬儀助成事業"",""特別養護老人ホーム等運営支援"",""避難行動要支援者支援の推進"",""福祉資金貸付"",""福祉人材育成・研修センター運営事業"",""保健医療福祉総合プラザ維持運営"",""保健福祉サービス苦情審査会運営"",""保健福祉サービス質の向上の推進"",""保健福祉運営事務（烏山）"",""保健福祉運営事務（砧）"",""保健福祉運営事務（玉川）"",""保健福祉運営事務（世田谷）"",""保健福祉運営事務（北沢）"",""保健福祉政策部運営事業"",""保健福祉政策部庶務事務"",""民生委員等活動"",""路上生活対策事業"",""老人保健施設整備助成""],""related_revenues"":[]}","high","approve","B_strong_structural・確信度highの一括承認ルールにより承認"
"bpi_044c17df4f62562ca005ac2ac0d144b43fef2ae76c1777d077f5244187c559df","住民税非課税世帯等への価格高騰重点支援給付金支給","一般会計","民生費","社会福祉費","社会福祉総務費","保健福祉政策部 保健福祉政策課","0","生活の安心と地域福祉を支える","responds_to","公式予算の会計・款・項・目と事業名から「生活の安心と地域福祉を支える」との構造的な関係が強い候補として整理した。これはみらい議会の探索用整理であり、区の公式な課題分類ではない。","B_strong_structural","{""matched_rule_id"":""livelihood-security-and-community-welfare-official-structure"",""budget_item_key"":""2026_general_expenditure_03_01_01"",""identity_fields"":{""display_program_name"":""住民税非課税世帯等への価格高騰重点支援給付金支給"",""hierarchy"":[""民生費"",""社会福祉費"",""社会福祉総務費""],""department_display_name"":""保健福祉政策部 保健福祉政策課"",""amount_thousand_yen"":0},""member_programs"":[{""program_id"":""2026_general_expenditure_03_01_01_05_13_01"",""major_program_name"":""臨時福祉給付金等事業費"",""budget_program_name"":""住民税非課税世帯等への価格高騰重点支援給付金支給"",""detail_program_name"":""住民税非課税世帯等への価格高騰重点支援給付金支給"",""source_file"":""ippansaisyutu.csv"",""source_row_number"":9533}],""same_budget_item_other_program_names"":[""ケアハウス整備促進等事業"",""ケアマネジメントの総合的推進"",""ひきこもり対策"",""ボランティア施設改修"",""ボランティア団体等援助"",""移動困難者の移送システム"",""医療的ケア児（者）支援の充実"",""医療的ケア児の笑顔を支える基金積立金"",""介護人材確保・定着支援事業"",""介護保険事業会計繰出金"",""旧軍人等の援護"",""後期高齢者医療会計繰出金"",""行旅病人及死亡人取扱"",""高齢福祉部運営事業"",""高齢福祉部庶務事務"",""国民健康保険事業会計繰出金"",""災害時ボランティア受入体制整備事業"",""社会福祉協議会運営助成"",""社会福祉事業団運営助成"",""社会福祉法人に対する高齢者施設整備助成"",""社会福祉法人に対する障害者施設整備助成"",""社会福祉法人の認可・指導検査"",""終活支援センター運営事業"",""住宅手当緊急特別措置事業"",""障害者グループホーム整備助成"",""障害者サービス広報事業"",""障害者差別解消推進"",""障害者施設整備促進等事業"",""障害者福祉施策の計画・調整"",""障害認定審査事務運営"",""障害福祉部庶務事務"",""心身障害者医療費助成"",""世田谷区地域福祉推進事業"",""世田谷保健福祉センター分室維持管理"",""成年後見制度"",""生活安定支援事業"",""生活困窮者自立促進支援事業"",""生活保健事務（烏山）"",""生活保健事務（砧）"",""生活保健事務（玉川）"",""生活保健事務（世田谷）"",""生活保健事務（北沢）"",""専門的人材の確保・養成事業"",""相談員業務（烏山）"",""相談員業務（砧）"",""相談員業務（玉川）"",""相談員業務（世田谷）"",""相談員業務（北沢）"",""地域福祉活動等促進事業"",""地域福祉資源開発事業"",""地域保健福祉審議会の運営"",""地域保健福祉等推進基金積立金"",""地域密着型サービス拠点等整備助成"",""地区高齢者見守りネットワーク事業"",""特定中国残留邦人等支援事業"",""特別区区民葬儀助成事業"",""特別養護老人ホーム等運営支援"",""避難行動要支援者支援の推進"",""福祉資金貸付"",""福祉人材育成・研修センター運営事業"",""保健医療福祉総合プラザ維持運営"",""保健福祉サービス苦情審査会運営"",""保健福祉サービス質の向上の推進"",""保健福祉運営事務（烏山）"",""保健福祉運営事務（砧）"",""保健福祉運営事務（玉川）"",""保健福祉運営事務（世田谷）"",""保健福祉運営事務（北沢）"",""保健福祉政策部運営事業"",""保健福祉政策部庶務事務"",""民生委員等活動"",""路上生活対策事業"",""老人保健施設整備助成""],""related_revenues"":[]}","high","approve","B_strong_structural・確信度highの一括承認ルールにより承認"
"bpi_cf25f0a020da77dad0415f621a248d3e3e8d36d3c1958b8edf34f1ea0192e8c8","ボランティア施設改修","一般会計","民生費","社会福祉費","社会福祉総務費","保健福祉政策部 生活福祉課","0","生活の安心と地域福祉を支える","responds_to","公式予算の会計・款・項・目と事業名から「生活の安心と地域福祉を支える」との構造的な関係が強い候補として整理した。これはみらい議会の探索用整理であり、区の公式な課題分類ではない。","B_strong_structural","{""matched_rule_id"":""livelihood-security-and-community-welfare-official-structure"",""budget_item_key"":""2026_general_expenditure_03_01_01"",""identity_fields"":{""display_program_name"":""ボランティア施設改修"",""hierarchy"":[""民生費"",""社会福祉費"",""社会福祉総務費""],""department_display_name"":""保健福祉政策部 生活福祉課"",""amount_thousand_yen"":0},""member_programs"":[{""program_id"":""2026_general_expenditure_03_01_01_06_24_01"",""major_program_name"":""その他の社会福祉事業費（２）"",""budget_program_name"":""ボランティア施設改修"",""detail_program_name"":""ボランティア施設改修"",""source_file"":""ippansaisyutu.csv"",""source_row_number"":9564}],""same_budget_item_other_program_names"":[""ケアハウス整備促進等事業"",""ケアマネジメントの総合的推進"",""ひきこもり対策"",""ボランティア団体等援助"",""移動困難者の移送システム"",""医療的ケア児（者）支援の充実"",""医療的ケア児の笑顔を支える基金積立金"",""介護人材確保・定着支援事業"",""介護保険事業会計繰出金"",""旧軍人等の援護"",""後期高齢者医療会計繰出金"",""行旅病人及死亡人取扱"",""高齢福祉部運営事業"",""高齢福祉部庶務事務"",""国民健康保険事業会計繰出金"",""災害時ボランティア受入体制整備事業"",""社会福祉協議会運営助成"",""社会福祉事業団運営助成"",""社会福祉法人に対する高齢者施設整備助成"",""社会福祉法人に対する障害者施設整備助成"",""社会福祉法人の認可・指導検査"",""終活支援センター運営事業"",""住宅手当緊急特別措置事業"",""住民税非課税世帯等への価格高騰重点支援給付金支給"",""障害者グループホーム整備助成"",""障害者サービス広報事業"",""障害者差別解消推進"",""障害者施設整備促進等事業"",""障害者福祉施策の計画・調整"",""障害認定審査事務運営"",""障害福祉部庶務事務"",""心身障害者医療費助成"",""世田谷区地域福祉推進事業"",""世田谷保健福祉センター分室維持管理"",""成年後見制度"",""生活安定支援事業"",""生活困窮者自立促進支援事業"",""生活保健事務（烏山）"",""生活保健事務（砧）"",""生活保健事務（玉川）"",""生活保健事務（世田谷）"",""生活保健事務（北沢）"",""専門的人材の確保・養成事業"",""相談員業務（烏山）"",""相談員業務（砧）"",""相談員業務（玉川）"",""相談員業務（世田谷）"",""相談員業務（北沢）"",""地域福祉活動等促進事業"",""地域福祉資源開発事業"",""地域保健福祉審議会の運営"",""地域保健福祉等推進基金積立金"",""地域密着型サービス拠点等整備助成"",""地区高齢者見守りネットワーク事業"",""特定中国残留邦人等支援事業"",""特別区区民葬儀助成事業"",""特別養護老人ホーム等運営支援"",""避難行動要支援者支援の推進"",""福祉資金貸付"",""福祉人材育成・研修センター運営事業"",""保健医療福祉総合プラザ維持運営"",""保健福祉サービス苦情審査会運営"",""保健福祉サービス質の向上の推進"",""保健福祉運営事務（烏山）"",""保健福祉運営事務（砧）"",""保健福祉運営事務（玉川）"",""保健福祉運営事務（世田谷）"",""保健福祉運営事務（北沢）"",""保健福祉政策部運営事業"",""保健福祉政策部庶務事務"",""民生委員等活動"",""路上生活対策事業"",""老人保健施設整備助成""],""related_revenues"":[]}","high","approve","B_strong_structural・確信度highの一括承認ルールにより承認"
