"budget_program_identity_id","display_program_name","account_name","kan_name","kou_name","moku_name","department_display_name","amount_thousand_yen","candidate_topic","proposed_relation_type","proposed_explanation","evidence_level","evidence_fields","confidence","review_decision","review_note"
"bpi_ffaf3203473d5e6797df02728e1d34c99ffa34370ef2f1557fb0e04aab7e2b32","療養給付費","国民健康保険事業会計","保険給付費","療養諸費","療養給付費","保健福祉政策部 国保・年金課","41817513","福祉・保健・社会保障を支える行政","supports","公式予算で国民健康保険、後期高齢者医療、介護保険の特別会計に属するため、社会保障に関する行政機能を支える予算事業として整理した。","B_strong_structural","{""matched_rule_id"":""social-insurance-accounts-official-hierarchy"",""budget_item_key"":""2026_national_health_insurance_expenditure_22_01_01"",""identity_fields"":{""display_program_name"":""療養給付費"",""hierarchy"":[""保険給付費"",""療養諸費"",""療養給付費""],""department_display_name"":""保健福祉政策部 国保・年金課"",""amount_thousand_yen"":41817513},""member_programs"":[{""program_id"":""2026_national_health_insurance_expenditure_22_01_01_01_01_06"",""major_program_name"":""療養給付費"",""budget_program_name"":""療養給付費"",""detail_program_name"":""療養給付費"",""source_file"":""ippansaisyutu.csv"",""source_row_number"":9579}],""same_budget_item_other_program_names"":[],""related_revenues"":[{""revenue_detail_id"":""rd_2026_national_health_insurance_revenue_22_01_01_01_01_3595400000"",""revenue_hierarchy"":[""一部負担金"",""一部負担金"",""一部負担金"",""現年分"",""療養給付費""],""amount_attribution_status"":""not_available""},{""revenue_detail_id"":""rd_2026_national_health_insurance_revenue_22_01_01_02_01_3595400000"",""revenue_hierarchy"":[""一部負担金"",""一部負担金"",""一部負担金"",""滞納繰越分"",""療養給付費""],""amount_attribution_status"":""not_available""},{""revenue_detail_id"":""rd_2026_national_health_insurance_revenue_26_02_03_01_01_3595400000"",""revenue_hierarchy"":[""都支出金"",""都補助金"",""保険給付費等交付金"",""普通交付金"",""療養給付費""],""amount_attribution_status"":""not_available""},{""revenue_detail_id"":""rd_2026_national_health_insurance_revenue_29_03_01_01_01_3595400000"",""revenue_hierarchy"":[""諸収入"",""雑入"",""第三者納付金"",""第三者納付金"",""第三者行為損害賠償金等""],""amount_attribution_status"":""not_available""},{""revenue_detail_id"":""rd_2026_national_health_insurance_revenue_29_03_03_01_01_3595400000"",""revenue_hierarchy"":[""諸収入"",""雑入"",""返納金"",""返納金"",""無資格受診等返還金""],""amount_attribution_status"":""not_available""},{""revenue_detail_id"":""rd_2026_national_health_insurance_revenue_29_03_06_01_01_3595400000"",""revenue_hierarchy"":[""諸収入"",""雑入"",""雑入"",""雑入"",""療養給付費""],""amount_attribution_status"":""not_available""}]}","high","approve","B_strong_structural・確信度highの一括承認ルールにより承認"
"bpi_2db802acb93f9799cf0425ffaff069f420a030e6081e227256bdd4cc19f71880","居宅介護サービス給付費","介護保険事業会計","保険給付費","介護サービス等諸費","居宅介護サービス給付費","高齢福祉部 介護保険課","38847776","福祉・保健・社会保障を支える行政","supports","公式予算で国民健康保険、後期高齢者医療、介護保険の特別会計に属するため、社会保障に関する行政機能を支える予算事業として整理した。","B_strong_structural","{""matched_rule_id"":""social-insurance-accounts-official-hierarchy"",""budget_item_key"":""2026_long_term_care_insurance_expenditure_42_01_01"",""identity_fields"":{""display_program_name"":""居宅介護サービス給付費"",""hierarchy"":[""保険給付費"",""介護サービス等諸費"",""居宅介護サービス給付費""],""department_display_name"":""高齢福祉部 介護保険課"",""amount_thousand_yen"":38847776},""member_programs"":[{""program_id"":""2026_long_term_care_insurance_expenditure_42_01_01_01_01_01"",""major_program_name"":""居宅介護サービス給付費"",""budget_program_name"":""居宅介護サービス給付費"",""detail_program_name"":""居宅介護サービス給付費"",""source_file"":""ippansaisyutu.csv"",""source_row_number"":9656}],""same_budget_item_other_program_names"":[],""related_revenues"":[{""revenue_detail_id"":""rd_2026_long_term_care_insurance_revenue_41_01_01_01_01_3645200000"",""revenue_hierarchy"":[""保険料"",""介護保険料"",""第１号被保険者保険料"",""現年度分特別徴収分"",""居宅介護サービス給付費""],""amount_attribution_status"":""not_available""},{""revenue_detail_id"":""rd_2026_long_term_care_insurance_revenue_41_01_01_02_01_3645200000"",""revenue_hierarchy"":[""保険料"",""介護保険料"",""第１号被保険者保険料"",""現年度分普通徴収分"",""居宅介護サービス給付費""],""amount_attribution_status"":""not_available""},{""revenue_detail_id"":""rd_2026_long_term_care_insurance_revenue_41_01_01_03_01_3645200000"",""revenue_hierarchy"":[""保険料"",""介護保険料"",""第１号被保険者保険料"",""滞納繰越分普通徴収分"",""居宅介護サービス給付費""],""amount_attribution_status"":""not_available""},{""revenue_detail_id"":""rd_2026_long_term_care_insurance_revenue_43_01_01_01_01_3645200000"",""revenue_hierarchy"":[""国庫支出金"",""国庫負担金"",""介護給付費負担金"",""現年度分"",""居宅介護サービス給付費""],""amount_attribution_status"":""not_available""},{""revenue_detail_id"":""rd_2026_long_term_care_insurance_revenue_43_02_01_01_01_3645200000"",""revenue_hierarchy"":[""国庫支出金"",""国庫補助金"",""調整交付金"",""現年度分"",""居宅介護サービス給付費""],""amount_attribution_status"":""not_available""},{""revenue_detail_id"":""rd_2026_long_term_care_insurance_revenue_43_02_10_01_01_3645200000"",""revenue_hierarchy"":[""国庫支出金"",""国庫補助金"",""介護保険災害臨時特例補助金"",""介護保険災害臨時特例補助金"",""居宅介護サービス給付費""],""amount_attribution_status"":""not_available""},{""revenue_detail_id"":""rd_2026_long_term_care_insurance_revenue_44_01_01_01_01_3645200000"",""revenue_hierarchy"":[""支払基金交付金"",""支払基金交付金"",""介護給付費交付金"",""現年度分"",""居宅介護サービス給付費""],""amount_attribution_status"":""not_available""},{""revenue_detail_id"":""rd_2026_long_term_care_insurance_revenue_45_01_01_01_01_3645200000"",""revenue_hierarchy"":[""都支出金"",""都負担金"",""介護給付費負担金"",""現年度分"",""居宅介護サービス給付費""],""amount_attribution_status"":""not_available""},{""revenue_detail_id"":""rd_2026_long_term_care_insurance_revenue_48_01_01_01_01_3645200000"",""revenue_hierarchy"":[""繰入金"",""一般会計繰入金"",""介護給付費繰入金"",""現年度分"",""居宅介護サービス給付費""],""amount_attribution_status"":""not_available""},{""revenue_detail_id"":""rd_2026_long_term_care_insurance_revenue_48_01_06_01_01_3645200000"",""revenue_hierarchy"":[""繰入金"",""一般会計繰入金"",""低所得者保険料軽減繰入金"",""現年度分"",""低所得者保険料軽減繰入金""],""amount_attribution_status"":""not_available""},{""revenue_detail_id"":""rd_2026_long_term_care_insurance_revenue_48_02_01_01_01_3645200000"",""revenue_hierarchy"":[""繰入金"",""基金繰入金"",""介護給付費準備基金繰入金"",""介護給付費準備基金繰入金"",""居宅介護サービス給付費""],""amount_attribution_status"":""not_available""},{""revenue_detail_id"":""rd_2026_long_term_care_insurance_revenue_50_01_01_01_01_3645200000"",""revenue_hierarchy"":[""諸収入"",""延滞金加算金及過料"",""第１号被保険者延滞金"",""第１号被保険者延滞金"",""居宅介護サービス給付費""],""amount_attribution_status"":""not_available""},{""revenue_detail_id"":""rd_2026_long_term_care_insurance_revenue_50_01_03_01_01_3645200000"",""revenue_hierarchy"":[""諸収入"",""延滞金加算金及過料"",""加算金"",""加算金"",""居宅介護サービス給付金""],""amount_attribution_status"":""not_available""},{""revenue_detail_id"":""rd_2026_long_term_care_insurance_revenue_50_04_02_01_01_3645200000"",""revenue_hierarchy"":[""諸収入"",""雑入"",""第三者納付金"",""第三者納付金"",""第三者納付金""],""amount_attribution_status"":""not_available""},{""revenue_detail_id"":""rd_2026_long_term_care_insurance_revenue_50_04_03_01_01_3645200000"",""revenue_hierarchy"":[""諸収入"",""雑入"",""返納金"",""返納金"",""居宅介護サービス給付費""],""amount_attribution_status"":""not_available""}]}","high","approve","B_strong_structural・確信度highの一括承認ルールにより承認"
"bpi_be7553f41733bb99a982ad78c0f0049f541fe54a9cecd4ab5b6af2973d55ff32","障害者自立支援給付","一般会計","民生費","社会福祉費","障害者福祉費","障害福祉部 障害施策課","24339654","福祉・保健・社会保障を支える行政","supports","公式予算で民生費の社会福祉費または生活保護費に属するため、福祉・社会保障に関する行政機能を支える予算事業として整理した。これはみらい議会の探索用整理であり、区の公式な課題分類ではない。","B_strong_structural","{""matched_rule_id"":""social-welfare-official-hierarchy"",""budget_item_key"":""2026_general_expenditure_03_01_03"",""identity_fields"":{""display_program_name"":""障害者自立支援給付"",""hierarchy"":[""民生費"",""社会福祉費"",""障害者福祉費""],""department_display_name"":""障害福祉部 障害施策課"",""amount_thousand_yen"":24339654},""member_programs"":[{""program_id"":""2026_general_expenditure_03_01_03_06_01_01"",""major_program_name"":""障害者総合支援法等に基づく支援・給付"",""budget_program_name"":""障害者自立支援給付"",""detail_program_name"":""障害者自立支援給付"",""source_file"":""ippansaisyutu.csv"",""source_row_number"":9731}],""same_budget_item_other_program_names"":[""介護者リフレッシュ"",""基幹相談支援センター事業運営"",""技術支援（児童福祉施設）事業運営"",""更生訓練費助成"",""自立支援医療"",""重度脳性麻痺者介護人派遣"",""障害児入所給付費"",""障害者おむつ支給"",""障害者グループホーム事業等助成"",""障害者コミュニケーションサービス"",""障害者ホームヘルパー等派遣"",""障害者虐待防止推進事業"",""障害者緊急介護人派遣"",""障害者自動車利用支援"",""障害者寝具乾燥・訪問理美容サービス"",""障害者親亡きあと対策"",""障害者設備改善費給付"",""障害者専門相談事業運営"",""障害者相談支援"",""障害者団体活動支援"",""障害者団体支援"",""障害者日常生活用具等給付"",""障害者入浴サービス"",""障害者配食サービス"",""障害者福祉手当"",""障害理解促進"",""身体障害者及知的障害者相談員活動"",""精神障害者ピアサポート支援事業"",""精神保健福祉団体連携事業"",""地域生活支援拠点等整備事業"",""乳幼児育成相談事業運営"",""被爆者見舞金"",""補装具給付"",""民間空襲等被害者見舞金支給""],""related_revenues"":[{""revenue_detail_id"":""rd_2026_general_revenue_13_01_01_08_16_3655100000"",""revenue_hierarchy"":[""国庫支出金"",""国庫負担金"",""民生費負担金"",""障害福祉サービス費等"",""障害児通所・相談支援給付等""],""amount_attribution_status"":""not_available""},{""revenue_detail_id"":""rd_2026_general_revenue_13_01_01_08_17_3655100000"",""revenue_hierarchy"":[""国庫支出金"",""国庫負担金"",""民生費負担金"",""障害福祉サービス費等"",""障害者自立支援給付等""],""amount_attribution_status"":""not_available""},{""revenue_detail_id"":""rd_2026_general_revenue_13_01_01_08_21_3655100000"",""revenue_hierarchy"":[""国庫支出金"",""国庫負担金"",""民生費負担金"",""障害福祉サービス費等"",""療養介護医療""],""amount_attribution_status"":""not_available""},{""revenue_detail_id"":""rd_2026_general_revenue_13_02_01_32_33_3655100000"",""revenue_hierarchy"":[""国庫支出金"",""国庫補助金"",""民生費補助金"",""地域生活支援事業費"",""福祉ホーム""],""amount_attribution_status"":""not_available""},{""revenue_detail_id"":""rd_2026_general_revenue_13_02_01_32_34_3655100000"",""revenue_hierarchy"":[""国庫支出金"",""国庫補助金"",""民生費補助金"",""地域生活支援事業費"",""移動支援""],""amount_attribution_status"":""not_available""},{""revenue_detail_id"":""rd_2026_general_revenue_13_02_01_69_15_3655100000"",""revenue_hierarchy"":[""国庫支出金"",""国庫補助金"",""民生費補助金"",""地域生活支援促進事業費"",""雇用施策との連携による重度障害者等就労支援特別事業""],""amount_attribution_status"":""not_available""},{""revenue_detail_id"":""rd_2026_general_revenue_14_01_01_07_16_3655100000"",""revenue_hierarchy"":[""都支出金"",""都負担金"",""民生費負担金"",""障害福祉サービス費等"",""障害児通所・相談支援給付等""],""amount_attribution_status"":""not_available""},{""revenue_detail_id"":""rd_2026_general_revenue_14_01_01_07_17_3655100000"",""revenue_hierarchy"":[""都支出金"",""都負担金"",""民生費負担金"",""障害福祉サービス費等"",""障害者自立支援給付等""],""amount_attribution_status"":""not_available""},{""revenue_detail_id"":""rd_2026_general_revenue_14_02_02_36_07_3655100000"",""revenue_hierarchy"":[""都支出金"",""都補助金"",""民生費補助金"",""地域生活支援促進事業費"",""雇用施策との連携による重度障害者等就労支援特別事業""],""amount_attribution_status"":""not_available""},{""revenue_detail_id"":""rd_2026_general_revenue_14_02_02_37_32_3655100000"",""revenue_hierarchy"":[""都支出金"",""都補助金"",""民生費補助金"",""地域生活支援事業費"",""移動支援""],""amount_attribution_status"":""not_available""},{""revenue_detail_id"":""rd_2026_general_revenue_14_02_02_37_33_3655100000"",""revenue_hierarchy"":[""都支出金"",""都補助金"",""民生費補助金"",""地域生活支援事業費"",""福祉ホーム""],""amount_attribution_status"":""not_available""},{""revenue_detail_id"":""rd_2026_general_revenue_14_02_02_44_54_3655100000"",""revenue_hierarchy"":[""都支出金"",""都補助金"",""民生費補助金"",""障害者施策推進区市町村包括補助事業費"",""移動支援事業""],""amount_attribution_status"":""not_available""},{""revenue_detail_id"":""rd_2026_general_revenue_14_02_02_44_55_3655100000"",""revenue_hierarchy"":[""都支出金"",""都補助金"",""民生費補助金"",""障害者施策推進区市町村包括補助事業費"",""障害者（児）短期入所事業（都加算）""],""amount_attribution_status"":""not_available""},{""revenue_detail_id"":""rd_2026_general_revenue_14_02_02_50_03_3655100000"",""revenue_hierarchy"":[""都支出金"",""都補助金"",""民生費補助金"",""福祉サービス費等"",""区市町村特別支援事業""],""amount_attribution_status"":""not_available""},{""revenue_detail_id"":""rd_2026_general_revenue_14_02_02_50_04_3655100000"",""revenue_hierarchy"":[""都支出金"",""都補助金"",""民生費補助金"",""福祉サービス費等"",""区市町村特別支援事業（重度障害者）""],""amount_attribution_status"":""not_available""},{""revenue_detail_id"":""rd_2026_general_revenue_14_02_08_74_01_3655100000"",""revenue_hierarchy"":[""都支出金"",""都補助金"",""民生費補助金（２）"",""児童発達支援事業所等利用支援事業"",""児童発達支援事業所等利用支援事業""],""amount_attribution_status"":""not_available""}]}","high","approve","B_strong_structural・確信度highの一括承認ルールにより承認"
"bpi_0eb7b3360ac500246fe3cad6504fa0c0fed9e72ff3d2d6c398d288cdbcc7b3a1","生活保護法に基づく保護費","一般会計","民生費","生活保護費","扶助費","保健福祉政策部 生活福祉課","23038243","福祉・保健・社会保障を支える行政","supports","公式予算で民生費の社会福祉費または生活保護費に属するため、福祉・社会保障に関する行政機能を支える予算事業として整理した。これはみらい議会の探索用整理であり、区の公式な課題分類ではない。","B_strong_structural","{""matched_rule_id"":""social-welfare-official-hierarchy"",""budget_item_key"":""2026_general_expenditure_03_03_03"",""identity_fields"":{""display_program_name"":""生活保護法に基づく保護費"",""hierarchy"":[""民生費"",""生活保護費"",""扶助費""],""department_display_name"":""保健福祉政策部 生活福祉課"",""amount_thousand_yen"":23038243},""member_programs"":[{""program_id"":""2026_general_expenditure_03_03_03_01_01_01"",""major_program_name"":""生活保護法に基づく保護費"",""budget_program_name"":""生活保護法に基づく保護費"",""detail_program_name"":""生活保護法に基づく保護費"",""source_file"":""ippansaisyutu.csv"",""source_row_number"":9568}],""same_budget_item_other_program_names"":[""児童生徒等に対する援護"",""被保護世帯等に対する援護""],""related_revenues"":[{""revenue_detail_id"":""rd_2026_general_revenue_13_01_01_06_02_3595200000"",""revenue_hierarchy"":[""国庫支出金"",""国庫負担金"",""民生費負担金"",""生活保護費"",""生活保護費（生活扶助費等）""],""amount_attribution_status"":""not_available""},{""revenue_detail_id"":""rd_2026_general_revenue_13_01_01_06_03_3595200000"",""revenue_hierarchy"":[""国庫支出金"",""国庫負担金"",""民生費負担金"",""生活保護費"",""生活保護費（医療扶助費等）""],""amount_attribution_status"":""not_available""},{""revenue_detail_id"":""rd_2026_general_revenue_13_01_01_06_04_3595200000"",""revenue_hierarchy"":[""国庫支出金"",""国庫負担金"",""民生費負担金"",""生活保護費"",""生活保護費（介護扶助費等）""],""amount_attribution_status"":""not_available""},{""revenue_detail_id"":""rd_2026_general_revenue_14_01_01_05_01_3595200000"",""revenue_hierarchy"":[""都支出金"",""都負担金"",""民生費負担金"",""生活保護費"",""生活保護費""],""amount_attribution_status"":""not_available""},{""revenue_detail_id"":""rd_2026_general_revenue_19_06_01_02_03_3595200000"",""revenue_hierarchy"":[""諸収入"",""雑入"",""弁償金"",""生活保護"",""生活保護法に基づく保護費の弁償金""],""amount_attribution_status"":""not_available""},{""revenue_detail_id"":""rd_2026_general_revenue_19_06_09_50_15_3595200000"",""revenue_hierarchy"":[""諸収入"",""雑入"",""雑入"",""雑入"",""生活保護法に基づく保護費""],""amount_attribution_status"":""not_available""},{""revenue_detail_id"":""rd_2026_general_revenue_19_06_09_50_17_3595200000"",""revenue_hierarchy"":[""諸収入"",""雑入"",""雑入"",""雑入"",""生活保護法に基づく保護費（不当利得等）""],""amount_attribution_status"":""not_available""},{""revenue_detail_id"":""rd_2026_general_revenue_19_06_09_67_02_3595200000"",""revenue_hierarchy"":[""諸収入"",""雑入"",""雑入"",""第三者求償事務"",""第三者求償事務""],""amount_attribution_status"":""not_available""}]}","high","approve","B_strong_structural・確信度highの一括承認ルールにより承認"
"bpi_ca83f1e53d5e267cfd11f86285b5f7ac698af2d389e8aeba8ac4ec80abfdce2e","医療給付費分納付金","国民健康保険事業会計","国民健康保険事業費納付金","医療給付費分","医療給付費分","保健福祉政策部 国保・年金課","20790477","福祉・保健・社会保障を支える行政","supports","公式予算で国民健康保険、後期高齢者医療、介護保険の特別会計に属するため、社会保障に関する行政機能を支える予算事業として整理した。","B_strong_structural","{""matched_rule_id"":""social-insurance-accounts-official-hierarchy"",""budget_item_key"":""2026_national_health_insurance_expenditure_32_01_01"",""identity_fields"":{""display_program_name"":""医療給付費分納付金"",""hierarchy"":[""国民健康保険事業費納付金"",""医療給付費分"",""医療給付費分""],""department_display_name"":""保健福祉政策部 国保・年金課"",""amount_thousand_yen"":20790477},""member_programs"":[{""program_id"":""2026_national_health_insurance_expenditure_32_01_01_01_01_01"",""major_program_name"":""医療給付費分"",""budget_program_name"":""医療給付費分納付金"",""detail_program_name"":""医療給付費分納付金"",""source_file"":""ippansaisyutu.csv"",""source_row_number"":9592}],""same_budget_item_other_program_names"":[],""related_revenues"":[{""revenue_detail_id"":""rd_2026_national_health_insurance_revenue_21_01_01_01_13_3595400000"",""revenue_hierarchy"":[""国民健康保険料"",""国民健康保険料"",""国民健康保険料"",""医療給付費分現年分"",""医療給付費分（納付金）""],""amount_attribution_status"":""not_available""},{""revenue_detail_id"":""rd_2026_national_health_insurance_revenue_21_01_01_02_04_3595400000"",""revenue_hierarchy"":[""国民健康保険料"",""国民健康保険料"",""国民健康保険料"",""医療給付費分滞納繰越分"",""医療給付費分（納付金）""],""amount_attribution_status"":""not_available""},{""revenue_detail_id"":""rd_2026_national_health_insurance_revenue_21_01_01_07_09_3595400000"",""revenue_hierarchy"":[""国民健康保険料"",""国民健康保険料"",""国民健康保険料"",""医療給付費分現年分特別徴収分"",""医療給付費分（納付金）""],""amount_attribution_status"":""not_available""},{""revenue_detail_id"":""rd_2026_national_health_insurance_revenue_26_02_03_02_01_3595400000"",""revenue_hierarchy"":[""都支出金"",""都補助金"",""保険給付費等交付金"",""特別交付金"",""保険者努力支援分（医療給付費分納付金）""],""amount_attribution_status"":""not_available""},{""revenue_detail_id"":""rd_2026_national_health_insurance_revenue_26_02_03_02_05_3595400000"",""revenue_hierarchy"":[""都支出金"",""都補助金"",""保険給付費等交付金"",""特別交付金"",""特別調整交付金（医療給付費分納付金）""],""amount_attribution_status"":""not_available""},{""revenue_detail_id"":""rd_2026_national_health_insurance_revenue_26_02_03_02_11_3595400000"",""revenue_hierarchy"":[""都支出金"",""都補助金"",""保険給付費等交付金"",""特別交付金"",""都繰入金２号分（医療給付費分納付金）""],""amount_attribution_status"":""not_available""},{""revenue_detail_id"":""rd_2026_national_health_insurance_revenue_27_01_01_01_42_3595400000"",""revenue_hierarchy"":[""繰入金"",""一般会計繰入金"",""一般会計繰入金"",""その他一般会計繰入金"",""医療給付費分（納付金）""],""amount_attribution_status"":""not_available""},{""revenue_detail_id"":""rd_2026_national_health_insurance_revenue_27_01_01_05_04_3595400000"",""revenue_hierarchy"":[""繰入金"",""一般会計繰入金"",""一般会計繰入金"",""保険基盤安定繰入金（保険料軽減分）"",""医療給付費分（納付金）""],""amount_attribution_status"":""not_available""},{""revenue_detail_id"":""rd_2026_national_health_insurance_revenue_27_01_01_06_04_3595400000"",""revenue_hierarchy"":[""繰入金"",""一般会計繰入金"",""一般会計繰入金"",""保険基盤安定繰入金（保険者支援分）"",""医療給付費分（納付金）""],""amount_attribution_status"":""not_available""},{""revenue_detail_id"":""rd_2026_national_health_insurance_revenue_27_01_01_08_01_3595400000"",""revenue_hierarchy"":[""繰入金"",""一般会計繰入金"",""一般会計繰入金"",""未就学児均等割保険料繰入金"",""医療給付費分（納付金）""],""amount_attribution_status"":""not_available""},{""revenue_detail_id"":""rd_2026_national_health_insurance_revenue_27_01_01_09_01_3595400000"",""revenue_hierarchy"":[""繰入金"",""一般会計繰入金"",""一般会計繰入金"",""産前産後保険料繰入金"",""医療給付費分（納付金）""],""amount_attribution_status"":""not_available""},{""revenue_detail_id"":""rd_2026_national_health_insurance_revenue_28_01_02_01_31_3595400000"",""revenue_hierarchy"":[""繰越金"",""繰越金"",""その他繰越金"",""その他繰越金"",""医療給付費分（納付金）""],""amount_attribution_status"":""not_available""},{""revenue_detail_id"":""rd_2026_national_health_insurance_revenue_29_01_01_01_02_3595400000"",""revenue_hierarchy"":[""諸収入"",""延滞金加算金及過料"",""延滞金"",""延滞金"",""医療給付費分（納付金）""],""amount_attribution_status"":""not_available""},{""revenue_detail_id"":""rd_2026_national_health_insurance_revenue_29_01_03_01_02_3595400000"",""revenue_hierarchy"":[""諸収入"",""延滞金加算金及過料"",""加算金"",""加算金"",""医療給付費分（納付金）""],""amount_attribution_status"":""not_available""},{""revenue_detail_id"":""rd_2026_national_health_insurance_revenue_29_01_05_01_02_3595400000"",""revenue_hierarchy"":[""諸収入"",""延滞金加算金及過料"",""過料"",""過料"",""医療給付費分（納付金）""],""amount_attribution_status"":""not_available""}]}","high","approve","B_strong_structural・確信度highの一括承認ルールにより承認"
"bpi_5514ebac92df97541fc72dcb995412a4efd023cee05294300d6b86ca6ced3ee6","民生関係事務従事職員の人件費","一般会計","職員費","職員費","民生職員費","総務部 人事課","19385105","福祉・保健・社会保障を支える行政","supports","公式予算の職員費で民生職員費または衛生職員費に属するため、福祉・保健・社会保障に関する行政機能を支える予算事業として整理した。","B_strong_structural","{""matched_rule_id"":""welfare-health-staff-official-hierarchy"",""budget_item_key"":""2026_general_expenditure_09_01_03"",""identity_fields"":{""display_program_name"":""民生関係事務従事職員の人件費"",""hierarchy"":[""職員費"",""職員費"",""民生職員費""],""department_display_name"":""総務部 人事課"",""amount_thousand_yen"":19385105},""member_programs"":[{""program_id"":""2026_general_expenditure_09_01_03_01_01_01"",""major_program_name"":""民生関係事務従事職員の人件費"",""budget_program_name"":""民生関係事務従事職員の人件費"",""detail_program_name"":""民生関係事務従事職員の人件費"",""source_file"":""ippansaisyutu.csv"",""source_row_number"":9302}],""same_budget_item_other_program_names"":[""会計年度任用職員の人件費（烏山総合支所）"",""会計年度任用職員の人件費（砧総合支所）"",""会計年度任用職員の人件費（玉川総合支所）"",""会計年度任用職員の人件費（高齢福祉部）"",""会計年度任用職員の人件費（子ども・若者部（２））"",""会計年度任用職員の人件費（子ども・若者部）"",""会計年度任用職員の人件費（児童相談所）"",""会計年度任用職員の人件費（障害福祉部）"",""会計年度任用職員の人件費（世田谷総合支所）"",""会計年度任用職員の人件費（保健福祉政策部）"",""会計年度任用職員の人件費（北沢総合支所）""],""related_revenues"":[{""revenue_detail_id"":""rd_2026_general_revenue_13_01_01_11_05_3595400000"",""revenue_hierarchy"":[""国庫支出金"",""国庫負担金"",""民生費負担金"",""国民年金事務費"",""年金事務""],""amount_attribution_status"":""not_available""},{""revenue_detail_id"":""rd_2026_general_revenue_13_01_01_11_08_3595400000"",""revenue_hierarchy"":[""国庫支出金"",""国庫負担金"",""民生費負担金"",""国民年金事務費"",""年金生活者支援給付金""],""amount_attribution_status"":""not_available""},{""revenue_detail_id"":""rd_2026_general_revenue_14_02_02_05_01_3595200000"",""revenue_hierarchy"":[""都支出金"",""都補助金"",""民生費補助金"",""旧軍人援護費"",""旧軍人援護""],""amount_attribution_status"":""not_available""},{""revenue_detail_id"":""rd_2026_general_revenue_15_01_01_04_08_3645100000"",""revenue_hierarchy"":[""財産収入"",""財産運用収入"",""財産貸付収入"",""土地貸付"",""老人保健施設""],""amount_attribution_status"":""not_available""},{""revenue_detail_id"":""rd_2026_general_revenue_19_03_01_01_01_3665150000"",""revenue_hierarchy"":[""諸収入"",""貸付金元利収入"",""奨学資金等収入"",""貸付金返還金"",""奨学資金等貸付金返還金""],""amount_attribution_status"":""not_available""},{""revenue_detail_id"":""rd_2026_general_revenue_19_06_04_01_25_3205500000"",""revenue_hierarchy"":[""諸収入"",""雑入"",""納付金"",""納付金"",""再任用職員社会保険料（民生）""],""amount_attribution_status"":""not_available""}]}","high","approve","B_strong_structural・確信度highの一括承認ルールにより承認"
"bpi_9aaa02dc9746584faad3507cee769c94493d957254656e864389fe22ad1de77f","広域連合保険料等負担金","後期高齢者医療会計","分担金及負担金","広域連合負担金","広域連合分賦金","保健福祉政策部 国保・年金課","18074690","福祉・保健・社会保障を支える行政","supports","公式予算で国民健康保険、後期高齢者医療、介護保険の特別会計に属するため、社会保障に関する行政機能を支える予算事業として整理した。","B_strong_structural","{""matched_rule_id"":""social-insurance-accounts-official-hierarchy"",""budget_item_key"":""2026_latter_stage_elderly_healthcare_expenditure_62_01_01"",""identity_fields"":{""display_program_name"":""広域連合保険料等負担金"",""hierarchy"":[""分担金及負担金"",""広域連合負担金"",""広域連合分賦金""],""department_display_name"":""保健福祉政策部 国保・年金課"",""amount_thousand_yen"":18074690},""member_programs"":[{""program_id"":""2026_latter_stage_elderly_healthcare_expenditure_62_01_01_01_02_01"",""major_program_name"":""広域連合負担金"",""budget_program_name"":""広域連合保険料等負担金"",""detail_program_name"":""広域連合保険料等負担金"",""source_file"":""ippansaisyutu.csv"",""source_row_number"":9601}],""same_budget_item_other_program_names"":[""広域連合事務費負担金"",""広域連合療養給付費負担金"",""保険基盤安定負担金"",""保険料軽減措置負担金""],""related_revenues"":[{""revenue_detail_id"":""rd_2026_latter_stage_elderly_healthcare_revenue_61_01_01_01_01_3595400000"",""revenue_hierarchy"":[""後期高齢者医療保険料"",""後期高齢者医療保険料"",""後期高齢者医療保険料"",""現年度分特別徴収分"",""広域連合保険料等負担金""],""amount_attribution_status"":""not_available""},{""revenue_detail_id"":""rd_2026_latter_stage_elderly_healthcare_revenue_61_01_01_02_01_3595400000"",""revenue_hierarchy"":[""後期高齢者医療保険料"",""後期高齢者医療保険料"",""後期高齢者医療保険料"",""現年度分普通徴収分"",""広域連合保険料等負担金""],""amount_attribution_status"":""not_available""},{""revenue_detail_id"":""rd_2026_latter_stage_elderly_healthcare_revenue_61_01_01_03_01_3595400000"",""revenue_hierarchy"":[""後期高齢者医療保険料"",""後期高齢者医療保険料"",""後期高齢者医療保険料"",""滞納繰越分普通徴収分"",""広域連合保険料等負担金""],""amount_attribution_status"":""not_available""},{""revenue_detail_id"":""rd_2026_latter_stage_elderly_healthcare_revenue_64_01_01_01_01_3595400000"",""revenue_hierarchy"":[""繰越金"",""繰越金"",""繰越金"",""繰越金"",""広域連合保険料等負担金""],""amount_attribution_status"":""not_available""},{""revenue_detail_id"":""rd_2026_latter_stage_elderly_healthcare_revenue_65_01_01_01_01_3595400000"",""revenue_hierarchy"":[""諸収入"",""延滞金加算金及過料"",""延滞金"",""延滞金"",""広域連合保険料等負担金""],""amount_attribution_status"":""not_available""}]}","high","approve","B_strong_structural・確信度highの一括承認ルールにより承認"
"bpi_410f0facb2eb342260a09886015821489a5a8261e9023f69f3aa2f7e77696221","施設介護サービス給付費","介護保険事業会計","保険給付費","介護サービス等諸費","施設介護サービス給付費","高齢福祉部 介護保険課","13763000","福祉・保健・社会保障を支える行政","supports","公式予算で国民健康保険、後期高齢者医療、介護保険の特別会計に属するため、社会保障に関する行政機能を支える予算事業として整理した。","B_strong_structural","{""matched_rule_id"":""social-insurance-accounts-official-hierarchy"",""budget_item_key"":""2026_long_term_care_insurance_expenditure_42_01_02"",""identity_fields"":{""display_program_name"":""施設介護サービス給付費"",""hierarchy"":[""保険給付費"",""介護サービス等諸費"",""施設介護サービス給付費""],""department_display_name"":""高齢福祉部 介護保険課"",""amount_thousand_yen"":13763000},""member_programs"":[{""program_id"":""2026_long_term_care_insurance_expenditure_42_01_02_01_01_01"",""major_program_name"":""施設介護サービス給付費"",""budget_program_name"":""施設介護サービス給付費"",""detail_program_name"":""施設介護サービス給付費"",""source_file"":""ippansaisyutu.csv"",""source_row_number"":9657}],""same_budget_item_other_program_names"":[],""related_revenues"":[{""revenue_detail_id"":""rd_2026_long_term_care_insurance_revenue_41_01_01_01_02_3645200000"",""revenue_hierarchy"":[""保険料"",""介護保険料"",""第１号被保険者保険料"",""現年度分特別徴収分"",""施設介護サービス給付費""],""amount_attribution_status"":""not_available""},{""revenue_detail_id"":""rd_2026_long_term_care_insurance_revenue_43_01_01_01_02_3645200000"",""revenue_hierarchy"":[""国庫支出金"",""国庫負担金"",""介護給付費負担金"",""現年度分"",""施設介護サービス給付費""],""amount_attribution_status"":""not_available""},{""revenue_detail_id"":""rd_2026_long_term_care_insurance_revenue_43_02_01_01_02_3645200000"",""revenue_hierarchy"":[""国庫支出金"",""国庫補助金"",""調整交付金"",""現年度分"",""施設介護サービス給付費""],""amount_attribution_status"":""not_available""},{""revenue_detail_id"":""rd_2026_long_term_care_insurance_revenue_44_01_01_01_02_3645200000"",""revenue_hierarchy"":[""支払基金交付金"",""支払基金交付金"",""介護給付費交付金"",""現年度分"",""施設介護サービス給付費""],""amount_attribution_status"":""not_available""},{""revenue_detail_id"":""rd_2026_long_term_care_insurance_revenue_45_01_01_01_02_3645200000"",""revenue_hierarchy"":[""都支出金"",""都負担金"",""介護給付費負担金"",""現年度分"",""施設介護サービス給付費""],""amount_attribution_status"":""not_available""},{""revenue_detail_id"":""rd_2026_long_term_care_insurance_revenue_48_01_01_01_02_3645200000"",""revenue_hierarchy"":[""繰入金"",""一般会計繰入金"",""介護給付費繰入金"",""現年度分"",""施設介護サービス給付費""],""amount_attribution_status"":""not_available""},{""revenue_detail_id"":""rd_2026_long_term_care_insurance_revenue_50_01_03_01_02_3645200000"",""revenue_hierarchy"":[""諸収入"",""延滞金加算金及過料"",""加算金"",""加算金"",""施設介護サービス給付金""],""amount_attribution_status"":""not_available""},{""revenue_detail_id"":""rd_2026_long_term_care_insurance_revenue_50_04_02_01_09_3645200000"",""revenue_hierarchy"":[""諸収入"",""雑入"",""第三者納付金"",""第三者納付金"",""施設介護サービス給付費""],""amount_attribution_status"":""not_available""},{""revenue_detail_id"":""rd_2026_long_term_care_insurance_revenue_50_04_03_01_02_3645200000"",""revenue_hierarchy"":[""諸収入"",""雑入"",""返納金"",""返納金"",""施設介護サービス給付費""],""amount_attribution_status"":""not_available""}]}","high","approve","B_strong_structural・確信度highの一括承認ルールにより承認"
"bpi_094d4b85387f045563371f907ec0b584b704cf965981447c4eb33a540e87f75f","介護保険事業会計繰出金","一般会計","民生費","社会福祉費","社会福祉総務費","高齢福祉部 介護保険課","11595213","福祉・保健・社会保障を支える行政","supports","公式予算で民生費の社会福祉費または生活保護費に属するため、福祉・社会保障に関する行政機能を支える予算事業として整理した。これはみらい議会の探索用整理であり、区の公式な課題分類ではない。","B_strong_structural","{""matched_rule_id"":""social-welfare-official-hierarchy"",""budget_item_key"":""2026_general_expenditure_03_01_01"",""identity_fields"":{""display_program_name"":""介護保険事業会計繰出金"",""hierarchy"":[""民生費"",""社会福祉費"",""社会福祉総務費""],""department_display_name"":""高齢福祉部 介護保険課"",""amount_thousand_yen"":11595213},""member_programs"":[{""program_id"":""2026_general_expenditure_03_01_01_04_01_01"",""major_program_name"":""特別会計繰出金"",""budget_program_name"":""介護保険事業会計繰出金"",""detail_program_name"":""介護保険事業会計繰出金"",""source_file"":""ippansaisyutu.csv"",""source_row_number"":9649}],""same_budget_item_other_program_names"":[""ケアハウス整備促進等事業"",""ケアマネジメントの総合的推進"",""ひきこもり対策"",""ボランティア施設改修"",""ボランティア団体等援助"",""移動困難者の移送システム"",""医療的ケア児（者）支援の充実"",""医療的ケア児の笑顔を支える基金積立金"",""介護人材確保・定着支援事業"",""旧軍人等の援護"",""後期高齢者医療会計繰出金"",""行旅病人及死亡人取扱"",""高齢福祉部運営事業"",""高齢福祉部庶務事務"",""国民健康保険事業会計繰出金"",""災害時ボランティア受入体制整備事業"",""社会福祉協議会運営助成"",""社会福祉事業団運営助成"",""社会福祉法人に対する高齢者施設整備助成"",""社会福祉法人に対する障害者施設整備助成"",""社会福祉法人の認可・指導検査"",""終活支援センター運営事業"",""住宅手当緊急特別措置事業"",""住民税非課税世帯等への価格高騰重点支援給付金支給"",""障害者グループホーム整備助成"",""障害者サービス広報事業"",""障害者差別解消推進"",""障害者施設整備促進等事業"",""障害者福祉施策の計画・調整"",""障害認定審査事務運営"",""障害福祉部庶務事務"",""心身障害者医療費助成"",""世田谷区地域福祉推進事業"",""世田谷保健福祉センター分室維持管理"",""成年後見制度"",""生活安定支援事業"",""生活困窮者自立促進支援事業"",""生活保健事務（烏山）"",""生活保健事務（砧）"",""生活保健事務（玉川）"",""生活保健事務（世田谷）"",""生活保健事務（北沢）"",""専門的人材の確保・養成事業"",""相談員業務（烏山）"",""相談員業務（砧）"",""相談員業務（玉川）"",""相談員業務（世田谷）"",""相談員業務（北沢）"",""地域福祉活動等促進事業"",""地域福祉資源開発事業"",""地域保健福祉審議会の運営"",""地域保健福祉等推進基金積立金"",""地域密着型サービス拠点等整備助成"",""地区高齢者見守りネットワーク事業"",""特定中国残留邦人等支援事業"",""特別区区民葬儀助成事業"",""特別養護老人ホーム等運営支援"",""避難行動要支援者支援の推進"",""福祉資金貸付"",""福祉人材育成・研修センター運営事業"",""保健医療福祉総合プラザ維持運営"",""保健福祉サービス苦情審査会運営"",""保健福祉サービス質の向上の推進"",""保健福祉運営事務（烏山）"",""保健福祉運営事務（砧）"",""保健福祉運営事務（玉川）"",""保健福祉運営事務（世田谷）"",""保健福祉運営事務（北沢）"",""保健福祉政策部運営事業"",""保健福祉政策部庶務事務"",""民生委員等活動"",""路上生活対策事業"",""老人保健施設整備助成""],""related_revenues"":[{""revenue_detail_id"":""rd_2026_general_revenue_13_01_01_28_01_3645200000"",""revenue_hierarchy"":[""国庫支出金"",""国庫負担金"",""民生費負担金"",""介護保険料軽減費"",""介護保険料軽減費""],""amount_attribution_status"":""not_available""},{""revenue_detail_id"":""rd_2026_general_revenue_14_01_01_26_01_3645200000"",""revenue_hierarchy"":[""都支出金"",""都負担金"",""民生費負担金"",""介護保険料軽減費"",""介護保険料軽減費""],""amount_attribution_status"":""not_available""}]}","high","approve","B_strong_structural・確信度highの一括承認ルールにより承認"
"bpi_acdb45b3058664263ef2dad0bc40ce264f9dbdeff2a0d684a1dfe3ec7d87ddbb","後期高齢者医療会計繰出金","一般会計","民生費","社会福祉費","社会福祉総務費","保健福祉政策部 国保・年金課","10678717","福祉・保健・社会保障を支える行政","supports","公式予算で民生費の社会福祉費または生活保護費に属するため、福祉・社会保障に関する行政機能を支える予算事業として整理した。これはみらい議会の探索用整理であり、区の公式な課題分類ではない。","B_strong_structural","{""matched_rule_id"":""social-welfare-official-hierarchy"",""budget_item_key"":""2026_general_expenditure_03_01_01"",""identity_fields"":{""display_program_name"":""後期高齢者医療会計繰出金"",""hierarchy"":[""民生費"",""社会福祉費"",""社会福祉総務費""],""department_display_name"":""保健福祉政策部 国保・年金課"",""amount_thousand_yen"":10678717},""member_programs"":[{""program_id"":""2026_general_expenditure_03_01_01_04_03_01"",""major_program_name"":""特別会計繰出金"",""budget_program_name"":""後期高齢者医療会計繰出金"",""detail_program_name"":""後期高齢者医療会計繰出金"",""source_file"":""ippansaisyutu.csv"",""source_row_number"":9573}],""same_budget_item_other_program_names"":[""ケアハウス整備促進等事業"",""ケアマネジメントの総合的推進"",""ひきこもり対策"",""ボランティア施設改修"",""ボランティア団体等援助"",""移動困難者の移送システム"",""医療的ケア児（者）支援の充実"",""医療的ケア児の笑顔を支える基金積立金"",""介護人材確保・定着支援事業"",""介護保険事業会計繰出金"",""旧軍人等の援護"",""行旅病人及死亡人取扱"",""高齢福祉部運営事業"",""高齢福祉部庶務事務"",""国民健康保険事業会計繰出金"",""災害時ボランティア受入体制整備事業"",""社会福祉協議会運営助成"",""社会福祉事業団運営助成"",""社会福祉法人に対する高齢者施設整備助成"",""社会福祉法人に対する障害者施設整備助成"",""社会福祉法人の認可・指導検査"",""終活支援センター運営事業"",""住宅手当緊急特別措置事業"",""住民税非課税世帯等への価格高騰重点支援給付金支給"",""障害者グループホーム整備助成"",""障害者サービス広報事業"",""障害者差別解消推進"",""障害者施設整備促進等事業"",""障害者福祉施策の計画・調整"",""障害認定審査事務運営"",""障害福祉部庶務事務"",""心身障害者医療費助成"",""世田谷区地域福祉推進事業"",""世田谷保健福祉センター分室維持管理"",""成年後見制度"",""生活安定支援事業"",""生活困窮者自立促進支援事業"",""生活保健事務（烏山）"",""生活保健事務（砧）"",""生活保健事務（玉川）"",""生活保健事務（世田谷）"",""生活保健事務（北沢）"",""専門的人材の確保・養成事業"",""相談員業務（烏山）"",""相談員業務（砧）"",""相談員業務（玉川）"",""相談員業務（世田谷）"",""相談員業務（北沢）"",""地域福祉活動等促進事業"",""地域福祉資源開発事業"",""地域保健福祉審議会の運営"",""地域保健福祉等推進基金積立金"",""地域密着型サービス拠点等整備助成"",""地区高齢者見守りネットワーク事業"",""特定中国残留邦人等支援事業"",""特別区区民葬儀助成事業"",""特別養護老人ホーム等運営支援"",""避難行動要支援者支援の推進"",""福祉資金貸付"",""福祉人材育成・研修センター運営事業"",""保健医療福祉総合プラザ維持運営"",""保健福祉サービス苦情審査会運営"",""保健福祉サービス質の向上の推進"",""保健福祉運営事務（烏山）"",""保健福祉運営事務（砧）"",""保健福祉運営事務（玉川）"",""保健福祉運営事務（世田谷）"",""保健福祉運営事務（北沢）"",""保健福祉政策部運営事業"",""保健福祉政策部庶務事務"",""民生委員等活動"",""路上生活対策事業"",""老人保健施設整備助成""],""related_revenues"":[{""revenue_detail_id"":""rd_2026_general_revenue_14_01_01_13_03_3595400000"",""revenue_hierarchy"":[""都支出金"",""都負担金"",""民生費負担金"",""保険基盤安定費"",""後期高齢者医療""],""amount_attribution_status"":""not_available""}]}","high","approve","B_strong_structural・確信度highの一括承認ルールにより承認"
"bpi_0b8d69632d8e169a697bbe9fcc3df4c0d35978397e98a5fa41f9bf6fe3318041","地域密着型介護サービス給付費","介護保険事業会計","保険給付費","介護サービス等諸費","地域密着型介護サービス給付費","高齢福祉部 介護保険課","9591000","福祉・保健・社会保障を支える行政","supports","公式予算で国民健康保険、後期高齢者医療、介護保険の特別会計に属するため、社会保障に関する行政機能を支える予算事業として整理した。","B_strong_structural","{""matched_rule_id"":""social-insurance-accounts-official-hierarchy"",""budget_item_key"":""2026_long_term_care_insurance_expenditure_42_01_06"",""identity_fields"":{""display_program_name"":""地域密着型介護サービス給付費"",""hierarchy"":[""保険給付費"",""介護サービス等諸費"",""地域密着型介護サービス給付費""],""department_display_name"":""高齢福祉部 介護保険課"",""amount_thousand_yen"":9591000},""member_programs"":[{""program_id"":""2026_long_term_care_insurance_expenditure_42_01_06_01_01_01"",""major_program_name"":""地域密着型介護サービス給付費"",""budget_program_name"":""地域密着型介護サービス給付費"",""detail_program_name"":""地域密着型介護サービス給付費"",""source_file"":""ippansaisyutu.csv"",""source_row_number"":9661}],""same_budget_item_other_program_names"":[],""related_revenues"":[{""revenue_detail_id"":""rd_2026_long_term_care_insurance_revenue_41_01_01_01_16_3645200000"",""revenue_hierarchy"":[""保険料"",""介護保険料"",""第１号被保険者保険料"",""現年度分特別徴収分"",""地域密着型介護サービス給付費""],""amount_attribution_status"":""not_available""},{""revenue_detail_id"":""rd_2026_long_term_care_insurance_revenue_43_01_01_01_13_3645200000"",""revenue_hierarchy"":[""国庫支出金"",""国庫負担金"",""介護給付費負担金"",""現年度分"",""地域密着型介護サービス給付費""],""amount_attribution_status"":""not_available""},{""revenue_detail_id"":""rd_2026_long_term_care_insurance_revenue_43_02_01_01_13_3645200000"",""revenue_hierarchy"":[""国庫支出金"",""国庫補助金"",""調整交付金"",""現年度分"",""地域密着型介護サービス給付費""],""amount_attribution_status"":""not_available""},{""revenue_detail_id"":""rd_2026_long_term_care_insurance_revenue_44_01_01_01_13_3645200000"",""revenue_hierarchy"":[""支払基金交付金"",""支払基金交付金"",""介護給付費交付金"",""現年度分"",""地域密着型介護サービス給付費""],""amount_attribution_status"":""not_available""},{""revenue_detail_id"":""rd_2026_long_term_care_insurance_revenue_45_01_01_01_13_3645200000"",""revenue_hierarchy"":[""都支出金"",""都負担金"",""介護給付費負担金"",""現年度分"",""地域密着型介護サービス給付費""],""amount_attribution_status"":""not_available""},{""revenue_detail_id"":""rd_2026_long_term_care_insurance_revenue_48_01_01_01_14_3645200000"",""revenue_hierarchy"":[""繰入金"",""一般会計繰入金"",""介護給付費繰入金"",""現年度分"",""地域密着型介護サービス給付費""],""amount_attribution_status"":""not_available""}]}","high","approve","B_strong_structural・確信度highの一括承認ルールにより承認"
"bpi_5f7e8094a7f7be9aa37f3cfc8805beb25f9a62a0c10da09f41875c7ac180ee3a","国民健康保険事業会計繰出金","一般会計","民生費","社会福祉費","社会福祉総務費","保健福祉政策部 国保・年金課","8333112","福祉・保健・社会保障を支える行政","supports","公式予算で民生費の社会福祉費または生活保護費に属するため、福祉・社会保障に関する行政機能を支える予算事業として整理した。これはみらい議会の探索用整理であり、区の公式な課題分類ではない。","B_strong_structural","{""matched_rule_id"":""social-welfare-official-hierarchy"",""budget_item_key"":""2026_general_expenditure_03_01_01"",""identity_fields"":{""display_program_name"":""国民健康保険事業会計繰出金"",""hierarchy"":[""民生費"",""社会福祉費"",""社会福祉総務費""],""department_display_name"":""保健福祉政策部 国保・年金課"",""amount_thousand_yen"":8333112},""member_programs"":[{""program_id"":""2026_general_expenditure_03_01_01_04_02_01"",""major_program_name"":""特別会計繰出金"",""budget_program_name"":""国民健康保険事業会計繰出金"",""detail_program_name"":""国民健康保険事業会計繰出金"",""source_file"":""ippansaisyutu.csv"",""source_row_number"":9572}],""same_budget_item_other_program_names"":[""ケアハウス整備促進等事業"",""ケアマネジメントの総合的推進"",""ひきこもり対策"",""ボランティア施設改修"",""ボランティア団体等援助"",""移動困難者の移送システム"",""医療的ケア児（者）支援の充実"",""医療的ケア児の笑顔を支える基金積立金"",""介護人材確保・定着支援事業"",""介護保険事業会計繰出金"",""旧軍人等の援護"",""後期高齢者医療会計繰出金"",""行旅病人及死亡人取扱"",""高齢福祉部運営事業"",""高齢福祉部庶務事務"",""災害時ボランティア受入体制整備事業"",""社会福祉協議会運営助成"",""社会福祉事業団運営助成"",""社会福祉法人に対する高齢者施設整備助成"",""社会福祉法人に対する障害者施設整備助成"",""社会福祉法人の認可・指導検査"",""終活支援センター運営事業"",""住宅手当緊急特別措置事業"",""住民税非課税世帯等への価格高騰重点支援給付金支給"",""障害者グループホーム整備助成"",""障害者サービス広報事業"",""障害者差別解消推進"",""障害者施設整備促進等事業"",""障害者福祉施策の計画・調整"",""障害認定審査事務運営"",""障害福祉部庶務事務"",""心身障害者医療費助成"",""世田谷区地域福祉推進事業"",""世田谷保健福祉センター分室維持管理"",""成年後見制度"",""生活安定支援事業"",""生活困窮者自立促進支援事業"",""生活保健事務（烏山）"",""生活保健事務（砧）"",""生活保健事務（玉川）"",""生活保健事務（世田谷）"",""生活保健事務（北沢）"",""専門的人材の確保・養成事業"",""相談員業務（烏山）"",""相談員業務（砧）"",""相談員業務（玉川）"",""相談員業務（世田谷）"",""相談員業務（北沢）"",""地域福祉活動等促進事業"",""地域福祉資源開発事業"",""地域保健福祉審議会の運営"",""地域保健福祉等推進基金積立金"",""地域密着型サービス拠点等整備助成"",""地区高齢者見守りネットワーク事業"",""特定中国残留邦人等支援事業"",""特別区区民葬儀助成事業"",""特別養護老人ホーム等運営支援"",""避難行動要支援者支援の推進"",""福祉資金貸付"",""福祉人材育成・研修センター運営事業"",""保健医療福祉総合プラザ維持運営"",""保健福祉サービス苦情審査会運営"",""保健福祉サービス質の向上の推進"",""保健福祉運営事務（烏山）"",""保健福祉運営事務（砧）"",""保健福祉運営事務（玉川）"",""保健福祉運営事務（世田谷）"",""保健福祉運営事務（北沢）"",""保健福祉政策部運営事業"",""保健福祉政策部庶務事務"",""民生委員等活動"",""路上生活対策事業"",""老人保健施設整備助成""],""related_revenues"":[{""revenue_detail_id"":""rd_2026_general_revenue_13_01_01_14_01_3595400000"",""revenue_hierarchy"":[""国庫支出金"",""国庫負担金"",""民生費負担金"",""保険基盤安定費"",""国民健康保険""],""amount_attribution_status"":""not_available""},{""revenue_detail_id"":""rd_2026_general_revenue_13_01_01_46_01_3595400000"",""revenue_hierarchy"":[""国庫支出金"",""国庫負担金"",""民生費負担金"",""未就学児均等割保険料負担金"",""国民健康保険""],""amount_attribution_status"":""not_available""},{""revenue_detail_id"":""rd_2026_general_revenue_13_01_01_47_01_3595400000"",""revenue_hierarchy"":[""国庫支出金"",""国庫負担金"",""民生費負担金"",""産前産後保険料負担金"",""国民健康保険""],""amount_attribution_status"":""not_available""},{""revenue_detail_id"":""rd_2026_general_revenue_14_01_01_13_01_3595400000"",""revenue_hierarchy"":[""都支出金"",""都負担金"",""民生費負担金"",""保険基盤安定費"",""国民健康保険""],""amount_attribution_status"":""not_available""},{""revenue_detail_id"":""rd_2026_general_revenue_14_01_01_34_01_3595400000"",""revenue_hierarchy"":[""都支出金"",""都負担金"",""民生費負担金"",""未就学児均等割保険料負担金"",""国民健康保険""],""amount_attribution_status"":""not_available""},{""revenue_detail_id"":""rd_2026_general_revenue_14_01_01_35_01_3595400000"",""revenue_hierarchy"":[""都支出金"",""都負担金"",""民生費負担金"",""産前産後保険料負担金"",""国民健康保険""],""amount_attribution_status"":""not_available""}]}","high","approve","B_strong_structural・確信度highの一括承認ルールにより承認"
"bpi_6c51249a39f5182d57a2e0b58972e415997408d2ba6113e19ddac651f50f83ef","後期高齢者支援金等分納付金","国民健康保険事業会計","国民健康保険事業費納付金","後期高齢者支援金等分","後期高齢者支援金等分","保健福祉政策部 国保・年金課","7764099","福祉・保健・社会保障を支える行政","supports","公式予算で国民健康保険、後期高齢者医療、介護保険の特別会計に属するため、社会保障に関する行政機能を支える予算事業として整理した。","B_strong_structural","{""matched_rule_id"":""social-insurance-accounts-official-hierarchy"",""budget_item_key"":""2026_national_health_insurance_expenditure_32_02_01"",""identity_fields"":{""display_program_name"":""後期高齢者支援金等分納付金"",""hierarchy"":[""国民健康保険事業費納付金"",""後期高齢者支援金等分"",""後期高齢者支援金等分""],""department_display_name"":""保健福祉政策部 国保・年金課"",""amount_thousand_yen"":7764099},""member_programs"":[{""program_id"":""2026_national_health_insurance_expenditure_32_02_01_01_01_01"",""major_program_name"":""後期高齢者支援金等分"",""budget_program_name"":""後期高齢者支援金等分納付金"",""detail_program_name"":""後期高齢者支援金等分納付金"",""source_file"":""ippansaisyutu.csv"",""source_row_number"":9593}],""same_budget_item_other_program_names"":[],""related_revenues"":[{""revenue_detail_id"":""rd_2026_national_health_insurance_revenue_21_01_01_05_04_3595400000"",""revenue_hierarchy"":[""国民健康保険料"",""国民健康保険料"",""国民健康保険料"",""後期高齢者支援金分現年分"",""後期高齢者支援金分（納付金）""],""amount_attribution_status"":""not_available""},{""revenue_detail_id"":""rd_2026_national_health_insurance_revenue_21_01_01_06_02_3595400000"",""revenue_hierarchy"":[""国民健康保険料"",""国民健康保険料"",""国民健康保険料"",""後期高齢者支援金分滞納繰越分"",""後期高齢者支援金分（納付金）""],""amount_attribution_status"":""not_available""},{""revenue_detail_id"":""rd_2026_national_health_insurance_revenue_21_01_01_09_03_3595400000"",""revenue_hierarchy"":[""国民健康保険料"",""国民健康保険料"",""国民健康保険料"",""後期高齢者支援金分現年分特別徴収分"",""後期高齢者支援金分（納付金）""],""amount_attribution_status"":""not_available""},{""revenue_detail_id"":""rd_2026_national_health_insurance_revenue_27_01_01_01_44_3595400000"",""revenue_hierarchy"":[""繰入金"",""一般会計繰入金"",""一般会計繰入金"",""その他一般会計繰入金"",""後期高齢者支援金分（納付金）""],""amount_attribution_status"":""not_available""},{""revenue_detail_id"":""rd_2026_national_health_insurance_revenue_27_01_01_05_05_3595400000"",""revenue_hierarchy"":[""繰入金"",""一般会計繰入金"",""一般会計繰入金"",""保険基盤安定繰入金（保険料軽減分）"",""後期高齢者支援金分（納付金）""],""amount_attribution_status"":""not_available""},{""revenue_detail_id"":""rd_2026_national_health_insurance_revenue_27_01_01_06_05_3595400000"",""revenue_hierarchy"":[""繰入金"",""一般会計繰入金"",""一般会計繰入金"",""保険基盤安定繰入金（保険者支援分）"",""後期高齢者支援金分（納付金）""],""amount_attribution_status"":""not_available""},{""revenue_detail_id"":""rd_2026_national_health_insurance_revenue_27_01_01_08_02_3595400000"",""revenue_hierarchy"":[""繰入金"",""一般会計繰入金"",""一般会計繰入金"",""未就学児均等割保険料繰入金"",""後期高齢者支援金分（納付金）""],""amount_attribution_status"":""not_available""},{""revenue_detail_id"":""rd_2026_national_health_insurance_revenue_27_01_01_09_02_3595400000"",""revenue_hierarchy"":[""繰入金"",""一般会計繰入金"",""一般会計繰入金"",""産前産後保険料繰入金"",""後期高齢者支援金分（納付金）""],""amount_attribution_status"":""not_available""}]}","high","approve","B_strong_structural・確信度highの一括承認ルールにより承認"
"bpi_c1e0cce1805097b6a36b4b1f82284cf75b24cc05e2a77e6f3cbc76d76593e822","広域連合療養給付費負担金","後期高齢者医療会計","分担金及負担金","広域連合負担金","広域連合分賦金","保健福祉政策部 国保・年金課","7064085","福祉・保健・社会保障を支える行政","supports","公式予算で国民健康保険、後期高齢者医療、介護保険の特別会計に属するため、社会保障に関する行政機能を支える予算事業として整理した。","B_strong_structural","{""matched_rule_id"":""social-insurance-accounts-official-hierarchy"",""budget_item_key"":""2026_latter_stage_elderly_healthcare_expenditure_62_01_01"",""identity_fields"":{""display_program_name"":""広域連合療養給付費負担金"",""hierarchy"":[""分担金及負担金"",""広域連合負担金"",""広域連合分賦金""],""department_display_name"":""保健福祉政策部 国保・年金課"",""amount_thousand_yen"":7064085},""member_programs"":[{""program_id"":""2026_latter_stage_elderly_healthcare_expenditure_62_01_01_01_01_01"",""major_program_name"":""広域連合負担金"",""budget_program_name"":""広域連合療養給付費負担金"",""detail_program_name"":""広域連合療養給付費負担金"",""source_file"":""ippansaisyutu.csv"",""source_row_number"":9600}],""same_budget_item_other_program_names"":[""広域連合事務費負担金"",""広域連合保険料等負担金"",""保険基盤安定負担金"",""保険料軽減措置負担金""],""related_revenues"":[{""revenue_detail_id"":""rd_2026_latter_stage_elderly_healthcare_revenue_63_01_01_02_01_3595400000"",""revenue_hierarchy"":[""繰入金"",""一般会計繰入金"",""一般会計繰入金"",""療養給付費繰入金"",""広域連合療養給付費負担金""],""amount_attribution_status"":""not_available""}]}","high","approve","B_strong_structural・確信度highの一括承認ルールにより承認"
"bpi_197ea5cd145dfc5c180d1f717936e9711fc9f8132658dfae52e5c432107ee94f","高額療養費","国民健康保険事業会計","保険給付費","高額療養費","高額療養費","保健福祉政策部 国保・年金課","5886421","福祉・保健・社会保障を支える行政","supports","公式予算で国民健康保険、後期高齢者医療、介護保険の特別会計に属するため、社会保障に関する行政機能を支える予算事業として整理した。","B_strong_structural","{""matched_rule_id"":""social-insurance-accounts-official-hierarchy"",""budget_item_key"":""2026_national_health_insurance_expenditure_22_02_01"",""identity_fields"":{""display_program_name"":""高額療養費"",""hierarchy"":[""保険給付費"",""高額療養費"",""高額療養費""],""department_display_name"":""保健福祉政策部 国保・年金課"",""amount_thousand_yen"":5886421},""member_programs"":[{""program_id"":""2026_national_health_insurance_expenditure_22_02_01_01_01_11"",""major_program_name"":""高額療養費"",""budget_program_name"":""高額療養費"",""detail_program_name"":""高額療養費"",""source_file"":""ippansaisyutu.csv"",""source_row_number"":9582}],""same_budget_item_other_program_names"":[],""related_revenues"":[{""revenue_detail_id"":""rd_2026_national_health_insurance_revenue_26_02_03_01_06_3595400000"",""revenue_hierarchy"":[""都支出金"",""都補助金"",""保険給付費等交付金"",""普通交付金"",""高額療養費""],""amount_attribution_status"":""not_available""}]}","high","approve","B_strong_structural・確信度highの一括承認ルールにより承認"
"bpi_d492f0dae5d4d65752df634c3c8d3ce20d93f35f834c3714f7448bc217f36fe2","居宅介護サービス計画給付費","介護保険事業会計","保険給付費","介護サービス等諸費","居宅介護サービス計画給付費","高齢福祉部 介護保険課","3926000","福祉・保健・社会保障を支える行政","supports","公式予算で国民健康保険、後期高齢者医療、介護保険の特別会計に属するため、社会保障に関する行政機能を支える予算事業として整理した。","B_strong_structural","{""matched_rule_id"":""social-insurance-accounts-official-hierarchy"",""budget_item_key"":""2026_long_term_care_insurance_expenditure_42_01_05"",""identity_fields"":{""display_program_name"":""居宅介護サービス計画給付費"",""hierarchy"":[""保険給付費"",""介護サービス等諸費"",""居宅介護サービス計画給付費""],""department_display_name"":""高齢福祉部 介護保険課"",""amount_thousand_yen"":3926000},""member_programs"":[{""program_id"":""2026_long_term_care_insurance_expenditure_42_01_05_01_01_01"",""major_program_name"":""居宅介護サービス計画給付費"",""budget_program_name"":""居宅介護サービス計画給付費"",""detail_program_name"":""居宅介護サービス計画給付費"",""source_file"":""ippansaisyutu.csv"",""source_row_number"":9660}],""same_budget_item_other_program_names"":[],""related_revenues"":[{""revenue_detail_id"":""rd_2026_long_term_care_insurance_revenue_41_01_01_01_05_3645200000"",""revenue_hierarchy"":[""保険料"",""介護保険料"",""第１号被保険者保険料"",""現年度分特別徴収分"",""居宅介護サービス計画費""],""amount_attribution_status"":""not_available""},{""revenue_detail_id"":""rd_2026_long_term_care_insurance_revenue_43_01_01_01_05_3645200000"",""revenue_hierarchy"":[""国庫支出金"",""国庫負担金"",""介護給付費負担金"",""現年度分"",""居宅介護サービス計画費""],""amount_attribution_status"":""not_available""},{""revenue_detail_id"":""rd_2026_long_term_care_insurance_revenue_43_02_01_01_05_3645200000"",""revenue_hierarchy"":[""国庫支出金"",""国庫補助金"",""調整交付金"",""現年度分"",""居宅介護サービス計画費""],""amount_attribution_status"":""not_available""},{""revenue_detail_id"":""rd_2026_long_term_care_insurance_revenue_44_01_01_01_05_3645200000"",""revenue_hierarchy"":[""支払基金交付金"",""支払基金交付金"",""介護給付費交付金"",""現年度分"",""居宅介護サービス計画費""],""amount_attribution_status"":""not_available""},{""revenue_detail_id"":""rd_2026_long_term_care_insurance_revenue_45_01_01_01_05_3645200000"",""revenue_hierarchy"":[""都支出金"",""都負担金"",""介護給付費負担金"",""現年度分"",""居宅介護サービス計画費""],""amount_attribution_status"":""not_available""},{""revenue_detail_id"":""rd_2026_long_term_care_insurance_revenue_48_01_01_01_05_3645200000"",""revenue_hierarchy"":[""繰入金"",""一般会計繰入金"",""介護給付費繰入金"",""現年度分"",""居宅介護サービス計画費""],""amount_attribution_status"":""not_available""}]}","high","approve","B_strong_structural・確信度highの一括承認ルールにより承認"
"bpi_cd037da26e8c85d54176f7db24ef8082ad285bb27812b79ce63d7ba0333aae08","生活介護事業運営","一般会計","民生費","社会福祉費","障害者施設費","障害福祉部 障害地域生活課","3541113","福祉・保健・社会保障を支える行政","supports","公式予算で民生費の社会福祉費または生活保護費に属するため、福祉・社会保障に関する行政機能を支える予算事業として整理した。これはみらい議会の探索用整理であり、区の公式な課題分類ではない。","B_strong_structural","{""matched_rule_id"":""social-welfare-official-hierarchy"",""budget_item_key"":""2026_general_expenditure_03_01_16"",""identity_fields"":{""display_program_name"":""生活介護事業運営"",""hierarchy"":[""民生費"",""社会福祉費"",""障害者施設費""],""department_display_name"":""障害福祉部 障害地域生活課"",""amount_thousand_yen"":3541113},""member_programs"":[{""program_id"":""2026_general_expenditure_03_01_16_01_31_01"",""major_program_name"":""障害者更生指導事業費"",""budget_program_name"":""生活介護事業運営"",""detail_program_name"":""生活介護事業運営"",""source_file"":""ippansaisyutu.csv"",""source_row_number"":9745}],""same_budget_item_other_program_names"":[""グループホーム運営助成"",""児童発達支援運営"",""就労移行・継続支援事業運営"",""重症心身障害児（者）通園施設運営助成"",""障害施設維持管理"",""障害児施設維持管理"",""障害児施設改修"",""障害者休養ホームひまわり荘運営管理"",""障害者施設改修"",""障害者施設等運営助成"",""障害者自立体験等運営事業"",""障害者授産事業"",""障害者就労促進事業"",""障害者短期入所等事業"",""地域活動支援センター運営助成"",""配慮を要する児童への支援事業"",""梅ヶ丘拠点障害児通所事業運営助成"",""梅ヶ丘拠点障害者支援施設運営助成"",""福祉施設等送迎バスのネットワーク運行"",""放課後等デイサービス運営助成""],""related_revenues"":[{""revenue_detail_id"":""rd_2026_general_revenue_14_02_02_54_02_3655200000"",""revenue_hierarchy"":[""都支出金"",""都補助金"",""民生費補助金"",""区市町村高次脳機能障害者支援促進事業補助金"",""区市町村高次脳機能障害者支援促進事業補助金""],""amount_attribution_status"":""not_available""},{""revenue_detail_id"":""rd_2026_general_revenue_14_02_08_54_01_3655200000"",""revenue_hierarchy"":[""都支出金"",""都補助金"",""民生費補助金（２）"",""障害者日中活動系サービス推進事業補助金"",""障害者日中活動系サービス推進事業（生活介護）""],""amount_attribution_status"":""not_available""},{""revenue_detail_id"":""rd_2026_general_revenue_19_06_09_54_53_3655200000"",""revenue_hierarchy"":[""諸収入"",""雑入"",""雑入"",""光熱水費等負担金（２）"",""岡本福祉作業ホーム""],""amount_attribution_status"":""not_available""},{""revenue_detail_id"":""rd_2026_general_revenue_19_06_11_01_82_3655200000"",""revenue_hierarchy"":[""諸収入"",""雑入"",""自立支援給付サービス収入（２）"",""利用者負担金"",""利用者自己負担金（生活介護）""],""amount_attribution_status"":""not_available""},{""revenue_detail_id"":""rd_2026_general_revenue_19_06_11_02_25_3655200000"",""revenue_hierarchy"":[""諸収入"",""雑入"",""自立支援給付サービス収入（２）"",""自立支援サービス収入"",""自立支援サービス収入（生活介護）""],""amount_attribution_status"":""not_available""}]}","high","approve","B_strong_structural・確信度highの一括承認ルールにより承認"
"bpi_4ac39fdca94180e731db01594553c1a10e5a79533d25660f1b44b7b9982cfca6","介護納付金分納付金","国民健康保険事業会計","国民健康保険事業費納付金","介護納付金分","介護納付金分","保健福祉政策部 国保・年金課","3051753","福祉・保健・社会保障を支える行政","supports","公式予算で国民健康保険、後期高齢者医療、介護保険の特別会計に属するため、社会保障に関する行政機能を支える予算事業として整理した。","B_strong_structural","{""matched_rule_id"":""social-insurance-accounts-official-hierarchy"",""budget_item_key"":""2026_national_health_insurance_expenditure_32_03_01"",""identity_fields"":{""display_program_name"":""介護納付金分納付金"",""hierarchy"":[""国民健康保険事業費納付金"",""介護納付金分"",""介護納付金分""],""department_display_name"":""保健福祉政策部 国保・年金課"",""amount_thousand_yen"":3051753},""member_programs"":[{""program_id"":""2026_national_health_insurance_expenditure_32_03_01_01_01_01"",""major_program_name"":""介護納付金分"",""budget_program_name"":""介護納付金分納付金"",""detail_program_name"":""介護納付金分納付金"",""source_file"":""ippansaisyutu.csv"",""source_row_number"":9594}],""same_budget_item_other_program_names"":[],""related_revenues"":[{""revenue_detail_id"":""rd_2026_national_health_insurance_revenue_21_01_01_03_03_3595400000"",""revenue_hierarchy"":[""国民健康保険料"",""国民健康保険料"",""国民健康保険料"",""介護納付金分現年分"",""介護納付金分（納付金）""],""amount_attribution_status"":""not_available""},{""revenue_detail_id"":""rd_2026_national_health_insurance_revenue_21_01_01_04_02_3595400000"",""revenue_hierarchy"":[""国民健康保険料"",""国民健康保険料"",""国民健康保険料"",""介護納付金分滞納繰越分"",""介護納付金分（納付金）""],""amount_attribution_status"":""not_available""},{""revenue_detail_id"":""rd_2026_national_health_insurance_revenue_21_01_01_08_03_3595400000"",""revenue_hierarchy"":[""国民健康保険料"",""国民健康保険料"",""国民健康保険料"",""介護納付金分現年分特別徴収分"",""介護納付金分（納付金）""],""amount_attribution_status"":""not_available""},{""revenue_detail_id"":""rd_2026_national_health_insurance_revenue_27_01_01_01_46_3595400000"",""revenue_hierarchy"":[""繰入金"",""一般会計繰入金"",""一般会計繰入金"",""その他一般会計繰入金"",""介護納付金分（納付金）""],""amount_attribution_status"":""not_available""},{""revenue_detail_id"":""rd_2026_national_health_insurance_revenue_27_01_01_05_06_3595400000"",""revenue_hierarchy"":[""繰入金"",""一般会計繰入金"",""一般会計繰入金"",""保険基盤安定繰入金（保険料軽減分）"",""介護納付金分（納付金）""],""amount_attribution_status"":""not_available""},{""revenue_detail_id"":""rd_2026_national_health_insurance_revenue_27_01_01_06_06_3595400000"",""revenue_hierarchy"":[""繰入金"",""一般会計繰入金"",""一般会計繰入金"",""保険基盤安定繰入金（保険者支援分）"",""介護納付金分（納付金）""],""amount_attribution_status"":""not_available""},{""revenue_detail_id"":""rd_2026_national_health_insurance_revenue_27_01_01_09_03_3595400000"",""revenue_hierarchy"":[""繰入金"",""一般会計繰入金"",""一般会計繰入金"",""産前産後保険料繰入金"",""介護納付金分""],""amount_attribution_status"":""not_available""}]}","high","approve","B_strong_structural・確信度highの一括承認ルールにより承認"
"bpi_6f2147ca2ac49424cc6464e12969ea1c61daf8a893aa0347a26f363c43df5933","定期及臨時予防接種","一般会計","衛生費","公衆衛生費","感染症予防費","世田谷保健所 感染症対策課","2611187","福祉・保健・社会保障を支える行政","supports","公式予算で衛生費に属するため、保健・公衆衛生に関する行政機能を支える予算事業として整理した。","B_strong_structural","{""matched_rule_id"":""public-health-official-hierarchy"",""budget_item_key"":""2026_general_expenditure_05_03_07"",""identity_fields"":{""display_program_name"":""定期及臨時予防接種"",""hierarchy"":[""衛生費"",""公衆衛生費"",""感染症予防費""],""department_display_name"":""世田谷保健所 感染症対策課"",""amount_thousand_yen"":2611187},""member_programs"":[{""program_id"":""2026_general_expenditure_05_03_07_02_01_01"",""major_program_name"":""感染症予防事業費"",""budget_program_name"":""定期及臨時予防接種"",""detail_program_name"":""定期及臨時予防接種"",""source_file"":""ippansaisyutu.csv"",""source_row_number"":9916}],""same_budget_item_other_program_names"":[""おたふくかぜ予防接種助成"",""感染症対策"",""結核対策"",""高齢者インフルエンザ予防接種"",""高齢者新型コロナ予防接種"",""高齢者肺炎球菌予防接種"",""子どもインフルエンザ予防接種助成"",""帯状疱疹予防接種助成"",""男性ＨＰＶ予防接種助成"",""難病・被爆者対策"",""風しん抗体検査・予防接種""],""related_revenues"":[{""revenue_detail_id"":""rd_2026_general_revenue_12_02_04_01_09_3785250000"",""revenue_hierarchy"":[""使用料及手数料"",""手数料"",""衛生手数料"",""証明閲覧"",""予防接種証明書""],""amount_attribution_status"":""not_available""},{""revenue_detail_id"":""rd_2026_general_revenue_14_01_02_02_02_3785250000"",""revenue_hierarchy"":[""都支出金"",""都負担金"",""衛生費負担金"",""予防接種費"",""定期予防接種""],""amount_attribution_status"":""not_available""},{""revenue_detail_id"":""rd_2026_general_revenue_14_02_02_40_07_3785250000"",""revenue_hierarchy"":[""都支出金"",""都補助金"",""民生費補助金"",""保健医療政策区市町村包括補助事業費"",""小児のための予防接種支援事業""],""amount_attribution_status"":""not_available""},{""revenue_detail_id"":""rd_2026_general_revenue_14_02_02_40_61_3785250000"",""revenue_hierarchy"":[""都支出金"",""都補助金"",""民生費補助金"",""保健医療政策区市町村包括補助事業費"",""医療行為による予防接種の免疫消失に対する再接種費助成事業""],""amount_attribution_status"":""not_available""},{""revenue_detail_id"":""rd_2026_general_revenue_19_04_04_04_01_3785250000"",""revenue_hierarchy"":[""諸収入"",""受託事業収入"",""衛生費受託収入"",""感染症予防費"",""予防接種受託事業収入""],""amount_attribution_status"":""not_available""}]}","high","approve","B_strong_structural・確信度highの一括承認ルールにより承認"
"bpi_9d639f61d0cd8ae35f2160fcb55a44122da0209fd05f067ee108471955cb843a","衛生関係事務従事職員の人件費","一般会計","職員費","職員費","衛生職員費","総務部 人事課","2587333","福祉・保健・社会保障を支える行政","supports","公式予算の職員費で民生職員費または衛生職員費に属するため、福祉・保健・社会保障に関する行政機能を支える予算事業として整理した。","B_strong_structural","{""matched_rule_id"":""welfare-health-staff-official-hierarchy"",""budget_item_key"":""2026_general_expenditure_09_01_05"",""identity_fields"":{""display_program_name"":""衛生関係事務従事職員の人件費"",""hierarchy"":[""職員費"",""職員費"",""衛生職員費""],""department_display_name"":""総務部 人事課"",""amount_thousand_yen"":2587333},""member_programs"":[{""program_id"":""2026_general_expenditure_09_01_05_01_01_01"",""major_program_name"":""衛生関係事務従事職員の人件費"",""budget_program_name"":""衛生関係事務従事職員の人件費"",""detail_program_name"":""衛生関係事務従事職員の人件費"",""source_file"":""ippansaisyutu.csv"",""source_row_number"":9304}],""same_budget_item_other_program_names"":[""会計年度任用職員の人件費（烏山総合支所）"",""会計年度任用職員の人件費（砧総合支所）"",""会計年度任用職員の人件費（玉川総合支所）"",""会計年度任用職員の人件費（世田谷総合支所）"",""会計年度任用職員の人件費（世田谷保健所）"",""会計年度任用職員の人件費（北沢総合支所）""],""related_revenues"":[{""revenue_detail_id"":""rd_2026_general_revenue_12_02_04_04_02_3785700000"",""revenue_hierarchy"":[""使用料及手数料"",""手数料"",""衛生手数料"",""食品衛生"",""衛生監視""],""amount_attribution_status"":""not_available""},{""revenue_detail_id"":""rd_2026_general_revenue_12_02_04_05_03_3785700000"",""revenue_hierarchy"":[""使用料及手数料"",""手数料"",""衛生手数料"",""環境衛生"",""環境監視手数料""],""amount_attribution_status"":""not_available""},{""revenue_detail_id"":""rd_2026_general_revenue_12_02_04_08_02_3785700000"",""revenue_hierarchy"":[""使用料及手数料"",""手数料"",""衛生手数料"",""医務薬務"",""医薬品販売業等許可""],""amount_attribution_status"":""not_available""},{""revenue_detail_id"":""rd_2026_general_revenue_14_03_02_02_09_3655300000"",""revenue_hierarchy"":[""都支出金"",""都委託金"",""衛生費委託金"",""医療費助成事務費"",""小児精神病等""],""amount_attribution_status"":""not_available""},{""revenue_detail_id"":""rd_2026_general_revenue_14_03_02_02_11_3785250000"",""revenue_hierarchy"":[""都支出金"",""都委託金"",""衛生費委託金"",""医療費助成事務費"",""難病医療費事務費交付金""],""amount_attribution_status"":""not_available""},{""revenue_detail_id"":""rd_2026_general_revenue_19_06_04_01_27_3205500000"",""revenue_hierarchy"":[""諸収入"",""雑入"",""納付金"",""納付金"",""再任用職員社会保険料（衛生）""],""amount_attribution_status"":""not_available""}]}","high","approve","B_strong_structural・確信度highの一括承認ルールにより承認"
"bpi_d8d618a0946e2bf871464575be14f61fcb8d5a1fce3470f5cb79468147a81cf0","障害者福祉手当","一般会計","民生費","社会福祉費","障害者福祉費","障害福祉部 障害施策課","2393999","福祉・保健・社会保障を支える行政","supports","公式予算で民生費の社会福祉費または生活保護費に属するため、福祉・社会保障に関する行政機能を支える予算事業として整理した。これはみらい議会の探索用整理であり、区の公式な課題分類ではない。","B_strong_structural","{""matched_rule_id"":""social-welfare-official-hierarchy"",""budget_item_key"":""2026_general_expenditure_03_01_03"",""identity_fields"":{""display_program_name"":""障害者福祉手当"",""hierarchy"":[""民生費"",""社会福祉費"",""障害者福祉費""],""department_display_name"":""障害福祉部 障害施策課"",""amount_thousand_yen"":2393999},""member_programs"":[{""program_id"":""2026_general_expenditure_03_01_03_03_13_01"",""major_program_name"":""障害者生活支援事業"",""budget_program_name"":""障害者福祉手当"",""detail_program_name"":""障害者福祉手当"",""source_file"":""ippansaisyutu.csv"",""source_row_number"":9717}],""same_budget_item_other_program_names"":[""介護者リフレッシュ"",""基幹相談支援センター事業運営"",""技術支援（児童福祉施設）事業運営"",""更生訓練費助成"",""自立支援医療"",""重度脳性麻痺者介護人派遣"",""障害児入所給付費"",""障害者おむつ支給"",""障害者グループホーム事業等助成"",""障害者コミュニケーションサービス"",""障害者ホームヘルパー等派遣"",""障害者虐待防止推進事業"",""障害者緊急介護人派遣"",""障害者自動車利用支援"",""障害者自立支援給付"",""障害者寝具乾燥・訪問理美容サービス"",""障害者親亡きあと対策"",""障害者設備改善費給付"",""障害者専門相談事業運営"",""障害者相談支援"",""障害者団体活動支援"",""障害者団体支援"",""障害者日常生活用具等給付"",""障害者入浴サービス"",""障害者配食サービス"",""障害理解促進"",""身体障害者及知的障害者相談員活動"",""精神障害者ピアサポート支援事業"",""精神保健福祉団体連携事業"",""地域生活支援拠点等整備事業"",""乳幼児育成相談事業運営"",""被爆者見舞金"",""補装具給付"",""民間空襲等被害者見舞金支給""],""related_revenues"":[{""revenue_detail_id"":""rd_2026_general_revenue_13_01_01_05_01_3655100000"",""revenue_hierarchy"":[""国庫支出金"",""国庫負担金"",""民生費負担金"",""特別障害者手当等支給費"",""特別障害者手当等支給費""],""amount_attribution_status"":""not_available""}]}","high","approve","B_strong_structural・確信度highの一括承認ルールにより承認"
"bpi_f985f46de98226f7a4b1993dc94c2d8fdbf2a96691baffe92d642681b1be34cc","高額介護サービス費","介護保険事業会計","保険給付費","高額介護サービス等費","高額介護サービス費","高齢福祉部 介護保険課","2361028","福祉・保健・社会保障を支える行政","supports","公式予算で国民健康保険、後期高齢者医療、介護保険の特別会計に属するため、社会保障に関する行政機能を支える予算事業として整理した。","B_strong_structural","{""matched_rule_id"":""social-insurance-accounts-official-hierarchy"",""budget_item_key"":""2026_long_term_care_insurance_expenditure_42_04_01"",""identity_fields"":{""display_program_name"":""高額介護サービス費"",""hierarchy"":[""保険給付費"",""高額介護サービス等費"",""高額介護サービス費""],""department_display_name"":""高齢福祉部 介護保険課"",""amount_thousand_yen"":2361028},""member_programs"":[{""program_id"":""2026_long_term_care_insurance_expenditure_42_04_01_01_01_01"",""major_program_name"":""高額介護サービス費"",""budget_program_name"":""高額介護サービス費"",""detail_program_name"":""高額介護サービス費"",""source_file"":""ippansaisyutu.csv"",""source_row_number"":9663}],""same_budget_item_other_program_names"":[],""related_revenues"":[{""revenue_detail_id"":""rd_2026_long_term_care_insurance_revenue_41_01_01_01_11_3645200000"",""revenue_hierarchy"":[""保険料"",""介護保険料"",""第１号被保険者保険料"",""現年度分特別徴収分"",""高額介護サービス費""],""amount_attribution_status"":""not_available""},{""revenue_detail_id"":""rd_2026_long_term_care_insurance_revenue_43_01_01_01_11_3645200000"",""revenue_hierarchy"":[""国庫支出金"",""国庫負担金"",""介護給付費負担金"",""現年度分"",""高額介護サービス費""],""amount_attribution_status"":""not_available""},{""revenue_detail_id"":""rd_2026_long_term_care_insurance_revenue_43_02_01_01_11_3645200000"",""revenue_hierarchy"":[""国庫支出金"",""国庫補助金"",""調整交付金"",""現年度分"",""高額介護サービス費""],""amount_attribution_status"":""not_available""},{""revenue_detail_id"":""rd_2026_long_term_care_insurance_revenue_44_01_01_01_11_3645200000"",""revenue_hierarchy"":[""支払基金交付金"",""支払基金交付金"",""介護給付費交付金"",""現年度分"",""高額介護サービス費""],""amount_attribution_status"":""not_available""},{""revenue_detail_id"":""rd_2026_long_term_care_insurance_revenue_45_01_01_01_11_3645200000"",""revenue_hierarchy"":[""都支出金"",""都負担金"",""介護給付費負担金"",""現年度分"",""高額介護サービス費""],""amount_attribution_status"":""not_available""},{""revenue_detail_id"":""rd_2026_long_term_care_insurance_revenue_48_01_01_01_11_3645200000"",""revenue_hierarchy"":[""繰入金"",""一般会計繰入金"",""介護給付費繰入金"",""現年度分"",""高額介護サービス費""],""amount_attribution_status"":""not_available""}]}","high","approve","B_strong_structural・確信度highの一括承認ルールにより承認"
"bpi_5939d32e45ec716f31e67094aa1fdc3e15149a40dfc89175ae186f2e884591b1","会計年度任用職員の人件費（子ども・若者部（２））","一般会計","職員費","職員費","民生職員費","子ども・若者部 子ども・若者支援課","2353017","福祉・保健・社会保障を支える行政","supports","公式予算の職員費で民生職員費または衛生職員費に属するため、福祉・保健・社会保障に関する行政機能を支える予算事業として整理した。","B_strong_structural","{""matched_rule_id"":""welfare-health-staff-official-hierarchy"",""budget_item_key"":""2026_general_expenditure_09_01_03"",""identity_fields"":{""display_program_name"":""会計年度任用職員の人件費（子ども・若者部（２））"",""hierarchy"":[""職員費"",""職員費"",""民生職員費""],""department_display_name"":""子ども・若者部 子ども・若者支援課"",""amount_thousand_yen"":2353017},""member_programs"":[{""program_id"":""2026_general_expenditure_09_01_03_01_20_01"",""major_program_name"":""民生関係事務従事職員の人件費"",""budget_program_name"":""会計年度任用職員の人件費（子ども・若者部（２））"",""detail_program_name"":""会計年度任用職員の人件費（子ども・若者部（２））"",""source_file"":""ippansaisyutu.csv"",""source_row_number"":9799}],""same_budget_item_other_program_names"":[""会計年度任用職員の人件費（烏山総合支所）"",""会計年度任用職員の人件費（砧総合支所）"",""会計年度任用職員の人件費（玉川総合支所）"",""会計年度任用職員の人件費（高齢福祉部）"",""会計年度任用職員の人件費（子ども・若者部）"",""会計年度任用職員の人件費（児童相談所）"",""会計年度任用職員の人件費（障害福祉部）"",""会計年度任用職員の人件費（世田谷総合支所）"",""会計年度任用職員の人件費（保健福祉政策部）"",""会計年度任用職員の人件費（北沢総合支所）"",""民生関係事務従事職員の人件費""],""related_revenues"":[{""revenue_detail_id"":""rd_2026_general_revenue_19_06_04_06_25_3665150000"",""revenue_hierarchy"":[""諸収入"",""雑入"",""納付金"",""納付金（３）"",""会計年度任用職員社会保険料（子ども・若者部（２））""],""amount_attribution_status"":""not_available""}]}","high","approve","B_strong_structural・確信度highの一括承認ルールにより承認"
"bpi_9fad8289f5aa68ac515874dc66a106ad20b8c6ba3d56dd6d8314a155a37e2522","就労移行・継続支援事業運営","一般会計","民生費","社会福祉費","障害者施設費","障害福祉部 障害地域生活課","1742891","福祉・保健・社会保障を支える行政","supports","公式予算で民生費の社会福祉費または生活保護費に属するため、福祉・社会保障に関する行政機能を支える予算事業として整理した。これはみらい議会の探索用整理であり、区の公式な課題分類ではない。","B_strong_structural","{""matched_rule_id"":""social-welfare-official-hierarchy"",""budget_item_key"":""2026_general_expenditure_03_01_16"",""identity_fields"":{""display_program_name"":""就労移行・継続支援事業運営"",""hierarchy"":[""民生費"",""社会福祉費"",""障害者施設費""],""department_display_name"":""障害福祉部 障害地域生活課"",""amount_thousand_yen"":1742891},""member_programs"":[{""program_id"":""2026_general_expenditure_03_01_16_01_32_01"",""major_program_name"":""障害者更生指導事業費"",""budget_program_name"":""就労移行・継続支援事業運営"",""detail_program_name"":""就労移行・継続支援事業運営"",""source_file"":""ippansaisyutu.csv"",""source_row_number"":9746}],""same_budget_item_other_program_names"":[""グループホーム運営助成"",""児童発達支援運営"",""重症心身障害児（者）通園施設運営助成"",""障害施設維持管理"",""障害児施設維持管理"",""障害児施設改修"",""障害者休養ホームひまわり荘運営管理"",""障害者施設改修"",""障害者施設等運営助成"",""障害者自立体験等運営事業"",""障害者授産事業"",""障害者就労促進事業"",""障害者短期入所等事業"",""生活介護事業運営"",""地域活動支援センター運営助成"",""配慮を要する児童への支援事業"",""梅ヶ丘拠点障害児通所事業運営助成"",""梅ヶ丘拠点障害者支援施設運営助成"",""福祉施設等送迎バスのネットワーク運行"",""放課後等デイサービス運営助成""],""related_revenues"":[{""revenue_detail_id"":""rd_2026_general_revenue_14_02_08_54_02_3655200000"",""revenue_hierarchy"":[""都支出金"",""都補助金"",""民生費補助金（２）"",""障害者日中活動系サービス推進事業補助金"",""障害者日中活動系サービス推進事業（就労系）""],""amount_attribution_status"":""not_available""},{""revenue_detail_id"":""rd_2026_general_revenue_19_06_09_54_06_3655200000"",""revenue_hierarchy"":[""諸収入"",""雑入"",""雑入"",""光熱水費等負担金（２）"",""玉川福祉作業所電気使用料""],""amount_attribution_status"":""not_available""},{""revenue_detail_id"":""rd_2026_general_revenue_19_06_09_54_07_3655200000"",""revenue_hierarchy"":[""諸収入"",""雑入"",""雑入"",""光熱水費等負担金（２）"",""等々力分場電気使用料""],""amount_attribution_status"":""not_available""},{""revenue_detail_id"":""rd_2026_general_revenue_19_06_09_54_48_3655200000"",""revenue_hierarchy"":[""諸収入"",""雑入"",""雑入"",""光熱水費等負担金（２）"",""玉川福祉作業所""],""amount_attribution_status"":""not_available""},{""revenue_detail_id"":""rd_2026_general_revenue_19_06_09_54_57_3655200000"",""revenue_hierarchy"":[""諸収入"",""雑入"",""雑入"",""光熱水費等負担金（２）"",""世田谷福祉作業所""],""amount_attribution_status"":""not_available""},{""revenue_detail_id"":""rd_2026_general_revenue_19_06_09_54_58_3655200000"",""revenue_hierarchy"":[""諸収入"",""雑入"",""雑入"",""光熱水費等負担金（２）"",""梅丘ウッドペッカーの森""],""amount_attribution_status"":""not_available""},{""revenue_detail_id"":""rd_2026_general_revenue_19_06_11_01_84_3655200000"",""revenue_hierarchy"":[""諸収入"",""雑入"",""自立支援給付サービス収入（２）"",""利用者負担金"",""利用者自己負担金（就労系）""],""amount_attribution_status"":""not_available""},{""revenue_detail_id"":""rd_2026_general_revenue_19_06_11_02_26_3655200000"",""revenue_hierarchy"":[""諸収入"",""雑入"",""自立支援給付サービス収入（２）"",""自立支援サービス収入"",""自立支援サービス収入（就労系）""],""amount_attribution_status"":""not_available""},{""revenue_detail_id"":""rd_2026_general_revenue_19_06_12_05_01_3655200000"",""revenue_hierarchy"":[""諸収入"",""雑入"",""雑入（２）"",""光熱水費等負担金（３）"",""烏山福祉作業所""],""amount_attribution_status"":""not_available""}]}","high","approve","B_strong_structural・確信度highの一括承認ルールにより承認"
"bpi_20bda5ffa64d57da79a9eab87134e640078286c06787dabc4ea8f21a6af39a49","保険基盤安定負担金","後期高齢者医療会計","分担金及負担金","広域連合負担金","広域連合分賦金","保健福祉政策部 国保・年金課","1722772","福祉・保健・社会保障を支える行政","supports","公式予算で国民健康保険、後期高齢者医療、介護保険の特別会計に属するため、社会保障に関する行政機能を支える予算事業として整理した。","B_strong_structural","{""matched_rule_id"":""social-insurance-accounts-official-hierarchy"",""budget_item_key"":""2026_latter_stage_elderly_healthcare_expenditure_62_01_01"",""identity_fields"":{""display_program_name"":""保険基盤安定負担金"",""hierarchy"":[""分担金及負担金"",""広域連合負担金"",""広域連合分賦金""],""department_display_name"":""保健福祉政策部 国保・年金課"",""amount_thousand_yen"":1722772},""member_programs"":[{""program_id"":""2026_latter_stage_elderly_healthcare_expenditure_62_01_01_01_05_01"",""major_program_name"":""広域連合負担金"",""budget_program_name"":""保険基盤安定負担金"",""detail_program_name"":""保険基盤安定負担金"",""source_file"":""ippansaisyutu.csv"",""source_row_number"":9604}],""same_budget_item_other_program_names"":[""広域連合事務費負担金"",""広域連合保険料等負担金"",""広域連合療養給付費負担金"",""保険料軽減措置負担金""],""related_revenues"":[{""revenue_detail_id"":""rd_2026_latter_stage_elderly_healthcare_revenue_63_01_01_03_02_3595400000"",""revenue_hierarchy"":[""繰入金"",""一般会計繰入金"",""一般会計繰入金"",""保険基盤安定繰入金"",""広域連合保険料等負担金""],""amount_attribution_status"":""not_available""}]}","high","approve","B_strong_structural・確信度highの一括承認ルールにより承認"
"bpi_a55d19ad94a24877ec56cebf3c061844846b1552ddff6a48ff060c12029518ab","がん検診","一般会計","衛生費","公衆衛生費","成人病予防費","世田谷保健所 健康企画課","1605415","福祉・保健・社会保障を支える行政","supports","公式予算で衛生費に属するため、保健・公衆衛生に関する行政機能を支える予算事業として整理した。","B_strong_structural","{""matched_rule_id"":""public-health-official-hierarchy"",""budget_item_key"":""2026_general_expenditure_05_03_03"",""identity_fields"":{""display_program_name"":""がん検診"",""hierarchy"":[""衛生費"",""公衆衛生費"",""成人病予防費""],""department_display_name"":""世田谷保健所 健康企画課"",""amount_thousand_yen"":1605415},""member_programs"":[{""program_id"":""2026_general_expenditure_05_03_03_01_04_01"",""major_program_name"":""成人病予防事業費"",""budget_program_name"":""がん検診"",""detail_program_name"":""がん検診"",""source_file"":""ippansaisyutu.csv"",""source_row_number"":9883}],""same_budget_item_other_program_names"":[""がん対策"",""肝炎ウイルス検診"",""骨粗しょう症検診"",""歯科保健対策"",""成人健康診査"",""生活習慣病予防対策""],""related_revenues"":[{""revenue_detail_id"":""rd_2026_general_revenue_12_01_03_01_31_3785100000"",""revenue_hierarchy"":[""使用料及手数料"",""使用料"",""衛生使用料"",""保健所"",""大腸がん検診""],""amount_attribution_status"":""not_available""},{""revenue_detail_id"":""rd_2026_general_revenue_12_01_03_02_06_3785100000"",""revenue_hierarchy"":[""使用料及手数料"",""使用料"",""衛生使用料"",""保健センター"",""胃がん検診""],""amount_attribution_status"":""not_available""},{""revenue_detail_id"":""rd_2026_general_revenue_12_01_03_02_07_3785100000"",""revenue_hierarchy"":[""使用料及手数料"",""使用料"",""衛生使用料"",""保健センター"",""乳がん検診""],""amount_attribution_status"":""not_available""},{""revenue_detail_id"":""rd_2026_general_revenue_13_02_03_13_04_3785100000"",""revenue_hierarchy"":[""国庫支出金"",""国庫補助金"",""衛生費補助金"",""健康増進対策費"",""がん検診推進事業""],""amount_attribution_status"":""not_available""},{""revenue_detail_id"":""rd_2026_general_revenue_14_02_02_40_13_3785100000"",""revenue_hierarchy"":[""都支出金"",""都補助金"",""民生費補助金"",""保健医療政策区市町村包括補助事業費"",""がん予防対策事業""],""amount_attribution_status"":""not_available""}]}","high","approve","B_strong_structural・確信度highの一括承認ルールにより承認"
"bpi_cea40e59b2c488d1b3077e33eab699a6aa176875321ffe2aa303e387be5a2959","介護予防サービス給付費","介護保険事業会計","保険給付費","介護予防サービス等諸費","介護予防サービス給付費","高齢福祉部 介護保険課","1338000","福祉・保健・社会保障を支える行政","supports","公式予算で国民健康保険、後期高齢者医療、介護保険の特別会計に属するため、社会保障に関する行政機能を支える予算事業として整理した。","B_strong_structural","{""matched_rule_id"":""social-insurance-accounts-official-hierarchy"",""budget_item_key"":""2026_long_term_care_insurance_expenditure_42_06_01"",""identity_fields"":{""display_program_name"":""介護予防サービス給付費"",""hierarchy"":[""保険給付費"",""介護予防サービス等諸費"",""介護予防サービス給付費""],""department_display_name"":""高齢福祉部 介護保険課"",""amount_thousand_yen"":1338000},""member_programs"":[{""program_id"":""2026_long_term_care_insurance_expenditure_42_06_01_01_01_01"",""major_program_name"":""介護予防サービス給付費"",""budget_program_name"":""介護予防サービス給付費"",""detail_program_name"":""介護予防サービス給付費"",""source_file"":""ippansaisyutu.csv"",""source_row_number"":9665}],""same_budget_item_other_program_names"":[],""related_revenues"":[{""revenue_detail_id"":""rd_2026_long_term_care_insurance_revenue_41_01_01_01_20_3645200000"",""revenue_hierarchy"":[""保険料"",""介護保険料"",""第１号被保険者保険料"",""現年度分特別徴収分"",""介護予防サービス給付費""],""amount_attribution_status"":""not_available""},{""revenue_detail_id"":""rd_2026_long_term_care_insurance_revenue_43_01_01_01_17_3645200000"",""revenue_hierarchy"":[""国庫支出金"",""国庫負担金"",""介護給付費負担金"",""現年度分"",""介護予防サービス給付費""],""amount_attribution_status"":""not_available""},{""revenue_detail_id"":""rd_2026_long_term_care_insurance_revenue_43_02_01_01_17_3645200000"",""revenue_hierarchy"":[""国庫支出金"",""国庫補助金"",""調整交付金"",""現年度分"",""介護予防サービス給付費""],""amount_attribution_status"":""not_available""},{""revenue_detail_id"":""rd_2026_long_term_care_insurance_revenue_44_01_01_01_17_3645200000"",""revenue_hierarchy"":[""支払基金交付金"",""支払基金交付金"",""介護給付費交付金"",""現年度分"",""介護予防サービス給付費""],""amount_attribution_status"":""not_available""},{""revenue_detail_id"":""rd_2026_long_term_care_insurance_revenue_45_01_01_01_17_3645200000"",""revenue_hierarchy"":[""都支出金"",""都負担金"",""介護給付費負担金"",""現年度分"",""介護予防サービス給付費""],""amount_attribution_status"":""not_available""},{""revenue_detail_id"":""rd_2026_long_term_care_insurance_revenue_48_01_01_01_18_3645200000"",""revenue_hierarchy"":[""繰入金"",""一般会計繰入金"",""介護給付費繰入金"",""現年度分"",""介護予防サービス給付費""],""amount_attribution_status"":""not_available""}]}","high","approve","B_strong_structural・確信度highの一括承認ルールにより承認"
"bpi_fc7fb4925f2b99a3ae501dc2856ec0f0f72494b7ae0ef4f4a6473dd400ae4c25","総合事業指定事業者実施サービス等諸費","介護保険事業会計","地域支援事業費","介護予防・日常生活支援総合事業費","介護予防・日常生活支援総合事業費","高齢福祉部 介護保険課","1285437","福祉・保健・社会保障を支える行政","supports","公式予算で国民健康保険、後期高齢者医療、介護保険の特別会計に属するため、社会保障に関する行政機能を支える予算事業として整理した。","B_strong_structural","{""matched_rule_id"":""social-insurance-accounts-official-hierarchy"",""budget_item_key"":""2026_long_term_care_insurance_expenditure_49_03_01"",""identity_fields"":{""display_program_name"":""総合事業指定事業者実施サービス等諸費"",""hierarchy"":[""地域支援事業費"",""介護予防・日常生活支援総合事業費"",""介護予防・日常生活支援総合事業費""],""department_display_name"":""高齢福祉部 介護保険課"",""amount_thousand_yen"":1285437},""member_programs"":[{""program_id"":""2026_long_term_care_insurance_expenditure_49_03_01_01_09_01"",""major_program_name"":""介護予防・日常生活支援総合事業費"",""budget_program_name"":""総合事業指定事業者実施サービス等諸費"",""detail_program_name"":""総合事業指定事業者実施サービス等諸費"",""source_file"":""ippansaisyutu.csv"",""source_row_number"":9683}],""same_budget_item_other_program_names"":[""サービス・活動事業"",""一般介護予防事業"",""高額介護サービス費相当等事業費""],""related_revenues"":[{""revenue_detail_id"":""rd_2026_long_term_care_insurance_revenue_41_01_01_01_64_3645200000"",""revenue_hierarchy"":[""保険料"",""介護保険料"",""第１号被保険者保険料"",""現年度分特別徴収分"",""総合事業指定事業者実施サービス等諸費""],""amount_attribution_status"":""not_available""},{""revenue_detail_id"":""rd_2026_long_term_care_insurance_revenue_43_02_01_01_36_3645200000"",""revenue_hierarchy"":[""国庫支出金"",""国庫補助金"",""調整交付金"",""現年度分"",""総合事業指定事業者実施サービス等諸費（調整）""],""amount_attribution_status"":""not_available""},{""revenue_detail_id"":""rd_2026_long_term_care_insurance_revenue_43_02_14_01_13_3645200000"",""revenue_hierarchy"":[""国庫支出金"",""国庫補助金"",""地域支援事業交付金（介護予防・日常生活支援総合事業）"",""現年度分"",""総合事業指定事業者実施サービス等諸費（地域支援）""],""amount_attribution_status"":""not_available""},{""revenue_detail_id"":""rd_2026_long_term_care_insurance_revenue_44_01_03_01_09_3645200000"",""revenue_hierarchy"":[""支払基金交付金"",""支払基金交付金"",""地域支援事業支援交付金（介護予防・日常生活支援総合事業）"",""現年度分"",""総合事業指定事業者実施サービス等諸費""],""amount_attribution_status"":""not_available""},{""revenue_detail_id"":""rd_2026_long_term_care_insurance_revenue_45_03_08_01_09_3645200000"",""revenue_hierarchy"":[""都支出金"",""都補助金"",""地域支援事業交付金（介護予防・日常生活支援総合事業）"",""現年度分"",""総合事業指定事業者実施サービス等諸費""],""amount_attribution_status"":""not_available""},{""revenue_detail_id"":""rd_2026_long_term_care_insurance_revenue_48_01_05_01_10_3645200000"",""revenue_hierarchy"":[""繰入金"",""一般会計繰入金"",""地域支援事業繰入金（介護予防・日常生活支援総合事業）"",""現年度分"",""総合事業指定事業者実施サービス等諸費""],""amount_attribution_status"":""not_available""}]}","high","approve","B_strong_structural・確信度highの一括承認ルールにより承認"
"bpi_0c682bc161ab72104116c54b21aa13f921c1b265e7d80cba018b68f9b459f5a8","高齢者新型コロナ予防接種","一般会計","衛生費","公衆衛生費","感染症予防費","世田谷保健所 感染症対策課","1104474","福祉・保健・社会保障を支える行政","supports","公式予算で衛生費に属するため、保健・公衆衛生に関する行政機能を支える予算事業として整理した。","B_strong_structural","{""matched_rule_id"":""public-health-official-hierarchy"",""budget_item_key"":""2026_general_expenditure_05_03_07"",""identity_fields"":{""display_program_name"":""高齢者新型コロナ予防接種"",""hierarchy"":[""衛生費"",""公衆衛生費"",""感染症予防費""],""department_display_name"":""世田谷保健所 感染症対策課"",""amount_thousand_yen"":1104474},""member_programs"":[{""program_id"":""2026_general_expenditure_05_03_07_02_10_01"",""major_program_name"":""感染症予防事業費"",""budget_program_name"":""高齢者新型コロナ予防接種"",""detail_program_name"":""高齢者新型コロナ予防接種"",""source_file"":""ippansaisyutu.csv"",""source_row_number"":9922}],""same_budget_item_other_program_names"":[""おたふくかぜ予防接種助成"",""感染症対策"",""結核対策"",""高齢者インフルエンザ予防接種"",""高齢者肺炎球菌予防接種"",""子どもインフルエンザ予防接種助成"",""帯状疱疹予防接種助成"",""男性ＨＰＶ予防接種助成"",""定期及臨時予防接種"",""難病・被爆者対策"",""風しん抗体検査・予防接種""],""related_revenues"":[{""revenue_detail_id"":""rd_2026_general_revenue_13_01_02_11_06_3785250000"",""revenue_hierarchy"":[""国庫支出金"",""国庫負担金"",""衛生費負担金"",""新型コロナウイルスワクチン接種事業"",""新型コロナウイルス予防接種健康被害給付費負担金""],""amount_attribution_status"":""not_available""},{""revenue_detail_id"":""rd_2026_general_revenue_19_04_04_04_06_3785250000"",""revenue_hierarchy"":[""諸収入"",""受託事業収入"",""衛生費受託収入"",""感染症予防費"",""高齢者新型コロナ予防接種受託事業収入""],""amount_attribution_status"":""not_available""}]}","high","approve","B_strong_structural・確信度highの一括承認ルールにより承認"
"bpi_35a98f3e5aa23b40f77185a7f06cf0792f8a3d7e2542fbc27542997cfe8314d9","国民健康保険事業管理運営","国民健康保険事業会計","総務費","総務管理費","一般管理費","保健福祉政策部 国保・年金課","895408","福祉・保健・社会保障を支える行政","supports","公式予算で国民健康保険、後期高齢者医療、介護保険の特別会計に属するため、社会保障に関する行政機能を支える予算事業として整理した。","B_strong_structural","{""matched_rule_id"":""social-insurance-accounts-official-hierarchy"",""budget_item_key"":""2026_national_health_insurance_expenditure_21_01_01"",""identity_fields"":{""display_program_name"":""国民健康保険事業管理運営"",""hierarchy"":[""総務費"",""総務管理費"",""一般管理費""],""department_display_name"":""保健福祉政策部 国保・年金課"",""amount_thousand_yen"":895408},""member_programs"":[{""program_id"":""2026_national_health_insurance_expenditure_21_01_01_01_01_01"",""major_program_name"":""国民健康保険事業運営費"",""budget_program_name"":""国民健康保険事業管理運営"",""detail_program_name"":""国民健康保険事業管理運営"",""source_file"":""ippansaisyutu.csv"",""source_row_number"":9575}],""same_budget_item_other_program_names"":[""保険料滞納整理""],""related_revenues"":[{""revenue_detail_id"":""rd_2026_national_health_insurance_revenue_23_01_01_01_01_3595400000"",""revenue_hierarchy"":[""使用料及手数料"",""手数料"",""総務手数料"",""総務手数料"",""保険料納付済等証明手数料""],""amount_attribution_status"":""not_available""},{""revenue_detail_id"":""rd_2026_national_health_insurance_revenue_26_02_03_02_02_3595400000"",""revenue_hierarchy"":[""都支出金"",""都補助金"",""保険給付費等交付金"",""特別交付金"",""特別調整交付金（国民健康保険事業管理運営）""],""amount_attribution_status"":""not_available""},{""revenue_detail_id"":""rd_2026_national_health_insurance_revenue_26_02_03_02_08_3595400000"",""revenue_hierarchy"":[""都支出金"",""都補助金"",""保険給付費等交付金"",""特別交付金"",""都繰入金２号分（国民健康保険事業管理運営）""],""amount_attribution_status"":""not_available""},{""revenue_detail_id"":""rd_2026_national_health_insurance_revenue_27_01_01_04_02_3595400000"",""revenue_hierarchy"":[""繰入金"",""一般会計繰入金"",""一般会計繰入金"",""職員給与費等繰入金"",""一般管理""],""amount_attribution_status"":""not_available""},{""revenue_detail_id"":""rd_2026_national_health_insurance_revenue_29_02_01_01_01_3595400000"",""revenue_hierarchy"":[""諸収入"",""特別区預金利子"",""特別区預金利子"",""特別区預金利子"",""預金利子収入""],""amount_attribution_status"":""not_available""},{""revenue_detail_id"":""rd_2026_national_health_insurance_revenue_29_03_06_02_01_3595400000"",""revenue_hierarchy"":[""諸収入"",""雑入"",""雑入"",""滞納処分費"",""滞納処分費""],""amount_attribution_status"":""not_available""}]}","high","approve","B_strong_structural・確信度highの一括承認ルールにより承認"
"bpi_d61daf79353f3f19f6f1052baa04cb594662427887ed92f6af0f909f54216ea4","母子保健知識等の普及と啓発","一般会計","衛生費","公衆衛生費","母子保健費","世田谷保健所 健康推進課","890133","福祉・保健・社会保障を支える行政","supports","公式予算で衛生費に属するため、保健・公衆衛生に関する行政機能を支える予算事業として整理した。","B_strong_structural","{""matched_rule_id"":""public-health-official-hierarchy"",""budget_item_key"":""2026_general_expenditure_05_03_05"",""identity_fields"":{""display_program_name"":""母子保健知識等の普及と啓発"",""hierarchy"":[""衛生費"",""公衆衛生費"",""母子保健費""],""department_display_name"":""世田谷保健所 健康推進課"",""amount_thousand_yen"":890133},""member_programs"":[{""program_id"":""2026_general_expenditure_05_03_05_01_09_01"",""major_program_name"":""母子保健指導事業費"",""budget_program_name"":""母子保健知識等の普及と啓発"",""detail_program_name"":""母子保健知識等の普及と啓発"",""source_file"":""ippansaisyutu.csv"",""source_row_number"":9904}],""same_budget_item_other_program_names"":[""アレルギー疾患相談"",""リプロダクティブ・ヘルス／ライツの周知啓発"",""育児不安・児童虐待防止対策"",""小児慢性特定疾病医療費給付"",""地域と連携した両親学級の充実"",""乳児期家庭（新生児）訪問事業"",""乳幼児健康診査"",""乳幼児歯科健康診査"",""妊産婦及び乳幼児への栄養・食生活支援事業"",""妊産婦及び乳幼児健康診査"",""妊婦健康診査"",""保健福祉センター乳幼児健康診査"",""保健福祉センター乳幼児歯科健康診査"",""未熟児等に対する医療費公費負担""],""related_revenues"":[{""revenue_detail_id"":""rd_2026_general_revenue_13_02_01_78_32_3785200000"",""revenue_hierarchy"":[""国庫支出金"",""国庫補助金"",""民生費補助金"",""重層的支援体制整備事業"",""利用者支援事業（こども家庭センター型）""],""amount_attribution_status"":""not_available""},{""revenue_detail_id"":""rd_2026_general_revenue_13_02_03_24_01_3785200000"",""revenue_hierarchy"":[""国庫支出金"",""国庫補助金"",""衛生費補助金"",""妊婦のための支援給付交付金"",""妊婦のための支援給付金""],""amount_attribution_status"":""not_available""},{""revenue_detail_id"":""rd_2026_general_revenue_13_02_03_25_01_3785200000"",""revenue_hierarchy"":[""国庫支出金"",""国庫補助金"",""衛生費補助金"",""妊婦のための支援給付事業"",""妊婦のための支援給付事業""],""amount_attribution_status"":""not_available""},{""revenue_detail_id"":""rd_2026_general_revenue_14_02_02_40_62_3785200000"",""revenue_hierarchy"":[""都支出金"",""都補助金"",""民生費補助金"",""保健医療政策区市町村包括補助事業費"",""思春期から更年期までの母性保健向上事業""],""amount_attribution_status"":""not_available""},{""revenue_detail_id"":""rd_2026_general_revenue_14_02_02_68_78_3785200000"",""revenue_hierarchy"":[""都支出金"",""都補助金"",""民生費補助金"",""子供家庭支援区市町村包括補助事業"",""子供手帳モデル活用支援事業""],""amount_attribution_status"":""not_available""},{""revenue_detail_id"":""rd_2026_general_revenue_14_02_02_98_04_3785200000"",""revenue_hierarchy"":[""都支出金"",""都補助金"",""民生費補助金"",""出産・子育て応援事業"",""育児パッケージ""],""amount_attribution_status"":""not_available""},{""revenue_detail_id"":""rd_2026_general_revenue_14_02_08_10_01_3785200000"",""revenue_hierarchy"":[""都支出金"",""都補助金"",""民生費補助金（２）"",""とうきょうママパパ応援事業"",""必須事業""],""amount_attribution_status"":""not_available""},{""revenue_detail_id"":""rd_2026_general_revenue_14_02_08_16_26_3785200000"",""revenue_hierarchy"":[""都支出金"",""都補助金"",""民生費補助金（２）"",""重層的支援体制整備事業"",""利用者支援事業（こども家庭センター型）""],""amount_attribution_status"":""not_available""}]}","high","approve","B_strong_structural・確信度highの一括承認ルールにより承認"
"bpi_f340c8d2add0c8aa5453fdc636d4baf00a4ce17827b8256ff3ba7d88891a0391","妊産婦及び乳幼児健康診査","一般会計","衛生費","公衆衛生費","母子保健費","世田谷保健所 健康推進課","825715","福祉・保健・社会保障を支える行政","supports","公式予算で衛生費に属するため、保健・公衆衛生に関する行政機能を支える予算事業として整理した。","B_strong_structural","{""matched_rule_id"":""public-health-official-hierarchy"",""budget_item_key"":""2026_general_expenditure_05_03_05"",""identity_fields"":{""display_program_name"":""妊産婦及び乳幼児健康診査"",""hierarchy"":[""衛生費"",""公衆衛生費"",""母子保健費""],""department_display_name"":""世田谷保健所 健康推進課"",""amount_thousand_yen"":825715},""member_programs"":[{""program_id"":""2026_general_expenditure_05_03_05_01_19_01"",""major_program_name"":""母子保健指導事業費"",""budget_program_name"":""妊産婦及び乳幼児健康診査"",""detail_program_name"":""妊産婦及び乳幼児健康診査"",""source_file"":""ippansaisyutu.csv"",""source_row_number"":9911}],""same_budget_item_other_program_names"":[""アレルギー疾患相談"",""リプロダクティブ・ヘルス／ライツの周知啓発"",""育児不安・児童虐待防止対策"",""小児慢性特定疾病医療費給付"",""地域と連携した両親学級の充実"",""乳児期家庭（新生児）訪問事業"",""乳幼児健康診査"",""乳幼児歯科健康診査"",""妊産婦及び乳幼児への栄養・食生活支援事業"",""妊婦健康診査"",""保健福祉センター乳幼児健康診査"",""保健福祉センター乳幼児歯科健康診査"",""母子保健知識等の普及と啓発"",""未熟児等に対する医療費公費負担""],""related_revenues"":[{""revenue_detail_id"":""rd_2026_general_revenue_13_02_03_18_09_3785200000"",""revenue_hierarchy"":[""国庫支出金"",""国庫補助金"",""衛生費補助金"",""母子保健衛生費"",""母子保健対策強化事業""],""amount_attribution_status"":""not_available""},{""revenue_detail_id"":""rd_2026_general_revenue_13_02_03_18_10_3785200000"",""revenue_hierarchy"":[""国庫支出金"",""国庫補助金"",""衛生費補助金"",""母子保健衛生費"",""多胎妊娠の妊婦健康診査支援事業""],""amount_attribution_status"":""not_available""},{""revenue_detail_id"":""rd_2026_general_revenue_13_02_03_18_11_3785200000"",""revenue_hierarchy"":[""国庫支出金"",""国庫補助金"",""衛生費補助金"",""母子保健衛生費"",""産婦健康診査事業""],""amount_attribution_status"":""not_available""},{""revenue_detail_id"":""rd_2026_general_revenue_14_02_04_19_02_3785200000"",""revenue_hierarchy"":[""都支出金"",""都補助金"",""衛生費補助金"",""東京都妊婦健康診査事業費"",""妊婦健康診査事業費""],""amount_attribution_status"":""not_available""},{""revenue_detail_id"":""rd_2026_general_revenue_14_02_08_10_14_3785200000"",""revenue_hierarchy"":[""都支出金"",""都補助金"",""民生費補助金（２）"",""とうきょうママパパ応援事業"",""多胎児家庭支援事業""],""amount_attribution_status"":""not_available""},{""revenue_detail_id"":""rd_2026_general_revenue_14_02_08_10_15_3785200000"",""revenue_hierarchy"":[""都支出金"",""都補助金"",""民生費補助金（２）"",""とうきょうママパパ応援事業"",""産婦健康診査事業""],""amount_attribution_status"":""not_available""}]}","high","approve","B_strong_structural・確信度highの一括承認ルールにより承認"
"bpi_fabc62a0603f939b300f7b62117b8c8b67877b9e9f9b8982b0d302f77372bfd4","特定健康診査等事業費","国民健康保険事業会計","保健事業費","特定健康診査等事業費","特定健康診査等事業費","保健福祉政策部 国保・年金課","813676","福祉・保健・社会保障を支える行政","supports","公式予算で国民健康保険、後期高齢者医療、介護保険の特別会計に属するため、社会保障に関する行政機能を支える予算事業として整理した。","B_strong_structural","{""matched_rule_id"":""social-insurance-accounts-official-hierarchy"",""budget_item_key"":""2026_national_health_insurance_expenditure_25_02_01"",""identity_fields"":{""display_program_name"":""特定健康診査等事業費"",""hierarchy"":[""保健事業費"",""特定健康診査等事業費"",""特定健康診査等事業費""],""department_display_name"":""保健福祉政策部 国保・年金課"",""amount_thousand_yen"":813676},""member_programs"":[{""program_id"":""2026_national_health_insurance_expenditure_25_02_01_01_01_01"",""major_program_name"":""特定健康診査等事業費"",""budget_program_name"":""特定健康診査等事業費"",""detail_program_name"":""特定健康診査等事業費"",""source_file"":""ippansaisyutu.csv"",""source_row_number"":9590}],""same_budget_item_other_program_names"":[],""related_revenues"":[{""revenue_detail_id"":""rd_2026_national_health_insurance_revenue_21_01_01_01_09_3595400000"",""revenue_hierarchy"":[""国民健康保険料"",""国民健康保険料"",""国民健康保険料"",""医療給付費分現年分"",""特定健康診査等事業費""],""amount_attribution_status"":""not_available""},{""revenue_detail_id"":""rd_2026_national_health_insurance_revenue_26_02_03_02_07_3595400000"",""revenue_hierarchy"":[""都支出金"",""都補助金"",""保険給付費等交付金"",""特別交付金"",""特別調整交付金（特定健康診査等事業費）""],""amount_attribution_status"":""not_available""},{""revenue_detail_id"":""rd_2026_national_health_insurance_revenue_26_02_03_02_14_3595400000"",""revenue_hierarchy"":[""都支出金"",""都補助金"",""保険給付費等交付金"",""特別交付金"",""特定健診等負担金""],""amount_attribution_status"":""not_available""},{""revenue_detail_id"":""rd_2026_national_health_insurance_revenue_26_02_03_02_20_3595400000"",""revenue_hierarchy"":[""都支出金"",""都補助金"",""保険給付費等交付金"",""特別交付金"",""保険者努力支援分（特定健康診査等事業費）""],""amount_attribution_status"":""not_available""},{""revenue_detail_id"":""rd_2026_national_health_insurance_revenue_27_01_01_01_40_3595400000"",""revenue_hierarchy"":[""繰入金"",""一般会計繰入金"",""一般会計繰入金"",""その他一般会計繰入金"",""特定健康診査等事業費""],""amount_attribution_status"":""not_available""}]}","high","approve","B_strong_structural・確信度highの一括承認ルールにより承認"
"bpi_f586cb98a3bb509419c17391b9222e7e5cd1f5a59060137be7c4d7672456e852","国民健康保険事業会計関係事務従事職員の人件費","国民健康保険事業会計","職員費","職員費","職員費","総務部 人事課","766488","福祉・保健・社会保障を支える行政","supports","公式予算で国民健康保険、後期高齢者医療、介護保険の特別会計に属するため、社会保障に関する行政機能を支える予算事業として整理した。","B_strong_structural","{""matched_rule_id"":""social-insurance-accounts-official-hierarchy"",""budget_item_key"":""2026_national_health_insurance_expenditure_26_01_01"",""identity_fields"":{""display_program_name"":""国民健康保険事業会計関係事務従事職員の人件費"",""hierarchy"":[""職員費"",""職員費"",""職員費""],""department_display_name"":""総務部 人事課"",""amount_thousand_yen"":766488},""member_programs"":[{""program_id"":""2026_national_health_insurance_expenditure_26_01_01_01_01_26"",""major_program_name"":""国民健康保険事業従事職員の人件費"",""budget_program_name"":""国民健康保険事業会計関係事務従事職員の人件費"",""detail_program_name"":""国民健康保険事業会計関係事務従事職員の人件費"",""source_file"":""ippansaisyutu.csv"",""source_row_number"":9310}],""same_budget_item_other_program_names"":[""会計年度任用職員の人件費（保健福祉政策部）"",""国民健康保険事業会計関係職員の人件費""],""related_revenues"":[{""revenue_detail_id"":""rd_2026_national_health_insurance_revenue_27_01_01_04_01_3595400000"",""revenue_hierarchy"":[""繰入金"",""一般会計繰入金"",""一般会計繰入金"",""職員給与費等繰入金"",""職員給与費""],""amount_attribution_status"":""not_available""},{""revenue_detail_id"":""rd_2026_national_health_insurance_revenue_29_03_05_01_03_3205500000"",""revenue_hierarchy"":[""諸収入"",""雑入"",""納付金"",""納付金"",""再任用職員社会保険料""],""amount_attribution_status"":""not_available""},{""revenue_detail_id"":""rd_2026_national_health_insurance_revenue_29_04_01_02_01_3205500000"",""revenue_hierarchy"":[""諸収入"",""受託事業収入"",""特定健康診査等受託料"",""保健事業費受託料"",""職員給与費（保健事業費受託事業収入）""],""amount_attribution_status"":""not_available""}]}","high","approve","B_strong_structural・確信度highの一括承認ルールにより承認"
"bpi_8c02ca57d651706c0a5f6891941a9b091145605f2a62e7a880e18ac876a5fda9","自立支援医療","一般会計","民生費","社会福祉費","障害者福祉費","障害福祉部 障害施策課","732745","福祉・保健・社会保障を支える行政","supports","公式予算で民生費の社会福祉費または生活保護費に属するため、福祉・社会保障に関する行政機能を支える予算事業として整理した。これはみらい議会の探索用整理であり、区の公式な課題分類ではない。","B_strong_structural","{""matched_rule_id"":""social-welfare-official-hierarchy"",""budget_item_key"":""2026_general_expenditure_03_01_03"",""identity_fields"":{""display_program_name"":""自立支援医療"",""hierarchy"":[""民生費"",""社会福祉費"",""障害者福祉費""],""department_display_name"":""障害福祉部 障害施策課"",""amount_thousand_yen"":732745},""member_programs"":[{""program_id"":""2026_general_expenditure_03_01_03_06_03_01"",""major_program_name"":""障害者総合支援法等に基づく支援・給付"",""budget_program_name"":""自立支援医療"",""detail_program_name"":""自立支援医療"",""source_file"":""ippansaisyutu.csv"",""source_row_number"":9733}],""same_budget_item_other_program_names"":[""介護者リフレッシュ"",""基幹相談支援センター事業運営"",""技術支援（児童福祉施設）事業運営"",""更生訓練費助成"",""重度脳性麻痺者介護人派遣"",""障害児入所給付費"",""障害者おむつ支給"",""障害者グループホーム事業等助成"",""障害者コミュニケーションサービス"",""障害者ホームヘルパー等派遣"",""障害者虐待防止推進事業"",""障害者緊急介護人派遣"",""障害者自動車利用支援"",""障害者自立支援給付"",""障害者寝具乾燥・訪問理美容サービス"",""障害者親亡きあと対策"",""障害者設備改善費給付"",""障害者専門相談事業運営"",""障害者相談支援"",""障害者団体活動支援"",""障害者団体支援"",""障害者日常生活用具等給付"",""障害者入浴サービス"",""障害者配食サービス"",""障害者福祉手当"",""障害理解促進"",""身体障害者及知的障害者相談員活動"",""精神障害者ピアサポート支援事業"",""精神保健福祉団体連携事業"",""地域生活支援拠点等整備事業"",""乳幼児育成相談事業運営"",""被爆者見舞金"",""補装具給付"",""民間空襲等被害者見舞金支給""],""related_revenues"":[{""revenue_detail_id"":""rd_2026_general_revenue_13_01_01_08_19_3655100000"",""revenue_hierarchy"":[""国庫支出金"",""国庫負担金"",""民生費負担金"",""障害福祉サービス費等"",""自立支援医療（更生医療）""],""amount_attribution_status"":""not_available""},{""revenue_detail_id"":""rd_2026_general_revenue_14_01_01_07_19_3655100000"",""revenue_hierarchy"":[""都支出金"",""都負担金"",""民生費負担金"",""障害福祉サービス費等"",""自立支援医療（更生医療）""],""amount_attribution_status"":""not_available""}]}","high","approve","B_strong_structural・確信度highの一括承認ルールにより承認"
"bpi_4bf6a4b7dc1193b7912000d17491a175e96d19dc6e40e9d646a58acdb6e07378","地域包括支援センター運営委託","一般会計","民生費","社会福祉費","高齢者福祉費","高齢福祉部 介護予防・支援課","717231","福祉・保健・社会保障を支える行政","supports","公式予算で民生費の社会福祉費または生活保護費に属するため、福祉・社会保障に関する行政機能を支える予算事業として整理した。これはみらい議会の探索用整理であり、区の公式な課題分類ではない。","B_strong_structural","{""matched_rule_id"":""social-welfare-official-hierarchy"",""budget_item_key"":""2026_general_expenditure_03_01_02"",""identity_fields"":{""display_program_name"":""地域包括支援センター運営委託"",""hierarchy"":[""民生費"",""社会福祉費"",""高齢者福祉費""],""department_display_name"":""高齢福祉部 介護予防・支援課"",""amount_thousand_yen"":717231},""member_programs"":[{""program_id"":""2026_general_expenditure_03_01_02_08_01_01"",""major_program_name"":""重層的支援体制整備事業費"",""budget_program_name"":""地域包括支援センター運営委託"",""detail_program_name"":""地域包括支援センター運営委託"",""source_file"":""ippansaisyutu.csv"",""source_row_number"":9691}],""same_budget_item_other_program_names"":[""あんしん見守り事業"",""シニアボランティアポイント事業"",""ひとりぐらし高齢者の安全確保"",""ひとりぐらし高齢者見守り機器補助事業"",""ひとりぐらし高齢者等状況把握"",""一時生活援助施設運営"",""一般介護予防事業"",""介護予防施策推進事業"",""慶祝事業"",""高齢者おむつ支給"",""高齢者コミュニケーションサービス"",""高齢者スマートフォン購入費助成"",""高齢者はり・灸・マッサージサービス"",""高齢者会食サービス"",""高齢者在宅サービスセンター維持管理"",""高齢者住宅改修助成"",""高齢者寝具乾燥・訪問理美容サービス"",""高齢者補聴器購入費助成"",""支えあいミニデイ支援の推進"",""生活支援体制整備事業"",""生計困難者負担軽減事業"",""地域包括支援センター事務委託"",""地域包括支援センター障害者・子育て家庭等相談事業"",""地域包括支援センター認知症社会参加推進事業"",""認知症在宅生活サポートセンター認知症社会参加推進事業"",""認知症施策運営事業"",""福祉緊急対応"",""民生委員ふれあい訪問"",""養護老人ホーム入所措置""],""related_revenues"":[{""revenue_detail_id"":""rd_2026_general_revenue_13_02_01_78_16_3645300000"",""revenue_hierarchy"":[""国庫支出金"",""国庫補助金"",""民生費補助金"",""重層的支援体制整備事業"",""地域包括支援センター運営""],""amount_attribution_status"":""not_available""},{""revenue_detail_id"":""rd_2026_general_revenue_14_02_08_16_12_3645300000"",""revenue_hierarchy"":[""都支出金"",""都補助金"",""民生費補助金（２）"",""重層的支援体制整備事業"",""地域包括支援センター運営委託""],""amount_attribution_status"":""not_available""},{""revenue_detail_id"":""rd_2026_general_revenue_17_02_03_01_01_3645300000"",""revenue_hierarchy"":[""繰入金"",""特別会計繰入金"",""介護保険事業会計繰入金"",""重層的支援体制整備事業繰入金"",""地域包括支援センター運営委託""],""amount_attribution_status"":""not_available""}]}","high","approve","B_strong_structural・確信度highの一括承認ルールにより承認"
"bpi_084b679295a96cdee7ccb9fb066fdb50117a510c79a09bb20297125f0f9df9d1","後期高齢者健康診査","後期高齢者医療会計","保健事業費","保健事業費","健康診査費","保健福祉政策部 国保・年金課","667092","福祉・保健・社会保障を支える行政","supports","公式予算で国民健康保険、後期高齢者医療、介護保険の特別会計に属するため、社会保障に関する行政機能を支える予算事業として整理した。","B_strong_structural","{""matched_rule_id"":""social-insurance-accounts-official-hierarchy"",""budget_item_key"":""2026_latter_stage_elderly_healthcare_expenditure_63_01_01"",""identity_fields"":{""display_program_name"":""後期高齢者健康診査"",""hierarchy"":[""保健事業費"",""保健事業費"",""健康診査費""],""department_display_name"":""保健福祉政策部 国保・年金課"",""amount_thousand_yen"":667092},""member_programs"":[{""program_id"":""2026_latter_stage_elderly_healthcare_expenditure_63_01_01_01_01_01"",""major_program_name"":""後期高齢者健康診査"",""budget_program_name"":""後期高齢者健康診査"",""detail_program_name"":""後期高齢者健康診査"",""source_file"":""ippansaisyutu.csv"",""source_row_number"":9605}],""same_budget_item_other_program_names"":[],""related_revenues"":[{""revenue_detail_id"":""rd_2026_latter_stage_elderly_healthcare_revenue_63_01_01_01_05_3595400000"",""revenue_hierarchy"":[""繰入金"",""一般会計繰入金"",""一般会計繰入金"",""職員給与費等繰入金"",""一般管理（健康診査）""],""amount_attribution_status"":""not_available""},{""revenue_detail_id"":""rd_2026_latter_stage_elderly_healthcare_revenue_63_01_01_05_01_3595400000"",""revenue_hierarchy"":[""繰入金"",""一般会計繰入金"",""一般会計繰入金"",""健康診査費繰入金"",""後期高齢者健康診査""],""amount_attribution_status"":""not_available""},{""revenue_detail_id"":""rd_2026_latter_stage_elderly_healthcare_revenue_65_04_01_01_01_3595400000"",""revenue_hierarchy"":[""諸収入"",""受託事業収入"",""受託事業収入"",""健康診査費受託事業収入"",""後期高齢者健康診査""],""amount_attribution_status"":""not_available""},{""revenue_detail_id"":""rd_2026_latter_stage_elderly_healthcare_revenue_65_05_01_03_03_3595400000"",""revenue_hierarchy"":[""諸収入"",""雑入"",""雑入"",""広域連合特別交付金"",""区市町村支援事業補助金""],""amount_attribution_status"":""not_available""}]}","high","approve","B_strong_structural・確信度highの一括承認ルールにより承認"
"bpi_86ed640544a0107a3f8db515cb0840321c7ce3f9f785c5cdd1faae0ae6e67219","子ども・子育て支援金分納付金","国民健康保険事業会計","国民健康保険事業費納付金","子ども・子育て支援金分","子ども・子育て支援金分","保健福祉政策部 国保・年金課","666142","福祉・保健・社会保障を支える行政","supports","公式予算で国民健康保険、後期高齢者医療、介護保険の特別会計に属するため、社会保障に関する行政機能を支える予算事業として整理した。","B_strong_structural","{""matched_rule_id"":""social-insurance-accounts-official-hierarchy"",""budget_item_key"":""2026_national_health_insurance_expenditure_32_04_01"",""identity_fields"":{""display_program_name"":""子ども・子育て支援金分納付金"",""hierarchy"":[""国民健康保険事業費納付金"",""子ども・子育て支援金分"",""子ども・子育て支援金分""],""department_display_name"":""保健福祉政策部 国保・年金課"",""amount_thousand_yen"":666142},""member_programs"":[{""program_id"":""2026_national_health_insurance_expenditure_32_04_01_01_01_01"",""major_program_name"":""子ども・子育て支援金分"",""budget_program_name"":""子ども・子育て支援金分納付金"",""detail_program_name"":""子ども・子育て支援金分納付金"",""source_file"":""ippansaisyutu.csv"",""source_row_number"":9595}],""same_budget_item_other_program_names"":[],""related_revenues"":[{""revenue_detail_id"":""rd_2026_national_health_insurance_revenue_21_01_01_10_01_3595400000"",""revenue_hierarchy"":[""国民健康保険料"",""国民健康保険料"",""国民健康保険料"",""子ども・子育て支援金分現年分"",""子ども・子育て支援金分（納付金）""],""amount_attribution_status"":""not_available""},{""revenue_detail_id"":""rd_2026_national_health_insurance_revenue_21_01_01_12_01_3595400000"",""revenue_hierarchy"":[""国民健康保険料"",""国民健康保険料"",""国民健康保険料"",""子ども・子育て支援金分現年分特別徴収分"",""子ども・子育て支援金分（納付金）""],""amount_attribution_status"":""not_available""},{""revenue_detail_id"":""rd_2026_national_health_insurance_revenue_27_01_01_01_52_3595400000"",""revenue_hierarchy"":[""繰入金"",""一般会計繰入金"",""一般会計繰入金"",""その他一般会計繰入金"",""子ども・子育て支援金分（納付金）""],""amount_attribution_status"":""not_available""},{""revenue_detail_id"":""rd_2026_national_health_insurance_revenue_27_01_01_05_07_3595400000"",""revenue_hierarchy"":[""繰入金"",""一般会計繰入金"",""一般会計繰入金"",""保険基盤安定繰入金（保険料軽減分）"",""子ども・子育て支援金分（納付金）""],""amount_attribution_status"":""not_available""},{""revenue_detail_id"":""rd_2026_national_health_insurance_revenue_27_01_01_06_07_3595400000"",""revenue_hierarchy"":[""繰入金"",""一般会計繰入金"",""一般会計繰入金"",""保険基盤安定繰入金（保険者支援分）"",""子ども・子育て支援金分（納付金）""],""amount_attribution_status"":""not_available""},{""revenue_detail_id"":""rd_2026_national_health_insurance_revenue_27_01_01_08_03_3595400000"",""revenue_hierarchy"":[""繰入金"",""一般会計繰入金"",""一般会計繰入金"",""未就学児均等割保険料繰入金"",""子ども・子育て支援金分（納付金）""],""amount_attribution_status"":""not_available""},{""revenue_detail_id"":""rd_2026_national_health_insurance_revenue_27_01_01_09_04_3595400000"",""revenue_hierarchy"":[""繰入金"",""一般会計繰入金"",""一般会計繰入金"",""産前産後保険料繰入金"",""子ども・子育て支援金分（納付金）""],""amount_attribution_status"":""not_available""}]}","high","approve","B_strong_structural・確信度highの一括承認ルールにより承認"
"bpi_f73c271d300f4539809d071a45f12f902db41177ffa2470ba070fb55f01418c4","特定入所者介護サービス費","介護保険事業会計","保険給付費","特定入所者介護サービス等費","特定入所者介護サービス費","高齢福祉部 介護保険課","665690","福祉・保健・社会保障を支える行政","supports","公式予算で国民健康保険、後期高齢者医療、介護保険の特別会計に属するため、社会保障に関する行政機能を支える予算事業として整理した。","B_strong_structural","{""matched_rule_id"":""social-insurance-accounts-official-hierarchy"",""budget_item_key"":""2026_long_term_care_insurance_expenditure_42_07_01"",""identity_fields"":{""display_program_name"":""特定入所者介護サービス費"",""hierarchy"":[""保険給付費"",""特定入所者介護サービス等費"",""特定入所者介護サービス費""],""department_display_name"":""高齢福祉部 介護保険課"",""amount_thousand_yen"":665690},""member_programs"":[{""program_id"":""2026_long_term_care_insurance_expenditure_42_07_01_01_01_01"",""major_program_name"":""特定入所者介護サービス費"",""budget_program_name"":""特定入所者介護サービス費"",""detail_program_name"":""特定入所者介護サービス費"",""source_file"":""ippansaisyutu.csv"",""source_row_number"":9670}],""same_budget_item_other_program_names"":[],""related_revenues"":[{""revenue_detail_id"":""rd_2026_long_term_care_insurance_revenue_41_01_01_01_18_3645200000"",""revenue_hierarchy"":[""保険料"",""介護保険料"",""第１号被保険者保険料"",""現年度分特別徴収分"",""特定入所者介護サービス費""],""amount_attribution_status"":""not_available""},{""revenue_detail_id"":""rd_2026_long_term_care_insurance_revenue_43_01_01_01_15_3645200000"",""revenue_hierarchy"":[""国庫支出金"",""国庫負担金"",""介護給付費負担金"",""現年度分"",""特定入所者介護サービス費""],""amount_attribution_status"":""not_available""},{""revenue_detail_id"":""rd_2026_long_term_care_insurance_revenue_43_02_01_01_15_3645200000"",""revenue_hierarchy"":[""国庫支出金"",""国庫補助金"",""調整交付金"",""現年度分"",""特定入所者介護サービス費""],""amount_attribution_status"":""not_available""},{""revenue_detail_id"":""rd_2026_long_term_care_insurance_revenue_44_01_01_01_15_3645200000"",""revenue_hierarchy"":[""支払基金交付金"",""支払基金交付金"",""介護給付費交付金"",""現年度分"",""特定入所者介護サービス費""],""amount_attribution_status"":""not_available""},{""revenue_detail_id"":""rd_2026_long_term_care_insurance_revenue_45_01_01_01_15_3645200000"",""revenue_hierarchy"":[""都支出金"",""都負担金"",""介護給付費負担金"",""現年度分"",""特定入所者介護サービス費""],""amount_attribution_status"":""not_available""},{""revenue_detail_id"":""rd_2026_long_term_care_insurance_revenue_48_01_01_01_16_3645200000"",""revenue_hierarchy"":[""繰入金"",""一般会計繰入金"",""介護給付費繰入金"",""現年度分"",""特定入所者介護サービス費""],""amount_attribution_status"":""not_available""}]}","high","approve","B_strong_structural・確信度highの一括承認ルールにより承認"
"bpi_b627759ff8603415f1cc7bebe824d4977292d26253baeea8825cafd7f703a0a3","介護保険事業会計関係事務従事職員の人件費","介護保険事業会計","職員費","職員費","職員費","総務部 人事課","650893","福祉・保健・社会保障を支える行政","supports","公式予算で国民健康保険、後期高齢者医療、介護保険の特別会計に属するため、社会保障に関する行政機能を支える予算事業として整理した。","B_strong_structural","{""matched_rule_id"":""social-insurance-accounts-official-hierarchy"",""budget_item_key"":""2026_long_term_care_insurance_expenditure_46_01_01"",""identity_fields"":{""display_program_name"":""介護保険事業会計関係事務従事職員の人件費"",""hierarchy"":[""職員費"",""職員費"",""職員費""],""department_display_name"":""総務部 人事課"",""amount_thousand_yen"":650893},""member_programs"":[{""program_id"":""2026_long_term_care_insurance_expenditure_46_01_01_01_02_01"",""major_program_name"":""介護保険事業従事職員の人件費"",""budget_program_name"":""介護保険事業会計関係事務従事職員の人件費"",""detail_program_name"":""介護保険事業会計関係事務従事職員の人件費"",""source_file"":""ippansaisyutu.csv"",""source_row_number"":9312}],""same_budget_item_other_program_names"":[""介護保険事業会計関係職員の人件費"",""会計年度任用職員の人件費（高齢福祉部）""],""related_revenues"":[{""revenue_detail_id"":""rd_2026_long_term_care_insurance_revenue_48_01_02_01_01_3645200000"",""revenue_hierarchy"":[""繰入金"",""一般会計繰入金"",""その他一般会計繰入金"",""職員給与費等繰入金"",""職員給与費""],""amount_attribution_status"":""not_available""},{""revenue_detail_id"":""rd_2026_long_term_care_insurance_revenue_50_04_05_01_03_3205500000"",""revenue_hierarchy"":[""諸収入"",""雑入"",""納付金"",""納付金"",""再任用職員社会保険料（介保）""],""amount_attribution_status"":""not_available""}]}","high","approve","B_strong_structural・確信度highの一括承認ルールにより承認"
"bpi_1740f61c4451c951907f612ce4cefd8616ee0691bcd27086bd9f2ad842873241","成人健康診査","一般会計","衛生費","公衆衛生費","成人病予防費","世田谷保健所 健康企画課","573614","福祉・保健・社会保障を支える行政","supports","公式予算で衛生費に属するため、保健・公衆衛生に関する行政機能を支える予算事業として整理した。","B_strong_structural","{""matched_rule_id"":""public-health-official-hierarchy"",""budget_item_key"":""2026_general_expenditure_05_03_03"",""identity_fields"":{""display_program_name"":""成人健康診査"",""hierarchy"":[""衛生費"",""公衆衛生費"",""成人病予防費""],""department_display_name"":""世田谷保健所 健康企画課"",""amount_thousand_yen"":573614},""member_programs"":[{""program_id"":""2026_general_expenditure_05_03_03_01_10_01"",""major_program_name"":""成人病予防事業費"",""budget_program_name"":""成人健康診査"",""detail_program_name"":""成人健康診査"",""source_file"":""ippansaisyutu.csv"",""source_row_number"":9885}],""same_budget_item_other_program_names"":[""がん検診"",""がん対策"",""肝炎ウイルス検診"",""骨粗しょう症検診"",""歯科保健対策"",""生活習慣病予防対策""],""related_revenues"":[{""revenue_detail_id"":""rd_2026_general_revenue_14_02_04_17_03_3785100000"",""revenue_hierarchy"":[""都支出金"",""都補助金"",""衛生費補助金"",""健康診査費"",""成人健康診査""],""amount_attribution_status"":""not_available""},{""revenue_detail_id"":""rd_2026_general_revenue_19_06_09_48_02_3785100000"",""revenue_hierarchy"":[""諸収入"",""雑入"",""雑入"",""広域連合支出金"",""長寿健康増進事業補助金（追加健診）""],""amount_attribution_status"":""not_available""}]}","high","approve","B_strong_structural・確信度highの一括承認ルールにより承認"
"bpi_da9819c8117fe1b002848df3e14355447669949620cc1c8d70744d3ee06b16d9","療養費","国民健康保険事業会計","保険給付費","療養諸費","療養費","保健福祉政策部 国保・年金課","566541","福祉・保健・社会保障を支える行政","supports","公式予算で国民健康保険、後期高齢者医療、介護保険の特別会計に属するため、社会保障に関する行政機能を支える予算事業として整理した。","B_strong_structural","{""matched_rule_id"":""social-insurance-accounts-official-hierarchy"",""budget_item_key"":""2026_national_health_insurance_expenditure_22_01_03"",""identity_fields"":{""display_program_name"":""療養費"",""hierarchy"":[""保険給付費"",""療養諸費"",""療養費""],""department_display_name"":""保健福祉政策部 国保・年金課"",""amount_thousand_yen"":566541},""member_programs"":[{""program_id"":""2026_national_health_insurance_expenditure_22_01_03_01_01_08"",""major_program_name"":""療養費"",""budget_program_name"":""療養費"",""detail_program_name"":""療養費"",""source_file"":""ippansaisyutu.csv"",""source_row_number"":9580}],""same_budget_item_other_program_names"":[],""related_revenues"":[{""revenue_detail_id"":""rd_2026_national_health_insurance_revenue_26_02_03_01_03_3595400000"",""revenue_hierarchy"":[""都支出金"",""都補助金"",""保険給付費等交付金"",""普通交付金"",""療養費""],""amount_attribution_status"":""not_available""},{""revenue_detail_id"":""rd_2026_national_health_insurance_revenue_29_03_06_26_01_3595400000"",""revenue_hierarchy"":[""諸収入"",""雑入"",""雑入"",""療養費分"",""療養費分""],""amount_attribution_status"":""not_available""}]}","high","approve","B_strong_structural・確信度highの一括承認ルールにより承認"
"bpi_a0e9577342786c020a22796e2cca204df41dd09fdff99b7b54416d3fb2c87a9b","配慮を要する児童への支援事業","一般会計","民生費","社会福祉費","障害者施設費","障害福祉部 障害保健福祉課","546669","福祉・保健・社会保障を支える行政","supports","公式予算で民生費の社会福祉費または生活保護費に属するため、福祉・社会保障に関する行政機能を支える予算事業として整理した。これはみらい議会の探索用整理であり、区の公式な課題分類ではない。","B_strong_structural","{""matched_rule_id"":""social-welfare-official-hierarchy"",""budget_item_key"":""2026_general_expenditure_03_01_16"",""identity_fields"":{""display_program_name"":""配慮を要する児童への支援事業"",""hierarchy"":[""民生費"",""社会福祉費"",""障害者施設費""],""department_display_name"":""障害福祉部 障害保健福祉課"",""amount_thousand_yen"":546669},""member_programs"":[{""program_id"":""2026_general_expenditure_03_01_16_01_40_01"",""major_program_name"":""障害者更生指導事業費"",""budget_program_name"":""配慮を要する児童への支援事業"",""detail_program_name"":""配慮を要する児童への支援事業"",""source_file"":""ippansaisyutu.csv"",""source_row_number"":9767}],""same_budget_item_other_program_names"":[""グループホーム運営助成"",""児童発達支援運営"",""就労移行・継続支援事業運営"",""重症心身障害児（者）通園施設運営助成"",""障害施設維持管理"",""障害児施設維持管理"",""障害児施設改修"",""障害者休養ホームひまわり荘運営管理"",""障害者施設改修"",""障害者施設等運営助成"",""障害者自立体験等運営事業"",""障害者授産事業"",""障害者就労促進事業"",""障害者短期入所等事業"",""生活介護事業運営"",""地域活動支援センター運営助成"",""梅ヶ丘拠点障害児通所事業運営助成"",""梅ヶ丘拠点障害者支援施設運営助成"",""福祉施設等送迎バスのネットワーク運行"",""放課後等デイサービス運営助成""],""related_revenues"":[{""revenue_detail_id"":""rd_2026_general_revenue_13_02_01_69_04_3655300000"",""revenue_hierarchy"":[""国庫支出金"",""国庫補助金"",""民生費補助金"",""地域生活支援促進事業費"",""発達障害児者及び家族等支援事業""],""amount_attribution_status"":""not_available""},{""revenue_detail_id"":""rd_2026_general_revenue_13_02_01_93_03_3655300000"",""revenue_hierarchy"":[""国庫支出金"",""国庫補助金"",""民生費補助金"",""児童虐待防止対策等総合支援事業費"",""巡回支援専門員整備事業（発達障害相談・療育センター）""],""amount_attribution_status"":""not_available""},{""revenue_detail_id"":""rd_2026_general_revenue_14_02_02_36_04_3655300000"",""revenue_hierarchy"":[""都支出金"",""都補助金"",""民生費補助金"",""地域生活支援促進事業費"",""発達障害児者及び家族等支援事業""],""amount_attribution_status"":""not_available""},{""revenue_detail_id"":""rd_2026_general_revenue_14_02_02_44_44_3655300000"",""revenue_hierarchy"":[""都支出金"",""都補助金"",""民生費補助金"",""障害者施策推進区市町村包括補助事業費"",""発達障害相談・療育センター運営事業""],""amount_attribution_status"":""not_available""},{""revenue_detail_id"":""rd_2026_general_revenue_14_02_02_44_58_3655300000"",""revenue_hierarchy"":[""都支出金"",""都補助金"",""民生費補助金"",""障害者施策推進区市町村包括補助事業費"",""ピアサポート支援プログラム""],""amount_attribution_status"":""not_available""},{""revenue_detail_id"":""rd_2026_general_revenue_14_02_02_68_36_3655300000"",""revenue_hierarchy"":[""都支出金"",""都補助金"",""民生費補助金"",""子供家庭支援区市町村包括補助事業"",""発達障害支援相談員""],""amount_attribution_status"":""not_available""},{""revenue_detail_id"":""rd_2026_general_revenue_14_02_08_56_01_3655300000"",""revenue_hierarchy"":[""都支出金"",""都補助金"",""民生費補助金（２）"",""児童虐待防止等対策総合支援事業費"",""巡回支援専門員整備事業（発達障害相談・療育センター）""],""amount_attribution_status"":""not_available""},{""revenue_detail_id"":""rd_2026_general_revenue_14_02_08_59_01_3655300000"",""revenue_hierarchy"":[""都支出金"",""都補助金"",""民生費補助金（２）"",""区市町村発達検査体制整備支援事業"",""発達障害支援の中核的拠点事業""],""amount_attribution_status"":""not_available""},{""revenue_detail_id"":""rd_2026_general_revenue_19_06_09_54_30_3655300000"",""revenue_hierarchy"":[""諸収入"",""雑入"",""雑入"",""光熱水費等負担金（２）"",""大蔵二丁目複合型子ども支援センター""],""amount_attribution_status"":""not_available""},{""revenue_detail_id"":""rd_2026_general_revenue_19_06_10_01_79_3655300000"",""revenue_hierarchy"":[""諸収入"",""雑入"",""自立支援給付サービス収入"",""利用者負担金"",""発達障害相談・療育センター""],""amount_attribution_status"":""not_available""},{""revenue_detail_id"":""rd_2026_general_revenue_19_06_10_01_80_3655300000"",""revenue_hierarchy"":[""諸収入"",""雑入"",""自立支援給付サービス収入"",""利用者負担金"",""子育てステーション発達相談室""],""amount_attribution_status"":""not_available""},{""revenue_detail_id"":""rd_2026_general_revenue_19_06_10_02_49_3655300000"",""revenue_hierarchy"":[""諸収入"",""雑入"",""自立支援給付サービス収入"",""自立支援サービス収入"",""発達障害相談・療育センター""],""amount_attribution_status"":""not_available""}]}","high","approve","B_strong_structural・確信度highの一括承認ルールにより承認"
"bpi_462f67aab5ab786fb140d5069bc607b21efaa7cbcdf948ae5f14248b5196894e","保険料軽減措置負担金","後期高齢者医療会計","分担金及負担金","広域連合負担金","広域連合分賦金","保健福祉政策部 国保・年金課","527001","福祉・保健・社会保障を支える行政","supports","公式予算で国民健康保険、後期高齢者医療、介護保険の特別会計に属するため、社会保障に関する行政機能を支える予算事業として整理した。","B_strong_structural","{""matched_rule_id"":""social-insurance-accounts-official-hierarchy"",""budget_item_key"":""2026_latter_stage_elderly_healthcare_expenditure_62_01_01"",""identity_fields"":{""display_program_name"":""保険料軽減措置負担金"",""hierarchy"":[""分担金及負担金"",""広域連合負担金"",""広域連合分賦金""],""department_display_name"":""保健福祉政策部 国保・年金課"",""amount_thousand_yen"":527001},""member_programs"":[{""program_id"":""2026_latter_stage_elderly_healthcare_expenditure_62_01_01_01_04_01"",""major_program_name"":""広域連合負担金"",""budget_program_name"":""保険料軽減措置負担金"",""detail_program_name"":""保険料軽減措置負担金"",""source_file"":""ippansaisyutu.csv"",""source_row_number"":9603}],""same_budget_item_other_program_names"":[""広域連合事務費負担金"",""広域連合保険料等負担金"",""広域連合療養給付費負担金"",""保険基盤安定負担金""],""related_revenues"":[{""revenue_detail_id"":""rd_2026_latter_stage_elderly_healthcare_revenue_63_01_01_04_01_3595400000"",""revenue_hierarchy"":[""繰入金"",""一般会計繰入金"",""一般会計繰入金"",""保険料軽減措置繰入金"",""保険料軽減措置負担金""],""amount_attribution_status"":""not_available""},{""revenue_detail_id"":""rd_2026_latter_stage_elderly_healthcare_revenue_65_05_03_03_01_3595400000"",""revenue_hierarchy"":[""諸収入"",""雑入"",""広域連合負担金返還金"",""未収金補填分負担金返還金"",""未収金補填分負担金返還金""],""amount_attribution_status"":""not_available""}]}","high","approve","B_strong_structural・確信度highの一括承認ルールにより承認"
"bpi_3b7d22dbc4d07fdc98173798a94a046177dd13dcc168fe5abb2b973460a62eb4","地域医療整備","一般会計","衛生費","衛生管理費","衛生総務費","保健福祉政策部 保福推進課","517590","福祉・保健・社会保障を支える行政","supports","公式予算で衛生費に属するため、保健・公衆衛生に関する行政機能を支える予算事業として整理した。","B_strong_structural","{""matched_rule_id"":""public-health-official-hierarchy"",""budget_item_key"":""2026_general_expenditure_05_01_01"",""identity_fields"":{""display_program_name"":""地域医療整備"",""hierarchy"":[""衛生費"",""衛生管理費"",""衛生総務費""],""department_display_name"":""保健福祉政策部 保福推進課"",""amount_thousand_yen"":517590},""member_programs"":[{""program_id"":""2026_general_expenditure_05_01_01_01_01_01"",""major_program_name"":""地域医療事業費"",""budget_program_name"":""地域医療整備"",""detail_program_name"":""地域医療整備"",""source_file"":""ippansaisyutu.csv"",""source_row_number"":9543}],""same_budget_item_other_program_names"":[""在宅医療の充実"",""歯科保健サービスの充実"",""精神障害者保健福祉手帳等進達事務"",""保健衛生施設整備""],""related_revenues"":[{""revenue_detail_id"":""rd_2026_general_revenue_14_02_02_40_08_3595150000"",""revenue_hierarchy"":[""都支出金"",""都補助金"",""民生費補助金"",""保健医療政策区市町村包括補助事業費"",""小児救急普及啓発事業""],""amount_attribution_status"":""not_available""},{""revenue_detail_id"":""rd_2026_general_revenue_14_02_02_40_71_3595150000"",""revenue_hierarchy"":[""都支出金"",""都補助金"",""民生費補助金"",""保健医療政策区市町村包括補助事業費"",""小児初期救急平日夜間診療事業""],""amount_attribution_status"":""not_available""},{""revenue_detail_id"":""rd_2026_general_revenue_14_02_04_27_01_3595150000"",""revenue_hierarchy"":[""都支出金"",""都補助金"",""衛生費補助金"",""小児初期救急施設整備費等補助金"",""小児初期救急設備整備費""],""amount_attribution_status"":""not_available""}]}","high","approve","B_strong_structural・確信度highの一括承認ルールにより承認"
"bpi_3a0875141d08f42fa407d21d644711b025b064479deb79d4f5fc4e0bd743cefd","要介護認定事務運営","介護保険事業会計","総務費","介護認定審査会費","介護認定審査会費","高齢福祉部 介護保険課","494142","福祉・保健・社会保障を支える行政","supports","公式予算で国民健康保険、後期高齢者医療、介護保険の特別会計に属するため、社会保障に関する行政機能を支える予算事業として整理した。","B_strong_structural","{""matched_rule_id"":""social-insurance-accounts-official-hierarchy"",""budget_item_key"":""2026_long_term_care_insurance_expenditure_41_02_01"",""identity_fields"":{""display_program_name"":""要介護認定事務運営"",""hierarchy"":[""総務費"",""介護認定審査会費"",""介護認定審査会費""],""department_display_name"":""高齢福祉部 介護保険課"",""amount_thousand_yen"":494142},""member_programs"":[{""program_id"":""2026_long_term_care_insurance_expenditure_41_02_01_01_01_01"",""major_program_name"":""介護認定審査会費"",""budget_program_name"":""要介護認定事務運営"",""detail_program_name"":""要介護認定事務運営"",""source_file"":""ippansaisyutu.csv"",""source_row_number"":9654}],""same_budget_item_other_program_names"":[],""related_revenues"":[{""revenue_detail_id"":""rd_2026_long_term_care_insurance_revenue_48_01_02_02_01_3645200000"",""revenue_hierarchy"":[""繰入金"",""一般会計繰入金"",""その他一般会計繰入金"",""事務費繰入金"",""要介護認定事務""],""amount_attribution_status"":""not_available""}]}","high","approve","B_strong_structural・確信度highの一括承認ルールにより承認"
"bpi_b43b8eefdccc6ae67d70339ef7a142637415a0d8b51534f6601322c80ce6f23a","高額医療合算介護サービス費","介護保険事業会計","保険給付費","高額医療合算介護サービス等費","高額医療合算介護サービス費","高齢福祉部 介護保険課","432570","福祉・保健・社会保障を支える行政","supports","公式予算で国民健康保険、後期高齢者医療、介護保険の特別会計に属するため、社会保障に関する行政機能を支える予算事業として整理した。","B_strong_structural","{""matched_rule_id"":""social-insurance-accounts-official-hierarchy"",""budget_item_key"":""2026_long_term_care_insurance_expenditure_42_09_01"",""identity_fields"":{""display_program_name"":""高額医療合算介護サービス費"",""hierarchy"":[""保険給付費"",""高額医療合算介護サービス等費"",""高額医療合算介護サービス費""],""department_display_name"":""高齢福祉部 介護保険課"",""amount_thousand_yen"":432570},""member_programs"":[{""program_id"":""2026_long_term_care_insurance_expenditure_42_09_01_01_01_01"",""major_program_name"":""高額医療合算介護サービス費"",""budget_program_name"":""高額医療合算介護サービス費"",""detail_program_name"":""高額医療合算介護サービス費"",""source_file"":""ippansaisyutu.csv"",""source_row_number"":9672}],""same_budget_item_other_program_names"":[],""related_revenues"":[{""revenue_detail_id"":""rd_2026_long_term_care_insurance_revenue_41_01_01_01_45_3645200000"",""revenue_hierarchy"":[""保険料"",""介護保険料"",""第１号被保険者保険料"",""現年度分特別徴収分"",""高額医療合算介護サービス費""],""amount_attribution_status"":""not_available""},{""revenue_detail_id"":""rd_2026_long_term_care_insurance_revenue_43_01_01_01_24_3645200000"",""revenue_hierarchy"":[""国庫支出金"",""国庫負担金"",""介護給付費負担金"",""現年度分"",""高額医療合算介護サービス費""],""amount_attribution_status"":""not_available""},{""revenue_detail_id"":""rd_2026_long_term_care_insurance_revenue_43_02_01_01_24_3645200000"",""revenue_hierarchy"":[""国庫支出金"",""国庫補助金"",""調整交付金"",""現年度分"",""高額医療合算介護サービス費""],""amount_attribution_status"":""not_available""},{""revenue_detail_id"":""rd_2026_long_term_care_insurance_revenue_44_01_01_01_25_3645200000"",""revenue_hierarchy"":[""支払基金交付金"",""支払基金交付金"",""介護給付費交付金"",""現年度分"",""高額医療合算介護サービス費""],""amount_attribution_status"":""not_available""},{""revenue_detail_id"":""rd_2026_long_term_care_insurance_revenue_45_01_01_01_24_3645200000"",""revenue_hierarchy"":[""都支出金"",""都負担金"",""介護給付費負担金"",""現年度分"",""高額医療合算介護サービス費""],""amount_attribution_status"":""not_available""},{""revenue_detail_id"":""rd_2026_long_term_care_insurance_revenue_48_01_01_01_25_3645200000"",""revenue_hierarchy"":[""繰入金"",""一般会計繰入金"",""介護給付費繰入金"",""現年度分"",""高額医療合算介護サービス費""],""amount_attribution_status"":""not_available""}]}","high","approve","B_strong_structural・確信度highの一括承認ルールにより承認"
"bpi_34189f46d221a65aaf090d43bcda7dd937f87f8836202ae4f2498ca6899f7707","葬祭費","後期高齢者医療会計","総務費","総務管理費","一般管理費","保健福祉政策部 国保・年金課","419020","福祉・保健・社会保障を支える行政","supports","公式予算で国民健康保険、後期高齢者医療、介護保険の特別会計に属するため、社会保障に関する行政機能を支える予算事業として整理した。","B_strong_structural","{""matched_rule_id"":""social-insurance-accounts-official-hierarchy"",""budget_item_key"":""2026_latter_stage_elderly_healthcare_expenditure_61_01_01"",""identity_fields"":{""display_program_name"":""葬祭費"",""hierarchy"":[""総務費"",""総務管理費"",""一般管理費""],""department_display_name"":""保健福祉政策部 国保・年金課"",""amount_thousand_yen"":419020},""member_programs"":[{""program_id"":""2026_latter_stage_elderly_healthcare_expenditure_61_01_01_01_03_01"",""major_program_name"":""一般管理費"",""budget_program_name"":""葬祭費"",""detail_program_name"":""葬祭費"",""source_file"":""ippansaisyutu.csv"",""source_row_number"":9599}],""same_budget_item_other_program_names"":[""後期高齢者医療管理運営"",""後期高齢者医療保険料徴収事務""],""related_revenues"":[{""revenue_detail_id"":""rd_2026_latter_stage_elderly_healthcare_revenue_63_01_01_06_01_3595400000"",""revenue_hierarchy"":[""繰入金"",""一般会計繰入金"",""一般会計繰入金"",""葬祭費繰入金"",""葬祭費""],""amount_attribution_status"":""not_available""},{""revenue_detail_id"":""rd_2026_latter_stage_elderly_healthcare_revenue_65_04_01_02_01_3595400000"",""revenue_hierarchy"":[""諸収入"",""受託事業収入"",""受託事業収入"",""葬祭費受託事業収入"",""葬祭費受託事業収入""],""amount_attribution_status"":""not_available""}]}","high","approve","B_strong_structural・確信度highの一括承認ルールにより承認"
"bpi_a7c4e411d30a3d8be794ed960d92a18a421756b7c17c1543eca6bbb72adfeec0","高齢者インフルエンザ予防接種","一般会計","衛生費","公衆衛生費","感染症予防費","世田谷保健所 感染症対策課","417726","福祉・保健・社会保障を支える行政","supports","公式予算で衛生費に属するため、保健・公衆衛生に関する行政機能を支える予算事業として整理した。","B_strong_structural","{""matched_rule_id"":""public-health-official-hierarchy"",""budget_item_key"":""2026_general_expenditure_05_03_07"",""identity_fields"":{""display_program_name"":""高齢者インフルエンザ予防接種"",""hierarchy"":[""衛生費"",""公衆衛生費"",""感染症予防費""],""department_display_name"":""世田谷保健所 感染症対策課"",""amount_thousand_yen"":417726},""member_programs"":[{""program_id"":""2026_general_expenditure_05_03_07_02_02_01"",""major_program_name"":""感染症予防事業費"",""budget_program_name"":""高齢者インフルエンザ予防接種"",""detail_program_name"":""高齢者インフルエンザ予防接種"",""source_file"":""ippansaisyutu.csv"",""source_row_number"":9917}],""same_budget_item_other_program_names"":[""おたふくかぜ予防接種助成"",""感染症対策"",""結核対策"",""高齢者新型コロナ予防接種"",""高齢者肺炎球菌予防接種"",""子どもインフルエンザ予防接種助成"",""帯状疱疹予防接種助成"",""男性ＨＰＶ予防接種助成"",""定期及臨時予防接種"",""難病・被爆者対策"",""風しん抗体検査・予防接種""],""related_revenues"":[{""revenue_detail_id"":""rd_2026_general_revenue_13_02_03_16_07_3785250000"",""revenue_hierarchy"":[""国庫支出金"",""国庫補助金"",""衛生費補助金"",""感染症予防事業費"",""疾病予防対策事業費（高齢者インフルエンザ）""],""amount_attribution_status"":""not_available""},{""revenue_detail_id"":""rd_2026_general_revenue_19_04_04_04_02_3785250000"",""revenue_hierarchy"":[""諸収入"",""受託事業収入"",""衛生費受託収入"",""感染症予防費"",""高齢者インフルエンザ予防接種受託収入""],""amount_attribution_status"":""not_available""}]}","high","approve","B_strong_structural・確信度highの一括承認ルールにより承認"
"bpi_fedab8333b700a8a96354e32036df990a1443f08a60644b8305f17061c9b1eeb","広域連合事務費負担金","後期高齢者医療会計","分担金及負担金","広域連合負担金","広域連合分賦金","保健福祉政策部 国保・年金課","406052","福祉・保健・社会保障を支える行政","supports","公式予算で国民健康保険、後期高齢者医療、介護保険の特別会計に属するため、社会保障に関する行政機能を支える予算事業として整理した。","B_strong_structural","{""matched_rule_id"":""social-insurance-accounts-official-hierarchy"",""budget_item_key"":""2026_latter_stage_elderly_healthcare_expenditure_62_01_01"",""identity_fields"":{""display_program_name"":""広域連合事務費負担金"",""hierarchy"":[""分担金及負担金"",""広域連合負担金"",""広域連合分賦金""],""department_display_name"":""保健福祉政策部 国保・年金課"",""amount_thousand_yen"":406052},""member_programs"":[{""program_id"":""2026_latter_stage_elderly_healthcare_expenditure_62_01_01_01_03_01"",""major_program_name"":""広域連合負担金"",""budget_program_name"":""広域連合事務費負担金"",""detail_program_name"":""広域連合事務費負担金"",""source_file"":""ippansaisyutu.csv"",""source_row_number"":9602}],""same_budget_item_other_program_names"":[""広域連合保険料等負担金"",""広域連合療養給付費負担金"",""保険基盤安定負担金"",""保険料軽減措置負担金""],""related_revenues"":[{""revenue_detail_id"":""rd_2026_latter_stage_elderly_healthcare_revenue_63_01_01_01_04_3595400000"",""revenue_hierarchy"":[""繰入金"",""一般会計繰入金"",""一般会計繰入金"",""職員給与費等繰入金"",""事務費負担金""],""amount_attribution_status"":""not_available""}]}","high","approve","B_strong_structural・確信度highの一括承認ルールにより承認"
"bpi_238f07f006d92f498f4fcb83c123550e1858f2318cb1f7cbba708c0928aa1f16","社会福祉協議会運営助成","一般会計","民生費","社会福祉費","社会福祉総務費","保健福祉政策部 生活福祉課","398794","福祉・保健・社会保障を支える行政","supports","公式予算で民生費の社会福祉費または生活保護費に属するため、福祉・社会保障に関する行政機能を支える予算事業として整理した。これはみらい議会の探索用整理であり、区の公式な課題分類ではない。","B_strong_structural","{""matched_rule_id"":""social-welfare-official-hierarchy"",""budget_item_key"":""2026_general_expenditure_03_01_01"",""identity_fields"":{""display_program_name"":""社会福祉協議会運営助成"",""hierarchy"":[""民生費"",""社会福祉費"",""社会福祉総務費""],""department_display_name"":""保健福祉政策部 生活福祉課"",""amount_thousand_yen"":398794},""member_programs"":[{""program_id"":""2026_general_expenditure_03_01_01_03_77_01"",""major_program_name"":""その他の社会福祉事業費"",""budget_program_name"":""社会福祉協議会運営助成"",""detail_program_name"":""社会福祉協議会運営助成"",""source_file"":""ippansaisyutu.csv"",""source_row_number"":9557}],""same_budget_item_other_program_names"":[""ケアハウス整備促進等事業"",""ケアマネジメントの総合的推進"",""ひきこもり対策"",""ボランティア施設改修"",""ボランティア団体等援助"",""移動困難者の移送システム"",""医療的ケア児（者）支援の充実"",""医療的ケア児の笑顔を支える基金積立金"",""介護人材確保・定着支援事業"",""介護保険事業会計繰出金"",""旧軍人等の援護"",""後期高齢者医療会計繰出金"",""行旅病人及死亡人取扱"",""高齢福祉部運営事業"",""高齢福祉部庶務事務"",""国民健康保険事業会計繰出金"",""災害時ボランティア受入体制整備事業"",""社会福祉事業団運営助成"",""社会福祉法人に対する高齢者施設整備助成"",""社会福祉法人に対する障害者施設整備助成"",""社会福祉法人の認可・指導検査"",""終活支援センター運営事業"",""住宅手当緊急特別措置事業"",""住民税非課税世帯等への価格高騰重点支援給付金支給"",""障害者グループホーム整備助成"",""障害者サービス広報事業"",""障害者差別解消推進"",""障害者施設整備促進等事業"",""障害者福祉施策の計画・調整"",""障害認定審査事務運営"",""障害福祉部庶務事務"",""心身障害者医療費助成"",""世田谷区地域福祉推進事業"",""世田谷保健福祉センター分室維持管理"",""成年後見制度"",""生活安定支援事業"",""生活困窮者自立促進支援事業"",""生活保健事務（烏山）"",""生活保健事務（砧）"",""生活保健事務（玉川）"",""生活保健事務（世田谷）"",""生活保健事務（北沢）"",""専門的人材の確保・養成事業"",""相談員業務（烏山）"",""相談員業務（砧）"",""相談員業務（玉川）"",""相談員業務（世田谷）"",""相談員業務（北沢）"",""地域福祉活動等促進事業"",""地域福祉資源開発事業"",""地域保健福祉審議会の運営"",""地域保健福祉等推進基金積立金"",""地域密着型サービス拠点等整備助成"",""地区高齢者見守りネットワーク事業"",""特定中国残留邦人等支援事業"",""特別区区民葬儀助成事業"",""特別養護老人ホーム等運営支援"",""避難行動要支援者支援の推進"",""福祉資金貸付"",""福祉人材育成・研修センター運営事業"",""保健医療福祉総合プラザ維持運営"",""保健福祉サービス苦情審査会運営"",""保健福祉サービス質の向上の推進"",""保健福祉運営事務（烏山）"",""保健福祉運営事務（砧）"",""保健福祉運営事務（玉川）"",""保健福祉運営事務（世田谷）"",""保健福祉運営事務（北沢）"",""保健福祉政策部運営事業"",""保健福祉政策部庶務事務"",""民生委員等活動"",""路上生活対策事業"",""老人保健施設整備助成""],""related_revenues"":[{""revenue_detail_id"":""rd_2026_general_revenue_14_02_02_60_41_3595200000"",""revenue_hierarchy"":[""都支出金"",""都補助金"",""民生費補助金"",""地域福祉推進区市町村包括補助事業"",""地域福祉権利擁護事業""],""amount_attribution_status"":""not_available""},{""revenue_detail_id"":""rd_2026_general_revenue_14_02_02_60_82_3595200000"",""revenue_hierarchy"":[""都支出金"",""都補助金"",""民生費補助金"",""地域福祉推進区市町村包括補助事業"",""法人後見の受任""],""amount_attribution_status"":""not_available""}]}","high","approve","B_strong_structural・確信度highの一括承認ルールにより承認"
"bpi_fd92a91d10b5432e3dcf7886f17e6641d8fc90ba5437e5ab5f5a6c5574eca3bf","障害者相談支援","一般会計","民生費","社会福祉費","障害者福祉費","障害福祉部 障害保健福祉課","365498","福祉・保健・社会保障を支える行政","supports","公式予算で民生費の社会福祉費または生活保護費に属するため、福祉・社会保障に関する行政機能を支える予算事業として整理した。これはみらい議会の探索用整理であり、区の公式な課題分類ではない。","B_strong_structural","{""matched_rule_id"":""social-welfare-official-hierarchy"",""budget_item_key"":""2026_general_expenditure_03_01_03"",""identity_fields"":{""display_program_name"":""障害者相談支援"",""hierarchy"":[""民生費"",""社会福祉費"",""障害者福祉費""],""department_display_name"":""障害福祉部 障害保健福祉課"",""amount_thousand_yen"":365498},""member_programs"":[{""program_id"":""2026_general_expenditure_03_01_03_03_20_01"",""major_program_name"":""障害者生活支援事業"",""budget_program_name"":""障害者相談支援"",""detail_program_name"":""障害者相談支援"",""source_file"":""ippansaisyutu.csv"",""source_row_number"":9758}],""same_budget_item_other_program_names"":[""介護者リフレッシュ"",""基幹相談支援センター事業運営"",""技術支援（児童福祉施設）事業運営"",""更生訓練費助成"",""自立支援医療"",""重度脳性麻痺者介護人派遣"",""障害児入所給付費"",""障害者おむつ支給"",""障害者グループホーム事業等助成"",""障害者コミュニケーションサービス"",""障害者ホームヘルパー等派遣"",""障害者虐待防止推進事業"",""障害者緊急介護人派遣"",""障害者自動車利用支援"",""障害者自立支援給付"",""障害者寝具乾燥・訪問理美容サービス"",""障害者親亡きあと対策"",""障害者設備改善費給付"",""障害者専門相談事業運営"",""障害者団体活動支援"",""障害者団体支援"",""障害者日常生活用具等給付"",""障害者入浴サービス"",""障害者配食サービス"",""障害者福祉手当"",""障害理解促進"",""身体障害者及知的障害者相談員活動"",""精神障害者ピアサポート支援事業"",""精神保健福祉団体連携事業"",""地域生活支援拠点等整備事業"",""乳幼児育成相談事業運営"",""被爆者見舞金"",""補装具給付"",""民間空襲等被害者見舞金支給""],""related_revenues"":[{""revenue_detail_id"":""rd_2026_general_revenue_13_02_01_69_08_3655300000"",""revenue_hierarchy"":[""国庫支出金"",""国庫補助金"",""民生費補助金"",""地域生活支援促進事業費"",""精神障害・地域包括ケアシステム推進（地域移行）""],""amount_attribution_status"":""not_available""},{""revenue_detail_id"":""rd_2026_general_revenue_13_02_01_78_02_3655300000"",""revenue_hierarchy"":[""国庫支出金"",""国庫補助金"",""民生費補助金"",""重層的支援体制整備事業"",""相談支援（機能強化事業）""],""amount_attribution_status"":""not_available""},{""revenue_detail_id"":""rd_2026_general_revenue_14_02_02_44_49_3655300000"",""revenue_hierarchy"":[""都支出金"",""都補助金"",""民生費補助金"",""障害者施策推進区市町村包括補助事業費"",""地域自立生活エンパワメント事業""],""amount_attribution_status"":""not_available""},{""revenue_detail_id"":""rd_2026_general_revenue_14_02_02_82_04_3655300000"",""revenue_hierarchy"":[""都支出金"",""都補助金"",""民生費補助金"",""区市町村在宅療養推進事業"",""小児等在宅医療の提供体制の整備（従事者育成事業）""],""amount_attribution_status"":""not_available""},{""revenue_detail_id"":""rd_2026_general_revenue_14_02_08_16_02_3655300000"",""revenue_hierarchy"":[""都支出金"",""都補助金"",""民生費補助金（２）"",""重層的支援体制整備事業"",""相談支援（機能強化事業）""],""amount_attribution_status"":""not_available""}]}","high","approve","B_strong_structural・確信度highの一括承認ルールにより承認"
"bpi_047d6c357195a49493ced0f96b3fd560270269f544009056cdd8bfbc434c1495","障害者自動車利用支援","一般会計","民生費","社会福祉費","障害者福祉費","障害福祉部 障害地域生活課","356216","福祉・保健・社会保障を支える行政","supports","公式予算で民生費の社会福祉費または生活保護費に属するため、福祉・社会保障に関する行政機能を支える予算事業として整理した。これはみらい議会の探索用整理であり、区の公式な課題分類ではない。","B_strong_structural","{""matched_rule_id"":""social-welfare-official-hierarchy"",""budget_item_key"":""2026_general_expenditure_03_01_03"",""identity_fields"":{""display_program_name"":""障害者自動車利用支援"",""hierarchy"":[""民生費"",""社会福祉費"",""障害者福祉費""],""department_display_name"":""障害福祉部 障害地域生活課"",""amount_thousand_yen"":356216},""member_programs"":[{""program_id"":""2026_general_expenditure_03_01_03_02_01_01"",""major_program_name"":""交流・社会参加促進のための事業費"",""budget_program_name"":""障害者自動車利用支援"",""detail_program_name"":""障害者自動車利用支援"",""source_file"":""ippansaisyutu.csv"",""source_row_number"":9741}],""same_budget_item_other_program_names"":[""介護者リフレッシュ"",""基幹相談支援センター事業運営"",""技術支援（児童福祉施設）事業運営"",""更生訓練費助成"",""自立支援医療"",""重度脳性麻痺者介護人派遣"",""障害児入所給付費"",""障害者おむつ支給"",""障害者グループホーム事業等助成"",""障害者コミュニケーションサービス"",""障害者ホームヘルパー等派遣"",""障害者虐待防止推進事業"",""障害者緊急介護人派遣"",""障害者自立支援給付"",""障害者寝具乾燥・訪問理美容サービス"",""障害者親亡きあと対策"",""障害者設備改善費給付"",""障害者専門相談事業運営"",""障害者相談支援"",""障害者団体活動支援"",""障害者団体支援"",""障害者日常生活用具等給付"",""障害者入浴サービス"",""障害者配食サービス"",""障害者福祉手当"",""障害理解促進"",""身体障害者及知的障害者相談員活動"",""精神障害者ピアサポート支援事業"",""精神保健福祉団体連携事業"",""地域生活支援拠点等整備事業"",""乳幼児育成相談事業運営"",""被爆者見舞金"",""補装具給付"",""民間空襲等被害者見舞金支給""],""related_revenues"":[{""revenue_detail_id"":""rd_2026_general_revenue_14_02_02_44_12_3655200000"",""revenue_hierarchy"":[""都支出金"",""都補助金"",""民生費補助金"",""障害者施策推進区市町村包括補助事業費"",""リフト付乗用自動車運行助成事業""],""amount_attribution_status"":""not_available""},{""revenue_detail_id"":""rd_2026_general_revenue_14_03_03_02_01_3655200000"",""revenue_hierarchy"":[""都支出金"",""都委託金"",""民生費委託金"",""無料乗車券発行事務費"",""無料乗車券発行事務費""],""amount_attribution_status"":""not_available""}]}","high","approve","B_strong_structural・確信度highの一括承認ルールにより承認"
"bpi_3a4ca2dacc42f04bcd7c691830ae05096658ae0931f919679b77f332d7512116","保健医療福祉総合プラザ維持運営","一般会計","民生費","社会福祉費","社会福祉総務費","保健福祉政策部 保福推進課","351247","福祉・保健・社会保障を支える行政","supports","公式予算で民生費の社会福祉費または生活保護費に属するため、福祉・社会保障に関する行政機能を支える予算事業として整理した。これはみらい議会の探索用整理であり、区の公式な課題分類ではない。","B_strong_structural","{""matched_rule_id"":""social-welfare-official-hierarchy"",""budget_item_key"":""2026_general_expenditure_03_01_01"",""identity_fields"":{""display_program_name"":""保健医療福祉総合プラザ維持運営"",""hierarchy"":[""民生費"",""社会福祉費"",""社会福祉総務費""],""department_display_name"":""保健福祉政策部 保福推進課"",""amount_thousand_yen"":351247},""member_programs"":[{""program_id"":""2026_general_expenditure_03_01_01_06_08_01"",""major_program_name"":""その他の社会福祉事業費（２）"",""budget_program_name"":""保健医療福祉総合プラザ維持運営"",""detail_program_name"":""保健医療福祉総合プラザ維持運営"",""source_file"":""ippansaisyutu.csv"",""source_row_number"":9541}],""same_budget_item_other_program_names"":[""ケアハウス整備促進等事業"",""ケアマネジメントの総合的推進"",""ひきこもり対策"",""ボランティア施設改修"",""ボランティア団体等援助"",""移動困難者の移送システム"",""医療的ケア児（者）支援の充実"",""医療的ケア児の笑顔を支える基金積立金"",""介護人材確保・定着支援事業"",""介護保険事業会計繰出金"",""旧軍人等の援護"",""後期高齢者医療会計繰出金"",""行旅病人及死亡人取扱"",""高齢福祉部運営事業"",""高齢福祉部庶務事務"",""国民健康保険事業会計繰出金"",""災害時ボランティア受入体制整備事業"",""社会福祉協議会運営助成"",""社会福祉事業団運営助成"",""社会福祉法人に対する高齢者施設整備助成"",""社会福祉法人に対する障害者施設整備助成"",""社会福祉法人の認可・指導検査"",""終活支援センター運営事業"",""住宅手当緊急特別措置事業"",""住民税非課税世帯等への価格高騰重点支援給付金支給"",""障害者グループホーム整備助成"",""障害者サービス広報事業"",""障害者差別解消推進"",""障害者施設整備促進等事業"",""障害者福祉施策の計画・調整"",""障害認定審査事務運営"",""障害福祉部庶務事務"",""心身障害者医療費助成"",""世田谷区地域福祉推進事業"",""世田谷保健福祉センター分室維持管理"",""成年後見制度"",""生活安定支援事業"",""生活困窮者自立促進支援事業"",""生活保健事務（烏山）"",""生活保健事務（砧）"",""生活保健事務（玉川）"",""生活保健事務（世田谷）"",""生活保健事務（北沢）"",""専門的人材の確保・養成事業"",""相談員業務（烏山）"",""相談員業務（砧）"",""相談員業務（玉川）"",""相談員業務（世田谷）"",""相談員業務（北沢）"",""地域福祉活動等促進事業"",""地域福祉資源開発事業"",""地域保健福祉審議会の運営"",""地域保健福祉等推進基金積立金"",""地域密着型サービス拠点等整備助成"",""地区高齢者見守りネットワーク事業"",""特定中国残留邦人等支援事業"",""特別区区民葬儀助成事業"",""特別養護老人ホーム等運営支援"",""避難行動要支援者支援の推進"",""福祉資金貸付"",""福祉人材育成・研修センター運営事業"",""保健福祉サービス苦情審査会運営"",""保健福祉サービス質の向上の推進"",""保健福祉運営事務（烏山）"",""保健福祉運営事務（砧）"",""保健福祉運営事務（玉川）"",""保健福祉運営事務（世田谷）"",""保健福祉運営事務（北沢）"",""保健福祉政策部運営事業"",""保健福祉政策部庶務事務"",""民生委員等活動"",""路上生活対策事業"",""老人保健施設整備助成""],""related_revenues"":[{""revenue_detail_id"":""rd_2026_general_revenue_12_01_02_02_63_3595150000"",""revenue_hierarchy"":[""使用料及手数料"",""使用料"",""民生使用料"",""民生施設"",""保健医療福祉総合プラザ""],""amount_attribution_status"":""not_available""},{""revenue_detail_id"":""rd_2026_general_revenue_19_06_09_18_03_3595150000"",""revenue_hierarchy"":[""諸収入"",""雑入"",""雑入"",""施設管理費負担金"",""保健医療福祉総合プラザ維持管理""],""amount_attribution_status"":""not_available""},{""revenue_detail_id"":""rd_2026_general_revenue_19_06_09_54_73_3595150000"",""revenue_hierarchy"":[""諸収入"",""雑入"",""雑入"",""光熱水費等負担金（２）"",""保健医療福祉総合プラザ""],""amount_attribution_status"":""not_available""}]}","high","approve","B_strong_structural・確信度highの一括承認ルールにより承認"
"bpi_d0efae81788048e9ec2fb0e0bf881a8c3713978727d2028bde187d13de2d19d8","障害施設維持管理","一般会計","民生費","社会福祉費","障害者施設費","障害福祉部 障害地域生活課","345625","福祉・保健・社会保障を支える行政","supports","公式予算で民生費の社会福祉費または生活保護費に属するため、福祉・社会保障に関する行政機能を支える予算事業として整理した。これはみらい議会の探索用整理であり、区の公式な課題分類ではない。","B_strong_structural","{""matched_rule_id"":""social-welfare-official-hierarchy"",""budget_item_key"":""2026_general_expenditure_03_01_16"",""identity_fields"":{""display_program_name"":""障害施設維持管理"",""hierarchy"":[""民生費"",""社会福祉費"",""障害者施設費""],""department_display_name"":""障害福祉部 障害地域生活課"",""amount_thousand_yen"":345625},""member_programs"":[{""program_id"":""2026_general_expenditure_03_01_16_02_06_01"",""major_program_name"":""障害者施設維持運営費"",""budget_program_name"":""障害施設維持管理"",""detail_program_name"":""障害施設維持管理"",""source_file"":""ippansaisyutu.csv"",""source_row_number"":9752}],""same_budget_item_other_program_names"":[""グループホーム運営助成"",""児童発達支援運営"",""就労移行・継続支援事業運営"",""重症心身障害児（者）通園施設運営助成"",""障害児施設維持管理"",""障害児施設改修"",""障害者休養ホームひまわり荘運営管理"",""障害者施設改修"",""障害者施設等運営助成"",""障害者自立体験等運営事業"",""障害者授産事業"",""障害者就労促進事業"",""障害者短期入所等事業"",""生活介護事業運営"",""地域活動支援センター運営助成"",""配慮を要する児童への支援事業"",""梅ヶ丘拠点障害児通所事業運営助成"",""梅ヶ丘拠点障害者支援施設運営助成"",""福祉施設等送迎バスのネットワーク運行"",""放課後等デイサービス運営助成""],""related_revenues"":[{""revenue_detail_id"":""rd_2026_general_revenue_12_01_02_02_34_3655200000"",""revenue_hierarchy"":[""使用料及手数料"",""使用料"",""民生使用料"",""民生施設"",""奥沢福祉園""],""amount_attribution_status"":""not_available""},{""revenue_detail_id"":""rd_2026_general_revenue_12_01_02_02_46_3655200000"",""revenue_hierarchy"":[""使用料及手数料"",""使用料"",""民生使用料"",""民生施設"",""ＣＡＴＶ使用料""],""amount_attribution_status"":""not_available""},{""revenue_detail_id"":""rd_2026_general_revenue_12_01_02_02_55_3655200000"",""revenue_hierarchy"":[""使用料及手数料"",""使用料"",""民生使用料"",""民生施設"",""北烏山三丁目障害者施設""],""amount_attribution_status"":""not_available""},{""revenue_detail_id"":""rd_2026_general_revenue_12_01_02_02_56_3655200000"",""revenue_hierarchy"":[""使用料及手数料"",""使用料"",""民生使用料"",""民生施設"",""駒沢生活実習所""],""amount_attribution_status"":""not_available""},{""revenue_detail_id"":""rd_2026_general_revenue_19_06_09_05_67_3655200000"",""revenue_hierarchy"":[""諸収入"",""雑入"",""雑入"",""光熱水費等負担金"",""白梅福祉作業所""],""amount_attribution_status"":""not_available""},{""revenue_detail_id"":""rd_2026_general_revenue_19_06_09_54_15_3655200000"",""revenue_hierarchy"":[""諸収入"",""雑入"",""雑入"",""光熱水費等負担金（２）"",""九品仏生活実習所中町分場""],""amount_attribution_status"":""not_available""},{""revenue_detail_id"":""rd_2026_general_revenue_19_06_09_54_16_3655200000"",""revenue_hierarchy"":[""諸収入"",""雑入"",""雑入"",""光熱水費等負担金（２）"",""祖師谷三丁目福祉施設""],""amount_attribution_status"":""not_available""},{""revenue_detail_id"":""rd_2026_general_revenue_19_06_09_54_24_3655200000"",""revenue_hierarchy"":[""諸収入"",""雑入"",""雑入"",""光熱水費等負担金（２）"",""下馬防災ボランティア等複合施設""],""amount_attribution_status"":""not_available""},{""revenue_detail_id"":""rd_2026_general_revenue_19_06_09_54_51_3655200000"",""revenue_hierarchy"":[""諸収入"",""雑入"",""雑入"",""光熱水費等負担金（２）"",""喜多見駅高架下施設""],""amount_attribution_status"":""not_available""},{""revenue_detail_id"":""rd_2026_general_revenue_19_06_09_54_69_3655200000"",""revenue_hierarchy"":[""諸収入"",""雑入"",""雑入"",""光熱水費等負担金（２）"",""障害者就労支援センターゆに""],""amount_attribution_status"":""not_available""}]}","high","approve","B_strong_structural・確信度highの一括承認ルールにより承認"
"bpi_13fb49e055f60cf49f91f04e2145186cfc2be48f83d7da5aa571554531b5833f","介護保険事業管理運営","介護保険事業会計","総務費","総務管理費","一般管理費","高齢福祉部 介護保険課","331639","福祉・保健・社会保障を支える行政","supports","公式予算で国民健康保険、後期高齢者医療、介護保険の特別会計に属するため、社会保障に関する行政機能を支える予算事業として整理した。","B_strong_structural","{""matched_rule_id"":""social-insurance-accounts-official-hierarchy"",""budget_item_key"":""2026_long_term_care_insurance_expenditure_41_01_01"",""identity_fields"":{""display_program_name"":""介護保険事業管理運営"",""hierarchy"":[""総務費"",""総務管理費"",""一般管理費""],""department_display_name"":""高齢福祉部 介護保険課"",""amount_thousand_yen"":331639},""member_programs"":[{""program_id"":""2026_long_term_care_insurance_expenditure_41_01_01_01_01_01"",""major_program_name"":""一般管理費"",""budget_program_name"":""介護保険事業管理運営"",""detail_program_name"":""介護保険事業管理運営"",""source_file"":""ippansaisyutu.csv"",""source_row_number"":9652}],""same_budget_item_other_program_names"":[""資格管理・賦課・収納事務""],""related_revenues"":[{""revenue_detail_id"":""rd_2026_long_term_care_insurance_revenue_42_01_01_01_01_3645200000"",""revenue_hierarchy"":[""使用料及手数料"",""手数料"",""総務手数料"",""総務手数料"",""保険料納付済等証明手数料""],""amount_attribution_status"":""not_available""},{""revenue_detail_id"":""rd_2026_long_term_care_insurance_revenue_43_02_01_01_31_3645200000"",""revenue_hierarchy"":[""国庫支出金"",""国庫補助金"",""調整交付金"",""現年度分"",""介護保険事業管理運営""],""amount_attribution_status"":""not_available""},{""revenue_detail_id"":""rd_2026_long_term_care_insurance_revenue_43_02_10_01_02_3645200000"",""revenue_hierarchy"":[""国庫支出金"",""国庫補助金"",""介護保険災害臨時特例補助金"",""介護保険災害臨時特例補助金"",""介護保険事業管理運営""],""amount_attribution_status"":""not_available""},{""revenue_detail_id"":""rd_2026_long_term_care_insurance_revenue_48_01_02_02_02_3645200000"",""revenue_hierarchy"":[""繰入金"",""一般会計繰入金"",""その他一般会計繰入金"",""事務費繰入金"",""一般管理""],""amount_attribution_status"":""not_available""},{""revenue_detail_id"":""rd_2026_long_term_care_insurance_revenue_50_02_01_01_01_3645200000"",""revenue_hierarchy"":[""諸収入"",""特別区預金利子"",""特別区預金利子"",""特別区預金利子"",""一般管理""],""amount_attribution_status"":""not_available""}]}","high","approve","B_strong_structural・確信度highの一括承認ルールにより承認"
"bpi_8e78b4300e3721219224ec405cc4afb7ac5cddccc085bca5669a671b66611c6b","生活困窮者自立促進支援事業","一般会計","民生費","社会福祉費","社会福祉総務費","保健福祉政策部 生活福祉課","320471","福祉・保健・社会保障を支える行政","supports","公式予算で民生費の社会福祉費または生活保護費に属するため、福祉・社会保障に関する行政機能を支える予算事業として整理した。これはみらい議会の探索用整理であり、区の公式な課題分類ではない。","B_strong_structural","{""matched_rule_id"":""social-welfare-official-hierarchy"",""budget_item_key"":""2026_general_expenditure_03_01_01"",""identity_fields"":{""display_program_name"":""生活困窮者自立促進支援事業"",""hierarchy"":[""民生費"",""社会福祉費"",""社会福祉総務費""],""department_display_name"":""保健福祉政策部 生活福祉課"",""amount_thousand_yen"":320471},""member_programs"":[{""program_id"":""2026_general_expenditure_03_01_01_03_92_01"",""major_program_name"":""その他の社会福祉事業費"",""budget_program_name"":""生活困窮者自立促進支援事業"",""detail_program_name"":""生活困窮者自立促進支援事業"",""source_file"":""ippansaisyutu.csv"",""source_row_number"":9560}],""same_budget_item_other_program_names"":[""ケアハウス整備促進等事業"",""ケアマネジメントの総合的推進"",""ひきこもり対策"",""ボランティア施設改修"",""ボランティア団体等援助"",""移動困難者の移送システム"",""医療的ケア児（者）支援の充実"",""医療的ケア児の笑顔を支える基金積立金"",""介護人材確保・定着支援事業"",""介護保険事業会計繰出金"",""旧軍人等の援護"",""後期高齢者医療会計繰出金"",""行旅病人及死亡人取扱"",""高齢福祉部運営事業"",""高齢福祉部庶務事務"",""国民健康保険事業会計繰出金"",""災害時ボランティア受入体制整備事業"",""社会福祉協議会運営助成"",""社会福祉事業団運営助成"",""社会福祉法人に対する高齢者施設整備助成"",""社会福祉法人に対する障害者施設整備助成"",""社会福祉法人の認可・指導検査"",""終活支援センター運営事業"",""住宅手当緊急特別措置事業"",""住民税非課税世帯等への価格高騰重点支援給付金支給"",""障害者グループホーム整備助成"",""障害者サービス広報事業"",""障害者差別解消推進"",""障害者施設整備促進等事業"",""障害者福祉施策の計画・調整"",""障害認定審査事務運営"",""障害福祉部庶務事務"",""心身障害者医療費助成"",""世田谷区地域福祉推進事業"",""世田谷保健福祉センター分室維持管理"",""成年後見制度"",""生活安定支援事業"",""生活保健事務（烏山）"",""生活保健事務（砧）"",""生活保健事務（玉川）"",""生活保健事務（世田谷）"",""生活保健事務（北沢）"",""専門的人材の確保・養成事業"",""相談員業務（烏山）"",""相談員業務（砧）"",""相談員業務（玉川）"",""相談員業務（世田谷）"",""相談員業務（北沢）"",""地域福祉活動等促進事業"",""地域福祉資源開発事業"",""地域保健福祉審議会の運営"",""地域保健福祉等推進基金積立金"",""地域密着型サービス拠点等整備助成"",""地区高齢者見守りネットワーク事業"",""特定中国残留邦人等支援事業"",""特別区区民葬儀助成事業"",""特別養護老人ホーム等運営支援"",""避難行動要支援者支援の推進"",""福祉資金貸付"",""福祉人材育成・研修センター運営事業"",""保健医療福祉総合プラザ維持運営"",""保健福祉サービス苦情審査会運営"",""保健福祉サービス質の向上の推進"",""保健福祉運営事務（烏山）"",""保健福祉運営事務（砧）"",""保健福祉運営事務（玉川）"",""保健福祉運営事務（世田谷）"",""保健福祉運営事務（北沢）"",""保健福祉政策部運営事業"",""保健福祉政策部庶務事務"",""民生委員等活動"",""路上生活対策事業"",""老人保健施設整備助成""],""related_revenues"":[{""revenue_detail_id"":""rd_2026_general_revenue_13_01_01_31_02_3595200000"",""revenue_hierarchy"":[""国庫支出金"",""国庫負担金"",""民生費負担金"",""生活困窮者自立相談支援事業費等負担金"",""被保護者就労支援事業費（自立促進）""],""amount_attribution_status"":""not_available""},{""revenue_detail_id"":""rd_2026_general_revenue_13_01_01_45_01_3595200000"",""revenue_hierarchy"":[""国庫支出金"",""国庫負担金"",""民生費負担金"",""重層的支援体制整備事業"",""生活困窮者自立相談支援事業費""],""amount_attribution_status"":""not_available""},{""revenue_detail_id"":""rd_2026_general_revenue_13_02_01_56_06_3595200000"",""revenue_hierarchy"":[""国庫支出金"",""国庫補助金"",""民生費補助金"",""生活困窮者就労準備支援事業費等補助金"",""生活困窮者家計相談支援事業""],""amount_attribution_status"":""not_available""},{""revenue_detail_id"":""rd_2026_general_revenue_13_02_01_56_07_3595200000"",""revenue_hierarchy"":[""国庫支出金"",""国庫補助金"",""民生費補助金"",""生活困窮者就労準備支援事業費等補助金"",""生活困窮世帯の子どもに対する学習支援事業""],""amount_attribution_status"":""not_available""},{""revenue_detail_id"":""rd_2026_general_revenue_13_02_01_56_09_3595200000"",""revenue_hierarchy"":[""国庫支出金"",""国庫補助金"",""民生費補助金"",""生活困窮者就労準備支援事業費等補助金"",""生活困窮者就労準備支援事業""],""amount_attribution_status"":""not_available""},{""revenue_detail_id"":""rd_2026_general_revenue_13_02_01_56_11_3595200000"",""revenue_hierarchy"":[""国庫支出金"",""国庫補助金"",""民生費補助金"",""生活困窮者就労準備支援事業費等補助金"",""被保護者就労準備支援等事業（自立促進）""],""amount_attribution_status"":""not_available""},{""revenue_detail_id"":""rd_2026_general_revenue_13_02_01_56_34_3595200000"",""revenue_hierarchy"":[""国庫支出金"",""国庫補助金"",""民生費補助金"",""生活困窮者就労準備支援事業費等補助金"",""地域居住支援事業""],""amount_attribution_status"":""not_available""},{""revenue_detail_id"":""rd_2026_general_revenue_13_02_01_78_14_3595200000"",""revenue_hierarchy"":[""国庫支出金"",""国庫補助金"",""民生費補助金"",""重層的支援体制整備事業"",""生活困窮者就労準備支援事業""],""amount_attribution_status"":""not_available""}]}","high","approve","B_strong_structural・確信度highの一括承認ルールにより承認"
"bpi_dd2e219578a48dc2b911320bb3888286f25d642e91c7b505b6ce7ed5054a63c1","介護人材確保・定着支援事業","一般会計","民生費","社会福祉費","社会福祉総務費","高齢福祉部 高齢福祉課","318221","福祉・保健・社会保障を支える行政","supports","公式予算で民生費の社会福祉費または生活保護費に属するため、福祉・社会保障に関する行政機能を支える予算事業として整理した。これはみらい議会の探索用整理であり、区の公式な課題分類ではない。","B_strong_structural","{""matched_rule_id"":""social-welfare-official-hierarchy"",""budget_item_key"":""2026_general_expenditure_03_01_01"",""identity_fields"":{""display_program_name"":""介護人材確保・定着支援事業"",""hierarchy"":[""民生費"",""社会福祉費"",""社会福祉総務費""],""department_display_name"":""高齢福祉部 高齢福祉課"",""amount_thousand_yen"":318221},""member_programs"":[{""program_id"":""2026_general_expenditure_03_01_01_06_03_01"",""major_program_name"":""その他の社会福祉事業費（２）"",""budget_program_name"":""介護人材確保・定着支援事業"",""detail_program_name"":""介護人材確保・定着支援事業"",""source_file"":""ippansaisyutu.csv"",""source_row_number"":9623}],""same_budget_item_other_program_names"":[""ケアハウス整備促進等事業"",""ケアマネジメントの総合的推進"",""ひきこもり対策"",""ボランティア施設改修"",""ボランティア団体等援助"",""移動困難者の移送システム"",""医療的ケア児（者）支援の充実"",""医療的ケア児の笑顔を支える基金積立金"",""介護保険事業会計繰出金"",""旧軍人等の援護"",""後期高齢者医療会計繰出金"",""行旅病人及死亡人取扱"",""高齢福祉部運営事業"",""高齢福祉部庶務事務"",""国民健康保険事業会計繰出金"",""災害時ボランティア受入体制整備事業"",""社会福祉協議会運営助成"",""社会福祉事業団運営助成"",""社会福祉法人に対する高齢者施設整備助成"",""社会福祉法人に対する障害者施設整備助成"",""社会福祉法人の認可・指導検査"",""終活支援センター運営事業"",""住宅手当緊急特別措置事業"",""住民税非課税世帯等への価格高騰重点支援給付金支給"",""障害者グループホーム整備助成"",""障害者サービス広報事業"",""障害者差別解消推進"",""障害者施設整備促進等事業"",""障害者福祉施策の計画・調整"",""障害認定審査事務運営"",""障害福祉部庶務事務"",""心身障害者医療費助成"",""世田谷区地域福祉推進事業"",""世田谷保健福祉センター分室維持管理"",""成年後見制度"",""生活安定支援事業"",""生活困窮者自立促進支援事業"",""生活保健事務（烏山）"",""生活保健事務（砧）"",""生活保健事務（玉川）"",""生活保健事務（世田谷）"",""生活保健事務（北沢）"",""専門的人材の確保・養成事業"",""相談員業務（烏山）"",""相談員業務（砧）"",""相談員業務（玉川）"",""相談員業務（世田谷）"",""相談員業務（北沢）"",""地域福祉活動等促進事業"",""地域福祉資源開発事業"",""地域保健福祉審議会の運営"",""地域保健福祉等推進基金積立金"",""地域密着型サービス拠点等整備助成"",""地区高齢者見守りネットワーク事業"",""特定中国残留邦人等支援事業"",""特別区区民葬儀助成事業"",""特別養護老人ホーム等運営支援"",""避難行動要支援者支援の推進"",""福祉資金貸付"",""福祉人材育成・研修センター運営事業"",""保健医療福祉総合プラザ維持運営"",""保健福祉サービス苦情審査会運営"",""保健福祉サービス質の向上の推進"",""保健福祉運営事務（烏山）"",""保健福祉運営事務（砧）"",""保健福祉運営事務（玉川）"",""保健福祉運営事務（世田谷）"",""保健福祉運営事務（北沢）"",""保健福祉政策部運営事業"",""保健福祉政策部庶務事務"",""民生委員等活動"",""路上生活対策事業"",""老人保健施設整備助成""],""related_revenues"":[{""revenue_detail_id"":""rd_2026_general_revenue_13_02_01_56_29_3645100000"",""revenue_hierarchy"":[""国庫支出金"",""国庫補助金"",""民生費補助金"",""生活困窮者就労準備支援事業費等補助金"",""スポットワーク支援助成事業""],""amount_attribution_status"":""not_available""},{""revenue_detail_id"":""rd_2026_general_revenue_14_02_02_42_60_3645100000"",""revenue_hierarchy"":[""都支出金"",""都補助金"",""民生費補助金"",""高齢者施策推進区市町村包括補助事業"",""介護職員等宿舎借り上げ支援事業""],""amount_attribution_status"":""not_available""},{""revenue_detail_id"":""rd_2026_general_revenue_14_02_02_42_62_3645100000"",""revenue_hierarchy"":[""都支出金"",""都補助金"",""民生費補助金"",""高齢者施策推進区市町村包括補助事業"",""介護従事者等永年勤続表彰""],""amount_attribution_status"":""not_available""},{""revenue_detail_id"":""rd_2026_general_revenue_14_02_02_42_64_3645100000"",""revenue_hierarchy"":[""都支出金"",""都補助金"",""民生費補助金"",""高齢者施策推進区市町村包括補助事業"",""主任介護支援専門員活用事業""],""amount_attribution_status"":""not_available""},{""revenue_detail_id"":""rd_2026_general_revenue_14_02_02_99_02_3645100000"",""revenue_hierarchy"":[""都支出金"",""都補助金"",""民生費補助金"",""地域医療介護総合確保基金"",""介護人材確保・定着支援事業""],""amount_attribution_status"":""not_available""},{""revenue_detail_id"":""rd_2026_general_revenue_17_01_16_19_01_3645100000"",""revenue_hierarchy"":[""繰入金"",""基金繰入金"",""地域保健福祉等推進基金繰入金"",""介護人材確保支援事業"",""介護人材確保支援事業""],""amount_attribution_status"":""not_available""}]}","high","approve","B_strong_structural・確信度highの一括承認ルールにより承認"
"bpi_1546b5e022f658a1703fa7d4f1a61b8b04f656ab848a47907ad5c4de84aa9cc0","特別養護老人ホーム等運営支援","一般会計","民生費","社会福祉費","社会福祉総務費","高齢福祉部 高齢福祉課","315439","福祉・保健・社会保障を支える行政","supports","公式予算で民生費の社会福祉費または生活保護費に属するため、福祉・社会保障に関する行政機能を支える予算事業として整理した。これはみらい議会の探索用整理であり、区の公式な課題分類ではない。","B_strong_structural","{""matched_rule_id"":""social-welfare-official-hierarchy"",""budget_item_key"":""2026_general_expenditure_03_01_01"",""identity_fields"":{""display_program_name"":""特別養護老人ホーム等運営支援"",""hierarchy"":[""民生費"",""社会福祉費"",""社会福祉総務費""],""department_display_name"":""高齢福祉部 高齢福祉課"",""amount_thousand_yen"":315439},""member_programs"":[{""program_id"":""2026_general_expenditure_03_01_01_06_18_01"",""major_program_name"":""その他の社会福祉事業費（２）"",""budget_program_name"":""特別養護老人ホーム等運営支援"",""detail_program_name"":""特別養護老人ホーム等運営支援"",""source_file"":""ippansaisyutu.csv"",""source_row_number"":9624}],""same_budget_item_other_program_names"":[""ケアハウス整備促進等事業"",""ケアマネジメントの総合的推進"",""ひきこもり対策"",""ボランティア施設改修"",""ボランティア団体等援助"",""移動困難者の移送システム"",""医療的ケア児（者）支援の充実"",""医療的ケア児の笑顔を支える基金積立金"",""介護人材確保・定着支援事業"",""介護保険事業会計繰出金"",""旧軍人等の援護"",""後期高齢者医療会計繰出金"",""行旅病人及死亡人取扱"",""高齢福祉部運営事業"",""高齢福祉部庶務事務"",""国民健康保険事業会計繰出金"",""災害時ボランティア受入体制整備事業"",""社会福祉協議会運営助成"",""社会福祉事業団運営助成"",""社会福祉法人に対する高齢者施設整備助成"",""社会福祉法人に対する障害者施設整備助成"",""社会福祉法人の認可・指導検査"",""終活支援センター運営事業"",""住宅手当緊急特別措置事業"",""住民税非課税世帯等への価格高騰重点支援給付金支給"",""障害者グループホーム整備助成"",""障害者サービス広報事業"",""障害者差別解消推進"",""障害者施設整備促進等事業"",""障害者福祉施策の計画・調整"",""障害認定審査事務運営"",""障害福祉部庶務事務"",""心身障害者医療費助成"",""世田谷区地域福祉推進事業"",""世田谷保健福祉センター分室維持管理"",""成年後見制度"",""生活安定支援事業"",""生活困窮者自立促進支援事業"",""生活保健事務（烏山）"",""生活保健事務（砧）"",""生活保健事務（玉川）"",""生活保健事務（世田谷）"",""生活保健事務（北沢）"",""専門的人材の確保・養成事業"",""相談員業務（烏山）"",""相談員業務（砧）"",""相談員業務（玉川）"",""相談員業務（世田谷）"",""相談員業務（北沢）"",""地域福祉活動等促進事業"",""地域福祉資源開発事業"",""地域保健福祉審議会の運営"",""地域保健福祉等推進基金積立金"",""地域密着型サービス拠点等整備助成"",""地区高齢者見守りネットワーク事業"",""特定中国残留邦人等支援事業"",""特別区区民葬儀助成事業"",""避難行動要支援者支援の推進"",""福祉資金貸付"",""福祉人材育成・研修センター運営事業"",""保健医療福祉総合プラザ維持運営"",""保健福祉サービス苦情審査会運営"",""保健福祉サービス質の向上の推進"",""保健福祉運営事務（烏山）"",""保健福祉運営事務（砧）"",""保健福祉運営事務（玉川）"",""保健福祉運営事務（世田谷）"",""保健福祉運営事務（北沢）"",""保健福祉政策部運営事業"",""保健福祉政策部庶務事務"",""民生委員等活動"",""路上生活対策事業"",""老人保健施設整備助成""],""related_revenues"":[{""revenue_detail_id"":""rd_2026_general_revenue_14_02_02_42_65_3645100000"",""revenue_hierarchy"":[""都支出金"",""都補助金"",""民生費補助金"",""高齢者施策推進区市町村包括補助事業"",""「世田谷区特別養護老人ホーム入所指針」に基づく実態調査""],""amount_attribution_status"":""not_available""}]}","high","approve","B_strong_structural・確信度highの一括承認ルールにより承認"
"bpi_62717f81d312e852c8baec4fd5cffa73054a97dc214e440199a8ae0908c28e00","地域福祉資源開発事業","一般会計","民生費","社会福祉費","社会福祉総務費","保健福祉政策部 生活福祉課","298236","福祉・保健・社会保障を支える行政","supports","公式予算で民生費の社会福祉費または生活保護費に属するため、福祉・社会保障に関する行政機能を支える予算事業として整理した。これはみらい議会の探索用整理であり、区の公式な課題分類ではない。","B_strong_structural","{""matched_rule_id"":""social-welfare-official-hierarchy"",""budget_item_key"":""2026_general_expenditure_03_01_01"",""identity_fields"":{""display_program_name"":""地域福祉資源開発事業"",""hierarchy"":[""民生費"",""社会福祉費"",""社会福祉総務費""],""department_display_name"":""保健福祉政策部 生活福祉課"",""amount_thousand_yen"":298236},""member_programs"":[{""program_id"":""2026_general_expenditure_03_01_01_03_94_01"",""major_program_name"":""その他の社会福祉事業費"",""budget_program_name"":""地域福祉資源開発事業"",""detail_program_name"":""地域福祉資源開発事業"",""source_file"":""ippansaisyutu.csv"",""source_row_number"":9561}],""same_budget_item_other_program_names"":[""ケアハウス整備促進等事業"",""ケアマネジメントの総合的推進"",""ひきこもり対策"",""ボランティア施設改修"",""ボランティア団体等援助"",""移動困難者の移送システム"",""医療的ケア児（者）支援の充実"",""医療的ケア児の笑顔を支える基金積立金"",""介護人材確保・定着支援事業"",""介護保険事業会計繰出金"",""旧軍人等の援護"",""後期高齢者医療会計繰出金"",""行旅病人及死亡人取扱"",""高齢福祉部運営事業"",""高齢福祉部庶務事務"",""国民健康保険事業会計繰出金"",""災害時ボランティア受入体制整備事業"",""社会福祉協議会運営助成"",""社会福祉事業団運営助成"",""社会福祉法人に対する高齢者施設整備助成"",""社会福祉法人に対する障害者施設整備助成"",""社会福祉法人の認可・指導検査"",""終活支援センター運営事業"",""住宅手当緊急特別措置事業"",""住民税非課税世帯等への価格高騰重点支援給付金支給"",""障害者グループホーム整備助成"",""障害者サービス広報事業"",""障害者差別解消推進"",""障害者施設整備促進等事業"",""障害者福祉施策の計画・調整"",""障害認定審査事務運営"",""障害福祉部庶務事務"",""心身障害者医療費助成"",""世田谷区地域福祉推進事業"",""世田谷保健福祉センター分室維持管理"",""成年後見制度"",""生活安定支援事業"",""生活困窮者自立促進支援事業"",""生活保健事務（烏山）"",""生活保健事務（砧）"",""生活保健事務（玉川）"",""生活保健事務（世田谷）"",""生活保健事務（北沢）"",""専門的人材の確保・養成事業"",""相談員業務（烏山）"",""相談員業務（砧）"",""相談員業務（玉川）"",""相談員業務（世田谷）"",""相談員業務（北沢）"",""地域福祉活動等促進事業"",""地域保健福祉審議会の運営"",""地域保健福祉等推進基金積立金"",""地域密着型サービス拠点等整備助成"",""地区高齢者見守りネットワーク事業"",""特定中国残留邦人等支援事業"",""特別区区民葬儀助成事業"",""特別養護老人ホーム等運営支援"",""避難行動要支援者支援の推進"",""福祉資金貸付"",""福祉人材育成・研修センター運営事業"",""保健医療福祉総合プラザ維持運営"",""保健福祉サービス苦情審査会運営"",""保健福祉サービス質の向上の推進"",""保健福祉運営事務（烏山）"",""保健福祉運営事務（砧）"",""保健福祉運営事務（玉川）"",""保健福祉運営事務（世田谷）"",""保健福祉運営事務（北沢）"",""保健福祉政策部運営事業"",""保健福祉政策部庶務事務"",""民生委員等活動"",""路上生活対策事業"",""老人保健施設整備助成""],""related_revenues"":[{""revenue_detail_id"":""rd_2026_general_revenue_13_02_01_78_29_3595200000"",""revenue_hierarchy"":[""国庫支出金"",""国庫補助金"",""民生費補助金"",""重層的支援体制整備事業"",""多機関協働事業""],""amount_attribution_status"":""not_available""},{""revenue_detail_id"":""rd_2026_general_revenue_14_02_08_16_24_3595200000"",""revenue_hierarchy"":[""都支出金"",""都補助金"",""民生費補助金（２）"",""重層的支援体制整備事業"",""多機関協働事業""],""amount_attribution_status"":""not_available""}]}","high","approve","B_strong_structural・確信度highの一括承認ルールにより承認"
"bpi_d1d620477a8794f7a707d169d7a7fc654e17b4680820a50102f16b82eef660b6","保健センター維持運営","一般会計","衛生費","衛生管理費","保健センター費","保健福祉政策部 保福推進課","290395","福祉・保健・社会保障を支える行政","supports","公式予算で衛生費に属するため、保健・公衆衛生に関する行政機能を支える予算事業として整理した。","B_strong_structural","{""matched_rule_id"":""public-health-official-hierarchy"",""budget_item_key"":""2026_general_expenditure_05_01_04"",""identity_fields"":{""display_program_name"":""保健センター維持運営"",""hierarchy"":[""衛生費"",""衛生管理費"",""保健センター費""],""department_display_name"":""保健福祉政策部 保福推進課"",""amount_thousand_yen"":290395},""member_programs"":[{""program_id"":""2026_general_expenditure_05_01_04_01_01_01"",""major_program_name"":""保健センター維持運営費"",""budget_program_name"":""保健センター維持運営"",""detail_program_name"":""保健センター維持運営"",""source_file"":""ippansaisyutu.csv"",""source_row_number"":9547}],""same_budget_item_other_program_names"":[""保健センター事業運営""],""related_revenues"":[{""revenue_detail_id"":""rd_2026_general_revenue_12_01_03_03_02_3595150000"",""revenue_hierarchy"":[""使用料及手数料"",""使用料"",""衛生使用料"",""衛生施設"",""保健センター""],""amount_attribution_status"":""not_available""},{""revenue_detail_id"":""rd_2026_general_revenue_19_06_09_05_12_3595150000"",""revenue_hierarchy"":[""諸収入"",""雑入"",""雑入"",""光熱水費等負担金"",""保健センター""],""amount_attribution_status"":""not_available""}]}","high","approve","B_strong_structural・確信度highの一括承認ルールにより承認"
"bpi_1de52d007119b1a2e1e0fb259ffdae1d12e3f81262ff067d442ac0f305ed8001","会計年度任用職員の人件費（高齢福祉部）","介護保険事業会計","職員費","職員費","職員費","高齢福祉部 高齢福祉課","275405","福祉・保健・社会保障を支える行政","supports","公式予算で国民健康保険、後期高齢者医療、介護保険の特別会計に属するため、社会保障に関する行政機能を支える予算事業として整理した。","B_strong_structural","{""matched_rule_id"":""social-insurance-accounts-official-hierarchy"",""budget_item_key"":""2026_long_term_care_insurance_expenditure_46_01_01"",""identity_fields"":{""display_program_name"":""会計年度任用職員の人件費（高齢福祉部）"",""hierarchy"":[""職員費"",""職員費"",""職員費""],""department_display_name"":""高齢福祉部 高齢福祉課"",""amount_thousand_yen"":275405},""member_programs"":[{""program_id"":""2026_long_term_care_insurance_expenditure_46_01_01_01_05_01"",""major_program_name"":""介護保険事業従事職員の人件費"",""budget_program_name"":""会計年度任用職員の人件費（高齢福祉部）"",""detail_program_name"":""会計年度任用職員の人件費（高齢福祉部）"",""source_file"":""ippansaisyutu.csv"",""source_row_number"":9645}],""same_budget_item_other_program_names"":[""介護保険事業会計関係事務従事職員の人件費"",""介護保険事業会計関係職員の人件費""],""related_revenues"":[{""revenue_detail_id"":""rd_2026_long_term_care_insurance_revenue_48_01_02_02_02_3645200000"",""revenue_hierarchy"":[""繰入金"",""一般会計繰入金"",""その他一般会計繰入金"",""事務費繰入金"",""一般管理""],""amount_attribution_status"":""not_available""},{""revenue_detail_id"":""rd_2026_long_term_care_insurance_revenue_50_04_05_01_08_3645100000"",""revenue_hierarchy"":[""諸収入"",""雑入"",""納付金"",""納付金"",""会計年度任用職員社会保険料（高齢福祉部）""],""amount_attribution_status"":""not_available""}]}","high","approve","B_strong_structural・確信度highの一括承認ルールにより承認"
"bpi_b20577636fe2f4187fd662b1f0fc27c1a15b49e5c5e258c012206f3f329eb489","会計年度任用職員の人件費（子ども・若者部）","一般会計","職員費","職員費","民生職員費","子ども・若者部 子ども・若者支援課","273208","福祉・保健・社会保障を支える行政","supports","公式予算の職員費で民生職員費または衛生職員費に属するため、福祉・保健・社会保障に関する行政機能を支える予算事業として整理した。","B_strong_structural","{""matched_rule_id"":""welfare-health-staff-official-hierarchy"",""budget_item_key"":""2026_general_expenditure_09_01_03"",""identity_fields"":{""display_program_name"":""会計年度任用職員の人件費（子ども・若者部）"",""hierarchy"":[""職員費"",""職員費"",""民生職員費""],""department_display_name"":""子ども・若者部 子ども・若者支援課"",""amount_thousand_yen"":273208},""member_programs"":[{""program_id"":""2026_general_expenditure_09_01_03_01_18_01"",""major_program_name"":""民生関係事務従事職員の人件費"",""budget_program_name"":""会計年度任用職員の人件費（子ども・若者部）"",""detail_program_name"":""会計年度任用職員の人件費（子ども・若者部）"",""source_file"":""ippansaisyutu.csv"",""source_row_number"":9798},{""program_id"":""2026_general_expenditure_09_01_03_01_23_01"",""major_program_name"":""民生関係事務従事職員の人件費"",""budget_program_name"":""会計年度任用職員の人件費（子ども・若者部）"",""detail_program_name"":""会計年度任用職員の人件費（子ども・若者部）"",""source_file"":""ippansaisyutu.csv"",""source_row_number"":9800}],""same_budget_item_other_program_names"":[""会計年度任用職員の人件費（烏山総合支所）"",""会計年度任用職員の人件費（砧総合支所）"",""会計年度任用職員の人件費（玉川総合支所）"",""会計年度任用職員の人件費（高齢福祉部）"",""会計年度任用職員の人件費（子ども・若者部（２））"",""会計年度任用職員の人件費（児童相談所）"",""会計年度任用職員の人件費（障害福祉部）"",""会計年度任用職員の人件費（世田谷総合支所）"",""会計年度任用職員の人件費（保健福祉政策部）"",""会計年度任用職員の人件費（北沢総合支所）"",""民生関係事務従事職員の人件費""],""related_revenues"":[{""revenue_detail_id"":""rd_2026_general_revenue_13_02_01_78_30_3665570000"",""revenue_hierarchy"":[""国庫支出金"",""国庫補助金"",""民生費補助金"",""重層的支援体制整備事業"",""利用者支援事業（こども家庭センター型）""],""amount_attribution_status"":""not_available""},{""revenue_detail_id"":""rd_2026_general_revenue_14_02_02_68_30_3665500000"",""revenue_hierarchy"":[""都支出金"",""都補助金"",""民生費補助金"",""子供家庭支援区市町村包括補助事業"",""発達支援親子グループ事業""],""amount_attribution_status"":""not_available""},{""revenue_detail_id"":""rd_2026_general_revenue_14_02_08_68_06_3665150000"",""revenue_hierarchy"":[""都支出金"",""都補助金"",""民生費補助金（２）"",""子供家庭支援区市町村包括補助事業（２）"",""子どもの権利擁護""],""amount_attribution_status"":""not_available""},{""revenue_detail_id"":""rd_2026_general_revenue_19_06_04_06_19_3665150000"",""revenue_hierarchy"":[""諸収入"",""雑入"",""納付金"",""納付金（３）"",""会計年度任用職員社会保険料（子ども・若者部）""],""amount_attribution_status"":""not_available""},{""revenue_detail_id"":""rd_2026_general_revenue_19_06_04_06_62_3665150000"",""revenue_hierarchy"":[""諸収入"",""雑入"",""納付金"",""納付金（３）"",""会計年度任用職員社会保険料（子ども・若者部）""],""amount_attribution_status"":""not_available""}]}","high","approve","B_strong_structural・確信度highの一括承認ルールにより承認"
"bpi_919a4c87bb7f42054862aede62d91e52e1840380f8a13c2e3fc46ce2a2c9d5d4","地域包括支援センター障害者・子育て家庭等相談事業","一般会計","民生費","社会福祉費","高齢者福祉費","高齢福祉部 介護予防・支援課","272887","福祉・保健・社会保障を支える行政","supports","公式予算で民生費の社会福祉費または生活保護費に属するため、福祉・社会保障に関する行政機能を支える予算事業として整理した。これはみらい議会の探索用整理であり、区の公式な課題分類ではない。","B_strong_structural","{""matched_rule_id"":""social-welfare-official-hierarchy"",""budget_item_key"":""2026_general_expenditure_03_01_02"",""identity_fields"":{""display_program_name"":""地域包括支援センター障害者・子育て家庭等相談事業"",""hierarchy"":[""民生費"",""社会福祉費"",""高齢者福祉費""],""department_display_name"":""高齢福祉部 介護予防・支援課"",""amount_thousand_yen"":272887},""member_programs"":[{""program_id"":""2026_general_expenditure_03_01_02_05_16_01"",""major_program_name"":""その他の高齢者福祉事業費"",""budget_program_name"":""地域包括支援センター障害者・子育て家庭等相談事業"",""detail_program_name"":""地域包括支援センター障害者・子育て家庭等相談事業"",""source_file"":""ippansaisyutu.csv"",""source_row_number"":9686}],""same_budget_item_other_program_names"":[""あんしん見守り事業"",""シニアボランティアポイント事業"",""ひとりぐらし高齢者の安全確保"",""ひとりぐらし高齢者見守り機器補助事業"",""ひとりぐらし高齢者等状況把握"",""一時生活援助施設運営"",""一般介護予防事業"",""介護予防施策推進事業"",""慶祝事業"",""高齢者おむつ支給"",""高齢者コミュニケーションサービス"",""高齢者スマートフォン購入費助成"",""高齢者はり・灸・マッサージサービス"",""高齢者会食サービス"",""高齢者在宅サービスセンター維持管理"",""高齢者住宅改修助成"",""高齢者寝具乾燥・訪問理美容サービス"",""高齢者補聴器購入費助成"",""支えあいミニデイ支援の推進"",""生活支援体制整備事業"",""生計困難者負担軽減事業"",""地域包括支援センター運営委託"",""地域包括支援センター事務委託"",""地域包括支援センター認知症社会参加推進事業"",""認知症在宅生活サポートセンター認知症社会参加推進事業"",""認知症施策運営事業"",""福祉緊急対応"",""民生委員ふれあい訪問"",""養護老人ホーム入所措置""],""related_revenues"":[]}","high","approve","B_strong_structural・確信度highの一括承認ルールにより承認"
"bpi_84db005bec9d673a603cd4cba87d1b28eb17619e62b0860a0501cdead2c76fbb","出産育児一時金","国民健康保険事業会計","保険給付費","出産育児費","出産育児一時金","保健福祉政策部 国保・年金課","260500","福祉・保健・社会保障を支える行政","supports","公式予算で国民健康保険、後期高齢者医療、介護保険の特別会計に属するため、社会保障に関する行政機能を支える予算事業として整理した。","B_strong_structural","{""matched_rule_id"":""social-insurance-accounts-official-hierarchy"",""budget_item_key"":""2026_national_health_insurance_expenditure_22_03_02"",""identity_fields"":{""display_program_name"":""出産育児一時金"",""hierarchy"":[""保険給付費"",""出産育児費"",""出産育児一時金""],""department_display_name"":""保健福祉政策部 国保・年金課"",""amount_thousand_yen"":260500},""member_programs"":[{""program_id"":""2026_national_health_insurance_expenditure_22_03_02_01_01_14"",""major_program_name"":""出産育児一時金"",""budget_program_name"":""出産育児一時金"",""detail_program_name"":""出産育児一時金"",""source_file"":""ippansaisyutu.csv"",""source_row_number"":9584}],""same_budget_item_other_program_names"":[],""related_revenues"":[{""revenue_detail_id"":""rd_2026_national_health_insurance_revenue_21_01_01_01_12_3595400000"",""revenue_hierarchy"":[""国民健康保険料"",""国民健康保険料"",""国民健康保険料"",""医療給付費分現年分"",""出産育児一時金""],""amount_attribution_status"":""not_available""}]}","high","approve","B_strong_structural・確信度highの一括承認ルールにより承認"
"bpi_77d59782515a17cd77cfbe4f459e7605e4b1e5a8ebe5e13a1b6bf44ae3a4e97b","重層的支援体制整備事業繰出金","介護保険事業会計","諸支出金","繰出金","他会計繰出金","高齢福祉部 介護保険課","255661","福祉・保健・社会保障を支える行政","supports","公式予算で国民健康保険、後期高齢者医療、介護保険の特別会計に属するため、社会保障に関する行政機能を支える予算事業として整理した。","B_strong_structural","{""matched_rule_id"":""social-insurance-accounts-official-hierarchy"",""budget_item_key"":""2026_long_term_care_insurance_expenditure_48_02_01"",""identity_fields"":{""display_program_name"":""重層的支援体制整備事業繰出金"",""hierarchy"":[""諸支出金"",""繰出金"",""他会計繰出金""],""department_display_name"":""高齢福祉部 介護保険課"",""amount_thousand_yen"":255661},""member_programs"":[{""program_id"":""2026_long_term_care_insurance_expenditure_48_02_01_01_01_01"",""major_program_name"":""一般会計繰出金"",""budget_program_name"":""重層的支援体制整備事業繰出金"",""detail_program_name"":""重層的支援体制整備事業繰出金"",""source_file"":""ippansaisyutu.csv"",""source_row_number"":9679}],""same_budget_item_other_program_names"":[],""related_revenues"":[{""revenue_detail_id"":""rd_2026_long_term_care_insurance_revenue_41_01_01_01_67_3645200000"",""revenue_hierarchy"":[""保険料"",""介護保険料"",""第１号被保険者保険料"",""現年度分特別徴収分"",""重層的支援体制整備事業繰出金""],""amount_attribution_status"":""not_available""},{""revenue_detail_id"":""rd_2026_long_term_care_insurance_revenue_43_02_16_01_04_3645200000"",""revenue_hierarchy"":[""国庫支出金"",""国庫補助金"",""保険者機能強化推進交付金"",""保険者機能強化推進交付金"",""重層的支援体制整備事業繰出金""],""amount_attribution_status"":""not_available""},{""revenue_detail_id"":""rd_2026_long_term_care_insurance_revenue_44_01_03_01_10_3645200000"",""revenue_hierarchy"":[""支払基金交付金"",""支払基金交付金"",""地域支援事業支援交付金（介護予防・日常生活支援総合事業）"",""現年度分"",""重層的支援体制整備事業繰出金""],""amount_attribution_status"":""not_available""}]}","high","approve","B_strong_structural・確信度highの一括承認ルールにより承認"
"bpi_7b131f4de76f3f4dccf996785b67622db5b130d7c116eb23fd4c49740dc57596","サービス・活動事業","介護保険事業会計","地域支援事業費","介護予防・日常生活支援総合事業費","介護予防・日常生活支援総合事業費","高齢福祉部 介護予防・支援課","249630","福祉・保健・社会保障を支える行政","supports","公式予算で国民健康保険、後期高齢者医療、介護保険の特別会計に属するため、社会保障に関する行政機能を支える予算事業として整理した。","B_strong_structural","{""matched_rule_id"":""social-insurance-accounts-official-hierarchy"",""budget_item_key"":""2026_long_term_care_insurance_expenditure_49_03_01"",""identity_fields"":{""display_program_name"":""サービス・活動事業"",""hierarchy"":[""地域支援事業費"",""介護予防・日常生活支援総合事業費"",""介護予防・日常生活支援総合事業費""],""department_display_name"":""高齢福祉部 介護予防・支援課"",""amount_thousand_yen"":249630},""member_programs"":[{""program_id"":""2026_long_term_care_insurance_expenditure_49_03_01_01_06_01"",""major_program_name"":""介護予防・日常生活支援総合事業費"",""budget_program_name"":""サービス・活動事業"",""detail_program_name"":""サービス・活動事業"",""source_file"":""ippansaisyutu.csv"",""source_row_number"":9699}],""same_budget_item_other_program_names"":[""一般介護予防事業"",""高額介護サービス費相当等事業費"",""総合事業指定事業者実施サービス等諸費""],""related_revenues"":[{""revenue_detail_id"":""rd_2026_long_term_care_insurance_revenue_41_01_01_01_57_3645300000"",""revenue_hierarchy"":[""保険料"",""介護保険料"",""第１号被保険者保険料"",""現年度分特別徴収分"",""サービス・活動事業""],""amount_attribution_status"":""not_available""},{""revenue_detail_id"":""rd_2026_long_term_care_insurance_revenue_43_02_01_01_34_3645300000"",""revenue_hierarchy"":[""国庫支出金"",""国庫補助金"",""調整交付金"",""現年度分"",""サービス・活動事業（調整）""],""amount_attribution_status"":""not_available""},{""revenue_detail_id"":""rd_2026_long_term_care_insurance_revenue_43_02_14_01_11_3645300000"",""revenue_hierarchy"":[""国庫支出金"",""国庫補助金"",""地域支援事業交付金（介護予防・日常生活支援総合事業）"",""現年度分"",""サービス・活動事業（地域支援）""],""amount_attribution_status"":""not_available""},{""revenue_detail_id"":""rd_2026_long_term_care_insurance_revenue_43_02_17_01_02_3645300000"",""revenue_hierarchy"":[""国庫支出金"",""国庫補助金"",""介護保険保険者努力支援交付金"",""介護保険保険者努力支援交付金"",""サービス・活動事業""],""amount_attribution_status"":""not_available""},{""revenue_detail_id"":""rd_2026_long_term_care_insurance_revenue_44_01_03_01_05_3645300000"",""revenue_hierarchy"":[""支払基金交付金"",""支払基金交付金"",""地域支援事業支援交付金（介護予防・日常生活支援総合事業）"",""現年度分"",""サービス・活動事業""],""amount_attribution_status"":""not_available""},{""revenue_detail_id"":""rd_2026_long_term_care_insurance_revenue_45_03_08_01_05_3645300000"",""revenue_hierarchy"":[""都支出金"",""都補助金"",""地域支援事業交付金（介護予防・日常生活支援総合事業）"",""現年度分"",""サービス・活動事業""],""amount_attribution_status"":""not_available""},{""revenue_detail_id"":""rd_2026_long_term_care_insurance_revenue_48_01_05_01_05_3645300000"",""revenue_hierarchy"":[""繰入金"",""一般会計繰入金"",""地域支援事業繰入金（介護予防・日常生活支援総合事業）"",""現年度分"",""サービス・活動事業""],""amount_attribution_status"":""not_available""},{""revenue_detail_id"":""rd_2026_long_term_care_insurance_revenue_50_04_04_01_17_3645300000"",""revenue_hierarchy"":[""諸収入"",""雑入"",""雑入"",""雑入"",""介護予防ケアマネジメント費返還金""],""amount_attribution_status"":""not_available""}]}","high","approve","B_strong_structural・確信度highの一括承認ルールにより承認"
"bpi_c72aec3eef1d2bf1b5315b3883b1edd23758d66c7647a8b2bfaf275aaa896f9b","介護予防サービス計画給付費","介護保険事業会計","保険給付費","介護予防サービス等諸費","介護予防サービス計画給付費","高齢福祉部 介護保険課","243457","福祉・保健・社会保障を支える行政","supports","公式予算で国民健康保険、後期高齢者医療、介護保険の特別会計に属するため、社会保障に関する行政機能を支える予算事業として整理した。","B_strong_structural","{""matched_rule_id"":""social-insurance-accounts-official-hierarchy"",""budget_item_key"":""2026_long_term_care_insurance_expenditure_42_06_05"",""identity_fields"":{""display_program_name"":""介護予防サービス計画給付費"",""hierarchy"":[""保険給付費"",""介護予防サービス等諸費"",""介護予防サービス計画給付費""],""department_display_name"":""高齢福祉部 介護保険課"",""amount_thousand_yen"":243457},""member_programs"":[{""program_id"":""2026_long_term_care_insurance_expenditure_42_06_05_01_01_01"",""major_program_name"":""介護予防サービス計画給付費"",""budget_program_name"":""介護予防サービス計画給付費"",""detail_program_name"":""介護予防サービス計画給付費"",""source_file"":""ippansaisyutu.csv"",""source_row_number"":9669}],""same_budget_item_other_program_names"":[],""related_revenues"":[{""revenue_detail_id"":""rd_2026_long_term_care_insurance_revenue_41_01_01_01_23_3645200000"",""revenue_hierarchy"":[""保険料"",""介護保険料"",""第１号被保険者保険料"",""現年度分特別徴収分"",""介護予防サービス計画給付費""],""amount_attribution_status"":""not_available""},{""revenue_detail_id"":""rd_2026_long_term_care_insurance_revenue_43_01_01_01_20_3645200000"",""revenue_hierarchy"":[""国庫支出金"",""国庫負担金"",""介護給付費負担金"",""現年度分"",""介護予防サービス計画給付費""],""amount_attribution_status"":""not_available""},{""revenue_detail_id"":""rd_2026_long_term_care_insurance_revenue_43_02_01_01_20_3645200000"",""revenue_hierarchy"":[""国庫支出金"",""国庫補助金"",""調整交付金"",""現年度分"",""介護予防サービス計画給付費""],""amount_attribution_status"":""not_available""},{""revenue_detail_id"":""rd_2026_long_term_care_insurance_revenue_44_01_01_01_20_3645200000"",""revenue_hierarchy"":[""支払基金交付金"",""支払基金交付金"",""介護給付費交付金"",""現年度分"",""介護予防サービス計画給付費""],""amount_attribution_status"":""not_available""},{""revenue_detail_id"":""rd_2026_long_term_care_insurance_revenue_45_01_01_01_20_3645200000"",""revenue_hierarchy"":[""都支出金"",""都負担金"",""介護給付費負担金"",""現年度分"",""介護予防サービス計画給付費""],""amount_attribution_status"":""not_available""},{""revenue_detail_id"":""rd_2026_long_term_care_insurance_revenue_48_01_01_01_21_3645200000"",""revenue_hierarchy"":[""繰入金"",""一般会計繰入金"",""介護給付費繰入金"",""現年度分"",""介護予防サービス計画給付費""],""amount_attribution_status"":""not_available""}]}","high","approve","B_strong_structural・確信度highの一括承認ルールにより承認"
"bpi_d93b80ccb9ec7e8eaf42d543616a848af4bcefc24aa551d52506adcd10a64c29","保険料滞納整理","国民健康保険事業会計","総務費","総務管理費","一般管理費","保健福祉政策部 保険料収納課","242205","福祉・保健・社会保障を支える行政","supports","公式予算で国民健康保険、後期高齢者医療、介護保険の特別会計に属するため、社会保障に関する行政機能を支える予算事業として整理した。","B_strong_structural","{""matched_rule_id"":""social-insurance-accounts-official-hierarchy"",""budget_item_key"":""2026_national_health_insurance_expenditure_21_01_01"",""identity_fields"":{""display_program_name"":""保険料滞納整理"",""hierarchy"":[""総務費"",""総務管理費"",""一般管理費""],""department_display_name"":""保健福祉政策部 保険料収納課"",""amount_thousand_yen"":242205},""member_programs"":[{""program_id"":""2026_national_health_insurance_expenditure_21_01_01_01_04_01"",""major_program_name"":""国民健康保険事業運営費"",""budget_program_name"":""保険料滞納整理"",""detail_program_name"":""保険料滞納整理"",""source_file"":""ippansaisyutu.csv"",""source_row_number"":9611}],""same_budget_item_other_program_names"":[""国民健康保険事業管理運営""],""related_revenues"":[{""revenue_detail_id"":""rd_2026_national_health_insurance_revenue_26_02_03_02_03_3595500000"",""revenue_hierarchy"":[""都支出金"",""都補助金"",""保険給付費等交付金"",""特別交付金"",""特別調整交付金（保険料滞納整理）""],""amount_attribution_status"":""not_available""},{""revenue_detail_id"":""rd_2026_national_health_insurance_revenue_26_02_03_02_09_3595500000"",""revenue_hierarchy"":[""都支出金"",""都補助金"",""保険給付費等交付金"",""特別交付金"",""都繰入金２号分（保険料滞納整理）""],""amount_attribution_status"":""not_available""},{""revenue_detail_id"":""rd_2026_national_health_insurance_revenue_27_01_01_04_11_3595500000"",""revenue_hierarchy"":[""繰入金"",""一般会計繰入金"",""一般会計繰入金"",""職員給与費等繰入金"",""一般管理（保険料滞納整理）""],""amount_attribution_status"":""not_available""}]}","high","approve","B_strong_structural・確信度highの一括承認ルールにより承認"
"bpi_39f33316f7c3f0fe81262ff79ad9f9259a63383b127a6984358a1092d40a0451","帯状疱疹予防接種助成","一般会計","衛生費","公衆衛生費","感染症予防費","世田谷保健所 感染症対策課","236206","福祉・保健・社会保障を支える行政","supports","公式予算で衛生費に属するため、保健・公衆衛生に関する行政機能を支える予算事業として整理した。","B_strong_structural","{""matched_rule_id"":""public-health-official-hierarchy"",""budget_item_key"":""2026_general_expenditure_05_03_07"",""identity_fields"":{""display_program_name"":""帯状疱疹予防接種助成"",""hierarchy"":[""衛生費"",""公衆衛生費"",""感染症予防費""],""department_display_name"":""世田谷保健所 感染症対策課"",""amount_thousand_yen"":236206},""member_programs"":[{""program_id"":""2026_general_expenditure_05_03_07_02_09_01"",""major_program_name"":""感染症予防事業費"",""budget_program_name"":""帯状疱疹予防接種助成"",""detail_program_name"":""帯状疱疹予防接種助成"",""source_file"":""ippansaisyutu.csv"",""source_row_number"":9921}],""same_budget_item_other_program_names"":[""おたふくかぜ予防接種助成"",""感染症対策"",""結核対策"",""高齢者インフルエンザ予防接種"",""高齢者新型コロナ予防接種"",""高齢者肺炎球菌予防接種"",""子どもインフルエンザ予防接種助成"",""男性ＨＰＶ予防接種助成"",""定期及臨時予防接種"",""難病・被爆者対策"",""風しん抗体検査・予防接種""],""related_revenues"":[{""revenue_detail_id"":""rd_2026_general_revenue_19_04_04_04_07_3785250000"",""revenue_hierarchy"":[""諸収入"",""受託事業収入"",""衛生費受託収入"",""感染症予防費"",""帯状疱疹予防接種受託収入""],""amount_attribution_status"":""not_available""}]}","high","approve","B_strong_structural・確信度highの一括承認ルールにより承認"
"bpi_ad89754ffc3ce0f627bbb49195e0ef02db1d4078442edfb002ebbd73d2a67427","子どもインフルエンザ予防接種助成","一般会計","衛生費","公衆衛生費","感染症予防費","世田谷保健所 感染症対策課","229230","福祉・保健・社会保障を支える行政","supports","公式予算で衛生費に属するため、保健・公衆衛生に関する行政機能を支える予算事業として整理した。","B_strong_structural","{""matched_rule_id"":""public-health-official-hierarchy"",""budget_item_key"":""2026_general_expenditure_05_03_07"",""identity_fields"":{""display_program_name"":""子どもインフルエンザ予防接種助成"",""hierarchy"":[""衛生費"",""公衆衛生費"",""感染症予防費""],""department_display_name"":""世田谷保健所 感染症対策課"",""amount_thousand_yen"":229230},""member_programs"":[{""program_id"":""2026_general_expenditure_05_03_07_02_03_01"",""major_program_name"":""感染症予防事業費"",""budget_program_name"":""子どもインフルエンザ予防接種助成"",""detail_program_name"":""子どもインフルエンザ予防接種助成"",""source_file"":""ippansaisyutu.csv"",""source_row_number"":9918}],""same_budget_item_other_program_names"":[""おたふくかぜ予防接種助成"",""感染症対策"",""結核対策"",""高齢者インフルエンザ予防接種"",""高齢者新型コロナ予防接種"",""高齢者肺炎球菌予防接種"",""帯状疱疹予防接種助成"",""男性ＨＰＶ予防接種助成"",""定期及臨時予防接種"",""難病・被爆者対策"",""風しん抗体検査・予防接種""],""related_revenues"":[{""revenue_detail_id"":""rd_2026_general_revenue_13_02_03_16_08_3785250000"",""revenue_hierarchy"":[""国庫支出金"",""国庫補助金"",""衛生費補助金"",""感染症予防事業費"",""疾病予防対策事業費（子どもインフルエンザ）""],""amount_attribution_status"":""not_available""},{""revenue_detail_id"":""rd_2026_general_revenue_14_02_04_41_01_3785250000"",""revenue_hierarchy"":[""都支出金"",""都補助金"",""衛生費補助金"",""小児インフルエンザワクチン任意接種補助事業"",""小児インフルエンザワクチン任意接種補助事業""],""amount_attribution_status"":""not_available""}]}","high","approve","B_strong_structural・確信度highの一括承認ルールにより承認"
"bpi_6d4dcae0b0c2dd6f29b9aa89a75555f03c4c9a6a030f36453a05dc2227966192","障害者短期入所等事業","一般会計","民生費","社会福祉費","障害者施設費","障害福祉部 障害地域生活課","226622","福祉・保健・社会保障を支える行政","supports","公式予算で民生費の社会福祉費または生活保護費に属するため、福祉・社会保障に関する行政機能を支える予算事業として整理した。これはみらい議会の探索用整理であり、区の公式な課題分類ではない。","B_strong_structural","{""matched_rule_id"":""social-welfare-official-hierarchy"",""budget_item_key"":""2026_general_expenditure_03_01_16"",""identity_fields"":{""display_program_name"":""障害者短期入所等事業"",""hierarchy"":[""民生費"",""社会福祉費"",""障害者施設費""],""department_display_name"":""障害福祉部 障害地域生活課"",""amount_thousand_yen"":226622},""member_programs"":[{""program_id"":""2026_general_expenditure_03_01_16_03_05_01"",""major_program_name"":""障害者施設充実費"",""budget_program_name"":""障害者短期入所等事業"",""detail_program_name"":""障害者短期入所等事業"",""source_file"":""ippansaisyutu.csv"",""source_row_number"":9754}],""same_budget_item_other_program_names"":[""グループホーム運営助成"",""児童発達支援運営"",""就労移行・継続支援事業運営"",""重症心身障害児（者）通園施設運営助成"",""障害施設維持管理"",""障害児施設維持管理"",""障害児施設改修"",""障害者休養ホームひまわり荘運営管理"",""障害者施設改修"",""障害者施設等運営助成"",""障害者自立体験等運営事業"",""障害者授産事業"",""障害者就労促進事業"",""生活介護事業運営"",""地域活動支援センター運営助成"",""配慮を要する児童への支援事業"",""梅ヶ丘拠点障害児通所事業運営助成"",""梅ヶ丘拠点障害者支援施設運営助成"",""福祉施設等送迎バスのネットワーク運行"",""放課後等デイサービス運営助成""],""related_revenues"":[{""revenue_detail_id"":""rd_2026_general_revenue_13_02_01_32_19_3655200000"",""revenue_hierarchy"":[""国庫支出金"",""国庫補助金"",""民生費補助金"",""地域生活支援事業費"",""日中一時支援（短期入所）""],""amount_attribution_status"":""not_available""},{""revenue_detail_id"":""rd_2026_general_revenue_14_02_02_37_18_3655200000"",""revenue_hierarchy"":[""都支出金"",""都補助金"",""民生費補助金"",""地域生活支援事業費"",""日中一時支援（短期入所）""],""amount_attribution_status"":""not_available""},{""revenue_detail_id"":""rd_2026_general_revenue_19_06_09_05_90_3655200000"",""revenue_hierarchy"":[""諸収入"",""雑入"",""雑入"",""光熱水費等負担金"",""なかまっち日中ショート事業""],""amount_attribution_status"":""not_available""},{""revenue_detail_id"":""rd_2026_general_revenue_19_06_11_01_04_3655200000"",""revenue_hierarchy"":[""諸収入"",""雑入"",""自立支援給付サービス収入（２）"",""利用者負担金"",""なかまっち""],""amount_attribution_status"":""not_available""},{""revenue_detail_id"":""rd_2026_general_revenue_19_06_11_01_05_3655200000"",""revenue_hierarchy"":[""諸収入"",""雑入"",""自立支援給付サービス収入（２）"",""利用者負担金"",""松原けやき寮""],""amount_attribution_status"":""not_available""},{""revenue_detail_id"":""rd_2026_general_revenue_19_06_11_01_52_3655200000"",""revenue_hierarchy"":[""諸収入"",""雑入"",""自立支援給付サービス収入（２）"",""利用者負担金"",""なかまっち賄費""],""amount_attribution_status"":""not_available""},{""revenue_detail_id"":""rd_2026_general_revenue_19_06_11_01_53_3655200000"",""revenue_hierarchy"":[""諸収入"",""雑入"",""自立支援給付サービス収入（２）"",""利用者負担金"",""松原けやき寮賄費""],""amount_attribution_status"":""not_available""},{""revenue_detail_id"":""rd_2026_general_revenue_19_06_11_02_04_3655200000"",""revenue_hierarchy"":[""諸収入"",""雑入"",""自立支援給付サービス収入（２）"",""自立支援サービス収入"",""なかまっち""],""amount_attribution_status"":""not_available""},{""revenue_detail_id"":""rd_2026_general_revenue_19_06_11_02_05_3655200000"",""revenue_hierarchy"":[""諸収入"",""雑入"",""自立支援給付サービス収入（２）"",""自立支援サービス収入"",""松原けやき寮""],""amount_attribution_status"":""not_available""}]}","high","approve","B_strong_structural・確信度highの一括承認ルールにより承認"
"bpi_9aa29a81195366086b47888f03521abd0e30363ba6eeba778366f565cfa02afc","一般介護予防事業","介護保険事業会計","地域支援事業費","介護予防・日常生活支援総合事業費","介護予防・日常生活支援総合事業費","高齢福祉部 介護予防・支援課","223985","福祉・保健・社会保障を支える行政","supports","公式予算で国民健康保険、後期高齢者医療、介護保険の特別会計に属するため、社会保障に関する行政機能を支える予算事業として整理した。","B_strong_structural","{""matched_rule_id"":""social-insurance-accounts-official-hierarchy"",""budget_item_key"":""2026_long_term_care_insurance_expenditure_49_03_01"",""identity_fields"":{""display_program_name"":""一般介護予防事業"",""hierarchy"":[""地域支援事業費"",""介護予防・日常生活支援総合事業費"",""介護予防・日常生活支援総合事業費""],""department_display_name"":""高齢福祉部 介護予防・支援課"",""amount_thousand_yen"":223985},""member_programs"":[{""program_id"":""2026_long_term_care_insurance_expenditure_49_03_01_01_05_01"",""major_program_name"":""介護予防・日常生活支援総合事業費"",""budget_program_name"":""一般介護予防事業"",""detail_program_name"":""一般介護予防事業"",""source_file"":""ippansaisyutu.csv"",""source_row_number"":9698}],""same_budget_item_other_program_names"":[""サービス・活動事業"",""高額介護サービス費相当等事業費"",""総合事業指定事業者実施サービス等諸費""],""related_revenues"":[{""revenue_detail_id"":""rd_2026_long_term_care_insurance_revenue_43_02_01_01_35_3645300000"",""revenue_hierarchy"":[""国庫支出金"",""国庫補助金"",""調整交付金"",""現年度分"",""一般介護予防事業（調整）""],""amount_attribution_status"":""not_available""},{""revenue_detail_id"":""rd_2026_long_term_care_insurance_revenue_43_02_14_01_12_3645300000"",""revenue_hierarchy"":[""国庫支出金"",""国庫補助金"",""地域支援事業交付金（介護予防・日常生活支援総合事業）"",""現年度分"",""一般介護予防事業（地域支援）""],""amount_attribution_status"":""not_available""},{""revenue_detail_id"":""rd_2026_long_term_care_insurance_revenue_43_02_17_01_01_3645300000"",""revenue_hierarchy"":[""国庫支出金"",""国庫補助金"",""介護保険保険者努力支援交付金"",""介護保険保険者努力支援交付金"",""一般介護予防事業""],""amount_attribution_status"":""not_available""},{""revenue_detail_id"":""rd_2026_long_term_care_insurance_revenue_44_01_03_01_07_3645300000"",""revenue_hierarchy"":[""支払基金交付金"",""支払基金交付金"",""地域支援事業支援交付金（介護予防・日常生活支援総合事業）"",""現年度分"",""一般介護予防事業""],""amount_attribution_status"":""not_available""},{""revenue_detail_id"":""rd_2026_long_term_care_insurance_revenue_45_03_08_01_07_3645300000"",""revenue_hierarchy"":[""都支出金"",""都補助金"",""地域支援事業交付金（介護予防・日常生活支援総合事業）"",""現年度分"",""一般介護予防事業""],""amount_attribution_status"":""not_available""},{""revenue_detail_id"":""rd_2026_long_term_care_insurance_revenue_48_01_05_01_08_3645300000"",""revenue_hierarchy"":[""繰入金"",""一般会計繰入金"",""地域支援事業繰入金（介護予防・日常生活支援総合事業）"",""現年度分"",""一般介護予防事業""],""amount_attribution_status"":""not_available""}]}","high","approve","B_strong_structural・確信度highの一括承認ルールにより承認"
"bpi_adacda5bb8de766bbf4583a979a011dc53f5e0eee717080a7ceb793455d1e2fb","保健センター事業運営","一般会計","衛生費","衛生管理費","保健センター費","世田谷保健所 健康企画課","220893","福祉・保健・社会保障を支える行政","supports","公式予算で衛生費に属するため、保健・公衆衛生に関する行政機能を支える予算事業として整理した。","B_strong_structural","{""matched_rule_id"":""public-health-official-hierarchy"",""budget_item_key"":""2026_general_expenditure_05_01_04"",""identity_fields"":{""display_program_name"":""保健センター事業運営"",""hierarchy"":[""衛生費"",""衛生管理費"",""保健センター費""],""department_display_name"":""世田谷保健所 健康企画課"",""amount_thousand_yen"":220893},""member_programs"":[{""program_id"":""2026_general_expenditure_05_01_04_01_02_01"",""major_program_name"":""保健センター維持運営費"",""budget_program_name"":""保健センター事業運営"",""detail_program_name"":""保健センター事業運営"",""source_file"":""ippansaisyutu.csv"",""source_row_number"":9876}],""same_budget_item_other_program_names"":[""保健センター維持運営""],""related_revenues"":[{""revenue_detail_id"":""rd_2026_general_revenue_12_01_03_02_03_3785100000"",""revenue_hierarchy"":[""使用料及手数料"",""使用料"",""衛生使用料"",""保健センター"",""健康増進""],""amount_attribution_status"":""not_available""}]}","high","approve","B_strong_structural・確信度highの一括承認ルールにより承認"
"bpi_15f6172ffc59ab9d91e559c256c47fead6f619da28606761e4e02776d6576268","審査支払手数料","国民健康保険事業会計","保険給付費","療養諸費","審査支払手数料","保健福祉政策部 国保・年金課","217239","福祉・保健・社会保障を支える行政","supports","公式予算で国民健康保険、後期高齢者医療、介護保険の特別会計に属するため、社会保障に関する行政機能を支える予算事業として整理した。","B_strong_structural","{""matched_rule_id"":""social-insurance-accounts-official-hierarchy"",""budget_item_key"":""2026_national_health_insurance_expenditure_22_01_05"",""identity_fields"":{""display_program_name"":""審査支払手数料"",""hierarchy"":[""保険給付費"",""療養諸費"",""審査支払手数料""],""department_display_name"":""保健福祉政策部 国保・年金課"",""amount_thousand_yen"":217239},""member_programs"":[{""program_id"":""2026_national_health_insurance_expenditure_22_01_05_01_01_10"",""major_program_name"":""審査支払手数料"",""budget_program_name"":""審査支払手数料"",""detail_program_name"":""審査支払手数料"",""source_file"":""ippansaisyutu.csv"",""source_row_number"":9581}],""same_budget_item_other_program_names"":[],""related_revenues"":[{""revenue_detail_id"":""rd_2026_national_health_insurance_revenue_26_02_03_01_05_3595400000"",""revenue_hierarchy"":[""都支出金"",""都補助金"",""保険給付費等交付金"",""普通交付金"",""審査支払手数料""],""amount_attribution_status"":""not_available""},{""revenue_detail_id"":""rd_2026_national_health_insurance_revenue_27_01_01_04_16_3595400000"",""revenue_hierarchy"":[""繰入金"",""一般会計繰入金"",""一般会計繰入金"",""職員給与費等繰入金"",""審査支払手数料""],""amount_attribution_status"":""not_available""}]}","high","approve","B_strong_structural・確信度highの一括承認ルールにより承認"
"bpi_180086237b7ddafd50b3a1c0c7e3ea14f117ac00c05445873d7580dbfbccd086","障害者就労促進事業","一般会計","民生費","社会福祉費","障害者施設費","障害福祉部 障害地域生活課","213992","福祉・保健・社会保障を支える行政","supports","公式予算で民生費の社会福祉費または生活保護費に属するため、福祉・社会保障に関する行政機能を支える予算事業として整理した。これはみらい議会の探索用整理であり、区の公式な課題分類ではない。","B_strong_structural","{""matched_rule_id"":""social-welfare-official-hierarchy"",""budget_item_key"":""2026_general_expenditure_03_01_16"",""identity_fields"":{""display_program_name"":""障害者就労促進事業"",""hierarchy"":[""民生費"",""社会福祉費"",""障害者施設費""],""department_display_name"":""障害福祉部 障害地域生活課"",""amount_thousand_yen"":213992},""member_programs"":[{""program_id"":""2026_general_expenditure_03_01_16_01_07_01"",""major_program_name"":""障害者更生指導事業費"",""budget_program_name"":""障害者就労促進事業"",""detail_program_name"":""障害者就労促進事業"",""source_file"":""ippansaisyutu.csv"",""source_row_number"":9743}],""same_budget_item_other_program_names"":[""グループホーム運営助成"",""児童発達支援運営"",""就労移行・継続支援事業運営"",""重症心身障害児（者）通園施設運営助成"",""障害施設維持管理"",""障害児施設維持管理"",""障害児施設改修"",""障害者休養ホームひまわり荘運営管理"",""障害者施設改修"",""障害者施設等運営助成"",""障害者自立体験等運営事業"",""障害者授産事業"",""障害者短期入所等事業"",""生活介護事業運営"",""地域活動支援センター運営助成"",""配慮を要する児童への支援事業"",""梅ヶ丘拠点障害児通所事業運営助成"",""梅ヶ丘拠点障害者支援施設運営助成"",""福祉施設等送迎バスのネットワーク運行"",""放課後等デイサービス運営助成""],""related_revenues"":[{""revenue_detail_id"":""rd_2026_general_revenue_14_02_02_44_47_3655200000"",""revenue_hierarchy"":[""都支出金"",""都補助金"",""民生費補助金"",""障害者施策推進区市町村包括補助事業費"",""障害者就労支援事業""],""amount_attribution_status"":""not_available""},{""revenue_detail_id"":""rd_2026_general_revenue_14_02_02_44_61_3655200000"",""revenue_hierarchy"":[""都支出金"",""都補助金"",""民生費補助金"",""障害者施策推進区市町村包括補助事業費"",""青年・成人期の余暇活動等支援事業（障害者就労促進事業）""],""amount_attribution_status"":""not_available""},{""revenue_detail_id"":""rd_2026_general_revenue_14_02_02_44_67_3655200000"",""revenue_hierarchy"":[""都支出金"",""都補助金"",""民生費補助金"",""障害者施策推進区市町村包括補助事業費"",""区市町村発達障害者支援体制整備推進事業（成人期支援）""],""amount_attribution_status"":""not_available""},{""revenue_detail_id"":""rd_2026_general_revenue_19_06_09_54_86_3655200000"",""revenue_hierarchy"":[""諸収入"",""雑入"",""雑入"",""光熱水費等負担金（２）"",""障害者就労支援センターすきっぷ""],""amount_attribution_status"":""not_available""}]}","high","approve","B_strong_structural・確信度highの一括承認ルールにより承認"
"bpi_3f03d32792476d76955fbfc7fb00a11d81c205d3b810e0f9cb58487821cc1277","小児慢性特定疾病医療費給付","一般会計","衛生費","公衆衛生費","母子保健費","世田谷保健所 感染症対策課","213881","福祉・保健・社会保障を支える行政","supports","公式予算で衛生費に属するため、保健・公衆衛生に関する行政機能を支える予算事業として整理した。","B_strong_structural","{""matched_rule_id"":""public-health-official-hierarchy"",""budget_item_key"":""2026_general_expenditure_05_03_05"",""identity_fields"":{""display_program_name"":""小児慢性特定疾病医療費給付"",""hierarchy"":[""衛生費"",""公衆衛生費"",""母子保健費""],""department_display_name"":""世田谷保健所 感染症対策課"",""amount_thousand_yen"":213881},""member_programs"":[{""program_id"":""2026_general_expenditure_05_03_05_01_16_01"",""major_program_name"":""母子保健指導事業費"",""budget_program_name"":""小児慢性特定疾病医療費給付"",""detail_program_name"":""小児慢性特定疾病医療費給付"",""source_file"":""ippansaisyutu.csv"",""source_row_number"":9914}],""same_budget_item_other_program_names"":[""アレルギー疾患相談"",""リプロダクティブ・ヘルス／ライツの周知啓発"",""育児不安・児童虐待防止対策"",""地域と連携した両親学級の充実"",""乳児期家庭（新生児）訪問事業"",""乳幼児健康診査"",""乳幼児歯科健康診査"",""妊産婦及び乳幼児への栄養・食生活支援事業"",""妊産婦及び乳幼児健康診査"",""妊婦健康診査"",""保健福祉センター乳幼児健康診査"",""保健福祉センター乳幼児歯科健康診査"",""母子保健知識等の普及と啓発"",""未熟児等に対する医療費公費負担""],""related_revenues"":[{""revenue_detail_id"":""rd_2026_general_revenue_13_01_02_09_01_3785250000"",""revenue_hierarchy"":[""国庫支出金"",""国庫負担金"",""衛生費負担金"",""小児慢性特定疾病医療費"",""小児慢性特定疾病医療費""],""amount_attribution_status"":""not_available""},{""revenue_detail_id"":""rd_2026_general_revenue_13_01_02_10_01_3785250000"",""revenue_hierarchy"":[""国庫支出金"",""国庫負担金"",""衛生費負担金"",""小児慢性特定疾病児童等自立支援事業費"",""小児慢性特定疾病児童等自立支援事業""],""amount_attribution_status"":""not_available""},{""revenue_detail_id"":""rd_2026_general_revenue_13_02_03_19_01_3785250000"",""revenue_hierarchy"":[""国庫支出金"",""国庫補助金"",""衛生費補助金"",""小児慢性特定疾病対策費"",""小児慢性特定疾病医療事務費""],""amount_attribution_status"":""not_available""}]}","high","approve","B_strong_structural・確信度highの一括承認ルールにより承認"
"bpi_1b8dbeef1041f1563316645117732ae7e0aae301fed2a8d47fd6f14f461e6b26","歯科保健サービスの充実","一般会計","衛生費","衛生管理費","衛生総務費","保健福祉政策部 保福推進課","212000","福祉・保健・社会保障を支える行政","supports","公式予算で衛生費に属するため、保健・公衆衛生に関する行政機能を支える予算事業として整理した。","B_strong_structural","{""matched_rule_id"":""public-health-official-hierarchy"",""budget_item_key"":""2026_general_expenditure_05_01_01"",""identity_fields"":{""display_program_name"":""歯科保健サービスの充実"",""hierarchy"":[""衛生費"",""衛生管理費"",""衛生総務費""],""department_display_name"":""保健福祉政策部 保福推進課"",""amount_thousand_yen"":212000},""member_programs"":[{""program_id"":""2026_general_expenditure_05_01_01_01_02_01"",""major_program_name"":""地域医療事業費"",""budget_program_name"":""歯科保健サービスの充実"",""detail_program_name"":""歯科保健サービスの充実"",""source_file"":""ippansaisyutu.csv"",""source_row_number"":9544}],""same_budget_item_other_program_names"":[""在宅医療の充実"",""精神障害者保健福祉手帳等進達事務"",""地域医療整備"",""保健衛生施設整備""],""related_revenues"":[{""revenue_detail_id"":""rd_2026_general_revenue_13_02_03_17_01_3595150000"",""revenue_hierarchy"":[""国庫支出金"",""国庫補助金"",""衛生費補助金"",""医療施設運営費等補助金"",""８０２０運動・口腔保健推進事業""],""amount_attribution_status"":""not_available""}]}","high","approve","B_strong_structural・確信度highの一括承認ルールにより承認"
"bpi_2eecbc741bc5086b26093044c836930023a951b047f970e084ab84fae2f0e4f7","重症心身障害児（者）通園施設運営助成","一般会計","民生費","社会福祉費","障害者施設費","障害福祉部 障害保健福祉課","211329","福祉・保健・社会保障を支える行政","supports","公式予算で民生費の社会福祉費または生活保護費に属するため、福祉・社会保障に関する行政機能を支える予算事業として整理した。これはみらい議会の探索用整理であり、区の公式な課題分類ではない。","B_strong_structural","{""matched_rule_id"":""social-welfare-official-hierarchy"",""budget_item_key"":""2026_general_expenditure_03_01_16"",""identity_fields"":{""display_program_name"":""重症心身障害児（者）通園施設運営助成"",""hierarchy"":[""民生費"",""社会福祉費"",""障害者施設費""],""department_display_name"":""障害福祉部 障害保健福祉課"",""amount_thousand_yen"":211329},""member_programs"":[{""program_id"":""2026_general_expenditure_03_01_16_01_38_01"",""major_program_name"":""障害者更生指導事業費"",""budget_program_name"":""重症心身障害児（者）通園施設運営助成"",""detail_program_name"":""重症心身障害児（者）通園施設運営助成"",""source_file"":""ippansaisyutu.csv"",""source_row_number"":9765}],""same_budget_item_other_program_names"":[""グループホーム運営助成"",""児童発達支援運営"",""就労移行・継続支援事業運営"",""障害施設維持管理"",""障害児施設維持管理"",""障害児施設改修"",""障害者休養ホームひまわり荘運営管理"",""障害者施設改修"",""障害者施設等運営助成"",""障害者自立体験等運営事業"",""障害者授産事業"",""障害者就労促進事業"",""障害者短期入所等事業"",""生活介護事業運営"",""地域活動支援センター運営助成"",""配慮を要する児童への支援事業"",""梅ヶ丘拠点障害児通所事業運営助成"",""梅ヶ丘拠点障害者支援施設運営助成"",""福祉施設等送迎バスのネットワーク運行"",""放課後等デイサービス運営助成""],""related_revenues"":[{""revenue_detail_id"":""rd_2026_general_revenue_14_02_02_44_56_3655300000"",""revenue_hierarchy"":[""都支出金"",""都補助金"",""民生費補助金"",""障害者施策推進区市町村包括補助事業費"",""重症心身障害児（者）通園施設運営事業""],""amount_attribution_status"":""not_available""}]}","high","approve","B_strong_structural・確信度highの一括承認ルールにより承認"
"bpi_4ad8bd8a05fbb52656a39ca428a447579bc051d541961f53025256c569e25bc0","生活保護法施行事務","一般会計","民生費","生活保護費","生活保護総務費","保健福祉政策部 生活福祉課","206157","福祉・保健・社会保障を支える行政","supports","公式予算で民生費の社会福祉費または生活保護費に属するため、福祉・社会保障に関する行政機能を支える予算事業として整理した。これはみらい議会の探索用整理であり、区の公式な課題分類ではない。","B_strong_structural","{""matched_rule_id"":""social-welfare-official-hierarchy"",""budget_item_key"":""2026_general_expenditure_03_03_01"",""identity_fields"":{""display_program_name"":""生活保護法施行事務"",""hierarchy"":[""民生費"",""生活保護費"",""生活保護総務費""],""department_display_name"":""保健福祉政策部 生活福祉課"",""amount_thousand_yen"":206157},""member_programs"":[{""program_id"":""2026_general_expenditure_03_03_01_01_01_01"",""major_program_name"":""生活保護法施行事務費"",""budget_program_name"":""生活保護法施行事務"",""detail_program_name"":""生活保護法施行事務"",""source_file"":""ippansaisyutu.csv"",""source_row_number"":9567}],""same_budget_item_other_program_names"":[],""related_revenues"":[{""revenue_detail_id"":""rd_2026_general_revenue_13_01_01_31_01_3595200000"",""revenue_hierarchy"":[""国庫支出金"",""国庫負担金"",""民生費負担金"",""生活困窮者自立相談支援事業費等負担金"",""被保護者就労支援事業費（生保事務）""],""amount_attribution_status"":""not_available""},{""revenue_detail_id"":""rd_2026_general_revenue_13_01_01_31_09_3595200000"",""revenue_hierarchy"":[""国庫支出金"",""国庫負担金"",""民生費負担金"",""生活困窮者自立相談支援事業費等負担金"",""被保護者健康管理支援事業費""],""amount_attribution_status"":""not_available""},{""revenue_detail_id"":""rd_2026_general_revenue_13_02_01_56_02_3595200000"",""revenue_hierarchy"":[""国庫支出金"",""国庫補助金"",""民生費補助金"",""生活困窮者就労準備支援事業費等補助金"",""生活保護適正実施推進事業""],""amount_attribution_status"":""not_available""},{""revenue_detail_id"":""rd_2026_general_revenue_13_02_01_56_12_3595200000"",""revenue_hierarchy"":[""国庫支出金"",""国庫補助金"",""民生費補助金"",""生活困窮者就労準備支援事業費等補助金"",""被保護者就労準備支援等事業（生保事務）""],""amount_attribution_status"":""not_available""}]}","high","approve","B_strong_structural・確信度highの一括承認ルールにより承認"
"bpi_202c8165a3e2ccd07743d446a27f862e570bb34389964a4a13ef25a4b84e4b45","保険料還付金","国民健康保険事業会計","諸支出金","償還金及還付加算金","保険料還付金及還付加算金","保健福祉政策部 保険料収納課","204000","福祉・保健・社会保障を支える行政","supports","公式予算で国民健康保険、後期高齢者医療、介護保険の特別会計に属するため、社会保障に関する行政機能を支える予算事業として整理した。","B_strong_structural","{""matched_rule_id"":""social-insurance-accounts-official-hierarchy"",""budget_item_key"":""2026_national_health_insurance_expenditure_27_03_01"",""identity_fields"":{""display_program_name"":""保険料還付金"",""hierarchy"":[""諸支出金"",""償還金及還付加算金"",""保険料還付金及還付加算金""],""department_display_name"":""保健福祉政策部 保険料収納課"",""amount_thousand_yen"":204000},""member_programs"":[{""program_id"":""2026_national_health_insurance_expenditure_27_03_01_01_01_01"",""major_program_name"":""保険料還付金及還付加算金"",""budget_program_name"":""保険料還付金"",""detail_program_name"":""保険料還付金"",""source_file"":""ippansaisyutu.csv"",""source_row_number"":9612}],""same_budget_item_other_program_names"":[""保険料延滞金還付金"",""保険料還付加算金""],""related_revenues"":[{""revenue_detail_id"":""rd_2026_national_health_insurance_revenue_21_01_01_01_14_3595500000"",""revenue_hierarchy"":[""国民健康保険料"",""国民健康保険料"",""国民健康保険料"",""医療給付費分現年分"",""保険料還付金（医療給付費分）""],""amount_attribution_status"":""not_available""},{""revenue_detail_id"":""rd_2026_national_health_insurance_revenue_21_01_01_03_04_3595500000"",""revenue_hierarchy"":[""国民健康保険料"",""国民健康保険料"",""国民健康保険料"",""介護納付金分現年分"",""保険料還付金（介護納付金分）""],""amount_attribution_status"":""not_available""},{""revenue_detail_id"":""rd_2026_national_health_insurance_revenue_21_01_01_05_05_3595500000"",""revenue_hierarchy"":[""国民健康保険料"",""国民健康保険料"",""国民健康保険料"",""後期高齢者支援金分現年分"",""保険料還付金（後期高齢者支援金分）""],""amount_attribution_status"":""not_available""}]}","high","approve","B_strong_structural・確信度highの一括承認ルールにより承認"
"bpi_4390775efdc0d0eb85b048d295e20deff88dec6632f44967556b0afd933f7bc3","高齢者おむつ支給","一般会計","民生費","社会福祉費","高齢者福祉費","高齢福祉部 高齢福祉課","193309","福祉・保健・社会保障を支える行政","supports","公式予算で民生費の社会福祉費または生活保護費に属するため、福祉・社会保障に関する行政機能を支える予算事業として整理した。これはみらい議会の探索用整理であり、区の公式な課題分類ではない。","B_strong_structural","{""matched_rule_id"":""social-welfare-official-hierarchy"",""budget_item_key"":""2026_general_expenditure_03_01_02"",""identity_fields"":{""display_program_name"":""高齢者おむつ支給"",""hierarchy"":[""民生費"",""社会福祉費"",""高齢者福祉費""],""department_display_name"":""高齢福祉部 高齢福祉課"",""amount_thousand_yen"":193309},""member_programs"":[{""program_id"":""2026_general_expenditure_03_01_02_04_08_01"",""major_program_name"":""高齢者生活支援事業費"",""budget_program_name"":""高齢者おむつ支給"",""detail_program_name"":""高齢者おむつ支給"",""source_file"":""ippansaisyutu.csv"",""source_row_number"":9633}],""same_budget_item_other_program_names"":[""あんしん見守り事業"",""シニアボランティアポイント事業"",""ひとりぐらし高齢者の安全確保"",""ひとりぐらし高齢者見守り機器補助事業"",""ひとりぐらし高齢者等状況把握"",""一時生活援助施設運営"",""一般介護予防事業"",""介護予防施策推進事業"",""慶祝事業"",""高齢者コミュニケーションサービス"",""高齢者スマートフォン購入費助成"",""高齢者はり・灸・マッサージサービス"",""高齢者会食サービス"",""高齢者在宅サービスセンター維持管理"",""高齢者住宅改修助成"",""高齢者寝具乾燥・訪問理美容サービス"",""高齢者補聴器購入費助成"",""支えあいミニデイ支援の推進"",""生活支援体制整備事業"",""生計困難者負担軽減事業"",""地域包括支援センター運営委託"",""地域包括支援センター事務委託"",""地域包括支援センター障害者・子育て家庭等相談事業"",""地域包括支援センター認知症社会参加推進事業"",""認知症在宅生活サポートセンター認知症社会参加推進事業"",""認知症施策運営事業"",""福祉緊急対応"",""民生委員ふれあい訪問"",""養護老人ホーム入所措置""],""related_revenues"":[]}","high","approve","B_strong_structural・確信度highの一括承認ルールにより承認"
"bpi_5ef1a8da6724c02dc4d6870b123f5f3a4d61e3411cf8ab60ee241dbcad0516c2","養護老人ホーム入所措置","一般会計","民生費","社会福祉費","高齢者福祉費","高齢福祉部 高齢福祉課","192756","福祉・保健・社会保障を支える行政","supports","公式予算で民生費の社会福祉費または生活保護費に属するため、福祉・社会保障に関する行政機能を支える予算事業として整理した。これはみらい議会の探索用整理であり、区の公式な課題分類ではない。","B_strong_structural","{""matched_rule_id"":""social-welfare-official-hierarchy"",""budget_item_key"":""2026_general_expenditure_03_01_02"",""identity_fields"":{""display_program_name"":""養護老人ホーム入所措置"",""hierarchy"":[""民生費"",""社会福祉費"",""高齢者福祉費""],""department_display_name"":""高齢福祉部 高齢福祉課"",""amount_thousand_yen"":192756},""member_programs"":[{""program_id"":""2026_general_expenditure_03_01_02_01_01_01"",""major_program_name"":""老人福祉法に基づく養護老人ホーム措置費"",""budget_program_name"":""養護老人ホーム入所措置"",""detail_program_name"":""養護老人ホーム入所措置"",""source_file"":""ippansaisyutu.csv"",""source_row_number"":9625}],""same_budget_item_other_program_names"":[""あんしん見守り事業"",""シニアボランティアポイント事業"",""ひとりぐらし高齢者の安全確保"",""ひとりぐらし高齢者見守り機器補助事業"",""ひとりぐらし高齢者等状況把握"",""一時生活援助施設運営"",""一般介護予防事業"",""介護予防施策推進事業"",""慶祝事業"",""高齢者おむつ支給"",""高齢者コミュニケーションサービス"",""高齢者スマートフォン購入費助成"",""高齢者はり・灸・マッサージサービス"",""高齢者会食サービス"",""高齢者在宅サービスセンター維持管理"",""高齢者住宅改修助成"",""高齢者寝具乾燥・訪問理美容サービス"",""高齢者補聴器購入費助成"",""支えあいミニデイ支援の推進"",""生活支援体制整備事業"",""生計困難者負担軽減事業"",""地域包括支援センター運営委託"",""地域包括支援センター事務委託"",""地域包括支援センター障害者・子育て家庭等相談事業"",""地域包括支援センター認知症社会参加推進事業"",""認知症在宅生活サポートセンター認知症社会参加推進事業"",""認知症施策運営事業"",""福祉緊急対応"",""民生委員ふれあい訪問""],""related_revenues"":[{""revenue_detail_id"":""rd_2026_general_revenue_11_01_01_01_01_3645100000"",""revenue_hierarchy"":[""分担金及負担金"",""負担金"",""民生費負担金"",""老人福祉施設費"",""養護老人ホーム入所者負担金""],""amount_attribution_status"":""not_available""}]}","high","approve","B_strong_structural・確信度highの一括承認ルールにより承認"
"bpi_4bdfb1c472d12365dcd8f798b953204c47355c5316844212c7770cc570fe17ec","後期高齢者医療会計関係事務従事職員の人件費","後期高齢者医療会計","職員費","職員費","職員費","総務部 人事課","192256","福祉・保健・社会保障を支える行政","supports","公式予算で国民健康保険、後期高齢者医療、介護保険の特別会計に属するため、社会保障に関する行政機能を支える予算事業として整理した。","B_strong_structural","{""matched_rule_id"":""social-insurance-accounts-official-hierarchy"",""budget_item_key"":""2026_latter_stage_elderly_healthcare_expenditure_64_01_01"",""identity_fields"":{""display_program_name"":""後期高齢者医療会計関係事務従事職員の人件費"",""hierarchy"":[""職員費"",""職員費"",""職員費""],""department_display_name"":""総務部 人事課"",""amount_thousand_yen"":192256},""member_programs"":[{""program_id"":""2026_latter_stage_elderly_healthcare_expenditure_64_01_01_01_01_01"",""major_program_name"":""後期高齢者医療従事職員の人件費"",""budget_program_name"":""後期高齢者医療会計関係事務従事職員の人件費"",""detail_program_name"":""後期高齢者医療会計関係事務従事職員の人件費"",""source_file"":""ippansaisyutu.csv"",""source_row_number"":9311}],""same_budget_item_other_program_names"":[""会計年度任用職員の人件費（保健福祉政策部）"",""後期高齢者医療会計関係職員の人件費""],""related_revenues"":[{""revenue_detail_id"":""rd_2026_latter_stage_elderly_healthcare_revenue_63_01_01_01_01_3595400000"",""revenue_hierarchy"":[""繰入金"",""一般会計繰入金"",""一般会計繰入金"",""職員給与費等繰入金"",""職員給与費""],""amount_attribution_status"":""not_available""}]}","high","approve","B_strong_structural・確信度highの一括承認ルールにより承認"
"bpi_74afc807dda9ded9b60e96c4d7e9fc94cf4a4c57226d3ecedbabda0275fc5c9b","梅ヶ丘拠点障害者支援施設運営助成","一般会計","民生費","社会福祉費","障害者施設費","障害福祉部 障害地域生活課","190370","福祉・保健・社会保障を支える行政","supports","公式予算で民生費の社会福祉費または生活保護費に属するため、福祉・社会保障に関する行政機能を支える予算事業として整理した。これはみらい議会の探索用整理であり、区の公式な課題分類ではない。","B_strong_structural","{""matched_rule_id"":""social-welfare-official-hierarchy"",""budget_item_key"":""2026_general_expenditure_03_01_16"",""identity_fields"":{""display_program_name"":""梅ヶ丘拠点障害者支援施設運営助成"",""hierarchy"":[""民生費"",""社会福祉費"",""障害者施設費""],""department_display_name"":""障害福祉部 障害地域生活課"",""amount_thousand_yen"":190370},""member_programs"":[{""program_id"":""2026_general_expenditure_03_01_16_01_41_01"",""major_program_name"":""障害者更生指導事業費"",""budget_program_name"":""梅ヶ丘拠点障害者支援施設運営助成"",""detail_program_name"":""梅ヶ丘拠点障害者支援施設運営助成"",""source_file"":""ippansaisyutu.csv"",""source_row_number"":9750}],""same_budget_item_other_program_names"":[""グループホーム運営助成"",""児童発達支援運営"",""就労移行・継続支援事業運営"",""重症心身障害児（者）通園施設運営助成"",""障害施設維持管理"",""障害児施設維持管理"",""障害児施設改修"",""障害者休養ホームひまわり荘運営管理"",""障害者施設改修"",""障害者施設等運営助成"",""障害者自立体験等運営事業"",""障害者授産事業"",""障害者就労促進事業"",""障害者短期入所等事業"",""生活介護事業運営"",""地域活動支援センター運営助成"",""配慮を要する児童への支援事業"",""梅ヶ丘拠点障害児通所事業運営助成"",""福祉施設等送迎バスのネットワーク運行"",""放課後等デイサービス運営助成""],""related_revenues"":[]}","high","approve","B_strong_structural・確信度highの一括承認ルールにより承認"
"bpi_58995cec2dd99a6ad5fb4331cc06bf33677954681bdf66df79c30f911d65a868","ひきこもり対策","一般会計","民生費","社会福祉費","社会福祉総務費","保健福祉政策部 生活福祉課","184581","福祉・保健・社会保障を支える行政","supports","公式予算で民生費の社会福祉費または生活保護費に属するため、福祉・社会保障に関する行政機能を支える予算事業として整理した。これはみらい議会の探索用整理であり、区の公式な課題分類ではない。","B_strong_structural","{""matched_rule_id"":""social-welfare-official-hierarchy"",""budget_item_key"":""2026_general_expenditure_03_01_01"",""identity_fields"":{""display_program_name"":""ひきこもり対策"",""hierarchy"":[""民生費"",""社会福祉費"",""社会福祉総務費""],""department_display_name"":""保健福祉政策部 生活福祉課"",""amount_thousand_yen"":184581},""member_programs"":[{""program_id"":""2026_general_expenditure_03_01_01_06_21_01"",""major_program_name"":""その他の社会福祉事業費（２）"",""budget_program_name"":""ひきこもり対策"",""detail_program_name"":""ひきこもり対策"",""source_file"":""ippansaisyutu.csv"",""source_row_number"":9563}],""same_budget_item_other_program_names"":[""ケアハウス整備促進等事業"",""ケアマネジメントの総合的推進"",""ボランティア施設改修"",""ボランティア団体等援助"",""移動困難者の移送システム"",""医療的ケア児（者）支援の充実"",""医療的ケア児の笑顔を支える基金積立金"",""介護人材確保・定着支援事業"",""介護保険事業会計繰出金"",""旧軍人等の援護"",""後期高齢者医療会計繰出金"",""行旅病人及死亡人取扱"",""高齢福祉部運営事業"",""高齢福祉部庶務事務"",""国民健康保険事業会計繰出金"",""災害時ボランティア受入体制整備事業"",""社会福祉協議会運営助成"",""社会福祉事業団運営助成"",""社会福祉法人に対する高齢者施設整備助成"",""社会福祉法人に対する障害者施設整備助成"",""社会福祉法人の認可・指導検査"",""終活支援センター運営事業"",""住宅手当緊急特別措置事業"",""住民税非課税世帯等への価格高騰重点支援給付金支給"",""障害者グループホーム整備助成"",""障害者サービス広報事業"",""障害者差別解消推進"",""障害者施設整備促進等事業"",""障害者福祉施策の計画・調整"",""障害認定審査事務運営"",""障害福祉部庶務事務"",""心身障害者医療費助成"",""世田谷区地域福祉推進事業"",""世田谷保健福祉センター分室維持管理"",""成年後見制度"",""生活安定支援事業"",""生活困窮者自立促進支援事業"",""生活保健事務（烏山）"",""生活保健事務（砧）"",""生活保健事務（玉川）"",""生活保健事務（世田谷）"",""生活保健事務（北沢）"",""専門的人材の確保・養成事業"",""相談員業務（烏山）"",""相談員業務（砧）"",""相談員業務（玉川）"",""相談員業務（世田谷）"",""相談員業務（北沢）"",""地域福祉活動等促進事業"",""地域福祉資源開発事業"",""地域保健福祉審議会の運営"",""地域保健福祉等推進基金積立金"",""地域密着型サービス拠点等整備助成"",""地区高齢者見守りネットワーク事業"",""特定中国残留邦人等支援事業"",""特別区区民葬儀助成事業"",""特別養護老人ホーム等運営支援"",""避難行動要支援者支援の推進"",""福祉資金貸付"",""福祉人材育成・研修センター運営事業"",""保健医療福祉総合プラザ維持運営"",""保健福祉サービス苦情審査会運営"",""保健福祉サービス質の向上の推進"",""保健福祉運営事務（烏山）"",""保健福祉運営事務（砧）"",""保健福祉運営事務（玉川）"",""保健福祉運営事務（世田谷）"",""保健福祉運営事務（北沢）"",""保健福祉政策部運営事業"",""保健福祉政策部庶務事務"",""民生委員等活動"",""路上生活対策事業"",""老人保健施設整備助成""],""related_revenues"":[{""revenue_detail_id"":""rd_2026_general_revenue_13_01_01_45_04_3595200000"",""revenue_hierarchy"":[""国庫支出金"",""国庫負担金"",""民生費負担金"",""重層的支援体制整備事業"",""生活困窮者自立相談支援事業費""],""amount_attribution_status"":""not_available""},{""revenue_detail_id"":""rd_2026_general_revenue_13_02_01_56_23_3595200000"",""revenue_hierarchy"":[""国庫支出金"",""国庫補助金"",""民生費補助金"",""生活困窮者就労準備支援事業費等補助金"",""生活困窮者家計相談支援事業""],""amount_attribution_status"":""not_available""},{""revenue_detail_id"":""rd_2026_general_revenue_13_02_01_56_24_3595200000"",""revenue_hierarchy"":[""国庫支出金"",""国庫補助金"",""民生費補助金"",""生活困窮者就労準備支援事業費等補助金"",""生活困窮者就労準備支援事業""],""amount_attribution_status"":""not_available""},{""revenue_detail_id"":""rd_2026_general_revenue_13_02_01_56_25_3595200000"",""revenue_hierarchy"":[""国庫支出金"",""国庫補助金"",""民生費補助金"",""生活困窮者就労準備支援事業費等補助金"",""被保護者就労準備支援等事業（自立促進）""],""amount_attribution_status"":""not_available""},{""revenue_detail_id"":""rd_2026_general_revenue_13_02_01_56_28_3595200000"",""revenue_hierarchy"":[""国庫支出金"",""国庫補助金"",""民生費補助金"",""生活困窮者就労準備支援事業費等補助金"",""ひきこもり地域支援センター事業""],""amount_attribution_status"":""not_available""},{""revenue_detail_id"":""rd_2026_general_revenue_13_02_01_78_26_3595200000"",""revenue_hierarchy"":[""国庫支出金"",""国庫補助金"",""民生費補助金"",""重層的支援体制整備事業"",""生活困窮者就労準備支援事業""],""amount_attribution_status"":""not_available""},{""revenue_detail_id"":""rd_2026_general_revenue_14_02_02_59_69_3595200000"",""revenue_hierarchy"":[""都支出金"",""都補助金"",""民生費補助金"",""子ども家庭支援区市町村包括補助事業"",""若者総合支援事業""],""amount_attribution_status"":""not_available""},{""revenue_detail_id"":""rd_2026_general_revenue_17_01_16_26_01_3595200000"",""revenue_hierarchy"":[""繰入金"",""基金繰入金"",""地域保健福祉等推進基金繰入金"",""ひきこもり対策"",""ひきこもり等の居場所事業""],""amount_attribution_status"":""not_available""},{""revenue_detail_id"":""rd_2026_general_revenue_17_01_16_26_02_3595200000"",""revenue_hierarchy"":[""繰入金"",""基金繰入金"",""地域保健福祉等推進基金繰入金"",""ひきこもり対策"",""ひきこもり等当事者及び家族による交流支援事業""],""amount_attribution_status"":""not_available""}]}","high","approve","B_strong_structural・確信度highの一括承認ルールにより承認"
"bpi_c819a60602282a711e9933e2fd46c189c7840e6d8cc381b6b41b5a76cc3231fe","高齢者おむつ支給","介護保険事業会計","地域支援事業費","包括支援事業・任意事業費","任意事業費","高齢福祉部 高齢福祉課","181861","福祉・保健・社会保障を支える行政","supports","公式予算で国民健康保険、後期高齢者医療、介護保険の特別会計に属するため、社会保障に関する行政機能を支える予算事業として整理した。","B_strong_structural","{""matched_rule_id"":""social-insurance-accounts-official-hierarchy"",""budget_item_key"":""2026_long_term_care_insurance_expenditure_49_02_02"",""identity_fields"":{""display_program_name"":""高齢者おむつ支給"",""hierarchy"":[""地域支援事業費"",""包括支援事業・任意事業費"",""任意事業費""],""department_display_name"":""高齢福祉部 高齢福祉課"",""amount_thousand_yen"":181861},""member_programs"":[{""program_id"":""2026_long_term_care_insurance_expenditure_49_02_02_01_03_01"",""major_program_name"":""任意事業費"",""budget_program_name"":""高齢者おむつ支給"",""detail_program_name"":""高齢者おむつ支給"",""source_file"":""ippansaisyutu.csv"",""source_row_number"":9646}],""same_budget_item_other_program_names"":[""家族介護支援事業"",""介護給付適正化事業"",""高齢者安心コール"",""住宅改修アドバイザー派遣"",""成年後見報酬助成"",""認知症ケア推進事業""],""related_revenues"":[{""revenue_detail_id"":""rd_2026_long_term_care_insurance_revenue_41_01_01_01_33_3645100000"",""revenue_hierarchy"":[""保険料"",""介護保険料"",""第１号被保険者保険料"",""現年度分特別徴収分"",""高齢者おむつ支給""],""amount_attribution_status"":""not_available""},{""revenue_detail_id"":""rd_2026_long_term_care_insurance_revenue_43_02_05_01_04_3645100000"",""revenue_hierarchy"":[""国庫支出金"",""国庫補助金"",""地域支援事業交付金（包括的支援事業・任意事業）"",""現年度分"",""高齢者おむつ支給""],""amount_attribution_status"":""not_available""},{""revenue_detail_id"":""rd_2026_long_term_care_insurance_revenue_45_03_02_01_04_3645100000"",""revenue_hierarchy"":[""都支出金"",""都補助金"",""地域支援事業交付金（包括的支援事業・任意事業）"",""現年度分"",""高齢者おむつ支給""],""amount_attribution_status"":""not_available""},{""revenue_detail_id"":""rd_2026_long_term_care_insurance_revenue_48_01_04_01_04_3645100000"",""revenue_hierarchy"":[""繰入金"",""一般会計繰入金"",""地域支援事業繰入金（包括的支援・任意事業）"",""現年度分"",""高齢者おむつ支給""],""amount_attribution_status"":""not_available""}]}","high","approve","B_strong_structural・確信度highの一括承認ルールにより承認"
"bpi_b94acf74559d3eaf6ff1635ce5c4d363ea8c0aad316945afcdb4ddb4baa53c47","地域密着型サービス拠点等整備助成","一般会計","民生費","社会福祉費","社会福祉総務費","高齢福祉部 高齢福祉課","181597","福祉・保健・社会保障を支える行政","supports","公式予算で民生費の社会福祉費または生活保護費に属するため、福祉・社会保障に関する行政機能を支える予算事業として整理した。これはみらい議会の探索用整理であり、区の公式な課題分類ではない。","B_strong_structural","{""matched_rule_id"":""social-welfare-official-hierarchy"",""budget_item_key"":""2026_general_expenditure_03_01_01"",""identity_fields"":{""display_program_name"":""地域密着型サービス拠点等整備助成"",""hierarchy"":[""民生費"",""社会福祉費"",""社会福祉総務費""],""department_display_name"":""高齢福祉部 高齢福祉課"",""amount_thousand_yen"":181597},""member_programs"":[{""program_id"":""2026_general_expenditure_03_01_01_03_40_01"",""major_program_name"":""その他の社会福祉事業費"",""budget_program_name"":""地域密着型サービス拠点等整備助成"",""detail_program_name"":""地域密着型サービス拠点等整備助成"",""source_file"":""ippansaisyutu.csv"",""source_row_number"":9618}],""same_budget_item_other_program_names"":[""ケアハウス整備促進等事業"",""ケアマネジメントの総合的推進"",""ひきこもり対策"",""ボランティア施設改修"",""ボランティア団体等援助"",""移動困難者の移送システム"",""医療的ケア児（者）支援の充実"",""医療的ケア児の笑顔を支える基金積立金"",""介護人材確保・定着支援事業"",""介護保険事業会計繰出金"",""旧軍人等の援護"",""後期高齢者医療会計繰出金"",""行旅病人及死亡人取扱"",""高齢福祉部運営事業"",""高齢福祉部庶務事務"",""国民健康保険事業会計繰出金"",""災害時ボランティア受入体制整備事業"",""社会福祉協議会運営助成"",""社会福祉事業団運営助成"",""社会福祉法人に対する高齢者施設整備助成"",""社会福祉法人に対する障害者施設整備助成"",""社会福祉法人の認可・指導検査"",""終活支援センター運営事業"",""住宅手当緊急特別措置事業"",""住民税非課税世帯等への価格高騰重点支援給付金支給"",""障害者グループホーム整備助成"",""障害者サービス広報事業"",""障害者差別解消推進"",""障害者施設整備促進等事業"",""障害者福祉施策の計画・調整"",""障害認定審査事務運営"",""障害福祉部庶務事務"",""心身障害者医療費助成"",""世田谷区地域福祉推進事業"",""世田谷保健福祉センター分室維持管理"",""成年後見制度"",""生活安定支援事業"",""生活困窮者自立促進支援事業"",""生活保健事務（烏山）"",""生活保健事務（砧）"",""生活保健事務（玉川）"",""生活保健事務（世田谷）"",""生活保健事務（北沢）"",""専門的人材の確保・養成事業"",""相談員業務（烏山）"",""相談員業務（砧）"",""相談員業務（玉川）"",""相談員業務（世田谷）"",""相談員業務（北沢）"",""地域福祉活動等促進事業"",""地域福祉資源開発事業"",""地域保健福祉審議会の運営"",""地域保健福祉等推進基金積立金"",""地区高齢者見守りネットワーク事業"",""特定中国残留邦人等支援事業"",""特別区区民葬儀助成事業"",""特別養護老人ホーム等運営支援"",""避難行動要支援者支援の推進"",""福祉資金貸付"",""福祉人材育成・研修センター運営事業"",""保健医療福祉総合プラザ維持運営"",""保健福祉サービス苦情審査会運営"",""保健福祉サービス質の向上の推進"",""保健福祉運営事務（烏山）"",""保健福祉運営事務（砧）"",""保健福祉運営事務（玉川）"",""保健福祉運営事務（世田谷）"",""保健福祉運営事務（北沢）"",""保健福祉政策部運営事業"",""保健福祉政策部庶務事務"",""民生委員等活動"",""路上生活対策事業"",""老人保健施設整備助成""],""related_revenues"":[{""revenue_detail_id"":""rd_2026_general_revenue_13_02_01_28_02_3645100000"",""revenue_hierarchy"":[""国庫支出金"",""国庫補助金"",""民生費補助金"",""地域介護・福祉空間整備等交付金"",""地域密着型サービスの拠点整備""],""amount_attribution_status"":""not_available""},{""revenue_detail_id"":""rd_2026_general_revenue_14_02_02_01_44_3645100000"",""revenue_hierarchy"":[""都支出金"",""都補助金"",""民生費補助金"",""老人福祉諸費"",""認知症高齢者グループホーム""],""amount_attribution_status"":""not_available""},{""revenue_detail_id"":""rd_2026_general_revenue_14_02_02_01_92_3645100000"",""revenue_hierarchy"":[""都支出金"",""都補助金"",""民生費補助金"",""老人福祉諸費"",""小規模多機能型居宅介護""],""amount_attribution_status"":""not_available""},{""revenue_detail_id"":""rd_2026_general_revenue_14_02_02_01_97_3645100000"",""revenue_hierarchy"":[""都支出金"",""都補助金"",""民生費補助金"",""老人福祉諸費"",""看護小規模多機能型居宅介護""],""amount_attribution_status"":""not_available""},{""revenue_detail_id"":""rd_2026_general_revenue_14_02_02_64_01_3645100000"",""revenue_hierarchy"":[""都支出金"",""都補助金"",""民生費補助金"",""施設開設準備経費助成特別対策事業"",""地域密着型サービスの拠点整備""],""amount_attribution_status"":""not_available""},{""revenue_detail_id"":""rd_2026_general_revenue_14_02_02_99_01_3645100000"",""revenue_hierarchy"":[""都支出金"",""都補助金"",""民生費補助金"",""地域医療介護総合確保基金"",""地域密着型サービス拠点の整備""],""amount_attribution_status"":""not_available""}]}","high","approve","B_strong_structural・確信度highの一括承認ルールにより承認"
"bpi_11c09a256ac1f0b08b604ed1e947ffc80d0cb7edff4703759634a064845e0bd8","会計年度任用職員の人件費（世田谷保健所）","一般会計","職員費","職員費","衛生職員費","世田谷保健所 健康企画課","178711","福祉・保健・社会保障を支える行政","supports","公式予算の職員費で民生職員費または衛生職員費に属するため、福祉・保健・社会保障に関する行政機能を支える予算事業として整理した。","B_strong_structural","{""matched_rule_id"":""welfare-health-staff-official-hierarchy"",""budget_item_key"":""2026_general_expenditure_09_01_05"",""identity_fields"":{""display_program_name"":""会計年度任用職員の人件費（世田谷保健所）"",""hierarchy"":[""職員費"",""職員費"",""衛生職員費""],""department_display_name"":""世田谷保健所 健康企画課"",""amount_thousand_yen"":178711},""member_programs"":[{""program_id"":""2026_general_expenditure_09_01_05_01_14_01"",""major_program_name"":""衛生関係事務従事職員の人件費"",""budget_program_name"":""会計年度任用職員の人件費（世田谷保健所）"",""detail_program_name"":""会計年度任用職員の人件費（世田谷保健所）"",""source_file"":""ippansaisyutu.csv"",""source_row_number"":9891},{""program_id"":""2026_general_expenditure_09_01_05_01_16_01"",""major_program_name"":""衛生関係事務従事職員の人件費"",""budget_program_name"":""会計年度任用職員の人件費（世田谷保健所）"",""detail_program_name"":""会計年度任用職員の人件費（世田谷保健所）"",""source_file"":""ippansaisyutu.csv"",""source_row_number"":9892}],""same_budget_item_other_program_names"":[""衛生関係事務従事職員の人件費"",""会計年度任用職員の人件費（烏山総合支所）"",""会計年度任用職員の人件費（砧総合支所）"",""会計年度任用職員の人件費（玉川総合支所）"",""会計年度任用職員の人件費（世田谷総合支所）"",""会計年度任用職員の人件費（北沢総合支所）""],""related_revenues"":[{""revenue_detail_id"":""rd_2026_general_revenue_13_02_03_15_02_3785100000"",""revenue_hierarchy"":[""国庫支出金"",""国庫補助金"",""衛生費補助金"",""地域保健対策費"",""地域保健従事者現任教育推進事業""],""amount_attribution_status"":""not_available""},{""revenue_detail_id"":""rd_2026_general_revenue_14_03_02_01_03_3785100000"",""revenue_hierarchy"":[""都支出金"",""都委託金"",""衛生費委託金"",""衛生統計費"",""人口動態調査等""],""amount_attribution_status"":""not_available""},{""revenue_detail_id"":""rd_2026_general_revenue_19_06_04_06_26_3785100000"",""revenue_hierarchy"":[""諸収入"",""雑入"",""納付金"",""納付金（３）"",""会計年度任用職員社会保険料（世田谷保健所）""],""amount_attribution_status"":""not_available""},{""revenue_detail_id"":""rd_2026_general_revenue_19_06_04_06_63_3785100000"",""revenue_hierarchy"":[""諸収入"",""雑入"",""納付金"",""納付金（３）"",""会計年度任用職員社会保険料（世田谷保健所）""],""amount_attribution_status"":""not_available""}]}","high","approve","B_strong_structural・確信度highの一括承認ルールにより承認"
"bpi_2a5de5c23ed57145e5333153c170ea8b77cb637794705a22748cf3eddb0259ea","障害者日常生活用具等給付","一般会計","民生費","社会福祉費","障害者福祉費","障害福祉部 障害施策課","171631","福祉・保健・社会保障を支える行政","supports","公式予算で民生費の社会福祉費または生活保護費に属するため、福祉・社会保障に関する行政機能を支える予算事業として整理した。これはみらい議会の探索用整理であり、区の公式な課題分類ではない。","B_strong_structural","{""matched_rule_id"":""social-welfare-official-hierarchy"",""budget_item_key"":""2026_general_expenditure_03_01_03"",""identity_fields"":{""display_program_name"":""障害者日常生活用具等給付"",""hierarchy"":[""民生費"",""社会福祉費"",""障害者福祉費""],""department_display_name"":""障害福祉部 障害施策課"",""amount_thousand_yen"":171631},""member_programs"":[{""program_id"":""2026_general_expenditure_03_01_03_03_07_01"",""major_program_name"":""障害者生活支援事業"",""budget_program_name"":""障害者日常生活用具等給付"",""detail_program_name"":""障害者日常生活用具等給付"",""source_file"":""ippansaisyutu.csv"",""source_row_number"":9714}],""same_budget_item_other_program_names"":[""介護者リフレッシュ"",""基幹相談支援センター事業運営"",""技術支援（児童福祉施設）事業運営"",""更生訓練費助成"",""自立支援医療"",""重度脳性麻痺者介護人派遣"",""障害児入所給付費"",""障害者おむつ支給"",""障害者グループホーム事業等助成"",""障害者コミュニケーションサービス"",""障害者ホームヘルパー等派遣"",""障害者虐待防止推進事業"",""障害者緊急介護人派遣"",""障害者自動車利用支援"",""障害者自立支援給付"",""障害者寝具乾燥・訪問理美容サービス"",""障害者親亡きあと対策"",""障害者設備改善費給付"",""障害者専門相談事業運営"",""障害者相談支援"",""障害者団体活動支援"",""障害者団体支援"",""障害者入浴サービス"",""障害者配食サービス"",""障害者福祉手当"",""障害理解促進"",""身体障害者及知的障害者相談員活動"",""精神障害者ピアサポート支援事業"",""精神保健福祉団体連携事業"",""地域生活支援拠点等整備事業"",""乳幼児育成相談事業運営"",""被爆者見舞金"",""補装具給付"",""民間空襲等被害者見舞金支給""],""related_revenues"":[{""revenue_detail_id"":""rd_2026_general_revenue_13_02_01_09_22_3655100000"",""revenue_hierarchy"":[""国庫支出金"",""国庫補助金"",""民生費補助金"",""障害者福祉諸費"",""小児慢性特定疾病児童日常生活用具給付""],""amount_attribution_status"":""not_available""},{""revenue_detail_id"":""rd_2026_general_revenue_13_02_01_32_03_3655100000"",""revenue_hierarchy"":[""国庫支出金"",""国庫補助金"",""民生費補助金"",""地域生活支援事業費"",""日常生活用具給付""],""amount_attribution_status"":""not_available""},{""revenue_detail_id"":""rd_2026_general_revenue_14_02_02_37_03_3655100000"",""revenue_hierarchy"":[""都支出金"",""都補助金"",""民生費補助金"",""地域生活支援事業費"",""日常生活用具給付""],""amount_attribution_status"":""not_available""}]}","high","approve","B_strong_structural・確信度highの一括承認ルールにより承認"
"bpi_c0518452b8effd4f79e81a32125ad81611708108cc1319ae3bdae965689d37fa","障害者専門相談事業運営","一般会計","民生費","社会福祉費","障害者福祉費","障害福祉部 障害保健福祉課","171528","福祉・保健・社会保障を支える行政","supports","公式予算で民生費の社会福祉費または生活保護費に属するため、福祉・社会保障に関する行政機能を支える予算事業として整理した。これはみらい議会の探索用整理であり、区の公式な課題分類ではない。","B_strong_structural","{""matched_rule_id"":""social-welfare-official-hierarchy"",""budget_item_key"":""2026_general_expenditure_03_01_03"",""identity_fields"":{""display_program_name"":""障害者専門相談事業運営"",""hierarchy"":[""民生費"",""社会福祉費"",""障害者福祉費""],""department_display_name"":""障害福祉部 障害保健福祉課"",""amount_thousand_yen"":171528},""member_programs"":[{""program_id"":""2026_general_expenditure_03_01_03_04_18_01"",""major_program_name"":""その他の障害者福祉事業費"",""budget_program_name"":""障害者専門相談事業運営"",""detail_program_name"":""障害者専門相談事業運営"",""source_file"":""ippansaisyutu.csv"",""source_row_number"":9761}],""same_budget_item_other_program_names"":[""介護者リフレッシュ"",""基幹相談支援センター事業運営"",""技術支援（児童福祉施設）事業運営"",""更生訓練費助成"",""自立支援医療"",""重度脳性麻痺者介護人派遣"",""障害児入所給付費"",""障害者おむつ支給"",""障害者グループホーム事業等助成"",""障害者コミュニケーションサービス"",""障害者ホームヘルパー等派遣"",""障害者虐待防止推進事業"",""障害者緊急介護人派遣"",""障害者自動車利用支援"",""障害者自立支援給付"",""障害者寝具乾燥・訪問理美容サービス"",""障害者親亡きあと対策"",""障害者設備改善費給付"",""障害者相談支援"",""障害者団体活動支援"",""障害者団体支援"",""障害者日常生活用具等給付"",""障害者入浴サービス"",""障害者配食サービス"",""障害者福祉手当"",""障害理解促進"",""身体障害者及知的障害者相談員活動"",""精神障害者ピアサポート支援事業"",""精神保健福祉団体連携事業"",""地域生活支援拠点等整備事業"",""乳幼児育成相談事業運営"",""被爆者見舞金"",""補装具給付"",""民間空襲等被害者見舞金支給""],""related_revenues"":[{""revenue_detail_id"":""rd_2026_general_revenue_13_02_01_78_04_3655300000"",""revenue_hierarchy"":[""国庫支出金"",""国庫補助金"",""民生費補助金"",""重層的支援体制整備事業"",""相談支援（保健センター障害者専門相談）""],""amount_attribution_status"":""not_available""},{""revenue_detail_id"":""rd_2026_general_revenue_14_02_08_16_04_3655300000"",""revenue_hierarchy"":[""都支出金"",""都補助金"",""民生費補助金（２）"",""重層的支援体制整備事業"",""相談支援（保健センター障害者専門相談）""],""amount_attribution_status"":""not_available""},{""revenue_detail_id"":""rd_2026_general_revenue_14_02_08_60_02_3655300000"",""revenue_hierarchy"":[""都支出金"",""都補助金"",""民生費補助金（２）"",""高齢者聞こえのコミュニケーション支援事業"",""福祉用具相談""],""amount_attribution_status"":""not_available""}]}","high","approve","B_strong_structural・確信度highの一括承認ルールにより承認"
"bpi_d513f5c3201e0e16836f1ebca28c253d183dfe5904408146fcb08aad6723bbf5","後期高齢者医療管理運営","後期高齢者医療会計","総務費","総務管理費","一般管理費","保健福祉政策部 国保・年金課","171003","福祉・保健・社会保障を支える行政","supports","公式予算で国民健康保険、後期高齢者医療、介護保険の特別会計に属するため、社会保障に関する行政機能を支える予算事業として整理した。","B_strong_structural","{""matched_rule_id"":""social-insurance-accounts-official-hierarchy"",""budget_item_key"":""2026_latter_stage_elderly_healthcare_expenditure_61_01_01"",""identity_fields"":{""display_program_name"":""後期高齢者医療管理運営"",""hierarchy"":[""総務費"",""総務管理費"",""一般管理費""],""department_display_name"":""保健福祉政策部 国保・年金課"",""amount_thousand_yen"":171003},""member_programs"":[{""program_id"":""2026_latter_stage_elderly_healthcare_expenditure_61_01_01_01_01_01"",""major_program_name"":""一般管理費"",""budget_program_name"":""後期高齢者医療管理運営"",""detail_program_name"":""後期高齢者医療管理運営"",""source_file"":""ippansaisyutu.csv"",""source_row_number"":9597}],""same_budget_item_other_program_names"":[""後期高齢者医療保険料徴収事務"",""葬祭費""],""related_revenues"":[{""revenue_detail_id"":""rd_2026_latter_stage_elderly_healthcare_revenue_62_01_01_01_01_3595400000"",""revenue_hierarchy"":[""使用料及手数料"",""手数料"",""総務手数料"",""総務手数料"",""保険料納付済等証明手数料""],""amount_attribution_status"":""not_available""},{""revenue_detail_id"":""rd_2026_latter_stage_elderly_healthcare_revenue_63_01_01_01_02_3595400000"",""revenue_hierarchy"":[""繰入金"",""一般会計繰入金"",""一般会計繰入金"",""職員給与費等繰入金"",""一般管理（管理運営）""],""amount_attribution_status"":""not_available""},{""revenue_detail_id"":""rd_2026_latter_stage_elderly_healthcare_revenue_65_03_01_01_01_3595400000"",""revenue_hierarchy"":[""諸収入"",""特別区預金利子"",""特別区預金利子"",""特別区預金利子"",""預金利子収入""],""amount_attribution_status"":""not_available""},{""revenue_detail_id"":""rd_2026_latter_stage_elderly_healthcare_revenue_65_05_01_01_04_3595400000"",""revenue_hierarchy"":[""諸収入"",""雑入"",""雑入"",""雑入"",""消費税還付金""],""amount_attribution_status"":""not_available""}]}","high","approve","B_strong_structural・確信度highの一括承認ルールにより承認"
"bpi_3185b834105801ef1e808729a34c7f7a3a358ab284d54e82a3514c1cc3339206","高齢者在宅サービスセンター維持管理","一般会計","民生費","社会福祉費","高齢者福祉費","高齢福祉部 高齢福祉課","170978","福祉・保健・社会保障を支える行政","supports","公式予算で民生費の社会福祉費または生活保護費に属するため、福祉・社会保障に関する行政機能を支える予算事業として整理した。これはみらい議会の探索用整理であり、区の公式な課題分類ではない。","B_strong_structural","{""matched_rule_id"":""social-welfare-official-hierarchy"",""budget_item_key"":""2026_general_expenditure_03_01_02"",""identity_fields"":{""display_program_name"":""高齢者在宅サービスセンター維持管理"",""hierarchy"":[""民生費"",""社会福祉費"",""高齢者福祉費""],""department_display_name"":""高齢福祉部 高齢福祉課"",""amount_thousand_yen"":170978},""member_programs"":[{""program_id"":""2026_general_expenditure_03_01_02_05_03_01"",""major_program_name"":""その他の高齢者福祉事業費"",""budget_program_name"":""高齢者在宅サービスセンター維持管理"",""detail_program_name"":""高齢者在宅サービスセンター維持管理"",""source_file"":""ippansaisyutu.csv"",""source_row_number"":9638}],""same_budget_item_other_program_names"":[""あんしん見守り事業"",""シニアボランティアポイント事業"",""ひとりぐらし高齢者の安全確保"",""ひとりぐらし高齢者見守り機器補助事業"",""ひとりぐらし高齢者等状況把握"",""一時生活援助施設運営"",""一般介護予防事業"",""介護予防施策推進事業"",""慶祝事業"",""高齢者おむつ支給"",""高齢者コミュニケーションサービス"",""高齢者スマートフォン購入費助成"",""高齢者はり・灸・マッサージサービス"",""高齢者会食サービス"",""高齢者住宅改修助成"",""高齢者寝具乾燥・訪問理美容サービス"",""高齢者補聴器購入費助成"",""支えあいミニデイ支援の推進"",""生活支援体制整備事業"",""生計困難者負担軽減事業"",""地域包括支援センター運営委託"",""地域包括支援センター事務委託"",""地域包括支援センター障害者・子育て家庭等相談事業"",""地域包括支援センター認知症社会参加推進事業"",""認知症在宅生活サポートセンター認知症社会参加推進事業"",""認知症施策運営事業"",""福祉緊急対応"",""民生委員ふれあい訪問"",""養護老人ホーム入所措置""],""related_revenues"":[{""revenue_detail_id"":""rd_2026_general_revenue_12_01_02_02_29_3645100000"",""revenue_hierarchy"":[""使用料及手数料"",""使用料"",""民生使用料"",""民生施設"",""高齢者在宅サービスセンター（開放分）""],""amount_attribution_status"":""not_available""},{""revenue_detail_id"":""rd_2026_general_revenue_12_01_02_02_31_3645100000"",""revenue_hierarchy"":[""使用料及手数料"",""使用料"",""民生使用料"",""民生施設"",""梅丘高齢者在宅サービスセンター""],""amount_attribution_status"":""not_available""},{""revenue_detail_id"":""rd_2026_general_revenue_19_06_09_05_71_3645100000"",""revenue_hierarchy"":[""諸収入"",""雑入"",""雑入"",""光熱水費等負担金"",""法人負担分（高齢者在宅サービスセンター）""],""amount_attribution_status"":""not_available""},{""revenue_detail_id"":""rd_2026_general_revenue_19_06_09_51_91_3645100000"",""revenue_hierarchy"":[""諸収入"",""雑入"",""雑入"",""雑入（２）"",""デイ・ホーム太子堂（居宅支援事業使用料）""],""amount_attribution_status"":""not_available""}]}","high","approve","B_strong_structural・確信度highの一括承認ルールにより承認"
"bpi_38d9ee5ec6b6bcc4487239a93a05987e9793c849e0e499bd31aa5247b0b44474","補装具給付","一般会計","民生費","社会福祉費","障害者福祉費","障害福祉部 障害施策課","169612","福祉・保健・社会保障を支える行政","supports","公式予算で民生費の社会福祉費または生活保護費に属するため、福祉・社会保障に関する行政機能を支える予算事業として整理した。これはみらい議会の探索用整理であり、区の公式な課題分類ではない。","B_strong_structural","{""matched_rule_id"":""social-welfare-official-hierarchy"",""budget_item_key"":""2026_general_expenditure_03_01_03"",""identity_fields"":{""display_program_name"":""補装具給付"",""hierarchy"":[""民生費"",""社会福祉費"",""障害者福祉費""],""department_display_name"":""障害福祉部 障害施策課"",""amount_thousand_yen"":169612},""member_programs"":[{""program_id"":""2026_general_expenditure_03_01_03_06_02_01"",""major_program_name"":""障害者総合支援法等に基づく支援・給付"",""budget_program_name"":""補装具給付"",""detail_program_name"":""補装具給付"",""source_file"":""ippansaisyutu.csv"",""source_row_number"":9732}],""same_budget_item_other_program_names"":[""介護者リフレッシュ"",""基幹相談支援センター事業運営"",""技術支援（児童福祉施設）事業運営"",""更生訓練費助成"",""自立支援医療"",""重度脳性麻痺者介護人派遣"",""障害児入所給付費"",""障害者おむつ支給"",""障害者グループホーム事業等助成"",""障害者コミュニケーションサービス"",""障害者ホームヘルパー等派遣"",""障害者虐待防止推進事業"",""障害者緊急介護人派遣"",""障害者自動車利用支援"",""障害者自立支援給付"",""障害者寝具乾燥・訪問理美容サービス"",""障害者親亡きあと対策"",""障害者設備改善費給付"",""障害者専門相談事業運営"",""障害者相談支援"",""障害者団体活動支援"",""障害者団体支援"",""障害者日常生活用具等給付"",""障害者入浴サービス"",""障害者配食サービス"",""障害者福祉手当"",""障害理解促進"",""身体障害者及知的障害者相談員活動"",""精神障害者ピアサポート支援事業"",""精神保健福祉団体連携事業"",""地域生活支援拠点等整備事業"",""乳幼児育成相談事業運営"",""被爆者見舞金"",""民間空襲等被害者見舞金支給""],""related_revenues"":[{""revenue_detail_id"":""rd_2026_general_revenue_13_01_01_08_18_3655100000"",""revenue_hierarchy"":[""国庫支出金"",""国庫負担金"",""民生費負担金"",""障害福祉サービス費等"",""補装具給付""],""amount_attribution_status"":""not_available""},{""revenue_detail_id"":""rd_2026_general_revenue_14_01_01_07_18_3655100000"",""revenue_hierarchy"":[""都支出金"",""都負担金"",""民生費負担金"",""障害福祉サービス費等"",""補装具給付""],""amount_attribution_status"":""not_available""}]}","high","approve","B_strong_structural・確信度highの一括承認ルールにより承認"
"bpi_10901dcb4f36e4e2906298365c9b7b429be43092d9a30ac69479fac4b0ee16d5","グループホーム運営助成","一般会計","民生費","社会福祉費","障害者施設費","障害福祉部 障害地域生活課","166634","福祉・保健・社会保障を支える行政","supports","公式予算で民生費の社会福祉費または生活保護費に属するため、福祉・社会保障に関する行政機能を支える予算事業として整理した。これはみらい議会の探索用整理であり、区の公式な課題分類ではない。","B_strong_structural","{""matched_rule_id"":""social-welfare-official-hierarchy"",""budget_item_key"":""2026_general_expenditure_03_01_16"",""identity_fields"":{""display_program_name"":""グループホーム運営助成"",""hierarchy"":[""民生費"",""社会福祉費"",""障害者施設費""],""department_display_name"":""障害福祉部 障害地域生活課"",""amount_thousand_yen"":166634},""member_programs"":[{""program_id"":""2026_general_expenditure_03_01_16_01_33_01"",""major_program_name"":""障害者更生指導事業費"",""budget_program_name"":""グループホーム運営助成"",""detail_program_name"":""グループホーム運営助成"",""source_file"":""ippansaisyutu.csv"",""source_row_number"":9747}],""same_budget_item_other_program_names"":[""児童発達支援運営"",""就労移行・継続支援事業運営"",""重症心身障害児（者）通園施設運営助成"",""障害施設維持管理"",""障害児施設維持管理"",""障害児施設改修"",""障害者休養ホームひまわり荘運営管理"",""障害者施設改修"",""障害者施設等運営助成"",""障害者自立体験等運営事業"",""障害者授産事業"",""障害者就労促進事業"",""障害者短期入所等事業"",""生活介護事業運営"",""地域活動支援センター運営助成"",""配慮を要する児童への支援事業"",""梅ヶ丘拠点障害児通所事業運営助成"",""梅ヶ丘拠点障害者支援施設運営助成"",""福祉施設等送迎バスのネットワーク運行"",""放課後等デイサービス運営助成""],""related_revenues"":[]}","high","approve","B_strong_structural・確信度highの一括承認ルールにより承認"
"bpi_b1ca84830e2ff5cd0712ff5071c71406f867b8ba105b97e31e82c8126b0d7c15","障害児施設改修","一般会計","民生費","社会福祉費","障害者施設費","障害福祉部 障害保健福祉課","164866","福祉・保健・社会保障を支える行政","supports","公式予算で民生費の社会福祉費または生活保護費に属するため、福祉・社会保障に関する行政機能を支える予算事業として整理した。これはみらい議会の探索用整理であり、区の公式な課題分類ではない。","B_strong_structural","{""matched_rule_id"":""social-welfare-official-hierarchy"",""budget_item_key"":""2026_general_expenditure_03_01_16"",""identity_fields"":{""display_program_name"":""障害児施設改修"",""hierarchy"":[""民生費"",""社会福祉費"",""障害者施設費""],""department_display_name"":""障害福祉部 障害保健福祉課"",""amount_thousand_yen"":164866},""member_programs"":[{""program_id"":""2026_general_expenditure_03_01_16_04_03_01"",""major_program_name"":""障害者施設改修費"",""budget_program_name"":""障害児施設改修"",""detail_program_name"":""障害児施設改修"",""source_file"":""ippansaisyutu.csv"",""source_row_number"":9770}],""same_budget_item_other_program_names"":[""グループホーム運営助成"",""児童発達支援運営"",""就労移行・継続支援事業運営"",""重症心身障害児（者）通園施設運営助成"",""障害施設維持管理"",""障害児施設維持管理"",""障害者休養ホームひまわり荘運営管理"",""障害者施設改修"",""障害者施設等運営助成"",""障害者自立体験等運営事業"",""障害者授産事業"",""障害者就労促進事業"",""障害者短期入所等事業"",""生活介護事業運営"",""地域活動支援センター運営助成"",""配慮を要する児童への支援事業"",""梅ヶ丘拠点障害児通所事業運営助成"",""梅ヶ丘拠点障害者支援施設運営助成"",""福祉施設等送迎バスのネットワーク運行"",""放課後等デイサービス運営助成""],""related_revenues"":[]}","high","approve","B_strong_structural・確信度highの一括承認ルールにより承認"
"bpi_5b81f5972cea6ff79f543e44af8b370f3a063be92084ed4a3563986cae211c08","保健福祉センター乳幼児健康診査","一般会計","衛生費","公衆衛生費","母子保健費","世田谷保健所 健康推進課","161198","福祉・保健・社会保障を支える行政","supports","公式予算で衛生費に属するため、保健・公衆衛生に関する行政機能を支える予算事業として整理した。","B_strong_structural","{""matched_rule_id"":""public-health-official-hierarchy"",""budget_item_key"":""2026_general_expenditure_05_03_05"",""identity_fields"":{""display_program_name"":""保健福祉センター乳幼児健康診査"",""hierarchy"":[""衛生費"",""公衆衛生費"",""母子保健費""],""department_display_name"":""世田谷保健所 健康推進課"",""amount_thousand_yen"":161198},""member_programs"":[{""program_id"":""2026_general_expenditure_05_03_05_01_04_01"",""major_program_name"":""母子保健指導事業費"",""budget_program_name"":""保健福祉センター乳幼児健康診査"",""detail_program_name"":""保健福祉センター乳幼児健康診査"",""source_file"":""ippansaisyutu.csv"",""source_row_number"":9900}],""same_budget_item_other_program_names"":[""アレルギー疾患相談"",""リプロダクティブ・ヘルス／ライツの周知啓発"",""育児不安・児童虐待防止対策"",""小児慢性特定疾病医療費給付"",""地域と連携した両親学級の充実"",""乳児期家庭（新生児）訪問事業"",""乳幼児健康診査"",""乳幼児歯科健康診査"",""妊産婦及び乳幼児への栄養・食生活支援事業"",""妊産婦及び乳幼児健康診査"",""妊婦健康診査"",""保健福祉センター乳幼児歯科健康診査"",""母子保健知識等の普及と啓発"",""未熟児等に対する医療費公費負担""],""related_revenues"":[{""revenue_detail_id"":""rd_2026_general_revenue_13_02_03_18_12_3785200000"",""revenue_hierarchy"":[""国庫支出金"",""国庫補助金"",""衛生費補助金"",""母子保健衛生費"",""５歳児健康診査支援事業""],""amount_attribution_status"":""not_available""},{""revenue_detail_id"":""rd_2026_general_revenue_14_02_08_51_01_3785200000"",""revenue_hierarchy"":[""都支出金"",""都補助金"",""民生費補助金（２）"",""母子保健支援事業"",""母子保健支援事業""],""amount_attribution_status"":""not_available""}]}","high","approve","B_strong_structural・確信度highの一括承認ルールにより承認"
"bpi_87196e88176ea30ca18d7420a2ab8cb66465479c07bf4c61a5969ebc9534fbac","障害者施設改修","一般会計","民生費","社会福祉費","障害者施設費","障害福祉部 障害地域生活課","155993","福祉・保健・社会保障を支える行政","supports","公式予算で民生費の社会福祉費または生活保護費に属するため、福祉・社会保障に関する行政機能を支える予算事業として整理した。これはみらい議会の探索用整理であり、区の公式な課題分類ではない。","B_strong_structural","{""matched_rule_id"":""social-welfare-official-hierarchy"",""budget_item_key"":""2026_general_expenditure_03_01_16"",""identity_fields"":{""display_program_name"":""障害者施設改修"",""hierarchy"":[""民生費"",""社会福祉費"",""障害者施設費""],""department_display_name"":""障害福祉部 障害地域生活課"",""amount_thousand_yen"":155993},""member_programs"":[{""program_id"":""2026_general_expenditure_03_01_16_04_01_01"",""major_program_name"":""障害者施設改修費"",""budget_program_name"":""障害者施設改修"",""detail_program_name"":""障害者施設改修"",""source_file"":""ippansaisyutu.csv"",""source_row_number"":9755}],""same_budget_item_other_program_names"":[""グループホーム運営助成"",""児童発達支援運営"",""就労移行・継続支援事業運営"",""重症心身障害児（者）通園施設運営助成"",""障害施設維持管理"",""障害児施設維持管理"",""障害児施設改修"",""障害者休養ホームひまわり荘運営管理"",""障害者施設等運営助成"",""障害者自立体験等運営事業"",""障害者授産事業"",""障害者就労促進事業"",""障害者短期入所等事業"",""生活介護事業運営"",""地域活動支援センター運営助成"",""配慮を要する児童への支援事業"",""梅ヶ丘拠点障害児通所事業運営助成"",""梅ヶ丘拠点障害者支援施設運営助成"",""福祉施設等送迎バスのネットワーク運行"",""放課後等デイサービス運営助成""],""related_revenues"":[]}","high","approve","B_strong_structural・確信度highの一括承認ルールにより承認"
"bpi_e2e29f5a7ccfac3e60670d1719f5e4dde101f6a73895e01c47cd08c78b209e3e","高齢者コミュニケーションサービス","一般会計","民生費","社会福祉費","高齢者福祉費","高齢福祉部 高齢福祉課","150826","福祉・保健・社会保障を支える行政","supports","公式予算で民生費の社会福祉費または生活保護費に属するため、福祉・社会保障に関する行政機能を支える予算事業として整理した。これはみらい議会の探索用整理であり、区の公式な課題分類ではない。","B_strong_structural","{""matched_rule_id"":""social-welfare-official-hierarchy"",""budget_item_key"":""2026_general_expenditure_03_01_02"",""identity_fields"":{""display_program_name"":""高齢者コミュニケーションサービス"",""hierarchy"":[""民生費"",""社会福祉費"",""高齢者福祉費""],""department_display_name"":""高齢福祉部 高齢福祉課"",""amount_thousand_yen"":150826},""member_programs"":[{""program_id"":""2026_general_expenditure_03_01_02_03_01_01"",""major_program_name"":""交流・社会参加促進のための事業費"",""budget_program_name"":""高齢者コミュニケーションサービス"",""detail_program_name"":""高齢者コミュニケーションサービス"",""source_file"":""ippansaisyutu.csv"",""source_row_number"":9626}],""same_budget_item_other_program_names"":[""あんしん見守り事業"",""シニアボランティアポイント事業"",""ひとりぐらし高齢者の安全確保"",""ひとりぐらし高齢者見守り機器補助事業"",""ひとりぐらし高齢者等状況把握"",""一時生活援助施設運営"",""一般介護予防事業"",""介護予防施策推進事業"",""慶祝事業"",""高齢者おむつ支給"",""高齢者スマートフォン購入費助成"",""高齢者はり・灸・マッサージサービス"",""高齢者会食サービス"",""高齢者在宅サービスセンター維持管理"",""高齢者住宅改修助成"",""高齢者寝具乾燥・訪問理美容サービス"",""高齢者補聴器購入費助成"",""支えあいミニデイ支援の推進"",""生活支援体制整備事業"",""生計困難者負担軽減事業"",""地域包括支援センター運営委託"",""地域包括支援センター事務委託"",""地域包括支援センター障害者・子育て家庭等相談事業"",""地域包括支援センター認知症社会参加推進事業"",""認知症在宅生活サポートセンター認知症社会参加推進事業"",""認知症施策運営事業"",""福祉緊急対応"",""民生委員ふれあい訪問"",""養護老人ホーム入所措置""],""related_revenues"":[]}","high","approve","B_strong_structural・確信度highの一括承認ルールにより承認"
"bpi_4fe0a4eb3c9e0eb1bdd7d3ceb568f6d49bb8de5c8d0934feeeae24aa56e3c964","障害者休養ホームひまわり荘運営管理","一般会計","民生費","社会福祉費","障害者施設費","障害福祉部 障害地域生活課","148108","福祉・保健・社会保障を支える行政","supports","公式予算で民生費の社会福祉費または生活保護費に属するため、福祉・社会保障に関する行政機能を支える予算事業として整理した。これはみらい議会の探索用整理であり、区の公式な課題分類ではない。","B_strong_structural","{""matched_rule_id"":""social-welfare-official-hierarchy"",""budget_item_key"":""2026_general_expenditure_03_01_16"",""identity_fields"":{""display_program_name"":""障害者休養ホームひまわり荘運営管理"",""hierarchy"":[""民生費"",""社会福祉費"",""障害者施設費""],""department_display_name"":""障害福祉部 障害地域生活課"",""amount_thousand_yen"":148108},""member_programs"":[{""program_id"":""2026_general_expenditure_03_01_16_02_01_01"",""major_program_name"":""障害者施設維持運営費"",""budget_program_name"":""障害者休養ホームひまわり荘運営管理"",""detail_program_name"":""障害者休養ホームひまわり荘運営管理"",""source_file"":""ippansaisyutu.csv"",""source_row_number"":9751}],""same_budget_item_other_program_names"":[""グループホーム運営助成"",""児童発達支援運営"",""就労移行・継続支援事業運営"",""重症心身障害児（者）通園施設運営助成"",""障害施設維持管理"",""障害児施設維持管理"",""障害児施設改修"",""障害者施設改修"",""障害者施設等運営助成"",""障害者自立体験等運営事業"",""障害者授産事業"",""障害者就労促進事業"",""障害者短期入所等事業"",""生活介護事業運営"",""地域活動支援センター運営助成"",""配慮を要する児童への支援事業"",""梅ヶ丘拠点障害児通所事業運営助成"",""梅ヶ丘拠点障害者支援施設運営助成"",""福祉施設等送迎バスのネットワーク運行"",""放課後等デイサービス運営助成""],""related_revenues"":[{""revenue_detail_id"":""rd_2026_general_revenue_12_01_02_02_12_3655200000"",""revenue_hierarchy"":[""使用料及手数料"",""使用料"",""民生使用料"",""民生施設"",""障害者休養ホームひまわり荘""],""amount_attribution_status"":""not_available""},{""revenue_detail_id"":""rd_2026_general_revenue_12_01_02_02_54_3655200000"",""revenue_hierarchy"":[""使用料及手数料"",""使用料"",""民生使用料"",""民生施設"",""緊急一時保護（ひまわり荘）""],""amount_attribution_status"":""not_available""},{""revenue_detail_id"":""rd_2026_general_revenue_15_01_01_04_40_3655200000"",""revenue_hierarchy"":[""財産収入"",""財産運用収入"",""財産貸付収入"",""土地貸付"",""障害者休養ホームひまわり荘""],""amount_attribution_status"":""not_available""},{""revenue_detail_id"":""rd_2026_general_revenue_19_06_03_03_02_3655200000"",""revenue_hierarchy"":[""諸収入"",""雑入"",""賄収入"",""障害者休養施設"",""緊急一時保護賄費収入（ひまわり荘）""],""amount_attribution_status"":""not_available""},{""revenue_detail_id"":""rd_2026_general_revenue_19_06_09_05_11_3655200000"",""revenue_hierarchy"":[""諸収入"",""雑入"",""雑入"",""光熱水費等負担金"",""障害者休養ホームひまわり荘""],""amount_attribution_status"":""not_available""},{""revenue_detail_id"":""rd_2026_general_revenue_19_06_09_08_72_3655200000"",""revenue_hierarchy"":[""諸収入"",""雑入"",""雑入"",""参加料・利用料"",""ひまわり荘（運動プログラム）""],""amount_attribution_status"":""not_available""}]}","high","approve","B_strong_structural・確信度highの一括承認ルールにより承認"
"bpi_7233b57358da00a89d8f0c645637e8c8ba543a04a77b2a9dd44eec6cdde4a7e1","居宅介護住宅改修費","介護保険事業会計","保険給付費","介護サービス等諸費","居宅介護住宅改修費","高齢福祉部 介護保険課","142779","福祉・保健・社会保障を支える行政","supports","公式予算で国民健康保険、後期高齢者医療、介護保険の特別会計に属するため、社会保障に関する行政機能を支える予算事業として整理した。","B_strong_structural","{""matched_rule_id"":""social-insurance-accounts-official-hierarchy"",""budget_item_key"":""2026_long_term_care_insurance_expenditure_42_01_04"",""identity_fields"":{""display_program_name"":""居宅介護住宅改修費"",""hierarchy"":[""保険給付費"",""介護サービス等諸費"",""居宅介護住宅改修費""],""department_display_name"":""高齢福祉部 介護保険課"",""amount_thousand_yen"":142779},""member_programs"":[{""program_id"":""2026_long_term_care_insurance_expenditure_42_01_04_01_01_01"",""major_program_name"":""居宅介護住宅改修費"",""budget_program_name"":""居宅介護住宅改修費"",""detail_program_name"":""居宅介護住宅改修費"",""source_file"":""ippansaisyutu.csv"",""source_row_number"":9659}],""same_budget_item_other_program_names"":[],""related_revenues"":[{""revenue_detail_id"":""rd_2026_long_term_care_insurance_revenue_41_01_01_01_04_3645200000"",""revenue_hierarchy"":[""保険料"",""介護保険料"",""第１号被保険者保険料"",""現年度分特別徴収分"",""居宅介護住宅改修費""],""amount_attribution_status"":""not_available""},{""revenue_detail_id"":""rd_2026_long_term_care_insurance_revenue_43_01_01_01_04_3645200000"",""revenue_hierarchy"":[""国庫支出金"",""国庫負担金"",""介護給付費負担金"",""現年度分"",""居宅介護住宅改修費""],""amount_attribution_status"":""not_available""},{""revenue_detail_id"":""rd_2026_long_term_care_insurance_revenue_43_02_01_01_04_3645200000"",""revenue_hierarchy"":[""国庫支出金"",""国庫補助金"",""調整交付金"",""現年度分"",""居宅介護住宅改修費""],""amount_attribution_status"":""not_available""},{""revenue_detail_id"":""rd_2026_long_term_care_insurance_revenue_44_01_01_01_04_3645200000"",""revenue_hierarchy"":[""支払基金交付金"",""支払基金交付金"",""介護給付費交付金"",""現年度分"",""居宅介護住宅改修費""],""amount_attribution_status"":""not_available""},{""revenue_detail_id"":""rd_2026_long_term_care_insurance_revenue_45_01_01_01_04_3645200000"",""revenue_hierarchy"":[""都支出金"",""都負担金"",""介護給付費負担金"",""現年度分"",""居宅介護住宅改修費""],""amount_attribution_status"":""not_available""},{""revenue_detail_id"":""rd_2026_long_term_care_insurance_revenue_48_01_01_01_04_3645200000"",""revenue_hierarchy"":[""繰入金"",""一般会計繰入金"",""介護給付費繰入金"",""現年度分"",""居宅介護住宅改修費""],""amount_attribution_status"":""not_available""}]}","high","approve","B_strong_structural・確信度highの一括承認ルールにより承認"
"bpi_11bb8e55b2855b6d81e581900bc84042892fc68e33d0aa825cc4ddd41f2fbaa7","乳幼児育成相談事業運営","一般会計","民生費","社会福祉費","障害者福祉費","障害福祉部 障害保健福祉課","135074","福祉・保健・社会保障を支える行政","supports","公式予算で民生費の社会福祉費または生活保護費に属するため、福祉・社会保障に関する行政機能を支える予算事業として整理した。これはみらい議会の探索用整理であり、区の公式な課題分類ではない。","B_strong_structural","{""matched_rule_id"":""social-welfare-official-hierarchy"",""budget_item_key"":""2026_general_expenditure_03_01_03"",""identity_fields"":{""display_program_name"":""乳幼児育成相談事業運営"",""hierarchy"":[""民生費"",""社会福祉費"",""障害者福祉費""],""department_display_name"":""障害福祉部 障害保健福祉課"",""amount_thousand_yen"":135074},""member_programs"":[{""program_id"":""2026_general_expenditure_03_01_03_04_19_01"",""major_program_name"":""その他の障害者福祉事業費"",""budget_program_name"":""乳幼児育成相談事業運営"",""detail_program_name"":""乳幼児育成相談事業運営"",""source_file"":""ippansaisyutu.csv"",""source_row_number"":9762}],""same_budget_item_other_program_names"":[""介護者リフレッシュ"",""基幹相談支援センター事業運営"",""技術支援（児童福祉施設）事業運営"",""更生訓練費助成"",""自立支援医療"",""重度脳性麻痺者介護人派遣"",""障害児入所給付費"",""障害者おむつ支給"",""障害者グループホーム事業等助成"",""障害者コミュニケーションサービス"",""障害者ホームヘルパー等派遣"",""障害者虐待防止推進事業"",""障害者緊急介護人派遣"",""障害者自動車利用支援"",""障害者自立支援給付"",""障害者寝具乾燥・訪問理美容サービス"",""障害者親亡きあと対策"",""障害者設備改善費給付"",""障害者専門相談事業運営"",""障害者相談支援"",""障害者団体活動支援"",""障害者団体支援"",""障害者日常生活用具等給付"",""障害者入浴サービス"",""障害者配食サービス"",""障害者福祉手当"",""障害理解促進"",""身体障害者及知的障害者相談員活動"",""精神障害者ピアサポート支援事業"",""精神保健福祉団体連携事業"",""地域生活支援拠点等整備事業"",""被爆者見舞金"",""補装具給付"",""民間空襲等被害者見舞金支給""],""related_revenues"":[{""revenue_detail_id"":""rd_2026_general_revenue_13_02_01_78_05_3655300000"",""revenue_hierarchy"":[""国庫支出金"",""国庫補助金"",""民生費補助金"",""重層的支援体制整備事業"",""相談支援（保健センター乳幼児育成相談）""],""amount_attribution_status"":""not_available""},{""revenue_detail_id"":""rd_2026_general_revenue_14_02_08_16_05_3655300000"",""revenue_hierarchy"":[""都支出金"",""都補助金"",""民生費補助金（２）"",""重層的支援体制整備事業"",""相談支援（保健センター乳幼児育成相談）""],""amount_attribution_status"":""not_available""}]}","high","approve","B_strong_structural・確信度highの一括承認ルールにより承認"
"bpi_abbd17f8fda03037d67a0c443732282df2af2dadfa3166b668a4dab9be8a79b0","会計年度任用職員の人件費（児童相談所）","一般会計","職員費","職員費","民生職員費","児童相談所 児童相談課","134156","福祉・保健・社会保障を支える行政","supports","公式予算の職員費で民生職員費または衛生職員費に属するため、福祉・保健・社会保障に関する行政機能を支える予算事業として整理した。","B_strong_structural","{""matched_rule_id"":""welfare-health-staff-official-hierarchy"",""budget_item_key"":""2026_general_expenditure_09_01_03"",""identity_fields"":{""display_program_name"":""会計年度任用職員の人件費（児童相談所）"",""hierarchy"":[""職員費"",""職員費"",""民生職員費""],""department_display_name"":""児童相談所 児童相談課"",""amount_thousand_yen"":134156},""member_programs"":[{""program_id"":""2026_general_expenditure_09_01_03_01_19_03"",""major_program_name"":""民生関係事務従事職員の人件費"",""budget_program_name"":""会計年度任用職員の人件費（児童相談所）"",""detail_program_name"":""会計年度任用職員の人件費（児童相談所）"",""source_file"":""ippansaisyutu.csv"",""source_row_number"":9871}],""same_budget_item_other_program_names"":[""会計年度任用職員の人件費（烏山総合支所）"",""会計年度任用職員の人件費（砧総合支所）"",""会計年度任用職員の人件費（玉川総合支所）"",""会計年度任用職員の人件費（高齢福祉部）"",""会計年度任用職員の人件費（子ども・若者部（２））"",""会計年度任用職員の人件費（子ども・若者部）"",""会計年度任用職員の人件費（障害福祉部）"",""会計年度任用職員の人件費（世田谷総合支所）"",""会計年度任用職員の人件費（保健福祉政策部）"",""会計年度任用職員の人件費（北沢総合支所）"",""民生関係事務従事職員の人件費""],""related_revenues"":[{""revenue_detail_id"":""rd_2026_general_revenue_13_01_01_43_03_3695200000"",""revenue_hierarchy"":[""国庫支出金"",""国庫負担金"",""民生費負担金"",""児童入所施設費等"",""一時保護所運営""],""amount_attribution_status"":""not_available""},{""revenue_detail_id"":""rd_2026_general_revenue_19_06_04_06_37_3695150000"",""revenue_hierarchy"":[""諸収入"",""雑入"",""納付金"",""納付金（３）"",""会計年度任用職員社会保険料（児童相談所）""],""amount_attribution_status"":""not_available""}]}","high","approve","B_strong_structural・確信度highの一括承認ルールにより承認"
"bpi_233e8dfc6624f18fd57f88bbb5753e40aeaddeadc05a3fe42abbb54c91d131f9","あんしん見守り事業","一般会計","民生費","社会福祉費","高齢者福祉費","高齢福祉部 介護予防・支援課","134104","福祉・保健・社会保障を支える行政","supports","公式予算で民生費の社会福祉費または生活保護費に属するため、福祉・社会保障に関する行政機能を支える予算事業として整理した。これはみらい議会の探索用整理であり、区の公式な課題分類ではない。","B_strong_structural","{""matched_rule_id"":""social-welfare-official-hierarchy"",""budget_item_key"":""2026_general_expenditure_03_01_02"",""identity_fields"":{""display_program_name"":""あんしん見守り事業"",""hierarchy"":[""民生費"",""社会福祉費"",""高齢者福祉費""],""department_display_name"":""高齢福祉部 介護予防・支援課"",""amount_thousand_yen"":134104},""member_programs"":[{""program_id"":""2026_general_expenditure_03_01_02_08_02_01"",""major_program_name"":""重層的支援体制整備事業費"",""budget_program_name"":""あんしん見守り事業"",""detail_program_name"":""あんしん見守り事業"",""source_file"":""ippansaisyutu.csv"",""source_row_number"":9692}],""same_budget_item_other_program_names"":[""シニアボランティアポイント事業"",""ひとりぐらし高齢者の安全確保"",""ひとりぐらし高齢者見守り機器補助事業"",""ひとりぐらし高齢者等状況把握"",""一時生活援助施設運営"",""一般介護予防事業"",""介護予防施策推進事業"",""慶祝事業"",""高齢者おむつ支給"",""高齢者コミュニケーションサービス"",""高齢者スマートフォン購入費助成"",""高齢者はり・灸・マッサージサービス"",""高齢者会食サービス"",""高齢者在宅サービスセンター維持管理"",""高齢者住宅改修助成"",""高齢者寝具乾燥・訪問理美容サービス"",""高齢者補聴器購入費助成"",""支えあいミニデイ支援の推進"",""生活支援体制整備事業"",""生計困難者負担軽減事業"",""地域包括支援センター運営委託"",""地域包括支援センター事務委託"",""地域包括支援センター障害者・子育て家庭等相談事業"",""地域包括支援センター認知症社会参加推進事業"",""認知症在宅生活サポートセンター認知症社会参加推進事業"",""認知症施策運営事業"",""福祉緊急対応"",""民生委員ふれあい訪問"",""養護老人ホーム入所措置""],""related_revenues"":[{""revenue_detail_id"":""rd_2026_general_revenue_13_02_01_78_17_3645300000"",""revenue_hierarchy"":[""国庫支出金"",""国庫補助金"",""民生費補助金"",""重層的支援体制整備事業"",""あんしん見守り事業""],""amount_attribution_status"":""not_available""},{""revenue_detail_id"":""rd_2026_general_revenue_14_02_08_16_13_3645300000"",""revenue_hierarchy"":[""都支出金"",""都補助金"",""民生費補助金（２）"",""重層的支援体制整備事業"",""あんしん見守り事業""],""amount_attribution_status"":""not_available""},{""revenue_detail_id"":""rd_2026_general_revenue_17_02_03_01_02_3645300000"",""revenue_hierarchy"":[""繰入金"",""特別会計繰入金"",""介護保険事業会計繰入金"",""重層的支援体制整備事業繰入金"",""あんしん見守り事業""],""amount_attribution_status"":""not_available""}]}","high","approve","B_strong_structural・確信度highの一括承認ルールにより承認"
"bpi_08a0f3399991bd6c6715612228adda3fc2f51c07ee0f3ab7578de791e3dc1a87","障害者緊急介護人派遣","一般会計","民生費","社会福祉費","障害者福祉費","障害福祉部 障害施策課","132344","福祉・保健・社会保障を支える行政","supports","公式予算で民生費の社会福祉費または生活保護費に属するため、福祉・社会保障に関する行政機能を支える予算事業として整理した。これはみらい議会の探索用整理であり、区の公式な課題分類ではない。","B_strong_structural","{""matched_rule_id"":""social-welfare-official-hierarchy"",""budget_item_key"":""2026_general_expenditure_03_01_03"",""identity_fields"":{""display_program_name"":""障害者緊急介護人派遣"",""hierarchy"":[""民生費"",""社会福祉費"",""障害者福祉費""],""department_display_name"":""障害福祉部 障害施策課"",""amount_thousand_yen"":132344},""member_programs"":[{""program_id"":""2026_general_expenditure_03_01_03_03_03_01"",""major_program_name"":""障害者生活支援事業"",""budget_program_name"":""障害者緊急介護人派遣"",""detail_program_name"":""障害者緊急介護人派遣"",""source_file"":""ippansaisyutu.csv"",""source_row_number"":9710}],""same_budget_item_other_program_names"":[""介護者リフレッシュ"",""基幹相談支援センター事業運営"",""技術支援（児童福祉施設）事業運営"",""更生訓練費助成"",""自立支援医療"",""重度脳性麻痺者介護人派遣"",""障害児入所給付費"",""障害者おむつ支給"",""障害者グループホーム事業等助成"",""障害者コミュニケーションサービス"",""障害者ホームヘルパー等派遣"",""障害者虐待防止推進事業"",""障害者自動車利用支援"",""障害者自立支援給付"",""障害者寝具乾燥・訪問理美容サービス"",""障害者親亡きあと対策"",""障害者設備改善費給付"",""障害者専門相談事業運営"",""障害者相談支援"",""障害者団体活動支援"",""障害者団体支援"",""障害者日常生活用具等給付"",""障害者入浴サービス"",""障害者配食サービス"",""障害者福祉手当"",""障害理解促進"",""身体障害者及知的障害者相談員活動"",""精神障害者ピアサポート支援事業"",""精神保健福祉団体連携事業"",""地域生活支援拠点等整備事業"",""乳幼児育成相談事業運営"",""被爆者見舞金"",""補装具給付"",""民間空襲等被害者見舞金支給""],""related_revenues"":[{""revenue_detail_id"":""rd_2026_general_revenue_14_02_02_44_06_3655100000"",""revenue_hierarchy"":[""都支出金"",""都補助金"",""民生費補助金"",""障害者施策推進区市町村包括補助事業費"",""障害者緊急介護人派遣事業""],""amount_attribution_status"":""not_available""}]}","high","approve","B_strong_structural・確信度highの一括承認ルールにより承認"
"bpi_8aee65b6e0d36bf40134cf533e0c9b0d6e1629226dd580fc79976b60071540b5","ボランティア団体等援助","一般会計","民生費","社会福祉費","社会福祉総務費","保健福祉政策部 生活福祉課","131466","福祉・保健・社会保障を支える行政","supports","公式予算で民生費の社会福祉費または生活保護費に属するため、福祉・社会保障に関する行政機能を支える予算事業として整理した。これはみらい議会の探索用整理であり、区の公式な課題分類ではない。","B_strong_structural","{""matched_rule_id"":""social-welfare-official-hierarchy"",""budget_item_key"":""2026_general_expenditure_03_01_01"",""identity_fields"":{""display_program_name"":""ボランティア団体等援助"",""hierarchy"":[""民生費"",""社会福祉費"",""社会福祉総務費""],""department_display_name"":""保健福祉政策部 生活福祉課"",""amount_thousand_yen"":131466},""member_programs"":[{""program_id"":""2026_general_expenditure_03_01_01_03_12_01"",""major_program_name"":""その他の社会福祉事業費"",""budget_program_name"":""ボランティア団体等援助"",""detail_program_name"":""ボランティア団体等援助"",""source_file"":""ippansaisyutu.csv"",""source_row_number"":9553}],""same_budget_item_other_program_names"":[""ケアハウス整備促進等事業"",""ケアマネジメントの総合的推進"",""ひきこもり対策"",""ボランティア施設改修"",""移動困難者の移送システム"",""医療的ケア児（者）支援の充実"",""医療的ケア児の笑顔を支える基金積立金"",""介護人材確保・定着支援事業"",""介護保険事業会計繰出金"",""旧軍人等の援護"",""後期高齢者医療会計繰出金"",""行旅病人及死亡人取扱"",""高齢福祉部運営事業"",""高齢福祉部庶務事務"",""国民健康保険事業会計繰出金"",""災害時ボランティア受入体制整備事業"",""社会福祉協議会運営助成"",""社会福祉事業団運営助成"",""社会福祉法人に対する高齢者施設整備助成"",""社会福祉法人に対する障害者施設整備助成"",""社会福祉法人の認可・指導検査"",""終活支援センター運営事業"",""住宅手当緊急特別措置事業"",""住民税非課税世帯等への価格高騰重点支援給付金支給"",""障害者グループホーム整備助成"",""障害者サービス広報事業"",""障害者差別解消推進"",""障害者施設整備促進等事業"",""障害者福祉施策の計画・調整"",""障害認定審査事務運営"",""障害福祉部庶務事務"",""心身障害者医療費助成"",""世田谷区地域福祉推進事業"",""世田谷保健福祉センター分室維持管理"",""成年後見制度"",""生活安定支援事業"",""生活困窮者自立促進支援事業"",""生活保健事務（烏山）"",""生活保健事務（砧）"",""生活保健事務（玉川）"",""生活保健事務（世田谷）"",""生活保健事務（北沢）"",""専門的人材の確保・養成事業"",""相談員業務（烏山）"",""相談員業務（砧）"",""相談員業務（玉川）"",""相談員業務（世田谷）"",""相談員業務（北沢）"",""地域福祉活動等促進事業"",""地域福祉資源開発事業"",""地域保健福祉審議会の運営"",""地域保健福祉等推進基金積立金"",""地域密着型サービス拠点等整備助成"",""地区高齢者見守りネットワーク事業"",""特定中国残留邦人等支援事業"",""特別区区民葬儀助成事業"",""特別養護老人ホーム等運営支援"",""避難行動要支援者支援の推進"",""福祉資金貸付"",""福祉人材育成・研修センター運営事業"",""保健医療福祉総合プラザ維持運営"",""保健福祉サービス苦情審査会運営"",""保健福祉サービス質の向上の推進"",""保健福祉運営事務（烏山）"",""保健福祉運営事務（砧）"",""保健福祉運営事務（玉川）"",""保健福祉運営事務（世田谷）"",""保健福祉運営事務（北沢）"",""保健福祉政策部運営事業"",""保健福祉政策部庶務事務"",""民生委員等活動"",""路上生活対策事業"",""老人保健施設整備助成""],""related_revenues"":[]}","high","approve","B_strong_structural・確信度highの一括承認ルールにより承認"
"bpi_0ebada9cbe60a0d39534020f0cd38f66c40bdd997c8903a63b528d0776831969","成年後見制度","一般会計","民生費","社会福祉費","社会福祉総務費","保健福祉政策部 生活福祉課","129999","福祉・保健・社会保障を支える行政","supports","公式予算で民生費の社会福祉費または生活保護費に属するため、福祉・社会保障に関する行政機能を支える予算事業として整理した。これはみらい議会の探索用整理であり、区の公式な課題分類ではない。","B_strong_structural","{""matched_rule_id"":""social-welfare-official-hierarchy"",""budget_item_key"":""2026_general_expenditure_03_01_01"",""identity_fields"":{""display_program_name"":""成年後見制度"",""hierarchy"":[""民生費"",""社会福祉費"",""社会福祉総務費""],""department_display_name"":""保健福祉政策部 生活福祉課"",""amount_thousand_yen"":129999},""member_programs"":[{""program_id"":""2026_general_expenditure_03_01_01_03_21_01"",""major_program_name"":""その他の社会福祉事業費"",""budget_program_name"":""成年後見制度"",""detail_program_name"":""成年後見制度"",""source_file"":""ippansaisyutu.csv"",""source_row_number"":9554}],""same_budget_item_other_program_names"":[""ケアハウス整備促進等事業"",""ケアマネジメントの総合的推進"",""ひきこもり対策"",""ボランティア施設改修"",""ボランティア団体等援助"",""移動困難者の移送システム"",""医療的ケア児（者）支援の充実"",""医療的ケア児の笑顔を支える基金積立金"",""介護人材確保・定着支援事業"",""介護保険事業会計繰出金"",""旧軍人等の援護"",""後期高齢者医療会計繰出金"",""行旅病人及死亡人取扱"",""高齢福祉部運営事業"",""高齢福祉部庶務事務"",""国民健康保険事業会計繰出金"",""災害時ボランティア受入体制整備事業"",""社会福祉協議会運営助成"",""社会福祉事業団運営助成"",""社会福祉法人に対する高齢者施設整備助成"",""社会福祉法人に対する障害者施設整備助成"",""社会福祉法人の認可・指導検査"",""終活支援センター運営事業"",""住宅手当緊急特別措置事業"",""住民税非課税世帯等への価格高騰重点支援給付金支給"",""障害者グループホーム整備助成"",""障害者サービス広報事業"",""障害者差別解消推進"",""障害者施設整備促進等事業"",""障害者福祉施策の計画・調整"",""障害認定審査事務運営"",""障害福祉部庶務事務"",""心身障害者医療費助成"",""世田谷区地域福祉推進事業"",""世田谷保健福祉センター分室維持管理"",""生活安定支援事業"",""生活困窮者自立促進支援事業"",""生活保健事務（烏山）"",""生活保健事務（砧）"",""生活保健事務（玉川）"",""生活保健事務（世田谷）"",""生活保健事務（北沢）"",""専門的人材の確保・養成事業"",""相談員業務（烏山）"",""相談員業務（砧）"",""相談員業務（玉川）"",""相談員業務（世田谷）"",""相談員業務（北沢）"",""地域福祉活動等促進事業"",""地域福祉資源開発事業"",""地域保健福祉審議会の運営"",""地域保健福祉等推進基金積立金"",""地域密着型サービス拠点等整備助成"",""地区高齢者見守りネットワーク事業"",""特定中国残留邦人等支援事業"",""特別区区民葬儀助成事業"",""特別養護老人ホーム等運営支援"",""避難行動要支援者支援の推進"",""福祉資金貸付"",""福祉人材育成・研修センター運営事業"",""保健医療福祉総合プラザ維持運営"",""保健福祉サービス苦情審査会運営"",""保健福祉サービス質の向上の推進"",""保健福祉運営事務（烏山）"",""保健福祉運営事務（砧）"",""保健福祉運営事務（玉川）"",""保健福祉運営事務（世田谷）"",""保健福祉運営事務（北沢）"",""保健福祉政策部運営事業"",""保健福祉政策部庶務事務"",""民生委員等活動"",""路上生活対策事業"",""老人保健施設整備助成""],""related_revenues"":[{""revenue_detail_id"":""rd_2026_general_revenue_13_02_01_56_19_3595200000"",""revenue_hierarchy"":[""国庫支出金"",""国庫補助金"",""民生費補助金"",""生活困窮者就労準備支援事業費等補助金"",""成年後見制度利用促進体制整備推進事業""],""amount_attribution_status"":""not_available""},{""revenue_detail_id"":""rd_2026_general_revenue_14_02_02_60_04_3595200000"",""revenue_hierarchy"":[""都支出金"",""都補助金"",""民生費補助金"",""地域福祉推進区市町村包括補助事業"",""成年後見制度等の利用支援事業""],""amount_attribution_status"":""not_available""},{""revenue_detail_id"":""rd_2026_general_revenue_19_06_09_08_17_3595200000"",""revenue_hierarchy"":[""諸収入"",""雑入"",""雑入"",""参加料・利用料"",""成年後見制度""],""amount_attribution_status"":""not_available""},{""revenue_detail_id"":""rd_2026_general_revenue_19_06_12_08_02_3595200000"",""revenue_hierarchy"":[""諸収入"",""雑入"",""雑入（２）"",""返還金・戻入金（４）"",""緊急対応金銭管理事業""],""amount_attribution_status"":""not_available""}]}","high","approve","B_strong_structural・確信度highの一括承認ルールにより承認"
"bpi_b9f1165f165cc6c8a854899bb8a10556c041f2a5f248c866e36eadfd1f138699","会計年度任用職員の人件費（保健福祉政策部）","一般会計","職員費","職員費","民生職員費","保健福祉政策部 保健福祉政策課","128690","福祉・保健・社会保障を支える行政","supports","公式予算の職員費で民生職員費または衛生職員費に属するため、福祉・保健・社会保障に関する行政機能を支える予算事業として整理した。","B_strong_structural","{""matched_rule_id"":""welfare-health-staff-official-hierarchy"",""budget_item_key"":""2026_general_expenditure_09_01_03"",""identity_fields"":{""display_program_name"":""会計年度任用職員の人件費（保健福祉政策部）"",""hierarchy"":[""職員費"",""職員費"",""民生職員費""],""department_display_name"":""保健福祉政策部 保健福祉政策課"",""amount_thousand_yen"":128690},""member_programs"":[{""program_id"":""2026_general_expenditure_09_01_03_01_15_01"",""major_program_name"":""民生関係事務従事職員の人件費"",""budget_program_name"":""会計年度任用職員の人件費（保健福祉政策部）"",""detail_program_name"":""会計年度任用職員の人件費（保健福祉政策部）"",""source_file"":""ippansaisyutu.csv"",""source_row_number"":9536}],""same_budget_item_other_program_names"":[""会計年度任用職員の人件費（烏山総合支所）"",""会計年度任用職員の人件費（砧総合支所）"",""会計年度任用職員の人件費（玉川総合支所）"",""会計年度任用職員の人件費（高齢福祉部）"",""会計年度任用職員の人件費（子ども・若者部（２））"",""会計年度任用職員の人件費（子ども・若者部）"",""会計年度任用職員の人件費（児童相談所）"",""会計年度任用職員の人件費（障害福祉部）"",""会計年度任用職員の人件費（世田谷総合支所）"",""会計年度任用職員の人件費（北沢総合支所）"",""民生関係事務従事職員の人件費""],""related_revenues"":[{""revenue_detail_id"":""rd_2026_general_revenue_13_01_01_31_07_3595110000"",""revenue_hierarchy"":[""国庫支出金"",""国庫負担金"",""民生費負担金"",""生活困窮者自立相談支援事業費等負担金"",""被保護者就労支援事業費（生保事務）""],""amount_attribution_status"":""not_available""},{""revenue_detail_id"":""rd_2026_general_revenue_13_01_01_31_08_3595110000"",""revenue_hierarchy"":[""国庫支出金"",""国庫負担金"",""民生費負担金"",""生活困窮者自立相談支援事業費等負担金"",""生活困窮者自立相談支援事業費""],""amount_attribution_status"":""not_available""},{""revenue_detail_id"":""rd_2026_general_revenue_13_01_01_45_05_3595110000"",""revenue_hierarchy"":[""国庫支出金"",""国庫負担金"",""民生費負担金"",""重層的支援体制整備事業"",""生活困窮者自立相談支援事業費（会計年度任用職員人件費）""],""amount_attribution_status"":""not_available""},{""revenue_detail_id"":""rd_2026_general_revenue_13_02_01_56_18_3595110000"",""revenue_hierarchy"":[""国庫支出金"",""国庫補助金"",""民生費補助金"",""生活困窮者就労準備支援事業費等補助金"",""生活保護適正実施推進事業""],""amount_attribution_status"":""not_available""},{""revenue_detail_id"":""rd_2026_general_revenue_13_03_01_05_02_3595110000"",""revenue_hierarchy"":[""国庫支出金"",""国庫委託金"",""民生費委託金"",""特定中国残留邦人等支援事業"",""特定中国残留邦人等支援事業費""],""amount_attribution_status"":""not_available""},{""revenue_detail_id"":""rd_2026_general_revenue_14_02_02_60_74_3595110000"",""revenue_hierarchy"":[""都支出金"",""都補助金"",""民生費補助金"",""地域福祉推進区市町村包括補助事業"",""保健福祉サービス苦情審査会（専門調査員人件費分）""],""amount_attribution_status"":""not_available""},{""revenue_detail_id"":""rd_2026_general_revenue_14_02_02_60_75_3595110000"",""revenue_hierarchy"":[""都支出金"",""都補助金"",""民生費補助金"",""地域福祉推進区市町村包括補助事業"",""保健福祉サービス向上委員会運営事業（専門調査員人件費分）""],""amount_attribution_status"":""not_available""},{""revenue_detail_id"":""rd_2026_general_revenue_19_06_04_06_08_3595110000"",""revenue_hierarchy"":[""諸収入"",""雑入"",""納付金"",""納付金（３）"",""会計年度任用職員社会保険料（保健福祉政策部）""],""amount_attribution_status"":""not_available""}]}","high","approve","B_strong_structural・確信度highの一括承認ルールにより承認"
"bpi_f4ae08ea0946a738eb94aaef252f5bd859491d86f5c401fd6cde4b1653670344","がん対策","一般会計","衛生費","公衆衛生費","成人病予防費","世田谷保健所 健康企画課","125130","福祉・保健・社会保障を支える行政","supports","公式予算で衛生費に属するため、保健・公衆衛生に関する行政機能を支える予算事業として整理した。","B_strong_structural","{""matched_rule_id"":""public-health-official-hierarchy"",""budget_item_key"":""2026_general_expenditure_05_03_03"",""identity_fields"":{""display_program_name"":""がん対策"",""hierarchy"":[""衛生費"",""公衆衛生費"",""成人病予防費""],""department_display_name"":""世田谷保健所 健康企画課"",""amount_thousand_yen"":125130},""member_programs"":[{""program_id"":""2026_general_expenditure_05_03_03_01_12_01"",""major_program_name"":""成人病予防事業費"",""budget_program_name"":""がん対策"",""detail_program_name"":""がん対策"",""source_file"":""ippansaisyutu.csv"",""source_row_number"":9886}],""same_budget_item_other_program_names"":[""がん検診"",""肝炎ウイルス検診"",""骨粗しょう症検診"",""歯科保健対策"",""成人健康診査"",""生活習慣病予防対策""],""related_revenues"":[{""revenue_detail_id"":""rd_2026_general_revenue_13_02_03_13_05_3785100000"",""revenue_hierarchy"":[""国庫支出金"",""国庫補助金"",""衛生費補助金"",""健康増進対策費"",""がん検診精密検査勧奨事業""],""amount_attribution_status"":""not_available""},{""revenue_detail_id"":""rd_2026_general_revenue_14_02_02_40_36_3785100000"",""revenue_hierarchy"":[""都支出金"",""都補助金"",""民生費補助金"",""保健医療政策区市町村包括補助事業費"",""がん検診精度管理事業""],""amount_attribution_status"":""not_available""},{""revenue_detail_id"":""rd_2026_general_revenue_14_02_02_40_37_3785100000"",""revenue_hierarchy"":[""都支出金"",""都補助金"",""民生費補助金"",""保健医療政策区市町村包括補助事業費"",""がん予防普及啓発""],""amount_attribution_status"":""not_available""},{""revenue_detail_id"":""rd_2026_general_revenue_14_02_02_40_67_3785100000"",""revenue_hierarchy"":[""都支出金"",""都補助金"",""民生費補助金"",""保健医療政策区市町村包括補助事業費"",""がん患者へのアピアランスケア支援事業""],""amount_attribution_status"":""not_available""},{""revenue_detail_id"":""rd_2026_general_revenue_14_02_02_40_73_3785100000"",""revenue_hierarchy"":[""都支出金"",""都補助金"",""民生費補助金"",""保健医療政策区市町村包括補助事業費"",""若年がん患者在宅療養支援事業""],""amount_attribution_status"":""not_available""}]}","high","approve","B_strong_structural・確信度highの一括承認ルールにより承認"
"bpi_d7412756349e656a6a593b41892bb4b1d64c17bbfbe91588d4dcc5216e4a1373","歯科保健対策","一般会計","衛生費","公衆衛生費","成人病予防費","世田谷保健所 健康推進課","123722","福祉・保健・社会保障を支える行政","supports","公式予算で衛生費に属するため、保健・公衆衛生に関する行政機能を支える予算事業として整理した。","B_strong_structural","{""matched_rule_id"":""public-health-official-hierarchy"",""budget_item_key"":""2026_general_expenditure_05_03_03"",""identity_fields"":{""display_program_name"":""歯科保健対策"",""hierarchy"":[""衛生費"",""公衆衛生費"",""成人病予防費""],""department_display_name"":""世田谷保健所 健康推進課"",""amount_thousand_yen"":123722},""member_programs"":[{""program_id"":""2026_general_expenditure_05_03_03_01_01_01"",""major_program_name"":""成人病予防事業費"",""budget_program_name"":""歯科保健対策"",""detail_program_name"":""歯科保健対策"",""source_file"":""ippansaisyutu.csv"",""source_row_number"":9896}],""same_budget_item_other_program_names"":[""がん検診"",""がん対策"",""肝炎ウイルス検診"",""骨粗しょう症検診"",""成人健康診査"",""生活習慣病予防対策""],""related_revenues"":[{""revenue_detail_id"":""rd_2026_general_revenue_13_02_03_17_02_3785200000"",""revenue_hierarchy"":[""国庫支出金"",""国庫補助金"",""衛生費補助金"",""医療施設運営費等補助金"",""８０２０運動・口腔保健推進事業""],""amount_attribution_status"":""not_available""},{""revenue_detail_id"":""rd_2026_general_revenue_14_02_02_40_74_3785200000"",""revenue_hierarchy"":[""都支出金"",""都補助金"",""民生費補助金"",""保健医療政策区市町村包括補助事業費"",""歯科健康診査受診促進事業""],""amount_attribution_status"":""not_available""},{""revenue_detail_id"":""rd_2026_general_revenue_14_02_04_17_02_3785200000"",""revenue_hierarchy"":[""都支出金"",""都補助金"",""衛生費補助金"",""健康診査費"",""歯周疾患健診""],""amount_attribution_status"":""not_available""},{""revenue_detail_id"":""rd_2026_general_revenue_14_02_04_32_01_3785200000"",""revenue_hierarchy"":[""都支出金"",""都補助金"",""衛生費補助金"",""健康相談費"",""区民歯科相談""],""amount_attribution_status"":""not_available""},{""revenue_detail_id"":""rd_2026_general_revenue_19_06_09_48_03_3785200000"",""revenue_hierarchy"":[""諸収入"",""雑入"",""雑入"",""広域連合支出金"",""歯科健康診査事業費補助金""],""amount_attribution_status"":""not_available""},{""revenue_detail_id"":""rd_2026_general_revenue_19_06_09_48_05_3785200000"",""revenue_hierarchy"":[""諸収入"",""雑入"",""雑入"",""広域連合支出金"",""長寿・健康増進事業費等補助金""],""amount_attribution_status"":""not_available""}]}","high","approve","B_strong_structural・確信度highの一括承認ルールにより承認"
"bpi_6537b099d1cb6968eec84b11b6c3c35fbe7a4c68cd589f5a97888f2957ce177d","検査センター事務","一般会計","衛生費","環境衛生費","環境衛生費","世田谷保健所 生活保健課","122903","福祉・保健・社会保障を支える行政","supports","公式予算で衛生費に属するため、保健・公衆衛生に関する行政機能を支える予算事業として整理した。","B_strong_structural","{""matched_rule_id"":""public-health-official-hierarchy"",""budget_item_key"":""2026_general_expenditure_05_04_01"",""identity_fields"":{""display_program_name"":""検査センター事務"",""hierarchy"":[""衛生費"",""環境衛生費"",""環境衛生費""],""department_display_name"":""世田谷保健所 生活保健課"",""amount_thousand_yen"":122903},""member_programs"":[{""program_id"":""2026_general_expenditure_05_04_01_01_14_01"",""major_program_name"":""環境衛生事業費"",""budget_program_name"":""検査センター事務"",""detail_program_name"":""検査センター事務"",""source_file"":""ippansaisyutu.csv"",""source_row_number"":9935}],""same_budget_item_other_program_names"":[""医事薬事監視普及"",""化学検査事業運営"",""環境衛生監視普及"",""狂犬病予防法事務"",""細菌検査事業運営"",""住宅宿泊事業監視普及"",""食の安全・安心の推進"",""食品衛生監視普及"",""人と動物との共生推進事業"",""鼠・害虫相談・水害消毒"",""臨床検査事業運営""],""related_revenues"":[]}","high","approve","B_strong_structural・確信度highの一括承認ルールにより承認"
"bpi_bd482fb02dfd2b7d23b6056c43a42481a34645424e6f602e8933258d5dfd38a4","生活支援体制整備事業","一般会計","民生費","社会福祉費","高齢者福祉費","高齢福祉部 介護予防・支援課","120000","福祉・保健・社会保障を支える行政","supports","公式予算で民生費の社会福祉費または生活保護費に属するため、福祉・社会保障に関する行政機能を支える予算事業として整理した。これはみらい議会の探索用整理であり、区の公式な課題分類ではない。","B_strong_structural","{""matched_rule_id"":""social-welfare-official-hierarchy"",""budget_item_key"":""2026_general_expenditure_03_01_02"",""identity_fields"":{""display_program_name"":""生活支援体制整備事業"",""hierarchy"":[""民生費"",""社会福祉費"",""高齢者福祉費""],""department_display_name"":""高齢福祉部 介護予防・支援課"",""amount_thousand_yen"":120000},""member_programs"":[{""program_id"":""2026_general_expenditure_03_01_02_08_03_01"",""major_program_name"":""重層的支援体制整備事業費"",""budget_program_name"":""生活支援体制整備事業"",""detail_program_name"":""生活支援体制整備事業"",""source_file"":""ippansaisyutu.csv"",""source_row_number"":9693}],""same_budget_item_other_program_names"":[""あんしん見守り事業"",""シニアボランティアポイント事業"",""ひとりぐらし高齢者の安全確保"",""ひとりぐらし高齢者見守り機器補助事業"",""ひとりぐらし高齢者等状況把握"",""一時生活援助施設運営"",""一般介護予防事業"",""介護予防施策推進事業"",""慶祝事業"",""高齢者おむつ支給"",""高齢者コミュニケーションサービス"",""高齢者スマートフォン購入費助成"",""高齢者はり・灸・マッサージサービス"",""高齢者会食サービス"",""高齢者在宅サービスセンター維持管理"",""高齢者住宅改修助成"",""高齢者寝具乾燥・訪問理美容サービス"",""高齢者補聴器購入費助成"",""支えあいミニデイ支援の推進"",""生計困難者負担軽減事業"",""地域包括支援センター運営委託"",""地域包括支援センター事務委託"",""地域包括支援センター障害者・子育て家庭等相談事業"",""地域包括支援センター認知症社会参加推進事業"",""認知症在宅生活サポートセンター認知症社会参加推進事業"",""認知症施策運営事業"",""福祉緊急対応"",""民生委員ふれあい訪問"",""養護老人ホーム入所措置""],""related_revenues"":[{""revenue_detail_id"":""rd_2026_general_revenue_13_02_01_78_18_3645300000"",""revenue_hierarchy"":[""国庫支出金"",""国庫補助金"",""民生費補助金"",""重層的支援体制整備事業"",""生活支援体制整備事業""],""amount_attribution_status"":""not_available""},{""revenue_detail_id"":""rd_2026_general_revenue_14_02_08_16_14_3645300000"",""revenue_hierarchy"":[""都支出金"",""都補助金"",""民生費補助金（２）"",""重層的支援体制整備事業"",""生活支援体制整備事業""],""amount_attribution_status"":""not_available""},{""revenue_detail_id"":""rd_2026_general_revenue_17_02_03_01_03_3645300000"",""revenue_hierarchy"":[""繰入金"",""特別会計繰入金"",""介護保険事業会計繰入金"",""重層的支援体制整備事業繰入金"",""生活支援体制整備事業""],""amount_attribution_status"":""not_available""}]}","high","approve","B_strong_structural・確信度highの一括承認ルールにより承認"
"bpi_375877c7760684d65098bc7027452cbbf0d8fa2b814f2d40436828b3b939189c","高齢者福祉施設改修工事","一般会計","民生費","社会福祉費","高齢者施設費","高齢福祉部 高齢福祉課","111921","福祉・保健・社会保障を支える行政","supports","公式予算で民生費の社会福祉費または生活保護費に属するため、福祉・社会保障に関する行政機能を支える予算事業として整理した。これはみらい議会の探索用整理であり、区の公式な課題分類ではない。","B_strong_structural","{""matched_rule_id"":""social-welfare-official-hierarchy"",""budget_item_key"":""2026_general_expenditure_03_01_17"",""identity_fields"":{""display_program_name"":""高齢者福祉施設改修工事"",""hierarchy"":[""民生費"",""社会福祉費"",""高齢者施設費""],""department_display_name"":""高齢福祉部 高齢福祉課"",""amount_thousand_yen"":111921},""member_programs"":[{""program_id"":""2026_general_expenditure_03_01_17_02_01_01"",""major_program_name"":""高齢者施設改修費"",""budget_program_name"":""高齢者福祉施設改修工事"",""detail_program_name"":""高齢者福祉施設改修工事"",""source_file"":""ippansaisyutu.csv"",""source_row_number"":9643}],""same_budget_item_other_program_names"":[],""related_revenues"":[]}","high","approve","B_strong_structural・確信度highの一括承認ルールにより承認"
"bpi_0ef50a2f2165875673915b55c8016d00c1d61727ee0b52cbb38f563672983f8d","民生委員等活動","一般会計","民生費","社会福祉費","社会福祉総務費","保健福祉政策部 生活福祉課","111543","福祉・保健・社会保障を支える行政","supports","公式予算で民生費の社会福祉費または生活保護費に属するため、福祉・社会保障に関する行政機能を支える予算事業として整理した。これはみらい議会の探索用整理であり、区の公式な課題分類ではない。","B_strong_structural","{""matched_rule_id"":""social-welfare-official-hierarchy"",""budget_item_key"":""2026_general_expenditure_03_01_01"",""identity_fields"":{""display_program_name"":""民生委員等活動"",""hierarchy"":[""民生費"",""社会福祉費"",""社会福祉総務費""],""department_display_name"":""保健福祉政策部 生活福祉課"",""amount_thousand_yen"":111543},""member_programs"":[{""program_id"":""2026_general_expenditure_03_01_01_01_01_01"",""major_program_name"":""社会福祉関係の法律に基づく事業費"",""budget_program_name"":""民生委員等活動"",""detail_program_name"":""民生委員等活動"",""source_file"":""ippansaisyutu.csv"",""source_row_number"":9549}],""same_budget_item_other_program_names"":[""ケアハウス整備促進等事業"",""ケアマネジメントの総合的推進"",""ひきこもり対策"",""ボランティア施設改修"",""ボランティア団体等援助"",""移動困難者の移送システム"",""医療的ケア児（者）支援の充実"",""医療的ケア児の笑顔を支える基金積立金"",""介護人材確保・定着支援事業"",""介護保険事業会計繰出金"",""旧軍人等の援護"",""後期高齢者医療会計繰出金"",""行旅病人及死亡人取扱"",""高齢福祉部運営事業"",""高齢福祉部庶務事務"",""国民健康保険事業会計繰出金"",""災害時ボランティア受入体制整備事業"",""社会福祉協議会運営助成"",""社会福祉事業団運営助成"",""社会福祉法人に対する高齢者施設整備助成"",""社会福祉法人に対する障害者施設整備助成"",""社会福祉法人の認可・指導検査"",""終活支援センター運営事業"",""住宅手当緊急特別措置事業"",""住民税非課税世帯等への価格高騰重点支援給付金支給"",""障害者グループホーム整備助成"",""障害者サービス広報事業"",""障害者差別解消推進"",""障害者施設整備促進等事業"",""障害者福祉施策の計画・調整"",""障害認定審査事務運営"",""障害福祉部庶務事務"",""心身障害者医療費助成"",""世田谷区地域福祉推進事業"",""世田谷保健福祉センター分室維持管理"",""成年後見制度"",""生活安定支援事業"",""生活困窮者自立促進支援事業"",""生活保健事務（烏山）"",""生活保健事務（砧）"",""生活保健事務（玉川）"",""生活保健事務（世田谷）"",""生活保健事務（北沢）"",""専門的人材の確保・養成事業"",""相談員業務（烏山）"",""相談員業務（砧）"",""相談員業務（玉川）"",""相談員業務（世田谷）"",""相談員業務（北沢）"",""地域福祉活動等促進事業"",""地域福祉資源開発事業"",""地域保健福祉審議会の運営"",""地域保健福祉等推進基金積立金"",""地域密着型サービス拠点等整備助成"",""地区高齢者見守りネットワーク事業"",""特定中国残留邦人等支援事業"",""特別区区民葬儀助成事業"",""特別養護老人ホーム等運営支援"",""避難行動要支援者支援の推進"",""福祉資金貸付"",""福祉人材育成・研修センター運営事業"",""保健医療福祉総合プラザ維持運営"",""保健福祉サービス苦情審査会運営"",""保健福祉サービス質の向上の推進"",""保健福祉運営事務（烏山）"",""保健福祉運営事務（砧）"",""保健福祉運営事務（玉川）"",""保健福祉運営事務（世田谷）"",""保健福祉運営事務（北沢）"",""保健福祉政策部運営事業"",""保健福祉政策部庶務事務"",""路上生活対策事業"",""老人保健施設整備助成""],""related_revenues"":[{""revenue_detail_id"":""rd_2026_general_revenue_14_01_01_02_01_3595200000"",""revenue_hierarchy"":[""都支出金"",""都負担金"",""民生費負担金"",""民生委員運営費"",""民生委員運営""],""amount_attribution_status"":""not_available""},{""revenue_detail_id"":""rd_2026_general_revenue_14_01_01_03_01_3595200000"",""revenue_hierarchy"":[""都支出金"",""都負担金"",""民生費負担金"",""民生委員推せん会費"",""民生委員推せん会""],""amount_attribution_status"":""not_available""},{""revenue_detail_id"":""rd_2026_general_revenue_14_02_02_60_76_3595200000"",""revenue_hierarchy"":[""都支出金"",""都補助金"",""民生費補助金"",""地域福祉推進区市町村包括補助事業"",""民生委員・児童委員活動環境整備事業""],""amount_attribution_status"":""not_available""}]}","high","approve","B_strong_structural・確信度highの一括承認ルールにより承認"
"bpi_47fc39f2fa618969d2497f5bd8e847169e47aef76c471711b5430ca0804e3434","福祉人材育成・研修センター運営事業","一般会計","民生費","社会福祉費","社会福祉総務費","保健福祉政策部 保福推進課","107060","福祉・保健・社会保障を支える行政","supports","公式予算で民生費の社会福祉費または生活保護費に属するため、福祉・社会保障に関する行政機能を支える予算事業として整理した。これはみらい議会の探索用整理であり、区の公式な課題分類ではない。","B_strong_structural","{""matched_rule_id"":""social-welfare-official-hierarchy"",""budget_item_key"":""2026_general_expenditure_03_01_01"",""identity_fields"":{""display_program_name"":""福祉人材育成・研修センター運営事業"",""hierarchy"":[""民生費"",""社会福祉費"",""社会福祉総務費""],""department_display_name"":""保健福祉政策部 保福推進課"",""amount_thousand_yen"":107060},""member_programs"":[{""program_id"":""2026_general_expenditure_03_01_01_06_12_01"",""major_program_name"":""その他の社会福祉事業費（２）"",""budget_program_name"":""福祉人材育成・研修センター運営事業"",""detail_program_name"":""福祉人材育成・研修センター運営事業"",""source_file"":""ippansaisyutu.csv"",""source_row_number"":9542}],""same_budget_item_other_program_names"":[""ケアハウス整備促進等事業"",""ケアマネジメントの総合的推進"",""ひきこもり対策"",""ボランティア施設改修"",""ボランティア団体等援助"",""移動困難者の移送システム"",""医療的ケア児（者）支援の充実"",""医療的ケア児の笑顔を支える基金積立金"",""介護人材確保・定着支援事業"",""介護保険事業会計繰出金"",""旧軍人等の援護"",""後期高齢者医療会計繰出金"",""行旅病人及死亡人取扱"",""高齢福祉部運営事業"",""高齢福祉部庶務事務"",""国民健康保険事業会計繰出金"",""災害時ボランティア受入体制整備事業"",""社会福祉協議会運営助成"",""社会福祉事業団運営助成"",""社会福祉法人に対する高齢者施設整備助成"",""社会福祉法人に対する障害者施設整備助成"",""社会福祉法人の認可・指導検査"",""終活支援センター運営事業"",""住宅手当緊急特別措置事業"",""住民税非課税世帯等への価格高騰重点支援給付金支給"",""障害者グループホーム整備助成"",""障害者サービス広報事業"",""障害者差別解消推進"",""障害者施設整備促進等事業"",""障害者福祉施策の計画・調整"",""障害認定審査事務運営"",""障害福祉部庶務事務"",""心身障害者医療費助成"",""世田谷区地域福祉推進事業"",""世田谷保健福祉センター分室維持管理"",""成年後見制度"",""生活安定支援事業"",""生活困窮者自立促進支援事業"",""生活保健事務（烏山）"",""生活保健事務（砧）"",""生活保健事務（玉川）"",""生活保健事務（世田谷）"",""生活保健事務（北沢）"",""専門的人材の確保・養成事業"",""相談員業務（烏山）"",""相談員業務（砧）"",""相談員業務（玉川）"",""相談員業務（世田谷）"",""相談員業務（北沢）"",""地域福祉活動等促進事業"",""地域福祉資源開発事業"",""地域保健福祉審議会の運営"",""地域保健福祉等推進基金積立金"",""地域密着型サービス拠点等整備助成"",""地区高齢者見守りネットワーク事業"",""特定中国残留邦人等支援事業"",""特別区区民葬儀助成事業"",""特別養護老人ホーム等運営支援"",""避難行動要支援者支援の推進"",""福祉資金貸付"",""保健医療福祉総合プラザ維持運営"",""保健福祉サービス苦情審査会運営"",""保健福祉サービス質の向上の推進"",""保健福祉運営事務（烏山）"",""保健福祉運営事務（砧）"",""保健福祉運営事務（玉川）"",""保健福祉運営事務（世田谷）"",""保健福祉運営事務（北沢）"",""保健福祉政策部運営事業"",""保健福祉政策部庶務事務"",""民生委員等活動"",""路上生活対策事業"",""老人保健施設整備助成""],""related_revenues"":[{""revenue_detail_id"":""rd_2026_general_revenue_14_02_02_42_63_3595150000"",""revenue_hierarchy"":[""都支出金"",""都補助金"",""民生費補助金"",""高齢者施策推進区市町村包括補助事業"",""福祉人材育成・研修センター運営事業""],""amount_attribution_status"":""not_available""}]}","high","approve","B_strong_structural・確信度highの一括承認ルールにより承認"
"bpi_39e9fd68b4d06f857cf08be47b46b05f303b047be9c3a2cf5f21664442fec9c6","障害者ホームヘルパー等派遣","一般会計","民生費","社会福祉費","障害者福祉費","障害福祉部 障害施策課","103229","福祉・保健・社会保障を支える行政","supports","公式予算で民生費の社会福祉費または生活保護費に属するため、福祉・社会保障に関する行政機能を支える予算事業として整理した。これはみらい議会の探索用整理であり、区の公式な課題分類ではない。","B_strong_structural","{""matched_rule_id"":""social-welfare-official-hierarchy"",""budget_item_key"":""2026_general_expenditure_03_01_03"",""identity_fields"":{""display_program_name"":""障害者ホームヘルパー等派遣"",""hierarchy"":[""民生費"",""社会福祉費"",""障害者福祉費""],""department_display_name"":""障害福祉部 障害施策課"",""amount_thousand_yen"":103229},""member_programs"":[{""program_id"":""2026_general_expenditure_03_01_03_03_01_01"",""major_program_name"":""障害者生活支援事業"",""budget_program_name"":""障害者ホームヘルパー等派遣"",""detail_program_name"":""障害者ホームヘルパー等派遣"",""source_file"":""ippansaisyutu.csv"",""source_row_number"":9708}],""same_budget_item_other_program_names"":[""介護者リフレッシュ"",""基幹相談支援センター事業運営"",""技術支援（児童福祉施設）事業運営"",""更生訓練費助成"",""自立支援医療"",""重度脳性麻痺者介護人派遣"",""障害児入所給付費"",""障害者おむつ支給"",""障害者グループホーム事業等助成"",""障害者コミュニケーションサービス"",""障害者虐待防止推進事業"",""障害者緊急介護人派遣"",""障害者自動車利用支援"",""障害者自立支援給付"",""障害者寝具乾燥・訪問理美容サービス"",""障害者親亡きあと対策"",""障害者設備改善費給付"",""障害者専門相談事業運営"",""障害者相談支援"",""障害者団体活動支援"",""障害者団体支援"",""障害者日常生活用具等給付"",""障害者入浴サービス"",""障害者配食サービス"",""障害者福祉手当"",""障害理解促進"",""身体障害者及知的障害者相談員活動"",""精神障害者ピアサポート支援事業"",""精神保健福祉団体連携事業"",""地域生活支援拠点等整備事業"",""乳幼児育成相談事業運営"",""被爆者見舞金"",""補装具給付"",""民間空襲等被害者見舞金支給""],""related_revenues"":[{""revenue_detail_id"":""rd_2026_general_revenue_14_02_08_31_01_3655100000"",""revenue_hierarchy"":[""都支出金"",""都補助金"",""民生費補助金（２）"",""在宅レスパイト・就労等支援事業"",""在宅レスパイト・就労等支援事業""],""amount_attribution_status"":""not_available""},{""revenue_detail_id"":""rd_2026_general_revenue_19_06_10_01_08_3655100000"",""revenue_hierarchy"":[""諸収入"",""雑入"",""自立支援給付サービス収入"",""利用者負担金"",""居宅介護事業""],""amount_attribution_status"":""not_available""},{""revenue_detail_id"":""rd_2026_general_revenue_19_06_10_02_36_3655100000"",""revenue_hierarchy"":[""諸収入"",""雑入"",""自立支援給付サービス収入"",""自立支援サービス収入"",""居宅介護事業""],""amount_attribution_status"":""not_available""}]}","high","approve","B_strong_structural・確信度highの一括承認ルールにより承認"
"bpi_6b2f3519f7d0090ac34b28dfd94494a615bdb00ee0022e685224731980b002f4","地域包括支援センター事務委託","一般会計","民生費","社会福祉費","高齢者福祉費","高齢福祉部 介護予防・支援課","99028","福祉・保健・社会保障を支える行政","supports","公式予算で民生費の社会福祉費または生活保護費に属するため、福祉・社会保障に関する行政機能を支える予算事業として整理した。これはみらい議会の探索用整理であり、区の公式な課題分類ではない。","B_strong_structural","{""matched_rule_id"":""social-welfare-official-hierarchy"",""budget_item_key"":""2026_general_expenditure_03_01_02"",""identity_fields"":{""display_program_name"":""地域包括支援センター事務委託"",""hierarchy"":[""民生費"",""社会福祉費"",""高齢者福祉費""],""department_display_name"":""高齢福祉部 介護予防・支援課"",""amount_thousand_yen"":99028},""member_programs"":[{""program_id"":""2026_general_expenditure_03_01_02_05_11_01"",""major_program_name"":""その他の高齢者福祉事業費"",""budget_program_name"":""地域包括支援センター事務委託"",""detail_program_name"":""地域包括支援センター事務委託"",""source_file"":""ippansaisyutu.csv"",""source_row_number"":9685}],""same_budget_item_other_program_names"":[""あんしん見守り事業"",""シニアボランティアポイント事業"",""ひとりぐらし高齢者の安全確保"",""ひとりぐらし高齢者見守り機器補助事業"",""ひとりぐらし高齢者等状況把握"",""一時生活援助施設運営"",""一般介護予防事業"",""介護予防施策推進事業"",""慶祝事業"",""高齢者おむつ支給"",""高齢者コミュニケーションサービス"",""高齢者スマートフォン購入費助成"",""高齢者はり・灸・マッサージサービス"",""高齢者会食サービス"",""高齢者在宅サービスセンター維持管理"",""高齢者住宅改修助成"",""高齢者寝具乾燥・訪問理美容サービス"",""高齢者補聴器購入費助成"",""支えあいミニデイ支援の推進"",""生活支援体制整備事業"",""生計困難者負担軽減事業"",""地域包括支援センター運営委託"",""地域包括支援センター障害者・子育て家庭等相談事業"",""地域包括支援センター認知症社会参加推進事業"",""認知症在宅生活サポートセンター認知症社会参加推進事業"",""認知症施策運営事業"",""福祉緊急対応"",""民生委員ふれあい訪問"",""養護老人ホーム入所措置""],""related_revenues"":[]}","high","approve","B_strong_structural・確信度highの一括承認ルールにより承認"
"bpi_ec45351d16bba62810ce70f3037ef5f13968d1c4830ea9ed8b1b32f9954d20d5","障害者授産事業","一般会計","民生費","社会福祉費","障害者施設費","障害福祉部 障害地域生活課","93468","福祉・保健・社会保障を支える行政","supports","公式予算で民生費の社会福祉費または生活保護費に属するため、福祉・社会保障に関する行政機能を支える予算事業として整理した。これはみらい議会の探索用整理であり、区の公式な課題分類ではない。","B_strong_structural","{""matched_rule_id"":""social-welfare-official-hierarchy"",""budget_item_key"":""2026_general_expenditure_03_01_16"",""identity_fields"":{""display_program_name"":""障害者授産事業"",""hierarchy"":[""民生費"",""社会福祉費"",""障害者施設費""],""department_display_name"":""障害福祉部 障害地域生活課"",""amount_thousand_yen"":93468},""member_programs"":[{""program_id"":""2026_general_expenditure_03_01_16_01_06_01"",""major_program_name"":""障害者更生指導事業費"",""budget_program_name"":""障害者授産事業"",""detail_program_name"":""障害者授産事業"",""source_file"":""ippansaisyutu.csv"",""source_row_number"":9742}],""same_budget_item_other_program_names"":[""グループホーム運営助成"",""児童発達支援運営"",""就労移行・継続支援事業運営"",""重症心身障害児（者）通園施設運営助成"",""障害施設維持管理"",""障害児施設維持管理"",""障害児施設改修"",""障害者休養ホームひまわり荘運営管理"",""障害者施設改修"",""障害者施設等運営助成"",""障害者自立体験等運営事業"",""障害者就労促進事業"",""障害者短期入所等事業"",""生活介護事業運営"",""地域活動支援センター運営助成"",""配慮を要する児童への支援事業"",""梅ヶ丘拠点障害児通所事業運営助成"",""梅ヶ丘拠点障害者支援施設運営助成"",""福祉施設等送迎バスのネットワーク運行"",""放課後等デイサービス運営助成""],""related_revenues"":[{""revenue_detail_id"":""rd_2026_general_revenue_13_02_01_32_41_3655200000"",""revenue_hierarchy"":[""国庫支出金"",""国庫補助金"",""民生費補助金"",""地域生活支援事業費"",""理解促進研修・啓発事業（カタログリーフレット作成）""],""amount_attribution_status"":""not_available""},{""revenue_detail_id"":""rd_2026_general_revenue_14_02_02_37_40_3655200000"",""revenue_hierarchy"":[""都支出金"",""都補助金"",""民生費補助金"",""地域生活支援事業費"",""理解促進研修・啓発事業（カタログリーフレット作成）""],""amount_attribution_status"":""not_available""},{""revenue_detail_id"":""rd_2026_general_revenue_14_02_02_44_15_3655200000"",""revenue_hierarchy"":[""都支出金"",""都補助金"",""民生費補助金"",""障害者施策推進区市町村包括補助事業費"",""授産体験実習事業""],""amount_attribution_status"":""not_available""},{""revenue_detail_id"":""rd_2026_general_revenue_14_02_02_44_65_3655200000"",""revenue_hierarchy"":[""都支出金"",""都補助金"",""民生費補助金"",""障害者施策推進区市町村包括補助事業費"",""作業所等経営ネットワーク支援事業""],""amount_attribution_status"":""not_available""},{""revenue_detail_id"":""rd_2026_general_revenue_17_01_16_12_01_3655200000"",""revenue_hierarchy"":[""繰入金"",""基金繰入金"",""地域保健福祉等推進基金繰入金"",""障害者施設受注拡大・工賃向上推進事業"",""障害者施設受注拡大・工賃向上推進事業""],""amount_attribution_status"":""not_available""}]}","high","approve","B_strong_structural・確信度highの一括承認ルールにより承認"
"bpi_673cc854615fd815a03e45694470bda1b0b26fc77b8b7add9144bbf07dec2cd7","居宅介護福祉用具購入費","介護保険事業会計","保険給付費","介護サービス等諸費","居宅介護福祉用具購入費","高齢福祉部 介護保険課","93376","福祉・保健・社会保障を支える行政","supports","公式予算で国民健康保険、後期高齢者医療、介護保険の特別会計に属するため、社会保障に関する行政機能を支える予算事業として整理した。","B_strong_structural","{""matched_rule_id"":""social-insurance-accounts-official-hierarchy"",""budget_item_key"":""2026_long_term_care_insurance_expenditure_42_01_03"",""identity_fields"":{""display_program_name"":""居宅介護福祉用具購入費"",""hierarchy"":[""保険給付費"",""介護サービス等諸費"",""居宅介護福祉用具購入費""],""department_display_name"":""高齢福祉部 介護保険課"",""amount_thousand_yen"":93376},""member_programs"":[{""program_id"":""2026_long_term_care_insurance_expenditure_42_01_03_01_01_01"",""major_program_name"":""居宅介護福祉用具購入費"",""budget_program_name"":""居宅介護福祉用具購入費"",""detail_program_name"":""居宅介護福祉用具購入費"",""source_file"":""ippansaisyutu.csv"",""source_row_number"":9658}],""same_budget_item_other_program_names"":[],""related_revenues"":[{""revenue_detail_id"":""rd_2026_long_term_care_insurance_revenue_41_01_01_01_03_3645200000"",""revenue_hierarchy"":[""保険料"",""介護保険料"",""第１号被保険者保険料"",""現年度分特別徴収分"",""居宅介護福祉用具購入費""],""amount_attribution_status"":""not_available""},{""revenue_detail_id"":""rd_2026_long_term_care_insurance_revenue_43_01_01_01_03_3645200000"",""revenue_hierarchy"":[""国庫支出金"",""国庫負担金"",""介護給付費負担金"",""現年度分"",""居宅介護福祉用具購入費""],""amount_attribution_status"":""not_available""},{""revenue_detail_id"":""rd_2026_long_term_care_insurance_revenue_43_02_01_01_03_3645200000"",""revenue_hierarchy"":[""国庫支出金"",""国庫補助金"",""調整交付金"",""現年度分"",""居宅介護福祉用具購入費""],""amount_attribution_status"":""not_available""},{""revenue_detail_id"":""rd_2026_long_term_care_insurance_revenue_44_01_01_01_03_3645200000"",""revenue_hierarchy"":[""支払基金交付金"",""支払基金交付金"",""介護給付費交付金"",""現年度分"",""居宅介護福祉用具購入費""],""amount_attribution_status"":""not_available""},{""revenue_detail_id"":""rd_2026_long_term_care_insurance_revenue_45_01_01_01_03_3645200000"",""revenue_hierarchy"":[""都支出金"",""都負担金"",""介護給付費負担金"",""現年度分"",""居宅介護福祉用具購入費""],""amount_attribution_status"":""not_available""},{""revenue_detail_id"":""rd_2026_long_term_care_insurance_revenue_48_01_01_01_03_3645200000"",""revenue_hierarchy"":[""繰入金"",""一般会計繰入金"",""介護給付費繰入金"",""現年度分"",""居宅介護福祉用具購入費""],""amount_attribution_status"":""not_available""}]}","high","approve","B_strong_structural・確信度highの一括承認ルールにより承認"
"bpi_de6c609fcdc138dbea76026917e9bf96333b52970941e2c140095ed68e11ad4b","社会福祉事業団運営助成","一般会計","民生費","社会福祉費","社会福祉総務費","高齢福祉部 高齢福祉課","92679","福祉・保健・社会保障を支える行政","supports","公式予算で民生費の社会福祉費または生活保護費に属するため、福祉・社会保障に関する行政機能を支える予算事業として整理した。これはみらい議会の探索用整理であり、区の公式な課題分類ではない。","B_strong_structural","{""matched_rule_id"":""social-welfare-official-hierarchy"",""budget_item_key"":""2026_general_expenditure_03_01_01"",""identity_fields"":{""display_program_name"":""社会福祉事業団運営助成"",""hierarchy"":[""民生費"",""社会福祉費"",""社会福祉総務費""],""department_display_name"":""高齢福祉部 高齢福祉課"",""amount_thousand_yen"":92679},""member_programs"":[{""program_id"":""2026_general_expenditure_03_01_01_03_06_01"",""major_program_name"":""その他の社会福祉事業費"",""budget_program_name"":""社会福祉事業団運営助成"",""detail_program_name"":""社会福祉事業団運営助成"",""source_file"":""ippansaisyutu.csv"",""source_row_number"":9615}],""same_budget_item_other_program_names"":[""ケアハウス整備促進等事業"",""ケアマネジメントの総合的推進"",""ひきこもり対策"",""ボランティア施設改修"",""ボランティア団体等援助"",""移動困難者の移送システム"",""医療的ケア児（者）支援の充実"",""医療的ケア児の笑顔を支える基金積立金"",""介護人材確保・定着支援事業"",""介護保険事業会計繰出金"",""旧軍人等の援護"",""後期高齢者医療会計繰出金"",""行旅病人及死亡人取扱"",""高齢福祉部運営事業"",""高齢福祉部庶務事務"",""国民健康保険事業会計繰出金"",""災害時ボランティア受入体制整備事業"",""社会福祉協議会運営助成"",""社会福祉法人に対する高齢者施設整備助成"",""社会福祉法人に対する障害者施設整備助成"",""社会福祉法人の認可・指導検査"",""終活支援センター運営事業"",""住宅手当緊急特別措置事業"",""住民税非課税世帯等への価格高騰重点支援給付金支給"",""障害者グループホーム整備助成"",""障害者サービス広報事業"",""障害者差別解消推進"",""障害者施設整備促進等事業"",""障害者福祉施策の計画・調整"",""障害認定審査事務運営"",""障害福祉部庶務事務"",""心身障害者医療費助成"",""世田谷区地域福祉推進事業"",""世田谷保健福祉センター分室維持管理"",""成年後見制度"",""生活安定支援事業"",""生活困窮者自立促進支援事業"",""生活保健事務（烏山）"",""生活保健事務（砧）"",""生活保健事務（玉川）"",""生活保健事務（世田谷）"",""生活保健事務（北沢）"",""専門的人材の確保・養成事業"",""相談員業務（烏山）"",""相談員業務（砧）"",""相談員業務（玉川）"",""相談員業務（世田谷）"",""相談員業務（北沢）"",""地域福祉活動等促進事業"",""地域福祉資源開発事業"",""地域保健福祉審議会の運営"",""地域保健福祉等推進基金積立金"",""地域密着型サービス拠点等整備助成"",""地区高齢者見守りネットワーク事業"",""特定中国残留邦人等支援事業"",""特別区区民葬儀助成事業"",""特別養護老人ホーム等運営支援"",""避難行動要支援者支援の推進"",""福祉資金貸付"",""福祉人材育成・研修センター運営事業"",""保健医療福祉総合プラザ維持運営"",""保健福祉サービス苦情審査会運営"",""保健福祉サービス質の向上の推進"",""保健福祉運営事務（烏山）"",""保健福祉運営事務（砧）"",""保健福祉運営事務（玉川）"",""保健福祉運営事務（世田谷）"",""保健福祉運営事務（北沢）"",""保健福祉政策部運営事業"",""保健福祉政策部庶務事務"",""民生委員等活動"",""路上生活対策事業"",""老人保健施設整備助成""],""related_revenues"":[{""revenue_detail_id"":""rd_2026_general_revenue_14_02_02_42_24_3645100000"",""revenue_hierarchy"":[""都支出金"",""都補助金"",""民生費補助金"",""高齢者施策推進区市町村包括補助事業"",""高齢者介護サービスネットワーク運営の支援""],""amount_attribution_status"":""not_available""},{""revenue_detail_id"":""rd_2026_general_revenue_14_02_02_44_10_3645100000"",""revenue_hierarchy"":[""都支出金"",""都補助金"",""民生費補助金"",""障害者施策推進区市町村包括補助事業費"",""障害者就労支援""],""amount_attribution_status"":""not_available""}]}","high","approve","B_strong_structural・確信度highの一括承認ルールにより承認"
"bpi_6f2ee607b72b15f04ab736c0c8ae9495a643337fd88816f32d10d18306b2b86d","後期高齢者医療保険料徴収事務","後期高齢者医療会計","総務費","総務管理費","一般管理費","保健福祉政策部 国保・年金課","89933","福祉・保健・社会保障を支える行政","supports","公式予算で国民健康保険、後期高齢者医療、介護保険の特別会計に属するため、社会保障に関する行政機能を支える予算事業として整理した。","B_strong_structural","{""matched_rule_id"":""social-insurance-accounts-official-hierarchy"",""budget_item_key"":""2026_latter_stage_elderly_healthcare_expenditure_61_01_01"",""identity_fields"":{""display_program_name"":""後期高齢者医療保険料徴収事務"",""hierarchy"":[""総務費"",""総務管理費"",""一般管理費""],""department_display_name"":""保健福祉政策部 国保・年金課"",""amount_thousand_yen"":89933},""member_programs"":[{""program_id"":""2026_latter_stage_elderly_healthcare_expenditure_61_01_01_01_02_01"",""major_program_name"":""一般管理費"",""budget_program_name"":""後期高齢者医療保険料徴収事務"",""detail_program_name"":""後期高齢者医療保険料徴収事務"",""source_file"":""ippansaisyutu.csv"",""source_row_number"":9598}],""same_budget_item_other_program_names"":[""後期高齢者医療管理運営"",""葬祭費""],""related_revenues"":[{""revenue_detail_id"":""rd_2026_latter_stage_elderly_healthcare_revenue_63_01_01_01_03_3595400000"",""revenue_hierarchy"":[""繰入金"",""一般会計繰入金"",""一般会計繰入金"",""職員給与費等繰入金"",""一般管理（徴収事務）""],""amount_attribution_status"":""not_available""}]}","high","approve","B_strong_structural・確信度highの一括承認ルールにより承認"
"bpi_b8f1327febb9ab5bc0553cce3212760e002b7d952586aecbecd2479c78c66958","障害者自立体験等運営事業","一般会計","民生費","社会福祉費","障害者施設費","障害福祉部 障害地域生活課","85807","福祉・保健・社会保障を支える行政","supports","公式予算で民生費の社会福祉費または生活保護費に属するため、福祉・社会保障に関する行政機能を支える予算事業として整理した。これはみらい議会の探索用整理であり、区の公式な課題分類ではない。","B_strong_structural","{""matched_rule_id"":""social-welfare-official-hierarchy"",""budget_item_key"":""2026_general_expenditure_03_01_16"",""identity_fields"":{""display_program_name"":""障害者自立体験等運営事業"",""hierarchy"":[""民生費"",""社会福祉費"",""障害者施設費""],""department_display_name"":""障害福祉部 障害地域生活課"",""amount_thousand_yen"":85807},""member_programs"":[{""program_id"":""2026_general_expenditure_03_01_16_01_34_01"",""major_program_name"":""障害者更生指導事業費"",""budget_program_name"":""障害者自立体験等運営事業"",""detail_program_name"":""障害者自立体験等運営事業"",""source_file"":""ippansaisyutu.csv"",""source_row_number"":9748}],""same_budget_item_other_program_names"":[""グループホーム運営助成"",""児童発達支援運営"",""就労移行・継続支援事業運営"",""重症心身障害児（者）通園施設運営助成"",""障害施設維持管理"",""障害児施設維持管理"",""障害児施設改修"",""障害者休養ホームひまわり荘運営管理"",""障害者施設改修"",""障害者施設等運営助成"",""障害者授産事業"",""障害者就労促進事業"",""障害者短期入所等事業"",""生活介護事業運営"",""地域活動支援センター運営助成"",""配慮を要する児童への支援事業"",""梅ヶ丘拠点障害児通所事業運営助成"",""梅ヶ丘拠点障害者支援施設運営助成"",""福祉施設等送迎バスのネットワーク運行"",""放課後等デイサービス運営助成""],""related_revenues"":[{""revenue_detail_id"":""rd_2026_general_revenue_12_01_02_02_39_3655200000"",""revenue_hierarchy"":[""使用料及手数料"",""使用料"",""民生使用料"",""民生施設"",""生活寮""],""amount_attribution_status"":""not_available""},{""revenue_detail_id"":""rd_2026_general_revenue_12_01_02_02_40_3655200000"",""revenue_hierarchy"":[""使用料及手数料"",""使用料"",""民生使用料"",""民生施設"",""身体障害者自立体験ホーム""],""amount_attribution_status"":""not_available""},{""revenue_detail_id"":""rd_2026_general_revenue_13_02_01_32_27_3655200000"",""revenue_hierarchy"":[""国庫支出金"",""国庫補助金"",""民生費補助金"",""地域生活支援事業費"",""居宅の確保""],""amount_attribution_status"":""not_available""},{""revenue_detail_id"":""rd_2026_general_revenue_13_02_01_32_28_3655200000"",""revenue_hierarchy"":[""国庫支出金"",""国庫補助金"",""民生費補助金"",""地域生活支援事業費"",""地域生活体験事業""],""amount_attribution_status"":""not_available""},{""revenue_detail_id"":""rd_2026_general_revenue_14_02_02_37_26_3655200000"",""revenue_hierarchy"":[""都支出金"",""都補助金"",""民生費補助金"",""地域生活支援事業費"",""居宅の確保""],""amount_attribution_status"":""not_available""},{""revenue_detail_id"":""rd_2026_general_revenue_14_02_02_37_27_3655200000"",""revenue_hierarchy"":[""都支出金"",""都補助金"",""民生費補助金"",""地域生活支援事業費"",""地域生活体験事業""],""amount_attribution_status"":""not_available""},{""revenue_detail_id"":""rd_2026_general_revenue_14_02_02_44_23_3655200000"",""revenue_hierarchy"":[""都支出金"",""都補助金"",""民生費補助金"",""障害者施策推進区市町村包括補助事業費"",""身体障害者自立支援体験ホーム運営事業""],""amount_attribution_status"":""not_available""},{""revenue_detail_id"":""rd_2026_general_revenue_19_06_09_54_43_3655200000"",""revenue_hierarchy"":[""諸収入"",""雑入"",""雑入"",""光熱水費等負担金（２）"",""松原けやき寮""],""amount_attribution_status"":""not_available""}]}","high","approve","B_strong_structural・確信度highの一括承認ルールにより承認"
"bpi_fcb9576552e8d537e06ecdb752e93a0c3f1153535f775b173e570a57b0a51b07","会計年度任用職員の人件費（保健福祉政策部）","国民健康保険事業会計","職員費","職員費","職員費","保健福祉政策部 保健福祉政策課","85220","福祉・保健・社会保障を支える行政","supports","公式予算で国民健康保険、後期高齢者医療、介護保険の特別会計に属するため、社会保障に関する行政機能を支える予算事業として整理した。","B_strong_structural","{""matched_rule_id"":""social-insurance-accounts-official-hierarchy"",""budget_item_key"":""2026_national_health_insurance_expenditure_26_01_01"",""identity_fields"":{""display_program_name"":""会計年度任用職員の人件費（保健福祉政策部）"",""hierarchy"":[""職員費"",""職員費"",""職員費""],""department_display_name"":""保健福祉政策部 保健福祉政策課"",""amount_thousand_yen"":85220},""member_programs"":[{""program_id"":""2026_national_health_insurance_expenditure_26_01_01_01_04_01"",""major_program_name"":""国民健康保険事業従事職員の人件費"",""budget_program_name"":""会計年度任用職員の人件費（保健福祉政策部）"",""detail_program_name"":""会計年度任用職員の人件費（保健福祉政策部）"",""source_file"":""ippansaisyutu.csv"",""source_row_number"":9537}],""same_budget_item_other_program_names"":[""国民健康保険事業会計関係事務従事職員の人件費"",""国民健康保険事業会計関係職員の人件費""],""related_revenues"":[{""revenue_detail_id"":""rd_2026_national_health_insurance_revenue_27_01_01_04_01_3595400000"",""revenue_hierarchy"":[""繰入金"",""一般会計繰入金"",""一般会計繰入金"",""職員給与費等繰入金"",""職員給与費""],""amount_attribution_status"":""not_available""},{""revenue_detail_id"":""rd_2026_national_health_insurance_revenue_29_03_05_01_07_3595110000"",""revenue_hierarchy"":[""諸収入"",""雑入"",""納付金"",""納付金"",""会計年度任用職員社会保険料（保健福祉政策部）""],""amount_attribution_status"":""not_available""}]}","high","approve","B_strong_structural・確信度highの一括承認ルールにより承認"
"bpi_05471e021d62b778718d436646a3cac8f485e4963a0ce45ddfd924394901f7c9","審査支払手数料","介護保険事業会計","保険給付費","その他諸費","審査支払手数料","高齢福祉部 介護保険課","84929","福祉・保健・社会保障を支える行政","supports","公式予算で国民健康保険、後期高齢者医療、介護保険の特別会計に属するため、社会保障に関する行政機能を支える予算事業として整理した。","B_strong_structural","{""matched_rule_id"":""social-insurance-accounts-official-hierarchy"",""budget_item_key"":""2026_long_term_care_insurance_expenditure_42_03_01"",""identity_fields"":{""display_program_name"":""審査支払手数料"",""hierarchy"":[""保険給付費"",""その他諸費"",""審査支払手数料""],""department_display_name"":""高齢福祉部 介護保険課"",""amount_thousand_yen"":84929},""member_programs"":[{""program_id"":""2026_long_term_care_insurance_expenditure_42_03_01_01_01_01"",""major_program_name"":""審査支払手数料"",""budget_program_name"":""審査支払手数料"",""detail_program_name"":""審査支払手数料"",""source_file"":""ippansaisyutu.csv"",""source_row_number"":9662}],""same_budget_item_other_program_names"":[],""related_revenues"":[{""revenue_detail_id"":""rd_2026_long_term_care_insurance_revenue_41_01_01_01_10_3645200000"",""revenue_hierarchy"":[""保険料"",""介護保険料"",""第１号被保険者保険料"",""現年度分特別徴収分"",""審査支払手数料""],""amount_attribution_status"":""not_available""},{""revenue_detail_id"":""rd_2026_long_term_care_insurance_revenue_43_01_01_01_10_3645200000"",""revenue_hierarchy"":[""国庫支出金"",""国庫負担金"",""介護給付費負担金"",""現年度分"",""審査支払手数料""],""amount_attribution_status"":""not_available""},{""revenue_detail_id"":""rd_2026_long_term_care_insurance_revenue_43_02_01_01_10_3645200000"",""revenue_hierarchy"":[""国庫支出金"",""国庫補助金"",""調整交付金"",""現年度分"",""審査支払手数料""],""amount_attribution_status"":""not_available""},{""revenue_detail_id"":""rd_2026_long_term_care_insurance_revenue_44_01_01_01_10_3645200000"",""revenue_hierarchy"":[""支払基金交付金"",""支払基金交付金"",""介護給付費交付金"",""現年度分"",""審査支払手数料""],""amount_attribution_status"":""not_available""},{""revenue_detail_id"":""rd_2026_long_term_care_insurance_revenue_45_01_01_01_10_3645200000"",""revenue_hierarchy"":[""都支出金"",""都負担金"",""介護給付費負担金"",""現年度分"",""審査支払手数料""],""amount_attribution_status"":""not_available""},{""revenue_detail_id"":""rd_2026_long_term_care_insurance_revenue_48_01_01_01_10_3645200000"",""revenue_hierarchy"":[""繰入金"",""一般会計繰入金"",""介護給付費繰入金"",""現年度分"",""審査支払手数料""],""amount_attribution_status"":""not_available""}]}","high","approve","B_strong_structural・確信度highの一括承認ルールにより承認"
"bpi_1d3af683b99ba3f20ab8b10a197a71479b0bf1e8b3c21df1a686f3b9dfe16239","健康危機管理体制の充実","一般会計","衛生費","保健所費","保健所費","世田谷保健所 健康企画課","84322","福祉・保健・社会保障を支える行政","supports","公式予算で衛生費に属するため、保健・公衆衛生に関する行政機能を支える予算事業として整理した。","B_strong_structural","{""matched_rule_id"":""public-health-official-hierarchy"",""budget_item_key"":""2026_general_expenditure_05_02_01"",""identity_fields"":{""display_program_name"":""健康危機管理体制の充実"",""hierarchy"":[""衛生費"",""保健所費"",""保健所費""],""department_display_name"":""世田谷保健所 健康企画課"",""amount_thousand_yen"":84322},""member_programs"":[{""program_id"":""2026_general_expenditure_05_02_01_01_01_01"",""major_program_name"":""保健所運営費"",""budget_program_name"":""健康危機管理体制の充実"",""detail_program_name"":""健康危機管理体制の充実"",""source_file"":""ippansaisyutu.csv"",""source_row_number"":9877}],""same_budget_item_other_program_names"":[""区民健康診断（烏山）"",""区民健康診断（砧）"",""区民健康診断（玉川）"",""区民健康診断（世田谷）"",""区民健康診断（北沢）"",""健康せたがやプランの推進"",""受動喫煙対策"",""精神障害者生活指導"",""精神保健福祉推進"",""精神保健福祉相談"",""保健所運営事務"",""保健所庶務事務""],""related_revenues"":[{""revenue_detail_id"":""rd_2026_general_revenue_13_02_03_16_10_3785100000"",""revenue_hierarchy"":[""国庫支出金"",""国庫補助金"",""衛生費補助金"",""感染症予防事業費"",""地域健康危機管理体制推進事業""],""amount_attribution_status"":""not_available""},{""revenue_detail_id"":""rd_2026_general_revenue_14_02_02_40_32_3785100000"",""revenue_hierarchy"":[""都支出金"",""都補助金"",""民生費補助金"",""保健医療政策区市町村包括補助事業費"",""熱中症対策に関する普及啓発等事業""],""amount_attribution_status"":""not_available""},{""revenue_detail_id"":""rd_2026_general_revenue_14_02_02_40_33_3785100000"",""revenue_hierarchy"":[""都支出金"",""都補助金"",""民生費補助金"",""保健医療政策区市町村包括補助事業費"",""新型インフルエンザ初動対応事業""],""amount_attribution_status"":""not_available""},{""revenue_detail_id"":""rd_2026_general_revenue_14_02_02_40_69_3785100000"",""revenue_hierarchy"":[""都支出金"",""都補助金"",""民生費補助金"",""保健医療政策区市町村包括補助事業費"",""災害医療計画策定支援事業""],""amount_attribution_status"":""not_available""},{""revenue_detail_id"":""rd_2026_general_revenue_14_02_02_42_73_3785100000"",""revenue_hierarchy"":[""都支出金"",""都補助金"",""民生費補助金"",""高齢者施策推進区市町村包括補助事業"",""高齢者の熱中症予防支援事業""],""amount_attribution_status"":""not_available""}]}","high","approve","B_strong_structural・確信度highの一括承認ルールにより承認"
"bpi_d974b21cbe467b7437eaee7177ba809970ef5bfa4100fb88976f9122e4dbba54","生活安定支援事業","一般会計","民生費","社会福祉費","社会福祉総務費","保健福祉政策部 生活福祉課","83898","福祉・保健・社会保障を支える行政","supports","公式予算で民生費の社会福祉費または生活保護費に属するため、福祉・社会保障に関する行政機能を支える予算事業として整理した。これはみらい議会の探索用整理であり、区の公式な課題分類ではない。","B_strong_structural","{""matched_rule_id"":""social-welfare-official-hierarchy"",""budget_item_key"":""2026_general_expenditure_03_01_01"",""identity_fields"":{""display_program_name"":""生活安定支援事業"",""hierarchy"":[""民生費"",""社会福祉費"",""社会福祉総務費""],""department_display_name"":""保健福祉政策部 生活福祉課"",""amount_thousand_yen"":83898},""member_programs"":[{""program_id"":""2026_general_expenditure_03_01_01_03_88_01"",""major_program_name"":""その他の社会福祉事業費"",""budget_program_name"":""生活安定支援事業"",""detail_program_name"":""生活安定支援事業"",""source_file"":""ippansaisyutu.csv"",""source_row_number"":9559}],""same_budget_item_other_program_names"":[""ケアハウス整備促進等事業"",""ケアマネジメントの総合的推進"",""ひきこもり対策"",""ボランティア施設改修"",""ボランティア団体等援助"",""移動困難者の移送システム"",""医療的ケア児（者）支援の充実"",""医療的ケア児の笑顔を支える基金積立金"",""介護人材確保・定着支援事業"",""介護保険事業会計繰出金"",""旧軍人等の援護"",""後期高齢者医療会計繰出金"",""行旅病人及死亡人取扱"",""高齢福祉部運営事業"",""高齢福祉部庶務事務"",""国民健康保険事業会計繰出金"",""災害時ボランティア受入体制整備事業"",""社会福祉協議会運営助成"",""社会福祉事業団運営助成"",""社会福祉法人に対する高齢者施設整備助成"",""社会福祉法人に対する障害者施設整備助成"",""社会福祉法人の認可・指導検査"",""終活支援センター運営事業"",""住宅手当緊急特別措置事業"",""住民税非課税世帯等への価格高騰重点支援給付金支給"",""障害者グループホーム整備助成"",""障害者サービス広報事業"",""障害者差別解消推進"",""障害者施設整備促進等事業"",""障害者福祉施策の計画・調整"",""障害認定審査事務運営"",""障害福祉部庶務事務"",""心身障害者医療費助成"",""世田谷区地域福祉推進事業"",""世田谷保健福祉センター分室維持管理"",""成年後見制度"",""生活困窮者自立促進支援事業"",""生活保健事務（烏山）"",""生活保健事務（砧）"",""生活保健事務（玉川）"",""生活保健事務（世田谷）"",""生活保健事務（北沢）"",""専門的人材の確保・養成事業"",""相談員業務（烏山）"",""相談員業務（砧）"",""相談員業務（玉川）"",""相談員業務（世田谷）"",""相談員業務（北沢）"",""地域福祉活動等促進事業"",""地域福祉資源開発事業"",""地域保健福祉審議会の運営"",""地域保健福祉等推進基金積立金"",""地域密着型サービス拠点等整備助成"",""地区高齢者見守りネットワーク事業"",""特定中国残留邦人等支援事業"",""特別区区民葬儀助成事業"",""特別養護老人ホーム等運営支援"",""避難行動要支援者支援の推進"",""福祉資金貸付"",""福祉人材育成・研修センター運営事業"",""保健医療福祉総合プラザ維持運営"",""保健福祉サービス苦情審査会運営"",""保健福祉サービス質の向上の推進"",""保健福祉運営事務（烏山）"",""保健福祉運営事務（砧）"",""保健福祉運営事務（玉川）"",""保健福祉運営事務（世田谷）"",""保健福祉運営事務（北沢）"",""保健福祉政策部運営事業"",""保健福祉政策部庶務事務"",""民生委員等活動"",""路上生活対策事業"",""老人保健施設整備助成""],""related_revenues"":[{""revenue_detail_id"":""rd_2026_general_revenue_14_02_02_60_72_3595200000"",""revenue_hierarchy"":[""都支出金"",""都補助金"",""民生費補助金"",""地域福祉推進区市町村包括補助事業"",""子供サポート事業立上げ支援事業""],""amount_attribution_status"":""not_available""},{""revenue_detail_id"":""rd_2026_general_revenue_14_02_08_34_01_3595200000"",""revenue_hierarchy"":[""都支出金"",""都補助金"",""民生費補助金（２）"",""受験生チャレンジ支援貸付窓口の運営事業"",""受験生チャレンジ支援貸付窓口の運営事業""],""amount_attribution_status"":""not_available""},{""revenue_detail_id"":""rd_2026_general_revenue_14_02_08_62_01_3595200000"",""revenue_hierarchy"":[""都支出金"",""都補助金"",""民生費補助金（２）"",""子供食堂推進事業"",""子供食堂推進事業""],""amount_attribution_status"":""not_available""},{""revenue_detail_id"":""rd_2026_general_revenue_17_01_16_28_01_3595200000"",""revenue_hierarchy"":[""繰入金"",""基金繰入金"",""地域保健福祉等推進基金繰入金"",""多世代食堂支援事業"",""多世代食堂支援事業""],""amount_attribution_status"":""not_available""}]}","high","approve","B_strong_structural・確信度highの一括承認ルールにより承認"
"bpi_d2cf22f6c946b30b666d549e7cea474e4fceffcc4c1e009aab1f61b02b120b7c","福祉施設等送迎バスのネットワーク運行","一般会計","民生費","社会福祉費","障害者施設費","障害福祉部 障害地域生活課","83397","福祉・保健・社会保障を支える行政","supports","公式予算で民生費の社会福祉費または生活保護費に属するため、福祉・社会保障に関する行政機能を支える予算事業として整理した。これはみらい議会の探索用整理であり、区の公式な課題分類ではない。","B_strong_structural","{""matched_rule_id"":""social-welfare-official-hierarchy"",""budget_item_key"":""2026_general_expenditure_03_01_16"",""identity_fields"":{""display_program_name"":""福祉施設等送迎バスのネットワーク運行"",""hierarchy"":[""民生費"",""社会福祉費"",""障害者施設費""],""department_display_name"":""障害福祉部 障害地域生活課"",""amount_thousand_yen"":83397},""member_programs"":[{""program_id"":""2026_general_expenditure_03_01_16_03_03_01"",""major_program_name"":""障害者施設充実費"",""budget_program_name"":""福祉施設等送迎バスのネットワーク運行"",""detail_program_name"":""福祉施設等送迎バスのネットワーク運行"",""source_file"":""ippansaisyutu.csv"",""source_row_number"":9753}],""same_budget_item_other_program_names"":[""グループホーム運営助成"",""児童発達支援運営"",""就労移行・継続支援事業運営"",""重症心身障害児（者）通園施設運営助成"",""障害施設維持管理"",""障害児施設維持管理"",""障害児施設改修"",""障害者休養ホームひまわり荘運営管理"",""障害者施設改修"",""障害者施設等運営助成"",""障害者自立体験等運営事業"",""障害者授産事業"",""障害者就労促進事業"",""障害者短期入所等事業"",""生活介護事業運営"",""地域活動支援センター運営助成"",""配慮を要する児童への支援事業"",""梅ヶ丘拠点障害児通所事業運営助成"",""梅ヶ丘拠点障害者支援施設運営助成"",""放課後等デイサービス運営助成""],""related_revenues"":[]}","high","approve","B_strong_structural・確信度highの一括承認ルールにより承認"
"bpi_e8eb68dd92f5ee9cfc1d7b973b15adbab7660276ec630760f33cfbfe4bd4dcea","梅ヶ丘拠点障害児通所事業運営助成","一般会計","民生費","社会福祉費","障害者施設費","障害福祉部 障害保健福祉課","81454","福祉・保健・社会保障を支える行政","supports","公式予算で民生費の社会福祉費または生活保護費に属するため、福祉・社会保障に関する行政機能を支える予算事業として整理した。これはみらい議会の探索用整理であり、区の公式な課題分類ではない。","B_strong_structural","{""matched_rule_id"":""social-welfare-official-hierarchy"",""budget_item_key"":""2026_general_expenditure_03_01_16"",""identity_fields"":{""display_program_name"":""梅ヶ丘拠点障害児通所事業運営助成"",""hierarchy"":[""民生費"",""社会福祉費"",""障害者施設費""],""department_display_name"":""障害福祉部 障害保健福祉課"",""amount_thousand_yen"":81454},""member_programs"":[{""program_id"":""2026_general_expenditure_03_01_16_01_42_01"",""major_program_name"":""障害者更生指導事業費"",""budget_program_name"":""梅ヶ丘拠点障害児通所事業運営助成"",""detail_program_name"":""梅ヶ丘拠点障害児通所事業運営助成"",""source_file"":""ippansaisyutu.csv"",""source_row_number"":9768}],""same_budget_item_other_program_names"":[""グループホーム運営助成"",""児童発達支援運営"",""就労移行・継続支援事業運営"",""重症心身障害児（者）通園施設運営助成"",""障害施設維持管理"",""障害児施設維持管理"",""障害児施設改修"",""障害者休養ホームひまわり荘運営管理"",""障害者施設改修"",""障害者施設等運営助成"",""障害者自立体験等運営事業"",""障害者授産事業"",""障害者就労促進事業"",""障害者短期入所等事業"",""生活介護事業運営"",""地域活動支援センター運営助成"",""配慮を要する児童への支援事業"",""梅ヶ丘拠点障害者支援施設運営助成"",""福祉施設等送迎バスのネットワーク運行"",""放課後等デイサービス運営助成""],""related_revenues"":[{""revenue_detail_id"":""rd_2026_general_revenue_14_02_08_21_01_3655300000"",""revenue_hierarchy"":[""都支出金"",""都補助金"",""民生費補助金（２）"",""医療的ケア児及び重症心身障害児の放課後等支援事業補助金"",""医療的ケア児及び重症心身障害児の放課後等支援事業補助金""],""amount_attribution_status"":""not_available""}]}","high","approve","B_strong_structural・確信度highの一括承認ルールにより承認"
"bpi_1bf042ef6f9463ea7bb242b0fbf8dc7464509ba0189c1edf003df01cb774ce30","介護予防住宅改修費","介護保険事業会計","保険給付費","介護予防サービス等諸費","介護予防住宅改修費","高齢福祉部 介護保険課","80511","福祉・保健・社会保障を支える行政","supports","公式予算で国民健康保険、後期高齢者医療、介護保険の特別会計に属するため、社会保障に関する行政機能を支える予算事業として整理した。","B_strong_structural","{""matched_rule_id"":""social-insurance-accounts-official-hierarchy"",""budget_item_key"":""2026_long_term_care_insurance_expenditure_42_06_04"",""identity_fields"":{""display_program_name"":""介護予防住宅改修費"",""hierarchy"":[""保険給付費"",""介護予防サービス等諸費"",""介護予防住宅改修費""],""department_display_name"":""高齢福祉部 介護保険課"",""amount_thousand_yen"":80511},""member_programs"":[{""program_id"":""2026_long_term_care_insurance_expenditure_42_06_04_01_01_01"",""major_program_name"":""介護予防住宅改修費"",""budget_program_name"":""介護予防住宅改修費"",""detail_program_name"":""介護予防住宅改修費"",""source_file"":""ippansaisyutu.csv"",""source_row_number"":9668}],""same_budget_item_other_program_names"":[],""related_revenues"":[{""revenue_detail_id"":""rd_2026_long_term_care_insurance_revenue_41_01_01_01_22_3645200000"",""revenue_hierarchy"":[""保険料"",""介護保険料"",""第１号被保険者保険料"",""現年度分特別徴収分"",""介護予防住宅改修費""],""amount_attribution_status"":""not_available""},{""revenue_detail_id"":""rd_2026_long_term_care_insurance_revenue_43_01_01_01_19_3645200000"",""revenue_hierarchy"":[""国庫支出金"",""国庫負担金"",""介護給付費負担金"",""現年度分"",""介護予防住宅改修費""],""amount_attribution_status"":""not_available""},{""revenue_detail_id"":""rd_2026_long_term_care_insurance_revenue_43_02_01_01_19_3645200000"",""revenue_hierarchy"":[""国庫支出金"",""国庫補助金"",""調整交付金"",""現年度分"",""介護予防住宅改修費""],""amount_attribution_status"":""not_available""},{""revenue_detail_id"":""rd_2026_long_term_care_insurance_revenue_44_01_01_01_19_3645200000"",""revenue_hierarchy"":[""支払基金交付金"",""支払基金交付金"",""介護給付費交付金"",""現年度分"",""介護予防住宅改修費""],""amount_attribution_status"":""not_available""},{""revenue_detail_id"":""rd_2026_long_term_care_insurance_revenue_45_01_01_01_19_3645200000"",""revenue_hierarchy"":[""都支出金"",""都負担金"",""介護給付費負担金"",""現年度分"",""介護予防住宅改修費""],""amount_attribution_status"":""not_available""},{""revenue_detail_id"":""rd_2026_long_term_care_insurance_revenue_48_01_01_01_20_3645200000"",""revenue_hierarchy"":[""繰入金"",""一般会計繰入金"",""介護給付費繰入金"",""現年度分"",""介護予防住宅改修費""],""amount_attribution_status"":""not_available""}]}","high","approve","B_strong_structural・確信度highの一括承認ルールにより承認"
"bpi_cb11731fa879eed02b417923e076978c444d67ae28a64fd45bab289f8c68f0a3","在宅医療・介護連携推進事業","介護保険事業会計","地域支援事業費","包括支援事業・任意事業費","包括的支援事業費","保健福祉政策部 保福推進課","80167","福祉・保健・社会保障を支える行政","supports","公式予算で国民健康保険、後期高齢者医療、介護保険の特別会計に属するため、社会保障に関する行政機能を支える予算事業として整理した。","B_strong_structural","{""matched_rule_id"":""social-insurance-accounts-official-hierarchy"",""budget_item_key"":""2026_long_term_care_insurance_expenditure_49_02_01"",""identity_fields"":{""display_program_name"":""在宅医療・介護連携推進事業"",""hierarchy"":[""地域支援事業費"",""包括支援事業・任意事業費"",""包括的支援事業費""],""department_display_name"":""保健福祉政策部 保福推進課"",""amount_thousand_yen"":80167},""member_programs"":[{""program_id"":""2026_long_term_care_insurance_expenditure_49_02_01_01_05_01"",""major_program_name"":""包括的支援事業費"",""budget_program_name"":""在宅医療・介護連携推進事業"",""detail_program_name"":""在宅医療・介護連携推進事業"",""source_file"":""ippansaisyutu.csv"",""source_row_number"":9548}],""same_budget_item_other_program_names"":[""地域包括支援センター運営委託"",""認知症包括支援事業""],""related_revenues"":[{""revenue_detail_id"":""rd_2026_long_term_care_insurance_revenue_43_02_05_01_17_3595150000"",""revenue_hierarchy"":[""国庫支出金"",""国庫補助金"",""地域支援事業交付金（包括的支援事業・任意事業）"",""現年度分"",""在宅医療・介護連携推進事業""],""amount_attribution_status"":""not_available""},{""revenue_detail_id"":""rd_2026_long_term_care_insurance_revenue_43_02_17_01_06_3595150000"",""revenue_hierarchy"":[""国庫支出金"",""国庫補助金"",""介護保険保険者努力支援交付金"",""介護保険保険者努力支援交付金"",""在宅医療・介護連携推進事業""],""amount_attribution_status"":""not_available""},{""revenue_detail_id"":""rd_2026_long_term_care_insurance_revenue_45_03_02_01_17_3595150000"",""revenue_hierarchy"":[""都支出金"",""都補助金"",""地域支援事業交付金（包括的支援事業・任意事業）"",""現年度分"",""在宅医療・介護連携推進事業""],""amount_attribution_status"":""not_available""},{""revenue_detail_id"":""rd_2026_long_term_care_insurance_revenue_48_01_04_01_17_3595150000"",""revenue_hierarchy"":[""繰入金"",""一般会計繰入金"",""地域支援事業繰入金（包括的支援・任意事業）"",""現年度分"",""在宅医療・介護連携推進事業""],""amount_attribution_status"":""not_available""}]}","high","approve","B_strong_structural・確信度highの一括承認ルールにより承認"
"bpi_187db69c104e01a3ff19cb7db72557c69602dadca8caae75f017eee4d3dfc772","結核・精神医療給付金","国民健康保険事業会計","保険給付費","結核・精神医療給付金","結核・精神医療給付金","保健福祉政策部 国保・年金課","77084","福祉・保健・社会保障を支える行政","supports","公式予算で国民健康保険、後期高齢者医療、介護保険の特別会計に属するため、社会保障に関する行政機能を支える予算事業として整理した。","B_strong_structural","{""matched_rule_id"":""social-insurance-accounts-official-hierarchy"",""budget_item_key"":""2026_national_health_insurance_expenditure_22_07_01"",""identity_fields"":{""display_program_name"":""結核・精神医療給付金"",""hierarchy"":[""保険給付費"",""結核・精神医療給付金"",""結核・精神医療給付金""],""department_display_name"":""保健福祉政策部 国保・年金課"",""amount_thousand_yen"":77084},""member_programs"":[{""program_id"":""2026_national_health_insurance_expenditure_22_07_01_01_01_19"",""major_program_name"":""結核・精神医療給付金"",""budget_program_name"":""結核・精神医療給付金"",""detail_program_name"":""結核・精神医療給付金"",""source_file"":""ippansaisyutu.csv"",""source_row_number"":9588}],""same_budget_item_other_program_names"":[],""related_revenues"":[{""revenue_detail_id"":""rd_2026_national_health_insurance_revenue_26_02_03_01_12_3595400000"",""revenue_hierarchy"":[""都支出金"",""都補助金"",""保険給付費等交付金"",""普通交付金"",""結核・精神医療給付金""],""amount_attribution_status"":""not_available""}]}","high","approve","B_strong_structural・確信度highの一括承認ルールにより承認"
"bpi_f4e3907175df3fb3408f209018b9b2ca7311dbb6900301381ffbfb1fd143ca74","障害者施設整備促進等事業","一般会計","民生費","社会福祉費","社会福祉総務費","障害福祉部 障害地域生活課","71729","福祉・保健・社会保障を支える行政","supports","公式予算で民生費の社会福祉費または生活保護費に属するため、福祉・社会保障に関する行政機能を支える予算事業として整理した。これはみらい議会の探索用整理であり、区の公式な課題分類ではない。","B_strong_structural","{""matched_rule_id"":""social-welfare-official-hierarchy"",""budget_item_key"":""2026_general_expenditure_03_01_01"",""identity_fields"":{""display_program_name"":""障害者施設整備促進等事業"",""hierarchy"":[""民生費"",""社会福祉費"",""社会福祉総務費""],""department_display_name"":""障害福祉部 障害地域生活課"",""amount_thousand_yen"":71729},""member_programs"":[{""program_id"":""2026_general_expenditure_03_01_01_03_96_01"",""major_program_name"":""その他の社会福祉事業費"",""budget_program_name"":""障害者施設整備促進等事業"",""detail_program_name"":""障害者施設整備促進等事業"",""source_file"":""ippansaisyutu.csv"",""source_row_number"":9740}],""same_budget_item_other_program_names"":[""ケアハウス整備促進等事業"",""ケアマネジメントの総合的推進"",""ひきこもり対策"",""ボランティア施設改修"",""ボランティア団体等援助"",""移動困難者の移送システム"",""医療的ケア児（者）支援の充実"",""医療的ケア児の笑顔を支える基金積立金"",""介護人材確保・定着支援事業"",""介護保険事業会計繰出金"",""旧軍人等の援護"",""後期高齢者医療会計繰出金"",""行旅病人及死亡人取扱"",""高齢福祉部運営事業"",""高齢福祉部庶務事務"",""国民健康保険事業会計繰出金"",""災害時ボランティア受入体制整備事業"",""社会福祉協議会運営助成"",""社会福祉事業団運営助成"",""社会福祉法人に対する高齢者施設整備助成"",""社会福祉法人に対する障害者施設整備助成"",""社会福祉法人の認可・指導検査"",""終活支援センター運営事業"",""住宅手当緊急特別措置事業"",""住民税非課税世帯等への価格高騰重点支援給付金支給"",""障害者グループホーム整備助成"",""障害者サービス広報事業"",""障害者差別解消推進"",""障害者福祉施策の計画・調整"",""障害認定審査事務運営"",""障害福祉部庶務事務"",""心身障害者医療費助成"",""世田谷区地域福祉推進事業"",""世田谷保健福祉センター分室維持管理"",""成年後見制度"",""生活安定支援事業"",""生活困窮者自立促進支援事業"",""生活保健事務（烏山）"",""生活保健事務（砧）"",""生活保健事務（玉川）"",""生活保健事務（世田谷）"",""生活保健事務（北沢）"",""専門的人材の確保・養成事業"",""相談員業務（烏山）"",""相談員業務（砧）"",""相談員業務（玉川）"",""相談員業務（世田谷）"",""相談員業務（北沢）"",""地域福祉活動等促進事業"",""地域福祉資源開発事業"",""地域保健福祉審議会の運営"",""地域保健福祉等推進基金積立金"",""地域密着型サービス拠点等整備助成"",""地区高齢者見守りネットワーク事業"",""特定中国残留邦人等支援事業"",""特別区区民葬儀助成事業"",""特別養護老人ホーム等運営支援"",""避難行動要支援者支援の推進"",""福祉資金貸付"",""福祉人材育成・研修センター運営事業"",""保健医療福祉総合プラザ維持運営"",""保健福祉サービス苦情審査会運営"",""保健福祉サービス質の向上の推進"",""保健福祉運営事務（烏山）"",""保健福祉運営事務（砧）"",""保健福祉運営事務（玉川）"",""保健福祉運営事務（世田谷）"",""保健福祉運営事務（北沢）"",""保健福祉政策部運営事業"",""保健福祉政策部庶務事務"",""民生委員等活動"",""路上生活対策事業"",""老人保健施設整備助成""],""related_revenues"":[]}","high","approve","B_strong_structural・確信度highの一括承認ルールにより承認"
"bpi_0db879e6838637427c9ea43398b354c2e0c550180f6375b20698eb0c0409206f","保健福祉サービス質の向上の推進","一般会計","民生費","社会福祉費","社会福祉総務費","保健福祉政策部 保健福祉政策課","69894","福祉・保健・社会保障を支える行政","supports","公式予算で民生費の社会福祉費または生活保護費に属するため、福祉・社会保障に関する行政機能を支える予算事業として整理した。これはみらい議会の探索用整理であり、区の公式な課題分類ではない。","B_strong_structural","{""matched_rule_id"":""social-welfare-official-hierarchy"",""budget_item_key"":""2026_general_expenditure_03_01_01"",""identity_fields"":{""display_program_name"":""保健福祉サービス質の向上の推進"",""hierarchy"":[""民生費"",""社会福祉費"",""社会福祉総務費""],""department_display_name"":""保健福祉政策部 保健福祉政策課"",""amount_thousand_yen"":69894},""member_programs"":[{""program_id"":""2026_general_expenditure_03_01_01_03_86_01"",""major_program_name"":""その他の社会福祉事業費"",""budget_program_name"":""保健福祉サービス質の向上の推進"",""detail_program_name"":""保健福祉サービス質の向上の推進"",""source_file"":""ippansaisyutu.csv"",""source_row_number"":9531}],""same_budget_item_other_program_names"":[""ケアハウス整備促進等事業"",""ケアマネジメントの総合的推進"",""ひきこもり対策"",""ボランティア施設改修"",""ボランティア団体等援助"",""移動困難者の移送システム"",""医療的ケア児（者）支援の充実"",""医療的ケア児の笑顔を支える基金積立金"",""介護人材確保・定着支援事業"",""介護保険事業会計繰出金"",""旧軍人等の援護"",""後期高齢者医療会計繰出金"",""行旅病人及死亡人取扱"",""高齢福祉部運営事業"",""高齢福祉部庶務事務"",""国民健康保険事業会計繰出金"",""災害時ボランティア受入体制整備事業"",""社会福祉協議会運営助成"",""社会福祉事業団運営助成"",""社会福祉法人に対する高齢者施設整備助成"",""社会福祉法人に対する障害者施設整備助成"",""社会福祉法人の認可・指導検査"",""終活支援センター運営事業"",""住宅手当緊急特別措置事業"",""住民税非課税世帯等への価格高騰重点支援給付金支給"",""障害者グループホーム整備助成"",""障害者サービス広報事業"",""障害者差別解消推進"",""障害者施設整備促進等事業"",""障害者福祉施策の計画・調整"",""障害認定審査事務運営"",""障害福祉部庶務事務"",""心身障害者医療費助成"",""世田谷区地域福祉推進事業"",""世田谷保健福祉センター分室維持管理"",""成年後見制度"",""生活安定支援事業"",""生活困窮者自立促進支援事業"",""生活保健事務（烏山）"",""生活保健事務（砧）"",""生活保健事務（玉川）"",""生活保健事務（世田谷）"",""生活保健事務（北沢）"",""専門的人材の確保・養成事業"",""相談員業務（烏山）"",""相談員業務（砧）"",""相談員業務（玉川）"",""相談員業務（世田谷）"",""相談員業務（北沢）"",""地域福祉活動等促進事業"",""地域福祉資源開発事業"",""地域保健福祉審議会の運営"",""地域保健福祉等推進基金積立金"",""地域密着型サービス拠点等整備助成"",""地区高齢者見守りネットワーク事業"",""特定中国残留邦人等支援事業"",""特別区区民葬儀助成事業"",""特別養護老人ホーム等運営支援"",""避難行動要支援者支援の推進"",""福祉資金貸付"",""福祉人材育成・研修センター運営事業"",""保健医療福祉総合プラザ維持運営"",""保健福祉サービス苦情審査会運営"",""保健福祉運営事務（烏山）"",""保健福祉運営事務（砧）"",""保健福祉運営事務（玉川）"",""保健福祉運営事務（世田谷）"",""保健福祉運営事務（北沢）"",""保健福祉政策部運営事業"",""保健福祉政策部庶務事務"",""民生委員等活動"",""路上生活対策事業"",""老人保健施設整備助成""],""related_revenues"":[{""revenue_detail_id"":""rd_2026_general_revenue_13_02_01_54_81_3595110000"",""revenue_hierarchy"":[""国庫支出金"",""国庫補助金"",""民生費補助金"",""地域子ども・子育て支援事業"",""放課後児童健全育成事業第三者評価受審推進事業""],""amount_attribution_status"":""not_available""},{""revenue_detail_id"":""rd_2026_general_revenue_14_02_02_19_04_3595110000"",""revenue_hierarchy"":[""都支出金"",""都補助金"",""民生費補助金"",""保育サービス推進事業"",""第三者評価受審費加算分""],""amount_attribution_status"":""not_available""},{""revenue_detail_id"":""rd_2026_general_revenue_14_02_02_59_60_3595110000"",""revenue_hierarchy"":[""都支出金"",""都補助金"",""民生費補助金"",""子ども家庭支援区市町村包括補助事業"",""認可外保育施設（ベビーホテル等）第三者評価受審費補助事業""],""amount_attribution_status"":""not_available""},{""revenue_detail_id"":""rd_2026_general_revenue_14_02_02_60_08_3595110000"",""revenue_hierarchy"":[""都支出金"",""都補助金"",""民生費補助金"",""地域福祉推進区市町村包括補助事業"",""保健福祉サービス第三者評価事業""],""amount_attribution_status"":""not_available""},{""revenue_detail_id"":""rd_2026_general_revenue_14_02_02_60_09_3595110000"",""revenue_hierarchy"":[""都支出金"",""都補助金"",""民生費補助金"",""地域福祉推進区市町村包括補助事業"",""保健福祉サービス向上委員会運営事業""],""amount_attribution_status"":""not_available""},{""revenue_detail_id"":""rd_2026_general_revenue_14_02_02_92_79_3595110000"",""revenue_hierarchy"":[""都支出金"",""都補助金"",""民生費補助金"",""地域子ども・子育て支援事業"",""放課後児童健全育成事業第三者評価受審推進事業""],""amount_attribution_status"":""not_available""},{""revenue_detail_id"":""rd_2026_general_revenue_14_02_08_02_01_3595110000"",""revenue_hierarchy"":[""都支出金"",""都補助金"",""民生費補助金（２）"",""保育力強化事業補助金"",""第三者評価受審費加算分""],""amount_attribution_status"":""not_available""},{""revenue_detail_id"":""rd_2026_general_revenue_14_02_08_54_03_3595110000"",""revenue_hierarchy"":[""都支出金"",""都補助金"",""民生費補助金（２）"",""障害者日中活動系サービス推進事業補助金"",""障害者日中活動系サービス推進事業（第三者評価）""],""amount_attribution_status"":""not_available""}]}","high","approve","B_strong_structural・確信度highの一括承認ルールにより承認"
"bpi_c5ea5af5346e53f2cb7d84cfaee1cf2ed42cfa57261fc96442c8ad18f9a96444","障害者入浴サービス","一般会計","民生費","社会福祉費","障害者福祉費","障害福祉部 障害施策課","69562","福祉・保健・社会保障を支える行政","supports","公式予算で民生費の社会福祉費または生活保護費に属するため、福祉・社会保障に関する行政機能を支える予算事業として整理した。これはみらい議会の探索用整理であり、区の公式な課題分類ではない。","B_strong_structural","{""matched_rule_id"":""social-welfare-official-hierarchy"",""budget_item_key"":""2026_general_expenditure_03_01_03"",""identity_fields"":{""display_program_name"":""障害者入浴サービス"",""hierarchy"":[""民生費"",""社会福祉費"",""障害者福祉費""],""department_display_name"":""障害福祉部 障害施策課"",""amount_thousand_yen"":69562},""member_programs"":[{""program_id"":""2026_general_expenditure_03_01_03_03_05_01"",""major_program_name"":""障害者生活支援事業"",""budget_program_name"":""障害者入浴サービス"",""detail_program_name"":""障害者入浴サービス"",""source_file"":""ippansaisyutu.csv"",""source_row_number"":9712}],""same_budget_item_other_program_names"":[""介護者リフレッシュ"",""基幹相談支援センター事業運営"",""技術支援（児童福祉施設）事業運営"",""更生訓練費助成"",""自立支援医療"",""重度脳性麻痺者介護人派遣"",""障害児入所給付費"",""障害者おむつ支給"",""障害者グループホーム事業等助成"",""障害者コミュニケーションサービス"",""障害者ホームヘルパー等派遣"",""障害者虐待防止推進事業"",""障害者緊急介護人派遣"",""障害者自動車利用支援"",""障害者自立支援給付"",""障害者寝具乾燥・訪問理美容サービス"",""障害者親亡きあと対策"",""障害者設備改善費給付"",""障害者専門相談事業運営"",""障害者相談支援"",""障害者団体活動支援"",""障害者団体支援"",""障害者日常生活用具等給付"",""障害者配食サービス"",""障害者福祉手当"",""障害理解促進"",""身体障害者及知的障害者相談員活動"",""精神障害者ピアサポート支援事業"",""精神保健福祉団体連携事業"",""地域生活支援拠点等整備事業"",""乳幼児育成相談事業運営"",""被爆者見舞金"",""補装具給付"",""民間空襲等被害者見舞金支給""],""related_revenues"":[{""revenue_detail_id"":""rd_2026_general_revenue_13_02_01_32_08_3655100000"",""revenue_hierarchy"":[""国庫支出金"",""国庫補助金"",""民生費補助金"",""地域生活支援事業費"",""訪問入浴サービス""],""amount_attribution_status"":""not_available""},{""revenue_detail_id"":""rd_2026_general_revenue_14_02_02_37_08_3655100000"",""revenue_hierarchy"":[""都支出金"",""都補助金"",""民生費補助金"",""地域生活支援事業費"",""訪問入浴サービス""],""amount_attribution_status"":""not_available""}]}","high","approve","B_strong_structural・確信度highの一括承認ルールにより承認"
"bpi_2ac95c25ce20e9c7a14d65f1e3cbacbbc3c77fffbfe6d6da4fa96b10884ee7c2","終活支援センター運営事業","一般会計","民生費","社会福祉費","社会福祉総務費","保健福祉政策部 生活福祉課","68357","福祉・保健・社会保障を支える行政","supports","公式予算で民生費の社会福祉費または生活保護費に属するため、福祉・社会保障に関する行政機能を支える予算事業として整理した。これはみらい議会の探索用整理であり、区の公式な課題分類ではない。","B_strong_structural","{""matched_rule_id"":""social-welfare-official-hierarchy"",""budget_item_key"":""2026_general_expenditure_03_01_01"",""identity_fields"":{""display_program_name"":""終活支援センター運営事業"",""hierarchy"":[""民生費"",""社会福祉費"",""社会福祉総務費""],""department_display_name"":""保健福祉政策部 生活福祉課"",""amount_thousand_yen"":68357},""member_programs"":[{""program_id"":""2026_general_expenditure_03_01_01_06_27_01"",""major_program_name"":""その他の社会福祉事業費（２）"",""budget_program_name"":""終活支援センター運営事業"",""detail_program_name"":""終活支援センター運営事業"",""source_file"":""ippansaisyutu.csv"",""source_row_number"":9566}],""same_budget_item_other_program_names"":[""ケアハウス整備促進等事業"",""ケアマネジメントの総合的推進"",""ひきこもり対策"",""ボランティア施設改修"",""ボランティア団体等援助"",""移動困難者の移送システム"",""医療的ケア児（者）支援の充実"",""医療的ケア児の笑顔を支える基金積立金"",""介護人材確保・定着支援事業"",""介護保険事業会計繰出金"",""旧軍人等の援護"",""後期高齢者医療会計繰出金"",""行旅病人及死亡人取扱"",""高齢福祉部運営事業"",""高齢福祉部庶務事務"",""国民健康保険事業会計繰出金"",""災害時ボランティア受入体制整備事業"",""社会福祉協議会運営助成"",""社会福祉事業団運営助成"",""社会福祉法人に対する高齢者施設整備助成"",""社会福祉法人に対する障害者施設整備助成"",""社会福祉法人の認可・指導検査"",""住宅手当緊急特別措置事業"",""住民税非課税世帯等への価格高騰重点支援給付金支給"",""障害者グループホーム整備助成"",""障害者サービス広報事業"",""障害者差別解消推進"",""障害者施設整備促進等事業"",""障害者福祉施策の計画・調整"",""障害認定審査事務運営"",""障害福祉部庶務事務"",""心身障害者医療費助成"",""世田谷区地域福祉推進事業"",""世田谷保健福祉センター分室維持管理"",""成年後見制度"",""生活安定支援事業"",""生活困窮者自立促進支援事業"",""生活保健事務（烏山）"",""生活保健事務（砧）"",""生活保健事務（玉川）"",""生活保健事務（世田谷）"",""生活保健事務（北沢）"",""専門的人材の確保・養成事業"",""相談員業務（烏山）"",""相談員業務（砧）"",""相談員業務（玉川）"",""相談員業務（世田谷）"",""相談員業務（北沢）"",""地域福祉活動等促進事業"",""地域福祉資源開発事業"",""地域保健福祉審議会の運営"",""地域保健福祉等推進基金積立金"",""地域密着型サービス拠点等整備助成"",""地区高齢者見守りネットワーク事業"",""特定中国残留邦人等支援事業"",""特別区区民葬儀助成事業"",""特別養護老人ホーム等運営支援"",""避難行動要支援者支援の推進"",""福祉資金貸付"",""福祉人材育成・研修センター運営事業"",""保健医療福祉総合プラザ維持運営"",""保健福祉サービス苦情審査会運営"",""保健福祉サービス質の向上の推進"",""保健福祉運営事務（烏山）"",""保健福祉運営事務（砧）"",""保健福祉運営事務（玉川）"",""保健福祉運営事務（世田谷）"",""保健福祉運営事務（北沢）"",""保健福祉政策部運営事業"",""保健福祉政策部庶務事務"",""民生委員等活動"",""路上生活対策事業"",""老人保健施設整備助成""],""related_revenues"":[{""revenue_detail_id"":""rd_2026_general_revenue_14_02_02_60_86_3595200000"",""revenue_hierarchy"":[""都支出金"",""都補助金"",""民生費補助金"",""地域福祉推進区市町村包括補助事業"",""単身高齢者等の総合相談支援事業""],""amount_attribution_status"":""not_available""}]}","high","approve","B_strong_structural・確信度highの一括承認ルールにより承認"
"bpi_d71c3214aaa2b06dc95207d34ea7b6f0d455da6e824cc226d96e7114f81638d5","障害児入所給付費","一般会計","民生費","社会福祉費","障害者福祉費","子ども・若者部 児童相談支援課","67924","福祉・保健・社会保障を支える行政","supports","公式予算で民生費の社会福祉費または生活保護費に属するため、福祉・社会保障に関する行政機能を支える予算事業として整理した。これはみらい議会の探索用整理であり、区の公式な課題分類ではない。","B_strong_structural","{""matched_rule_id"":""social-welfare-official-hierarchy"",""budget_item_key"":""2026_general_expenditure_03_01_03"",""identity_fields"":{""display_program_name"":""障害児入所給付費"",""hierarchy"":[""民生費"",""社会福祉費"",""障害者福祉費""],""department_display_name"":""子ども・若者部 児童相談支援課"",""amount_thousand_yen"":67924},""member_programs"":[{""program_id"":""2026_general_expenditure_03_01_03_04_22_01"",""major_program_name"":""その他の障害者福祉事業費"",""budget_program_name"":""障害児入所給付費"",""detail_program_name"":""障害児入所給付費"",""source_file"":""ippansaisyutu.csv"",""source_row_number"":9831}],""same_budget_item_other_program_names"":[""介護者リフレッシュ"",""基幹相談支援センター事業運営"",""技術支援（児童福祉施設）事業運営"",""更生訓練費助成"",""自立支援医療"",""重度脳性麻痺者介護人派遣"",""障害者おむつ支給"",""障害者グループホーム事業等助成"",""障害者コミュニケーションサービス"",""障害者ホームヘルパー等派遣"",""障害者虐待防止推進事業"",""障害者緊急介護人派遣"",""障害者自動車利用支援"",""障害者自立支援給付"",""障害者寝具乾燥・訪問理美容サービス"",""障害者親亡きあと対策"",""障害者設備改善費給付"",""障害者専門相談事業運営"",""障害者相談支援"",""障害者団体活動支援"",""障害者団体支援"",""障害者日常生活用具等給付"",""障害者入浴サービス"",""障害者配食サービス"",""障害者福祉手当"",""障害理解促進"",""身体障害者及知的障害者相談員活動"",""精神障害者ピアサポート支援事業"",""精神保健福祉団体連携事業"",""地域生活支援拠点等整備事業"",""乳幼児育成相談事業運営"",""被爆者見舞金"",""補装具給付"",""民間空襲等被害者見舞金支給""],""related_revenues"":[{""revenue_detail_id"":""rd_2026_general_revenue_13_01_01_41_01_3665570000"",""revenue_hierarchy"":[""国庫支出金"",""国庫負担金"",""民生費負担金"",""障害児入所施設措置費"",""障害児入所施設措置費""],""amount_attribution_status"":""not_available""}]}","high","approve","B_strong_structural・確信度highの一括承認ルールにより承認"
"bpi_62d88228e9bd0c95e552989995cc884be21afa4463c1136f0e2dc703b176a7eb","介護給付費準備基金積立金","介護保険事業会計","基金積立金","基金積立金","介護給付費準備基金積立金","高齢福祉部 介護保険課","65792","福祉・保健・社会保障を支える行政","supports","公式予算で国民健康保険、後期高齢者医療、介護保険の特別会計に属するため、社会保障に関する行政機能を支える予算事業として整理した。","B_strong_structural","{""matched_rule_id"":""social-insurance-accounts-official-hierarchy"",""budget_item_key"":""2026_long_term_care_insurance_expenditure_45_01_01"",""identity_fields"":{""display_program_name"":""介護給付費準備基金積立金"",""hierarchy"":[""基金積立金"",""基金積立金"",""介護給付費準備基金積立金""],""department_display_name"":""高齢福祉部 介護保険課"",""amount_thousand_yen"":65792},""member_programs"":[{""program_id"":""2026_long_term_care_insurance_expenditure_45_01_01_01_01_01"",""major_program_name"":""介護給付費準備基金積立金"",""budget_program_name"":""介護給付費準備基金積立金"",""detail_program_name"":""介護給付費準備基金積立金"",""source_file"":""ippansaisyutu.csv"",""source_row_number"":9674}],""same_budget_item_other_program_names"":[],""related_revenues"":[{""revenue_detail_id"":""rd_2026_long_term_care_insurance_revenue_46_01_02_01_02_3645200000"",""revenue_hierarchy"":[""財産収入"",""財産運用収入"",""利子及配当金"",""基金利子"",""介護給付費準備基金利子""],""amount_attribution_status"":""not_available""}]}","high","approve","B_strong_structural・確信度highの一括承認ルールにより承認"
"bpi_4f9ad83f2b43b70781f8bf13d76a552839085b06c3395d02a12d7b5d58fe5898","障害者コミュニケーションサービス","一般会計","民生費","社会福祉費","障害者福祉費","障害福祉部 障害施策課","62771","福祉・保健・社会保障を支える行政","supports","公式予算で民生費の社会福祉費または生活保護費に属するため、福祉・社会保障に関する行政機能を支える予算事業として整理した。これはみらい議会の探索用整理であり、区の公式な課題分類ではない。","B_strong_structural","{""matched_rule_id"":""social-welfare-official-hierarchy"",""budget_item_key"":""2026_general_expenditure_03_01_03"",""identity_fields"":{""display_program_name"":""障害者コミュニケーションサービス"",""hierarchy"":[""民生費"",""社会福祉費"",""障害者福祉費""],""department_display_name"":""障害福祉部 障害施策課"",""amount_thousand_yen"":62771},""member_programs"":[{""program_id"":""2026_general_expenditure_03_01_03_02_02_01"",""major_program_name"":""交流・社会参加促進のための事業費"",""budget_program_name"":""障害者コミュニケーションサービス"",""detail_program_name"":""障害者コミュニケーションサービス"",""source_file"":""ippansaisyutu.csv"",""source_row_number"":9707}],""same_budget_item_other_program_names"":[""介護者リフレッシュ"",""基幹相談支援センター事業運営"",""技術支援（児童福祉施設）事業運営"",""更生訓練費助成"",""自立支援医療"",""重度脳性麻痺者介護人派遣"",""障害児入所給付費"",""障害者おむつ支給"",""障害者グループホーム事業等助成"",""障害者ホームヘルパー等派遣"",""障害者虐待防止推進事業"",""障害者緊急介護人派遣"",""障害者自動車利用支援"",""障害者自立支援給付"",""障害者寝具乾燥・訪問理美容サービス"",""障害者親亡きあと対策"",""障害者設備改善費給付"",""障害者専門相談事業運営"",""障害者相談支援"",""障害者団体活動支援"",""障害者団体支援"",""障害者日常生活用具等給付"",""障害者入浴サービス"",""障害者配食サービス"",""障害者福祉手当"",""障害理解促進"",""身体障害者及知的障害者相談員活動"",""精神障害者ピアサポート支援事業"",""精神保健福祉団体連携事業"",""地域生活支援拠点等整備事業"",""乳幼児育成相談事業運営"",""被爆者見舞金"",""補装具給付"",""民間空襲等被害者見舞金支給""],""related_revenues"":[{""revenue_detail_id"":""rd_2026_general_revenue_13_02_01_32_02_3655100000"",""revenue_hierarchy"":[""国庫支出金"",""国庫補助金"",""民生費補助金"",""地域生活支援事業費"",""コミュニケーション支援""],""amount_attribution_status"":""not_available""},{""revenue_detail_id"":""rd_2026_general_revenue_13_02_01_32_12_3655100000"",""revenue_hierarchy"":[""国庫支出金"",""国庫補助金"",""民生費補助金"",""地域生活支援事業費"",""奉仕員養成研修""],""amount_attribution_status"":""not_available""},{""revenue_detail_id"":""rd_2026_general_revenue_13_02_01_32_48_3655100000"",""revenue_hierarchy"":[""国庫支出金"",""国庫補助金"",""民生費補助金"",""地域生活支援事業費"",""失語症者向け意思疎通支援者派遣事業""],""amount_attribution_status"":""not_available""},{""revenue_detail_id"":""rd_2026_general_revenue_14_02_02_37_02_3655100000"",""revenue_hierarchy"":[""都支出金"",""都補助金"",""民生費補助金"",""地域生活支援事業費"",""コミュニケーション支援""],""amount_attribution_status"":""not_available""},{""revenue_detail_id"":""rd_2026_general_revenue_14_02_02_37_12_3655100000"",""revenue_hierarchy"":[""都支出金"",""都補助金"",""民生費補助金"",""地域生活支援事業費"",""奉仕員養成研修""],""amount_attribution_status"":""not_available""},{""revenue_detail_id"":""rd_2026_general_revenue_14_02_02_37_47_3655100000"",""revenue_hierarchy"":[""都支出金"",""都補助金"",""民生費補助金"",""地域生活支援事業費"",""失語症者向け意思疎通支援者派遣事業""],""amount_attribution_status"":""not_available""},{""revenue_detail_id"":""rd_2026_general_revenue_14_02_02_44_17_3655100000"",""revenue_hierarchy"":[""都支出金"",""都補助金"",""民生費補助金"",""障害者施策推進区市町村包括補助事業費"",""重度身体障害者等緊急通報システム事業""],""amount_attribution_status"":""not_available""},{""revenue_detail_id"":""rd_2026_general_revenue_14_02_02_44_63_3655100000"",""revenue_hierarchy"":[""都支出金"",""都補助金"",""民生費補助金"",""障害者施策推進区市町村包括補助事業費"",""中等度難聴児発達支援事業""],""amount_attribution_status"":""not_available""},{""revenue_detail_id"":""rd_2026_general_revenue_14_02_02_44_73_3655100000"",""revenue_hierarchy"":[""都支出金"",""都補助金"",""民生費補助金"",""障害者施策推進区市町村包括補助事業費"",""障害者コミュニケーションサービス""],""amount_attribution_status"":""not_available""}]}","high","approve","B_strong_structural・確信度highの一括承認ルールにより承認"
"bpi_31841f7044b37d535b935a43584e3b146032c4691664d67673aabf38920e1263","被保護世帯等に対する援護","一般会計","民生費","生活保護費","扶助費","保健福祉政策部 生活福祉課","62124","福祉・保健・社会保障を支える行政","supports","公式予算で民生費の社会福祉費または生活保護費に属するため、福祉・社会保障に関する行政機能を支える予算事業として整理した。これはみらい議会の探索用整理であり、区の公式な課題分類ではない。","B_strong_structural","{""matched_rule_id"":""social-welfare-official-hierarchy"",""budget_item_key"":""2026_general_expenditure_03_03_03"",""identity_fields"":{""display_program_name"":""被保護世帯等に対する援護"",""hierarchy"":[""民生費"",""生活保護費"",""扶助費""],""department_display_name"":""保健福祉政策部 生活福祉課"",""amount_thousand_yen"":62124},""member_programs"":[{""program_id"":""2026_general_expenditure_03_03_03_02_02_01"",""major_program_name"":""被生活保護世帯等に対する法外援護費"",""budget_program_name"":""被保護世帯等に対する援護"",""detail_program_name"":""被保護世帯等に対する援護"",""source_file"":""ippansaisyutu.csv"",""source_row_number"":9570}],""same_budget_item_other_program_names"":[""児童生徒等に対する援護"",""生活保護法に基づく保護費""],""related_revenues"":[{""revenue_detail_id"":""rd_2026_general_revenue_14_02_02_60_31_3595200000"",""revenue_hierarchy"":[""都支出金"",""都補助金"",""民生費補助金"",""地域福祉推進区市町村包括補助事業"",""被保護者自立促進事業""],""amount_attribution_status"":""not_available""}]}","high","approve","B_strong_structural・確信度highの一括承認ルールにより承認"
"bpi_181d68cd53e1bae8c0ff0b19f41abc04ca2fba5d55dc0649f06039d0ddf44c32","会計年度任用職員の人件費（障害福祉部）","一般会計","職員費","職員費","民生職員費","障害福祉部 障害施策課","61654","福祉・保健・社会保障を支える行政","supports","公式予算の職員費で民生職員費または衛生職員費に属するため、福祉・保健・社会保障に関する行政機能を支える予算事業として整理した。","B_strong_structural","{""matched_rule_id"":""welfare-health-staff-official-hierarchy"",""budget_item_key"":""2026_general_expenditure_09_01_03"",""identity_fields"":{""display_program_name"":""会計年度任用職員の人件費（障害福祉部）"",""hierarchy"":[""職員費"",""職員費"",""民生職員費""],""department_display_name"":""障害福祉部 障害施策課"",""amount_thousand_yen"":61654},""member_programs"":[{""program_id"":""2026_general_expenditure_09_01_03_01_17_01"",""major_program_name"":""民生関係事務従事職員の人件費"",""budget_program_name"":""会計年度任用職員の人件費（障害福祉部）"",""detail_program_name"":""会計年度任用職員の人件費（障害福祉部）"",""source_file"":""ippansaisyutu.csv"",""source_row_number"":9734},{""program_id"":""2026_general_expenditure_09_01_03_01_24_01"",""major_program_name"":""民生関係事務従事職員の人件費"",""budget_program_name"":""会計年度任用職員の人件費（障害福祉部）"",""detail_program_name"":""会計年度任用職員の人件費（障害福祉部）"",""source_file"":""ippansaisyutu.csv"",""source_row_number"":9735}],""same_budget_item_other_program_names"":[""会計年度任用職員の人件費（烏山総合支所）"",""会計年度任用職員の人件費（砧総合支所）"",""会計年度任用職員の人件費（玉川総合支所）"",""会計年度任用職員の人件費（高齢福祉部）"",""会計年度任用職員の人件費（子ども・若者部（２））"",""会計年度任用職員の人件費（子ども・若者部）"",""会計年度任用職員の人件費（児童相談所）"",""会計年度任用職員の人件費（世田谷総合支所）"",""会計年度任用職員の人件費（保健福祉政策部）"",""会計年度任用職員の人件費（北沢総合支所）"",""民生関係事務従事職員の人件費""],""related_revenues"":[{""revenue_detail_id"":""rd_2026_general_revenue_14_02_02_68_86_3655100000"",""revenue_hierarchy"":[""都支出金"",""都補助金"",""民生費補助金"",""子供家庭支援区市町村包括補助事業"",""発達障害支援相談員""],""amount_attribution_status"":""not_available""},{""revenue_detail_id"":""rd_2026_general_revenue_19_06_04_06_10_3655100000"",""revenue_hierarchy"":[""諸収入"",""雑入"",""納付金"",""納付金（３）"",""会計年度任用職員社会保険料（障害福祉部）""],""amount_attribution_status"":""not_available""},{""revenue_detail_id"":""rd_2026_general_revenue_19_06_04_06_61_3655100000"",""revenue_hierarchy"":[""諸収入"",""雑入"",""納付金"",""納付金（３）"",""会計年度任用職員社会保険料（障害福祉部）""],""amount_attribution_status"":""not_available""}]}","high","approve","B_strong_structural・確信度highの一括承認ルールにより承認"
"bpi_3754428d0e1596e46d2eff249de7a62983d081fb585ab9d0c71e69a23e34c1cb","地域保健福祉等推進基金積立金","一般会計","民生費","社会福祉費","社会福祉総務費","保健福祉政策部 保健福祉政策課","58180","福祉・保健・社会保障を支える行政","supports","公式予算で民生費の社会福祉費または生活保護費に属するため、福祉・社会保障に関する行政機能を支える予算事業として整理した。これはみらい議会の探索用整理であり、区の公式な課題分類ではない。","B_strong_structural","{""matched_rule_id"":""social-welfare-official-hierarchy"",""budget_item_key"":""2026_general_expenditure_03_01_01"",""identity_fields"":{""display_program_name"":""地域保健福祉等推進基金積立金"",""hierarchy"":[""民生費"",""社会福祉費"",""社会福祉総務費""],""department_display_name"":""保健福祉政策部 保健福祉政策課"",""amount_thousand_yen"":58180},""member_programs"":[{""program_id"":""2026_general_expenditure_03_01_01_03_05_01"",""major_program_name"":""その他の社会福祉事業費"",""budget_program_name"":""地域保健福祉等推進基金積立金"",""detail_program_name"":""地域保健福祉等推進基金積立金"",""source_file"":""ippansaisyutu.csv"",""source_row_number"":9528}],""same_budget_item_other_program_names"":[""ケアハウス整備促進等事業"",""ケアマネジメントの総合的推進"",""ひきこもり対策"",""ボランティア施設改修"",""ボランティア団体等援助"",""移動困難者の移送システム"",""医療的ケア児（者）支援の充実"",""医療的ケア児の笑顔を支える基金積立金"",""介護人材確保・定着支援事業"",""介護保険事業会計繰出金"",""旧軍人等の援護"",""後期高齢者医療会計繰出金"",""行旅病人及死亡人取扱"",""高齢福祉部運営事業"",""高齢福祉部庶務事務"",""国民健康保険事業会計繰出金"",""災害時ボランティア受入体制整備事業"",""社会福祉協議会運営助成"",""社会福祉事業団運営助成"",""社会福祉法人に対する高齢者施設整備助成"",""社会福祉法人に対する障害者施設整備助成"",""社会福祉法人の認可・指導検査"",""終活支援センター運営事業"",""住宅手当緊急特別措置事業"",""住民税非課税世帯等への価格高騰重点支援給付金支給"",""障害者グループホーム整備助成"",""障害者サービス広報事業"",""障害者差別解消推進"",""障害者施設整備促進等事業"",""障害者福祉施策の計画・調整"",""障害認定審査事務運営"",""障害福祉部庶務事務"",""心身障害者医療費助成"",""世田谷区地域福祉推進事業"",""世田谷保健福祉センター分室維持管理"",""成年後見制度"",""生活安定支援事業"",""生活困窮者自立促進支援事業"",""生活保健事務（烏山）"",""生活保健事務（砧）"",""生活保健事務（玉川）"",""生活保健事務（世田谷）"",""生活保健事務（北沢）"",""専門的人材の確保・養成事業"",""相談員業務（烏山）"",""相談員業務（砧）"",""相談員業務（玉川）"",""相談員業務（世田谷）"",""相談員業務（北沢）"",""地域福祉活動等促進事業"",""地域福祉資源開発事業"",""地域保健福祉審議会の運営"",""地域密着型サービス拠点等整備助成"",""地区高齢者見守りネットワーク事業"",""特定中国残留邦人等支援事業"",""特別区区民葬儀助成事業"",""特別養護老人ホーム等運営支援"",""避難行動要支援者支援の推進"",""福祉資金貸付"",""福祉人材育成・研修センター運営事業"",""保健医療福祉総合プラザ維持運営"",""保健福祉サービス苦情審査会運営"",""保健福祉サービス質の向上の推進"",""保健福祉運営事務（烏山）"",""保健福祉運営事務（砧）"",""保健福祉運営事務（玉川）"",""保健福祉運営事務（世田谷）"",""保健福祉運営事務（北沢）"",""保健福祉政策部運営事業"",""保健福祉政策部庶務事務"",""民生委員等活動"",""路上生活対策事業"",""老人保健施設整備助成""],""related_revenues"":[{""revenue_detail_id"":""rd_2026_general_revenue_15_01_02_02_26_3595110000"",""revenue_hierarchy"":[""財産収入"",""財産運用収入"",""利子及配当金"",""基金利子"",""地域保健福祉等推進基金""],""amount_attribution_status"":""not_available""},{""revenue_detail_id"":""rd_2026_general_revenue_16_01_02_03_01_3595110000"",""revenue_hierarchy"":[""寄附金"",""寄附金"",""指定寄附金"",""民生費"",""地域保健福祉等推進基金""],""amount_attribution_status"":""not_available""}]}","high","approve","B_strong_structural・確信度highの一括承認ルールにより承認"
"bpi_2bc4b15ad40b4a07db248a5de038814f366a8a31e49a024262823083bd3fd9ea","一般介護予防事業","一般会計","民生費","社会福祉費","高齢者福祉費","高齢福祉部 介護予防・支援課","55725","福祉・保健・社会保障を支える行政","supports","公式予算で民生費の社会福祉費または生活保護費に属するため、福祉・社会保障に関する行政機能を支える予算事業として整理した。これはみらい議会の探索用整理であり、区の公式な課題分類ではない。","B_strong_structural","{""matched_rule_id"":""social-welfare-official-hierarchy"",""budget_item_key"":""2026_general_expenditure_03_01_02"",""identity_fields"":{""display_program_name"":""一般介護予防事業"",""hierarchy"":[""民生費"",""社会福祉費"",""高齢者福祉費""],""department_display_name"":""高齢福祉部 介護予防・支援課"",""amount_thousand_yen"":55725},""member_programs"":[{""program_id"":""2026_general_expenditure_03_01_02_08_04_01"",""major_program_name"":""重層的支援体制整備事業費"",""budget_program_name"":""一般介護予防事業"",""detail_program_name"":""一般介護予防事業"",""source_file"":""ippansaisyutu.csv"",""source_row_number"":9694}],""same_budget_item_other_program_names"":[""あんしん見守り事業"",""シニアボランティアポイント事業"",""ひとりぐらし高齢者の安全確保"",""ひとりぐらし高齢者見守り機器補助事業"",""ひとりぐらし高齢者等状況把握"",""一時生活援助施設運営"",""介護予防施策推進事業"",""慶祝事業"",""高齢者おむつ支給"",""高齢者コミュニケーションサービス"",""高齢者スマートフォン購入費助成"",""高齢者はり・灸・マッサージサービス"",""高齢者会食サービス"",""高齢者在宅サービスセンター維持管理"",""高齢者住宅改修助成"",""高齢者寝具乾燥・訪問理美容サービス"",""高齢者補聴器購入費助成"",""支えあいミニデイ支援の推進"",""生活支援体制整備事業"",""生計困難者負担軽減事業"",""地域包括支援センター運営委託"",""地域包括支援センター事務委託"",""地域包括支援センター障害者・子育て家庭等相談事業"",""地域包括支援センター認知症社会参加推進事業"",""認知症在宅生活サポートセンター認知症社会参加推進事業"",""認知症施策運営事業"",""福祉緊急対応"",""民生委員ふれあい訪問"",""養護老人ホーム入所措置""],""related_revenues"":[{""revenue_detail_id"":""rd_2026_general_revenue_13_02_01_78_19_3645300000"",""revenue_hierarchy"":[""国庫支出金"",""国庫補助金"",""民生費補助金"",""重層的支援体制整備事業"",""一般介護予防事業（地域づくり支援）""],""amount_attribution_status"":""not_available""},{""revenue_detail_id"":""rd_2026_general_revenue_14_02_08_16_15_3645300000"",""revenue_hierarchy"":[""都支出金"",""都補助金"",""民生費補助金（２）"",""重層的支援体制整備事業"",""一般介護予防事業""],""amount_attribution_status"":""not_available""},{""revenue_detail_id"":""rd_2026_general_revenue_17_02_03_01_04_3645300000"",""revenue_hierarchy"":[""繰入金"",""特別会計繰入金"",""介護保険事業会計繰入金"",""重層的支援体制整備事業繰入金"",""一般介護予防事業（調整）""],""amount_attribution_status"":""not_available""}]}","high","approve","B_strong_structural・確信度highの一括承認ルールにより承認"
"bpi_05ccdace37543c7e13cfcc5941d378576af58b65f20a433288cfe09a02421a8d","障害者おむつ支給","一般会計","民生費","社会福祉費","障害者福祉費","障害福祉部 障害施策課","55104","福祉・保健・社会保障を支える行政","supports","公式予算で民生費の社会福祉費または生活保護費に属するため、福祉・社会保障に関する行政機能を支える予算事業として整理した。これはみらい議会の探索用整理であり、区の公式な課題分類ではない。","B_strong_structural","{""matched_rule_id"":""social-welfare-official-hierarchy"",""budget_item_key"":""2026_general_expenditure_03_01_03"",""identity_fields"":{""display_program_name"":""障害者おむつ支給"",""hierarchy"":[""民生費"",""社会福祉費"",""障害者福祉費""],""department_display_name"":""障害福祉部 障害施策課"",""amount_thousand_yen"":55104},""member_programs"":[{""program_id"":""2026_general_expenditure_03_01_03_03_08_01"",""major_program_name"":""障害者生活支援事業"",""budget_program_name"":""障害者おむつ支給"",""detail_program_name"":""障害者おむつ支給"",""source_file"":""ippansaisyutu.csv"",""source_row_number"":9715}],""same_budget_item_other_program_names"":[""介護者リフレッシュ"",""基幹相談支援センター事業運営"",""技術支援（児童福祉施設）事業運営"",""更生訓練費助成"",""自立支援医療"",""重度脳性麻痺者介護人派遣"",""障害児入所給付費"",""障害者グループホーム事業等助成"",""障害者コミュニケーションサービス"",""障害者ホームヘルパー等派遣"",""障害者虐待防止推進事業"",""障害者緊急介護人派遣"",""障害者自動車利用支援"",""障害者自立支援給付"",""障害者寝具乾燥・訪問理美容サービス"",""障害者親亡きあと対策"",""障害者設備改善費給付"",""障害者専門相談事業運営"",""障害者相談支援"",""障害者団体活動支援"",""障害者団体支援"",""障害者日常生活用具等給付"",""障害者入浴サービス"",""障害者配食サービス"",""障害者福祉手当"",""障害理解促進"",""身体障害者及知的障害者相談員活動"",""精神障害者ピアサポート支援事業"",""精神保健福祉団体連携事業"",""地域生活支援拠点等整備事業"",""乳幼児育成相談事業運営"",""被爆者見舞金"",""補装具給付"",""民間空襲等被害者見舞金支給""],""related_revenues"":[]}","high","approve","B_strong_structural・確信度highの一括承認ルールにより承認"
"bpi_ba78249c5bb2911d14f4144fb5e7e36a9f71f6dd0a2e0c3b4e14a87920ea5f21","乳幼児歯科健康診査","一般会計","衛生費","公衆衛生費","母子保健費","世田谷保健所 健康推進課","54542","福祉・保健・社会保障を支える行政","supports","公式予算で衛生費に属するため、保健・公衆衛生に関する行政機能を支える予算事業として整理した。","B_strong_structural","{""matched_rule_id"":""public-health-official-hierarchy"",""budget_item_key"":""2026_general_expenditure_05_03_05"",""identity_fields"":{""display_program_name"":""乳幼児歯科健康診査"",""hierarchy"":[""衛生費"",""公衆衛生費"",""母子保健費""],""department_display_name"":""世田谷保健所 健康推進課"",""amount_thousand_yen"":54542},""member_programs"":[{""program_id"":""2026_general_expenditure_05_03_05_01_06_01"",""major_program_name"":""母子保健指導事業費"",""budget_program_name"":""乳幼児歯科健康診査"",""detail_program_name"":""乳幼児歯科健康診査"",""source_file"":""ippansaisyutu.csv"",""source_row_number"":9902}],""same_budget_item_other_program_names"":[""アレルギー疾患相談"",""リプロダクティブ・ヘルス／ライツの周知啓発"",""育児不安・児童虐待防止対策"",""小児慢性特定疾病医療費給付"",""地域と連携した両親学級の充実"",""乳児期家庭（新生児）訪問事業"",""乳幼児健康診査"",""妊産婦及び乳幼児への栄養・食生活支援事業"",""妊産婦及び乳幼児健康診査"",""妊婦健康診査"",""保健福祉センター乳幼児健康診査"",""保健福祉センター乳幼児歯科健康診査"",""母子保健知識等の普及と啓発"",""未熟児等に対する医療費公費負担""],""related_revenues"":[{""revenue_detail_id"":""rd_2026_general_revenue_13_02_03_17_03_3785200000"",""revenue_hierarchy"":[""国庫支出金"",""国庫補助金"",""衛生費補助金"",""医療施設運営費等補助金"",""８０２０運動・口腔保健推進事業""],""amount_attribution_status"":""not_available""}]}","high","approve","B_strong_structural・確信度highの一括承認ルールにより承認"
"bpi_288b7dc9a3a8a46c93ce31fe4822a1dde86358d6c838c134884968f61ea83cbc","保健衛生施設整備","一般会計","衛生費","衛生管理費","衛生総務費","保健福祉政策部 保福推進課","54000","福祉・保健・社会保障を支える行政","supports","公式予算で衛生費に属するため、保健・公衆衛生に関する行政機能を支える予算事業として整理した。","B_strong_structural","{""matched_rule_id"":""public-health-official-hierarchy"",""budget_item_key"":""2026_general_expenditure_05_01_01"",""identity_fields"":{""display_program_name"":""保健衛生施設整備"",""hierarchy"":[""衛生費"",""衛生管理費"",""衛生総務費""],""department_display_name"":""保健福祉政策部 保福推進課"",""amount_thousand_yen"":54000},""member_programs"":[{""program_id"":""2026_general_expenditure_05_01_01_01_06_01"",""major_program_name"":""地域医療事業費"",""budget_program_name"":""保健衛生施設整備"",""detail_program_name"":""保健衛生施設整備"",""source_file"":""ippansaisyutu.csv"",""source_row_number"":9546}],""same_budget_item_other_program_names"":[""在宅医療の充実"",""歯科保健サービスの充実"",""精神障害者保健福祉手帳等進達事務"",""地域医療整備""],""related_revenues"":[]}","high","approve","B_strong_structural・確信度highの一括承認ルールにより承認"
"bpi_5850d1e5a4e956262686f8db6117c7d94d3ae64c56a46940679cbd41409ba281","認知症包括支援事業","介護保険事業会計","地域支援事業費","包括支援事業・任意事業費","包括的支援事業費","高齢福祉部 介護予防・支援課","53407","福祉・保健・社会保障を支える行政","supports","公式予算で国民健康保険、後期高齢者医療、介護保険の特別会計に属するため、社会保障に関する行政機能を支える予算事業として整理した。","B_strong_structural","{""matched_rule_id"":""social-insurance-accounts-official-hierarchy"",""budget_item_key"":""2026_long_term_care_insurance_expenditure_49_02_01"",""identity_fields"":{""display_program_name"":""認知症包括支援事業"",""hierarchy"":[""地域支援事業費"",""包括支援事業・任意事業費"",""包括的支援事業費""],""department_display_name"":""高齢福祉部 介護予防・支援課"",""amount_thousand_yen"":53407},""member_programs"":[{""program_id"":""2026_long_term_care_insurance_expenditure_49_02_01_01_03_01"",""major_program_name"":""包括的支援事業費"",""budget_program_name"":""認知症包括支援事業"",""detail_program_name"":""認知症包括支援事業"",""source_file"":""ippansaisyutu.csv"",""source_row_number"":9696}],""same_budget_item_other_program_names"":[""在宅医療・介護連携推進事業"",""地域包括支援センター運営委託""],""related_revenues"":[{""revenue_detail_id"":""rd_2026_long_term_care_insurance_revenue_43_02_05_01_14_3645300000"",""revenue_hierarchy"":[""国庫支出金"",""国庫補助金"",""地域支援事業交付金（包括的支援事業・任意事業）"",""現年度分"",""認知症包括支援事業""],""amount_attribution_status"":""not_available""},{""revenue_detail_id"":""rd_2026_long_term_care_insurance_revenue_43_02_17_01_05_3645300000"",""revenue_hierarchy"":[""国庫支出金"",""国庫補助金"",""介護保険保険者努力支援交付金"",""介護保険保険者努力支援交付金"",""認知症包括支援事業""],""amount_attribution_status"":""not_available""},{""revenue_detail_id"":""rd_2026_long_term_care_insurance_revenue_45_03_02_01_14_3645300000"",""revenue_hierarchy"":[""都支出金"",""都補助金"",""地域支援事業交付金（包括的支援事業・任意事業）"",""現年度分"",""認知症包括支援事業""],""amount_attribution_status"":""not_available""},{""revenue_detail_id"":""rd_2026_long_term_care_insurance_revenue_48_01_04_01_14_3645300000"",""revenue_hierarchy"":[""繰入金"",""一般会計繰入金"",""地域支援事業繰入金（包括的支援・任意事業）"",""現年度分"",""認知症包括支援事業""],""amount_attribution_status"":""not_available""}]}","high","approve","B_strong_structural・確信度highの一括承認ルールにより承認"
"bpi_87910c8114bdf3f10747d062bdf1fd936a595e9f25bb05b7e2947d75c16e909e","狂犬病予防法事務","一般会計","衛生費","環境衛生費","環境衛生費","世田谷保健所 生活保健課","50990","福祉・保健・社会保障を支える行政","supports","公式予算で衛生費に属するため、保健・公衆衛生に関する行政機能を支える予算事業として整理した。","B_strong_structural","{""matched_rule_id"":""public-health-official-hierarchy"",""budget_item_key"":""2026_general_expenditure_05_04_01"",""identity_fields"":{""display_program_name"":""狂犬病予防法事務"",""hierarchy"":[""衛生費"",""環境衛生費"",""環境衛生費""],""department_display_name"":""世田谷保健所 生活保健課"",""amount_thousand_yen"":50990},""member_programs"":[{""program_id"":""2026_general_expenditure_05_04_01_01_05_01"",""major_program_name"":""環境衛生事業費"",""budget_program_name"":""狂犬病予防法事務"",""detail_program_name"":""狂犬病予防法事務"",""source_file"":""ippansaisyutu.csv"",""source_row_number"":9928}],""same_budget_item_other_program_names"":[""医事薬事監視普及"",""化学検査事業運営"",""環境衛生監視普及"",""検査センター事務"",""細菌検査事業運営"",""住宅宿泊事業監視普及"",""食の安全・安心の推進"",""食品衛生監視普及"",""人と動物との共生推進事業"",""鼠・害虫相談・水害消毒"",""臨床検査事業運営""],""related_revenues"":[{""revenue_detail_id"":""rd_2026_general_revenue_12_02_04_01_02_3785700000"",""revenue_hierarchy"":[""使用料及手数料"",""手数料"",""衛生手数料"",""証明閲覧"",""証明閲覧（畜犬）""],""amount_attribution_status"":""not_available""},{""revenue_detail_id"":""rd_2026_general_revenue_12_02_04_03_03_3785700000"",""revenue_hierarchy"":[""使用料及手数料"",""手数料"",""衛生手数料"",""畜犬登録"",""畜犬登録手数料""],""amount_attribution_status"":""not_available""}]}","high","approve","B_strong_structural・確信度highの一括承認ルールにより承認"
"bpi_ec20c8eb551522aad785dd39ca3def6440a30e8e84962e2a939e4114839d4e74","基幹相談支援センター事業運営","一般会計","民生費","社会福祉費","障害者福祉費","障害福祉部 障害保健福祉課","50749","福祉・保健・社会保障を支える行政","supports","公式予算で民生費の社会福祉費または生活保護費に属するため、福祉・社会保障に関する行政機能を支える予算事業として整理した。これはみらい議会の探索用整理であり、区の公式な課題分類ではない。","B_strong_structural","{""matched_rule_id"":""social-welfare-official-hierarchy"",""budget_item_key"":""2026_general_expenditure_03_01_03"",""identity_fields"":{""display_program_name"":""基幹相談支援センター事業運営"",""hierarchy"":[""民生費"",""社会福祉費"",""障害者福祉費""],""department_display_name"":""障害福祉部 障害保健福祉課"",""amount_thousand_yen"":50749},""member_programs"":[{""program_id"":""2026_general_expenditure_03_01_03_04_16_01"",""major_program_name"":""その他の障害者福祉事業費"",""budget_program_name"":""基幹相談支援センター事業運営"",""detail_program_name"":""基幹相談支援センター事業運営"",""source_file"":""ippansaisyutu.csv"",""source_row_number"":9760}],""same_budget_item_other_program_names"":[""介護者リフレッシュ"",""技術支援（児童福祉施設）事業運営"",""更生訓練費助成"",""自立支援医療"",""重度脳性麻痺者介護人派遣"",""障害児入所給付費"",""障害者おむつ支給"",""障害者グループホーム事業等助成"",""障害者コミュニケーションサービス"",""障害者ホームヘルパー等派遣"",""障害者虐待防止推進事業"",""障害者緊急介護人派遣"",""障害者自動車利用支援"",""障害者自立支援給付"",""障害者寝具乾燥・訪問理美容サービス"",""障害者親亡きあと対策"",""障害者設備改善費給付"",""障害者専門相談事業運営"",""障害者相談支援"",""障害者団体活動支援"",""障害者団体支援"",""障害者日常生活用具等給付"",""障害者入浴サービス"",""障害者配食サービス"",""障害者福祉手当"",""障害理解促進"",""身体障害者及知的障害者相談員活動"",""精神障害者ピアサポート支援事業"",""精神保健福祉団体連携事業"",""地域生活支援拠点等整備事業"",""乳幼児育成相談事業運営"",""被爆者見舞金"",""補装具給付"",""民間空襲等被害者見舞金支給""],""related_revenues"":[{""revenue_detail_id"":""rd_2026_general_revenue_13_02_01_78_03_3655300000"",""revenue_hierarchy"":[""国庫支出金"",""国庫補助金"",""民生費補助金"",""重層的支援体制整備事業"",""相談支援（基幹相談支援センター）""],""amount_attribution_status"":""not_available""},{""revenue_detail_id"":""rd_2026_general_revenue_14_02_08_16_03_3655300000"",""revenue_hierarchy"":[""都支出金"",""都補助金"",""民生費補助金（２）"",""重層的支援体制整備事業"",""相談支援（基幹相談支援センター）""],""amount_attribution_status"":""not_available""},{""revenue_detail_id"":""rd_2026_general_revenue_19_06_10_02_47_3655300000"",""revenue_hierarchy"":[""諸収入"",""雑入"",""自立支援給付サービス収入"",""自立支援サービス収入"",""計画相談支援等""],""amount_attribution_status"":""not_available""}]}","high","approve","B_strong_structural・確信度highの一括承認ルールにより承認"
"bpi_8022f874cd03bd0d45b36bfc6e8e5dcb3b3e3ca7d07c159d7c6242e498985685","地域活動支援センター運営助成","一般会計","民生費","社会福祉費","障害者施設費","障害福祉部 障害地域生活課","50652","福祉・保健・社会保障を支える行政","supports","公式予算で民生費の社会福祉費または生活保護費に属するため、福祉・社会保障に関する行政機能を支える予算事業として整理した。これはみらい議会の探索用整理であり、区の公式な課題分類ではない。","B_strong_structural","{""matched_rule_id"":""social-welfare-official-hierarchy"",""budget_item_key"":""2026_general_expenditure_03_01_16"",""identity_fields"":{""display_program_name"":""地域活動支援センター運営助成"",""hierarchy"":[""民生費"",""社会福祉費"",""障害者施設費""],""department_display_name"":""障害福祉部 障害地域生活課"",""amount_thousand_yen"":50652},""member_programs"":[{""program_id"":""2026_general_expenditure_03_01_16_01_30_01"",""major_program_name"":""障害者更生指導事業費"",""budget_program_name"":""地域活動支援センター運営助成"",""detail_program_name"":""地域活動支援センター運営助成"",""source_file"":""ippansaisyutu.csv"",""source_row_number"":9744}],""same_budget_item_other_program_names"":[""グループホーム運営助成"",""児童発達支援運営"",""就労移行・継続支援事業運営"",""重症心身障害児（者）通園施設運営助成"",""障害施設維持管理"",""障害児施設維持管理"",""障害児施設改修"",""障害者休養ホームひまわり荘運営管理"",""障害者施設改修"",""障害者施設等運営助成"",""障害者自立体験等運営事業"",""障害者授産事業"",""障害者就労促進事業"",""障害者短期入所等事業"",""生活介護事業運営"",""配慮を要する児童への支援事業"",""梅ヶ丘拠点障害児通所事業運営助成"",""梅ヶ丘拠点障害者支援施設運営助成"",""福祉施設等送迎バスのネットワーク運行"",""放課後等デイサービス運営助成""],""related_revenues"":[{""revenue_detail_id"":""rd_2026_general_revenue_13_02_01_78_01_3655200000"",""revenue_hierarchy"":[""国庫支出金"",""国庫補助金"",""民生費補助金"",""重層的支援体制整備事業"",""地域活動支援センター""],""amount_attribution_status"":""not_available""},{""revenue_detail_id"":""rd_2026_general_revenue_14_02_02_44_11_3655200000"",""revenue_hierarchy"":[""都支出金"",""都補助金"",""民生費補助金"",""障害者施策推進区市町村包括補助事業費"",""精神障害者社会復帰支援事業""],""amount_attribution_status"":""not_available""},{""revenue_detail_id"":""rd_2026_general_revenue_14_02_02_44_26_3655200000"",""revenue_hierarchy"":[""都支出金"",""都補助金"",""民生費補助金"",""障害者施策推進区市町村包括補助事業費"",""地域活動支援センター機能充実事業""],""amount_attribution_status"":""not_available""},{""revenue_detail_id"":""rd_2026_general_revenue_14_02_08_16_01_3655200000"",""revenue_hierarchy"":[""都支出金"",""都補助金"",""民生費補助金（２）"",""重層的支援体制整備事業"",""地域活動支援センター運営助成""],""amount_attribution_status"":""not_available""}]}","high","approve","B_strong_structural・確信度highの一括承認ルールにより承認"
"bpi_87967b38ace617e9bc2b3ba779f5f8111b9e4726003e1cdf0ad3f02f0a3af119","精神保健福祉推進","一般会計","衛生費","保健所費","保健所費","世田谷保健所 健康推進課","50431","福祉・保健・社会保障を支える行政","supports","公式予算で衛生費に属するため、保健・公衆衛生に関する行政機能を支える予算事業として整理した。","B_strong_structural","{""matched_rule_id"":""public-health-official-hierarchy"",""budget_item_key"":""2026_general_expenditure_05_02_01"",""identity_fields"":{""display_program_name"":""精神保健福祉推進"",""hierarchy"":[""衛生費"",""保健所費"",""保健所費""],""department_display_name"":""世田谷保健所 健康推進課"",""amount_thousand_yen"":50431},""member_programs"":[{""program_id"":""2026_general_expenditure_05_02_01_02_02_01"",""major_program_name"":""保健衛生事業費"",""budget_program_name"":""精神保健福祉推進"",""detail_program_name"":""精神保健福祉推進"",""source_file"":""ippansaisyutu.csv"",""source_row_number"":9894}],""same_budget_item_other_program_names"":[""区民健康診断（烏山）"",""区民健康診断（砧）"",""区民健康診断（玉川）"",""区民健康診断（世田谷）"",""区民健康診断（北沢）"",""健康せたがやプランの推進"",""健康危機管理体制の充実"",""受動喫煙対策"",""精神障害者生活指導"",""精神保健福祉相談"",""保健所運営事務"",""保健所庶務事務""],""related_revenues"":[{""revenue_detail_id"":""rd_2026_general_revenue_13_02_01_69_07_3785200000"",""revenue_hierarchy"":[""国庫支出金"",""国庫補助金"",""民生費補助金"",""地域生活支援促進事業費"",""精神障害・地域包括ケアシステム推進（精神保健福祉推進）""],""amount_attribution_status"":""not_available""},{""revenue_detail_id"":""rd_2026_general_revenue_14_02_02_40_40_3785200000"",""revenue_hierarchy"":[""都支出金"",""都補助金"",""民生費補助金"",""保健医療政策区市町村包括補助事業費"",""自殺対策事業""],""amount_attribution_status"":""not_available""},{""revenue_detail_id"":""rd_2026_general_revenue_14_02_04_26_01_3785200000"",""revenue_hierarchy"":[""都支出金"",""都補助金"",""衛生費補助金"",""地域自殺対策強化交付金"",""自殺対策強化事業""],""amount_attribution_status"":""not_available""}]}","high","approve","B_strong_structural・確信度highの一括承認ルールにより承認"
"bpi_301ca3e3126dd2c48111fd523a67221c5fc573ecf138f82e64a52bf11f4b3d0b","高齢者寝具乾燥・訪問理美容サービス","一般会計","民生費","社会福祉費","高齢者福祉費","高齢福祉部 高齢福祉課","50009","福祉・保健・社会保障を支える行政","supports","公式予算で民生費の社会福祉費または生活保護費に属するため、福祉・社会保障に関する行政機能を支える予算事業として整理した。これはみらい議会の探索用整理であり、区の公式な課題分類ではない。","B_strong_structural","{""matched_rule_id"":""social-welfare-official-hierarchy"",""budget_item_key"":""2026_general_expenditure_03_01_02"",""identity_fields"":{""display_program_name"":""高齢者寝具乾燥・訪問理美容サービス"",""hierarchy"":[""民生費"",""社会福祉費"",""高齢者福祉費""],""department_display_name"":""高齢福祉部 高齢福祉課"",""amount_thousand_yen"":50009},""member_programs"":[{""program_id"":""2026_general_expenditure_03_01_02_04_10_01"",""major_program_name"":""高齢者生活支援事業費"",""budget_program_name"":""高齢者寝具乾燥・訪問理美容サービス"",""detail_program_name"":""高齢者寝具乾燥・訪問理美容サービス"",""source_file"":""ippansaisyutu.csv"",""source_row_number"":9634}],""same_budget_item_other_program_names"":[""あんしん見守り事業"",""シニアボランティアポイント事業"",""ひとりぐらし高齢者の安全確保"",""ひとりぐらし高齢者見守り機器補助事業"",""ひとりぐらし高齢者等状況把握"",""一時生活援助施設運営"",""一般介護予防事業"",""介護予防施策推進事業"",""慶祝事業"",""高齢者おむつ支給"",""高齢者コミュニケーションサービス"",""高齢者スマートフォン購入費助成"",""高齢者はり・灸・マッサージサービス"",""高齢者会食サービス"",""高齢者在宅サービスセンター維持管理"",""高齢者住宅改修助成"",""高齢者補聴器購入費助成"",""支えあいミニデイ支援の推進"",""生活支援体制整備事業"",""生計困難者負担軽減事業"",""地域包括支援センター運営委託"",""地域包括支援センター事務委託"",""地域包括支援センター障害者・子育て家庭等相談事業"",""地域包括支援センター認知症社会参加推進事業"",""認知症在宅生活サポートセンター認知症社会参加推進事業"",""認知症施策運営事業"",""福祉緊急対応"",""民生委員ふれあい訪問"",""養護老人ホーム入所措置""],""related_revenues"":[]}","high","approve","B_strong_structural・確信度highの一括承認ルールにより承認"
"bpi_510c609f4c923fc1ff036ec3b779db407be8fb2ddd4ed91d8e14936333558eb2","介護予防施策推進事業","一般会計","民生費","社会福祉費","高齢者福祉費","高齢福祉部 介護予防・支援課","49591","福祉・保健・社会保障を支える行政","supports","公式予算で民生費の社会福祉費または生活保護費に属するため、福祉・社会保障に関する行政機能を支える予算事業として整理した。これはみらい議会の探索用整理であり、区の公式な課題分類ではない。","B_strong_structural","{""matched_rule_id"":""social-welfare-official-hierarchy"",""budget_item_key"":""2026_general_expenditure_03_01_02"",""identity_fields"":{""display_program_name"":""介護予防施策推進事業"",""hierarchy"":[""民生費"",""社会福祉費"",""高齢者福祉費""],""department_display_name"":""高齢福祉部 介護予防・支援課"",""amount_thousand_yen"":49591},""member_programs"":[{""program_id"":""2026_general_expenditure_03_01_02_05_18_01"",""major_program_name"":""その他の高齢者福祉事業費"",""budget_program_name"":""介護予防施策推進事業"",""detail_program_name"":""介護予防施策推進事業"",""source_file"":""ippansaisyutu.csv"",""source_row_number"":9688}],""same_budget_item_other_program_names"":[""あんしん見守り事業"",""シニアボランティアポイント事業"",""ひとりぐらし高齢者の安全確保"",""ひとりぐらし高齢者見守り機器補助事業"",""ひとりぐらし高齢者等状況把握"",""一時生活援助施設運営"",""一般介護予防事業"",""慶祝事業"",""高齢者おむつ支給"",""高齢者コミュニケーションサービス"",""高齢者スマートフォン購入費助成"",""高齢者はり・灸・マッサージサービス"",""高齢者会食サービス"",""高齢者在宅サービスセンター維持管理"",""高齢者住宅改修助成"",""高齢者寝具乾燥・訪問理美容サービス"",""高齢者補聴器購入費助成"",""支えあいミニデイ支援の推進"",""生活支援体制整備事業"",""生計困難者負担軽減事業"",""地域包括支援センター運営委託"",""地域包括支援センター事務委託"",""地域包括支援センター障害者・子育て家庭等相談事業"",""地域包括支援センター認知症社会参加推進事業"",""認知症在宅生活サポートセンター認知症社会参加推進事業"",""認知症施策運営事業"",""福祉緊急対応"",""民生委員ふれあい訪問"",""養護老人ホーム入所措置""],""related_revenues"":[{""revenue_detail_id"":""rd_2026_general_revenue_14_02_08_04_01_3645300000"",""revenue_hierarchy"":[""都支出金"",""都補助金"",""民生費補助金（２）"",""介護予防・フレイル予防推進員配置事業補助金"",""介護予防・フレイル予防推進員配置事業""],""amount_attribution_status"":""not_available""}]}","high","approve","B_strong_structural・確信度highの一括承認ルールにより承認"
"bpi_51bb4176098e3be73c7e2f49050ddef081c00301d6d46035a9dbdb1a9f6a9c02","地域生活支援拠点等整備事業","一般会計","民生費","社会福祉費","障害者福祉費","障害福祉部 障害施策課","48050","福祉・保健・社会保障を支える行政","supports","公式予算で民生費の社会福祉費または生活保護費に属するため、福祉・社会保障に関する行政機能を支える予算事業として整理した。これはみらい議会の探索用整理であり、区の公式な課題分類ではない。","B_strong_structural","{""matched_rule_id"":""social-welfare-official-hierarchy"",""budget_item_key"":""2026_general_expenditure_03_01_03"",""identity_fields"":{""display_program_name"":""地域生活支援拠点等整備事業"",""hierarchy"":[""民生費"",""社会福祉費"",""障害者福祉費""],""department_display_name"":""障害福祉部 障害施策課"",""amount_thousand_yen"":48050},""member_programs"":[{""program_id"":""2026_general_expenditure_03_01_03_04_23_01"",""major_program_name"":""その他の障害者福祉事業費"",""budget_program_name"":""地域生活支援拠点等整備事業"",""detail_program_name"":""地域生活支援拠点等整備事業"",""source_file"":""ippansaisyutu.csv"",""source_row_number"":9728}],""same_budget_item_other_program_names"":[""介護者リフレッシュ"",""基幹相談支援センター事業運営"",""技術支援（児童福祉施設）事業運営"",""更生訓練費助成"",""自立支援医療"",""重度脳性麻痺者介護人派遣"",""障害児入所給付費"",""障害者おむつ支給"",""障害者グループホーム事業等助成"",""障害者コミュニケーションサービス"",""障害者ホームヘルパー等派遣"",""障害者虐待防止推進事業"",""障害者緊急介護人派遣"",""障害者自動車利用支援"",""障害者自立支援給付"",""障害者寝具乾燥・訪問理美容サービス"",""障害者親亡きあと対策"",""障害者設備改善費給付"",""障害者専門相談事業運営"",""障害者相談支援"",""障害者団体活動支援"",""障害者団体支援"",""障害者日常生活用具等給付"",""障害者入浴サービス"",""障害者配食サービス"",""障害者福祉手当"",""障害理解促進"",""身体障害者及知的障害者相談員活動"",""精神障害者ピアサポート支援事業"",""精神保健福祉団体連携事業"",""乳幼児育成相談事業運営"",""被爆者見舞金"",""補装具給付"",""民間空襲等被害者見舞金支給""],""related_revenues"":[{""revenue_detail_id"":""rd_2026_general_revenue_13_02_01_32_49_3655100000"",""revenue_hierarchy"":[""国庫支出金"",""国庫補助金"",""民生費補助金"",""地域生活支援事業費"",""コーディネート事業""],""amount_attribution_status"":""not_available""},{""revenue_detail_id"":""rd_2026_general_revenue_14_02_02_37_48_3655100000"",""revenue_hierarchy"":[""都支出金"",""都補助金"",""民生費補助金"",""地域生活支援事業費"",""コーディネート事業""],""amount_attribution_status"":""not_available""},{""revenue_detail_id"":""rd_2026_general_revenue_14_02_02_44_72_3655100000"",""revenue_hierarchy"":[""都支出金"",""都補助金"",""民生費補助金"",""障害者施策推進区市町村包括補助事業費"",""地域生活支援拠点連携強化支援事業""],""amount_attribution_status"":""not_available""}]}","high","approve","B_strong_structural・確信度highの一括承認ルールにより承認"
"bpi_93a8628e5dd7edeb020fece4d5aa9441bac352d61396d154e25932db053b8e68","未熟児等に対する医療費公費負担","一般会計","衛生費","公衆衛生費","母子保健費","世田谷保健所 健康推進課","47458","福祉・保健・社会保障を支える行政","supports","公式予算で衛生費に属するため、保健・公衆衛生に関する行政機能を支える予算事業として整理した。","B_strong_structural","{""matched_rule_id"":""public-health-official-hierarchy"",""budget_item_key"":""2026_general_expenditure_05_03_05"",""identity_fields"":{""display_program_name"":""未熟児等に対する医療費公費負担"",""hierarchy"":[""衛生費"",""公衆衛生費"",""母子保健費""],""department_display_name"":""世田谷保健所 健康推進課"",""amount_thousand_yen"":47458},""member_programs"":[{""program_id"":""2026_general_expenditure_05_03_05_01_11_01"",""major_program_name"":""母子保健指導事業費"",""budget_program_name"":""未熟児等に対する医療費公費負担"",""detail_program_name"":""未熟児等に対する医療費公費負担"",""source_file"":""ippansaisyutu.csv"",""source_row_number"":9905}],""same_budget_item_other_program_names"":[""アレルギー疾患相談"",""リプロダクティブ・ヘルス／ライツの周知啓発"",""育児不安・児童虐待防止対策"",""小児慢性特定疾病医療費給付"",""地域と連携した両親学級の充実"",""乳児期家庭（新生児）訪問事業"",""乳幼児健康診査"",""乳幼児歯科健康診査"",""妊産婦及び乳幼児への栄養・食生活支援事業"",""妊産婦及び乳幼児健康診査"",""妊婦健康診査"",""保健福祉センター乳幼児健康診査"",""保健福祉センター乳幼児歯科健康診査"",""母子保健知識等の普及と啓発""],""related_revenues"":[{""revenue_detail_id"":""rd_2026_general_revenue_13_01_02_06_03_3785200000"",""revenue_hierarchy"":[""国庫支出金"",""国庫負担金"",""衛生費負担金"",""母子衛生費"",""医療費公費負担""],""amount_attribution_status"":""not_available""},{""revenue_detail_id"":""rd_2026_general_revenue_13_01_02_08_01_3785200000"",""revenue_hierarchy"":[""国庫支出金"",""国庫負担金"",""衛生費負担金"",""育成医療費"",""育成医療""],""amount_attribution_status"":""not_available""},{""revenue_detail_id"":""rd_2026_general_revenue_14_01_02_07_01_3785200000"",""revenue_hierarchy"":[""都支出金"",""都負担金"",""衛生費負担金"",""育成医療費"",""育成医療""],""amount_attribution_status"":""not_available""},{""revenue_detail_id"":""rd_2026_general_revenue_14_01_02_09_01_3785200000"",""revenue_hierarchy"":[""都支出金"",""都負担金"",""衛生費負担金"",""母子衛生費"",""医療費公費負担""],""amount_attribution_status"":""not_available""}]}","high","approve","B_strong_structural・確信度highの一括承認ルールにより承認"
"bpi_089a00966b0f4c20fbc57d45c0cfc53a705b6e1c52172b20e2208c12d311e0a7","住宅手当緊急特別措置事業","一般会計","民生費","社会福祉費","社会福祉総務費","保健福祉政策部 生活福祉課","46914","福祉・保健・社会保障を支える行政","supports","公式予算で民生費の社会福祉費または生活保護費に属するため、福祉・社会保障に関する行政機能を支える予算事業として整理した。これはみらい議会の探索用整理であり、区の公式な課題分類ではない。","B_strong_structural","{""matched_rule_id"":""social-welfare-official-hierarchy"",""budget_item_key"":""2026_general_expenditure_03_01_01"",""identity_fields"":{""display_program_name"":""住宅手当緊急特別措置事業"",""hierarchy"":[""民生費"",""社会福祉費"",""社会福祉総務費""],""department_display_name"":""保健福祉政策部 生活福祉課"",""amount_thousand_yen"":46914},""member_programs"":[{""program_id"":""2026_general_expenditure_03_01_01_03_83_01"",""major_program_name"":""その他の社会福祉事業費"",""budget_program_name"":""住宅手当緊急特別措置事業"",""detail_program_name"":""住宅手当緊急特別措置事業"",""source_file"":""ippansaisyutu.csv"",""source_row_number"":9558}],""same_budget_item_other_program_names"":[""ケアハウス整備促進等事業"",""ケアマネジメントの総合的推進"",""ひきこもり対策"",""ボランティア施設改修"",""ボランティア団体等援助"",""移動困難者の移送システム"",""医療的ケア児（者）支援の充実"",""医療的ケア児の笑顔を支える基金積立金"",""介護人材確保・定着支援事業"",""介護保険事業会計繰出金"",""旧軍人等の援護"",""後期高齢者医療会計繰出金"",""行旅病人及死亡人取扱"",""高齢福祉部運営事業"",""高齢福祉部庶務事務"",""国民健康保険事業会計繰出金"",""災害時ボランティア受入体制整備事業"",""社会福祉協議会運営助成"",""社会福祉事業団運営助成"",""社会福祉法人に対する高齢者施設整備助成"",""社会福祉法人に対する障害者施設整備助成"",""社会福祉法人の認可・指導検査"",""終活支援センター運営事業"",""住民税非課税世帯等への価格高騰重点支援給付金支給"",""障害者グループホーム整備助成"",""障害者サービス広報事業"",""障害者差別解消推進"",""障害者施設整備促進等事業"",""障害者福祉施策の計画・調整"",""障害認定審査事務運営"",""障害福祉部庶務事務"",""心身障害者医療費助成"",""世田谷区地域福祉推進事業"",""世田谷保健福祉センター分室維持管理"",""成年後見制度"",""生活安定支援事業"",""生活困窮者自立促進支援事業"",""生活保健事務（烏山）"",""生活保健事務（砧）"",""生活保健事務（玉川）"",""生活保健事務（世田谷）"",""生活保健事務（北沢）"",""専門的人材の確保・養成事業"",""相談員業務（烏山）"",""相談員業務（砧）"",""相談員業務（玉川）"",""相談員業務（世田谷）"",""相談員業務（北沢）"",""地域福祉活動等促進事業"",""地域福祉資源開発事業"",""地域保健福祉審議会の運営"",""地域保健福祉等推進基金積立金"",""地域密着型サービス拠点等整備助成"",""地区高齢者見守りネットワーク事業"",""特定中国残留邦人等支援事業"",""特別区区民葬儀助成事業"",""特別養護老人ホーム等運営支援"",""避難行動要支援者支援の推進"",""福祉資金貸付"",""福祉人材育成・研修センター運営事業"",""保健医療福祉総合プラザ維持運営"",""保健福祉サービス苦情審査会運営"",""保健福祉サービス質の向上の推進"",""保健福祉運営事務（烏山）"",""保健福祉運営事務（砧）"",""保健福祉運営事務（玉川）"",""保健福祉運営事務（世田谷）"",""保健福祉運営事務（北沢）"",""保健福祉政策部運営事業"",""保健福祉政策部庶務事務"",""民生委員等活動"",""路上生活対策事業"",""老人保健施設整備助成""],""related_revenues"":[{""revenue_detail_id"":""rd_2026_general_revenue_13_01_01_31_06_3595200000"",""revenue_hierarchy"":[""国庫支出金"",""国庫負担金"",""民生費負担金"",""生活困窮者自立相談支援事業費等負担金"",""生活困窮者住居確保給付金""],""amount_attribution_status"":""not_available""},{""revenue_detail_id"":""rd_2026_general_revenue_13_01_01_45_02_3595200000"",""revenue_hierarchy"":[""国庫支出金"",""国庫負担金"",""民生費負担金"",""重層的支援体制整備事業"",""生活困窮者自立相談支援事業費（住宅確保）""],""amount_attribution_status"":""not_available""}]}","high","approve","B_strong_structural・確信度highの一括承認ルールにより承認"
"bpi_22044e201e2a5f494b877bf06ef1e6f2b3b9d52ee1690b084f9644fdaf5cc01c","慶祝事業","一般会計","民生費","社会福祉費","高齢者福祉費","高齢福祉部 高齢福祉課","46389","福祉・保健・社会保障を支える行政","supports","公式予算で民生費の社会福祉費または生活保護費に属するため、福祉・社会保障に関する行政機能を支える予算事業として整理した。これはみらい議会の探索用整理であり、区の公式な課題分類ではない。","B_strong_structural","{""matched_rule_id"":""social-welfare-official-hierarchy"",""budget_item_key"":""2026_general_expenditure_03_01_02"",""identity_fields"":{""display_program_name"":""慶祝事業"",""hierarchy"":[""民生費"",""社会福祉費"",""高齢者福祉費""],""department_display_name"":""高齢福祉部 高齢福祉課"",""amount_thousand_yen"":46389},""member_programs"":[{""program_id"":""2026_general_expenditure_03_01_02_05_10_01"",""major_program_name"":""その他の高齢者福祉事業費"",""budget_program_name"":""慶祝事業"",""detail_program_name"":""慶祝事業"",""source_file"":""ippansaisyutu.csv"",""source_row_number"":9639}],""same_budget_item_other_program_names"":[""あんしん見守り事業"",""シニアボランティアポイント事業"",""ひとりぐらし高齢者の安全確保"",""ひとりぐらし高齢者見守り機器補助事業"",""ひとりぐらし高齢者等状況把握"",""一時生活援助施設運営"",""一般介護予防事業"",""介護予防施策推進事業"",""高齢者おむつ支給"",""高齢者コミュニケーションサービス"",""高齢者スマートフォン購入費助成"",""高齢者はり・灸・マッサージサービス"",""高齢者会食サービス"",""高齢者在宅サービスセンター維持管理"",""高齢者住宅改修助成"",""高齢者寝具乾燥・訪問理美容サービス"",""高齢者補聴器購入費助成"",""支えあいミニデイ支援の推進"",""生活支援体制整備事業"",""生計困難者負担軽減事業"",""地域包括支援センター運営委託"",""地域包括支援センター事務委託"",""地域包括支援センター障害者・子育て家庭等相談事業"",""地域包括支援センター認知症社会参加推進事業"",""認知症在宅生活サポートセンター認知症社会参加推進事業"",""認知症施策運営事業"",""福祉緊急対応"",""民生委員ふれあい訪問"",""養護老人ホーム入所措置""],""related_revenues"":[]}","high","approve","B_strong_structural・確信度highの一括承認ルールにより承認"
"bpi_f7d2954f58007fc2550025f5f7aa57178b65a3a25aa88f2eccae5efc18117e42","避難行動要支援者支援の推進","一般会計","民生費","社会福祉費","社会福祉総務費","保健福祉政策部 保福推進課","45642","福祉・保健・社会保障を支える行政","supports","公式予算で民生費の社会福祉費または生活保護費に属するため、福祉・社会保障に関する行政機能を支える予算事業として整理した。これはみらい議会の探索用整理であり、区の公式な課題分類ではない。","B_strong_structural","{""matched_rule_id"":""social-welfare-official-hierarchy"",""budget_item_key"":""2026_general_expenditure_03_01_01"",""identity_fields"":{""display_program_name"":""避難行動要支援者支援の推進"",""hierarchy"":[""民生費"",""社会福祉費"",""社会福祉総務費""],""department_display_name"":""保健福祉政策部 保福推進課"",""amount_thousand_yen"":45642},""member_programs"":[{""program_id"":""2026_general_expenditure_03_01_01_06_02_01"",""major_program_name"":""その他の社会福祉事業費（２）"",""budget_program_name"":""避難行動要支援者支援の推進"",""detail_program_name"":""避難行動要支援者支援の推進"",""source_file"":""ippansaisyutu.csv"",""source_row_number"":9540}],""same_budget_item_other_program_names"":[""ケアハウス整備促進等事業"",""ケアマネジメントの総合的推進"",""ひきこもり対策"",""ボランティア施設改修"",""ボランティア団体等援助"",""移動困難者の移送システム"",""医療的ケア児（者）支援の充実"",""医療的ケア児の笑顔を支える基金積立金"",""介護人材確保・定着支援事業"",""介護保険事業会計繰出金"",""旧軍人等の援護"",""後期高齢者医療会計繰出金"",""行旅病人及死亡人取扱"",""高齢福祉部運営事業"",""高齢福祉部庶務事務"",""国民健康保険事業会計繰出金"",""災害時ボランティア受入体制整備事業"",""社会福祉協議会運営助成"",""社会福祉事業団運営助成"",""社会福祉法人に対する高齢者施設整備助成"",""社会福祉法人に対する障害者施設整備助成"",""社会福祉法人の認可・指導検査"",""終活支援センター運営事業"",""住宅手当緊急特別措置事業"",""住民税非課税世帯等への価格高騰重点支援給付金支給"",""障害者グループホーム整備助成"",""障害者サービス広報事業"",""障害者差別解消推進"",""障害者施設整備促進等事業"",""障害者福祉施策の計画・調整"",""障害認定審査事務運営"",""障害福祉部庶務事務"",""心身障害者医療費助成"",""世田谷区地域福祉推進事業"",""世田谷保健福祉センター分室維持管理"",""成年後見制度"",""生活安定支援事業"",""生活困窮者自立促進支援事業"",""生活保健事務（烏山）"",""生活保健事務（砧）"",""生活保健事務（玉川）"",""生活保健事務（世田谷）"",""生活保健事務（北沢）"",""専門的人材の確保・養成事業"",""相談員業務（烏山）"",""相談員業務（砧）"",""相談員業務（玉川）"",""相談員業務（世田谷）"",""相談員業務（北沢）"",""地域福祉活動等促進事業"",""地域福祉資源開発事業"",""地域保健福祉審議会の運営"",""地域保健福祉等推進基金積立金"",""地域密着型サービス拠点等整備助成"",""地区高齢者見守りネットワーク事業"",""特定中国残留邦人等支援事業"",""特別区区民葬儀助成事業"",""特別養護老人ホーム等運営支援"",""福祉資金貸付"",""福祉人材育成・研修センター運営事業"",""保健医療福祉総合プラザ維持運営"",""保健福祉サービス苦情審査会運営"",""保健福祉サービス質の向上の推進"",""保健福祉運営事務（烏山）"",""保健福祉運営事務（砧）"",""保健福祉運営事務（玉川）"",""保健福祉運営事務（世田谷）"",""保健福祉運営事務（北沢）"",""保健福祉政策部運営事業"",""保健福祉政策部庶務事務"",""民生委員等活動"",""路上生活対策事業"",""老人保健施設整備助成""],""related_revenues"":[{""revenue_detail_id"":""rd_2026_general_revenue_14_02_02_60_64_3595150000"",""revenue_hierarchy"":[""都支出金"",""都補助金"",""民生費補助金"",""地域福祉推進区市町村包括補助事業"",""災害時要配慮者支援体制の整備""],""amount_attribution_status"":""not_available""}]}","high","approve","B_strong_structural・確信度highの一括承認ルールにより承認"
"bpi_bfa673964bc0e45fbcadbde15b82b585b4c949a022d9038f050b7b1571a6a694","特定中国残留邦人等支援事業","一般会計","民生費","社会福祉費","社会福祉総務費","保健福祉政策部 生活福祉課","45611","福祉・保健・社会保障を支える行政","supports","公式予算で民生費の社会福祉費または生活保護費に属するため、福祉・社会保障に関する行政機能を支える予算事業として整理した。これはみらい議会の探索用整理であり、区の公式な課題分類ではない。","B_strong_structural","{""matched_rule_id"":""social-welfare-official-hierarchy"",""budget_item_key"":""2026_general_expenditure_03_01_01"",""identity_fields"":{""display_program_name"":""特定中国残留邦人等支援事業"",""hierarchy"":[""民生費"",""社会福祉費"",""社会福祉総務費""],""department_display_name"":""保健福祉政策部 生活福祉課"",""amount_thousand_yen"":45611},""member_programs"":[{""program_id"":""2026_general_expenditure_03_01_01_03_73_01"",""major_program_name"":""その他の社会福祉事業費"",""budget_program_name"":""特定中国残留邦人等支援事業"",""detail_program_name"":""特定中国残留邦人等支援事業"",""source_file"":""ippansaisyutu.csv"",""source_row_number"":9555}],""same_budget_item_other_program_names"":[""ケアハウス整備促進等事業"",""ケアマネジメントの総合的推進"",""ひきこもり対策"",""ボランティア施設改修"",""ボランティア団体等援助"",""移動困難者の移送システム"",""医療的ケア児（者）支援の充実"",""医療的ケア児の笑顔を支える基金積立金"",""介護人材確保・定着支援事業"",""介護保険事業会計繰出金"",""旧軍人等の援護"",""後期高齢者医療会計繰出金"",""行旅病人及死亡人取扱"",""高齢福祉部運営事業"",""高齢福祉部庶務事務"",""国民健康保険事業会計繰出金"",""災害時ボランティア受入体制整備事業"",""社会福祉協議会運営助成"",""社会福祉事業団運営助成"",""社会福祉法人に対する高齢者施設整備助成"",""社会福祉法人に対する障害者施設整備助成"",""社会福祉法人の認可・指導検査"",""終活支援センター運営事業"",""住宅手当緊急特別措置事業"",""住民税非課税世帯等への価格高騰重点支援給付金支給"",""障害者グループホーム整備助成"",""障害者サービス広報事業"",""障害者差別解消推進"",""障害者施設整備促進等事業"",""障害者福祉施策の計画・調整"",""障害認定審査事務運営"",""障害福祉部庶務事務"",""心身障害者医療費助成"",""世田谷区地域福祉推進事業"",""世田谷保健福祉センター分室維持管理"",""成年後見制度"",""生活安定支援事業"",""生活困窮者自立促進支援事業"",""生活保健事務（烏山）"",""生活保健事務（砧）"",""生活保健事務（玉川）"",""生活保健事務（世田谷）"",""生活保健事務（北沢）"",""専門的人材の確保・養成事業"",""相談員業務（烏山）"",""相談員業務（砧）"",""相談員業務（玉川）"",""相談員業務（世田谷）"",""相談員業務（北沢）"",""地域福祉活動等促進事業"",""地域福祉資源開発事業"",""地域保健福祉審議会の運営"",""地域保健福祉等推進基金積立金"",""地域密着型サービス拠点等整備助成"",""地区高齢者見守りネットワーク事業"",""特別区区民葬儀助成事業"",""特別養護老人ホーム等運営支援"",""避難行動要支援者支援の推進"",""福祉資金貸付"",""福祉人材育成・研修センター運営事業"",""保健医療福祉総合プラザ維持運営"",""保健福祉サービス苦情審査会運営"",""保健福祉サービス質の向上の推進"",""保健福祉運営事務（烏山）"",""保健福祉運営事務（砧）"",""保健福祉運営事務（玉川）"",""保健福祉運営事務（世田谷）"",""保健福祉運営事務（北沢）"",""保健福祉政策部運営事業"",""保健福祉政策部庶務事務"",""民生委員等活動"",""路上生活対策事業"",""老人保健施設整備助成""],""related_revenues"":[{""revenue_detail_id"":""rd_2026_general_revenue_13_01_01_23_02_3595200000"",""revenue_hierarchy"":[""国庫支出金"",""国庫負担金"",""民生費負担金"",""特定中国残留邦人等支援事業"",""特定中国残留邦人等支援事業費（生活扶助費等）""],""amount_attribution_status"":""not_available""},{""revenue_detail_id"":""rd_2026_general_revenue_13_01_01_23_03_3595200000"",""revenue_hierarchy"":[""国庫支出金"",""国庫負担金"",""民生費負担金"",""特定中国残留邦人等支援事業"",""特定中国残留邦人等支援事業費（医療扶助費等）""],""amount_attribution_status"":""not_available""},{""revenue_detail_id"":""rd_2026_general_revenue_13_01_01_23_04_3595200000"",""revenue_hierarchy"":[""国庫支出金"",""国庫負担金"",""民生費負担金"",""特定中国残留邦人等支援事業"",""特定中国残留邦人等支援事業費（介護扶助費等）""],""amount_attribution_status"":""not_available""},{""revenue_detail_id"":""rd_2026_general_revenue_13_02_01_56_03_3595200000"",""revenue_hierarchy"":[""国庫支出金"",""国庫補助金"",""民生費補助金"",""生活困窮者就労準備支援事業費等補助金"",""中国残留邦人等地域生活支援事業""],""amount_attribution_status"":""not_available""},{""revenue_detail_id"":""rd_2026_general_revenue_13_03_01_05_01_3595200000"",""revenue_hierarchy"":[""国庫支出金"",""国庫委託金"",""民生費委託金"",""特定中国残留邦人等支援事業"",""特定中国残留邦人等支援事業費""],""amount_attribution_status"":""not_available""},{""revenue_detail_id"":""rd_2026_general_revenue_19_06_01_05_01_3595200000"",""revenue_hierarchy"":[""諸収入"",""雑入"",""弁償金"",""特定中国残留邦人等に係る支援給付"",""特定中国残留邦人等に係る支援給付費の弁償金""],""amount_attribution_status"":""not_available""},{""revenue_detail_id"":""rd_2026_general_revenue_19_06_09_52_08_3595200000"",""revenue_hierarchy"":[""諸収入"",""雑入"",""雑入"",""返還金・戻入金（２）"",""特定中国残留邦人等に係る支援給付費""],""amount_attribution_status"":""not_available""}]}","high","approve","B_strong_structural・確信度highの一括承認ルールにより承認"
"bpi_234f820a3434b1f4f2aaa08533f1a35cba5c4a72c07ca2ff7f2aefb5855c2963","生計困難者負担軽減事業","一般会計","民生費","社会福祉費","高齢者福祉費","高齢福祉部 介護保険課","45125","福祉・保健・社会保障を支える行政","supports","公式予算で民生費の社会福祉費または生活保護費に属するため、福祉・社会保障に関する行政機能を支える予算事業として整理した。これはみらい議会の探索用整理であり、区の公式な課題分類ではない。","B_strong_structural","{""matched_rule_id"":""social-welfare-official-hierarchy"",""budget_item_key"":""2026_general_expenditure_03_01_02"",""identity_fields"":{""display_program_name"":""生計困難者負担軽減事業"",""hierarchy"":[""民生費"",""社会福祉費"",""高齢者福祉費""],""department_display_name"":""高齢福祉部 介護保険課"",""amount_thousand_yen"":45125},""member_programs"":[{""program_id"":""2026_general_expenditure_03_01_02_07_01_01"",""major_program_name"":""生計困難者利用者負担軽減事業"",""budget_program_name"":""生計困難者負担軽減事業"",""detail_program_name"":""生計困難者負担軽減事業"",""source_file"":""ippansaisyutu.csv"",""source_row_number"":9650}],""same_budget_item_other_program_names"":[""あんしん見守り事業"",""シニアボランティアポイント事業"",""ひとりぐらし高齢者の安全確保"",""ひとりぐらし高齢者見守り機器補助事業"",""ひとりぐらし高齢者等状況把握"",""一時生活援助施設運営"",""一般介護予防事業"",""介護予防施策推進事業"",""慶祝事業"",""高齢者おむつ支給"",""高齢者コミュニケーションサービス"",""高齢者スマートフォン購入費助成"",""高齢者はり・灸・マッサージサービス"",""高齢者会食サービス"",""高齢者在宅サービスセンター維持管理"",""高齢者住宅改修助成"",""高齢者寝具乾燥・訪問理美容サービス"",""高齢者補聴器購入費助成"",""支えあいミニデイ支援の推進"",""生活支援体制整備事業"",""地域包括支援センター運営委託"",""地域包括支援センター事務委託"",""地域包括支援センター障害者・子育て家庭等相談事業"",""地域包括支援センター認知症社会参加推進事業"",""認知症在宅生活サポートセンター認知症社会参加推進事業"",""認知症施策運営事業"",""福祉緊急対応"",""民生委員ふれあい訪問"",""養護老人ホーム入所措置""],""related_revenues"":[{""revenue_detail_id"":""rd_2026_general_revenue_14_02_02_01_89_3645200000"",""revenue_hierarchy"":[""都支出金"",""都補助金"",""民生費補助金"",""老人福祉諸費"",""介護保険利用者負担軽減補助""],""amount_attribution_status"":""not_available""}]}","high","approve","B_strong_structural・確信度highの一括承認ルールにより承認"
"bpi_4ff711d08b714e4254a287a54ef3c1a135f8ef897ab3bfa94f5545b068c987b5","高齢者補聴器購入費助成","一般会計","民生費","社会福祉費","高齢者福祉費","高齢福祉部 高齢福祉課","44956","福祉・保健・社会保障を支える行政","supports","公式予算で民生費の社会福祉費または生活保護費に属するため、福祉・社会保障に関する行政機能を支える予算事業として整理した。これはみらい議会の探索用整理であり、区の公式な課題分類ではない。","B_strong_structural","{""matched_rule_id"":""social-welfare-official-hierarchy"",""budget_item_key"":""2026_general_expenditure_03_01_02"",""identity_fields"":{""display_program_name"":""高齢者補聴器購入費助成"",""hierarchy"":[""民生費"",""社会福祉費"",""高齢者福祉費""],""department_display_name"":""高齢福祉部 高齢福祉課"",""amount_thousand_yen"":44956},""member_programs"":[{""program_id"":""2026_general_expenditure_03_01_02_03_12_01"",""major_program_name"":""交流・社会参加促進のための事業費"",""budget_program_name"":""高齢者補聴器購入費助成"",""detail_program_name"":""高齢者補聴器購入費助成"",""source_file"":""ippansaisyutu.csv"",""source_row_number"":9629}],""same_budget_item_other_program_names"":[""あんしん見守り事業"",""シニアボランティアポイント事業"",""ひとりぐらし高齢者の安全確保"",""ひとりぐらし高齢者見守り機器補助事業"",""ひとりぐらし高齢者等状況把握"",""一時生活援助施設運営"",""一般介護予防事業"",""介護予防施策推進事業"",""慶祝事業"",""高齢者おむつ支給"",""高齢者コミュニケーションサービス"",""高齢者スマートフォン購入費助成"",""高齢者はり・灸・マッサージサービス"",""高齢者会食サービス"",""高齢者在宅サービスセンター維持管理"",""高齢者住宅改修助成"",""高齢者寝具乾燥・訪問理美容サービス"",""支えあいミニデイ支援の推進"",""生活支援体制整備事業"",""生計困難者負担軽減事業"",""地域包括支援センター運営委託"",""地域包括支援センター事務委託"",""地域包括支援センター障害者・子育て家庭等相談事業"",""地域包括支援センター認知症社会参加推進事業"",""認知症在宅生活サポートセンター認知症社会参加推進事業"",""認知症施策運営事業"",""福祉緊急対応"",""民生委員ふれあい訪問"",""養護老人ホーム入所措置""],""related_revenues"":[{""revenue_detail_id"":""rd_2026_general_revenue_14_02_08_60_01_3645100000"",""revenue_hierarchy"":[""都支出金"",""都補助金"",""民生費補助金（２）"",""高齢者聞こえのコミュニケーション支援事業"",""高齢者補聴器購入費助成""],""amount_attribution_status"":""not_available""}]}","high","approve","B_strong_structural・確信度highの一括承認ルールにより承認"
"bpi_e8e191db019ff1826724cc4ac0bb5bede3f62c8a134267e6d476e6a1ab029013","乳児期家庭（新生児）訪問事業","一般会計","衛生費","公衆衛生費","母子保健費","世田谷保健所 健康推進課","44275","福祉・保健・社会保障を支える行政","supports","公式予算で衛生費に属するため、保健・公衆衛生に関する行政機能を支える予算事業として整理した。","B_strong_structural","{""matched_rule_id"":""public-health-official-hierarchy"",""budget_item_key"":""2026_general_expenditure_05_03_05"",""identity_fields"":{""display_program_name"":""乳児期家庭（新生児）訪問事業"",""hierarchy"":[""衛生費"",""公衆衛生費"",""母子保健費""],""department_display_name"":""世田谷保健所 健康推進課"",""amount_thousand_yen"":44275},""member_programs"":[{""program_id"":""2026_general_expenditure_05_03_05_01_13_01"",""major_program_name"":""母子保健指導事業費"",""budget_program_name"":""乳児期家庭（新生児）訪問事業"",""detail_program_name"":""乳児期家庭（新生児）訪問事業"",""source_file"":""ippansaisyutu.csv"",""source_row_number"":9907}],""same_budget_item_other_program_names"":[""アレルギー疾患相談"",""リプロダクティブ・ヘルス／ライツの周知啓発"",""育児不安・児童虐待防止対策"",""小児慢性特定疾病医療費給付"",""地域と連携した両親学級の充実"",""乳幼児健康診査"",""乳幼児歯科健康診査"",""妊産婦及び乳幼児への栄養・食生活支援事業"",""妊産婦及び乳幼児健康診査"",""妊婦健康診査"",""保健福祉センター乳幼児健康診査"",""保健福祉センター乳幼児歯科健康診査"",""母子保健知識等の普及と啓発"",""未熟児等に対する医療費公費負担""],""related_revenues"":[{""revenue_detail_id"":""rd_2026_general_revenue_13_02_01_54_28_3785200000"",""revenue_hierarchy"":[""国庫支出金"",""国庫補助金"",""民生費補助金"",""地域子ども・子育て支援事業"",""乳児家庭全戸訪問事業""],""amount_attribution_status"":""not_available""},{""revenue_detail_id"":""rd_2026_general_revenue_14_02_02_92_28_3785200000"",""revenue_hierarchy"":[""都支出金"",""都補助金"",""民生費補助金"",""地域子ども・子育て支援事業"",""乳児家庭全戸訪問事業""],""amount_attribution_status"":""not_available""}]}","high","approve","B_strong_structural・確信度highの一括承認ルールにより承認"
"bpi_34b03f75119ccb780953439dd183ea67af99e552a11b058a7e4eaffa8a9e2678","社会福祉法人に対する高齢者施設整備助成","一般会計","民生費","社会福祉費","社会福祉総務費","高齢福祉部 高齢福祉課","43448","福祉・保健・社会保障を支える行政","supports","公式予算で民生費の社会福祉費または生活保護費に属するため、福祉・社会保障に関する行政機能を支える予算事業として整理した。これはみらい議会の探索用整理であり、区の公式な課題分類ではない。","B_strong_structural","{""matched_rule_id"":""social-welfare-official-hierarchy"",""budget_item_key"":""2026_general_expenditure_03_01_01"",""identity_fields"":{""display_program_name"":""社会福祉法人に対する高齢者施設整備助成"",""hierarchy"":[""民生費"",""社会福祉費"",""社会福祉総務費""],""department_display_name"":""高齢福祉部 高齢福祉課"",""amount_thousand_yen"":43448},""member_programs"":[{""program_id"":""2026_general_expenditure_03_01_01_03_24_01"",""major_program_name"":""その他の社会福祉事業費"",""budget_program_name"":""社会福祉法人に対する高齢者施設整備助成"",""detail_program_name"":""社会福祉法人に対する高齢者施設整備助成"",""source_file"":""ippansaisyutu.csv"",""source_row_number"":9616}],""same_budget_item_other_program_names"":[""ケアハウス整備促進等事業"",""ケアマネジメントの総合的推進"",""ひきこもり対策"",""ボランティア施設改修"",""ボランティア団体等援助"",""移動困難者の移送システム"",""医療的ケア児（者）支援の充実"",""医療的ケア児の笑顔を支える基金積立金"",""介護人材確保・定着支援事業"",""介護保険事業会計繰出金"",""旧軍人等の援護"",""後期高齢者医療会計繰出金"",""行旅病人及死亡人取扱"",""高齢福祉部運営事業"",""高齢福祉部庶務事務"",""国民健康保険事業会計繰出金"",""災害時ボランティア受入体制整備事業"",""社会福祉協議会運営助成"",""社会福祉事業団運営助成"",""社会福祉法人に対する障害者施設整備助成"",""社会福祉法人の認可・指導検査"",""終活支援センター運営事業"",""住宅手当緊急特別措置事業"",""住民税非課税世帯等への価格高騰重点支援給付金支給"",""障害者グループホーム整備助成"",""障害者サービス広報事業"",""障害者差別解消推進"",""障害者施設整備促進等事業"",""障害者福祉施策の計画・調整"",""障害認定審査事務運営"",""障害福祉部庶務事務"",""心身障害者医療費助成"",""世田谷区地域福祉推進事業"",""世田谷保健福祉センター分室維持管理"",""成年後見制度"",""生活安定支援事業"",""生活困窮者自立促進支援事業"",""生活保健事務（烏山）"",""生活保健事務（砧）"",""生活保健事務（玉川）"",""生活保健事務（世田谷）"",""生活保健事務（北沢）"",""専門的人材の確保・養成事業"",""相談員業務（烏山）"",""相談員業務（砧）"",""相談員業務（玉川）"",""相談員業務（世田谷）"",""相談員業務（北沢）"",""地域福祉活動等促進事業"",""地域福祉資源開発事業"",""地域保健福祉審議会の運営"",""地域保健福祉等推進基金積立金"",""地域密着型サービス拠点等整備助成"",""地区高齢者見守りネットワーク事業"",""特定中国残留邦人等支援事業"",""特別区区民葬儀助成事業"",""特別養護老人ホーム等運営支援"",""避難行動要支援者支援の推進"",""福祉資金貸付"",""福祉人材育成・研修センター運営事業"",""保健医療福祉総合プラザ維持運営"",""保健福祉サービス苦情審査会運営"",""保健福祉サービス質の向上の推進"",""保健福祉運営事務（烏山）"",""保健福祉運営事務（砧）"",""保健福祉運営事務（玉川）"",""保健福祉運営事務（世田谷）"",""保健福祉運営事務（北沢）"",""保健福祉政策部運営事業"",""保健福祉政策部庶務事務"",""民生委員等活動"",""路上生活対策事業"",""老人保健施設整備助成""],""related_revenues"":[]}","high","approve","B_strong_structural・確信度highの一括承認ルールにより承認"
"bpi_154d5abacbbee603eb0df66bb6fef5df3d42bb779bf474cd1b2ae02ce09b43ef","第１号被保険者保険料還付金","介護保険事業会計","諸支出金","償還金及還付加算金","第１号被保険者保険料還付金及還付加算金","高齢福祉部 介護保険課","43385","福祉・保健・社会保障を支える行政","supports","公式予算で国民健康保険、後期高齢者医療、介護保険の特別会計に属するため、社会保障に関する行政機能を支える予算事業として整理した。","B_strong_structural","{""matched_rule_id"":""social-insurance-accounts-official-hierarchy"",""budget_item_key"":""2026_long_term_care_insurance_expenditure_48_01_04"",""identity_fields"":{""display_program_name"":""第１号被保険者保険料還付金"",""hierarchy"":[""諸支出金"",""償還金及還付加算金"",""第１号被保険者保険料還付金及還付加算金""],""department_display_name"":""高齢福祉部 介護保険課"",""amount_thousand_yen"":43385},""member_programs"":[{""program_id"":""2026_long_term_care_insurance_expenditure_48_01_04_01_01_01"",""major_program_name"":""第１号被保険者保険料過誤納還付金及還付加算金"",""budget_program_name"":""第１号被保険者保険料還付金"",""detail_program_name"":""第１号被保険者保険料還付金"",""source_file"":""ippansaisyutu.csv"",""source_row_number"":9676}],""same_budget_item_other_program_names"":[""第１号被保険者保険料延滞金還付金"",""第１号被保険者保険料還付加算金""],""related_revenues"":[{""revenue_detail_id"":""rd_2026_long_term_care_insurance_revenue_41_01_01_03_52_3645200000"",""revenue_hierarchy"":[""保険料"",""介護保険料"",""第１号被保険者保険料"",""滞納繰越分普通徴収分"",""第１号被保険者保険料還付金""],""amount_attribution_status"":""not_available""},{""revenue_detail_id"":""rd_2026_long_term_care_insurance_revenue_49_01_01_01_10_3645200000"",""revenue_hierarchy"":[""繰越金"",""繰越金"",""繰越金"",""繰越金"",""第１号被保険者保険料還付金""],""amount_attribution_status"":""not_available""}]}","high","approve","B_strong_structural・確信度highの一括承認ルールにより承認"
"bpi_a33d743660c3da7742fdcb1d17202433abc28ca5689e0a3cc242d738d47e278a","災害時ボランティア受入体制整備事業","一般会計","民生費","社会福祉費","社会福祉総務費","保健福祉政策部 生活福祉課","43366","福祉・保健・社会保障を支える行政","supports","公式予算で民生費の社会福祉費または生活保護費に属するため、福祉・社会保障に関する行政機能を支える予算事業として整理した。これはみらい議会の探索用整理であり、区の公式な課題分類ではない。","B_strong_structural","{""matched_rule_id"":""social-welfare-official-hierarchy"",""budget_item_key"":""2026_general_expenditure_03_01_01"",""identity_fields"":{""display_program_name"":""災害時ボランティア受入体制整備事業"",""hierarchy"":[""民生費"",""社会福祉費"",""社会福祉総務費""],""department_display_name"":""保健福祉政策部 生活福祉課"",""amount_thousand_yen"":43366},""member_programs"":[{""program_id"":""2026_general_expenditure_03_01_01_06_04_01"",""major_program_name"":""その他の社会福祉事業費（２）"",""budget_program_name"":""災害時ボランティア受入体制整備事業"",""detail_program_name"":""災害時ボランティア受入体制整備事業"",""source_file"":""ippansaisyutu.csv"",""source_row_number"":9562}],""same_budget_item_other_program_names"":[""ケアハウス整備促進等事業"",""ケアマネジメントの総合的推進"",""ひきこもり対策"",""ボランティア施設改修"",""ボランティア団体等援助"",""移動困難者の移送システム"",""医療的ケア児（者）支援の充実"",""医療的ケア児の笑顔を支える基金積立金"",""介護人材確保・定着支援事業"",""介護保険事業会計繰出金"",""旧軍人等の援護"",""後期高齢者医療会計繰出金"",""行旅病人及死亡人取扱"",""高齢福祉部運営事業"",""高齢福祉部庶務事務"",""国民健康保険事業会計繰出金"",""社会福祉協議会運営助成"",""社会福祉事業団運営助成"",""社会福祉法人に対する高齢者施設整備助成"",""社会福祉法人に対する障害者施設整備助成"",""社会福祉法人の認可・指導検査"",""終活支援センター運営事業"",""住宅手当緊急特別措置事業"",""住民税非課税世帯等への価格高騰重点支援給付金支給"",""障害者グループホーム整備助成"",""障害者サービス広報事業"",""障害者差別解消推進"",""障害者施設整備促進等事業"",""障害者福祉施策の計画・調整"",""障害認定審査事務運営"",""障害福祉部庶務事務"",""心身障害者医療費助成"",""世田谷区地域福祉推進事業"",""世田谷保健福祉センター分室維持管理"",""成年後見制度"",""生活安定支援事業"",""生活困窮者自立促進支援事業"",""生活保健事務（烏山）"",""生活保健事務（砧）"",""生活保健事務（玉川）"",""生活保健事務（世田谷）"",""生活保健事務（北沢）"",""専門的人材の確保・養成事業"",""相談員業務（烏山）"",""相談員業務（砧）"",""相談員業務（玉川）"",""相談員業務（世田谷）"",""相談員業務（北沢）"",""地域福祉活動等促進事業"",""地域福祉資源開発事業"",""地域保健福祉審議会の運営"",""地域保健福祉等推進基金積立金"",""地域密着型サービス拠点等整備助成"",""地区高齢者見守りネットワーク事業"",""特定中国残留邦人等支援事業"",""特別区区民葬儀助成事業"",""特別養護老人ホーム等運営支援"",""避難行動要支援者支援の推進"",""福祉資金貸付"",""福祉人材育成・研修センター運営事業"",""保健医療福祉総合プラザ維持運営"",""保健福祉サービス苦情審査会運営"",""保健福祉サービス質の向上の推進"",""保健福祉運営事務（烏山）"",""保健福祉運営事務（砧）"",""保健福祉運営事務（玉川）"",""保健福祉運営事務（世田谷）"",""保健福祉運営事務（北沢）"",""保健福祉政策部運営事業"",""保健福祉政策部庶務事務"",""民生委員等活動"",""路上生活対策事業"",""老人保健施設整備助成""],""related_revenues"":[]}","high","approve","B_strong_structural・確信度highの一括承認ルールにより承認"
"bpi_84a23e6925cb1aa7cb381459d03059ce063aef2577bc9ae9f50c4dfe65b2cf96","保健福祉センター乳幼児歯科健康診査","一般会計","衛生費","公衆衛生費","母子保健費","世田谷保健所 健康推進課","43121","福祉・保健・社会保障を支える行政","supports","公式予算で衛生費に属するため、保健・公衆衛生に関する行政機能を支える予算事業として整理した。","B_strong_structural","{""matched_rule_id"":""public-health-official-hierarchy"",""budget_item_key"":""2026_general_expenditure_05_03_05"",""identity_fields"":{""display_program_name"":""保健福祉センター乳幼児歯科健康診査"",""hierarchy"":[""衛生費"",""公衆衛生費"",""母子保健費""],""department_display_name"":""世田谷保健所 健康推進課"",""amount_thousand_yen"":43121},""member_programs"":[{""program_id"":""2026_general_expenditure_05_03_05_01_07_01"",""major_program_name"":""母子保健指導事業費"",""budget_program_name"":""保健福祉センター乳幼児歯科健康診査"",""detail_program_name"":""保健福祉センター乳幼児歯科健康診査"",""source_file"":""ippansaisyutu.csv"",""source_row_number"":9903}],""same_budget_item_other_program_names"":[""アレルギー疾患相談"",""リプロダクティブ・ヘルス／ライツの周知啓発"",""育児不安・児童虐待防止対策"",""小児慢性特定疾病医療費給付"",""地域と連携した両親学級の充実"",""乳児期家庭（新生児）訪問事業"",""乳幼児健康診査"",""乳幼児歯科健康診査"",""妊産婦及び乳幼児への栄養・食生活支援事業"",""妊産婦及び乳幼児健康診査"",""妊婦健康診査"",""保健福祉センター乳幼児健康診査"",""母子保健知識等の普及と啓発"",""未熟児等に対する医療費公費負担""],""related_revenues"":[]}","high","approve","B_strong_structural・確信度highの一括承認ルールにより承認"
"bpi_14ecfdbbe9dbb3107004ffa8144d3bf0b91f75fc59422763fe891f9e30908b73","資格管理・賦課・収納事務","介護保険事業会計","総務費","総務管理費","一般管理費","高齢福祉部 介護保険課","42524","福祉・保健・社会保障を支える行政","supports","公式予算で国民健康保険、後期高齢者医療、介護保険の特別会計に属するため、社会保障に関する行政機能を支える予算事業として整理した。","B_strong_structural","{""matched_rule_id"":""social-insurance-accounts-official-hierarchy"",""budget_item_key"":""2026_long_term_care_insurance_expenditure_41_01_01"",""identity_fields"":{""display_program_name"":""資格管理・賦課・収納事務"",""hierarchy"":[""総務費"",""総務管理費"",""一般管理費""],""department_display_name"":""高齢福祉部 介護保険課"",""amount_thousand_yen"":42524},""member_programs"":[{""program_id"":""2026_long_term_care_insurance_expenditure_41_01_01_01_04_01"",""major_program_name"":""一般管理費"",""budget_program_name"":""資格管理・賦課・収納事務"",""detail_program_name"":""資格管理・賦課・収納事務"",""source_file"":""ippansaisyutu.csv"",""source_row_number"":9653}],""same_budget_item_other_program_names"":[""介護保険事業管理運営""],""related_revenues"":[{""revenue_detail_id"":""rd_2026_long_term_care_insurance_revenue_48_01_02_02_09_3645200000"",""revenue_hierarchy"":[""繰入金"",""一般会計繰入金"",""その他一般会計繰入金"",""事務費繰入金"",""資格管理・賦課・収納事務""],""amount_attribution_status"":""not_available""}]}","high","approve","B_strong_structural・確信度highの一括承認ルールにより承認"
"bpi_fd8fda780e6171e66868717ab2d1cd7c47adf41c2de5a88c416f4ae51c158d5c","医療的ケア児（者）支援の充実","一般会計","民生費","社会福祉費","社会福祉総務費","障害福祉部 障害保健福祉課","41748","福祉・保健・社会保障を支える行政","supports","公式予算で民生費の社会福祉費または生活保護費に属するため、福祉・社会保障に関する行政機能を支える予算事業として整理した。これはみらい議会の探索用整理であり、区の公式な課題分類ではない。","B_strong_structural","{""matched_rule_id"":""social-welfare-official-hierarchy"",""budget_item_key"":""2026_general_expenditure_03_01_01"",""identity_fields"":{""display_program_name"":""医療的ケア児（者）支援の充実"",""hierarchy"":[""民生費"",""社会福祉費"",""社会福祉総務費""],""department_display_name"":""障害福祉部 障害保健福祉課"",""amount_thousand_yen"":41748},""member_programs"":[{""program_id"":""2026_general_expenditure_03_01_01_06_07_01"",""major_program_name"":""その他の社会福祉事業費（２）"",""budget_program_name"":""医療的ケア児（者）支援の充実"",""detail_program_name"":""医療的ケア児（者）支援の充実"",""source_file"":""ippansaisyutu.csv"",""source_row_number"":9756}],""same_budget_item_other_program_names"":[""ケアハウス整備促進等事業"",""ケアマネジメントの総合的推進"",""ひきこもり対策"",""ボランティア施設改修"",""ボランティア団体等援助"",""移動困難者の移送システム"",""医療的ケア児の笑顔を支える基金積立金"",""介護人材確保・定着支援事業"",""介護保険事業会計繰出金"",""旧軍人等の援護"",""後期高齢者医療会計繰出金"",""行旅病人及死亡人取扱"",""高齢福祉部運営事業"",""高齢福祉部庶務事務"",""国民健康保険事業会計繰出金"",""災害時ボランティア受入体制整備事業"",""社会福祉協議会運営助成"",""社会福祉事業団運営助成"",""社会福祉法人に対する高齢者施設整備助成"",""社会福祉法人に対する障害者施設整備助成"",""社会福祉法人の認可・指導検査"",""終活支援センター運営事業"",""住宅手当緊急特別措置事業"",""住民税非課税世帯等への価格高騰重点支援給付金支給"",""障害者グループホーム整備助成"",""障害者サービス広報事業"",""障害者差別解消推進"",""障害者施設整備促進等事業"",""障害者福祉施策の計画・調整"",""障害認定審査事務運営"",""障害福祉部庶務事務"",""心身障害者医療費助成"",""世田谷区地域福祉推進事業"",""世田谷保健福祉センター分室維持管理"",""成年後見制度"",""生活安定支援事業"",""生活困窮者自立促進支援事業"",""生活保健事務（烏山）"",""生活保健事務（砧）"",""生活保健事務（玉川）"",""生活保健事務（世田谷）"",""生活保健事務（北沢）"",""専門的人材の確保・養成事業"",""相談員業務（烏山）"",""相談員業務（砧）"",""相談員業務（玉川）"",""相談員業務（世田谷）"",""相談員業務（北沢）"",""地域福祉活動等促進事業"",""地域福祉資源開発事業"",""地域保健福祉審議会の運営"",""地域保健福祉等推進基金積立金"",""地域密着型サービス拠点等整備助成"",""地区高齢者見守りネットワーク事業"",""特定中国残留邦人等支援事業"",""特別区区民葬儀助成事業"",""特別養護老人ホーム等運営支援"",""避難行動要支援者支援の推進"",""福祉資金貸付"",""福祉人材育成・研修センター運営事業"",""保健医療福祉総合プラザ維持運営"",""保健福祉サービス苦情審査会運営"",""保健福祉サービス質の向上の推進"",""保健福祉運営事務（烏山）"",""保健福祉運営事務（砧）"",""保健福祉運営事務（玉川）"",""保健福祉運営事務（世田谷）"",""保健福祉運営事務（北沢）"",""保健福祉政策部運営事業"",""保健福祉政策部庶務事務"",""民生委員等活動"",""路上生活対策事業"",""老人保健施設整備助成""],""related_revenues"":[{""revenue_detail_id"":""rd_2026_general_revenue_14_02_02_40_52_3655300000"",""revenue_hierarchy"":[""都支出金"",""都補助金"",""民生費補助金"",""保健医療政策区市町村包括補助事業費"",""医療連携推進協議会""],""amount_attribution_status"":""not_available""},{""revenue_detail_id"":""rd_2026_general_revenue_17_01_46_01_01_3655300000"",""revenue_hierarchy"":[""繰入金"",""基金繰入金"",""医療的ケア児の笑顔を支える基金繰入金"",""医療的ケア児の笑顔を支える基金"",""医療的ケア児の笑顔を支える基金""],""amount_attribution_status"":""not_available""}]}","high","approve","B_strong_structural・確信度highの一括承認ルールにより承認"
"bpi_ce206546ffe54b616fcf76bef029d2fe7a391b692116062b14f73be8c077b8a5","保健福祉政策部運営事業","一般会計","民生費","社会福祉費","社会福祉総務費","保健福祉政策部 保健福祉政策課","41500","福祉・保健・社会保障を支える行政","supports","公式予算で民生費の社会福祉費または生活保護費に属するため、福祉・社会保障に関する行政機能を支える予算事業として整理した。これはみらい議会の探索用整理であり、区の公式な課題分類ではない。","B_strong_structural","{""matched_rule_id"":""social-welfare-official-hierarchy"",""budget_item_key"":""2026_general_expenditure_03_01_01"",""identity_fields"":{""display_program_name"":""保健福祉政策部運営事業"",""hierarchy"":[""民生費"",""社会福祉費"",""社会福祉総務費""],""department_display_name"":""保健福祉政策部 保健福祉政策課"",""amount_thousand_yen"":41500},""member_programs"":[{""program_id"":""2026_general_expenditure_03_01_01_06_13_01"",""major_program_name"":""その他の社会福祉事業費（２）"",""budget_program_name"":""保健福祉政策部運営事業"",""detail_program_name"":""保健福祉政策部運営事業"",""source_file"":""ippansaisyutu.csv"",""source_row_number"":9534}],""same_budget_item_other_program_names"":[""ケアハウス整備促進等事業"",""ケアマネジメントの総合的推進"",""ひきこもり対策"",""ボランティア施設改修"",""ボランティア団体等援助"",""移動困難者の移送システム"",""医療的ケア児（者）支援の充実"",""医療的ケア児の笑顔を支える基金積立金"",""介護人材確保・定着支援事業"",""介護保険事業会計繰出金"",""旧軍人等の援護"",""後期高齢者医療会計繰出金"",""行旅病人及死亡人取扱"",""高齢福祉部運営事業"",""高齢福祉部庶務事務"",""国民健康保険事業会計繰出金"",""災害時ボランティア受入体制整備事業"",""社会福祉協議会運営助成"",""社会福祉事業団運営助成"",""社会福祉法人に対する高齢者施設整備助成"",""社会福祉法人に対する障害者施設整備助成"",""社会福祉法人の認可・指導検査"",""終活支援センター運営事業"",""住宅手当緊急特別措置事業"",""住民税非課税世帯等への価格高騰重点支援給付金支給"",""障害者グループホーム整備助成"",""障害者サービス広報事業"",""障害者差別解消推進"",""障害者施設整備促進等事業"",""障害者福祉施策の計画・調整"",""障害認定審査事務運営"",""障害福祉部庶務事務"",""心身障害者医療費助成"",""世田谷区地域福祉推進事業"",""世田谷保健福祉センター分室維持管理"",""成年後見制度"",""生活安定支援事業"",""生活困窮者自立促進支援事業"",""生活保健事務（烏山）"",""生活保健事務（砧）"",""生活保健事務（玉川）"",""生活保健事務（世田谷）"",""生活保健事務（北沢）"",""専門的人材の確保・養成事業"",""相談員業務（烏山）"",""相談員業務（砧）"",""相談員業務（玉川）"",""相談員業務（世田谷）"",""相談員業務（北沢）"",""地域福祉活動等促進事業"",""地域福祉資源開発事業"",""地域保健福祉審議会の運営"",""地域保健福祉等推進基金積立金"",""地域密着型サービス拠点等整備助成"",""地区高齢者見守りネットワーク事業"",""特定中国残留邦人等支援事業"",""特別区区民葬儀助成事業"",""特別養護老人ホーム等運営支援"",""避難行動要支援者支援の推進"",""福祉資金貸付"",""福祉人材育成・研修センター運営事業"",""保健医療福祉総合プラザ維持運営"",""保健福祉サービス苦情審査会運営"",""保健福祉サービス質の向上の推進"",""保健福祉運営事務（烏山）"",""保健福祉運営事務（砧）"",""保健福祉運営事務（玉川）"",""保健福祉運営事務（世田谷）"",""保健福祉運営事務（北沢）"",""保健福祉政策部庶務事務"",""民生委員等活動"",""路上生活対策事業"",""老人保健施設整備助成""],""related_revenues"":[{""revenue_detail_id"":""rd_2026_general_revenue_14_02_02_60_85_3595110000"",""revenue_hierarchy"":[""都支出金"",""都補助金"",""民生費補助金"",""地域福祉推進区市町村包括補助事業"",""保健福祉政策部運営事業""],""amount_attribution_status"":""not_available""},{""revenue_detail_id"":""rd_2026_general_revenue_14_02_05_40_01_3595110000"",""revenue_hierarchy"":[""都支出金"",""都補助金"",""産業経済費補助金"",""東京都地域人材確保総合支援事業"",""福祉人材確保対策事業""],""amount_attribution_status"":""not_available""}]}","high","approve","B_strong_structural・確信度highの一括承認ルールにより承認"
"bpi_aad5c45f028086408560f664a1481c914f097ebf34beb1a0a28efc2c706f91c9","一時生活援助施設運営","一般会計","民生費","社会福祉費","高齢者福祉費","高齢福祉部 高齢福祉課","40905","福祉・保健・社会保障を支える行政","supports","公式予算で民生費の社会福祉費または生活保護費に属するため、福祉・社会保障に関する行政機能を支える予算事業として整理した。これはみらい議会の探索用整理であり、区の公式な課題分類ではない。","B_strong_structural","{""matched_rule_id"":""social-welfare-official-hierarchy"",""budget_item_key"":""2026_general_expenditure_03_01_02"",""identity_fields"":{""display_program_name"":""一時生活援助施設運営"",""hierarchy"":[""民生費"",""社会福祉費"",""高齢者福祉費""],""department_display_name"":""高齢福祉部 高齢福祉課"",""amount_thousand_yen"":40905},""member_programs"":[{""program_id"":""2026_general_expenditure_03_01_02_05_20_01"",""major_program_name"":""その他の高齢者福祉事業費"",""budget_program_name"":""一時生活援助施設運営"",""detail_program_name"":""一時生活援助施設運営"",""source_file"":""ippansaisyutu.csv"",""source_row_number"":9641}],""same_budget_item_other_program_names"":[""あんしん見守り事業"",""シニアボランティアポイント事業"",""ひとりぐらし高齢者の安全確保"",""ひとりぐらし高齢者見守り機器補助事業"",""ひとりぐらし高齢者等状況把握"",""一般介護予防事業"",""介護予防施策推進事業"",""慶祝事業"",""高齢者おむつ支給"",""高齢者コミュニケーションサービス"",""高齢者スマートフォン購入費助成"",""高齢者はり・灸・マッサージサービス"",""高齢者会食サービス"",""高齢者在宅サービスセンター維持管理"",""高齢者住宅改修助成"",""高齢者寝具乾燥・訪問理美容サービス"",""高齢者補聴器購入費助成"",""支えあいミニデイ支援の推進"",""生活支援体制整備事業"",""生計困難者負担軽減事業"",""地域包括支援センター運営委託"",""地域包括支援センター事務委託"",""地域包括支援センター障害者・子育て家庭等相談事業"",""地域包括支援センター認知症社会参加推進事業"",""認知症在宅生活サポートセンター認知症社会参加推進事業"",""認知症施策運営事業"",""福祉緊急対応"",""民生委員ふれあい訪問"",""養護老人ホーム入所措置""],""related_revenues"":[{""revenue_detail_id"":""rd_2026_general_revenue_12_01_02_02_66_3645100000"",""revenue_hierarchy"":[""使用料及手数料"",""使用料"",""民生使用料"",""民生施設"",""一時生活援助施設""],""amount_attribution_status"":""not_available""},{""revenue_detail_id"":""rd_2026_general_revenue_12_01_02_02_67_3645100000"",""revenue_hierarchy"":[""使用料及手数料"",""使用料"",""民生使用料"",""民生施設"",""南烏山四丁目高齢者施設""],""amount_attribution_status"":""not_available""},{""revenue_detail_id"":""rd_2026_general_revenue_12_01_02_03_05_3645100000"",""revenue_hierarchy"":[""使用料及手数料"",""使用料"",""民生使用料"",""高齢者住宅"",""認知症高齢者グループホーム""],""amount_attribution_status"":""not_available""},{""revenue_detail_id"":""rd_2026_general_revenue_14_02_02_42_66_3645100000"",""revenue_hierarchy"":[""都支出金"",""都補助金"",""民生費補助金"",""高齢者施策推進区市町村包括補助事業"",""高齢者一時保護事業""],""amount_attribution_status"":""not_available""},{""revenue_detail_id"":""rd_2026_general_revenue_19_06_09_05_86_3645100000"",""revenue_hierarchy"":[""諸収入"",""雑入"",""雑入"",""光熱水費等負担金"",""一時生活援助施設""],""amount_attribution_status"":""not_available""}]}","high","approve","B_strong_structural・確信度highの一括承認ルールにより承認"
"bpi_626ba2a51b9c462a4f7a5d54988d18fe15de9f101795c6b8a3a2cc2525a0ffed","高齢福祉部運営事業","一般会計","民生費","社会福祉費","社会福祉総務費","高齢福祉部 高齢福祉課","39734","福祉・保健・社会保障を支える行政","supports","公式予算で民生費の社会福祉費または生活保護費に属するため、福祉・社会保障に関する行政機能を支える予算事業として整理した。これはみらい議会の探索用整理であり、区の公式な課題分類ではない。","B_strong_structural","{""matched_rule_id"":""social-welfare-official-hierarchy"",""budget_item_key"":""2026_general_expenditure_03_01_01"",""identity_fields"":{""display_program_name"":""高齢福祉部運営事業"",""hierarchy"":[""民生費"",""社会福祉費"",""社会福祉総務費""],""department_display_name"":""高齢福祉部 高齢福祉課"",""amount_thousand_yen"":39734},""member_programs"":[{""program_id"":""2026_general_expenditure_03_01_01_03_99_01"",""major_program_name"":""その他の社会福祉事業費"",""budget_program_name"":""高齢福祉部運営事業"",""detail_program_name"":""高齢福祉部運営事業"",""source_file"":""ippansaisyutu.csv"",""source_row_number"":9622}],""same_budget_item_other_program_names"":[""ケアハウス整備促進等事業"",""ケアマネジメントの総合的推進"",""ひきこもり対策"",""ボランティア施設改修"",""ボランティア団体等援助"",""移動困難者の移送システム"",""医療的ケア児（者）支援の充実"",""医療的ケア児の笑顔を支える基金積立金"",""介護人材確保・定着支援事業"",""介護保険事業会計繰出金"",""旧軍人等の援護"",""後期高齢者医療会計繰出金"",""行旅病人及死亡人取扱"",""高齢福祉部庶務事務"",""国民健康保険事業会計繰出金"",""災害時ボランティア受入体制整備事業"",""社会福祉協議会運営助成"",""社会福祉事業団運営助成"",""社会福祉法人に対する高齢者施設整備助成"",""社会福祉法人に対する障害者施設整備助成"",""社会福祉法人の認可・指導検査"",""終活支援センター運営事業"",""住宅手当緊急特別措置事業"",""住民税非課税世帯等への価格高騰重点支援給付金支給"",""障害者グループホーム整備助成"",""障害者サービス広報事業"",""障害者差別解消推進"",""障害者施設整備促進等事業"",""障害者福祉施策の計画・調整"",""障害認定審査事務運営"",""障害福祉部庶務事務"",""心身障害者医療費助成"",""世田谷区地域福祉推進事業"",""世田谷保健福祉センター分室維持管理"",""成年後見制度"",""生活安定支援事業"",""生活困窮者自立促進支援事業"",""生活保健事務（烏山）"",""生活保健事務（砧）"",""生活保健事務（玉川）"",""生活保健事務（世田谷）"",""生活保健事務（北沢）"",""専門的人材の確保・養成事業"",""相談員業務（烏山）"",""相談員業務（砧）"",""相談員業務（玉川）"",""相談員業務（世田谷）"",""相談員業務（北沢）"",""地域福祉活動等促進事業"",""地域福祉資源開発事業"",""地域保健福祉審議会の運営"",""地域保健福祉等推進基金積立金"",""地域密着型サービス拠点等整備助成"",""地区高齢者見守りネットワーク事業"",""特定中国残留邦人等支援事業"",""特別区区民葬儀助成事業"",""特別養護老人ホーム等運営支援"",""避難行動要支援者支援の推進"",""福祉資金貸付"",""福祉人材育成・研修センター運営事業"",""保健医療福祉総合プラザ維持運営"",""保健福祉サービス苦情審査会運営"",""保健福祉サービス質の向上の推進"",""保健福祉運営事務（烏山）"",""保健福祉運営事務（砧）"",""保健福祉運営事務（玉川）"",""保健福祉運営事務（世田谷）"",""保健福祉運営事務（北沢）"",""保健福祉政策部運営事業"",""保健福祉政策部庶務事務"",""民生委員等活動"",""路上生活対策事業"",""老人保健施設整備助成""],""related_revenues"":[{""revenue_detail_id"":""rd_2026_general_revenue_14_02_08_79_01_3645100000"",""revenue_hierarchy"":[""都支出金"",""都補助金"",""民生費補助金（２）"",""地域におけるケアプランデータ連携システム活用促進事業"",""地域におけるケアプランデータ連携システム活用促進事業""],""amount_attribution_status"":""not_available""}]}","high","approve","B_strong_structural・確信度highの一括承認ルールにより承認"
"bpi_f69c1e5b238373f7d5096a7415cfe93df944c40c94968f223baaa4d454056924","おたふくかぜ予防接種助成","一般会計","衛生費","公衆衛生費","感染症予防費","世田谷保健所 感染症対策課","38892","福祉・保健・社会保障を支える行政","supports","公式予算で衛生費に属するため、保健・公衆衛生に関する行政機能を支える予算事業として整理した。","B_strong_structural","{""matched_rule_id"":""public-health-official-hierarchy"",""budget_item_key"":""2026_general_expenditure_05_03_07"",""identity_fields"":{""display_program_name"":""おたふくかぜ予防接種助成"",""hierarchy"":[""衛生費"",""公衆衛生費"",""感染症予防費""],""department_display_name"":""世田谷保健所 感染症対策課"",""amount_thousand_yen"":38892},""member_programs"":[{""program_id"":""2026_general_expenditure_05_03_07_02_11_01"",""major_program_name"":""感染症予防事業費"",""budget_program_name"":""おたふくかぜ予防接種助成"",""detail_program_name"":""おたふくかぜ予防接種助成"",""source_file"":""ippansaisyutu.csv"",""source_row_number"":9923}],""same_budget_item_other_program_names"":[""感染症対策"",""結核対策"",""高齢者インフルエンザ予防接種"",""高齢者新型コロナ予防接種"",""高齢者肺炎球菌予防接種"",""子どもインフルエンザ予防接種助成"",""帯状疱疹予防接種助成"",""男性ＨＰＶ予防接種助成"",""定期及臨時予防接種"",""難病・被爆者対策"",""風しん抗体検査・予防接種""],""related_revenues"":[{""revenue_detail_id"":""rd_2026_general_revenue_14_02_02_40_72_3785250000"",""revenue_hierarchy"":[""都支出金"",""都補助金"",""民生費補助金"",""保健医療政策区市町村包括補助事業費"",""おたふくかぜ予防接種事業""],""amount_attribution_status"":""not_available""}]}","high","approve","B_strong_structural・確信度highの一括承認ルールにより承認"
"bpi_7eef77dbfc3f9ce5478a03faff86c91fbefc7b64a6f6b94f2bcb0079f6756a23","高齢者安心コール","介護保険事業会計","地域支援事業費","包括支援事業・任意事業費","任意事業費","高齢福祉部 高齢福祉課","38506","福祉・保健・社会保障を支える行政","supports","公式予算で国民健康保険、後期高齢者医療、介護保険の特別会計に属するため、社会保障に関する行政機能を支える予算事業として整理した。","B_strong_structural","{""matched_rule_id"":""social-insurance-accounts-official-hierarchy"",""budget_item_key"":""2026_long_term_care_insurance_expenditure_49_02_02"",""identity_fields"":{""display_program_name"":""高齢者安心コール"",""hierarchy"":[""地域支援事業費"",""包括支援事業・任意事業費"",""任意事業費""],""department_display_name"":""高齢福祉部 高齢福祉課"",""amount_thousand_yen"":38506},""member_programs"":[{""program_id"":""2026_long_term_care_insurance_expenditure_49_02_02_01_13_01"",""major_program_name"":""任意事業費"",""budget_program_name"":""高齢者安心コール"",""detail_program_name"":""高齢者安心コール"",""source_file"":""ippansaisyutu.csv"",""source_row_number"":9648}],""same_budget_item_other_program_names"":[""家族介護支援事業"",""介護給付適正化事業"",""高齢者おむつ支給"",""住宅改修アドバイザー派遣"",""成年後見報酬助成"",""認知症ケア推進事業""],""related_revenues"":[{""revenue_detail_id"":""rd_2026_long_term_care_insurance_revenue_41_01_01_01_66_3645100000"",""revenue_hierarchy"":[""保険料"",""介護保険料"",""第１号被保険者保険料"",""現年度分特別徴収分"",""高齢者安心コール""],""amount_attribution_status"":""not_available""},{""revenue_detail_id"":""rd_2026_long_term_care_insurance_revenue_43_02_05_01_20_3645100000"",""revenue_hierarchy"":[""国庫支出金"",""国庫補助金"",""地域支援事業交付金（包括的支援事業・任意事業）"",""現年度分"",""高齢者安心コール""],""amount_attribution_status"":""not_available""},{""revenue_detail_id"":""rd_2026_long_term_care_insurance_revenue_45_03_02_01_20_3645100000"",""revenue_hierarchy"":[""都支出金"",""都補助金"",""地域支援事業交付金（包括的支援事業・任意事業）"",""現年度分"",""高齢者安心コール""],""amount_attribution_status"":""not_available""},{""revenue_detail_id"":""rd_2026_long_term_care_insurance_revenue_48_01_04_01_20_3645100000"",""revenue_hierarchy"":[""繰入金"",""一般会計繰入金"",""地域支援事業繰入金（包括的支援・任意事業）"",""現年度分"",""高齢者安心コール""],""amount_attribution_status"":""not_available""}]}","high","approve","B_strong_structural・確信度highの一括承認ルールにより承認"
"bpi_6ad80e7fbab6af3c02453a6ec51a29b472217766ac3d78c472796bdcc33c55b2","地域包括支援センター運営委託","介護保険事業会計","地域支援事業費","包括支援事業・任意事業費","包括的支援事業費","高齢福祉部 介護予防・支援課","38453","福祉・保健・社会保障を支える行政","supports","公式予算で国民健康保険、後期高齢者医療、介護保険の特別会計に属するため、社会保障に関する行政機能を支える予算事業として整理した。","B_strong_structural","{""matched_rule_id"":""social-insurance-accounts-official-hierarchy"",""budget_item_key"":""2026_long_term_care_insurance_expenditure_49_02_01"",""identity_fields"":{""display_program_name"":""地域包括支援センター運営委託"",""hierarchy"":[""地域支援事業費"",""包括支援事業・任意事業費"",""包括的支援事業費""],""department_display_name"":""高齢福祉部 介護予防・支援課"",""amount_thousand_yen"":38453},""member_programs"":[{""program_id"":""2026_long_term_care_insurance_expenditure_49_02_01_01_01_01"",""major_program_name"":""包括的支援事業費"",""budget_program_name"":""地域包括支援センター運営委託"",""detail_program_name"":""地域包括支援センター運営委託"",""source_file"":""ippansaisyutu.csv"",""source_row_number"":9695}],""same_budget_item_other_program_names"":[""在宅医療・介護連携推進事業"",""認知症包括支援事業""],""related_revenues"":[{""revenue_detail_id"":""rd_2026_long_term_care_insurance_revenue_41_01_01_01_30_3645300000"",""revenue_hierarchy"":[""保険料"",""介護保険料"",""第１号被保険者保険料"",""現年度分特別徴収分"",""地域包括支援センター運営委託""],""amount_attribution_status"":""not_available""},{""revenue_detail_id"":""rd_2026_long_term_care_insurance_revenue_43_02_05_01_01_3645300000"",""revenue_hierarchy"":[""国庫支出金"",""国庫補助金"",""地域支援事業交付金（包括的支援事業・任意事業）"",""現年度分"",""地域包括支援センター運営委託""],""amount_attribution_status"":""not_available""},{""revenue_detail_id"":""rd_2026_long_term_care_insurance_revenue_45_03_02_01_01_3645300000"",""revenue_hierarchy"":[""都支出金"",""都補助金"",""地域支援事業交付金（包括的支援事業・任意事業）"",""現年度分"",""地域包括支援センター運営委託""],""amount_attribution_status"":""not_available""},{""revenue_detail_id"":""rd_2026_long_term_care_insurance_revenue_48_01_04_01_01_3645300000"",""revenue_hierarchy"":[""繰入金"",""一般会計繰入金"",""地域支援事業繰入金（包括的支援・任意事業）"",""現年度分"",""地域包括支援センター運営委託""],""amount_attribution_status"":""not_available""}]}","high","approve","B_strong_structural・確信度highの一括承認ルールにより承認"
"bpi_af7b0118419619c00333fd8822c7e8bce2fe2f386a5706d6b651a626d688f77f","障害者グループホーム事業等助成","一般会計","民生費","社会福祉費","障害者福祉費","障害福祉部 障害施策課","37041","福祉・保健・社会保障を支える行政","supports","公式予算で民生費の社会福祉費または生活保護費に属するため、福祉・社会保障に関する行政機能を支える予算事業として整理した。これはみらい議会の探索用整理であり、区の公式な課題分類ではない。","B_strong_structural","{""matched_rule_id"":""social-welfare-official-hierarchy"",""budget_item_key"":""2026_general_expenditure_03_01_03"",""identity_fields"":{""display_program_name"":""障害者グループホーム事業等助成"",""hierarchy"":[""民生費"",""社会福祉費"",""障害者福祉費""],""department_display_name"":""障害福祉部 障害施策課"",""amount_thousand_yen"":37041},""member_programs"":[{""program_id"":""2026_general_expenditure_03_01_03_03_21_01"",""major_program_name"":""障害者生活支援事業"",""budget_program_name"":""障害者グループホーム事業等助成"",""detail_program_name"":""障害者グループホーム事業等助成"",""source_file"":""ippansaisyutu.csv"",""source_row_number"":9719}],""same_budget_item_other_program_names"":[""介護者リフレッシュ"",""基幹相談支援センター事業運営"",""技術支援（児童福祉施設）事業運営"",""更生訓練費助成"",""自立支援医療"",""重度脳性麻痺者介護人派遣"",""障害児入所給付費"",""障害者おむつ支給"",""障害者コミュニケーションサービス"",""障害者ホームヘルパー等派遣"",""障害者虐待防止推進事業"",""障害者緊急介護人派遣"",""障害者自動車利用支援"",""障害者自立支援給付"",""障害者寝具乾燥・訪問理美容サービス"",""障害者親亡きあと対策"",""障害者設備改善費給付"",""障害者専門相談事業運営"",""障害者相談支援"",""障害者団体活動支援"",""障害者団体支援"",""障害者日常生活用具等給付"",""障害者入浴サービス"",""障害者配食サービス"",""障害者福祉手当"",""障害理解促進"",""身体障害者及知的障害者相談員活動"",""精神障害者ピアサポート支援事業"",""精神保健福祉団体連携事業"",""地域生活支援拠点等整備事業"",""乳幼児育成相談事業運営"",""被爆者見舞金"",""補装具給付"",""民間空襲等被害者見舞金支給""],""related_revenues"":[]}","high","approve","B_strong_structural・確信度highの一括承認ルールにより承認"
"bpi_e37200b5d66987b8f4daa766792ac35dbd8e92d31f0fbc0b8e646d9a492e17b2","移動困難者の移送システム","一般会計","民生費","社会福祉費","社会福祉総務費","障害福祉部 障害地域生活課","36693","福祉・保健・社会保障を支える行政","supports","公式予算で民生費の社会福祉費または生活保護費に属するため、福祉・社会保障に関する行政機能を支える予算事業として整理した。これはみらい議会の探索用整理であり、区の公式な課題分類ではない。","B_strong_structural","{""matched_rule_id"":""social-welfare-official-hierarchy"",""budget_item_key"":""2026_general_expenditure_03_01_01"",""identity_fields"":{""display_program_name"":""移動困難者の移送システム"",""hierarchy"":[""民生費"",""社会福祉費"",""社会福祉総務費""],""department_display_name"":""障害福祉部 障害地域生活課"",""amount_thousand_yen"":36693},""member_programs"":[{""program_id"":""2026_general_expenditure_03_01_01_03_34_01"",""major_program_name"":""その他の社会福祉事業費"",""budget_program_name"":""移動困難者の移送システム"",""detail_program_name"":""移動困難者の移送システム"",""source_file"":""ippansaisyutu.csv"",""source_row_number"":9739}],""same_budget_item_other_program_names"":[""ケアハウス整備促進等事業"",""ケアマネジメントの総合的推進"",""ひきこもり対策"",""ボランティア施設改修"",""ボランティア団体等援助"",""医療的ケア児（者）支援の充実"",""医療的ケア児の笑顔を支える基金積立金"",""介護人材確保・定着支援事業"",""介護保険事業会計繰出金"",""旧軍人等の援護"",""後期高齢者医療会計繰出金"",""行旅病人及死亡人取扱"",""高齢福祉部運営事業"",""高齢福祉部庶務事務"",""国民健康保険事業会計繰出金"",""災害時ボランティア受入体制整備事業"",""社会福祉協議会運営助成"",""社会福祉事業団運営助成"",""社会福祉法人に対する高齢者施設整備助成"",""社会福祉法人に対する障害者施設整備助成"",""社会福祉法人の認可・指導検査"",""終活支援センター運営事業"",""住宅手当緊急特別措置事業"",""住民税非課税世帯等への価格高騰重点支援給付金支給"",""障害者グループホーム整備助成"",""障害者サービス広報事業"",""障害者差別解消推進"",""障害者施設整備促進等事業"",""障害者福祉施策の計画・調整"",""障害認定審査事務運営"",""障害福祉部庶務事務"",""心身障害者医療費助成"",""世田谷区地域福祉推進事業"",""世田谷保健福祉センター分室維持管理"",""成年後見制度"",""生活安定支援事業"",""生活困窮者自立促進支援事業"",""生活保健事務（烏山）"",""生活保健事務（砧）"",""生活保健事務（玉川）"",""生活保健事務（世田谷）"",""生活保健事務（北沢）"",""専門的人材の確保・養成事業"",""相談員業務（烏山）"",""相談員業務（砧）"",""相談員業務（玉川）"",""相談員業務（世田谷）"",""相談員業務（北沢）"",""地域福祉活動等促進事業"",""地域福祉資源開発事業"",""地域保健福祉審議会の運営"",""地域保健福祉等推進基金積立金"",""地域密着型サービス拠点等整備助成"",""地区高齢者見守りネットワーク事業"",""特定中国残留邦人等支援事業"",""特別区区民葬儀助成事業"",""特別養護老人ホーム等運営支援"",""避難行動要支援者支援の推進"",""福祉資金貸付"",""福祉人材育成・研修センター運営事業"",""保健医療福祉総合プラザ維持運営"",""保健福祉サービス苦情審査会運営"",""保健福祉サービス質の向上の推進"",""保健福祉運営事務（烏山）"",""保健福祉運営事務（砧）"",""保健福祉運営事務（玉川）"",""保健福祉運営事務（世田谷）"",""保健福祉運営事務（北沢）"",""保健福祉政策部運営事業"",""保健福祉政策部庶務事務"",""民生委員等活動"",""路上生活対策事業"",""老人保健施設整備助成""],""related_revenues"":[{""revenue_detail_id"":""rd_2026_general_revenue_14_02_02_24_02_3655200000"",""revenue_hierarchy"":[""都支出金"",""都補助金"",""民生費補助金"",""地域福祉推進事業費"",""地域福祉推進事業（移送サービス）""],""amount_attribution_status"":""not_available""},{""revenue_detail_id"":""rd_2026_general_revenue_14_02_02_44_03_3655200000"",""revenue_hierarchy"":[""都支出金"",""都補助金"",""民生費補助金"",""障害者施策推進区市町村包括補助事業費"",""高齢者・障害者等のための移送システム""],""amount_attribution_status"":""not_available""}]}","high","approve","B_strong_structural・確信度highの一括承認ルールにより承認"
"bpi_6864087d9ac3df47340f361257aa1e8c26f24ef490cbce00b4aa79e9cc22ba0b","認知症ケア推進事業","介護保険事業会計","地域支援事業費","包括支援事業・任意事業費","任意事業費","高齢福祉部 介護予防・支援課","36503","福祉・保健・社会保障を支える行政","supports","公式予算で国民健康保険、後期高齢者医療、介護保険の特別会計に属するため、社会保障に関する行政機能を支える予算事業として整理した。","B_strong_structural","{""matched_rule_id"":""social-insurance-accounts-official-hierarchy"",""budget_item_key"":""2026_long_term_care_insurance_expenditure_49_02_02"",""identity_fields"":{""display_program_name"":""認知症ケア推進事業"",""hierarchy"":[""地域支援事業費"",""包括支援事業・任意事業費"",""任意事業費""],""department_display_name"":""高齢福祉部 介護予防・支援課"",""amount_thousand_yen"":36503},""member_programs"":[{""program_id"":""2026_long_term_care_insurance_expenditure_49_02_02_01_10_01"",""major_program_name"":""任意事業費"",""budget_program_name"":""認知症ケア推進事業"",""detail_program_name"":""認知症ケア推進事業"",""source_file"":""ippansaisyutu.csv"",""source_row_number"":9697}],""same_budget_item_other_program_names"":[""家族介護支援事業"",""介護給付適正化事業"",""高齢者おむつ支給"",""高齢者安心コール"",""住宅改修アドバイザー派遣"",""成年後見報酬助成""],""related_revenues"":[{""revenue_detail_id"":""rd_2026_long_term_care_insurance_revenue_41_01_01_01_56_3645300000"",""revenue_hierarchy"":[""保険料"",""介護保険料"",""第１号被保険者保険料"",""現年度分特別徴収分"",""認知症ケア推進事業""],""amount_attribution_status"":""not_available""},{""revenue_detail_id"":""rd_2026_long_term_care_insurance_revenue_43_02_05_01_15_3645300000"",""revenue_hierarchy"":[""国庫支出金"",""国庫補助金"",""地域支援事業交付金（包括的支援事業・任意事業）"",""現年度分"",""認知症ケア推進事業""],""amount_attribution_status"":""not_available""},{""revenue_detail_id"":""rd_2026_long_term_care_insurance_revenue_45_03_02_01_15_3645300000"",""revenue_hierarchy"":[""都支出金"",""都補助金"",""地域支援事業交付金（包括的支援事業・任意事業）"",""現年度分"",""認知症ケア推進事業""],""amount_attribution_status"":""not_available""},{""revenue_detail_id"":""rd_2026_long_term_care_insurance_revenue_48_01_04_01_15_3645300000"",""revenue_hierarchy"":[""繰入金"",""一般会計繰入金"",""地域支援事業繰入金（包括的支援・任意事業）"",""現年度分"",""認知症ケア推進事業""],""amount_attribution_status"":""not_available""}]}","high","approve","B_strong_structural・確信度highの一括承認ルールにより承認"
"bpi_0f31f8c028b76175868d4b5930c7b6106315e25679a82e5e7fe956b35d6650da","葬祭費","国民健康保険事業会計","保険給付費","葬祭費","葬祭費","保健福祉政策部 国保・年金課","36400","福祉・保健・社会保障を支える行政","supports","公式予算で国民健康保険、後期高齢者医療、介護保険の特別会計に属するため、社会保障に関する行政機能を支える予算事業として整理した。","B_strong_structural","{""matched_rule_id"":""social-insurance-accounts-official-hierarchy"",""budget_item_key"":""2026_national_health_insurance_expenditure_22_04_01"",""identity_fields"":{""display_program_name"":""葬祭費"",""hierarchy"":[""保険給付費"",""葬祭費"",""葬祭費""],""department_display_name"":""保健福祉政策部 国保・年金課"",""amount_thousand_yen"":36400},""member_programs"":[{""program_id"":""2026_national_health_insurance_expenditure_22_04_01_01_01_15"",""major_program_name"":""葬祭費"",""budget_program_name"":""葬祭費"",""detail_program_name"":""葬祭費"",""source_file"":""ippansaisyutu.csv"",""source_row_number"":9586}],""same_budget_item_other_program_names"":[],""related_revenues"":[{""revenue_detail_id"":""rd_2026_national_health_insurance_revenue_21_01_01_01_11_3595400000"",""revenue_hierarchy"":[""国民健康保険料"",""国民健康保険料"",""国民健康保険料"",""医療給付費分現年分"",""葬祭費""],""amount_attribution_status"":""not_available""}]}","high","approve","B_strong_structural・確信度highの一括承認ルールにより承認"
"bpi_6ab66b034f7939beaf7e49a6ce6aab515edeca9a5641f9abad92aab7b2c0707b","地域密着型介護予防サービス給付費","介護保険事業会計","保険給付費","介護予防サービス等諸費","地域密着型介護予防サービス給付費","高齢福祉部 介護保険課","35885","福祉・保健・社会保障を支える行政","supports","公式予算で国民健康保険、後期高齢者医療、介護保険の特別会計に属するため、社会保障に関する行政機能を支える予算事業として整理した。","B_strong_structural","{""matched_rule_id"":""social-insurance-accounts-official-hierarchy"",""budget_item_key"":""2026_long_term_care_insurance_expenditure_42_06_02"",""identity_fields"":{""display_program_name"":""地域密着型介護予防サービス給付費"",""hierarchy"":[""保険給付費"",""介護予防サービス等諸費"",""地域密着型介護予防サービス給付費""],""department_display_name"":""高齢福祉部 介護保険課"",""amount_thousand_yen"":35885},""member_programs"":[{""program_id"":""2026_long_term_care_insurance_expenditure_42_06_02_01_01_01"",""major_program_name"":""地域密着型介護予防サービス給付費"",""budget_program_name"":""地域密着型介護予防サービス給付費"",""detail_program_name"":""地域密着型介護予防サービス給付費"",""source_file"":""ippansaisyutu.csv"",""source_row_number"":9666}],""same_budget_item_other_program_names"":[],""related_revenues"":[{""revenue_detail_id"":""rd_2026_long_term_care_insurance_revenue_41_01_01_01_17_3645200000"",""revenue_hierarchy"":[""保険料"",""介護保険料"",""第１号被保険者保険料"",""現年度分特別徴収分"",""地域密着型介護予防サービス給付費""],""amount_attribution_status"":""not_available""},{""revenue_detail_id"":""rd_2026_long_term_care_insurance_revenue_43_01_01_01_14_3645200000"",""revenue_hierarchy"":[""国庫支出金"",""国庫負担金"",""介護給付費負担金"",""現年度分"",""地域密着型介護予防サービス給付費""],""amount_attribution_status"":""not_available""},{""revenue_detail_id"":""rd_2026_long_term_care_insurance_revenue_43_02_01_01_14_3645200000"",""revenue_hierarchy"":[""国庫支出金"",""国庫補助金"",""調整交付金"",""現年度分"",""地域密着型介護予防サービス給付費""],""amount_attribution_status"":""not_available""},{""revenue_detail_id"":""rd_2026_long_term_care_insurance_revenue_44_01_01_01_14_3645200000"",""revenue_hierarchy"":[""支払基金交付金"",""支払基金交付金"",""介護給付費交付金"",""現年度分"",""地域密着型介護予防サービス給付費""],""amount_attribution_status"":""not_available""},{""revenue_detail_id"":""rd_2026_long_term_care_insurance_revenue_45_01_01_01_14_3645200000"",""revenue_hierarchy"":[""都支出金"",""都負担金"",""介護給付費負担金"",""現年度分"",""地域密着型介護予防サービス給付費""],""amount_attribution_status"":""not_available""},{""revenue_detail_id"":""rd_2026_long_term_care_insurance_revenue_48_01_01_01_15_3645200000"",""revenue_hierarchy"":[""繰入金"",""一般会計繰入金"",""介護給付費繰入金"",""現年度分"",""地域密着型介護予防サービス給付費""],""amount_attribution_status"":""not_available""}]}","high","approve","B_strong_structural・確信度highの一括承認ルールにより承認"
"bpi_ca7564853e7f3c034a9855cbc2eb53216b4a798500021431e0e1b1bbcfddef09","男性ＨＰＶ予防接種助成","一般会計","衛生費","公衆衛生費","感染症予防費","世田谷保健所 感染症対策課","35353","福祉・保健・社会保障を支える行政","supports","公式予算で衛生費に属するため、保健・公衆衛生に関する行政機能を支える予算事業として整理した。","B_strong_structural","{""matched_rule_id"":""public-health-official-hierarchy"",""budget_item_key"":""2026_general_expenditure_05_03_07"",""identity_fields"":{""display_program_name"":""男性ＨＰＶ予防接種助成"",""hierarchy"":[""衛生費"",""公衆衛生費"",""感染症予防費""],""department_display_name"":""世田谷保健所 感染症対策課"",""amount_thousand_yen"":35353},""member_programs"":[{""program_id"":""2026_general_expenditure_05_03_07_02_12_01"",""major_program_name"":""感染症予防事業費"",""budget_program_name"":""男性ＨＰＶ予防接種助成"",""detail_program_name"":""男性ＨＰＶ予防接種助成"",""source_file"":""ippansaisyutu.csv"",""source_row_number"":9924}],""same_budget_item_other_program_names"":[""おたふくかぜ予防接種助成"",""感染症対策"",""結核対策"",""高齢者インフルエンザ予防接種"",""高齢者新型コロナ予防接種"",""高齢者肺炎球菌予防接種"",""子どもインフルエンザ予防接種助成"",""帯状疱疹予防接種助成"",""定期及臨時予防接種"",""難病・被爆者対策"",""風しん抗体検査・予防接種""],""related_revenues"":[{""revenue_detail_id"":""rd_2026_general_revenue_14_02_04_39_02_3785250000"",""revenue_hierarchy"":[""都支出金"",""都補助金"",""衛生費補助金"",""ＨＰＶワクチン男性接種補助事業"",""ＨＰＶワクチン男性接種補助事業""],""amount_attribution_status"":""not_available""}]}","high","approve","B_strong_structural・確信度highの一括承認ルールにより承認"
"bpi_66377ac8eb5049e002c58034146a24e44dc1117392c60bdfdc3c507e2fdb86b2","広域連合保険料還付金","後期高齢者医療会計","諸支出金","償還金及還付加算金","保険料還付金及還付加算金","保健福祉政策部 国保・年金課","35000","福祉・保健・社会保障を支える行政","supports","公式予算で国民健康保険、後期高齢者医療、介護保険の特別会計に属するため、社会保障に関する行政機能を支える予算事業として整理した。","B_strong_structural","{""matched_rule_id"":""social-insurance-accounts-official-hierarchy"",""budget_item_key"":""2026_latter_stage_elderly_healthcare_expenditure_65_01_03"",""identity_fields"":{""display_program_name"":""広域連合保険料還付金"",""hierarchy"":[""諸支出金"",""償還金及還付加算金"",""保険料還付金及還付加算金""],""department_display_name"":""保健福祉政策部 国保・年金課"",""amount_thousand_yen"":35000},""member_programs"":[{""program_id"":""2026_latter_stage_elderly_healthcare_expenditure_65_01_03_01_01_01"",""major_program_name"":""広域連合保険料還付金及還付加算金"",""budget_program_name"":""広域連合保険料還付金"",""detail_program_name"":""広域連合保険料還付金"",""source_file"":""ippansaisyutu.csv"",""source_row_number"":9607}],""same_budget_item_other_program_names"":[""広域連合保険料延滞金還付金"",""広域連合保険料還付加算金""],""related_revenues"":[{""revenue_detail_id"":""rd_2026_latter_stage_elderly_healthcare_revenue_65_02_03_01_01_3595400000"",""revenue_hierarchy"":[""諸収入"",""償還金及還付加算金"",""保険料還付金及還付加算金"",""保険料還付金及還付加算金"",""広域連合保険料還付金""],""amount_attribution_status"":""not_available""}]}","high","approve","B_strong_structural・確信度highの一括承認ルールにより承認"
"bpi_611fa5b6c957992e4782608e8a6472641341ce042adaaad0d9fdb53299f132c2","障害者福祉施策の計画・調整","一般会計","民生費","社会福祉費","社会福祉総務費","障害福祉部 障害施策課","30316","福祉・保健・社会保障を支える行政","supports","公式予算で民生費の社会福祉費または生活保護費に属するため、福祉・社会保障に関する行政機能を支える予算事業として整理した。これはみらい議会の探索用整理であり、区の公式な課題分類ではない。","B_strong_structural","{""matched_rule_id"":""social-welfare-official-hierarchy"",""budget_item_key"":""2026_general_expenditure_03_01_01"",""identity_fields"":{""display_program_name"":""障害者福祉施策の計画・調整"",""hierarchy"":[""民生費"",""社会福祉費"",""社会福祉総務費""],""department_display_name"":""障害福祉部 障害施策課"",""amount_thousand_yen"":30316},""member_programs"":[{""program_id"":""2026_general_expenditure_03_01_01_03_37_01"",""major_program_name"":""その他の社会福祉事業費"",""budget_program_name"":""障害者福祉施策の計画・調整"",""detail_program_name"":""障害者福祉施策の計画・調整"",""source_file"":""ippansaisyutu.csv"",""source_row_number"":9702}],""same_budget_item_other_program_names"":[""ケアハウス整備促進等事業"",""ケアマネジメントの総合的推進"",""ひきこもり対策"",""ボランティア施設改修"",""ボランティア団体等援助"",""移動困難者の移送システム"",""医療的ケア児（者）支援の充実"",""医療的ケア児の笑顔を支える基金積立金"",""介護人材確保・定着支援事業"",""介護保険事業会計繰出金"",""旧軍人等の援護"",""後期高齢者医療会計繰出金"",""行旅病人及死亡人取扱"",""高齢福祉部運営事業"",""高齢福祉部庶務事務"",""国民健康保険事業会計繰出金"",""災害時ボランティア受入体制整備事業"",""社会福祉協議会運営助成"",""社会福祉事業団運営助成"",""社会福祉法人に対する高齢者施設整備助成"",""社会福祉法人に対する障害者施設整備助成"",""社会福祉法人の認可・指導検査"",""終活支援センター運営事業"",""住宅手当緊急特別措置事業"",""住民税非課税世帯等への価格高騰重点支援給付金支給"",""障害者グループホーム整備助成"",""障害者サービス広報事業"",""障害者差別解消推進"",""障害者施設整備促進等事業"",""障害認定審査事務運営"",""障害福祉部庶務事務"",""心身障害者医療費助成"",""世田谷区地域福祉推進事業"",""世田谷保健福祉センター分室維持管理"",""成年後見制度"",""生活安定支援事業"",""生活困窮者自立促進支援事業"",""生活保健事務（烏山）"",""生活保健事務（砧）"",""生活保健事務（玉川）"",""生活保健事務（世田谷）"",""生活保健事務（北沢）"",""専門的人材の確保・養成事業"",""相談員業務（烏山）"",""相談員業務（砧）"",""相談員業務（玉川）"",""相談員業務（世田谷）"",""相談員業務（北沢）"",""地域福祉活動等促進事業"",""地域福祉資源開発事業"",""地域保健福祉審議会の運営"",""地域保健福祉等推進基金積立金"",""地域密着型サービス拠点等整備助成"",""地区高齢者見守りネットワーク事業"",""特定中国残留邦人等支援事業"",""特別区区民葬儀助成事業"",""特別養護老人ホーム等運営支援"",""避難行動要支援者支援の推進"",""福祉資金貸付"",""福祉人材育成・研修センター運営事業"",""保健医療福祉総合プラザ維持運営"",""保健福祉サービス苦情審査会運営"",""保健福祉サービス質の向上の推進"",""保健福祉運営事務（烏山）"",""保健福祉運営事務（砧）"",""保健福祉運営事務（玉川）"",""保健福祉運営事務（世田谷）"",""保健福祉運営事務（北沢）"",""保健福祉政策部運営事業"",""保健福祉政策部庶務事務"",""民生委員等活動"",""路上生活対策事業"",""老人保健施設整備助成""],""related_revenues"":[{""revenue_detail_id"":""rd_2026_general_revenue_13_02_01_69_06_3655100000"",""revenue_hierarchy"":[""国庫支出金"",""国庫補助金"",""民生費補助金"",""地域生活支援促進事業費"",""精神障害・地域包括ケアシステム推進（協議の場の設置）""],""amount_attribution_status"":""not_available""},{""revenue_detail_id"":""rd_2026_general_revenue_14_03_03_01_04_3655100000"",""revenue_hierarchy"":[""都支出金"",""都委託金"",""民生費委託金"",""民生統計費"",""全国障害児・者等実態調査""],""amount_attribution_status"":""not_available""}]}","high","approve","B_strong_structural・確信度highの一括承認ルールにより承認"
"bpi_00f5474a7404ff15b2b95e64b6bf047ecebad6c143bf0d5701c33c9c62c5691f","予備費","介護保険事業会計","予備費","予備費","予備費","高齢福祉部 介護保険課","30000","福祉・保健・社会保障を支える行政","supports","公式予算で国民健康保険、後期高齢者医療、介護保険の特別会計に属するため、社会保障に関する行政機能を支える予算事業として整理した。","B_strong_structural","{""matched_rule_id"":""social-insurance-accounts-official-hierarchy"",""budget_item_key"":""2026_long_term_care_insurance_expenditure_50_01_01"",""identity_fields"":{""display_program_name"":""予備費"",""hierarchy"":[""予備費"",""予備費"",""予備費""],""department_display_name"":""高齢福祉部 介護保険課"",""amount_thousand_yen"":30000},""member_programs"":[{""program_id"":""2026_long_term_care_insurance_expenditure_50_01_01_01_01_01"",""major_program_name"":""介護保険事業会計における予備費"",""budget_program_name"":""予備費"",""detail_program_name"":""予備費"",""source_file"":""ippansaisyutu.csv"",""source_row_number"":9684}],""same_budget_item_other_program_names"":[],""related_revenues"":[{""revenue_detail_id"":""rd_2026_long_term_care_insurance_revenue_48_01_01_01_13_3645200000"",""revenue_hierarchy"":[""繰入金"",""一般会計繰入金"",""介護給付費繰入金"",""現年度分"",""予備費""],""amount_attribution_status"":""not_available""}]}","high","approve","B_strong_structural・確信度highの一括承認ルールにより承認"
"bpi_04247310cb17e797b6a1aaaef1c19c62eb51559b6fe245228dd827fb62a061ca","予備費","国民健康保険事業会計","予備費","予備費","予備費","保健福祉政策部 国保・年金課","30000","福祉・保健・社会保障を支える行政","supports","公式予算で国民健康保険、後期高齢者医療、介護保険の特別会計に属するため、社会保障に関する行政機能を支える予算事業として整理した。","B_strong_structural","{""matched_rule_id"":""social-insurance-accounts-official-hierarchy"",""budget_item_key"":""2026_national_health_insurance_expenditure_34_01_01"",""identity_fields"":{""display_program_name"":""予備費"",""hierarchy"":[""予備費"",""予備費"",""予備費""],""department_display_name"":""保健福祉政策部 国保・年金課"",""amount_thousand_yen"":30000},""member_programs"":[{""program_id"":""2026_national_health_insurance_expenditure_34_01_01_01_01_01"",""major_program_name"":""国民健康保険事業会計における予備費"",""budget_program_name"":""予備費"",""detail_program_name"":""予備費"",""source_file"":""ippansaisyutu.csv"",""source_row_number"":9596}],""same_budget_item_other_program_names"":[],""related_revenues"":[{""revenue_detail_id"":""rd_2026_national_health_insurance_revenue_27_01_01_01_49_3595400000"",""revenue_hierarchy"":[""繰入金"",""一般会計繰入金"",""一般会計繰入金"",""その他一般会計繰入金"",""予備費""],""amount_attribution_status"":""not_available""}]}","high","approve","B_strong_structural・確信度highの一括承認ルールにより承認"
"bpi_df892c6bdda00a2121882cf7750acef10dcc0a919ea3e27787bdb246968317df","予備費","後期高齢者医療会計","予備費","予備費","予備費","保健福祉政策部 国保・年金課","30000","福祉・保健・社会保障を支える行政","supports","公式予算で国民健康保険、後期高齢者医療、介護保険の特別会計に属するため、社会保障に関する行政機能を支える予算事業として整理した。","B_strong_structural","{""matched_rule_id"":""social-insurance-accounts-official-hierarchy"",""budget_item_key"":""2026_latter_stage_elderly_healthcare_expenditure_66_01_01"",""identity_fields"":{""display_program_name"":""予備費"",""hierarchy"":[""予備費"",""予備費"",""予備費""],""department_display_name"":""保健福祉政策部 国保・年金課"",""amount_thousand_yen"":30000},""member_programs"":[{""program_id"":""2026_latter_stage_elderly_healthcare_expenditure_66_01_01_01_01_01"",""major_program_name"":""後期高齢者医療会計における予備費"",""budget_program_name"":""予備費"",""detail_program_name"":""予備費"",""source_file"":""ippansaisyutu.csv"",""source_row_number"":9610}],""same_budget_item_other_program_names"":[],""related_revenues"":[{""revenue_detail_id"":""rd_2026_latter_stage_elderly_healthcare_revenue_63_01_01_07_01_3595400000"",""revenue_hierarchy"":[""繰入金"",""一般会計繰入金"",""一般会計繰入金"",""その他一般会計繰入金"",""予備費""],""amount_attribution_status"":""not_available""}]}","high","approve","B_strong_structural・確信度highの一括承認ルールにより承認"
"bpi_312672c894774ea73e687eafab9b1256c141de92d4134fc9936eb0a94cedc4d1","育児不安・児童虐待防止対策","一般会計","衛生費","公衆衛生費","母子保健費","世田谷保健所 健康推進課","28791","福祉・保健・社会保障を支える行政","supports","公式予算で衛生費に属するため、保健・公衆衛生に関する行政機能を支える予算事業として整理した。","B_strong_structural","{""matched_rule_id"":""public-health-official-hierarchy"",""budget_item_key"":""2026_general_expenditure_05_03_05"",""identity_fields"":{""display_program_name"":""育児不安・児童虐待防止対策"",""hierarchy"":[""衛生費"",""公衆衛生費"",""母子保健費""],""department_display_name"":""世田谷保健所 健康推進課"",""amount_thousand_yen"":28791},""member_programs"":[{""program_id"":""2026_general_expenditure_05_03_05_01_15_01"",""major_program_name"":""母子保健指導事業費"",""budget_program_name"":""育児不安・児童虐待防止対策"",""detail_program_name"":""育児不安・児童虐待防止対策"",""source_file"":""ippansaisyutu.csv"",""source_row_number"":9908}],""same_budget_item_other_program_names"":[""アレルギー疾患相談"",""リプロダクティブ・ヘルス／ライツの周知啓発"",""小児慢性特定疾病医療費給付"",""地域と連携した両親学級の充実"",""乳児期家庭（新生児）訪問事業"",""乳幼児健康診査"",""乳幼児歯科健康診査"",""妊産婦及び乳幼児への栄養・食生活支援事業"",""妊産婦及び乳幼児健康診査"",""妊婦健康診査"",""保健福祉センター乳幼児健康診査"",""保健福祉センター乳幼児歯科健康診査"",""母子保健知識等の普及と啓発"",""未熟児等に対する医療費公費負担""],""related_revenues"":[{""revenue_detail_id"":""rd_2026_general_revenue_14_02_02_68_50_3785200000"",""revenue_hierarchy"":[""都支出金"",""都補助金"",""民生費補助金"",""子供家庭支援区市町村包括補助事業"",""乳幼児フォローグループ""],""amount_attribution_status"":""not_available""}]}","high","approve","B_strong_structural・確信度highの一括承認ルールにより承認"
"bpi_7f31eea84c49d7426b341dc3ea0c0acc07a967f09fc1bc3d3592d01c85cbe288","住宅宿泊事業監視普及","一般会計","衛生費","環境衛生費","環境衛生費","世田谷保健所 生活保健課","28416","福祉・保健・社会保障を支える行政","supports","公式予算で衛生費に属するため、保健・公衆衛生に関する行政機能を支える予算事業として整理した。","B_strong_structural","{""matched_rule_id"":""public-health-official-hierarchy"",""budget_item_key"":""2026_general_expenditure_05_04_01"",""identity_fields"":{""display_program_name"":""住宅宿泊事業監視普及"",""hierarchy"":[""衛生費"",""環境衛生費"",""環境衛生費""],""department_display_name"":""世田谷保健所 生活保健課"",""amount_thousand_yen"":28416},""member_programs"":[{""program_id"":""2026_general_expenditure_05_04_01_01_13_01"",""major_program_name"":""環境衛生事業費"",""budget_program_name"":""住宅宿泊事業監視普及"",""detail_program_name"":""住宅宿泊事業監視普及"",""source_file"":""ippansaisyutu.csv"",""source_row_number"":9934}],""same_budget_item_other_program_names"":[""医事薬事監視普及"",""化学検査事業運営"",""環境衛生監視普及"",""狂犬病予防法事務"",""検査センター事務"",""細菌検査事業運営"",""食の安全・安心の推進"",""食品衛生監視普及"",""人と動物との共生推進事業"",""鼠・害虫相談・水害消毒"",""臨床検査事業運営""],""related_revenues"":[]}","high","approve","B_strong_structural・確信度highの一括承認ルールにより承認"
"bpi_7d02bd16b0727ffb9bad840a9e0524f0ae7059dc3017a672d8f333219473154c","地域と連携した両親学級の充実","一般会計","衛生費","公衆衛生費","母子保健費","世田谷保健所 健康推進課","27915","福祉・保健・社会保障を支える行政","supports","公式予算で衛生費に属するため、保健・公衆衛生に関する行政機能を支える予算事業として整理した。","B_strong_structural","{""matched_rule_id"":""public-health-official-hierarchy"",""budget_item_key"":""2026_general_expenditure_05_03_05"",""identity_fields"":{""display_program_name"":""地域と連携した両親学級の充実"",""hierarchy"":[""衛生費"",""公衆衛生費"",""母子保健費""],""department_display_name"":""世田谷保健所 健康推進課"",""amount_thousand_yen"":27915},""member_programs"":[{""program_id"":""2026_general_expenditure_05_03_05_01_18_01"",""major_program_name"":""母子保健指導事業費"",""budget_program_name"":""地域と連携した両親学級の充実"",""detail_program_name"":""地域と連携した両親学級の充実"",""source_file"":""ippansaisyutu.csv"",""source_row_number"":9910}],""same_budget_item_other_program_names"":[""アレルギー疾患相談"",""リプロダクティブ・ヘルス／ライツの周知啓発"",""育児不安・児童虐待防止対策"",""小児慢性特定疾病医療費給付"",""乳児期家庭（新生児）訪問事業"",""乳幼児健康診査"",""乳幼児歯科健康診査"",""妊産婦及び乳幼児への栄養・食生活支援事業"",""妊産婦及び乳幼児健康診査"",""妊婦健康診査"",""保健福祉センター乳幼児健康診査"",""保健福祉センター乳幼児歯科健康診査"",""母子保健知識等の普及と啓発"",""未熟児等に対する医療費公費負担""],""related_revenues"":[{""revenue_detail_id"":""rd_2026_general_revenue_13_02_03_18_08_3785200000"",""revenue_hierarchy"":[""国庫支出金"",""国庫補助金"",""衛生費補助金"",""母子保健衛生費"",""母子保健対策強化事業""],""amount_attribution_status"":""not_available""}]}","high","approve","B_strong_structural・確信度highの一括承認ルールにより承認"
"bpi_55bd2f80d9eec103377685682d3e45d6b3840c49d3c1f38e9a6dee3a2c7fb796","ケアハウス整備促進等事業","一般会計","民生費","社会福祉費","社会福祉総務費","高齢福祉部 高齢福祉課","27040","福祉・保健・社会保障を支える行政","supports","公式予算で民生費の社会福祉費または生活保護費に属するため、福祉・社会保障に関する行政機能を支える予算事業として整理した。これはみらい議会の探索用整理であり、区の公式な課題分類ではない。","B_strong_structural","{""matched_rule_id"":""social-welfare-official-hierarchy"",""budget_item_key"":""2026_general_expenditure_03_01_01"",""identity_fields"":{""display_program_name"":""ケアハウス整備促進等事業"",""hierarchy"":[""民生費"",""社会福祉費"",""社会福祉総務費""],""department_display_name"":""高齢福祉部 高齢福祉課"",""amount_thousand_yen"":27040},""member_programs"":[{""program_id"":""2026_general_expenditure_03_01_01_03_89_01"",""major_program_name"":""その他の社会福祉事業費"",""budget_program_name"":""ケアハウス整備促進等事業"",""detail_program_name"":""ケアハウス整備促進等事業"",""source_file"":""ippansaisyutu.csv"",""source_row_number"":9619}],""same_budget_item_other_program_names"":[""ケアマネジメントの総合的推進"",""ひきこもり対策"",""ボランティア施設改修"",""ボランティア団体等援助"",""移動困難者の移送システム"",""医療的ケア児（者）支援の充実"",""医療的ケア児の笑顔を支える基金積立金"",""介護人材確保・定着支援事業"",""介護保険事業会計繰出金"",""旧軍人等の援護"",""後期高齢者医療会計繰出金"",""行旅病人及死亡人取扱"",""高齢福祉部運営事業"",""高齢福祉部庶務事務"",""国民健康保険事業会計繰出金"",""災害時ボランティア受入体制整備事業"",""社会福祉協議会運営助成"",""社会福祉事業団運営助成"",""社会福祉法人に対する高齢者施設整備助成"",""社会福祉法人に対する障害者施設整備助成"",""社会福祉法人の認可・指導検査"",""終活支援センター運営事業"",""住宅手当緊急特別措置事業"",""住民税非課税世帯等への価格高騰重点支援給付金支給"",""障害者グループホーム整備助成"",""障害者サービス広報事業"",""障害者差別解消推進"",""障害者施設整備促進等事業"",""障害者福祉施策の計画・調整"",""障害認定審査事務運営"",""障害福祉部庶務事務"",""心身障害者医療費助成"",""世田谷区地域福祉推進事業"",""世田谷保健福祉センター分室維持管理"",""成年後見制度"",""生活安定支援事業"",""生活困窮者自立促進支援事業"",""生活保健事務（烏山）"",""生活保健事務（砧）"",""生活保健事務（玉川）"",""生活保健事務（世田谷）"",""生活保健事務（北沢）"",""専門的人材の確保・養成事業"",""相談員業務（烏山）"",""相談員業務（砧）"",""相談員業務（玉川）"",""相談員業務（世田谷）"",""相談員業務（北沢）"",""地域福祉活動等促進事業"",""地域福祉資源開発事業"",""地域保健福祉審議会の運営"",""地域保健福祉等推進基金積立金"",""地域密着型サービス拠点等整備助成"",""地区高齢者見守りネットワーク事業"",""特定中国残留邦人等支援事業"",""特別区区民葬儀助成事業"",""特別養護老人ホーム等運営支援"",""避難行動要支援者支援の推進"",""福祉資金貸付"",""福祉人材育成・研修センター運営事業"",""保健医療福祉総合プラザ維持運営"",""保健福祉サービス苦情審査会運営"",""保健福祉サービス質の向上の推進"",""保健福祉運営事務（烏山）"",""保健福祉運営事務（砧）"",""保健福祉運営事務（玉川）"",""保健福祉運営事務（世田谷）"",""保健福祉運営事務（北沢）"",""保健福祉政策部運営事業"",""保健福祉政策部庶務事務"",""民生委員等活動"",""路上生活対策事業"",""老人保健施設整備助成""],""related_revenues"":[{""revenue_detail_id"":""rd_2026_general_revenue_14_02_02_01_94_3645100000"",""revenue_hierarchy"":[""都支出金"",""都補助金"",""民生費補助金"",""老人福祉諸費"",""都市型軽費老人ホーム""],""amount_attribution_status"":""not_available""}]}","high","approve","B_strong_structural・確信度highの一括承認ルールにより承認"
"bpi_940fe3b36800c495e469d7c944246ee8ca38fb2be20204db6f3941c8ef13d9ae","風しん抗体検査・予防接種","一般会計","衛生費","公衆衛生費","感染症予防費","世田谷保健所 感染症対策課","27022","福祉・保健・社会保障を支える行政","supports","公式予算で衛生費に属するため、保健・公衆衛生に関する行政機能を支える予算事業として整理した。","B_strong_structural","{""matched_rule_id"":""public-health-official-hierarchy"",""budget_item_key"":""2026_general_expenditure_05_03_07"",""identity_fields"":{""display_program_name"":""風しん抗体検査・予防接種"",""hierarchy"":[""衛生費"",""公衆衛生費"",""感染症予防費""],""department_display_name"":""世田谷保健所 感染症対策課"",""amount_thousand_yen"":27022},""member_programs"":[{""program_id"":""2026_general_expenditure_05_03_07_02_08_01"",""major_program_name"":""感染症予防事業費"",""budget_program_name"":""風しん抗体検査・予防接種"",""detail_program_name"":""風しん抗体検査・予防接種"",""source_file"":""ippansaisyutu.csv"",""source_row_number"":9920}],""same_budget_item_other_program_names"":[""おたふくかぜ予防接種助成"",""感染症対策"",""結核対策"",""高齢者インフルエンザ予防接種"",""高齢者新型コロナ予防接種"",""高齢者肺炎球菌予防接種"",""子どもインフルエンザ予防接種助成"",""帯状疱疹予防接種助成"",""男性ＨＰＶ予防接種助成"",""定期及臨時予防接種"",""難病・被爆者対策""],""related_revenues"":[{""revenue_detail_id"":""rd_2026_general_revenue_13_02_03_11_10_3785250000"",""revenue_hierarchy"":[""国庫支出金"",""国庫補助金"",""衛生費補助金"",""感染症対策"",""感染症対策""],""amount_attribution_status"":""not_available""},{""revenue_detail_id"":""rd_2026_general_revenue_14_02_02_40_68_3785250000"",""revenue_hierarchy"":[""都支出金"",""都補助金"",""民生費補助金"",""保健医療政策区市町村包括補助事業費"",""予防接種促進事業（風しん予防緊急対策）""],""amount_attribution_status"":""not_available""}]}","high","approve","B_strong_structural・確信度highの一括承認ルールにより承認"
"bpi_04afc305ad3e48fdf65a4f665ed4a7218a84afe67ff8bc062b8e6e9c730fbe5a","高齢者はり・灸・マッサージサービス","一般会計","民生費","社会福祉費","高齢者福祉費","高齢福祉部 高齢福祉課","26877","福祉・保健・社会保障を支える行政","supports","公式予算で民生費の社会福祉費または生活保護費に属するため、福祉・社会保障に関する行政機能を支える予算事業として整理した。これはみらい議会の探索用整理であり、区の公式な課題分類ではない。","B_strong_structural","{""matched_rule_id"":""social-welfare-official-hierarchy"",""budget_item_key"":""2026_general_expenditure_03_01_02"",""identity_fields"":{""display_program_name"":""高齢者はり・灸・マッサージサービス"",""hierarchy"":[""民生費"",""社会福祉費"",""高齢者福祉費""],""department_display_name"":""高齢福祉部 高齢福祉課"",""amount_thousand_yen"":26877},""member_programs"":[{""program_id"":""2026_general_expenditure_03_01_02_04_11_01"",""major_program_name"":""高齢者生活支援事業費"",""budget_program_name"":""高齢者はり・灸・マッサージサービス"",""detail_program_name"":""高齢者はり・灸・マッサージサービス"",""source_file"":""ippansaisyutu.csv"",""source_row_number"":9635}],""same_budget_item_other_program_names"":[""あんしん見守り事業"",""シニアボランティアポイント事業"",""ひとりぐらし高齢者の安全確保"",""ひとりぐらし高齢者見守り機器補助事業"",""ひとりぐらし高齢者等状況把握"",""一時生活援助施設運営"",""一般介護予防事業"",""介護予防施策推進事業"",""慶祝事業"",""高齢者おむつ支給"",""高齢者コミュニケーションサービス"",""高齢者スマートフォン購入費助成"",""高齢者会食サービス"",""高齢者在宅サービスセンター維持管理"",""高齢者住宅改修助成"",""高齢者寝具乾燥・訪問理美容サービス"",""高齢者補聴器購入費助成"",""支えあいミニデイ支援の推進"",""生活支援体制整備事業"",""生計困難者負担軽減事業"",""地域包括支援センター運営委託"",""地域包括支援センター事務委託"",""地域包括支援センター障害者・子育て家庭等相談事業"",""地域包括支援センター認知症社会参加推進事業"",""認知症在宅生活サポートセンター認知症社会参加推進事業"",""認知症施策運営事業"",""福祉緊急対応"",""民生委員ふれあい訪問"",""養護老人ホーム入所措置""],""related_revenues"":[{""revenue_detail_id"":""rd_2026_general_revenue_14_02_02_42_21_3645100000"",""revenue_hierarchy"":[""都支出金"",""都補助金"",""民生費補助金"",""高齢者施策推進区市町村包括補助事業"",""はり・灸・マッサージサービス""],""amount_attribution_status"":""not_available""}]}","high","approve","B_strong_structural・確信度highの一括承認ルールにより承認"
"bpi_5c98b6d127a5df2466f60b34c135019e133145be2ed4cdcfda7517a9e5a8f66c","結核対策","一般会計","衛生費","公衆衛生費","感染症予防費","世田谷保健所 感染症対策課","25435","福祉・保健・社会保障を支える行政","supports","公式予算で衛生費に属するため、保健・公衆衛生に関する行政機能を支える予算事業として整理した。","B_strong_structural","{""matched_rule_id"":""public-health-official-hierarchy"",""budget_item_key"":""2026_general_expenditure_05_03_07"",""identity_fields"":{""display_program_name"":""結核対策"",""hierarchy"":[""衛生費"",""公衆衛生費"",""感染症予防費""],""department_display_name"":""世田谷保健所 感染症対策課"",""amount_thousand_yen"":25435},""member_programs"":[{""program_id"":""2026_general_expenditure_05_03_07_03_01_01"",""major_program_name"":""結核予防事業費"",""budget_program_name"":""結核対策"",""detail_program_name"":""結核対策"",""source_file"":""ippansaisyutu.csv"",""source_row_number"":9925}],""same_budget_item_other_program_names"":[""おたふくかぜ予防接種助成"",""感染症対策"",""高齢者インフルエンザ予防接種"",""高齢者新型コロナ予防接種"",""高齢者肺炎球菌予防接種"",""子どもインフルエンザ予防接種助成"",""帯状疱疹予防接種助成"",""男性ＨＰＶ予防接種助成"",""定期及臨時予防接種"",""難病・被爆者対策"",""風しん抗体検査・予防接種""],""related_revenues"":[{""revenue_detail_id"":""rd_2026_general_revenue_13_01_02_04_04_3785250000"",""revenue_hierarchy"":[""国庫支出金"",""国庫負担金"",""衛生費負担金"",""結核対策費"",""結核医療費公費負担""],""amount_attribution_status"":""not_available""},{""revenue_detail_id"":""rd_2026_general_revenue_13_01_02_04_05_3785250000"",""revenue_hierarchy"":[""国庫支出金"",""国庫負担金"",""衛生費負担金"",""結核対策費"",""結核予防対策事業""],""amount_attribution_status"":""not_available""},{""revenue_detail_id"":""rd_2026_general_revenue_13_02_03_01_12_3785250000"",""revenue_hierarchy"":[""国庫支出金"",""国庫補助金"",""衛生費補助金"",""結核対策費"",""結核医療費公費負担""],""amount_attribution_status"":""not_available""},{""revenue_detail_id"":""rd_2026_general_revenue_13_02_03_01_13_3785250000"",""revenue_hierarchy"":[""国庫支出金"",""国庫補助金"",""衛生費補助金"",""結核対策費"",""結核対策特別促進事業""],""amount_attribution_status"":""not_available""}]}","high","approve","B_strong_structural・確信度highの一括承認ルールにより承認"
"bpi_b891ab06104e73fa714d4614a1cfec9ff42b49dca8c0c7e852eb690becad7be9","ひとりぐらし高齢者の安全確保","一般会計","民生費","社会福祉費","高齢者福祉費","高齢福祉部 高齢福祉課","24374","福祉・保健・社会保障を支える行政","supports","公式予算で民生費の社会福祉費または生活保護費に属するため、福祉・社会保障に関する行政機能を支える予算事業として整理した。これはみらい議会の探索用整理であり、区の公式な課題分類ではない。","B_strong_structural","{""matched_rule_id"":""social-welfare-official-hierarchy"",""budget_item_key"":""2026_general_expenditure_03_01_02"",""identity_fields"":{""display_program_name"":""ひとりぐらし高齢者の安全確保"",""hierarchy"":[""民生費"",""社会福祉費"",""高齢者福祉費""],""department_display_name"":""高齢福祉部 高齢福祉課"",""amount_thousand_yen"":24374},""member_programs"":[{""program_id"":""2026_general_expenditure_03_01_02_04_05_01"",""major_program_name"":""高齢者生活支援事業費"",""budget_program_name"":""ひとりぐらし高齢者の安全確保"",""detail_program_name"":""ひとりぐらし高齢者の安全確保"",""source_file"":""ippansaisyutu.csv"",""source_row_number"":9631}],""same_budget_item_other_program_names"":[""あんしん見守り事業"",""シニアボランティアポイント事業"",""ひとりぐらし高齢者見守り機器補助事業"",""ひとりぐらし高齢者等状況把握"",""一時生活援助施設運営"",""一般介護予防事業"",""介護予防施策推進事業"",""慶祝事業"",""高齢者おむつ支給"",""高齢者コミュニケーションサービス"",""高齢者スマートフォン購入費助成"",""高齢者はり・灸・マッサージサービス"",""高齢者会食サービス"",""高齢者在宅サービスセンター維持管理"",""高齢者住宅改修助成"",""高齢者寝具乾燥・訪問理美容サービス"",""高齢者補聴器購入費助成"",""支えあいミニデイ支援の推進"",""生活支援体制整備事業"",""生計困難者負担軽減事業"",""地域包括支援センター運営委託"",""地域包括支援センター事務委託"",""地域包括支援センター障害者・子育て家庭等相談事業"",""地域包括支援センター認知症社会参加推進事業"",""認知症在宅生活サポートセンター認知症社会参加推進事業"",""認知症施策運営事業"",""福祉緊急対応"",""民生委員ふれあい訪問"",""養護老人ホーム入所措置""],""related_revenues"":[{""revenue_detail_id"":""rd_2026_general_revenue_14_02_02_42_25_3645100000"",""revenue_hierarchy"":[""都支出金"",""都補助金"",""民生費補助金"",""高齢者施策推進区市町村包括補助事業"",""高齢者緊急通報システム事業""],""amount_attribution_status"":""not_available""},{""revenue_detail_id"":""rd_2026_general_revenue_19_06_09_50_41_3645100000"",""revenue_hierarchy"":[""諸収入"",""雑入"",""雑入"",""雑入"",""ひとりぐらし高齢者の安全確保""],""amount_attribution_status"":""not_available""}]}","high","approve","B_strong_structural・確信度highの一括承認ルールにより承認"
"bpi_0dfb8c5e972e73a6a5c8bfc3451c3c97b829e1bae009faa69c56b4e0899b74e0","成年後見報酬助成","介護保険事業会計","地域支援事業費","包括支援事業・任意事業費","任意事業費","保健福祉政策部 生活福祉課","24360","福祉・保健・社会保障を支える行政","supports","公式予算で国民健康保険、後期高齢者医療、介護保険の特別会計に属するため、社会保障に関する行政機能を支える予算事業として整理した。","B_strong_structural","{""matched_rule_id"":""social-insurance-accounts-official-hierarchy"",""budget_item_key"":""2026_long_term_care_insurance_expenditure_49_02_02"",""identity_fields"":{""display_program_name"":""成年後見報酬助成"",""hierarchy"":[""地域支援事業費"",""包括支援事業・任意事業費"",""任意事業費""],""department_display_name"":""保健福祉政策部 生活福祉課"",""amount_thousand_yen"":24360},""member_programs"":[{""program_id"":""2026_long_term_care_insurance_expenditure_49_02_02_01_12_01"",""major_program_name"":""任意事業費"",""budget_program_name"":""成年後見報酬助成"",""detail_program_name"":""成年後見報酬助成"",""source_file"":""ippansaisyutu.csv"",""source_row_number"":9571}],""same_budget_item_other_program_names"":[""家族介護支援事業"",""介護給付適正化事業"",""高齢者おむつ支給"",""高齢者安心コール"",""住宅改修アドバイザー派遣"",""認知症ケア推進事業""],""related_revenues"":[{""revenue_detail_id"":""rd_2026_long_term_care_insurance_revenue_41_01_01_01_65_3595200000"",""revenue_hierarchy"":[""保険料"",""介護保険料"",""第１号被保険者保険料"",""現年度分特別徴収分"",""成年後見制度""],""amount_attribution_status"":""not_available""},{""revenue_detail_id"":""rd_2026_long_term_care_insurance_revenue_43_02_05_01_19_3595200000"",""revenue_hierarchy"":[""国庫支出金"",""国庫補助金"",""地域支援事業交付金（包括的支援事業・任意事業）"",""現年度分"",""成年後見制度""],""amount_attribution_status"":""not_available""},{""revenue_detail_id"":""rd_2026_long_term_care_insurance_revenue_45_03_02_01_19_3595200000"",""revenue_hierarchy"":[""都支出金"",""都補助金"",""地域支援事業交付金（包括的支援事業・任意事業）"",""現年度分"",""成年後見制度""],""amount_attribution_status"":""not_available""},{""revenue_detail_id"":""rd_2026_long_term_care_insurance_revenue_48_01_04_01_19_3595200000"",""revenue_hierarchy"":[""繰入金"",""一般会計繰入金"",""地域支援事業繰入金（包括的支援・任意事業）"",""現年度分"",""成年後見制度""],""amount_attribution_status"":""not_available""}]}","high","approve","B_strong_structural・確信度highの一括承認ルールにより承認"
"bpi_71371e2cb82f0cfbd7e49dfd8879ed5a649cbdfa23fc73715110842b3e37cfd0","特別区区民葬儀助成事業","一般会計","民生費","社会福祉費","社会福祉総務費","保健福祉政策部 生活福祉課","23949","福祉・保健・社会保障を支える行政","supports","公式予算で民生費の社会福祉費または生活保護費に属するため、福祉・社会保障に関する行政機能を支える予算事業として整理した。これはみらい議会の探索用整理であり、区の公式な課題分類ではない。","B_strong_structural","{""matched_rule_id"":""social-welfare-official-hierarchy"",""budget_item_key"":""2026_general_expenditure_03_01_01"",""identity_fields"":{""display_program_name"":""特別区区民葬儀助成事業"",""hierarchy"":[""民生費"",""社会福祉費"",""社会福祉総務費""],""department_display_name"":""保健福祉政策部 生活福祉課"",""amount_thousand_yen"":23949},""member_programs"":[{""program_id"":""2026_general_expenditure_03_01_01_06_25_01"",""major_program_name"":""その他の社会福祉事業費（２）"",""budget_program_name"":""特別区区民葬儀助成事業"",""detail_program_name"":""特別区区民葬儀助成事業"",""source_file"":""ippansaisyutu.csv"",""source_row_number"":9565}],""same_budget_item_other_program_names"":[""ケアハウス整備促進等事業"",""ケアマネジメントの総合的推進"",""ひきこもり対策"",""ボランティア施設改修"",""ボランティア団体等援助"",""移動困難者の移送システム"",""医療的ケア児（者）支援の充実"",""医療的ケア児の笑顔を支える基金積立金"",""介護人材確保・定着支援事業"",""介護保険事業会計繰出金"",""旧軍人等の援護"",""後期高齢者医療会計繰出金"",""行旅病人及死亡人取扱"",""高齢福祉部運営事業"",""高齢福祉部庶務事務"",""国民健康保険事業会計繰出金"",""災害時ボランティア受入体制整備事業"",""社会福祉協議会運営助成"",""社会福祉事業団運営助成"",""社会福祉法人に対する高齢者施設整備助成"",""社会福祉法人に対する障害者施設整備助成"",""社会福祉法人の認可・指導検査"",""終活支援センター運営事業"",""住宅手当緊急特別措置事業"",""住民税非課税世帯等への価格高騰重点支援給付金支給"",""障害者グループホーム整備助成"",""障害者サービス広報事業"",""障害者差別解消推進"",""障害者施設整備促進等事業"",""障害者福祉施策の計画・調整"",""障害認定審査事務運営"",""障害福祉部庶務事務"",""心身障害者医療費助成"",""世田谷区地域福祉推進事業"",""世田谷保健福祉センター分室維持管理"",""成年後見制度"",""生活安定支援事業"",""生活困窮者自立促進支援事業"",""生活保健事務（烏山）"",""生活保健事務（砧）"",""生活保健事務（玉川）"",""生活保健事務（世田谷）"",""生活保健事務（北沢）"",""専門的人材の確保・養成事業"",""相談員業務（烏山）"",""相談員業務（砧）"",""相談員業務（玉川）"",""相談員業務（世田谷）"",""相談員業務（北沢）"",""地域福祉活動等促進事業"",""地域福祉資源開発事業"",""地域保健福祉審議会の運営"",""地域保健福祉等推進基金積立金"",""地域密着型サービス拠点等整備助成"",""地区高齢者見守りネットワーク事業"",""特定中国残留邦人等支援事業"",""特別養護老人ホーム等運営支援"",""避難行動要支援者支援の推進"",""福祉資金貸付"",""福祉人材育成・研修センター運営事業"",""保健医療福祉総合プラザ維持運営"",""保健福祉サービス苦情審査会運営"",""保健福祉サービス質の向上の推進"",""保健福祉運営事務（烏山）"",""保健福祉運営事務（砧）"",""保健福祉運営事務（玉川）"",""保健福祉運営事務（世田谷）"",""保健福祉運営事務（北沢）"",""保健福祉政策部運営事業"",""保健福祉政策部庶務事務"",""民生委員等活動"",""路上生活対策事業"",""老人保健施設整備助成""],""related_revenues"":[]}","high","approve","B_strong_structural・確信度highの一括承認ルールにより承認"
"bpi_801a822f4b1e581259a39dc17d52f2c54b53d2d627abbaea71ff150e073c25dc","人と動物との共生推進事業","一般会計","衛生費","環境衛生費","環境衛生費","世田谷保健所 生活保健課","22838","福祉・保健・社会保障を支える行政","supports","公式予算で衛生費に属するため、保健・公衆衛生に関する行政機能を支える予算事業として整理した。","B_strong_structural","{""matched_rule_id"":""public-health-official-hierarchy"",""budget_item_key"":""2026_general_expenditure_05_04_01"",""identity_fields"":{""display_program_name"":""人と動物との共生推進事業"",""hierarchy"":[""衛生費"",""環境衛生費"",""環境衛生費""],""department_display_name"":""世田谷保健所 生活保健課"",""amount_thousand_yen"":22838},""member_programs"":[{""program_id"":""2026_general_expenditure_05_04_01_01_04_01"",""major_program_name"":""環境衛生事業費"",""budget_program_name"":""人と動物との共生推進事業"",""detail_program_name"":""人と動物との共生推進事業"",""source_file"":""ippansaisyutu.csv"",""source_row_number"":9927}],""same_budget_item_other_program_names"":[""医事薬事監視普及"",""化学検査事業運営"",""環境衛生監視普及"",""狂犬病予防法事務"",""検査センター事務"",""細菌検査事業運営"",""住宅宿泊事業監視普及"",""食の安全・安心の推進"",""食品衛生監視普及"",""鼠・害虫相談・水害消毒"",""臨床検査事業運営""],""related_revenues"":[{""revenue_detail_id"":""rd_2026_general_revenue_14_02_02_40_22_3785700000"",""revenue_hierarchy"":[""都支出金"",""都補助金"",""民生費補助金"",""保健医療政策区市町村包括補助事業費"",""飼い主のいない猫対策""],""amount_attribution_status"":""not_available""},{""revenue_detail_id"":""rd_2026_general_revenue_14_02_02_40_51_3785700000"",""revenue_hierarchy"":[""都支出金"",""都補助金"",""民生費補助金"",""保健医療政策区市町村包括補助事業費"",""地域における動物愛護の推進""],""amount_attribution_status"":""not_available""},{""revenue_detail_id"":""rd_2026_general_revenue_14_02_02_40_59_3785700000"",""revenue_hierarchy"":[""都支出金"",""都補助金"",""民生費補助金"",""保健医療政策区市町村包括補助事業費"",""地域における動物の相談支援体制整備事業""],""amount_attribution_status"":""not_available""},{""revenue_detail_id"":""rd_2026_general_revenue_17_01_16_25_01_3785700000"",""revenue_hierarchy"":[""繰入金"",""基金繰入金"",""地域保健福祉等推進基金繰入金"",""人と動物との共生推進事業"",""人と動物との共生推進事業""],""amount_attribution_status"":""not_available""}]}","high","approve","B_strong_structural・確信度highの一括承認ルールにより承認"
"bpi_c118baf1d0fa9a6650908f5c163d09c8c8e1ffc6eb355f7b60fd3056f17619b5","重度脳性麻痺者介護人派遣","一般会計","民生費","社会福祉費","障害者福祉費","障害福祉部 障害施策課","21478","福祉・保健・社会保障を支える行政","supports","公式予算で民生費の社会福祉費または生活保護費に属するため、福祉・社会保障に関する行政機能を支える予算事業として整理した。これはみらい議会の探索用整理であり、区の公式な課題分類ではない。","B_strong_structural","{""matched_rule_id"":""social-welfare-official-hierarchy"",""budget_item_key"":""2026_general_expenditure_03_01_03"",""identity_fields"":{""display_program_name"":""重度脳性麻痺者介護人派遣"",""hierarchy"":[""民生費"",""社会福祉費"",""障害者福祉費""],""department_display_name"":""障害福祉部 障害施策課"",""amount_thousand_yen"":21478},""member_programs"":[{""program_id"":""2026_general_expenditure_03_01_03_03_02_01"",""major_program_name"":""障害者生活支援事業"",""budget_program_name"":""重度脳性麻痺者介護人派遣"",""detail_program_name"":""重度脳性麻痺者介護人派遣"",""source_file"":""ippansaisyutu.csv"",""source_row_number"":9709}],""same_budget_item_other_program_names"":[""介護者リフレッシュ"",""基幹相談支援センター事業運営"",""技術支援（児童福祉施設）事業運営"",""更生訓練費助成"",""自立支援医療"",""障害児入所給付費"",""障害者おむつ支給"",""障害者グループホーム事業等助成"",""障害者コミュニケーションサービス"",""障害者ホームヘルパー等派遣"",""障害者虐待防止推進事業"",""障害者緊急介護人派遣"",""障害者自動車利用支援"",""障害者自立支援給付"",""障害者寝具乾燥・訪問理美容サービス"",""障害者親亡きあと対策"",""障害者設備改善費給付"",""障害者専門相談事業運営"",""障害者相談支援"",""障害者団体活動支援"",""障害者団体支援"",""障害者日常生活用具等給付"",""障害者入浴サービス"",""障害者配食サービス"",""障害者福祉手当"",""障害理解促進"",""身体障害者及知的障害者相談員活動"",""精神障害者ピアサポート支援事業"",""精神保健福祉団体連携事業"",""地域生活支援拠点等整備事業"",""乳幼児育成相談事業運営"",""被爆者見舞金"",""補装具給付"",""民間空襲等被害者見舞金支給""],""related_revenues"":[{""revenue_detail_id"":""rd_2026_general_revenue_14_01_01_10_01_3655100000"",""revenue_hierarchy"":[""都支出金"",""都負担金"",""民生費負担金"",""重度脳性麻痺者介護人派遣費"",""重度脳性麻痺者介護人派遣""],""amount_attribution_status"":""not_available""}]}","high","approve","B_strong_structural・確信度highの一括承認ルールにより承認"
"bpi_5e9597fe8869ca77aa514130b83d1c59d92379d7599059b6ff1c44d6aa414fe2","高齢者肺炎球菌予防接種","一般会計","衛生費","公衆衛生費","感染症予防費","世田谷保健所 感染症対策課","21260","福祉・保健・社会保障を支える行政","supports","公式予算で衛生費に属するため、保健・公衆衛生に関する行政機能を支える予算事業として整理した。","B_strong_structural","{""matched_rule_id"":""public-health-official-hierarchy"",""budget_item_key"":""2026_general_expenditure_05_03_07"",""identity_fields"":{""display_program_name"":""高齢者肺炎球菌予防接種"",""hierarchy"":[""衛生費"",""公衆衛生費"",""感染症予防費""],""department_display_name"":""世田谷保健所 感染症対策課"",""amount_thousand_yen"":21260},""member_programs"":[{""program_id"":""2026_general_expenditure_05_03_07_02_05_01"",""major_program_name"":""感染症予防事業費"",""budget_program_name"":""高齢者肺炎球菌予防接種"",""detail_program_name"":""高齢者肺炎球菌予防接種"",""source_file"":""ippansaisyutu.csv"",""source_row_number"":9919}],""same_budget_item_other_program_names"":[""おたふくかぜ予防接種助成"",""感染症対策"",""結核対策"",""高齢者インフルエンザ予防接種"",""高齢者新型コロナ予防接種"",""子どもインフルエンザ予防接種助成"",""帯状疱疹予防接種助成"",""男性ＨＰＶ予防接種助成"",""定期及臨時予防接種"",""難病・被爆者対策"",""風しん抗体検査・予防接種""],""related_revenues"":[{""revenue_detail_id"":""rd_2026_general_revenue_19_04_04_04_04_3785250000"",""revenue_hierarchy"":[""諸収入"",""受託事業収入"",""衛生費受託収入"",""感染症予防費"",""高齢者肺炎球菌予防接種受託収入""],""amount_attribution_status"":""not_available""}]}","high","approve","B_strong_structural・確信度highの一括承認ルールにより承認"
"bpi_cf2e631b033922fd91a45185ea24bfc936b7b0e16fa962f7c9b7808d1627810a","路上生活対策事業","一般会計","民生費","社会福祉費","社会福祉総務費","保健福祉政策部 生活福祉課","20876","福祉・保健・社会保障を支える行政","supports","公式予算で民生費の社会福祉費または生活保護費に属するため、福祉・社会保障に関する行政機能を支える予算事業として整理した。これはみらい議会の探索用整理であり、区の公式な課題分類ではない。","B_strong_structural","{""matched_rule_id"":""social-welfare-official-hierarchy"",""budget_item_key"":""2026_general_expenditure_03_01_01"",""identity_fields"":{""display_program_name"":""路上生活対策事業"",""hierarchy"":[""民生費"",""社会福祉費"",""社会福祉総務費""],""department_display_name"":""保健福祉政策部 生活福祉課"",""amount_thousand_yen"":20876},""member_programs"":[{""program_id"":""2026_general_expenditure_03_01_01_03_75_01"",""major_program_name"":""その他の社会福祉事業費"",""budget_program_name"":""路上生活対策事業"",""detail_program_name"":""路上生活対策事業"",""source_file"":""ippansaisyutu.csv"",""source_row_number"":9556}],""same_budget_item_other_program_names"":[""ケアハウス整備促進等事業"",""ケアマネジメントの総合的推進"",""ひきこもり対策"",""ボランティア施設改修"",""ボランティア団体等援助"",""移動困難者の移送システム"",""医療的ケア児（者）支援の充実"",""医療的ケア児の笑顔を支える基金積立金"",""介護人材確保・定着支援事業"",""介護保険事業会計繰出金"",""旧軍人等の援護"",""後期高齢者医療会計繰出金"",""行旅病人及死亡人取扱"",""高齢福祉部運営事業"",""高齢福祉部庶務事務"",""国民健康保険事業会計繰出金"",""災害時ボランティア受入体制整備事業"",""社会福祉協議会運営助成"",""社会福祉事業団運営助成"",""社会福祉法人に対する高齢者施設整備助成"",""社会福祉法人に対する障害者施設整備助成"",""社会福祉法人の認可・指導検査"",""終活支援センター運営事業"",""住宅手当緊急特別措置事業"",""住民税非課税世帯等への価格高騰重点支援給付金支給"",""障害者グループホーム整備助成"",""障害者サービス広報事業"",""障害者差別解消推進"",""障害者施設整備促進等事業"",""障害者福祉施策の計画・調整"",""障害認定審査事務運営"",""障害福祉部庶務事務"",""心身障害者医療費助成"",""世田谷区地域福祉推進事業"",""世田谷保健福祉センター分室維持管理"",""成年後見制度"",""生活安定支援事業"",""生活困窮者自立促進支援事業"",""生活保健事務（烏山）"",""生活保健事務（砧）"",""生活保健事務（玉川）"",""生活保健事務（世田谷）"",""生活保健事務（北沢）"",""専門的人材の確保・養成事業"",""相談員業務（烏山）"",""相談員業務（砧）"",""相談員業務（玉川）"",""相談員業務（世田谷）"",""相談員業務（北沢）"",""地域福祉活動等促進事業"",""地域福祉資源開発事業"",""地域保健福祉審議会の運営"",""地域保健福祉等推進基金積立金"",""地域密着型サービス拠点等整備助成"",""地区高齢者見守りネットワーク事業"",""特定中国残留邦人等支援事業"",""特別区区民葬儀助成事業"",""特別養護老人ホーム等運営支援"",""避難行動要支援者支援の推進"",""福祉資金貸付"",""福祉人材育成・研修センター運営事業"",""保健医療福祉総合プラザ維持運営"",""保健福祉サービス苦情審査会運営"",""保健福祉サービス質の向上の推進"",""保健福祉運営事務（烏山）"",""保健福祉運営事務（砧）"",""保健福祉運営事務（玉川）"",""保健福祉運営事務（世田谷）"",""保健福祉運営事務（北沢）"",""保健福祉政策部運営事業"",""保健福祉政策部庶務事務"",""民生委員等活動"",""老人保健施設整備助成""],""related_revenues"":[]}","high","approve","B_strong_structural・確信度highの一括承認ルールにより承認"
"bpi_cbb172ed1191960dd526e0832dc19ec964d326592b374c670402cb191a9cb942","在宅医療の充実","一般会計","衛生費","衛生管理費","衛生総務費","保健福祉政策部 保福推進課","20000","福祉・保健・社会保障を支える行政","supports","公式予算で衛生費に属するため、保健・公衆衛生に関する行政機能を支える予算事業として整理した。","B_strong_structural","{""matched_rule_id"":""public-health-official-hierarchy"",""budget_item_key"":""2026_general_expenditure_05_01_01"",""identity_fields"":{""display_program_name"":""在宅医療の充実"",""hierarchy"":[""衛生費"",""衛生管理費"",""衛生総務費""],""department_display_name"":""保健福祉政策部 保福推進課"",""amount_thousand_yen"":20000},""member_programs"":[{""program_id"":""2026_general_expenditure_05_01_01_01_04_01"",""major_program_name"":""地域医療事業費"",""budget_program_name"":""在宅医療の充実"",""detail_program_name"":""在宅医療の充実"",""source_file"":""ippansaisyutu.csv"",""source_row_number"":9545}],""same_budget_item_other_program_names"":[""歯科保健サービスの充実"",""精神障害者保健福祉手帳等進達事務"",""地域医療整備"",""保健衛生施設整備""],""related_revenues"":[{""revenue_detail_id"":""rd_2026_general_revenue_14_02_02_82_05_3595150000"",""revenue_hierarchy"":[""都支出金"",""都補助金"",""民生費補助金"",""区市町村在宅療養推進事業"",""２４時間診療体制推進事業""],""amount_attribution_status"":""not_available""},{""revenue_detail_id"":""rd_2026_general_revenue_14_02_02_82_06_3595150000"",""revenue_hierarchy"":[""都支出金"",""都補助金"",""民生費補助金"",""区市町村在宅療養推進事業"",""デジタル技術を活用した医療ＤＸ推進事業""],""amount_attribution_status"":""not_available""}]}","high","approve","B_strong_structural・確信度highの一括承認ルールにより承認"
"bpi_e72384395b2ae9e534a1102546ee3354bb8fedb525293cd58df6409b1fd24a9c","障害認定審査事務運営","一般会計","民生費","社会福祉費","社会福祉総務費","障害福祉部 障害施策課","19783","福祉・保健・社会保障を支える行政","supports","公式予算で民生費の社会福祉費または生活保護費に属するため、福祉・社会保障に関する行政機能を支える予算事業として整理した。これはみらい議会の探索用整理であり、区の公式な課題分類ではない。","B_strong_structural","{""matched_rule_id"":""social-welfare-official-hierarchy"",""budget_item_key"":""2026_general_expenditure_03_01_01"",""identity_fields"":{""display_program_name"":""障害認定審査事務運営"",""hierarchy"":[""民生費"",""社会福祉費"",""社会福祉総務費""],""department_display_name"":""障害福祉部 障害施策課"",""amount_thousand_yen"":19783},""member_programs"":[{""program_id"":""2026_general_expenditure_03_01_01_03_76_01"",""major_program_name"":""その他の社会福祉事業費"",""budget_program_name"":""障害認定審査事務運営"",""detail_program_name"":""障害認定審査事務運営"",""source_file"":""ippansaisyutu.csv"",""source_row_number"":9703}],""same_budget_item_other_program_names"":[""ケアハウス整備促進等事業"",""ケアマネジメントの総合的推進"",""ひきこもり対策"",""ボランティア施設改修"",""ボランティア団体等援助"",""移動困難者の移送システム"",""医療的ケア児（者）支援の充実"",""医療的ケア児の笑顔を支える基金積立金"",""介護人材確保・定着支援事業"",""介護保険事業会計繰出金"",""旧軍人等の援護"",""後期高齢者医療会計繰出金"",""行旅病人及死亡人取扱"",""高齢福祉部運営事業"",""高齢福祉部庶務事務"",""国民健康保険事業会計繰出金"",""災害時ボランティア受入体制整備事業"",""社会福祉協議会運営助成"",""社会福祉事業団運営助成"",""社会福祉法人に対する高齢者施設整備助成"",""社会福祉法人に対する障害者施設整備助成"",""社会福祉法人の認可・指導検査"",""終活支援センター運営事業"",""住宅手当緊急特別措置事業"",""住民税非課税世帯等への価格高騰重点支援給付金支給"",""障害者グループホーム整備助成"",""障害者サービス広報事業"",""障害者差別解消推進"",""障害者施設整備促進等事業"",""障害者福祉施策の計画・調整"",""障害福祉部庶務事務"",""心身障害者医療費助成"",""世田谷区地域福祉推進事業"",""世田谷保健福祉センター分室維持管理"",""成年後見制度"",""生活安定支援事業"",""生活困窮者自立促進支援事業"",""生活保健事務（烏山）"",""生活保健事務（砧）"",""生活保健事務（玉川）"",""生活保健事務（世田谷）"",""生活保健事務（北沢）"",""専門的人材の確保・養成事業"",""相談員業務（烏山）"",""相談員業務（砧）"",""相談員業務（玉川）"",""相談員業務（世田谷）"",""相談員業務（北沢）"",""地域福祉活動等促進事業"",""地域福祉資源開発事業"",""地域保健福祉審議会の運営"",""地域保健福祉等推進基金積立金"",""地域密着型サービス拠点等整備助成"",""地区高齢者見守りネットワーク事業"",""特定中国残留邦人等支援事業"",""特別区区民葬儀助成事業"",""特別養護老人ホーム等運営支援"",""避難行動要支援者支援の推進"",""福祉資金貸付"",""福祉人材育成・研修センター運営事業"",""保健医療福祉総合プラザ維持運営"",""保健福祉サービス苦情審査会運営"",""保健福祉サービス質の向上の推進"",""保健福祉運営事務（烏山）"",""保健福祉運営事務（砧）"",""保健福祉運営事務（玉川）"",""保健福祉運営事務（世田谷）"",""保健福祉運営事務（北沢）"",""保健福祉政策部運営事業"",""保健福祉政策部庶務事務"",""民生委員等活動"",""路上生活対策事業"",""老人保健施設整備助成""],""related_revenues"":[]}","high","approve","B_strong_structural・確信度highの一括承認ルールにより承認"
"bpi_cc02c06bd27e851f4bde266884eb400e89082afa4877ebe05650fd2a2c7e800d","医療的ケア児の笑顔を支える基金積立金","一般会計","民生費","社会福祉費","社会福祉総務費","障害福祉部 障害保健福祉課","18746","福祉・保健・社会保障を支える行政","supports","公式予算で民生費の社会福祉費または生活保護費に属するため、福祉・社会保障に関する行政機能を支える予算事業として整理した。これはみらい議会の探索用整理であり、区の公式な課題分類ではない。","B_strong_structural","{""matched_rule_id"":""social-welfare-official-hierarchy"",""budget_item_key"":""2026_general_expenditure_03_01_01"",""identity_fields"":{""display_program_name"":""医療的ケア児の笑顔を支える基金積立金"",""hierarchy"":[""民生費"",""社会福祉費"",""社会福祉総務費""],""department_display_name"":""障害福祉部 障害保健福祉課"",""amount_thousand_yen"":18746},""member_programs"":[{""program_id"":""2026_general_expenditure_03_01_01_06_20_01"",""major_program_name"":""その他の社会福祉事業費（２）"",""budget_program_name"":""医療的ケア児の笑顔を支える基金積立金"",""detail_program_name"":""医療的ケア児の笑顔を支える基金積立金"",""source_file"":""ippansaisyutu.csv"",""source_row_number"":9757}],""same_budget_item_other_program_names"":[""ケアハウス整備促進等事業"",""ケアマネジメントの総合的推進"",""ひきこもり対策"",""ボランティア施設改修"",""ボランティア団体等援助"",""移動困難者の移送システム"",""医療的ケア児（者）支援の充実"",""介護人材確保・定着支援事業"",""介護保険事業会計繰出金"",""旧軍人等の援護"",""後期高齢者医療会計繰出金"",""行旅病人及死亡人取扱"",""高齢福祉部運営事業"",""高齢福祉部庶務事務"",""国民健康保険事業会計繰出金"",""災害時ボランティア受入体制整備事業"",""社会福祉協議会運営助成"",""社会福祉事業団運営助成"",""社会福祉法人に対する高齢者施設整備助成"",""社会福祉法人に対する障害者施設整備助成"",""社会福祉法人の認可・指導検査"",""終活支援センター運営事業"",""住宅手当緊急特別措置事業"",""住民税非課税世帯等への価格高騰重点支援給付金支給"",""障害者グループホーム整備助成"",""障害者サービス広報事業"",""障害者差別解消推進"",""障害者施設整備促進等事業"",""障害者福祉施策の計画・調整"",""障害認定審査事務運営"",""障害福祉部庶務事務"",""心身障害者医療費助成"",""世田谷区地域福祉推進事業"",""世田谷保健福祉センター分室維持管理"",""成年後見制度"",""生活安定支援事業"",""生活困窮者自立促進支援事業"",""生活保健事務（烏山）"",""生活保健事務（砧）"",""生活保健事務（玉川）"",""生活保健事務（世田谷）"",""生活保健事務（北沢）"",""専門的人材の確保・養成事業"",""相談員業務（烏山）"",""相談員業務（砧）"",""相談員業務（玉川）"",""相談員業務（世田谷）"",""相談員業務（北沢）"",""地域福祉活動等促進事業"",""地域福祉資源開発事業"",""地域保健福祉審議会の運営"",""地域保健福祉等推進基金積立金"",""地域密着型サービス拠点等整備助成"",""地区高齢者見守りネットワーク事業"",""特定中国残留邦人等支援事業"",""特別区区民葬儀助成事業"",""特別養護老人ホーム等運営支援"",""避難行動要支援者支援の推進"",""福祉資金貸付"",""福祉人材育成・研修センター運営事業"",""保健医療福祉総合プラザ維持運営"",""保健福祉サービス苦情審査会運営"",""保健福祉サービス質の向上の推進"",""保健福祉運営事務（烏山）"",""保健福祉運営事務（砧）"",""保健福祉運営事務（玉川）"",""保健福祉運営事務（世田谷）"",""保健福祉運営事務（北沢）"",""保健福祉政策部運営事業"",""保健福祉政策部庶務事務"",""民生委員等活動"",""路上生活対策事業"",""老人保健施設整備助成""],""related_revenues"":[{""revenue_detail_id"":""rd_2026_general_revenue_15_01_02_02_54_3655300000"",""revenue_hierarchy"":[""財産収入"",""財産運用収入"",""利子及配当金"",""基金利子"",""医療的ケア児の笑顔を支える基金""],""amount_attribution_status"":""not_available""},{""revenue_detail_id"":""rd_2026_general_revenue_16_01_02_03_12_3655300000"",""revenue_hierarchy"":[""寄附金"",""寄附金"",""指定寄附金"",""民生費"",""医療的ケア児の笑顔を支える基金""],""amount_attribution_status"":""not_available""}]}","high","approve","B_strong_structural・確信度highの一括承認ルールにより承認"
"bpi_86996e86ad25e45cd66dee2fabc3073de76ae06d4b6921f24412af5af13e9193","地域福祉活動等促進事業","一般会計","民生費","社会福祉費","社会福祉総務費","保健福祉政策部 保健福祉政策課","17700","福祉・保健・社会保障を支える行政","supports","公式予算で民生費の社会福祉費または生活保護費に属するため、福祉・社会保障に関する行政機能を支える予算事業として整理した。これはみらい議会の探索用整理であり、区の公式な課題分類ではない。","B_strong_structural","{""matched_rule_id"":""social-welfare-official-hierarchy"",""budget_item_key"":""2026_general_expenditure_03_01_01"",""identity_fields"":{""display_program_name"":""地域福祉活動等促進事業"",""hierarchy"":[""民生費"",""社会福祉費"",""社会福祉総務費""],""department_display_name"":""保健福祉政策部 保健福祉政策課"",""amount_thousand_yen"":17700},""member_programs"":[{""program_id"":""2026_general_expenditure_03_01_01_03_72_01"",""major_program_name"":""その他の社会福祉事業費"",""budget_program_name"":""地域福祉活動等促進事業"",""detail_program_name"":""地域福祉活動等促進事業"",""source_file"":""ippansaisyutu.csv"",""source_row_number"":9530}],""same_budget_item_other_program_names"":[""ケアハウス整備促進等事業"",""ケアマネジメントの総合的推進"",""ひきこもり対策"",""ボランティア施設改修"",""ボランティア団体等援助"",""移動困難者の移送システム"",""医療的ケア児（者）支援の充実"",""医療的ケア児の笑顔を支える基金積立金"",""介護人材確保・定着支援事業"",""介護保険事業会計繰出金"",""旧軍人等の援護"",""後期高齢者医療会計繰出金"",""行旅病人及死亡人取扱"",""高齢福祉部運営事業"",""高齢福祉部庶務事務"",""国民健康保険事業会計繰出金"",""災害時ボランティア受入体制整備事業"",""社会福祉協議会運営助成"",""社会福祉事業団運営助成"",""社会福祉法人に対する高齢者施設整備助成"",""社会福祉法人に対する障害者施設整備助成"",""社会福祉法人の認可・指導検査"",""終活支援センター運営事業"",""住宅手当緊急特別措置事業"",""住民税非課税世帯等への価格高騰重点支援給付金支給"",""障害者グループホーム整備助成"",""障害者サービス広報事業"",""障害者差別解消推進"",""障害者施設整備促進等事業"",""障害者福祉施策の計画・調整"",""障害認定審査事務運営"",""障害福祉部庶務事務"",""心身障害者医療費助成"",""世田谷区地域福祉推進事業"",""世田谷保健福祉センター分室維持管理"",""成年後見制度"",""生活安定支援事業"",""生活困窮者自立促進支援事業"",""生活保健事務（烏山）"",""生活保健事務（砧）"",""生活保健事務（玉川）"",""生活保健事務（世田谷）"",""生活保健事務（北沢）"",""専門的人材の確保・養成事業"",""相談員業務（烏山）"",""相談員業務（砧）"",""相談員業務（玉川）"",""相談員業務（世田谷）"",""相談員業務（北沢）"",""地域福祉資源開発事業"",""地域保健福祉審議会の運営"",""地域保健福祉等推進基金積立金"",""地域密着型サービス拠点等整備助成"",""地区高齢者見守りネットワーク事業"",""特定中国残留邦人等支援事業"",""特別区区民葬儀助成事業"",""特別養護老人ホーム等運営支援"",""避難行動要支援者支援の推進"",""福祉資金貸付"",""福祉人材育成・研修センター運営事業"",""保健医療福祉総合プラザ維持運営"",""保健福祉サービス苦情審査会運営"",""保健福祉サービス質の向上の推進"",""保健福祉運営事務（烏山）"",""保健福祉運営事務（砧）"",""保健福祉運営事務（玉川）"",""保健福祉運営事務（世田谷）"",""保健福祉運営事務（北沢）"",""保健福祉政策部運営事業"",""保健福祉政策部庶務事務"",""民生委員等活動"",""路上生活対策事業"",""老人保健施設整備助成""],""related_revenues"":[{""revenue_detail_id"":""rd_2026_general_revenue_17_01_16_10_02_3595110000"",""revenue_hierarchy"":[""繰入金"",""基金繰入金"",""地域保健福祉等推進基金繰入金"",""地域福祉活動等促進事業"",""福祉施設等支援""],""amount_attribution_status"":""not_available""}]}","high","approve","B_strong_structural・確信度highの一括承認ルールにより承認"
"bpi_4218bb6c73f7e3cd179dcbff355f4bd209f11c7396bd76cf00d7cd5a8c991fe5","化学検査事業運営","一般会計","衛生費","環境衛生費","環境衛生費","世田谷保健所 健康企画課","17410","福祉・保健・社会保障を支える行政","supports","公式予算で衛生費に属するため、保健・公衆衛生に関する行政機能を支える予算事業として整理した。","B_strong_structural","{""matched_rule_id"":""public-health-official-hierarchy"",""budget_item_key"":""2026_general_expenditure_05_04_01"",""identity_fields"":{""display_program_name"":""化学検査事業運営"",""hierarchy"":[""衛生費"",""環境衛生費"",""環境衛生費""],""department_display_name"":""世田谷保健所 健康企画課"",""amount_thousand_yen"":17410},""member_programs"":[{""program_id"":""2026_general_expenditure_05_04_01_01_02_01"",""major_program_name"":""環境衛生事業費"",""budget_program_name"":""化学検査事業運営"",""detail_program_name"":""化学検査事業運営"",""source_file"":""ippansaisyutu.csv"",""source_row_number"":9889}],""same_budget_item_other_program_names"":[""医事薬事監視普及"",""環境衛生監視普及"",""狂犬病予防法事務"",""検査センター事務"",""細菌検査事業運営"",""住宅宿泊事業監視普及"",""食の安全・安心の推進"",""食品衛生監視普及"",""人と動物との共生推進事業"",""鼠・害虫相談・水害消毒"",""臨床検査事業運営""],""related_revenues"":[]}","high","approve","B_strong_structural・確信度highの一括承認ルールにより承認"
"bpi_eca2fab4c7cd5770e740113b5b5d5aac0f9ddba255c356aa32b88e316af7a853","介護予防福祉用具購入費","介護保険事業会計","保険給付費","介護予防サービス等諸費","介護予防福祉用具購入費","高齢福祉部 介護保険課","17108","福祉・保健・社会保障を支える行政","supports","公式予算で国民健康保険、後期高齢者医療、介護保険の特別会計に属するため、社会保障に関する行政機能を支える予算事業として整理した。","B_strong_structural","{""matched_rule_id"":""social-insurance-accounts-official-hierarchy"",""budget_item_key"":""2026_long_term_care_insurance_expenditure_42_06_03"",""identity_fields"":{""display_program_name"":""介護予防福祉用具購入費"",""hierarchy"":[""保険給付費"",""介護予防サービス等諸費"",""介護予防福祉用具購入費""],""department_display_name"":""高齢福祉部 介護保険課"",""amount_thousand_yen"":17108},""member_programs"":[{""program_id"":""2026_long_term_care_insurance_expenditure_42_06_03_01_01_01"",""major_program_name"":""介護予防福祉用具購入費"",""budget_program_name"":""介護予防福祉用具購入費"",""detail_program_name"":""介護予防福祉用具購入費"",""source_file"":""ippansaisyutu.csv"",""source_row_number"":9667}],""same_budget_item_other_program_names"":[],""related_revenues"":[{""revenue_detail_id"":""rd_2026_long_term_care_insurance_revenue_41_01_01_01_21_3645200000"",""revenue_hierarchy"":[""保険料"",""介護保険料"",""第１号被保険者保険料"",""現年度分特別徴収分"",""介護予防福祉用具購入費""],""amount_attribution_status"":""not_available""},{""revenue_detail_id"":""rd_2026_long_term_care_insurance_revenue_43_01_01_01_18_3645200000"",""revenue_hierarchy"":[""国庫支出金"",""国庫負担金"",""介護給付費負担金"",""現年度分"",""介護予防福祉用具購入費""],""amount_attribution_status"":""not_available""},{""revenue_detail_id"":""rd_2026_long_term_care_insurance_revenue_43_02_01_01_18_3645200000"",""revenue_hierarchy"":[""国庫支出金"",""国庫補助金"",""調整交付金"",""現年度分"",""介護予防福祉用具購入費""],""amount_attribution_status"":""not_available""},{""revenue_detail_id"":""rd_2026_long_term_care_insurance_revenue_44_01_01_01_18_3645200000"",""revenue_hierarchy"":[""支払基金交付金"",""支払基金交付金"",""介護給付費交付金"",""現年度分"",""介護予防福祉用具購入費""],""amount_attribution_status"":""not_available""},{""revenue_detail_id"":""rd_2026_long_term_care_insurance_revenue_45_01_01_01_18_3645200000"",""revenue_hierarchy"":[""都支出金"",""都負担金"",""介護給付費負担金"",""現年度分"",""介護予防福祉用具購入費""],""amount_attribution_status"":""not_available""},{""revenue_detail_id"":""rd_2026_long_term_care_insurance_revenue_48_01_01_01_19_3645200000"",""revenue_hierarchy"":[""繰入金"",""一般会計繰入金"",""介護給付費繰入金"",""現年度分"",""介護予防福祉用具購入費""],""amount_attribution_status"":""not_available""}]}","high","approve","B_strong_structural・確信度highの一括承認ルールにより承認"
"bpi_b5933dd811869577e6d78aff9a6b354076e2ab9cdf57b143f02b240680af4f24","国民健康保険団体連合会負担金","国民健康保険事業会計","総務費","総務管理費","連合会負担金","保健福祉政策部 国保・年金課","16525","福祉・保健・社会保障を支える行政","supports","公式予算で国民健康保険、後期高齢者医療、介護保険の特別会計に属するため、社会保障に関する行政機能を支える予算事業として整理した。","B_strong_structural","{""matched_rule_id"":""social-insurance-accounts-official-hierarchy"",""budget_item_key"":""2026_national_health_insurance_expenditure_21_01_04"",""identity_fields"":{""display_program_name"":""国民健康保険団体連合会負担金"",""hierarchy"":[""総務費"",""総務管理費"",""連合会負担金""],""department_display_name"":""保健福祉政策部 国保・年金課"",""amount_thousand_yen"":16525},""member_programs"":[{""program_id"":""2026_national_health_insurance_expenditure_21_01_04_01_01_05"",""major_program_name"":""国民健康保険団体連合会負担金"",""budget_program_name"":""国民健康保険団体連合会負担金"",""detail_program_name"":""国民健康保険団体連合会負担金"",""source_file"":""ippansaisyutu.csv"",""source_row_number"":9578}],""same_budget_item_other_program_names"":[],""related_revenues"":[{""revenue_detail_id"":""rd_2026_national_health_insurance_revenue_27_01_01_04_07_3595400000"",""revenue_hierarchy"":[""繰入金"",""一般会計繰入金"",""一般会計繰入金"",""職員給与費等繰入金"",""連合会""],""amount_attribution_status"":""not_available""}]}","high","approve","B_strong_structural・確信度highの一括承認ルールにより承認"
"bpi_7722f6501856688d644174fd4007827655881db29a6a95d8e53e40d18d212801","肝炎ウイルス検診","一般会計","衛生費","公衆衛生費","成人病予防費","世田谷保健所 健康企画課","16524","福祉・保健・社会保障を支える行政","supports","公式予算で衛生費に属するため、保健・公衆衛生に関する行政機能を支える予算事業として整理した。","B_strong_structural","{""matched_rule_id"":""public-health-official-hierarchy"",""budget_item_key"":""2026_general_expenditure_05_03_03"",""identity_fields"":{""display_program_name"":""肝炎ウイルス検診"",""hierarchy"":[""衛生費"",""公衆衛生費"",""成人病予防費""],""department_display_name"":""世田谷保健所 健康企画課"",""amount_thousand_yen"":16524},""member_programs"":[{""program_id"":""2026_general_expenditure_05_03_03_01_13_01"",""major_program_name"":""成人病予防事業費"",""budget_program_name"":""肝炎ウイルス検診"",""detail_program_name"":""肝炎ウイルス検診"",""source_file"":""ippansaisyutu.csv"",""source_row_number"":9887}],""same_budget_item_other_program_names"":[""がん検診"",""がん対策"",""骨粗しょう症検診"",""歯科保健対策"",""成人健康診査"",""生活習慣病予防対策""],""related_revenues"":[{""revenue_detail_id"":""rd_2026_general_revenue_13_02_03_11_08_3785100000"",""revenue_hierarchy"":[""国庫支出金"",""国庫補助金"",""衛生費補助金"",""感染症対策"",""肝炎ウイルス検診""],""amount_attribution_status"":""not_available""},{""revenue_detail_id"":""rd_2026_general_revenue_14_02_04_18_03_3785100000"",""revenue_hierarchy"":[""都支出金"",""都補助金"",""衛生費補助金"",""感染症対策費"",""肝炎ウイルス検診""],""amount_attribution_status"":""not_available""}]}","high","approve","B_strong_structural・確信度highの一括承認ルールにより承認"
"bpi_1b8778dd282b915ae4c6575bd79108425b3ea453e8833d033d972fd4fc5c3722","児童発達支援運営","一般会計","民生費","社会福祉費","障害者施設費","障害福祉部 障害保健福祉課","16485","福祉・保健・社会保障を支える行政","supports","公式予算で民生費の社会福祉費または生活保護費に属するため、福祉・社会保障に関する行政機能を支える予算事業として整理した。これはみらい議会の探索用整理であり、区の公式な課題分類ではない。","B_strong_structural","{""matched_rule_id"":""social-welfare-official-hierarchy"",""budget_item_key"":""2026_general_expenditure_03_01_16"",""identity_fields"":{""display_program_name"":""児童発達支援運営"",""hierarchy"":[""民生費"",""社会福祉費"",""障害者施設費""],""department_display_name"":""障害福祉部 障害保健福祉課"",""amount_thousand_yen"":16485},""member_programs"":[{""program_id"":""2026_general_expenditure_03_01_16_01_37_01"",""major_program_name"":""障害者更生指導事業費"",""budget_program_name"":""児童発達支援運営"",""detail_program_name"":""児童発達支援運営"",""source_file"":""ippansaisyutu.csv"",""source_row_number"":9764}],""same_budget_item_other_program_names"":[""グループホーム運営助成"",""就労移行・継続支援事業運営"",""重症心身障害児（者）通園施設運営助成"",""障害施設維持管理"",""障害児施設維持管理"",""障害児施設改修"",""障害者休養ホームひまわり荘運営管理"",""障害者施設改修"",""障害者施設等運営助成"",""障害者自立体験等運営事業"",""障害者授産事業"",""障害者就労促進事業"",""障害者短期入所等事業"",""生活介護事業運営"",""地域活動支援センター運営助成"",""配慮を要する児童への支援事業"",""梅ヶ丘拠点障害児通所事業運営助成"",""梅ヶ丘拠点障害者支援施設運営助成"",""福祉施設等送迎バスのネットワーク運行"",""放課後等デイサービス運営助成""],""related_revenues"":[{""revenue_detail_id"":""rd_2026_general_revenue_14_02_02_44_53_3655300000"",""revenue_hierarchy"":[""都支出金"",""都補助金"",""民生費補助金"",""障害者施策推進区市町村包括補助事業費"",""児童発達支援センター運営事業""],""amount_attribution_status"":""not_available""}]}","high","approve","B_strong_structural・確信度highの一括承認ルールにより承認"
"bpi_e7fa3b930e1be3fc765da0391c0432f4e98c9bbb9705a1ab280f9fce80bcc20d","障害者グループホーム整備助成","一般会計","民生費","社会福祉費","社会福祉総務費","障害福祉部 障害地域生活課","16472","福祉・保健・社会保障を支える行政","supports","公式予算で民生費の社会福祉費または生活保護費に属するため、福祉・社会保障に関する行政機能を支える予算事業として整理した。これはみらい議会の探索用整理であり、区の公式な課題分類ではない。","B_strong_structural","{""matched_rule_id"":""social-welfare-official-hierarchy"",""budget_item_key"":""2026_general_expenditure_03_01_01"",""identity_fields"":{""display_program_name"":""障害者グループホーム整備助成"",""hierarchy"":[""民生費"",""社会福祉費"",""社会福祉総務費""],""department_display_name"":""障害福祉部 障害地域生活課"",""amount_thousand_yen"":16472},""member_programs"":[{""program_id"":""2026_general_expenditure_03_01_01_03_33_01"",""major_program_name"":""その他の社会福祉事業費"",""budget_program_name"":""障害者グループホーム整備助成"",""detail_program_name"":""障害者グループホーム整備助成"",""source_file"":""ippansaisyutu.csv"",""source_row_number"":9738}],""same_budget_item_other_program_names"":[""ケアハウス整備促進等事業"",""ケアマネジメントの総合的推進"",""ひきこもり対策"",""ボランティア施設改修"",""ボランティア団体等援助"",""移動困難者の移送システム"",""医療的ケア児（者）支援の充実"",""医療的ケア児の笑顔を支える基金積立金"",""介護人材確保・定着支援事業"",""介護保険事業会計繰出金"",""旧軍人等の援護"",""後期高齢者医療会計繰出金"",""行旅病人及死亡人取扱"",""高齢福祉部運営事業"",""高齢福祉部庶務事務"",""国民健康保険事業会計繰出金"",""災害時ボランティア受入体制整備事業"",""社会福祉協議会運営助成"",""社会福祉事業団運営助成"",""社会福祉法人に対する高齢者施設整備助成"",""社会福祉法人に対する障害者施設整備助成"",""社会福祉法人の認可・指導検査"",""終活支援センター運営事業"",""住宅手当緊急特別措置事業"",""住民税非課税世帯等への価格高騰重点支援給付金支給"",""障害者サービス広報事業"",""障害者差別解消推進"",""障害者施設整備促進等事業"",""障害者福祉施策の計画・調整"",""障害認定審査事務運営"",""障害福祉部庶務事務"",""心身障害者医療費助成"",""世田谷区地域福祉推進事業"",""世田谷保健福祉センター分室維持管理"",""成年後見制度"",""生活安定支援事業"",""生活困窮者自立促進支援事業"",""生活保健事務（烏山）"",""生活保健事務（砧）"",""生活保健事務（玉川）"",""生活保健事務（世田谷）"",""生活保健事務（北沢）"",""専門的人材の確保・養成事業"",""相談員業務（烏山）"",""相談員業務（砧）"",""相談員業務（玉川）"",""相談員業務（世田谷）"",""相談員業務（北沢）"",""地域福祉活動等促進事業"",""地域福祉資源開発事業"",""地域保健福祉審議会の運営"",""地域保健福祉等推進基金積立金"",""地域密着型サービス拠点等整備助成"",""地区高齢者見守りネットワーク事業"",""特定中国残留邦人等支援事業"",""特別区区民葬儀助成事業"",""特別養護老人ホーム等運営支援"",""避難行動要支援者支援の推進"",""福祉資金貸付"",""福祉人材育成・研修センター運営事業"",""保健医療福祉総合プラザ維持運営"",""保健福祉サービス苦情審査会運営"",""保健福祉サービス質の向上の推進"",""保健福祉運営事務（烏山）"",""保健福祉運営事務（砧）"",""保健福祉運営事務（玉川）"",""保健福祉運営事務（世田谷）"",""保健福祉運営事務（北沢）"",""保健福祉政策部運営事業"",""保健福祉政策部庶務事務"",""民生委員等活動"",""路上生活対策事業"",""老人保健施設整備助成""],""related_revenues"":[]}","high","approve","B_strong_structural・確信度highの一括承認ルールにより承認"
"bpi_d4198eb6cee49764708c537222845bd3240194ad9d44194da7c7c1385d605afe","細菌検査事業運営","一般会計","衛生費","環境衛生費","環境衛生費","世田谷保健所 健康企画課","16399","福祉・保健・社会保障を支える行政","supports","公式予算で衛生費に属するため、保健・公衆衛生に関する行政機能を支える予算事業として整理した。","B_strong_structural","{""matched_rule_id"":""public-health-official-hierarchy"",""budget_item_key"":""2026_general_expenditure_05_04_01"",""identity_fields"":{""display_program_name"":""細菌検査事業運営"",""hierarchy"":[""衛生費"",""環境衛生費"",""環境衛生費""],""department_display_name"":""世田谷保健所 健康企画課"",""amount_thousand_yen"":16399},""member_programs"":[{""program_id"":""2026_general_expenditure_05_04_01_01_03_01"",""major_program_name"":""環境衛生事業費"",""budget_program_name"":""細菌検査事業運営"",""detail_program_name"":""細菌検査事業運営"",""source_file"":""ippansaisyutu.csv"",""source_row_number"":9890}],""same_budget_item_other_program_names"":[""医事薬事監視普及"",""化学検査事業運営"",""環境衛生監視普及"",""狂犬病予防法事務"",""検査センター事務"",""住宅宿泊事業監視普及"",""食の安全・安心の推進"",""食品衛生監視普及"",""人と動物との共生推進事業"",""鼠・害虫相談・水害消毒"",""臨床検査事業運営""],""related_revenues"":[{""revenue_detail_id"":""rd_2026_general_revenue_13_01_02_07_03_3785100000"",""revenue_hierarchy"":[""国庫支出金"",""国庫負担金"",""衛生費負担金"",""感染症対策費"",""細菌等検査用備品""],""amount_attribution_status"":""not_available""},{""revenue_detail_id"":""rd_2026_general_revenue_13_01_02_07_08_3785100000"",""revenue_hierarchy"":[""国庫支出金"",""国庫負担金"",""衛生費負担金"",""感染症対策費"",""細菌等検査""],""amount_attribution_status"":""not_available""}]}","high","approve","B_strong_structural・確信度highの一括承認ルールにより承認"
"bpi_7300d4c8f8c294bee3b0f60d201c07584718a389bb137f6a800e1058464bd0e2","健康せたがやプランの推進","一般会計","衛生費","保健所費","保健所費","世田谷保健所 健康企画課","16046","福祉・保健・社会保障を支える行政","supports","公式予算で衛生費に属するため、保健・公衆衛生に関する行政機能を支える予算事業として整理した。","B_strong_structural","{""matched_rule_id"":""public-health-official-hierarchy"",""budget_item_key"":""2026_general_expenditure_05_02_01"",""identity_fields"":{""display_program_name"":""健康せたがやプランの推進"",""hierarchy"":[""衛生費"",""保健所費"",""保健所費""],""department_display_name"":""世田谷保健所 健康企画課"",""amount_thousand_yen"":16046},""member_programs"":[{""program_id"":""2026_general_expenditure_05_02_01_01_04_01"",""major_program_name"":""保健所運営費"",""budget_program_name"":""健康せたがやプランの推進"",""detail_program_name"":""健康せたがやプランの推進"",""source_file"":""ippansaisyutu.csv"",""source_row_number"":9880}],""same_budget_item_other_program_names"":[""区民健康診断（烏山）"",""区民健康診断（砧）"",""区民健康診断（玉川）"",""区民健康診断（世田谷）"",""区民健康診断（北沢）"",""健康危機管理体制の充実"",""受動喫煙対策"",""精神障害者生活指導"",""精神保健福祉推進"",""精神保健福祉相談"",""保健所運営事務"",""保健所庶務事務""],""related_revenues"":[{""revenue_detail_id"":""rd_2026_general_revenue_13_02_03_15_01_3785100000"",""revenue_hierarchy"":[""国庫支出金"",""国庫補助金"",""衛生費補助金"",""地域保健対策費"",""地域・職域連携推進事業費""],""amount_attribution_status"":""not_available""},{""revenue_detail_id"":""rd_2026_general_revenue_14_02_02_40_47_3785100000"",""revenue_hierarchy"":[""都支出金"",""都補助金"",""民生費補助金"",""保健医療政策区市町村包括補助事業費"",""ウォーキングマップ作成・活用事業""],""amount_attribution_status"":""not_available""},{""revenue_detail_id"":""rd_2026_general_revenue_14_02_02_40_75_3785100000"",""revenue_hierarchy"":[""都支出金"",""都補助金"",""民生費補助金"",""保健医療政策区市町村包括補助事業費"",""歩きたくなる・身体活動量を増やすための環境整備事業""],""amount_attribution_status"":""not_available""}]}","high","approve","B_strong_structural・確信度highの一括承認ルールにより承認"
"bpi_0a5eab774d65273d2f554b2aba95c28982bad3a59f5e9c411166e88e4867ff90","鼠・害虫相談・水害消毒","一般会計","衛生費","環境衛生費","環境衛生費","世田谷保健所 生活保健課","15821","福祉・保健・社会保障を支える行政","supports","公式予算で衛生費に属するため、保健・公衆衛生に関する行政機能を支える予算事業として整理した。","B_strong_structural","{""matched_rule_id"":""public-health-official-hierarchy"",""budget_item_key"":""2026_general_expenditure_05_04_01"",""identity_fields"":{""display_program_name"":""鼠・害虫相談・水害消毒"",""hierarchy"":[""衛生費"",""環境衛生費"",""環境衛生費""],""department_display_name"":""世田谷保健所 生活保健課"",""amount_thousand_yen"":15821},""member_programs"":[{""program_id"":""2026_general_expenditure_05_04_01_01_06_01"",""major_program_name"":""環境衛生事業費"",""budget_program_name"":""鼠・害虫相談・水害消毒"",""detail_program_name"":""鼠・害虫相談・水害消毒"",""source_file"":""ippansaisyutu.csv"",""source_row_number"":9929}],""same_budget_item_other_program_names"":[""医事薬事監視普及"",""化学検査事業運営"",""環境衛生監視普及"",""狂犬病予防法事務"",""検査センター事務"",""細菌検査事業運営"",""住宅宿泊事業監視普及"",""食の安全・安心の推進"",""食品衛生監視普及"",""人と動物との共生推進事業"",""臨床検査事業運営""],""related_revenues"":[{""revenue_detail_id"":""rd_2026_general_revenue_13_01_02_07_07_3785700000"",""revenue_hierarchy"":[""国庫支出金"",""国庫負担金"",""衛生費負担金"",""感染症対策費"",""感染症対策（施設等消毒事業）""],""amount_attribution_status"":""not_available""},{""revenue_detail_id"":""rd_2026_general_revenue_14_02_02_40_48_3785700000"",""revenue_hierarchy"":[""都支出金"",""都補助金"",""民生費補助金"",""保健医療政策区市町村包括補助事業費"",""地域環境改善対策事業""],""amount_attribution_status"":""not_available""}]}","high","approve","B_strong_structural・確信度highの一括承認ルールにより承認"
"bpi_ebf1f3a64d011092e963d53f304265610bbb702c71be73dba92204b68992f62d","障害者差別解消推進","一般会計","民生費","社会福祉費","社会福祉総務費","障害福祉部 障害施策課","15504","福祉・保健・社会保障を支える行政","supports","公式予算で民生費の社会福祉費または生活保護費に属するため、福祉・社会保障に関する行政機能を支える予算事業として整理した。これはみらい議会の探索用整理であり、区の公式な課題分類ではない。","B_strong_structural","{""matched_rule_id"":""social-welfare-official-hierarchy"",""budget_item_key"":""2026_general_expenditure_03_01_01"",""identity_fields"":{""display_program_name"":""障害者差別解消推進"",""hierarchy"":[""民生費"",""社会福祉費"",""社会福祉総務費""],""department_display_name"":""障害福祉部 障害施策課"",""amount_thousand_yen"":15504},""member_programs"":[{""program_id"":""2026_general_expenditure_03_01_01_06_05_01"",""major_program_name"":""その他の社会福祉事業費（２）"",""budget_program_name"":""障害者差別解消推進"",""detail_program_name"":""障害者差別解消推進"",""source_file"":""ippansaisyutu.csv"",""source_row_number"":9704}],""same_budget_item_other_program_names"":[""ケアハウス整備促進等事業"",""ケアマネジメントの総合的推進"",""ひきこもり対策"",""ボランティア施設改修"",""ボランティア団体等援助"",""移動困難者の移送システム"",""医療的ケア児（者）支援の充実"",""医療的ケア児の笑顔を支える基金積立金"",""介護人材確保・定着支援事業"",""介護保険事業会計繰出金"",""旧軍人等の援護"",""後期高齢者医療会計繰出金"",""行旅病人及死亡人取扱"",""高齢福祉部運営事業"",""高齢福祉部庶務事務"",""国民健康保険事業会計繰出金"",""災害時ボランティア受入体制整備事業"",""社会福祉協議会運営助成"",""社会福祉事業団運営助成"",""社会福祉法人に対する高齢者施設整備助成"",""社会福祉法人に対する障害者施設整備助成"",""社会福祉法人の認可・指導検査"",""終活支援センター運営事業"",""住宅手当緊急特別措置事業"",""住民税非課税世帯等への価格高騰重点支援給付金支給"",""障害者グループホーム整備助成"",""障害者サービス広報事業"",""障害者施設整備促進等事業"",""障害者福祉施策の計画・調整"",""障害認定審査事務運営"",""障害福祉部庶務事務"",""心身障害者医療費助成"",""世田谷区地域福祉推進事業"",""世田谷保健福祉センター分室維持管理"",""成年後見制度"",""生活安定支援事業"",""生活困窮者自立促進支援事業"",""生活保健事務（烏山）"",""生活保健事務（砧）"",""生活保健事務（玉川）"",""生活保健事務（世田谷）"",""生活保健事務（北沢）"",""専門的人材の確保・養成事業"",""相談員業務（烏山）"",""相談員業務（砧）"",""相談員業務（玉川）"",""相談員業務（世田谷）"",""相談員業務（北沢）"",""地域福祉活動等促進事業"",""地域福祉資源開発事業"",""地域保健福祉審議会の運営"",""地域保健福祉等推進基金積立金"",""地域密着型サービス拠点等整備助成"",""地区高齢者見守りネットワーク事業"",""特定中国残留邦人等支援事業"",""特別区区民葬儀助成事業"",""特別養護老人ホーム等運営支援"",""避難行動要支援者支援の推進"",""福祉資金貸付"",""福祉人材育成・研修センター運営事業"",""保健医療福祉総合プラザ維持運営"",""保健福祉サービス苦情審査会運営"",""保健福祉サービス質の向上の推進"",""保健福祉運営事務（烏山）"",""保健福祉運営事務（砧）"",""保健福祉運営事務（玉川）"",""保健福祉運営事務（世田谷）"",""保健福祉運営事務（北沢）"",""保健福祉政策部運営事業"",""保健福祉政策部庶務事務"",""民生委員等活動"",""路上生活対策事業"",""老人保健施設整備助成""],""related_revenues"":[{""revenue_detail_id"":""rd_2026_general_revenue_13_02_01_32_50_3655100000"",""revenue_hierarchy"":[""国庫支出金"",""国庫補助金"",""民生費補助金"",""地域生活支援事業費"",""理解促進研修・啓発事業（障害理解促進事業）""],""amount_attribution_status"":""not_available""},{""revenue_detail_id"":""rd_2026_general_revenue_14_02_02_37_49_3655100000"",""revenue_hierarchy"":[""都支出金"",""都補助金"",""民生費補助金"",""地域生活支援事業費"",""理解促進研修・啓発事業（障害理解促進事業）""],""amount_attribution_status"":""not_available""},{""revenue_detail_id"":""rd_2026_general_revenue_14_02_02_44_68_3655100000"",""revenue_hierarchy"":[""都支出金"",""都補助金"",""民生費補助金"",""障害者施策推進区市町村包括補助事業費"",""ヘルプマーク活用推進事業""],""amount_attribution_status"":""not_available""},{""revenue_detail_id"":""rd_2026_general_revenue_14_02_02_44_69_3655100000"",""revenue_hierarchy"":[""都支出金"",""都補助金"",""民生費補助金"",""障害者施策推進区市町村包括補助事業費"",""差別解消支援地域協議会活動促進事業""],""amount_attribution_status"":""not_available""},{""revenue_detail_id"":""rd_2026_general_revenue_14_02_02_44_70_3655100000"",""revenue_hierarchy"":[""都支出金"",""都補助金"",""民生費補助金"",""障害者施策推進区市町村包括補助事業費"",""障害理解・地域共生社会推進事業""],""amount_attribution_status"":""not_available""},{""revenue_detail_id"":""rd_2026_general_revenue_17_01_16_16_01_3655100000"",""revenue_hierarchy"":[""繰入金"",""基金繰入金"",""地域保健福祉等推進基金繰入金"",""合理的配慮提供支援助成事業"",""合理的配慮提供支援助成事業""],""amount_attribution_status"":""not_available""}]}","high","approve","B_strong_structural・確信度highの一括承認ルールにより承認"
"bpi_c45fc671d24f612128d83a50871aaa520e65ff21ad04dc98fd7b1e1c26adddc1","専門的人材の確保・養成事業","一般会計","民生費","社会福祉費","社会福祉総務費","障害福祉部 障害施策課","15463","福祉・保健・社会保障を支える行政","supports","公式予算で民生費の社会福祉費または生活保護費に属するため、福祉・社会保障に関する行政機能を支える予算事業として整理した。これはみらい議会の探索用整理であり、区の公式な課題分類ではない。","B_strong_structural","{""matched_rule_id"":""social-welfare-official-hierarchy"",""budget_item_key"":""2026_general_expenditure_03_01_01"",""identity_fields"":{""display_program_name"":""専門的人材の確保・養成事業"",""hierarchy"":[""民生費"",""社会福祉費"",""社会福祉総務費""],""department_display_name"":""障害福祉部 障害施策課"",""amount_thousand_yen"":15463},""member_programs"":[{""program_id"":""2026_general_expenditure_03_01_01_06_23_01"",""major_program_name"":""その他の社会福祉事業費（２）"",""budget_program_name"":""専門的人材の確保・養成事業"",""detail_program_name"":""専門的人材の確保・養成事業"",""source_file"":""ippansaisyutu.csv"",""source_row_number"":9706}],""same_budget_item_other_program_names"":[""ケアハウス整備促進等事業"",""ケアマネジメントの総合的推進"",""ひきこもり対策"",""ボランティア施設改修"",""ボランティア団体等援助"",""移動困難者の移送システム"",""医療的ケア児（者）支援の充実"",""医療的ケア児の笑顔を支える基金積立金"",""介護人材確保・定着支援事業"",""介護保険事業会計繰出金"",""旧軍人等の援護"",""後期高齢者医療会計繰出金"",""行旅病人及死亡人取扱"",""高齢福祉部運営事業"",""高齢福祉部庶務事務"",""国民健康保険事業会計繰出金"",""災害時ボランティア受入体制整備事業"",""社会福祉協議会運営助成"",""社会福祉事業団運営助成"",""社会福祉法人に対する高齢者施設整備助成"",""社会福祉法人に対する障害者施設整備助成"",""社会福祉法人の認可・指導検査"",""終活支援センター運営事業"",""住宅手当緊急特別措置事業"",""住民税非課税世帯等への価格高騰重点支援給付金支給"",""障害者グループホーム整備助成"",""障害者サービス広報事業"",""障害者差別解消推進"",""障害者施設整備促進等事業"",""障害者福祉施策の計画・調整"",""障害認定審査事務運営"",""障害福祉部庶務事務"",""心身障害者医療費助成"",""世田谷区地域福祉推進事業"",""世田谷保健福祉センター分室維持管理"",""成年後見制度"",""生活安定支援事業"",""生活困窮者自立促進支援事業"",""生活保健事務（烏山）"",""生活保健事務（砧）"",""生活保健事務（玉川）"",""生活保健事務（世田谷）"",""生活保健事務（北沢）"",""相談員業務（烏山）"",""相談員業務（砧）"",""相談員業務（玉川）"",""相談員業務（世田谷）"",""相談員業務（北沢）"",""地域福祉活動等促進事業"",""地域福祉資源開発事業"",""地域保健福祉審議会の運営"",""地域保健福祉等推進基金積立金"",""地域密着型サービス拠点等整備助成"",""地区高齢者見守りネットワーク事業"",""特定中国残留邦人等支援事業"",""特別区区民葬儀助成事業"",""特別養護老人ホーム等運営支援"",""避難行動要支援者支援の推進"",""福祉資金貸付"",""福祉人材育成・研修センター運営事業"",""保健医療福祉総合プラザ維持運営"",""保健福祉サービス苦情審査会運営"",""保健福祉サービス質の向上の推進"",""保健福祉運営事務（烏山）"",""保健福祉運営事務（砧）"",""保健福祉運営事務（玉川）"",""保健福祉運営事務（世田谷）"",""保健福祉運営事務（北沢）"",""保健福祉政策部運営事業"",""保健福祉政策部庶務事務"",""民生委員等活動"",""路上生活対策事業"",""老人保健施設整備助成""],""related_revenues"":[{""revenue_detail_id"":""rd_2026_general_revenue_14_02_02_44_74_3655100000"",""revenue_hierarchy"":[""都支出金"",""都補助金"",""民生費補助金"",""障害者施策推進区市町村包括補助事業費"",""区市町村障害福祉人材確保対策事業""],""amount_attribution_status"":""not_available""},{""revenue_detail_id"":""rd_2026_general_revenue_17_01_16_27_01_3655100000"",""revenue_hierarchy"":[""繰入金"",""基金繰入金"",""地域保健福祉等推進基金繰入金"",""福祉人材確保支援事業"",""障害福祉人材採用活動経費助成事業""],""amount_attribution_status"":""not_available""}]}","high","approve","B_strong_structural・確信度highの一括承認ルールにより承認"
"bpi_51bac6640a5bf7d8fa0d7325237a095805546edcb568d90d7254b3673bf92b3c","食品衛生監視普及","一般会計","衛生費","環境衛生費","環境衛生費","世田谷保健所 生活保健課","15268","福祉・保健・社会保障を支える行政","supports","公式予算で衛生費に属するため、保健・公衆衛生に関する行政機能を支える予算事業として整理した。","B_strong_structural","{""matched_rule_id"":""public-health-official-hierarchy"",""budget_item_key"":""2026_general_expenditure_05_04_01"",""identity_fields"":{""display_program_name"":""食品衛生監視普及"",""hierarchy"":[""衛生費"",""環境衛生費"",""環境衛生費""],""department_display_name"":""世田谷保健所 生活保健課"",""amount_thousand_yen"":15268},""member_programs"":[{""program_id"":""2026_general_expenditure_05_04_01_01_07_01"",""major_program_name"":""環境衛生事業費"",""budget_program_name"":""食品衛生監視普及"",""detail_program_name"":""食品衛生監視普及"",""source_file"":""ippansaisyutu.csv"",""source_row_number"":9930}],""same_budget_item_other_program_names"":[""医事薬事監視普及"",""化学検査事業運営"",""環境衛生監視普及"",""狂犬病予防法事務"",""検査センター事務"",""細菌検査事業運営"",""住宅宿泊事業監視普及"",""食の安全・安心の推進"",""人と動物との共生推進事業"",""鼠・害虫相談・水害消毒"",""臨床検査事業運営""],""related_revenues"":[{""revenue_detail_id"":""rd_2026_general_revenue_12_01_03_01_10_3785700000"",""revenue_hierarchy"":[""使用料及手数料"",""使用料"",""衛生使用料"",""保健所"",""食品従事者検便""],""amount_attribution_status"":""not_available""},{""revenue_detail_id"":""rd_2026_general_revenue_12_02_04_01_01_3785700000"",""revenue_hierarchy"":[""使用料及手数料"",""手数料"",""衛生手数料"",""証明閲覧"",""証明閲覧（食品衛生）""],""amount_attribution_status"":""not_available""},{""revenue_detail_id"":""rd_2026_general_revenue_12_02_04_04_02_3785700000"",""revenue_hierarchy"":[""使用料及手数料"",""手数料"",""衛生手数料"",""食品衛生"",""衛生監視""],""amount_attribution_status"":""not_available""},{""revenue_detail_id"":""rd_2026_general_revenue_14_02_02_40_58_3785700000"",""revenue_hierarchy"":[""都支出金"",""都補助金"",""民生費補助金"",""保健医療政策区市町村包括補助事業費"",""ＨＡＣＣＰ衛生管理の導入・定着を推進する事業""],""amount_attribution_status"":""not_available""}]}","high","approve","B_strong_structural・確信度highの一括承認ルールにより承認"
"bpi_e96d42a3b8e6a108aa1ce2e8575714e5653a051499caaff6da27f2cc4db0bbe6","福祉緊急対応","一般会計","民生費","社会福祉費","高齢者福祉費","高齢福祉部 高齢福祉課","15263","福祉・保健・社会保障を支える行政","supports","公式予算で民生費の社会福祉費または生活保護費に属するため、福祉・社会保障に関する行政機能を支える予算事業として整理した。これはみらい議会の探索用整理であり、区の公式な課題分類ではない。","B_strong_structural","{""matched_rule_id"":""social-welfare-official-hierarchy"",""budget_item_key"":""2026_general_expenditure_03_01_02"",""identity_fields"":{""display_program_name"":""福祉緊急対応"",""hierarchy"":[""民生費"",""社会福祉費"",""高齢者福祉費""],""department_display_name"":""高齢福祉部 高齢福祉課"",""amount_thousand_yen"":15263},""member_programs"":[{""program_id"":""2026_general_expenditure_03_01_02_04_07_01"",""major_program_name"":""高齢者生活支援事業費"",""budget_program_name"":""福祉緊急対応"",""detail_program_name"":""福祉緊急対応"",""source_file"":""ippansaisyutu.csv"",""source_row_number"":9632}],""same_budget_item_other_program_names"":[""あんしん見守り事業"",""シニアボランティアポイント事業"",""ひとりぐらし高齢者の安全確保"",""ひとりぐらし高齢者見守り機器補助事業"",""ひとりぐらし高齢者等状況把握"",""一時生活援助施設運営"",""一般介護予防事業"",""介護予防施策推進事業"",""慶祝事業"",""高齢者おむつ支給"",""高齢者コミュニケーションサービス"",""高齢者スマートフォン購入費助成"",""高齢者はり・灸・マッサージサービス"",""高齢者会食サービス"",""高齢者在宅サービスセンター維持管理"",""高齢者住宅改修助成"",""高齢者寝具乾燥・訪問理美容サービス"",""高齢者補聴器購入費助成"",""支えあいミニデイ支援の推進"",""生活支援体制整備事業"",""生計困難者負担軽減事業"",""地域包括支援センター運営委託"",""地域包括支援センター事務委託"",""地域包括支援センター障害者・子育て家庭等相談事業"",""地域包括支援センター認知症社会参加推進事業"",""認知症在宅生活サポートセンター認知症社会参加推進事業"",""認知症施策運営事業"",""民生委員ふれあい訪問"",""養護老人ホーム入所措置""],""related_revenues"":[{""revenue_detail_id"":""rd_2026_general_revenue_14_02_02_42_06_3645100000"",""revenue_hierarchy"":[""都支出金"",""都補助金"",""民生費補助金"",""高齢者施策推進区市町村包括補助事業"",""高齢者虐待防止対策事業""],""amount_attribution_status"":""not_available""},{""revenue_detail_id"":""rd_2026_general_revenue_19_06_09_08_16_3645100000"",""revenue_hierarchy"":[""諸収入"",""雑入"",""雑入"",""参加料・利用料"",""福祉緊急対応""],""amount_attribution_status"":""not_available""}]}","high","approve","B_strong_structural・確信度highの一括承認ルールにより承認"
"bpi_362e7557e3636ddd0b8f07103d33c57763d049602598625c4375c6c410292200","生活保健事務（玉川）","一般会計","民生費","社会福祉費","社会福祉総務費","玉川総合支所 生活支援課","14931","福祉・保健・社会保障を支える行政","supports","公式予算で民生費の社会福祉費または生活保護費に属するため、福祉・社会保障に関する行政機能を支える予算事業として整理した。これはみらい議会の探索用整理であり、区の公式な課題分類ではない。","B_strong_structural","{""matched_rule_id"":""social-welfare-official-hierarchy"",""budget_item_key"":""2026_general_expenditure_03_01_01"",""identity_fields"":{""display_program_name"":""生活保健事務（玉川）"",""hierarchy"":[""民生費"",""社会福祉費"",""社会福祉総務費""],""department_display_name"":""玉川総合支所 生活支援課"",""amount_thousand_yen"":14931},""member_programs"":[{""program_id"":""2026_general_expenditure_03_01_01_03_44_01"",""major_program_name"":""その他の社会福祉事業費"",""budget_program_name"":""生活保健事務（玉川）"",""detail_program_name"":""生活保健事務（玉川）"",""source_file"":""ippansaisyutu.csv"",""source_row_number"":9172}],""same_budget_item_other_program_names"":[""ケアハウス整備促進等事業"",""ケアマネジメントの総合的推進"",""ひきこもり対策"",""ボランティア施設改修"",""ボランティア団体等援助"",""移動困難者の移送システム"",""医療的ケア児（者）支援の充実"",""医療的ケア児の笑顔を支える基金積立金"",""介護人材確保・定着支援事業"",""介護保険事業会計繰出金"",""旧軍人等の援護"",""後期高齢者医療会計繰出金"",""行旅病人及死亡人取扱"",""高齢福祉部運営事業"",""高齢福祉部庶務事務"",""国民健康保険事業会計繰出金"",""災害時ボランティア受入体制整備事業"",""社会福祉協議会運営助成"",""社会福祉事業団運営助成"",""社会福祉法人に対する高齢者施設整備助成"",""社会福祉法人に対する障害者施設整備助成"",""社会福祉法人の認可・指導検査"",""終活支援センター運営事業"",""住宅手当緊急特別措置事業"",""住民税非課税世帯等への価格高騰重点支援給付金支給"",""障害者グループホーム整備助成"",""障害者サービス広報事業"",""障害者差別解消推進"",""障害者施設整備促進等事業"",""障害者福祉施策の計画・調整"",""障害認定審査事務運営"",""障害福祉部庶務事務"",""心身障害者医療費助成"",""世田谷区地域福祉推進事業"",""世田谷保健福祉センター分室維持管理"",""成年後見制度"",""生活安定支援事業"",""生活困窮者自立促進支援事業"",""生活保健事務（烏山）"",""生活保健事務（砧）"",""生活保健事務（世田谷）"",""生活保健事務（北沢）"",""専門的人材の確保・養成事業"",""相談員業務（烏山）"",""相談員業務（砧）"",""相談員業務（玉川）"",""相談員業務（世田谷）"",""相談員業務（北沢）"",""地域福祉活動等促進事業"",""地域福祉資源開発事業"",""地域保健福祉審議会の運営"",""地域保健福祉等推進基金積立金"",""地域密着型サービス拠点等整備助成"",""地区高齢者見守りネットワーク事業"",""特定中国残留邦人等支援事業"",""特別区区民葬儀助成事業"",""特別養護老人ホーム等運営支援"",""避難行動要支援者支援の推進"",""福祉資金貸付"",""福祉人材育成・研修センター運営事業"",""保健医療福祉総合プラザ維持運営"",""保健福祉サービス苦情審査会運営"",""保健福祉サービス質の向上の推進"",""保健福祉運営事務（烏山）"",""保健福祉運営事務（砧）"",""保健福祉運営事務（玉川）"",""保健福祉運営事務（世田谷）"",""保健福祉運営事務（北沢）"",""保健福祉政策部運営事業"",""保健福祉政策部庶務事務"",""民生委員等活動"",""路上生活対策事業"",""老人保健施設整備助成""],""related_revenues"":[]}","high","approve","B_strong_structural・確信度highの一括承認ルールにより承認"
"bpi_62f1dddc29b8cddd4063da64d35288ca2207c2cfa6544bd8d7e43189f101bbc9","感染症対策","一般会計","衛生費","公衆衛生費","感染症予防費","世田谷保健所 感染症対策課","14735","福祉・保健・社会保障を支える行政","supports","公式予算で衛生費に属するため、保健・公衆衛生に関する行政機能を支える予算事業として整理した。","B_strong_structural","{""matched_rule_id"":""public-health-official-hierarchy"",""budget_item_key"":""2026_general_expenditure_05_03_07"",""identity_fields"":{""display_program_name"":""感染症対策"",""hierarchy"":[""衛生費"",""公衆衛生費"",""感染症予防費""],""department_display_name"":""世田谷保健所 感染症対策課"",""amount_thousand_yen"":14735},""member_programs"":[{""program_id"":""2026_general_expenditure_05_03_07_01_01_01"",""major_program_name"":""感染症防疫処置事業費"",""budget_program_name"":""感染症対策"",""detail_program_name"":""感染症対策"",""source_file"":""ippansaisyutu.csv"",""source_row_number"":9915}],""same_budget_item_other_program_names"":[""おたふくかぜ予防接種助成"",""結核対策"",""高齢者インフルエンザ予防接種"",""高齢者新型コロナ予防接種"",""高齢者肺炎球菌予防接種"",""子どもインフルエンザ予防接種助成"",""帯状疱疹予防接種助成"",""男性ＨＰＶ予防接種助成"",""定期及臨時予防接種"",""難病・被爆者対策"",""風しん抗体検査・予防接種""],""related_revenues"":[{""revenue_detail_id"":""rd_2026_general_revenue_12_01_03_01_32_3785250000"",""revenue_hierarchy"":[""使用料及手数料"",""使用料"",""衛生使用料"",""保健所"",""健康者検便""],""amount_attribution_status"":""not_available""},{""revenue_detail_id"":""rd_2026_general_revenue_13_01_02_07_01_3785250000"",""revenue_hierarchy"":[""国庫支出金"",""国庫負担金"",""衛生費負担金"",""感染症対策費"",""感染症対策""],""amount_attribution_status"":""not_available""},{""revenue_detail_id"":""rd_2026_general_revenue_13_01_02_07_06_3785250000"",""revenue_hierarchy"":[""国庫支出金"",""国庫負担金"",""衛生費負担金"",""感染症対策費"",""感染症対策（新型コロナウイルス感染症）""],""amount_attribution_status"":""not_available""},{""revenue_detail_id"":""rd_2026_general_revenue_13_02_03_11_06_3785250000"",""revenue_hierarchy"":[""国庫支出金"",""国庫補助金"",""衛生費補助金"",""感染症対策"",""感染症対策""],""amount_attribution_status"":""not_available""}]}","high","approve","B_strong_structural・確信度highの一括承認ルールにより承認"
"bpi_18a279335547211146a928856f260083af1c4595be51e7fdec6aafce7e93315b","骨粗しょう症検診","一般会計","衛生費","公衆衛生費","成人病予防費","世田谷保健所 健康企画課","14583","福祉・保健・社会保障を支える行政","supports","公式予算で衛生費に属するため、保健・公衆衛生に関する行政機能を支える予算事業として整理した。","B_strong_structural","{""matched_rule_id"":""public-health-official-hierarchy"",""budget_item_key"":""2026_general_expenditure_05_03_03"",""identity_fields"":{""display_program_name"":""骨粗しょう症検診"",""hierarchy"":[""衛生費"",""公衆衛生費"",""成人病予防費""],""department_display_name"":""世田谷保健所 健康企画課"",""amount_thousand_yen"":14583},""member_programs"":[{""program_id"":""2026_general_expenditure_05_03_03_01_03_01"",""major_program_name"":""成人病予防事業費"",""budget_program_name"":""骨粗しょう症検診"",""detail_program_name"":""骨粗しょう症検診"",""source_file"":""ippansaisyutu.csv"",""source_row_number"":9882}],""same_budget_item_other_program_names"":[""がん検診"",""がん対策"",""肝炎ウイルス検診"",""歯科保健対策"",""成人健康診査"",""生活習慣病予防対策""],""related_revenues"":[{""revenue_detail_id"":""rd_2026_general_revenue_14_02_04_17_01_3785100000"",""revenue_hierarchy"":[""都支出金"",""都補助金"",""衛生費補助金"",""健康診査費"",""骨粗しょう症検診""],""amount_attribution_status"":""not_available""}]}","high","approve","B_strong_structural・確信度highの一括承認ルールにより承認"
"bpi_08a83792bcf8f9fbe4139d83a5c2c7cf1f1bc2cca581d09329215e51d994efbd","生活保健事務（砧）","一般会計","民生費","社会福祉費","社会福祉総務費","砧総合支所 生活支援課","14289","福祉・保健・社会保障を支える行政","supports","公式予算で民生費の社会福祉費または生活保護費に属するため、福祉・社会保障に関する行政機能を支える予算事業として整理した。これはみらい議会の探索用整理であり、区の公式な課題分類ではない。","B_strong_structural","{""matched_rule_id"":""social-welfare-official-hierarchy"",""budget_item_key"":""2026_general_expenditure_03_01_01"",""identity_fields"":{""display_program_name"":""生活保健事務（砧）"",""hierarchy"":[""民生費"",""社会福祉費"",""社会福祉総務費""],""department_display_name"":""砧総合支所 生活支援課"",""amount_thousand_yen"":14289},""member_programs"":[{""program_id"":""2026_general_expenditure_03_01_01_03_45_01"",""major_program_name"":""その他の社会福祉事業費"",""budget_program_name"":""生活保健事務（砧）"",""detail_program_name"":""生活保健事務（砧）"",""source_file"":""ippansaisyutu.csv"",""source_row_number"":9202}],""same_budget_item_other_program_names"":[""ケアハウス整備促進等事業"",""ケアマネジメントの総合的推進"",""ひきこもり対策"",""ボランティア施設改修"",""ボランティア団体等援助"",""移動困難者の移送システム"",""医療的ケア児（者）支援の充実"",""医療的ケア児の笑顔を支える基金積立金"",""介護人材確保・定着支援事業"",""介護保険事業会計繰出金"",""旧軍人等の援護"",""後期高齢者医療会計繰出金"",""行旅病人及死亡人取扱"",""高齢福祉部運営事業"",""高齢福祉部庶務事務"",""国民健康保険事業会計繰出金"",""災害時ボランティア受入体制整備事業"",""社会福祉協議会運営助成"",""社会福祉事業団運営助成"",""社会福祉法人に対する高齢者施設整備助成"",""社会福祉法人に対する障害者施設整備助成"",""社会福祉法人の認可・指導検査"",""終活支援センター運営事業"",""住宅手当緊急特別措置事業"",""住民税非課税世帯等への価格高騰重点支援給付金支給"",""障害者グループホーム整備助成"",""障害者サービス広報事業"",""障害者差別解消推進"",""障害者施設整備促進等事業"",""障害者福祉施策の計画・調整"",""障害認定審査事務運営"",""障害福祉部庶務事務"",""心身障害者医療費助成"",""世田谷区地域福祉推進事業"",""世田谷保健福祉センター分室維持管理"",""成年後見制度"",""生活安定支援事業"",""生活困窮者自立促進支援事業"",""生活保健事務（烏山）"",""生活保健事務（玉川）"",""生活保健事務（世田谷）"",""生活保健事務（北沢）"",""専門的人材の確保・養成事業"",""相談員業務（烏山）"",""相談員業務（砧）"",""相談員業務（玉川）"",""相談員業務（世田谷）"",""相談員業務（北沢）"",""地域福祉活動等促進事業"",""地域福祉資源開発事業"",""地域保健福祉審議会の運営"",""地域保健福祉等推進基金積立金"",""地域密着型サービス拠点等整備助成"",""地区高齢者見守りネットワーク事業"",""特定中国残留邦人等支援事業"",""特別区区民葬儀助成事業"",""特別養護老人ホーム等運営支援"",""避難行動要支援者支援の推進"",""福祉資金貸付"",""福祉人材育成・研修センター運営事業"",""保健医療福祉総合プラザ維持運営"",""保健福祉サービス苦情審査会運営"",""保健福祉サービス質の向上の推進"",""保健福祉運営事務（烏山）"",""保健福祉運営事務（砧）"",""保健福祉運営事務（玉川）"",""保健福祉運営事務（世田谷）"",""保健福祉運営事務（北沢）"",""保健福祉政策部運営事業"",""保健福祉政策部庶務事務"",""民生委員等活動"",""路上生活対策事業"",""老人保健施設整備助成""],""related_revenues"":[]}","high","approve","B_strong_structural・確信度highの一括承認ルールにより承認"
"bpi_c82b5dc5974a761945a4b83400bbf75b63121a2e513f16638277ddd65ae5a1db","福祉資金貸付","一般会計","民生費","社会福祉費","社会福祉総務費","保健福祉政策部 生活福祉課","13339","福祉・保健・社会保障を支える行政","supports","公式予算で民生費の社会福祉費または生活保護費に属するため、福祉・社会保障に関する行政機能を支える予算事業として整理した。これはみらい議会の探索用整理であり、区の公式な課題分類ではない。","B_strong_structural","{""matched_rule_id"":""social-welfare-official-hierarchy"",""budget_item_key"":""2026_general_expenditure_03_01_01"",""identity_fields"":{""display_program_name"":""福祉資金貸付"",""hierarchy"":[""民生費"",""社会福祉費"",""社会福祉総務費""],""department_display_name"":""保健福祉政策部 生活福祉課"",""amount_thousand_yen"":13339},""member_programs"":[{""program_id"":""2026_general_expenditure_03_01_01_02_02_01"",""major_program_name"":""福祉資金貸付事業費"",""budget_program_name"":""福祉資金貸付"",""detail_program_name"":""福祉資金貸付"",""source_file"":""ippansaisyutu.csv"",""source_row_number"":9552}],""same_budget_item_other_program_names"":[""ケアハウス整備促進等事業"",""ケアマネジメントの総合的推進"",""ひきこもり対策"",""ボランティア施設改修"",""ボランティア団体等援助"",""移動困難者の移送システム"",""医療的ケア児（者）支援の充実"",""医療的ケア児の笑顔を支える基金積立金"",""介護人材確保・定着支援事業"",""介護保険事業会計繰出金"",""旧軍人等の援護"",""後期高齢者医療会計繰出金"",""行旅病人及死亡人取扱"",""高齢福祉部運営事業"",""高齢福祉部庶務事務"",""国民健康保険事業会計繰出金"",""災害時ボランティア受入体制整備事業"",""社会福祉協議会運営助成"",""社会福祉事業団運営助成"",""社会福祉法人に対する高齢者施設整備助成"",""社会福祉法人に対する障害者施設整備助成"",""社会福祉法人の認可・指導検査"",""終活支援センター運営事業"",""住宅手当緊急特別措置事業"",""住民税非課税世帯等への価格高騰重点支援給付金支給"",""障害者グループホーム整備助成"",""障害者サービス広報事業"",""障害者差別解消推進"",""障害者施設整備促進等事業"",""障害者福祉施策の計画・調整"",""障害認定審査事務運営"",""障害福祉部庶務事務"",""心身障害者医療費助成"",""世田谷区地域福祉推進事業"",""世田谷保健福祉センター分室維持管理"",""成年後見制度"",""生活安定支援事業"",""生活困窮者自立促進支援事業"",""生活保健事務（烏山）"",""生活保健事務（砧）"",""生活保健事務（玉川）"",""生活保健事務（世田谷）"",""生活保健事務（北沢）"",""専門的人材の確保・養成事業"",""相談員業務（烏山）"",""相談員業務（砧）"",""相談員業務（玉川）"",""相談員業務（世田谷）"",""相談員業務（北沢）"",""地域福祉活動等促進事業"",""地域福祉資源開発事業"",""地域保健福祉審議会の運営"",""地域保健福祉等推進基金積立金"",""地域密着型サービス拠点等整備助成"",""地区高齢者見守りネットワーク事業"",""特定中国残留邦人等支援事業"",""特別区区民葬儀助成事業"",""特別養護老人ホーム等運営支援"",""避難行動要支援者支援の推進"",""福祉人材育成・研修センター運営事業"",""保健医療福祉総合プラザ維持運営"",""保健福祉サービス苦情審査会運営"",""保健福祉サービス質の向上の推進"",""保健福祉運営事務（烏山）"",""保健福祉運営事務（砧）"",""保健福祉運営事務（玉川）"",""保健福祉運営事務（世田谷）"",""保健福祉運営事務（北沢）"",""保健福祉政策部運営事業"",""保健福祉政策部庶務事務"",""民生委員等活動"",""路上生活対策事業"",""老人保健施設整備助成""],""related_revenues"":[{""revenue_detail_id"":""rd_2026_general_revenue_19_03_05_01_01_3595200000"",""revenue_hierarchy"":[""諸収入"",""貸付金元利収入"",""母子福祉応急小口資金収入"",""貸付金返還金"",""母子福祉応急小口資金貸付金返還金""],""amount_attribution_status"":""not_available""},{""revenue_detail_id"":""rd_2026_general_revenue_19_03_06_01_01_3595200000"",""revenue_hierarchy"":[""諸収入"",""貸付金元利収入"",""女性福祉資金収入"",""貸付金返還金"",""女性福祉資金貸付金返還金""],""amount_attribution_status"":""not_available""},{""revenue_detail_id"":""rd_2026_general_revenue_19_03_06_02_01_3595200000"",""revenue_hierarchy"":[""諸収入"",""貸付金元利収入"",""女性福祉資金収入"",""貸付金利子"",""女性福祉資金貸付金利子""],""amount_attribution_status"":""not_available""},{""revenue_detail_id"":""rd_2026_general_revenue_19_03_07_01_01_3595200000"",""revenue_hierarchy"":[""諸収入"",""貸付金元利収入"",""応急小口資金収入"",""貸付金返還金"",""応急小口資金貸付金返還金""],""amount_attribution_status"":""not_available""}]}","high","approve","B_strong_structural・確信度highの一括承認ルールにより承認"
"bpi_fa8dd2d3248166a974a489fa6fb65e60a2b628120edb1174be40467b94a43029","会計年度任用職員の人件費（烏山総合支所）","一般会計","職員費","職員費","民生職員費","烏山総合支所 生活支援課","13250","福祉・保健・社会保障を支える行政","supports","公式予算の職員費で民生職員費または衛生職員費に属するため、福祉・保健・社会保障に関する行政機能を支える予算事業として整理した。","B_strong_structural","{""matched_rule_id"":""welfare-health-staff-official-hierarchy"",""budget_item_key"":""2026_general_expenditure_09_01_03"",""identity_fields"":{""display_program_name"":""会計年度任用職員の人件費（烏山総合支所）"",""hierarchy"":[""職員費"",""職員費"",""民生職員費""],""department_display_name"":""烏山総合支所 生活支援課"",""amount_thousand_yen"":13250},""member_programs"":[{""program_id"":""2026_general_expenditure_09_01_03_01_14_01"",""major_program_name"":""民生関係事務従事職員の人件費"",""budget_program_name"":""会計年度任用職員の人件費（烏山総合支所）"",""detail_program_name"":""会計年度任用職員の人件費（烏山総合支所）"",""source_file"":""ippansaisyutu.csv"",""source_row_number"":9235}],""same_budget_item_other_program_names"":[""会計年度任用職員の人件費（砧総合支所）"",""会計年度任用職員の人件費（玉川総合支所）"",""会計年度任用職員の人件費（高齢福祉部）"",""会計年度任用職員の人件費（子ども・若者部（２））"",""会計年度任用職員の人件費（子ども・若者部）"",""会計年度任用職員の人件費（児童相談所）"",""会計年度任用職員の人件費（障害福祉部）"",""会計年度任用職員の人件費（世田谷総合支所）"",""会計年度任用職員の人件費（保健福祉政策部）"",""会計年度任用職員の人件費（北沢総合支所）"",""民生関係事務従事職員の人件費""],""related_revenues"":[{""revenue_detail_id"":""rd_2026_general_revenue_19_06_04_06_55_2565100000"",""revenue_hierarchy"":[""諸収入"",""雑入"",""納付金"",""納付金（３）"",""会計年度任用職員社会保険料（烏山総合支所）""],""amount_attribution_status"":""not_available""}]}","high","approve","B_strong_structural・確信度highの一括承認ルールにより承認"
"bpi_0005e1c9534100821b30f68dddfefb0f6581363263975a9b8e609894dc283463","認知症施策運営事業","一般会計","民生費","社会福祉費","高齢者福祉費","高齢福祉部 介護予防・支援課","13153","福祉・保健・社会保障を支える行政","supports","公式予算で民生費の社会福祉費または生活保護費に属するため、福祉・社会保障に関する行政機能を支える予算事業として整理した。これはみらい議会の探索用整理であり、区の公式な課題分類ではない。","B_strong_structural","{""matched_rule_id"":""social-welfare-official-hierarchy"",""budget_item_key"":""2026_general_expenditure_03_01_02"",""identity_fields"":{""display_program_name"":""認知症施策運営事業"",""hierarchy"":[""民生費"",""社会福祉費"",""高齢者福祉費""],""department_display_name"":""高齢福祉部 介護予防・支援課"",""amount_thousand_yen"":13153},""member_programs"":[{""program_id"":""2026_general_expenditure_03_01_02_05_17_01"",""major_program_name"":""その他の高齢者福祉事業費"",""budget_program_name"":""認知症施策運営事業"",""detail_program_name"":""認知症施策運営事業"",""source_file"":""ippansaisyutu.csv"",""source_row_number"":9687}],""same_budget_item_other_program_names"":[""あんしん見守り事業"",""シニアボランティアポイント事業"",""ひとりぐらし高齢者の安全確保"",""ひとりぐらし高齢者見守り機器補助事業"",""ひとりぐらし高齢者等状況把握"",""一時生活援助施設運営"",""一般介護予防事業"",""介護予防施策推進事業"",""慶祝事業"",""高齢者おむつ支給"",""高齢者コミュニケーションサービス"",""高齢者スマートフォン購入費助成"",""高齢者はり・灸・マッサージサービス"",""高齢者会食サービス"",""高齢者在宅サービスセンター維持管理"",""高齢者住宅改修助成"",""高齢者寝具乾燥・訪問理美容サービス"",""高齢者補聴器購入費助成"",""支えあいミニデイ支援の推進"",""生活支援体制整備事業"",""生計困難者負担軽減事業"",""地域包括支援センター運営委託"",""地域包括支援センター事務委託"",""地域包括支援センター障害者・子育て家庭等相談事業"",""地域包括支援センター認知症社会参加推進事業"",""認知症在宅生活サポートセンター認知症社会参加推進事業"",""福祉緊急対応"",""民生委員ふれあい訪問"",""養護老人ホーム入所措置""],""related_revenues"":[{""revenue_detail_id"":""rd_2026_general_revenue_14_02_08_83_01_3645300000"",""revenue_hierarchy"":[""都支出金"",""都補助金"",""民生費補助金（２）"",""認知症サポート検診事業補助金"",""認知症サポート検診事業補助金""],""amount_attribution_status"":""not_available""}]}","high","approve","B_strong_structural・確信度highの一括承認ルールにより承認"
"bpi_570b598765c5651f36107b9d414ea199bef790da0b4e5e79dcbf62c50bf913ad","老人保健施設整備助成","一般会計","民生費","社会福祉費","社会福祉総務費","高齢福祉部 高齢福祉課","13152","福祉・保健・社会保障を支える行政","supports","公式予算で民生費の社会福祉費または生活保護費に属するため、福祉・社会保障に関する行政機能を支える予算事業として整理した。これはみらい議会の探索用整理であり、区の公式な課題分類ではない。","B_strong_structural","{""matched_rule_id"":""social-welfare-official-hierarchy"",""budget_item_key"":""2026_general_expenditure_03_01_01"",""identity_fields"":{""display_program_name"":""老人保健施設整備助成"",""hierarchy"":[""民生費"",""社会福祉費"",""社会福祉総務費""],""department_display_name"":""高齢福祉部 高齢福祉課"",""amount_thousand_yen"":13152},""member_programs"":[{""program_id"":""2026_general_expenditure_03_01_01_03_25_01"",""major_program_name"":""その他の社会福祉事業費"",""budget_program_name"":""老人保健施設整備助成"",""detail_program_name"":""老人保健施設整備助成"",""source_file"":""ippansaisyutu.csv"",""source_row_number"":9617}],""same_budget_item_other_program_names"":[""ケアハウス整備促進等事業"",""ケアマネジメントの総合的推進"",""ひきこもり対策"",""ボランティア施設改修"",""ボランティア団体等援助"",""移動困難者の移送システム"",""医療的ケア児（者）支援の充実"",""医療的ケア児の笑顔を支える基金積立金"",""介護人材確保・定着支援事業"",""介護保険事業会計繰出金"",""旧軍人等の援護"",""後期高齢者医療会計繰出金"",""行旅病人及死亡人取扱"",""高齢福祉部運営事業"",""高齢福祉部庶務事務"",""国民健康保険事業会計繰出金"",""災害時ボランティア受入体制整備事業"",""社会福祉協議会運営助成"",""社会福祉事業団運営助成"",""社会福祉法人に対する高齢者施設整備助成"",""社会福祉法人に対する障害者施設整備助成"",""社会福祉法人の認可・指導検査"",""終活支援センター運営事業"",""住宅手当緊急特別措置事業"",""住民税非課税世帯等への価格高騰重点支援給付金支給"",""障害者グループホーム整備助成"",""障害者サービス広報事業"",""障害者差別解消推進"",""障害者施設整備促進等事業"",""障害者福祉施策の計画・調整"",""障害認定審査事務運営"",""障害福祉部庶務事務"",""心身障害者医療費助成"",""世田谷区地域福祉推進事業"",""世田谷保健福祉センター分室維持管理"",""成年後見制度"",""生活安定支援事業"",""生活困窮者自立促進支援事業"",""生活保健事務（烏山）"",""生活保健事務（砧）"",""生活保健事務（玉川）"",""生活保健事務（世田谷）"",""生活保健事務（北沢）"",""専門的人材の確保・養成事業"",""相談員業務（烏山）"",""相談員業務（砧）"",""相談員業務（玉川）"",""相談員業務（世田谷）"",""相談員業務（北沢）"",""地域福祉活動等促進事業"",""地域福祉資源開発事業"",""地域保健福祉審議会の運営"",""地域保健福祉等推進基金積立金"",""地域密着型サービス拠点等整備助成"",""地区高齢者見守りネットワーク事業"",""特定中国残留邦人等支援事業"",""特別区区民葬儀助成事業"",""特別養護老人ホーム等運営支援"",""避難行動要支援者支援の推進"",""福祉資金貸付"",""福祉人材育成・研修センター運営事業"",""保健医療福祉総合プラザ維持運営"",""保健福祉サービス苦情審査会運営"",""保健福祉サービス質の向上の推進"",""保健福祉運営事務（烏山）"",""保健福祉運営事務（砧）"",""保健福祉運営事務（玉川）"",""保健福祉運営事務（世田谷）"",""保健福祉運営事務（北沢）"",""保健福祉政策部運営事業"",""保健福祉政策部庶務事務"",""民生委員等活動"",""路上生活対策事業""],""related_revenues"":[{""revenue_detail_id"":""rd_2026_general_revenue_15_01_01_04_08_3645100000"",""revenue_hierarchy"":[""財産収入"",""財産運用収入"",""財産貸付収入"",""土地貸付"",""老人保健施設""],""amount_attribution_status"":""not_available""}]}","high","approve","B_strong_structural・確信度highの一括承認ルールにより承認"
"bpi_685f2d2286b43c7cf010495196225b3df7ae03c5bed35ec2d7993e6fbb0ba7b3","保健所庶務事務","一般会計","衛生費","保健所費","保健所費","世田谷保健所 健康企画課","13073","福祉・保健・社会保障を支える行政","supports","公式予算で衛生費に属するため、保健・公衆衛生に関する行政機能を支える予算事業として整理した。","B_strong_structural","{""matched_rule_id"":""public-health-official-hierarchy"",""budget_item_key"":""2026_general_expenditure_05_02_01"",""identity_fields"":{""display_program_name"":""保健所庶務事務"",""hierarchy"":[""衛生費"",""保健所費"",""保健所費""],""department_display_name"":""世田谷保健所 健康企画課"",""amount_thousand_yen"":13073},""member_programs"":[{""program_id"":""2026_general_expenditure_05_02_01_01_03_01"",""major_program_name"":""保健所運営費"",""budget_program_name"":""保健所庶務事務"",""detail_program_name"":""保健所庶務事務"",""source_file"":""ippansaisyutu.csv"",""source_row_number"":9879}],""same_budget_item_other_program_names"":[""区民健康診断（烏山）"",""区民健康診断（砧）"",""区民健康診断（玉川）"",""区民健康診断（世田谷）"",""区民健康診断（北沢）"",""健康せたがやプランの推進"",""健康危機管理体制の充実"",""受動喫煙対策"",""精神障害者生活指導"",""精神保健福祉推進"",""精神保健福祉相談"",""保健所運営事務""],""related_revenues"":[]}","high","approve","B_strong_structural・確信度highの一括承認ルールにより承認"
"bpi_dbeb6ae858915eff98e09f6ac65509f2a196bc88a97284eddd0b5f57310b2a6b","障害者設備改善費給付","一般会計","民生費","社会福祉費","障害者福祉費","障害福祉部 障害施策課","12794","福祉・保健・社会保障を支える行政","supports","公式予算で民生費の社会福祉費または生活保護費に属するため、福祉・社会保障に関する行政機能を支える予算事業として整理した。これはみらい議会の探索用整理であり、区の公式な課題分類ではない。","B_strong_structural","{""matched_rule_id"":""social-welfare-official-hierarchy"",""budget_item_key"":""2026_general_expenditure_03_01_03"",""identity_fields"":{""display_program_name"":""障害者設備改善費給付"",""hierarchy"":[""民生費"",""社会福祉費"",""障害者福祉費""],""department_display_name"":""障害福祉部 障害施策課"",""amount_thousand_yen"":12794},""member_programs"":[{""program_id"":""2026_general_expenditure_03_01_03_03_09_01"",""major_program_name"":""障害者生活支援事業"",""budget_program_name"":""障害者設備改善費給付"",""detail_program_name"":""障害者設備改善費給付"",""source_file"":""ippansaisyutu.csv"",""source_row_number"":9716}],""same_budget_item_other_program_names"":[""介護者リフレッシュ"",""基幹相談支援センター事業運営"",""技術支援（児童福祉施設）事業運営"",""更生訓練費助成"",""自立支援医療"",""重度脳性麻痺者介護人派遣"",""障害児入所給付費"",""障害者おむつ支給"",""障害者グループホーム事業等助成"",""障害者コミュニケーションサービス"",""障害者ホームヘルパー等派遣"",""障害者虐待防止推進事業"",""障害者緊急介護人派遣"",""障害者自動車利用支援"",""障害者自立支援給付"",""障害者寝具乾燥・訪問理美容サービス"",""障害者親亡きあと対策"",""障害者専門相談事業運営"",""障害者相談支援"",""障害者団体活動支援"",""障害者団体支援"",""障害者日常生活用具等給付"",""障害者入浴サービス"",""障害者配食サービス"",""障害者福祉手当"",""障害理解促進"",""身体障害者及知的障害者相談員活動"",""精神障害者ピアサポート支援事業"",""精神保健福祉団体連携事業"",""地域生活支援拠点等整備事業"",""乳幼児育成相談事業運営"",""被爆者見舞金"",""補装具給付"",""民間空襲等被害者見舞金支給""],""related_revenues"":[{""revenue_detail_id"":""rd_2026_general_revenue_13_02_01_32_15_3655100000"",""revenue_hierarchy"":[""国庫支出金"",""国庫補助金"",""民生費補助金"",""地域生活支援事業費"",""住宅改修""],""amount_attribution_status"":""not_available""},{""revenue_detail_id"":""rd_2026_general_revenue_14_02_02_37_15_3655100000"",""revenue_hierarchy"":[""都支出金"",""都補助金"",""民生費補助金"",""地域生活支援事業費"",""住宅改修""],""amount_attribution_status"":""not_available""},{""revenue_detail_id"":""rd_2026_general_revenue_14_02_02_44_16_3655100000"",""revenue_hierarchy"":[""都支出金"",""都補助金"",""民生費補助金"",""障害者施策推進区市町村包括補助事業費"",""重度身体障害者（児）住宅改善費給付事業""],""amount_attribution_status"":""not_available""}]}","high","approve","B_strong_structural・確信度highの一括承認ルールにより承認"
"bpi_f8d3c953cd52e3e0d3810602fe6c37cda8a278653756b74d57ed2ac5e6e211c5","精神障害者ピアサポート支援事業","一般会計","民生費","社会福祉費","障害者福祉費","障害福祉部 障害保健福祉課","12732","福祉・保健・社会保障を支える行政","supports","公式予算で民生費の社会福祉費または生活保護費に属するため、福祉・社会保障に関する行政機能を支える予算事業として整理した。これはみらい議会の探索用整理であり、区の公式な課題分類ではない。","B_strong_structural","{""matched_rule_id"":""social-welfare-official-hierarchy"",""budget_item_key"":""2026_general_expenditure_03_01_03"",""identity_fields"":{""display_program_name"":""精神障害者ピアサポート支援事業"",""hierarchy"":[""民生費"",""社会福祉費"",""障害者福祉費""],""department_display_name"":""障害福祉部 障害保健福祉課"",""amount_thousand_yen"":12732},""member_programs"":[{""program_id"":""2026_general_expenditure_03_01_03_03_25_01"",""major_program_name"":""障害者生活支援事業"",""budget_program_name"":""精神障害者ピアサポート支援事業"",""detail_program_name"":""精神障害者ピアサポート支援事業"",""source_file"":""ippansaisyutu.csv"",""source_row_number"":9759}],""same_budget_item_other_program_names"":[""介護者リフレッシュ"",""基幹相談支援センター事業運営"",""技術支援（児童福祉施設）事業運営"",""更生訓練費助成"",""自立支援医療"",""重度脳性麻痺者介護人派遣"",""障害児入所給付費"",""障害者おむつ支給"",""障害者グループホーム事業等助成"",""障害者コミュニケーションサービス"",""障害者ホームヘルパー等派遣"",""障害者虐待防止推進事業"",""障害者緊急介護人派遣"",""障害者自動車利用支援"",""障害者自立支援給付"",""障害者寝具乾燥・訪問理美容サービス"",""障害者親亡きあと対策"",""障害者設備改善費給付"",""障害者専門相談事業運営"",""障害者相談支援"",""障害者団体活動支援"",""障害者団体支援"",""障害者日常生活用具等給付"",""障害者入浴サービス"",""障害者配食サービス"",""障害者福祉手当"",""障害理解促進"",""身体障害者及知的障害者相談員活動"",""精神保健福祉団体連携事業"",""地域生活支援拠点等整備事業"",""乳幼児育成相談事業運営"",""被爆者見舞金"",""補装具給付"",""民間空襲等被害者見舞金支給""],""related_revenues"":[{""revenue_detail_id"":""rd_2026_general_revenue_13_02_01_69_16_3655300000"",""revenue_hierarchy"":[""国庫支出金"",""国庫補助金"",""民生費補助金"",""地域生活支援促進事業費"",""精神障害・地域包括ケアシステム推進（精神障害者ピアサポート）""],""amount_attribution_status"":""not_available""}]}","high","approve","B_strong_structural・確信度highの一括承認ルールにより承認"
"bpi_41df3ff6c5153db6480ef1d345b238e6316a2aa568e3c17ad8e8c20b778a1c0e","会計年度任用職員の人件費（玉川総合支所）","一般会計","職員費","職員費","民生職員費","玉川総合支所 生活支援課","12690","福祉・保健・社会保障を支える行政","supports","公式予算の職員費で民生職員費または衛生職員費に属するため、福祉・保健・社会保障に関する行政機能を支える予算事業として整理した。","B_strong_structural","{""matched_rule_id"":""welfare-health-staff-official-hierarchy"",""budget_item_key"":""2026_general_expenditure_09_01_03"",""identity_fields"":{""display_program_name"":""会計年度任用職員の人件費（玉川総合支所）"",""hierarchy"":[""職員費"",""職員費"",""民生職員費""],""department_display_name"":""玉川総合支所 生活支援課"",""amount_thousand_yen"":12690},""member_programs"":[{""program_id"":""2026_general_expenditure_09_01_03_01_12_01"",""major_program_name"":""民生関係事務従事職員の人件費"",""budget_program_name"":""会計年度任用職員の人件費（玉川総合支所）"",""detail_program_name"":""会計年度任用職員の人件費（玉川総合支所）"",""source_file"":""ippansaisyutu.csv"",""source_row_number"":9173}],""same_budget_item_other_program_names"":[""会計年度任用職員の人件費（烏山総合支所）"",""会計年度任用職員の人件費（砧総合支所）"",""会計年度任用職員の人件費（高齢福祉部）"",""会計年度任用職員の人件費（子ども・若者部（２））"",""会計年度任用職員の人件費（子ども・若者部）"",""会計年度任用職員の人件費（児童相談所）"",""会計年度任用職員の人件費（障害福祉部）"",""会計年度任用職員の人件費（世田谷総合支所）"",""会計年度任用職員の人件費（保健福祉政策部）"",""会計年度任用職員の人件費（北沢総合支所）"",""民生関係事務従事職員の人件費""],""related_revenues"":[{""revenue_detail_id"":""rd_2026_general_revenue_19_06_04_06_53_2365100000"",""revenue_hierarchy"":[""諸収入"",""雑入"",""納付金"",""納付金（３）"",""会計年度任用職員社会保険料（玉川総合支所）""],""amount_attribution_status"":""not_available""}]}","high","approve","B_strong_structural・確信度highの一括承認ルールにより承認"
"bpi_c05fada2bcf8c4681b5b0fcb0d66ac47edc3a7308359046d88596504df4fe54b","生活保健事務（烏山）","一般会計","民生費","社会福祉費","社会福祉総務費","烏山総合支所 生活支援課","12682","福祉・保健・社会保障を支える行政","supports","公式予算で民生費の社会福祉費または生活保護費に属するため、福祉・社会保障に関する行政機能を支える予算事業として整理した。これはみらい議会の探索用整理であり、区の公式な課題分類ではない。","B_strong_structural","{""matched_rule_id"":""social-welfare-official-hierarchy"",""budget_item_key"":""2026_general_expenditure_03_01_01"",""identity_fields"":{""display_program_name"":""生活保健事務（烏山）"",""hierarchy"":[""民生費"",""社会福祉費"",""社会福祉総務費""],""department_display_name"":""烏山総合支所 生活支援課"",""amount_thousand_yen"":12682},""member_programs"":[{""program_id"":""2026_general_expenditure_03_01_01_03_46_01"",""major_program_name"":""その他の社会福祉事業費"",""budget_program_name"":""生活保健事務（烏山）"",""detail_program_name"":""生活保健事務（烏山）"",""source_file"":""ippansaisyutu.csv"",""source_row_number"":9234}],""same_budget_item_other_program_names"":[""ケアハウス整備促進等事業"",""ケアマネジメントの総合的推進"",""ひきこもり対策"",""ボランティア施設改修"",""ボランティア団体等援助"",""移動困難者の移送システム"",""医療的ケア児（者）支援の充実"",""医療的ケア児の笑顔を支える基金積立金"",""介護人材確保・定着支援事業"",""介護保険事業会計繰出金"",""旧軍人等の援護"",""後期高齢者医療会計繰出金"",""行旅病人及死亡人取扱"",""高齢福祉部運営事業"",""高齢福祉部庶務事務"",""国民健康保険事業会計繰出金"",""災害時ボランティア受入体制整備事業"",""社会福祉協議会運営助成"",""社会福祉事業団運営助成"",""社会福祉法人に対する高齢者施設整備助成"",""社会福祉法人に対する障害者施設整備助成"",""社会福祉法人の認可・指導検査"",""終活支援センター運営事業"",""住宅手当緊急特別措置事業"",""住民税非課税世帯等への価格高騰重点支援給付金支給"",""障害者グループホーム整備助成"",""障害者サービス広報事業"",""障害者差別解消推進"",""障害者施設整備促進等事業"",""障害者福祉施策の計画・調整"",""障害認定審査事務運営"",""障害福祉部庶務事務"",""心身障害者医療費助成"",""世田谷区地域福祉推進事業"",""世田谷保健福祉センター分室維持管理"",""成年後見制度"",""生活安定支援事業"",""生活困窮者自立促進支援事業"",""生活保健事務（砧）"",""生活保健事務（玉川）"",""生活保健事務（世田谷）"",""生活保健事務（北沢）"",""専門的人材の確保・養成事業"",""相談員業務（烏山）"",""相談員業務（砧）"",""相談員業務（玉川）"",""相談員業務（世田谷）"",""相談員業務（北沢）"",""地域福祉活動等促進事業"",""地域福祉資源開発事業"",""地域保健福祉審議会の運営"",""地域保健福祉等推進基金積立金"",""地域密着型サービス拠点等整備助成"",""地区高齢者見守りネットワーク事業"",""特定中国残留邦人等支援事業"",""特別区区民葬儀助成事業"",""特別養護老人ホーム等運営支援"",""避難行動要支援者支援の推進"",""福祉資金貸付"",""福祉人材育成・研修センター運営事業"",""保健医療福祉総合プラザ維持運営"",""保健福祉サービス苦情審査会運営"",""保健福祉サービス質の向上の推進"",""保健福祉運営事務（烏山）"",""保健福祉運営事務（砧）"",""保健福祉運営事務（玉川）"",""保健福祉運営事務（世田谷）"",""保健福祉運営事務（北沢）"",""保健福祉政策部運営事業"",""保健福祉政策部庶務事務"",""民生委員等活動"",""路上生活対策事業"",""老人保健施設整備助成""],""related_revenues"":[]}","high","approve","B_strong_structural・確信度highの一括承認ルールにより承認"
"bpi_5061c07eb8f56a96dd2da6cdaea0c3c3f7796ef0db0cfa4bec9e62aecc6bb980","行旅病人及死亡人取扱","一般会計","民生費","社会福祉費","社会福祉総務費","保健福祉政策部 生活福祉課","12653","福祉・保健・社会保障を支える行政","supports","公式予算で民生費の社会福祉費または生活保護費に属するため、福祉・社会保障に関する行政機能を支える予算事業として整理した。これはみらい議会の探索用整理であり、区の公式な課題分類ではない。","B_strong_structural","{""matched_rule_id"":""social-welfare-official-hierarchy"",""budget_item_key"":""2026_general_expenditure_03_01_01"",""identity_fields"":{""display_program_name"":""行旅病人及死亡人取扱"",""hierarchy"":[""民生費"",""社会福祉費"",""社会福祉総務費""],""department_display_name"":""保健福祉政策部 生活福祉課"",""amount_thousand_yen"":12653},""member_programs"":[{""program_id"":""2026_general_expenditure_03_01_01_01_03_01"",""major_program_name"":""社会福祉関係の法律に基づく事業費"",""budget_program_name"":""行旅病人及死亡人取扱"",""detail_program_name"":""行旅病人及死亡人取扱"",""source_file"":""ippansaisyutu.csv"",""source_row_number"":9551}],""same_budget_item_other_program_names"":[""ケアハウス整備促進等事業"",""ケアマネジメントの総合的推進"",""ひきこもり対策"",""ボランティア施設改修"",""ボランティア団体等援助"",""移動困難者の移送システム"",""医療的ケア児（者）支援の充実"",""医療的ケア児の笑顔を支える基金積立金"",""介護人材確保・定着支援事業"",""介護保険事業会計繰出金"",""旧軍人等の援護"",""後期高齢者医療会計繰出金"",""高齢福祉部運営事業"",""高齢福祉部庶務事務"",""国民健康保険事業会計繰出金"",""災害時ボランティア受入体制整備事業"",""社会福祉協議会運営助成"",""社会福祉事業団運営助成"",""社会福祉法人に対する高齢者施設整備助成"",""社会福祉法人に対する障害者施設整備助成"",""社会福祉法人の認可・指導検査"",""終活支援センター運営事業"",""住宅手当緊急特別措置事業"",""住民税非課税世帯等への価格高騰重点支援給付金支給"",""障害者グループホーム整備助成"",""障害者サービス広報事業"",""障害者差別解消推進"",""障害者施設整備促進等事業"",""障害者福祉施策の計画・調整"",""障害認定審査事務運営"",""障害福祉部庶務事務"",""心身障害者医療費助成"",""世田谷区地域福祉推進事業"",""世田谷保健福祉センター分室維持管理"",""成年後見制度"",""生活安定支援事業"",""生活困窮者自立促進支援事業"",""生活保健事務（烏山）"",""生活保健事務（砧）"",""生活保健事務（玉川）"",""生活保健事務（世田谷）"",""生活保健事務（北沢）"",""専門的人材の確保・養成事業"",""相談員業務（烏山）"",""相談員業務（砧）"",""相談員業務（玉川）"",""相談員業務（世田谷）"",""相談員業務（北沢）"",""地域福祉活動等促進事業"",""地域福祉資源開発事業"",""地域保健福祉審議会の運営"",""地域保健福祉等推進基金積立金"",""地域密着型サービス拠点等整備助成"",""地区高齢者見守りネットワーク事業"",""特定中国残留邦人等支援事業"",""特別区区民葬儀助成事業"",""特別養護老人ホーム等運営支援"",""避難行動要支援者支援の推進"",""福祉資金貸付"",""福祉人材育成・研修センター運営事業"",""保健医療福祉総合プラザ維持運営"",""保健福祉サービス苦情審査会運営"",""保健福祉サービス質の向上の推進"",""保健福祉運営事務（烏山）"",""保健福祉運営事務（砧）"",""保健福祉運営事務（玉川）"",""保健福祉運営事務（世田谷）"",""保健福祉運営事務（北沢）"",""保健福祉政策部運営事業"",""保健福祉政策部庶務事務"",""民生委員等活動"",""路上生活対策事業"",""老人保健施設整備助成""],""related_revenues"":[{""revenue_detail_id"":""rd_2026_general_revenue_14_01_01_04_01_3595200000"",""revenue_hierarchy"":[""都支出金"",""都負担金"",""民生費負担金"",""行旅病人及死亡人取扱費"",""行旅病人及死亡人""],""amount_attribution_status"":""not_available""},{""revenue_detail_id"":""rd_2026_general_revenue_14_01_01_16_01_3595200000"",""revenue_hierarchy"":[""都支出金"",""都負担金"",""民生費負担金"",""墓地埋葬取扱費"",""墓地埋葬取扱""],""amount_attribution_status"":""not_available""},{""revenue_detail_id"":""rd_2026_general_revenue_19_06_09_50_68_3595200000"",""revenue_hierarchy"":[""諸収入"",""雑入"",""雑入"",""雑入"",""行旅病人死亡人""],""amount_attribution_status"":""not_available""}]}","high","approve","B_strong_structural・確信度highの一括承認ルールにより承認"
"bpi_27003b9bbd3b7ca821d77c733f0cf0e4ee51588f50951291030939b68c127dc8","生活保健事務（世田谷）","一般会計","民生費","社会福祉費","社会福祉総務費","世田谷総合支所 生活支援課","11994","福祉・保健・社会保障を支える行政","supports","公式予算で民生費の社会福祉費または生活保護費に属するため、福祉・社会保障に関する行政機能を支える予算事業として整理した。これはみらい議会の探索用整理であり、区の公式な課題分類ではない。","B_strong_structural","{""matched_rule_id"":""social-welfare-official-hierarchy"",""budget_item_key"":""2026_general_expenditure_03_01_01"",""identity_fields"":{""display_program_name"":""生活保健事務（世田谷）"",""hierarchy"":[""民生費"",""社会福祉費"",""社会福祉総務費""],""department_display_name"":""世田谷総合支所 生活支援課"",""amount_thousand_yen"":11994},""member_programs"":[{""program_id"":""2026_general_expenditure_03_01_01_03_42_01"",""major_program_name"":""その他の社会福祉事業費"",""budget_program_name"":""生活保健事務（世田谷）"",""detail_program_name"":""生活保健事務（世田谷）"",""source_file"":""ippansaisyutu.csv"",""source_row_number"":9110}],""same_budget_item_other_program_names"":[""ケアハウス整備促進等事業"",""ケアマネジメントの総合的推進"",""ひきこもり対策"",""ボランティア施設改修"",""ボランティア団体等援助"",""移動困難者の移送システム"",""医療的ケア児（者）支援の充実"",""医療的ケア児の笑顔を支える基金積立金"",""介護人材確保・定着支援事業"",""介護保険事業会計繰出金"",""旧軍人等の援護"",""後期高齢者医療会計繰出金"",""行旅病人及死亡人取扱"",""高齢福祉部運営事業"",""高齢福祉部庶務事務"",""国民健康保険事業会計繰出金"",""災害時ボランティア受入体制整備事業"",""社会福祉協議会運営助成"",""社会福祉事業団運営助成"",""社会福祉法人に対する高齢者施設整備助成"",""社会福祉法人に対する障害者施設整備助成"",""社会福祉法人の認可・指導検査"",""終活支援センター運営事業"",""住宅手当緊急特別措置事業"",""住民税非課税世帯等への価格高騰重点支援給付金支給"",""障害者グループホーム整備助成"",""障害者サービス広報事業"",""障害者差別解消推進"",""障害者施設整備促進等事業"",""障害者福祉施策の計画・調整"",""障害認定審査事務運営"",""障害福祉部庶務事務"",""心身障害者医療費助成"",""世田谷区地域福祉推進事業"",""世田谷保健福祉センター分室維持管理"",""成年後見制度"",""生活安定支援事業"",""生活困窮者自立促進支援事業"",""生活保健事務（烏山）"",""生活保健事務（砧）"",""生活保健事務（玉川）"",""生活保健事務（北沢）"",""専門的人材の確保・養成事業"",""相談員業務（烏山）"",""相談員業務（砧）"",""相談員業務（玉川）"",""相談員業務（世田谷）"",""相談員業務（北沢）"",""地域福祉活動等促進事業"",""地域福祉資源開発事業"",""地域保健福祉審議会の運営"",""地域保健福祉等推進基金積立金"",""地域密着型サービス拠点等整備助成"",""地区高齢者見守りネットワーク事業"",""特定中国残留邦人等支援事業"",""特別区区民葬儀助成事業"",""特別養護老人ホーム等運営支援"",""避難行動要支援者支援の推進"",""福祉資金貸付"",""福祉人材育成・研修センター運営事業"",""保健医療福祉総合プラザ維持運営"",""保健福祉サービス苦情審査会運営"",""保健福祉サービス質の向上の推進"",""保健福祉運営事務（烏山）"",""保健福祉運営事務（砧）"",""保健福祉運営事務（玉川）"",""保健福祉運営事務（世田谷）"",""保健福祉運営事務（北沢）"",""保健福祉政策部運営事業"",""保健福祉政策部庶務事務"",""民生委員等活動"",""路上生活対策事業"",""老人保健施設整備助成""],""related_revenues"":[]}","high","approve","B_strong_structural・確信度highの一括承認ルールにより承認"
"bpi_7d18fe960c478149343ff2cc6638e4f5829cfaaeb6ac4c014d7e765b310ae609","生活保健事務（北沢）","一般会計","民生費","社会福祉費","社会福祉総務費","北沢総合支所 生活支援課","11651","福祉・保健・社会保障を支える行政","supports","公式予算で民生費の社会福祉費または生活保護費に属するため、福祉・社会保障に関する行政機能を支える予算事業として整理した。これはみらい議会の探索用整理であり、区の公式な課題分類ではない。","B_strong_structural","{""matched_rule_id"":""social-welfare-official-hierarchy"",""budget_item_key"":""2026_general_expenditure_03_01_01"",""identity_fields"":{""display_program_name"":""生活保健事務（北沢）"",""hierarchy"":[""民生費"",""社会福祉費"",""社会福祉総務費""],""department_display_name"":""北沢総合支所 生活支援課"",""amount_thousand_yen"":11651},""member_programs"":[{""program_id"":""2026_general_expenditure_03_01_01_03_43_01"",""major_program_name"":""その他の社会福祉事業費"",""budget_program_name"":""生活保健事務（北沢）"",""detail_program_name"":""生活保健事務（北沢）"",""source_file"":""ippansaisyutu.csv"",""source_row_number"":9144}],""same_budget_item_other_program_names"":[""ケアハウス整備促進等事業"",""ケアマネジメントの総合的推進"",""ひきこもり対策"",""ボランティア施設改修"",""ボランティア団体等援助"",""移動困難者の移送システム"",""医療的ケア児（者）支援の充実"",""医療的ケア児の笑顔を支える基金積立金"",""介護人材確保・定着支援事業"",""介護保険事業会計繰出金"",""旧軍人等の援護"",""後期高齢者医療会計繰出金"",""行旅病人及死亡人取扱"",""高齢福祉部運営事業"",""高齢福祉部庶務事務"",""国民健康保険事業会計繰出金"",""災害時ボランティア受入体制整備事業"",""社会福祉協議会運営助成"",""社会福祉事業団運営助成"",""社会福祉法人に対する高齢者施設整備助成"",""社会福祉法人に対する障害者施設整備助成"",""社会福祉法人の認可・指導検査"",""終活支援センター運営事業"",""住宅手当緊急特別措置事業"",""住民税非課税世帯等への価格高騰重点支援給付金支給"",""障害者グループホーム整備助成"",""障害者サービス広報事業"",""障害者差別解消推進"",""障害者施設整備促進等事業"",""障害者福祉施策の計画・調整"",""障害認定審査事務運営"",""障害福祉部庶務事務"",""心身障害者医療費助成"",""世田谷区地域福祉推進事業"",""世田谷保健福祉センター分室維持管理"",""成年後見制度"",""生活安定支援事業"",""生活困窮者自立促進支援事業"",""生活保健事務（烏山）"",""生活保健事務（砧）"",""生活保健事務（玉川）"",""生活保健事務（世田谷）"",""専門的人材の確保・養成事業"",""相談員業務（烏山）"",""相談員業務（砧）"",""相談員業務（玉川）"",""相談員業務（世田谷）"",""相談員業務（北沢）"",""地域福祉活動等促進事業"",""地域福祉資源開発事業"",""地域保健福祉審議会の運営"",""地域保健福祉等推進基金積立金"",""地域密着型サービス拠点等整備助成"",""地区高齢者見守りネットワーク事業"",""特定中国残留邦人等支援事業"",""特別区区民葬儀助成事業"",""特別養護老人ホーム等運営支援"",""避難行動要支援者支援の推進"",""福祉資金貸付"",""福祉人材育成・研修センター運営事業"",""保健医療福祉総合プラザ維持運営"",""保健福祉サービス苦情審査会運営"",""保健福祉サービス質の向上の推進"",""保健福祉運営事務（烏山）"",""保健福祉運営事務（砧）"",""保健福祉運営事務（玉川）"",""保健福祉運営事務（世田谷）"",""保健福祉運営事務（北沢）"",""保健福祉政策部運営事業"",""保健福祉政策部庶務事務"",""民生委員等活動"",""路上生活対策事業"",""老人保健施設整備助成""],""related_revenues"":[]}","high","approve","B_strong_structural・確信度highの一括承認ルールにより承認"
"bpi_b9f630785ff676a514cfee760d5b9d45c8d30996019a2e9a2188f6c2177311a2","保健福祉政策部庶務事務","一般会計","民生費","社会福祉費","社会福祉総務費","保健福祉政策部 保健福祉政策課","11435","福祉・保健・社会保障を支える行政","supports","公式予算で民生費の社会福祉費または生活保護費に属するため、福祉・社会保障に関する行政機能を支える予算事業として整理した。これはみらい議会の探索用整理であり、区の公式な課題分類ではない。","B_strong_structural","{""matched_rule_id"":""social-welfare-official-hierarchy"",""budget_item_key"":""2026_general_expenditure_03_01_01"",""identity_fields"":{""display_program_name"":""保健福祉政策部庶務事務"",""hierarchy"":[""民生費"",""社会福祉費"",""社会福祉総務費""],""department_display_name"":""保健福祉政策部 保健福祉政策課"",""amount_thousand_yen"":11435},""member_programs"":[{""program_id"":""2026_general_expenditure_03_01_01_06_14_01"",""major_program_name"":""その他の社会福祉事業費（２）"",""budget_program_name"":""保健福祉政策部庶務事務"",""detail_program_name"":""保健福祉政策部庶務事務"",""source_file"":""ippansaisyutu.csv"",""source_row_number"":9535}],""same_budget_item_other_program_names"":[""ケアハウス整備促進等事業"",""ケアマネジメントの総合的推進"",""ひきこもり対策"",""ボランティア施設改修"",""ボランティア団体等援助"",""移動困難者の移送システム"",""医療的ケア児（者）支援の充実"",""医療的ケア児の笑顔を支える基金積立金"",""介護人材確保・定着支援事業"",""介護保険事業会計繰出金"",""旧軍人等の援護"",""後期高齢者医療会計繰出金"",""行旅病人及死亡人取扱"",""高齢福祉部運営事業"",""高齢福祉部庶務事務"",""国民健康保険事業会計繰出金"",""災害時ボランティア受入体制整備事業"",""社会福祉協議会運営助成"",""社会福祉事業団運営助成"",""社会福祉法人に対する高齢者施設整備助成"",""社会福祉法人に対する障害者施設整備助成"",""社会福祉法人の認可・指導検査"",""終活支援センター運営事業"",""住宅手当緊急特別措置事業"",""住民税非課税世帯等への価格高騰重点支援給付金支給"",""障害者グループホーム整備助成"",""障害者サービス広報事業"",""障害者差別解消推進"",""障害者施設整備促進等事業"",""障害者福祉施策の計画・調整"",""障害認定審査事務運営"",""障害福祉部庶務事務"",""心身障害者医療費助成"",""世田谷区地域福祉推進事業"",""世田谷保健福祉センター分室維持管理"",""成年後見制度"",""生活安定支援事業"",""生活困窮者自立促進支援事業"",""生活保健事務（烏山）"",""生活保健事務（砧）"",""生活保健事務（玉川）"",""生活保健事務（世田谷）"",""生活保健事務（北沢）"",""専門的人材の確保・養成事業"",""相談員業務（烏山）"",""相談員業務（砧）"",""相談員業務（玉川）"",""相談員業務（世田谷）"",""相談員業務（北沢）"",""地域福祉活動等促進事業"",""地域福祉資源開発事業"",""地域保健福祉審議会の運営"",""地域保健福祉等推進基金積立金"",""地域密着型サービス拠点等整備助成"",""地区高齢者見守りネットワーク事業"",""特定中国残留邦人等支援事業"",""特別区区民葬儀助成事業"",""特別養護老人ホーム等運営支援"",""避難行動要支援者支援の推進"",""福祉資金貸付"",""福祉人材育成・研修センター運営事業"",""保健医療福祉総合プラザ維持運営"",""保健福祉サービス苦情審査会運営"",""保健福祉サービス質の向上の推進"",""保健福祉運営事務（烏山）"",""保健福祉運営事務（砧）"",""保健福祉運営事務（玉川）"",""保健福祉運営事務（世田谷）"",""保健福祉運営事務（北沢）"",""保健福祉政策部運営事業"",""民生委員等活動"",""路上生活対策事業"",""老人保健施設整備助成""],""related_revenues"":[]}","high","approve","B_strong_structural・確信度highの一括承認ルールにより承認"
"bpi_f4b6bdcfa52a682c9e5acf43772c7da3616cfc7762e5e722da3ae93ed6d7062f","技術支援（児童福祉施設）事業運営","一般会計","民生費","社会福祉費","障害者福祉費","障害福祉部 障害保健福祉課","11096","福祉・保健・社会保障を支える行政","supports","公式予算で民生費の社会福祉費または生活保護費に属するため、福祉・社会保障に関する行政機能を支える予算事業として整理した。これはみらい議会の探索用整理であり、区の公式な課題分類ではない。","B_strong_structural","{""matched_rule_id"":""social-welfare-official-hierarchy"",""budget_item_key"":""2026_general_expenditure_03_01_03"",""identity_fields"":{""display_program_name"":""技術支援（児童福祉施設）事業運営"",""hierarchy"":[""民生費"",""社会福祉費"",""障害者福祉費""],""department_display_name"":""障害福祉部 障害保健福祉課"",""amount_thousand_yen"":11096},""member_programs"":[{""program_id"":""2026_general_expenditure_03_01_03_04_20_01"",""major_program_name"":""その他の障害者福祉事業費"",""budget_program_name"":""技術支援（児童福祉施設）事業運営"",""detail_program_name"":""技術支援（児童福祉施設）事業運営"",""source_file"":""ippansaisyutu.csv"",""source_row_number"":9763}],""same_budget_item_other_program_names"":[""介護者リフレッシュ"",""基幹相談支援センター事業運営"",""更生訓練費助成"",""自立支援医療"",""重度脳性麻痺者介護人派遣"",""障害児入所給付費"",""障害者おむつ支給"",""障害者グループホーム事業等助成"",""障害者コミュニケーションサービス"",""障害者ホームヘルパー等派遣"",""障害者虐待防止推進事業"",""障害者緊急介護人派遣"",""障害者自動車利用支援"",""障害者自立支援給付"",""障害者寝具乾燥・訪問理美容サービス"",""障害者親亡きあと対策"",""障害者設備改善費給付"",""障害者専門相談事業運営"",""障害者相談支援"",""障害者団体活動支援"",""障害者団体支援"",""障害者日常生活用具等給付"",""障害者入浴サービス"",""障害者配食サービス"",""障害者福祉手当"",""障害理解促進"",""身体障害者及知的障害者相談員活動"",""精神障害者ピアサポート支援事業"",""精神保健福祉団体連携事業"",""地域生活支援拠点等整備事業"",""乳幼児育成相談事業運営"",""被爆者見舞金"",""補装具給付"",""民間空襲等被害者見舞金支給""],""related_revenues"":[{""revenue_detail_id"":""rd_2026_general_revenue_13_02_01_93_04_3655300000"",""revenue_hierarchy"":[""国庫支出金"",""国庫補助金"",""民生費補助金"",""児童虐待防止対策等総合支援事業費"",""巡回支援専門員整備事業（梅ヶ丘拠点障害者支援施設）""],""amount_attribution_status"":""not_available""},{""revenue_detail_id"":""rd_2026_general_revenue_14_02_08_56_02_3655300000"",""revenue_hierarchy"":[""都支出金"",""都補助金"",""民生費補助金（２）"",""児童虐待防止等対策総合支援事業費"",""巡回支援専門員整備事業（梅ヶ丘拠点障害者支援施設）""],""amount_attribution_status"":""not_available""}]}","high","approve","B_strong_structural・確信度highの一括承認ルールにより承認"
"bpi_2e4546101b6d6fb73aa2b44737576499d43580b7d223e97a60d1d59124ecefff","受動喫煙対策","一般会計","衛生費","保健所費","保健所費","世田谷保健所 健康企画課","10774","福祉・保健・社会保障を支える行政","supports","公式予算で衛生費に属するため、保健・公衆衛生に関する行政機能を支える予算事業として整理した。","B_strong_structural","{""matched_rule_id"":""public-health-official-hierarchy"",""budget_item_key"":""2026_general_expenditure_05_02_01"",""identity_fields"":{""display_program_name"":""受動喫煙対策"",""hierarchy"":[""衛生費"",""保健所費"",""保健所費""],""department_display_name"":""世田谷保健所 健康企画課"",""amount_thousand_yen"":10774},""member_programs"":[{""program_id"":""2026_general_expenditure_05_02_01_01_08_01"",""major_program_name"":""保健所運営費"",""budget_program_name"":""受動喫煙対策"",""detail_program_name"":""受動喫煙対策"",""source_file"":""ippansaisyutu.csv"",""source_row_number"":9881}],""same_budget_item_other_program_names"":[""区民健康診断（烏山）"",""区民健康診断（砧）"",""区民健康診断（玉川）"",""区民健康診断（世田谷）"",""区民健康診断（北沢）"",""健康せたがやプランの推進"",""健康危機管理体制の充実"",""精神障害者生活指導"",""精神保健福祉推進"",""精神保健福祉相談"",""保健所運営事務"",""保健所庶務事務""],""related_revenues"":[{""revenue_detail_id"":""rd_2026_general_revenue_13_02_03_16_06_3785100000"",""revenue_hierarchy"":[""国庫支出金"",""国庫補助金"",""衛生費補助金"",""感染症予防事業費"",""健康的な生活習慣づくり重点化事業""],""amount_attribution_status"":""not_available""},{""revenue_detail_id"":""rd_2026_general_revenue_14_02_02_40_63_3785100000"",""revenue_hierarchy"":[""都支出金"",""都補助金"",""民生費補助金"",""保健医療政策区市町村包括補助事業費"",""受動喫煙防止対策に係る実効性の担保に資する事業""],""amount_attribution_status"":""not_available""}]}","high","approve","B_strong_structural・確信度highの一括承認ルールにより承認"
"bpi_12635789a7d31e9bf445d6587158fb7328ff42feaa777ab9f8966355ba04bfc5","精神障害者生活指導","一般会計","衛生費","保健所費","保健所費","世田谷保健所 健康推進課","10608","福祉・保健・社会保障を支える行政","supports","公式予算で衛生費に属するため、保健・公衆衛生に関する行政機能を支える予算事業として整理した。","B_strong_structural","{""matched_rule_id"":""public-health-official-hierarchy"",""budget_item_key"":""2026_general_expenditure_05_02_01"",""identity_fields"":{""display_program_name"":""精神障害者生活指導"",""hierarchy"":[""衛生費"",""保健所費"",""保健所費""],""department_display_name"":""世田谷保健所 健康推進課"",""amount_thousand_yen"":10608},""member_programs"":[{""program_id"":""2026_general_expenditure_05_02_01_02_03_01"",""major_program_name"":""保健衛生事業費"",""budget_program_name"":""精神障害者生活指導"",""detail_program_name"":""精神障害者生活指導"",""source_file"":""ippansaisyutu.csv"",""source_row_number"":9895}],""same_budget_item_other_program_names"":[""区民健康診断（烏山）"",""区民健康診断（砧）"",""区民健康診断（玉川）"",""区民健康診断（世田谷）"",""区民健康診断（北沢）"",""健康せたがやプランの推進"",""健康危機管理体制の充実"",""受動喫煙対策"",""精神保健福祉推進"",""精神保健福祉相談"",""保健所運営事務"",""保健所庶務事務""],""related_revenues"":[]}","high","approve","B_strong_structural・確信度highの一括承認ルールにより承認"
"bpi_6d9cc7fd9e5d60d267e8e245de4482de32b2ab5315541c3f8c94097ee06f441d","障害者団体支援","一般会計","民生費","社会福祉費","障害者福祉費","障害福祉部 障害施策課","10467","福祉・保健・社会保障を支える行政","supports","公式予算で民生費の社会福祉費または生活保護費に属するため、福祉・社会保障に関する行政機能を支える予算事業として整理した。これはみらい議会の探索用整理であり、区の公式な課題分類ではない。","B_strong_structural","{""matched_rule_id"":""social-welfare-official-hierarchy"",""budget_item_key"":""2026_general_expenditure_03_01_03"",""identity_fields"":{""display_program_name"":""障害者団体支援"",""hierarchy"":[""民生費"",""社会福祉費"",""障害者福祉費""],""department_display_name"":""障害福祉部 障害施策課"",""amount_thousand_yen"":10467},""member_programs"":[{""program_id"":""2026_general_expenditure_03_01_03_04_04_01"",""major_program_name"":""その他の障害者福祉事業費"",""budget_program_name"":""障害者団体支援"",""detail_program_name"":""障害者団体支援"",""source_file"":""ippansaisyutu.csv"",""source_row_number"":9721}],""same_budget_item_other_program_names"":[""介護者リフレッシュ"",""基幹相談支援センター事業運営"",""技術支援（児童福祉施設）事業運営"",""更生訓練費助成"",""自立支援医療"",""重度脳性麻痺者介護人派遣"",""障害児入所給付費"",""障害者おむつ支給"",""障害者グループホーム事業等助成"",""障害者コミュニケーションサービス"",""障害者ホームヘルパー等派遣"",""障害者虐待防止推進事業"",""障害者緊急介護人派遣"",""障害者自動車利用支援"",""障害者自立支援給付"",""障害者寝具乾燥・訪問理美容サービス"",""障害者親亡きあと対策"",""障害者設備改善費給付"",""障害者専門相談事業運営"",""障害者相談支援"",""障害者団体活動支援"",""障害者日常生活用具等給付"",""障害者入浴サービス"",""障害者配食サービス"",""障害者福祉手当"",""障害理解促進"",""身体障害者及知的障害者相談員活動"",""精神障害者ピアサポート支援事業"",""精神保健福祉団体連携事業"",""地域生活支援拠点等整備事業"",""乳幼児育成相談事業運営"",""被爆者見舞金"",""補装具給付"",""民間空襲等被害者見舞金支給""],""related_revenues"":[]}","high","approve","B_strong_structural・確信度highの一括承認ルールにより承認"
"bpi_609a88730a098d9b7d92ee3c6917e6326a529d94def926bfc64471a2252bebf7","会計年度任用職員の人件費（高齢福祉部）","一般会計","職員費","職員費","民生職員費","高齢福祉部 高齢福祉課","10078","福祉・保健・社会保障を支える行政","supports","公式予算の職員費で民生職員費または衛生職員費に属するため、福祉・保健・社会保障に関する行政機能を支える予算事業として整理した。","B_strong_structural","{""matched_rule_id"":""welfare-health-staff-official-hierarchy"",""budget_item_key"":""2026_general_expenditure_09_01_03"",""identity_fields"":{""display_program_name"":""会計年度任用職員の人件費（高齢福祉部）"",""hierarchy"":[""職員費"",""職員費"",""民生職員費""],""department_display_name"":""高齢福祉部 高齢福祉課"",""amount_thousand_yen"":10078},""member_programs"":[{""program_id"":""2026_general_expenditure_09_01_03_01_16_01"",""major_program_name"":""民生関係事務従事職員の人件費"",""budget_program_name"":""会計年度任用職員の人件費（高齢福祉部）"",""detail_program_name"":""会計年度任用職員の人件費（高齢福祉部）"",""source_file"":""ippansaisyutu.csv"",""source_row_number"":9644}],""same_budget_item_other_program_names"":[""会計年度任用職員の人件費（烏山総合支所）"",""会計年度任用職員の人件費（砧総合支所）"",""会計年度任用職員の人件費（玉川総合支所）"",""会計年度任用職員の人件費（子ども・若者部（２））"",""会計年度任用職員の人件費（子ども・若者部）"",""会計年度任用職員の人件費（児童相談所）"",""会計年度任用職員の人件費（障害福祉部）"",""会計年度任用職員の人件費（世田谷総合支所）"",""会計年度任用職員の人件費（保健福祉政策部）"",""会計年度任用職員の人件費（北沢総合支所）"",""民生関係事務従事職員の人件費""],""related_revenues"":[{""revenue_detail_id"":""rd_2026_general_revenue_14_02_08_04_03_3645100000"",""revenue_hierarchy"":[""都支出金"",""都補助金"",""民生費補助金（２）"",""介護予防・フレイル予防推進員配置事業補助金"",""介護予防・フレイル予防推進員配置事業""],""amount_attribution_status"":""not_available""},{""revenue_detail_id"":""rd_2026_general_revenue_19_06_04_06_09_3645100000"",""revenue_hierarchy"":[""諸収入"",""雑入"",""納付金"",""納付金（３）"",""会計年度任用職員社会保険料（高齢福祉部）""],""amount_attribution_status"":""not_available""}]}","high","approve","B_strong_structural・確信度highの一括承認ルールにより承認"
"bpi_3362376aeeeaf6fbcc1c4fd8465b3c1cf240b2455c2a9557d65f9ac7ebbd5af3","高額介護サービス費相当等事業費","介護保険事業会計","地域支援事業費","介護予防・日常生活支援総合事業費","介護予防・日常生活支援総合事業費","高齢福祉部 介護保険課","9974","福祉・保健・社会保障を支える行政","supports","公式予算で国民健康保険、後期高齢者医療、介護保険の特別会計に属するため、社会保障に関する行政機能を支える予算事業として整理した。","B_strong_structural","{""matched_rule_id"":""social-insurance-accounts-official-hierarchy"",""budget_item_key"":""2026_long_term_care_insurance_expenditure_49_03_01"",""identity_fields"":{""display_program_name"":""高額介護サービス費相当等事業費"",""hierarchy"":[""地域支援事業費"",""介護予防・日常生活支援総合事業費"",""介護予防・日常生活支援総合事業費""],""department_display_name"":""高齢福祉部 介護保険課"",""amount_thousand_yen"":9974},""member_programs"":[{""program_id"":""2026_long_term_care_insurance_expenditure_49_03_01_01_08_01"",""major_program_name"":""介護予防・日常生活支援総合事業費"",""budget_program_name"":""高額介護サービス費相当等事業費"",""detail_program_name"":""高額介護サービス費相当等事業費"",""source_file"":""ippansaisyutu.csv"",""source_row_number"":9682}],""same_budget_item_other_program_names"":[""サービス・活動事業"",""一般介護予防事業"",""総合事業指定事業者実施サービス等諸費""],""related_revenues"":[{""revenue_detail_id"":""rd_2026_long_term_care_insurance_revenue_41_01_01_01_58_3645200000"",""revenue_hierarchy"":[""保険料"",""介護保険料"",""第１号被保険者保険料"",""現年度分特別徴収分"",""高額介護サービス費相当等事業費""],""amount_attribution_status"":""not_available""},{""revenue_detail_id"":""rd_2026_long_term_care_insurance_revenue_43_02_01_01_32_3645200000"",""revenue_hierarchy"":[""国庫支出金"",""国庫補助金"",""調整交付金"",""現年度分"",""高額介護サービス費相当等事業費（調整）""],""amount_attribution_status"":""not_available""},{""revenue_detail_id"":""rd_2026_long_term_care_insurance_revenue_43_02_14_01_09_3645200000"",""revenue_hierarchy"":[""国庫支出金"",""国庫補助金"",""地域支援事業交付金（介護予防・日常生活支援総合事業）"",""現年度分"",""高額介護サービス費相当等事業費（地域支援）""],""amount_attribution_status"":""not_available""},{""revenue_detail_id"":""rd_2026_long_term_care_insurance_revenue_44_01_03_01_06_3645200000"",""revenue_hierarchy"":[""支払基金交付金"",""支払基金交付金"",""地域支援事業支援交付金（介護予防・日常生活支援総合事業）"",""現年度分"",""高額介護サービス費相当等事業費""],""amount_attribution_status"":""not_available""},{""revenue_detail_id"":""rd_2026_long_term_care_insurance_revenue_45_03_08_01_06_3645200000"",""revenue_hierarchy"":[""都支出金"",""都補助金"",""地域支援事業交付金（介護予防・日常生活支援総合事業）"",""現年度分"",""高額介護サービス費相当等事業費""],""amount_attribution_status"":""not_available""},{""revenue_detail_id"":""rd_2026_long_term_care_insurance_revenue_48_01_05_01_07_3645200000"",""revenue_hierarchy"":[""繰入金"",""一般会計繰入金"",""地域支援事業繰入金（介護予防・日常生活支援総合事業）"",""現年度分"",""高額介護サービス費相当等事業費""],""amount_attribution_status"":""not_available""}]}","high","approve","B_strong_structural・確信度highの一括承認ルールにより承認"
"bpi_dec506625dd9172532e96c51cb8735e807fa9f56a8893bcee531ffb20e06df34","会計年度任用職員の人件費（保健福祉政策部）","後期高齢者医療会計","職員費","職員費","職員費","保健福祉政策部 保健福祉政策課","9850","福祉・保健・社会保障を支える行政","supports","公式予算で国民健康保険、後期高齢者医療、介護保険の特別会計に属するため、社会保障に関する行政機能を支える予算事業として整理した。","B_strong_structural","{""matched_rule_id"":""social-insurance-accounts-official-hierarchy"",""budget_item_key"":""2026_latter_stage_elderly_healthcare_expenditure_64_01_01"",""identity_fields"":{""display_program_name"":""会計年度任用職員の人件費（保健福祉政策部）"",""hierarchy"":[""職員費"",""職員費"",""職員費""],""department_display_name"":""保健福祉政策部 保健福祉政策課"",""amount_thousand_yen"":9850},""member_programs"":[{""program_id"":""2026_latter_stage_elderly_healthcare_expenditure_64_01_01_01_03_01"",""major_program_name"":""後期高齢者医療従事職員の人件費"",""budget_program_name"":""会計年度任用職員の人件費（保健福祉政策部）"",""detail_program_name"":""会計年度任用職員の人件費（保健福祉政策部）"",""source_file"":""ippansaisyutu.csv"",""source_row_number"":9538}],""same_budget_item_other_program_names"":[""後期高齢者医療会計関係事務従事職員の人件費"",""後期高齢者医療会計関係職員の人件費""],""related_revenues"":[{""revenue_detail_id"":""rd_2026_latter_stage_elderly_healthcare_revenue_63_01_01_01_01_3595400000"",""revenue_hierarchy"":[""繰入金"",""一般会計繰入金"",""一般会計繰入金"",""職員給与費等繰入金"",""職員給与費""],""amount_attribution_status"":""not_available""}]}","high","approve","B_strong_structural・確信度highの一括承認ルールにより承認"
"bpi_2503e0579fbd809621488e5cf9ccfe59060cd5b3c0e4f2bd1481598c4d7ebae0","世田谷保健福祉センター分室維持管理","一般会計","民生費","社会福祉費","社会福祉総務費","世田谷総合支所 健康づくり課","9764","福祉・保健・社会保障を支える行政","supports","公式予算で民生費の社会福祉費または生活保護費に属するため、福祉・社会保障に関する行政機能を支える予算事業として整理した。これはみらい議会の探索用整理であり、区の公式な課題分類ではない。","B_strong_structural","{""matched_rule_id"":""social-welfare-official-hierarchy"",""budget_item_key"":""2026_general_expenditure_03_01_01"",""identity_fields"":{""display_program_name"":""世田谷保健福祉センター分室維持管理"",""hierarchy"":[""民生費"",""社会福祉費"",""社会福祉総務費""],""department_display_name"":""世田谷総合支所 健康づくり課"",""amount_thousand_yen"":9764},""member_programs"":[{""program_id"":""2026_general_expenditure_03_01_01_03_60_01"",""major_program_name"":""その他の社会福祉事業費"",""budget_program_name"":""世田谷保健福祉センター分室維持管理"",""detail_program_name"":""世田谷保健福祉センター分室維持管理"",""source_file"":""ippansaisyutu.csv"",""source_row_number"":9114}],""same_budget_item_other_program_names"":[""ケアハウス整備促進等事業"",""ケアマネジメントの総合的推進"",""ひきこもり対策"",""ボランティア施設改修"",""ボランティア団体等援助"",""移動困難者の移送システム"",""医療的ケア児（者）支援の充実"",""医療的ケア児の笑顔を支える基金積立金"",""介護人材確保・定着支援事業"",""介護保険事業会計繰出金"",""旧軍人等の援護"",""後期高齢者医療会計繰出金"",""行旅病人及死亡人取扱"",""高齢福祉部運営事業"",""高齢福祉部庶務事務"",""国民健康保険事業会計繰出金"",""災害時ボランティア受入体制整備事業"",""社会福祉協議会運営助成"",""社会福祉事業団運営助成"",""社会福祉法人に対する高齢者施設整備助成"",""社会福祉法人に対する障害者施設整備助成"",""社会福祉法人の認可・指導検査"",""終活支援センター運営事業"",""住宅手当緊急特別措置事業"",""住民税非課税世帯等への価格高騰重点支援給付金支給"",""障害者グループホーム整備助成"",""障害者サービス広報事業"",""障害者差別解消推進"",""障害者施設整備促進等事業"",""障害者福祉施策の計画・調整"",""障害認定審査事務運営"",""障害福祉部庶務事務"",""心身障害者医療費助成"",""世田谷区地域福祉推進事業"",""成年後見制度"",""生活安定支援事業"",""生活困窮者自立促進支援事業"",""生活保健事務（烏山）"",""生活保健事務（砧）"",""生活保健事務（玉川）"",""生活保健事務（世田谷）"",""生活保健事務（北沢）"",""専門的人材の確保・養成事業"",""相談員業務（烏山）"",""相談員業務（砧）"",""相談員業務（玉川）"",""相談員業務（世田谷）"",""相談員業務（北沢）"",""地域福祉活動等促進事業"",""地域福祉資源開発事業"",""地域保健福祉審議会の運営"",""地域保健福祉等推進基金積立金"",""地域密着型サービス拠点等整備助成"",""地区高齢者見守りネットワーク事業"",""特定中国残留邦人等支援事業"",""特別区区民葬儀助成事業"",""特別養護老人ホーム等運営支援"",""避難行動要支援者支援の推進"",""福祉資金貸付"",""福祉人材育成・研修センター運営事業"",""保健医療福祉総合プラザ維持運営"",""保健福祉サービス苦情審査会運営"",""保健福祉サービス質の向上の推進"",""保健福祉運営事務（烏山）"",""保健福祉運営事務（砧）"",""保健福祉運営事務（玉川）"",""保健福祉運営事務（世田谷）"",""保健福祉運営事務（北沢）"",""保健福祉政策部運営事業"",""保健福祉政策部庶務事務"",""民生委員等活動"",""路上生活対策事業"",""老人保健施設整備助成""],""related_revenues"":[]}","high","approve","B_strong_structural・確信度highの一括承認ルールにより承認"
"bpi_d5651b31c9b0fc7ecb0d74a7a1dadabd7c334b98b07df3503494fe97f916f577","区民健康診断（世田谷）","一般会計","衛生費","保健所費","保健所費","世田谷総合支所 健康づくり課","9564","福祉・保健・社会保障を支える行政","supports","公式予算で衛生費に属するため、保健・公衆衛生に関する行政機能を支える予算事業として整理した。","B_strong_structural","{""matched_rule_id"":""public-health-official-hierarchy"",""budget_item_key"":""2026_general_expenditure_05_02_01"",""identity_fields"":{""display_program_name"":""区民健康診断（世田谷）"",""hierarchy"":[""衛生費"",""保健所費"",""保健所費""],""department_display_name"":""世田谷総合支所 健康づくり課"",""amount_thousand_yen"":9564},""member_programs"":[{""program_id"":""2026_general_expenditure_05_02_01_02_04_01"",""major_program_name"":""保健衛生事業費"",""budget_program_name"":""区民健康診断（世田谷）"",""detail_program_name"":""区民健康診断（世田谷）"",""source_file"":""ippansaisyutu.csv"",""source_row_number"":9115}],""same_budget_item_other_program_names"":[""区民健康診断（烏山）"",""区民健康診断（砧）"",""区民健康診断（玉川）"",""区民健康診断（北沢）"",""健康せたがやプランの推進"",""健康危機管理体制の充実"",""受動喫煙対策"",""精神障害者生活指導"",""精神保健福祉推進"",""精神保健福祉相談"",""保健所運営事務"",""保健所庶務事務""],""related_revenues"":[{""revenue_detail_id"":""rd_2026_general_revenue_12_01_03_01_11_2165300000"",""revenue_hierarchy"":[""使用料及手数料"",""使用料"",""衛生使用料"",""保健所"",""健康相談（世田谷）""],""amount_attribution_status"":""not_available""},{""revenue_detail_id"":""rd_2026_general_revenue_12_01_03_01_16_2165300000"",""revenue_hierarchy"":[""使用料及手数料"",""使用料"",""衛生使用料"",""保健所"",""歯科相談（世田谷）""],""amount_attribution_status"":""not_available""}]}","high","approve","B_strong_structural・確信度highの一括承認ルールにより承認"
"bpi_b51025445837cb1320053362a68bc33800a3c336fb0999297cc41f1e1a08f435","障害者施設等運営助成","一般会計","民生費","社会福祉費","障害者施設費","障害福祉部 障害地域生活課","8607","福祉・保健・社会保障を支える行政","supports","公式予算で民生費の社会福祉費または生活保護費に属するため、福祉・社会保障に関する行政機能を支える予算事業として整理した。これはみらい議会の探索用整理であり、区の公式な課題分類ではない。","B_strong_structural","{""matched_rule_id"":""social-welfare-official-hierarchy"",""budget_item_key"":""2026_general_expenditure_03_01_16"",""identity_fields"":{""display_program_name"":""障害者施設等運営助成"",""hierarchy"":[""民生費"",""社会福祉費"",""障害者施設費""],""department_display_name"":""障害福祉部 障害地域生活課"",""amount_thousand_yen"":8607},""member_programs"":[{""program_id"":""2026_general_expenditure_03_01_16_01_35_01"",""major_program_name"":""障害者更生指導事業費"",""budget_program_name"":""障害者施設等運営助成"",""detail_program_name"":""障害者施設等運営助成"",""source_file"":""ippansaisyutu.csv"",""source_row_number"":9749}],""same_budget_item_other_program_names"":[""グループホーム運営助成"",""児童発達支援運営"",""就労移行・継続支援事業運営"",""重症心身障害児（者）通園施設運営助成"",""障害施設維持管理"",""障害児施設維持管理"",""障害児施設改修"",""障害者休養ホームひまわり荘運営管理"",""障害者施設改修"",""障害者自立体験等運営事業"",""障害者授産事業"",""障害者就労促進事業"",""障害者短期入所等事業"",""生活介護事業運営"",""地域活動支援センター運営助成"",""配慮を要する児童への支援事業"",""梅ヶ丘拠点障害児通所事業運営助成"",""梅ヶ丘拠点障害者支援施設運営助成"",""福祉施設等送迎バスのネットワーク運行"",""放課後等デイサービス運営助成""],""related_revenues"":[{""revenue_detail_id"":""rd_2026_general_revenue_14_02_02_31_05_3655200000"",""revenue_hierarchy"":[""都支出金"",""都補助金"",""民生費補助金"",""人生１００年時代セカンドライフ応援事業補助金"",""八幡山地域支え合い・介護予防事業""],""amount_attribution_status"":""not_available""},{""revenue_detail_id"":""rd_2026_general_revenue_19_06_09_05_16_3655200000"",""revenue_hierarchy"":[""諸収入"",""雑入"",""雑入"",""光熱水費等負担金"",""知的障害者援護施設緊急一時保護（宿泊）事業""],""amount_attribution_status"":""not_available""}]}","high","approve","B_strong_structural・確信度highの一括承認ルールにより承認"
"bpi_658582e7001236a567ed5716e30ff0187bb1df6f8de458986dbd634a13e12cb3","会計年度任用職員の人件費（世田谷総合支所）","一般会計","職員費","職員費","衛生職員費","世田谷総合支所 生活支援課","8529","福祉・保健・社会保障を支える行政","supports","公式予算の職員費で民生職員費または衛生職員費に属するため、福祉・保健・社会保障に関する行政機能を支える予算事業として整理した。","B_strong_structural","{""matched_rule_id"":""welfare-health-staff-official-hierarchy"",""budget_item_key"":""2026_general_expenditure_09_01_05"",""identity_fields"":{""display_program_name"":""会計年度任用職員の人件費（世田谷総合支所）"",""hierarchy"":[""職員費"",""職員費"",""衛生職員費""],""department_display_name"":""世田谷総合支所 生活支援課"",""amount_thousand_yen"":8529},""member_programs"":[{""program_id"":""2026_general_expenditure_09_01_05_01_09_01"",""major_program_name"":""衛生関係事務従事職員の人件費"",""budget_program_name"":""会計年度任用職員の人件費（世田谷総合支所）"",""detail_program_name"":""会計年度任用職員の人件費（世田谷総合支所）"",""source_file"":""ippansaisyutu.csv"",""source_row_number"":9112}],""same_budget_item_other_program_names"":[""衛生関係事務従事職員の人件費"",""会計年度任用職員の人件費（烏山総合支所）"",""会計年度任用職員の人件費（砧総合支所）"",""会計年度任用職員の人件費（玉川総合支所）"",""会計年度任用職員の人件費（世田谷保健所）"",""会計年度任用職員の人件費（北沢総合支所）""],""related_revenues"":[]}","high","approve","B_strong_structural・確信度highの一括承認ルールにより承認"
"bpi_56e23bb373d4836b301fdf71d91bc5540348ec95abcf44a9c189933fc951b5ec","区民健康診断（烏山）","一般会計","衛生費","保健所費","保健所費","烏山総合支所 健康づくり課","8240","福祉・保健・社会保障を支える行政","supports","公式予算で衛生費に属するため、保健・公衆衛生に関する行政機能を支える予算事業として整理した。","B_strong_structural","{""matched_rule_id"":""public-health-official-hierarchy"",""budget_item_key"":""2026_general_expenditure_05_02_01"",""identity_fields"":{""display_program_name"":""区民健康診断（烏山）"",""hierarchy"":[""衛生費"",""保健所費"",""保健所費""],""department_display_name"":""烏山総合支所 健康づくり課"",""amount_thousand_yen"":8240},""member_programs"":[{""program_id"":""2026_general_expenditure_05_02_01_02_08_01"",""major_program_name"":""保健衛生事業費"",""budget_program_name"":""区民健康診断（烏山）"",""detail_program_name"":""区民健康診断（烏山）"",""source_file"":""ippansaisyutu.csv"",""source_row_number"":9238}],""same_budget_item_other_program_names"":[""区民健康診断（砧）"",""区民健康診断（玉川）"",""区民健康診断（世田谷）"",""区民健康診断（北沢）"",""健康せたがやプランの推進"",""健康危機管理体制の充実"",""受動喫煙対策"",""精神障害者生活指導"",""精神保健福祉推進"",""精神保健福祉相談"",""保健所運営事務"",""保健所庶務事務""],""related_revenues"":[{""revenue_detail_id"":""rd_2026_general_revenue_12_01_03_01_15_2565300000"",""revenue_hierarchy"":[""使用料及手数料"",""使用料"",""衛生使用料"",""保健所"",""健康相談（烏山）""],""amount_attribution_status"":""not_available""},{""revenue_detail_id"":""rd_2026_general_revenue_12_01_03_01_20_2565300000"",""revenue_hierarchy"":[""使用料及手数料"",""使用料"",""衛生使用料"",""保健所"",""歯科相談（烏山）""],""amount_attribution_status"":""not_available""}]}","high","approve","B_strong_structural・確信度highの一括承認ルールにより承認"
"bpi_5802b1617687f51db9a0e4803eb338ef2516b2774fd0477c6879c44df0c12b30","高額介護合算療養費","国民健康保険事業会計","保険給付費","高額療養費","高額介護合算療養費","保健福祉政策部 国保・年金課","8024","福祉・保健・社会保障を支える行政","supports","公式予算で国民健康保険、後期高齢者医療、介護保険の特別会計に属するため、社会保障に関する行政機能を支える予算事業として整理した。","B_strong_structural","{""matched_rule_id"":""social-insurance-accounts-official-hierarchy"",""budget_item_key"":""2026_national_health_insurance_expenditure_22_02_03"",""identity_fields"":{""display_program_name"":""高額介護合算療養費"",""hierarchy"":[""保険給付費"",""高額療養費"",""高額介護合算療養費""],""department_display_name"":""保健福祉政策部 国保・年金課"",""amount_thousand_yen"":8024},""member_programs"":[{""program_id"":""2026_national_health_insurance_expenditure_22_02_03_01_01_01"",""major_program_name"":""高額介護合算療養費"",""budget_program_name"":""高額介護合算療養費"",""detail_program_name"":""高額介護合算療養費"",""source_file"":""ippansaisyutu.csv"",""source_row_number"":9583}],""same_budget_item_other_program_names"":[],""related_revenues"":[{""revenue_detail_id"":""rd_2026_national_health_insurance_revenue_26_02_03_01_08_3595400000"",""revenue_hierarchy"":[""都支出金"",""都補助金"",""保険給付費等交付金"",""普通交付金"",""高額介護合算療養費""],""amount_attribution_status"":""not_available""}]}","high","approve","B_strong_structural・確信度highの一括承認ルールにより承認"
"bpi_389fcf1740ecdfc48b05432462dbd9d7e6c2b173d7df1572cfe3a9ea138e8407","地区高齢者見守りネットワーク事業","一般会計","民生費","社会福祉費","社会福祉総務費","高齢福祉部 高齢福祉課","7924","福祉・保健・社会保障を支える行政","supports","公式予算で民生費の社会福祉費または生活保護費に属するため、福祉・社会保障に関する行政機能を支える予算事業として整理した。これはみらい議会の探索用整理であり、区の公式な課題分類ではない。","B_strong_structural","{""matched_rule_id"":""social-welfare-official-hierarchy"",""budget_item_key"":""2026_general_expenditure_03_01_01"",""identity_fields"":{""display_program_name"":""地区高齢者見守りネットワーク事業"",""hierarchy"":[""民生費"",""社会福祉費"",""社会福祉総務費""],""department_display_name"":""高齢福祉部 高齢福祉課"",""amount_thousand_yen"":7924},""member_programs"":[{""program_id"":""2026_general_expenditure_03_01_01_03_93_01"",""major_program_name"":""その他の社会福祉事業費"",""budget_program_name"":""地区高齢者見守りネットワーク事業"",""detail_program_name"":""地区高齢者見守りネットワーク事業"",""source_file"":""ippansaisyutu.csv"",""source_row_number"":9620}],""same_budget_item_other_program_names"":[""ケアハウス整備促進等事業"",""ケアマネジメントの総合的推進"",""ひきこもり対策"",""ボランティア施設改修"",""ボランティア団体等援助"",""移動困難者の移送システム"",""医療的ケア児（者）支援の充実"",""医療的ケア児の笑顔を支える基金積立金"",""介護人材確保・定着支援事業"",""介護保険事業会計繰出金"",""旧軍人等の援護"",""後期高齢者医療会計繰出金"",""行旅病人及死亡人取扱"",""高齢福祉部運営事業"",""高齢福祉部庶務事務"",""国民健康保険事業会計繰出金"",""災害時ボランティア受入体制整備事業"",""社会福祉協議会運営助成"",""社会福祉事業団運営助成"",""社会福祉法人に対する高齢者施設整備助成"",""社会福祉法人に対する障害者施設整備助成"",""社会福祉法人の認可・指導検査"",""終活支援センター運営事業"",""住宅手当緊急特別措置事業"",""住民税非課税世帯等への価格高騰重点支援給付金支給"",""障害者グループホーム整備助成"",""障害者サービス広報事業"",""障害者差別解消推進"",""障害者施設整備促進等事業"",""障害者福祉施策の計画・調整"",""障害認定審査事務運営"",""障害福祉部庶務事務"",""心身障害者医療費助成"",""世田谷区地域福祉推進事業"",""世田谷保健福祉センター分室維持管理"",""成年後見制度"",""生活安定支援事業"",""生活困窮者自立促進支援事業"",""生活保健事務（烏山）"",""生活保健事務（砧）"",""生活保健事務（玉川）"",""生活保健事務（世田谷）"",""生活保健事務（北沢）"",""専門的人材の確保・養成事業"",""相談員業務（烏山）"",""相談員業務（砧）"",""相談員業務（玉川）"",""相談員業務（世田谷）"",""相談員業務（北沢）"",""地域福祉活動等促進事業"",""地域福祉資源開発事業"",""地域保健福祉審議会の運営"",""地域保健福祉等推進基金積立金"",""地域密着型サービス拠点等整備助成"",""特定中国残留邦人等支援事業"",""特別区区民葬儀助成事業"",""特別養護老人ホーム等運営支援"",""避難行動要支援者支援の推進"",""福祉資金貸付"",""福祉人材育成・研修センター運営事業"",""保健医療福祉総合プラザ維持運営"",""保健福祉サービス苦情審査会運営"",""保健福祉サービス質の向上の推進"",""保健福祉運営事務（烏山）"",""保健福祉運営事務（砧）"",""保健福祉運営事務（玉川）"",""保健福祉運営事務（世田谷）"",""保健福祉運営事務（北沢）"",""保健福祉政策部運営事業"",""保健福祉政策部庶務事務"",""民生委員等活動"",""路上生活対策事業"",""老人保健施設整備助成""],""related_revenues"":[{""revenue_detail_id"":""rd_2026_general_revenue_14_02_02_42_41_3645100000"",""revenue_hierarchy"":[""都支出金"",""都補助金"",""民生費補助金"",""高齢者施策推進区市町村包括補助事業"",""地区見守りネットワーク事業""],""amount_attribution_status"":""not_available""}]}","high","approve","B_strong_structural・確信度highの一括承認ルールにより承認"
"bpi_6b8232e4fb55f92bdbdbcd75ac7401f3fb4b1f9a915f884a6416c368dadd198f","民生委員ふれあい訪問","一般会計","民生費","社会福祉費","高齢者福祉費","高齢福祉部 高齢福祉課","7525","福祉・保健・社会保障を支える行政","supports","公式予算で民生費の社会福祉費または生活保護費に属するため、福祉・社会保障に関する行政機能を支える予算事業として整理した。これはみらい議会の探索用整理であり、区の公式な課題分類ではない。","B_strong_structural","{""matched_rule_id"":""social-welfare-official-hierarchy"",""budget_item_key"":""2026_general_expenditure_03_01_02"",""identity_fields"":{""display_program_name"":""民生委員ふれあい訪問"",""hierarchy"":[""民生費"",""社会福祉費"",""高齢者福祉費""],""department_display_name"":""高齢福祉部 高齢福祉課"",""amount_thousand_yen"":7525},""member_programs"":[{""program_id"":""2026_general_expenditure_03_01_02_05_15_01"",""major_program_name"":""その他の高齢者福祉事業費"",""budget_program_name"":""民生委員ふれあい訪問"",""detail_program_name"":""民生委員ふれあい訪問"",""source_file"":""ippansaisyutu.csv"",""source_row_number"":9640}],""same_budget_item_other_program_names"":[""あんしん見守り事業"",""シニアボランティアポイント事業"",""ひとりぐらし高齢者の安全確保"",""ひとりぐらし高齢者見守り機器補助事業"",""ひとりぐらし高齢者等状況把握"",""一時生活援助施設運営"",""一般介護予防事業"",""介護予防施策推進事業"",""慶祝事業"",""高齢者おむつ支給"",""高齢者コミュニケーションサービス"",""高齢者スマートフォン購入費助成"",""高齢者はり・灸・マッサージサービス"",""高齢者会食サービス"",""高齢者在宅サービスセンター維持管理"",""高齢者住宅改修助成"",""高齢者寝具乾燥・訪問理美容サービス"",""高齢者補聴器購入費助成"",""支えあいミニデイ支援の推進"",""生活支援体制整備事業"",""生計困難者負担軽減事業"",""地域包括支援センター運営委託"",""地域包括支援センター事務委託"",""地域包括支援センター障害者・子育て家庭等相談事業"",""地域包括支援センター認知症社会参加推進事業"",""認知症在宅生活サポートセンター認知症社会参加推進事業"",""認知症施策運営事業"",""福祉緊急対応"",""養護老人ホーム入所措置""],""related_revenues"":[{""revenue_detail_id"":""rd_2026_general_revenue_14_02_02_42_43_3645100000"",""revenue_hierarchy"":[""都支出金"",""都補助金"",""民生費補助金"",""高齢者施策推進区市町村包括補助事業"",""民生委員ふれあい訪問""],""amount_attribution_status"":""not_available""}]}","high","approve","B_strong_structural・確信度highの一括承認ルールにより承認"
"bpi_1eda6e90e9f333dabbc832997f5293334d4f3b85ccd4505e3bd05cb8bc3342d5","臨床検査事業運営","一般会計","衛生費","環境衛生費","環境衛生費","世田谷保健所 健康企画課","7452","福祉・保健・社会保障を支える行政","supports","公式予算で衛生費に属するため、保健・公衆衛生に関する行政機能を支える予算事業として整理した。","B_strong_structural","{""matched_rule_id"":""public-health-official-hierarchy"",""budget_item_key"":""2026_general_expenditure_05_04_01"",""identity_fields"":{""display_program_name"":""臨床検査事業運営"",""hierarchy"":[""衛生費"",""環境衛生費"",""環境衛生費""],""department_display_name"":""世田谷保健所 健康企画課"",""amount_thousand_yen"":7452},""member_programs"":[{""program_id"":""2026_general_expenditure_05_04_01_01_01_01"",""major_program_name"":""環境衛生事業費"",""budget_program_name"":""臨床検査事業運営"",""detail_program_name"":""臨床検査事業運営"",""source_file"":""ippansaisyutu.csv"",""source_row_number"":9888}],""same_budget_item_other_program_names"":[""医事薬事監視普及"",""化学検査事業運営"",""環境衛生監視普及"",""狂犬病予防法事務"",""検査センター事務"",""細菌検査事業運営"",""住宅宿泊事業監視普及"",""食の安全・安心の推進"",""食品衛生監視普及"",""人と動物との共生推進事業"",""鼠・害虫相談・水害消毒""],""related_revenues"":[{""revenue_detail_id"":""rd_2026_general_revenue_13_01_02_07_09_3785100000"",""revenue_hierarchy"":[""国庫支出金"",""国庫負担金"",""衛生費負担金"",""感染症対策費"",""臨床検査""],""amount_attribution_status"":""not_available""},{""revenue_detail_id"":""rd_2026_general_revenue_13_02_03_16_11_3785100000"",""revenue_hierarchy"":[""国庫支出金"",""国庫補助金"",""衛生費補助金"",""感染症予防事業費"",""特定感染症検査等事業""],""amount_attribution_status"":""not_available""}]}","high","approve","B_strong_structural・確信度highの一括承認ルールにより承認"
"bpi_351ce5fec1a4a850a8513cc118cb370753dac097a100b72f3a334a41661bfc3d","精神保健福祉相談","一般会計","衛生費","保健所費","保健所費","世田谷保健所 健康推進課","7096","福祉・保健・社会保障を支える行政","supports","公式予算で衛生費に属するため、保健・公衆衛生に関する行政機能を支える予算事業として整理した。","B_strong_structural","{""matched_rule_id"":""public-health-official-hierarchy"",""budget_item_key"":""2026_general_expenditure_05_02_01"",""identity_fields"":{""display_program_name"":""精神保健福祉相談"",""hierarchy"":[""衛生費"",""保健所費"",""保健所費""],""department_display_name"":""世田谷保健所 健康推進課"",""amount_thousand_yen"":7096},""member_programs"":[{""program_id"":""2026_general_expenditure_05_02_01_02_01_01"",""major_program_name"":""保健衛生事業費"",""budget_program_name"":""精神保健福祉相談"",""detail_program_name"":""精神保健福祉相談"",""source_file"":""ippansaisyutu.csv"",""source_row_number"":9893}],""same_budget_item_other_program_names"":[""区民健康診断（烏山）"",""区民健康診断（砧）"",""区民健康診断（玉川）"",""区民健康診断（世田谷）"",""区民健康診断（北沢）"",""健康せたがやプランの推進"",""健康危機管理体制の充実"",""受動喫煙対策"",""精神障害者生活指導"",""精神保健福祉推進"",""保健所運営事務"",""保健所庶務事務""],""related_revenues"":[{""revenue_detail_id"":""rd_2026_general_revenue_13_02_01_69_14_3785200000"",""revenue_hierarchy"":[""国庫支出金"",""国庫補助金"",""民生費補助金"",""地域生活支援促進事業費"",""精神障害・地域包括ケアシステム推進（精神保健福祉相談）""],""amount_attribution_status"":""not_available""}]}","high","approve","B_strong_structural・確信度highの一括承認ルールにより承認"
"bpi_3bdd80da87460bcca3a854da34d90cd59babcbab3aac497b254b0a9229770567","地域保健福祉審議会の運営","一般会計","民生費","社会福祉費","社会福祉総務費","保健福祉政策部 保健福祉政策課","7091","福祉・保健・社会保障を支える行政","supports","公式予算で民生費の社会福祉費または生活保護費に属するため、福祉・社会保障に関する行政機能を支える予算事業として整理した。これはみらい議会の探索用整理であり、区の公式な課題分類ではない。","B_strong_structural","{""matched_rule_id"":""social-welfare-official-hierarchy"",""budget_item_key"":""2026_general_expenditure_03_01_01"",""identity_fields"":{""display_program_name"":""地域保健福祉審議会の運営"",""hierarchy"":[""民生費"",""社会福祉費"",""社会福祉総務費""],""department_display_name"":""保健福祉政策部 保健福祉政策課"",""amount_thousand_yen"":7091},""member_programs"":[{""program_id"":""2026_general_expenditure_03_01_01_03_08_01"",""major_program_name"":""その他の社会福祉事業費"",""budget_program_name"":""地域保健福祉審議会の運営"",""detail_program_name"":""地域保健福祉審議会の運営"",""source_file"":""ippansaisyutu.csv"",""source_row_number"":9529}],""same_budget_item_other_program_names"":[""ケアハウス整備促進等事業"",""ケアマネジメントの総合的推進"",""ひきこもり対策"",""ボランティア施設改修"",""ボランティア団体等援助"",""移動困難者の移送システム"",""医療的ケア児（者）支援の充実"",""医療的ケア児の笑顔を支える基金積立金"",""介護人材確保・定着支援事業"",""介護保険事業会計繰出金"",""旧軍人等の援護"",""後期高齢者医療会計繰出金"",""行旅病人及死亡人取扱"",""高齢福祉部運営事業"",""高齢福祉部庶務事務"",""国民健康保険事業会計繰出金"",""災害時ボランティア受入体制整備事業"",""社会福祉協議会運営助成"",""社会福祉事業団運営助成"",""社会福祉法人に対する高齢者施設整備助成"",""社会福祉法人に対する障害者施設整備助成"",""社会福祉法人の認可・指導検査"",""終活支援センター運営事業"",""住宅手当緊急特別措置事業"",""住民税非課税世帯等への価格高騰重点支援給付金支給"",""障害者グループホーム整備助成"",""障害者サービス広報事業"",""障害者差別解消推進"",""障害者施設整備促進等事業"",""障害者福祉施策の計画・調整"",""障害認定審査事務運営"",""障害福祉部庶務事務"",""心身障害者医療費助成"",""世田谷区地域福祉推進事業"",""世田谷保健福祉センター分室維持管理"",""成年後見制度"",""生活安定支援事業"",""生活困窮者自立促進支援事業"",""生活保健事務（烏山）"",""生活保健事務（砧）"",""生活保健事務（玉川）"",""生活保健事務（世田谷）"",""生活保健事務（北沢）"",""専門的人材の確保・養成事業"",""相談員業務（烏山）"",""相談員業務（砧）"",""相談員業務（玉川）"",""相談員業務（世田谷）"",""相談員業務（北沢）"",""地域福祉活動等促進事業"",""地域福祉資源開発事業"",""地域保健福祉等推進基金積立金"",""地域密着型サービス拠点等整備助成"",""地区高齢者見守りネットワーク事業"",""特定中国残留邦人等支援事業"",""特別区区民葬儀助成事業"",""特別養護老人ホーム等運営支援"",""避難行動要支援者支援の推進"",""福祉資金貸付"",""福祉人材育成・研修センター運営事業"",""保健医療福祉総合プラザ維持運営"",""保健福祉サービス苦情審査会運営"",""保健福祉サービス質の向上の推進"",""保健福祉運営事務（烏山）"",""保健福祉運営事務（砧）"",""保健福祉運営事務（玉川）"",""保健福祉運営事務（世田谷）"",""保健福祉運営事務（北沢）"",""保健福祉政策部運営事業"",""保健福祉政策部庶務事務"",""民生委員等活動"",""路上生活対策事業"",""老人保健施設整備助成""],""related_revenues"":[]}","high","approve","B_strong_structural・確信度highの一括承認ルールにより承認"
"bpi_5f3a27a6b7fd6534f062b1abf0cff735b50ed918be3fa1c05ee445bed856d7c7","難病・被爆者対策","一般会計","衛生費","公衆衛生費","感染症予防費","世田谷保健所 感染症対策課","6930","福祉・保健・社会保障を支える行政","supports","公式予算で衛生費に属するため、保健・公衆衛生に関する行政機能を支える予算事業として整理した。","B_strong_structural","{""matched_rule_id"":""public-health-official-hierarchy"",""budget_item_key"":""2026_general_expenditure_05_03_07"",""identity_fields"":{""display_program_name"":""難病・被爆者対策"",""hierarchy"":[""衛生費"",""公衆衛生費"",""感染症予防費""],""department_display_name"":""世田谷保健所 感染症対策課"",""amount_thousand_yen"":6930},""member_programs"":[{""program_id"":""2026_general_expenditure_05_03_07_03_03_02"",""major_program_name"":""結核予防事業費"",""budget_program_name"":""難病・被爆者対策"",""detail_program_name"":""難病・被爆者対策"",""source_file"":""ippansaisyutu.csv"",""source_row_number"":9926}],""same_budget_item_other_program_names"":[""おたふくかぜ予防接種助成"",""感染症対策"",""結核対策"",""高齢者インフルエンザ予防接種"",""高齢者新型コロナ予防接種"",""高齢者肺炎球菌予防接種"",""子どもインフルエンザ予防接種助成"",""帯状疱疹予防接種助成"",""男性ＨＰＶ予防接種助成"",""定期及臨時予防接種"",""風しん抗体検査・予防接種""],""related_revenues"":[{""revenue_detail_id"":""rd_2026_general_revenue_13_02_03_16_03_3785250000"",""revenue_hierarchy"":[""国庫支出金"",""国庫補助金"",""衛生費補助金"",""感染症予防事業費"",""難病患者地域支援対策推進事業""],""amount_attribution_status"":""not_available""},{""revenue_detail_id"":""rd_2026_general_revenue_14_02_02_40_60_3785250000"",""revenue_hierarchy"":[""都支出金"",""都補助金"",""民生費補助金"",""保健医療政策区市町村包括補助事業費"",""骨髄移植ドナー支援事業""],""amount_attribution_status"":""not_available""},{""revenue_detail_id"":""rd_2026_general_revenue_14_03_02_02_11_3785250000"",""revenue_hierarchy"":[""都支出金"",""都委託金"",""衛生費委託金"",""医療費助成事務費"",""難病医療費事務費交付金""],""amount_attribution_status"":""not_available""}]}","high","approve","B_strong_structural・確信度highの一括承認ルールにより承認"
"bpi_0644fe3d149816b62b4149ebf30597ba8ff6b13fdecccd4811f6295afeadeed6","障害者寝具乾燥・訪問理美容サービス","一般会計","民生費","社会福祉費","障害者福祉費","障害福祉部 障害施策課","6716","福祉・保健・社会保障を支える行政","supports","公式予算で民生費の社会福祉費または生活保護費に属するため、福祉・社会保障に関する行政機能を支える予算事業として整理した。これはみらい議会の探索用整理であり、区の公式な課題分類ではない。","B_strong_structural","{""matched_rule_id"":""social-welfare-official-hierarchy"",""budget_item_key"":""2026_general_expenditure_03_01_03"",""identity_fields"":{""display_program_name"":""障害者寝具乾燥・訪問理美容サービス"",""hierarchy"":[""民生費"",""社会福祉費"",""障害者福祉費""],""department_display_name"":""障害福祉部 障害施策課"",""amount_thousand_yen"":6716},""member_programs"":[{""program_id"":""2026_general_expenditure_03_01_03_03_06_01"",""major_program_name"":""障害者生活支援事業"",""budget_program_name"":""障害者寝具乾燥・訪問理美容サービス"",""detail_program_name"":""障害者寝具乾燥・訪問理美容サービス"",""source_file"":""ippansaisyutu.csv"",""source_row_number"":9713}],""same_budget_item_other_program_names"":[""介護者リフレッシュ"",""基幹相談支援センター事業運営"",""技術支援（児童福祉施設）事業運営"",""更生訓練費助成"",""自立支援医療"",""重度脳性麻痺者介護人派遣"",""障害児入所給付費"",""障害者おむつ支給"",""障害者グループホーム事業等助成"",""障害者コミュニケーションサービス"",""障害者ホームヘルパー等派遣"",""障害者虐待防止推進事業"",""障害者緊急介護人派遣"",""障害者自動車利用支援"",""障害者自立支援給付"",""障害者親亡きあと対策"",""障害者設備改善費給付"",""障害者専門相談事業運営"",""障害者相談支援"",""障害者団体活動支援"",""障害者団体支援"",""障害者日常生活用具等給付"",""障害者入浴サービス"",""障害者配食サービス"",""障害者福祉手当"",""障害理解促進"",""身体障害者及知的障害者相談員活動"",""精神障害者ピアサポート支援事業"",""精神保健福祉団体連携事業"",""地域生活支援拠点等整備事業"",""乳幼児育成相談事業運営"",""被爆者見舞金"",""補装具給付"",""民間空襲等被害者見舞金支給""],""related_revenues"":[]}","high","approve","B_strong_structural・確信度highの一括承認ルールにより承認"
"bpi_00eb4194255d32e902c2af8b2a19453e9af1ee04e8a62f869039557bdf89be9c","高齢者会食サービス","一般会計","民生費","社会福祉費","高齢者福祉費","高齢福祉部 高齢福祉課","6628","福祉・保健・社会保障を支える行政","supports","公式予算で民生費の社会福祉費または生活保護費に属するため、福祉・社会保障に関する行政機能を支える予算事業として整理した。これはみらい議会の探索用整理であり、区の公式な課題分類ではない。","B_strong_structural","{""matched_rule_id"":""social-welfare-official-hierarchy"",""budget_item_key"":""2026_general_expenditure_03_01_02"",""identity_fields"":{""display_program_name"":""高齢者会食サービス"",""hierarchy"":[""民生費"",""社会福祉費"",""高齢者福祉費""],""department_display_name"":""高齢福祉部 高齢福祉課"",""amount_thousand_yen"":6628},""member_programs"":[{""program_id"":""2026_general_expenditure_03_01_02_03_02_01"",""major_program_name"":""交流・社会参加促進のための事業費"",""budget_program_name"":""高齢者会食サービス"",""detail_program_name"":""高齢者会食サービス"",""source_file"":""ippansaisyutu.csv"",""source_row_number"":9627}],""same_budget_item_other_program_names"":[""あんしん見守り事業"",""シニアボランティアポイント事業"",""ひとりぐらし高齢者の安全確保"",""ひとりぐらし高齢者見守り機器補助事業"",""ひとりぐらし高齢者等状況把握"",""一時生活援助施設運営"",""一般介護予防事業"",""介護予防施策推進事業"",""慶祝事業"",""高齢者おむつ支給"",""高齢者コミュニケーションサービス"",""高齢者スマートフォン購入費助成"",""高齢者はり・灸・マッサージサービス"",""高齢者在宅サービスセンター維持管理"",""高齢者住宅改修助成"",""高齢者寝具乾燥・訪問理美容サービス"",""高齢者補聴器購入費助成"",""支えあいミニデイ支援の推進"",""生活支援体制整備事業"",""生計困難者負担軽減事業"",""地域包括支援センター運営委託"",""地域包括支援センター事務委託"",""地域包括支援センター障害者・子育て家庭等相談事業"",""地域包括支援センター認知症社会参加推進事業"",""認知症在宅生活サポートセンター認知症社会参加推進事業"",""認知症施策運営事業"",""福祉緊急対応"",""民生委員ふれあい訪問"",""養護老人ホーム入所措置""],""related_revenues"":[{""revenue_detail_id"":""rd_2026_general_revenue_14_02_02_42_18_3645100000"",""revenue_hierarchy"":[""都支出金"",""都補助金"",""民生費補助金"",""高齢者施策推進区市町村包括補助事業"",""ひとりぐらし高齢者等会食サービス""],""amount_attribution_status"":""not_available""},{""revenue_detail_id"":""rd_2026_general_revenue_14_02_02_42_19_3645100000"",""revenue_hierarchy"":[""都支出金"",""都補助金"",""民生費補助金"",""高齢者施策推進区市町村包括補助事業"",""高齢者食事サービスサポートセンター運営支援""],""amount_attribution_status"":""not_available""}]}","high","approve","B_strong_structural・確信度highの一括承認ルールにより承認"
"bpi_deae814fd5959224ec7b09efdd478a76c3c939149befdddfb6d7b732f5b63b09","高齢者住宅改修助成","一般会計","民生費","社会福祉費","高齢者福祉費","高齢福祉部 高齢福祉課","6264","福祉・保健・社会保障を支える行政","supports","公式予算で民生費の社会福祉費または生活保護費に属するため、福祉・社会保障に関する行政機能を支える予算事業として整理した。これはみらい議会の探索用整理であり、区の公式な課題分類ではない。","B_strong_structural","{""matched_rule_id"":""social-welfare-official-hierarchy"",""budget_item_key"":""2026_general_expenditure_03_01_02"",""identity_fields"":{""display_program_name"":""高齢者住宅改修助成"",""hierarchy"":[""民生費"",""社会福祉費"",""高齢者福祉費""],""department_display_name"":""高齢福祉部 高齢福祉課"",""amount_thousand_yen"":6264},""member_programs"":[{""program_id"":""2026_general_expenditure_03_01_02_04_16_01"",""major_program_name"":""高齢者生活支援事業費"",""budget_program_name"":""高齢者住宅改修助成"",""detail_program_name"":""高齢者住宅改修助成"",""source_file"":""ippansaisyutu.csv"",""source_row_number"":9636}],""same_budget_item_other_program_names"":[""あんしん見守り事業"",""シニアボランティアポイント事業"",""ひとりぐらし高齢者の安全確保"",""ひとりぐらし高齢者見守り機器補助事業"",""ひとりぐらし高齢者等状況把握"",""一時生活援助施設運営"",""一般介護予防事業"",""介護予防施策推進事業"",""慶祝事業"",""高齢者おむつ支給"",""高齢者コミュニケーションサービス"",""高齢者スマートフォン購入費助成"",""高齢者はり・灸・マッサージサービス"",""高齢者会食サービス"",""高齢者在宅サービスセンター維持管理"",""高齢者寝具乾燥・訪問理美容サービス"",""高齢者補聴器購入費助成"",""支えあいミニデイ支援の推進"",""生活支援体制整備事業"",""生計困難者負担軽減事業"",""地域包括支援センター運営委託"",""地域包括支援センター事務委託"",""地域包括支援センター障害者・子育て家庭等相談事業"",""地域包括支援センター認知症社会参加推進事業"",""認知症在宅生活サポートセンター認知症社会参加推進事業"",""認知症施策運営事業"",""福祉緊急対応"",""民生委員ふれあい訪問"",""養護老人ホーム入所措置""],""related_revenues"":[{""revenue_detail_id"":""rd_2026_general_revenue_14_02_02_42_09_3645100000"",""revenue_hierarchy"":[""都支出金"",""都補助金"",""民生費補助金"",""高齢者施策推進区市町村包括補助事業"",""高齢者住宅改修費助成""],""amount_attribution_status"":""not_available""}]}","high","approve","B_strong_structural・確信度highの一括承認ルールにより承認"
"bpi_9110932c303833a38adac18d2775ed77999e6a5bf17223cf0ed1669f208bc33e","保健所運営事務","一般会計","衛生費","保健所費","保健所費","世田谷保健所 健康企画課","6191","福祉・保健・社会保障を支える行政","supports","公式予算で衛生費に属するため、保健・公衆衛生に関する行政機能を支える予算事業として整理した。","B_strong_structural","{""matched_rule_id"":""public-health-official-hierarchy"",""budget_item_key"":""2026_general_expenditure_05_02_01"",""identity_fields"":{""display_program_name"":""保健所運営事務"",""hierarchy"":[""衛生費"",""保健所費"",""保健所費""],""department_display_name"":""世田谷保健所 健康企画課"",""amount_thousand_yen"":6191},""member_programs"":[{""program_id"":""2026_general_expenditure_05_02_01_01_02_01"",""major_program_name"":""保健所運営費"",""budget_program_name"":""保健所運営事務"",""detail_program_name"":""保健所運営事務"",""source_file"":""ippansaisyutu.csv"",""source_row_number"":9878}],""same_budget_item_other_program_names"":[""区民健康診断（烏山）"",""区民健康診断（砧）"",""区民健康診断（玉川）"",""区民健康診断（世田谷）"",""区民健康診断（北沢）"",""健康せたがやプランの推進"",""健康危機管理体制の充実"",""受動喫煙対策"",""精神障害者生活指導"",""精神保健福祉推進"",""精神保健福祉相談"",""保健所庶務事務""],""related_revenues"":[{""revenue_detail_id"":""rd_2026_general_revenue_14_02_02_40_45_3785100000"",""revenue_hierarchy"":[""都支出金"",""都補助金"",""民生費補助金"",""保健医療政策区市町村包括補助事業費"",""薬物乱用防止啓発促進事業""],""amount_attribution_status"":""not_available""}]}","high","approve","B_strong_structural・確信度highの一括承認ルールにより承認"
"bpi_dbbbf5203c74913965b261558e2bc2884db722f9ebfc89080b282a592c94605b","ひとりぐらし高齢者見守り機器補助事業","一般会計","民生費","社会福祉費","高齢者福祉費","高齢福祉部 高齢福祉課","5980","福祉・保健・社会保障を支える行政","supports","公式予算で民生費の社会福祉費または生活保護費に属するため、福祉・社会保障に関する行政機能を支える予算事業として整理した。これはみらい議会の探索用整理であり、区の公式な課題分類ではない。","B_strong_structural","{""matched_rule_id"":""social-welfare-official-hierarchy"",""budget_item_key"":""2026_general_expenditure_03_01_02"",""identity_fields"":{""display_program_name"":""ひとりぐらし高齢者見守り機器補助事業"",""hierarchy"":[""民生費"",""社会福祉費"",""高齢者福祉費""],""department_display_name"":""高齢福祉部 高齢福祉課"",""amount_thousand_yen"":5980},""member_programs"":[{""program_id"":""2026_general_expenditure_03_01_02_09_01_01"",""major_program_name"":""高齢者施策推進区市町村包括補助事業"",""budget_program_name"":""ひとりぐらし高齢者見守り機器補助事業"",""detail_program_name"":""ひとりぐらし高齢者見守り機器補助事業"",""source_file"":""ippansaisyutu.csv"",""source_row_number"":9642}],""same_budget_item_other_program_names"":[""あんしん見守り事業"",""シニアボランティアポイント事業"",""ひとりぐらし高齢者の安全確保"",""ひとりぐらし高齢者等状況把握"",""一時生活援助施設運営"",""一般介護予防事業"",""介護予防施策推進事業"",""慶祝事業"",""高齢者おむつ支給"",""高齢者コミュニケーションサービス"",""高齢者スマートフォン購入費助成"",""高齢者はり・灸・マッサージサービス"",""高齢者会食サービス"",""高齢者在宅サービスセンター維持管理"",""高齢者住宅改修助成"",""高齢者寝具乾燥・訪問理美容サービス"",""高齢者補聴器購入費助成"",""支えあいミニデイ支援の推進"",""生活支援体制整備事業"",""生計困難者負担軽減事業"",""地域包括支援センター運営委託"",""地域包括支援センター事務委託"",""地域包括支援センター障害者・子育て家庭等相談事業"",""地域包括支援センター認知症社会参加推進事業"",""認知症在宅生活サポートセンター認知症社会参加推進事業"",""認知症施策運営事業"",""福祉緊急対応"",""民生委員ふれあい訪問"",""養護老人ホーム入所措置""],""related_revenues"":[{""revenue_detail_id"":""rd_2026_general_revenue_14_02_02_42_75_3645100000"",""revenue_hierarchy"":[""都支出金"",""都補助金"",""民生費補助金"",""高齢者施策推進区市町村包括補助事業"",""ひとりぐらし高齢者見守り機器補助事業""],""amount_attribution_status"":""not_available""}]}","high","approve","B_strong_structural・確信度highの一括承認ルールにより承認"
"bpi_842c09ecf0744f0d8ce00152964ce54399eca41c34c5237d1d35d9ec485a0719","区民健康診断（玉川）","一般会計","衛生費","保健所費","保健所費","玉川総合支所 健康づくり課","5965","福祉・保健・社会保障を支える行政","supports","公式予算で衛生費に属するため、保健・公衆衛生に関する行政機能を支える予算事業として整理した。","B_strong_structural","{""matched_rule_id"":""public-health-official-hierarchy"",""budget_item_key"":""2026_general_expenditure_05_02_01"",""identity_fields"":{""display_program_name"":""区民健康診断（玉川）"",""hierarchy"":[""衛生費"",""保健所費"",""保健所費""],""department_display_name"":""玉川総合支所 健康づくり課"",""amount_thousand_yen"":5965},""member_programs"":[{""program_id"":""2026_general_expenditure_05_02_01_02_06_01"",""major_program_name"":""保健衛生事業費"",""budget_program_name"":""区民健康診断（玉川）"",""detail_program_name"":""区民健康診断（玉川）"",""source_file"":""ippansaisyutu.csv"",""source_row_number"":9176}],""same_budget_item_other_program_names"":[""区民健康診断（烏山）"",""区民健康診断（砧）"",""区民健康診断（世田谷）"",""区民健康診断（北沢）"",""健康せたがやプランの推進"",""健康危機管理体制の充実"",""受動喫煙対策"",""精神障害者生活指導"",""精神保健福祉推進"",""精神保健福祉相談"",""保健所運営事務"",""保健所庶務事務""],""related_revenues"":[{""revenue_detail_id"":""rd_2026_general_revenue_12_01_03_01_13_2365300000"",""revenue_hierarchy"":[""使用料及手数料"",""使用料"",""衛生使用料"",""保健所"",""健康相談（玉川）""],""amount_attribution_status"":""not_available""},{""revenue_detail_id"":""rd_2026_general_revenue_12_01_03_01_18_2365300000"",""revenue_hierarchy"":[""使用料及手数料"",""使用料"",""衛生使用料"",""保健所"",""歯科相談（玉川）""],""amount_attribution_status"":""not_available""}]}","high","approve","B_strong_structural・確信度highの一括承認ルールにより承認"
"bpi_7d73385ff7bee1b210f97905c7c504202dfc210102871ad103245cfd28c4e516","会計年度任用職員の人件費（砧総合支所）","一般会計","職員費","職員費","民生職員費","砧総合支所 生活支援課","5770","福祉・保健・社会保障を支える行政","supports","公式予算の職員費で民生職員費または衛生職員費に属するため、福祉・保健・社会保障に関する行政機能を支える予算事業として整理した。","B_strong_structural","{""matched_rule_id"":""welfare-health-staff-official-hierarchy"",""budget_item_key"":""2026_general_expenditure_09_01_03"",""identity_fields"":{""display_program_name"":""会計年度任用職員の人件費（砧総合支所）"",""hierarchy"":[""職員費"",""職員費"",""民生職員費""],""department_display_name"":""砧総合支所 生活支援課"",""amount_thousand_yen"":5770},""member_programs"":[{""program_id"":""2026_general_expenditure_09_01_03_01_13_01"",""major_program_name"":""民生関係事務従事職員の人件費"",""budget_program_name"":""会計年度任用職員の人件費（砧総合支所）"",""detail_program_name"":""会計年度任用職員の人件費（砧総合支所）"",""source_file"":""ippansaisyutu.csv"",""source_row_number"":9203}],""same_budget_item_other_program_names"":[""会計年度任用職員の人件費（烏山総合支所）"",""会計年度任用職員の人件費（玉川総合支所）"",""会計年度任用職員の人件費（高齢福祉部）"",""会計年度任用職員の人件費（子ども・若者部（２））"",""会計年度任用職員の人件費（子ども・若者部）"",""会計年度任用職員の人件費（児童相談所）"",""会計年度任用職員の人件費（障害福祉部）"",""会計年度任用職員の人件費（世田谷総合支所）"",""会計年度任用職員の人件費（保健福祉政策部）"",""会計年度任用職員の人件費（北沢総合支所）"",""民生関係事務従事職員の人件費""],""related_revenues"":[{""revenue_detail_id"":""rd_2026_general_revenue_19_06_04_06_54_2465100000"",""revenue_hierarchy"":[""諸収入"",""雑入"",""納付金"",""納付金（３）"",""会計年度任用職員社会保険料（砧総合支所）""],""amount_attribution_status"":""not_available""}]}","high","approve","B_strong_structural・確信度highの一括承認ルールにより承認"
"bpi_b6acaa2cfed17552a1ae4881cce909f506615b3a3c15eb4c1bbb42c1c901cc53","会計年度任用職員の人件費（北沢総合支所）","一般会計","職員費","職員費","民生職員費","北沢総合支所 生活支援課","5763","福祉・保健・社会保障を支える行政","supports","公式予算の職員費で民生職員費または衛生職員費に属するため、福祉・保健・社会保障に関する行政機能を支える予算事業として整理した。","B_strong_structural","{""matched_rule_id"":""welfare-health-staff-official-hierarchy"",""budget_item_key"":""2026_general_expenditure_09_01_03"",""identity_fields"":{""display_program_name"":""会計年度任用職員の人件費（北沢総合支所）"",""hierarchy"":[""職員費"",""職員費"",""民生職員費""],""department_display_name"":""北沢総合支所 生活支援課"",""amount_thousand_yen"":5763},""member_programs"":[{""program_id"":""2026_general_expenditure_09_01_03_01_11_01"",""major_program_name"":""民生関係事務従事職員の人件費"",""budget_program_name"":""会計年度任用職員の人件費（北沢総合支所）"",""detail_program_name"":""会計年度任用職員の人件費（北沢総合支所）"",""source_file"":""ippansaisyutu.csv"",""source_row_number"":9145}],""same_budget_item_other_program_names"":[""会計年度任用職員の人件費（烏山総合支所）"",""会計年度任用職員の人件費（砧総合支所）"",""会計年度任用職員の人件費（玉川総合支所）"",""会計年度任用職員の人件費（高齢福祉部）"",""会計年度任用職員の人件費（子ども・若者部（２））"",""会計年度任用職員の人件費（子ども・若者部）"",""会計年度任用職員の人件費（児童相談所）"",""会計年度任用職員の人件費（障害福祉部）"",""会計年度任用職員の人件費（世田谷総合支所）"",""会計年度任用職員の人件費（保健福祉政策部）"",""民生関係事務従事職員の人件費""],""related_revenues"":[{""revenue_detail_id"":""rd_2026_general_revenue_19_06_04_06_52_2265100000"",""revenue_hierarchy"":[""諸収入"",""雑入"",""納付金"",""納付金（３）"",""会計年度任用職員社会保険料（北沢総合支所）""],""amount_attribution_status"":""not_available""}]}","high","approve","B_strong_structural・確信度highの一括承認ルールにより承認"
"bpi_e4a3bfafcdabc44c5e95c4cc0ea467f7989f9f5e99ae682f9a36567dbdf723bb","会計年度任用職員の人件費（世田谷総合支所）","一般会計","職員費","職員費","民生職員費","世田谷総合支所 生活支援課","5761","福祉・保健・社会保障を支える行政","supports","公式予算の職員費で民生職員費または衛生職員費に属するため、福祉・保健・社会保障に関する行政機能を支える予算事業として整理した。","B_strong_structural","{""matched_rule_id"":""welfare-health-staff-official-hierarchy"",""budget_item_key"":""2026_general_expenditure_09_01_03"",""identity_fields"":{""display_program_name"":""会計年度任用職員の人件費（世田谷総合支所）"",""hierarchy"":[""職員費"",""職員費"",""民生職員費""],""department_display_name"":""世田谷総合支所 生活支援課"",""amount_thousand_yen"":5761},""member_programs"":[{""program_id"":""2026_general_expenditure_09_01_03_01_10_01"",""major_program_name"":""民生関係事務従事職員の人件費"",""budget_program_name"":""会計年度任用職員の人件費（世田谷総合支所）"",""detail_program_name"":""会計年度任用職員の人件費（世田谷総合支所）"",""source_file"":""ippansaisyutu.csv"",""source_row_number"":9111}],""same_budget_item_other_program_names"":[""会計年度任用職員の人件費（烏山総合支所）"",""会計年度任用職員の人件費（砧総合支所）"",""会計年度任用職員の人件費（玉川総合支所）"",""会計年度任用職員の人件費（高齢福祉部）"",""会計年度任用職員の人件費（子ども・若者部（２））"",""会計年度任用職員の人件費（子ども・若者部）"",""会計年度任用職員の人件費（児童相談所）"",""会計年度任用職員の人件費（障害福祉部）"",""会計年度任用職員の人件費（保健福祉政策部）"",""会計年度任用職員の人件費（北沢総合支所）"",""民生関係事務従事職員の人件費""],""related_revenues"":[{""revenue_detail_id"":""rd_2026_general_revenue_19_06_04_06_51_2165100000"",""revenue_hierarchy"":[""諸収入"",""雑入"",""納付金"",""納付金（３）"",""会計年度任用職員社会保険料（世田谷総合支所）""],""amount_attribution_status"":""not_available""}]}","high","approve","B_strong_structural・確信度highの一括承認ルールにより承認"
"bpi_51c1bfd22b52340d4afe0504bf37d93c3c4ff02b5833daaebc2009260acb3fc0","会計年度任用職員の人件費（砧総合支所）","一般会計","職員費","職員費","衛生職員費","砧総合支所 生活支援課","5688","福祉・保健・社会保障を支える行政","supports","公式予算の職員費で民生職員費または衛生職員費に属するため、福祉・保健・社会保障に関する行政機能を支える予算事業として整理した。","B_strong_structural","{""matched_rule_id"":""welfare-health-staff-official-hierarchy"",""budget_item_key"":""2026_general_expenditure_09_01_05"",""identity_fields"":{""display_program_name"":""会計年度任用職員の人件費（砧総合支所）"",""hierarchy"":[""職員費"",""職員費"",""衛生職員費""],""department_display_name"":""砧総合支所 生活支援課"",""amount_thousand_yen"":5688},""member_programs"":[{""program_id"":""2026_general_expenditure_09_01_05_01_12_01"",""major_program_name"":""衛生関係事務従事職員の人件費"",""budget_program_name"":""会計年度任用職員の人件費（砧総合支所）"",""detail_program_name"":""会計年度任用職員の人件費（砧総合支所）"",""source_file"":""ippansaisyutu.csv"",""source_row_number"":9204}],""same_budget_item_other_program_names"":[""衛生関係事務従事職員の人件費"",""会計年度任用職員の人件費（烏山総合支所）"",""会計年度任用職員の人件費（玉川総合支所）"",""会計年度任用職員の人件費（世田谷総合支所）"",""会計年度任用職員の人件費（世田谷保健所）"",""会計年度任用職員の人件費（北沢総合支所）""],""related_revenues"":[]}","high","approve","B_strong_structural・確信度highの一括承認ルールにより承認"
"bpi_9bcbb566479141e05bb7ff297eabdaabcd0ef01fe19d7df5311c15948ef60aa7","区民健康診断（砧）","一般会計","衛生費","保健所費","保健所費","砧総合支所 健康づくり課","5684","福祉・保健・社会保障を支える行政","supports","公式予算で衛生費に属するため、保健・公衆衛生に関する行政機能を支える予算事業として整理した。","B_strong_structural","{""matched_rule_id"":""public-health-official-hierarchy"",""budget_item_key"":""2026_general_expenditure_05_02_01"",""identity_fields"":{""display_program_name"":""区民健康診断（砧）"",""hierarchy"":[""衛生費"",""保健所費"",""保健所費""],""department_display_name"":""砧総合支所 健康づくり課"",""amount_thousand_yen"":5684},""member_programs"":[{""program_id"":""2026_general_expenditure_05_02_01_02_07_01"",""major_program_name"":""保健衛生事業費"",""budget_program_name"":""区民健康診断（砧）"",""detail_program_name"":""区民健康診断（砧）"",""source_file"":""ippansaisyutu.csv"",""source_row_number"":9206}],""same_budget_item_other_program_names"":[""区民健康診断（烏山）"",""区民健康診断（玉川）"",""区民健康診断（世田谷）"",""区民健康診断（北沢）"",""健康せたがやプランの推進"",""健康危機管理体制の充実"",""受動喫煙対策"",""精神障害者生活指導"",""精神保健福祉推進"",""精神保健福祉相談"",""保健所運営事務"",""保健所庶務事務""],""related_revenues"":[{""revenue_detail_id"":""rd_2026_general_revenue_12_01_03_01_14_2465300000"",""revenue_hierarchy"":[""使用料及手数料"",""使用料"",""衛生使用料"",""保健所"",""健康相談（砧）""],""amount_attribution_status"":""not_available""},{""revenue_detail_id"":""rd_2026_general_revenue_12_01_03_01_19_2465300000"",""revenue_hierarchy"":[""使用料及手数料"",""使用料"",""衛生使用料"",""保健所"",""歯科相談（砧）""],""amount_attribution_status"":""not_available""}]}","high","approve","B_strong_structural・確信度highの一括承認ルールにより承認"
"bpi_e8d9cb347a16205a1c24522ffd7cb035b4d486c15eb9f00215355b5e446d62cd","国民健康保険事業趣旨普及","国民健康保険事業会計","総務費","総務管理費","趣旨普及費","保健福祉政策部 国保・年金課","5606","福祉・保健・社会保障を支える行政","supports","公式予算で国民健康保険、後期高齢者医療、介護保険の特別会計に属するため、社会保障に関する行政機能を支える予算事業として整理した。","B_strong_structural","{""matched_rule_id"":""social-insurance-accounts-official-hierarchy"",""budget_item_key"":""2026_national_health_insurance_expenditure_21_01_03"",""identity_fields"":{""display_program_name"":""国民健康保険事業趣旨普及"",""hierarchy"":[""総務費"",""総務管理費"",""趣旨普及費""],""department_display_name"":""保健福祉政策部 国保・年金課"",""amount_thousand_yen"":5606},""member_programs"":[{""program_id"":""2026_national_health_insurance_expenditure_21_01_03_01_01_04"",""major_program_name"":""国民健康保険事業趣旨普及費"",""budget_program_name"":""国民健康保険事業趣旨普及"",""detail_program_name"":""国民健康保険事業趣旨普及"",""source_file"":""ippansaisyutu.csv"",""source_row_number"":9577}],""same_budget_item_other_program_names"":[],""related_revenues"":[{""revenue_detail_id"":""rd_2026_national_health_insurance_revenue_26_02_03_02_04_3595400000"",""revenue_hierarchy"":[""都支出金"",""都補助金"",""保険給付費等交付金"",""特別交付金"",""特別調整交付金（趣旨普及）""],""amount_attribution_status"":""not_available""},{""revenue_detail_id"":""rd_2026_national_health_insurance_revenue_27_01_01_04_06_3595400000"",""revenue_hierarchy"":[""繰入金"",""一般会計繰入金"",""一般会計繰入金"",""職員給与費等繰入金"",""趣旨普及""],""amount_attribution_status"":""not_available""}]}","high","approve","B_strong_structural・確信度highの一括承認ルールにより承認"
"bpi_f1d920a449ca435023f84c5d79578e28e189e6d6e688ae734da9c937a7b3b0ae","障害者サービス広報事業","一般会計","民生費","社会福祉費","社会福祉総務費","障害福祉部 障害施策課","5589","福祉・保健・社会保障を支える行政","supports","公式予算で民生費の社会福祉費または生活保護費に属するため、福祉・社会保障に関する行政機能を支える予算事業として整理した。これはみらい議会の探索用整理であり、区の公式な課題分類ではない。","B_strong_structural","{""matched_rule_id"":""social-welfare-official-hierarchy"",""budget_item_key"":""2026_general_expenditure_03_01_01"",""identity_fields"":{""display_program_name"":""障害者サービス広報事業"",""hierarchy"":[""民生費"",""社会福祉費"",""社会福祉総務費""],""department_display_name"":""障害福祉部 障害施策課"",""amount_thousand_yen"":5589},""member_programs"":[{""program_id"":""2026_general_expenditure_03_01_01_03_36_01"",""major_program_name"":""その他の社会福祉事業費"",""budget_program_name"":""障害者サービス広報事業"",""detail_program_name"":""障害者サービス広報事業"",""source_file"":""ippansaisyutu.csv"",""source_row_number"":9701}],""same_budget_item_other_program_names"":[""ケアハウス整備促進等事業"",""ケアマネジメントの総合的推進"",""ひきこもり対策"",""ボランティア施設改修"",""ボランティア団体等援助"",""移動困難者の移送システム"",""医療的ケア児（者）支援の充実"",""医療的ケア児の笑顔を支える基金積立金"",""介護人材確保・定着支援事業"",""介護保険事業会計繰出金"",""旧軍人等の援護"",""後期高齢者医療会計繰出金"",""行旅病人及死亡人取扱"",""高齢福祉部運営事業"",""高齢福祉部庶務事務"",""国民健康保険事業会計繰出金"",""災害時ボランティア受入体制整備事業"",""社会福祉協議会運営助成"",""社会福祉事業団運営助成"",""社会福祉法人に対する高齢者施設整備助成"",""社会福祉法人に対する障害者施設整備助成"",""社会福祉法人の認可・指導検査"",""終活支援センター運営事業"",""住宅手当緊急特別措置事業"",""住民税非課税世帯等への価格高騰重点支援給付金支給"",""障害者グループホーム整備助成"",""障害者差別解消推進"",""障害者施設整備促進等事業"",""障害者福祉施策の計画・調整"",""障害認定審査事務運営"",""障害福祉部庶務事務"",""心身障害者医療費助成"",""世田谷区地域福祉推進事業"",""世田谷保健福祉センター分室維持管理"",""成年後見制度"",""生活安定支援事業"",""生活困窮者自立促進支援事業"",""生活保健事務（烏山）"",""生活保健事務（砧）"",""生活保健事務（玉川）"",""生活保健事務（世田谷）"",""生活保健事務（北沢）"",""専門的人材の確保・養成事業"",""相談員業務（烏山）"",""相談員業務（砧）"",""相談員業務（玉川）"",""相談員業務（世田谷）"",""相談員業務（北沢）"",""地域福祉活動等促進事業"",""地域福祉資源開発事業"",""地域保健福祉審議会の運営"",""地域保健福祉等推進基金積立金"",""地域密着型サービス拠点等整備助成"",""地区高齢者見守りネットワーク事業"",""特定中国残留邦人等支援事業"",""特別区区民葬儀助成事業"",""特別養護老人ホーム等運営支援"",""避難行動要支援者支援の推進"",""福祉資金貸付"",""福祉人材育成・研修センター運営事業"",""保健医療福祉総合プラザ維持運営"",""保健福祉サービス苦情審査会運営"",""保健福祉サービス質の向上の推進"",""保健福祉運営事務（烏山）"",""保健福祉運営事務（砧）"",""保健福祉運営事務（玉川）"",""保健福祉運営事務（世田谷）"",""保健福祉運営事務（北沢）"",""保健福祉政策部運営事業"",""保健福祉政策部庶務事務"",""民生委員等活動"",""路上生活対策事業"",""老人保健施設整備助成""],""related_revenues"":[{""revenue_detail_id"":""rd_2026_general_revenue_13_02_01_32_22_3655100000"",""revenue_hierarchy"":[""国庫支出金"",""国庫補助金"",""民生費補助金"",""地域生活支援事業費"",""点字・声の広報等発行事業""],""amount_attribution_status"":""not_available""},{""revenue_detail_id"":""rd_2026_general_revenue_14_02_02_37_21_3655100000"",""revenue_hierarchy"":[""都支出金"",""都補助金"",""民生費補助金"",""地域生活支援事業費"",""点字・声の広報等発行事業""],""amount_attribution_status"":""not_available""},{""revenue_detail_id"":""rd_2026_general_revenue_19_06_09_45_12_3655100000"",""revenue_hierarchy"":[""諸収入"",""雑入"",""雑入"",""広告料収入"",""障害者のしおり""],""amount_attribution_status"":""not_available""}]}","high","approve","B_strong_structural・確信度highの一括承認ルールにより承認"
"bpi_d46d50e2dd618cc64233174016e99c087bc2828ac34c26ea66a70ea1996cab3a","会計年度任用職員の人件費（烏山総合支所）","一般会計","職員費","職員費","衛生職員費","烏山総合支所 生活支援課","5534","福祉・保健・社会保障を支える行政","supports","公式予算の職員費で民生職員費または衛生職員費に属するため、福祉・保健・社会保障に関する行政機能を支える予算事業として整理した。","B_strong_structural","{""matched_rule_id"":""welfare-health-staff-official-hierarchy"",""budget_item_key"":""2026_general_expenditure_09_01_05"",""identity_fields"":{""display_program_name"":""会計年度任用職員の人件費（烏山総合支所）"",""hierarchy"":[""職員費"",""職員費"",""衛生職員費""],""department_display_name"":""烏山総合支所 生活支援課"",""amount_thousand_yen"":5534},""member_programs"":[{""program_id"":""2026_general_expenditure_09_01_05_01_13_01"",""major_program_name"":""衛生関係事務従事職員の人件費"",""budget_program_name"":""会計年度任用職員の人件費（烏山総合支所）"",""detail_program_name"":""会計年度任用職員の人件費（烏山総合支所）"",""source_file"":""ippansaisyutu.csv"",""source_row_number"":9236}],""same_budget_item_other_program_names"":[""衛生関係事務従事職員の人件費"",""会計年度任用職員の人件費（砧総合支所）"",""会計年度任用職員の人件費（玉川総合支所）"",""会計年度任用職員の人件費（世田谷総合支所）"",""会計年度任用職員の人件費（世田谷保健所）"",""会計年度任用職員の人件費（北沢総合支所）""],""related_revenues"":[]}","high","approve","B_strong_structural・確信度highの一括承認ルールにより承認"
"bpi_8e2e95cca57fb8aa9780123431853e2491b20627037db62cea40ae8d1e39e804","障害者配食サービス","一般会計","民生費","社会福祉費","障害者福祉費","障害福祉部 障害施策課","5514","福祉・保健・社会保障を支える行政","supports","公式予算で民生費の社会福祉費または生活保護費に属するため、福祉・社会保障に関する行政機能を支える予算事業として整理した。これはみらい議会の探索用整理であり、区の公式な課題分類ではない。","B_strong_structural","{""matched_rule_id"":""social-welfare-official-hierarchy"",""budget_item_key"":""2026_general_expenditure_03_01_03"",""identity_fields"":{""display_program_name"":""障害者配食サービス"",""hierarchy"":[""民生費"",""社会福祉費"",""障害者福祉費""],""department_display_name"":""障害福祉部 障害施策課"",""amount_thousand_yen"":5514},""member_programs"":[{""program_id"":""2026_general_expenditure_03_01_03_03_04_01"",""major_program_name"":""障害者生活支援事業"",""budget_program_name"":""障害者配食サービス"",""detail_program_name"":""障害者配食サービス"",""source_file"":""ippansaisyutu.csv"",""source_row_number"":9711}],""same_budget_item_other_program_names"":[""介護者リフレッシュ"",""基幹相談支援センター事業運営"",""技術支援（児童福祉施設）事業運営"",""更生訓練費助成"",""自立支援医療"",""重度脳性麻痺者介護人派遣"",""障害児入所給付費"",""障害者おむつ支給"",""障害者グループホーム事業等助成"",""障害者コミュニケーションサービス"",""障害者ホームヘルパー等派遣"",""障害者虐待防止推進事業"",""障害者緊急介護人派遣"",""障害者自動車利用支援"",""障害者自立支援給付"",""障害者寝具乾燥・訪問理美容サービス"",""障害者親亡きあと対策"",""障害者設備改善費給付"",""障害者専門相談事業運営"",""障害者相談支援"",""障害者団体活動支援"",""障害者団体支援"",""障害者日常生活用具等給付"",""障害者入浴サービス"",""障害者福祉手当"",""障害理解促進"",""身体障害者及知的障害者相談員活動"",""精神障害者ピアサポート支援事業"",""精神保健福祉団体連携事業"",""地域生活支援拠点等整備事業"",""乳幼児育成相談事業運営"",""被爆者見舞金"",""補装具給付"",""民間空襲等被害者見舞金支給""],""related_revenues"":[{""revenue_detail_id"":""rd_2026_general_revenue_14_02_02_44_07_3655100000"",""revenue_hierarchy"":[""都支出金"",""都補助金"",""民生費補助金"",""障害者施策推進区市町村包括補助事業費"",""障害者配食サービス""],""amount_attribution_status"":""not_available""}]}","high","approve","B_strong_structural・確信度highの一括承認ルールにより承認"
"bpi_d2aa49d1b65e567becca7f2dc705c6a3e6194e0b117056191cf943e53ee932f6","妊産婦及び乳幼児への栄養・食生活支援事業","一般会計","衛生費","公衆衛生費","母子保健費","世田谷保健所 健康推進課","5077","福祉・保健・社会保障を支える行政","supports","公式予算で衛生費に属するため、保健・公衆衛生に関する行政機能を支える予算事業として整理した。","B_strong_structural","{""matched_rule_id"":""public-health-official-hierarchy"",""budget_item_key"":""2026_general_expenditure_05_03_05"",""identity_fields"":{""display_program_name"":""妊産婦及び乳幼児への栄養・食生活支援事業"",""hierarchy"":[""衛生費"",""公衆衛生費"",""母子保健費""],""department_display_name"":""世田谷保健所 健康推進課"",""amount_thousand_yen"":5077},""member_programs"":[{""program_id"":""2026_general_expenditure_05_03_05_01_20_01"",""major_program_name"":""母子保健指導事業費"",""budget_program_name"":""妊産婦及び乳幼児への栄養・食生活支援事業"",""detail_program_name"":""妊産婦及び乳幼児への栄養・食生活支援事業"",""source_file"":""ippansaisyutu.csv"",""source_row_number"":9912}],""same_budget_item_other_program_names"":[""アレルギー疾患相談"",""リプロダクティブ・ヘルス／ライツの周知啓発"",""育児不安・児童虐待防止対策"",""小児慢性特定疾病医療費給付"",""地域と連携した両親学級の充実"",""乳児期家庭（新生児）訪問事業"",""乳幼児健康診査"",""乳幼児歯科健康診査"",""妊産婦及び乳幼児健康診査"",""妊婦健康診査"",""保健福祉センター乳幼児健康診査"",""保健福祉センター乳幼児歯科健康診査"",""母子保健知識等の普及と啓発"",""未熟児等に対する医療費公費負担""],""related_revenues"":[{""revenue_detail_id"":""rd_2026_general_revenue_19_06_09_97_16_3785200000"",""revenue_hierarchy"":[""諸収入"",""雑入"",""雑入"",""参加料・利用料（２）"",""マタニティランチ参加費""],""amount_attribution_status"":""not_available""}]}","high","approve","B_strong_structural・確信度highの一括承認ルールにより承認"
"bpi_8aa15a8c64ce446a5dfaec0dabe384825f1bbefb0879f4ee84d306821a2cc51f","区民健康診断（北沢）","一般会計","衛生費","保健所費","保健所費","北沢総合支所 健康づくり課","5054","福祉・保健・社会保障を支える行政","supports","公式予算で衛生費に属するため、保健・公衆衛生に関する行政機能を支える予算事業として整理した。","B_strong_structural","{""matched_rule_id"":""public-health-official-hierarchy"",""budget_item_key"":""2026_general_expenditure_05_02_01"",""identity_fields"":{""display_program_name"":""区民健康診断（北沢）"",""hierarchy"":[""衛生費"",""保健所費"",""保健所費""],""department_display_name"":""北沢総合支所 健康づくり課"",""amount_thousand_yen"":5054},""member_programs"":[{""program_id"":""2026_general_expenditure_05_02_01_02_05_01"",""major_program_name"":""保健衛生事業費"",""budget_program_name"":""区民健康診断（北沢）"",""detail_program_name"":""区民健康診断（北沢）"",""source_file"":""ippansaisyutu.csv"",""source_row_number"":9148}],""same_budget_item_other_program_names"":[""区民健康診断（烏山）"",""区民健康診断（砧）"",""区民健康診断（玉川）"",""区民健康診断（世田谷）"",""健康せたがやプランの推進"",""健康危機管理体制の充実"",""受動喫煙対策"",""精神障害者生活指導"",""精神保健福祉推進"",""精神保健福祉相談"",""保健所運営事務"",""保健所庶務事務""],""related_revenues"":[{""revenue_detail_id"":""rd_2026_general_revenue_12_01_03_01_12_2265300000"",""revenue_hierarchy"":[""使用料及手数料"",""使用料"",""衛生使用料"",""保健所"",""健康相談（北沢）""],""amount_attribution_status"":""not_available""},{""revenue_detail_id"":""rd_2026_general_revenue_12_01_03_01_17_2265300000"",""revenue_hierarchy"":[""使用料及手数料"",""使用料"",""衛生使用料"",""保健所"",""歯科相談（北沢）""],""amount_attribution_status"":""not_available""}]}","high","approve","B_strong_structural・確信度highの一括承認ルールにより承認"
"bpi_0bfd29d74bdbf555d6472b66d5d1c339c0b423c88561055acb8ab5a4cc9a9280","高額介護予防サービス費","介護保険事業会計","保険給付費","高額介護サービス等費","高額介護予防サービス費","高齢福祉部 介護保険課","4995","福祉・保健・社会保障を支える行政","supports","公式予算で国民健康保険、後期高齢者医療、介護保険の特別会計に属するため、社会保障に関する行政機能を支える予算事業として整理した。","B_strong_structural","{""matched_rule_id"":""social-insurance-accounts-official-hierarchy"",""budget_item_key"":""2026_long_term_care_insurance_expenditure_42_04_03"",""identity_fields"":{""display_program_name"":""高額介護予防サービス費"",""hierarchy"":[""保険給付費"",""高額介護サービス等費"",""高額介護予防サービス費""],""department_display_name"":""高齢福祉部 介護保険課"",""amount_thousand_yen"":4995},""member_programs"":[{""program_id"":""2026_long_term_care_insurance_expenditure_42_04_03_01_01_01"",""major_program_name"":""高額介護予防サービス費"",""budget_program_name"":""高額介護予防サービス費"",""detail_program_name"":""高額介護予防サービス費"",""source_file"":""ippansaisyutu.csv"",""source_row_number"":9664}],""same_budget_item_other_program_names"":[],""related_revenues"":[{""revenue_detail_id"":""rd_2026_long_term_care_insurance_revenue_41_01_01_01_24_3645200000"",""revenue_hierarchy"":[""保険料"",""介護保険料"",""第１号被保険者保険料"",""現年度分特別徴収分"",""高額介護予防サービス費""],""amount_attribution_status"":""not_available""},{""revenue_detail_id"":""rd_2026_long_term_care_insurance_revenue_43_01_01_01_21_3645200000"",""revenue_hierarchy"":[""国庫支出金"",""国庫負担金"",""介護給付費負担金"",""現年度分"",""高額介護予防サービス費""],""amount_attribution_status"":""not_available""},{""revenue_detail_id"":""rd_2026_long_term_care_insurance_revenue_43_02_01_01_21_3645200000"",""revenue_hierarchy"":[""国庫支出金"",""国庫補助金"",""調整交付金"",""現年度分"",""高額介護予防サービス費""],""amount_attribution_status"":""not_available""},{""revenue_detail_id"":""rd_2026_long_term_care_insurance_revenue_44_01_01_01_21_3645200000"",""revenue_hierarchy"":[""支払基金交付金"",""支払基金交付金"",""介護給付費交付金"",""現年度分"",""高額介護予防サービス費""],""amount_attribution_status"":""not_available""},{""revenue_detail_id"":""rd_2026_long_term_care_insurance_revenue_45_01_01_01_21_3645200000"",""revenue_hierarchy"":[""都支出金"",""都負担金"",""介護給付費負担金"",""現年度分"",""高額介護予防サービス費""],""amount_attribution_status"":""not_available""},{""revenue_detail_id"":""rd_2026_long_term_care_insurance_revenue_48_01_01_01_22_3645200000"",""revenue_hierarchy"":[""繰入金"",""一般会計繰入金"",""介護給付費繰入金"",""現年度分"",""高額介護予防サービス費""],""amount_attribution_status"":""not_available""}]}","high","approve","B_strong_structural・確信度highの一括承認ルールにより承認"
"bpi_c8478ce3df6e2cda70d6a81918bce4bc9b667956db79550014fe3c0a0367b814","会計年度任用職員の人件費（北沢総合支所）","一般会計","職員費","職員費","衛生職員費","北沢総合支所 生活支援課","4893","福祉・保健・社会保障を支える行政","supports","公式予算の職員費で民生職員費または衛生職員費に属するため、福祉・保健・社会保障に関する行政機能を支える予算事業として整理した。","B_strong_structural","{""matched_rule_id"":""welfare-health-staff-official-hierarchy"",""budget_item_key"":""2026_general_expenditure_09_01_05"",""identity_fields"":{""display_program_name"":""会計年度任用職員の人件費（北沢総合支所）"",""hierarchy"":[""職員費"",""職員費"",""衛生職員費""],""department_display_name"":""北沢総合支所 生活支援課"",""amount_thousand_yen"":4893},""member_programs"":[{""program_id"":""2026_general_expenditure_09_01_05_01_10_01"",""major_program_name"":""衛生関係事務従事職員の人件費"",""budget_program_name"":""会計年度任用職員の人件費（北沢総合支所）"",""detail_program_name"":""会計年度任用職員の人件費（北沢総合支所）"",""source_file"":""ippansaisyutu.csv"",""source_row_number"":9146}],""same_budget_item_other_program_names"":[""衛生関係事務従事職員の人件費"",""会計年度任用職員の人件費（烏山総合支所）"",""会計年度任用職員の人件費（砧総合支所）"",""会計年度任用職員の人件費（玉川総合支所）"",""会計年度任用職員の人件費（世田谷総合支所）"",""会計年度任用職員の人件費（世田谷保健所）""],""related_revenues"":[]}","high","approve","B_strong_structural・確信度highの一括承認ルールにより承認"
"bpi_fcbe7880b8fecbda2614f250744aed719181eede2cdb0039807ee3ba34542578","被保険者の健康増進","後期高齢者医療会計","保健事業費","保健事業費","その他健康保持増進費","保健福祉政策部 国保・年金課","4642","福祉・保健・社会保障を支える行政","supports","公式予算で国民健康保険、後期高齢者医療、介護保険の特別会計に属するため、社会保障に関する行政機能を支える予算事業として整理した。","B_strong_structural","{""matched_rule_id"":""social-insurance-accounts-official-hierarchy"",""budget_item_key"":""2026_latter_stage_elderly_healthcare_expenditure_63_01_02"",""identity_fields"":{""display_program_name"":""被保険者の健康増進"",""hierarchy"":[""保健事業費"",""保健事業費"",""その他健康保持増進費""],""department_display_name"":""保健福祉政策部 国保・年金課"",""amount_thousand_yen"":4642},""member_programs"":[{""program_id"":""2026_latter_stage_elderly_healthcare_expenditure_63_01_02_01_01_01"",""major_program_name"":""被保険者の健康増進"",""budget_program_name"":""被保険者の健康増進"",""detail_program_name"":""被保険者の健康増進"",""source_file"":""ippansaisyutu.csv"",""source_row_number"":9606}],""same_budget_item_other_program_names"":[],""related_revenues"":[{""revenue_detail_id"":""rd_2026_latter_stage_elderly_healthcare_revenue_65_04_01_03_01_3595400000"",""revenue_hierarchy"":[""諸収入"",""受託事業収入"",""受託事業収入"",""保健事業費受託事業収入"",""後期高齢者保健事業""],""amount_attribution_status"":""not_available""}]}","high","approve","B_strong_structural・確信度highの一括承認ルールにより承認"
"bpi_f76fd0c7e66bc1ebdd98e8cbce59a295813bc75289bbbff904630880db040318","高額医療合算介護予防サービス費","介護保険事業会計","保険給付費","高額医療合算介護サービス等費","高額医療合算介護予防サービス費","高齢福祉部 介護保険課","4569","福祉・保健・社会保障を支える行政","supports","公式予算で国民健康保険、後期高齢者医療、介護保険の特別会計に属するため、社会保障に関する行政機能を支える予算事業として整理した。","B_strong_structural","{""matched_rule_id"":""social-insurance-accounts-official-hierarchy"",""budget_item_key"":""2026_long_term_care_insurance_expenditure_42_09_02"",""identity_fields"":{""display_program_name"":""高額医療合算介護予防サービス費"",""hierarchy"":[""保険給付費"",""高額医療合算介護サービス等費"",""高額医療合算介護予防サービス費""],""department_display_name"":""高齢福祉部 介護保険課"",""amount_thousand_yen"":4569},""member_programs"":[{""program_id"":""2026_long_term_care_insurance_expenditure_42_09_02_01_01_01"",""major_program_name"":""高額医療合算介護予防サービス費"",""budget_program_name"":""高額医療合算介護予防サービス費"",""detail_program_name"":""高額医療合算介護予防サービス費"",""source_file"":""ippansaisyutu.csv"",""source_row_number"":9673}],""same_budget_item_other_program_names"":[],""related_revenues"":[{""revenue_detail_id"":""rd_2026_long_term_care_insurance_revenue_41_01_01_01_46_3645200000"",""revenue_hierarchy"":[""保険料"",""介護保険料"",""第１号被保険者保険料"",""現年度分特別徴収分"",""高額医療合算介護予防サービス費""],""amount_attribution_status"":""not_available""},{""revenue_detail_id"":""rd_2026_long_term_care_insurance_revenue_43_01_01_01_25_3645200000"",""revenue_hierarchy"":[""国庫支出金"",""国庫負担金"",""介護給付費負担金"",""現年度分"",""高額医療合算介護予防サービス費""],""amount_attribution_status"":""not_available""},{""revenue_detail_id"":""rd_2026_long_term_care_insurance_revenue_43_02_01_01_25_3645200000"",""revenue_hierarchy"":[""国庫支出金"",""国庫補助金"",""調整交付金"",""現年度分"",""高額医療合算介護予防サービス費""],""amount_attribution_status"":""not_available""},{""revenue_detail_id"":""rd_2026_long_term_care_insurance_revenue_44_01_01_01_26_3645200000"",""revenue_hierarchy"":[""支払基金交付金"",""支払基金交付金"",""介護給付費交付金"",""現年度分"",""高額医療合算介護予防サービス費""],""amount_attribution_status"":""not_available""},{""revenue_detail_id"":""rd_2026_long_term_care_insurance_revenue_45_01_01_01_25_3645200000"",""revenue_hierarchy"":[""都支出金"",""都負担金"",""介護給付費負担金"",""現年度分"",""高額医療合算介護予防サービス費""],""amount_attribution_status"":""not_available""},{""revenue_detail_id"":""rd_2026_long_term_care_insurance_revenue_48_01_01_01_26_3645200000"",""revenue_hierarchy"":[""繰入金"",""一般会計繰入金"",""介護給付費繰入金"",""現年度分"",""高額医療合算介護予防サービス費""],""amount_attribution_status"":""not_available""}]}","high","approve","B_strong_structural・確信度highの一括承認ルールにより承認"
"bpi_17b5e8c7016a06c0d4c7ece29737bd27e477e5abdbf272dfd91f62d05cd9cd82","支えあいミニデイ支援の推進","一般会計","民生費","社会福祉費","高齢者福祉費","高齢福祉部 高齢福祉課","4559","福祉・保健・社会保障を支える行政","supports","公式予算で民生費の社会福祉費または生活保護費に属するため、福祉・社会保障に関する行政機能を支える予算事業として整理した。これはみらい議会の探索用整理であり、区の公式な課題分類ではない。","B_strong_structural","{""matched_rule_id"":""social-welfare-official-hierarchy"",""budget_item_key"":""2026_general_expenditure_03_01_02"",""identity_fields"":{""display_program_name"":""支えあいミニデイ支援の推進"",""hierarchy"":[""民生費"",""社会福祉費"",""高齢者福祉費""],""department_display_name"":""高齢福祉部 高齢福祉課"",""amount_thousand_yen"":4559},""member_programs"":[{""program_id"":""2026_general_expenditure_03_01_02_03_04_01"",""major_program_name"":""交流・社会参加促進のための事業費"",""budget_program_name"":""支えあいミニデイ支援の推進"",""detail_program_name"":""支えあいミニデイ支援の推進"",""source_file"":""ippansaisyutu.csv"",""source_row_number"":9628}],""same_budget_item_other_program_names"":[""あんしん見守り事業"",""シニアボランティアポイント事業"",""ひとりぐらし高齢者の安全確保"",""ひとりぐらし高齢者見守り機器補助事業"",""ひとりぐらし高齢者等状況把握"",""一時生活援助施設運営"",""一般介護予防事業"",""介護予防施策推進事業"",""慶祝事業"",""高齢者おむつ支給"",""高齢者コミュニケーションサービス"",""高齢者スマートフォン購入費助成"",""高齢者はり・灸・マッサージサービス"",""高齢者会食サービス"",""高齢者在宅サービスセンター維持管理"",""高齢者住宅改修助成"",""高齢者寝具乾燥・訪問理美容サービス"",""高齢者補聴器購入費助成"",""生活支援体制整備事業"",""生計困難者負担軽減事業"",""地域包括支援センター運営委託"",""地域包括支援センター事務委託"",""地域包括支援センター障害者・子育て家庭等相談事業"",""地域包括支援センター認知症社会参加推進事業"",""認知症在宅生活サポートセンター認知症社会参加推進事業"",""認知症施策運営事業"",""福祉緊急対応"",""民生委員ふれあい訪問"",""養護老人ホーム入所措置""],""related_revenues"":[{""revenue_detail_id"":""rd_2026_general_revenue_14_02_02_42_11_3645100000"",""revenue_hierarchy"":[""都支出金"",""都補助金"",""民生費補助金"",""高齢者施策推進区市町村包括補助事業"",""支えあいミニデイ推進事業""],""amount_attribution_status"":""not_available""}]}","high","approve","B_strong_structural・確信度highの一括承認ルールにより承認"
"bpi_de7721d58c48290903fb78f7388dbd525502c8067d987ad2a0180a35e156af5f","地域包括支援センター認知症社会参加推進事業","一般会計","民生費","社会福祉費","高齢者福祉費","高齢福祉部 介護予防・支援課","4277","福祉・保健・社会保障を支える行政","supports","公式予算で民生費の社会福祉費または生活保護費に属するため、福祉・社会保障に関する行政機能を支える予算事業として整理した。これはみらい議会の探索用整理であり、区の公式な課題分類ではない。","B_strong_structural","{""matched_rule_id"":""social-welfare-official-hierarchy"",""budget_item_key"":""2026_general_expenditure_03_01_02"",""identity_fields"":{""display_program_name"":""地域包括支援センター認知症社会参加推進事業"",""hierarchy"":[""民生費"",""社会福祉費"",""高齢者福祉費""],""department_display_name"":""高齢福祉部 介護予防・支援課"",""amount_thousand_yen"":4277},""member_programs"":[{""program_id"":""2026_general_expenditure_03_01_02_05_22_01"",""major_program_name"":""その他の高齢者福祉事業費"",""budget_program_name"":""地域包括支援センター認知症社会参加推進事業"",""detail_program_name"":""地域包括支援センター認知症社会参加推進事業"",""source_file"":""ippansaisyutu.csv"",""source_row_number"":9690}],""same_budget_item_other_program_names"":[""あんしん見守り事業"",""シニアボランティアポイント事業"",""ひとりぐらし高齢者の安全確保"",""ひとりぐらし高齢者見守り機器補助事業"",""ひとりぐらし高齢者等状況把握"",""一時生活援助施設運営"",""一般介護予防事業"",""介護予防施策推進事業"",""慶祝事業"",""高齢者おむつ支給"",""高齢者コミュニケーションサービス"",""高齢者スマートフォン購入費助成"",""高齢者はり・灸・マッサージサービス"",""高齢者会食サービス"",""高齢者在宅サービスセンター維持管理"",""高齢者住宅改修助成"",""高齢者寝具乾燥・訪問理美容サービス"",""高齢者補聴器購入費助成"",""支えあいミニデイ支援の推進"",""生活支援体制整備事業"",""生計困難者負担軽減事業"",""地域包括支援センター運営委託"",""地域包括支援センター事務委託"",""地域包括支援センター障害者・子育て家庭等相談事業"",""認知症在宅生活サポートセンター認知症社会参加推進事業"",""認知症施策運営事業"",""福祉緊急対応"",""民生委員ふれあい訪問"",""養護老人ホーム入所措置""],""related_revenues"":[{""revenue_detail_id"":""rd_2026_general_revenue_14_02_08_66_02_3645300000"",""revenue_hierarchy"":[""都支出金"",""都補助金"",""民生費補助金（２）"",""認知症の人の社会参加推進事業補助金"",""地域包括支援センター認知症社会参加推進事業""],""amount_attribution_status"":""not_available""}]}","high","approve","B_strong_structural・確信度highの一括承認ルールにより承認"
"bpi_81fe65a4531c47eeff195a46862131ab3fd608a7822c522cf6eb0482b1b3b3f7","介護保険事業趣旨普及","介護保険事業会計","総務費","趣旨普及費","趣旨普及費","高齢福祉部 介護保険課","4205","福祉・保健・社会保障を支える行政","supports","公式予算で国民健康保険、後期高齢者医療、介護保険の特別会計に属するため、社会保障に関する行政機能を支える予算事業として整理した。","B_strong_structural","{""matched_rule_id"":""social-insurance-accounts-official-hierarchy"",""budget_item_key"":""2026_long_term_care_insurance_expenditure_41_03_01"",""identity_fields"":{""display_program_name"":""介護保険事業趣旨普及"",""hierarchy"":[""総務費"",""趣旨普及費"",""趣旨普及費""],""department_display_name"":""高齢福祉部 介護保険課"",""amount_thousand_yen"":4205},""member_programs"":[{""program_id"":""2026_long_term_care_insurance_expenditure_41_03_01_01_01_01"",""major_program_name"":""介護保険事業趣旨普及費"",""budget_program_name"":""介護保険事業趣旨普及"",""detail_program_name"":""介護保険事業趣旨普及"",""source_file"":""ippansaisyutu.csv"",""source_row_number"":9655}],""same_budget_item_other_program_names"":[],""related_revenues"":[{""revenue_detail_id"":""rd_2026_long_term_care_insurance_revenue_48_01_02_02_05_3645200000"",""revenue_hierarchy"":[""繰入金"",""一般会計繰入金"",""その他一般会計繰入金"",""事務費繰入金"",""趣旨普及""],""amount_attribution_status"":""not_available""}]}","high","approve","B_strong_structural・確信度highの一括承認ルールにより承認"
"bpi_2dd5a1644a8468b5b1c40744efa9e5b262af17ee28445a81bccf2c693d0541a6","放課後等デイサービス運営助成","一般会計","民生費","社会福祉費","障害者施設費","障害福祉部 障害保健福祉課","4203","福祉・保健・社会保障を支える行政","supports","公式予算で民生費の社会福祉費または生活保護費に属するため、福祉・社会保障に関する行政機能を支える予算事業として整理した。これはみらい議会の探索用整理であり、区の公式な課題分類ではない。","B_strong_structural","{""matched_rule_id"":""social-welfare-official-hierarchy"",""budget_item_key"":""2026_general_expenditure_03_01_16"",""identity_fields"":{""display_program_name"":""放課後等デイサービス運営助成"",""hierarchy"":[""民生費"",""社会福祉費"",""障害者施設費""],""department_display_name"":""障害福祉部 障害保健福祉課"",""amount_thousand_yen"":4203},""member_programs"":[{""program_id"":""2026_general_expenditure_03_01_16_01_39_01"",""major_program_name"":""障害者更生指導事業費"",""budget_program_name"":""放課後等デイサービス運営助成"",""detail_program_name"":""放課後等デイサービス運営助成"",""source_file"":""ippansaisyutu.csv"",""source_row_number"":9766}],""same_budget_item_other_program_names"":[""グループホーム運営助成"",""児童発達支援運営"",""就労移行・継続支援事業運営"",""重症心身障害児（者）通園施設運営助成"",""障害施設維持管理"",""障害児施設維持管理"",""障害児施設改修"",""障害者休養ホームひまわり荘運営管理"",""障害者施設改修"",""障害者施設等運営助成"",""障害者自立体験等運営事業"",""障害者授産事業"",""障害者就労促進事業"",""障害者短期入所等事業"",""生活介護事業運営"",""地域活動支援センター運営助成"",""配慮を要する児童への支援事業"",""梅ヶ丘拠点障害児通所事業運営助成"",""梅ヶ丘拠点障害者支援施設運営助成"",""福祉施設等送迎バスのネットワーク運行""],""related_revenues"":[]}","high","approve","B_strong_structural・確信度highの一括承認ルールにより承認"
"bpi_0a1f1f3d2c84f902c1900604110f867cc705e9c982315de28561f36eae67e5aa","障害児施設維持管理","一般会計","民生費","社会福祉費","障害者施設費","障害福祉部 障害保健福祉課","4097","福祉・保健・社会保障を支える行政","supports","公式予算で民生費の社会福祉費または生活保護費に属するため、福祉・社会保障に関する行政機能を支える予算事業として整理した。これはみらい議会の探索用整理であり、区の公式な課題分類ではない。","B_strong_structural","{""matched_rule_id"":""social-welfare-official-hierarchy"",""budget_item_key"":""2026_general_expenditure_03_01_16"",""identity_fields"":{""display_program_name"":""障害児施設維持管理"",""hierarchy"":[""民生費"",""社会福祉費"",""障害者施設費""],""department_display_name"":""障害福祉部 障害保健福祉課"",""amount_thousand_yen"":4097},""member_programs"":[{""program_id"":""2026_general_expenditure_03_01_16_02_10_01"",""major_program_name"":""障害者施設維持運営費"",""budget_program_name"":""障害児施設維持管理"",""detail_program_name"":""障害児施設維持管理"",""source_file"":""ippansaisyutu.csv"",""source_row_number"":9769}],""same_budget_item_other_program_names"":[""グループホーム運営助成"",""児童発達支援運営"",""就労移行・継続支援事業運営"",""重症心身障害児（者）通園施設運営助成"",""障害施設維持管理"",""障害児施設改修"",""障害者休養ホームひまわり荘運営管理"",""障害者施設改修"",""障害者施設等運営助成"",""障害者自立体験等運営事業"",""障害者授産事業"",""障害者就労促進事業"",""障害者短期入所等事業"",""生活介護事業運営"",""地域活動支援センター運営助成"",""配慮を要する児童への支援事業"",""梅ヶ丘拠点障害児通所事業運営助成"",""梅ヶ丘拠点障害者支援施設運営助成"",""福祉施設等送迎バスのネットワーク運行"",""放課後等デイサービス運営助成""],""related_revenues"":[]}","high","approve","B_strong_structural・確信度highの一括承認ルールにより承認"
"bpi_350e7024d522abf084257e6c43444e5dcefbdf1df200cb386513f7e52709a03f","家族介護支援事業","介護保険事業会計","地域支援事業費","包括支援事業・任意事業費","任意事業費","高齢福祉部 介護保険課","4073","福祉・保健・社会保障を支える行政","supports","公式予算で国民健康保険、後期高齢者医療、介護保険の特別会計に属するため、社会保障に関する行政機能を支える予算事業として整理した。","B_strong_structural","{""matched_rule_id"":""social-insurance-accounts-official-hierarchy"",""budget_item_key"":""2026_long_term_care_insurance_expenditure_49_02_02"",""identity_fields"":{""display_program_name"":""家族介護支援事業"",""hierarchy"":[""地域支援事業費"",""包括支援事業・任意事業費"",""任意事業費""],""department_display_name"":""高齢福祉部 介護保険課"",""amount_thousand_yen"":4073},""member_programs"":[{""program_id"":""2026_long_term_care_insurance_expenditure_49_02_02_01_11_01"",""major_program_name"":""任意事業費"",""budget_program_name"":""家族介護支援事業"",""detail_program_name"":""家族介護支援事業"",""source_file"":""ippansaisyutu.csv"",""source_row_number"":9681}],""same_budget_item_other_program_names"":[""介護給付適正化事業"",""高齢者おむつ支給"",""高齢者安心コール"",""住宅改修アドバイザー派遣"",""成年後見報酬助成"",""認知症ケア推進事業""],""related_revenues"":[{""revenue_detail_id"":""rd_2026_long_term_care_insurance_revenue_41_01_01_01_63_3645200000"",""revenue_hierarchy"":[""保険料"",""介護保険料"",""第１号被保険者保険料"",""現年度分特別徴収分"",""家族介護支援事業""],""amount_attribution_status"":""not_available""},{""revenue_detail_id"":""rd_2026_long_term_care_insurance_revenue_43_02_05_01_18_3645200000"",""revenue_hierarchy"":[""国庫支出金"",""国庫補助金"",""地域支援事業交付金（包括的支援事業・任意事業）"",""現年度分"",""家族介護支援事業""],""amount_attribution_status"":""not_available""},{""revenue_detail_id"":""rd_2026_long_term_care_insurance_revenue_45_03_02_01_18_3645200000"",""revenue_hierarchy"":[""都支出金"",""都補助金"",""地域支援事業交付金（包括的支援事業・任意事業）"",""現年度分"",""家族介護支援事業""],""amount_attribution_status"":""not_available""},{""revenue_detail_id"":""rd_2026_long_term_care_insurance_revenue_48_01_04_01_18_3645200000"",""revenue_hierarchy"":[""繰入金"",""一般会計繰入金"",""地域支援事業繰入金（包括的支援・任意事業）"",""現年度分"",""家族介護支援事業""],""amount_attribution_status"":""not_available""}]}","high","approve","B_strong_structural・確信度highの一括承認ルールにより承認"
"bpi_538f5507d52dd1d6915242999e4534e81fc195f2daeb8091d189b593c5f5cf6a","食育の推進","一般会計","衛生費","公衆衛生費","栄養指導費","世田谷保健所 健康推進課","4058","福祉・保健・社会保障を支える行政","supports","公式予算で衛生費に属するため、保健・公衆衛生に関する行政機能を支える予算事業として整理した。","B_strong_structural","{""matched_rule_id"":""public-health-official-hierarchy"",""budget_item_key"":""2026_general_expenditure_05_03_04"",""identity_fields"":{""display_program_name"":""食育の推進"",""hierarchy"":[""衛生費"",""公衆衛生費"",""栄養指導費""],""department_display_name"":""世田谷保健所 健康推進課"",""amount_thousand_yen"":4058},""member_programs"":[{""program_id"":""2026_general_expenditure_05_03_04_01_09_01"",""major_program_name"":""健康づくり事業費"",""budget_program_name"":""食育の推進"",""detail_program_name"":""食育の推進"",""source_file"":""ippansaisyutu.csv"",""source_row_number"":9898}],""same_budget_item_other_program_names"":[""健康づくり支援（烏山）"",""健康づくり支援（砧）"",""健康づくり支援（玉川）"",""健康づくり支援（世田谷）"",""健康づくり支援（北沢）"",""食を通じた健康づくり対策""],""related_revenues"":[{""revenue_detail_id"":""rd_2026_general_revenue_14_02_02_40_53_3785200000"",""revenue_hierarchy"":[""都支出金"",""都補助金"",""民生費補助金"",""保健医療政策区市町村包括補助事業費"",""地域に根ざした食環境整備事業""],""amount_attribution_status"":""not_available""},{""revenue_detail_id"":""rd_2026_general_revenue_14_02_05_18_01_3785200000"",""revenue_hierarchy"":[""都支出金"",""都補助金"",""産業経済費補助金"",""区市町村食育推進活動支援事業費補助金"",""食育推進事業費""],""amount_attribution_status"":""not_available""}]}","high","approve","B_strong_structural・確信度highの一括承認ルールにより承認"
"bpi_d7550c3bad812006d6c23f6647a16c9058f2f4b21faf30ae2e357a6e4494ca27","障害者虐待防止推進事業","一般会計","民生費","社会福祉費","障害者福祉費","障害福祉部 障害施策課","4038","福祉・保健・社会保障を支える行政","supports","公式予算で民生費の社会福祉費または生活保護費に属するため、福祉・社会保障に関する行政機能を支える予算事業として整理した。これはみらい議会の探索用整理であり、区の公式な課題分類ではない。","B_strong_structural","{""matched_rule_id"":""social-welfare-official-hierarchy"",""budget_item_key"":""2026_general_expenditure_03_01_03"",""identity_fields"":{""display_program_name"":""障害者虐待防止推進事業"",""hierarchy"":[""民生費"",""社会福祉費"",""障害者福祉費""],""department_display_name"":""障害福祉部 障害施策課"",""amount_thousand_yen"":4038},""member_programs"":[{""program_id"":""2026_general_expenditure_03_01_03_04_15_01"",""major_program_name"":""その他の障害者福祉事業費"",""budget_program_name"":""障害者虐待防止推進事業"",""detail_program_name"":""障害者虐待防止推進事業"",""source_file"":""ippansaisyutu.csv"",""source_row_number"":9726}],""same_budget_item_other_program_names"":[""介護者リフレッシュ"",""基幹相談支援センター事業運営"",""技術支援（児童福祉施設）事業運営"",""更生訓練費助成"",""自立支援医療"",""重度脳性麻痺者介護人派遣"",""障害児入所給付費"",""障害者おむつ支給"",""障害者グループホーム事業等助成"",""障害者コミュニケーションサービス"",""障害者ホームヘルパー等派遣"",""障害者緊急介護人派遣"",""障害者自動車利用支援"",""障害者自立支援給付"",""障害者寝具乾燥・訪問理美容サービス"",""障害者親亡きあと対策"",""障害者設備改善費給付"",""障害者専門相談事業運営"",""障害者相談支援"",""障害者団体活動支援"",""障害者団体支援"",""障害者日常生活用具等給付"",""障害者入浴サービス"",""障害者配食サービス"",""障害者福祉手当"",""障害理解促進"",""身体障害者及知的障害者相談員活動"",""精神障害者ピアサポート支援事業"",""精神保健福祉団体連携事業"",""地域生活支援拠点等整備事業"",""乳幼児育成相談事業運営"",""被爆者見舞金"",""補装具給付"",""民間空襲等被害者見舞金支給""],""related_revenues"":[{""revenue_detail_id"":""rd_2026_general_revenue_13_02_01_69_01_3655100000"",""revenue_hierarchy"":[""国庫支出金"",""国庫補助金"",""民生費補助金"",""地域生活支援促進事業費"",""障害者虐待防止対策支援事業""],""amount_attribution_status"":""not_available""},{""revenue_detail_id"":""rd_2026_general_revenue_14_02_02_36_01_3655100000"",""revenue_hierarchy"":[""都支出金"",""都補助金"",""民生費補助金"",""地域生活支援促進事業費"",""障害者虐待防止対策支援事業""],""amount_attribution_status"":""not_available""},{""revenue_detail_id"":""rd_2026_general_revenue_19_06_09_08_70_3655100000"",""revenue_hierarchy"":[""諸収入"",""雑入"",""雑入"",""参加料・利用料"",""福祉緊急対応（障害）""],""amount_attribution_status"":""not_available""}]}","high","approve","B_strong_structural・確信度highの一括承認ルールにより承認"
"bpi_f3a9d5b369c93f3e3301ff0aac62891c735d98b2cae4b36ecacbe96ef84f223e","児童生徒等に対する援護","一般会計","民生費","生活保護費","扶助費","保健福祉政策部 生活福祉課","3960","福祉・保健・社会保障を支える行政","supports","公式予算で民生費の社会福祉費または生活保護費に属するため、福祉・社会保障に関する行政機能を支える予算事業として整理した。これはみらい議会の探索用整理であり、区の公式な課題分類ではない。","B_strong_structural","{""matched_rule_id"":""social-welfare-official-hierarchy"",""budget_item_key"":""2026_general_expenditure_03_03_03"",""identity_fields"":{""display_program_name"":""児童生徒等に対する援護"",""hierarchy"":[""民生費"",""生活保護費"",""扶助費""],""department_display_name"":""保健福祉政策部 生活福祉課"",""amount_thousand_yen"":3960},""member_programs"":[{""program_id"":""2026_general_expenditure_03_03_03_02_01_01"",""major_program_name"":""被生活保護世帯等に対する法外援護費"",""budget_program_name"":""児童生徒等に対する援護"",""detail_program_name"":""児童生徒等に対する援護"",""source_file"":""ippansaisyutu.csv"",""source_row_number"":9569}],""same_budget_item_other_program_names"":[""生活保護法に基づく保護費"",""被保護世帯等に対する援護""],""related_revenues"":[]}","high","approve","B_strong_structural・確信度highの一括承認ルールにより承認"
"bpi_3d4c18743abbad33b0eff7902cc680dbfccac7a9187facdf74395c7753a4c131","衛生統計調査","一般会計","衛生費","衛生管理費","衛生統計費","世田谷保健所 健康企画課","3886","福祉・保健・社会保障を支える行政","supports","公式予算で衛生費に属するため、保健・公衆衛生に関する行政機能を支える予算事業として整理した。","B_strong_structural","{""matched_rule_id"":""public-health-official-hierarchy"",""budget_item_key"":""2026_general_expenditure_05_01_03"",""identity_fields"":{""display_program_name"":""衛生統計調査"",""hierarchy"":[""衛生費"",""衛生管理費"",""衛生統計費""],""department_display_name"":""世田谷保健所 健康企画課"",""amount_thousand_yen"":3886},""member_programs"":[{""program_id"":""2026_general_expenditure_05_01_03_01_01_01"",""major_program_name"":""衛生統計調査事業費"",""budget_program_name"":""衛生統計調査"",""detail_program_name"":""衛生統計調査"",""source_file"":""ippansaisyutu.csv"",""source_row_number"":9875}],""same_budget_item_other_program_names"":[],""related_revenues"":[{""revenue_detail_id"":""rd_2026_general_revenue_14_03_02_01_01_3785100000"",""revenue_hierarchy"":[""都支出金"",""都委託金"",""衛生費委託金"",""衛生統計費"",""人口動態調査等""],""amount_attribution_status"":""not_available""}]}","high","approve","B_strong_structural・確信度highの一括承認ルールにより承認"
"bpi_fb53587ba5f3ebfaa15d5291bab9a675ae53feb0feb0c58934f0a54d584c0bc9","会計年度任用職員の人件費（玉川総合支所）","一般会計","職員費","職員費","衛生職員費","玉川総合支所 生活支援課","3859","福祉・保健・社会保障を支える行政","supports","公式予算の職員費で民生職員費または衛生職員費に属するため、福祉・保健・社会保障に関する行政機能を支える予算事業として整理した。","B_strong_structural","{""matched_rule_id"":""welfare-health-staff-official-hierarchy"",""budget_item_key"":""2026_general_expenditure_09_01_05"",""identity_fields"":{""display_program_name"":""会計年度任用職員の人件費（玉川総合支所）"",""hierarchy"":[""職員費"",""職員費"",""衛生職員費""],""department_display_name"":""玉川総合支所 生活支援課"",""amount_thousand_yen"":3859},""member_programs"":[{""program_id"":""2026_general_expenditure_09_01_05_01_11_01"",""major_program_name"":""衛生関係事務従事職員の人件費"",""budget_program_name"":""会計年度任用職員の人件費（玉川総合支所）"",""detail_program_name"":""会計年度任用職員の人件費（玉川総合支所）"",""source_file"":""ippansaisyutu.csv"",""source_row_number"":9174}],""same_budget_item_other_program_names"":[""衛生関係事務従事職員の人件費"",""会計年度任用職員の人件費（烏山総合支所）"",""会計年度任用職員の人件費（砧総合支所）"",""会計年度任用職員の人件費（世田谷総合支所）"",""会計年度任用職員の人件費（世田谷保健所）"",""会計年度任用職員の人件費（北沢総合支所）""],""related_revenues"":[]}","high","approve","B_strong_structural・確信度highの一括承認ルールにより承認"
"bpi_3b8d368adc13c07345dfabde5bdd7bcf5f9c1a59a00e19859029699283ad954d","世田谷区地域福祉推進事業","一般会計","民生費","社会福祉費","社会福祉総務費","障害福祉部 障害地域生活課","3500","福祉・保健・社会保障を支える行政","supports","公式予算で民生費の社会福祉費または生活保護費に属するため、福祉・社会保障に関する行政機能を支える予算事業として整理した。これはみらい議会の探索用整理であり、区の公式な課題分類ではない。","B_strong_structural","{""matched_rule_id"":""social-welfare-official-hierarchy"",""budget_item_key"":""2026_general_expenditure_03_01_01"",""identity_fields"":{""display_program_name"":""世田谷区地域福祉推進事業"",""hierarchy"":[""民生費"",""社会福祉費"",""社会福祉総務費""],""department_display_name"":""障害福祉部 障害地域生活課"",""amount_thousand_yen"":3500},""member_programs"":[{""program_id"":""2026_general_expenditure_03_01_01_03_14_01"",""major_program_name"":""その他の社会福祉事業費"",""budget_program_name"":""世田谷区地域福祉推進事業"",""detail_program_name"":""世田谷区地域福祉推進事業"",""source_file"":""ippansaisyutu.csv"",""source_row_number"":9736}],""same_budget_item_other_program_names"":[""ケアハウス整備促進等事業"",""ケアマネジメントの総合的推進"",""ひきこもり対策"",""ボランティア施設改修"",""ボランティア団体等援助"",""移動困難者の移送システム"",""医療的ケア児（者）支援の充実"",""医療的ケア児の笑顔を支える基金積立金"",""介護人材確保・定着支援事業"",""介護保険事業会計繰出金"",""旧軍人等の援護"",""後期高齢者医療会計繰出金"",""行旅病人及死亡人取扱"",""高齢福祉部運営事業"",""高齢福祉部庶務事務"",""国民健康保険事業会計繰出金"",""災害時ボランティア受入体制整備事業"",""社会福祉協議会運営助成"",""社会福祉事業団運営助成"",""社会福祉法人に対する高齢者施設整備助成"",""社会福祉法人に対する障害者施設整備助成"",""社会福祉法人の認可・指導検査"",""終活支援センター運営事業"",""住宅手当緊急特別措置事業"",""住民税非課税世帯等への価格高騰重点支援給付金支給"",""障害者グループホーム整備助成"",""障害者サービス広報事業"",""障害者差別解消推進"",""障害者施設整備促進等事業"",""障害者福祉施策の計画・調整"",""障害認定審査事務運営"",""障害福祉部庶務事務"",""心身障害者医療費助成"",""世田谷保健福祉センター分室維持管理"",""成年後見制度"",""生活安定支援事業"",""生活困窮者自立促進支援事業"",""生活保健事務（烏山）"",""生活保健事務（砧）"",""生活保健事務（玉川）"",""生活保健事務（世田谷）"",""生活保健事務（北沢）"",""専門的人材の確保・養成事業"",""相談員業務（烏山）"",""相談員業務（砧）"",""相談員業務（玉川）"",""相談員業務（世田谷）"",""相談員業務（北沢）"",""地域福祉活動等促進事業"",""地域福祉資源開発事業"",""地域保健福祉審議会の運営"",""地域保健福祉等推進基金積立金"",""地域密着型サービス拠点等整備助成"",""地区高齢者見守りネットワーク事業"",""特定中国残留邦人等支援事業"",""特別区区民葬儀助成事業"",""特別養護老人ホーム等運営支援"",""避難行動要支援者支援の推進"",""福祉資金貸付"",""福祉人材育成・研修センター運営事業"",""保健医療福祉総合プラザ維持運営"",""保健福祉サービス苦情審査会運営"",""保健福祉サービス質の向上の推進"",""保健福祉運営事務（烏山）"",""保健福祉運営事務（砧）"",""保健福祉運営事務（玉川）"",""保健福祉運営事務（世田谷）"",""保健福祉運営事務（北沢）"",""保健福祉政策部運営事業"",""保健福祉政策部庶務事務"",""民生委員等活動"",""路上生活対策事業"",""老人保健施設整備助成""],""related_revenues"":[{""revenue_detail_id"":""rd_2026_general_revenue_14_02_02_24_01_3655200000"",""revenue_hierarchy"":[""都支出金"",""都補助金"",""民生費補助金"",""地域福祉推進事業費"",""地域福祉推進事業""],""amount_attribution_status"":""not_available""}]}","high","approve","B_strong_structural・確信度highの一括承認ルールにより承認"
"bpi_7a3ee8a75c47a08ccde7436f0fee145e328037c879ffe1688daec3d38216ee2f","精神障害者保健福祉手帳等進達事務","一般会計","衛生費","衛生管理費","衛生総務費","障害福祉部 障害保健福祉課","3474","福祉・保健・社会保障を支える行政","supports","公式予算で衛生費に属するため、保健・公衆衛生に関する行政機能を支える予算事業として整理した。","B_strong_structural","{""matched_rule_id"":""public-health-official-hierarchy"",""budget_item_key"":""2026_general_expenditure_05_01_01"",""identity_fields"":{""display_program_name"":""精神障害者保健福祉手帳等進達事務"",""hierarchy"":[""衛生費"",""衛生管理費"",""衛生総務費""],""department_display_name"":""障害福祉部 障害保健福祉課"",""amount_thousand_yen"":3474},""member_programs"":[{""program_id"":""2026_general_expenditure_05_01_01_02_01_01"",""major_program_name"":""精神保健事業費"",""budget_program_name"":""精神障害者保健福祉手帳等進達事務"",""detail_program_name"":""精神障害者保健福祉手帳等進達事務"",""source_file"":""ippansaisyutu.csv"",""source_row_number"":9771}],""same_budget_item_other_program_names"":[""在宅医療の充実"",""歯科保健サービスの充実"",""地域医療整備"",""保健衛生施設整備""],""related_revenues"":[{""revenue_detail_id"":""rd_2026_general_revenue_14_03_02_02_09_3655300000"",""revenue_hierarchy"":[""都支出金"",""都委託金"",""衛生費委託金"",""医療費助成事務費"",""小児精神病等""],""amount_attribution_status"":""not_available""}]}","high","approve","B_strong_structural・確信度highの一括承認ルールにより承認"
"bpi_39e66fb21538fbc5384a56310a72c84a7073e0a2721fac132a7c79fe44006e9e","介護給付適正化事業","介護保険事業会計","地域支援事業費","包括支援事業・任意事業費","任意事業費","高齢福祉部 介護保険課","3391","福祉・保健・社会保障を支える行政","supports","公式予算で国民健康保険、後期高齢者医療、介護保険の特別会計に属するため、社会保障に関する行政機能を支える予算事業として整理した。","B_strong_structural","{""matched_rule_id"":""social-insurance-accounts-official-hierarchy"",""budget_item_key"":""2026_long_term_care_insurance_expenditure_49_02_02"",""identity_fields"":{""display_program_name"":""介護給付適正化事業"",""hierarchy"":[""地域支援事業費"",""包括支援事業・任意事業費"",""任意事業費""],""department_display_name"":""高齢福祉部 介護保険課"",""amount_thousand_yen"":3391},""member_programs"":[{""program_id"":""2026_long_term_care_insurance_expenditure_49_02_02_01_06_01"",""major_program_name"":""任意事業費"",""budget_program_name"":""介護給付適正化事業"",""detail_program_name"":""介護給付適正化事業"",""source_file"":""ippansaisyutu.csv"",""source_row_number"":9680}],""same_budget_item_other_program_names"":[""家族介護支援事業"",""高齢者おむつ支給"",""高齢者安心コール"",""住宅改修アドバイザー派遣"",""成年後見報酬助成"",""認知症ケア推進事業""],""related_revenues"":[{""revenue_detail_id"":""rd_2026_long_term_care_insurance_revenue_41_01_01_01_36_3645200000"",""revenue_hierarchy"":[""保険料"",""介護保険料"",""第１号被保険者保険料"",""現年度分特別徴収分"",""介護給付適正化事業""],""amount_attribution_status"":""not_available""},{""revenue_detail_id"":""rd_2026_long_term_care_insurance_revenue_43_02_05_01_07_3645200000"",""revenue_hierarchy"":[""国庫支出金"",""国庫補助金"",""地域支援事業交付金（包括的支援事業・任意事業）"",""現年度分"",""介護給付適正化事業""],""amount_attribution_status"":""not_available""},{""revenue_detail_id"":""rd_2026_long_term_care_insurance_revenue_45_03_02_01_07_3645200000"",""revenue_hierarchy"":[""都支出金"",""都補助金"",""地域支援事業交付金（包括的支援事業・任意事業）"",""現年度分"",""介護給付適正化事業""],""amount_attribution_status"":""not_available""},{""revenue_detail_id"":""rd_2026_long_term_care_insurance_revenue_48_01_04_01_07_3645200000"",""revenue_hierarchy"":[""繰入金"",""一般会計繰入金"",""地域支援事業繰入金（包括的支援・任意事業）"",""現年度分"",""介護給付適正化事業""],""amount_attribution_status"":""not_available""}]}","high","approve","B_strong_structural・確信度highの一括承認ルールにより承認"
"bpi_68552800dd59cb354b24bf2de4bea1189223f0b1ecadc9030f432bdb83a78b1d","環境衛生監視普及","一般会計","衛生費","環境衛生費","環境衛生費","世田谷保健所 生活保健課","3337","福祉・保健・社会保障を支える行政","supports","公式予算で衛生費に属するため、保健・公衆衛生に関する行政機能を支える予算事業として整理した。","B_strong_structural","{""matched_rule_id"":""public-health-official-hierarchy"",""budget_item_key"":""2026_general_expenditure_05_04_01"",""identity_fields"":{""display_program_name"":""環境衛生監視普及"",""hierarchy"":[""衛生費"",""環境衛生費"",""環境衛生費""],""department_display_name"":""世田谷保健所 生活保健課"",""amount_thousand_yen"":3337},""member_programs"":[{""program_id"":""2026_general_expenditure_05_04_01_01_09_01"",""major_program_name"":""環境衛生事業費"",""budget_program_name"":""環境衛生監視普及"",""detail_program_name"":""環境衛生監視普及"",""source_file"":""ippansaisyutu.csv"",""source_row_number"":9932}],""same_budget_item_other_program_names"":[""医事薬事監視普及"",""化学検査事業運営"",""狂犬病予防法事務"",""検査センター事務"",""細菌検査事業運営"",""住宅宿泊事業監視普及"",""食の安全・安心の推進"",""食品衛生監視普及"",""人と動物との共生推進事業"",""鼠・害虫相談・水害消毒"",""臨床検査事業運営""],""related_revenues"":[{""revenue_detail_id"":""rd_2026_general_revenue_12_02_04_01_05_3785700000"",""revenue_hierarchy"":[""使用料及手数料"",""手数料"",""衛生手数料"",""証明閲覧"",""証明閲覧（環境衛生）""],""amount_attribution_status"":""not_available""},{""revenue_detail_id"":""rd_2026_general_revenue_12_02_04_05_03_3785700000"",""revenue_hierarchy"":[""使用料及手数料"",""手数料"",""衛生手数料"",""環境衛生"",""環境監視手数料""],""amount_attribution_status"":""not_available""},{""revenue_detail_id"":""rd_2026_general_revenue_14_02_02_40_49_3785700000"",""revenue_hierarchy"":[""都支出金"",""都補助金"",""民生費補助金"",""保健医療政策区市町村包括補助事業費"",""アレルギー疾患普及啓発""],""amount_attribution_status"":""not_available""}]}","high","approve","B_strong_structural・確信度highの一括承認ルールにより承認"
"bpi_7029bc442dd429a34d2ddc2d48c2f2359752c07d19b12131e255e395ee6ba554","保健福祉運営事務（玉川）","一般会計","民生費","社会福祉費","社会福祉総務費","玉川総合支所 保健福祉課","3082","福祉・保健・社会保障を支える行政","supports","公式予算で民生費の社会福祉費または生活保護費に属するため、福祉・社会保障に関する行政機能を支える予算事業として整理した。これはみらい議会の探索用整理であり、区の公式な課題分類ではない。","B_strong_structural","{""matched_rule_id"":""social-welfare-official-hierarchy"",""budget_item_key"":""2026_general_expenditure_03_01_01"",""identity_fields"":{""display_program_name"":""保健福祉運営事務（玉川）"",""hierarchy"":[""民生費"",""社会福祉費"",""社会福祉総務費""],""department_display_name"":""玉川総合支所 保健福祉課"",""amount_thousand_yen"":3082},""member_programs"":[{""program_id"":""2026_general_expenditure_03_01_01_03_49_01"",""major_program_name"":""その他の社会福祉事業費"",""budget_program_name"":""保健福祉運営事務（玉川）"",""detail_program_name"":""保健福祉運営事務（玉川）"",""source_file"":""ippansaisyutu.csv"",""source_row_number"":9175}],""same_budget_item_other_program_names"":[""ケアハウス整備促進等事業"",""ケアマネジメントの総合的推進"",""ひきこもり対策"",""ボランティア施設改修"",""ボランティア団体等援助"",""移動困難者の移送システム"",""医療的ケア児（者）支援の充実"",""医療的ケア児の笑顔を支える基金積立金"",""介護人材確保・定着支援事業"",""介護保険事業会計繰出金"",""旧軍人等の援護"",""後期高齢者医療会計繰出金"",""行旅病人及死亡人取扱"",""高齢福祉部運営事業"",""高齢福祉部庶務事務"",""国民健康保険事業会計繰出金"",""災害時ボランティア受入体制整備事業"",""社会福祉協議会運営助成"",""社会福祉事業団運営助成"",""社会福祉法人に対する高齢者施設整備助成"",""社会福祉法人に対する障害者施設整備助成"",""社会福祉法人の認可・指導検査"",""終活支援センター運営事業"",""住宅手当緊急特別措置事業"",""住民税非課税世帯等への価格高騰重点支援給付金支給"",""障害者グループホーム整備助成"",""障害者サービス広報事業"",""障害者差別解消推進"",""障害者施設整備促進等事業"",""障害者福祉施策の計画・調整"",""障害認定審査事務運営"",""障害福祉部庶務事務"",""心身障害者医療費助成"",""世田谷区地域福祉推進事業"",""世田谷保健福祉センター分室維持管理"",""成年後見制度"",""生活安定支援事業"",""生活困窮者自立促進支援事業"",""生活保健事務（烏山）"",""生活保健事務（砧）"",""生活保健事務（玉川）"",""生活保健事務（世田谷）"",""生活保健事務（北沢）"",""専門的人材の確保・養成事業"",""相談員業務（烏山）"",""相談員業務（砧）"",""相談員業務（玉川）"",""相談員業務（世田谷）"",""相談員業務（北沢）"",""地域福祉活動等促進事業"",""地域福祉資源開発事業"",""地域保健福祉審議会の運営"",""地域保健福祉等推進基金積立金"",""地域密着型サービス拠点等整備助成"",""地区高齢者見守りネットワーク事業"",""特定中国残留邦人等支援事業"",""特別区区民葬儀助成事業"",""特別養護老人ホーム等運営支援"",""避難行動要支援者支援の推進"",""福祉資金貸付"",""福祉人材育成・研修センター運営事業"",""保健医療福祉総合プラザ維持運営"",""保健福祉サービス苦情審査会運営"",""保健福祉サービス質の向上の推進"",""保健福祉運営事務（烏山）"",""保健福祉運営事務（砧）"",""保健福祉運営事務（世田谷）"",""保健福祉運営事務（北沢）"",""保健福祉政策部運営事業"",""保健福祉政策部庶務事務"",""民生委員等活動"",""路上生活対策事業"",""老人保健施設整備助成""],""related_revenues"":[]}","high","approve","B_strong_structural・確信度highの一括承認ルールにより承認"
"bpi_707e10a0154b52f946c23b02d77026ae345d498b4de22f9d8a7460999980a4e5","国民年金運営事業","一般会計","民生費","社会福祉費","国民年金総務費","保健福祉政策部 国保・年金課","3009","福祉・保健・社会保障を支える行政","supports","公式予算で民生費の社会福祉費または生活保護費に属するため、福祉・社会保障に関する行政機能を支える予算事業として整理した。これはみらい議会の探索用整理であり、区の公式な課題分類ではない。","B_strong_structural","{""matched_rule_id"":""social-welfare-official-hierarchy"",""budget_item_key"":""2026_general_expenditure_03_01_20"",""identity_fields"":{""display_program_name"":""国民年金運営事業"",""hierarchy"":[""民生費"",""社会福祉費"",""国民年金総務費""],""department_display_name"":""保健福祉政策部 国保・年金課"",""amount_thousand_yen"":3009},""member_programs"":[{""program_id"":""2026_general_expenditure_03_01_20_01_01_01"",""major_program_name"":""国民年金事務運営費"",""budget_program_name"":""国民年金運営事業"",""detail_program_name"":""国民年金運営事業"",""source_file"":""ippansaisyutu.csv"",""source_row_number"":9574}],""same_budget_item_other_program_names"":[],""related_revenues"":[{""revenue_detail_id"":""rd_2026_general_revenue_13_01_01_11_08_3595400000"",""revenue_hierarchy"":[""国庫支出金"",""国庫負担金"",""民生費負担金"",""国民年金事務費"",""年金生活者支援給付金""],""amount_attribution_status"":""not_available""},{""revenue_detail_id"":""rd_2026_general_revenue_13_01_01_20_02_3595400000"",""revenue_hierarchy"":[""国庫支出金"",""国庫負担金"",""民生費負担金"",""特別障害給付事務費"",""特別障害給付事務""],""amount_attribution_status"":""not_available""}]}","high","approve","B_strong_structural・確信度highの一括承認ルールにより承認"
"bpi_a69a33728289e2ecb36a70d0737ef8791a9e862c07e2f1b2e27eeed34e158283","国民健康保険事業会計関係職員の人件費","国民健康保険事業会計","職員費","職員費","職員費","政策経営部 財政課","3000","福祉・保健・社会保障を支える行政","supports","公式予算で国民健康保険、後期高齢者医療、介護保険の特別会計に属するため、社会保障に関する行政機能を支える予算事業として整理した。","B_strong_structural","{""matched_rule_id"":""social-insurance-accounts-official-hierarchy"",""budget_item_key"":""2026_national_health_insurance_expenditure_26_01_01"",""identity_fields"":{""display_program_name"":""国民健康保険事業会計関係職員の人件費"",""hierarchy"":[""職員費"",""職員費"",""職員費""],""department_display_name"":""政策経営部 財政課"",""amount_thousand_yen"":3000},""member_programs"":[{""program_id"":""2026_national_health_insurance_expenditure_26_01_01_01_03_28"",""major_program_name"":""国民健康保険事業従事職員の人件費"",""budget_program_name"":""国民健康保険事業会計関係職員の人件費"",""detail_program_name"":""国民健康保険事業会計関係職員の人件費"",""source_file"":""ippansaisyutu.csv"",""source_row_number"":9262}],""same_budget_item_other_program_names"":[""会計年度任用職員の人件費（保健福祉政策部）"",""国民健康保険事業会計関係事務従事職員の人件費""],""related_revenues"":[{""revenue_detail_id"":""rd_2026_national_health_insurance_revenue_27_01_01_04_01_3595400000"",""revenue_hierarchy"":[""繰入金"",""一般会計繰入金"",""一般会計繰入金"",""職員給与費等繰入金"",""職員給与費""],""amount_attribution_status"":""not_available""}]}","high","approve","B_strong_structural・確信度highの一括承認ルールにより承認"
"bpi_74ef728f2b642d3487427b02347bc3262ff3e657c93600fd239841ecd547b517","障害理解促進","一般会計","民生費","社会福祉費","障害者福祉費","障害福祉部 障害施策課","2979","福祉・保健・社会保障を支える行政","supports","公式予算で民生費の社会福祉費または生活保護費に属するため、福祉・社会保障に関する行政機能を支える予算事業として整理した。これはみらい議会の探索用整理であり、区の公式な課題分類ではない。","B_strong_structural","{""matched_rule_id"":""social-welfare-official-hierarchy"",""budget_item_key"":""2026_general_expenditure_03_01_03"",""identity_fields"":{""display_program_name"":""障害理解促進"",""hierarchy"":[""民生費"",""社会福祉費"",""障害者福祉費""],""department_display_name"":""障害福祉部 障害施策課"",""amount_thousand_yen"":2979},""member_programs"":[{""program_id"":""2026_general_expenditure_03_01_03_04_14_01"",""major_program_name"":""その他の障害者福祉事業費"",""budget_program_name"":""障害理解促進"",""detail_program_name"":""障害理解促進"",""source_file"":""ippansaisyutu.csv"",""source_row_number"":9725}],""same_budget_item_other_program_names"":[""介護者リフレッシュ"",""基幹相談支援センター事業運営"",""技術支援（児童福祉施設）事業運営"",""更生訓練費助成"",""自立支援医療"",""重度脳性麻痺者介護人派遣"",""障害児入所給付費"",""障害者おむつ支給"",""障害者グループホーム事業等助成"",""障害者コミュニケーションサービス"",""障害者ホームヘルパー等派遣"",""障害者虐待防止推進事業"",""障害者緊急介護人派遣"",""障害者自動車利用支援"",""障害者自立支援給付"",""障害者寝具乾燥・訪問理美容サービス"",""障害者親亡きあと対策"",""障害者設備改善費給付"",""障害者専門相談事業運営"",""障害者相談支援"",""障害者団体活動支援"",""障害者団体支援"",""障害者日常生活用具等給付"",""障害者入浴サービス"",""障害者配食サービス"",""障害者福祉手当"",""身体障害者及知的障害者相談員活動"",""精神障害者ピアサポート支援事業"",""精神保健福祉団体連携事業"",""地域生活支援拠点等整備事業"",""乳幼児育成相談事業運営"",""被爆者見舞金"",""補装具給付"",""民間空襲等被害者見舞金支給""],""related_revenues"":[{""revenue_detail_id"":""rd_2026_general_revenue_13_02_01_32_40_3655100000"",""revenue_hierarchy"":[""国庫支出金"",""国庫補助金"",""民生費補助金"",""地域生活支援事業費"",""理解促進研修・啓発事業（障害理解促進事業）""],""amount_attribution_status"":""not_available""},{""revenue_detail_id"":""rd_2026_general_revenue_14_02_02_37_39_3655100000"",""revenue_hierarchy"":[""都支出金"",""都補助金"",""民生費補助金"",""地域生活支援事業費"",""理解促進研修・啓発事業（障害理解促進事業）""],""amount_attribution_status"":""not_available""}]}","high","approve","B_strong_structural・確信度highの一括承認ルールにより承認"
"bpi_546e83b12fc9d686cd316c2682140b2a5643f16ea9b91f6e400bc79a5f1ccd37","シニアボランティアポイント事業","一般会計","民生費","社会福祉費","高齢者福祉費","高齢福祉部 介護保険課","2925","福祉・保健・社会保障を支える行政","supports","公式予算で民生費の社会福祉費または生活保護費に属するため、福祉・社会保障に関する行政機能を支える予算事業として整理した。これはみらい議会の探索用整理であり、区の公式な課題分類ではない。","B_strong_structural","{""matched_rule_id"":""social-welfare-official-hierarchy"",""budget_item_key"":""2026_general_expenditure_03_01_02"",""identity_fields"":{""display_program_name"":""シニアボランティアポイント事業"",""hierarchy"":[""民生費"",""社会福祉費"",""高齢者福祉費""],""department_display_name"":""高齢福祉部 介護保険課"",""amount_thousand_yen"":2925},""member_programs"":[{""program_id"":""2026_general_expenditure_03_01_02_08_05_01"",""major_program_name"":""重層的支援体制整備事業費"",""budget_program_name"":""シニアボランティアポイント事業"",""detail_program_name"":""シニアボランティアポイント事業"",""source_file"":""ippansaisyutu.csv"",""source_row_number"":9651}],""same_budget_item_other_program_names"":[""あんしん見守り事業"",""ひとりぐらし高齢者の安全確保"",""ひとりぐらし高齢者見守り機器補助事業"",""ひとりぐらし高齢者等状況把握"",""一時生活援助施設運営"",""一般介護予防事業"",""介護予防施策推進事業"",""慶祝事業"",""高齢者おむつ支給"",""高齢者コミュニケーションサービス"",""高齢者スマートフォン購入費助成"",""高齢者はり・灸・マッサージサービス"",""高齢者会食サービス"",""高齢者在宅サービスセンター維持管理"",""高齢者住宅改修助成"",""高齢者寝具乾燥・訪問理美容サービス"",""高齢者補聴器購入費助成"",""支えあいミニデイ支援の推進"",""生活支援体制整備事業"",""生計困難者負担軽減事業"",""地域包括支援センター運営委託"",""地域包括支援センター事務委託"",""地域包括支援センター障害者・子育て家庭等相談事業"",""地域包括支援センター認知症社会参加推進事業"",""認知症在宅生活サポートセンター認知症社会参加推進事業"",""認知症施策運営事業"",""福祉緊急対応"",""民生委員ふれあい訪問"",""養護老人ホーム入所措置""],""related_revenues"":[{""revenue_detail_id"":""rd_2026_general_revenue_13_02_01_78_20_3645200000"",""revenue_hierarchy"":[""国庫支出金"",""国庫補助金"",""民生費補助金"",""重層的支援体制整備事業"",""シニアボランティアポイント事業""],""amount_attribution_status"":""not_available""},{""revenue_detail_id"":""rd_2026_general_revenue_14_02_08_16_16_3645200000"",""revenue_hierarchy"":[""都支出金"",""都補助金"",""民生費補助金（２）"",""重層的支援体制整備事業"",""シニアボランティアポイント事業""],""amount_attribution_status"":""not_available""},{""revenue_detail_id"":""rd_2026_general_revenue_17_02_03_01_05_3645200000"",""revenue_hierarchy"":[""繰入金"",""特別会計繰入金"",""介護保険事業会計繰入金"",""重層的支援体制整備事業繰入金"",""シニアボランティアポイント事業""],""amount_attribution_status"":""not_available""}]}","high","approve","B_strong_structural・確信度highの一括承認ルールにより承認"
"bpi_48200a63fad993a4652cc3c878835ff073105a6ba31c2a7565700db88cbbd08c","医事薬事監視普及","一般会計","衛生費","環境衛生費","環境衛生費","世田谷保健所 生活保健課","2911","福祉・保健・社会保障を支える行政","supports","公式予算で衛生費に属するため、保健・公衆衛生に関する行政機能を支える予算事業として整理した。","B_strong_structural","{""matched_rule_id"":""public-health-official-hierarchy"",""budget_item_key"":""2026_general_expenditure_05_04_01"",""identity_fields"":{""display_program_name"":""医事薬事監視普及"",""hierarchy"":[""衛生費"",""環境衛生費"",""環境衛生費""],""department_display_name"":""世田谷保健所 生活保健課"",""amount_thousand_yen"":2911},""member_programs"":[{""program_id"":""2026_general_expenditure_05_04_01_01_08_01"",""major_program_name"":""環境衛生事業費"",""budget_program_name"":""医事薬事監視普及"",""detail_program_name"":""医事薬事監視普及"",""source_file"":""ippansaisyutu.csv"",""source_row_number"":9931}],""same_budget_item_other_program_names"":[""化学検査事業運営"",""環境衛生監視普及"",""狂犬病予防法事務"",""検査センター事務"",""細菌検査事業運営"",""住宅宿泊事業監視普及"",""食の安全・安心の推進"",""食品衛生監視普及"",""人と動物との共生推進事業"",""鼠・害虫相談・水害消毒"",""臨床検査事業運営""],""related_revenues"":[{""revenue_detail_id"":""rd_2026_general_revenue_12_02_04_01_04_3785700000"",""revenue_hierarchy"":[""使用料及手数料"",""手数料"",""衛生手数料"",""証明閲覧"",""証明閲覧（医事薬事）""],""amount_attribution_status"":""not_available""},{""revenue_detail_id"":""rd_2026_general_revenue_12_02_04_06_02_3785700000"",""revenue_hierarchy"":[""使用料及手数料"",""手数料"",""衛生手数料"",""診療所開設許可等"",""診療所開設許可""],""amount_attribution_status"":""not_available""},{""revenue_detail_id"":""rd_2026_general_revenue_12_02_04_08_02_3785700000"",""revenue_hierarchy"":[""使用料及手数料"",""手数料"",""衛生手数料"",""医務薬務"",""医薬品販売業等許可""],""amount_attribution_status"":""not_available""},{""revenue_detail_id"":""rd_2026_general_revenue_12_02_04_09_02_3785700000"",""revenue_hierarchy"":[""使用料及手数料"",""手数料"",""衛生手数料"",""毒劇物"",""毒劇物許可（医事薬事）""],""amount_attribution_status"":""not_available""},{""revenue_detail_id"":""rd_2026_general_revenue_12_02_04_14_01_3785700000"",""revenue_hierarchy"":[""使用料及手数料"",""手数料"",""衛生手数料"",""麻薬"",""麻薬許可（医事薬事）""],""amount_attribution_status"":""not_available""}]}","high","approve","B_strong_structural・確信度highの一括承認ルールにより承認"
"bpi_cac62e753b6d0625e773caaee5359cb6ebbec0c3b4c8d6f705317717871e8de5","保健福祉運営事務（砧）","一般会計","民生費","社会福祉費","社会福祉総務費","砧総合支所 保健福祉課","2810","福祉・保健・社会保障を支える行政","supports","公式予算で民生費の社会福祉費または生活保護費に属するため、福祉・社会保障に関する行政機能を支える予算事業として整理した。これはみらい議会の探索用整理であり、区の公式な課題分類ではない。","B_strong_structural","{""matched_rule_id"":""social-welfare-official-hierarchy"",""budget_item_key"":""2026_general_expenditure_03_01_01"",""identity_fields"":{""display_program_name"":""保健福祉運営事務（砧）"",""hierarchy"":[""民生費"",""社会福祉費"",""社会福祉総務費""],""department_display_name"":""砧総合支所 保健福祉課"",""amount_thousand_yen"":2810},""member_programs"":[{""program_id"":""2026_general_expenditure_03_01_01_03_50_01"",""major_program_name"":""その他の社会福祉事業費"",""budget_program_name"":""保健福祉運営事務（砧）"",""detail_program_name"":""保健福祉運営事務（砧）"",""source_file"":""ippansaisyutu.csv"",""source_row_number"":9205}],""same_budget_item_other_program_names"":[""ケアハウス整備促進等事業"",""ケアマネジメントの総合的推進"",""ひきこもり対策"",""ボランティア施設改修"",""ボランティア団体等援助"",""移動困難者の移送システム"",""医療的ケア児（者）支援の充実"",""医療的ケア児の笑顔を支える基金積立金"",""介護人材確保・定着支援事業"",""介護保険事業会計繰出金"",""旧軍人等の援護"",""後期高齢者医療会計繰出金"",""行旅病人及死亡人取扱"",""高齢福祉部運営事業"",""高齢福祉部庶務事務"",""国民健康保険事業会計繰出金"",""災害時ボランティア受入体制整備事業"",""社会福祉協議会運営助成"",""社会福祉事業団運営助成"",""社会福祉法人に対する高齢者施設整備助成"",""社会福祉法人に対する障害者施設整備助成"",""社会福祉法人の認可・指導検査"",""終活支援センター運営事業"",""住宅手当緊急特別措置事業"",""住民税非課税世帯等への価格高騰重点支援給付金支給"",""障害者グループホーム整備助成"",""障害者サービス広報事業"",""障害者差別解消推進"",""障害者施設整備促進等事業"",""障害者福祉施策の計画・調整"",""障害認定審査事務運営"",""障害福祉部庶務事務"",""心身障害者医療費助成"",""世田谷区地域福祉推進事業"",""世田谷保健福祉センター分室維持管理"",""成年後見制度"",""生活安定支援事業"",""生活困窮者自立促進支援事業"",""生活保健事務（烏山）"",""生活保健事務（砧）"",""生活保健事務（玉川）"",""生活保健事務（世田谷）"",""生活保健事務（北沢）"",""専門的人材の確保・養成事業"",""相談員業務（烏山）"",""相談員業務（砧）"",""相談員業務（玉川）"",""相談員業務（世田谷）"",""相談員業務（北沢）"",""地域福祉活動等促進事業"",""地域福祉資源開発事業"",""地域保健福祉審議会の運営"",""地域保健福祉等推進基金積立金"",""地域密着型サービス拠点等整備助成"",""地区高齢者見守りネットワーク事業"",""特定中国残留邦人等支援事業"",""特別区区民葬儀助成事業"",""特別養護老人ホーム等運営支援"",""避難行動要支援者支援の推進"",""福祉資金貸付"",""福祉人材育成・研修センター運営事業"",""保健医療福祉総合プラザ維持運営"",""保健福祉サービス苦情審査会運営"",""保健福祉サービス質の向上の推進"",""保健福祉運営事務（烏山）"",""保健福祉運営事務（玉川）"",""保健福祉運営事務（世田谷）"",""保健福祉運営事務（北沢）"",""保健福祉政策部運営事業"",""保健福祉政策部庶務事務"",""民生委員等活動"",""路上生活対策事業"",""老人保健施設整備助成""],""related_revenues"":[]}","high","approve","B_strong_structural・確信度highの一括承認ルールにより承認"
"bpi_29700f9c1af9e5a0924069c05621ebcbe28fa74d9e71c2828463eee94894668f","認知症在宅生活サポートセンター認知症社会参加推進事業","一般会計","民生費","社会福祉費","高齢者福祉費","高齢福祉部 介護予防・支援課","2675","福祉・保健・社会保障を支える行政","supports","公式予算で民生費の社会福祉費または生活保護費に属するため、福祉・社会保障に関する行政機能を支える予算事業として整理した。これはみらい議会の探索用整理であり、区の公式な課題分類ではない。","B_strong_structural","{""matched_rule_id"":""social-welfare-official-hierarchy"",""budget_item_key"":""2026_general_expenditure_03_01_02"",""identity_fields"":{""display_program_name"":""認知症在宅生活サポートセンター認知症社会参加推進事業"",""hierarchy"":[""民生費"",""社会福祉費"",""高齢者福祉費""],""department_display_name"":""高齢福祉部 介護予防・支援課"",""amount_thousand_yen"":2675},""member_programs"":[{""program_id"":""2026_general_expenditure_03_01_02_05_21_01"",""major_program_name"":""その他の高齢者福祉事業費"",""budget_program_name"":""認知症在宅生活サポートセンター認知症社会参加推進事業"",""detail_program_name"":""認知症在宅生活サポートセンター認知症社会参加推進事業"",""source_file"":""ippansaisyutu.csv"",""source_row_number"":9689}],""same_budget_item_other_program_names"":[""あんしん見守り事業"",""シニアボランティアポイント事業"",""ひとりぐらし高齢者の安全確保"",""ひとりぐらし高齢者見守り機器補助事業"",""ひとりぐらし高齢者等状況把握"",""一時生活援助施設運営"",""一般介護予防事業"",""介護予防施策推進事業"",""慶祝事業"",""高齢者おむつ支給"",""高齢者コミュニケーションサービス"",""高齢者スマートフォン購入費助成"",""高齢者はり・灸・マッサージサービス"",""高齢者会食サービス"",""高齢者在宅サービスセンター維持管理"",""高齢者住宅改修助成"",""高齢者寝具乾燥・訪問理美容サービス"",""高齢者補聴器購入費助成"",""支えあいミニデイ支援の推進"",""生活支援体制整備事業"",""生計困難者負担軽減事業"",""地域包括支援センター運営委託"",""地域包括支援センター事務委託"",""地域包括支援センター障害者・子育て家庭等相談事業"",""地域包括支援センター認知症社会参加推進事業"",""認知症施策運営事業"",""福祉緊急対応"",""民生委員ふれあい訪問"",""養護老人ホーム入所措置""],""related_revenues"":[{""revenue_detail_id"":""rd_2026_general_revenue_14_02_08_66_01_3645300000"",""revenue_hierarchy"":[""都支出金"",""都補助金"",""民生費補助金（２）"",""認知症の人の社会参加推進事業補助金"",""認知症在宅生活サポートセンター認知症社会参加推進事業""],""amount_attribution_status"":""not_available""}]}","high","approve","B_strong_structural・確信度highの一括承認ルールにより承認"
"bpi_ac4757046c5ab41a885d6874d3f42223fa295c91ec63943d427cb6894f9a1813","社会福祉法人の認可・指導検査","一般会計","民生費","社会福祉費","社会福祉総務費","保健福祉政策部 保健福祉政策課","2542","福祉・保健・社会保障を支える行政","supports","公式予算で民生費の社会福祉費または生活保護費に属するため、福祉・社会保障に関する行政機能を支える予算事業として整理した。これはみらい議会の探索用整理であり、区の公式な課題分類ではない。","B_strong_structural","{""matched_rule_id"":""social-welfare-official-hierarchy"",""budget_item_key"":""2026_general_expenditure_03_01_01"",""identity_fields"":{""display_program_name"":""社会福祉法人の認可・指導検査"",""hierarchy"":[""民生費"",""社会福祉費"",""社会福祉総務費""],""department_display_name"":""保健福祉政策部 保健福祉政策課"",""amount_thousand_yen"":2542},""member_programs"":[{""program_id"":""2026_general_expenditure_03_01_01_03_90_01"",""major_program_name"":""その他の社会福祉事業費"",""budget_program_name"":""社会福祉法人の認可・指導検査"",""detail_program_name"":""社会福祉法人の認可・指導検査"",""source_file"":""ippansaisyutu.csv"",""source_row_number"":9532}],""same_budget_item_other_program_names"":[""ケアハウス整備促進等事業"",""ケアマネジメントの総合的推進"",""ひきこもり対策"",""ボランティア施設改修"",""ボランティア団体等援助"",""移動困難者の移送システム"",""医療的ケア児（者）支援の充実"",""医療的ケア児の笑顔を支える基金積立金"",""介護人材確保・定着支援事業"",""介護保険事業会計繰出金"",""旧軍人等の援護"",""後期高齢者医療会計繰出金"",""行旅病人及死亡人取扱"",""高齢福祉部運営事業"",""高齢福祉部庶務事務"",""国民健康保険事業会計繰出金"",""災害時ボランティア受入体制整備事業"",""社会福祉協議会運営助成"",""社会福祉事業団運営助成"",""社会福祉法人に対する高齢者施設整備助成"",""社会福祉法人に対する障害者施設整備助成"",""終活支援センター運営事業"",""住宅手当緊急特別措置事業"",""住民税非課税世帯等への価格高騰重点支援給付金支給"",""障害者グループホーム整備助成"",""障害者サービス広報事業"",""障害者差別解消推進"",""障害者施設整備促進等事業"",""障害者福祉施策の計画・調整"",""障害認定審査事務運営"",""障害福祉部庶務事務"",""心身障害者医療費助成"",""世田谷区地域福祉推進事業"",""世田谷保健福祉センター分室維持管理"",""成年後見制度"",""生活安定支援事業"",""生活困窮者自立促進支援事業"",""生活保健事務（烏山）"",""生活保健事務（砧）"",""生活保健事務（玉川）"",""生活保健事務（世田谷）"",""生活保健事務（北沢）"",""専門的人材の確保・養成事業"",""相談員業務（烏山）"",""相談員業務（砧）"",""相談員業務（玉川）"",""相談員業務（世田谷）"",""相談員業務（北沢）"",""地域福祉活動等促進事業"",""地域福祉資源開発事業"",""地域保健福祉審議会の運営"",""地域保健福祉等推進基金積立金"",""地域密着型サービス拠点等整備助成"",""地区高齢者見守りネットワーク事業"",""特定中国残留邦人等支援事業"",""特別区区民葬儀助成事業"",""特別養護老人ホーム等運営支援"",""避難行動要支援者支援の推進"",""福祉資金貸付"",""福祉人材育成・研修センター運営事業"",""保健医療福祉総合プラザ維持運営"",""保健福祉サービス苦情審査会運営"",""保健福祉サービス質の向上の推進"",""保健福祉運営事務（烏山）"",""保健福祉運営事務（砧）"",""保健福祉運営事務（玉川）"",""保健福祉運営事務（世田谷）"",""保健福祉運営事務（北沢）"",""保健福祉政策部運営事業"",""保健福祉政策部庶務事務"",""民生委員等活動"",""路上生活対策事業"",""老人保健施設整備助成""],""related_revenues"":[{""revenue_detail_id"":""rd_2026_general_revenue_12_02_02_01_02_3595110000"",""revenue_hierarchy"":[""使用料及手数料"",""手数料"",""民生手数料"",""諸証明"",""社会福祉法人理事証明等""],""amount_attribution_status"":""not_available""}]}","high","approve","B_strong_structural・確信度highの一括承認ルールにより承認"
"bpi_c38cb802a5c9ef48e13ebf74be5fc2fad4731dba5b29ca80845ec8888ab8a1e9","リプロダクティブ・ヘルス／ライツの周知啓発","一般会計","衛生費","公衆衛生費","母子保健費","世田谷保健所 健康推進課","2402","福祉・保健・社会保障を支える行政","supports","公式予算で衛生費に属するため、保健・公衆衛生に関する行政機能を支える予算事業として整理した。","B_strong_structural","{""matched_rule_id"":""public-health-official-hierarchy"",""budget_item_key"":""2026_general_expenditure_05_03_05"",""identity_fields"":{""display_program_name"":""リプロダクティブ・ヘルス／ライツの周知啓発"",""hierarchy"":[""衛生費"",""公衆衛生費"",""母子保健費""],""department_display_name"":""世田谷保健所 健康推進課"",""amount_thousand_yen"":2402},""member_programs"":[{""program_id"":""2026_general_expenditure_05_03_05_01_17_01"",""major_program_name"":""母子保健指導事業費"",""budget_program_name"":""リプロダクティブ・ヘルス／ライツの周知啓発"",""detail_program_name"":""リプロダクティブ・ヘルス／ライツの周知啓発"",""source_file"":""ippansaisyutu.csv"",""source_row_number"":9909}],""same_budget_item_other_program_names"":[""アレルギー疾患相談"",""育児不安・児童虐待防止対策"",""小児慢性特定疾病医療費給付"",""地域と連携した両親学級の充実"",""乳児期家庭（新生児）訪問事業"",""乳幼児健康診査"",""乳幼児歯科健康診査"",""妊産婦及び乳幼児への栄養・食生活支援事業"",""妊産婦及び乳幼児健康診査"",""妊婦健康診査"",""保健福祉センター乳幼児健康診査"",""保健福祉センター乳幼児歯科健康診査"",""母子保健知識等の普及と啓発"",""未熟児等に対する医療費公費負担""],""related_revenues"":[{""revenue_detail_id"":""rd_2026_general_revenue_14_02_02_40_70_3785200000"",""revenue_hierarchy"":[""都支出金"",""都補助金"",""民生費補助金"",""保健医療政策区市町村包括補助事業費"",""思春期から更年期までの母性保健向上事業""],""amount_attribution_status"":""not_available""}]}","high","approve","B_strong_structural・確信度highの一括承認ルールにより承認"
"bpi_96500fbc7982f1a419de547d68d78b90363fff00b77403fa4d7a3d50777b87b5","被爆者見舞金","一般会計","民生費","社会福祉費","障害者福祉費","障害福祉部 障害施策課","2334","福祉・保健・社会保障を支える行政","supports","公式予算で民生費の社会福祉費または生活保護費に属するため、福祉・社会保障に関する行政機能を支える予算事業として整理した。これはみらい議会の探索用整理であり、区の公式な課題分類ではない。","B_strong_structural","{""matched_rule_id"":""social-welfare-official-hierarchy"",""budget_item_key"":""2026_general_expenditure_03_01_03"",""identity_fields"":{""display_program_name"":""被爆者見舞金"",""hierarchy"":[""民生費"",""社会福祉費"",""障害者福祉費""],""department_display_name"":""障害福祉部 障害施策課"",""amount_thousand_yen"":2334},""member_programs"":[{""program_id"":""2026_general_expenditure_03_01_03_04_09_01"",""major_program_name"":""その他の障害者福祉事業費"",""budget_program_name"":""被爆者見舞金"",""detail_program_name"":""被爆者見舞金"",""source_file"":""ippansaisyutu.csv"",""source_row_number"":9722}],""same_budget_item_other_program_names"":[""介護者リフレッシュ"",""基幹相談支援センター事業運営"",""技術支援（児童福祉施設）事業運営"",""更生訓練費助成"",""自立支援医療"",""重度脳性麻痺者介護人派遣"",""障害児入所給付費"",""障害者おむつ支給"",""障害者グループホーム事業等助成"",""障害者コミュニケーションサービス"",""障害者ホームヘルパー等派遣"",""障害者虐待防止推進事業"",""障害者緊急介護人派遣"",""障害者自動車利用支援"",""障害者自立支援給付"",""障害者寝具乾燥・訪問理美容サービス"",""障害者親亡きあと対策"",""障害者設備改善費給付"",""障害者専門相談事業運営"",""障害者相談支援"",""障害者団体活動支援"",""障害者団体支援"",""障害者日常生活用具等給付"",""障害者入浴サービス"",""障害者配食サービス"",""障害者福祉手当"",""障害理解促進"",""身体障害者及知的障害者相談員活動"",""精神障害者ピアサポート支援事業"",""精神保健福祉団体連携事業"",""地域生活支援拠点等整備事業"",""乳幼児育成相談事業運営"",""補装具給付"",""民間空襲等被害者見舞金支給""],""related_revenues"":[]}","high","approve","B_strong_structural・確信度highの一括承認ルールにより承認"
"bpi_9bc868351e55fb0cd26fe03077e65fad77f14ac13e3fdbb6387be313d0c1742e","障害福祉部庶務事務","一般会計","民生費","社会福祉費","社会福祉総務費","障害福祉部 障害施策課","2326","福祉・保健・社会保障を支える行政","supports","公式予算で民生費の社会福祉費または生活保護費に属するため、福祉・社会保障に関する行政機能を支える予算事業として整理した。これはみらい議会の探索用整理であり、区の公式な課題分類ではない。","B_strong_structural","{""matched_rule_id"":""social-welfare-official-hierarchy"",""budget_item_key"":""2026_general_expenditure_03_01_01"",""identity_fields"":{""display_program_name"":""障害福祉部庶務事務"",""hierarchy"":[""民生費"",""社会福祉費"",""社会福祉総務費""],""department_display_name"":""障害福祉部 障害施策課"",""amount_thousand_yen"":2326},""member_programs"":[{""program_id"":""2026_general_expenditure_03_01_01_06_11_01"",""major_program_name"":""その他の社会福祉事業費（２）"",""budget_program_name"":""障害福祉部庶務事務"",""detail_program_name"":""障害福祉部庶務事務"",""source_file"":""ippansaisyutu.csv"",""source_row_number"":9705}],""same_budget_item_other_program_names"":[""ケアハウス整備促進等事業"",""ケアマネジメントの総合的推進"",""ひきこもり対策"",""ボランティア施設改修"",""ボランティア団体等援助"",""移動困難者の移送システム"",""医療的ケア児（者）支援の充実"",""医療的ケア児の笑顔を支える基金積立金"",""介護人材確保・定着支援事業"",""介護保険事業会計繰出金"",""旧軍人等の援護"",""後期高齢者医療会計繰出金"",""行旅病人及死亡人取扱"",""高齢福祉部運営事業"",""高齢福祉部庶務事務"",""国民健康保険事業会計繰出金"",""災害時ボランティア受入体制整備事業"",""社会福祉協議会運営助成"",""社会福祉事業団運営助成"",""社会福祉法人に対する高齢者施設整備助成"",""社会福祉法人に対する障害者施設整備助成"",""社会福祉法人の認可・指導検査"",""終活支援センター運営事業"",""住宅手当緊急特別措置事業"",""住民税非課税世帯等への価格高騰重点支援給付金支給"",""障害者グループホーム整備助成"",""障害者サービス広報事業"",""障害者差別解消推進"",""障害者施設整備促進等事業"",""障害者福祉施策の計画・調整"",""障害認定審査事務運営"",""心身障害者医療費助成"",""世田谷区地域福祉推進事業"",""世田谷保健福祉センター分室維持管理"",""成年後見制度"",""生活安定支援事業"",""生活困窮者自立促進支援事業"",""生活保健事務（烏山）"",""生活保健事務（砧）"",""生活保健事務（玉川）"",""生活保健事務（世田谷）"",""生活保健事務（北沢）"",""専門的人材の確保・養成事業"",""相談員業務（烏山）"",""相談員業務（砧）"",""相談員業務（玉川）"",""相談員業務（世田谷）"",""相談員業務（北沢）"",""地域福祉活動等促進事業"",""地域福祉資源開発事業"",""地域保健福祉審議会の運営"",""地域保健福祉等推進基金積立金"",""地域密着型サービス拠点等整備助成"",""地区高齢者見守りネットワーク事業"",""特定中国残留邦人等支援事業"",""特別区区民葬儀助成事業"",""特別養護老人ホーム等運営支援"",""避難行動要支援者支援の推進"",""福祉資金貸付"",""福祉人材育成・研修センター運営事業"",""保健医療福祉総合プラザ維持運営"",""保健福祉サービス苦情審査会運営"",""保健福祉サービス質の向上の推進"",""保健福祉運営事務（烏山）"",""保健福祉運営事務（砧）"",""保健福祉運営事務（玉川）"",""保健福祉運営事務（世田谷）"",""保健福祉運営事務（北沢）"",""保健福祉政策部運営事業"",""保健福祉政策部庶務事務"",""民生委員等活動"",""路上生活対策事業"",""老人保健施設整備助成""],""related_revenues"":[]}","high","approve","B_strong_structural・確信度highの一括承認ルールにより承認"
"bpi_5fef65ac07db7dc3768325945f85eeca35b518a4b6845f6054365106c587fae6","高齢福祉部庶務事務","一般会計","民生費","社会福祉費","社会福祉総務費","高齢福祉部 高齢福祉課","2225","福祉・保健・社会保障を支える行政","supports","公式予算で民生費の社会福祉費または生活保護費に属するため、福祉・社会保障に関する行政機能を支える予算事業として整理した。これはみらい議会の探索用整理であり、区の公式な課題分類ではない。","B_strong_structural","{""matched_rule_id"":""social-welfare-official-hierarchy"",""budget_item_key"":""2026_general_expenditure_03_01_01"",""identity_fields"":{""display_program_name"":""高齢福祉部庶務事務"",""hierarchy"":[""民生費"",""社会福祉費"",""社会福祉総務費""],""department_display_name"":""高齢福祉部 高齢福祉課"",""amount_thousand_yen"":2225},""member_programs"":[{""program_id"":""2026_general_expenditure_03_01_01_03_98_01"",""major_program_name"":""その他の社会福祉事業費"",""budget_program_name"":""高齢福祉部庶務事務"",""detail_program_name"":""高齢福祉部庶務事務"",""source_file"":""ippansaisyutu.csv"",""source_row_number"":9621}],""same_budget_item_other_program_names"":[""ケアハウス整備促進等事業"",""ケアマネジメントの総合的推進"",""ひきこもり対策"",""ボランティア施設改修"",""ボランティア団体等援助"",""移動困難者の移送システム"",""医療的ケア児（者）支援の充実"",""医療的ケア児の笑顔を支える基金積立金"",""介護人材確保・定着支援事業"",""介護保険事業会計繰出金"",""旧軍人等の援護"",""後期高齢者医療会計繰出金"",""行旅病人及死亡人取扱"",""高齢福祉部運営事業"",""国民健康保険事業会計繰出金"",""災害時ボランティア受入体制整備事業"",""社会福祉協議会運営助成"",""社会福祉事業団運営助成"",""社会福祉法人に対する高齢者施設整備助成"",""社会福祉法人に対する障害者施設整備助成"",""社会福祉法人の認可・指導検査"",""終活支援センター運営事業"",""住宅手当緊急特別措置事業"",""住民税非課税世帯等への価格高騰重点支援給付金支給"",""障害者グループホーム整備助成"",""障害者サービス広報事業"",""障害者差別解消推進"",""障害者施設整備促進等事業"",""障害者福祉施策の計画・調整"",""障害認定審査事務運営"",""障害福祉部庶務事務"",""心身障害者医療費助成"",""世田谷区地域福祉推進事業"",""世田谷保健福祉センター分室維持管理"",""成年後見制度"",""生活安定支援事業"",""生活困窮者自立促進支援事業"",""生活保健事務（烏山）"",""生活保健事務（砧）"",""生活保健事務（玉川）"",""生活保健事務（世田谷）"",""生活保健事務（北沢）"",""専門的人材の確保・養成事業"",""相談員業務（烏山）"",""相談員業務（砧）"",""相談員業務（玉川）"",""相談員業務（世田谷）"",""相談員業務（北沢）"",""地域福祉活動等促進事業"",""地域福祉資源開発事業"",""地域保健福祉審議会の運営"",""地域保健福祉等推進基金積立金"",""地域密着型サービス拠点等整備助成"",""地区高齢者見守りネットワーク事業"",""特定中国残留邦人等支援事業"",""特別区区民葬儀助成事業"",""特別養護老人ホーム等運営支援"",""避難行動要支援者支援の推進"",""福祉資金貸付"",""福祉人材育成・研修センター運営事業"",""保健医療福祉総合プラザ維持運営"",""保健福祉サービス苦情審査会運営"",""保健福祉サービス質の向上の推進"",""保健福祉運営事務（烏山）"",""保健福祉運営事務（砧）"",""保健福祉運営事務（玉川）"",""保健福祉運営事務（世田谷）"",""保健福祉運営事務（北沢）"",""保健福祉政策部運営事業"",""保健福祉政策部庶務事務"",""民生委員等活動"",""路上生活対策事業"",""老人保健施設整備助成""],""related_revenues"":[]}","high","approve","B_strong_structural・確信度highの一括承認ルールにより承認"
"bpi_09b74e9cb0ed6a51cdb9c13f0bf11e597caf5af0476bfc02dda3d0e894dca6b3","保健福祉運営事務（烏山）","一般会計","民生費","社会福祉費","社会福祉総務費","烏山総合支所 保健福祉課","2121","福祉・保健・社会保障を支える行政","supports","公式予算で民生費の社会福祉費または生活保護費に属するため、福祉・社会保障に関する行政機能を支える予算事業として整理した。これはみらい議会の探索用整理であり、区の公式な課題分類ではない。","B_strong_structural","{""matched_rule_id"":""social-welfare-official-hierarchy"",""budget_item_key"":""2026_general_expenditure_03_01_01"",""identity_fields"":{""display_program_name"":""保健福祉運営事務（烏山）"",""hierarchy"":[""民生費"",""社会福祉費"",""社会福祉総務費""],""department_display_name"":""烏山総合支所 保健福祉課"",""amount_thousand_yen"":2121},""member_programs"":[{""program_id"":""2026_general_expenditure_03_01_01_03_51_01"",""major_program_name"":""その他の社会福祉事業費"",""budget_program_name"":""保健福祉運営事務（烏山）"",""detail_program_name"":""保健福祉運営事務（烏山）"",""source_file"":""ippansaisyutu.csv"",""source_row_number"":9237}],""same_budget_item_other_program_names"":[""ケアハウス整備促進等事業"",""ケアマネジメントの総合的推進"",""ひきこもり対策"",""ボランティア施設改修"",""ボランティア団体等援助"",""移動困難者の移送システム"",""医療的ケア児（者）支援の充実"",""医療的ケア児の笑顔を支える基金積立金"",""介護人材確保・定着支援事業"",""介護保険事業会計繰出金"",""旧軍人等の援護"",""後期高齢者医療会計繰出金"",""行旅病人及死亡人取扱"",""高齢福祉部運営事業"",""高齢福祉部庶務事務"",""国民健康保険事業会計繰出金"",""災害時ボランティア受入体制整備事業"",""社会福祉協議会運営助成"",""社会福祉事業団運営助成"",""社会福祉法人に対する高齢者施設整備助成"",""社会福祉法人に対する障害者施設整備助成"",""社会福祉法人の認可・指導検査"",""終活支援センター運営事業"",""住宅手当緊急特別措置事業"",""住民税非課税世帯等への価格高騰重点支援給付金支給"",""障害者グループホーム整備助成"",""障害者サービス広報事業"",""障害者差別解消推進"",""障害者施設整備促進等事業"",""障害者福祉施策の計画・調整"",""障害認定審査事務運営"",""障害福祉部庶務事務"",""心身障害者医療費助成"",""世田谷区地域福祉推進事業"",""世田谷保健福祉センター分室維持管理"",""成年後見制度"",""生活安定支援事業"",""生活困窮者自立促進支援事業"",""生活保健事務（烏山）"",""生活保健事務（砧）"",""生活保健事務（玉川）"",""生活保健事務（世田谷）"",""生活保健事務（北沢）"",""専門的人材の確保・養成事業"",""相談員業務（烏山）"",""相談員業務（砧）"",""相談員業務（玉川）"",""相談員業務（世田谷）"",""相談員業務（北沢）"",""地域福祉活動等促進事業"",""地域福祉資源開発事業"",""地域保健福祉審議会の運営"",""地域保健福祉等推進基金積立金"",""地域密着型サービス拠点等整備助成"",""地区高齢者見守りネットワーク事業"",""特定中国残留邦人等支援事業"",""特別区区民葬儀助成事業"",""特別養護老人ホーム等運営支援"",""避難行動要支援者支援の推進"",""福祉資金貸付"",""福祉人材育成・研修センター運営事業"",""保健医療福祉総合プラザ維持運営"",""保健福祉サービス苦情審査会運営"",""保健福祉サービス質の向上の推進"",""保健福祉運営事務（砧）"",""保健福祉運営事務（玉川）"",""保健福祉運営事務（世田谷）"",""保健福祉運営事務（北沢）"",""保健福祉政策部運営事業"",""保健福祉政策部庶務事務"",""民生委員等活動"",""路上生活対策事業"",""老人保健施設整備助成""],""related_revenues"":[]}","high","approve","B_strong_structural・確信度highの一括承認ルールにより承認"
"bpi_74b70512477d826dc6458deb87e2ef31c6202deb1909261c5376a04967215ab2","ひとりぐらし高齢者等状況把握","一般会計","民生費","社会福祉費","高齢者福祉費","高齢福祉部 高齢福祉課","2022","福祉・保健・社会保障を支える行政","supports","公式予算で民生費の社会福祉費または生活保護費に属するため、福祉・社会保障に関する行政機能を支える予算事業として整理した。これはみらい議会の探索用整理であり、区の公式な課題分類ではない。","B_strong_structural","{""matched_rule_id"":""social-welfare-official-hierarchy"",""budget_item_key"":""2026_general_expenditure_03_01_02"",""identity_fields"":{""display_program_name"":""ひとりぐらし高齢者等状況把握"",""hierarchy"":[""民生費"",""社会福祉費"",""高齢者福祉費""],""department_display_name"":""高齢福祉部 高齢福祉課"",""amount_thousand_yen"":2022},""member_programs"":[{""program_id"":""2026_general_expenditure_03_01_02_05_01_01"",""major_program_name"":""その他の高齢者福祉事業費"",""budget_program_name"":""ひとりぐらし高齢者等状況把握"",""detail_program_name"":""ひとりぐらし高齢者等状況把握"",""source_file"":""ippansaisyutu.csv"",""source_row_number"":9637}],""same_budget_item_other_program_names"":[""あんしん見守り事業"",""シニアボランティアポイント事業"",""ひとりぐらし高齢者の安全確保"",""ひとりぐらし高齢者見守り機器補助事業"",""一時生活援助施設運営"",""一般介護予防事業"",""介護予防施策推進事業"",""慶祝事業"",""高齢者おむつ支給"",""高齢者コミュニケーションサービス"",""高齢者スマートフォン購入費助成"",""高齢者はり・灸・マッサージサービス"",""高齢者会食サービス"",""高齢者在宅サービスセンター維持管理"",""高齢者住宅改修助成"",""高齢者寝具乾燥・訪問理美容サービス"",""高齢者補聴器購入費助成"",""支えあいミニデイ支援の推進"",""生活支援体制整備事業"",""生計困難者負担軽減事業"",""地域包括支援センター運営委託"",""地域包括支援センター事務委託"",""地域包括支援センター障害者・子育て家庭等相談事業"",""地域包括支援センター認知症社会参加推進事業"",""認知症在宅生活サポートセンター認知症社会参加推進事業"",""認知症施策運営事業"",""福祉緊急対応"",""民生委員ふれあい訪問"",""養護老人ホーム入所措置""],""related_revenues"":[{""revenue_detail_id"":""rd_2026_general_revenue_14_02_02_42_20_3645100000"",""revenue_hierarchy"":[""都支出金"",""都補助金"",""民生費補助金"",""高齢者施策推進区市町村包括補助事業"",""ひとりぐらし高齢者等状況把握""],""amount_attribution_status"":""not_available""}]}","high","approve","B_strong_structural・確信度highの一括承認ルールにより承認"
"bpi_44bedc77e6f3c87929b778ac6add2142d53e4b67f58f0da19fd4217ba03c1be9","障害者団体活動支援","一般会計","民生費","社会福祉費","障害者福祉費","障害福祉部 障害施策課","1915","福祉・保健・社会保障を支える行政","supports","公式予算で民生費の社会福祉費または生活保護費に属するため、福祉・社会保障に関する行政機能を支える予算事業として整理した。これはみらい議会の探索用整理であり、区の公式な課題分類ではない。","B_strong_structural","{""matched_rule_id"":""social-welfare-official-hierarchy"",""budget_item_key"":""2026_general_expenditure_03_01_03"",""identity_fields"":{""display_program_name"":""障害者団体活動支援"",""hierarchy"":[""民生費"",""社会福祉費"",""障害者福祉費""],""department_display_name"":""障害福祉部 障害施策課"",""amount_thousand_yen"":1915},""member_programs"":[{""program_id"":""2026_general_expenditure_03_01_03_04_21_01"",""major_program_name"":""その他の障害者福祉事業費"",""budget_program_name"":""障害者団体活動支援"",""detail_program_name"":""障害者団体活動支援"",""source_file"":""ippansaisyutu.csv"",""source_row_number"":9727}],""same_budget_item_other_program_names"":[""介護者リフレッシュ"",""基幹相談支援センター事業運営"",""技術支援（児童福祉施設）事業運営"",""更生訓練費助成"",""自立支援医療"",""重度脳性麻痺者介護人派遣"",""障害児入所給付費"",""障害者おむつ支給"",""障害者グループホーム事業等助成"",""障害者コミュニケーションサービス"",""障害者ホームヘルパー等派遣"",""障害者虐待防止推進事業"",""障害者緊急介護人派遣"",""障害者自動車利用支援"",""障害者自立支援給付"",""障害者寝具乾燥・訪問理美容サービス"",""障害者親亡きあと対策"",""障害者設備改善費給付"",""障害者専門相談事業運営"",""障害者相談支援"",""障害者団体支援"",""障害者日常生活用具等給付"",""障害者入浴サービス"",""障害者配食サービス"",""障害者福祉手当"",""障害理解促進"",""身体障害者及知的障害者相談員活動"",""精神障害者ピアサポート支援事業"",""精神保健福祉団体連携事業"",""地域生活支援拠点等整備事業"",""乳幼児育成相談事業運営"",""被爆者見舞金"",""補装具給付"",""民間空襲等被害者見舞金支給""],""related_revenues"":[]}","high","approve","B_strong_structural・確信度highの一括承認ルールにより承認"
"bpi_7c9a35aa5827722671b2e05e2a23bd2568a7fe6094b793788c1d78370f7b027e","公害保健対策","一般会計","衛生費","公衆衛生費","公害保健費","世田谷保健所 健康推進課","1870","福祉・保健・社会保障を支える行政","supports","公式予算で衛生費に属するため、保健・公衆衛生に関する行政機能を支える予算事業として整理した。","B_strong_structural","{""matched_rule_id"":""public-health-official-hierarchy"",""budget_item_key"":""2026_general_expenditure_05_03_06"",""identity_fields"":{""display_program_name"":""公害保健対策"",""hierarchy"":[""衛生費"",""公衆衛生費"",""公害保健費""],""department_display_name"":""世田谷保健所 健康推進課"",""amount_thousand_yen"":1870},""member_programs"":[{""program_id"":""2026_general_expenditure_05_03_06_01_01_01"",""major_program_name"":""公害保健対策事業費"",""budget_program_name"":""公害保健対策"",""detail_program_name"":""公害保健対策"",""source_file"":""ippansaisyutu.csv"",""source_row_number"":9913}],""same_budget_item_other_program_names"":[],""related_revenues"":[]}","high","approve","B_strong_structural・確信度highの一括承認ルールにより承認"
"bpi_d603a52935e3fd2e2aa5fee0ec2c8e9ca9a119d4b25fe80083c247b8c20ebb4f","保健福祉運営事務（北沢）","一般会計","民生費","社会福祉費","社会福祉総務費","北沢総合支所 保健福祉課","1814","福祉・保健・社会保障を支える行政","supports","公式予算で民生費の社会福祉費または生活保護費に属するため、福祉・社会保障に関する行政機能を支える予算事業として整理した。これはみらい議会の探索用整理であり、区の公式な課題分類ではない。","B_strong_structural","{""matched_rule_id"":""social-welfare-official-hierarchy"",""budget_item_key"":""2026_general_expenditure_03_01_01"",""identity_fields"":{""display_program_name"":""保健福祉運営事務（北沢）"",""hierarchy"":[""民生費"",""社会福祉費"",""社会福祉総務費""],""department_display_name"":""北沢総合支所 保健福祉課"",""amount_thousand_yen"":1814},""member_programs"":[{""program_id"":""2026_general_expenditure_03_01_01_03_48_01"",""major_program_name"":""その他の社会福祉事業費"",""budget_program_name"":""保健福祉運営事務（北沢）"",""detail_program_name"":""保健福祉運営事務（北沢）"",""source_file"":""ippansaisyutu.csv"",""source_row_number"":9147}],""same_budget_item_other_program_names"":[""ケアハウス整備促進等事業"",""ケアマネジメントの総合的推進"",""ひきこもり対策"",""ボランティア施設改修"",""ボランティア団体等援助"",""移動困難者の移送システム"",""医療的ケア児（者）支援の充実"",""医療的ケア児の笑顔を支える基金積立金"",""介護人材確保・定着支援事業"",""介護保険事業会計繰出金"",""旧軍人等の援護"",""後期高齢者医療会計繰出金"",""行旅病人及死亡人取扱"",""高齢福祉部運営事業"",""高齢福祉部庶務事務"",""国民健康保険事業会計繰出金"",""災害時ボランティア受入体制整備事業"",""社会福祉協議会運営助成"",""社会福祉事業団運営助成"",""社会福祉法人に対する高齢者施設整備助成"",""社会福祉法人に対する障害者施設整備助成"",""社会福祉法人の認可・指導検査"",""終活支援センター運営事業"",""住宅手当緊急特別措置事業"",""住民税非課税世帯等への価格高騰重点支援給付金支給"",""障害者グループホーム整備助成"",""障害者サービス広報事業"",""障害者差別解消推進"",""障害者施設整備促進等事業"",""障害者福祉施策の計画・調整"",""障害認定審査事務運営"",""障害福祉部庶務事務"",""心身障害者医療費助成"",""世田谷区地域福祉推進事業"",""世田谷保健福祉センター分室維持管理"",""成年後見制度"",""生活安定支援事業"",""生活困窮者自立促進支援事業"",""生活保健事務（烏山）"",""生活保健事務（砧）"",""生活保健事務（玉川）"",""生活保健事務（世田谷）"",""生活保健事務（北沢）"",""専門的人材の確保・養成事業"",""相談員業務（烏山）"",""相談員業務（砧）"",""相談員業務（玉川）"",""相談員業務（世田谷）"",""相談員業務（北沢）"",""地域福祉活動等促進事業"",""地域福祉資源開発事業"",""地域保健福祉審議会の運営"",""地域保健福祉等推進基金積立金"",""地域密着型サービス拠点等整備助成"",""地区高齢者見守りネットワーク事業"",""特定中国残留邦人等支援事業"",""特別区区民葬儀助成事業"",""特別養護老人ホーム等運営支援"",""避難行動要支援者支援の推進"",""福祉資金貸付"",""福祉人材育成・研修センター運営事業"",""保健医療福祉総合プラザ維持運営"",""保健福祉サービス苦情審査会運営"",""保健福祉サービス質の向上の推進"",""保健福祉運営事務（烏山）"",""保健福祉運営事務（砧）"",""保健福祉運営事務（玉川）"",""保健福祉運営事務（世田谷）"",""保健福祉政策部運営事業"",""保健福祉政策部庶務事務"",""民生委員等活動"",""路上生活対策事業"",""老人保健施設整備助成""],""related_revenues"":[]}","high","approve","B_strong_structural・確信度highの一括承認ルールにより承認"
"bpi_d76a6756b545ce00b969eab0b4234dba30da210c4f9f28702f8fbc11dca3fff5","食を通じた健康づくり対策","一般会計","衛生費","公衆衛生費","栄養指導費","世田谷保健所 健康推進課","1776","福祉・保健・社会保障を支える行政","supports","公式予算で衛生費に属するため、保健・公衆衛生に関する行政機能を支える予算事業として整理した。","B_strong_structural","{""matched_rule_id"":""public-health-official-hierarchy"",""budget_item_key"":""2026_general_expenditure_05_03_04"",""identity_fields"":{""display_program_name"":""食を通じた健康づくり対策"",""hierarchy"":[""衛生費"",""公衆衛生費"",""栄養指導費""],""department_display_name"":""世田谷保健所 健康推進課"",""amount_thousand_yen"":1776},""member_programs"":[{""program_id"":""2026_general_expenditure_05_03_04_01_01_01"",""major_program_name"":""健康づくり事業費"",""budget_program_name"":""食を通じた健康づくり対策"",""detail_program_name"":""食を通じた健康づくり対策"",""source_file"":""ippansaisyutu.csv"",""source_row_number"":9897}],""same_budget_item_other_program_names"":[""健康づくり支援（烏山）"",""健康づくり支援（砧）"",""健康づくり支援（玉川）"",""健康づくり支援（世田谷）"",""健康づくり支援（北沢）"",""食育の推進""],""related_revenues"":[{""revenue_detail_id"":""rd_2026_general_revenue_13_03_02_01_02_3785200000"",""revenue_hierarchy"":[""国庫支出金"",""国庫委託金"",""衛生費委託金"",""栄養調査費"",""栄養調査費""],""amount_attribution_status"":""not_available""}]}","high","approve","B_strong_structural・確信度highの一括承認ルールにより承認"
"bpi_3e0a13fa32c2e4fd5abc7c22cb416f5bfd04ca190d9e605d362e88ba5e5d9133","更生訓練費助成","一般会計","民生費","社会福祉費","障害者福祉費","障害福祉部 障害施策課","1683","福祉・保健・社会保障を支える行政","supports","公式予算で民生費の社会福祉費または生活保護費に属するため、福祉・社会保障に関する行政機能を支える予算事業として整理した。これはみらい議会の探索用整理であり、区の公式な課題分類ではない。","B_strong_structural","{""matched_rule_id"":""social-welfare-official-hierarchy"",""budget_item_key"":""2026_general_expenditure_03_01_03"",""identity_fields"":{""display_program_name"":""更生訓練費助成"",""hierarchy"":[""民生費"",""社会福祉費"",""障害者福祉費""],""department_display_name"":""障害福祉部 障害施策課"",""amount_thousand_yen"":1683},""member_programs"":[{""program_id"":""2026_general_expenditure_03_01_03_03_24_01"",""major_program_name"":""障害者生活支援事業"",""budget_program_name"":""更生訓練費助成"",""detail_program_name"":""更生訓練費助成"",""source_file"":""ippansaisyutu.csv"",""source_row_number"":9720}],""same_budget_item_other_program_names"":[""介護者リフレッシュ"",""基幹相談支援センター事業運営"",""技術支援（児童福祉施設）事業運営"",""自立支援医療"",""重度脳性麻痺者介護人派遣"",""障害児入所給付費"",""障害者おむつ支給"",""障害者グループホーム事業等助成"",""障害者コミュニケーションサービス"",""障害者ホームヘルパー等派遣"",""障害者虐待防止推進事業"",""障害者緊急介護人派遣"",""障害者自動車利用支援"",""障害者自立支援給付"",""障害者寝具乾燥・訪問理美容サービス"",""障害者親亡きあと対策"",""障害者設備改善費給付"",""障害者専門相談事業運営"",""障害者相談支援"",""障害者団体活動支援"",""障害者団体支援"",""障害者日常生活用具等給付"",""障害者入浴サービス"",""障害者配食サービス"",""障害者福祉手当"",""障害理解促進"",""身体障害者及知的障害者相談員活動"",""精神障害者ピアサポート支援事業"",""精神保健福祉団体連携事業"",""地域生活支援拠点等整備事業"",""乳幼児育成相談事業運営"",""被爆者見舞金"",""補装具給付"",""民間空襲等被害者見舞金支給""],""related_revenues"":[]}","high","approve","B_strong_structural・確信度highの一括承認ルールにより承認"
"bpi_163cf52aba9296b08e531463eb545b618ae169a7da91720600e923c22456fda4","住宅改修アドバイザー派遣","介護保険事業会計","地域支援事業費","包括支援事業・任意事業費","任意事業費","高齢福祉部 高齢福祉課","1452","福祉・保健・社会保障を支える行政","supports","公式予算で国民健康保険、後期高齢者医療、介護保険の特別会計に属するため、社会保障に関する行政機能を支える予算事業として整理した。","B_strong_structural","{""matched_rule_id"":""social-insurance-accounts-official-hierarchy"",""budget_item_key"":""2026_long_term_care_insurance_expenditure_49_02_02"",""identity_fields"":{""display_program_name"":""住宅改修アドバイザー派遣"",""hierarchy"":[""地域支援事業費"",""包括支援事業・任意事業費"",""任意事業費""],""department_display_name"":""高齢福祉部 高齢福祉課"",""amount_thousand_yen"":1452},""member_programs"":[{""program_id"":""2026_long_term_care_insurance_expenditure_49_02_02_01_05_01"",""major_program_name"":""任意事業費"",""budget_program_name"":""住宅改修アドバイザー派遣"",""detail_program_name"":""住宅改修アドバイザー派遣"",""source_file"":""ippansaisyutu.csv"",""source_row_number"":9647}],""same_budget_item_other_program_names"":[""家族介護支援事業"",""介護給付適正化事業"",""高齢者おむつ支給"",""高齢者安心コール"",""成年後見報酬助成"",""認知症ケア推進事業""],""related_revenues"":[{""revenue_detail_id"":""rd_2026_long_term_care_insurance_revenue_41_01_01_01_35_3645100000"",""revenue_hierarchy"":[""保険料"",""介護保険料"",""第１号被保険者保険料"",""現年度分特別徴収分"",""住宅改修アドバイザー派遣""],""amount_attribution_status"":""not_available""},{""revenue_detail_id"":""rd_2026_long_term_care_insurance_revenue_43_02_05_01_06_3645100000"",""revenue_hierarchy"":[""国庫支出金"",""国庫補助金"",""地域支援事業交付金（包括的支援事業・任意事業）"",""現年度分"",""住宅改修アドバイザー派遣""],""amount_attribution_status"":""not_available""},{""revenue_detail_id"":""rd_2026_long_term_care_insurance_revenue_45_03_02_01_06_3645100000"",""revenue_hierarchy"":[""都支出金"",""都補助金"",""地域支援事業交付金（包括的支援事業・任意事業）"",""現年度分"",""住宅改修アドバイザー派遣""],""amount_attribution_status"":""not_available""},{""revenue_detail_id"":""rd_2026_long_term_care_insurance_revenue_48_01_04_01_06_3645100000"",""revenue_hierarchy"":[""繰入金"",""一般会計繰入金"",""地域支援事業繰入金（包括的支援・任意事業）"",""現年度分"",""住宅改修アドバイザー派遣""],""amount_attribution_status"":""not_available""}]}","high","approve","B_strong_structural・確信度highの一括承認ルールにより承認"
"bpi_e539d08f939c50ff5109f0d23b21cf94560ab8f21478dc9379669651fd2153f6","身体障害者及知的障害者相談員活動","一般会計","民生費","社会福祉費","障害者福祉費","障害福祉部 障害施策課","1104","福祉・保健・社会保障を支える行政","supports","公式予算で民生費の社会福祉費または生活保護費に属するため、福祉・社会保障に関する行政機能を支える予算事業として整理した。これはみらい議会の探索用整理であり、区の公式な課題分類ではない。","B_strong_structural","{""matched_rule_id"":""social-welfare-official-hierarchy"",""budget_item_key"":""2026_general_expenditure_03_01_03"",""identity_fields"":{""display_program_name"":""身体障害者及知的障害者相談員活動"",""hierarchy"":[""民生費"",""社会福祉費"",""障害者福祉費""],""department_display_name"":""障害福祉部 障害施策課"",""amount_thousand_yen"":1104},""member_programs"":[{""program_id"":""2026_general_expenditure_03_01_03_03_14_01"",""major_program_name"":""障害者生活支援事業"",""budget_program_name"":""身体障害者及知的障害者相談員活動"",""detail_program_name"":""身体障害者及知的障害者相談員活動"",""source_file"":""ippansaisyutu.csv"",""source_row_number"":9718}],""same_budget_item_other_program_names"":[""介護者リフレッシュ"",""基幹相談支援センター事業運営"",""技術支援（児童福祉施設）事業運営"",""更生訓練費助成"",""自立支援医療"",""重度脳性麻痺者介護人派遣"",""障害児入所給付費"",""障害者おむつ支給"",""障害者グループホーム事業等助成"",""障害者コミュニケーションサービス"",""障害者ホームヘルパー等派遣"",""障害者虐待防止推進事業"",""障害者緊急介護人派遣"",""障害者自動車利用支援"",""障害者自立支援給付"",""障害者寝具乾燥・訪問理美容サービス"",""障害者親亡きあと対策"",""障害者設備改善費給付"",""障害者専門相談事業運営"",""障害者相談支援"",""障害者団体活動支援"",""障害者団体支援"",""障害者日常生活用具等給付"",""障害者入浴サービス"",""障害者配食サービス"",""障害者福祉手当"",""障害理解促進"",""精神障害者ピアサポート支援事業"",""精神保健福祉団体連携事業"",""地域生活支援拠点等整備事業"",""乳幼児育成相談事業運営"",""被爆者見舞金"",""補装具給付"",""民間空襲等被害者見舞金支給""],""related_revenues"":[{""revenue_detail_id"":""rd_2026_general_revenue_14_01_01_24_01_3655100000"",""revenue_hierarchy"":[""都支出金"",""都負担金"",""民生費負担金"",""身体障害者相談員研修会費"",""身体障害者相談員研修会費""],""amount_attribution_status"":""not_available""},{""revenue_detail_id"":""rd_2026_general_revenue_14_01_01_25_01_3655100000"",""revenue_hierarchy"":[""都支出金"",""都負担金"",""民生費負担金"",""知的障害者相談員研修会費"",""知的障害者相談員研修会費""],""amount_attribution_status"":""not_available""}]}","high","approve","B_strong_structural・確信度highの一括承認ルールにより承認"
"bpi_bf9d9b4cecd7030b883c6ceaa1af1867bde16f6b975dc605c963d1ed7c48d594","保健福祉運営事務（世田谷）","一般会計","民生費","社会福祉費","社会福祉総務費","世田谷総合支所 保健福祉課","1061","福祉・保健・社会保障を支える行政","supports","公式予算で民生費の社会福祉費または生活保護費に属するため、福祉・社会保障に関する行政機能を支える予算事業として整理した。これはみらい議会の探索用整理であり、区の公式な課題分類ではない。","B_strong_structural","{""matched_rule_id"":""social-welfare-official-hierarchy"",""budget_item_key"":""2026_general_expenditure_03_01_01"",""identity_fields"":{""display_program_name"":""保健福祉運営事務（世田谷）"",""hierarchy"":[""民生費"",""社会福祉費"",""社会福祉総務費""],""department_display_name"":""世田谷総合支所 保健福祉課"",""amount_thousand_yen"":1061},""member_programs"":[{""program_id"":""2026_general_expenditure_03_01_01_03_47_01"",""major_program_name"":""その他の社会福祉事業費"",""budget_program_name"":""保健福祉運営事務（世田谷）"",""detail_program_name"":""保健福祉運営事務（世田谷）"",""source_file"":""ippansaisyutu.csv"",""source_row_number"":9113}],""same_budget_item_other_program_names"":[""ケアハウス整備促進等事業"",""ケアマネジメントの総合的推進"",""ひきこもり対策"",""ボランティア施設改修"",""ボランティア団体等援助"",""移動困難者の移送システム"",""医療的ケア児（者）支援の充実"",""医療的ケア児の笑顔を支える基金積立金"",""介護人材確保・定着支援事業"",""介護保険事業会計繰出金"",""旧軍人等の援護"",""後期高齢者医療会計繰出金"",""行旅病人及死亡人取扱"",""高齢福祉部運営事業"",""高齢福祉部庶務事務"",""国民健康保険事業会計繰出金"",""災害時ボランティア受入体制整備事業"",""社会福祉協議会運営助成"",""社会福祉事業団運営助成"",""社会福祉法人に対する高齢者施設整備助成"",""社会福祉法人に対する障害者施設整備助成"",""社会福祉法人の認可・指導検査"",""終活支援センター運営事業"",""住宅手当緊急特別措置事業"",""住民税非課税世帯等への価格高騰重点支援給付金支給"",""障害者グループホーム整備助成"",""障害者サービス広報事業"",""障害者差別解消推進"",""障害者施設整備促進等事業"",""障害者福祉施策の計画・調整"",""障害認定審査事務運営"",""障害福祉部庶務事務"",""心身障害者医療費助成"",""世田谷区地域福祉推進事業"",""世田谷保健福祉センター分室維持管理"",""成年後見制度"",""生活安定支援事業"",""生活困窮者自立促進支援事業"",""生活保健事務（烏山）"",""生活保健事務（砧）"",""生活保健事務（玉川）"",""生活保健事務（世田谷）"",""生活保健事務（北沢）"",""専門的人材の確保・養成事業"",""相談員業務（烏山）"",""相談員業務（砧）"",""相談員業務（玉川）"",""相談員業務（世田谷）"",""相談員業務（北沢）"",""地域福祉活動等促進事業"",""地域福祉資源開発事業"",""地域保健福祉審議会の運営"",""地域保健福祉等推進基金積立金"",""地域密着型サービス拠点等整備助成"",""地区高齢者見守りネットワーク事業"",""特定中国残留邦人等支援事業"",""特別区区民葬儀助成事業"",""特別養護老人ホーム等運営支援"",""避難行動要支援者支援の推進"",""福祉資金貸付"",""福祉人材育成・研修センター運営事業"",""保健医療福祉総合プラザ維持運営"",""保健福祉サービス苦情審査会運営"",""保健福祉サービス質の向上の推進"",""保健福祉運営事務（烏山）"",""保健福祉運営事務（砧）"",""保健福祉運営事務（玉川）"",""保健福祉運営事務（北沢）"",""保健福祉政策部運営事業"",""保健福祉政策部庶務事務"",""民生委員等活動"",""路上生活対策事業"",""老人保健施設整備助成""],""related_revenues"":[]}","high","approve","B_strong_structural・確信度highの一括承認ルールにより承認"
"bpi_f4463fe512c826058e42ead49198079dfcdc29f5d73cd26169b0d9c3570ef90a","健康づくり支援（世田谷）","一般会計","衛生費","公衆衛生費","栄養指導費","世田谷総合支所 健康づくり課","1009","福祉・保健・社会保障を支える行政","supports","公式予算で衛生費に属するため、保健・公衆衛生に関する行政機能を支える予算事業として整理した。","B_strong_structural","{""matched_rule_id"":""public-health-official-hierarchy"",""budget_item_key"":""2026_general_expenditure_05_03_04"",""identity_fields"":{""display_program_name"":""健康づくり支援（世田谷）"",""hierarchy"":[""衛生費"",""公衆衛生費"",""栄養指導費""],""department_display_name"":""世田谷総合支所 健康づくり課"",""amount_thousand_yen"":1009},""member_programs"":[{""program_id"":""2026_general_expenditure_05_03_04_01_04_01"",""major_program_name"":""健康づくり事業費"",""budget_program_name"":""健康づくり支援（世田谷）"",""detail_program_name"":""健康づくり支援（世田谷）"",""source_file"":""ippansaisyutu.csv"",""source_row_number"":9116}],""same_budget_item_other_program_names"":[""健康づくり支援（烏山）"",""健康づくり支援（砧）"",""健康づくり支援（玉川）"",""健康づくり支援（北沢）"",""食を通じた健康づくり対策"",""食育の推進""],""related_revenues"":[]}","high","approve","B_strong_structural・確信度highの一括承認ルールにより承認"
"bpi_11b7b5bb678c73d3dd69f605a4a0b7ad75c5971bc02f58356803ad20fee9fa45","介護保険事業会計関係職員の人件費","介護保険事業会計","職員費","職員費","職員費","政策経営部 財政課","1000","福祉・保健・社会保障を支える行政","supports","公式予算で国民健康保険、後期高齢者医療、介護保険の特別会計に属するため、社会保障に関する行政機能を支える予算事業として整理した。","B_strong_structural","{""matched_rule_id"":""social-insurance-accounts-official-hierarchy"",""budget_item_key"":""2026_long_term_care_insurance_expenditure_46_01_01"",""identity_fields"":{""display_program_name"":""介護保険事業会計関係職員の人件費"",""hierarchy"":[""職員費"",""職員費"",""職員費""],""department_display_name"":""政策経営部 財政課"",""amount_thousand_yen"":1000},""member_programs"":[{""program_id"":""2026_long_term_care_insurance_expenditure_46_01_01_01_04_01"",""major_program_name"":""介護保険事業従事職員の人件費"",""budget_program_name"":""介護保険事業会計関係職員の人件費"",""detail_program_name"":""介護保険事業会計関係職員の人件費"",""source_file"":""ippansaisyutu.csv"",""source_row_number"":9264}],""same_budget_item_other_program_names"":[""介護保険事業会計関係事務従事職員の人件費"",""会計年度任用職員の人件費（高齢福祉部）""],""related_revenues"":[{""revenue_detail_id"":""rd_2026_long_term_care_insurance_revenue_48_01_02_01_01_3645200000"",""revenue_hierarchy"":[""繰入金"",""一般会計繰入金"",""その他一般会計繰入金"",""職員給与費等繰入金"",""職員給与費""],""amount_attribution_status"":""not_available""}]}","high","approve","B_strong_structural・確信度highの一括承認ルールにより承認"
"bpi_c7c45e33cc353118c0c6c3aa0e0d3e9aa43f4733172eb28ce6fa4d262e7e2dc1","後期高齢者医療会計関係職員の人件費","後期高齢者医療会計","職員費","職員費","職員費","政策経営部 財政課","1000","福祉・保健・社会保障を支える行政","supports","公式予算で国民健康保険、後期高齢者医療、介護保険の特別会計に属するため、社会保障に関する行政機能を支える予算事業として整理した。","B_strong_structural","{""matched_rule_id"":""social-insurance-accounts-official-hierarchy"",""budget_item_key"":""2026_latter_stage_elderly_healthcare_expenditure_64_01_01"",""identity_fields"":{""display_program_name"":""後期高齢者医療会計関係職員の人件費"",""hierarchy"":[""職員費"",""職員費"",""職員費""],""department_display_name"":""政策経営部 財政課"",""amount_thousand_yen"":1000},""member_programs"":[{""program_id"":""2026_latter_stage_elderly_healthcare_expenditure_64_01_01_01_02_01"",""major_program_name"":""後期高齢者医療従事職員の人件費"",""budget_program_name"":""後期高齢者医療会計関係職員の人件費"",""detail_program_name"":""後期高齢者医療会計関係職員の人件費"",""source_file"":""ippansaisyutu.csv"",""source_row_number"":9263}],""same_budget_item_other_program_names"":[""会計年度任用職員の人件費（保健福祉政策部）"",""後期高齢者医療会計関係事務従事職員の人件費""],""related_revenues"":[{""revenue_detail_id"":""rd_2026_latter_stage_elderly_healthcare_revenue_63_01_01_01_01_3595400000"",""revenue_hierarchy"":[""繰入金"",""一般会計繰入金"",""一般会計繰入金"",""職員給与費等繰入金"",""職員給与費""],""amount_attribution_status"":""not_available""}]}","high","approve","B_strong_structural・確信度highの一括承認ルールにより承認"
"bpi_9fc1cf6461d19bf81cf682f74af1e3543e09be2bb74a11ab0b5b2a952e9ab762","保険料還付加算金","国民健康保険事業会計","諸支出金","償還金及還付加算金","保険料還付金及還付加算金","保健福祉政策部 保険料収納課","950","福祉・保健・社会保障を支える行政","supports","公式予算で国民健康保険、後期高齢者医療、介護保険の特別会計に属するため、社会保障に関する行政機能を支える予算事業として整理した。","B_strong_structural","{""matched_rule_id"":""social-insurance-accounts-official-hierarchy"",""budget_item_key"":""2026_national_health_insurance_expenditure_27_03_01"",""identity_fields"":{""display_program_name"":""保険料還付加算金"",""hierarchy"":[""諸支出金"",""償還金及還付加算金"",""保険料還付金及還付加算金""],""department_display_name"":""保健福祉政策部 保険料収納課"",""amount_thousand_yen"":950},""member_programs"":[{""program_id"":""2026_national_health_insurance_expenditure_27_03_01_01_02_01"",""major_program_name"":""保険料還付金及還付加算金"",""budget_program_name"":""保険料還付加算金"",""detail_program_name"":""保険料還付加算金"",""source_file"":""ippansaisyutu.csv"",""source_row_number"":9613}],""same_budget_item_other_program_names"":[""保険料延滞金還付金"",""保険料還付金""],""related_revenues"":[{""revenue_detail_id"":""rd_2026_national_health_insurance_revenue_27_01_01_01_47_3595500000"",""revenue_hierarchy"":[""繰入金"",""一般会計繰入金"",""一般会計繰入金"",""その他一般会計繰入金"",""保険料還付加算金""],""amount_attribution_status"":""not_available""}]}","high","approve","B_strong_structural・確信度highの一括承認ルールにより承認"
"bpi_865d124a78f424333c91d18be34c08d778b3880ed7079cb5af22fbab3bb1d4a5","精神保健福祉団体連携事業","一般会計","民生費","社会福祉費","障害者福祉費","障害福祉部 障害施策課","900","福祉・保健・社会保障を支える行政","supports","公式予算で民生費の社会福祉費または生活保護費に属するため、福祉・社会保障に関する行政機能を支える予算事業として整理した。これはみらい議会の探索用整理であり、区の公式な課題分類ではない。","B_strong_structural","{""matched_rule_id"":""social-welfare-official-hierarchy"",""budget_item_key"":""2026_general_expenditure_03_01_03"",""identity_fields"":{""display_program_name"":""精神保健福祉団体連携事業"",""hierarchy"":[""民生費"",""社会福祉費"",""障害者福祉費""],""department_display_name"":""障害福祉部 障害施策課"",""amount_thousand_yen"":900},""member_programs"":[{""program_id"":""2026_general_expenditure_03_01_03_04_24_01"",""major_program_name"":""その他の障害者福祉事業費"",""budget_program_name"":""精神保健福祉団体連携事業"",""detail_program_name"":""精神保健福祉団体連携事業"",""source_file"":""ippansaisyutu.csv"",""source_row_number"":9729}],""same_budget_item_other_program_names"":[""介護者リフレッシュ"",""基幹相談支援センター事業運営"",""技術支援（児童福祉施設）事業運営"",""更生訓練費助成"",""自立支援医療"",""重度脳性麻痺者介護人派遣"",""障害児入所給付費"",""障害者おむつ支給"",""障害者グループホーム事業等助成"",""障害者コミュニケーションサービス"",""障害者ホームヘルパー等派遣"",""障害者虐待防止推進事業"",""障害者緊急介護人派遣"",""障害者自動車利用支援"",""障害者自立支援給付"",""障害者寝具乾燥・訪問理美容サービス"",""障害者親亡きあと対策"",""障害者設備改善費給付"",""障害者専門相談事業運営"",""障害者相談支援"",""障害者団体活動支援"",""障害者団体支援"",""障害者日常生活用具等給付"",""障害者入浴サービス"",""障害者配食サービス"",""障害者福祉手当"",""障害理解促進"",""身体障害者及知的障害者相談員活動"",""精神障害者ピアサポート支援事業"",""地域生活支援拠点等整備事業"",""乳幼児育成相談事業運営"",""被爆者見舞金"",""補装具給付"",""民間空襲等被害者見舞金支給""],""related_revenues"":[]}","high","approve","B_strong_structural・確信度highの一括承認ルールにより承認"
"bpi_4b9f2d4270e61d9735547a31082ac39da5f9f0c8be7b10df64282fee210ae911","健康づくり支援（砧）","一般会計","衛生費","公衆衛生費","栄養指導費","砧総合支所 健康づくり課","870","福祉・保健・社会保障を支える行政","supports","公式予算で衛生費に属するため、保健・公衆衛生に関する行政機能を支える予算事業として整理した。","B_strong_structural","{""matched_rule_id"":""public-health-official-hierarchy"",""budget_item_key"":""2026_general_expenditure_05_03_04"",""identity_fields"":{""display_program_name"":""健康づくり支援（砧）"",""hierarchy"":[""衛生費"",""公衆衛生費"",""栄養指導費""],""department_display_name"":""砧総合支所 健康づくり課"",""amount_thousand_yen"":870},""member_programs"":[{""program_id"":""2026_general_expenditure_05_03_04_01_07_01"",""major_program_name"":""健康づくり事業費"",""budget_program_name"":""健康づくり支援（砧）"",""detail_program_name"":""健康づくり支援（砧）"",""source_file"":""ippansaisyutu.csv"",""source_row_number"":9207}],""same_budget_item_other_program_names"":[""健康づくり支援（烏山）"",""健康づくり支援（玉川）"",""健康づくり支援（世田谷）"",""健康づくり支援（北沢）"",""食を通じた健康づくり対策"",""食育の推進""],""related_revenues"":[{""revenue_detail_id"":""rd_2026_general_revenue_19_06_09_51_42_2465300000"",""revenue_hierarchy"":[""諸収入"",""雑入"",""雑入"",""雑入（２）"",""健康づくり支援（砧）""],""amount_attribution_status"":""not_available""}]}","high","approve","B_strong_structural・確信度highの一括承認ルールにより承認"
"bpi_36e70cd09f892355c8cda42a81fbc31ffd3b3e5e2ddae426560416da42fa7d58","健康づくり支援（北沢）","一般会計","衛生費","公衆衛生費","栄養指導費","北沢総合支所 健康づくり課","854","福祉・保健・社会保障を支える行政","supports","公式予算で衛生費に属するため、保健・公衆衛生に関する行政機能を支える予算事業として整理した。","B_strong_structural","{""matched_rule_id"":""public-health-official-hierarchy"",""budget_item_key"":""2026_general_expenditure_05_03_04"",""identity_fields"":{""display_program_name"":""健康づくり支援（北沢）"",""hierarchy"":[""衛生費"",""公衆衛生費"",""栄養指導費""],""department_display_name"":""北沢総合支所 健康づくり課"",""amount_thousand_yen"":854},""member_programs"":[{""program_id"":""2026_general_expenditure_05_03_04_01_05_01"",""major_program_name"":""健康づくり事業費"",""budget_program_name"":""健康づくり支援（北沢）"",""detail_program_name"":""健康づくり支援（北沢）"",""source_file"":""ippansaisyutu.csv"",""source_row_number"":9149}],""same_budget_item_other_program_names"":[""健康づくり支援（烏山）"",""健康づくり支援（砧）"",""健康づくり支援（玉川）"",""健康づくり支援（世田谷）"",""食を通じた健康づくり対策"",""食育の推進""],""related_revenues"":[{""revenue_detail_id"":""rd_2026_general_revenue_19_06_09_50_48_2265300000"",""revenue_hierarchy"":[""諸収入"",""雑入"",""雑入"",""雑入"",""健康づくり支援（北沢）""],""amount_attribution_status"":""not_available""}]}","high","approve","B_strong_structural・確信度highの一括承認ルールにより承認"
"bpi_503085965b495ba7c44790820b5ae9502e87c0261c05ac85c74c119eada163a7","社会福祉法人に対する障害者施設整備助成","一般会計","民生費","社会福祉費","社会福祉総務費","障害福祉部 障害地域生活課","744","福祉・保健・社会保障を支える行政","supports","公式予算で民生費の社会福祉費または生活保護費に属するため、福祉・社会保障に関する行政機能を支える予算事業として整理した。これはみらい議会の探索用整理であり、区の公式な課題分類ではない。","B_strong_structural","{""matched_rule_id"":""social-welfare-official-hierarchy"",""budget_item_key"":""2026_general_expenditure_03_01_01"",""identity_fields"":{""display_program_name"":""社会福祉法人に対する障害者施設整備助成"",""hierarchy"":[""民生費"",""社会福祉費"",""社会福祉総務費""],""department_display_name"":""障害福祉部 障害地域生活課"",""amount_thousand_yen"":744},""member_programs"":[{""program_id"":""2026_general_expenditure_03_01_01_03_23_01"",""major_program_name"":""その他の社会福祉事業費"",""budget_program_name"":""社会福祉法人に対する障害者施設整備助成"",""detail_program_name"":""社会福祉法人に対する障害者施設整備助成"",""source_file"":""ippansaisyutu.csv"",""source_row_number"":9737}],""same_budget_item_other_program_names"":[""ケアハウス整備促進等事業"",""ケアマネジメントの総合的推進"",""ひきこもり対策"",""ボランティア施設改修"",""ボランティア団体等援助"",""移動困難者の移送システム"",""医療的ケア児（者）支援の充実"",""医療的ケア児の笑顔を支える基金積立金"",""介護人材確保・定着支援事業"",""介護保険事業会計繰出金"",""旧軍人等の援護"",""後期高齢者医療会計繰出金"",""行旅病人及死亡人取扱"",""高齢福祉部運営事業"",""高齢福祉部庶務事務"",""国民健康保険事業会計繰出金"",""災害時ボランティア受入体制整備事業"",""社会福祉協議会運営助成"",""社会福祉事業団運営助成"",""社会福祉法人に対する高齢者施設整備助成"",""社会福祉法人の認可・指導検査"",""終活支援センター運営事業"",""住宅手当緊急特別措置事業"",""住民税非課税世帯等への価格高騰重点支援給付金支給"",""障害者グループホーム整備助成"",""障害者サービス広報事業"",""障害者差別解消推進"",""障害者施設整備促進等事業"",""障害者福祉施策の計画・調整"",""障害認定審査事務運営"",""障害福祉部庶務事務"",""心身障害者医療費助成"",""世田谷区地域福祉推進事業"",""世田谷保健福祉センター分室維持管理"",""成年後見制度"",""生活安定支援事業"",""生活困窮者自立促進支援事業"",""生活保健事務（烏山）"",""生活保健事務（砧）"",""生活保健事務（玉川）"",""生活保健事務（世田谷）"",""生活保健事務（北沢）"",""専門的人材の確保・養成事業"",""相談員業務（烏山）"",""相談員業務（砧）"",""相談員業務（玉川）"",""相談員業務（世田谷）"",""相談員業務（北沢）"",""地域福祉活動等促進事業"",""地域福祉資源開発事業"",""地域保健福祉審議会の運営"",""地域保健福祉等推進基金積立金"",""地域密着型サービス拠点等整備助成"",""地区高齢者見守りネットワーク事業"",""特定中国残留邦人等支援事業"",""特別区区民葬儀助成事業"",""特別養護老人ホーム等運営支援"",""避難行動要支援者支援の推進"",""福祉資金貸付"",""福祉人材育成・研修センター運営事業"",""保健医療福祉総合プラザ維持運営"",""保健福祉サービス苦情審査会運営"",""保健福祉サービス質の向上の推進"",""保健福祉運営事務（烏山）"",""保健福祉運営事務（砧）"",""保健福祉運営事務（玉川）"",""保健福祉運営事務（世田谷）"",""保健福祉運営事務（北沢）"",""保健福祉政策部運営事業"",""保健福祉政策部庶務事務"",""民生委員等活動"",""路上生活対策事業"",""老人保健施設整備助成""],""related_revenues"":[]}","high","approve","B_strong_structural・確信度highの一括承認ルールにより承認"
"bpi_38c1fd5ed124a68e282a3281a340b561cca28e39fab8d60d1beb51eb06ecd858","ケアマネジメントの総合的推進","一般会計","民生費","社会福祉費","社会福祉総務費","保健福祉政策部 保福推進課","717","福祉・保健・社会保障を支える行政","supports","公式予算で民生費の社会福祉費または生活保護費に属するため、福祉・社会保障に関する行政機能を支える予算事業として整理した。これはみらい議会の探索用整理であり、区の公式な課題分類ではない。","B_strong_structural","{""matched_rule_id"":""social-welfare-official-hierarchy"",""budget_item_key"":""2026_general_expenditure_03_01_01"",""identity_fields"":{""display_program_name"":""ケアマネジメントの総合的推進"",""hierarchy"":[""民生費"",""社会福祉費"",""社会福祉総務費""],""department_display_name"":""保健福祉政策部 保福推進課"",""amount_thousand_yen"":717},""member_programs"":[{""program_id"":""2026_general_expenditure_03_01_01_03_09_01"",""major_program_name"":""その他の社会福祉事業費"",""budget_program_name"":""ケアマネジメントの総合的推進"",""detail_program_name"":""ケアマネジメントの総合的推進"",""source_file"":""ippansaisyutu.csv"",""source_row_number"":9539}],""same_budget_item_other_program_names"":[""ケアハウス整備促進等事業"",""ひきこもり対策"",""ボランティア施設改修"",""ボランティア団体等援助"",""移動困難者の移送システム"",""医療的ケア児（者）支援の充実"",""医療的ケア児の笑顔を支える基金積立金"",""介護人材確保・定着支援事業"",""介護保険事業会計繰出金"",""旧軍人等の援護"",""後期高齢者医療会計繰出金"",""行旅病人及死亡人取扱"",""高齢福祉部運営事業"",""高齢福祉部庶務事務"",""国民健康保険事業会計繰出金"",""災害時ボランティア受入体制整備事業"",""社会福祉協議会運営助成"",""社会福祉事業団運営助成"",""社会福祉法人に対する高齢者施設整備助成"",""社会福祉法人に対する障害者施設整備助成"",""社会福祉法人の認可・指導検査"",""終活支援センター運営事業"",""住宅手当緊急特別措置事業"",""住民税非課税世帯等への価格高騰重点支援給付金支給"",""障害者グループホーム整備助成"",""障害者サービス広報事業"",""障害者差別解消推進"",""障害者施設整備促進等事業"",""障害者福祉施策の計画・調整"",""障害認定審査事務運営"",""障害福祉部庶務事務"",""心身障害者医療費助成"",""世田谷区地域福祉推進事業"",""世田谷保健福祉センター分室維持管理"",""成年後見制度"",""生活安定支援事業"",""生活困窮者自立促進支援事業"",""生活保健事務（烏山）"",""生活保健事務（砧）"",""生活保健事務（玉川）"",""生活保健事務（世田谷）"",""生活保健事務（北沢）"",""専門的人材の確保・養成事業"",""相談員業務（烏山）"",""相談員業務（砧）"",""相談員業務（玉川）"",""相談員業務（世田谷）"",""相談員業務（北沢）"",""地域福祉活動等促進事業"",""地域福祉資源開発事業"",""地域保健福祉審議会の運営"",""地域保健福祉等推進基金積立金"",""地域密着型サービス拠点等整備助成"",""地区高齢者見守りネットワーク事業"",""特定中国残留邦人等支援事業"",""特別区区民葬儀助成事業"",""特別養護老人ホーム等運営支援"",""避難行動要支援者支援の推進"",""福祉資金貸付"",""福祉人材育成・研修センター運営事業"",""保健医療福祉総合プラザ維持運営"",""保健福祉サービス苦情審査会運営"",""保健福祉サービス質の向上の推進"",""保健福祉運営事務（烏山）"",""保健福祉運営事務（砧）"",""保健福祉運営事務（玉川）"",""保健福祉運営事務（世田谷）"",""保健福祉運営事務（北沢）"",""保健福祉政策部運営事業"",""保健福祉政策部庶務事務"",""民生委員等活動"",""路上生活対策事業"",""老人保健施設整備助成""],""related_revenues"":[]}","high","approve","B_strong_structural・確信度highの一括承認ルールにより承認"
"bpi_684f3cf1d245f1040bf646585bb89b11da55cff0602e73f01637cb93a2e192da","健康づくり支援（玉川）","一般会計","衛生費","公衆衛生費","栄養指導費","玉川総合支所 健康づくり課","716","福祉・保健・社会保障を支える行政","supports","公式予算で衛生費に属するため、保健・公衆衛生に関する行政機能を支える予算事業として整理した。","B_strong_structural","{""matched_rule_id"":""public-health-official-hierarchy"",""budget_item_key"":""2026_general_expenditure_05_03_04"",""identity_fields"":{""display_program_name"":""健康づくり支援（玉川）"",""hierarchy"":[""衛生費"",""公衆衛生費"",""栄養指導費""],""department_display_name"":""玉川総合支所 健康づくり課"",""amount_thousand_yen"":716},""member_programs"":[{""program_id"":""2026_general_expenditure_05_03_04_01_06_01"",""major_program_name"":""健康づくり事業費"",""budget_program_name"":""健康づくり支援（玉川）"",""detail_program_name"":""健康づくり支援（玉川）"",""source_file"":""ippansaisyutu.csv"",""source_row_number"":9177}],""same_budget_item_other_program_names"":[""健康づくり支援（烏山）"",""健康づくり支援（砧）"",""健康づくり支援（世田谷）"",""健康づくり支援（北沢）"",""食を通じた健康づくり対策"",""食育の推進""],""related_revenues"":[]}","high","approve","B_strong_structural・確信度highの一括承認ルールにより承認"
"bpi_7ecd3ecea62f8d9637dd34d4291207caed8353bbf92623c3ca6a7e4ba4d5fe81","保険料延滞金還付金","国民健康保険事業会計","諸支出金","償還金及還付加算金","保険料還付金及還付加算金","保健福祉政策部 保険料収納課","700","福祉・保健・社会保障を支える行政","supports","公式予算で国民健康保険、後期高齢者医療、介護保険の特別会計に属するため、社会保障に関する行政機能を支える予算事業として整理した。","B_strong_structural","{""matched_rule_id"":""social-insurance-accounts-official-hierarchy"",""budget_item_key"":""2026_national_health_insurance_expenditure_27_03_01"",""identity_fields"":{""display_program_name"":""保険料延滞金還付金"",""hierarchy"":[""諸支出金"",""償還金及還付加算金"",""保険料還付金及還付加算金""],""department_display_name"":""保健福祉政策部 保険料収納課"",""amount_thousand_yen"":700},""member_programs"":[{""program_id"":""2026_national_health_insurance_expenditure_27_03_01_01_03_01"",""major_program_name"":""保険料還付金及還付加算金"",""budget_program_name"":""保険料延滞金還付金"",""detail_program_name"":""保険料延滞金還付金"",""source_file"":""ippansaisyutu.csv"",""source_row_number"":9614}],""same_budget_item_other_program_names"":[""保険料還付加算金"",""保険料還付金""],""related_revenues"":[{""revenue_detail_id"":""rd_2026_national_health_insurance_revenue_21_01_01_01_17_3595500000"",""revenue_hierarchy"":[""国民健康保険料"",""国民健康保険料"",""国民健康保険料"",""医療給付費分現年分"",""保険料延滞金還付金""],""amount_attribution_status"":""not_available""}]}","high","approve","B_strong_structural・確信度highの一括承認ルールにより承認"
"bpi_b30f7bec8be39f2ae1cd5e988c4113b8cea3fa10b60318fdaf84b95011759280","健康づくり支援（烏山）","一般会計","衛生費","公衆衛生費","栄養指導費","烏山総合支所 健康づくり課","677","福祉・保健・社会保障を支える行政","supports","公式予算で衛生費に属するため、保健・公衆衛生に関する行政機能を支える予算事業として整理した。","B_strong_structural","{""matched_rule_id"":""public-health-official-hierarchy"",""budget_item_key"":""2026_general_expenditure_05_03_04"",""identity_fields"":{""display_program_name"":""健康づくり支援（烏山）"",""hierarchy"":[""衛生費"",""公衆衛生費"",""栄養指導費""],""department_display_name"":""烏山総合支所 健康づくり課"",""amount_thousand_yen"":677},""member_programs"":[{""program_id"":""2026_general_expenditure_05_03_04_01_08_01"",""major_program_name"":""健康づくり事業費"",""budget_program_name"":""健康づくり支援（烏山）"",""detail_program_name"":""健康づくり支援（烏山）"",""source_file"":""ippansaisyutu.csv"",""source_row_number"":9239}],""same_budget_item_other_program_names"":[""健康づくり支援（砧）"",""健康づくり支援（玉川）"",""健康づくり支援（世田谷）"",""健康づくり支援（北沢）"",""食を通じた健康づくり対策"",""食育の推進""],""related_revenues"":[]}","high","approve","B_strong_structural・確信度highの一括承認ルールにより承認"
"bpi_0f4ba773de0e2706d0e28fb831c60e3510f394794493940d223aa9582081dc8a","民間空襲等被害者見舞金支給","一般会計","民生費","社会福祉費","障害者福祉費","障害福祉部 障害施策課","661","福祉・保健・社会保障を支える行政","supports","公式予算で民生費の社会福祉費または生活保護費に属するため、福祉・社会保障に関する行政機能を支える予算事業として整理した。これはみらい議会の探索用整理であり、区の公式な課題分類ではない。","B_strong_structural","{""matched_rule_id"":""social-welfare-official-hierarchy"",""budget_item_key"":""2026_general_expenditure_03_01_03"",""identity_fields"":{""display_program_name"":""民間空襲等被害者見舞金支給"",""hierarchy"":[""民生費"",""社会福祉費"",""障害者福祉費""],""department_display_name"":""障害福祉部 障害施策課"",""amount_thousand_yen"":661},""member_programs"":[{""program_id"":""2026_general_expenditure_03_01_03_04_26_01"",""major_program_name"":""その他の障害者福祉事業費"",""budget_program_name"":""民間空襲等被害者見舞金支給"",""detail_program_name"":""民間空襲等被害者見舞金支給"",""source_file"":""ippansaisyutu.csv"",""source_row_number"":9730}],""same_budget_item_other_program_names"":[""介護者リフレッシュ"",""基幹相談支援センター事業運営"",""技術支援（児童福祉施設）事業運営"",""更生訓練費助成"",""自立支援医療"",""重度脳性麻痺者介護人派遣"",""障害児入所給付費"",""障害者おむつ支給"",""障害者グループホーム事業等助成"",""障害者コミュニケーションサービス"",""障害者ホームヘルパー等派遣"",""障害者虐待防止推進事業"",""障害者緊急介護人派遣"",""障害者自動車利用支援"",""障害者自立支援給付"",""障害者寝具乾燥・訪問理美容サービス"",""障害者親亡きあと対策"",""障害者設備改善費給付"",""障害者専門相談事業運営"",""障害者相談支援"",""障害者団体活動支援"",""障害者団体支援"",""障害者日常生活用具等給付"",""障害者入浴サービス"",""障害者配食サービス"",""障害者福祉手当"",""障害理解促進"",""身体障害者及知的障害者相談員活動"",""精神障害者ピアサポート支援事業"",""精神保健福祉団体連携事業"",""地域生活支援拠点等整備事業"",""乳幼児育成相談事業運営"",""被爆者見舞金"",""補装具給付""],""related_revenues"":[]}","high","approve","B_strong_structural・確信度highの一括承認ルールにより承認"
"bpi_fa79a1125e7e966cda77a4bac676eb58db3d247d693055ce038c4be0fd0a58f2","保健福祉サービス苦情審査会運営","一般会計","民生費","社会福祉費","社会福祉総務費","保健福祉政策部 保健福祉政策課","541","福祉・保健・社会保障を支える行政","supports","公式予算で民生費の社会福祉費または生活保護費に属するため、福祉・社会保障に関する行政機能を支える予算事業として整理した。これはみらい議会の探索用整理であり、区の公式な課題分類ではない。","B_strong_structural","{""matched_rule_id"":""social-welfare-official-hierarchy"",""budget_item_key"":""2026_general_expenditure_03_01_01"",""identity_fields"":{""display_program_name"":""保健福祉サービス苦情審査会運営"",""hierarchy"":[""民生費"",""社会福祉費"",""社会福祉総務費""],""department_display_name"":""保健福祉政策部 保健福祉政策課"",""amount_thousand_yen"":541},""member_programs"":[{""program_id"":""2026_general_expenditure_03_01_01_03_02_01"",""major_program_name"":""その他の社会福祉事業費"",""budget_program_name"":""保健福祉サービス苦情審査会運営"",""detail_program_name"":""保健福祉サービス苦情審査会運営"",""source_file"":""ippansaisyutu.csv"",""source_row_number"":9527}],""same_budget_item_other_program_names"":[""ケアハウス整備促進等事業"",""ケアマネジメントの総合的推進"",""ひきこもり対策"",""ボランティア施設改修"",""ボランティア団体等援助"",""移動困難者の移送システム"",""医療的ケア児（者）支援の充実"",""医療的ケア児の笑顔を支える基金積立金"",""介護人材確保・定着支援事業"",""介護保険事業会計繰出金"",""旧軍人等の援護"",""後期高齢者医療会計繰出金"",""行旅病人及死亡人取扱"",""高齢福祉部運営事業"",""高齢福祉部庶務事務"",""国民健康保険事業会計繰出金"",""災害時ボランティア受入体制整備事業"",""社会福祉協議会運営助成"",""社会福祉事業団運営助成"",""社会福祉法人に対する高齢者施設整備助成"",""社会福祉法人に対する障害者施設整備助成"",""社会福祉法人の認可・指導検査"",""終活支援センター運営事業"",""住宅手当緊急特別措置事業"",""住民税非課税世帯等への価格高騰重点支援給付金支給"",""障害者グループホーム整備助成"",""障害者サービス広報事業"",""障害者差別解消推進"",""障害者施設整備促進等事業"",""障害者福祉施策の計画・調整"",""障害認定審査事務運営"",""障害福祉部庶務事務"",""心身障害者医療費助成"",""世田谷区地域福祉推進事業"",""世田谷保健福祉センター分室維持管理"",""成年後見制度"",""生活安定支援事業"",""生活困窮者自立促進支援事業"",""生活保健事務（烏山）"",""生活保健事務（砧）"",""生活保健事務（玉川）"",""生活保健事務（世田谷）"",""生活保健事務（北沢）"",""専門的人材の確保・養成事業"",""相談員業務（烏山）"",""相談員業務（砧）"",""相談員業務（玉川）"",""相談員業務（世田谷）"",""相談員業務（北沢）"",""地域福祉活動等促進事業"",""地域福祉資源開発事業"",""地域保健福祉審議会の運営"",""地域保健福祉等推進基金積立金"",""地域密着型サービス拠点等整備助成"",""地区高齢者見守りネットワーク事業"",""特定中国残留邦人等支援事業"",""特別区区民葬儀助成事業"",""特別養護老人ホーム等運営支援"",""避難行動要支援者支援の推進"",""福祉資金貸付"",""福祉人材育成・研修センター運営事業"",""保健医療福祉総合プラザ維持運営"",""保健福祉サービス質の向上の推進"",""保健福祉運営事務（烏山）"",""保健福祉運営事務（砧）"",""保健福祉運営事務（玉川）"",""保健福祉運営事務（世田谷）"",""保健福祉運営事務（北沢）"",""保健福祉政策部運営事業"",""保健福祉政策部庶務事務"",""民生委員等活動"",""路上生活対策事業"",""老人保健施設整備助成""],""related_revenues"":[{""revenue_detail_id"":""rd_2026_general_revenue_14_02_02_60_10_3595110000"",""revenue_hierarchy"":[""都支出金"",""都補助金"",""民生費補助金"",""地域福祉推進区市町村包括補助事業"",""保健福祉サービス苦情審査会""],""amount_attribution_status"":""not_available""}]}","high","approve","B_strong_structural・確信度highの一括承認ルールにより承認"
"bpi_78e42ed87c0aad0c4ff2f3779f7587d95bbb9cdc6937b872c780665df0ec610e","国民健康保険運営協議会運営","国民健康保険事業会計","総務費","総務管理費","運営協議会費","保健福祉政策部 国保・年金課","524","福祉・保健・社会保障を支える行政","supports","公式予算で国民健康保険、後期高齢者医療、介護保険の特別会計に属するため、社会保障に関する行政機能を支える予算事業として整理した。","B_strong_structural","{""matched_rule_id"":""social-insurance-accounts-official-hierarchy"",""budget_item_key"":""2026_national_health_insurance_expenditure_21_01_02"",""identity_fields"":{""display_program_name"":""国民健康保険運営協議会運営"",""hierarchy"":[""総務費"",""総務管理費"",""運営協議会費""],""department_display_name"":""保健福祉政策部 国保・年金課"",""amount_thousand_yen"":524},""member_programs"":[{""program_id"":""2026_national_health_insurance_expenditure_21_01_02_01_01_03"",""major_program_name"":""国民健康保険運営協議会費"",""budget_program_name"":""国民健康保険運営協議会運営"",""detail_program_name"":""国民健康保険運営協議会運営"",""source_file"":""ippansaisyutu.csv"",""source_row_number"":9576}],""same_budget_item_other_program_names"":[],""related_revenues"":[{""revenue_detail_id"":""rd_2026_national_health_insurance_revenue_27_01_01_04_05_3595400000"",""revenue_hierarchy"":[""繰入金"",""一般会計繰入金"",""一般会計繰入金"",""職員給与費等繰入金"",""運営協議会""],""amount_attribution_status"":""not_available""}]}","high","approve","B_strong_structural・確信度highの一括承認ルールにより承認"
"bpi_d602d19ef11c89718a752fabd39249179b4aacaa12b194d0ff827e0f79411482","生活習慣病予防対策","一般会計","衛生費","公衆衛生費","成人病予防費","世田谷保健所 健康企画課","512","福祉・保健・社会保障を支える行政","supports","公式予算で衛生費に属するため、保健・公衆衛生に関する行政機能を支える予算事業として整理した。","B_strong_structural","{""matched_rule_id"":""public-health-official-hierarchy"",""budget_item_key"":""2026_general_expenditure_05_03_03"",""identity_fields"":{""display_program_name"":""生活習慣病予防対策"",""hierarchy"":[""衛生費"",""公衆衛生費"",""成人病予防費""],""department_display_name"":""世田谷保健所 健康企画課"",""amount_thousand_yen"":512},""member_programs"":[{""program_id"":""2026_general_expenditure_05_03_03_01_05_01"",""major_program_name"":""成人病予防事業費"",""budget_program_name"":""生活習慣病予防対策"",""detail_program_name"":""生活習慣病予防対策"",""source_file"":""ippansaisyutu.csv"",""source_row_number"":9884}],""same_budget_item_other_program_names"":[""がん検診"",""がん対策"",""肝炎ウイルス検診"",""骨粗しょう症検診"",""歯科保健対策"",""成人健康診査""],""related_revenues"":[{""revenue_detail_id"":""rd_2026_general_revenue_14_02_02_40_18_3785100000"",""revenue_hierarchy"":[""都支出金"",""都補助金"",""民生費補助金"",""保健医療政策区市町村包括補助事業費"",""糖尿病予防対策事業""],""amount_attribution_status"":""not_available""}]}","high","approve","B_strong_structural・確信度highの一括承認ルールにより承認"
"bpi_c6c365aff00db0787651c0494b98a06a84193a8fa05b63601bd68465a63f72f6","心身障害者医療費助成","一般会計","民生費","社会福祉費","社会福祉総務費","障害福祉部 障害施策課","494","福祉・保健・社会保障を支える行政","supports","公式予算で民生費の社会福祉費または生活保護費に属するため、福祉・社会保障に関する行政機能を支える予算事業として整理した。これはみらい議会の探索用整理であり、区の公式な課題分類ではない。","B_strong_structural","{""matched_rule_id"":""social-welfare-official-hierarchy"",""budget_item_key"":""2026_general_expenditure_03_01_01"",""identity_fields"":{""display_program_name"":""心身障害者医療費助成"",""hierarchy"":[""民生費"",""社会福祉費"",""社会福祉総務費""],""department_display_name"":""障害福祉部 障害施策課"",""amount_thousand_yen"":494},""member_programs"":[{""program_id"":""2026_general_expenditure_03_01_01_03_22_01"",""major_program_name"":""その他の社会福祉事業費"",""budget_program_name"":""心身障害者医療費助成"",""detail_program_name"":""心身障害者医療費助成"",""source_file"":""ippansaisyutu.csv"",""source_row_number"":9700}],""same_budget_item_other_program_names"":[""ケアハウス整備促進等事業"",""ケアマネジメントの総合的推進"",""ひきこもり対策"",""ボランティア施設改修"",""ボランティア団体等援助"",""移動困難者の移送システム"",""医療的ケア児（者）支援の充実"",""医療的ケア児の笑顔を支える基金積立金"",""介護人材確保・定着支援事業"",""介護保険事業会計繰出金"",""旧軍人等の援護"",""後期高齢者医療会計繰出金"",""行旅病人及死亡人取扱"",""高齢福祉部運営事業"",""高齢福祉部庶務事務"",""国民健康保険事業会計繰出金"",""災害時ボランティア受入体制整備事業"",""社会福祉協議会運営助成"",""社会福祉事業団運営助成"",""社会福祉法人に対する高齢者施設整備助成"",""社会福祉法人に対する障害者施設整備助成"",""社会福祉法人の認可・指導検査"",""終活支援センター運営事業"",""住宅手当緊急特別措置事業"",""住民税非課税世帯等への価格高騰重点支援給付金支給"",""障害者グループホーム整備助成"",""障害者サービス広報事業"",""障害者差別解消推進"",""障害者施設整備促進等事業"",""障害者福祉施策の計画・調整"",""障害認定審査事務運営"",""障害福祉部庶務事務"",""世田谷区地域福祉推進事業"",""世田谷保健福祉センター分室維持管理"",""成年後見制度"",""生活安定支援事業"",""生活困窮者自立促進支援事業"",""生活保健事務（烏山）"",""生活保健事務（砧）"",""生活保健事務（玉川）"",""生活保健事務（世田谷）"",""生活保健事務（北沢）"",""専門的人材の確保・養成事業"",""相談員業務（烏山）"",""相談員業務（砧）"",""相談員業務（玉川）"",""相談員業務（世田谷）"",""相談員業務（北沢）"",""地域福祉活動等促進事業"",""地域福祉資源開発事業"",""地域保健福祉審議会の運営"",""地域保健福祉等推進基金積立金"",""地域密着型サービス拠点等整備助成"",""地区高齢者見守りネットワーク事業"",""特定中国残留邦人等支援事業"",""特別区区民葬儀助成事業"",""特別養護老人ホーム等運営支援"",""避難行動要支援者支援の推進"",""福祉資金貸付"",""福祉人材育成・研修センター運営事業"",""保健医療福祉総合プラザ維持運営"",""保健福祉サービス苦情審査会運営"",""保健福祉サービス質の向上の推進"",""保健福祉運営事務（烏山）"",""保健福祉運営事務（砧）"",""保健福祉運営事務（玉川）"",""保健福祉運営事務（世田谷）"",""保健福祉運営事務（北沢）"",""保健福祉政策部運営事業"",""保健福祉政策部庶務事務"",""民生委員等活動"",""路上生活対策事業"",""老人保健施設整備助成""],""related_revenues"":[]}","high","approve","B_strong_structural・確信度highの一括承認ルールにより承認"
"bpi_5663a271d92c93df1b4f527978953aabd60e86992e045144b8625497496ec5d7","特定入所者介護予防サービス費","介護保険事業会計","保険給付費","特定入所者介護サービス等費","特定入所者介護予防サービス費","高齢福祉部 介護保険課","403","福祉・保健・社会保障を支える行政","supports","公式予算で国民健康保険、後期高齢者医療、介護保険の特別会計に属するため、社会保障に関する行政機能を支える予算事業として整理した。","B_strong_structural","{""matched_rule_id"":""social-insurance-accounts-official-hierarchy"",""budget_item_key"":""2026_long_term_care_insurance_expenditure_42_07_03"",""identity_fields"":{""display_program_name"":""特定入所者介護予防サービス費"",""hierarchy"":[""保険給付費"",""特定入所者介護サービス等費"",""特定入所者介護予防サービス費""],""department_display_name"":""高齢福祉部 介護保険課"",""amount_thousand_yen"":403},""member_programs"":[{""program_id"":""2026_long_term_care_insurance_expenditure_42_07_03_01_01_01"",""major_program_name"":""特定入所者介護予防サービス費"",""budget_program_name"":""特定入所者介護予防サービス費"",""detail_program_name"":""特定入所者介護予防サービス費"",""source_file"":""ippansaisyutu.csv"",""source_row_number"":9671}],""same_budget_item_other_program_names"":[],""related_revenues"":[{""revenue_detail_id"":""rd_2026_long_term_care_insurance_revenue_41_01_01_01_19_3645200000"",""revenue_hierarchy"":[""保険料"",""介護保険料"",""第１号被保険者保険料"",""現年度分特別徴収分"",""特定入所者介護予防サービス費""],""amount_attribution_status"":""not_available""},{""revenue_detail_id"":""rd_2026_long_term_care_insurance_revenue_43_01_01_01_16_3645200000"",""revenue_hierarchy"":[""国庫支出金"",""国庫負担金"",""介護給付費負担金"",""現年度分"",""特定入所者介護予防サービス費""],""amount_attribution_status"":""not_available""},{""revenue_detail_id"":""rd_2026_long_term_care_insurance_revenue_43_02_01_01_16_3645200000"",""revenue_hierarchy"":[""国庫支出金"",""国庫補助金"",""調整交付金"",""現年度分"",""特定入所者介護予防サービス費""],""amount_attribution_status"":""not_available""},{""revenue_detail_id"":""rd_2026_long_term_care_insurance_revenue_44_01_01_01_16_3645200000"",""revenue_hierarchy"":[""支払基金交付金"",""支払基金交付金"",""介護給付費交付金"",""現年度分"",""特定入所者介護予防サービス費""],""amount_attribution_status"":""not_available""},{""revenue_detail_id"":""rd_2026_long_term_care_insurance_revenue_45_01_01_01_16_3645200000"",""revenue_hierarchy"":[""都支出金"",""都負担金"",""介護給付費負担金"",""現年度分"",""特定入所者介護予防サービス費""],""amount_attribution_status"":""not_available""},{""revenue_detail_id"":""rd_2026_long_term_care_insurance_revenue_48_01_01_01_17_3645200000"",""revenue_hierarchy"":[""繰入金"",""一般会計繰入金"",""介護給付費繰入金"",""現年度分"",""特定入所者介護予防サービス費""],""amount_attribution_status"":""not_available""}]}","high","approve","B_strong_structural・確信度highの一括承認ルールにより承認"
"bpi_79fcb35fb030238c1d965386a7639279a6ecd9e4d7276dd313c6215bdfba2563","食の安全・安心の推進","一般会計","衛生費","環境衛生費","環境衛生費","世田谷保健所 生活保健課","376","福祉・保健・社会保障を支える行政","supports","公式予算で衛生費に属するため、保健・公衆衛生に関する行政機能を支える予算事業として整理した。","B_strong_structural","{""matched_rule_id"":""public-health-official-hierarchy"",""budget_item_key"":""2026_general_expenditure_05_04_01"",""identity_fields"":{""display_program_name"":""食の安全・安心の推進"",""hierarchy"":[""衛生費"",""環境衛生費"",""環境衛生費""],""department_display_name"":""世田谷保健所 生活保健課"",""amount_thousand_yen"":376},""member_programs"":[{""program_id"":""2026_general_expenditure_05_04_01_01_11_01"",""major_program_name"":""環境衛生事業費"",""budget_program_name"":""食の安全・安心の推進"",""detail_program_name"":""食の安全・安心の推進"",""source_file"":""ippansaisyutu.csv"",""source_row_number"":9933}],""same_budget_item_other_program_names"":[""医事薬事監視普及"",""化学検査事業運営"",""環境衛生監視普及"",""狂犬病予防法事務"",""検査センター事務"",""細菌検査事業運営"",""住宅宿泊事業監視普及"",""食品衛生監視普及"",""人と動物との共生推進事業"",""鼠・害虫相談・水害消毒"",""臨床検査事業運営""],""related_revenues"":[]}","high","approve","B_strong_structural・確信度highの一括承認ルールにより承認"
"bpi_6121b619378d83393f8a2cf9969a5e96c6379f5ffb892ecdc07ee93ca6dc5150","旧軍人等の援護","一般会計","民生費","社会福祉費","社会福祉総務費","保健福祉政策部 生活福祉課","349","福祉・保健・社会保障を支える行政","supports","公式予算で民生費の社会福祉費または生活保護費に属するため、福祉・社会保障に関する行政機能を支える予算事業として整理した。これはみらい議会の探索用整理であり、区の公式な課題分類ではない。","B_strong_structural","{""matched_rule_id"":""social-welfare-official-hierarchy"",""budget_item_key"":""2026_general_expenditure_03_01_01"",""identity_fields"":{""display_program_name"":""旧軍人等の援護"",""hierarchy"":[""民生費"",""社会福祉費"",""社会福祉総務費""],""department_display_name"":""保健福祉政策部 生活福祉課"",""amount_thousand_yen"":349},""member_programs"":[{""program_id"":""2026_general_expenditure_03_01_01_01_02_01"",""major_program_name"":""社会福祉関係の法律に基づく事業費"",""budget_program_name"":""旧軍人等の援護"",""detail_program_name"":""旧軍人等の援護"",""source_file"":""ippansaisyutu.csv"",""source_row_number"":9550}],""same_budget_item_other_program_names"":[""ケアハウス整備促進等事業"",""ケアマネジメントの総合的推進"",""ひきこもり対策"",""ボランティア施設改修"",""ボランティア団体等援助"",""移動困難者の移送システム"",""医療的ケア児（者）支援の充実"",""医療的ケア児の笑顔を支える基金積立金"",""介護人材確保・定着支援事業"",""介護保険事業会計繰出金"",""後期高齢者医療会計繰出金"",""行旅病人及死亡人取扱"",""高齢福祉部運営事業"",""高齢福祉部庶務事務"",""国民健康保険事業会計繰出金"",""災害時ボランティア受入体制整備事業"",""社会福祉協議会運営助成"",""社会福祉事業団運営助成"",""社会福祉法人に対する高齢者施設整備助成"",""社会福祉法人に対する障害者施設整備助成"",""社会福祉法人の認可・指導検査"",""終活支援センター運営事業"",""住宅手当緊急特別措置事業"",""住民税非課税世帯等への価格高騰重点支援給付金支給"",""障害者グループホーム整備助成"",""障害者サービス広報事業"",""障害者差別解消推進"",""障害者施設整備促進等事業"",""障害者福祉施策の計画・調整"",""障害認定審査事務運営"",""障害福祉部庶務事務"",""心身障害者医療費助成"",""世田谷区地域福祉推進事業"",""世田谷保健福祉センター分室維持管理"",""成年後見制度"",""生活安定支援事業"",""生活困窮者自立促進支援事業"",""生活保健事務（烏山）"",""生活保健事務（砧）"",""生活保健事務（玉川）"",""生活保健事務（世田谷）"",""生活保健事務（北沢）"",""専門的人材の確保・養成事業"",""相談員業務（烏山）"",""相談員業務（砧）"",""相談員業務（玉川）"",""相談員業務（世田谷）"",""相談員業務（北沢）"",""地域福祉活動等促進事業"",""地域福祉資源開発事業"",""地域保健福祉審議会の運営"",""地域保健福祉等推進基金積立金"",""地域密着型サービス拠点等整備助成"",""地区高齢者見守りネットワーク事業"",""特定中国残留邦人等支援事業"",""特別区区民葬儀助成事業"",""特別養護老人ホーム等運営支援"",""避難行動要支援者支援の推進"",""福祉資金貸付"",""福祉人材育成・研修センター運営事業"",""保健医療福祉総合プラザ維持運営"",""保健福祉サービス苦情審査会運営"",""保健福祉サービス質の向上の推進"",""保健福祉運営事務（烏山）"",""保健福祉運営事務（砧）"",""保健福祉運営事務（玉川）"",""保健福祉運営事務（世田谷）"",""保健福祉運営事務（北沢）"",""保健福祉政策部運営事業"",""保健福祉政策部庶務事務"",""民生委員等活動"",""路上生活対策事業"",""老人保健施設整備助成""],""related_revenues"":[{""revenue_detail_id"":""rd_2026_general_revenue_14_02_02_05_01_3595200000"",""revenue_hierarchy"":[""都支出金"",""都補助金"",""民生費補助金"",""旧軍人援護費"",""旧軍人援護""],""amount_attribution_status"":""not_available""}]}","high","approve","B_strong_structural・確信度highの一括承認ルールにより承認"
"bpi_955dcd860bd7507f38e4954fc43b6c0dbff63cc2473ec50737f2f0548e84cd94","移送費","国民健康保険事業会計","保険給付費","移送費","移送費","保健福祉政策部 国保・年金課","300","福祉・保健・社会保障を支える行政","supports","公式予算で国民健康保険、後期高齢者医療、介護保険の特別会計に属するため、社会保障に関する行政機能を支える予算事業として整理した。","B_strong_structural","{""matched_rule_id"":""social-insurance-accounts-official-hierarchy"",""budget_item_key"":""2026_national_health_insurance_expenditure_22_06_01"",""identity_fields"":{""display_program_name"":""移送費"",""hierarchy"":[""保険給付費"",""移送費"",""移送費""],""department_display_name"":""保健福祉政策部 国保・年金課"",""amount_thousand_yen"":300},""member_programs"":[{""program_id"":""2026_national_health_insurance_expenditure_22_06_01_01_01_17"",""major_program_name"":""移送費"",""budget_program_name"":""移送費"",""detail_program_name"":""移送費"",""source_file"":""ippansaisyutu.csv"",""source_row_number"":9587}],""same_budget_item_other_program_names"":[],""related_revenues"":[{""revenue_detail_id"":""rd_2026_national_health_insurance_revenue_26_02_03_01_10_3595400000"",""revenue_hierarchy"":[""都支出金"",""都補助金"",""保険給付費等交付金"",""普通交付金"",""移送費""],""amount_attribution_status"":""not_available""}]}","high","approve","B_strong_structural・確信度highの一括承認ルールにより承認"
"bpi_97a901c1a116b6904f3bf17a9a56a68d23e9b37723029751afed2ab5aed9d160","広域連合保険料還付加算金","後期高齢者医療会計","諸支出金","償還金及還付加算金","保険料還付金及還付加算金","保健福祉政策部 国保・年金課","300","福祉・保健・社会保障を支える行政","supports","公式予算で国民健康保険、後期高齢者医療、介護保険の特別会計に属するため、社会保障に関する行政機能を支える予算事業として整理した。","B_strong_structural","{""matched_rule_id"":""social-insurance-accounts-official-hierarchy"",""budget_item_key"":""2026_latter_stage_elderly_healthcare_expenditure_65_01_03"",""identity_fields"":{""display_program_name"":""広域連合保険料還付加算金"",""hierarchy"":[""諸支出金"",""償還金及還付加算金"",""保険料還付金及還付加算金""],""department_display_name"":""保健福祉政策部 国保・年金課"",""amount_thousand_yen"":300},""member_programs"":[{""program_id"":""2026_latter_stage_elderly_healthcare_expenditure_65_01_03_01_02_01"",""major_program_name"":""広域連合保険料還付金及還付加算金"",""budget_program_name"":""広域連合保険料還付加算金"",""detail_program_name"":""広域連合保険料還付加算金"",""source_file"":""ippansaisyutu.csv"",""source_row_number"":9608}],""same_budget_item_other_program_names"":[""広域連合保険料延滞金還付金"",""広域連合保険料還付金""],""related_revenues"":[{""revenue_detail_id"":""rd_2026_latter_stage_elderly_healthcare_revenue_65_02_03_01_02_3595400000"",""revenue_hierarchy"":[""諸収入"",""償還金及還付加算金"",""保険料還付金及還付加算金"",""保険料還付金及還付加算金"",""広域連合保険料還付加算金""],""amount_attribution_status"":""not_available""}]}","high","approve","B_strong_structural・確信度highの一括承認ルールにより承認"
"bpi_4ef4b1710cbcd16624510e339ba7a58f742dc9357075de6230ed2f0d2ecb30b8","介護者リフレッシュ","一般会計","民生費","社会福祉費","障害者福祉費","障害福祉部 障害施策課","273","福祉・保健・社会保障を支える行政","supports","公式予算で民生費の社会福祉費または生活保護費に属するため、福祉・社会保障に関する行政機能を支える予算事業として整理した。これはみらい議会の探索用整理であり、区の公式な課題分類ではない。","B_strong_structural","{""matched_rule_id"":""social-welfare-official-hierarchy"",""budget_item_key"":""2026_general_expenditure_03_01_03"",""identity_fields"":{""display_program_name"":""介護者リフレッシュ"",""hierarchy"":[""民生費"",""社会福祉費"",""障害者福祉費""],""department_display_name"":""障害福祉部 障害施策課"",""amount_thousand_yen"":273},""member_programs"":[{""program_id"":""2026_general_expenditure_03_01_03_04_11_01"",""major_program_name"":""その他の障害者福祉事業費"",""budget_program_name"":""介護者リフレッシュ"",""detail_program_name"":""介護者リフレッシュ"",""source_file"":""ippansaisyutu.csv"",""source_row_number"":9724}],""same_budget_item_other_program_names"":[""基幹相談支援センター事業運営"",""技術支援（児童福祉施設）事業運営"",""更生訓練費助成"",""自立支援医療"",""重度脳性麻痺者介護人派遣"",""障害児入所給付費"",""障害者おむつ支給"",""障害者グループホーム事業等助成"",""障害者コミュニケーションサービス"",""障害者ホームヘルパー等派遣"",""障害者虐待防止推進事業"",""障害者緊急介護人派遣"",""障害者自動車利用支援"",""障害者自立支援給付"",""障害者寝具乾燥・訪問理美容サービス"",""障害者親亡きあと対策"",""障害者設備改善費給付"",""障害者専門相談事業運営"",""障害者相談支援"",""障害者団体活動支援"",""障害者団体支援"",""障害者日常生活用具等給付"",""障害者入浴サービス"",""障害者配食サービス"",""障害者福祉手当"",""障害理解促進"",""身体障害者及知的障害者相談員活動"",""精神障害者ピアサポート支援事業"",""精神保健福祉団体連携事業"",""地域生活支援拠点等整備事業"",""乳幼児育成相談事業運営"",""被爆者見舞金"",""補装具給付"",""民間空襲等被害者見舞金支給""],""related_revenues"":[]}","high","approve","B_strong_structural・確信度highの一括承認ルールにより承認"
"bpi_eb32e1de735245905e2c21170cd26d2b9c369ffe9c682da48e43220544982aca","アレルギー疾患相談","一般会計","衛生費","公衆衛生費","母子保健費","世田谷保健所 健康推進課","223","福祉・保健・社会保障を支える行政","supports","公式予算で衛生費に属するため、保健・公衆衛生に関する行政機能を支える予算事業として整理した。","B_strong_structural","{""matched_rule_id"":""public-health-official-hierarchy"",""budget_item_key"":""2026_general_expenditure_05_03_05"",""identity_fields"":{""display_program_name"":""アレルギー疾患相談"",""hierarchy"":[""衛生費"",""公衆衛生費"",""母子保健費""],""department_display_name"":""世田谷保健所 健康推進課"",""amount_thousand_yen"":223},""member_programs"":[{""program_id"":""2026_general_expenditure_05_03_05_01_05_01"",""major_program_name"":""母子保健指導事業費"",""budget_program_name"":""アレルギー疾患相談"",""detail_program_name"":""アレルギー疾患相談"",""source_file"":""ippansaisyutu.csv"",""source_row_number"":9901}],""same_budget_item_other_program_names"":[""リプロダクティブ・ヘルス／ライツの周知啓発"",""育児不安・児童虐待防止対策"",""小児慢性特定疾病医療費給付"",""地域と連携した両親学級の充実"",""乳児期家庭（新生児）訪問事業"",""乳幼児健康診査"",""乳幼児歯科健康診査"",""妊産婦及び乳幼児への栄養・食生活支援事業"",""妊産婦及び乳幼児健康診査"",""妊婦健康診査"",""保健福祉センター乳幼児健康診査"",""保健福祉センター乳幼児歯科健康診査"",""母子保健知識等の普及と啓発"",""未熟児等に対する医療費公費負担""],""related_revenues"":[{""revenue_detail_id"":""rd_2026_general_revenue_19_06_09_50_52_3785200000"",""revenue_hierarchy"":[""諸収入"",""雑入"",""雑入"",""雑入"",""アレルギー疾患相談""],""amount_attribution_status"":""not_available""}]}","high","approve","B_strong_structural・確信度highの一括承認ルールにより承認"
"bpi_aea3087bc39dafeb71db90b02aafb23c48df2b1e900b5335089e402f77fa7bd2","障害者親亡きあと対策","一般会計","民生費","社会福祉費","障害者福祉費","障害福祉部 障害施策課","112","福祉・保健・社会保障を支える行政","supports","公式予算で民生費の社会福祉費または生活保護費に属するため、福祉・社会保障に関する行政機能を支える予算事業として整理した。これはみらい議会の探索用整理であり、区の公式な課題分類ではない。","B_strong_structural","{""matched_rule_id"":""social-welfare-official-hierarchy"",""budget_item_key"":""2026_general_expenditure_03_01_03"",""identity_fields"":{""display_program_name"":""障害者親亡きあと対策"",""hierarchy"":[""民生費"",""社会福祉費"",""障害者福祉費""],""department_display_name"":""障害福祉部 障害施策課"",""amount_thousand_yen"":112},""member_programs"":[{""program_id"":""2026_general_expenditure_03_01_03_04_10_01"",""major_program_name"":""その他の障害者福祉事業費"",""budget_program_name"":""障害者親亡きあと対策"",""detail_program_name"":""障害者親亡きあと対策"",""source_file"":""ippansaisyutu.csv"",""source_row_number"":9723}],""same_budget_item_other_program_names"":[""介護者リフレッシュ"",""基幹相談支援センター事業運営"",""技術支援（児童福祉施設）事業運営"",""更生訓練費助成"",""自立支援医療"",""重度脳性麻痺者介護人派遣"",""障害児入所給付費"",""障害者おむつ支給"",""障害者グループホーム事業等助成"",""障害者コミュニケーションサービス"",""障害者ホームヘルパー等派遣"",""障害者虐待防止推進事業"",""障害者緊急介護人派遣"",""障害者自動車利用支援"",""障害者自立支援給付"",""障害者寝具乾燥・訪問理美容サービス"",""障害者設備改善費給付"",""障害者専門相談事業運営"",""障害者相談支援"",""障害者団体活動支援"",""障害者団体支援"",""障害者日常生活用具等給付"",""障害者入浴サービス"",""障害者配食サービス"",""障害者福祉手当"",""障害理解促進"",""身体障害者及知的障害者相談員活動"",""精神障害者ピアサポート支援事業"",""精神保健福祉団体連携事業"",""地域生活支援拠点等整備事業"",""乳幼児育成相談事業運営"",""被爆者見舞金"",""補装具給付"",""民間空襲等被害者見舞金支給""],""related_revenues"":[]}","high","approve","B_strong_structural・確信度highの一括承認ルールにより承認"
"bpi_d2a5e25838c13f9ed3970a4af5a110e4facc5950083bc12a8cff14e35bd7326a","出産育児一時金支払手数料","国民健康保険事業会計","保険給付費","出産育児費","支払手数料","保健福祉政策部 国保・年金課","110","福祉・保健・社会保障を支える行政","supports","公式予算で国民健康保険、後期高齢者医療、介護保険の特別会計に属するため、社会保障に関する行政機能を支える予算事業として整理した。","B_strong_structural","{""matched_rule_id"":""social-insurance-accounts-official-hierarchy"",""budget_item_key"":""2026_national_health_insurance_expenditure_22_03_03"",""identity_fields"":{""display_program_name"":""出産育児一時金支払手数料"",""hierarchy"":[""保険給付費"",""出産育児費"",""支払手数料""],""department_display_name"":""保健福祉政策部 国保・年金課"",""amount_thousand_yen"":110},""member_programs"":[{""program_id"":""2026_national_health_insurance_expenditure_22_03_03_01_01_01"",""major_program_name"":""支払手数料"",""budget_program_name"":""出産育児一時金支払手数料"",""detail_program_name"":""出産育児一時金支払手数料"",""source_file"":""ippansaisyutu.csv"",""source_row_number"":9585}],""same_budget_item_other_program_names"":[],""related_revenues"":[{""revenue_detail_id"":""rd_2026_national_health_insurance_revenue_21_01_01_01_15_3595400000"",""revenue_hierarchy"":[""国民健康保険料"",""国民健康保険料"",""国民健康保険料"",""医療給付費分現年分"",""出産育児一時金支払手数料""],""amount_attribution_status"":""not_available""}]}","high","approve","B_strong_structural・確信度highの一括承認ルールにより承認"
"bpi_013f1046c6f027150062b84319b150d96df80b4c3d6c06ae477dcd2a3b0be121","広域連合保険料延滞金還付金","後期高齢者医療会計","諸支出金","償還金及還付加算金","保険料還付金及還付加算金","保健福祉政策部 国保・年金課","100","福祉・保健・社会保障を支える行政","supports","公式予算で国民健康保険、後期高齢者医療、介護保険の特別会計に属するため、社会保障に関する行政機能を支える予算事業として整理した。","B_strong_structural","{""matched_rule_id"":""social-insurance-accounts-official-hierarchy"",""budget_item_key"":""2026_latter_stage_elderly_healthcare_expenditure_65_01_03"",""identity_fields"":{""display_program_name"":""広域連合保険料延滞金還付金"",""hierarchy"":[""諸支出金"",""償還金及還付加算金"",""保険料還付金及還付加算金""],""department_display_name"":""保健福祉政策部 国保・年金課"",""amount_thousand_yen"":100},""member_programs"":[{""program_id"":""2026_latter_stage_elderly_healthcare_expenditure_65_01_03_01_03_01"",""major_program_name"":""広域連合保険料還付金及還付加算金"",""budget_program_name"":""広域連合保険料延滞金還付金"",""detail_program_name"":""広域連合保険料延滞金還付金"",""source_file"":""ippansaisyutu.csv"",""source_row_number"":9609}],""same_budget_item_other_program_names"":[""広域連合保険料還付加算金"",""広域連合保険料還付金""],""related_revenues"":[{""revenue_detail_id"":""rd_2026_latter_stage_elderly_healthcare_revenue_65_02_03_01_03_3595400000"",""revenue_hierarchy"":[""諸収入"",""償還金及還付加算金"",""保険料還付金及還付加算金"",""保険料還付金及還付加算金"",""広域連合保険料延滞金還付金""],""amount_attribution_status"":""not_available""}]}","high","approve","B_strong_structural・確信度highの一括承認ルールにより承認"
"bpi_0ec65394b9f8a6cb37b26ccefab9a1e16204852d74cc9a349f1904f5fb45b43c","相談員業務（世田谷）","一般会計","民生費","社会福祉費","社会福祉総務費","世田谷総合支所 子家庭支援課","30","福祉・保健・社会保障を支える行政","supports","公式予算で民生費の社会福祉費または生活保護費に属するため、福祉・社会保障に関する行政機能を支える予算事業として整理した。これはみらい議会の探索用整理であり、区の公式な課題分類ではない。","B_strong_structural","{""matched_rule_id"":""social-welfare-official-hierarchy"",""budget_item_key"":""2026_general_expenditure_03_01_01"",""identity_fields"":{""display_program_name"":""相談員業務（世田谷）"",""hierarchy"":[""民生費"",""社会福祉費"",""社会福祉総務費""],""department_display_name"":""世田谷総合支所 子家庭支援課"",""amount_thousand_yen"":30},""member_programs"":[{""program_id"":""2026_general_expenditure_03_01_01_03_52_01"",""major_program_name"":""その他の社会福祉事業費"",""budget_program_name"":""相談員業務（世田谷）"",""detail_program_name"":""相談員業務（世田谷）"",""source_file"":""ippansaisyutu.csv"",""source_row_number"":9117}],""same_budget_item_other_program_names"":[""ケアハウス整備促進等事業"",""ケアマネジメントの総合的推進"",""ひきこもり対策"",""ボランティア施設改修"",""ボランティア団体等援助"",""移動困難者の移送システム"",""医療的ケア児（者）支援の充実"",""医療的ケア児の笑顔を支える基金積立金"",""介護人材確保・定着支援事業"",""介護保険事業会計繰出金"",""旧軍人等の援護"",""後期高齢者医療会計繰出金"",""行旅病人及死亡人取扱"",""高齢福祉部運営事業"",""高齢福祉部庶務事務"",""国民健康保険事業会計繰出金"",""災害時ボランティア受入体制整備事業"",""社会福祉協議会運営助成"",""社会福祉事業団運営助成"",""社会福祉法人に対する高齢者施設整備助成"",""社会福祉法人に対する障害者施設整備助成"",""社会福祉法人の認可・指導検査"",""終活支援センター運営事業"",""住宅手当緊急特別措置事業"",""住民税非課税世帯等への価格高騰重点支援給付金支給"",""障害者グループホーム整備助成"",""障害者サービス広報事業"",""障害者差別解消推進"",""障害者施設整備促進等事業"",""障害者福祉施策の計画・調整"",""障害認定審査事務運営"",""障害福祉部庶務事務"",""心身障害者医療費助成"",""世田谷区地域福祉推進事業"",""世田谷保健福祉センター分室維持管理"",""成年後見制度"",""生活安定支援事業"",""生活困窮者自立促進支援事業"",""生活保健事務（烏山）"",""生活保健事務（砧）"",""生活保健事務（玉川）"",""生活保健事務（世田谷）"",""生活保健事務（北沢）"",""専門的人材の確保・養成事業"",""相談員業務（烏山）"",""相談員業務（砧）"",""相談員業務（玉川）"",""相談員業務（北沢）"",""地域福祉活動等促進事業"",""地域福祉資源開発事業"",""地域保健福祉審議会の運営"",""地域保健福祉等推進基金積立金"",""地域密着型サービス拠点等整備助成"",""地区高齢者見守りネットワーク事業"",""特定中国残留邦人等支援事業"",""特別区区民葬儀助成事業"",""特別養護老人ホーム等運営支援"",""避難行動要支援者支援の推進"",""福祉資金貸付"",""福祉人材育成・研修センター運営事業"",""保健医療福祉総合プラザ維持運営"",""保健福祉サービス苦情審査会運営"",""保健福祉サービス質の向上の推進"",""保健福祉運営事務（烏山）"",""保健福祉運営事務（砧）"",""保健福祉運営事務（玉川）"",""保健福祉運営事務（世田谷）"",""保健福祉運営事務（北沢）"",""保健福祉政策部運営事業"",""保健福祉政策部庶務事務"",""民生委員等活動"",""路上生活対策事業"",""老人保健施設整備助成""],""related_revenues"":[]}","high","approve","B_strong_structural・確信度highの一括承認ルールにより承認"
"bpi_b7e625102a751f2f6311d6adeab59d8ff4ef12d43c02952d239856b59ae7ff66","第１号被保険者保険料還付加算金","介護保険事業会計","諸支出金","償還金及還付加算金","第１号被保険者保険料還付金及還付加算金","高齢福祉部 介護保険課","20","福祉・保健・社会保障を支える行政","supports","公式予算で国民健康保険、後期高齢者医療、介護保険の特別会計に属するため、社会保障に関する行政機能を支える予算事業として整理した。","B_strong_structural","{""matched_rule_id"":""social-insurance-accounts-official-hierarchy"",""budget_item_key"":""2026_long_term_care_insurance_expenditure_48_01_04"",""identity_fields"":{""display_program_name"":""第１号被保険者保険料還付加算金"",""hierarchy"":[""諸支出金"",""償還金及還付加算金"",""第１号被保険者保険料還付金及還付加算金""],""department_display_name"":""高齢福祉部 介護保険課"",""amount_thousand_yen"":20},""member_programs"":[{""program_id"":""2026_long_term_care_insurance_expenditure_48_01_04_01_02_01"",""major_program_name"":""第１号被保険者保険料過誤納還付金及還付加算金"",""budget_program_name"":""第１号被保険者保険料還付加算金"",""detail_program_name"":""第１号被保険者保険料還付加算金"",""source_file"":""ippansaisyutu.csv"",""source_row_number"":9677}],""same_budget_item_other_program_names"":[""第１号被保険者保険料延滞金還付金"",""第１号被保険者保険料還付金""],""related_revenues"":[{""revenue_detail_id"":""rd_2026_long_term_care_insurance_revenue_48_01_02_03_01_3645200000"",""revenue_hierarchy"":[""繰入金"",""一般会計繰入金"",""その他一般会計繰入金"",""保険料還付等繰入金"",""第１号被保険者保険料還付加算金""],""amount_attribution_status"":""not_available""}]}","high","approve","B_strong_structural・確信度highの一括承認ルールにより承認"
"bpi_b9c57260f92823abbf2ac3084b6395bbba5792f9e047457357f6b0dc36c2eb1d","相談員業務（烏山）","一般会計","民生費","社会福祉費","社会福祉総務費","烏山総合支所 子家庭支援課","16","福祉・保健・社会保障を支える行政","supports","公式予算で民生費の社会福祉費または生活保護費に属するため、福祉・社会保障に関する行政機能を支える予算事業として整理した。これはみらい議会の探索用整理であり、区の公式な課題分類ではない。","B_strong_structural","{""matched_rule_id"":""social-welfare-official-hierarchy"",""budget_item_key"":""2026_general_expenditure_03_01_01"",""identity_fields"":{""display_program_name"":""相談員業務（烏山）"",""hierarchy"":[""民生費"",""社会福祉費"",""社会福祉総務費""],""department_display_name"":""烏山総合支所 子家庭支援課"",""amount_thousand_yen"":16},""member_programs"":[{""program_id"":""2026_general_expenditure_03_01_01_03_56_01"",""major_program_name"":""その他の社会福祉事業費"",""budget_program_name"":""相談員業務（烏山）"",""detail_program_name"":""相談員業務（烏山）"",""source_file"":""ippansaisyutu.csv"",""source_row_number"":9240}],""same_budget_item_other_program_names"":[""ケアハウス整備促進等事業"",""ケアマネジメントの総合的推進"",""ひきこもり対策"",""ボランティア施設改修"",""ボランティア団体等援助"",""移動困難者の移送システム"",""医療的ケア児（者）支援の充実"",""医療的ケア児の笑顔を支える基金積立金"",""介護人材確保・定着支援事業"",""介護保険事業会計繰出金"",""旧軍人等の援護"",""後期高齢者医療会計繰出金"",""行旅病人及死亡人取扱"",""高齢福祉部運営事業"",""高齢福祉部庶務事務"",""国民健康保険事業会計繰出金"",""災害時ボランティア受入体制整備事業"",""社会福祉協議会運営助成"",""社会福祉事業団運営助成"",""社会福祉法人に対する高齢者施設整備助成"",""社会福祉法人に対する障害者施設整備助成"",""社会福祉法人の認可・指導検査"",""終活支援センター運営事業"",""住宅手当緊急特別措置事業"",""住民税非課税世帯等への価格高騰重点支援給付金支給"",""障害者グループホーム整備助成"",""障害者サービス広報事業"",""障害者差別解消推進"",""障害者施設整備促進等事業"",""障害者福祉施策の計画・調整"",""障害認定審査事務運営"",""障害福祉部庶務事務"",""心身障害者医療費助成"",""世田谷区地域福祉推進事業"",""世田谷保健福祉センター分室維持管理"",""成年後見制度"",""生活安定支援事業"",""生活困窮者自立促進支援事業"",""生活保健事務（烏山）"",""生活保健事務（砧）"",""生活保健事務（玉川）"",""生活保健事務（世田谷）"",""生活保健事務（北沢）"",""専門的人材の確保・養成事業"",""相談員業務（砧）"",""相談員業務（玉川）"",""相談員業務（世田谷）"",""相談員業務（北沢）"",""地域福祉活動等促進事業"",""地域福祉資源開発事業"",""地域保健福祉審議会の運営"",""地域保健福祉等推進基金積立金"",""地域密着型サービス拠点等整備助成"",""地区高齢者見守りネットワーク事業"",""特定中国残留邦人等支援事業"",""特別区区民葬儀助成事業"",""特別養護老人ホーム等運営支援"",""避難行動要支援者支援の推進"",""福祉資金貸付"",""福祉人材育成・研修センター運営事業"",""保健医療福祉総合プラザ維持運営"",""保健福祉サービス苦情審査会運営"",""保健福祉サービス質の向上の推進"",""保健福祉運営事務（烏山）"",""保健福祉運営事務（砧）"",""保健福祉運営事務（玉川）"",""保健福祉運営事務（世田谷）"",""保健福祉運営事務（北沢）"",""保健福祉政策部運営事業"",""保健福祉政策部庶務事務"",""民生委員等活動"",""路上生活対策事業"",""老人保健施設整備助成""],""related_revenues"":[]}","high","approve","B_strong_structural・確信度highの一括承認ルールにより承認"
"bpi_1568554cc1bfebcb93f31c508c4fe842894707d2cba12b073acd80c2671c8896","相談員業務（砧）","一般会計","民生費","社会福祉費","社会福祉総務費","砧総合支所 子家庭支援課","14","福祉・保健・社会保障を支える行政","supports","公式予算で民生費の社会福祉費または生活保護費に属するため、福祉・社会保障に関する行政機能を支える予算事業として整理した。これはみらい議会の探索用整理であり、区の公式な課題分類ではない。","B_strong_structural","{""matched_rule_id"":""social-welfare-official-hierarchy"",""budget_item_key"":""2026_general_expenditure_03_01_01"",""identity_fields"":{""display_program_name"":""相談員業務（砧）"",""hierarchy"":[""民生費"",""社会福祉費"",""社会福祉総務費""],""department_display_name"":""砧総合支所 子家庭支援課"",""amount_thousand_yen"":14},""member_programs"":[{""program_id"":""2026_general_expenditure_03_01_01_03_55_01"",""major_program_name"":""その他の社会福祉事業費"",""budget_program_name"":""相談員業務（砧）"",""detail_program_name"":""相談員業務（砧）"",""source_file"":""ippansaisyutu.csv"",""source_row_number"":9208}],""same_budget_item_other_program_names"":[""ケアハウス整備促進等事業"",""ケアマネジメントの総合的推進"",""ひきこもり対策"",""ボランティア施設改修"",""ボランティア団体等援助"",""移動困難者の移送システム"",""医療的ケア児（者）支援の充実"",""医療的ケア児の笑顔を支える基金積立金"",""介護人材確保・定着支援事業"",""介護保険事業会計繰出金"",""旧軍人等の援護"",""後期高齢者医療会計繰出金"",""行旅病人及死亡人取扱"",""高齢福祉部運営事業"",""高齢福祉部庶務事務"",""国民健康保険事業会計繰出金"",""災害時ボランティア受入体制整備事業"",""社会福祉協議会運営助成"",""社会福祉事業団運営助成"",""社会福祉法人に対する高齢者施設整備助成"",""社会福祉法人に対する障害者施設整備助成"",""社会福祉法人の認可・指導検査"",""終活支援センター運営事業"",""住宅手当緊急特別措置事業"",""住民税非課税世帯等への価格高騰重点支援給付金支給"",""障害者グループホーム整備助成"",""障害者サービス広報事業"",""障害者差別解消推進"",""障害者施設整備促進等事業"",""障害者福祉施策の計画・調整"",""障害認定審査事務運営"",""障害福祉部庶務事務"",""心身障害者医療費助成"",""世田谷区地域福祉推進事業"",""世田谷保健福祉センター分室維持管理"",""成年後見制度"",""生活安定支援事業"",""生活困窮者自立促進支援事業"",""生活保健事務（烏山）"",""生活保健事務（砧）"",""生活保健事務（玉川）"",""生活保健事務（世田谷）"",""生活保健事務（北沢）"",""専門的人材の確保・養成事業"",""相談員業務（烏山）"",""相談員業務（玉川）"",""相談員業務（世田谷）"",""相談員業務（北沢）"",""地域福祉活動等促進事業"",""地域福祉資源開発事業"",""地域保健福祉審議会の運営"",""地域保健福祉等推進基金積立金"",""地域密着型サービス拠点等整備助成"",""地区高齢者見守りネットワーク事業"",""特定中国残留邦人等支援事業"",""特別区区民葬儀助成事業"",""特別養護老人ホーム等運営支援"",""避難行動要支援者支援の推進"",""福祉資金貸付"",""福祉人材育成・研修センター運営事業"",""保健医療福祉総合プラザ維持運営"",""保健福祉サービス苦情審査会運営"",""保健福祉サービス質の向上の推進"",""保健福祉運営事務（烏山）"",""保健福祉運営事務（砧）"",""保健福祉運営事務（玉川）"",""保健福祉運営事務（世田谷）"",""保健福祉運営事務（北沢）"",""保健福祉政策部運営事業"",""保健福祉政策部庶務事務"",""民生委員等活動"",""路上生活対策事業"",""老人保健施設整備助成""],""related_revenues"":[]}","high","approve","B_strong_structural・確信度highの一括承認ルールにより承認"
"bpi_35863752371e691c7328dbf6159d0232d45403966c661dd430f60fc317b29296","相談員業務（北沢）","一般会計","民生費","社会福祉費","社会福祉総務費","北沢総合支所 子家庭支援課","14","福祉・保健・社会保障を支える行政","supports","公式予算で民生費の社会福祉費または生活保護費に属するため、福祉・社会保障に関する行政機能を支える予算事業として整理した。これはみらい議会の探索用整理であり、区の公式な課題分類ではない。","B_strong_structural","{""matched_rule_id"":""social-welfare-official-hierarchy"",""budget_item_key"":""2026_general_expenditure_03_01_01"",""identity_fields"":{""display_program_name"":""相談員業務（北沢）"",""hierarchy"":[""民生費"",""社会福祉費"",""社会福祉総務費""],""department_display_name"":""北沢総合支所 子家庭支援課"",""amount_thousand_yen"":14},""member_programs"":[{""program_id"":""2026_general_expenditure_03_01_01_03_53_01"",""major_program_name"":""その他の社会福祉事業費"",""budget_program_name"":""相談員業務（北沢）"",""detail_program_name"":""相談員業務（北沢）"",""source_file"":""ippansaisyutu.csv"",""source_row_number"":9150}],""same_budget_item_other_program_names"":[""ケアハウス整備促進等事業"",""ケアマネジメントの総合的推進"",""ひきこもり対策"",""ボランティア施設改修"",""ボランティア団体等援助"",""移動困難者の移送システム"",""医療的ケア児（者）支援の充実"",""医療的ケア児の笑顔を支える基金積立金"",""介護人材確保・定着支援事業"",""介護保険事業会計繰出金"",""旧軍人等の援護"",""後期高齢者医療会計繰出金"",""行旅病人及死亡人取扱"",""高齢福祉部運営事業"",""高齢福祉部庶務事務"",""国民健康保険事業会計繰出金"",""災害時ボランティア受入体制整備事業"",""社会福祉協議会運営助成"",""社会福祉事業団運営助成"",""社会福祉法人に対する高齢者施設整備助成"",""社会福祉法人に対する障害者施設整備助成"",""社会福祉法人の認可・指導検査"",""終活支援センター運営事業"",""住宅手当緊急特別措置事業"",""住民税非課税世帯等への価格高騰重点支援給付金支給"",""障害者グループホーム整備助成"",""障害者サービス広報事業"",""障害者差別解消推進"",""障害者施設整備促進等事業"",""障害者福祉施策の計画・調整"",""障害認定審査事務運営"",""障害福祉部庶務事務"",""心身障害者医療費助成"",""世田谷区地域福祉推進事業"",""世田谷保健福祉センター分室維持管理"",""成年後見制度"",""生活安定支援事業"",""生活困窮者自立促進支援事業"",""生活保健事務（烏山）"",""生活保健事務（砧）"",""生活保健事務（玉川）"",""生活保健事務（世田谷）"",""生活保健事務（北沢）"",""専門的人材の確保・養成事業"",""相談員業務（烏山）"",""相談員業務（砧）"",""相談員業務（玉川）"",""相談員業務（世田谷）"",""地域福祉活動等促進事業"",""地域福祉資源開発事業"",""地域保健福祉審議会の運営"",""地域保健福祉等推進基金積立金"",""地域密着型サービス拠点等整備助成"",""地区高齢者見守りネットワーク事業"",""特定中国残留邦人等支援事業"",""特別区区民葬儀助成事業"",""特別養護老人ホーム等運営支援"",""避難行動要支援者支援の推進"",""福祉資金貸付"",""福祉人材育成・研修センター運営事業"",""保健医療福祉総合プラザ維持運営"",""保健福祉サービス苦情審査会運営"",""保健福祉サービス質の向上の推進"",""保健福祉運営事務（烏山）"",""保健福祉運営事務（砧）"",""保健福祉運営事務（玉川）"",""保健福祉運営事務（世田谷）"",""保健福祉運営事務（北沢）"",""保健福祉政策部運営事業"",""保健福祉政策部庶務事務"",""民生委員等活動"",""路上生活対策事業"",""老人保健施設整備助成""],""related_revenues"":[]}","high","approve","B_strong_structural・確信度highの一括承認ルールにより承認"
"bpi_fe3c35ab6b0aa6ae1a9d2328de17dcfd5741735315691fea8d7f781050a2de90","相談員業務（玉川）","一般会計","民生費","社会福祉費","社会福祉総務費","玉川総合支所 子家庭支援課","14","福祉・保健・社会保障を支える行政","supports","公式予算で民生費の社会福祉費または生活保護費に属するため、福祉・社会保障に関する行政機能を支える予算事業として整理した。これはみらい議会の探索用整理であり、区の公式な課題分類ではない。","B_strong_structural","{""matched_rule_id"":""social-welfare-official-hierarchy"",""budget_item_key"":""2026_general_expenditure_03_01_01"",""identity_fields"":{""display_program_name"":""相談員業務（玉川）"",""hierarchy"":[""民生費"",""社会福祉費"",""社会福祉総務費""],""department_display_name"":""玉川総合支所 子家庭支援課"",""amount_thousand_yen"":14},""member_programs"":[{""program_id"":""2026_general_expenditure_03_01_01_03_54_01"",""major_program_name"":""その他の社会福祉事業費"",""budget_program_name"":""相談員業務（玉川）"",""detail_program_name"":""相談員業務（玉川）"",""source_file"":""ippansaisyutu.csv"",""source_row_number"":9178}],""same_budget_item_other_program_names"":[""ケアハウス整備促進等事業"",""ケアマネジメントの総合的推進"",""ひきこもり対策"",""ボランティア施設改修"",""ボランティア団体等援助"",""移動困難者の移送システム"",""医療的ケア児（者）支援の充実"",""医療的ケア児の笑顔を支える基金積立金"",""介護人材確保・定着支援事業"",""介護保険事業会計繰出金"",""旧軍人等の援護"",""後期高齢者医療会計繰出金"",""行旅病人及死亡人取扱"",""高齢福祉部運営事業"",""高齢福祉部庶務事務"",""国民健康保険事業会計繰出金"",""災害時ボランティア受入体制整備事業"",""社会福祉協議会運営助成"",""社会福祉事業団運営助成"",""社会福祉法人に対する高齢者施設整備助成"",""社会福祉法人に対する障害者施設整備助成"",""社会福祉法人の認可・指導検査"",""終活支援センター運営事業"",""住宅手当緊急特別措置事業"",""住民税非課税世帯等への価格高騰重点支援給付金支給"",""障害者グループホーム整備助成"",""障害者サービス広報事業"",""障害者差別解消推進"",""障害者施設整備促進等事業"",""障害者福祉施策の計画・調整"",""障害認定審査事務運営"",""障害福祉部庶務事務"",""心身障害者医療費助成"",""世田谷区地域福祉推進事業"",""世田谷保健福祉センター分室維持管理"",""成年後見制度"",""生活安定支援事業"",""生活困窮者自立促進支援事業"",""生活保健事務（烏山）"",""生活保健事務（砧）"",""生活保健事務（玉川）"",""生活保健事務（世田谷）"",""生活保健事務（北沢）"",""専門的人材の確保・養成事業"",""相談員業務（烏山）"",""相談員業務（砧）"",""相談員業務（世田谷）"",""相談員業務（北沢）"",""地域福祉活動等促進事業"",""地域福祉資源開発事業"",""地域保健福祉審議会の運営"",""地域保健福祉等推進基金積立金"",""地域密着型サービス拠点等整備助成"",""地区高齢者見守りネットワーク事業"",""特定中国残留邦人等支援事業"",""特別区区民葬儀助成事業"",""特別養護老人ホーム等運営支援"",""避難行動要支援者支援の推進"",""福祉資金貸付"",""福祉人材育成・研修センター運営事業"",""保健医療福祉総合プラザ維持運営"",""保健福祉サービス苦情審査会運営"",""保健福祉サービス質の向上の推進"",""保健福祉運営事務（烏山）"",""保健福祉運営事務（砧）"",""保健福祉運営事務（玉川）"",""保健福祉運営事務（世田谷）"",""保健福祉運営事務（北沢）"",""保健福祉政策部運営事業"",""保健福祉政策部庶務事務"",""民生委員等活動"",""路上生活対策事業"",""老人保健施設整備助成""],""related_revenues"":[]}","high","approve","B_strong_structural・確信度highの一括承認ルールにより承認"
"bpi_5a72cd8ace6757e0c9906de4480eabc47da25e21007cc5da4d6b34b8c61d7246","第１号被保険者保険料延滞金還付金","介護保険事業会計","諸支出金","償還金及還付加算金","第１号被保険者保険料還付金及還付加算金","高齢福祉部 介護保険課","12","福祉・保健・社会保障を支える行政","supports","公式予算で国民健康保険、後期高齢者医療、介護保険の特別会計に属するため、社会保障に関する行政機能を支える予算事業として整理した。","B_strong_structural","{""matched_rule_id"":""social-insurance-accounts-official-hierarchy"",""budget_item_key"":""2026_long_term_care_insurance_expenditure_48_01_04"",""identity_fields"":{""display_program_name"":""第１号被保険者保険料延滞金還付金"",""hierarchy"":[""諸支出金"",""償還金及還付加算金"",""第１号被保険者保険料還付金及還付加算金""],""department_display_name"":""高齢福祉部 介護保険課"",""amount_thousand_yen"":12},""member_programs"":[{""program_id"":""2026_long_term_care_insurance_expenditure_48_01_04_01_03_01"",""major_program_name"":""第１号被保険者保険料過誤納還付金及還付加算金"",""budget_program_name"":""第１号被保険者保険料延滞金還付金"",""detail_program_name"":""第１号被保険者保険料延滞金還付金"",""source_file"":""ippansaisyutu.csv"",""source_row_number"":9678}],""same_budget_item_other_program_names"":[""第１号被保険者保険料還付加算金"",""第１号被保険者保険料還付金""],""related_revenues"":[{""revenue_detail_id"":""rd_2026_long_term_care_insurance_revenue_41_01_01_03_53_3645200000"",""revenue_hierarchy"":[""保険料"",""介護保険料"",""第１号被保険者保険料"",""滞納繰越分普通徴収分"",""第１号被保険者保険料延滞金還付金""],""amount_attribution_status"":""not_available""},{""revenue_detail_id"":""rd_2026_long_term_care_insurance_revenue_49_01_01_01_11_3645200000"",""revenue_hierarchy"":[""繰越金"",""繰越金"",""繰越金"",""繰越金"",""第１号被保険者保険料延滞金還付金""],""amount_attribution_status"":""not_available""}]}","high","approve","B_strong_structural・確信度highの一括承認ルールにより承認"
"bpi_044c17df4f62562ca005ac2ac0d144b43fef2ae76c1777d077f5244187c559df","住民税非課税世帯等への価格高騰重点支援給付金支給","一般会計","民生費","社会福祉費","社会福祉総務費","保健福祉政策部 保健福祉政策課","0","福祉・保健・社会保障を支える行政","supports","公式予算で民生費の社会福祉費または生活保護費に属するため、福祉・社会保障に関する行政機能を支える予算事業として整理した。これはみらい議会の探索用整理であり、区の公式な課題分類ではない。","B_strong_structural","{""matched_rule_id"":""social-welfare-official-hierarchy"",""budget_item_key"":""2026_general_expenditure_03_01_01"",""identity_fields"":{""display_program_name"":""住民税非課税世帯等への価格高騰重点支援給付金支給"",""hierarchy"":[""民生費"",""社会福祉費"",""社会福祉総務費""],""department_display_name"":""保健福祉政策部 保健福祉政策課"",""amount_thousand_yen"":0},""member_programs"":[{""program_id"":""2026_general_expenditure_03_01_01_05_13_01"",""major_program_name"":""臨時福祉給付金等事業費"",""budget_program_name"":""住民税非課税世帯等への価格高騰重点支援給付金支給"",""detail_program_name"":""住民税非課税世帯等への価格高騰重点支援給付金支給"",""source_file"":""ippansaisyutu.csv"",""source_row_number"":9533}],""same_budget_item_other_program_names"":[""ケアハウス整備促進等事業"",""ケアマネジメントの総合的推進"",""ひきこもり対策"",""ボランティア施設改修"",""ボランティア団体等援助"",""移動困難者の移送システム"",""医療的ケア児（者）支援の充実"",""医療的ケア児の笑顔を支える基金積立金"",""介護人材確保・定着支援事業"",""介護保険事業会計繰出金"",""旧軍人等の援護"",""後期高齢者医療会計繰出金"",""行旅病人及死亡人取扱"",""高齢福祉部運営事業"",""高齢福祉部庶務事務"",""国民健康保険事業会計繰出金"",""災害時ボランティア受入体制整備事業"",""社会福祉協議会運営助成"",""社会福祉事業団運営助成"",""社会福祉法人に対する高齢者施設整備助成"",""社会福祉法人に対する障害者施設整備助成"",""社会福祉法人の認可・指導検査"",""終活支援センター運営事業"",""住宅手当緊急特別措置事業"",""障害者グループホーム整備助成"",""障害者サービス広報事業"",""障害者差別解消推進"",""障害者施設整備促進等事業"",""障害者福祉施策の計画・調整"",""障害認定審査事務運営"",""障害福祉部庶務事務"",""心身障害者医療費助成"",""世田谷区地域福祉推進事業"",""世田谷保健福祉センター分室維持管理"",""成年後見制度"",""生活安定支援事業"",""生活困窮者自立促進支援事業"",""生活保健事務（烏山）"",""生活保健事務（砧）"",""生活保健事務（玉川）"",""生活保健事務（世田谷）"",""生活保健事務（北沢）"",""専門的人材の確保・養成事業"",""相談員業務（烏山）"",""相談員業務（砧）"",""相談員業務（玉川）"",""相談員業務（世田谷）"",""相談員業務（北沢）"",""地域福祉活動等促進事業"",""地域福祉資源開発事業"",""地域保健福祉審議会の運営"",""地域保健福祉等推進基金積立金"",""地域密着型サービス拠点等整備助成"",""地区高齢者見守りネットワーク事業"",""特定中国残留邦人等支援事業"",""特別区区民葬儀助成事業"",""特別養護老人ホーム等運営支援"",""避難行動要支援者支援の推進"",""福祉資金貸付"",""福祉人材育成・研修センター運営事業"",""保健医療福祉総合プラザ維持運営"",""保健福祉サービス苦情審査会運営"",""保健福祉サービス質の向上の推進"",""保健福祉運営事務（烏山）"",""保健福祉運営事務（砧）"",""保健福祉運営事務（玉川）"",""保健福祉運営事務（世田谷）"",""保健福祉運営事務（北沢）"",""保健福祉政策部運営事業"",""保健福祉政策部庶務事務"",""民生委員等活動"",""路上生活対策事業"",""老人保健施設整備助成""],""related_revenues"":[]}","high","approve","B_strong_structural・確信度highの一括承認ルールにより承認"
"bpi_32ead6cb1221d203409f476c7270d953671d8a8a290afa6cc7ca7216bb2ec9d2","高齢者スマートフォン購入費助成","一般会計","民生費","社会福祉費","高齢者福祉費","高齢福祉部 高齢福祉課","0","福祉・保健・社会保障を支える行政","supports","公式予算で民生費の社会福祉費または生活保護費に属するため、福祉・社会保障に関する行政機能を支える予算事業として整理した。これはみらい議会の探索用整理であり、区の公式な課題分類ではない。","B_strong_structural","{""matched_rule_id"":""social-welfare-official-hierarchy"",""budget_item_key"":""2026_general_expenditure_03_01_02"",""identity_fields"":{""display_program_name"":""高齢者スマートフォン購入費助成"",""hierarchy"":[""民生費"",""社会福祉費"",""高齢者福祉費""],""department_display_name"":""高齢福祉部 高齢福祉課"",""amount_thousand_yen"":0},""member_programs"":[{""program_id"":""2026_general_expenditure_03_01_02_03_13_01"",""major_program_name"":""交流・社会参加促進のための事業費"",""budget_program_name"":""高齢者スマートフォン購入費助成"",""detail_program_name"":""高齢者スマートフォン購入費助成"",""source_file"":""ippansaisyutu.csv"",""source_row_number"":9630}],""same_budget_item_other_program_names"":[""あんしん見守り事業"",""シニアボランティアポイント事業"",""ひとりぐらし高齢者の安全確保"",""ひとりぐらし高齢者見守り機器補助事業"",""ひとりぐらし高齢者等状況把握"",""一時生活援助施設運営"",""一般介護予防事業"",""介護予防施策推進事業"",""慶祝事業"",""高齢者おむつ支給"",""高齢者コミュニケーションサービス"",""高齢者はり・灸・マッサージサービス"",""高齢者会食サービス"",""高齢者在宅サービスセンター維持管理"",""高齢者住宅改修助成"",""高齢者寝具乾燥・訪問理美容サービス"",""高齢者補聴器購入費助成"",""支えあいミニデイ支援の推進"",""生活支援体制整備事業"",""生計困難者負担軽減事業"",""地域包括支援センター運営委託"",""地域包括支援センター事務委託"",""地域包括支援センター障害者・子育て家庭等相談事業"",""地域包括支援センター認知症社会参加推進事業"",""認知症在宅生活サポートセンター認知症社会参加推進事業"",""認知症施策運営事業"",""福祉緊急対応"",""民生委員ふれあい訪問"",""養護老人ホーム入所措置""],""related_revenues"":[]}","high","approve","B_strong_structural・確信度highの一括承認ルールにより承認"
"bpi_663c357a1e61d4b65f2d8a2ee73100a441a187950bb73618ba144210fb5144ab","妊婦健康診査","一般会計","衛生費","公衆衛生費","母子保健費","世田谷保健所 健康推進課","0","福祉・保健・社会保障を支える行政","supports","公式予算で衛生費に属するため、保健・公衆衛生に関する行政機能を支える予算事業として整理した。","B_strong_structural","{""matched_rule_id"":""public-health-official-hierarchy"",""budget_item_key"":""2026_general_expenditure_05_03_05"",""identity_fields"":{""display_program_name"":""妊婦健康診査"",""hierarchy"":[""衛生費"",""公衆衛生費"",""母子保健費""],""department_display_name"":""世田谷保健所 健康推進課"",""amount_thousand_yen"":0},""member_programs"":[{""program_id"":""2026_general_expenditure_05_03_05_01_12_01"",""major_program_name"":""母子保健指導事業費"",""budget_program_name"":""妊婦健康診査"",""detail_program_name"":""妊婦健康診査"",""source_file"":""ippansaisyutu.csv"",""source_row_number"":9906}],""same_budget_item_other_program_names"":[""アレルギー疾患相談"",""リプロダクティブ・ヘルス／ライツの周知啓発"",""育児不安・児童虐待防止対策"",""小児慢性特定疾病医療費給付"",""地域と連携した両親学級の充実"",""乳児期家庭（新生児）訪問事業"",""乳幼児健康診査"",""乳幼児歯科健康診査"",""妊産婦及び乳幼児への栄養・食生活支援事業"",""妊産婦及び乳幼児健康診査"",""保健福祉センター乳幼児健康診査"",""保健福祉センター乳幼児歯科健康診査"",""母子保健知識等の普及と啓発"",""未熟児等に対する医療費公費負担""],""related_revenues"":[]}","high","approve","B_strong_structural・確信度highの一括承認ルールにより承認"
"bpi_718b72f2b3d65ea37381c34eef1baf8daee9e74cffc7c29ad8266182fb638505","傷病手当金","国民健康保険事業会計","保険給付費","傷病手当金","傷病手当金","保健福祉政策部 国保・年金課","0","福祉・保健・社会保障を支える行政","supports","公式予算で国民健康保険、後期高齢者医療、介護保険の特別会計に属するため、社会保障に関する行政機能を支える予算事業として整理した。","B_strong_structural","{""matched_rule_id"":""social-insurance-accounts-official-hierarchy"",""budget_item_key"":""2026_national_health_insurance_expenditure_22_08_01"",""identity_fields"":{""display_program_name"":""傷病手当金"",""hierarchy"":[""保険給付費"",""傷病手当金"",""傷病手当金""],""department_display_name"":""保健福祉政策部 国保・年金課"",""amount_thousand_yen"":0},""member_programs"":[{""program_id"":""2026_national_health_insurance_expenditure_22_08_01_01_01_01"",""major_program_name"":""傷病手当金"",""budget_program_name"":""傷病手当金"",""detail_program_name"":""傷病手当金"",""source_file"":""ippansaisyutu.csv"",""source_row_number"":9589}],""same_budget_item_other_program_names"":[],""related_revenues"":[]}","high","approve","B_strong_structural・確信度highの一括承認ルールにより承認"
"bpi_7219e246f1b46d305738781fae5044e499b8524d796462ee5fd60bbce43e8b17","償還金","国民健康保険事業会計","諸支出金","償還金及還付加算金","償還金","保健福祉政策部 国保・年金課","0","福祉・保健・社会保障を支える行政","supports","公式予算で国民健康保険、後期高齢者医療、介護保険の特別会計に属するため、社会保障に関する行政機能を支える予算事業として整理した。","B_strong_structural","{""matched_rule_id"":""social-insurance-accounts-official-hierarchy"",""budget_item_key"":""2026_national_health_insurance_expenditure_27_03_03"",""identity_fields"":{""display_program_name"":""償還金"",""hierarchy"":[""諸支出金"",""償還金及還付加算金"",""償還金""],""department_display_name"":""保健福祉政策部 国保・年金課"",""amount_thousand_yen"":0},""member_programs"":[{""program_id"":""2026_national_health_insurance_expenditure_27_03_03_01_01_01"",""major_program_name"":""償還金"",""budget_program_name"":""償還金"",""detail_program_name"":""償還金"",""source_file"":""ippansaisyutu.csv"",""source_row_number"":9591}],""same_budget_item_other_program_names"":[],""related_revenues"":[]}","high","approve","B_strong_structural・確信度highの一括承認ルールにより承認"
"bpi_86ae2984b4fc61b7082b8d4060789b5c8800813177e1f74b841ff17f836536ae","乳幼児健康診査","一般会計","衛生費","公衆衛生費","母子保健費","世田谷保健所 健康推進課","0","福祉・保健・社会保障を支える行政","supports","公式予算で衛生費に属するため、保健・公衆衛生に関する行政機能を支える予算事業として整理した。","B_strong_structural","{""matched_rule_id"":""public-health-official-hierarchy"",""budget_item_key"":""2026_general_expenditure_05_03_05"",""identity_fields"":{""display_program_name"":""乳幼児健康診査"",""hierarchy"":[""衛生費"",""公衆衛生費"",""母子保健費""],""department_display_name"":""世田谷保健所 健康推進課"",""amount_thousand_yen"":0},""member_programs"":[{""program_id"":""2026_general_expenditure_05_03_05_01_03_01"",""major_program_name"":""母子保健指導事業費"",""budget_program_name"":""乳幼児健康診査"",""detail_program_name"":""乳幼児健康診査"",""source_file"":""ippansaisyutu.csv"",""source_row_number"":9899}],""same_budget_item_other_program_names"":[""アレルギー疾患相談"",""リプロダクティブ・ヘルス／ライツの周知啓発"",""育児不安・児童虐待防止対策"",""小児慢性特定疾病医療費給付"",""地域と連携した両親学級の充実"",""乳児期家庭（新生児）訪問事業"",""乳幼児歯科健康診査"",""妊産婦及び乳幼児への栄養・食生活支援事業"",""妊産婦及び乳幼児健康診査"",""妊婦健康診査"",""保健福祉センター乳幼児健康診査"",""保健福祉センター乳幼児歯科健康診査"",""母子保健知識等の普及と啓発"",""未熟児等に対する医療費公費負担""],""related_revenues"":[]}","high","approve","B_strong_structural・確信度highの一括承認ルールにより承認"
"bpi_8b77908dea32af268e825737d56b75444ea21c7dc57d52f0a8387e2a551569a2","償還金","介護保険事業会計","諸支出金","償還金及還付加算金","償還金","高齢福祉部 介護保険課","0","福祉・保健・社会保障を支える行政","supports","公式予算で国民健康保険、後期高齢者医療、介護保険の特別会計に属するため、社会保障に関する行政機能を支える予算事業として整理した。","B_strong_structural","{""matched_rule_id"":""social-insurance-accounts-official-hierarchy"",""budget_item_key"":""2026_long_term_care_insurance_expenditure_48_01_02"",""identity_fields"":{""display_program_name"":""償還金"",""hierarchy"":[""諸支出金"",""償還金及還付加算金"",""償還金""],""department_display_name"":""高齢福祉部 介護保険課"",""amount_thousand_yen"":0},""member_programs"":[{""program_id"":""2026_long_term_care_insurance_expenditure_48_01_02_01_01_01"",""major_program_name"":""償還金"",""budget_program_name"":""償還金"",""detail_program_name"":""償還金"",""source_file"":""ippansaisyutu.csv"",""source_row_number"":9675}],""same_budget_item_other_program_names"":[],""related_revenues"":[]}","high","approve","B_strong_structural・確信度highの一括承認ルールにより承認"
"bpi_cf25f0a020da77dad0415f621a248d3e3e8d36d3c1958b8edf34f1ea0192e8c8","ボランティア施設改修","一般会計","民生費","社会福祉費","社会福祉総務費","保健福祉政策部 生活福祉課","0","福祉・保健・社会保障を支える行政","supports","公式予算で民生費の社会福祉費または生活保護費に属するため、福祉・社会保障に関する行政機能を支える予算事業として整理した。これはみらい議会の探索用整理であり、区の公式な課題分類ではない。","B_strong_structural","{""matched_rule_id"":""social-welfare-official-hierarchy"",""budget_item_key"":""2026_general_expenditure_03_01_01"",""identity_fields"":{""display_program_name"":""ボランティア施設改修"",""hierarchy"":[""民生費"",""社会福祉費"",""社会福祉総務費""],""department_display_name"":""保健福祉政策部 生活福祉課"",""amount_thousand_yen"":0},""member_programs"":[{""program_id"":""2026_general_expenditure_03_01_01_06_24_01"",""major_program_name"":""その他の社会福祉事業費（２）"",""budget_program_name"":""ボランティア施設改修"",""detail_program_name"":""ボランティア施設改修"",""source_file"":""ippansaisyutu.csv"",""source_row_number"":9564}],""same_budget_item_other_program_names"":[""ケアハウス整備促進等事業"",""ケアマネジメントの総合的推進"",""ひきこもり対策"",""ボランティア団体等援助"",""移動困難者の移送システム"",""医療的ケア児（者）支援の充実"",""医療的ケア児の笑顔を支える基金積立金"",""介護人材確保・定着支援事業"",""介護保険事業会計繰出金"",""旧軍人等の援護"",""後期高齢者医療会計繰出金"",""行旅病人及死亡人取扱"",""高齢福祉部運営事業"",""高齢福祉部庶務事務"",""国民健康保険事業会計繰出金"",""災害時ボランティア受入体制整備事業"",""社会福祉協議会運営助成"",""社会福祉事業団運営助成"",""社会福祉法人に対する高齢者施設整備助成"",""社会福祉法人に対する障害者施設整備助成"",""社会福祉法人の認可・指導検査"",""終活支援センター運営事業"",""住宅手当緊急特別措置事業"",""住民税非課税世帯等への価格高騰重点支援給付金支給"",""障害者グループホーム整備助成"",""障害者サービス広報事業"",""障害者差別解消推進"",""障害者施設整備促進等事業"",""障害者福祉施策の計画・調整"",""障害認定審査事務運営"",""障害福祉部庶務事務"",""心身障害者医療費助成"",""世田谷区地域福祉推進事業"",""世田谷保健福祉センター分室維持管理"",""成年後見制度"",""生活安定支援事業"",""生活困窮者自立促進支援事業"",""生活保健事務（烏山）"",""生活保健事務（砧）"",""生活保健事務（玉川）"",""生活保健事務（世田谷）"",""生活保健事務（北沢）"",""専門的人材の確保・養成事業"",""相談員業務（烏山）"",""相談員業務（砧）"",""相談員業務（玉川）"",""相談員業務（世田谷）"",""相談員業務（北沢）"",""地域福祉活動等促進事業"",""地域福祉資源開発事業"",""地域保健福祉審議会の運営"",""地域保健福祉等推進基金積立金"",""地域密着型サービス拠点等整備助成"",""地区高齢者見守りネットワーク事業"",""特定中国残留邦人等支援事業"",""特別区区民葬儀助成事業"",""特別養護老人ホーム等運営支援"",""避難行動要支援者支援の推進"",""福祉資金貸付"",""福祉人材育成・研修センター運営事業"",""保健医療福祉総合プラザ維持運営"",""保健福祉サービス苦情審査会運営"",""保健福祉サービス質の向上の推進"",""保健福祉運営事務（烏山）"",""保健福祉運営事務（砧）"",""保健福祉運営事務（玉川）"",""保健福祉運営事務（世田谷）"",""保健福祉運営事務（北沢）"",""保健福祉政策部運営事業"",""保健福祉政策部庶務事務"",""民生委員等活動"",""路上生活対策事業"",""老人保健施設整備助成""],""related_revenues"":[]}","high","approve","B_strong_structural・確信度highの一括承認ルールにより承認"
