revenue_detail_id,revenue_section_id,revenue_item_key,fiscal_year,account_code,account_name,kan_code,kan_name,kou_code,kou_name,moku_code,moku_name,setsu_code,setsu_name,saisetsu_code,saisetsu_name,department_display_name,source_funding_category_name,funding_nature,previous_amount_thousand_yen,current_amount_thousand_yen,diff_amount_thousand_yen,is_zero_amount,related_program_count,source_file,source_row_number
rd_2026_general_revenue_01_01_01_01_01_3355400000,rs_2026_general_revenue_01_01_01_01,2026_general_revenue_01_01_01,2026,general,一般会計,01,特別区税,01,特別区民税,01,特別区民税,01,現年課税分,01,特別区民税現年課税分,財務部 納税課,一般財源,general,138498315,153521706,15023391,false,0,ippansainyu.csv,16991
rd_2026_general_revenue_01_01_01_02_01_3355400000,rs_2026_general_revenue_01_01_01_02,2026_general_revenue_01_01_01,2026,general,一般会計,01,特別区税,01,特別区民税,01,特別区民税,02,滞納繰越分,01,特別区民税滞納繰越分,財務部 納税課,一般財源,general,1006388,1042919,36531,false,0,ippansainyu.csv,16992
rd_2026_general_revenue_01_02_01_01_01_3355400000,rs_2026_general_revenue_01_02_01_01,2026_general_revenue_01_02_01,2026,general,一般会計,01,特別区税,02,軽自動車税,01,軽自動車税（種別割）,01,現年課税分,01,軽自動車税（種別割）現年課税分,財務部 納税課,一般財源,general,348559,0,-348559,true,0,ippansainyu.csv,16993
rd_2026_general_revenue_01_02_01_02_01_3355400000,rs_2026_general_revenue_01_02_01_02,2026_general_revenue_01_02_01,2026,general,一般会計,01,特別区税,02,軽自動車税,01,軽自動車税（種別割）,02,滞納繰越分,01,軽自動車税（種別割）滞納繰越分,財務部 納税課,一般財源,general,5676,6160,484,false,0,ippansainyu.csv,16994
rd_2026_general_revenue_01_02_02_01_01_3355400000,rs_2026_general_revenue_01_02_02_01,2026_general_revenue_01_02_02,2026,general,一般会計,01,特別区税,02,軽自動車税,02,軽自動車税（環境性能割）,01,現年課税分,01,軽自動車税（環境性能割）現年課税分,財務部 納税課,一般財源,general,33221,5103,-28118,false,0,ippansainyu.csv,16995
rd_2026_general_revenue_01_02_03_01_01_3355400000,rs_2026_general_revenue_01_02_03_01,2026_general_revenue_01_02_03,2026,general,一般会計,01,特別区税,02,軽自動車税,03,軽自動車税,01,現年課税分,01,軽自動車税現年課税分,財務部 納税課,一般財源,general,0,362518,362518,false,0,ippansainyu.csv,16996
rd_2026_general_revenue_01_06_01_01_01_3355400000,rs_2026_general_revenue_01_06_01_01,2026_general_revenue_01_06_01,2026,general,一般会計,01,特別区税,06,特別区たばこ税,01,特別区たばこ税,01,現年課税分,01,特別区たばこ税現年課税分,財務部 納税課,一般財源,general,4612411,4525026,-87385,false,0,ippansainyu.csv,16997
rd_2026_general_revenue_01_07_01_01_01_3355400000,rs_2026_general_revenue_01_07_01_01,2026_general_revenue_01_07_01,2026,general,一般会計,01,特別区税,07,入湯税,01,入湯税,01,現年課税分,01,入湯税現年課税分,財務部 納税課,一般財源,general,9404,9404,0,false,0,ippansainyu.csv,16998
rd_2026_general_revenue_02_02_01_01_01_3065500000,rs_2026_general_revenue_02_02_01_01,2026_general_revenue_02_02_01,2026,general,一般会計,02,地方譲与税,02,自動車重量譲与税,01,自動車重量譲与税,01,自動車重量譲与税,01,自動車重量譲与税,政策経営部 財政課,一般財源,general,958000,986000,28000,false,0,ippansainyu.csv,16903
rd_2026_general_revenue_02_04_01_01_01_3065500000,rs_2026_general_revenue_02_04_01_01,2026_general_revenue_02_04_01,2026,general,一般会計,02,地方譲与税,04,地方揮発油譲与税,01,地方揮発油譲与税,01,地方揮発油譲与税,01,地方揮発油譲与税,政策経営部 財政課,一般財源,general,282000,236000,-46000,false,0,ippansainyu.csv,16904
rd_2026_general_revenue_02_05_01_01_01_3065500000,rs_2026_general_revenue_02_05_01_01,2026_general_revenue_02_05_01,2026,general,一般会計,02,地方譲与税,05,森林環境譲与税,01,森林環境譲与税,01,森林環境譲与税,01,森林環境譲与税,政策経営部 財政課,一般財源,general,127000,122000,-5000,false,0,ippansainyu.csv,16905
rd_2026_general_revenue_03_01_01_01_01_3355400000,rs_2026_general_revenue_03_01_01_01,2026_general_revenue_03_01_01,2026,general,一般会計,03,利子割交付金,01,利子割交付金,01,利子割交付金,01,利子割交付金,01,利子割交付金,財務部 納税課,一般財源,general,1645000,2280000,635000,false,0,ippansainyu.csv,16999
rd_2026_general_revenue_04_01_01_01_01_3355400000,rs_2026_general_revenue_04_01_01_01,2026_general_revenue_04_01_01,2026,general,一般会計,04,配当割交付金,01,配当割交付金,01,配当割交付金,01,配当割交付金,01,配当割交付金,財務部 納税課,一般財源,general,4045000,4018000,-27000,false,0,ippansainyu.csv,17000
rd_2026_general_revenue_05_01_01_01_01_3355400000,rs_2026_general_revenue_05_01_01_01,2026_general_revenue_05_01_01,2026,general,一般会計,05,株式等譲渡所得割交付金,01,株式等譲渡所得割交付金,01,株式等譲渡所得割交付金,01,株式等譲渡所得割交付金,01,株式等譲渡所得割交付金,財務部 納税課,一般財源,general,4921000,8074000,3153000,false,0,ippansainyu.csv,17001
rd_2026_general_revenue_06_01_01_01_01_3355400000,rs_2026_general_revenue_06_01_01_01,2026_general_revenue_06_01_01,2026,general,一般会計,06,地方消費税交付金,01,地方消費税交付金,01,地方消費税交付金,01,地方消費税交付金,01,地方消費税交付金,財務部 納税課,一般財源,general,23946000,27048000,3102000,false,0,ippansainyu.csv,17002
rd_2026_general_revenue_08_01_01_01_01_3065500000,rs_2026_general_revenue_08_01_01_01,2026_general_revenue_08_01_01,2026,general,一般会計,08,地方特例交付金,01,地方特例交付金,01,地方特例交付金,01,地方特例交付金,01,地方特例交付金,政策経営部 財政課,一般財源,general,343000,847000,504000,false,0,ippansainyu.csv,16906
rd_2026_general_revenue_09_01_01_01_01_3065500000,rs_2026_general_revenue_09_01_01_01,2026_general_revenue_09_01_01,2026,general,一般会計,09,特別区交付金,01,特別区財政調整交付金,01,普通交付金,01,普通交付金,01,特別区財政調整普通交付金,政策経営部 財政課,一般財源,general,68505000,69191707,686707,false,0,ippansainyu.csv,16907
rd_2026_general_revenue_09_01_02_01_01_3065500000,rs_2026_general_revenue_09_01_02_01,2026_general_revenue_09_01_02,2026,general,一般会計,09,特別区交付金,01,特別区財政調整交付金,02,特別交付金,01,特別交付金,01,特別区財政調整特別交付金,政策経営部 財政課,一般財源,general,4000000,5000000,1000000,false,0,ippansainyu.csv,16908
rd_2026_general_revenue_10_01_01_01_01_3895140000,rs_2026_general_revenue_10_01_01_01,2026_general_revenue_10_01_01,2026,general,一般会計,10,交通安全対策特別交付金,01,交通安全対策特別交付金,01,交通安全対策特別交付金,01,交通安全対策特別交付金,01,交通安全対策特別交付金（交通反則金）,土木部 土木計画調整課,一般財源,general,80000,76000,-4000,false,0,ippansainyu.csv,18685
rd_2026_general_revenue_11_01_01_01_01_3645100000,rs_2026_general_revenue_11_01_01_01,2026_general_revenue_11_01_01,2026,general,一般会計,11,分担金及負担金,01,負担金,01,民生費負担金,01,老人福祉施設費,01,養護老人ホーム入所者負担金,高齢福祉部 高齢福祉課,負担金,specific,48487,50235,1748,false,1,ippansainyu.csv,17476
rd_2026_general_revenue_11_01_01_04_01_3665580000,rs_2026_general_revenue_11_01_01_04,2026_general_revenue_11_01_01,2026,general,一般会計,11,分担金及負担金,01,負担金,01,民生費負担金,04,保育所費,01,区立保育園入所者負担金,子ども・若者部 保育課,負担金,specific,491673,11767,-479906,false,1,ippansainyu.csv,18183
rd_2026_general_revenue_11_01_01_04_02_3665580000,rs_2026_general_revenue_11_01_01_04,2026_general_revenue_11_01_01,2026,general,一般会計,11,分担金及負担金,01,負担金,01,民生費負担金,04,保育所費,02,管外公立保育園入所者負担金,子ども・若者部 保育課,負担金,specific,1551,0,-1551,true,0,ippansainyu.csv,18184
rd_2026_general_revenue_11_01_01_04_03_3665580000,rs_2026_general_revenue_11_01_01_04,2026_general_revenue_11_01_01,2026,general,一般会計,11,分担金及負担金,01,負担金,01,民生費負担金,04,保育所費,03,私立保育所入所者負担金,子ども・若者部 保育課,負担金,specific,1782927,0,-1782927,true,0,ippansainyu.csv,18185
rd_2026_general_revenue_11_01_01_05_01_3665500000,rs_2026_general_revenue_11_01_01_05,2026_general_revenue_11_01_01,2026,general,一般会計,11,分担金及負担金,01,負担金,01,民生費負担金,05,児童保護費,01,入院助産入所者負担金,子ども・若者部 子ども家庭課,負担金,specific,732,732,0,false,1,ippansainyu.csv,18046
rd_2026_general_revenue_11_01_01_08_02_3665500000,rs_2026_general_revenue_11_01_01_08,2026_general_revenue_11_01_01,2026,general,一般会計,11,分担金及負担金,01,負担金,01,民生費負担金,08,母子生活支援施設費,02,私立母子生活支援施設入所者負担金,子ども・若者部 子ども家庭課,負担金,specific,239,226,-13,false,1,ippansainyu.csv,18047
rd_2026_general_revenue_11_01_01_08_04_3665500000,rs_2026_general_revenue_11_01_01_08,2026_general_revenue_11_01_01,2026,general,一般会計,11,分担金及負担金,01,負担金,01,民生費負担金,08,母子生活支援施設費,04,区立母子生活支援施設入所者負担金,子ども・若者部 子ども家庭課,負担金,specific,420,395,-25,false,1,ippansainyu.csv,18048
rd_2026_general_revenue_11_01_01_11_01_3665570000,rs_2026_general_revenue_11_01_01_11,2026_general_revenue_11_01_01,2026,general,一般会計,11,分担金及負担金,01,負担金,01,民生費負担金,11,児童養護施設退所者等住宅支援費,01,児童養護施設退所者等入居者負担金,子ども・若者部 児童相談支援課,負担金,specific,620,500,-120,false,1,ippansainyu.csv,18126
rd_2026_general_revenue_11_01_01_12_01_3665570000,rs_2026_general_revenue_11_01_01_12,2026_general_revenue_11_01_01,2026,general,一般会計,11,分担金及負担金,01,負担金,01,民生費負担金,12,児童福祉施設等費,01,児童福祉施設等入所者負担金,子ども・若者部 児童相談支援課,負担金,specific,7709,10219,2510,false,1,ippansainyu.csv,18127
rd_2026_general_revenue_11_01_01_13_01_3665570000,rs_2026_general_revenue_11_01_01_13,2026_general_revenue_11_01_01,2026,general,一般会計,11,分担金及負担金,01,負担金,01,民生費負担金,13,障害児入所施設費,01,障害児施設入所者負担金,子ども・若者部 児童相談支援課,負担金,specific,699,960,261,false,1,ippansainyu.csv,18128
rd_2026_general_revenue_11_01_01_14_01_3665570000,rs_2026_general_revenue_11_01_01_14,2026_general_revenue_11_01_01,2026,general,一般会計,11,分担金及負担金,01,負担金,01,民生費負担金,14,措置費共同経理費,01,措置費共同経理負担金,子ども・若者部 児童相談支援課,負担金,specific,0,118,118,false,1,ippansainyu.csv,18129
rd_2026_general_revenue_11_01_01_14_02_3095100000,rs_2026_general_revenue_11_01_01_14,2026_general_revenue_11_01_01,2026,general,一般会計,11,分担金及負担金,01,負担金,01,民生費負担金,14,措置費共同経理費,02,措置費共同経理負担金,DX推進担当部 ＤＸ推進担当課,負担金,specific,0,3478,3478,false,1,ippansainyu.csv,16924
rd_2026_general_revenue_11_01_03_02_01_3835300000,rs_2026_general_revenue_11_01_03_02,2026_general_revenue_11_01_03,2026,general,一般会計,11,分担金及負担金,01,負担金,03,土木費負担金,02,多摩川玉堤広場管理費,01,多摩川玉堤広場共同管理負担金,みどり33推進担当部 公園緑地課,負担金,specific,75859,85386,9527,false,1,ippansainyu.csv,18619
rd_2026_general_revenue_11_01_03_06_01_3895300000,rs_2026_general_revenue_11_01_03_06,2026_general_revenue_11_01_03,2026,general,一般会計,11,分担金及負担金,01,負担金,03,土木費負担金,06,無電柱化整備費,01,無電柱化事業建設負担金（世田谷・北沢・烏山）,土木部 工事第一課,負担金,specific,0,9725,9725,false,1,ippansainyu.csv,18709
rd_2026_general_revenue_11_01_03_07_01_3865500000,rs_2026_general_revenue_11_01_03_07,2026_general_revenue_11_01_03,2026,general,一般会計,11,分担金及負担金,01,負担金,03,土木費負担金,07,鉄道立体化調査費,01,鉄道立体化調査負担金,道路・交通計画部 交通政策課,負担金,specific,8000,0,-8000,true,0,ippansainyu.csv,18673
rd_2026_general_revenue_12_01_01_01_05_2535100000,rs_2026_general_revenue_12_01_01_01,2026_general_revenue_12_01_01,2026,general,一般会計,12,使用料及手数料,01,使用料,01,総務使用料,01,区民会館,05,烏山区民会館,烏山総合支所 地域振興課,使用料,specific,25300,28699,3399,false,1,ippansainyu.csv,16860
rd_2026_general_revenue_12_01_01_01_07_3405400000,rs_2026_general_revenue_12_01_01_01,2026_general_revenue_12_01_01,2026,general,一般会計,12,使用料及手数料,01,使用料,01,総務使用料,01,区民会館,07,世田谷区民会館,生活文化政策部 文化・国際課,使用料,specific,51543,92648,41105,false,1,ippansainyu.csv,17045
rd_2026_general_revenue_12_01_01_02_01_2535100000,rs_2026_general_revenue_12_01_01_02,2026_general_revenue_12_01_01,2026,general,一般会計,12,使用料及手数料,01,使用料,01,総務使用料,02,区民センター,01,烏山区民センター,烏山総合支所 地域振興課,使用料,specific,5221,5474,253,false,1,ippansainyu.csv,16861
rd_2026_general_revenue_12_01_01_02_02_2135100000,rs_2026_general_revenue_12_01_01_02,2026_general_revenue_12_01_01,2026,general,一般会計,12,使用料及手数料,01,使用料,01,総務使用料,02,区民センター,02,太子堂区民センター,世田谷総合支所 地域振興課,使用料,specific,5444,6355,911,false,1,ippansainyu.csv,16739
rd_2026_general_revenue_12_01_01_02_03_2135100000,rs_2026_general_revenue_12_01_01_02,2026_general_revenue_12_01_01,2026,general,一般会計,12,使用料及手数料,01,使用料,01,総務使用料,02,区民センター,03,弦巻区民センター,世田谷総合支所 地域振興課,使用料,specific,9163,8761,-402,false,1,ippansainyu.csv,16740
rd_2026_general_revenue_12_01_01_02_04_2135100000,rs_2026_general_revenue_12_01_01_02,2026_general_revenue_12_01_01,2026,general,一般会計,12,使用料及手数料,01,使用料,01,総務使用料,02,区民センター,04,宮坂区民センター,世田谷総合支所 地域振興課,使用料,specific,13462,15334,1872,false,1,ippansainyu.csv,16741
rd_2026_general_revenue_12_01_01_02_05_2235100000,rs_2026_general_revenue_12_01_01_02,2026_general_revenue_12_01_01,2026,general,一般会計,12,使用料及手数料,01,使用料,01,総務使用料,02,区民センター,05,代田区民センター,北沢総合支所 地域振興課,使用料,specific,5707,6387,680,false,1,ippansainyu.csv,16777
rd_2026_general_revenue_12_01_01_02_06_2335100000,rs_2026_general_revenue_12_01_01_02,2026_general_revenue_12_01_01,2026,general,一般会計,12,使用料及手数料,01,使用料,01,総務使用料,02,区民センター,06,深沢区民センター,玉川総合支所 地域振興課,使用料,specific,3680,3750,70,false,1,ippansainyu.csv,16803
rd_2026_general_revenue_12_01_01_02_07_2335100000,rs_2026_general_revenue_12_01_01_02,2026_general_revenue_12_01_01,2026,general,一般会計,12,使用料及手数料,01,使用料,01,総務使用料,02,区民センター,07,奥沢区民センター,玉川総合支所 地域振興課,使用料,specific,2070,2110,40,false,1,ippansainyu.csv,16804
rd_2026_general_revenue_12_01_01_02_08_2335100000,rs_2026_general_revenue_12_01_01_02,2026_general_revenue_12_01_01,2026,general,一般会計,12,使用料及手数料,01,使用料,01,総務使用料,02,区民センター,08,玉川台区民センター,玉川総合支所 地域振興課,使用料,specific,2300,4920,2620,false,1,ippansainyu.csv,16805
rd_2026_general_revenue_12_01_01_02_09_2535100000,rs_2026_general_revenue_12_01_01_02,2026_general_revenue_12_01_01,2026,general,一般会計,12,使用料及手数料,01,使用料,01,総務使用料,02,区民センター,09,上北沢区民センター,烏山総合支所 地域振興課,使用料,specific,3117,3530,413,false,1,ippansainyu.csv,16862
rd_2026_general_revenue_12_01_01_02_10_2535100000,rs_2026_general_revenue_12_01_01_02,2026_general_revenue_12_01_01,2026,general,一般会計,12,使用料及手数料,01,使用料,01,総務使用料,02,区民センター,10,粕谷区民センター,烏山総合支所 地域振興課,使用料,specific,4140,4731,591,false,1,ippansainyu.csv,16863
rd_2026_general_revenue_12_01_01_02_11_2435100000,rs_2026_general_revenue_12_01_01_02,2026_general_revenue_12_01_01,2026,general,一般会計,12,使用料及手数料,01,使用料,01,総務使用料,02,区民センター,11,鎌田区民センター,砧総合支所 地域振興課,使用料,specific,5221,5810,589,false,1,ippansainyu.csv,16833
rd_2026_general_revenue_12_01_01_02_12_2135100000,rs_2026_general_revenue_12_01_01_02,2026_general_revenue_12_01_01,2026,general,一般会計,12,使用料及手数料,01,使用料,01,総務使用料,02,区民センター,12,桜丘区民センター,世田谷総合支所 地域振興課,使用料,specific,9374,10273,899,false,1,ippansainyu.csv,16742
rd_2026_general_revenue_12_01_01_03_06_2535100000,rs_2026_general_revenue_12_01_01_03,2026_general_revenue_12_01_01,2026,general,一般会計,12,使用料及手数料,01,使用料,01,総務使用料,03,食堂施設,06,上北沢区民センター,烏山総合支所 地域振興課,使用料,specific,489,489,0,false,1,ippansainyu.csv,16864
rd_2026_general_revenue_12_01_01_03_08_2135100000,rs_2026_general_revenue_12_01_01_03,2026_general_revenue_12_01_01,2026,general,一般会計,12,使用料及手数料,01,使用料,01,総務使用料,03,食堂施設,08,宮坂区民センター,世田谷総合支所 地域振興課,使用料,specific,434,435,1,false,1,ippansainyu.csv,16743
rd_2026_general_revenue_12_01_01_05_01_3235200000,rs_2026_general_revenue_12_01_01_05,2026_general_revenue_12_01_01,2026,general,一般会計,12,使用料及手数料,01,使用料,01,総務使用料,05,総務施設,01,庁舎,庁舎整備担当部 庁舎管理担当課,使用料,specific,2983,3974,991,false,1,ippansainyu.csv,16958
rd_2026_general_revenue_12_01_01_05_02_2335100000,rs_2026_general_revenue_12_01_01_05,2026_general_revenue_12_01_01,2026,general,一般会計,12,使用料及手数料,01,使用料,01,総務使用料,05,総務施設,02,玉川総合支所,玉川総合支所 地域振興課,使用料,specific,4728,6222,1494,false,1,ippansainyu.csv,16806
rd_2026_general_revenue_12_01_01_05_03_2135100000,rs_2026_general_revenue_12_01_01_05,2026_general_revenue_12_01_01,2026,general,一般会計,12,使用料及手数料,01,使用料,01,総務使用料,05,総務施設,03,世田谷地域出張所,世田谷総合支所 地域振興課,使用料,specific,129,0,-129,true,0,ippansainyu.csv,16744
rd_2026_general_revenue_12_01_01_05_04_2335100000,rs_2026_general_revenue_12_01_01_05,2026_general_revenue_12_01_01,2026,general,一般会計,12,使用料及手数料,01,使用料,01,総務使用料,05,総務施設,04,玉川地域出張所,玉川総合支所 地域振興課,使用料,specific,43,44,1,false,1,ippansainyu.csv,16807
rd_2026_general_revenue_12_01_01_05_05_2435100000,rs_2026_general_revenue_12_01_01_05,2026_general_revenue_12_01_01,2026,general,一般会計,12,使用料及手数料,01,使用料,01,総務使用料,05,総務施設,05,砧地域出張所,砧総合支所 地域振興課,使用料,specific,58,122,64,false,1,ippansainyu.csv,16834
rd_2026_general_revenue_12_01_01_05_06_2535100000,rs_2026_general_revenue_12_01_01_05,2026_general_revenue_12_01_01,2026,general,一般会計,12,使用料及手数料,01,使用料,01,総務使用料,05,総務施設,06,烏山区民センター,烏山総合支所 地域振興課,使用料,specific,808,811,3,false,1,ippansainyu.csv,16865
rd_2026_general_revenue_12_01_01_05_12_2435100000,rs_2026_general_revenue_12_01_01_05,2026_general_revenue_12_01_01,2026,general,一般会計,12,使用料及手数料,01,使用料,01,総務使用料,05,総務施設,12,砧地域地区会館,砧総合支所 地域振興課,使用料,specific,68,44,-24,false,1,ippansainyu.csv,16835
rd_2026_general_revenue_12_01_01_05_13_2235100000,rs_2026_general_revenue_12_01_01_05,2026_general_revenue_12_01_01,2026,general,一般会計,12,使用料及手数料,01,使用料,01,総務使用料,05,総務施設,13,北沢地域出張所,北沢総合支所 地域振興課,使用料,specific,400,50,-350,false,1,ippansainyu.csv,16778
rd_2026_general_revenue_12_01_01_05_14_2135100000,rs_2026_general_revenue_12_01_01_05,2026_general_revenue_12_01_01,2026,general,一般会計,12,使用料及手数料,01,使用料,01,総務使用料,05,総務施設,14,桜丘区民センター,世田谷総合支所 地域振興課,使用料,specific,56,58,2,false,1,ippansainyu.csv,16745
rd_2026_general_revenue_12_01_01_05_15_2135100000,rs_2026_general_revenue_12_01_01_05,2026_general_revenue_12_01_01,2026,general,一般会計,12,使用料及手数料,01,使用料,01,総務使用料,05,総務施設,15,世田谷地域地区会館,世田谷総合支所 地域振興課,使用料,specific,240,251,11,false,1,ippansainyu.csv,16746
rd_2026_general_revenue_12_01_01_05_17_2535100000,rs_2026_general_revenue_12_01_01_05,2026_general_revenue_12_01_01,2026,general,一般会計,12,使用料及手数料,01,使用料,01,総務使用料,05,総務施設,17,烏山地域地区会館,烏山総合支所 地域振興課,使用料,specific,467,151,-316,false,1,ippansainyu.csv,16866
rd_2026_general_revenue_12_01_01_05_18_2235100000,rs_2026_general_revenue_12_01_01_05,2026_general_revenue_12_01_01,2026,general,一般会計,12,使用料及手数料,01,使用料,01,総務使用料,05,総務施設,18,北沢タウンホール,北沢総合支所 地域振興課,使用料,specific,5000,5800,800,false,1,ippansainyu.csv,16779
rd_2026_general_revenue_12_01_01_05_20_3405450000,rs_2026_general_revenue_12_01_01_05,2026_general_revenue_12_01_01,2026,general,一般会計,12,使用料及手数料,01,使用料,01,総務使用料,05,総務施設,20,男女共同参画センター研修室,生活文化政策部 人権男女共同参画課,使用料,specific,621,600,-21,false,1,ippansainyu.csv,17063
rd_2026_general_revenue_12_01_01_05_25_2235100000,rs_2026_general_revenue_12_01_01_05,2026_general_revenue_12_01_01,2026,general,一般会計,12,使用料及手数料,01,使用料,01,総務使用料,05,総務施設,25,北沢地域地区会館,北沢総合支所 地域振興課,使用料,specific,222,0,-222,true,0,ippansainyu.csv,16780
rd_2026_general_revenue_12_01_01_05_34_2535100000,rs_2026_general_revenue_12_01_01_05,2026_general_revenue_12_01_01,2026,general,一般会計,12,使用料及手数料,01,使用料,01,総務使用料,05,総務施設,34,粕谷区民センター,烏山総合支所 地域振興課,使用料,specific,89,92,3,false,1,ippansainyu.csv,16867
rd_2026_general_revenue_12_01_01_05_41_2435100000,rs_2026_general_revenue_12_01_01_05,2026_general_revenue_12_01_01,2026,general,一般会計,12,使用料及手数料,01,使用料,01,総務使用料,05,総務施設,41,砧総合支所,砧総合支所 地域振興課,使用料,specific,132,204,72,false,1,ippansainyu.csv,16836
rd_2026_general_revenue_12_01_01_05_43_3405500000,rs_2026_general_revenue_12_01_01_05,2026_general_revenue_12_01_01,2026,general,一般会計,12,使用料及手数料,01,使用料,01,総務使用料,05,総務施設,43,区民健康村用地,生活文化政策部 健康村・ふる交流課,使用料,specific,224,213,-11,false,1,ippansainyu.csv,17078
rd_2026_general_revenue_12_01_01_05_44_3235200000,rs_2026_general_revenue_12_01_01_05,2026_general_revenue_12_01_01,2026,general,一般会計,12,使用料及手数料,01,使用料,01,総務使用料,05,総務施設,44,分庁舎,庁舎整備担当部 庁舎管理担当課,使用料,specific,10,10,0,false,1,ippansainyu.csv,16959
rd_2026_general_revenue_12_01_01_05_45_2435100000,rs_2026_general_revenue_12_01_01_05,2026_general_revenue_12_01_01,2026,general,一般会計,12,使用料及手数料,01,使用料,01,総務使用料,05,総務施設,45,鎌田区民センター,砧総合支所 地域振興課,使用料,specific,3,0,-3,true,0,ippansainyu.csv,16837
rd_2026_general_revenue_12_01_01_05_47_3445550000,rs_2026_general_revenue_12_01_01_05,2026_general_revenue_12_01_01,2026,general,一般会計,12,使用料及手数料,01,使用料,01,総務使用料,05,総務施設,47,大蔵第二運動公園運動施設,スポーツ推進部 スポーツ施設課,使用料,specific,1300,1000,-300,false,1,ippansainyu.csv,17109
rd_2026_general_revenue_12_01_01_05_48_2135100000,rs_2026_general_revenue_12_01_01_05,2026_general_revenue_12_01_01,2026,general,一般会計,12,使用料及手数料,01,使用料,01,総務使用料,05,総務施設,48,弦巻区民センター,世田谷総合支所 地域振興課,使用料,specific,587,587,0,false,1,ippansainyu.csv,16747
rd_2026_general_revenue_12_01_01_05_50_3445550000,rs_2026_general_revenue_12_01_01_05,2026_general_revenue_12_01_01,2026,general,一般会計,12,使用料及手数料,01,使用料,01,総務使用料,05,総務施設,50,総合運動場,スポーツ推進部 スポーツ施設課,使用料,specific,439,440,1,false,1,ippansainyu.csv,17110
rd_2026_general_revenue_12_01_01_05_51_3445550000,rs_2026_general_revenue_12_01_01_05,2026_general_revenue_12_01_01,2026,general,一般会計,12,使用料及手数料,01,使用料,01,総務使用料,05,総務施設,51,千歳温水プール,スポーツ推進部 スポーツ施設課,使用料,specific,413,547,134,false,1,ippansainyu.csv,17111
rd_2026_general_revenue_12_01_01_05_52_2535100000,rs_2026_general_revenue_12_01_01_05,2026_general_revenue_12_01_01,2026,general,一般会計,12,使用料及手数料,01,使用料,01,総務使用料,05,総務施設,52,烏山総合支所,烏山総合支所 地域振興課,使用料,specific,8,8,0,false,1,ippansainyu.csv,16868
rd_2026_general_revenue_12_01_01_05_54_2535100000,rs_2026_general_revenue_12_01_01_05,2026_general_revenue_12_01_01,2026,general,一般会計,12,使用料及手数料,01,使用料,01,総務使用料,05,総務施設,54,上北沢区民センター,烏山総合支所 地域振興課,使用料,specific,22,23,1,false,1,ippansainyu.csv,16869
rd_2026_general_revenue_12_01_01_05_55_2135100000,rs_2026_general_revenue_12_01_01_05,2026_general_revenue_12_01_01,2026,general,一般会計,12,使用料及手数料,01,使用料,01,総務使用料,05,総務施設,55,スカイキャロット展望ロビー,世田谷総合支所 地域振興課,使用料,specific,514,529,15,false,1,ippansainyu.csv,16748
rd_2026_general_revenue_12_01_01_11_01_2135100000,rs_2026_general_revenue_12_01_01_11,2026_general_revenue_12_01_01,2026,general,一般会計,12,使用料及手数料,01,使用料,01,総務使用料,11,地区会館,01,世田谷地域地区会館,世田谷総合支所 地域振興課,使用料,specific,23508,27536,4028,false,1,ippansainyu.csv,16749
rd_2026_general_revenue_12_01_01_11_02_2235100000,rs_2026_general_revenue_12_01_01_11,2026_general_revenue_12_01_01,2026,general,一般会計,12,使用料及手数料,01,使用料,01,総務使用料,11,地区会館,02,北沢地域地区会館,北沢総合支所 地域振興課,使用料,specific,13755,16164,2409,false,1,ippansainyu.csv,16781
rd_2026_general_revenue_12_01_01_11_03_2335100000,rs_2026_general_revenue_12_01_01_11,2026_general_revenue_12_01_01,2026,general,一般会計,12,使用料及手数料,01,使用料,01,総務使用料,11,地区会館,03,玉川地域地区会館,玉川総合支所 地域振興課,使用料,specific,25300,29000,3700,false,1,ippansainyu.csv,16808
rd_2026_general_revenue_12_01_01_11_04_2435100000,rs_2026_general_revenue_12_01_01_11,2026_general_revenue_12_01_01,2026,general,一般会計,12,使用料及手数料,01,使用料,01,総務使用料,11,地区会館,04,砧地域地区会館,砧総合支所 地域振興課,使用料,specific,13928,16408,2480,false,1,ippansainyu.csv,16838
rd_2026_general_revenue_12_01_01_11_05_2535100000,rs_2026_general_revenue_12_01_01_11,2026_general_revenue_12_01_01,2026,general,一般会計,12,使用料及手数料,01,使用料,01,総務使用料,11,地区会館,05,烏山地域地区会館,烏山総合支所 地域振興課,使用料,specific,3795,4342,547,false,1,ippansainyu.csv,16870
rd_2026_general_revenue_12_01_01_12_01_2135100000,rs_2026_general_revenue_12_01_01_12,2026_general_revenue_12_01_01,2026,general,一般会計,12,使用料及手数料,01,使用料,01,総務使用料,12,区民集会所,01,世田谷地域区民集会所,世田谷総合支所 地域振興課,使用料,specific,12466,15693,3227,false,1,ippansainyu.csv,16750
rd_2026_general_revenue_12_01_01_12_02_2235100000,rs_2026_general_revenue_12_01_01_12,2026_general_revenue_12_01_01,2026,general,一般会計,12,使用料及手数料,01,使用料,01,総務使用料,12,区民集会所,02,北沢地域区民集会所,北沢総合支所 地域振興課,使用料,specific,10523,12376,1853,false,1,ippansainyu.csv,16782
rd_2026_general_revenue_12_01_01_12_03_2335100000,rs_2026_general_revenue_12_01_01_12,2026_general_revenue_12_01_01,2026,general,一般会計,12,使用料及手数料,01,使用料,01,総務使用料,12,区民集会所,03,玉川地域区民集会所,玉川総合支所 地域振興課,使用料,specific,8050,8300,250,false,1,ippansainyu.csv,16809
rd_2026_general_revenue_12_01_01_12_04_2435100000,rs_2026_general_revenue_12_01_01_12,2026_general_revenue_12_01_01,2026,general,一般会計,12,使用料及手数料,01,使用料,01,総務使用料,12,区民集会所,04,砧地域区民集会所,砧総合支所 地域振興課,使用料,specific,10508,11865,1357,false,1,ippansainyu.csv,16839
rd_2026_general_revenue_12_01_01_12_05_2535100000,rs_2026_general_revenue_12_01_01_12,2026_general_revenue_12_01_01,2026,general,一般会計,12,使用料及手数料,01,使用料,01,総務使用料,12,区民集会所,05,烏山地域区民集会所,烏山総合支所 地域振興課,使用料,specific,3864,4456,592,false,1,ippansainyu.csv,16871
rd_2026_general_revenue_12_01_01_13_01_3405400000,rs_2026_general_revenue_12_01_01_13,2026_general_revenue_12_01_01,2026,general,一般会計,12,使用料及手数料,01,使用料,01,総務使用料,13,文化施設,01,美術館,生活文化政策部 文化・国際課,使用料,specific,10934,13516,2582,false,1,ippansainyu.csv,17046
rd_2026_general_revenue_12_01_01_13_02_3405400000,rs_2026_general_revenue_12_01_01_13,2026_general_revenue_12_01_01,2026,general,一般会計,12,使用料及手数料,01,使用料,01,総務使用料,13,文化施設,02,文学館,生活文化政策部 文化・国際課,使用料,specific,504,748,244,false,1,ippansainyu.csv,17047
rd_2026_general_revenue_12_01_01_13_03_3405400000,rs_2026_general_revenue_12_01_01_13,2026_general_revenue_12_01_01,2026,general,一般会計,12,使用料及手数料,01,使用料,01,総務使用料,13,文化施設,03,文化生活情報センター,生活文化政策部 文化・国際課,使用料,specific,3282,3346,64,false,1,ippansainyu.csv,17048
rd_2026_general_revenue_12_01_01_15_02_2435100000,rs_2026_general_revenue_12_01_01_15,2026_general_revenue_12_01_01,2026,general,一般会計,12,使用料及手数料,01,使用料,01,総務使用料,15,区役所駐車場,02,砧総合支所駐車場,砧総合支所 地域振興課,使用料,specific,5565,5381,-184,false,1,ippansainyu.csv,16840
rd_2026_general_revenue_12_01_01_16_02_3445550000,rs_2026_general_revenue_12_01_01_16,2026_general_revenue_12_01_01,2026,general,一般会計,12,使用料及手数料,01,使用料,01,総務使用料,16,スポーツ施設,02,地域体育館・地区体育室,スポーツ推進部 スポーツ施設課,使用料,specific,22406,21346,-1060,false,1,ippansainyu.csv,17112
rd_2026_general_revenue_12_01_01_17_02_3405350000,rs_2026_general_revenue_12_01_01_17,2026_general_revenue_12_01_01,2026,general,一般会計,12,使用料及手数料,01,使用料,01,総務使用料,17,生涯現役施設,02,土と農の交流園,生活文化政策部 市民活動推進課,使用料,specific,1,1,0,false,1,ippansainyu.csv,17008
rd_2026_general_revenue_12_01_01_17_04_3405350000,rs_2026_general_revenue_12_01_01_17,2026_general_revenue_12_01_01,2026,general,一般会計,12,使用料及手数料,01,使用料,01,総務使用料,17,生涯現役施設,04,敬老会館・高齢者集会所,生活文化政策部 市民活動推進課,使用料,specific,4573,4789,216,false,1,ippansainyu.csv,17009
rd_2026_general_revenue_12_01_01_17_05_3405350000,rs_2026_general_revenue_12_01_01_17,2026_general_revenue_12_01_01,2026,general,一般会計,12,使用料及手数料,01,使用料,01,総務使用料,17,生涯現役施設,05,支えあい活動拠点,生活文化政策部 市民活動推進課,使用料,specific,274,311,37,false,1,ippansainyu.csv,17010
rd_2026_general_revenue_12_01_01_17_06_3405350000,rs_2026_general_revenue_12_01_01_17,2026_general_revenue_12_01_01,2026,general,一般会計,12,使用料及手数料,01,使用料,01,総務使用料,17,生涯現役施設,06,陶芸教室,生活文化政策部 市民活動推進課,使用料,specific,4,4,0,false,1,ippansainyu.csv,17011
rd_2026_general_revenue_12_01_01_17_07_3405350000,rs_2026_general_revenue_12_01_01_17,2026_general_revenue_12_01_01,2026,general,一般会計,12,使用料及手数料,01,使用料,01,総務使用料,17,生涯現役施設,07,健康増進・交流施設,生活文化政策部 市民活動推進課,使用料,specific,2091,1952,-139,false,1,ippansainyu.csv,17012
rd_2026_general_revenue_12_01_02_02_02_3665200000,rs_2026_general_revenue_12_01_02_02,2026_general_revenue_12_01_02,2026,general,一般会計,12,使用料及手数料,01,使用料,02,民生使用料,02,民生施設,02,児童館,子ども・若者部 児童課,使用料,specific,1840,1840,0,false,1,ippansainyu.csv,18014
rd_2026_general_revenue_12_01_02_02_03_3665580000,rs_2026_general_revenue_12_01_02_02,2026_general_revenue_12_01_02,2026,general,一般会計,12,使用料及手数料,01,使用料,02,民生使用料,02,民生施設,03,保育園,子ども・若者部 保育課,使用料,specific,189,68,-121,false,1,ippansainyu.csv,18186
rd_2026_general_revenue_12_01_02_02_12_3655200000,rs_2026_general_revenue_12_01_02_02,2026_general_revenue_12_01_02,2026,general,一般会計,12,使用料及手数料,01,使用料,02,民生使用料,02,民生施設,12,障害者休養ホームひまわり荘,障害福祉部 障害地域生活課,使用料,specific,547,776,229,false,1,ippansainyu.csv,17830
rd_2026_general_revenue_12_01_02_02_17_3665500000,rs_2026_general_revenue_12_01_02_02,2026_general_revenue_12_01_02,2026,general,一般会計,12,使用料及手数料,01,使用料,02,民生使用料,02,民生施設,17,母子生活支援施設,子ども・若者部 子ども家庭課,使用料,specific,9,4,-5,false,1,ippansainyu.csv,18049
rd_2026_general_revenue_12_01_02_02_29_3645100000,rs_2026_general_revenue_12_01_02_02,2026_general_revenue_12_01_02,2026,general,一般会計,12,使用料及手数料,01,使用料,02,民生使用料,02,民生施設,29,高齢者在宅サービスセンター（開放分）,高齢福祉部 高齢福祉課,使用料,specific,571,557,-14,false,1,ippansainyu.csv,17477
rd_2026_general_revenue_12_01_02_02_31_3645100000,rs_2026_general_revenue_12_01_02_02,2026_general_revenue_12_01_02,2026,general,一般会計,12,使用料及手数料,01,使用料,02,民生使用料,02,民生施設,31,梅丘高齢者在宅サービスセンター,高齢福祉部 高齢福祉課,使用料,specific,5490,5463,-27,false,1,ippansainyu.csv,17478
rd_2026_general_revenue_12_01_02_02_34_3655200000,rs_2026_general_revenue_12_01_02_02,2026_general_revenue_12_01_02,2026,general,一般会計,12,使用料及手数料,01,使用料,02,民生使用料,02,民生施設,34,奥沢福祉園,障害福祉部 障害地域生活課,使用料,specific,3,5,2,false,1,ippansainyu.csv,17831
rd_2026_general_revenue_12_01_02_02_36_3665580000,rs_2026_general_revenue_12_01_02_02,2026_general_revenue_12_01_02,2026,general,一般会計,12,使用料及手数料,01,使用料,02,民生使用料,02,民生施設,36,私立保育園,子ども・若者部 保育課,使用料,specific,3041,2741,-300,false,1,ippansainyu.csv,18187
rd_2026_general_revenue_12_01_02_02_38_3665500000,rs_2026_general_revenue_12_01_02_02,2026_general_revenue_12_01_02,2026,general,一般会計,12,使用料及手数料,01,使用料,02,民生使用料,02,民生施設,38,子育てステーション,子ども・若者部 子ども家庭課,使用料,specific,6523,6642,119,false,1,ippansainyu.csv,18050
rd_2026_general_revenue_12_01_02_02_39_3655200000,rs_2026_general_revenue_12_01_02_02,2026_general_revenue_12_01_02,2026,general,一般会計,12,使用料及手数料,01,使用料,02,民生使用料,02,民生施設,39,生活寮,障害福祉部 障害地域生活課,使用料,specific,1110,1162,52,false,1,ippansainyu.csv,17832
rd_2026_general_revenue_12_01_02_02_40_3655200000,rs_2026_general_revenue_12_01_02_02,2026_general_revenue_12_01_02,2026,general,一般会計,12,使用料及手数料,01,使用料,02,民生使用料,02,民生施設,40,身体障害者自立体験ホーム,障害福祉部 障害地域生活課,使用料,specific,1412,1499,87,false,1,ippansainyu.csv,17833
rd_2026_general_revenue_12_01_02_02_46_3655200000,rs_2026_general_revenue_12_01_02_02,2026_general_revenue_12_01_02,2026,general,一般会計,12,使用料及手数料,01,使用料,02,民生使用料,02,民生施設,46,ＣＡＴＶ使用料,障害福祉部 障害地域生活課,使用料,specific,22,23,1,false,1,ippansainyu.csv,17834
rd_2026_general_revenue_12_01_02_02_51_3655200000,rs_2026_general_revenue_12_01_02_02,2026_general_revenue_12_01_02,2026,general,一般会計,12,使用料及手数料,01,使用料,02,民生使用料,02,民生施設,51,砧工房分場キタミ・クリーンファーム,障害福祉部 障害地域生活課,使用料,specific,214,0,-214,true,0,ippansainyu.csv,17835
rd_2026_general_revenue_12_01_02_02_54_3655200000,rs_2026_general_revenue_12_01_02_02,2026_general_revenue_12_01_02,2026,general,一般会計,12,使用料及手数料,01,使用料,02,民生使用料,02,民生施設,54,緊急一時保護（ひまわり荘）,障害福祉部 障害地域生活課,使用料,specific,46,46,0,false,1,ippansainyu.csv,17836
rd_2026_general_revenue_12_01_02_02_55_3655200000,rs_2026_general_revenue_12_01_02_02,2026_general_revenue_12_01_02,2026,general,一般会計,12,使用料及手数料,01,使用料,02,民生使用料,02,民生施設,55,北烏山三丁目障害者施設,障害福祉部 障害地域生活課,使用料,specific,0,199,199,false,1,ippansainyu.csv,17837
rd_2026_general_revenue_12_01_02_02_56_3655200000,rs_2026_general_revenue_12_01_02_02,2026_general_revenue_12_01_02,2026,general,一般会計,12,使用料及手数料,01,使用料,02,民生使用料,02,民生施設,56,駒沢生活実習所,障害福祉部 障害地域生活課,使用料,specific,213,222,9,false,1,ippansainyu.csv,17838
rd_2026_general_revenue_12_01_02_02_57_3665150000,rs_2026_general_revenue_12_01_02_02,2026_general_revenue_12_01_02,2026,general,一般会計,12,使用料及手数料,01,使用料,02,民生使用料,02,民生施設,57,池之上青少年交流センター,子ども・若者部 子ども・若者支援課,使用料,specific,346,396,50,false,1,ippansainyu.csv,17938
rd_2026_general_revenue_12_01_02_02_58_3665150000,rs_2026_general_revenue_12_01_02_02,2026_general_revenue_12_01_02,2026,general,一般会計,12,使用料及手数料,01,使用料,02,民生使用料,02,民生施設,58,野毛青少年交流センター,子ども・若者部 子ども・若者支援課,使用料,specific,21,27,6,false,1,ippansainyu.csv,17939
rd_2026_general_revenue_12_01_02_02_60_3665570000,rs_2026_general_revenue_12_01_02_02,2026_general_revenue_12_01_02,2026,general,一般会計,12,使用料及手数料,01,使用料,02,民生使用料,02,民生施設,60,産後ケアセンター,子ども・若者部 児童相談支援課,使用料,specific,11961,11523,-438,false,1,ippansainyu.csv,18130
rd_2026_general_revenue_12_01_02_02_63_3595150000,rs_2026_general_revenue_12_01_02_02,2026_general_revenue_12_01_02,2026,general,一般会計,12,使用料及手数料,01,使用料,02,民生使用料,02,民生施設,63,保健医療福祉総合プラザ,保健福祉政策部 保福推進課,使用料,specific,7466,10375,2909,false,1,ippansainyu.csv,17257
rd_2026_general_revenue_12_01_02_02_66_3645100000,rs_2026_general_revenue_12_01_02_02,2026_general_revenue_12_01_02,2026,general,一般会計,12,使用料及手数料,01,使用料,02,民生使用料,02,民生施設,66,一時生活援助施設,高齢福祉部 高齢福祉課,使用料,specific,1080,637,-443,false,1,ippansainyu.csv,17479
rd_2026_general_revenue_12_01_02_02_67_3645100000,rs_2026_general_revenue_12_01_02_02,2026_general_revenue_12_01_02,2026,general,一般会計,12,使用料及手数料,01,使用料,02,民生使用料,02,民生施設,67,南烏山四丁目高齢者施設,高齢福祉部 高齢福祉課,使用料,specific,22,23,1,false,1,ippansainyu.csv,17480
rd_2026_general_revenue_12_01_02_02_68_3665150000,rs_2026_general_revenue_12_01_02_02,2026_general_revenue_12_01_02,2026,general,一般会計,12,使用料及手数料,01,使用料,02,民生使用料,02,民生施設,68,希望丘青少年交流センター,子ども・若者部 子ども・若者支援課,使用料,specific,1,1,0,false,1,ippansainyu.csv,17940
rd_2026_general_revenue_12_01_02_02_73_3595200000,rs_2026_general_revenue_12_01_02_02,2026_general_revenue_12_01_02,2026,general,一般会計,12,使用料及手数料,01,使用料,02,民生使用料,02,民生施設,73,北沢ボランティアビューロー,保健福祉政策部 生活福祉課,使用料,specific,22,0,-22,true,0,ippansainyu.csv,17275
rd_2026_general_revenue_12_01_02_02_74_3665150000,rs_2026_general_revenue_12_01_02_02,2026_general_revenue_12_01_02,2026,general,一般会計,12,使用料及手数料,01,使用料,02,民生使用料,02,民生施設,74,利用者実費負担（野毛青少年交流センター）,子ども・若者部 子ども・若者支援課,使用料,specific,116,133,17,false,1,ippansainyu.csv,17941
rd_2026_general_revenue_12_01_02_02_75_3665150000,rs_2026_general_revenue_12_01_02_02,2026_general_revenue_12_01_02,2026,general,一般会計,12,使用料及手数料,01,使用料,02,民生使用料,02,民生施設,75,利用者実費負担（希望丘青少年交流センター）,子ども・若者部 子ども・若者支援課,使用料,specific,28,14,-14,false,1,ippansainyu.csv,17942
rd_2026_general_revenue_12_01_02_03_02_3815450000,rs_2026_general_revenue_12_01_02_03,2026_general_revenue_12_01_02,2026,general,一般会計,12,使用料及手数料,01,使用料,02,民生使用料,03,高齢者住宅,02,高齢者集合住宅,都市整備政策部 住宅課,使用料,specific,8783,6502,-2281,false,1,ippansainyu.csv,18540
rd_2026_general_revenue_12_01_02_03_05_3645100000,rs_2026_general_revenue_12_01_02_03,2026_general_revenue_12_01_02,2026,general,一般会計,12,使用料及手数料,01,使用料,02,民生使用料,03,高齢者住宅,05,認知症高齢者グループホーム,高齢福祉部 高齢福祉課,使用料,specific,2277,2410,133,false,1,ippansainyu.csv,17481
rd_2026_general_revenue_12_01_03_01_10_3785700000,rs_2026_general_revenue_12_01_03_01,2026_general_revenue_12_01_03,2026,general,一般会計,12,使用料及手数料,01,使用料,03,衛生使用料,01,保健所,10,食品従事者検便,世田谷保健所 生活保健課,使用料,specific,2940,2940,0,false,1,ippansainyu.csv,18504
rd_2026_general_revenue_12_01_03_01_11_2165300000,rs_2026_general_revenue_12_01_03_01,2026_general_revenue_12_01_03,2026,general,一般会計,12,使用料及手数料,01,使用料,03,衛生使用料,01,保健所,11,健康相談（世田谷）,世田谷総合支所 健康づくり課,使用料,specific,197,197,0,false,1,ippansainyu.csv,16774
rd_2026_general_revenue_12_01_03_01_12_2265300000,rs_2026_general_revenue_12_01_03_01,2026_general_revenue_12_01_03,2026,general,一般会計,12,使用料及手数料,01,使用料,03,衛生使用料,01,保健所,12,健康相談（北沢）,北沢総合支所 健康づくり課,使用料,specific,187,191,4,false,1,ippansainyu.csv,16799
rd_2026_general_revenue_12_01_03_01_13_2365300000,rs_2026_general_revenue_12_01_03_01,2026_general_revenue_12_01_03,2026,general,一般会計,12,使用料及手数料,01,使用料,03,衛生使用料,01,保健所,13,健康相談（玉川）,玉川総合支所 健康づくり課,使用料,specific,210,193,-17,false,1,ippansainyu.csv,16830
rd_2026_general_revenue_12_01_03_01_14_2465300000,rs_2026_general_revenue_12_01_03_01,2026_general_revenue_12_01_03,2026,general,一般会計,12,使用料及手数料,01,使用料,03,衛生使用料,01,保健所,14,健康相談（砧）,砧総合支所 健康づくり課,使用料,specific,160,186,26,false,1,ippansainyu.csv,16856
rd_2026_general_revenue_12_01_03_01_15_2565300000,rs_2026_general_revenue_12_01_03_01,2026_general_revenue_12_01_03,2026,general,一般会計,12,使用料及手数料,01,使用料,03,衛生使用料,01,保健所,15,健康相談（烏山）,烏山総合支所 健康づくり課,使用料,specific,200,160,-40,false,1,ippansainyu.csv,16893
rd_2026_general_revenue_12_01_03_01_16_2165300000,rs_2026_general_revenue_12_01_03_01,2026_general_revenue_12_01_03,2026,general,一般会計,12,使用料及手数料,01,使用料,03,衛生使用料,01,保健所,16,歯科相談（世田谷）,世田谷総合支所 健康づくり課,使用料,specific,192,173,-19,false,1,ippansainyu.csv,16775
rd_2026_general_revenue_12_01_03_01_17_2265300000,rs_2026_general_revenue_12_01_03_01,2026_general_revenue_12_01_03,2026,general,一般会計,12,使用料及手数料,01,使用料,03,衛生使用料,01,保健所,17,歯科相談（北沢）,北沢総合支所 健康づくり課,使用料,specific,246,246,0,false,1,ippansainyu.csv,16800
rd_2026_general_revenue_12_01_03_01_18_2365300000,rs_2026_general_revenue_12_01_03_01,2026_general_revenue_12_01_03,2026,general,一般会計,12,使用料及手数料,01,使用料,03,衛生使用料,01,保健所,18,歯科相談（玉川）,玉川総合支所 健康づくり課,使用料,specific,285,232,-53,false,1,ippansainyu.csv,16831
rd_2026_general_revenue_12_01_03_01_19_2465300000,rs_2026_general_revenue_12_01_03_01,2026_general_revenue_12_01_03,2026,general,一般会計,12,使用料及手数料,01,使用料,03,衛生使用料,01,保健所,19,歯科相談（砧）,砧総合支所 健康づくり課,使用料,specific,160,176,16,false,1,ippansainyu.csv,16857
rd_2026_general_revenue_12_01_03_01_20_2565300000,rs_2026_general_revenue_12_01_03_01,2026_general_revenue_12_01_03,2026,general,一般会計,12,使用料及手数料,01,使用料,03,衛生使用料,01,保健所,20,歯科相談（烏山）,烏山総合支所 健康づくり課,使用料,specific,352,352,0,false,1,ippansainyu.csv,16894
rd_2026_general_revenue_12_01_03_01_31_3785100000,rs_2026_general_revenue_12_01_03_01,2026_general_revenue_12_01_03,2026,general,一般会計,12,使用料及手数料,01,使用料,03,衛生使用料,01,保健所,31,大腸がん検診,世田谷保健所 健康企画課,使用料,specific,1052,1057,5,false,1,ippansainyu.csv,18382
rd_2026_general_revenue_12_01_03_01_32_3785250000,rs_2026_general_revenue_12_01_03_01,2026_general_revenue_12_01_03,2026,general,一般会計,12,使用料及手数料,01,使用料,03,衛生使用料,01,保健所,32,健康者検便,世田谷保健所 感染症対策課,使用料,specific,388,329,-59,false,1,ippansainyu.csv,18471
rd_2026_general_revenue_12_01_03_02_03_3785100000,rs_2026_general_revenue_12_01_03_02,2026_general_revenue_12_01_03,2026,general,一般会計,12,使用料及手数料,01,使用料,03,衛生使用料,02,保健センター,03,健康増進,世田谷保健所 健康企画課,使用料,specific,11442,11510,68,false,1,ippansainyu.csv,18383
rd_2026_general_revenue_12_01_03_02_06_3785100000,rs_2026_general_revenue_12_01_03_02,2026_general_revenue_12_01_03,2026,general,一般会計,12,使用料及手数料,01,使用料,03,衛生使用料,02,保健センター,06,胃がん検診,世田谷保健所 健康企画課,使用料,specific,4216,4053,-163,false,1,ippansainyu.csv,18384
rd_2026_general_revenue_12_01_03_02_07_3785100000,rs_2026_general_revenue_12_01_03_02,2026_general_revenue_12_01_03,2026,general,一般会計,12,使用料及手数料,01,使用料,03,衛生使用料,02,保健センター,07,乳がん検診,世田谷保健所 健康企画課,使用料,specific,1443,1444,1,false,1,ippansainyu.csv,18385
rd_2026_general_revenue_12_01_03_03_02_3595150000,rs_2026_general_revenue_12_01_03_03,2026_general_revenue_12_01_03,2026,general,一般会計,12,使用料及手数料,01,使用料,03,衛生使用料,03,衛生施設,02,保健センター,保健福祉政策部 保福推進課,使用料,specific,136,272,136,false,1,ippansainyu.csv,17258
rd_2026_general_revenue_12_01_04_03_01_3525400000,rs_2026_general_revenue_12_01_04_03,2026_general_revenue_12_01_04,2026,general,一般会計,12,使用料及手数料,01,使用料,04,産業経済使用料,03,区民農園,01,区民農園,経済産業部 都市農業課,使用料,specific,11911,19565,7654,false,1,ippansainyu.csv,17183
rd_2026_general_revenue_12_01_05_01_25_3895300000,rs_2026_general_revenue_12_01_05_01,2026_general_revenue_12_01_05,2026,general,一般会計,12,使用料及手数料,01,使用料,05,土木使用料,01,道路占用,25,電力関係,土木部 工事第一課,使用料,specific,1297700,1297500,-200,false,1,ippansainyu.csv,18710
rd_2026_general_revenue_12_01_05_01_26_3895300000,rs_2026_general_revenue_12_01_05_01,2026_general_revenue_12_01_05,2026,general,一般会計,12,使用料及手数料,01,使用料,05,土木使用料,01,道路占用,26,ガス関係,土木部 工事第一課,使用料,specific,921800,922900,1100,false,2,ippansainyu.csv,18711
rd_2026_general_revenue_12_01_05_01_28_3895300000,rs_2026_general_revenue_12_01_05_01,2026_general_revenue_12_01_05,2026,general,一般会計,12,使用料及手数料,01,使用料,05,土木使用料,01,道路占用,28,電気通信関係,土木部 工事第一課,使用料,specific,1101900,1101600,-300,false,1,ippansainyu.csv,18712
rd_2026_general_revenue_12_01_05_01_29_3895300000,rs_2026_general_revenue_12_01_05_01,2026_general_revenue_12_01_05,2026,general,一般会計,12,使用料及手数料,01,使用料,05,土木使用料,01,道路占用,29,一般占用,土木部 工事第一課,使用料,specific,439100,425000,-14100,false,1,ippansainyu.csv,18713
rd_2026_general_revenue_12_01_05_02_08_3895300000,rs_2026_general_revenue_12_01_05_02,2026_general_revenue_12_01_05,2026,general,一般会計,12,使用料及手数料,01,使用料,05,土木使用料,02,公共物占用,08,水路,土木部 工事第一課,使用料,specific,16700,19000,2300,false,1,ippansainyu.csv,18714
rd_2026_general_revenue_12_01_05_03_01_3895200000,rs_2026_general_revenue_12_01_05_03,2026_general_revenue_12_01_05,2026,general,一般会計,12,使用料及手数料,01,使用料,05,土木使用料,03,土木施設,01,自転車等駐車場,土木部 交通安全自転車課,使用料,specific,526,2904,2378,false,1,ippansainyu.csv,18697
rd_2026_general_revenue_12_01_05_03_06_3815450000,rs_2026_general_revenue_12_01_05_03,2026_general_revenue_12_01_05,2026,general,一般会計,12,使用料及手数料,01,使用料,05,土木使用料,03,土木施設,06,公営住宅,都市整備政策部 住宅課,使用料,specific,1605,247,-1358,false,1,ippansainyu.csv,18541
rd_2026_general_revenue_12_01_05_03_07_3895200000,rs_2026_general_revenue_12_01_05_03,2026_general_revenue_12_01_05,2026,general,一般会計,12,使用料及手数料,01,使用料,05,土木使用料,03,土木施設,07,放置自転車等保管所,土木部 交通安全自転車課,使用料,specific,0,66,66,false,1,ippansainyu.csv,18698
rd_2026_general_revenue_12_01_05_03_10_3895300000,rs_2026_general_revenue_12_01_05_03,2026_general_revenue_12_01_05,2026,general,一般会計,12,使用料及手数料,01,使用料,05,土木使用料,03,土木施設,10,土木管理事務所（世田谷・北沢・烏山）,土木部 工事第一課,使用料,specific,22,23,1,false,1,ippansainyu.csv,18715
rd_2026_general_revenue_12_01_05_05_03_3835300000,rs_2026_general_revenue_12_01_05_05,2026_general_revenue_12_01_05,2026,general,一般会計,12,使用料及手数料,01,使用料,05,土木使用料,05,公園占用,03,公園常時占用,みどり33推進担当部 公園緑地課,使用料,specific,9953,10571,618,false,1,ippansainyu.csv,18620
rd_2026_general_revenue_12_01_05_05_04_3835300000,rs_2026_general_revenue_12_01_05_05,2026_general_revenue_12_01_05,2026,general,一般会計,12,使用料及手数料,01,使用料,05,土木使用料,05,公園占用,04,公園一時占用,みどり33推進担当部 公園緑地課,使用料,specific,37596,27666,-9930,false,1,ippansainyu.csv,18621
rd_2026_general_revenue_12_01_05_06_01_3835300000,rs_2026_general_revenue_12_01_05_06,2026_general_revenue_12_01_05,2026,general,一般会計,12,使用料及手数料,01,使用料,05,土木使用料,06,公園施設,01,ミニＳＬ,みどり33推進担当部 公園緑地課,使用料,specific,5044,5360,316,false,1,ippansainyu.csv,18622
rd_2026_general_revenue_12_01_05_06_04_3835300000,rs_2026_general_revenue_12_01_05_06,2026_general_revenue_12_01_05,2026,general,一般会計,12,使用料及手数料,01,使用料,05,土木使用料,06,公園施設,04,多摩川玉堤広場,みどり33推進担当部 公園緑地課,使用料,specific,15320,18846,3526,false,1,ippansainyu.csv,18623
rd_2026_general_revenue_12_01_05_06_05_3835300000,rs_2026_general_revenue_12_01_05_06,2026_general_revenue_12_01_05,2026,general,一般会計,12,使用料及手数料,01,使用料,05,土木使用料,06,公園施設,05,公園水泳場,みどり33推進担当部 公園緑地課,使用料,specific,5558,6166,608,false,1,ippansainyu.csv,18624
rd_2026_general_revenue_12_01_05_06_10_3835300000,rs_2026_general_revenue_12_01_05_06,2026_general_revenue_12_01_05,2026,general,一般会計,12,使用料及手数料,01,使用料,05,土木使用料,06,公園施設,10,公園有料施設,みどり33推進担当部 公園緑地課,使用料,specific,73521,81104,7583,false,1,ippansainyu.csv,18625
rd_2026_general_revenue_12_01_05_06_13_3835300000,rs_2026_general_revenue_12_01_05_06,2026_general_revenue_12_01_05,2026,general,一般会計,12,使用料及手数料,01,使用料,05,土木使用料,06,公園施設,13,公園駐車場,みどり33推進担当部 公園緑地課,使用料,specific,31938,42340,10402,false,1,ippansainyu.csv,18626
rd_2026_general_revenue_12_01_05_06_14_3835300000,rs_2026_general_revenue_12_01_05_06,2026_general_revenue_12_01_05,2026,general,一般会計,12,使用料及手数料,01,使用料,05,土木使用料,06,公園施設,14,公園売店,みどり33推進担当部 公園緑地課,使用料,specific,9065,9140,75,false,1,ippansainyu.csv,18627
rd_2026_general_revenue_12_01_05_06_15_3835300000,rs_2026_general_revenue_12_01_05_06,2026_general_revenue_12_01_05,2026,general,一般会計,12,使用料及手数料,01,使用料,05,土木使用料,06,公園施設,15,シェアサイクルポート,みどり33推進担当部 公園緑地課,使用料,specific,0,2788,2788,false,1,ippansainyu.csv,18628
rd_2026_general_revenue_12_01_05_07_01_3815450000,rs_2026_general_revenue_12_01_05_07,2026_general_revenue_12_01_05,2026,general,一般会計,12,使用料及手数料,01,使用料,05,土木使用料,07,公的住宅,01,公営住宅,都市整備政策部 住宅課,使用料,specific,517489,518910,1421,false,1,ippansainyu.csv,18542
rd_2026_general_revenue_12_01_05_07_03_3815450000,rs_2026_general_revenue_12_01_05_07,2026_general_revenue_12_01_05,2026,general,一般会計,12,使用料及手数料,01,使用料,05,土木使用料,07,公的住宅,03,公営住宅（基金）,都市整備政策部 住宅課,使用料,specific,42232,35192,-7040,false,1,ippansainyu.csv,18543
rd_2026_general_revenue_12_01_05_07_09_3815450000,rs_2026_general_revenue_12_01_05_07,2026_general_revenue_12_01_05,2026,general,一般会計,12,使用料及手数料,01,使用料,05,土木使用料,07,公的住宅,09,特定公共賃貸住宅（基金）,都市整備政策部 住宅課,使用料,specific,7666,7402,-264,false,1,ippansainyu.csv,18544
rd_2026_general_revenue_12_01_05_07_10_3815450000,rs_2026_general_revenue_12_01_05_07,2026_general_revenue_12_01_05,2026,general,一般会計,12,使用料及手数料,01,使用料,05,土木使用料,07,公的住宅,10,区立地域優良賃貸住宅,都市整備政策部 住宅課,使用料,specific,36406,37170,764,false,1,ippansainyu.csv,18545
rd_2026_general_revenue_12_01_05_07_11_3815450000,rs_2026_general_revenue_12_01_05_07,2026_general_revenue_12_01_05,2026,general,一般会計,12,使用料及手数料,01,使用料,05,土木使用料,07,公的住宅,11,区立地域優良賃貸住宅（基金）,都市整備政策部 住宅課,使用料,specific,35296,36757,1461,false,1,ippansainyu.csv,18546
rd_2026_general_revenue_12_01_06_01_01_4960160000,rs_2026_general_revenue_12_01_06_01,2026_general_revenue_12_01_06,2026,general,一般会計,12,使用料及手数料,01,使用料,06,教育使用料,01,学校施設,01,小学校,教育委員会事務局 教育環境課,使用料,specific,3929,2274,-1655,false,1,ippansainyu.csv,18784
rd_2026_general_revenue_12_01_06_01_02_4960160000,rs_2026_general_revenue_12_01_06_01,2026_general_revenue_12_01_06,2026,general,一般会計,12,使用料及手数料,01,使用料,06,教育使用料,01,学校施設,02,中学校,教育委員会事務局 教育環境課,使用料,specific,5272,5840,568,false,1,ippansainyu.csv,18785
rd_2026_general_revenue_12_01_06_01_03_4960160000,rs_2026_general_revenue_12_01_06_01,2026_general_revenue_12_01_06,2026,general,一般会計,12,使用料及手数料,01,使用料,06,教育使用料,01,学校施設,03,幼稚園,教育委員会事務局 教育環境課,使用料,specific,161,73,-88,false,1,ippansainyu.csv,18786
rd_2026_general_revenue_12_01_06_02_01_4985400000,rs_2026_general_revenue_12_01_06_02,2026_general_revenue_12_01_06,2026,general,一般会計,12,使用料及手数料,01,使用料,06,教育使用料,02,幼稚園,01,幼稚園保育料,教育委員会事務局 乳幼教・保支課,使用料,specific,3392,127,-3265,false,1,ippansainyu.csv,18907
rd_2026_general_revenue_12_01_06_02_02_4985400000,rs_2026_general_revenue_12_01_06_02,2026_general_revenue_12_01_06,2026,general,一般会計,12,使用料及手数料,01,使用料,06,教育使用料,02,幼稚園,02,幼稚園預かり保育料,教育委員会事務局 乳幼教・保支課,使用料,specific,7425,4133,-3292,false,2,ippansainyu.csv,18908
rd_2026_general_revenue_12_01_06_05_05_4965100000,rs_2026_general_revenue_12_01_06_05,2026_general_revenue_12_01_06,2026,general,一般会計,12,使用料及手数料,01,使用料,06,教育使用料,05,教育施設,05,民家園,教育委員会事務局 生涯学習課,使用料,specific,42,43,1,false,1,ippansainyu.csv,18822
rd_2026_general_revenue_12_01_06_05_07_4965100000,rs_2026_general_revenue_12_01_06_05,2026_general_revenue_12_01_06,2026,general,一般会計,12,使用料及手数料,01,使用料,06,教育使用料,05,教育施設,07,陶芸室,教育委員会事務局 生涯学習課,使用料,specific,1275,1415,140,false,1,ippansainyu.csv,18823
rd_2026_general_revenue_12_01_06_05_11_4980100000,rs_2026_general_revenue_12_01_06_05,2026_general_revenue_12_01_06,2026,general,一般会計,12,使用料及手数料,01,使用料,06,教育使用料,05,教育施設,11,新ＢＯＰ,教育委員会事務局 地域学校連携課,使用料,specific,489708,481459,-8249,false,1,ippansainyu.csv,18872
rd_2026_general_revenue_12_01_06_05_12_4965100000,rs_2026_general_revenue_12_01_06_05,2026_general_revenue_12_01_06,2026,general,一般会計,12,使用料及手数料,01,使用料,06,教育使用料,05,教育施設,12,郷土資料館,教育委員会事務局 生涯学習課,使用料,specific,10,3,-7,false,1,ippansainyu.csv,18824
rd_2026_general_revenue_12_01_06_05_15_4980100000,rs_2026_general_revenue_12_01_06_05,2026_general_revenue_12_01_06,2026,general,一般会計,12,使用料及手数料,01,使用料,06,教育使用料,05,教育施設,15,学校施設開放,教育委員会事務局 地域学校連携課,使用料,specific,75745,77694,1949,false,1,ippansainyu.csv,18873
rd_2026_general_revenue_12_01_06_05_19_4985100000,rs_2026_general_revenue_12_01_06_05,2026_general_revenue_12_01_06,2026,general,一般会計,12,使用料及手数料,01,使用料,06,教育使用料,05,教育施設,19,教育総合センター研修室,教育委員会事務局 教育相談課,使用料,specific,88,105,17,false,1,ippansainyu.csv,18879
rd_2026_general_revenue_12_01_06_05_20_4985100000,rs_2026_general_revenue_12_01_06_05,2026_general_revenue_12_01_06,2026,general,一般会計,12,使用料及手数料,01,使用料,06,教育使用料,05,教育施設,20,教育総合センター,教育委員会事務局 教育相談課,使用料,specific,49,0,-49,true,0,ippansainyu.csv,18880
rd_2026_general_revenue_12_01_06_05_21_4965200000,rs_2026_general_revenue_12_01_06_05,2026_general_revenue_12_01_06,2026,general,一般会計,12,使用料及手数料,01,使用料,06,教育使用料,05,教育施設,21,プラネタリウム,教育委員会事務局 中央図書館,使用料,specific,6605,7255,650,false,1,ippansainyu.csv,18836
rd_2026_general_revenue_12_01_06_05_22_4985100000,rs_2026_general_revenue_12_01_06_05,2026_general_revenue_12_01_06,2026,general,一般会計,12,使用料及手数料,01,使用料,06,教育使用料,05,教育施設,22,教育相談室,教育委員会事務局 教育相談課,使用料,specific,2616,2739,123,false,1,ippansainyu.csv,18881
rd_2026_general_revenue_12_01_06_05_23_4965200000,rs_2026_general_revenue_12_01_06_05,2026_general_revenue_12_01_06,2026,general,一般会計,12,使用料及手数料,01,使用料,06,教育使用料,05,教育施設,23,教育会館,教育委員会事務局 中央図書館,使用料,specific,21,23,2,false,1,ippansainyu.csv,18837
rd_2026_general_revenue_12_01_06_05_24_4965200000,rs_2026_general_revenue_12_01_06_05,2026_general_revenue_12_01_06,2026,general,一般会計,12,使用料及手数料,01,使用料,06,教育使用料,05,教育施設,24,図書館,教育委員会事務局 中央図書館,使用料,specific,25,25,0,false,1,ippansainyu.csv,18838
rd_2026_general_revenue_12_01_06_05_25_4965200000,rs_2026_general_revenue_12_01_06_05,2026_general_revenue_12_01_06,2026,general,一般会計,12,使用料及手数料,01,使用料,06,教育使用料,05,教育施設,25,梅丘図書館,教育委員会事務局 中央図書館,使用料,specific,0,1100,1100,false,1,ippansainyu.csv,18839
rd_2026_general_revenue_12_01_07_01_01_3555300000,rs_2026_general_revenue_12_01_07_01,2026_general_revenue_12_01_07,2026,general,一般会計,12,使用料及手数料,01,使用料,07,環境使用料,01,清掃・リサイクル普及啓発施設,01,エコプラザ用賀,環境政策部 事業課,使用料,specific,3537,3958,421,false,1,ippansainyu.csv,17200
rd_2026_general_revenue_12_01_07_02_02_3555500000,rs_2026_general_revenue_12_01_07_02,2026_general_revenue_12_01_07,2026,general,一般会計,12,使用料及手数料,01,使用料,07,環境使用料,02,清掃事務所,02,玉川清掃事務所,環境政策部 玉川清掃事務所,使用料,specific,8,8,0,false,1,ippansainyu.csv,17226
rd_2026_general_revenue_12_01_07_03_01_3555100000,rs_2026_general_revenue_12_01_07_03,2026_general_revenue_12_01_07,2026,general,一般会計,12,使用料及手数料,01,使用料,07,環境使用料,03,清掃・リサイクル施設,01,大蔵一丁目施設,環境政策部 管理課,使用料,specific,69,0,-69,true,0,ippansainyu.csv,17195
rd_2026_general_revenue_12_01_07_03_02_3555100000,rs_2026_general_revenue_12_01_07_03,2026_general_revenue_12_01_07,2026,general,一般会計,12,使用料及手数料,01,使用料,07,環境使用料,03,清掃・リサイクル施設,02,大蔵一丁目施設,環境政策部 管理課,使用料,specific,0,72,72,false,1,ippansainyu.csv,17196
rd_2026_general_revenue_12_01_07_04_01_3465120000,rs_2026_general_revenue_12_01_07_04,2026_general_revenue_12_01_07,2026,general,一般会計,12,使用料及手数料,01,使用料,07,環境使用料,04,太陽光発電施設（三浦）,01,太陽光発電施設（三浦）,環境政策部 気候危機対策課,使用料,specific,3,3,0,false,1,ippansainyu.csv,17140
rd_2026_general_revenue_12_02_01_01_01_3355400000,rs_2026_general_revenue_12_02_01_01,2026_general_revenue_12_02_01,2026,general,一般会計,12,使用料及手数料,02,手数料,01,総務手数料,01,証明閲覧,01,納・課税証明,財務部 納税課,手数料,specific,31447,27120,-4327,false,1,ippansainyu.csv,17003
rd_2026_general_revenue_12_02_01_01_02_3415220000,rs_2026_general_revenue_12_02_01_01,2026_general_revenue_12_02_01,2026,general,一般会計,12,使用料及手数料,02,手数料,01,総務手数料,01,証明閲覧,02,住民基本台帳証明・閲覧,地域行政部 住民記録・戸籍課,手数料,specific,104293,106491,2198,false,2,ippansainyu.csv,17087
rd_2026_general_revenue_12_02_01_01_03_3415220000,rs_2026_general_revenue_12_02_01_01,2026_general_revenue_12_02_01,2026,general,一般会計,12,使用料及手数料,02,手数料,01,総務手数料,01,証明閲覧,03,印鑑登録証明,地域行政部 住民記録・戸籍課,手数料,specific,54542,52555,-1987,false,1,ippansainyu.csv,17088
rd_2026_general_revenue_12_02_01_01_04_3415220000,rs_2026_general_revenue_12_02_01_01,2026_general_revenue_12_02_01,2026,general,一般会計,12,使用料及手数料,02,手数料,01,総務手数料,01,証明閲覧,04,印鑑登録証,地域行政部 住民記録・戸籍課,手数料,specific,3120,2980,-140,false,1,ippansainyu.csv,17089
rd_2026_general_revenue_12_02_01_01_05_3415220000,rs_2026_general_revenue_12_02_01_01,2026_general_revenue_12_02_01,2026,general,一般会計,12,使用料及手数料,02,手数料,01,総務手数料,01,証明閲覧,05,戸籍謄抄本諸証明,地域行政部 住民記録・戸籍課,手数料,specific,107430,88758,-18672,false,1,ippansainyu.csv,17090
rd_2026_general_revenue_12_02_01_01_08_3415220000,rs_2026_general_revenue_12_02_01_01,2026_general_revenue_12_02_01,2026,general,一般会計,12,使用料及手数料,02,手数料,01,総務手数料,01,証明閲覧,08,戸籍の附票・身分証明等,地域行政部 住民記録・戸籍課,手数料,specific,9000,9000,0,false,1,ippansainyu.csv,17091
rd_2026_general_revenue_12_02_01_01_14_3205100000,rs_2026_general_revenue_12_02_01_01,2026_general_revenue_12_02_01,2026,general,一般会計,12,使用料及手数料,02,手数料,01,総務手数料,01,証明閲覧,14,その他行政証明（総務部）,総務部 総務課,手数料,specific,1,1,0,false,1,ippansainyu.csv,16934
rd_2026_general_revenue_12_02_01_01_19_3415220000,rs_2026_general_revenue_12_02_01_01,2026_general_revenue_12_02_01,2026,general,一般会計,12,使用料及手数料,02,手数料,01,総務手数料,01,証明閲覧,19,耕地整理証明,地域行政部 住民記録・戸籍課,手数料,specific,1,1,0,false,1,ippansainyu.csv,17092
rd_2026_general_revenue_12_02_01_02_01_3415100000,rs_2026_general_revenue_12_02_01_02,2026_general_revenue_12_02_01,2026,general,一般会計,12,使用料及手数料,02,手数料,01,総務手数料,02,システム登録,01,けやきネット（システム）,地域行政部 地域行政課,手数料,specific,9300,18700,9400,false,1,ippansainyu.csv,17081
rd_2026_general_revenue_12_02_02_01_02_3595110000,rs_2026_general_revenue_12_02_02_01,2026_general_revenue_12_02_02,2026,general,一般会計,12,使用料及手数料,02,手数料,02,民生手数料,01,諸証明,02,社会福祉法人理事証明等,保健福祉政策部 保健福祉政策課,手数料,specific,1,1,0,false,1,ippansainyu.csv,17232
rd_2026_general_revenue_12_02_02_01_03_3665580000,rs_2026_general_revenue_12_02_02_01,2026_general_revenue_12_02_02,2026,general,一般会計,12,使用料及手数料,02,手数料,02,民生手数料,01,諸証明,03,児童福祉施設等諸証明,子ども・若者部 保育課,手数料,specific,4,6,2,false,1,ippansainyu.csv,18188
rd_2026_general_revenue_12_02_03_01_01_3465200000,rs_2026_general_revenue_12_02_03_01,2026_general_revenue_12_02_03,2026,general,一般会計,12,使用料及手数料,02,手数料,03,環境手数料,01,工場公害防止認可,01,工場設置認可,環境政策部 環境保全課,手数料,specific,26,26,0,false,1,ippansainyu.csv,17152
rd_2026_general_revenue_12_02_03_01_02_3465200000,rs_2026_general_revenue_12_02_03_01,2026_general_revenue_12_02_03,2026,general,一般会計,12,使用料及手数料,02,手数料,03,環境手数料,01,工場公害防止認可,02,変更認可,環境政策部 環境保全課,手数料,specific,38,38,0,false,1,ippansainyu.csv,17153
rd_2026_general_revenue_12_02_03_03_01_3465200000,rs_2026_general_revenue_12_02_03_03,2026_general_revenue_12_02_03,2026,general,一般会計,12,使用料及手数料,02,手数料,03,環境手数料,03,諸証明,01,電気供給・工場認可証明,環境政策部 環境保全課,手数料,specific,1,1,0,false,1,ippansainyu.csv,17154
rd_2026_general_revenue_12_02_03_04_03_3555300000,rs_2026_general_revenue_12_02_03_04,2026_general_revenue_12_02_03,2026,general,一般会計,12,使用料及手数料,02,手数料,03,環境手数料,04,清掃等指導業務,03,一般廃棄物処理業許可,環境政策部 事業課,手数料,specific,1613,1183,-430,false,1,ippansainyu.csv,17201
rd_2026_general_revenue_12_02_03_05_01_3555300000,rs_2026_general_revenue_12_02_03_05,2026_general_revenue_12_02_03,2026,general,一般会計,12,使用料及手数料,02,手数料,03,環境手数料,05,有料ごみ処理券,01,有料ごみ処理券,環境政策部 事業課,手数料,specific,742162,554444,-187718,false,1,ippansainyu.csv,17202
rd_2026_general_revenue_12_02_03_06_01_3555300000,rs_2026_general_revenue_12_02_03_06,2026_general_revenue_12_02_03,2026,general,一般会計,12,使用料及手数料,02,手数料,03,環境手数料,06,動物死体処理,01,動物死体処理,環境政策部 事業課,手数料,specific,930,930,0,false,1,ippansainyu.csv,17203
rd_2026_general_revenue_12_02_03_07_04_3555100000,rs_2026_general_revenue_12_02_03_07,2026_general_revenue_12_02_03,2026,general,一般会計,12,使用料及手数料,02,手数料,03,環境手数料,07,廃棄物処理,04,廃棄物処理,環境政策部 管理課,手数料,specific,1,0,-1,true,0,ippansainyu.csv,17197
rd_2026_general_revenue_12_02_03_07_05_3555100000,rs_2026_general_revenue_12_02_03_07,2026_general_revenue_12_02_03,2026,general,一般会計,12,使用料及手数料,02,手数料,03,環境手数料,07,廃棄物処理,05,廃棄物処理,環境政策部 管理課,手数料,specific,0,1,1,false,1,ippansainyu.csv,17198
rd_2026_general_revenue_12_02_03_08_01_3555300000,rs_2026_general_revenue_12_02_03_08,2026_general_revenue_12_02_03,2026,general,一般会計,12,使用料及手数料,02,手数料,03,環境手数料,08,粗大ごみ処理,01,粗大ごみ処理キャッシュレス決済手数料,環境政策部 事業課,手数料,specific,49454,202302,152848,false,1,ippansainyu.csv,17204
rd_2026_general_revenue_12_02_04_01_01_3785700000,rs_2026_general_revenue_12_02_04_01,2026_general_revenue_12_02_04,2026,general,一般会計,12,使用料及手数料,02,手数料,04,衛生手数料,01,証明閲覧,01,証明閲覧（食品衛生）,世田谷保健所 生活保健課,手数料,specific,18,21,3,false,1,ippansainyu.csv,18505
rd_2026_general_revenue_12_02_04_01_02_3785700000,rs_2026_general_revenue_12_02_04_01,2026_general_revenue_12_02_04,2026,general,一般会計,12,使用料及手数料,02,手数料,04,衛生手数料,01,証明閲覧,02,証明閲覧（畜犬）,世田谷保健所 生活保健課,手数料,specific,1,1,0,false,1,ippansainyu.csv,18506
rd_2026_general_revenue_12_02_04_01_04_3785700000,rs_2026_general_revenue_12_02_04_01,2026_general_revenue_12_02_04,2026,general,一般会計,12,使用料及手数料,02,手数料,04,衛生手数料,01,証明閲覧,04,証明閲覧（医事薬事）,世田谷保健所 生活保健課,手数料,specific,30,30,0,false,1,ippansainyu.csv,18507
rd_2026_general_revenue_12_02_04_01_05_3785700000,rs_2026_general_revenue_12_02_04_01,2026_general_revenue_12_02_04,2026,general,一般会計,12,使用料及手数料,02,手数料,04,衛生手数料,01,証明閲覧,05,証明閲覧（環境衛生）,世田谷保健所 生活保健課,手数料,specific,12,12,0,false,1,ippansainyu.csv,18508
rd_2026_general_revenue_12_02_04_01_09_3785250000,rs_2026_general_revenue_12_02_04_01,2026_general_revenue_12_02_04,2026,general,一般会計,12,使用料及手数料,02,手数料,04,衛生手数料,01,証明閲覧,09,予防接種証明書,世田谷保健所 感染症対策課,手数料,specific,60,60,0,false,1,ippansainyu.csv,18472
rd_2026_general_revenue_12_02_04_03_03_3785700000,rs_2026_general_revenue_12_02_04_03,2026_general_revenue_12_02_04,2026,general,一般会計,12,使用料及手数料,02,手数料,04,衛生手数料,03,畜犬登録,03,畜犬登録手数料,世田谷保健所 生活保健課,手数料,specific,20567,20771,204,false,1,ippansainyu.csv,18509
rd_2026_general_revenue_12_02_04_04_02_3785700000,rs_2026_general_revenue_12_02_04_04,2026_general_revenue_12_02_04,2026,general,一般会計,12,使用料及手数料,02,手数料,04,衛生手数料,04,食品衛生,02,衛生監視,世田谷保健所 生活保健課,手数料,specific,26650,27000,350,false,2,ippansainyu.csv,18510
rd_2026_general_revenue_12_02_04_05_03_3785700000,rs_2026_general_revenue_12_02_04_05,2026_general_revenue_12_02_04,2026,general,一般会計,12,使用料及手数料,02,手数料,04,衛生手数料,05,環境衛生,03,環境監視手数料,世田谷保健所 生活保健課,手数料,specific,5472,6898,1426,false,2,ippansainyu.csv,18511
rd_2026_general_revenue_12_02_04_06_02_3785700000,rs_2026_general_revenue_12_02_04_06,2026_general_revenue_12_02_04,2026,general,一般会計,12,使用料及手数料,02,手数料,04,衛生手数料,06,診療所開設許可等,02,診療所開設許可,世田谷保健所 生活保健課,手数料,specific,717,729,12,false,1,ippansainyu.csv,18512
rd_2026_general_revenue_12_02_04_08_02_3785700000,rs_2026_general_revenue_12_02_04_08,2026_general_revenue_12_02_04,2026,general,一般会計,12,使用料及手数料,02,手数料,04,衛生手数料,08,医務薬務,02,医薬品販売業等許可,世田谷保健所 生活保健課,手数料,specific,4533,4559,26,false,2,ippansainyu.csv,18513
rd_2026_general_revenue_12_02_04_09_02_3785700000,rs_2026_general_revenue_12_02_04_09,2026_general_revenue_12_02_04,2026,general,一般会計,12,使用料及手数料,02,手数料,04,衛生手数料,09,毒劇物,02,毒劇物許可（医事薬事）,世田谷保健所 生活保健課,手数料,specific,188,210,22,false,1,ippansainyu.csv,18514
rd_2026_general_revenue_12_02_04_14_01_3785700000,rs_2026_general_revenue_12_02_04_14,2026_general_revenue_12_02_04,2026,general,一般会計,12,使用料及手数料,02,手数料,04,衛生手数料,14,麻薬,01,麻薬許可（医事薬事）,世田谷保健所 生活保健課,手数料,specific,745,703,-42,false,1,ippansainyu.csv,18515
rd_2026_general_revenue_12_02_05_01_30_3815250000,rs_2026_general_revenue_12_02_05_01,2026_general_revenue_12_02_05,2026,general,一般会計,12,使用料及手数料,02,手数料,05,土木手数料,01,屋外広告物許可,30,広告物許可申請手数料,都市整備政策部 建築調整課,手数料,specific,14500,15300,800,false,1,ippansainyu.csv,18531
rd_2026_general_revenue_12_02_05_01_31_3895300000,rs_2026_general_revenue_12_02_05_01,2026_general_revenue_12_02_05,2026,general,一般会計,12,使用料及手数料,02,手数料,05,土木手数料,01,屋外広告物許可,31,広告物許可申請手数料,土木部 工事第一課,手数料,specific,8900,5600,-3300,false,1,ippansainyu.csv,18716
rd_2026_general_revenue_12_02_05_02_24_3895140000,rs_2026_general_revenue_12_02_05_02,2026_general_revenue_12_02_05,2026,general,一般会計,12,使用料及手数料,02,手数料,05,土木手数料,02,自動車臨時運行許可,24,臨時運行許可申請手数料,土木部 土木計画調整課,手数料,specific,1875,1875,0,false,2,ippansainyu.csv,18686
rd_2026_general_revenue_12_02_05_03_16_3895200000,rs_2026_general_revenue_12_02_05_03,2026_general_revenue_12_02_05,2026,general,一般会計,12,使用料及手数料,02,手数料,05,土木手数料,03,放置自転車,16,放置自転車等撤去手数料,土木部 交通安全自転車課,手数料,specific,33400,27700,-5700,false,1,ippansainyu.csv,18699
rd_2026_general_revenue_12_02_05_03_17_3835300000,rs_2026_general_revenue_12_02_05_03,2026_general_revenue_12_02_05,2026,general,一般会計,12,使用料及手数料,02,手数料,05,土木手数料,03,放置自転車,17,放置自動二輪車等撤去手数料,みどり33推進担当部 公園緑地課,手数料,specific,8,8,0,false,1,ippansainyu.csv,18629
rd_2026_general_revenue_12_02_05_05_01_3815250000,rs_2026_general_revenue_12_02_05_05,2026_general_revenue_12_02_05,2026,general,一般会計,12,使用料及手数料,02,手数料,05,土木手数料,05,長期優良住宅認定,01,長期優良住宅認定手数料,都市整備政策部 建築調整課,手数料,specific,6813,6813,0,false,1,ippansainyu.csv,18532
rd_2026_general_revenue_12_02_05_10_38_3815250000,rs_2026_general_revenue_12_02_05_10,2026_general_revenue_12_02_05,2026,general,一般会計,12,使用料及手数料,02,手数料,05,土木手数料,10,諸証明,38,住宅用家屋証明手数料,都市整備政策部 建築調整課,手数料,specific,5746,5501,-245,false,1,ippansainyu.csv,18533
rd_2026_general_revenue_12_02_05_10_39_3815250000,rs_2026_general_revenue_12_02_05_10,2026_general_revenue_12_02_05,2026,general,一般会計,12,使用料及手数料,02,手数料,05,土木手数料,10,諸証明,39,建築諸証明手数料,都市整備政策部 建築調整課,手数料,specific,3450,3500,50,false,2,ippansainyu.csv,18534
rd_2026_general_revenue_12_02_05_10_50_3825150000,rs_2026_general_revenue_12_02_05_10,2026_general_revenue_12_02_05,2026,general,一般会計,12,使用料及手数料,02,手数料,05,土木手数料,10,諸証明,50,位置指定道路証明手数料,防災街づくり担当部 建築安全課,手数料,specific,2100,2100,0,false,1,ippansainyu.csv,18603
rd_2026_general_revenue_12_02_05_10_54_3865100000,rs_2026_general_revenue_12_02_05_10,2026_general_revenue_12_02_05,2026,general,一般会計,12,使用料及手数料,02,手数料,05,土木手数料,10,諸証明,54,認定境界証明手数料,道路・交通計画部 道路管理課,手数料,specific,828,828,0,false,1,ippansainyu.csv,18654
rd_2026_general_revenue_12_02_05_10_57_3895140000,rs_2026_general_revenue_12_02_05_10,2026_general_revenue_12_02_05,2026,general,一般会計,12,使用料及手数料,02,手数料,05,土木手数料,10,諸証明,57,土木諸証明手数料,土木部 土木計画調整課,手数料,specific,18,18,0,false,1,ippansainyu.csv,18687
rd_2026_general_revenue_12_02_05_10_59_3815500000,rs_2026_general_revenue_12_02_05_10,2026_general_revenue_12_02_05,2026,general,一般会計,12,使用料及手数料,02,手数料,05,土木手数料,10,諸証明,59,マンション建替円滑化法諸証明手数料,都市整備政策部 居住支援課,手数料,specific,1,1,0,false,1,ippansainyu.csv,18563
rd_2026_general_revenue_12_02_05_10_64_3825100000,rs_2026_general_revenue_12_02_05_10,2026_general_revenue_12_02_05,2026,general,一般会計,12,使用料及手数料,02,手数料,05,土木手数料,10,諸証明,64,開発登録簿発行手数料,防災街づくり担当部 防災街づくり課,手数料,specific,569,576,7,false,1,ippansainyu.csv,18576
rd_2026_general_revenue_12_02_05_10_65_3825100000,rs_2026_general_revenue_12_02_05_10,2026_general_revenue_12_02_05,2026,general,一般会計,12,使用料及手数料,02,手数料,05,土木手数料,10,諸証明,65,盛土規制法調書発行手数料,防災街づくり担当部 防災街づくり課,手数料,specific,7,1,-6,false,1,ippansainyu.csv,18577
rd_2026_general_revenue_12_02_05_10_66_3825100000,rs_2026_general_revenue_12_02_05_10,2026_general_revenue_12_02_05,2026,general,一般会計,12,使用料及手数料,02,手数料,05,土木手数料,10,諸証明,66,都市計画法適合証明書発行手数料,防災街づくり担当部 防災街づくり課,手数料,specific,2,1,-1,false,1,ippansainyu.csv,18578
rd_2026_general_revenue_12_02_05_10_67_3825100000,rs_2026_general_revenue_12_02_05_10,2026_general_revenue_12_02_05,2026,general,一般会計,12,使用料及手数料,02,手数料,05,土木手数料,10,諸証明,67,盛土規制法適合証明書発行手数料,防災街づくり担当部 防災街づくり課,手数料,specific,2,1,-1,false,1,ippansainyu.csv,18579
rd_2026_general_revenue_12_02_05_11_20_3825100000,rs_2026_general_revenue_12_02_05_11,2026_general_revenue_12_02_05,2026,general,一般会計,12,使用料及手数料,02,手数料,05,土木手数料,11,開発許可,20,開発行為許可申請手数料,防災街づくり担当部 防災街づくり課,手数料,specific,6177,6169,-8,false,2,ippansainyu.csv,18580
rd_2026_general_revenue_12_02_05_15_06_3825150000,rs_2026_general_revenue_12_02_05_15,2026_general_revenue_12_02_05,2026,general,一般会計,12,使用料及手数料,02,手数料,05,土木手数料,15,位置指定申請,06,位置指定申請手数料,防災街づくり担当部 建築安全課,手数料,specific,1000,1000,0,false,1,ippansainyu.csv,18604
rd_2026_general_revenue_12_02_05_16_04_3825100000,rs_2026_general_revenue_12_02_05_16,2026_general_revenue_12_02_05,2026,general,一般会計,12,使用料及手数料,02,手数料,05,土木手数料,16,宅地造成許可,04,宅地造成許可申請手数料,防災街づくり担当部 防災街づくり課,手数料,specific,1,1,0,false,1,ippansainyu.csv,18581
rd_2026_general_revenue_12_02_05_17_06_3815250000,rs_2026_general_revenue_12_02_05_17,2026_general_revenue_12_02_05,2026,general,一般会計,12,使用料及手数料,02,手数料,05,土木手数料,17,建築確認・検査,06,建築確認・検査申請手数料,都市整備政策部 建築調整課,手数料,specific,16025,16060,35,false,1,ippansainyu.csv,18535
rd_2026_general_revenue_12_02_05_18_01_3815250000,rs_2026_general_revenue_12_02_05_18,2026_general_revenue_12_02_05,2026,general,一般会計,12,使用料及手数料,02,手数料,05,土木手数料,18,低炭素建築物認定,01,低炭素建築物認定手数料,都市整備政策部 建築調整課,手数料,specific,1000,1500,500,false,1,ippansainyu.csv,18536
rd_2026_general_revenue_12_02_05_19_01_3815250000,rs_2026_general_revenue_12_02_05_19,2026_general_revenue_12_02_05,2026,general,一般会計,12,使用料及手数料,02,手数料,05,土木手数料,19,建築物エネルギー消費性能向上認定,01,建築物エネルギー消費性能向上認定手数料,都市整備政策部 建築調整課,手数料,specific,5,5,0,false,1,ippansainyu.csv,18537
rd_2026_general_revenue_12_02_05_21_02_3825100000,rs_2026_general_revenue_12_02_05_21,2026_general_revenue_12_02_05,2026,general,一般会計,12,使用料及手数料,02,手数料,05,土木手数料,21,盛土規制法許可,02,盛土規制法許可申請手数料,防災街づくり担当部 防災街づくり課,手数料,specific,200,304,104,false,1,ippansainyu.csv,18582
rd_2026_general_revenue_13_01_01_05_01_3655100000,rs_2026_general_revenue_13_01_01_05,2026_general_revenue_13_01_01,2026,general,一般会計,13,国庫支出金,01,国庫負担金,01,民生費負担金,05,特別障害者手当等支給費,01,特別障害者手当等支給費,障害福祉部 障害施策課,国庫支出金,specific,221782,218577,-3205,false,1,ippansainyu.csv,17755
rd_2026_general_revenue_13_01_01_06_02_3595200000,rs_2026_general_revenue_13_01_01_06,2026_general_revenue_13_01_01,2026,general,一般会計,13,国庫支出金,01,国庫負担金,01,民生費負担金,06,生活保護費,02,生活保護費（生活扶助費等）,保健福祉政策部 生活福祉課,国庫支出金,specific,8549916,9224284,674368,false,1,ippansainyu.csv,17276
rd_2026_general_revenue_13_01_01_06_03_3595200000,rs_2026_general_revenue_13_01_01_06,2026_general_revenue_13_01_01,2026,general,一般会計,13,国庫支出金,01,国庫負担金,01,民生費負担金,06,生活保護費,03,生活保護費（医療扶助費等）,保健福祉政策部 生活福祉課,国庫支出金,specific,7555365,7390130,-165235,false,1,ippansainyu.csv,17277
rd_2026_general_revenue_13_01_01_06_04_3595200000,rs_2026_general_revenue_13_01_01_06,2026_general_revenue_13_01_01,2026,general,一般会計,13,国庫支出金,01,国庫負担金,01,民生費負担金,06,生活保護費,04,生活保護費（介護扶助費等）,保健福祉政策部 生活福祉課,国庫支出金,specific,436694,427656,-9038,false,1,ippansainyu.csv,17278
rd_2026_general_revenue_13_01_01_07_01_3665500000,rs_2026_general_revenue_13_01_01_07,2026_general_revenue_13_01_01,2026,general,一般会計,13,国庫支出金,01,国庫負担金,01,民生費負担金,07,入院助産措置費,01,入院助産措置費,子ども・若者部 子ども家庭課,国庫支出金,specific,5276,4857,-419,false,1,ippansainyu.csv,18051
rd_2026_general_revenue_13_01_01_08_16_3655100000,rs_2026_general_revenue_13_01_01_08,2026_general_revenue_13_01_01,2026,general,一般会計,13,国庫支出金,01,国庫負担金,01,民生費負担金,08,障害福祉サービス費等,16,障害児通所・相談支援給付等,障害福祉部 障害施策課,国庫支出金,specific,1667933,2100167,432234,false,1,ippansainyu.csv,17756
rd_2026_general_revenue_13_01_01_08_17_3655100000,rs_2026_general_revenue_13_01_01_08,2026_general_revenue_13_01_01,2026,general,一般会計,13,国庫支出金,01,国庫負担金,01,民生費負担金,08,障害福祉サービス費等,17,障害者自立支援給付等,障害福祉部 障害施策課,国庫支出金,specific,7842978,7915312,72334,false,1,ippansainyu.csv,17757
rd_2026_general_revenue_13_01_01_08_18_3655100000,rs_2026_general_revenue_13_01_01_08,2026_general_revenue_13_01_01,2026,general,一般会計,13,国庫支出金,01,国庫負担金,01,民生費負担金,08,障害福祉サービス費等,18,補装具給付,障害福祉部 障害施策課,国庫支出金,specific,76048,84805,8757,false,1,ippansainyu.csv,17758
rd_2026_general_revenue_13_01_01_08_19_3655100000,rs_2026_general_revenue_13_01_01_08,2026_general_revenue_13_01_01,2026,general,一般会計,13,国庫支出金,01,国庫負担金,01,民生費負担金,08,障害福祉サービス費等,19,自立支援医療（更生医療）,障害福祉部 障害施策課,国庫支出金,specific,390538,366249,-24289,false,1,ippansainyu.csv,17759
rd_2026_general_revenue_13_01_01_08_21_3655100000,rs_2026_general_revenue_13_01_01_08,2026_general_revenue_13_01_01,2026,general,一般会計,13,国庫支出金,01,国庫負担金,01,民生費負担金,08,障害福祉サービス費等,21,療養介護医療,障害福祉部 障害施策課,国庫支出金,specific,36298,32539,-3759,false,1,ippansainyu.csv,17760
rd_2026_general_revenue_13_01_01_09_06_3665500000,rs_2026_general_revenue_13_01_01_09,2026_general_revenue_13_01_01,2026,general,一般会計,13,国庫支出金,01,国庫負担金,01,民生費負担金,09,児童手当支給費,06,児童手当,子ども・若者部 子ども家庭課,国庫支出金,specific,15489902,14142587,-1347315,false,1,ippansainyu.csv,18052
rd_2026_general_revenue_13_01_01_11_05_3595400000,rs_2026_general_revenue_13_01_01_11,2026_general_revenue_13_01_01,2026,general,一般会計,13,国庫支出金,01,国庫負担金,01,民生費負担金,11,国民年金事務費,05,年金事務,保健福祉政策部 国保・年金課,国庫支出金,specific,211742,220616,8874,false,1,ippansainyu.csv,17349
rd_2026_general_revenue_13_01_01_11_08_3595400000,rs_2026_general_revenue_13_01_01_11,2026_general_revenue_13_01_01,2026,general,一般会計,13,国庫支出金,01,国庫負担金,01,民生費負担金,11,国民年金事務費,08,年金生活者支援給付金,保健福祉政策部 国保・年金課,国庫支出金,specific,3167,3095,-72,false,2,ippansainyu.csv,17350
rd_2026_general_revenue_13_01_01_14_01_3595400000,rs_2026_general_revenue_13_01_01_14,2026_general_revenue_13_01_01,2026,general,一般会計,13,国庫支出金,01,国庫負担金,01,民生費負担金,14,保険基盤安定費,01,国民健康保険,保健福祉政策部 国保・年金課,国庫支出金,specific,801612,819796,18184,false,1,ippansainyu.csv,17351
rd_2026_general_revenue_13_01_01_17_02_3665500000,rs_2026_general_revenue_13_01_01_17,2026_general_revenue_13_01_01,2026,general,一般会計,13,国庫支出金,01,国庫負担金,01,民生費負担金,17,母子生活支援施設費,02,私立母子生活支援施設,子ども・若者部 子ども家庭課,国庫支出金,specific,80324,80462,138,false,1,ippansainyu.csv,18053
rd_2026_general_revenue_13_01_01_17_04_3665500000,rs_2026_general_revenue_13_01_01_17,2026_general_revenue_13_01_01,2026,general,一般会計,13,国庫支出金,01,国庫負担金,01,民生費負担金,17,母子生活支援施設費,04,区立母子生活支援施設,子ども・若者部 子ども家庭課,国庫支出金,specific,38390,32408,-5982,false,1,ippansainyu.csv,18054
rd_2026_general_revenue_13_01_01_18_02_3665500000,rs_2026_general_revenue_13_01_01_18,2026_general_revenue_13_01_01,2026,general,一般会計,13,国庫支出金,01,国庫負担金,01,民生費負担金,18,児童扶養手当支給費,02,児童扶養手当,子ども・若者部 子ども家庭課,国庫支出金,specific,410048,454542,44494,false,1,ippansainyu.csv,18055
rd_2026_general_revenue_13_01_01_20_02_3595400000,rs_2026_general_revenue_13_01_01_20,2026_general_revenue_13_01_01,2026,general,一般会計,13,国庫支出金,01,国庫負担金,01,民生費負担金,20,特別障害給付事務費,02,特別障害給付事務,保健福祉政策部 国保・年金課,国庫支出金,specific,140,153,13,false,1,ippansainyu.csv,17352
rd_2026_general_revenue_13_01_01_23_02_3595200000,rs_2026_general_revenue_13_01_01_23,2026_general_revenue_13_01_01,2026,general,一般会計,13,国庫支出金,01,国庫負担金,01,民生費負担金,23,特定中国残留邦人等支援事業,02,特定中国残留邦人等支援事業費（生活扶助費等）,保健福祉政策部 生活福祉課,国庫支出金,specific,15988,14233,-1755,false,1,ippansainyu.csv,17279
rd_2026_general_revenue_13_01_01_23_03_3595200000,rs_2026_general_revenue_13_01_01_23,2026_general_revenue_13_01_01,2026,general,一般会計,13,国庫支出金,01,国庫負担金,01,民生費負担金,23,特定中国残留邦人等支援事業,03,特定中国残留邦人等支援事業費（医療扶助費等）,保健福祉政策部 生活福祉課,国庫支出金,specific,17936,18720,784,false,1,ippansainyu.csv,17280
rd_2026_general_revenue_13_01_01_23_04_3595200000,rs_2026_general_revenue_13_01_01_23,2026_general_revenue_13_01_01,2026,general,一般会計,13,国庫支出金,01,国庫負担金,01,民生費負担金,23,特定中国残留邦人等支援事業,04,特定中国残留邦人等支援事業費（介護扶助費等）,保健福祉政策部 生活福祉課,国庫支出金,specific,837,816,-21,false,1,ippansainyu.csv,17281
rd_2026_general_revenue_13_01_01_28_01_3645200000,rs_2026_general_revenue_13_01_01_28,2026_general_revenue_13_01_01,2026,general,一般会計,13,国庫支出金,01,国庫負担金,01,民生費負担金,28,介護保険料軽減費,01,介護保険料軽減費,高齢福祉部 介護保険課,国庫支出金,specific,277544,266451,-11093,false,1,ippansainyu.csv,17543
rd_2026_general_revenue_13_01_01_31_01_3595200000,rs_2026_general_revenue_13_01_01_31,2026_general_revenue_13_01_01,2026,general,一般会計,13,国庫支出金,01,国庫負担金,01,民生費負担金,31,生活困窮者自立相談支援事業費等負担金,01,被保護者就労支援事業費（生保事務）,保健福祉政策部 生活福祉課,国庫支出金,specific,142,112,-30,false,1,ippansainyu.csv,17282
rd_2026_general_revenue_13_01_01_31_02_3595200000,rs_2026_general_revenue_13_01_01_31,2026_general_revenue_13_01_01,2026,general,一般会計,13,国庫支出金,01,国庫負担金,01,民生費負担金,31,生活困窮者自立相談支援事業費等負担金,02,被保護者就労支援事業費（自立促進）,保健福祉政策部 生活福祉課,国庫支出金,specific,15562,15562,0,false,1,ippansainyu.csv,17283
rd_2026_general_revenue_13_01_01_31_06_3595200000,rs_2026_general_revenue_13_01_01_31,2026_general_revenue_13_01_01,2026,general,一般会計,13,国庫支出金,01,国庫負担金,01,民生費負担金,31,生活困窮者自立相談支援事業費等負担金,06,生活困窮者住居確保給付金,保健福祉政策部 生活福祉課,国庫支出金,specific,18372,12655,-5717,false,1,ippansainyu.csv,17284
rd_2026_general_revenue_13_01_01_31_07_3595110000,rs_2026_general_revenue_13_01_01_31,2026_general_revenue_13_01_01,2026,general,一般会計,13,国庫支出金,01,国庫負担金,01,民生費負担金,31,生活困窮者自立相談支援事業費等負担金,07,被保護者就労支援事業費（生保事務）,保健福祉政策部 保健福祉政策課,国庫支出金,specific,17225,17865,640,false,1,ippansainyu.csv,17233
rd_2026_general_revenue_13_01_01_31_08_3595110000,rs_2026_general_revenue_13_01_01_31,2026_general_revenue_13_01_01,2026,general,一般会計,13,国庫支出金,01,国庫負担金,01,民生費負担金,31,生活困窮者自立相談支援事業費等負担金,08,生活困窮者自立相談支援事業費,保健福祉政策部 保健福祉政策課,国庫支出金,specific,7286,7557,271,false,1,ippansainyu.csv,17234
rd_2026_general_revenue_13_01_01_31_09_3595200000,rs_2026_general_revenue_13_01_01_31,2026_general_revenue_13_01_01,2026,general,一般会計,13,国庫支出金,01,国庫負担金,01,民生費負担金,31,生活困窮者自立相談支援事業費等負担金,09,被保護者健康管理支援事業費,保健福祉政策部 生活福祉課,国庫支出金,specific,41301,43914,2613,false,1,ippansainyu.csv,17285
rd_2026_general_revenue_13_01_01_33_01_3665580000,rs_2026_general_revenue_13_01_01_33,2026_general_revenue_13_01_01,2026,general,一般会計,13,国庫支出金,01,国庫負担金,01,民生費負担金,33,施設型給付費（私立保育園）,01,私立保育園,子ども・若者部 保育課,国庫支出金,specific,11014091,11736952,722861,false,1,ippansainyu.csv,18189
rd_2026_general_revenue_13_01_01_34_01_3665580000,rs_2026_general_revenue_13_01_01_34,2026_general_revenue_13_01_01,2026,general,一般会計,13,国庫支出金,01,国庫負担金,01,民生費負担金,34,施設型給付費（認定こども園）,01,幼稚園型,子ども・若者部 保育課,国庫支出金,specific,52390,57147,4757,false,1,ippansainyu.csv,18190
rd_2026_general_revenue_13_01_01_34_02_3665580000,rs_2026_general_revenue_13_01_01_34,2026_general_revenue_13_01_01,2026,general,一般会計,13,国庫支出金,01,国庫負担金,01,民生費負担金,34,施設型給付費（認定こども園）,02,幼保連携型,子ども・若者部 保育課,国庫支出金,specific,451092,469546,18454,false,1,ippansainyu.csv,18191
rd_2026_general_revenue_13_01_01_35_01_3665580000,rs_2026_general_revenue_13_01_01_35,2026_general_revenue_13_01_01,2026,general,一般会計,13,国庫支出金,01,国庫負担金,01,民生費負担金,35,施設型給付費（地域型保育事業）,01,小規模保育事業,子ども・若者部 保育課,国庫支出金,specific,473076,657488,184412,false,1,ippansainyu.csv,18192
rd_2026_general_revenue_13_01_01_35_02_3665580000,rs_2026_general_revenue_13_01_01_35,2026_general_revenue_13_01_01,2026,general,一般会計,13,国庫支出金,01,国庫負担金,01,民生費負担金,35,施設型給付費（地域型保育事業）,02,家庭的保育事業,子ども・若者部 保育課,国庫支出金,specific,91772,110882,19110,false,1,ippansainyu.csv,18193
rd_2026_general_revenue_13_01_01_35_03_3665580000,rs_2026_general_revenue_13_01_01_35,2026_general_revenue_13_01_01,2026,general,一般会計,13,国庫支出金,01,国庫負担金,01,民生費負担金,35,施設型給付費（地域型保育事業）,03,居宅訪問型保育事業,子ども・若者部 保育課,国庫支出金,specific,24549,42236,17687,false,1,ippansainyu.csv,18194
rd_2026_general_revenue_13_01_01_35_04_3665580000,rs_2026_general_revenue_13_01_01_35,2026_general_revenue_13_01_01,2026,general,一般会計,13,国庫支出金,01,国庫負担金,01,民生費負担金,35,施設型給付費（地域型保育事業）,04,事業所内保育事業,子ども・若者部 保育課,国庫支出金,specific,41585,57291,15706,false,1,ippansainyu.csv,18195
rd_2026_general_revenue_13_01_01_38_01_3665580000,rs_2026_general_revenue_13_01_01_38,2026_general_revenue_13_01_01,2026,general,一般会計,13,国庫支出金,01,国庫負担金,01,民生費負担金,38,施設型給付費（私立幼稚園）,01,私立幼稚園,子ども・若者部 保育課,国庫支出金,specific,189542,257971,68429,false,1,ippansainyu.csv,18196
rd_2026_general_revenue_13_01_01_40_01_3665590000,rs_2026_general_revenue_13_01_01_40,2026_general_revenue_13_01_01,2026,general,一般会計,13,国庫支出金,01,国庫負担金,01,民生費負担金,40,子育てのための施設等利用給付交付金,01,認可外保育施設分,子ども・若者部 保育認定・調整課,国庫支出金,specific,279744,326178,46434,false,1,ippansainyu.csv,18332
rd_2026_general_revenue_13_01_01_40_02_3665580000,rs_2026_general_revenue_13_01_01_40,2026_general_revenue_13_01_01,2026,general,一般会計,13,国庫支出金,01,国庫負担金,01,民生費負担金,40,子育てのための施設等利用給付交付金,02,預かり保育（私立幼稚園（施設型給付））,子ども・若者部 保育課,国庫支出金,specific,4097,4326,229,false,1,ippansainyu.csv,18197
rd_2026_general_revenue_13_01_01_40_03_3665580000,rs_2026_general_revenue_13_01_01_40,2026_general_revenue_13_01_01,2026,general,一般会計,13,国庫支出金,01,国庫負担金,01,民生費負担金,40,子育てのための施設等利用給付交付金,03,預かり保育（認定こども園）,子ども・若者部 保育課,国庫支出金,specific,8542,6684,-1858,false,1,ippansainyu.csv,18198
rd_2026_general_revenue_13_01_01_40_05_3665150000,rs_2026_general_revenue_13_01_01_40,2026_general_revenue_13_01_01,2026,general,一般会計,13,国庫支出金,01,国庫負担金,01,民生費負担金,40,子育てのための施設等利用給付交付金,05,預かり保育（私立幼稚園）,子ども・若者部 子ども・若者支援課,国庫支出金,specific,36756,49211,12455,false,1,ippansainyu.csv,17943
rd_2026_general_revenue_13_01_01_40_08_3665150000,rs_2026_general_revenue_13_01_01_40,2026_general_revenue_13_01_01,2026,general,一般会計,13,国庫支出金,01,国庫負担金,01,民生費負担金,40,子育てのための施設等利用給付交付金,08,私立幼稚園,子ども・若者部 子ども・若者支援課,国庫支出金,specific,858294,823679,-34615,false,1,ippansainyu.csv,17944
rd_2026_general_revenue_13_01_01_41_01_3665570000,rs_2026_general_revenue_13_01_01_41,2026_general_revenue_13_01_01,2026,general,一般会計,13,国庫支出金,01,国庫負担金,01,民生費負担金,41,障害児入所施設措置費,01,障害児入所施設措置費,子ども・若者部 児童相談支援課,国庫支出金,specific,39998,33786,-6212,false,1,ippansainyu.csv,18131
rd_2026_general_revenue_13_01_01_43_02_3695150000,rs_2026_general_revenue_13_01_01_43,2026_general_revenue_13_01_01,2026,general,一般会計,13,国庫支出金,01,国庫負担金,01,民生費負担金,43,児童入所施設費等,02,児童相談所運営,児童相談所 児童相談課,国庫支出金,specific,25472,27532,2060,false,1,ippansainyu.csv,18364
rd_2026_general_revenue_13_01_01_43_03_3695200000,rs_2026_general_revenue_13_01_01_43,2026_general_revenue_13_01_01,2026,general,一般会計,13,国庫支出金,01,国庫負担金,01,民生費負担金,43,児童入所施設費等,03,一時保護所運営,児童相談所 一時保護課,国庫支出金,specific,52458,57526,5068,false,2,ippansainyu.csv,18377
rd_2026_general_revenue_13_01_01_44_01_3665570000,rs_2026_general_revenue_13_01_01_44,2026_general_revenue_13_01_01,2026,general,一般会計,13,国庫支出金,01,国庫負担金,01,民生費負担金,44,児童入所施設措置費等,01,児童福祉施設等措置費,子ども・若者部 児童相談支援課,国庫支出金,specific,558509,674932,116423,false,1,ippansainyu.csv,18132
rd_2026_general_revenue_13_01_01_44_02_3695150000,rs_2026_general_revenue_13_01_01_44,2026_general_revenue_13_01_01,2026,general,一般会計,13,国庫支出金,01,国庫負担金,01,民生費負担金,44,児童入所施設措置費等,02,児童相談所運営,児童相談所 児童相談課,国庫支出金,specific,40309,35084,-5225,false,1,ippansainyu.csv,18365
rd_2026_general_revenue_13_01_01_44_03_3665570000,rs_2026_general_revenue_13_01_01_44,2026_general_revenue_13_01_01,2026,general,一般会計,13,国庫支出金,01,国庫負担金,01,民生費負担金,44,児童入所施設措置費等,03,家庭養育の推進,子ども・若者部 児童相談支援課,国庫支出金,specific,33250,43131,9881,false,1,ippansainyu.csv,18133
rd_2026_general_revenue_13_01_01_44_04_3665570000,rs_2026_general_revenue_13_01_01_44,2026_general_revenue_13_01_01,2026,general,一般会計,13,国庫支出金,01,国庫負担金,01,民生費負担金,44,児童入所施設措置費等,04,事務費（第三者評価）,子ども・若者部 児童相談支援課,国庫支出金,specific,0,314,314,false,1,ippansainyu.csv,18134
rd_2026_general_revenue_13_01_01_45_01_3595200000,rs_2026_general_revenue_13_01_01_45,2026_general_revenue_13_01_01,2026,general,一般会計,13,国庫支出金,01,国庫負担金,01,民生費負担金,45,重層的支援体制整備事業,01,生活困窮者自立相談支援事業費,保健福祉政策部 生活福祉課,国庫支出金,specific,150445,162148,11703,false,1,ippansainyu.csv,17286
rd_2026_general_revenue_13_01_01_45_02_3595200000,rs_2026_general_revenue_13_01_01_45,2026_general_revenue_13_01_01,2026,general,一般会計,13,国庫支出金,01,国庫負担金,01,民生費負担金,45,重層的支援体制整備事業,02,生活困窮者自立相談支援事業費（住宅確保）,保健福祉政策部 生活福祉課,国庫支出金,specific,27829,22348,-5481,false,1,ippansainyu.csv,17287
rd_2026_general_revenue_13_01_01_45_04_3595200000,rs_2026_general_revenue_13_01_01_45,2026_general_revenue_13_01_01,2026,general,一般会計,13,国庫支出金,01,国庫負担金,01,民生費負担金,45,重層的支援体制整備事業,04,生活困窮者自立相談支援事業費,保健福祉政策部 生活福祉課,国庫支出金,specific,25436,28480,3044,false,1,ippansainyu.csv,17288
rd_2026_general_revenue_13_01_01_45_05_3595110000,rs_2026_general_revenue_13_01_01_45,2026_general_revenue_13_01_01,2026,general,一般会計,13,国庫支出金,01,国庫負担金,01,民生費負担金,45,重層的支援体制整備事業,05,生活困窮者自立相談支援事業費（会計年度任用職員人件費）,保健福祉政策部 保健福祉政策課,国庫支出金,specific,10929,11497,568,false,1,ippansainyu.csv,17235
rd_2026_general_revenue_13_01_01_46_01_3595400000,rs_2026_general_revenue_13_01_01_46,2026_general_revenue_13_01_01,2026,general,一般会計,13,国庫支出金,01,国庫負担金,01,民生費負担金,46,未就学児均等割保険料負担金,01,国民健康保険,保健福祉政策部 国保・年金課,国庫支出金,specific,34330,33663,-667,false,1,ippansainyu.csv,17353
rd_2026_general_revenue_13_01_01_47_01_3595400000,rs_2026_general_revenue_13_01_01_47,2026_general_revenue_13_01_01,2026,general,一般会計,13,国庫支出金,01,国庫負担金,01,民生費負担金,47,産前産後保険料負担金,01,国民健康保険,保健福祉政策部 国保・年金課,国庫支出金,specific,16402,21463,5061,false,1,ippansainyu.csv,17354
rd_2026_general_revenue_13_01_01_48_01_3665150000,rs_2026_general_revenue_13_01_01_48,2026_general_revenue_13_01_01,2026,general,一般会計,13,国庫支出金,01,国庫負担金,01,民生費負担金,48,乳児等支援給付費（私立幼稚園）,01,私立幼稚園,子ども・若者部 子ども・若者支援課,国庫支出金,specific,0,0,0,true,0,ippansainyu.csv,17945
rd_2026_general_revenue_13_01_01_48_02_3665150000,rs_2026_general_revenue_13_01_01_48,2026_general_revenue_13_01_01,2026,general,一般会計,13,国庫支出金,01,国庫負担金,01,民生費負担金,48,乳児等支援給付費（私立幼稚園）,02,私立幼稚園（こども誰でも通園制度）,子ども・若者部 子ども・若者支援課,国庫支出金,specific,0,623,623,false,1,ippansainyu.csv,17946
rd_2026_general_revenue_13_01_01_49_01_3665580000,rs_2026_general_revenue_13_01_01_49,2026_general_revenue_13_01_01,2026,general,一般会計,13,国庫支出金,01,国庫負担金,01,民生費負担金,49,乳児等支援給付費（私立幼稚園施設型給付）,01,私立幼稚園施設型給付,子ども・若者部 保育課,国庫支出金,specific,0,364,364,false,1,ippansainyu.csv,18199
rd_2026_general_revenue_13_01_01_50_01_3665580000,rs_2026_general_revenue_13_01_01_50,2026_general_revenue_13_01_01,2026,general,一般会計,13,国庫支出金,01,国庫負担金,01,民生費負担金,50,乳児等支援給付費（私立保育園）,01,私立保育園,子ども・若者部 保育課,国庫支出金,specific,0,7704,7704,false,1,ippansainyu.csv,18200
rd_2026_general_revenue_13_01_01_51_01_3665580000,rs_2026_general_revenue_13_01_01_51,2026_general_revenue_13_01_01,2026,general,一般会計,13,国庫支出金,01,国庫負担金,01,民生費負担金,51,乳児等支援給付費（認定こども園）,01,認定こども園,子ども・若者部 保育課,国庫支出金,specific,0,335,335,false,1,ippansainyu.csv,18201
rd_2026_general_revenue_13_01_01_52_01_3665580000,rs_2026_general_revenue_13_01_01_52,2026_general_revenue_13_01_01,2026,general,一般会計,13,国庫支出金,01,国庫負担金,01,民生費負担金,52,乳児等支援給付費（特定地域型保育事業）,01,特定地域型保育事業,子ども・若者部 保育課,国庫支出金,specific,0,2679,2679,false,1,ippansainyu.csv,18202
rd_2026_general_revenue_13_01_01_53_01_3665590000,rs_2026_general_revenue_13_01_01_53,2026_general_revenue_13_01_01,2026,general,一般会計,13,国庫支出金,01,国庫負担金,01,民生費負担金,53,乳児等支援給付費（認証保育所）,01,認証保育所,子ども・若者部 保育認定・調整課,国庫支出金,specific,0,8424,8424,false,1,ippansainyu.csv,18333
rd_2026_general_revenue_13_01_02_04_04_3785250000,rs_2026_general_revenue_13_01_02_04,2026_general_revenue_13_01_02,2026,general,一般会計,13,国庫支出金,01,国庫負担金,02,衛生費負担金,04,結核対策費,04,結核医療費公費負担,世田谷保健所 感染症対策課,国庫支出金,specific,9164,8545,-619,false,1,ippansainyu.csv,18473
rd_2026_general_revenue_13_01_02_04_05_3785250000,rs_2026_general_revenue_13_01_02_04,2026_general_revenue_13_01_02,2026,general,一般会計,13,国庫支出金,01,国庫負担金,02,衛生費負担金,04,結核対策費,05,結核予防対策事業,世田谷保健所 感染症対策課,国庫支出金,specific,3191,2964,-227,false,1,ippansainyu.csv,18474
rd_2026_general_revenue_13_01_02_06_03_3785200000,rs_2026_general_revenue_13_01_02_06,2026_general_revenue_13_01_02,2026,general,一般会計,13,国庫支出金,01,国庫負担金,02,衛生費負担金,06,母子衛生費,03,医療費公費負担,世田谷保健所 健康推進課,国庫支出金,specific,11609,10205,-1404,false,1,ippansainyu.csv,18420
rd_2026_general_revenue_13_01_02_07_01_3785250000,rs_2026_general_revenue_13_01_02_07,2026_general_revenue_13_01_02,2026,general,一般会計,13,国庫支出金,01,国庫負担金,02,衛生費負担金,07,感染症対策費,01,感染症対策,世田谷保健所 感染症対策課,国庫支出金,specific,398,739,341,false,1,ippansainyu.csv,18475
rd_2026_general_revenue_13_01_02_07_03_3785100000,rs_2026_general_revenue_13_01_02_07,2026_general_revenue_13_01_02,2026,general,一般会計,13,国庫支出金,01,国庫負担金,02,衛生費負担金,07,感染症対策費,03,細菌等検査用備品,世田谷保健所 健康企画課,国庫支出金,specific,1251,1250,-1,false,1,ippansainyu.csv,18386
rd_2026_general_revenue_13_01_02_07_06_3785250000,rs_2026_general_revenue_13_01_02_07,2026_general_revenue_13_01_02,2026,general,一般会計,13,国庫支出金,01,国庫負担金,02,衛生費負担金,07,感染症対策費,06,感染症対策（新型コロナウイルス感染症）,世田谷保健所 感染症対策課,国庫支出金,specific,0,1650,1650,false,1,ippansainyu.csv,18476
rd_2026_general_revenue_13_01_02_07_07_3785700000,rs_2026_general_revenue_13_01_02_07,2026_general_revenue_13_01_02,2026,general,一般会計,13,国庫支出金,01,国庫負担金,02,衛生費負担金,07,感染症対策費,07,感染症対策（施設等消毒事業）,世田谷保健所 生活保健課,国庫支出金,specific,572,1127,555,false,1,ippansainyu.csv,18516
rd_2026_general_revenue_13_01_02_07_08_3785100000,rs_2026_general_revenue_13_01_02_07,2026_general_revenue_13_01_02,2026,general,一般会計,13,国庫支出金,01,国庫負担金,02,衛生費負担金,07,感染症対策費,08,細菌等検査,世田谷保健所 健康企画課,国庫支出金,specific,35,32,-3,false,1,ippansainyu.csv,18387
rd_2026_general_revenue_13_01_02_07_09_3785100000,rs_2026_general_revenue_13_01_02_07,2026_general_revenue_13_01_02,2026,general,一般会計,13,国庫支出金,01,国庫負担金,02,衛生費負担金,07,感染症対策費,09,臨床検査,世田谷保健所 健康企画課,国庫支出金,specific,1223,920,-303,false,1,ippansainyu.csv,18388
rd_2026_general_revenue_13_01_02_08_01_3785200000,rs_2026_general_revenue_13_01_02_08,2026_general_revenue_13_01_02,2026,general,一般会計,13,国庫支出金,01,国庫負担金,02,衛生費負担金,08,育成医療費,01,育成医療,世田谷保健所 健康推進課,国庫支出金,specific,340,121,-219,false,1,ippansainyu.csv,18421
rd_2026_general_revenue_13_01_02_09_01_3785250000,rs_2026_general_revenue_13_01_02_09,2026_general_revenue_13_01_02,2026,general,一般会計,13,国庫支出金,01,国庫負担金,02,衛生費負担金,09,小児慢性特定疾病医療費,01,小児慢性特定疾病医療費,世田谷保健所 感染症対策課,国庫支出金,specific,105003,104735,-268,false,1,ippansainyu.csv,18477
rd_2026_general_revenue_13_01_02_10_01_3785250000,rs_2026_general_revenue_13_01_02_10,2026_general_revenue_13_01_02,2026,general,一般会計,13,国庫支出金,01,国庫負担金,02,衛生費負担金,10,小児慢性特定疾病児童等自立支援事業費,01,小児慢性特定疾病児童等自立支援事業,世田谷保健所 感染症対策課,国庫支出金,specific,362,449,87,false,1,ippansainyu.csv,18478
rd_2026_general_revenue_13_01_02_11_06_3785250000,rs_2026_general_revenue_13_01_02_11,2026_general_revenue_13_01_02,2026,general,一般会計,13,国庫支出金,01,国庫負担金,02,衛生費負担金,11,新型コロナウイルスワクチン接種事業,06,新型コロナウイルス予防接種健康被害給付費負担金,世田谷保健所 感染症対策課,国庫支出金,specific,216781,253336,36555,false,1,ippansainyu.csv,18479
rd_2026_general_revenue_13_01_03_03_01_4985400000,rs_2026_general_revenue_13_01_03_03,2026_general_revenue_13_01_03,2026,general,一般会計,13,国庫支出金,01,国庫負担金,03,教育費負担金,03,子育てのための施設等利用給付交付金,01,預かり保育（区立幼稚園）,教育委員会事務局 乳幼教・保支課,国庫支出金,specific,1994,2094,100,false,1,ippansainyu.csv,18909
rd_2026_general_revenue_13_02_01_01_01_2165400000,rs_2026_general_revenue_13_02_01_01,2026_general_revenue_13_02_01,2026,general,一般会計,13,国庫支出金,02,国庫補助金,01,民生費補助金,01,相談員費,01,相談員費（世田谷）,世田谷総合支所 子家庭支援課,国庫支出金,specific,2856,0,-2856,true,0,ippansainyu.csv,16776
rd_2026_general_revenue_13_02_01_01_02_2265400000,rs_2026_general_revenue_13_02_01_01,2026_general_revenue_13_02_01,2026,general,一般会計,13,国庫支出金,02,国庫補助金,01,民生費補助金,01,相談員費,02,相談員費（北沢）,北沢総合支所 子家庭支援課,国庫支出金,specific,1645,0,-1645,true,0,ippansainyu.csv,16802
rd_2026_general_revenue_13_02_01_01_03_2365400000,rs_2026_general_revenue_13_02_01_01,2026_general_revenue_13_02_01,2026,general,一般会計,13,国庫支出金,02,国庫補助金,01,民生費補助金,01,相談員費,03,相談員費（玉川）,玉川総合支所 子家庭支援課,国庫支出金,specific,1454,0,-1454,true,0,ippansainyu.csv,16832
rd_2026_general_revenue_13_02_01_01_04_2465400000,rs_2026_general_revenue_13_02_01_01,2026_general_revenue_13_02_01,2026,general,一般会計,13,国庫支出金,02,国庫補助金,01,民生費補助金,01,相談員費,04,相談員費（砧）,砧総合支所 子家庭支援課,国庫支出金,specific,2830,0,-2830,true,0,ippansainyu.csv,16859
rd_2026_general_revenue_13_02_01_01_05_2565400000,rs_2026_general_revenue_13_02_01_01,2026_general_revenue_13_02_01,2026,general,一般会計,13,国庫支出金,02,国庫補助金,01,民生費補助金,01,相談員費,05,相談員費（烏山）,烏山総合支所 子家庭支援課,国庫支出金,specific,1697,0,-1697,true,0,ippansainyu.csv,16895
rd_2026_general_revenue_13_02_01_09_22_3655100000,rs_2026_general_revenue_13_02_01_09,2026_general_revenue_13_02_01,2026,general,一般会計,13,国庫支出金,02,国庫補助金,01,民生費補助金,09,障害者福祉諸費,22,小児慢性特定疾病児童日常生活用具給付,障害福祉部 障害施策課,国庫支出金,specific,128,131,3,false,1,ippansainyu.csv,17761
rd_2026_general_revenue_13_02_01_23_03_3665200000,rs_2026_general_revenue_13_02_01_23,2026_general_revenue_13_02_01,2026,general,一般会計,13,国庫支出金,02,国庫補助金,01,民生費補助金,23,次世代育成支援対策施設整備交付金,03,児童施設改修工事,子ども・若者部 児童課,国庫支出金,specific,14387,14972,585,false,1,ippansainyu.csv,18015
rd_2026_general_revenue_13_02_01_23_10_3665570000,rs_2026_general_revenue_13_02_01_23,2026_general_revenue_13_02_01,2026,general,一般会計,13,国庫支出金,02,国庫補助金,01,民生費補助金,23,次世代育成支援対策施設整備交付金,10,児童養護施設等整備費,子ども・若者部 児童相談支援課,国庫支出金,specific,0,17143,17143,false,1,ippansainyu.csv,18135
rd_2026_general_revenue_13_02_01_23_16_2535100000,rs_2026_general_revenue_13_02_01_23,2026_general_revenue_13_02_01,2026,general,一般会計,13,国庫支出金,02,国庫補助金,01,民生費補助金,23,次世代育成支援対策施設整備交付金,16,児童施設改修工事（烏山）,烏山総合支所 地域振興課,国庫支出金,specific,5874,0,-5874,true,0,ippansainyu.csv,16872
rd_2026_general_revenue_13_02_01_23_19_2335100000,rs_2026_general_revenue_13_02_01_23,2026_general_revenue_13_02_01,2026,general,一般会計,13,国庫支出金,02,国庫補助金,01,民生費補助金,23,次世代育成支援対策施設整備交付金,19,児童施設改修（玉川）,玉川総合支所 地域振興課,国庫支出金,specific,16094,0,-16094,true,0,ippansainyu.csv,16810
rd_2026_general_revenue_13_02_01_23_20_3665580000,rs_2026_general_revenue_13_02_01_23,2026_general_revenue_13_02_01,2026,general,一般会計,13,国庫支出金,02,国庫補助金,01,民生費補助金,23,次世代育成支援対策施設整備交付金,20,保育施設改修,子ども・若者部 保育課,国庫支出金,specific,70300,0,-70300,true,0,ippansainyu.csv,18203
rd_2026_general_revenue_13_02_01_23_21_4960160000,rs_2026_general_revenue_13_02_01_23,2026_general_revenue_13_02_01,2026,general,一般会計,13,国庫支出金,02,国庫補助金,01,民生費補助金,23,次世代育成支援対策施設整備交付金,21,区立児童館整備（中学校改築）,教育委員会事務局 教育環境課,国庫支出金,specific,6774,0,-6774,true,0,ippansainyu.csv,18787
rd_2026_general_revenue_13_02_01_23_22_3665150000,rs_2026_general_revenue_13_02_01_23,2026_general_revenue_13_02_01,2026,general,一般会計,13,国庫支出金,02,国庫補助金,01,民生費補助金,23,次世代育成支援対策施設整備交付金,22,子ども・子育て総合センター改修,子ども・若者部 子ども・若者支援課,国庫支出金,specific,0,3488,3488,false,1,ippansainyu.csv,17947
rd_2026_general_revenue_13_02_01_23_23_3665570000,rs_2026_general_revenue_13_02_01_23,2026_general_revenue_13_02_01,2026,general,一般会計,13,国庫支出金,02,国庫補助金,01,民生費補助金,23,次世代育成支援対策施設整備交付金,23,児童養護施設整備,子ども・若者部 児童相談支援課,国庫支出金,specific,0,3061,3061,false,1,ippansainyu.csv,18136
rd_2026_general_revenue_13_02_01_24_02_3665500000,rs_2026_general_revenue_13_02_01_24,2026_general_revenue_13_02_01,2026,general,一般会計,13,国庫支出金,02,国庫補助金,01,民生費補助金,24,母子家庭自立支援給付金,02,母子家庭自立支援教育訓練給付金,子ども・若者部 子ども家庭課,国庫支出金,specific,61821,0,-61821,true,0,ippansainyu.csv,18056
rd_2026_general_revenue_13_02_01_24_03_3665500000,rs_2026_general_revenue_13_02_01_24,2026_general_revenue_13_02_01,2026,general,一般会計,13,国庫支出金,02,国庫補助金,01,民生費補助金,24,母子家庭自立支援給付金,03,母子家庭等就業・自立支援事業,子ども・若者部 子ども家庭課,国庫支出金,specific,471,0,-471,true,0,ippansainyu.csv,18057
rd_2026_general_revenue_13_02_01_28_02_3645100000,rs_2026_general_revenue_13_02_01_28,2026_general_revenue_13_02_01,2026,general,一般会計,13,国庫支出金,02,国庫補助金,01,民生費補助金,28,地域介護・福祉空間整備等交付金,02,地域密着型サービスの拠点整備,高齢福祉部 高齢福祉課,国庫支出金,specific,38650,38650,0,false,1,ippansainyu.csv,17482
rd_2026_general_revenue_13_02_01_32_02_3655100000,rs_2026_general_revenue_13_02_01_32,2026_general_revenue_13_02_01,2026,general,一般会計,13,国庫支出金,02,国庫補助金,01,民生費補助金,32,地域生活支援事業費,02,コミュニケーション支援,障害福祉部 障害施策課,国庫支出金,specific,6954,7448,494,false,1,ippansainyu.csv,17762
rd_2026_general_revenue_13_02_01_32_03_3655100000,rs_2026_general_revenue_13_02_01_32,2026_general_revenue_13_02_01,2026,general,一般会計,13,国庫支出金,02,国庫補助金,01,民生費補助金,32,地域生活支援事業費,03,日常生活用具給付,障害福祉部 障害施策課,国庫支出金,specific,50230,36813,-13417,false,1,ippansainyu.csv,17763
rd_2026_general_revenue_13_02_01_32_08_3655100000,rs_2026_general_revenue_13_02_01_32,2026_general_revenue_13_02_01,2026,general,一般会計,13,国庫支出金,02,国庫補助金,01,民生費補助金,32,地域生活支援事業費,08,訪問入浴サービス,障害福祉部 障害施策課,国庫支出金,specific,12833,15293,2460,false,1,ippansainyu.csv,17764
rd_2026_general_revenue_13_02_01_32_11_3065600000,rs_2026_general_revenue_13_02_01_32,2026_general_revenue_13_02_01,2026,general,一般会計,13,国庫支出金,02,国庫補助金,01,民生費補助金,32,地域生活支援事業費,11,点字・声の広報（区のおしらせ）,政策経営部 広報広聴課,国庫支出金,specific,4014,6654,2640,false,1,ippansainyu.csv,16916
rd_2026_general_revenue_13_02_01_32_12_3655100000,rs_2026_general_revenue_13_02_01_32,2026_general_revenue_13_02_01,2026,general,一般会計,13,国庫支出金,02,国庫補助金,01,民生費補助金,32,地域生活支援事業費,12,奉仕員養成研修,障害福祉部 障害施策課,国庫支出金,specific,2063,2381,318,false,1,ippansainyu.csv,17765
rd_2026_general_revenue_13_02_01_32_15_3655100000,rs_2026_general_revenue_13_02_01_32,2026_general_revenue_13_02_01,2026,general,一般会計,13,国庫支出金,02,国庫補助金,01,民生費補助金,32,地域生活支援事業費,15,住宅改修,障害福祉部 障害施策課,国庫支出金,specific,537,549,12,false,1,ippansainyu.csv,17766
rd_2026_general_revenue_13_02_01_32_16_5105100000,rs_2026_general_revenue_13_02_01_32,2026_general_revenue_13_02_01,2026,general,一般会計,13,国庫支出金,02,国庫補助金,01,民生費補助金,32,地域生活支援事業費,16,声の広報（区議会だより）,区議会事務局,国庫支出金,specific,622,763,141,false,1,ippansainyu.csv,18922
rd_2026_general_revenue_13_02_01_32_19_3655200000,rs_2026_general_revenue_13_02_01_32,2026_general_revenue_13_02_01,2026,general,一般会計,13,国庫支出金,02,国庫補助金,01,民生費補助金,32,地域生活支援事業費,19,日中一時支援（短期入所）,障害福祉部 障害地域生活課,国庫支出金,specific,1498,3724,2226,false,1,ippansainyu.csv,17839
rd_2026_general_revenue_13_02_01_32_22_3655100000,rs_2026_general_revenue_13_02_01_32,2026_general_revenue_13_02_01,2026,general,一般会計,13,国庫支出金,02,国庫補助金,01,民生費補助金,32,地域生活支援事業費,22,点字・声の広報等発行事業,障害福祉部 障害施策課,国庫支出金,specific,0,1221,1221,false,1,ippansainyu.csv,17767
rd_2026_general_revenue_13_02_01_32_27_3655200000,rs_2026_general_revenue_13_02_01_32,2026_general_revenue_13_02_01,2026,general,一般会計,13,国庫支出金,02,国庫補助金,01,民生費補助金,32,地域生活支援事業費,27,居宅の確保,障害福祉部 障害地域生活課,国庫支出金,specific,1724,1954,230,false,1,ippansainyu.csv,17840
rd_2026_general_revenue_13_02_01_32_28_3655200000,rs_2026_general_revenue_13_02_01_32,2026_general_revenue_13_02_01,2026,general,一般会計,13,国庫支出金,02,国庫補助金,01,民生費補助金,32,地域生活支援事業費,28,地域生活体験事業,障害福祉部 障害地域生活課,国庫支出金,specific,1724,2350,626,false,1,ippansainyu.csv,17841
rd_2026_general_revenue_13_02_01_32_33_3655100000,rs_2026_general_revenue_13_02_01_32,2026_general_revenue_13_02_01,2026,general,一般会計,13,国庫支出金,02,国庫補助金,01,民生費補助金,32,地域生活支援事業費,33,福祉ホーム,障害福祉部 障害施策課,国庫支出金,specific,989,1129,140,false,1,ippansainyu.csv,17768
rd_2026_general_revenue_13_02_01_32_34_3655100000,rs_2026_general_revenue_13_02_01_32,2026_general_revenue_13_02_01,2026,general,一般会計,13,国庫支出金,02,国庫補助金,01,民生費補助金,32,地域生活支援事業費,34,移動支援,障害福祉部 障害施策課,国庫支出金,specific,182686,214129,31443,false,1,ippansainyu.csv,17769
rd_2026_general_revenue_13_02_01_32_40_3655100000,rs_2026_general_revenue_13_02_01_32,2026_general_revenue_13_02_01,2026,general,一般会計,13,国庫支出金,02,国庫補助金,01,民生費補助金,32,地域生活支援事業費,40,理解促進研修・啓発事業（障害理解促進事業）,障害福祉部 障害施策課,国庫支出金,specific,791,855,64,false,1,ippansainyu.csv,17770
rd_2026_general_revenue_13_02_01_32_41_3655200000,rs_2026_general_revenue_13_02_01_32,2026_general_revenue_13_02_01,2026,general,一般会計,13,国庫支出金,02,国庫補助金,01,民生費補助金,32,地域生活支援事業費,41,理解促進研修・啓発事業（カタログリーフレット作成）,障害福祉部 障害地域生活課,国庫支出金,specific,198,31,-167,false,1,ippansainyu.csv,17842
rd_2026_general_revenue_13_02_01_32_48_3655100000,rs_2026_general_revenue_13_02_01_32,2026_general_revenue_13_02_01,2026,general,一般会計,13,国庫支出金,02,国庫補助金,01,民生費補助金,32,地域生活支援事業費,48,失語症者向け意思疎通支援者派遣事業,障害福祉部 障害施策課,国庫支出金,specific,0,800,800,false,1,ippansainyu.csv,17771
rd_2026_general_revenue_13_02_01_32_49_3655100000,rs_2026_general_revenue_13_02_01_32,2026_general_revenue_13_02_01,2026,general,一般会計,13,国庫支出金,02,国庫補助金,01,民生費補助金,32,地域生活支援事業費,49,コーディネート事業,障害福祉部 障害施策課,国庫支出金,specific,6064,9820,3756,false,1,ippansainyu.csv,17772
rd_2026_general_revenue_13_02_01_32_50_3655100000,rs_2026_general_revenue_13_02_01_32,2026_general_revenue_13_02_01,2026,general,一般会計,13,国庫支出金,02,国庫補助金,01,民生費補助金,32,地域生活支援事業費,50,理解促進研修・啓発事業（障害理解促進事業）,障害福祉部 障害施策課,国庫支出金,specific,1807,458,-1349,false,1,ippansainyu.csv,17773
rd_2026_general_revenue_13_02_01_32_53_3065600000,rs_2026_general_revenue_13_02_01_32,2026_general_revenue_13_02_01,2026,general,一般会計,13,国庫支出金,02,国庫補助金,01,民生費補助金,32,地域生活支援事業費,53,点字・声の広報（区政ＰＲ）,政策経営部 広報広聴課,国庫支出金,specific,0,122,122,false,1,ippansainyu.csv,16917
rd_2026_general_revenue_13_02_01_54_03_3665580000,rs_2026_general_revenue_13_02_01_54,2026_general_revenue_13_02_01,2026,general,一般会計,13,国庫支出金,02,国庫補助金,01,民生費補助金,54,地域子ども・子育て支援事業,03,病児・病後児保育事業,子ども・若者部 保育課,国庫支出金,specific,65254,68514,3260,false,1,ippansainyu.csv,18204
rd_2026_general_revenue_13_02_01_54_04_3665580000,rs_2026_general_revenue_13_02_01_54,2026_general_revenue_13_02_01,2026,general,一般会計,13,国庫支出金,02,国庫補助金,01,民生費補助金,54,地域子ども・子育て支援事業,04,延長保育事業（私立保育園）,子ども・若者部 保育課,国庫支出金,specific,61269,61549,280,false,1,ippansainyu.csv,18205
rd_2026_general_revenue_13_02_01_54_05_3665580000,rs_2026_general_revenue_13_02_01_54,2026_general_revenue_13_02_01,2026,general,一般会計,13,国庫支出金,02,国庫補助金,01,民生費補助金,54,地域子ども・子育て支援事業,05,延長保育事業（認定こども園）,子ども・若者部 保育課,国庫支出金,specific,3600,3600,0,false,1,ippansainyu.csv,18206
rd_2026_general_revenue_13_02_01_54_06_3665580000,rs_2026_general_revenue_13_02_01_54,2026_general_revenue_13_02_01,2026,general,一般会計,13,国庫支出金,02,国庫補助金,01,民生費補助金,54,地域子ども・子育て支援事業,06,延長保育事業（地域型保育事業）,子ども・若者部 保育課,国庫支出金,specific,8471,8519,48,false,1,ippansainyu.csv,18207
rd_2026_general_revenue_13_02_01_54_14_3665580000,rs_2026_general_revenue_13_02_01_54,2026_general_revenue_13_02_01,2026,general,一般会計,13,国庫支出金,02,国庫補助金,01,民生費補助金,54,地域子ども・子育て支援事業,14,一時預かり事業（私立保育園）,子ども・若者部 保育課,国庫支出金,specific,7867,9240,1373,false,1,ippansainyu.csv,18208
rd_2026_general_revenue_13_02_01_54_17_3665580000,rs_2026_general_revenue_13_02_01_54,2026_general_revenue_13_02_01,2026,general,一般会計,13,国庫支出金,02,国庫補助金,01,民生費補助金,54,地域子ども・子育て支援事業,17,一時預かり事業（単独施設型）,子ども・若者部 保育課,国庫支出金,specific,6163,5635,-528,false,1,ippansainyu.csv,18209
rd_2026_general_revenue_13_02_01_54_18_3665580000,rs_2026_general_revenue_13_02_01_54,2026_general_revenue_13_02_01,2026,general,一般会計,13,国庫支出金,02,国庫補助金,01,民生費補助金,54,地域子ども・子育て支援事業,18,一時預かり事業（幼稚園型）,子ども・若者部 保育課,国庫支出金,specific,6030,7889,1859,false,1,ippansainyu.csv,18210
rd_2026_general_revenue_13_02_01_54_20_3665500000,rs_2026_general_revenue_13_02_01_54,2026_general_revenue_13_02_01,2026,general,一般会計,13,国庫支出金,02,国庫補助金,01,民生費補助金,54,地域子ども・子育て支援事業,20,子育て短期支援事業,子ども・若者部 子ども家庭課,国庫支出金,specific,1200,996,-204,false,1,ippansainyu.csv,18058
rd_2026_general_revenue_13_02_01_54_23_3665570000,rs_2026_general_revenue_13_02_01_54,2026_general_revenue_13_02_01,2026,general,一般会計,13,国庫支出金,02,国庫補助金,01,民生費補助金,54,地域子ども・子育て支援事業,23,子どもを守る地域ネットワーク機能強化事業,子ども・若者部 児童相談支援課,国庫支出金,specific,158,199,41,false,1,ippansainyu.csv,18137
rd_2026_general_revenue_13_02_01_54_26_3665500000,rs_2026_general_revenue_13_02_01_54,2026_general_revenue_13_02_01,2026,general,一般会計,13,国庫支出金,02,国庫補助金,01,民生費補助金,54,地域子ども・子育て支援事業,26,一時預かり事業（子育てステーション）,子ども・若者部 子ども家庭課,国庫支出金,specific,20049,19910,-139,false,1,ippansainyu.csv,18059
rd_2026_general_revenue_13_02_01_54_28_3785200000,rs_2026_general_revenue_13_02_01_54,2026_general_revenue_13_02_01,2026,general,一般会計,13,国庫支出金,02,国庫補助金,01,民生費補助金,54,地域子ども・子育て支援事業,28,乳児家庭全戸訪問事業,世田谷保健所 健康推進課,国庫支出金,specific,16533,16533,0,false,1,ippansainyu.csv,18422
rd_2026_general_revenue_13_02_01_54_29_3665500000,rs_2026_general_revenue_13_02_01_54,2026_general_revenue_13_02_01,2026,general,一般会計,13,国庫支出金,02,国庫補助金,01,民生費補助金,54,地域子ども・子育て支援事業,29,一時預かり事業（単独施設型・子育てつどいの広場）,子ども・若者部 子ども家庭課,国庫支出金,specific,26039,26552,513,false,1,ippansainyu.csv,18060
rd_2026_general_revenue_13_02_01_54_33_4985400000,rs_2026_general_revenue_13_02_01_54,2026_general_revenue_13_02_01,2026,general,一般会計,13,国庫支出金,02,国庫補助金,01,民生費補助金,54,地域子ども・子育て支援事業,33,実費徴収補足給付事業（区立幼稚園）,教育委員会事務局 乳幼教・保支課,国庫支出金,specific,26,26,0,false,1,ippansainyu.csv,18910
rd_2026_general_revenue_13_02_01_54_34_3665570000,rs_2026_general_revenue_13_02_01_54,2026_general_revenue_13_02_01,2026,general,一般会計,13,国庫支出金,02,国庫補助金,01,民生費補助金,54,地域子ども・子育て支援事業,34,子育て短期支援事業（セーフティネットの整備）,子ども・若者部 児童相談支援課,国庫支出金,specific,7817,9837,2020,false,1,ippansainyu.csv,18138
rd_2026_general_revenue_13_02_01_54_35_4985400000,rs_2026_general_revenue_13_02_01_54,2026_general_revenue_13_02_01,2026,general,一般会計,13,国庫支出金,02,国庫補助金,01,民生費補助金,54,地域子ども・子育て支援事業,35,一時預かり事業（区立幼稚園）,教育委員会事務局 乳幼教・保支課,国庫支出金,specific,245,193,-52,false,1,ippansainyu.csv,18911
rd_2026_general_revenue_13_02_01_54_36_3665580000,rs_2026_general_revenue_13_02_01_54,2026_general_revenue_13_02_01,2026,general,一般会計,13,国庫支出金,02,国庫補助金,01,民生費補助金,54,地域子ども・子育て支援事業,36,一時預かり事業（区立保育園）,子ども・若者部 保育課,国庫支出金,specific,5294,6020,726,false,1,ippansainyu.csv,18211
rd_2026_general_revenue_13_02_01_54_37_3665580000,rs_2026_general_revenue_13_02_01_54,2026_general_revenue_13_02_01,2026,general,一般会計,13,国庫支出金,02,国庫補助金,01,民生費補助金,54,地域子ども・子育て支援事業,37,一時預かり事業（私立幼稚園）,子ども・若者部 保育課,国庫支出金,specific,1739,3401,1662,false,1,ippansainyu.csv,18212
rd_2026_general_revenue_13_02_01_54_38_3665150000,rs_2026_general_revenue_13_02_01_54,2026_general_revenue_13_02_01,2026,general,一般会計,13,国庫支出金,02,国庫補助金,01,民生費補助金,54,地域子ども・子育て支援事業,38,一時預かり事業（私立幼稚園）,子ども・若者部 子ども・若者支援課,国庫支出金,specific,5993,8908,2915,false,1,ippansainyu.csv,17948
rd_2026_general_revenue_13_02_01_54_39_3665500000,rs_2026_general_revenue_13_02_01_54,2026_general_revenue_13_02_01,2026,general,一般会計,13,国庫支出金,02,国庫補助金,01,民生費補助金,54,地域子ども・子育て支援事業,39,子育て援助活動支援事業,子ども・若者部 子ども家庭課,国庫支出金,specific,11786,12286,500,false,1,ippansainyu.csv,18061
rd_2026_general_revenue_13_02_01_54_41_3665150000,rs_2026_general_revenue_13_02_01_54,2026_general_revenue_13_02_01,2026,general,一般会計,13,国庫支出金,02,国庫補助金,01,民生費補助金,54,地域子ども・子育て支援事業,41,実費徴収補足給付事業（私立幼稚園）,子ども・若者部 子ども・若者支援課,国庫支出金,specific,1842,2733,891,false,1,ippansainyu.csv,17949
rd_2026_general_revenue_13_02_01_54_44_4960100000,rs_2026_general_revenue_13_02_01_54,2026_general_revenue_13_02_01,2026,general,一般会計,13,国庫支出金,02,国庫補助金,01,民生費補助金,54,地域子ども・子育て支援事業,44,一時預かり事業（区立幼稚園）,教育委員会事務局 教育総務課,国庫支出金,specific,5890,6252,362,false,1,ippansainyu.csv,18746
rd_2026_general_revenue_13_02_01_54_45_4960100000,rs_2026_general_revenue_13_02_01_54,2026_general_revenue_13_02_01,2026,general,一般会計,13,国庫支出金,02,国庫補助金,01,民生費補助金,54,地域子ども・子育て支援事業,45,放課後児童健全育成事業,教育委員会事務局 教育総務課,国庫支出金,specific,153800,233046,79246,false,1,ippansainyu.csv,18747
rd_2026_general_revenue_13_02_01_54_56_3665500000,rs_2026_general_revenue_13_02_01_54,2026_general_revenue_13_02_01,2026,general,一般会計,13,国庫支出金,02,国庫補助金,01,民生費補助金,54,地域子ども・子育て支援事業,56,相談支援体制強化事業（子育てつどいの広場）,子ども・若者部 子ども家庭課,国庫支出金,specific,800,600,-200,false,1,ippansainyu.csv,18062
rd_2026_general_revenue_13_02_01_54_74_3665500000,rs_2026_general_revenue_13_02_01_54,2026_general_revenue_13_02_01,2026,general,一般会計,13,国庫支出金,02,国庫補助金,01,民生費補助金,54,地域子ども・子育て支援事業,74,多様な事業者の参入促進・能力活用事業,子ども・若者部 子ども家庭課,国庫支出金,specific,1120,800,-320,false,1,ippansainyu.csv,18063
rd_2026_general_revenue_13_02_01_54_75_3665200000,rs_2026_general_revenue_13_02_01_54,2026_general_revenue_13_02_01,2026,general,一般会計,13,国庫支出金,02,国庫補助金,01,民生費補助金,54,地域子ども・子育て支援事業,75,放課後児童健全育成事業,子ども・若者部 児童課,国庫支出金,specific,151251,187535,36284,false,1,ippansainyu.csv,18016
rd_2026_general_revenue_13_02_01_54_81_3595110000,rs_2026_general_revenue_13_02_01_54,2026_general_revenue_13_02_01,2026,general,一般会計,13,国庫支出金,02,国庫補助金,01,民生費補助金,54,地域子ども・子育て支援事業,81,放課後児童健全育成事業第三者評価受審推進事業,保健福祉政策部 保健福祉政策課,国庫支出金,specific,2000,2400,400,false,1,ippansainyu.csv,17236
rd_2026_general_revenue_13_02_01_54_86_3665580000,rs_2026_general_revenue_13_02_01_54,2026_general_revenue_13_02_01,2026,general,一般会計,13,国庫支出金,02,国庫補助金,01,民生費補助金,54,地域子ども・子育て支援事業,86,一時預かり事業（私立保育園）,子ども・若者部 保育課,国庫支出金,specific,65582,57489,-8093,false,1,ippansainyu.csv,18213
rd_2026_general_revenue_13_02_01_54_87_3665580000,rs_2026_general_revenue_13_02_01_54,2026_general_revenue_13_02_01,2026,general,一般会計,13,国庫支出金,02,国庫補助金,01,民生費補助金,54,地域子ども・子育て支援事業,87,一時預かり事業（認定こども園）,子ども・若者部 保育課,国庫支出金,specific,2108,2236,128,false,1,ippansainyu.csv,18214
rd_2026_general_revenue_13_02_01_54_90_3665570000,rs_2026_general_revenue_13_02_01_54,2026_general_revenue_13_02_01,2026,general,一般会計,13,国庫支出金,02,国庫補助金,01,民生費補助金,54,地域子ども・子育て支援事業,90,親子関係形成支援事業,子ども・若者部 児童相談支援課,国庫支出金,specific,176,120,-56,false,1,ippansainyu.csv,18139
rd_2026_general_revenue_13_02_01_54_91_3665570000,rs_2026_general_revenue_13_02_01_54,2026_general_revenue_13_02_01,2026,general,一般会計,13,国庫支出金,02,国庫補助金,01,民生費補助金,54,地域子ども・子育て支援事業,91,子育て世帯訪問支援事業（養育支援等ホームヘルパー訪問事業）,子ども・若者部 児童相談支援課,国庫支出金,specific,11504,13838,2334,false,1,ippansainyu.csv,18140
rd_2026_general_revenue_13_02_01_54_92_3665570000,rs_2026_general_revenue_13_02_01_54,2026_general_revenue_13_02_01,2026,general,一般会計,13,国庫支出金,02,国庫補助金,01,民生費補助金,54,地域子ども・子育て支援事業,92,子育て世帯訪問支援事業（学生ボランティア派遣事業）,子ども・若者部 児童相談支援課,国庫支出金,specific,737,937,200,false,1,ippansainyu.csv,18141
rd_2026_general_revenue_13_02_01_54_93_3665570000,rs_2026_general_revenue_13_02_01_54,2026_general_revenue_13_02_01,2026,general,一般会計,13,国庫支出金,02,国庫補助金,01,民生費補助金,54,地域子ども・子育て支援事業,93,産後ケア事業,子ども・若者部 児童相談支援課,国庫支出金,specific,79585,112143,32558,false,1,ippansainyu.csv,18142
rd_2026_general_revenue_13_02_01_54_94_3665500000,rs_2026_general_revenue_13_02_01_54,2026_general_revenue_13_02_01,2026,general,一般会計,13,国庫支出金,02,国庫補助金,01,民生費補助金,54,地域子ども・子育て支援事業,94,子育て世帯訪問支援事業（在宅子育て支援）,子ども・若者部 子ども家庭課,国庫支出金,specific,7804,10523,2719,false,1,ippansainyu.csv,18064
rd_2026_general_revenue_13_02_01_55_01_3665580000,rs_2026_general_revenue_13_02_01_55,2026_general_revenue_13_02_01,2026,general,一般会計,13,国庫支出金,02,国庫補助金,01,民生費補助金,55,保育士宿舎借り上げ支援,01,保育士宿舎借り上げ支援事業,子ども・若者部 保育課,国庫支出金,specific,645644,447180,-198464,false,1,ippansainyu.csv,18215
rd_2026_general_revenue_13_02_01_56_02_3595200000,rs_2026_general_revenue_13_02_01_56,2026_general_revenue_13_02_01,2026,general,一般会計,13,国庫支出金,02,国庫補助金,01,民生費補助金,56,生活困窮者就労準備支援事業費等補助金,02,生活保護適正実施推進事業,保健福祉政策部 生活福祉課,国庫支出金,specific,5853,6115,262,false,1,ippansainyu.csv,17289
rd_2026_general_revenue_13_02_01_56_03_3595200000,rs_2026_general_revenue_13_02_01_56,2026_general_revenue_13_02_01,2026,general,一般会計,13,国庫支出金,02,国庫補助金,01,民生費補助金,56,生活困窮者就労準備支援事業費等補助金,03,中国残留邦人等地域生活支援事業,保健福祉政策部 生活福祉課,国庫支出金,specific,392,392,0,false,1,ippansainyu.csv,17290
rd_2026_general_revenue_13_02_01_56_06_3595200000,rs_2026_general_revenue_13_02_01_56,2026_general_revenue_13_02_01,2026,general,一般会計,13,国庫支出金,02,国庫補助金,01,民生費補助金,56,生活困窮者就労準備支援事業費等補助金,06,生活困窮者家計相談支援事業,保健福祉政策部 生活福祉課,国庫支出金,specific,5851,6010,159,false,1,ippansainyu.csv,17291
rd_2026_general_revenue_13_02_01_56_07_3595200000,rs_2026_general_revenue_13_02_01_56,2026_general_revenue_13_02_01,2026,general,一般会計,13,国庫支出金,02,国庫補助金,01,民生費補助金,56,生活困窮者就労準備支援事業費等補助金,07,生活困窮世帯の子どもに対する学習支援事業,保健福祉政策部 生活福祉課,国庫支出金,specific,8922,12039,3117,false,1,ippansainyu.csv,17292
rd_2026_general_revenue_13_02_01_56_09_3595200000,rs_2026_general_revenue_13_02_01_56,2026_general_revenue_13_02_01,2026,general,一般会計,13,国庫支出金,02,国庫補助金,01,民生費補助金,56,生活困窮者就労準備支援事業費等補助金,09,生活困窮者就労準備支援事業,保健福祉政策部 生活福祉課,国庫支出金,specific,8176,7601,-575,false,1,ippansainyu.csv,17293
rd_2026_general_revenue_13_02_01_56_11_3595200000,rs_2026_general_revenue_13_02_01_56,2026_general_revenue_13_02_01,2026,general,一般会計,13,国庫支出金,02,国庫補助金,01,民生費補助金,56,生活困窮者就労準備支援事業費等補助金,11,被保護者就労準備支援等事業（自立促進）,保健福祉政策部 生活福祉課,国庫支出金,specific,13260,16304,3044,false,1,ippansainyu.csv,17294
rd_2026_general_revenue_13_02_01_56_12_3595200000,rs_2026_general_revenue_13_02_01_56,2026_general_revenue_13_02_01,2026,general,一般会計,13,国庫支出金,02,国庫補助金,01,民生費補助金,56,生活困窮者就労準備支援事業費等補助金,12,被保護者就労準備支援等事業（生保事務）,保健福祉政策部 生活福祉課,国庫支出金,specific,19093,27790,8697,false,1,ippansainyu.csv,17295
rd_2026_general_revenue_13_02_01_56_17_3665500000,rs_2026_general_revenue_13_02_01_56,2026_general_revenue_13_02_01,2026,general,一般会計,13,国庫支出金,02,国庫補助金,01,民生費補助金,56,生活困窮者就労準備支援事業費等補助金,17,生活困窮世帯等の子どものための学習・生活支援の拠点事業,子ども・若者部 子ども家庭課,国庫支出金,specific,38996,45070,6074,false,1,ippansainyu.csv,18065
rd_2026_general_revenue_13_02_01_56_18_3595110000,rs_2026_general_revenue_13_02_01_56,2026_general_revenue_13_02_01,2026,general,一般会計,13,国庫支出金,02,国庫補助金,01,民生費補助金,56,生活困窮者就労準備支援事業費等補助金,18,生活保護適正実施推進事業,保健福祉政策部 保健福祉政策課,国庫支出金,specific,37826,38812,986,false,1,ippansainyu.csv,17237
rd_2026_general_revenue_13_02_01_56_19_3595200000,rs_2026_general_revenue_13_02_01_56,2026_general_revenue_13_02_01,2026,general,一般会計,13,国庫支出金,02,国庫補助金,01,民生費補助金,56,生活困窮者就労準備支援事業費等補助金,19,成年後見制度利用促進体制整備推進事業,保健福祉政策部 生活福祉課,国庫支出金,specific,1150,1150,0,false,1,ippansainyu.csv,17296
rd_2026_general_revenue_13_02_01_56_23_3595200000,rs_2026_general_revenue_13_02_01_56,2026_general_revenue_13_02_01,2026,general,一般会計,13,国庫支出金,02,国庫補助金,01,民生費補助金,56,生活困窮者就労準備支援事業費等補助金,23,生活困窮者家計相談支援事業,保健福祉政策部 生活福祉課,国庫支出金,specific,650,667,17,false,1,ippansainyu.csv,17297
rd_2026_general_revenue_13_02_01_56_24_3595200000,rs_2026_general_revenue_13_02_01_56,2026_general_revenue_13_02_01,2026,general,一般会計,13,国庫支出金,02,国庫補助金,01,民生費補助金,56,生活困窮者就労準備支援事業費等補助金,24,生活困窮者就労準備支援事業,保健福祉政策部 生活福祉課,国庫支出金,specific,907,844,-63,false,1,ippansainyu.csv,17298
rd_2026_general_revenue_13_02_01_56_25_3595200000,rs_2026_general_revenue_13_02_01_56,2026_general_revenue_13_02_01,2026,general,一般会計,13,国庫支出金,02,国庫補助金,01,民生費補助金,56,生活困窮者就労準備支援事業費等補助金,25,被保護者就労準備支援等事業（自立促進）,保健福祉政策部 生活福祉課,国庫支出金,specific,1472,1428,-44,false,1,ippansainyu.csv,17299
rd_2026_general_revenue_13_02_01_56_28_3595200000,rs_2026_general_revenue_13_02_01_56,2026_general_revenue_13_02_01,2026,general,一般会計,13,国庫支出金,02,国庫補助金,01,民生費補助金,56,生活困窮者就労準備支援事業費等補助金,28,ひきこもり地域支援センター事業,保健福祉政策部 生活福祉課,国庫支出金,specific,15750,15750,0,false,1,ippansainyu.csv,17300
rd_2026_general_revenue_13_02_01_56_29_3645100000,rs_2026_general_revenue_13_02_01_56,2026_general_revenue_13_02_01,2026,general,一般会計,13,国庫支出金,02,国庫補助金,01,民生費補助金,56,生活困窮者就労準備支援事業費等補助金,29,スポットワーク支援助成事業,高齢福祉部 高齢福祉課,国庫支出金,specific,0,36000,36000,false,1,ippansainyu.csv,17483
rd_2026_general_revenue_13_02_01_56_34_3595200000,rs_2026_general_revenue_13_02_01_56,2026_general_revenue_13_02_01,2026,general,一般会計,13,国庫支出金,02,国庫補助金,01,民生費補助金,56,生活困窮者就労準備支援事業費等補助金,34,地域居住支援事業,保健福祉政策部 生活福祉課,国庫支出金,specific,0,3448,3448,false,1,ippansainyu.csv,17301
rd_2026_general_revenue_13_02_01_57_01_3665580000,rs_2026_general_revenue_13_02_01_57,2026_general_revenue_13_02_01,2026,general,一般会計,13,国庫支出金,02,国庫補助金,01,民生費補助金,57,子ども・子育て支援体制整備総合推進事業,01,職員の資質向上・人材確保等研修事業,子ども・若者部 保育課,国庫支出金,specific,6608,10007,3399,false,1,ippansainyu.csv,18216
rd_2026_general_revenue_13_02_01_57_04_3665500000,rs_2026_general_revenue_13_02_01_57,2026_general_revenue_13_02_01,2026,general,一般会計,13,国庫支出金,02,国庫補助金,01,民生費補助金,57,子ども・子育て支援体制整備総合推進事業,04,職員の資質向上・人材確保等研修事業（援助会員研修）,子ども・若者部 子ども家庭課,国庫支出金,specific,825,933,108,false,1,ippansainyu.csv,18066
rd_2026_general_revenue_13_02_01_57_05_3665200000,rs_2026_general_revenue_13_02_01_57,2026_general_revenue_13_02_01,2026,general,一般会計,13,国庫支出金,02,国庫補助金,01,民生費補助金,57,子ども・子育て支援体制整備総合推進事業,05,職員の資質向上・人材確保等研修事業（放課後児童支援員等研修）,子ども・若者部 児童課,国庫支出金,specific,190,204,14,false,1,ippansainyu.csv,18017
rd_2026_general_revenue_13_02_01_57_06_3665200000,rs_2026_general_revenue_13_02_01_57,2026_general_revenue_13_02_01,2026,general,一般会計,13,国庫支出金,02,国庫補助金,01,民生費補助金,57,子ども・子育て支援体制整備総合推進事業,06,職員の資質向上・人材確保等研修事業（児童館運営）,子ども・若者部 児童課,国庫支出金,specific,82,82,0,false,1,ippansainyu.csv,18018
rd_2026_general_revenue_13_02_01_57_08_3665580000,rs_2026_general_revenue_13_02_01_57,2026_general_revenue_13_02_01,2026,general,一般会計,13,国庫支出金,02,国庫補助金,01,民生費補助金,57,子ども・子育て支援体制整備総合推進事業,08,職員の資質向上・人材確保等研修事業,子ども・若者部 保育課,国庫支出金,specific,2948,3203,255,false,1,ippansainyu.csv,18217
rd_2026_general_revenue_13_02_01_58_09_3665580000,rs_2026_general_revenue_13_02_01_58,2026_general_revenue_13_02_01,2026,general,一般会計,13,国庫支出金,02,国庫補助金,01,民生費補助金,58,保育対策総合支援事業費補助金,09,賃貸物件の活用による保育所改修費等支援事業（保育施設整備）,子ども・若者部 保育課,国庫支出金,specific,41554,236076,194522,false,1,ippansainyu.csv,18218
rd_2026_general_revenue_13_02_01_58_11_3665580000,rs_2026_general_revenue_13_02_01_58,2026_general_revenue_13_02_01,2026,general,一般会計,13,国庫支出金,02,国庫補助金,01,民生費補助金,58,保育対策総合支援事業費補助金,11,保育所等における業務効率化推進事業（私立保育園）,子ども・若者部 保育課,国庫支出金,specific,1300,6500,5200,false,1,ippansainyu.csv,18219
rd_2026_general_revenue_13_02_01_58_21_3665580000,rs_2026_general_revenue_13_02_01_58,2026_general_revenue_13_02_01,2026,general,一般会計,13,国庫支出金,02,国庫補助金,01,民生費補助金,58,保育対策総合支援事業費補助金,21,都市部における保育所等への賃借料支援事業（私立保育園）,子ども・若者部 保育課,国庫支出金,specific,278824,215030,-63794,false,1,ippansainyu.csv,18220
rd_2026_general_revenue_13_02_01_58_27_3665580000,rs_2026_general_revenue_13_02_01_58,2026_general_revenue_13_02_01,2026,general,一般会計,13,国庫支出金,02,国庫補助金,01,民生費補助金,58,保育対策総合支援事業費補助金,27,保育所等事故防止推進事業（私立保育園）,子ども・若者部 保育課,国庫支出金,specific,500,2500,2000,false,1,ippansainyu.csv,18221
rd_2026_general_revenue_13_02_01_58_30_3665580000,rs_2026_general_revenue_13_02_01_58,2026_general_revenue_13_02_01,2026,general,一般会計,13,国庫支出金,02,国庫補助金,01,民生費補助金,58,保育対策総合支援事業費補助金,30,保育人材就職支援事業,子ども・若者部 保育課,国庫支出金,specific,609,5904,5295,false,1,ippansainyu.csv,18222
rd_2026_general_revenue_13_02_01_58_44_4985400000,rs_2026_general_revenue_13_02_01_58,2026_general_revenue_13_02_01,2026,general,一般会計,13,国庫支出金,02,国庫補助金,01,民生費補助金,58,保育対策総合支援事業費補助金,44,保育所等の質の確保・向上のための巡回支援事業（区立幼稚園）,教育委員会事務局 乳幼教・保支課,国庫支出金,specific,2226,0,-2226,true,0,ippansainyu.csv,18912
rd_2026_general_revenue_13_02_01_58_53_3665200000,rs_2026_general_revenue_13_02_01_58,2026_general_revenue_13_02_01,2026,general,一般会計,13,国庫支出金,02,国庫補助金,01,民生費補助金,58,保育対策総合支援事業費補助金,53,若手保育士や保育事業者等への巡回支援事業,子ども・若者部 児童課,国庫支出金,specific,779,965,186,false,1,ippansainyu.csv,18019
rd_2026_general_revenue_13_02_01_58_54_3665590000,rs_2026_general_revenue_13_02_01_58,2026_general_revenue_13_02_01,2026,general,一般会計,13,国庫支出金,02,国庫補助金,01,民生費補助金,58,保育対策総合支援事業費補助金,54,保育所等における業務効率化推進事業（移行支援）,子ども・若者部 保育認定・調整課,国庫支出金,specific,650,0,-650,true,0,ippansainyu.csv,18334
rd_2026_general_revenue_13_02_01_58_55_3665590000,rs_2026_general_revenue_13_02_01_58,2026_general_revenue_13_02_01,2026,general,一般会計,13,国庫支出金,02,国庫補助金,01,民生費補助金,58,保育対策総合支援事業費補助金,55,保育所等事故防止推進事業（移行支援）,子ども・若者部 保育認定・調整課,国庫支出金,specific,250,0,-250,true,0,ippansainyu.csv,18335
rd_2026_general_revenue_13_02_01_59_01_3665580000,rs_2026_general_revenue_13_02_01_59,2026_general_revenue_13_02_01,2026,general,一般会計,13,国庫支出金,02,国庫補助金,01,民生費補助金,59,保育所等整備交付金,01,保育所等整備交付金,子ども・若者部 保育課,国庫支出金,specific,17025,0,-17025,true,0,ippansainyu.csv,18223
rd_2026_general_revenue_13_02_01_59_02_3665590000,rs_2026_general_revenue_13_02_01_59,2026_general_revenue_13_02_01,2026,general,一般会計,13,国庫支出金,02,国庫補助金,01,民生費補助金,59,保育所等整備交付金,02,保育所等整備交付金（認可外保育施設）,子ども・若者部 保育認定・調整課,国庫支出金,specific,130433,0,-130433,true,0,ippansainyu.csv,18336
rd_2026_general_revenue_13_02_01_60_03_3665500000,rs_2026_general_revenue_13_02_01_60,2026_general_revenue_13_02_01,2026,general,一般会計,13,国庫支出金,02,国庫補助金,01,民生費補助金,60,妊娠・出産包括支援事業,03,多胎妊産婦等支援,子ども・若者部 子ども家庭課,国庫支出金,specific,3968,3968,0,false,1,ippansainyu.csv,18067
rd_2026_general_revenue_13_02_01_69_01_3655100000,rs_2026_general_revenue_13_02_01_69,2026_general_revenue_13_02_01,2026,general,一般会計,13,国庫支出金,02,国庫補助金,01,民生費補助金,69,地域生活支援促進事業費,01,障害者虐待防止対策支援事業,障害福祉部 障害施策課,国庫支出金,specific,1444,1505,61,false,1,ippansainyu.csv,17774
rd_2026_general_revenue_13_02_01_69_03_3655100000,rs_2026_general_revenue_13_02_01_69,2026_general_revenue_13_02_01,2026,general,一般会計,13,国庫支出金,02,国庫補助金,01,民生費補助金,69,地域生活支援促進事業費,03,重度訪問介護利用者の大学修学支援事業,障害福祉部 障害施策課,国庫支出金,specific,641,0,-641,true,0,ippansainyu.csv,17775
rd_2026_general_revenue_13_02_01_69_04_3655300000,rs_2026_general_revenue_13_02_01_69,2026_general_revenue_13_02_01,2026,general,一般会計,13,国庫支出金,02,国庫補助金,01,民生費補助金,69,地域生活支援促進事業費,04,発達障害児者及び家族等支援事業,障害福祉部 障害保健福祉課,国庫支出金,specific,1413,1413,0,false,1,ippansainyu.csv,17902
rd_2026_general_revenue_13_02_01_69_06_3655100000,rs_2026_general_revenue_13_02_01_69,2026_general_revenue_13_02_01,2026,general,一般会計,13,国庫支出金,02,国庫補助金,01,民生費補助金,69,地域生活支援促進事業費,06,精神障害・地域包括ケアシステム推進（協議の場の設置）,障害福祉部 障害施策課,国庫支出金,specific,359,337,-22,false,1,ippansainyu.csv,17776
rd_2026_general_revenue_13_02_01_69_07_3785200000,rs_2026_general_revenue_13_02_01_69,2026_general_revenue_13_02_01,2026,general,一般会計,13,国庫支出金,02,国庫補助金,01,民生費補助金,69,地域生活支援促進事業費,07,精神障害・地域包括ケアシステム推進（精神保健福祉推進）,世田谷保健所 健康推進課,国庫支出金,specific,37504,40161,2657,false,1,ippansainyu.csv,18423
rd_2026_general_revenue_13_02_01_69_08_3655300000,rs_2026_general_revenue_13_02_01_69,2026_general_revenue_13_02_01,2026,general,一般会計,13,国庫支出金,02,国庫補助金,01,民生費補助金,69,地域生活支援促進事業費,08,精神障害・地域包括ケアシステム推進（地域移行）,障害福祉部 障害保健福祉課,国庫支出金,specific,9223,9291,68,false,1,ippansainyu.csv,17903
rd_2026_general_revenue_13_02_01_69_13_3655100000,rs_2026_general_revenue_13_02_01_69,2026_general_revenue_13_02_01,2026,general,一般会計,13,国庫支出金,02,国庫補助金,01,民生費補助金,69,地域生活支援促進事業費,13,精神障害・地域包括ケアシステム推進（緊急介護人派遣事業）,障害福祉部 障害施策課,国庫支出金,specific,0,0,0,true,0,ippansainyu.csv,17777
rd_2026_general_revenue_13_02_01_69_14_3785200000,rs_2026_general_revenue_13_02_01_69,2026_general_revenue_13_02_01,2026,general,一般会計,13,国庫支出金,02,国庫補助金,01,民生費補助金,69,地域生活支援促進事業費,14,精神障害・地域包括ケアシステム推進（精神保健福祉相談）,世田谷保健所 健康推進課,国庫支出金,specific,263,261,-2,false,1,ippansainyu.csv,18424
rd_2026_general_revenue_13_02_01_69_15_3655100000,rs_2026_general_revenue_13_02_01_69,2026_general_revenue_13_02_01,2026,general,一般会計,13,国庫支出金,02,国庫補助金,01,民生費補助金,69,地域生活支援促進事業費,15,雇用施策との連携による重度障害者等就労支援特別事業,障害福祉部 障害施策課,国庫支出金,specific,4642,10030,5388,false,1,ippansainyu.csv,17778
rd_2026_general_revenue_13_02_01_69_16_3655300000,rs_2026_general_revenue_13_02_01_69,2026_general_revenue_13_02_01,2026,general,一般会計,13,国庫支出金,02,国庫補助金,01,民生費補助金,69,地域生活支援促進事業費,16,精神障害・地域包括ケアシステム推進（精神障害者ピアサポート）,障害福祉部 障害保健福祉課,国庫支出金,specific,7058,6365,-693,false,1,ippansainyu.csv,17904
rd_2026_general_revenue_13_02_01_71_02_3665150000,rs_2026_general_revenue_13_02_01_71,2026_general_revenue_13_02_01,2026,general,一般会計,13,国庫支出金,02,国庫補助金,01,民生費補助金,71,地域少子化対策重点推進交付金,02,地域少子化対策重点推進事業,子ども・若者部 子ども・若者支援課,国庫支出金,specific,0,515,515,false,1,ippansainyu.csv,17950
rd_2026_general_revenue_13_02_01_73_05_3665500000,rs_2026_general_revenue_13_02_01_73,2026_general_revenue_13_02_01,2026,general,一般会計,13,国庫支出金,02,国庫補助金,01,民生費補助金,73,母子家庭等対策総合支援事業費,05,離婚前後親支援モデル事業,子ども・若者部 子ども家庭課,国庫支出金,specific,1138,0,-1138,true,0,ippansainyu.csv,18068
rd_2026_general_revenue_13_02_01_73_06_3665500000,rs_2026_general_revenue_13_02_01_73,2026_general_revenue_13_02_01,2026,general,一般会計,13,国庫支出金,02,国庫補助金,01,民生費補助金,73,母子家庭等対策総合支援事業費,06,ひとり親家庭への総合的な支援のための相談窓口の強化事業,子ども・若者部 子ども家庭課,国庫支出金,specific,858,3269,2411,false,1,ippansainyu.csv,18069
rd_2026_general_revenue_13_02_01_73_08_3665500000,rs_2026_general_revenue_13_02_01_73,2026_general_revenue_13_02_01,2026,general,一般会計,13,国庫支出金,02,国庫補助金,01,民生費補助金,73,母子家庭等対策総合支援事業費,08,離婚前後家庭支援事業,子ども・若者部 子ども家庭課,国庫支出金,specific,0,1355,1355,false,1,ippansainyu.csv,18070
rd_2026_general_revenue_13_02_01_73_09_3665500000,rs_2026_general_revenue_13_02_01_73,2026_general_revenue_13_02_01,2026,general,一般会計,13,国庫支出金,02,国庫補助金,01,民生費補助金,73,母子家庭等対策総合支援事業費,09,ひとり親家庭等就業・自立支援事業,子ども・若者部 子ども家庭課,国庫支出金,specific,0,436,436,false,1,ippansainyu.csv,18071
rd_2026_general_revenue_13_02_01_73_10_3665500000,rs_2026_general_revenue_13_02_01_73,2026_general_revenue_13_02_01,2026,general,一般会計,13,国庫支出金,02,国庫補助金,01,民生費補助金,73,母子家庭等対策総合支援事業費,10,母子家庭自立支援給付金及び父子家庭自立支援給付金事業,子ども・若者部 子ども家庭課,国庫支出金,specific,0,50200,50200,false,1,ippansainyu.csv,18072
rd_2026_general_revenue_13_02_01_78_01_3655200000,rs_2026_general_revenue_13_02_01_78,2026_general_revenue_13_02_01,2026,general,一般会計,13,国庫支出金,02,国庫補助金,01,民生費補助金,78,重層的支援体制整備事業,01,地域活動支援センター,障害福祉部 障害地域生活課,国庫支出金,specific,7500,7500,0,false,1,ippansainyu.csv,17843
rd_2026_general_revenue_13_02_01_78_02_3655300000,rs_2026_general_revenue_13_02_01_78,2026_general_revenue_13_02_01,2026,general,一般会計,13,国庫支出金,02,国庫補助金,01,民生費補助金,78,重層的支援体制整備事業,02,相談支援（機能強化事業）,障害福祉部 障害保健福祉課,国庫支出金,specific,63992,73065,9073,false,1,ippansainyu.csv,17905
rd_2026_general_revenue_13_02_01_78_03_3655300000,rs_2026_general_revenue_13_02_01_78,2026_general_revenue_13_02_01,2026,general,一般会計,13,国庫支出金,02,国庫補助金,01,民生費補助金,78,重層的支援体制整備事業,03,相談支援（基幹相談支援センター）,障害福祉部 障害保健福祉課,国庫支出金,specific,8233,10899,2666,false,1,ippansainyu.csv,17906
rd_2026_general_revenue_13_02_01_78_04_3655300000,rs_2026_general_revenue_13_02_01_78,2026_general_revenue_13_02_01,2026,general,一般会計,13,国庫支出金,02,国庫補助金,01,民生費補助金,78,重層的支援体制整備事業,04,相談支援（保健センター障害者専門相談）,障害福祉部 障害保健福祉課,国庫支出金,specific,27944,29705,1761,false,1,ippansainyu.csv,17907
rd_2026_general_revenue_13_02_01_78_05_3655300000,rs_2026_general_revenue_13_02_01_78,2026_general_revenue_13_02_01,2026,general,一般会計,13,国庫支出金,02,国庫補助金,01,民生費補助金,78,重層的支援体制整備事業,05,相談支援（保健センター乳幼児育成相談）,障害福祉部 障害保健福祉課,国庫支出金,specific,30096,31978,1882,false,1,ippansainyu.csv,17908
rd_2026_general_revenue_13_02_01_78_07_3665580000,rs_2026_general_revenue_13_02_01_78,2026_general_revenue_13_02_01,2026,general,一般会計,13,国庫支出金,02,国庫補助金,01,民生費補助金,78,重層的支援体制整備事業,07,地域子育て支援拠点事業（区立保育園）,子ども・若者部 保育課,国庫支出金,specific,17479,22029,4550,false,1,ippansainyu.csv,18224
rd_2026_general_revenue_13_02_01_78_08_3665500000,rs_2026_general_revenue_13_02_01_78,2026_general_revenue_13_02_01,2026,general,一般会計,13,国庫支出金,02,国庫補助金,01,民生費補助金,78,重層的支援体制整備事業,08,利用者支援事業,子ども・若者部 子ども家庭課,国庫支出金,specific,85422,89304,3882,false,1,ippansainyu.csv,18073
rd_2026_general_revenue_13_02_01_78_09_3665500000,rs_2026_general_revenue_13_02_01_78,2026_general_revenue_13_02_01,2026,general,一般会計,13,国庫支出金,02,国庫補助金,01,民生費補助金,78,重層的支援体制整備事業,09,地域子育て支援拠点事業（単独施設）,子ども・若者部 子ども家庭課,国庫支出金,specific,144846,166185,21339,false,1,ippansainyu.csv,18074
rd_2026_general_revenue_13_02_01_78_10_3665500000,rs_2026_general_revenue_13_02_01_78,2026_general_revenue_13_02_01,2026,general,一般会計,13,国庫支出金,02,国庫補助金,01,民生費補助金,78,重層的支援体制整備事業,10,地域子育て支援拠点事業（子育てステーション）,子ども・若者部 子ども家庭課,国庫支出金,specific,25851,25548,-303,false,1,ippansainyu.csv,18075
rd_2026_general_revenue_13_02_01_78_11_3665200000,rs_2026_general_revenue_13_02_01_78,2026_general_revenue_13_02_01,2026,general,一般会計,13,国庫支出金,02,国庫補助金,01,民生費補助金,78,重層的支援体制整備事業,11,地域子育て支援拠点事業（児童館）,子ども・若者部 児童課,国庫支出金,specific,5320,5580,260,false,1,ippansainyu.csv,18020
rd_2026_general_revenue_13_02_01_78_14_3595200000,rs_2026_general_revenue_13_02_01_78,2026_general_revenue_13_02_01,2026,general,一般会計,13,国庫支出金,02,国庫補助金,01,民生費補助金,78,重層的支援体制整備事業,14,生活困窮者就労準備支援事業,保健福祉政策部 生活福祉課,国庫支出金,specific,1300,1276,-24,false,1,ippansainyu.csv,17302
rd_2026_general_revenue_13_02_01_78_16_3645300000,rs_2026_general_revenue_13_02_01_78,2026_general_revenue_13_02_01,2026,general,一般会計,13,国庫支出金,02,国庫補助金,01,民生費補助金,78,重層的支援体制整備事業,16,地域包括支援センター運営,高齢福祉部 介護予防・支援課,国庫支出金,specific,257545,276134,18589,false,1,ippansainyu.csv,17712
rd_2026_general_revenue_13_02_01_78_17_3645300000,rs_2026_general_revenue_13_02_01_78,2026_general_revenue_13_02_01,2026,general,一般会計,13,国庫支出金,02,国庫補助金,01,民生費補助金,78,重層的支援体制整備事業,17,あんしん見守り事業,高齢福祉部 介護予防・支援課,国庫支出金,specific,47907,51630,3723,false,1,ippansainyu.csv,17713
rd_2026_general_revenue_13_02_01_78_18_3645300000,rs_2026_general_revenue_13_02_01_78,2026_general_revenue_13_02_01,2026,general,一般会計,13,国庫支出金,02,国庫補助金,01,民生費補助金,78,重層的支援体制整備事業,18,生活支援体制整備事業,高齢福祉部 介護予防・支援課,国庫支出金,specific,46200,46200,0,false,1,ippansainyu.csv,17714
rd_2026_general_revenue_13_02_01_78_19_3645300000,rs_2026_general_revenue_13_02_01_78,2026_general_revenue_13_02_01,2026,general,一般会計,13,国庫支出金,02,国庫補助金,01,民生費補助金,78,重層的支援体制整備事業,19,一般介護予防事業（地域づくり支援）,高齢福祉部 介護予防・支援課,国庫支出金,specific,10424,11146,722,false,1,ippansainyu.csv,17715
rd_2026_general_revenue_13_02_01_78_20_3645200000,rs_2026_general_revenue_13_02_01_78,2026_general_revenue_13_02_01,2026,general,一般会計,13,国庫支出金,02,国庫補助金,01,民生費補助金,78,重層的支援体制整備事業,20,シニアボランティアポイント事業,高齢福祉部 介護保険課,国庫支出金,specific,464,586,122,false,1,ippansainyu.csv,17544
rd_2026_general_revenue_13_02_01_78_23_3655100000,rs_2026_general_revenue_13_02_01_78,2026_general_revenue_13_02_01,2026,general,一般会計,13,国庫支出金,02,国庫補助金,01,民生費補助金,78,重層的支援体制整備事業,23,相談支援（基幹相談支援センター自立支援協議会分）,障害福祉部 障害施策課,国庫支出金,specific,1082,0,-1082,true,0,ippansainyu.csv,17779
rd_2026_general_revenue_13_02_01_78_26_3595200000,rs_2026_general_revenue_13_02_01_78,2026_general_revenue_13_02_01,2026,general,一般会計,13,国庫支出金,02,国庫補助金,01,民生費補助金,78,重層的支援体制整備事業,26,生活困窮者就労準備支援事業,保健福祉政策部 生活福祉課,国庫支出金,specific,1155,1174,19,false,1,ippansainyu.csv,17303
rd_2026_general_revenue_13_02_01_78_29_3595200000,rs_2026_general_revenue_13_02_01_78,2026_general_revenue_13_02_01,2026,general,一般会計,13,国庫支出金,02,国庫補助金,01,民生費補助金,78,重層的支援体制整備事業,29,多機関協働事業,保健福祉政策部 生活福祉課,国庫支出金,specific,30900,27500,-3400,false,1,ippansainyu.csv,17304
rd_2026_general_revenue_13_02_01_78_30_3665570000,rs_2026_general_revenue_13_02_01_78,2026_general_revenue_13_02_01,2026,general,一般会計,13,国庫支出金,02,国庫補助金,01,民生費補助金,78,重層的支援体制整備事業,30,利用者支援事業（こども家庭センター型）,子ども・若者部 児童相談支援課,国庫支出金,specific,40897,40316,-581,false,2,ippansainyu.csv,18143
rd_2026_general_revenue_13_02_01_78_31_3665150000,rs_2026_general_revenue_13_02_01_78,2026_general_revenue_13_02_01,2026,general,一般会計,13,国庫支出金,02,国庫補助金,01,民生費補助金,78,重層的支援体制整備事業,31,生活困窮者支援等のための地域づくり事業（青少年交流センター）,子ども・若者部 子ども・若者支援課,国庫支出金,specific,1137,1134,-3,false,1,ippansainyu.csv,17951
rd_2026_general_revenue_13_02_01_78_32_3785200000,rs_2026_general_revenue_13_02_01_78,2026_general_revenue_13_02_01,2026,general,一般会計,13,国庫支出金,02,国庫補助金,01,民生費補助金,78,重層的支援体制整備事業,32,利用者支援事業（こども家庭センター型）,世田谷保健所 健康推進課,国庫支出金,specific,31329,41063,9734,false,1,ippansainyu.csv,18425
rd_2026_general_revenue_13_02_01_78_33_3785200000,rs_2026_general_revenue_13_02_01_78,2026_general_revenue_13_02_01,2026,general,一般会計,13,国庫支出金,02,国庫補助金,01,民生費補助金,78,重層的支援体制整備事業,33,利用者支援事業（妊婦等包括相談支援事業型）,世田谷保健所 健康推進課,国庫支出金,specific,3876,0,-3876,true,0,ippansainyu.csv,18426
rd_2026_general_revenue_13_02_01_78_34_3665150000,rs_2026_general_revenue_13_02_01_78,2026_general_revenue_13_02_01,2026,general,一般会計,13,国庫支出金,02,国庫補助金,01,民生費補助金,78,重層的支援体制整備事業,34,地域子育て支援拠点事業（青少年交流センター）,子ども・若者部 子ども・若者支援課,国庫支出金,specific,2029,714,-1315,false,1,ippansainyu.csv,17952
rd_2026_general_revenue_13_02_01_91_03_3405350000,rs_2026_general_revenue_13_02_01_91,2026_general_revenue_13_02_01,2026,general,一般会計,13,国庫支出金,02,国庫補助金,01,民生費補助金,91,困難な問題を抱える女性支援推進等事業,03,困難な問題を抱える女性への支援体制構築事業,生活文化政策部 市民活動推進課,国庫支出金,specific,1383,13868,12485,false,1,ippansainyu.csv,17013
rd_2026_general_revenue_13_02_01_91_04_3405450000,rs_2026_general_revenue_13_02_01_91,2026_general_revenue_13_02_01,2026,general,一般会計,13,国庫支出金,02,国庫補助金,01,民生費補助金,91,困難な問題を抱える女性支援推進等事業,04,困難女性支援活動・ＤＶ対策機能強化事業,生活文化政策部 人権男女共同参画課,国庫支出金,specific,95,137,42,false,1,ippansainyu.csv,17064
rd_2026_general_revenue_13_02_01_92_01_3405450000,rs_2026_general_revenue_13_02_01_92,2026_general_revenue_13_02_01,2026,general,一般会計,13,国庫支出金,02,国庫補助金,01,民生費補助金,92,地域女性活躍推進交付金,01,女性活躍推進等事業,生活文化政策部 人権男女共同参画課,国庫支出金,specific,2747,954,-1793,false,1,ippansainyu.csv,17065
rd_2026_general_revenue_13_02_01_92_03_3405450000,rs_2026_general_revenue_13_02_01_92,2026_general_revenue_13_02_01,2026,general,一般会計,13,国庫支出金,02,国庫補助金,01,民生費補助金,92,地域女性活躍推進交付金,03,女性活躍推進等事業,生活文化政策部 人権男女共同参画課,国庫支出金,specific,493,350,-143,false,1,ippansainyu.csv,17066
rd_2026_general_revenue_13_02_01_92_04_3405450000,rs_2026_general_revenue_13_02_01_92,2026_general_revenue_13_02_01,2026,general,一般会計,13,国庫支出金,02,国庫補助金,01,民生費補助金,92,地域女性活躍推進交付金,04,女性活躍推進等事業,生活文化政策部 人権男女共同参画課,国庫支出金,specific,990,0,-990,true,0,ippansainyu.csv,17067
rd_2026_general_revenue_13_02_01_93_01_3665570000,rs_2026_general_revenue_13_02_01_93,2026_general_revenue_13_02_01,2026,general,一般会計,13,国庫支出金,02,国庫補助金,01,民生費補助金,93,児童虐待防止対策等総合支援事業費,01,こどもの権利擁護環境整備事業,子ども・若者部 児童相談支援課,国庫支出金,specific,6539,0,-6539,true,0,ippansainyu.csv,18144
rd_2026_general_revenue_13_02_01_93_02_3665570000,rs_2026_general_revenue_13_02_01_93,2026_general_revenue_13_02_01,2026,general,一般会計,13,国庫支出金,02,国庫補助金,01,民生費補助金,93,児童虐待防止対策等総合支援事業費,02,こども家庭ソーシャルワーカー取得促進事業,子ども・若者部 児童相談支援課,国庫支出金,specific,0,344,344,false,1,ippansainyu.csv,18145
rd_2026_general_revenue_13_02_01_93_03_3655300000,rs_2026_general_revenue_13_02_01_93,2026_general_revenue_13_02_01,2026,general,一般会計,13,国庫支出金,02,国庫補助金,01,民生費補助金,93,児童虐待防止対策等総合支援事業費,03,巡回支援専門員整備事業（発達障害相談・療育センター）,障害福祉部 障害保健福祉課,国庫支出金,specific,1663,1663,0,false,1,ippansainyu.csv,17909
rd_2026_general_revenue_13_02_01_93_04_3655300000,rs_2026_general_revenue_13_02_01_93,2026_general_revenue_13_02_01,2026,general,一般会計,13,国庫支出金,02,国庫補助金,01,民生費補助金,93,児童虐待防止対策等総合支援事業費,04,巡回支援専門員整備事業（梅ヶ丘拠点障害者支援施設）,障害福祉部 障害保健福祉課,国庫支出金,specific,1123,1123,0,false,1,ippansainyu.csv,17910
rd_2026_general_revenue_13_02_01_93_06_3695150000,rs_2026_general_revenue_13_02_01_93,2026_general_revenue_13_02_01,2026,general,一般会計,13,国庫支出金,02,国庫補助金,01,民生費補助金,93,児童虐待防止対策等総合支援事業費,06,医療的機能強化等事業,児童相談所 児童相談課,国庫支出金,specific,3921,3921,0,false,1,ippansainyu.csv,18366
rd_2026_general_revenue_13_02_01_93_07_3695150000,rs_2026_general_revenue_13_02_01_93,2026_general_revenue_13_02_01,2026,general,一般会計,13,国庫支出金,02,国庫補助金,01,民生費補助金,93,児童虐待防止対策等総合支援事業費,07,法的対応機能強化事業,児童相談所 児童相談課,国庫支出金,specific,3911,3564,-347,false,1,ippansainyu.csv,18367
rd_2026_general_revenue_13_02_01_93_08_3695150000,rs_2026_general_revenue_13_02_01_93,2026_general_revenue_13_02_01,2026,general,一般会計,13,国庫支出金,02,国庫補助金,01,民生費補助金,93,児童虐待防止対策等総合支援事業費,08,児童虐待防止対策事業,児童相談所 児童相談課,国庫支出金,specific,12197,15896,3699,false,1,ippansainyu.csv,18368
rd_2026_general_revenue_13_02_01_93_09_3695150000,rs_2026_general_revenue_13_02_01_93,2026_general_revenue_13_02_01,2026,general,一般会計,13,国庫支出金,02,国庫補助金,01,民生費補助金,93,児童虐待防止対策等総合支援事業費,09,未成年後見人支援事業,児童相談所 児童相談課,国庫支出金,specific,379,252,-127,false,1,ippansainyu.csv,18369
rd_2026_general_revenue_13_02_01_93_10_3695200000,rs_2026_general_revenue_13_02_01_93,2026_general_revenue_13_02_01,2026,general,一般会計,13,国庫支出金,02,国庫補助金,01,民生費補助金,93,児童虐待防止対策等総合支援事業費,10,一時保護所運営,児童相談所 一時保護課,国庫支出金,specific,4087,4087,0,false,1,ippansainyu.csv,18378
rd_2026_general_revenue_13_02_01_93_11_3695200000,rs_2026_general_revenue_13_02_01_93,2026_general_revenue_13_02_01,2026,general,一般会計,13,国庫支出金,02,国庫補助金,01,民生費補助金,93,児童虐待防止対策等総合支援事業費,11,学習支援,児童相談所 一時保護課,国庫支出金,specific,4483,4803,320,false,1,ippansainyu.csv,18379
rd_2026_general_revenue_13_02_01_93_12_3665500000,rs_2026_general_revenue_13_02_01_93,2026_general_revenue_13_02_01,2026,general,一般会計,13,国庫支出金,02,国庫補助金,01,民生費補助金,93,児童虐待防止対策等総合支援事業費,12,ヤングケアラー支援体制強化事業,子ども・若者部 子ども家庭課,国庫支出金,specific,14241,16425,2184,false,1,ippansainyu.csv,18076
rd_2026_general_revenue_13_02_01_93_13_3665500000,rs_2026_general_revenue_13_02_01_93,2026_general_revenue_13_02_01,2026,general,一般会計,13,国庫支出金,02,国庫補助金,01,民生費補助金,93,児童虐待防止対策等総合支援事業費,13,児童虐待防止等のための広報啓発事業,子ども・若者部 子ども家庭課,国庫支出金,specific,268,460,192,false,1,ippansainyu.csv,18077
rd_2026_general_revenue_13_02_01_93_14_3665500000,rs_2026_general_revenue_13_02_01_93,2026_general_revenue_13_02_01,2026,general,一般会計,13,国庫支出金,02,国庫補助金,01,民生費補助金,93,児童虐待防止対策等総合支援事業費,14,児童養護施設等の生活向上のための環境改善事業,子ども・若者部 子ども家庭課,国庫支出金,specific,500,500,0,false,1,ippansainyu.csv,18078
rd_2026_general_revenue_13_02_01_93_15_3665500000,rs_2026_general_revenue_13_02_01_93,2026_general_revenue_13_02_01,2026,general,一般会計,13,国庫支出金,02,国庫補助金,01,民生費補助金,93,児童虐待防止対策等総合支援事業費,15,乳児院等多機能化推進事業,子ども・若者部 子ども家庭課,国庫支出金,specific,2526,2663,137,false,1,ippansainyu.csv,18079
rd_2026_general_revenue_13_02_01_93_16_3665500000,rs_2026_general_revenue_13_02_01_93,2026_general_revenue_13_02_01,2026,general,一般会計,13,国庫支出金,02,国庫補助金,01,民生費補助金,93,児童虐待防止対策等総合支援事業費,16,児童養護施設等の生活向上のための環境改善事業,子ども・若者部 子ども家庭課,国庫支出金,specific,670,670,0,false,1,ippansainyu.csv,18080
rd_2026_general_revenue_13_02_01_93_17_3665500000,rs_2026_general_revenue_13_02_01_93,2026_general_revenue_13_02_01,2026,general,一般会計,13,国庫支出金,02,国庫補助金,01,民生費補助金,93,児童虐待防止対策等総合支援事業費,17,乳児院等多機能化推進事業,子ども・若者部 子ども家庭課,国庫支出金,specific,2526,2663,137,false,1,ippansainyu.csv,18081
rd_2026_general_revenue_13_02_01_93_18_3665570000,rs_2026_general_revenue_13_02_01_93,2026_general_revenue_13_02_01,2026,general,一般会計,13,国庫支出金,02,国庫補助金,01,民生費補助金,93,児童虐待防止対策等総合支援事業費,18,児童の安全確認等のための体制,子ども・若者部 児童相談支援課,国庫支出金,specific,5828,6882,1054,false,1,ippansainyu.csv,18146
rd_2026_general_revenue_13_02_01_93_19_3665570000,rs_2026_general_revenue_13_02_01_93,2026_general_revenue_13_02_01,2026,general,一般会計,13,国庫支出金,02,国庫補助金,01,民生費補助金,93,児童虐待防止対策等総合支援事業費,19,児童虐待防止対策強化,子ども・若者部 児童相談支援課,国庫支出金,specific,12022,14239,2217,false,1,ippansainyu.csv,18147
rd_2026_general_revenue_13_02_01_93_20_3665570000,rs_2026_general_revenue_13_02_01_93,2026_general_revenue_13_02_01,2026,general,一般会計,13,国庫支出金,02,国庫補助金,01,民生費補助金,93,児童虐待防止対策等総合支援事業費,20,里親養育包括支援事業,子ども・若者部 児童相談支援課,国庫支出金,specific,14085,16145,2060,false,1,ippansainyu.csv,18148
rd_2026_general_revenue_13_02_01_93_21_3665570000,rs_2026_general_revenue_13_02_01_93,2026_general_revenue_13_02_01,2026,general,一般会計,13,国庫支出金,02,国庫補助金,01,民生費補助金,93,児童虐待防止対策等総合支援事業費,21,児童養護施設等の生活向上のための環境改善事業,子ども・若者部 児童相談支援課,国庫支出金,specific,5625,6500,875,false,1,ippansainyu.csv,18149
rd_2026_general_revenue_13_02_01_93_22_3665570000,rs_2026_general_revenue_13_02_01_93,2026_general_revenue_13_02_01,2026,general,一般会計,13,国庫支出金,02,国庫補助金,01,民生費補助金,93,児童虐待防止対策等総合支援事業費,22,児童養護施設等の生活向上のための環境改善事業,子ども・若者部 児童相談支援課,国庫支出金,specific,29466,0,-29466,true,0,ippansainyu.csv,18150
rd_2026_general_revenue_13_02_01_93_27_3665570000,rs_2026_general_revenue_13_02_01_93,2026_general_revenue_13_02_01,2026,general,一般会計,13,国庫支出金,02,国庫補助金,01,民生費補助金,93,児童虐待防止対策等総合支援事業費,27,評価・検証委員会設置促進事業,子ども・若者部 児童相談支援課,国庫支出金,specific,466,0,-466,true,0,ippansainyu.csv,18151
rd_2026_general_revenue_13_02_01_93_28_3695150000,rs_2026_general_revenue_13_02_01_93,2026_general_revenue_13_02_01,2026,general,一般会計,13,国庫支出金,02,国庫補助金,01,民生費補助金,93,児童虐待防止対策等総合支援事業費,28,ひきこもり等児童福祉対策事業,児童相談所 児童相談課,国庫支出金,specific,106,54,-52,false,1,ippansainyu.csv,18370
rd_2026_general_revenue_13_02_01_93_29_3695200000,rs_2026_general_revenue_13_02_01_93,2026_general_revenue_13_02_01,2026,general,一般会計,13,国庫支出金,02,国庫補助金,01,民生費補助金,93,児童虐待防止対策等総合支援事業費,29,一時保護施設学習支援強化事業,児童相談所 一時保護課,国庫支出金,specific,500,444,-56,false,1,ippansainyu.csv,18380
rd_2026_general_revenue_13_02_01_93_30_3665570000,rs_2026_general_revenue_13_02_01_93,2026_general_revenue_13_02_01,2026,general,一般会計,13,国庫支出金,02,国庫補助金,01,民生費補助金,93,児童虐待防止対策等総合支援事業費,30,身元保証人確保対策事業,子ども・若者部 児童相談支援課,国庫支出金,specific,48,61,13,false,1,ippansainyu.csv,18152
rd_2026_general_revenue_13_02_01_93_31_3695150000,rs_2026_general_revenue_13_02_01_93,2026_general_revenue_13_02_01,2026,general,一般会計,13,国庫支出金,02,国庫補助金,01,民生費補助金,93,児童虐待防止対策等総合支援事業費,31,一時保護機能強化事業,児童相談所 児童相談課,国庫支出金,specific,2054,2054,0,false,1,ippansainyu.csv,18371
rd_2026_general_revenue_13_02_01_93_32_3665500000,rs_2026_general_revenue_13_02_01_93,2026_general_revenue_13_02_01,2026,general,一般会計,13,国庫支出金,02,国庫補助金,01,民生費補助金,93,児童虐待防止対策等総合支援事業費,32,児童養護施設等の生活向上のための環境改善事業,子ども・若者部 子ども家庭課,国庫支出金,specific,0,6500,6500,false,1,ippansainyu.csv,18082
rd_2026_general_revenue_13_02_01_93_33_3665500000,rs_2026_general_revenue_13_02_01_93,2026_general_revenue_13_02_01,2026,general,一般会計,13,国庫支出金,02,国庫補助金,01,民生費補助金,93,児童虐待防止対策等総合支援事業費,33,児童養護施設等体制強化事業（区立母子生活支援施設）,子ども・若者部 子ども家庭課,国庫支出金,specific,0,0,0,true,0,ippansainyu.csv,18083
rd_2026_general_revenue_13_02_01_93_34_3665500000,rs_2026_general_revenue_13_02_01_93,2026_general_revenue_13_02_01,2026,general,一般会計,13,国庫支出金,02,国庫補助金,01,民生費補助金,93,児童虐待防止対策等総合支援事業費,34,児童養護施設等体制強化事業（私立母子生活支援施設）,子ども・若者部 子ども家庭課,国庫支出金,specific,0,4534,4534,false,1,ippansainyu.csv,18084
rd_2026_general_revenue_13_02_01_93_36_3665500000,rs_2026_general_revenue_13_02_01_93,2026_general_revenue_13_02_01,2026,general,一般会計,13,国庫支出金,02,国庫補助金,01,民生費補助金,93,児童虐待防止対策等総合支援事業費,36,児童養護施設等体制強化事業（区立母子生活支援施設）,子ども・若者部 子ども家庭課,国庫支出金,specific,0,767,767,false,1,ippansainyu.csv,18085
rd_2026_general_revenue_13_02_01_97_01_3665150000,rs_2026_general_revenue_13_02_01_97,2026_general_revenue_13_02_01,2026,general,一般会計,13,国庫支出金,02,国庫補助金,01,民生費補助金,97,こどもの居場所づくり支援体制強化事業,01,青少年交流センターでの若者の主体的な活動の推進,子ども・若者部 子ども・若者支援課,国庫支出金,specific,2497,0,-2497,true,0,ippansainyu.csv,17953
rd_2026_general_revenue_13_02_01_97_02_3665200000,rs_2026_general_revenue_13_02_01_97,2026_general_revenue_13_02_01,2026,general,一般会計,13,国庫支出金,02,国庫補助金,01,民生費補助金,97,こどもの居場所づくり支援体制強化事業,02,児童館を拠点とした見守りネットワーク強化,子ども・若者部 児童課,国庫支出金,specific,0,1892,1892,false,1,ippansainyu.csv,18021
rd_2026_general_revenue_13_02_01_98_01_3665150000,rs_2026_general_revenue_13_02_01_98,2026_general_revenue_13_02_01,2026,general,一般会計,13,国庫支出金,02,国庫補助金,01,民生費補助金,98,地域こどもの生活支援強化事業,01,若者支援事業運営,子ども・若者部 子ども・若者支援課,国庫支出金,specific,184,1425,1241,false,1,ippansainyu.csv,17954
rd_2026_general_revenue_13_02_01_99_01_3665200000,rs_2026_general_revenue_13_02_01_99,2026_general_revenue_13_02_01,2026,general,一般会計,13,国庫支出金,02,国庫補助金,01,民生費補助金,99,子ども・子育て支援施設整備交付金,01,学童クラブ運営,子ども・若者部 児童課,国庫支出金,specific,77563,217910,140347,false,1,ippansainyu.csv,18022
rd_2026_general_revenue_13_02_03_01_12_3785250000,rs_2026_general_revenue_13_02_03_01,2026_general_revenue_13_02_03,2026,general,一般会計,13,国庫支出金,02,国庫補助金,03,衛生費補助金,01,結核対策費,12,結核医療費公費負担,世田谷保健所 感染症対策課,国庫支出金,specific,1115,1120,5,false,1,ippansainyu.csv,18480
rd_2026_general_revenue_13_02_03_01_13_3785250000,rs_2026_general_revenue_13_02_03_01,2026_general_revenue_13_02_03,2026,general,一般会計,13,国庫支出金,02,国庫補助金,03,衛生費補助金,01,結核対策費,13,結核対策特別促進事業,世田谷保健所 感染症対策課,国庫支出金,specific,874,1204,330,false,1,ippansainyu.csv,18481
rd_2026_general_revenue_13_02_03_03_17_3785200000,rs_2026_general_revenue_13_02_03_03,2026_general_revenue_13_02_03,2026,general,一般会計,13,国庫支出金,02,国庫補助金,03,衛生費補助金,03,母子衛生費,17,乳幼児健診,世田谷保健所 健康推進課,国庫支出金,specific,0,0,0,true,0,ippansainyu.csv,18427
rd_2026_general_revenue_13_02_03_11_06_3785250000,rs_2026_general_revenue_13_02_03_11,2026_general_revenue_13_02_03,2026,general,一般会計,13,国庫支出金,02,国庫補助金,03,衛生費補助金,11,感染症対策,06,感染症対策,世田谷保健所 感染症対策課,国庫支出金,specific,533,5366,4833,false,1,ippansainyu.csv,18482
rd_2026_general_revenue_13_02_03_11_08_3785100000,rs_2026_general_revenue_13_02_03_11,2026_general_revenue_13_02_03,2026,general,一般会計,13,国庫支出金,02,国庫補助金,03,衛生費補助金,11,感染症対策,08,肝炎ウイルス検診,世田谷保健所 健康企画課,国庫支出金,specific,555,631,76,false,1,ippansainyu.csv,18389
rd_2026_general_revenue_13_02_03_11_10_3785250000,rs_2026_general_revenue_13_02_03_11,2026_general_revenue_13_02_03,2026,general,一般会計,13,国庫支出金,02,国庫補助金,03,衛生費補助金,11,感染症対策,10,感染症対策,世田谷保健所 感染症対策課,国庫支出金,specific,3317,3525,208,false,1,ippansainyu.csv,18483
rd_2026_general_revenue_13_02_03_13_04_3785100000,rs_2026_general_revenue_13_02_03_13,2026_general_revenue_13_02_03,2026,general,一般会計,13,国庫支出金,02,国庫補助金,03,衛生費補助金,13,健康増進対策費,04,がん検診推進事業,世田谷保健所 健康企画課,国庫支出金,specific,35233,37399,2166,false,1,ippansainyu.csv,18390
rd_2026_general_revenue_13_02_03_13_05_3785100000,rs_2026_general_revenue_13_02_03_13,2026_general_revenue_13_02_03,2026,general,一般会計,13,国庫支出金,02,国庫補助金,03,衛生費補助金,13,健康増進対策費,05,がん検診精密検査勧奨事業,世田谷保健所 健康企画課,国庫支出金,specific,264,264,0,false,1,ippansainyu.csv,18391
rd_2026_general_revenue_13_02_03_15_01_3785100000,rs_2026_general_revenue_13_02_03_15,2026_general_revenue_13_02_03,2026,general,一般会計,13,国庫支出金,02,国庫補助金,03,衛生費補助金,15,地域保健対策費,01,地域・職域連携推進事業費,世田谷保健所 健康企画課,国庫支出金,specific,564,252,-312,false,1,ippansainyu.csv,18392
rd_2026_general_revenue_13_02_03_15_02_3785100000,rs_2026_general_revenue_13_02_03_15,2026_general_revenue_13_02_03,2026,general,一般会計,13,国庫支出金,02,国庫補助金,03,衛生費補助金,15,地域保健対策費,02,地域保健従事者現任教育推進事業,世田谷保健所 健康企画課,国庫支出金,specific,7251,6111,-1140,false,1,ippansainyu.csv,18393
rd_2026_general_revenue_13_02_03_16_03_3785250000,rs_2026_general_revenue_13_02_03_16,2026_general_revenue_13_02_03,2026,general,一般会計,13,国庫支出金,02,国庫補助金,03,衛生費補助金,16,感染症予防事業費,03,難病患者地域支援対策推進事業,世田谷保健所 感染症対策課,国庫支出金,specific,787,991,204,false,1,ippansainyu.csv,18484
rd_2026_general_revenue_13_02_03_16_06_3785100000,rs_2026_general_revenue_13_02_03_16,2026_general_revenue_13_02_03,2026,general,一般会計,13,国庫支出金,02,国庫補助金,03,衛生費補助金,16,感染症予防事業費,06,健康的な生活習慣づくり重点化事業,世田谷保健所 健康企画課,国庫支出金,specific,44,32,-12,false,1,ippansainyu.csv,18394
rd_2026_general_revenue_13_02_03_16_07_3785250000,rs_2026_general_revenue_13_02_03_16,2026_general_revenue_13_02_03,2026,general,一般会計,13,国庫支出金,02,国庫補助金,03,衛生費補助金,16,感染症予防事業費,07,疾病予防対策事業費（高齢者インフルエンザ）,世田谷保健所 感染症対策課,国庫支出金,specific,2984,3014,30,false,1,ippansainyu.csv,18485
rd_2026_general_revenue_13_02_03_16_08_3785250000,rs_2026_general_revenue_13_02_03_16,2026_general_revenue_13_02_03,2026,general,一般会計,13,国庫支出金,02,国庫補助金,03,衛生費補助金,16,感染症予防事業費,08,疾病予防対策事業費（子どもインフルエンザ）,世田谷保健所 感染症対策課,国庫支出金,specific,431,419,-12,false,1,ippansainyu.csv,18486
rd_2026_general_revenue_13_02_03_16_10_3785100000,rs_2026_general_revenue_13_02_03_16,2026_general_revenue_13_02_03,2026,general,一般会計,13,国庫支出金,02,国庫補助金,03,衛生費補助金,16,感染症予防事業費,10,地域健康危機管理体制推進事業,世田谷保健所 健康企画課,国庫支出金,specific,0,4413,4413,false,1,ippansainyu.csv,18395
rd_2026_general_revenue_13_02_03_16_11_3785100000,rs_2026_general_revenue_13_02_03_16,2026_general_revenue_13_02_03,2026,general,一般会計,13,国庫支出金,02,国庫補助金,03,衛生費補助金,16,感染症予防事業費,11,特定感染症検査等事業,世田谷保健所 健康企画課,国庫支出金,specific,0,440,440,false,1,ippansainyu.csv,18396
rd_2026_general_revenue_13_02_03_17_01_3595150000,rs_2026_general_revenue_13_02_03_17,2026_general_revenue_13_02_03,2026,general,一般会計,13,国庫支出金,02,国庫補助金,03,衛生費補助金,17,医療施設運営費等補助金,01,８０２０運動・口腔保健推進事業,保健福祉政策部 保福推進課,国庫支出金,specific,2000,2002,2,false,1,ippansainyu.csv,17259
rd_2026_general_revenue_13_02_03_17_02_3785200000,rs_2026_general_revenue_13_02_03_17,2026_general_revenue_13_02_03,2026,general,一般会計,13,国庫支出金,02,国庫補助金,03,衛生費補助金,17,医療施設運営費等補助金,02,８０２０運動・口腔保健推進事業,世田谷保健所 健康推進課,国庫支出金,specific,2097,3491,1394,false,1,ippansainyu.csv,18428
rd_2026_general_revenue_13_02_03_17_03_3785200000,rs_2026_general_revenue_13_02_03_17,2026_general_revenue_13_02_03,2026,general,一般会計,13,国庫支出金,02,国庫補助金,03,衛生費補助金,17,医療施設運営費等補助金,03,８０２０運動・口腔保健推進事業,世田谷保健所 健康推進課,国庫支出金,specific,1782,1784,2,false,1,ippansainyu.csv,18429
rd_2026_general_revenue_13_02_03_18_03_3785200000,rs_2026_general_revenue_13_02_03_18,2026_general_revenue_13_02_03,2026,general,一般会計,13,国庫支出金,02,国庫補助金,03,衛生費補助金,18,母子保健衛生費,03,母子保健対策強化事業,世田谷保健所 健康推進課,国庫支出金,specific,18600,0,-18600,true,0,ippansainyu.csv,18430
rd_2026_general_revenue_13_02_03_18_07_3785200000,rs_2026_general_revenue_13_02_03_18,2026_general_revenue_13_02_03,2026,general,一般会計,13,国庫支出金,02,国庫補助金,03,衛生費補助金,18,母子保健衛生費,07,多胎妊娠の妊婦健康診査支援事業,世田谷保健所 健康推進課,国庫支出金,specific,15,0,-15,true,0,ippansainyu.csv,18431
rd_2026_general_revenue_13_02_03_18_08_3785200000,rs_2026_general_revenue_13_02_03_18,2026_general_revenue_13_02_03,2026,general,一般会計,13,国庫支出金,02,国庫補助金,03,衛生費補助金,18,母子保健衛生費,08,母子保健対策強化事業,世田谷保健所 健康推進課,国庫支出金,specific,211,163,-48,false,1,ippansainyu.csv,18432
rd_2026_general_revenue_13_02_03_18_09_3785200000,rs_2026_general_revenue_13_02_03_18,2026_general_revenue_13_02_03,2026,general,一般会計,13,国庫支出金,02,国庫補助金,03,衛生費補助金,18,母子保健衛生費,09,母子保健対策強化事業,世田谷保健所 健康推進課,国庫支出金,specific,0,17133,17133,false,1,ippansainyu.csv,18433
rd_2026_general_revenue_13_02_03_18_10_3785200000,rs_2026_general_revenue_13_02_03_18,2026_general_revenue_13_02_03,2026,general,一般会計,13,国庫支出金,02,国庫補助金,03,衛生費補助金,18,母子保健衛生費,10,多胎妊娠の妊婦健康診査支援事業,世田谷保健所 健康推進課,国庫支出金,specific,0,17,17,false,1,ippansainyu.csv,18434
rd_2026_general_revenue_13_02_03_18_11_3785200000,rs_2026_general_revenue_13_02_03_18,2026_general_revenue_13_02_03,2026,general,一般会計,13,国庫支出金,02,国庫補助金,03,衛生費補助金,18,母子保健衛生費,11,産婦健康診査事業,世田谷保健所 健康推進課,国庫支出金,specific,0,14460,14460,false,1,ippansainyu.csv,18435
rd_2026_general_revenue_13_02_03_18_12_3785200000,rs_2026_general_revenue_13_02_03_18,2026_general_revenue_13_02_03,2026,general,一般会計,13,国庫支出金,02,国庫補助金,03,衛生費補助金,18,母子保健衛生費,12,５歳児健康診査支援事業,世田谷保健所 健康推進課,国庫支出金,specific,0,16000,16000,false,1,ippansainyu.csv,18436
rd_2026_general_revenue_13_02_03_19_01_3785250000,rs_2026_general_revenue_13_02_03_19,2026_general_revenue_13_02_03,2026,general,一般会計,13,国庫支出金,02,国庫補助金,03,衛生費補助金,19,小児慢性特定疾病対策費,01,小児慢性特定疾病医療事務費,世田谷保健所 感染症対策課,国庫支出金,specific,850,852,2,false,1,ippansainyu.csv,18487
rd_2026_general_revenue_13_02_03_21_01_3785200000,rs_2026_general_revenue_13_02_03_21,2026_general_revenue_13_02_03,2026,general,一般会計,13,国庫支出金,02,国庫補助金,03,衛生費補助金,21,出産・子育て応援交付金,01,出産・子育て応援ギフト,世田谷保健所 健康推進課,国庫支出金,specific,57095,0,-57095,true,0,ippansainyu.csv,18437
rd_2026_general_revenue_13_02_03_23_01_3785250000,rs_2026_general_revenue_13_02_03_23,2026_general_revenue_13_02_03,2026,general,一般会計,13,国庫支出金,02,国庫補助金,03,衛生費補助金,23,新型コロナ定期接種ワクチン確保事業,01,新型コロナ定期接種ワクチン確保事業,世田谷保健所 感染症対策課,国庫支出金,specific,525514,0,-525514,true,0,ippansainyu.csv,18488
rd_2026_general_revenue_13_02_03_24_01_3785200000,rs_2026_general_revenue_13_02_03_24,2026_general_revenue_13_02_03,2026,general,一般会計,13,国庫支出金,02,国庫補助金,03,衛生費補助金,24,妊婦のための支援給付交付金,01,妊婦のための支援給付金,世田谷保健所 健康推進課,国庫支出金,specific,608000,690000,82000,false,1,ippansainyu.csv,18438
rd_2026_general_revenue_13_02_03_25_01_3785200000,rs_2026_general_revenue_13_02_03_25,2026_general_revenue_13_02_03,2026,general,一般会計,13,国庫支出金,02,国庫補助金,03,衛生費補助金,25,妊婦のための支援給付事業,01,妊婦のための支援給付事業,世田谷保健所 健康推進課,国庫支出金,specific,0,4500,4500,false,1,ippansainyu.csv,18439
rd_2026_general_revenue_13_02_04_49_01_3465200000,rs_2026_general_revenue_13_02_04_49,2026_general_revenue_13_02_04,2026,general,一般会計,13,国庫支出金,02,国庫補助金,04,土木費補助金,49,アスベスト調査助成事業,01,民間建築物アスベスト含有調査助成事業,環境政策部 環境保全課,国庫支出金,specific,500,500,0,false,1,ippansainyu.csv,17155
rd_2026_general_revenue_13_02_04_51_01_3835400000,rs_2026_general_revenue_13_02_04_51,2026_general_revenue_13_02_04,2026,general,一般会計,13,国庫支出金,02,国庫補助金,04,土木費補助金,51,社会資本整備総合交付金,01,公園用地買収,みどり33推進担当部 公園利活用推進課,国庫支出金,specific,1100211,1008611,-91600,false,1,ippansainyu.csv,18649
rd_2026_general_revenue_13_02_04_51_02_3835300000,rs_2026_general_revenue_13_02_04_51,2026_general_revenue_13_02_04,2026,general,一般会計,13,国庫支出金,02,国庫補助金,04,土木費補助金,51,社会資本整備総合交付金,02,公園新設,みどり33推進担当部 公園緑地課,国庫支出金,specific,231891,27650,-204241,false,1,ippansainyu.csv,18630
rd_2026_general_revenue_13_02_04_51_14_3865300000,rs_2026_general_revenue_13_02_04_51,2026_general_revenue_13_02_04,2026,general,一般会計,13,国庫支出金,02,国庫補助金,04,土木費補助金,51,社会資本整備総合交付金,14,主要生活道路（交通安全施設整備）,道路・交通計画部 道路計画課,国庫支出金,specific,22270,79185,56915,false,1,ippansainyu.csv,18659
rd_2026_general_revenue_13_02_04_51_16_3865300000,rs_2026_general_revenue_13_02_04_51,2026_general_revenue_13_02_04,2026,general,一般会計,13,国庫支出金,02,国庫補助金,04,土木費補助金,51,社会資本整備総合交付金,16,主要生活道路（住市総）,道路・交通計画部 道路計画課,国庫支出金,specific,0,67500,67500,false,1,ippansainyu.csv,18660
rd_2026_general_revenue_13_02_04_51_17_3865300000,rs_2026_general_revenue_13_02_04_51,2026_general_revenue_13_02_04,2026,general,一般会計,13,国庫支出金,02,国庫補助金,04,土木費補助金,51,社会資本整備総合交付金,17,地先道路（住市総）,道路・交通計画部 道路計画課,国庫支出金,specific,223289,237141,13852,false,1,ippansainyu.csv,18661
rd_2026_general_revenue_13_02_04_51_23_3825100000,rs_2026_general_revenue_13_02_04_51,2026_general_revenue_13_02_04,2026,general,一般会計,13,国庫支出金,02,国庫補助金,04,土木費補助金,51,社会資本整備総合交付金,23,千歳船橋駅周辺地区街づくりの推進（住市総）,防災街づくり担当部 防災街づくり課,国庫支出金,specific,76026,0,-76026,true,0,ippansainyu.csv,18583
rd_2026_general_revenue_13_02_04_51_25_3825100000,rs_2026_general_revenue_13_02_04_51,2026_general_revenue_13_02_04,2026,general,一般会計,13,国庫支出金,02,国庫補助金,04,土木費補助金,51,社会資本整備総合交付金,25,建築物耐震診断・補強工事,防災街づくり担当部 防災街づくり課,国庫支出金,specific,146343,129111,-17232,false,1,ippansainyu.csv,18584
rd_2026_general_revenue_13_02_04_51_26_3815450000,rs_2026_general_revenue_13_02_04_51,2026_general_revenue_13_02_04,2026,general,一般会計,13,国庫支出金,02,国庫補助金,04,土木費補助金,51,社会資本整備総合交付金,26,公的住宅改修,都市整備政策部 住宅課,国庫支出金,specific,21510,33194,11684,false,1,ippansainyu.csv,18547
rd_2026_general_revenue_13_02_04_51_27_3815500000,rs_2026_general_revenue_13_02_04_51,2026_general_revenue_13_02_04,2026,general,一般会計,13,国庫支出金,02,国庫補助金,04,土木費補助金,51,社会資本整備総合交付金,27,住宅施策,都市整備政策部 居住支援課,国庫支出金,specific,7702,0,-7702,true,0,ippansainyu.csv,18564
rd_2026_general_revenue_13_02_04_51_29_3815500000,rs_2026_general_revenue_13_02_04_51,2026_general_revenue_13_02_04,2026,general,一般会計,13,国庫支出金,02,国庫補助金,04,土木費補助金,51,社会資本整備総合交付金,29,住まいサポートセンター運営,都市整備政策部 居住支援課,国庫支出金,specific,1732,1610,-122,false,1,ippansainyu.csv,18565
rd_2026_general_revenue_13_02_04_51_42_4960160000,rs_2026_general_revenue_13_02_04_51,2026_general_revenue_13_02_04,2026,general,一般会計,13,国庫支出金,02,国庫補助金,04,土木費補助金,51,社会資本整備総合交付金,42,流域貯留浸透事業（小学校）,教育委員会事務局 教育環境課,国庫支出金,specific,0,23808,23808,false,1,ippansainyu.csv,18788
rd_2026_general_revenue_13_02_04_51_51_3825100000,rs_2026_general_revenue_13_02_04_51,2026_general_revenue_13_02_04,2026,general,一般会計,13,国庫支出金,02,国庫補助金,04,土木費補助金,51,社会資本整備総合交付金,51,木造住宅密集地域の解消（住市総）,防災街づくり担当部 防災街づくり課,国庫支出金,specific,189714,207320,17606,false,1,ippansainyu.csv,18585
rd_2026_general_revenue_13_02_04_51_52_3895140000,rs_2026_general_revenue_13_02_04_51,2026_general_revenue_13_02_04,2026,general,一般会計,13,国庫支出金,02,国庫補助金,04,土木費補助金,51,社会資本整備総合交付金,52,防災・安全交付金事業（道路ストック）,土木部 土木計画調整課,国庫支出金,specific,10500,0,-10500,true,0,ippansainyu.csv,18688
rd_2026_general_revenue_13_02_04_51_61_3815450000,rs_2026_general_revenue_13_02_04_51,2026_general_revenue_13_02_04,2026,general,一般会計,13,国庫支出金,02,国庫補助金,04,土木費補助金,51,社会資本整備総合交付金,61,地域優良賃貸住宅,都市整備政策部 住宅課,国庫支出金,specific,6480,7560,1080,false,1,ippansainyu.csv,18548
rd_2026_general_revenue_13_02_04_51_62_3865300000,rs_2026_general_revenue_13_02_04_51,2026_general_revenue_13_02_04,2026,general,一般会計,13,国庫支出金,02,国庫補助金,04,土木費補助金,51,社会資本整備総合交付金,62,都市計画道路（街路）,道路・交通計画部 道路計画課,国庫支出金,specific,312500,206500,-106000,false,1,ippansainyu.csv,18662
rd_2026_general_revenue_13_02_04_51_85_3815450000,rs_2026_general_revenue_13_02_04_51,2026_general_revenue_13_02_04,2026,general,一般会計,13,国庫支出金,02,国庫補助金,04,土木費補助金,51,社会資本整備総合交付金,85,長寿命化計画,都市整備政策部 住宅課,国庫支出金,specific,0,27573,27573,false,1,ippansainyu.csv,18549
rd_2026_general_revenue_13_02_04_51_88_3895300000,rs_2026_general_revenue_13_02_04_51,2026_general_revenue_13_02_04,2026,general,一般会計,13,国庫支出金,02,国庫補助金,04,土木費補助金,51,社会資本整備総合交付金,88,主要な生活道路築造（世田谷・北沢・烏山）（街路）,土木部 工事第一課,国庫支出金,specific,0,5500,5500,false,1,ippansainyu.csv,18717
rd_2026_general_revenue_13_02_04_54_01_3815450000,rs_2026_general_revenue_13_02_04_54,2026_general_revenue_13_02_04,2026,general,一般会計,13,国庫支出金,02,国庫補助金,04,土木費補助金,54,地域優良賃貸住宅費,01,地域優良賃貸住宅（せたがやの家）,都市整備政策部 住宅課,国庫支出金,specific,16313,11168,-5145,false,1,ippansainyu.csv,18550
rd_2026_general_revenue_13_02_04_57_02_3865300000,rs_2026_general_revenue_13_02_04_57,2026_general_revenue_13_02_04,2026,general,一般会計,13,国庫支出金,02,国庫補助金,04,土木費補助金,57,密集市街地総合防災事業,02,地先道路,道路・交通計画部 道路計画課,国庫支出金,specific,79665,13990,-65675,false,1,ippansainyu.csv,18663
rd_2026_general_revenue_13_02_04_57_05_3895400000,rs_2026_general_revenue_13_02_04_57,2026_general_revenue_13_02_04,2026,general,一般会計,13,国庫支出金,02,国庫補助金,04,土木費補助金,57,密集市街地総合防災事業,05,橋梁新設改良,土木部 工事第二課,国庫支出金,specific,106750,33600,-73150,false,1,ippansainyu.csv,18731
rd_2026_general_revenue_13_02_04_58_05_3825150000,rs_2026_general_revenue_13_02_04_58,2026_general_revenue_13_02_04,2026,general,一般会計,13,国庫支出金,02,国庫補助金,04,土木費補助金,58,社会資本整備総合交付金（２）,05,狭あい道路整備等促進事業,防災街づくり担当部 建築安全課,国庫支出金,specific,200000,200000,0,false,1,ippansainyu.csv,18605
rd_2026_general_revenue_13_02_04_58_06_3895300000,rs_2026_general_revenue_13_02_04_58,2026_general_revenue_13_02_04,2026,general,一般会計,13,国庫支出金,02,国庫補助金,04,土木費補助金,58,社会資本整備総合交付金（２）,06,路面改良（世田谷・北沢・烏山）（沿道環境）,土木部 工事第一課,国庫支出金,specific,0,22000,22000,false,1,ippansainyu.csv,18718
rd_2026_general_revenue_13_02_04_58_21_3895300000,rs_2026_general_revenue_13_02_04_58,2026_general_revenue_13_02_04,2026,general,一般会計,13,国庫支出金,02,国庫補助金,04,土木費補助金,58,社会資本整備総合交付金（２）,21,無電柱化整備（世田谷・北沢・烏山）（交通安全）,土木部 工事第一課,国庫支出金,specific,5500,0,-5500,true,0,ippansainyu.csv,18719
rd_2026_general_revenue_13_02_04_58_23_3895400000,rs_2026_general_revenue_13_02_04_58,2026_general_revenue_13_02_04,2026,general,一般会計,13,国庫支出金,02,国庫補助金,04,土木費補助金,58,社会資本整備総合交付金（２）,23,無電柱化整備（玉川・砧）（交通安全）,土木部 工事第二課,国庫支出金,specific,11000,0,-11000,true,0,ippansainyu.csv,18732
rd_2026_general_revenue_13_02_04_58_25_3825110000,rs_2026_general_revenue_13_02_04_58,2026_general_revenue_13_02_04,2026,general,一般会計,13,国庫支出金,02,国庫補助金,04,土木費補助金,58,社会資本整備総合交付金（２）,25,住宅・建築物土砂災害対策改修,防災街づくり担当部 市街地整備課,国庫支出金,specific,386,0,-386,true,0,ippansainyu.csv,18598
rd_2026_general_revenue_13_02_04_58_32_3815500000,rs_2026_general_revenue_13_02_04_58,2026_general_revenue_13_02_04,2026,general,一般会計,13,国庫支出金,02,国庫補助金,04,土木費補助金,58,社会資本整備総合交付金（２）,32,住まい・まち学習,都市整備政策部 居住支援課,国庫支出金,specific,36,36,0,false,1,ippansainyu.csv,18566
rd_2026_general_revenue_13_02_04_58_40_3815500000,rs_2026_general_revenue_13_02_04_58,2026_general_revenue_13_02_04,2026,general,一般会計,13,国庫支出金,02,国庫補助金,04,土木費補助金,58,社会資本整備総合交付金（２）,40,近居・同居推進に向けた転入・転居費等助成事業,都市整備政策部 居住支援課,国庫支出金,specific,5400,0,-5400,true,0,ippansainyu.csv,18567
rd_2026_general_revenue_13_02_04_58_41_3825110000,rs_2026_general_revenue_13_02_04_58,2026_general_revenue_13_02_04,2026,general,一般会計,13,国庫支出金,02,国庫補助金,04,土木費補助金,58,社会資本整備総合交付金（２）,41,市街地再開発事業（千歳烏山駅周辺地区）,防災街づくり担当部 市街地整備課,国庫支出金,specific,0,0,0,true,0,ippansainyu.csv,18599
rd_2026_general_revenue_13_02_04_58_42_3825110000,rs_2026_general_revenue_13_02_04_58,2026_general_revenue_13_02_04,2026,general,一般会計,13,国庫支出金,02,国庫補助金,04,土木費補助金,58,社会資本整備総合交付金（２）,42,民間建築敷地の安全促進,防災街づくり担当部 市街地整備課,国庫支出金,specific,0,890,890,false,1,ippansainyu.csv,18600
rd_2026_general_revenue_13_02_04_58_43_3835100000,rs_2026_general_revenue_13_02_04_58,2026_general_revenue_13_02_04,2026,general,一般会計,13,国庫支出金,02,国庫補助金,04,土木費補助金,58,社会資本整備総合交付金（２）,43,特別保護区保護管理,みどり33推進担当部 みどり政策課,国庫支出金,specific,0,0,0,true,0,ippansainyu.csv,18610
rd_2026_general_revenue_13_02_04_58_44_3815500000,rs_2026_general_revenue_13_02_04_58,2026_general_revenue_13_02_04,2026,general,一般会計,13,国庫支出金,02,国庫補助金,04,土木費補助金,58,社会資本整備総合交付金（２）,44,定住応援事業,都市整備政策部 居住支援課,国庫支出金,specific,0,72000,72000,false,1,ippansainyu.csv,18568
rd_2026_general_revenue_13_02_04_58_45_3815500000,rs_2026_general_revenue_13_02_04_58,2026_general_revenue_13_02_04,2026,general,一般会計,13,国庫支出金,02,国庫補助金,04,土木費補助金,58,社会資本整備総合交付金（２）,45,住み替え応援事業,都市整備政策部 居住支援課,国庫支出金,specific,0,27000,27000,false,1,ippansainyu.csv,18569
rd_2026_general_revenue_13_02_04_58_46_3815500000,rs_2026_general_revenue_13_02_04_58,2026_general_revenue_13_02_04,2026,general,一般会計,13,国庫支出金,02,国庫補助金,04,土木費補助金,58,社会資本整備総合交付金（２）,46,近居・同居推進に向けた転入・転居費等助成事業,都市整備政策部 居住支援課,国庫支出金,specific,0,13500,13500,false,1,ippansainyu.csv,18570
rd_2026_general_revenue_13_02_04_59_01_3815450000,rs_2026_general_revenue_13_02_04_59,2026_general_revenue_13_02_04,2026,general,一般会計,13,国庫支出金,02,国庫補助金,04,土木費補助金,59,公的賃貸住宅家賃対策調整補助金,01,公営住宅,都市整備政策部 住宅課,国庫支出金,specific,102083,117165,15082,false,1,ippansainyu.csv,18551
rd_2026_general_revenue_13_02_04_59_02_3815500000,rs_2026_general_revenue_13_02_04_59,2026_general_revenue_13_02_04,2026,general,一般会計,13,国庫支出金,02,国庫補助金,04,土木費補助金,59,公的賃貸住宅家賃対策調整補助金,02,住宅確保要配慮者専用賃貸住宅,都市整備政策部 居住支援課,国庫支出金,specific,6960,7440,480,false,1,ippansainyu.csv,18571
rd_2026_general_revenue_13_02_04_63_01_3865300000,rs_2026_general_revenue_13_02_04_63,2026_general_revenue_13_02_04,2026,general,一般会計,13,国庫支出金,02,国庫補助金,04,土木費補助金,63,無電柱化推進事業,01,都市計画道路用地取得,道路・交通計画部 道路計画課,国庫支出金,specific,36300,41250,4950,false,1,ippansainyu.csv,18664
rd_2026_general_revenue_13_02_04_64_01_3895400000,rs_2026_general_revenue_13_02_04_64,2026_general_revenue_13_02_04,2026,general,一般会計,13,国庫支出金,02,国庫補助金,04,土木費補助金,64,道路メンテナンス事業,01,橋梁新設改良,土木部 工事第二課,国庫支出金,specific,5500,0,-5500,true,0,ippansainyu.csv,18733
rd_2026_general_revenue_13_02_04_64_02_3895400000,rs_2026_general_revenue_13_02_04_64,2026_general_revenue_13_02_04,2026,general,一般会計,13,国庫支出金,02,国庫補助金,04,土木費補助金,64,道路メンテナンス事業,02,橋梁点検,土木部 工事第二課,国庫支出金,specific,3300,0,-3300,true,0,ippansainyu.csv,18734
rd_2026_general_revenue_13_02_04_66_01_3825100000,rs_2026_general_revenue_13_02_04_66,2026_general_revenue_13_02_04,2026,general,一般会計,13,国庫支出金,02,国庫補助金,04,土木費補助金,66,地域防災拠点建築物整備緊急促進事業補助金,01,建築物耐震対策緊急促進事業,防災街づくり担当部 防災街づくり課,国庫支出金,specific,36955,0,-36955,true,0,ippansainyu.csv,18586
rd_2026_general_revenue_13_02_04_68_01_3825100000,rs_2026_general_revenue_13_02_04_68,2026_general_revenue_13_02_04,2026,general,一般会計,13,国庫支出金,02,国庫補助金,04,土木費補助金,68,住宅・建築物防災力緊急促進事業補助金,01,建築物耐震対策緊急促進事業,防災街づくり担当部 防災街づくり課,国庫支出金,specific,0,75963,75963,false,1,ippansainyu.csv,18587
rd_2026_general_revenue_13_02_05_01_01_4975300000,rs_2026_general_revenue_13_02_05_01,2026_general_revenue_13_02_05,2026,general,一般会計,13,国庫支出金,02,国庫補助金,05,教育費補助金,01,理科教育設備費,01,小学校,教育委員会事務局 学務課,国庫支出金,specific,750,750,0,false,1,ippansainyu.csv,18864
rd_2026_general_revenue_13_02_05_01_02_4975300000,rs_2026_general_revenue_13_02_05_01,2026_general_revenue_13_02_05,2026,general,一般会計,13,国庫支出金,02,国庫補助金,05,教育費補助金,01,理科教育設備費,02,中学校,教育委員会事務局 学務課,国庫支出金,specific,375,375,0,false,1,ippansainyu.csv,18865
rd_2026_general_revenue_13_02_05_01_03_4975200000,rs_2026_general_revenue_13_02_05_01,2026_general_revenue_13_02_05,2026,general,一般会計,13,国庫支出金,02,国庫補助金,05,教育費補助金,01,理科教育設備費,03,理科観察実験支援事業,教育委員会事務局 教育指導課,国庫支出金,specific,2104,2163,59,false,1,ippansainyu.csv,18851
rd_2026_general_revenue_13_02_05_04_02_4975300000,rs_2026_general_revenue_13_02_05_04,2026_general_revenue_13_02_05,2026,general,一般会計,13,国庫支出金,02,国庫補助金,05,教育費補助金,04,就学援助扶助費,02,中学校,教育委員会事務局 学務課,国庫支出金,specific,1257,1185,-72,false,1,ippansainyu.csv,18866
rd_2026_general_revenue_13_02_05_20_01_4975300000,rs_2026_general_revenue_13_02_05_20,2026_general_revenue_13_02_05,2026,general,一般会計,13,国庫支出金,02,国庫補助金,05,教育費補助金,20,特別支援学級就学奨励費,01,小学校,教育委員会事務局 学務課,国庫支出金,specific,4193,5143,950,false,1,ippansainyu.csv,18867
rd_2026_general_revenue_13_02_05_20_02_4975300000,rs_2026_general_revenue_13_02_05_20,2026_general_revenue_13_02_05,2026,general,一般会計,13,国庫支出金,02,国庫補助金,05,教育費補助金,20,特別支援学級就学奨励費,02,中学校,教育委員会事務局 学務課,国庫支出金,specific,4851,5788,937,false,1,ippansainyu.csv,18868
rd_2026_general_revenue_13_02_05_22_01_4960160000,rs_2026_general_revenue_13_02_05_22,2026_general_revenue_13_02_05,2026,general,一般会計,13,国庫支出金,02,国庫補助金,05,教育費補助金,22,学校施設環境改善交付金,01,小学校改築（体育館）,教育委員会事務局 教育環境課,国庫支出金,specific,18336,0,-18336,true,0,ippansainyu.csv,18789
rd_2026_general_revenue_13_02_05_22_09_4960160000,rs_2026_general_revenue_13_02_05_22,2026_general_revenue_13_02_05,2026,general,一般会計,13,国庫支出金,02,国庫補助金,05,教育費補助金,22,学校施設環境改善交付金,09,中学校改築,教育委員会事務局 教育環境課,国庫支出金,specific,102115,210946,108831,false,1,ippansainyu.csv,18790
rd_2026_general_revenue_13_02_05_22_11_4960160000,rs_2026_general_revenue_13_02_05_22,2026_general_revenue_13_02_05,2026,general,一般会計,13,国庫支出金,02,国庫補助金,05,教育費補助金,22,学校施設環境改善交付金,11,中学校改築（学校水泳プール）,教育委員会事務局 教育環境課,国庫支出金,specific,0,34311,34311,false,1,ippansainyu.csv,18791
rd_2026_general_revenue_13_02_05_22_15_4960160000,rs_2026_general_revenue_13_02_05_22,2026_general_revenue_13_02_05,2026,general,一般会計,13,国庫支出金,02,国庫補助金,05,教育費補助金,22,学校施設環境改善交付金,15,小学校改修（大規模改造）,教育委員会事務局 教育環境課,国庫支出金,specific,259690,244558,-15132,false,1,ippansainyu.csv,18792
rd_2026_general_revenue_13_02_05_22_16_4960160000,rs_2026_general_revenue_13_02_05_22,2026_general_revenue_13_02_05,2026,general,一般会計,13,国庫支出金,02,国庫補助金,05,教育費補助金,22,学校施設環境改善交付金,16,中学校改修（大規模改造）,教育委員会事務局 教育環境課,国庫支出金,specific,162440,24740,-137700,false,1,ippansainyu.csv,18793
rd_2026_general_revenue_13_02_05_22_20_4960160000,rs_2026_general_revenue_13_02_05_22,2026_general_revenue_13_02_05,2026,general,一般会計,13,国庫支出金,02,国庫補助金,05,教育費補助金,22,学校施設環境改善交付金,20,小学校改修（防災機能強化）,教育委員会事務局 教育環境課,国庫支出金,specific,111666,257510,145844,false,1,ippansainyu.csv,18794
rd_2026_general_revenue_13_02_05_22_23_4960160000,rs_2026_general_revenue_13_02_05_22,2026_general_revenue_13_02_05,2026,general,一般会計,13,国庫支出金,02,国庫補助金,05,教育費補助金,22,学校施設環境改善交付金,23,中学校改修（防災機能強化）,教育委員会事務局 教育環境課,国庫支出金,specific,40000,59666,19666,false,1,ippansainyu.csv,18795
rd_2026_general_revenue_13_02_05_22_30_4960160000,rs_2026_general_revenue_13_02_05_22,2026_general_revenue_13_02_05,2026,general,一般会計,13,国庫支出金,02,国庫補助金,05,教育費補助金,22,学校施設環境改善交付金,30,幼稚園改修（大規模改造）,教育委員会事務局 教育環境課,国庫支出金,specific,0,0,0,true,0,ippansainyu.csv,18796
rd_2026_general_revenue_13_02_05_22_31_4960160000,rs_2026_general_revenue_13_02_05_22,2026_general_revenue_13_02_05,2026,general,一般会計,13,国庫支出金,02,国庫補助金,05,教育費補助金,22,学校施設環境改善交付金,31,幼稚園改修（防災機能強化）,教育委員会事務局 教育環境課,国庫支出金,specific,0,0,0,true,0,ippansainyu.csv,18797
rd_2026_general_revenue_13_02_05_25_03_4985300000,rs_2026_general_revenue_13_02_05_25,2026_general_revenue_13_02_05,2026,general,一般会計,13,国庫支出金,02,国庫補助金,05,教育費補助金,25,教育支援体制整備事業費補助金,03,インクルーシブ教育システム推進事業,教育委員会事務局 支援教育課,国庫支出金,specific,4197,24336,20139,false,1,ippansainyu.csv,18904
rd_2026_general_revenue_13_02_05_25_06_4960100000,rs_2026_general_revenue_13_02_05_25,2026_general_revenue_13_02_05,2026,general,一般会計,13,国庫支出金,02,国庫補助金,05,教育費補助金,25,教育支援体制整備事業費補助金,06,インクルーシブ教育システム推進事業,教育委員会事務局 教育総務課,国庫支出金,specific,18579,8284,-10295,false,1,ippansainyu.csv,18748
rd_2026_general_revenue_13_02_05_25_08_4985400000,rs_2026_general_revenue_13_02_05_25,2026_general_revenue_13_02_05,2026,general,一般会計,13,国庫支出金,02,国庫補助金,05,教育費補助金,25,教育支援体制整備事業費補助金,08,幼児教育推進体制等を活用した幼保小の架け橋プログラム促進事業,教育委員会事務局 乳幼教・保支課,国庫支出金,specific,0,1950,1950,false,1,ippansainyu.csv,18913
rd_2026_general_revenue_13_02_05_26_02_4965100000,rs_2026_general_revenue_13_02_05_26,2026_general_revenue_13_02_05,2026,general,一般会計,13,国庫支出金,02,国庫補助金,05,教育費補助金,26,文化財保存事業費関係補助金,02,埋蔵文化財緊急調査費,教育委員会事務局 生涯学習課,国庫支出金,specific,12912,11153,-1759,false,1,ippansainyu.csv,18825
rd_2026_general_revenue_13_02_05_32_01_4985400000,rs_2026_general_revenue_13_02_05_32,2026_general_revenue_13_02_05,2026,general,一般会計,13,国庫支出金,02,国庫補助金,05,教育費補助金,32,幼児教育推進体制の充実・活用強化事業,01,幼児教育推進体制の充実・活用強化事業,教育委員会事務局 乳幼教・保支課,国庫支出金,specific,3586,0,-3586,true,0,ippansainyu.csv,18914
rd_2026_general_revenue_13_02_05_35_01_4985120000,rs_2026_general_revenue_13_02_05_35,2026_general_revenue_13_02_05,2026,general,一般会計,13,国庫支出金,02,国庫補助金,05,教育費補助金,35,公立学校情報機器活用支援体制整備費補助金,01,公立学校情報機器活用支援体制整備費補助金,教育委員会事務局 教育ＤＸ推進担当課,国庫支出金,specific,2229,0,-2229,true,0,ippansainyu.csv,18893
rd_2026_general_revenue_13_02_08_21_01_3415400000,rs_2026_general_revenue_13_02_08_21,2026_general_revenue_13_02_08,2026,general,一般会計,13,国庫支出金,02,国庫補助金,08,総務費補助金,21,個人番号カード交付事務費補助金,01,個人番号カード交付事務費補助金,地域行政部 マイナンバー担当課,国庫支出金,specific,334432,608066,273634,false,1,ippansainyu.csv,17099
rd_2026_general_revenue_13_02_08_21_02_3415100000,rs_2026_general_revenue_13_02_08_21,2026_general_revenue_13_02_08,2026,general,一般会計,13,国庫支出金,02,国庫補助金,08,総務費補助金,21,個人番号カード交付事務費補助金,02,個人番号カード交付事務費補助金,地域行政部 地域行政課,国庫支出金,specific,153142,148006,-5136,false,1,ippansainyu.csv,17082
rd_2026_general_revenue_13_02_08_21_03_3095100000,rs_2026_general_revenue_13_02_08_21,2026_general_revenue_13_02_08,2026,general,一般会計,13,国庫支出金,02,国庫補助金,08,総務費補助金,21,個人番号カード交付事務費補助金,03,個人番号カード交付事務費補助金,DX推進担当部 ＤＸ推進担当課,国庫支出金,specific,0,4676,4676,false,1,ippansainyu.csv,16925
rd_2026_general_revenue_13_02_08_21_06_2235100000,rs_2026_general_revenue_13_02_08_21,2026_general_revenue_13_02_08,2026,general,一般会計,13,国庫支出金,02,国庫補助金,08,総務費補助金,21,個人番号カード交付事務費補助金,06,個人番号カード交付事務費補助金,北沢総合支所 地域振興課,国庫支出金,specific,9000,9464,464,false,1,ippansainyu.csv,16783
rd_2026_general_revenue_13_02_08_21_08_3095100000,rs_2026_general_revenue_13_02_08_21,2026_general_revenue_13_02_08,2026,general,一般会計,13,国庫支出金,02,国庫補助金,08,総務費補助金,21,個人番号カード交付事務費補助金,08,個人番号カード交付事務費補助金,DX推進担当部 ＤＸ推進担当課,国庫支出金,specific,0,4729,4729,false,1,ippansainyu.csv,16926
rd_2026_general_revenue_13_02_08_21_09_2135100000,rs_2026_general_revenue_13_02_08_21,2026_general_revenue_13_02_08,2026,general,一般会計,13,国庫支出金,02,国庫補助金,08,総務費補助金,21,個人番号カード交付事務費補助金,09,個人番号カード交付事務費補助金,世田谷総合支所 地域振興課,国庫支出金,specific,0,57017,57017,false,1,ippansainyu.csv,16751
rd_2026_general_revenue_13_02_08_27_01_3405400000,rs_2026_general_revenue_13_02_08_27,2026_general_revenue_13_02_08,2026,general,一般会計,13,国庫支出金,02,国庫補助金,08,総務費補助金,27,外国人受入環境整備交付金,01,タブレット端末運用,生活文化政策部 文化・国際課,国庫支出金,specific,334,324,-10,false,1,ippansainyu.csv,17049
rd_2026_general_revenue_13_02_08_27_02_2135100000,rs_2026_general_revenue_13_02_08_27,2026_general_revenue_13_02_08,2026,general,一般会計,13,国庫支出金,02,国庫補助金,08,総務費補助金,27,外国人受入環境整備交付金,02,外国人相談員,世田谷総合支所 地域振興課,国庫支出金,specific,3938,4213,275,false,1,ippansainyu.csv,16752
rd_2026_general_revenue_13_02_08_33_02_3095100000,rs_2026_general_revenue_13_02_08_33,2026_general_revenue_13_02_08,2026,general,一般会計,13,国庫支出金,02,国庫補助金,08,総務費補助金,33,新しい地方経済・生活環境創生交付金,02,デジタル実装型交付金,DX推進担当部 ＤＸ推進担当課,国庫支出金,specific,0,94600,94600,false,1,ippansainyu.csv,16927
rd_2026_general_revenue_13_02_09_06_01_3465120000,rs_2026_general_revenue_13_02_09_06,2026_general_revenue_13_02_09,2026,general,一般会計,13,国庫支出金,02,国庫補助金,09,環境費補助金,06,地域脱炭素実現に向けた具体施策実装支援事業,01,地域脱炭素実現に向けた具体施策実装支援事業,環境政策部 気候危機対策課,国庫支出金,specific,0,2475,2475,false,1,ippansainyu.csv,17141
rd_2026_general_revenue_13_02_10_02_01_3665150000,rs_2026_general_revenue_13_02_10_02,2026_general_revenue_13_02_10,2026,general,一般会計,13,国庫支出金,02,国庫補助金,10,民生費補助金（２）,02,こどもの居場所づくりコーディネーター配置等支援事業,01,池之上青少年交流センター,子ども・若者部 子ども・若者支援課,国庫支出金,specific,0,2509,2509,false,1,ippansainyu.csv,17955
rd_2026_general_revenue_13_02_10_02_02_3665150000,rs_2026_general_revenue_13_02_10_02,2026_general_revenue_13_02_10,2026,general,一般会計,13,国庫支出金,02,国庫補助金,10,民生費補助金（２）,02,こどもの居場所づくりコーディネーター配置等支援事業,02,野毛青少年交流センター,子ども・若者部 子ども・若者支援課,国庫支出金,specific,0,2509,2509,false,1,ippansainyu.csv,17956
rd_2026_general_revenue_13_02_10_02_03_3665150000,rs_2026_general_revenue_13_02_10_02,2026_general_revenue_13_02_10,2026,general,一般会計,13,国庫支出金,02,国庫補助金,10,民生費補助金（２）,02,こどもの居場所づくりコーディネーター配置等支援事業,03,希望丘青少年交流センター,子ども・若者部 子ども・若者支援課,国庫支出金,specific,0,2497,2497,false,1,ippansainyu.csv,17957
rd_2026_general_revenue_13_03_01_02_03_3665500000,rs_2026_general_revenue_13_03_01_02,2026_general_revenue_13_03_01,2026,general,一般会計,13,国庫支出金,03,国庫委託金,01,民生費委託金,02,児童扶養手当支給事務費,03,特別児童扶養手当事務,子ども・若者部 子ども家庭課,国庫支出金,specific,1285,1297,12,false,1,ippansainyu.csv,18086
rd_2026_general_revenue_13_03_01_05_01_3595200000,rs_2026_general_revenue_13_03_01_05,2026_general_revenue_13_03_01,2026,general,一般会計,13,国庫支出金,03,国庫委託金,01,民生費委託金,05,特定中国残留邦人等支援事業,01,特定中国残留邦人等支援事業費,保健福祉政策部 生活福祉課,国庫支出金,specific,123,100,-23,false,1,ippansainyu.csv,17305
rd_2026_general_revenue_13_03_01_05_02_3595110000,rs_2026_general_revenue_13_03_01_05,2026_general_revenue_13_03_01,2026,general,一般会計,13,国庫支出金,03,国庫委託金,01,民生費委託金,05,特定中国残留邦人等支援事業,02,特定中国残留邦人等支援事業費,保健福祉政策部 保健福祉政策課,国庫支出金,specific,2104,2362,258,false,1,ippansainyu.csv,17238
rd_2026_general_revenue_13_03_02_01_02_3785200000,rs_2026_general_revenue_13_03_02_01,2026_general_revenue_13_03_02,2026,general,一般会計,13,国庫支出金,03,国庫委託金,02,衛生費委託金,01,栄養調査費,02,栄養調査費,世田谷保健所 健康推進課,国庫支出金,specific,963,1298,335,false,1,ippansainyu.csv,18440
rd_2026_general_revenue_13_03_03_01_02_3895400000,rs_2026_general_revenue_13_03_03_01,2026_general_revenue_13_03_03,2026,general,一般会計,13,国庫支出金,03,国庫委託金,03,土木費委託金,01,水門管理事務費,02,玉川樋管管理事務費,土木部 工事第二課,国庫支出金,specific,595,628,33,false,1,ippansainyu.csv,18735
rd_2026_general_revenue_13_03_04_08_01_3415220000,rs_2026_general_revenue_13_03_04_08,2026_general_revenue_13_03_04,2026,general,一般会計,13,国庫支出金,03,国庫委託金,04,総務費委託金,08,中長期在留者住居地届出等事務委託費,01,中長期在留者住居地届出等事務委託費,地域行政部 住民記録・戸籍課,国庫支出金,specific,5913,8837,2924,false,1,ippansainyu.csv,17093
rd_2026_general_revenue_14_01_01_02_01_3595200000,rs_2026_general_revenue_14_01_01_02,2026_general_revenue_14_01_01,2026,general,一般会計,14,都支出金,01,都負担金,01,民生費負担金,02,民生委員運営費,01,民生委員運営,保健福祉政策部 生活福祉課,都支出金,specific,76718,86003,9285,false,1,ippansainyu.csv,17306
rd_2026_general_revenue_14_01_01_03_01_3595200000,rs_2026_general_revenue_14_01_01_03,2026_general_revenue_14_01_01,2026,general,一般会計,14,都支出金,01,都負担金,01,民生費負担金,03,民生委員推せん会費,01,民生委員推せん会,保健福祉政策部 生活福祉課,都支出金,specific,324,298,-26,false,1,ippansainyu.csv,17307
rd_2026_general_revenue_14_01_01_04_01_3595200000,rs_2026_general_revenue_14_01_01_04,2026_general_revenue_14_01_01,2026,general,一般会計,14,都支出金,01,都負担金,01,民生費負担金,04,行旅病人及死亡人取扱費,01,行旅病人及死亡人,保健福祉政策部 生活福祉課,都支出金,specific,712,736,24,false,1,ippansainyu.csv,17308
rd_2026_general_revenue_14_01_01_05_01_3595200000,rs_2026_general_revenue_14_01_01_05,2026_general_revenue_14_01_01,2026,general,一般会計,14,都支出金,01,都負担金,01,民生費負担金,05,生活保護費,01,生活保護費,保健福祉政策部 生活福祉課,都支出金,specific,286691,247126,-39565,false,1,ippansainyu.csv,17309
rd_2026_general_revenue_14_01_01_07_16_3655100000,rs_2026_general_revenue_14_01_01_07,2026_general_revenue_14_01_01,2026,general,一般会計,14,都支出金,01,都負担金,01,民生費負担金,07,障害福祉サービス費等,16,障害児通所・相談支援給付等,障害福祉部 障害施策課,都支出金,specific,833966,1050083,216117,false,1,ippansainyu.csv,17780
rd_2026_general_revenue_14_01_01_07_17_3655100000,rs_2026_general_revenue_14_01_01_07,2026_general_revenue_14_01_01,2026,general,一般会計,14,都支出金,01,都負担金,01,民生費負担金,07,障害福祉サービス費等,17,障害者自立支援給付等,障害福祉部 障害施策課,都支出金,specific,3921489,3973925,52436,false,1,ippansainyu.csv,17781
rd_2026_general_revenue_14_01_01_07_18_3655100000,rs_2026_general_revenue_14_01_01_07,2026_general_revenue_14_01_01,2026,general,一般会計,14,都支出金,01,都負担金,01,民生費負担金,07,障害福祉サービス費等,18,補装具給付,障害福祉部 障害施策課,都支出金,specific,38024,42402,4378,false,1,ippansainyu.csv,17782
rd_2026_general_revenue_14_01_01_07_19_3655100000,rs_2026_general_revenue_14_01_01_07,2026_general_revenue_14_01_01,2026,general,一般会計,14,都支出金,01,都負担金,01,民生費負担金,07,障害福祉サービス費等,19,自立支援医療（更生医療）,障害福祉部 障害施策課,都支出金,specific,195269,183124,-12145,false,1,ippansainyu.csv,17783
rd_2026_general_revenue_14_01_01_08_06_3665500000,rs_2026_general_revenue_14_01_01_08,2026_general_revenue_14_01_01,2026,general,一般会計,14,都支出金,01,都負担金,01,民生費負担金,08,児童手当支給費,06,児童手当,子ども・若者部 子ども家庭課,都支出金,specific,1773658,1591147,-182511,false,1,ippansainyu.csv,18087
rd_2026_general_revenue_14_01_01_10_01_3655100000,rs_2026_general_revenue_14_01_01_10,2026_general_revenue_14_01_01,2026,general,一般会計,14,都支出金,01,都負担金,01,民生費負担金,10,重度脳性麻痺者介護人派遣費,01,重度脳性麻痺者介護人派遣,障害福祉部 障害施策課,都支出金,specific,25689,21478,-4211,false,1,ippansainyu.csv,17784
rd_2026_general_revenue_14_01_01_13_01_3595400000,rs_2026_general_revenue_14_01_01_13,2026_general_revenue_14_01_01,2026,general,一般会計,14,都支出金,01,都負担金,01,民生費負担金,13,保険基盤安定費,01,国民健康保険,保健福祉政策部 国保・年金課,都支出金,specific,2315532,2350316,34784,false,1,ippansainyu.csv,17355
rd_2026_general_revenue_14_01_01_13_03_3595400000,rs_2026_general_revenue_14_01_01_13,2026_general_revenue_14_01_01,2026,general,一般会計,14,都支出金,01,都負担金,01,民生費負担金,13,保険基盤安定費,03,後期高齢者医療,保健福祉政策部 国保・年金課,都支出金,specific,1106079,1292079,186000,false,1,ippansainyu.csv,17356
rd_2026_general_revenue_14_01_01_16_01_3595200000,rs_2026_general_revenue_14_01_01_16,2026_general_revenue_14_01_01,2026,general,一般会計,14,都支出金,01,都負担金,01,民生費負担金,16,墓地埋葬取扱費,01,墓地埋葬取扱,保健福祉政策部 生活福祉課,都支出金,specific,4155,4606,451,false,1,ippansainyu.csv,17310
rd_2026_general_revenue_14_01_01_24_01_3655100000,rs_2026_general_revenue_14_01_01_24,2026_general_revenue_14_01_01,2026,general,一般会計,14,都支出金,01,都負担金,01,民生費負担金,24,身体障害者相談員研修会費,01,身体障害者相談員研修会費,障害福祉部 障害施策課,都支出金,specific,25,41,16,false,1,ippansainyu.csv,17785
rd_2026_general_revenue_14_01_01_25_01_3655100000,rs_2026_general_revenue_14_01_01_25,2026_general_revenue_14_01_01,2026,general,一般会計,14,都支出金,01,都負担金,01,民生費負担金,25,知的障害者相談員研修会費,01,知的障害者相談員研修会費,障害福祉部 障害施策課,都支出金,specific,13,24,11,false,1,ippansainyu.csv,17786
rd_2026_general_revenue_14_01_01_26_01_3645200000,rs_2026_general_revenue_14_01_01_26,2026_general_revenue_14_01_01,2026,general,一般会計,14,都支出金,01,都負担金,01,民生費負担金,26,介護保険料軽減費,01,介護保険料軽減費,高齢福祉部 介護保険課,都支出金,specific,138772,133225,-5547,false,1,ippansainyu.csv,17545
rd_2026_general_revenue_14_01_01_28_01_3665580000,rs_2026_general_revenue_14_01_01_28,2026_general_revenue_14_01_01,2026,general,一般会計,14,都支出金,01,都負担金,01,民生費負担金,28,施設型給付費（私立保育園）,01,私立保育園,子ども・若者部 保育課,都支出金,specific,4433406,4629592,196186,false,1,ippansainyu.csv,18225
rd_2026_general_revenue_14_01_01_29_01_3665580000,rs_2026_general_revenue_14_01_01_29,2026_general_revenue_14_01_01,2026,general,一般会計,14,都支出金,01,都負担金,01,民生費負担金,29,施設型給付費（認定こども園）,01,幼稚園型,子ども・若者部 保育課,都支出金,specific,33550,35841,2291,false,1,ippansainyu.csv,18226
rd_2026_general_revenue_14_01_01_29_02_3665580000,rs_2026_general_revenue_14_01_01_29,2026_general_revenue_14_01_01,2026,general,一般会計,14,都支出金,01,都負担金,01,民生費負担金,29,施設型給付費（認定こども園）,02,幼保連携型,子ども・若者部 保育課,都支出金,specific,241863,251555,9692,false,1,ippansainyu.csv,18227
rd_2026_general_revenue_14_01_01_30_01_3665580000,rs_2026_general_revenue_14_01_01_30,2026_general_revenue_14_01_01,2026,general,一般会計,14,都支出金,01,都負担金,01,民生費負担金,30,施設型給付費（地域型保育事業）,01,小規模保育事業,子ども・若者部 保育課,都支出金,specific,169675,219162,49487,false,1,ippansainyu.csv,18228
rd_2026_general_revenue_14_01_01_30_02_3665580000,rs_2026_general_revenue_14_01_01_30,2026_general_revenue_14_01_01,2026,general,一般会計,14,都支出金,01,都負担金,01,民生費負担金,30,施設型給付費（地域型保育事業）,02,家庭的保育事業,子ども・若者部 保育課,都支出金,specific,32915,36960,4045,false,1,ippansainyu.csv,18229
rd_2026_general_revenue_14_01_01_30_03_3665580000,rs_2026_general_revenue_14_01_01_30,2026_general_revenue_14_01_01,2026,general,一般会計,14,都支出金,01,都負担金,01,民生費負担金,30,施設型給付費（地域型保育事業）,03,居宅訪問型保育事業,子ども・若者部 保育課,都支出金,specific,8805,14078,5273,false,1,ippansainyu.csv,18230
rd_2026_general_revenue_14_01_01_30_04_3665580000,rs_2026_general_revenue_14_01_01_30,2026_general_revenue_14_01_01,2026,general,一般会計,14,都支出金,01,都負担金,01,民生費負担金,30,施設型給付費（地域型保育事業）,04,事業所内保育事業,子ども・若者部 保育課,都支出金,specific,14915,19097,4182,false,1,ippansainyu.csv,18231
rd_2026_general_revenue_14_01_01_32_01_3665580000,rs_2026_general_revenue_14_01_01_32,2026_general_revenue_14_01_01,2026,general,一般会計,14,都支出金,01,都負担金,01,民生費負担金,32,施設型給付費（私立幼稚園）,01,私立幼稚園,子ども・若者部 保育課,都支出金,specific,159990,219624,59634,false,1,ippansainyu.csv,18232
rd_2026_general_revenue_14_01_01_33_01_3665590000,rs_2026_general_revenue_14_01_01_33,2026_general_revenue_14_01_01,2026,general,一般会計,14,都支出金,01,都負担金,01,民生費負担金,33,子育てのための施設等利用給付交付金,01,認可外保育施設分,子ども・若者部 保育認定・調整課,都支出金,specific,139872,163089,23217,false,1,ippansainyu.csv,18337
rd_2026_general_revenue_14_01_01_33_02_3665580000,rs_2026_general_revenue_14_01_01_33,2026_general_revenue_14_01_01,2026,general,一般会計,14,都支出金,01,都負担金,01,民生費負担金,33,子育てのための施設等利用給付交付金,02,預かり保育（私立幼稚園（施設型給付））,子ども・若者部 保育課,都支出金,specific,2048,2163,115,false,1,ippansainyu.csv,18233
rd_2026_general_revenue_14_01_01_33_03_3665580000,rs_2026_general_revenue_14_01_01_33,2026_general_revenue_14_01_01,2026,general,一般会計,14,都支出金,01,都負担金,01,民生費負担金,33,子育てのための施設等利用給付交付金,03,預かり保育（認定こども園）,子ども・若者部 保育課,都支出金,specific,4271,3342,-929,false,1,ippansainyu.csv,18234
rd_2026_general_revenue_14_01_01_33_05_3665150000,rs_2026_general_revenue_14_01_01_33,2026_general_revenue_14_01_01,2026,general,一般会計,14,都支出金,01,都負担金,01,民生費負担金,33,子育てのための施設等利用給付交付金,05,預かり保育（私立幼稚園）,子ども・若者部 子ども・若者支援課,都支出金,specific,18378,24605,6227,false,1,ippansainyu.csv,17958
rd_2026_general_revenue_14_01_01_33_08_3665150000,rs_2026_general_revenue_14_01_01_33,2026_general_revenue_14_01_01,2026,general,一般会計,14,都支出金,01,都負担金,01,民生費負担金,33,子育てのための施設等利用給付交付金,08,私立幼稚園,子ども・若者部 子ども・若者支援課,都支出金,specific,429147,411839,-17308,false,1,ippansainyu.csv,17959
rd_2026_general_revenue_14_01_01_34_01_3595400000,rs_2026_general_revenue_14_01_01_34,2026_general_revenue_14_01_01,2026,general,一般会計,14,都支出金,01,都負担金,01,民生費負担金,34,未就学児均等割保険料負担金,01,国民健康保険,保健福祉政策部 国保・年金課,都支出金,specific,17164,16831,-333,false,1,ippansainyu.csv,17357
rd_2026_general_revenue_14_01_01_35_01_3595400000,rs_2026_general_revenue_14_01_01_35,2026_general_revenue_14_01_01,2026,general,一般会計,14,都支出金,01,都負担金,01,民生費負担金,35,産前産後保険料負担金,01,国民健康保険,保健福祉政策部 国保・年金課,都支出金,specific,8201,10731,2530,false,1,ippansainyu.csv,17358
rd_2026_general_revenue_14_01_01_36_01_3665150000,rs_2026_general_revenue_14_01_01_36,2026_general_revenue_14_01_01,2026,general,一般会計,14,都支出金,01,都負担金,01,民生費負担金,36,乳児等支援給付費（私立幼稚園）,01,私立幼稚園,子ども・若者部 子ども・若者支援課,都支出金,specific,0,0,0,true,0,ippansainyu.csv,17960
rd_2026_general_revenue_14_01_01_36_02_3665150000,rs_2026_general_revenue_14_01_01_36,2026_general_revenue_14_01_01,2026,general,一般会計,14,都支出金,01,都負担金,01,民生費負担金,36,乳児等支援給付費（私立幼稚園）,02,私立幼稚園（こども誰でも通園制度）,子ども・若者部 子ども・若者支援課,都支出金,specific,0,103,103,false,1,ippansainyu.csv,17961
rd_2026_general_revenue_14_01_01_37_01_3665580000,rs_2026_general_revenue_14_01_01_37,2026_general_revenue_14_01_01,2026,general,一般会計,14,都支出金,01,都負担金,01,民生費負担金,37,乳児等支援給付費（私立幼稚園施設型給付）,01,私立幼稚園施設型給付,子ども・若者部 保育課,都支出金,specific,0,60,60,false,1,ippansainyu.csv,18235
rd_2026_general_revenue_14_01_01_38_01_3665580000,rs_2026_general_revenue_14_01_01_38,2026_general_revenue_14_01_01,2026,general,一般会計,14,都支出金,01,都負担金,01,民生費負担金,38,乳児等支援給付費（私立保育園）,01,私立保育園,子ども・若者部 保育課,都支出金,specific,0,1284,1284,false,1,ippansainyu.csv,18236
rd_2026_general_revenue_14_01_01_39_01_3665580000,rs_2026_general_revenue_14_01_01_39,2026_general_revenue_14_01_01,2026,general,一般会計,14,都支出金,01,都負担金,01,民生費負担金,39,乳児等支援給付費（認定こども園）,01,認定こども園,子ども・若者部 保育課,都支出金,specific,0,56,56,false,1,ippansainyu.csv,18237
rd_2026_general_revenue_14_01_01_40_01_3665580000,rs_2026_general_revenue_14_01_01_40,2026_general_revenue_14_01_01,2026,general,一般会計,14,都支出金,01,都負担金,01,民生費負担金,40,乳児等支援給付費（特定地域型保育事業）,01,特定地域型保育事業,子ども・若者部 保育課,都支出金,specific,0,446,446,false,1,ippansainyu.csv,18238
rd_2026_general_revenue_14_01_01_41_01_3665590000,rs_2026_general_revenue_14_01_01_41,2026_general_revenue_14_01_01,2026,general,一般会計,14,都支出金,01,都負担金,01,民生費負担金,41,乳児等支援給付費（認証保育所）,01,認証保育所,子ども・若者部 保育認定・調整課,都支出金,specific,0,1404,1404,false,1,ippansainyu.csv,18338
rd_2026_general_revenue_14_01_02_02_02_3785250000,rs_2026_general_revenue_14_01_02_02,2026_general_revenue_14_01_02,2026,general,一般会計,14,都支出金,01,都負担金,02,衛生費負担金,02,予防接種費,02,定期予防接種,世田谷保健所 感染症対策課,都支出金,specific,6764,7526,762,false,1,ippansainyu.csv,18489
rd_2026_general_revenue_14_01_02_07_01_3785200000,rs_2026_general_revenue_14_01_02_07,2026_general_revenue_14_01_02,2026,general,一般会計,14,都支出金,01,都負担金,02,衛生費負担金,07,育成医療費,01,育成医療,世田谷保健所 健康推進課,都支出金,specific,170,60,-110,false,1,ippansainyu.csv,18441
rd_2026_general_revenue_14_01_02_09_01_3785200000,rs_2026_general_revenue_14_01_02_09,2026_general_revenue_14_01_02,2026,general,一般会計,14,都支出金,01,都負担金,02,衛生費負担金,09,母子衛生費,01,医療費公費負担,世田谷保健所 健康推進課,都支出金,specific,5804,5102,-702,false,1,ippansainyu.csv,18442
rd_2026_general_revenue_14_01_03_01_01_3865100000,rs_2026_general_revenue_14_01_03_01,2026_general_revenue_14_01_03,2026,general,一般会計,14,都支出金,01,都負担金,03,土木費負担金,01,国土調査事業費,01,地籍調査,道路・交通計画部 道路管理課,都支出金,specific,63859,90665,26806,false,1,ippansainyu.csv,18655
rd_2026_general_revenue_14_01_04_02_01_4985400000,rs_2026_general_revenue_14_01_04_02,2026_general_revenue_14_01_04,2026,general,一般会計,14,都支出金,01,都負担金,04,教育費負担金,02,子育てのための施設等利用給付交付金,01,預かり保育（区立幼稚園）,教育委員会事務局 乳幼教・保支課,都支出金,specific,997,1047,50,false,1,ippansainyu.csv,18915
rd_2026_general_revenue_14_01_05_01_02_3815450000,rs_2026_general_revenue_14_01_05_01,2026_general_revenue_14_01_05,2026,general,一般会計,14,都支出金,01,都負担金,05,総務費負担金,01,災害救助法による求償,02,災害救助法による求償（応急仮設住宅）,都市整備政策部 住宅課,都支出金,specific,7906,0,-7906,true,0,ippansainyu.csv,18552
rd_2026_general_revenue_14_02_01_01_01_3665150000,rs_2026_general_revenue_14_02_01_01,2026_general_revenue_14_02_01,2026,general,一般会計,14,都支出金,02,都補助金,01,総務費補助金,01,私立幼稚園園児保護者負担軽減費,01,私立幼稚園園児保護者負担軽減,子ども・若者部 子ども・若者支援課,都支出金,specific,132609,119137,-13472,false,1,ippansainyu.csv,17962
rd_2026_general_revenue_14_02_01_01_02_3665150000,rs_2026_general_revenue_14_02_01_01,2026_general_revenue_14_02_01,2026,general,一般会計,14,都支出金,02,都補助金,01,総務費補助金,01,私立幼稚園園児保護者負担軽減費,02,幼稚園類似幼児施設園児保護者負担軽減,子ども・若者部 子ども・若者支援課,都支出金,specific,9170,5596,-3574,false,1,ippansainyu.csv,17963
rd_2026_general_revenue_14_02_01_01_04_3665580000,rs_2026_general_revenue_14_02_01_01,2026_general_revenue_14_02_01,2026,general,一般会計,14,都支出金,02,都補助金,01,総務費補助金,01,私立幼稚園園児保護者負担軽減費,04,私立幼稚園園児保護者負担軽減（認定こども園）,子ども・若者部 保育課,都支出金,specific,768,744,-24,false,1,ippansainyu.csv,18239
rd_2026_general_revenue_14_02_01_01_05_3665580000,rs_2026_general_revenue_14_02_01_01,2026_general_revenue_14_02_01,2026,general,一般会計,14,都支出金,02,都補助金,01,総務費補助金,01,私立幼稚園園児保護者負担軽減費,05,私立幼稚園園児保護者負担軽減（私立幼稚園）,子ども・若者部 保育課,都支出金,specific,1152,1746,594,false,1,ippansainyu.csv,18240
rd_2026_general_revenue_14_02_01_14_03_3305700000,rs_2026_general_revenue_14_02_01_14,2026_general_revenue_14_02_01,2026,general,一般会計,14,都支出金,02,都補助金,01,総務費補助金,14,防犯設備整備費,03,防犯設備整備費,危機管理部 地域生活安全課,都支出金,specific,70493,101808,31315,false,1,ippansainyu.csv,16978
rd_2026_general_revenue_14_02_01_21_02_3405450000,rs_2026_general_revenue_14_02_01_21,2026_general_revenue_14_02_01,2026,general,一般会計,14,都支出金,02,都補助金,01,総務費補助金,21,人権啓発活動地方委託事業,02,人権啓発活動地方委託事業,生活文化政策部 人権男女共同参画課,都支出金,specific,1012,987,-25,false,1,ippansainyu.csv,17068
rd_2026_general_revenue_14_02_01_38_01_3305700000,rs_2026_general_revenue_14_02_01_38,2026_general_revenue_14_02_01,2026,general,一般会計,14,都支出金,02,都補助金,01,総務費補助金,38,防犯設備維持管理経費,01,防犯設備維持管理経費,危機管理部 地域生活安全課,都支出金,specific,2957,2499,-458,false,1,ippansainyu.csv,16979
rd_2026_general_revenue_14_02_01_40_01_3895200000,rs_2026_general_revenue_14_02_01_40,2026_general_revenue_14_02_01,2026,general,一般会計,14,都支出金,02,都補助金,01,総務費補助金,40,自転車安全利用促進事業,01,自転車点検整備支援事業,土木部 交通安全自転車課,都支出金,specific,1128,0,-1128,true,0,ippansainyu.csv,18700
rd_2026_general_revenue_14_02_01_44_01_3305700000,rs_2026_general_revenue_14_02_01_44,2026_general_revenue_14_02_01,2026,general,一般会計,14,都支出金,02,都補助金,01,総務費補助金,44,防犯設備運用経費,01,防犯設備運用経費,危機管理部 地域生活安全課,都支出金,specific,2009,2912,903,false,1,ippansainyu.csv,16980
rd_2026_general_revenue_14_02_01_45_01_3305700000,rs_2026_general_revenue_14_02_01_45,2026_general_revenue_14_02_01,2026,general,一般会計,14,都支出金,02,都補助金,01,総務費補助金,45,消費者行政強化交付金,01,消費者行政強化事業,危機管理部 地域生活安全課,都支出金,specific,6591,5799,-792,false,1,ippansainyu.csv,16981
rd_2026_general_revenue_14_02_01_48_01_3445100000,rs_2026_general_revenue_14_02_01_48,2026_general_revenue_14_02_01,2026,general,一般会計,14,都支出金,02,都補助金,01,総務費補助金,48,区市町村スポーツ実施促進事業,01,地域スポーツ推進事業,スポーツ推進部 スポーツ推進課,都支出金,specific,2658,728,-1930,false,1,ippansainyu.csv,17100
rd_2026_general_revenue_14_02_01_48_02_3445100000,rs_2026_general_revenue_14_02_01_48,2026_general_revenue_14_02_01,2026,general,一般会計,14,都支出金,02,都補助金,01,総務費補助金,48,区市町村スポーツ実施促進事業,02,パラスポーツ推進事業,スポーツ推進部 スポーツ推進課,都支出金,specific,729,519,-210,false,1,ippansainyu.csv,17101
rd_2026_general_revenue_14_02_01_48_03_3445100000,rs_2026_general_revenue_14_02_01_48,2026_general_revenue_14_02_01,2026,general,一般会計,14,都支出金,02,都補助金,01,総務費補助金,48,区市町村スポーツ実施促進事業,03,地域スポーツ推進事業,スポーツ推進部 スポーツ推進課,都支出金,specific,342,537,195,false,1,ippansainyu.csv,17102
rd_2026_general_revenue_14_02_01_48_04_3445100000,rs_2026_general_revenue_14_02_01_48,2026_general_revenue_14_02_01,2026,general,一般会計,14,都支出金,02,都補助金,01,総務費補助金,48,区市町村スポーツ実施促進事業,04,地域スポーツ推進事業,スポーツ推進部 スポーツ推進課,都支出金,specific,0,1735,1735,false,1,ippansainyu.csv,17103
rd_2026_general_revenue_14_02_01_48_05_3445100000,rs_2026_general_revenue_14_02_01_48,2026_general_revenue_14_02_01,2026,general,一般会計,14,都支出金,02,都補助金,01,総務費補助金,48,区市町村スポーツ実施促進事業,05,パラスポーツ推進事業,スポーツ推進部 スポーツ推進課,都支出金,specific,0,1981,1981,false,1,ippansainyu.csv,17104
rd_2026_general_revenue_14_02_01_50_01_3525500000,rs_2026_general_revenue_14_02_01_50,2026_general_revenue_14_02_01,2026,general,一般会計,14,都支出金,02,都補助金,01,総務費補助金,50,消費者行政強化交付金,01,消費者行政強化事業（啓発）,経済産業部 消費生活課,都支出金,specific,2051,2173,122,false,1,ippansainyu.csv,17193
rd_2026_general_revenue_14_02_01_50_02_3525500000,rs_2026_general_revenue_14_02_01_50,2026_general_revenue_14_02_01,2026,general,一般会計,14,都支出金,02,都補助金,01,総務費補助金,50,消費者行政強化交付金,02,消費者行政強化事業（消費生活相談）,経済産業部 消費生活課,都支出金,specific,38,0,-38,true,0,ippansainyu.csv,17194
rd_2026_general_revenue_14_02_01_50_03_3095100000,rs_2026_general_revenue_14_02_01_50,2026_general_revenue_14_02_01,2026,general,一般会計,14,都支出金,02,都補助金,01,総務費補助金,50,消費者行政強化交付金,03,消費者行政強化事業（デジタル対応）,DX推進担当部 ＤＸ推進担当課,都支出金,specific,1135,0,-1135,true,0,ippansainyu.csv,16928
rd_2026_general_revenue_14_02_01_51_01_3305300000,rs_2026_general_revenue_14_02_01_51,2026_general_revenue_14_02_01,2026,general,一般会計,14,都支出金,02,都補助金,01,総務費補助金,51,区市町村災害対応力向上支援事業,01,区市町村災害対応力向上支援事業,危機管理部 災害対策課,都支出金,specific,6712,0,-6712,true,0,ippansainyu.csv,16969
rd_2026_general_revenue_14_02_01_51_02_3305300000,rs_2026_general_revenue_14_02_01_51,2026_general_revenue_14_02_01,2026,general,一般会計,14,都支出金,02,都補助金,01,総務費補助金,51,区市町村災害対応力向上支援事業,02,区市町村災害対応力向上支援事業,危機管理部 災害対策課,都支出金,specific,0,6000,6000,false,1,ippansainyu.csv,16970
rd_2026_general_revenue_14_02_01_53_01_3595110000,rs_2026_general_revenue_14_02_01_53,2026_general_revenue_14_02_01,2026,general,一般会計,14,都支出金,02,都補助金,01,総務費補助金,53,物価高騰対応重点支援地方創生臨時交付金,01,住民税非課税世帯等への価格高騰重点支援給付金支給,保健福祉政策部 保健福祉政策課,都支出金,specific,0,0,0,true,0,ippansainyu.csv,17239
rd_2026_general_revenue_14_02_01_53_03_3525100000,rs_2026_general_revenue_14_02_01_53,2026_general_revenue_14_02_01,2026,general,一般会計,14,都支出金,02,都補助金,01,総務費補助金,53,物価高騰対応重点支援地方創生臨時交付金,03,商業振興,経済産業部 商業課,都支出金,specific,0,0,0,true,0,ippansainyu.csv,17160
rd_2026_general_revenue_14_02_01_54_01_4965100000,rs_2026_general_revenue_14_02_01_54,2026_general_revenue_14_02_01,2026,general,一般会計,14,都支出金,02,都補助金,01,総務費補助金,54,地域における青少年健全育成応援事業,01,地域における青少年健全育成応援事業,教育委員会事務局 生涯学習課,都支出金,specific,550,550,0,false,1,ippansainyu.csv,18826
rd_2026_general_revenue_14_02_01_55_02_3305700000,rs_2026_general_revenue_14_02_01_55,2026_general_revenue_14_02_01,2026,general,一般会計,14,都支出金,02,都補助金,01,総務費補助金,55,東京都防犯機器等購入緊急補助事業,02,東京都防犯機器等購入緊急補助事業,危機管理部 地域生活安全課,都支出金,specific,0,108649,108649,false,1,ippansainyu.csv,16982
rd_2026_general_revenue_14_02_01_56_01_4975200000,rs_2026_general_revenue_14_02_01_56,2026_general_revenue_14_02_01,2026,general,一般会計,14,都支出金,02,都補助金,01,総務費補助金,56,子供の未来を育む「体験活動」推進区市町村支援事業補助金,01,子供の未来を育む「体験活動」推進区市町村支援事業補助金,教育委員会事務局 教育指導課,都支出金,specific,0,6891,6891,false,1,ippansainyu.csv,18852
rd_2026_general_revenue_14_02_01_58_01_3305300000,rs_2026_general_revenue_14_02_01_58,2026_general_revenue_14_02_01,2026,general,一般会計,14,都支出金,02,都補助金,01,総務費補助金,58,避難所環境整備・災害時トイレ確保等区市町村支援事業,01,避難所環境整備・災害時トイレ確保等区市町村支援事業,危機管理部 災害対策課,都支出金,specific,0,1663,1663,false,1,ippansainyu.csv,16971
rd_2026_general_revenue_14_02_01_59_01_3065200000,rs_2026_general_revenue_14_02_01_59,2026_general_revenue_14_02_01,2026,general,一般会計,14,都支出金,02,都補助金,01,総務費補助金,59,子供・長寿・居場所区市町村包括補助事業,01,子供・長寿・居場所区市町村包括補助事業,政策経営部 官民行政手法改革課,都支出金,specific,0,0,0,true,0,ippansainyu.csv,16899
rd_2026_general_revenue_14_02_01_60_01_3065200000,rs_2026_general_revenue_14_02_01_60,2026_general_revenue_14_02_01,2026,general,一般会計,14,都支出金,02,都補助金,01,総務費補助金,60,地域課題解決型スマート東京普及促進事業,01,地域課題解決型スマート東京普及促進事業,政策経営部 官民行政手法改革課,都支出金,specific,0,4900,4900,false,1,ippansainyu.csv,16900
rd_2026_general_revenue_14_02_02_01_44_3645100000,rs_2026_general_revenue_14_02_02_01,2026_general_revenue_14_02_02,2026,general,一般会計,14,都支出金,02,都補助金,02,民生費補助金,01,老人福祉諸費,44,認知症高齢者グループホーム,高齢福祉部 高齢福祉課,都支出金,specific,58032,65022,6990,false,1,ippansainyu.csv,17484
rd_2026_general_revenue_14_02_02_01_89_3645200000,rs_2026_general_revenue_14_02_02_01,2026_general_revenue_14_02_02,2026,general,一般会計,14,都支出金,02,都補助金,02,民生費補助金,01,老人福祉諸費,89,介護保険利用者負担軽減補助,高齢福祉部 介護保険課,都支出金,specific,8941,8654,-287,false,1,ippansainyu.csv,17546
rd_2026_general_revenue_14_02_02_01_92_3645100000,rs_2026_general_revenue_14_02_02_01,2026_general_revenue_14_02_02,2026,general,一般会計,14,都支出金,02,都補助金,02,民生費補助金,01,老人福祉諸費,92,小規模多機能型居宅介護,高齢福祉部 高齢福祉課,都支出金,specific,7863,9519,1656,false,1,ippansainyu.csv,17485
rd_2026_general_revenue_14_02_02_01_94_3645100000,rs_2026_general_revenue_14_02_02_01,2026_general_revenue_14_02_02,2026,general,一般会計,14,都支出金,02,都補助金,02,民生費補助金,01,老人福祉諸費,94,都市型軽費老人ホーム,高齢福祉部 高齢福祉課,都支出金,specific,15120,26820,11700,false,1,ippansainyu.csv,17486
rd_2026_general_revenue_14_02_02_01_95_3645100000,rs_2026_general_revenue_14_02_02_01,2026_general_revenue_14_02_02,2026,general,一般会計,14,都支出金,02,都補助金,02,民生費補助金,01,老人福祉諸費,95,小規模特別養護老人ホーム,高齢福祉部 高齢福祉課,都支出金,specific,119741,0,-119741,true,0,ippansainyu.csv,17487
rd_2026_general_revenue_14_02_02_01_96_3405350000,rs_2026_general_revenue_14_02_02_01,2026_general_revenue_14_02_02,2026,general,一般会計,14,都支出金,02,都補助金,02,民生費補助金,01,老人福祉諸費,96,高齢者クラブ助成,生活文化政策部 市民活動推進課,都支出金,specific,2812,2822,10,false,1,ippansainyu.csv,17014
rd_2026_general_revenue_14_02_02_01_97_3645100000,rs_2026_general_revenue_14_02_02_01,2026_general_revenue_14_02_02,2026,general,一般会計,14,都支出金,02,都補助金,02,民生費補助金,01,老人福祉諸費,97,看護小規模多機能型居宅介護,高齢福祉部 高齢福祉課,都支出金,specific,7863,9519,1656,false,1,ippansainyu.csv,17488
rd_2026_general_revenue_14_02_02_03_04_3665500000,rs_2026_general_revenue_14_02_02_03,2026_general_revenue_14_02_02,2026,general,一般会計,14,都支出金,02,都補助金,02,民生費補助金,03,子供の貧困対策支援事業,04,子供の貧困対策支援事業,子ども・若者部 子ども家庭課,都支出金,specific,939,984,45,false,1,ippansainyu.csv,18088
rd_2026_general_revenue_14_02_02_05_01_3595200000,rs_2026_general_revenue_14_02_02_05,2026_general_revenue_14_02_02,2026,general,一般会計,14,都支出金,02,都補助金,02,民生費補助金,05,旧軍人援護費,01,旧軍人援護,保健福祉政策部 生活福祉課,都支出金,specific,367,1644,1277,false,2,ippansainyu.csv,17311
rd_2026_general_revenue_14_02_02_09_01_3665580000,rs_2026_general_revenue_14_02_02_09,2026_general_revenue_14_02_02,2026,general,一般会計,14,都支出金,02,都補助金,02,民生費補助金,09,保育人材確保支援事業補助金,01,保育人材確保支援事業,子ども・若者部 保育課,都支出金,specific,2741,2929,188,false,1,ippansainyu.csv,18241
rd_2026_general_revenue_14_02_02_10_01_3665580000,rs_2026_general_revenue_14_02_02_10,2026_general_revenue_14_02_02,2026,general,一般会計,14,都支出金,02,都補助金,02,民生費補助金,10,保育所等利用多子世帯負担軽減事業,01,私立保育園,子ども・若者部 保育課,都支出金,specific,1394526,0,-1394526,true,0,ippansainyu.csv,18242
rd_2026_general_revenue_14_02_02_10_02_3665580000,rs_2026_general_revenue_14_02_02_10,2026_general_revenue_14_02_02,2026,general,一般会計,14,都支出金,02,都補助金,02,民生費補助金,10,保育所等利用多子世帯負担軽減事業,02,地域型保育事業,子ども・若者部 保育課,都支出金,specific,77894,0,-77894,true,0,ippansainyu.csv,18243
rd_2026_general_revenue_14_02_02_10_03_3665580000,rs_2026_general_revenue_14_02_02_10,2026_general_revenue_14_02_02,2026,general,一般会計,14,都支出金,02,都補助金,02,民生費補助金,10,保育所等利用多子世帯負担軽減事業,03,認定こども園,子ども・若者部 保育課,都支出金,specific,56615,0,-56615,true,0,ippansainyu.csv,18244
rd_2026_general_revenue_14_02_02_10_04_3665580000,rs_2026_general_revenue_14_02_02_10,2026_general_revenue_14_02_02,2026,general,一般会計,14,都支出金,02,都補助金,02,民生費補助金,10,保育所等利用多子世帯負担軽減事業,04,区立保育園,子ども・若者部 保育課,都支出金,specific,207250,0,-207250,true,0,ippansainyu.csv,18245
rd_2026_general_revenue_14_02_02_13_01_3665590000,rs_2026_general_revenue_14_02_02_13,2026_general_revenue_14_02_02,2026,general,一般会計,14,都支出金,02,都補助金,02,民生費補助金,13,認可外保育施設利用支援事業,01,保育料負担軽減補助事業,子ども・若者部 保育認定・調整課,都支出金,specific,541453,1952256,1410803,false,1,ippansainyu.csv,18339
rd_2026_general_revenue_14_02_02_13_02_3665590000,rs_2026_general_revenue_14_02_02_13,2026_general_revenue_14_02_02,2026,general,一般会計,14,都支出金,02,都補助金,02,民生費補助金,13,認可外保育施設利用支援事業,02,ベビーシッター利用支援事業（ベビーシッター事業者連携型）,子ども・若者部 保育認定・調整課,都支出金,specific,0,0,0,true,0,ippansainyu.csv,18340
rd_2026_general_revenue_14_02_02_13_03_3665590000,rs_2026_general_revenue_14_02_02_13,2026_general_revenue_14_02_02,2026,general,一般会計,14,都支出金,02,都補助金,02,民生費補助金,13,認可外保育施設利用支援事業,03,ベビーシッター利用支援事業（ベビーシッター事業者連携型）,子ども・若者部 保育認定・調整課,都支出金,specific,0,4915,4915,false,1,ippansainyu.csv,18341
rd_2026_general_revenue_14_02_02_16_01_3665200000,rs_2026_general_revenue_14_02_02_16,2026_general_revenue_14_02_02,2026,general,一般会計,14,都支出金,02,都補助金,02,民生費補助金,16,次世代育成支援対策施設整備交付金,01,児童施設改修工事,子ども・若者部 児童課,都支出金,specific,14387,14972,585,false,1,ippansainyu.csv,18023
rd_2026_general_revenue_14_02_02_19_01_3665580000,rs_2026_general_revenue_14_02_02_19,2026_general_revenue_14_02_02,2026,general,一般会計,14,都支出金,02,都補助金,02,民生費補助金,19,保育サービス推進事業,01,私立保育園運営,子ども・若者部 保育課,都支出金,specific,252869,284608,31739,false,1,ippansainyu.csv,18246
rd_2026_general_revenue_14_02_02_19_02_3665580000,rs_2026_general_revenue_14_02_02_19,2026_general_revenue_14_02_02,2026,general,一般会計,14,都支出金,02,都補助金,02,民生費補助金,19,保育サービス推進事業,02,特定地域型保育事業,子ども・若者部 保育課,都支出金,specific,47746,32905,-14841,false,1,ippansainyu.csv,18247
rd_2026_general_revenue_14_02_02_19_03_3665580000,rs_2026_general_revenue_14_02_02_19,2026_general_revenue_14_02_02,2026,general,一般会計,14,都支出金,02,都補助金,02,民生費補助金,19,保育サービス推進事業,03,認定こども園運営,子ども・若者部 保育課,都支出金,specific,28906,27646,-1260,false,1,ippansainyu.csv,18248
rd_2026_general_revenue_14_02_02_19_04_3595110000,rs_2026_general_revenue_14_02_02_19,2026_general_revenue_14_02_02,2026,general,一般会計,14,都支出金,02,都補助金,02,民生費補助金,19,保育サービス推進事業,04,第三者評価受審費加算分,保健福祉政策部 保健福祉政策課,都支出金,specific,12300,12000,-300,false,1,ippansainyu.csv,17240
rd_2026_general_revenue_14_02_02_19_05_3665580000,rs_2026_general_revenue_14_02_02_19,2026_general_revenue_14_02_02,2026,general,一般会計,14,都支出金,02,都補助金,02,民生費補助金,19,保育サービス推進事業,05,子育て支援事業,子ども・若者部 保育課,都支出金,specific,48000,66000,18000,false,1,ippansainyu.csv,18249
rd_2026_general_revenue_14_02_02_19_06_4985400000,rs_2026_general_revenue_14_02_02_19,2026_general_revenue_14_02_02,2026,general,一般会計,14,都支出金,02,都補助金,02,民生費補助金,19,保育サービス推進事業,06,区立幼稚園維持運営,教育委員会事務局 乳幼教・保支課,都支出金,specific,1500,1500,0,false,1,ippansainyu.csv,18916
rd_2026_general_revenue_14_02_02_20_01_3665580000,rs_2026_general_revenue_14_02_02_20,2026_general_revenue_14_02_02,2026,general,一般会計,14,都支出金,02,都補助金,02,民生費補助金,20,保育所等賃借料補助事業,01,私立保育園,子ども・若者部 保育課,都支出金,specific,76003,52365,-23638,false,1,ippansainyu.csv,18250
rd_2026_general_revenue_14_02_02_20_02_3665590000,rs_2026_general_revenue_14_02_02_20,2026_general_revenue_14_02_02,2026,general,一般会計,14,都支出金,02,都補助金,02,民生費補助金,20,保育所等賃借料補助事業,02,認証保育所,子ども・若者部 保育認定・調整課,都支出金,specific,2987,5193,2206,false,1,ippansainyu.csv,18342
rd_2026_general_revenue_14_02_02_20_03_3665580000,rs_2026_general_revenue_14_02_02_20,2026_general_revenue_14_02_02,2026,general,一般会計,14,都支出金,02,都補助金,02,民生費補助金,20,保育所等賃借料補助事業,03,特定地域型保育事業,子ども・若者部 保育課,都支出金,specific,31457,0,-31457,true,0,ippansainyu.csv,18251
rd_2026_general_revenue_14_02_02_21_01_3665580000,rs_2026_general_revenue_14_02_02_21,2026_general_revenue_14_02_02,2026,general,一般会計,14,都支出金,02,都補助金,02,民生費補助金,21,賃貸物件による保育所の開設準備経費補助事業,01,私立保育園施設整備,子ども・若者部 保育課,都支出金,specific,51250,256250,205000,false,1,ippansainyu.csv,18252
rd_2026_general_revenue_14_02_02_24_01_3655200000,rs_2026_general_revenue_14_02_02_24,2026_general_revenue_14_02_02,2026,general,一般会計,14,都支出金,02,都補助金,02,民生費補助金,24,地域福祉推進事業費,01,地域福祉推進事業,障害福祉部 障害地域生活課,都支出金,specific,2500,1750,-750,false,1,ippansainyu.csv,17844
rd_2026_general_revenue_14_02_02_24_02_3655200000,rs_2026_general_revenue_14_02_02_24,2026_general_revenue_14_02_02,2026,general,一般会計,14,都支出金,02,都補助金,02,民生費補助金,24,地域福祉推進事業費,02,地域福祉推進事業（移送サービス）,障害福祉部 障害地域生活課,都支出金,specific,11985,11570,-415,false,1,ippansainyu.csv,17845
rd_2026_general_revenue_14_02_02_25_02_3665580000,rs_2026_general_revenue_14_02_02_25,2026_general_revenue_14_02_02,2026,general,一般会計,14,都支出金,02,都補助金,02,民生費補助金,25,保育士等キャリアアップ研修支援事業,02,保育士等キャリアアップ研修支援事業,子ども・若者部 保育課,都支出金,specific,492,951,459,false,1,ippansainyu.csv,18253
rd_2026_general_revenue_14_02_02_31_02_3405350000,rs_2026_general_revenue_14_02_02_31,2026_general_revenue_14_02_02,2026,general,一般会計,14,都支出金,02,都補助金,02,民生費補助金,31,人生１００年時代セカンドライフ応援事業補助金,02,高齢者いきいきせたがや文化祭,生活文化政策部 市民活動推進課,都支出金,specific,993,649,-344,false,1,ippansainyu.csv,17015
rd_2026_general_revenue_14_02_02_31_03_3405350000,rs_2026_general_revenue_14_02_02_31,2026_general_revenue_14_02_02,2026,general,一般会計,14,都支出金,02,都補助金,02,民生費補助金,31,人生１００年時代セカンドライフ応援事業補助金,03,土と農の交流園,生活文化政策部 市民活動推進課,都支出金,specific,6666,6666,0,false,1,ippansainyu.csv,17016
rd_2026_general_revenue_14_02_02_31_05_3655200000,rs_2026_general_revenue_14_02_02_31,2026_general_revenue_14_02_02,2026,general,一般会計,14,都支出金,02,都補助金,02,民生費補助金,31,人生１００年時代セカンドライフ応援事業補助金,05,八幡山地域支え合い・介護予防事業,障害福祉部 障害地域生活課,都支出金,specific,332,266,-66,false,1,ippansainyu.csv,17846
rd_2026_general_revenue_14_02_02_36_01_3655100000,rs_2026_general_revenue_14_02_02_36,2026_general_revenue_14_02_02,2026,general,一般会計,14,都支出金,02,都補助金,02,民生費補助金,36,地域生活支援促進事業費,01,障害者虐待防止対策支援事業,障害福祉部 障害施策課,都支出金,specific,722,752,30,false,1,ippansainyu.csv,17787
rd_2026_general_revenue_14_02_02_36_03_3655100000,rs_2026_general_revenue_14_02_02_36,2026_general_revenue_14_02_02,2026,general,一般会計,14,都支出金,02,都補助金,02,民生費補助金,36,地域生活支援促進事業費,03,重度訪問介護利用者の大学修学支援事業,障害福祉部 障害施策課,都支出金,specific,320,0,-320,true,0,ippansainyu.csv,17788
rd_2026_general_revenue_14_02_02_36_04_3655300000,rs_2026_general_revenue_14_02_02_36,2026_general_revenue_14_02_02,2026,general,一般会計,14,都支出金,02,都補助金,02,民生費補助金,36,地域生活支援促進事業費,04,発達障害児者及び家族等支援事業,障害福祉部 障害保健福祉課,都支出金,specific,706,706,0,false,1,ippansainyu.csv,17911
rd_2026_general_revenue_14_02_02_36_07_3655100000,rs_2026_general_revenue_14_02_02_36,2026_general_revenue_14_02_02,2026,general,一般会計,14,都支出金,02,都補助金,02,民生費補助金,36,地域生活支援促進事業費,07,雇用施策との連携による重度障害者等就労支援特別事業,障害福祉部 障害施策課,都支出金,specific,2321,5015,2694,false,1,ippansainyu.csv,17789
rd_2026_general_revenue_14_02_02_37_02_3655100000,rs_2026_general_revenue_14_02_02_37,2026_general_revenue_14_02_02,2026,general,一般会計,14,都支出金,02,都補助金,02,民生費補助金,37,地域生活支援事業費,02,コミュニケーション支援,障害福祉部 障害施策課,都支出金,specific,3478,3723,245,false,1,ippansainyu.csv,17790
rd_2026_general_revenue_14_02_02_37_03_3655100000,rs_2026_general_revenue_14_02_02_37,2026_general_revenue_14_02_02,2026,general,一般会計,14,都支出金,02,都補助金,02,民生費補助金,37,地域生活支援事業費,03,日常生活用具給付,障害福祉部 障害施策課,都支出金,specific,25117,18406,-6711,false,1,ippansainyu.csv,17791
rd_2026_general_revenue_14_02_02_37_08_3655100000,rs_2026_general_revenue_14_02_02_37,2026_general_revenue_14_02_02,2026,general,一般会計,14,都支出金,02,都補助金,02,民生費補助金,37,地域生活支援事業費,08,訪問入浴サービス,障害福祉部 障害施策課,都支出金,specific,6417,7646,1229,false,1,ippansainyu.csv,17792
rd_2026_general_revenue_14_02_02_37_11_3065600000,rs_2026_general_revenue_14_02_02_37,2026_general_revenue_14_02_02,2026,general,一般会計,14,都支出金,02,都補助金,02,民生費補助金,37,地域生活支援事業費,11,点字・声の広報（区のおしらせ）,政策経営部 広報広聴課,都支出金,specific,2007,3327,1320,false,1,ippansainyu.csv,16918
rd_2026_general_revenue_14_02_02_37_12_3655100000,rs_2026_general_revenue_14_02_02_37,2026_general_revenue_14_02_02,2026,general,一般会計,14,都支出金,02,都補助金,02,民生費補助金,37,地域生活支援事業費,12,奉仕員養成研修,障害福祉部 障害施策課,都支出金,specific,1032,1190,158,false,1,ippansainyu.csv,17793
rd_2026_general_revenue_14_02_02_37_15_3655100000,rs_2026_general_revenue_14_02_02_37,2026_general_revenue_14_02_02,2026,general,一般会計,14,都支出金,02,都補助金,02,民生費補助金,37,地域生活支援事業費,15,住宅改修,障害福祉部 障害施策課,都支出金,specific,269,275,6,false,1,ippansainyu.csv,17794
rd_2026_general_revenue_14_02_02_37_16_5105100000,rs_2026_general_revenue_14_02_02_37,2026_general_revenue_14_02_02,2026,general,一般会計,14,都支出金,02,都補助金,02,民生費補助金,37,地域生活支援事業費,16,声の広報（区議会だより）,区議会事務局,都支出金,specific,311,382,71,false,1,ippansainyu.csv,18923
rd_2026_general_revenue_14_02_02_37_18_3655200000,rs_2026_general_revenue_14_02_02_37,2026_general_revenue_14_02_02,2026,general,一般会計,14,都支出金,02,都補助金,02,民生費補助金,37,地域生活支援事業費,18,日中一時支援（短期入所）,障害福祉部 障害地域生活課,都支出金,specific,749,1862,1113,false,1,ippansainyu.csv,17847
rd_2026_general_revenue_14_02_02_37_21_3655100000,rs_2026_general_revenue_14_02_02_37,2026_general_revenue_14_02_02,2026,general,一般会計,14,都支出金,02,都補助金,02,民生費補助金,37,地域生活支援事業費,21,点字・声の広報等発行事業,障害福祉部 障害施策課,都支出金,specific,0,610,610,false,1,ippansainyu.csv,17795
rd_2026_general_revenue_14_02_02_37_26_3655200000,rs_2026_general_revenue_14_02_02_37,2026_general_revenue_14_02_02,2026,general,一般会計,14,都支出金,02,都補助金,02,民生費補助金,37,地域生活支援事業費,26,居宅の確保,障害福祉部 障害地域生活課,都支出金,specific,862,977,115,false,1,ippansainyu.csv,17848
rd_2026_general_revenue_14_02_02_37_27_3655200000,rs_2026_general_revenue_14_02_02_37,2026_general_revenue_14_02_02,2026,general,一般会計,14,都支出金,02,都補助金,02,民生費補助金,37,地域生活支援事業費,27,地域生活体験事業,障害福祉部 障害地域生活課,都支出金,specific,862,1175,313,false,1,ippansainyu.csv,17849
rd_2026_general_revenue_14_02_02_37_32_3655100000,rs_2026_general_revenue_14_02_02_37,2026_general_revenue_14_02_02,2026,general,一般会計,14,都支出金,02,都補助金,02,民生費補助金,37,地域生活支援事業費,32,移動支援,障害福祉部 障害施策課,都支出金,specific,91352,107067,15715,false,1,ippansainyu.csv,17796
rd_2026_general_revenue_14_02_02_37_33_3655100000,rs_2026_general_revenue_14_02_02_37,2026_general_revenue_14_02_02,2026,general,一般会計,14,都支出金,02,都補助金,02,民生費補助金,37,地域生活支援事業費,33,福祉ホーム,障害福祉部 障害施策課,都支出金,specific,495,565,70,false,1,ippansainyu.csv,17797
rd_2026_general_revenue_14_02_02_37_39_3655100000,rs_2026_general_revenue_14_02_02_37,2026_general_revenue_14_02_02,2026,general,一般会計,14,都支出金,02,都補助金,02,民生費補助金,37,地域生活支援事業費,39,理解促進研修・啓発事業（障害理解促進事業）,障害福祉部 障害施策課,都支出金,specific,396,427,31,false,1,ippansainyu.csv,17798
rd_2026_general_revenue_14_02_02_37_40_3655200000,rs_2026_general_revenue_14_02_02_37,2026_general_revenue_14_02_02,2026,general,一般会計,14,都支出金,02,都補助金,02,民生費補助金,37,地域生活支援事業費,40,理解促進研修・啓発事業（カタログリーフレット作成）,障害福祉部 障害地域生活課,都支出金,specific,99,15,-84,false,1,ippansainyu.csv,17850
rd_2026_general_revenue_14_02_02_37_47_3655100000,rs_2026_general_revenue_14_02_02_37,2026_general_revenue_14_02_02,2026,general,一般会計,14,都支出金,02,都補助金,02,民生費補助金,37,地域生活支援事業費,47,失語症者向け意思疎通支援者派遣事業,障害福祉部 障害施策課,都支出金,specific,0,400,400,false,1,ippansainyu.csv,17799
rd_2026_general_revenue_14_02_02_37_48_3655100000,rs_2026_general_revenue_14_02_02_37,2026_general_revenue_14_02_02,2026,general,一般会計,14,都支出金,02,都補助金,02,民生費補助金,37,地域生活支援事業費,48,コーディネート事業,障害福祉部 障害施策課,都支出金,specific,3020,4909,1889,false,1,ippansainyu.csv,17800
rd_2026_general_revenue_14_02_02_37_49_3655100000,rs_2026_general_revenue_14_02_02_37,2026_general_revenue_14_02_02,2026,general,一般会計,14,都支出金,02,都補助金,02,民生費補助金,37,地域生活支援事業費,49,理解促進研修・啓発事業（障害理解促進事業）,障害福祉部 障害施策課,都支出金,specific,901,229,-672,false,1,ippansainyu.csv,17801
rd_2026_general_revenue_14_02_02_37_52_3065600000,rs_2026_general_revenue_14_02_02_37,2026_general_revenue_14_02_02,2026,general,一般会計,14,都支出金,02,都補助金,02,民生費補助金,37,地域生活支援事業費,52,点字・声の広報（区政ＰＲ）,政策経営部 広報広聴課,都支出金,specific,0,61,61,false,1,ippansainyu.csv,16919
rd_2026_general_revenue_14_02_02_38_01_3665500000,rs_2026_general_revenue_14_02_02_38,2026_general_revenue_14_02_02,2026,general,一般会計,14,都支出金,02,都補助金,02,民生費補助金,38,利用者支援体制強化事業,01,利用者支援体制強化事業,子ども・若者部 子ども家庭課,都支出金,specific,7962,10382,2420,false,1,ippansainyu.csv,18089
rd_2026_general_revenue_14_02_02_40_07_3785250000,rs_2026_general_revenue_14_02_02_40,2026_general_revenue_14_02_02,2026,general,一般会計,14,都支出金,02,都補助金,02,民生費補助金,40,保健医療政策区市町村包括補助事業費,07,小児のための予防接種支援事業,世田谷保健所 感染症対策課,都支出金,specific,2839,2563,-276,false,1,ippansainyu.csv,18490
rd_2026_general_revenue_14_02_02_40_08_3595150000,rs_2026_general_revenue_14_02_02_40,2026_general_revenue_14_02_02,2026,general,一般会計,14,都支出金,02,都補助金,02,民生費補助金,40,保健医療政策区市町村包括補助事業費,08,小児救急普及啓発事業,保健福祉政策部 保福推進課,都支出金,specific,270,417,147,false,1,ippansainyu.csv,17260
rd_2026_general_revenue_14_02_02_40_13_3785100000,rs_2026_general_revenue_14_02_02_40,2026_general_revenue_14_02_02,2026,general,一般会計,14,都支出金,02,都補助金,02,民生費補助金,40,保健医療政策区市町村包括補助事業費,13,がん予防対策事業,世田谷保健所 健康企画課,都支出金,specific,501,499,-2,false,1,ippansainyu.csv,18397
rd_2026_general_revenue_14_02_02_40_18_3785100000,rs_2026_general_revenue_14_02_02_40,2026_general_revenue_14_02_02,2026,general,一般会計,14,都支出金,02,都補助金,02,民生費補助金,40,保健医療政策区市町村包括補助事業費,18,糖尿病予防対策事業,世田谷保健所 健康企画課,都支出金,specific,251,255,4,false,1,ippansainyu.csv,18398
rd_2026_general_revenue_14_02_02_40_22_3785700000,rs_2026_general_revenue_14_02_02_40,2026_general_revenue_14_02_02,2026,general,一般会計,14,都支出金,02,都補助金,02,民生費補助金,40,保健医療政策区市町村包括補助事業費,22,飼い主のいない猫対策,世田谷保健所 生活保健課,都支出金,specific,3355,4787,1432,false,1,ippansainyu.csv,18517
rd_2026_general_revenue_14_02_02_40_32_3785100000,rs_2026_general_revenue_14_02_02_40,2026_general_revenue_14_02_02,2026,general,一般会計,14,都支出金,02,都補助金,02,民生費補助金,40,保健医療政策区市町村包括補助事業費,32,熱中症対策に関する普及啓発等事業,世田谷保健所 健康企画課,都支出金,specific,318,294,-24,false,1,ippansainyu.csv,18399
rd_2026_general_revenue_14_02_02_40_33_3785100000,rs_2026_general_revenue_14_02_02_40,2026_general_revenue_14_02_02,2026,general,一般会計,14,都支出金,02,都補助金,02,民生費補助金,40,保健医療政策区市町村包括補助事業費,33,新型インフルエンザ初動対応事業,世田谷保健所 健康企画課,都支出金,specific,4735,3938,-797,false,1,ippansainyu.csv,18400
rd_2026_general_revenue_14_02_02_40_35_3785100000,rs_2026_general_revenue_14_02_02_40,2026_general_revenue_14_02_02,2026,general,一般会計,14,都支出金,02,都補助金,02,民生費補助金,40,保健医療政策区市町村包括補助事業費,35,がん予防対策推進計画策定支援事業,世田谷保健所 健康企画課,都支出金,specific,708,0,-708,true,0,ippansainyu.csv,18401
rd_2026_general_revenue_14_02_02_40_36_3785100000,rs_2026_general_revenue_14_02_02_40,2026_general_revenue_14_02_02,2026,general,一般会計,14,都支出金,02,都補助金,02,民生費補助金,40,保健医療政策区市町村包括補助事業費,36,がん検診精度管理事業,世田谷保健所 健康企画課,都支出金,specific,772,772,0,false,1,ippansainyu.csv,18402
rd_2026_general_revenue_14_02_02_40_37_3785100000,rs_2026_general_revenue_14_02_02_40,2026_general_revenue_14_02_02,2026,general,一般会計,14,都支出金,02,都補助金,02,民生費補助金,40,保健医療政策区市町村包括補助事業費,37,がん予防普及啓発,世田谷保健所 健康企画課,都支出金,specific,253,285,32,false,1,ippansainyu.csv,18403
rd_2026_general_revenue_14_02_02_40_40_3785200000,rs_2026_general_revenue_14_02_02_40,2026_general_revenue_14_02_02,2026,general,一般会計,14,都支出金,02,都補助金,02,民生費補助金,40,保健医療政策区市町村包括補助事業費,40,自殺対策事業,世田谷保健所 健康推進課,都支出金,specific,602,525,-77,false,1,ippansainyu.csv,18443
rd_2026_general_revenue_14_02_02_40_45_3785100000,rs_2026_general_revenue_14_02_02_40,2026_general_revenue_14_02_02,2026,general,一般会計,14,都支出金,02,都補助金,02,民生費補助金,40,保健医療政策区市町村包括補助事業費,45,薬物乱用防止啓発促進事業,世田谷保健所 健康企画課,都支出金,specific,559,546,-13,false,1,ippansainyu.csv,18404
rd_2026_general_revenue_14_02_02_40_47_3785100000,rs_2026_general_revenue_14_02_02_40,2026_general_revenue_14_02_02,2026,general,一般会計,14,都支出金,02,都補助金,02,民生費補助金,40,保健医療政策区市町村包括補助事業費,47,ウォーキングマップ作成・活用事業,世田谷保健所 健康企画課,都支出金,specific,370,409,39,false,1,ippansainyu.csv,18405
rd_2026_general_revenue_14_02_02_40_48_3785700000,rs_2026_general_revenue_14_02_02_40,2026_general_revenue_14_02_02,2026,general,一般会計,14,都支出金,02,都補助金,02,民生費補助金,40,保健医療政策区市町村包括補助事業費,48,地域環境改善対策事業,世田谷保健所 生活保健課,都支出金,specific,1579,1521,-58,false,1,ippansainyu.csv,18518
rd_2026_general_revenue_14_02_02_40_49_3785700000,rs_2026_general_revenue_14_02_02_40,2026_general_revenue_14_02_02,2026,general,一般会計,14,都支出金,02,都補助金,02,民生費補助金,40,保健医療政策区市町村包括補助事業費,49,アレルギー疾患普及啓発,世田谷保健所 生活保健課,都支出金,specific,756,813,57,false,1,ippansainyu.csv,18519
rd_2026_general_revenue_14_02_02_40_51_3785700000,rs_2026_general_revenue_14_02_02_40,2026_general_revenue_14_02_02,2026,general,一般会計,14,都支出金,02,都補助金,02,民生費補助金,40,保健医療政策区市町村包括補助事業費,51,地域における動物愛護の推進,世田谷保健所 生活保健課,都支出金,specific,582,688,106,false,1,ippansainyu.csv,18520
rd_2026_general_revenue_14_02_02_40_52_3655300000,rs_2026_general_revenue_14_02_02_40,2026_general_revenue_14_02_02,2026,general,一般会計,14,都支出金,02,都補助金,02,民生費補助金,40,保健医療政策区市町村包括補助事業費,52,医療連携推進協議会,障害福祉部 障害保健福祉課,都支出金,specific,2288,2367,79,false,1,ippansainyu.csv,17912
rd_2026_general_revenue_14_02_02_40_53_3785200000,rs_2026_general_revenue_14_02_02_40,2026_general_revenue_14_02_02,2026,general,一般会計,14,都支出金,02,都補助金,02,民生費補助金,40,保健医療政策区市町村包括補助事業費,53,地域に根ざした食環境整備事業,世田谷保健所 健康推進課,都支出金,specific,1418,1047,-371,false,1,ippansainyu.csv,18444
rd_2026_general_revenue_14_02_02_40_58_3785700000,rs_2026_general_revenue_14_02_02_40,2026_general_revenue_14_02_02,2026,general,一般会計,14,都支出金,02,都補助金,02,民生費補助金,40,保健医療政策区市町村包括補助事業費,58,ＨＡＣＣＰ衛生管理の導入・定着を推進する事業,世田谷保健所 生活保健課,都支出金,specific,0,53,53,false,1,ippansainyu.csv,18521
rd_2026_general_revenue_14_02_02_40_59_3785700000,rs_2026_general_revenue_14_02_02_40,2026_general_revenue_14_02_02,2026,general,一般会計,14,都支出金,02,都補助金,02,民生費補助金,40,保健医療政策区市町村包括補助事業費,59,地域における動物の相談支援体制整備事業,世田谷保健所 生活保健課,都支出金,specific,1639,2364,725,false,1,ippansainyu.csv,18522
rd_2026_general_revenue_14_02_02_40_60_3785250000,rs_2026_general_revenue_14_02_02_40,2026_general_revenue_14_02_02,2026,general,一般会計,14,都支出金,02,都補助金,02,民生費補助金,40,保健医療政策区市町村包括補助事業費,60,骨髄移植ドナー支援事業,世田谷保健所 感染症対策課,都支出金,specific,490,840,350,false,1,ippansainyu.csv,18491
rd_2026_general_revenue_14_02_02_40_61_3785250000,rs_2026_general_revenue_14_02_02_40,2026_general_revenue_14_02_02,2026,general,一般会計,14,都支出金,02,都補助金,02,民生費補助金,40,保健医療政策区市町村包括補助事業費,61,医療行為による予防接種の免疫消失に対する再接種費助成事業,世田谷保健所 感染症対策課,都支出金,specific,250,250,0,false,1,ippansainyu.csv,18492
rd_2026_general_revenue_14_02_02_40_62_3785200000,rs_2026_general_revenue_14_02_02_40,2026_general_revenue_14_02_02,2026,general,一般会計,14,都支出金,02,都補助金,02,民生費補助金,40,保健医療政策区市町村包括補助事業費,62,思春期から更年期までの母性保健向上事業,世田谷保健所 健康推進課,都支出金,specific,1250,1250,0,false,1,ippansainyu.csv,18445
rd_2026_general_revenue_14_02_02_40_63_3785100000,rs_2026_general_revenue_14_02_02_40,2026_general_revenue_14_02_02,2026,general,一般会計,14,都支出金,02,都補助金,02,民生費補助金,40,保健医療政策区市町村包括補助事業費,63,受動喫煙防止対策に係る実効性の担保に資する事業,世田谷保健所 健康企画課,都支出金,specific,4954,5350,396,false,1,ippansainyu.csv,18406
rd_2026_general_revenue_14_02_02_40_64_3465200000,rs_2026_general_revenue_14_02_02_40,2026_general_revenue_14_02_02,2026,general,一般会計,14,都支出金,02,都補助金,02,民生費補助金,40,保健医療政策区市町村包括補助事業費,64,受動喫煙防止対策の強化に伴う喫煙環境の整備事業,環境政策部 環境保全課,都支出金,specific,5000,5000,0,false,1,ippansainyu.csv,17156
rd_2026_general_revenue_14_02_02_40_67_3785100000,rs_2026_general_revenue_14_02_02_40,2026_general_revenue_14_02_02,2026,general,一般会計,14,都支出金,02,都補助金,02,民生費補助金,40,保健医療政策区市町村包括補助事業費,67,がん患者へのアピアランスケア支援事業,世田谷保健所 健康企画課,都支出金,specific,26856,39600,12744,false,1,ippansainyu.csv,18407
rd_2026_general_revenue_14_02_02_40_68_3785250000,rs_2026_general_revenue_14_02_02_40,2026_general_revenue_14_02_02,2026,general,一般会計,14,都支出金,02,都補助金,02,民生費補助金,40,保健医療政策区市町村包括補助事業費,68,予防接種促進事業（風しん予防緊急対策）,世田谷保健所 感染症対策課,都支出金,specific,3649,3391,-258,false,1,ippansainyu.csv,18493
rd_2026_general_revenue_14_02_02_40_69_3785100000,rs_2026_general_revenue_14_02_02_40,2026_general_revenue_14_02_02,2026,general,一般会計,14,都支出金,02,都補助金,02,民生費補助金,40,保健医療政策区市町村包括補助事業費,69,災害医療計画策定支援事業,世田谷保健所 健康企画課,都支出金,specific,0,777,777,false,1,ippansainyu.csv,18408
rd_2026_general_revenue_14_02_02_40_70_3785200000,rs_2026_general_revenue_14_02_02_40,2026_general_revenue_14_02_02,2026,general,一般会計,14,都支出金,02,都補助金,02,民生費補助金,40,保健医療政策区市町村包括補助事業費,70,思春期から更年期までの母性保健向上事業,世田谷保健所 健康推進課,都支出金,specific,1250,1250,0,false,1,ippansainyu.csv,18446
rd_2026_general_revenue_14_02_02_40_71_3595150000,rs_2026_general_revenue_14_02_02_40,2026_general_revenue_14_02_02,2026,general,一般会計,14,都支出金,02,都補助金,02,民生費補助金,40,保健医療政策区市町村包括補助事業費,71,小児初期救急平日夜間診療事業,保健福祉政策部 保福推進課,都支出金,specific,4410,5560,1150,false,1,ippansainyu.csv,17261
rd_2026_general_revenue_14_02_02_40_72_3785250000,rs_2026_general_revenue_14_02_02_40,2026_general_revenue_14_02_02,2026,general,一般会計,14,都支出金,02,都補助金,02,民生費補助金,40,保健医療政策区市町村包括補助事業費,72,おたふくかぜ予防接種事業,世田谷保健所 感染症対策課,都支出金,specific,22201,19229,-2972,false,1,ippansainyu.csv,18494
rd_2026_general_revenue_14_02_02_40_73_3785100000,rs_2026_general_revenue_14_02_02_40,2026_general_revenue_14_02_02,2026,general,一般会計,14,都支出金,02,都補助金,02,民生費補助金,40,保健医療政策区市町村包括補助事業費,73,若年がん患者在宅療養支援事業,世田谷保健所 健康企画課,都支出金,specific,435,400,-35,false,1,ippansainyu.csv,18409
rd_2026_general_revenue_14_02_02_40_74_3785200000,rs_2026_general_revenue_14_02_02_40,2026_general_revenue_14_02_02,2026,general,一般会計,14,都支出金,02,都補助金,02,民生費補助金,40,保健医療政策区市町村包括補助事業費,74,歯科健康診査受診促進事業,世田谷保健所 健康推進課,都支出金,specific,1486,1498,12,false,1,ippansainyu.csv,18447
rd_2026_general_revenue_14_02_02_40_75_3785100000,rs_2026_general_revenue_14_02_02_40,2026_general_revenue_14_02_02,2026,general,一般会計,14,都支出金,02,都補助金,02,民生費補助金,40,保健医療政策区市町村包括補助事業費,75,歩きたくなる・身体活動量を増やすための環境整備事業,世田谷保健所 健康企画課,都支出金,specific,0,53,53,false,1,ippansainyu.csv,18410
rd_2026_general_revenue_14_02_02_42_06_3645100000,rs_2026_general_revenue_14_02_02_42,2026_general_revenue_14_02_02,2026,general,一般会計,14,都支出金,02,都補助金,02,民生費補助金,42,高齢者施策推進区市町村包括補助事業,06,高齢者虐待防止対策事業,高齢福祉部 高齢福祉課,都支出金,specific,182,228,46,false,1,ippansainyu.csv,17489
rd_2026_general_revenue_14_02_02_42_08_3815450000,rs_2026_general_revenue_14_02_02_42,2026_general_revenue_14_02_02,2026,general,一般会計,14,都支出金,02,都補助金,02,民生費補助金,42,高齢者施策推進区市町村包括補助事業,08,シルバーピア推進事業,都市整備政策部 住宅課,都支出金,specific,7158,4290,-2868,false,1,ippansainyu.csv,18553
rd_2026_general_revenue_14_02_02_42_09_3645100000,rs_2026_general_revenue_14_02_02_42,2026_general_revenue_14_02_02,2026,general,一般会計,14,都支出金,02,都補助金,02,民生費補助金,42,高齢者施策推進区市町村包括補助事業,09,高齢者住宅改修費助成,高齢福祉部 高齢福祉課,都支出金,specific,4885,3132,-1753,false,1,ippansainyu.csv,17490
rd_2026_general_revenue_14_02_02_42_11_3645100000,rs_2026_general_revenue_14_02_02_42,2026_general_revenue_14_02_02,2026,general,一般会計,14,都支出金,02,都補助金,02,民生費補助金,42,高齢者施策推進区市町村包括補助事業,11,支えあいミニデイ推進事業,高齢福祉部 高齢福祉課,都支出金,specific,2740,2279,-461,false,1,ippansainyu.csv,17491
rd_2026_general_revenue_14_02_02_42_18_3645100000,rs_2026_general_revenue_14_02_02_42,2026_general_revenue_14_02_02,2026,general,一般会計,14,都支出金,02,都補助金,02,民生費補助金,42,高齢者施策推進区市町村包括補助事業,18,ひとりぐらし高齢者等会食サービス,高齢福祉部 高齢福祉課,都支出金,specific,1750,1546,-204,false,1,ippansainyu.csv,17492
rd_2026_general_revenue_14_02_02_42_19_3645100000,rs_2026_general_revenue_14_02_02_42,2026_general_revenue_14_02_02,2026,general,一般会計,14,都支出金,02,都補助金,02,民生費補助金,42,高齢者施策推進区市町村包括補助事業,19,高齢者食事サービスサポートセンター運営支援,高齢福祉部 高齢福祉課,都支出金,specific,1642,1767,125,false,1,ippansainyu.csv,17493
rd_2026_general_revenue_14_02_02_42_20_3645100000,rs_2026_general_revenue_14_02_02_42,2026_general_revenue_14_02_02,2026,general,一般会計,14,都支出金,02,都補助金,02,民生費補助金,42,高齢者施策推進区市町村包括補助事業,20,ひとりぐらし高齢者等状況把握,高齢福祉部 高齢福祉課,都支出金,specific,1253,1242,-11,false,1,ippansainyu.csv,17494
rd_2026_general_revenue_14_02_02_42_21_3645100000,rs_2026_general_revenue_14_02_02_42,2026_general_revenue_14_02_02,2026,general,一般会計,14,都支出金,02,都補助金,02,民生費補助金,42,高齢者施策推進区市町村包括補助事業,21,はり・灸・マッサージサービス,高齢福祉部 高齢福祉課,都支出金,specific,12173,13438,1265,false,1,ippansainyu.csv,17495
rd_2026_general_revenue_14_02_02_42_24_3645100000,rs_2026_general_revenue_14_02_02_42,2026_general_revenue_14_02_02,2026,general,一般会計,14,都支出金,02,都補助金,02,民生費補助金,42,高齢者施策推進区市町村包括補助事業,24,高齢者介護サービスネットワーク運営の支援,高齢福祉部 高齢福祉課,都支出金,specific,4336,4608,272,false,1,ippansainyu.csv,17496
rd_2026_general_revenue_14_02_02_42_25_3645100000,rs_2026_general_revenue_14_02_02_42,2026_general_revenue_14_02_02,2026,general,一般会計,14,都支出金,02,都補助金,02,民生費補助金,42,高齢者施策推進区市町村包括補助事業,25,高齢者緊急通報システム事業,高齢福祉部 高齢福祉課,都支出金,specific,5705,5886,181,false,1,ippansainyu.csv,17497
rd_2026_general_revenue_14_02_02_42_26_3645100000,rs_2026_general_revenue_14_02_02_42,2026_general_revenue_14_02_02,2026,general,一般会計,14,都支出金,02,都補助金,02,民生費補助金,42,高齢者施策推進区市町村包括補助事業,26,高齢者火災安全システム事業,高齢福祉部 高齢福祉課,都支出金,specific,12,0,-12,true,0,ippansainyu.csv,17498
rd_2026_general_revenue_14_02_02_42_29_3825100000,rs_2026_general_revenue_14_02_02_42,2026_general_revenue_14_02_02,2026,general,一般会計,14,都支出金,02,都補助金,02,民生費補助金,42,高齢者施策推進区市町村包括補助事業,29,建築物耐震診断・補強工事,防災街づくり担当部 防災街づくり課,都支出金,specific,2500,2500,0,false,1,ippansainyu.csv,18588
rd_2026_general_revenue_14_02_02_42_41_3645100000,rs_2026_general_revenue_14_02_02_42,2026_general_revenue_14_02_02,2026,general,一般会計,14,都支出金,02,都補助金,02,民生費補助金,42,高齢者施策推進区市町村包括補助事業,41,地区見守りネットワーク事業,高齢福祉部 高齢福祉課,都支出金,specific,2406,2384,-22,false,1,ippansainyu.csv,17499
rd_2026_general_revenue_14_02_02_42_43_3645100000,rs_2026_general_revenue_14_02_02_42,2026_general_revenue_14_02_02,2026,general,一般会計,14,都支出金,02,都補助金,02,民生費補助金,42,高齢者施策推進区市町村包括補助事業,43,民生委員ふれあい訪問,高齢福祉部 高齢福祉課,都支出金,specific,5150,3762,-1388,false,1,ippansainyu.csv,17500
rd_2026_general_revenue_14_02_02_42_44_3405350000,rs_2026_general_revenue_14_02_02_42,2026_general_revenue_14_02_02,2026,general,一般会計,14,都支出金,02,都補助金,02,民生費補助金,42,高齢者施策推進区市町村包括補助事業,44,シルバー工芸教室,生活文化政策部 市民活動推進課,都支出金,specific,772,795,23,false,1,ippansainyu.csv,17017
rd_2026_general_revenue_14_02_02_42_45_3405350000,rs_2026_general_revenue_14_02_02_42,2026_general_revenue_14_02_02,2026,general,一般会計,14,都支出金,02,都補助金,02,民生費補助金,42,高齢者施策推進区市町村包括補助事業,45,土と農の交流園,生活文化政策部 市民活動推進課,都支出金,specific,3107,3669,562,false,1,ippansainyu.csv,17018
rd_2026_general_revenue_14_02_02_42_47_3405350000,rs_2026_general_revenue_14_02_02_42,2026_general_revenue_14_02_02,2026,general,一般会計,14,都支出金,02,都補助金,02,民生費補助金,42,高齢者施策推進区市町村包括補助事業,47,陶芸教室,生活文化政策部 市民活動推進課,都支出金,specific,988,1054,66,false,1,ippansainyu.csv,17019
rd_2026_general_revenue_14_02_02_42_49_3405350000,rs_2026_general_revenue_14_02_02_42,2026_general_revenue_14_02_02,2026,general,一般会計,14,都支出金,02,都補助金,02,民生費補助金,42,高齢者施策推進区市町村包括補助事業,49,生涯大学,生活文化政策部 市民活動推進課,都支出金,specific,7848,7187,-661,false,1,ippansainyu.csv,17020
rd_2026_general_revenue_14_02_02_42_50_3405350000,rs_2026_general_revenue_14_02_02_42,2026_general_revenue_14_02_02,2026,general,一般会計,14,都支出金,02,都補助金,02,民生費補助金,42,高齢者施策推進区市町村包括補助事業,50,福祉電話訪問,生活文化政策部 市民活動推進課,都支出金,specific,698,574,-124,false,1,ippansainyu.csv,17021
rd_2026_general_revenue_14_02_02_42_53_3405350000,rs_2026_general_revenue_14_02_02_42,2026_general_revenue_14_02_02,2026,general,一般会計,14,都支出金,02,都補助金,02,民生費補助金,42,高齢者施策推進区市町村包括補助事業,53,高齢者なんでも相談,生活文化政策部 市民活動推進課,都支出金,specific,162,157,-5,false,1,ippansainyu.csv,17022
rd_2026_general_revenue_14_02_02_42_54_3405350000,rs_2026_general_revenue_14_02_02_42,2026_general_revenue_14_02_02,2026,general,一般会計,14,都支出金,02,都補助金,02,民生費補助金,42,高齢者施策推進区市町村包括補助事業,54,高齢者講習会,生活文化政策部 市民活動推進課,都支出金,specific,225,280,55,false,1,ippansainyu.csv,17023
rd_2026_general_revenue_14_02_02_42_59_3645100000,rs_2026_general_revenue_14_02_02_42,2026_general_revenue_14_02_02,2026,general,一般会計,14,都支出金,02,都補助金,02,民生費補助金,42,高齢者施策推進区市町村包括補助事業,59,主任介護支援専門員活用事業（ケアプラン点検）,高齢福祉部 高齢福祉課,都支出金,specific,0,0,0,true,0,ippansainyu.csv,17501
rd_2026_general_revenue_14_02_02_42_60_3645100000,rs_2026_general_revenue_14_02_02_42,2026_general_revenue_14_02_02,2026,general,一般会計,14,都支出金,02,都補助金,02,民生費補助金,42,高齢者施策推進区市町村包括補助事業,60,介護職員等宿舎借り上げ支援事業,高齢福祉部 高齢福祉課,都支出金,specific,10000,7631,-2369,false,1,ippansainyu.csv,17502
rd_2026_general_revenue_14_02_02_42_62_3645100000,rs_2026_general_revenue_14_02_02_42,2026_general_revenue_14_02_02,2026,general,一般会計,14,都支出金,02,都補助金,02,民生費補助金,42,高齢者施策推進区市町村包括補助事業,62,介護従事者等永年勤続表彰,高齢福祉部 高齢福祉課,都支出金,specific,129,131,2,false,1,ippansainyu.csv,17503
rd_2026_general_revenue_14_02_02_42_63_3595150000,rs_2026_general_revenue_14_02_02_42,2026_general_revenue_14_02_02,2026,general,一般会計,14,都支出金,02,都補助金,02,民生費補助金,42,高齢者施策推進区市町村包括補助事業,63,福祉人材育成・研修センター運営事業,保健福祉政策部 保福推進課,都支出金,specific,42238,44729,2491,false,1,ippansainyu.csv,17262
rd_2026_general_revenue_14_02_02_42_64_3645100000,rs_2026_general_revenue_14_02_02_42,2026_general_revenue_14_02_02,2026,general,一般会計,14,都支出金,02,都補助金,02,民生費補助金,42,高齢者施策推進区市町村包括補助事業,64,主任介護支援専門員活用事業,高齢福祉部 高齢福祉課,都支出金,specific,68,68,0,false,1,ippansainyu.csv,17504
rd_2026_general_revenue_14_02_02_42_65_3645100000,rs_2026_general_revenue_14_02_02_42,2026_general_revenue_14_02_02,2026,general,一般会計,14,都支出金,02,都補助金,02,民生費補助金,42,高齢者施策推進区市町村包括補助事業,65,「世田谷区特別養護老人ホーム入所指針」に基づく実態調査,高齢福祉部 高齢福祉課,都支出金,specific,222,398,176,false,1,ippansainyu.csv,17505
rd_2026_general_revenue_14_02_02_42_66_3645100000,rs_2026_general_revenue_14_02_02_42,2026_general_revenue_14_02_02,2026,general,一般会計,14,都支出金,02,都補助金,02,民生費補助金,42,高齢者施策推進区市町村包括補助事業,66,高齢者一時保護事業,高齢福祉部 高齢福祉課,都支出金,specific,18783,20137,1354,false,1,ippansainyu.csv,17506
rd_2026_general_revenue_14_02_02_42_67_3405350000,rs_2026_general_revenue_14_02_02_42,2026_general_revenue_14_02_02,2026,general,一般会計,14,都支出金,02,都補助金,02,民生費補助金,42,高齢者施策推進区市町村包括補助事業,67,高齢者の地域参加促進,生活文化政策部 市民活動推進課,都支出金,specific,12266,13783,1517,false,1,ippansainyu.csv,17024
rd_2026_general_revenue_14_02_02_42_73_3785100000,rs_2026_general_revenue_14_02_02_42,2026_general_revenue_14_02_02,2026,general,一般会計,14,都支出金,02,都補助金,02,民生費補助金,42,高齢者施策推進区市町村包括補助事業,73,高齢者の熱中症予防支援事業,世田谷保健所 健康企画課,都支出金,specific,7500,7500,0,false,1,ippansainyu.csv,18411
rd_2026_general_revenue_14_02_02_42_74_3645100000,rs_2026_general_revenue_14_02_02_42,2026_general_revenue_14_02_02,2026,general,一般会計,14,都支出金,02,都補助金,02,民生費補助金,42,高齢者施策推進区市町村包括補助事業,74,高齢者のデジタルデバイド解消に向けたスマートフォン活用支援事,高齢福祉部 高齢福祉課,都支出金,specific,0,0,0,true,0,ippansainyu.csv,17507
rd_2026_general_revenue_14_02_02_42_75_3645100000,rs_2026_general_revenue_14_02_02_42,2026_general_revenue_14_02_02,2026,general,一般会計,14,都支出金,02,都補助金,02,民生費補助金,42,高齢者施策推進区市町村包括補助事業,75,ひとりぐらし高齢者見守り機器補助事業,高齢福祉部 高齢福祉課,都支出金,specific,0,5980,5980,false,1,ippansainyu.csv,17508
rd_2026_general_revenue_14_02_02_42_76_3405350000,rs_2026_general_revenue_14_02_02_42,2026_general_revenue_14_02_02,2026,general,一般会計,14,都支出金,02,都補助金,02,民生費補助金,42,高齢者施策推進区市町村包括補助事業,76,市民大学,生活文化政策部 市民活動推進課,都支出金,specific,0,8783,8783,false,1,ippansainyu.csv,17025
rd_2026_general_revenue_14_02_02_44_03_3655200000,rs_2026_general_revenue_14_02_02_44,2026_general_revenue_14_02_02,2026,general,一般会計,14,都支出金,02,都補助金,02,民生費補助金,44,障害者施策推進区市町村包括補助事業費,03,高齢者・障害者等のための移送システム,障害福祉部 障害地域生活課,都支出金,specific,0,3778,3778,false,1,ippansainyu.csv,17851
rd_2026_general_revenue_14_02_02_44_06_3655100000,rs_2026_general_revenue_14_02_02_44,2026_general_revenue_14_02_02,2026,general,一般会計,14,都支出金,02,都補助金,02,民生費補助金,44,障害者施策推進区市町村包括補助事業費,06,障害者緊急介護人派遣事業,障害福祉部 障害施策課,都支出金,specific,0,66000,66000,false,1,ippansainyu.csv,17802
rd_2026_general_revenue_14_02_02_44_07_3655100000,rs_2026_general_revenue_14_02_02_44,2026_general_revenue_14_02_02,2026,general,一般会計,14,都支出金,02,都補助金,02,民生費補助金,44,障害者施策推進区市町村包括補助事業費,07,障害者配食サービス,障害福祉部 障害施策課,都支出金,specific,0,2122,2122,false,1,ippansainyu.csv,17803
rd_2026_general_revenue_14_02_02_44_10_3645100000,rs_2026_general_revenue_14_02_02_44,2026_general_revenue_14_02_02,2026,general,一般会計,14,都支出金,02,都補助金,02,民生費補助金,44,障害者施策推進区市町村包括補助事業費,10,障害者就労支援,高齢福祉部 高齢福祉課,都支出金,specific,0,8026,8026,false,1,ippansainyu.csv,17509
rd_2026_general_revenue_14_02_02_44_11_3655200000,rs_2026_general_revenue_14_02_02_44,2026_general_revenue_14_02_02,2026,general,一般会計,14,都支出金,02,都補助金,02,民生費補助金,44,障害者施策推進区市町村包括補助事業費,11,精神障害者社会復帰支援事業,障害福祉部 障害地域生活課,都支出金,specific,3244,3244,0,false,1,ippansainyu.csv,17852
rd_2026_general_revenue_14_02_02_44_12_3655200000,rs_2026_general_revenue_14_02_02_44,2026_general_revenue_14_02_02,2026,general,一般会計,14,都支出金,02,都補助金,02,民生費補助金,44,障害者施策推進区市町村包括補助事業費,12,リフト付乗用自動車運行助成事業,障害福祉部 障害地域生活課,都支出金,specific,2137,1763,-374,false,1,ippansainyu.csv,17853
rd_2026_general_revenue_14_02_02_44_15_3655200000,rs_2026_general_revenue_14_02_02_44,2026_general_revenue_14_02_02,2026,general,一般会計,14,都支出金,02,都補助金,02,民生費補助金,44,障害者施策推進区市町村包括補助事業費,15,授産体験実習事業,障害福祉部 障害地域生活課,都支出金,specific,0,3060,3060,false,1,ippansainyu.csv,17854
rd_2026_general_revenue_14_02_02_44_16_3655100000,rs_2026_general_revenue_14_02_02_44,2026_general_revenue_14_02_02,2026,general,一般会計,14,都支出金,02,都補助金,02,民生費補助金,44,障害者施策推進区市町村包括補助事業費,16,重度身体障害者（児）住宅改善費給付事業,障害福祉部 障害施策課,都支出金,specific,665,665,0,false,1,ippansainyu.csv,17804
rd_2026_general_revenue_14_02_02_44_17_3655100000,rs_2026_general_revenue_14_02_02_44,2026_general_revenue_14_02_02,2026,general,一般会計,14,都支出金,02,都補助金,02,民生費補助金,44,障害者施策推進区市町村包括補助事業費,17,重度身体障害者等緊急通報システム事業,障害福祉部 障害施策課,都支出金,specific,484,594,110,false,1,ippansainyu.csv,17805
rd_2026_general_revenue_14_02_02_44_23_3655200000,rs_2026_general_revenue_14_02_02_44,2026_general_revenue_14_02_02,2026,general,一般会計,14,都支出金,02,都補助金,02,民生費補助金,44,障害者施策推進区市町村包括補助事業費,23,身体障害者自立支援体験ホーム運営事業,障害福祉部 障害地域生活課,都支出金,specific,0,21605,21605,false,1,ippansainyu.csv,17855
rd_2026_general_revenue_14_02_02_44_26_3655200000,rs_2026_general_revenue_14_02_02_44,2026_general_revenue_14_02_02,2026,general,一般会計,14,都支出金,02,都補助金,02,民生費補助金,44,障害者施策推進区市町村包括補助事業費,26,地域活動支援センター機能充実事業,障害福祉部 障害地域生活課,都支出金,specific,2410,2410,0,false,1,ippansainyu.csv,17856
rd_2026_general_revenue_14_02_02_44_44_3655300000,rs_2026_general_revenue_14_02_02_44,2026_general_revenue_14_02_02,2026,general,一般会計,14,都支出金,02,都補助金,02,民生費補助金,44,障害者施策推進区市町村包括補助事業費,44,発達障害相談・療育センター運営事業,障害福祉部 障害保健福祉課,都支出金,specific,11614,11614,0,false,1,ippansainyu.csv,17913
rd_2026_general_revenue_14_02_02_44_47_3655200000,rs_2026_general_revenue_14_02_02_44,2026_general_revenue_14_02_02,2026,general,一般会計,14,都支出金,02,都補助金,02,民生費補助金,44,障害者施策推進区市町村包括補助事業費,47,障害者就労支援事業,障害福祉部 障害地域生活課,都支出金,specific,1513,1513,0,false,1,ippansainyu.csv,17857
rd_2026_general_revenue_14_02_02_44_49_3655300000,rs_2026_general_revenue_14_02_02_44,2026_general_revenue_14_02_02,2026,general,一般会計,14,都支出金,02,都補助金,02,民生費補助金,44,障害者施策推進区市町村包括補助事業費,49,地域自立生活エンパワメント事業,障害福祉部 障害保健福祉課,都支出金,specific,4000,1293,-2707,false,1,ippansainyu.csv,17914
rd_2026_general_revenue_14_02_02_44_53_3655300000,rs_2026_general_revenue_14_02_02_44,2026_general_revenue_14_02_02,2026,general,一般会計,14,都支出金,02,都補助金,02,民生費補助金,44,障害者施策推進区市町村包括補助事業費,53,児童発達支援センター運営事業,障害福祉部 障害保健福祉課,都支出金,specific,11719,10724,-995,false,1,ippansainyu.csv,17915
rd_2026_general_revenue_14_02_02_44_54_3655100000,rs_2026_general_revenue_14_02_02_44,2026_general_revenue_14_02_02,2026,general,一般会計,14,都支出金,02,都補助金,02,民生費補助金,44,障害者施策推進区市町村包括補助事業費,54,移動支援事業,障害福祉部 障害施策課,都支出金,specific,13949,14412,463,false,1,ippansainyu.csv,17806
rd_2026_general_revenue_14_02_02_44_55_3655100000,rs_2026_general_revenue_14_02_02_44,2026_general_revenue_14_02_02,2026,general,一般会計,14,都支出金,02,都補助金,02,民生費補助金,44,障害者施策推進区市町村包括補助事業費,55,障害者（児）短期入所事業（都加算）,障害福祉部 障害施策課,都支出金,specific,44899,48808,3909,false,1,ippansainyu.csv,17807
rd_2026_general_revenue_14_02_02_44_56_3655300000,rs_2026_general_revenue_14_02_02_44,2026_general_revenue_14_02_02,2026,general,一般会計,14,都支出金,02,都補助金,02,民生費補助金,44,障害者施策推進区市町村包括補助事業費,56,重症心身障害児（者）通園施設運営事業,障害福祉部 障害保健福祉課,都支出金,specific,96279,117338,21059,false,1,ippansainyu.csv,17916
rd_2026_general_revenue_14_02_02_44_58_3655300000,rs_2026_general_revenue_14_02_02_44,2026_general_revenue_14_02_02,2026,general,一般会計,14,都支出金,02,都補助金,02,民生費補助金,44,障害者施策推進区市町村包括補助事業費,58,ピアサポート支援プログラム,障害福祉部 障害保健福祉課,都支出金,specific,7548,7548,0,false,1,ippansainyu.csv,17917
rd_2026_general_revenue_14_02_02_44_61_3655200000,rs_2026_general_revenue_14_02_02_44,2026_general_revenue_14_02_02,2026,general,一般会計,14,都支出金,02,都補助金,02,民生費補助金,44,障害者施策推進区市町村包括補助事業費,61,青年・成人期の余暇活動等支援事業（障害者就労促進事業）,障害福祉部 障害地域生活課,都支出金,specific,4437,5070,633,false,1,ippansainyu.csv,17858
rd_2026_general_revenue_14_02_02_44_63_3655100000,rs_2026_general_revenue_14_02_02_44,2026_general_revenue_14_02_02,2026,general,一般会計,14,都支出金,02,都補助金,02,民生費補助金,44,障害者施策推進区市町村包括補助事業費,63,中等度難聴児発達支援事業,障害福祉部 障害施策課,都支出金,specific,1341,2447,1106,false,1,ippansainyu.csv,17808
rd_2026_general_revenue_14_02_02_44_65_3655200000,rs_2026_general_revenue_14_02_02_44,2026_general_revenue_14_02_02,2026,general,一般会計,14,都支出金,02,都補助金,02,民生費補助金,44,障害者施策推進区市町村包括補助事業費,65,作業所等経営ネットワーク支援事業,障害福祉部 障害地域生活課,都支出金,specific,2893,2893,0,false,1,ippansainyu.csv,17859
rd_2026_general_revenue_14_02_02_44_67_3655200000,rs_2026_general_revenue_14_02_02_44,2026_general_revenue_14_02_02,2026,general,一般会計,14,都支出金,02,都補助金,02,民生費補助金,44,障害者施策推進区市町村包括補助事業費,67,区市町村発達障害者支援体制整備推進事業（成人期支援）,障害福祉部 障害地域生活課,都支出金,specific,4064,4064,0,false,1,ippansainyu.csv,17860
rd_2026_general_revenue_14_02_02_44_68_3655100000,rs_2026_general_revenue_14_02_02_44,2026_general_revenue_14_02_02,2026,general,一般会計,14,都支出金,02,都補助金,02,民生費補助金,44,障害者施策推進区市町村包括補助事業費,68,ヘルプマーク活用推進事業,障害福祉部 障害施策課,都支出金,specific,602,500,-102,false,1,ippansainyu.csv,17809
rd_2026_general_revenue_14_02_02_44_69_3655100000,rs_2026_general_revenue_14_02_02_44,2026_general_revenue_14_02_02,2026,general,一般会計,14,都支出金,02,都補助金,02,民生費補助金,44,障害者施策推進区市町村包括補助事業費,69,差別解消支援地域協議会活動促進事業,障害福祉部 障害施策課,都支出金,specific,304,382,78,false,1,ippansainyu.csv,17810
rd_2026_general_revenue_14_02_02_44_70_3655100000,rs_2026_general_revenue_14_02_02_44,2026_general_revenue_14_02_02,2026,general,一般会計,14,都支出金,02,都補助金,02,民生費補助金,44,障害者施策推進区市町村包括補助事業費,70,障害理解・地域共生社会推進事業,障害福祉部 障害施策課,都支出金,specific,2866,10000,7134,false,1,ippansainyu.csv,17811
rd_2026_general_revenue_14_02_02_44_71_3645100000,rs_2026_general_revenue_14_02_02_44,2026_general_revenue_14_02_02,2026,general,一般会計,14,都支出金,02,都補助金,02,民生費補助金,44,障害者施策推進区市町村包括補助事業費,71,障害福祉人材確保対策事業,高齢福祉部 高齢福祉課,都支出金,specific,1819,0,-1819,true,0,ippansainyu.csv,17510
rd_2026_general_revenue_14_02_02_44_72_3655100000,rs_2026_general_revenue_14_02_02_44,2026_general_revenue_14_02_02,2026,general,一般会計,14,都支出金,02,都補助金,02,民生費補助金,44,障害者施策推進区市町村包括補助事業費,72,地域生活支援拠点連携強化支援事業,障害福祉部 障害施策課,都支出金,specific,8165,7265,-900,false,1,ippansainyu.csv,17812
rd_2026_general_revenue_14_02_02_44_73_3655100000,rs_2026_general_revenue_14_02_02_44,2026_general_revenue_14_02_02,2026,general,一般会計,14,都支出金,02,都補助金,02,民生費補助金,44,障害者施策推進区市町村包括補助事業費,73,障害者コミュニケーションサービス,障害福祉部 障害施策課,都支出金,specific,462,249,-213,false,1,ippansainyu.csv,17813
rd_2026_general_revenue_14_02_02_44_74_3655100000,rs_2026_general_revenue_14_02_02_44,2026_general_revenue_14_02_02,2026,general,一般会計,14,都支出金,02,都補助金,02,民生費補助金,44,障害者施策推進区市町村包括補助事業費,74,区市町村障害福祉人材確保対策事業,障害福祉部 障害施策課,都支出金,specific,691,2078,1387,false,1,ippansainyu.csv,17814
rd_2026_general_revenue_14_02_02_44_77_3655200000,rs_2026_general_revenue_14_02_02_44,2026_general_revenue_14_02_02,2026,general,一般会計,14,都支出金,02,都補助金,02,民生費補助金,44,障害者施策推進区市町村包括補助事業費,77,青年・成人期の余暇活動事業（成人障害者夕方居場所支援事業）,障害福祉部 障害地域生活課,都支出金,specific,0,0,0,true,0,ippansainyu.csv,17861
rd_2026_general_revenue_14_02_02_45_01_3665580000,rs_2026_general_revenue_14_02_02_45,2026_general_revenue_14_02_02,2026,general,一般会計,14,都支出金,02,都補助金,02,民生費補助金,45,保育所等におけるＩＣＴ化推進事業,01,私立保育園,子ども・若者部 保育課,都支出金,specific,1000,5000,4000,false,1,ippansainyu.csv,18254
rd_2026_general_revenue_14_02_02_45_05_3665590000,rs_2026_general_revenue_14_02_02_45,2026_general_revenue_14_02_02,2026,general,一般会計,14,都支出金,02,都補助金,02,民生費補助金,45,保育所等におけるＩＣＴ化推進事業,05,移行支援,子ども・若者部 保育認定・調整課,都支出金,specific,500,0,-500,true,0,ippansainyu.csv,18343
rd_2026_general_revenue_14_02_02_50_03_3655100000,rs_2026_general_revenue_14_02_02_50,2026_general_revenue_14_02_02,2026,general,一般会計,14,都支出金,02,都補助金,02,民生費補助金,50,福祉サービス費等,03,区市町村特別支援事業,障害福祉部 障害施策課,都支出金,specific,296755,654982,358227,false,1,ippansainyu.csv,17815
rd_2026_general_revenue_14_02_02_50_04_3655100000,rs_2026_general_revenue_14_02_02_50,2026_general_revenue_14_02_02,2026,general,一般会計,14,都支出金,02,都補助金,02,民生費補助金,50,福祉サービス費等,04,区市町村特別支援事業（重度障害者）,障害福祉部 障害施策課,都支出金,specific,13529,46724,33195,false,1,ippansainyu.csv,17816
rd_2026_general_revenue_14_02_02_54_02_3655200000,rs_2026_general_revenue_14_02_02_54,2026_general_revenue_14_02_02,2026,general,一般会計,14,都支出金,02,都補助金,02,民生費補助金,54,区市町村高次脳機能障害者支援促進事業補助金,02,区市町村高次脳機能障害者支援促進事業補助金,障害福祉部 障害地域生活課,都支出金,specific,3076,3076,0,false,1,ippansainyu.csv,17862
rd_2026_general_revenue_14_02_02_56_38_3695150000,rs_2026_general_revenue_14_02_02_56,2026_general_revenue_14_02_02,2026,general,一般会計,14,都支出金,02,都補助金,02,民生費補助金,56,安心こども基金交付金,38,親子再統合支援事業,児童相談所 児童相談課,都支出金,specific,615,627,12,false,1,ippansainyu.csv,18372
rd_2026_general_revenue_14_02_02_56_39_3665570000,rs_2026_general_revenue_14_02_02_56,2026_general_revenue_14_02_02,2026,general,一般会計,14,都支出金,02,都補助金,02,民生費補助金,56,安心こども基金交付金,39,社会的養護自立支援拠点事業,子ども・若者部 児童相談支援課,都支出金,specific,11093,14923,3830,false,1,ippansainyu.csv,18153
rd_2026_general_revenue_14_02_02_56_40_3665570000,rs_2026_general_revenue_14_02_02_56,2026_general_revenue_14_02_02,2026,general,一般会計,14,都支出金,02,都補助金,02,民生費補助金,56,安心こども基金交付金,40,子供の権利擁護環境整備事業,子ども・若者部 児童相談支援課,都支出金,specific,0,6594,6594,false,1,ippansainyu.csv,18154
rd_2026_general_revenue_14_02_02_57_01_3665580000,rs_2026_general_revenue_14_02_02_57,2026_general_revenue_14_02_02,2026,general,一般会計,14,都支出金,02,都補助金,02,民生費補助金,57,待機児童解消区市町村支援事業,01,私立保育園施設整備,子ども・若者部 保育課,都支出金,specific,153171,919040,765869,false,1,ippansainyu.csv,18255
rd_2026_general_revenue_14_02_02_57_02_3665590000,rs_2026_general_revenue_14_02_02_57,2026_general_revenue_14_02_02,2026,general,一般会計,14,都支出金,02,都補助金,02,民生費補助金,57,待機児童解消区市町村支援事業,02,小規模保育事業等開設準備支援,子ども・若者部 保育認定・調整課,都支出金,specific,32440,0,-32440,true,0,ippansainyu.csv,18344
rd_2026_general_revenue_14_02_02_59_39_3665150000,rs_2026_general_revenue_14_02_02_59,2026_general_revenue_14_02_02,2026,general,一般会計,14,都支出金,02,都補助金,02,民生費補助金,59,子ども家庭支援区市町村包括補助事業,39,夏季合同合宿,子ども・若者部 子ども・若者支援課,都支出金,specific,16,0,-16,true,0,ippansainyu.csv,17964
rd_2026_general_revenue_14_02_02_59_40_3665150000,rs_2026_general_revenue_14_02_02_59,2026_general_revenue_14_02_02,2026,general,一般会計,14,都支出金,02,都補助金,02,民生費補助金,59,子ども家庭支援区市町村包括補助事業,40,野毛青少年交流センター,子ども・若者部 子ども・若者支援課,都支出金,specific,255,273,18,false,1,ippansainyu.csv,17965
rd_2026_general_revenue_14_02_02_59_41_3665150000,rs_2026_general_revenue_14_02_02_59,2026_general_revenue_14_02_02,2026,general,一般会計,14,都支出金,02,都補助金,02,民生費補助金,59,子ども家庭支援区市町村包括補助事業,41,子育て応援アプリ事業,子ども・若者部 子ども・若者支援課,都支出金,specific,0,4,4,false,1,ippansainyu.csv,17966
rd_2026_general_revenue_14_02_02_59_48_3665570000,rs_2026_general_revenue_14_02_02_59,2026_general_revenue_14_02_02,2026,general,一般会計,14,都支出金,02,都補助金,02,民生費補助金,59,子ども家庭支援区市町村包括補助事業,48,若者自立支援事業（孤立予防）,子ども・若者部 児童相談支援課,都支出金,specific,597,0,-597,true,0,ippansainyu.csv,18155
rd_2026_general_revenue_14_02_02_59_49_3665570000,rs_2026_general_revenue_14_02_02_59,2026_general_revenue_14_02_02,2026,general,一般会計,14,都支出金,02,都補助金,02,民生費補助金,59,子ども家庭支援区市町村包括補助事業,49,若者自立支援事業（すまいの提供）,子ども・若者部 児童相談支援課,都支出金,specific,4969,0,-4969,true,0,ippansainyu.csv,18156
rd_2026_general_revenue_14_02_02_59_51_3665150000,rs_2026_general_revenue_14_02_02_59,2026_general_revenue_14_02_02,2026,general,一般会計,14,都支出金,02,都補助金,02,民生費補助金,59,子ども家庭支援区市町村包括補助事業,51,子ども青少年協議会若者参加参画モデル事業,子ども・若者部 子ども・若者支援課,都支出金,specific,3048,2964,-84,false,1,ippansainyu.csv,17967
rd_2026_general_revenue_14_02_02_59_60_3595110000,rs_2026_general_revenue_14_02_02_59,2026_general_revenue_14_02_02,2026,general,一般会計,14,都支出金,02,都補助金,02,民生費補助金,59,子ども家庭支援区市町村包括補助事業,60,認可外保育施設（ベビーホテル等）第三者評価受審費補助事業,保健福祉政策部 保健福祉政策課,都支出金,specific,1144,4576,3432,false,1,ippansainyu.csv,17241
rd_2026_general_revenue_14_02_02_59_62_3665150000,rs_2026_general_revenue_14_02_02_59,2026_general_revenue_14_02_02,2026,general,一般会計,14,都支出金,02,都補助金,02,民生費補助金,59,子ども家庭支援区市町村包括補助事業,62,池之上青少年交流センター,子ども・若者部 子ども・若者支援課,都支出金,specific,379,314,-65,false,1,ippansainyu.csv,17968
rd_2026_general_revenue_14_02_02_59_68_3665150000,rs_2026_general_revenue_14_02_02_59,2026_general_revenue_14_02_02,2026,general,一般会計,14,都支出金,02,都補助金,02,民生費補助金,59,子ども家庭支援区市町村包括補助事業,68,希望丘青少年交流センター,子ども・若者部 子ども・若者支援課,都支出金,specific,350,413,63,false,1,ippansainyu.csv,17969
rd_2026_general_revenue_14_02_02_59_69_3595200000,rs_2026_general_revenue_14_02_02_59,2026_general_revenue_14_02_02,2026,general,一般会計,14,都支出金,02,都補助金,02,民生費補助金,59,子ども家庭支援区市町村包括補助事業,69,若者総合支援事業,保健福祉政策部 生活福祉課,都支出金,specific,6016,6320,304,false,1,ippansainyu.csv,17312
rd_2026_general_revenue_14_02_02_59_72_3665150000,rs_2026_general_revenue_14_02_02_59,2026_general_revenue_14_02_02,2026,general,一般会計,14,都支出金,02,都補助金,02,民生費補助金,59,子ども家庭支援区市町村包括補助事業,72,池之上青少年交流センター,子ども・若者部 子ども・若者支援課,都支出金,specific,24517,28517,4000,false,1,ippansainyu.csv,17970
rd_2026_general_revenue_14_02_02_59_73_3665150000,rs_2026_general_revenue_14_02_02_59,2026_general_revenue_14_02_02,2026,general,一般会計,14,都支出金,02,都補助金,02,民生費補助金,59,子ども家庭支援区市町村包括補助事業,73,大学連携による若者の居場所スーパーバイズ事業,子ども・若者部 子ども・若者支援課,都支出金,specific,1568,1735,167,false,1,ippansainyu.csv,17971
rd_2026_general_revenue_14_02_02_59_74_3665150000,rs_2026_general_revenue_14_02_02_59,2026_general_revenue_14_02_02,2026,general,一般会計,14,都支出金,02,都補助金,02,民生費補助金,59,子ども家庭支援区市町村包括補助事業,74,希望丘青少年交流センター,子ども・若者部 子ども・若者支援課,都支出金,specific,33995,33624,-371,false,1,ippansainyu.csv,17972
rd_2026_general_revenue_14_02_02_59_75_3665150000,rs_2026_general_revenue_14_02_02_59,2026_general_revenue_14_02_02,2026,general,一般会計,14,都支出金,02,都補助金,02,民生費補助金,59,子ども家庭支援区市町村包括補助事業,75,野毛青少年交流センター,子ども・若者部 子ども・若者支援課,都支出金,specific,19295,20738,1443,false,1,ippansainyu.csv,17973
rd_2026_general_revenue_14_02_02_59_76_3665150000,rs_2026_general_revenue_14_02_02_59,2026_general_revenue_14_02_02,2026,general,一般会計,14,都支出金,02,都補助金,02,民生費補助金,59,子ども家庭支援区市町村包括補助事業,76,子ども環境基盤整備,子ども・若者部 子ども・若者支援課,都支出金,specific,5737,2432,-3305,false,1,ippansainyu.csv,17974
rd_2026_general_revenue_14_02_02_60_04_3595200000,rs_2026_general_revenue_14_02_02_60,2026_general_revenue_14_02_02,2026,general,一般会計,14,都支出金,02,都補助金,02,民生費補助金,60,地域福祉推進区市町村包括補助事業,04,成年後見制度等の利用支援事業,保健福祉政策部 生活福祉課,都支出金,specific,18947,18210,-737,false,1,ippansainyu.csv,17313
rd_2026_general_revenue_14_02_02_60_08_3595110000,rs_2026_general_revenue_14_02_02_60,2026_general_revenue_14_02_02,2026,general,一般会計,14,都支出金,02,都補助金,02,民生費補助金,60,地域福祉推進区市町村包括補助事業,08,保健福祉サービス第三者評価事業,保健福祉政策部 保健福祉政策課,都支出金,specific,24763,22504,-2259,false,1,ippansainyu.csv,17242
rd_2026_general_revenue_14_02_02_60_09_3595110000,rs_2026_general_revenue_14_02_02_60,2026_general_revenue_14_02_02,2026,general,一般会計,14,都支出金,02,都補助金,02,民生費補助金,60,地域福祉推進区市町村包括補助事業,09,保健福祉サービス向上委員会運営事業,保健福祉政策部 保健福祉政策課,都支出金,specific,259,220,-39,false,1,ippansainyu.csv,17243
rd_2026_general_revenue_14_02_02_60_10_3595110000,rs_2026_general_revenue_14_02_02_60,2026_general_revenue_14_02_02,2026,general,一般会計,14,都支出金,02,都補助金,02,民生費補助金,60,地域福祉推進区市町村包括補助事業,10,保健福祉サービス苦情審査会,保健福祉政策部 保健福祉政策課,都支出金,specific,262,262,0,false,1,ippansainyu.csv,17244
rd_2026_general_revenue_14_02_02_60_31_3595200000,rs_2026_general_revenue_14_02_02_60,2026_general_revenue_14_02_02,2026,general,一般会計,14,都支出金,02,都補助金,02,民生費補助金,60,地域福祉推進区市町村包括補助事業,31,被保護者自立促進事業,保健福祉政策部 生活福祉課,都支出金,specific,40091,40907,816,false,1,ippansainyu.csv,17314
rd_2026_general_revenue_14_02_02_60_40_3815150000,rs_2026_general_revenue_14_02_02_60,2026_general_revenue_14_02_02,2026,general,一般会計,14,都支出金,02,都補助金,02,民生費補助金,60,地域福祉推進区市町村包括補助事業,40,ユニバーサルデザイン環境整備推進事業,都市整備政策部 都市デザイン課,都支出金,specific,4231,3450,-781,false,1,ippansainyu.csv,18530
rd_2026_general_revenue_14_02_02_60_41_3595200000,rs_2026_general_revenue_14_02_02_60,2026_general_revenue_14_02_02,2026,general,一般会計,14,都支出金,02,都補助金,02,民生費補助金,60,地域福祉推進区市町村包括補助事業,41,地域福祉権利擁護事業,保健福祉政策部 生活福祉課,都支出金,specific,96,96,0,false,1,ippansainyu.csv,17315
rd_2026_general_revenue_14_02_02_60_45_3405350000,rs_2026_general_revenue_14_02_02_60,2026_general_revenue_14_02_02,2026,general,一般会計,14,都支出金,02,都補助金,02,民生費補助金,60,地域福祉推進区市町村包括補助事業,45,住民との協働による生涯現役社会のしくみづくり支援事業,生活文化政策部 市民活動推進課,都支出金,specific,792,947,155,false,1,ippansainyu.csv,17026
rd_2026_general_revenue_14_02_02_60_53_3835300000,rs_2026_general_revenue_14_02_02_60,2026_general_revenue_14_02_02,2026,general,一般会計,14,都支出金,02,都補助金,02,民生費補助金,60,地域福祉推進区市町村包括補助事業,53,公共施設バリアフリー,みどり33推進担当部 公園緑地課,都支出金,specific,0,13524,13524,false,1,ippansainyu.csv,18631
rd_2026_general_revenue_14_02_02_60_54_3835300000,rs_2026_general_revenue_14_02_02_60,2026_general_revenue_14_02_02,2026,general,一般会計,14,都支出金,02,都補助金,02,民生費補助金,60,地域福祉推進区市町村包括補助事業,54,公共施設バリアフリー,みどり33推進担当部 公園緑地課,都支出金,specific,15516,0,-15516,true,0,ippansainyu.csv,18632
rd_2026_general_revenue_14_02_02_60_64_3595150000,rs_2026_general_revenue_14_02_02_60,2026_general_revenue_14_02_02,2026,general,一般会計,14,都支出金,02,都補助金,02,民生費補助金,60,地域福祉推進区市町村包括補助事業,64,災害時要配慮者支援体制の整備,保健福祉政策部 保福推進課,都支出金,specific,3500,6000,2500,false,1,ippansainyu.csv,17263
rd_2026_general_revenue_14_02_02_60_72_3595200000,rs_2026_general_revenue_14_02_02_60,2026_general_revenue_14_02_02,2026,general,一般会計,14,都支出金,02,都補助金,02,民生費補助金,60,地域福祉推進区市町村包括補助事業,72,子供サポート事業立上げ支援事業,保健福祉政策部 生活福祉課,都支出金,specific,2830,3750,920,false,1,ippansainyu.csv,17316
rd_2026_general_revenue_14_02_02_60_74_3595110000,rs_2026_general_revenue_14_02_02_60,2026_general_revenue_14_02_02,2026,general,一般会計,14,都支出金,02,都補助金,02,民生費補助金,60,地域福祉推進区市町村包括補助事業,74,保健福祉サービス苦情審査会（専門調査員人件費分）,保健福祉政策部 保健福祉政策課,都支出金,specific,2292,2397,105,false,1,ippansainyu.csv,17245
rd_2026_general_revenue_14_02_02_60_75_3595110000,rs_2026_general_revenue_14_02_02_60,2026_general_revenue_14_02_02,2026,general,一般会計,14,都支出金,02,都補助金,02,民生費補助金,60,地域福祉推進区市町村包括補助事業,75,保健福祉サービス向上委員会運営事業（専門調査員人件費分）,保健福祉政策部 保健福祉政策課,都支出金,specific,4584,4750,166,false,1,ippansainyu.csv,17246
rd_2026_general_revenue_14_02_02_60_76_3595200000,rs_2026_general_revenue_14_02_02_60,2026_general_revenue_14_02_02,2026,general,一般会計,14,都支出金,02,都補助金,02,民生費補助金,60,地域福祉推進区市町村包括補助事業,76,民生委員・児童委員活動環境整備事業,保健福祉政策部 生活福祉課,都支出金,specific,0,126,126,false,1,ippansainyu.csv,17317
rd_2026_general_revenue_14_02_02_60_82_3595200000,rs_2026_general_revenue_14_02_02_60,2026_general_revenue_14_02_02,2026,general,一般会計,14,都支出金,02,都補助金,02,民生費補助金,60,地域福祉推進区市町村包括補助事業,82,法人後見の受任,保健福祉政策部 生活福祉課,都支出金,specific,1866,1207,-659,false,1,ippansainyu.csv,17318
rd_2026_general_revenue_14_02_02_60_83_3235200000,rs_2026_general_revenue_14_02_02_60,2026_general_revenue_14_02_02,2026,general,一般会計,14,都支出金,02,都補助金,02,民生費補助金,60,地域福祉推進区市町村包括補助事業,83,情報バリアフリーに係る充実への支援,庁舎整備担当部 庁舎管理担当課,都支出金,specific,0,1098,1098,false,1,ippansainyu.csv,16960
rd_2026_general_revenue_14_02_02_60_84_3595200000,rs_2026_general_revenue_14_02_02_60,2026_general_revenue_14_02_02,2026,general,一般会計,14,都支出金,02,都補助金,02,民生費補助金,60,地域福祉推進区市町村包括補助事業,84,単身高齢者等の総合相談支援事業,保健福祉政策部 生活福祉課,都支出金,specific,0,0,0,true,0,ippansainyu.csv,17319
rd_2026_general_revenue_14_02_02_60_85_3595110000,rs_2026_general_revenue_14_02_02_60,2026_general_revenue_14_02_02,2026,general,一般会計,14,都支出金,02,都補助金,02,民生費補助金,60,地域福祉推進区市町村包括補助事業,85,保健福祉政策部運営事業,保健福祉政策部 保健福祉政策課,都支出金,specific,0,6500,6500,false,1,ippansainyu.csv,17247
rd_2026_general_revenue_14_02_02_60_86_3595200000,rs_2026_general_revenue_14_02_02_60,2026_general_revenue_14_02_02,2026,general,一般会計,14,都支出金,02,都補助金,02,民生費補助金,60,地域福祉推進区市町村包括補助事業,86,単身高齢者等の総合相談支援事業,保健福祉政策部 生活福祉課,都支出金,specific,0,10000,10000,false,1,ippansainyu.csv,17320
rd_2026_general_revenue_14_02_02_61_04_3665580000,rs_2026_general_revenue_14_02_02_61,2026_general_revenue_14_02_02,2026,general,一般会計,14,都支出金,02,都補助金,02,民生費補助金,61,一時預かり事業,04,私立保育園,子ども・若者部 保育課,都支出金,specific,3897,4961,1064,false,1,ippansainyu.csv,18256
rd_2026_general_revenue_14_02_02_61_07_3665150000,rs_2026_general_revenue_14_02_02_61,2026_general_revenue_14_02_02,2026,general,一般会計,14,都支出金,02,都補助金,02,民生費補助金,61,一時預かり事業,07,私立幼稚園,子ども・若者部 子ども・若者支援課,都支出金,specific,9500,12500,3000,false,1,ippansainyu.csv,17975
rd_2026_general_revenue_14_02_02_64_01_3645100000,rs_2026_general_revenue_14_02_02_64,2026_general_revenue_14_02_02,2026,general,一般会計,14,都支出金,02,都補助金,02,民生費補助金,64,施設開設準備経費助成特別対策事業,01,地域密着型サービスの拠点整備,高齢福祉部 高齢福祉課,都支出金,specific,65396,21336,-44060,false,1,ippansainyu.csv,17511
rd_2026_general_revenue_14_02_02_68_02_3665150000,rs_2026_general_revenue_14_02_02_68,2026_general_revenue_14_02_02,2026,general,一般会計,14,都支出金,02,都補助金,02,民生費補助金,68,子供家庭支援区市町村包括補助事業,02,子育て安心・安全,子ども・若者部 子ども・若者支援課,都支出金,specific,5275,5215,-60,false,1,ippansainyu.csv,17976
rd_2026_general_revenue_14_02_02_68_03_3665500000,rs_2026_general_revenue_14_02_02_68,2026_general_revenue_14_02_02,2026,general,一般会計,14,都支出金,02,都補助金,02,民生費補助金,68,子供家庭支援区市町村包括補助事業,03,支えあいの環境づくり（在宅子育て）,子ども・若者部 子ども家庭課,都支出金,specific,274,260,-14,false,1,ippansainyu.csv,18090
rd_2026_general_revenue_14_02_02_68_08_3665200000,rs_2026_general_revenue_14_02_02_68,2026_general_revenue_14_02_02,2026,general,一般会計,14,都支出金,02,都補助金,02,民生費補助金,68,子供家庭支援区市町村包括補助事業,08,自然体験遊び場事業,子ども・若者部 児童課,都支出金,specific,48602,56057,7455,false,1,ippansainyu.csv,18024
rd_2026_general_revenue_14_02_02_68_10_3665200000,rs_2026_general_revenue_14_02_02_68,2026_general_revenue_14_02_02,2026,general,一般会計,14,都支出金,02,都補助金,02,民生費補助金,68,子供家庭支援区市町村包括補助事業,10,児童施設改修工事,子ども・若者部 児童課,都支出金,specific,8416,67560,59144,false,1,ippansainyu.csv,18025
rd_2026_general_revenue_14_02_02_68_11_3665580000,rs_2026_general_revenue_14_02_02_68,2026_general_revenue_14_02_02,2026,general,一般会計,14,都支出金,02,都補助金,02,民生費補助金,68,子供家庭支援区市町村包括補助事業,11,区立保育園改修工事,子ども・若者部 保育課,都支出金,specific,2828,0,-2828,true,0,ippansainyu.csv,18257
rd_2026_general_revenue_14_02_02_68_14_3665580000,rs_2026_general_revenue_14_02_02_68,2026_general_revenue_14_02_02,2026,general,一般会計,14,都支出金,02,都補助金,02,民生費補助金,68,子供家庭支援区市町村包括補助事業,14,防犯カメラ設置（私立保育園）,子ども・若者部 保育課,都支出金,specific,2400,8000,5600,false,1,ippansainyu.csv,18258
rd_2026_general_revenue_14_02_02_68_15_3665580000,rs_2026_general_revenue_14_02_02_68,2026_general_revenue_14_02_02,2026,general,一般会計,14,都支出金,02,都補助金,02,民生費補助金,68,子供家庭支援区市町村包括補助事業,15,学校１１０番設置（私立保育園）,子ども・若者部 保育課,都支出金,specific,600,3000,2400,false,1,ippansainyu.csv,18259
rd_2026_general_revenue_14_02_02_68_17_3665590000,rs_2026_general_revenue_14_02_02_68,2026_general_revenue_14_02_02,2026,general,一般会計,14,都支出金,02,都補助金,02,民生費補助金,68,子供家庭支援区市町村包括補助事業,17,家庭福祉員の環境整備,子ども・若者部 保育認定・調整課,都支出金,specific,260,175,-85,false,1,ippansainyu.csv,18345
rd_2026_general_revenue_14_02_02_68_19_3665580000,rs_2026_general_revenue_14_02_02_68,2026_general_revenue_14_02_02,2026,general,一般会計,14,都支出金,02,都補助金,02,民生費補助金,68,子供家庭支援区市町村包括補助事業,19,産休代替職員費（区立保育園）,子ども・若者部 保育課,都支出金,specific,0,15170,15170,false,1,ippansainyu.csv,18260
rd_2026_general_revenue_14_02_02_68_20_3665580000,rs_2026_general_revenue_14_02_02_68,2026_general_revenue_14_02_02,2026,general,一般会計,14,都支出金,02,都補助金,02,民生費補助金,68,子供家庭支援区市町村包括補助事業,20,産休代替職員費（私立保育所）,子ども・若者部 保育課,都支出金,specific,20724,18962,-1762,false,1,ippansainyu.csv,18261
rd_2026_general_revenue_14_02_02_68_21_3665570000,rs_2026_general_revenue_14_02_02_68,2026_general_revenue_14_02_02,2026,general,一般会計,14,都支出金,02,都補助金,02,民生費補助金,68,子供家庭支援区市町村包括補助事業,21,セーフティネットの整備,子ども・若者部 児童相談支援課,都支出金,specific,12127,521,-11606,false,1,ippansainyu.csv,18157
rd_2026_general_revenue_14_02_02_68_22_3665570000,rs_2026_general_revenue_14_02_02_68,2026_general_revenue_14_02_02,2026,general,一般会計,14,都支出金,02,都補助金,02,民生費補助金,68,子供家庭支援区市町村包括補助事業,22,子ども家庭支援センター運営,子ども・若者部 児童相談支援課,都支出金,specific,9569,5539,-4030,false,1,ippansainyu.csv,18158
rd_2026_general_revenue_14_02_02_68_30_3665500000,rs_2026_general_revenue_14_02_02_68,2026_general_revenue_14_02_02,2026,general,一般会計,14,都支出金,02,都補助金,02,民生費補助金,68,子供家庭支援区市町村包括補助事業,30,発達支援親子グループ事業,子ども・若者部 子ども家庭課,都支出金,specific,10888,12497,1609,false,2,ippansainyu.csv,18091
rd_2026_general_revenue_14_02_02_68_32_3665150000,rs_2026_general_revenue_14_02_02_68,2026_general_revenue_14_02_02,2026,general,一般会計,14,都支出金,02,都補助金,02,民生費補助金,68,子供家庭支援区市町村包括補助事業,32,子どもの人権擁護,子ども・若者部 子ども・若者支援課,都支出金,specific,22670,0,-22670,true,0,ippansainyu.csv,17977
rd_2026_general_revenue_14_02_02_68_34_3665500000,rs_2026_general_revenue_14_02_02_68,2026_general_revenue_14_02_02,2026,general,一般会計,14,都支出金,02,都補助金,02,民生費補助金,68,子供家庭支援区市町村包括補助事業,34,母子一体型ショートケア事業,子ども・若者部 子ども家庭課,都支出金,specific,360,666,306,false,1,ippansainyu.csv,18092
rd_2026_general_revenue_14_02_02_68_36_3655300000,rs_2026_general_revenue_14_02_02_68,2026_general_revenue_14_02_02,2026,general,一般会計,14,都支出金,02,都補助金,02,民生費補助金,68,子供家庭支援区市町村包括補助事業,36,発達障害支援相談員,障害福祉部 障害保健福祉課,都支出金,specific,9298,9298,0,false,1,ippansainyu.csv,17918
rd_2026_general_revenue_14_02_02_68_39_3665500000,rs_2026_general_revenue_14_02_02_68,2026_general_revenue_14_02_02,2026,general,一般会計,14,都支出金,02,都補助金,02,民生費補助金,68,子供家庭支援区市町村包括補助事業,39,支えあいの環境づくり事業,子ども・若者部 子ども家庭課,都支出金,specific,2821,2976,155,false,1,ippansainyu.csv,18093
rd_2026_general_revenue_14_02_02_68_40_3665500000,rs_2026_general_revenue_14_02_02_68,2026_general_revenue_14_02_02,2026,general,一般会計,14,都支出金,02,都補助金,02,民生費補助金,68,子供家庭支援区市町村包括補助事業,40,ひとり親家庭就労支援事業,子ども・若者部 子ども家庭課,都支出金,specific,651,772,121,false,1,ippansainyu.csv,18094
rd_2026_general_revenue_14_02_02_68_42_3665500000,rs_2026_general_revenue_14_02_02_68,2026_general_revenue_14_02_02,2026,general,一般会計,14,都支出金,02,都補助金,02,民生費補助金,68,子供家庭支援区市町村包括補助事業,42,夕焼けサポート,子ども・若者部 子ども家庭課,都支出金,specific,2489,2489,0,false,1,ippansainyu.csv,18095
rd_2026_general_revenue_14_02_02_68_43_3665200000,rs_2026_general_revenue_14_02_02_68,2026_general_revenue_14_02_02,2026,general,一般会計,14,都支出金,02,都補助金,02,民生費補助金,68,子供家庭支援区市町村包括補助事業,43,児童館在宅子育て支援,子ども・若者部 児童課,都支出金,specific,4442,4909,467,false,1,ippansainyu.csv,18026
rd_2026_general_revenue_14_02_02_68_44_3665200000,rs_2026_general_revenue_14_02_02_68,2026_general_revenue_14_02_02,2026,general,一般会計,14,都支出金,02,都補助金,02,民生費補助金,68,子供家庭支援区市町村包括補助事業,44,自立支援事業,子ども・若者部 児童課,都支出金,specific,771,801,30,false,1,ippansainyu.csv,18027
rd_2026_general_revenue_14_02_02_68_47_3405450000,rs_2026_general_revenue_14_02_02_68,2026_general_revenue_14_02_02,2026,general,一般会計,14,都支出金,02,都補助金,02,民生費補助金,68,子供家庭支援区市町村包括補助事業,47,東京都ひとり親家庭生活支援事業,生活文化政策部 人権男女共同参画課,都支出金,specific,90,90,0,false,1,ippansainyu.csv,17069
rd_2026_general_revenue_14_02_02_68_49_3665580000,rs_2026_general_revenue_14_02_02_68,2026_general_revenue_14_02_02,2026,general,一般会計,14,都支出金,02,都補助金,02,民生費補助金,68,子供家庭支援区市町村包括補助事業,49,保育人材確保支援事業,子ども・若者部 保育課,都支出金,specific,11412,5911,-5501,false,1,ippansainyu.csv,18262
rd_2026_general_revenue_14_02_02_68_50_3785200000,rs_2026_general_revenue_14_02_02_68,2026_general_revenue_14_02_02,2026,general,一般会計,14,都支出金,02,都補助金,02,民生費補助金,68,子供家庭支援区市町村包括補助事業,50,乳幼児フォローグループ,世田谷保健所 健康推進課,都支出金,specific,2161,2929,768,false,1,ippansainyu.csv,18448
rd_2026_general_revenue_14_02_02_68_57_3665580000,rs_2026_general_revenue_14_02_02_68,2026_general_revenue_14_02_02,2026,general,一般会計,14,都支出金,02,都補助金,02,民生費補助金,68,子供家庭支援区市町村包括補助事業,57,送迎保育ステーション事業,子ども・若者部 保育課,都支出金,specific,47550,48000,450,false,1,ippansainyu.csv,18263
rd_2026_general_revenue_14_02_02_68_60_3665580000,rs_2026_general_revenue_14_02_02_68,2026_general_revenue_14_02_02,2026,general,一般会計,14,都支出金,02,都補助金,02,民生費補助金,68,子供家庭支援区市町村包括補助事業,60,保育所地域活動事業（私立保育園）,子ども・若者部 保育課,都支出金,specific,21173,24361,3188,false,1,ippansainyu.csv,18264
rd_2026_general_revenue_14_02_02_68_62_3665580000,rs_2026_general_revenue_14_02_02_68,2026_general_revenue_14_02_02,2026,general,一般会計,14,都支出金,02,都補助金,02,民生費補助金,68,子供家庭支援区市町村包括補助事業,62,保育所地域活動事業（認定こども園）,子ども・若者部 保育課,都支出金,specific,914,810,-104,false,1,ippansainyu.csv,18265
rd_2026_general_revenue_14_02_02_68_64_3665500000,rs_2026_general_revenue_14_02_02_68,2026_general_revenue_14_02_02,2026,general,一般会計,14,都支出金,02,都補助金,02,民生費補助金,68,子供家庭支援区市町村包括補助事業,64,支えあいの環境づくり（子育て環境推進事業）,子ども・若者部 子ども家庭課,都支出金,specific,1875,1718,-157,false,1,ippansainyu.csv,18096
rd_2026_general_revenue_14_02_02_68_69_3665500000,rs_2026_general_revenue_14_02_02_68,2026_general_revenue_14_02_02,2026,general,一般会計,14,都支出金,02,都補助金,02,民生費補助金,68,子供家庭支援区市町村包括補助事業,69,子育て援助活動支援事業（ファミリー・サポート・センター事業）,子ども・若者部 子ども家庭課,都支出金,specific,0,4951,4951,false,1,ippansainyu.csv,18097
rd_2026_general_revenue_14_02_02_68_70_3665580000,rs_2026_general_revenue_14_02_02_68,2026_general_revenue_14_02_02,2026,general,一般会計,14,都支出金,02,都補助金,02,民生費補助金,68,子供家庭支援区市町村包括補助事業,70,保育運営支援専門員設置事業,子ども・若者部 保育課,都支出金,specific,1694,1695,1,false,1,ippansainyu.csv,18266
rd_2026_general_revenue_14_02_02_68_72_3665580000,rs_2026_general_revenue_14_02_02_68,2026_general_revenue_14_02_02,2026,general,一般会計,14,都支出金,02,都補助金,02,民生費補助金,68,子供家庭支援区市町村包括補助事業,72,安心安全確保対策支援事業（区立保育園）,子ども・若者部 保育課,都支出金,specific,1597,3679,2082,false,1,ippansainyu.csv,18267
rd_2026_general_revenue_14_02_02_68_78_3785200000,rs_2026_general_revenue_14_02_02_68,2026_general_revenue_14_02_02,2026,general,一般会計,14,都支出金,02,都補助金,02,民生費補助金,68,子供家庭支援区市町村包括補助事業,78,子供手帳モデル活用支援事業,世田谷保健所 健康推進課,都支出金,specific,1134,1121,-13,false,1,ippansainyu.csv,18449
rd_2026_general_revenue_14_02_02_68_86_3655100000,rs_2026_general_revenue_14_02_02_68,2026_general_revenue_14_02_02,2026,general,一般会計,14,都支出金,02,都補助金,02,民生費補助金,68,子供家庭支援区市町村包括補助事業,86,発達障害支援相談員,障害福祉部 障害施策課,都支出金,specific,418,418,0,false,1,ippansainyu.csv,17817
rd_2026_general_revenue_14_02_02_68_88_3665590000,rs_2026_general_revenue_14_02_02_68,2026_general_revenue_14_02_02,2026,general,一般会計,14,都支出金,02,都補助金,02,民生費補助金,68,子供家庭支援区市町村包括補助事業,88,認可外保育施設におけるサービスの質維持向上支援事業,子ども・若者部 保育認定・調整課,都支出金,specific,0,0,0,true,0,ippansainyu.csv,18346
rd_2026_general_revenue_14_02_02_68_90_3665580000,rs_2026_general_revenue_14_02_02_68,2026_general_revenue_14_02_02,2026,general,一般会計,14,都支出金,02,都補助金,02,民生費補助金,68,子供家庭支援区市町村包括補助事業,90,認可外保育施設におけるサービスの質維持向上支援事業,子ども・若者部 保育課,都支出金,specific,0,0,0,true,0,ippansainyu.csv,18268
rd_2026_general_revenue_14_02_02_68_96_3665580000,rs_2026_general_revenue_14_02_02_68,2026_general_revenue_14_02_02,2026,general,一般会計,14,都支出金,02,都補助金,02,民生費補助金,68,子供家庭支援区市町村包括補助事業,96,研修参加代替職員確保補助事業（子育て支援事業）,子ども・若者部 保育課,都支出金,specific,2144,480,-1664,false,1,ippansainyu.csv,18269
rd_2026_general_revenue_14_02_02_68_97_3665590000,rs_2026_general_revenue_14_02_02_68,2026_general_revenue_14_02_02,2026,general,一般会計,14,都支出金,02,都補助金,02,民生費補助金,68,子供家庭支援区市町村包括補助事業,97,研修参加代替職員確保補助事業（認証保育所事業）,子ども・若者部 保育認定・調整課,都支出金,specific,2976,90,-2886,false,1,ippansainyu.csv,18347
rd_2026_general_revenue_14_02_02_68_98_3665590000,rs_2026_general_revenue_14_02_02_68,2026_general_revenue_14_02_02,2026,general,一般会計,14,都支出金,02,都補助金,02,民生費補助金,68,子供家庭支援区市町村包括補助事業,98,研修参加代替職員確保補助事業（保育室制度運営）,子ども・若者部 保育認定・調整課,都支出金,specific,32,32,0,false,1,ippansainyu.csv,18348
rd_2026_general_revenue_14_02_02_68_99_3665580000,rs_2026_general_revenue_14_02_02_68,2026_general_revenue_14_02_02,2026,general,一般会計,14,都支出金,02,都補助金,02,民生費補助金,68,子供家庭支援区市町村包括補助事業,99,保育所地域活動事業（区立保育園）,子ども・若者部 保育課,都支出金,specific,1237,1237,0,false,1,ippansainyu.csv,18270
rd_2026_general_revenue_14_02_02_75_02_3665500000,rs_2026_general_revenue_14_02_02_75,2026_general_revenue_14_02_02,2026,general,一般会計,14,都支出金,02,都補助金,02,民生費補助金,75,ひとり親家庭生活支援事業,02,ひとり親家庭学習支援事業,子ども・若者部 子ども家庭課,都支出金,specific,11900,12070,170,false,1,ippansainyu.csv,18098
rd_2026_general_revenue_14_02_02_75_03_3665500000,rs_2026_general_revenue_14_02_02_75,2026_general_revenue_14_02_02,2026,general,一般会計,14,都支出金,02,都補助金,02,民生費補助金,75,ひとり親家庭生活支援事業,03,ひとり親家庭等生活支援事業,子ども・若者部 子ども家庭課,都支出金,specific,1457,594,-863,false,1,ippansainyu.csv,18099
rd_2026_general_revenue_14_02_02_75_05_3665500000,rs_2026_general_revenue_14_02_02_75,2026_general_revenue_14_02_02,2026,general,一般会計,14,都支出金,02,都補助金,02,民生費補助金,75,ひとり親家庭生活支援事業,05,子供の生活・学習支援事業,子ども・若者部 子ども家庭課,都支出金,specific,15714,17215,1501,false,1,ippansainyu.csv,18100
rd_2026_general_revenue_14_02_02_82_04_3655300000,rs_2026_general_revenue_14_02_02_82,2026_general_revenue_14_02_02,2026,general,一般会計,14,都支出金,02,都補助金,02,民生費補助金,82,区市町村在宅療養推進事業,04,小児等在宅医療の提供体制の整備（従事者育成事業）,障害福祉部 障害保健福祉課,都支出金,specific,17895,20740,2845,false,1,ippansainyu.csv,17919
rd_2026_general_revenue_14_02_02_82_05_3595150000,rs_2026_general_revenue_14_02_02_82,2026_general_revenue_14_02_02,2026,general,一般会計,14,都支出金,02,都補助金,02,民生費補助金,82,区市町村在宅療養推進事業,05,２４時間診療体制推進事業,保健福祉政策部 保福推進課,都支出金,specific,0,10000,10000,false,1,ippansainyu.csv,17264
rd_2026_general_revenue_14_02_02_82_06_3595150000,rs_2026_general_revenue_14_02_02_82,2026_general_revenue_14_02_02,2026,general,一般会計,14,都支出金,02,都補助金,02,民生費補助金,82,区市町村在宅療養推進事業,06,デジタル技術を活用した医療ＤＸ推進事業,保健福祉政策部 保福推進課,都支出金,specific,0,10000,10000,false,1,ippansainyu.csv,17265
rd_2026_general_revenue_14_02_02_87_01_3665580000,rs_2026_general_revenue_14_02_02_87,2026_general_revenue_14_02_02,2026,general,一般会計,14,都支出金,02,都補助金,02,民生費補助金,87,保育士等キャリアアップ補助金,01,私立保育園運営,子ども・若者部 保育課,都支出金,specific,484518,484600,82,false,1,ippansainyu.csv,18271
rd_2026_general_revenue_14_02_02_87_02_3665580000,rs_2026_general_revenue_14_02_02_87,2026_general_revenue_14_02_02,2026,general,一般会計,14,都支出金,02,都補助金,02,民生費補助金,87,保育士等キャリアアップ補助金,02,認定こども園運営,子ども・若者部 保育課,都支出金,specific,46919,46920,1,false,1,ippansainyu.csv,18272
rd_2026_general_revenue_14_02_02_87_03_3665580000,rs_2026_general_revenue_14_02_02_87,2026_general_revenue_14_02_02,2026,general,一般会計,14,都支出金,02,都補助金,02,民生費補助金,87,保育士等キャリアアップ補助金,03,特定地域型保育事業,子ども・若者部 保育課,都支出金,specific,47029,50525,3496,false,1,ippansainyu.csv,18273
rd_2026_general_revenue_14_02_02_87_04_3665590000,rs_2026_general_revenue_14_02_02_87,2026_general_revenue_14_02_02,2026,general,一般会計,14,都支出金,02,都補助金,02,民生費補助金,87,保育士等キャリアアップ補助金,04,認証保育所事業,子ども・若者部 保育認定・調整課,都支出金,specific,191659,206947,15288,false,1,ippansainyu.csv,18349
rd_2026_general_revenue_14_02_02_87_05_3665580000,rs_2026_general_revenue_14_02_02_87,2026_general_revenue_14_02_02,2026,general,一般会計,14,都支出金,02,都補助金,02,民生費補助金,87,保育士等キャリアアップ補助金,05,病児・病後児保育事業,子ども・若者部 保育課,都支出金,specific,7869,7868,-1,false,1,ippansainyu.csv,18274
rd_2026_general_revenue_14_02_02_88_02_3665500000,rs_2026_general_revenue_14_02_02_88,2026_general_revenue_14_02_02,2026,general,一般会計,14,都支出金,02,都補助金,02,民生費補助金,88,子供の居場所創設事業,02,生活困窮世帯等の子どものための学習・生活支援の拠点事業,子ども・若者部 子ども家庭課,都支出金,specific,2880,2880,0,false,1,ippansainyu.csv,18101
rd_2026_general_revenue_14_02_02_91_01_3665580000,rs_2026_general_revenue_14_02_02_91,2026_general_revenue_14_02_02,2026,general,一般会計,14,都支出金,02,都補助金,02,民生費補助金,91,定期利用保育事業,01,区立保育園,子ども・若者部 保育課,都支出金,specific,464,964,500,false,1,ippansainyu.csv,18275
rd_2026_general_revenue_14_02_02_92_03_3665580000,rs_2026_general_revenue_14_02_02_92,2026_general_revenue_14_02_02,2026,general,一般会計,14,都支出金,02,都補助金,02,民生費補助金,92,地域子ども・子育て支援事業,03,病児・病後児保育事業,子ども・若者部 保育課,都支出金,specific,68537,91473,22936,false,1,ippansainyu.csv,18276
rd_2026_general_revenue_14_02_02_92_04_3665580000,rs_2026_general_revenue_14_02_02_92,2026_general_revenue_14_02_02,2026,general,一般会計,14,都支出金,02,都補助金,02,民生費補助金,92,地域子ども・子育て支援事業,04,延長保育事業（私立保育園）,子ども・若者部 保育課,都支出金,specific,61269,61549,280,false,1,ippansainyu.csv,18277
rd_2026_general_revenue_14_02_02_92_05_3665580000,rs_2026_general_revenue_14_02_02_92,2026_general_revenue_14_02_02,2026,general,一般会計,14,都支出金,02,都補助金,02,民生費補助金,92,地域子ども・子育て支援事業,05,延長保育事業（認定こども園）,子ども・若者部 保育課,都支出金,specific,3600,3600,0,false,1,ippansainyu.csv,18278
rd_2026_general_revenue_14_02_02_92_06_3665580000,rs_2026_general_revenue_14_02_02_92,2026_general_revenue_14_02_02,2026,general,一般会計,14,都支出金,02,都補助金,02,民生費補助金,92,地域子ども・子育て支援事業,06,延長保育事業（地域型保育事業）,子ども・若者部 保育課,都支出金,specific,8471,8519,48,false,1,ippansainyu.csv,18279
rd_2026_general_revenue_14_02_02_92_14_3665580000,rs_2026_general_revenue_14_02_02_92,2026_general_revenue_14_02_02,2026,general,一般会計,14,都支出金,02,都補助金,02,民生費補助金,92,地域子ども・子育て支援事業,14,一時預かり事業（私立保育園）,子ども・若者部 保育課,都支出金,specific,7867,9240,1373,false,1,ippansainyu.csv,18280
rd_2026_general_revenue_14_02_02_92_17_3665580000,rs_2026_general_revenue_14_02_02_92,2026_general_revenue_14_02_02,2026,general,一般会計,14,都支出金,02,都補助金,02,民生費補助金,92,地域子ども・子育て支援事業,17,一時預かり事業（単独施設型）,子ども・若者部 保育課,都支出金,specific,6163,5635,-528,false,1,ippansainyu.csv,18281
rd_2026_general_revenue_14_02_02_92_18_3665580000,rs_2026_general_revenue_14_02_02_92,2026_general_revenue_14_02_02,2026,general,一般会計,14,都支出金,02,都補助金,02,民生費補助金,92,地域子ども・子育て支援事業,18,一時預かり事業（幼稚園型）,子ども・若者部 保育課,都支出金,specific,6030,7889,1859,false,1,ippansainyu.csv,18282
rd_2026_general_revenue_14_02_02_92_20_3665500000,rs_2026_general_revenue_14_02_02_92,2026_general_revenue_14_02_02,2026,general,一般会計,14,都支出金,02,都補助金,02,民生費補助金,92,地域子ども・子育て支援事業,20,子育て短期支援事業,子ども・若者部 子ども家庭課,都支出金,specific,1200,996,-204,false,1,ippansainyu.csv,18102
rd_2026_general_revenue_14_02_02_92_23_3665570000,rs_2026_general_revenue_14_02_02_92,2026_general_revenue_14_02_02,2026,general,一般会計,14,都支出金,02,都補助金,02,民生費補助金,92,地域子ども・子育て支援事業,23,子どもを守る地域ネットワーク機能強化事業,子ども・若者部 児童相談支援課,都支出金,specific,158,309,151,false,1,ippansainyu.csv,18159
rd_2026_general_revenue_14_02_02_92_26_3665500000,rs_2026_general_revenue_14_02_02_92,2026_general_revenue_14_02_02,2026,general,一般会計,14,都支出金,02,都補助金,02,民生費補助金,92,地域子ども・子育て支援事業,26,一時預かり事業（子育てステーション）,子ども・若者部 子ども家庭課,都支出金,specific,20049,19910,-139,false,1,ippansainyu.csv,18103
rd_2026_general_revenue_14_02_02_92_28_3785200000,rs_2026_general_revenue_14_02_02_92,2026_general_revenue_14_02_02,2026,general,一般会計,14,都支出金,02,都補助金,02,民生費補助金,92,地域子ども・子育て支援事業,28,乳児家庭全戸訪問事業,世田谷保健所 健康推進課,都支出金,specific,16533,16533,0,false,1,ippansainyu.csv,18450
rd_2026_general_revenue_14_02_02_92_29_3665500000,rs_2026_general_revenue_14_02_02_92,2026_general_revenue_14_02_02,2026,general,一般会計,14,都支出金,02,都補助金,02,民生費補助金,92,地域子ども・子育て支援事業,29,一時預かり事業（単独施設型・子育てつどいの広場）,子ども・若者部 子ども家庭課,都支出金,specific,26039,26552,513,false,1,ippansainyu.csv,18104
rd_2026_general_revenue_14_02_02_92_32_4985400000,rs_2026_general_revenue_14_02_02_92,2026_general_revenue_14_02_02,2026,general,一般会計,14,都支出金,02,都補助金,02,民生費補助金,92,地域子ども・子育て支援事業,32,実費徴収補足給付事業（区立幼稚園）,教育委員会事務局 乳幼教・保支課,都支出金,specific,26,26,0,false,1,ippansainyu.csv,18917
rd_2026_general_revenue_14_02_02_92_33_3665570000,rs_2026_general_revenue_14_02_02_92,2026_general_revenue_14_02_02,2026,general,一般会計,14,都支出金,02,都補助金,02,民生費補助金,92,地域子ども・子育て支援事業,33,子育て短期支援事業（セーフティネットの整備）,子ども・若者部 児童相談支援課,都支出金,specific,7817,9837,2020,false,1,ippansainyu.csv,18160
rd_2026_general_revenue_14_02_02_92_35_4985400000,rs_2026_general_revenue_14_02_02_92,2026_general_revenue_14_02_02,2026,general,一般会計,14,都支出金,02,都補助金,02,民生費補助金,92,地域子ども・子育て支援事業,35,一時預かり事業（区立幼稚園）,教育委員会事務局 乳幼教・保支課,都支出金,specific,245,193,-52,false,1,ippansainyu.csv,18918
rd_2026_general_revenue_14_02_02_92_36_3665580000,rs_2026_general_revenue_14_02_02_92,2026_general_revenue_14_02_02,2026,general,一般会計,14,都支出金,02,都補助金,02,民生費補助金,92,地域子ども・子育て支援事業,36,一時預かり事業（区立保育園）,子ども・若者部 保育課,都支出金,specific,5294,6020,726,false,1,ippansainyu.csv,18283
rd_2026_general_revenue_14_02_02_92_37_3665580000,rs_2026_general_revenue_14_02_02_92,2026_general_revenue_14_02_02,2026,general,一般会計,14,都支出金,02,都補助金,02,民生費補助金,92,地域子ども・子育て支援事業,37,一時預かり事業（私立幼稚園）,子ども・若者部 保育課,都支出金,specific,4224,9467,5243,false,1,ippansainyu.csv,18284
rd_2026_general_revenue_14_02_02_92_38_3665150000,rs_2026_general_revenue_14_02_02_92,2026_general_revenue_14_02_02,2026,general,一般会計,14,都支出金,02,都補助金,02,民生費補助金,92,地域子ども・子育て支援事業,38,一時預かり事業（私立幼稚園）,子ども・若者部 子ども・若者支援課,都支出金,specific,5993,8908,2915,false,1,ippansainyu.csv,17978
rd_2026_general_revenue_14_02_02_92_39_3665500000,rs_2026_general_revenue_14_02_02_92,2026_general_revenue_14_02_02,2026,general,一般会計,14,都支出金,02,都補助金,02,民生費補助金,92,地域子ども・子育て支援事業,39,子育て援助活動支援事業,子ども・若者部 子ども家庭課,都支出金,specific,11786,12286,500,false,1,ippansainyu.csv,18105
rd_2026_general_revenue_14_02_02_92_41_3665150000,rs_2026_general_revenue_14_02_02_92,2026_general_revenue_14_02_02,2026,general,一般会計,14,都支出金,02,都補助金,02,民生費補助金,92,地域子ども・子育て支援事業,41,実費徴収補足給付事業（私立幼稚園）,子ども・若者部 子ども・若者支援課,都支出金,specific,1842,2733,891,false,1,ippansainyu.csv,17979
rd_2026_general_revenue_14_02_02_92_44_4960100000,rs_2026_general_revenue_14_02_02_92,2026_general_revenue_14_02_02,2026,general,一般会計,14,都支出金,02,都補助金,02,民生費補助金,92,地域子ども・子育て支援事業,44,一時預かり事業（区立幼稚園）,教育委員会事務局 教育総務課,都支出金,specific,5890,6252,362,false,1,ippansainyu.csv,18749
rd_2026_general_revenue_14_02_02_92_45_4960100000,rs_2026_general_revenue_14_02_02_92,2026_general_revenue_14_02_02,2026,general,一般会計,14,都支出金,02,都補助金,02,民生費補助金,92,地域子ども・子育て支援事業,45,放課後児童健全育成事業,教育委員会事務局 教育総務課,都支出金,specific,153800,232630,78830,false,1,ippansainyu.csv,18750
rd_2026_general_revenue_14_02_02_92_47_3665500000,rs_2026_general_revenue_14_02_02_92,2026_general_revenue_14_02_02,2026,general,一般会計,14,都支出金,02,都補助金,02,民生費補助金,92,地域子ども・子育て支援事業,47,相談支援体制強化事業（子育てつどいの広場）,子ども・若者部 子ども家庭課,都支出金,specific,800,600,-200,false,1,ippansainyu.csv,18106
rd_2026_general_revenue_14_02_02_92_70_3665500000,rs_2026_general_revenue_14_02_02_92,2026_general_revenue_14_02_02,2026,general,一般会計,14,都支出金,02,都補助金,02,民生費補助金,92,地域子ども・子育て支援事業,70,多様な事業者の参入促進・能力活用事業,子ども・若者部 子ども家庭課,都支出金,specific,1120,800,-320,false,1,ippansainyu.csv,18107
rd_2026_general_revenue_14_02_02_92_71_3665200000,rs_2026_general_revenue_14_02_02_92,2026_general_revenue_14_02_02,2026,general,一般会計,14,都支出金,02,都補助金,02,民生費補助金,92,地域子ども・子育て支援事業,71,放課後児童健全育成事業,子ども・若者部 児童課,都支出金,specific,168051,277222,109171,false,1,ippansainyu.csv,18028
rd_2026_general_revenue_14_02_02_92_79_3595110000,rs_2026_general_revenue_14_02_02_92,2026_general_revenue_14_02_02,2026,general,一般会計,14,都支出金,02,都補助金,02,民生費補助金,92,地域子ども・子育て支援事業,79,放課後児童健全育成事業第三者評価受審推進事業,保健福祉政策部 保健福祉政策課,都支出金,specific,3000,11000,8000,false,1,ippansainyu.csv,17248
rd_2026_general_revenue_14_02_02_92_84_3665580000,rs_2026_general_revenue_14_02_02_92,2026_general_revenue_14_02_02,2026,general,一般会計,14,都支出金,02,都補助金,02,民生費補助金,92,地域子ども・子育て支援事業,84,一時預かり事業（私立保育園）,子ども・若者部 保育課,都支出金,specific,65582,57489,-8093,false,1,ippansainyu.csv,18285
rd_2026_general_revenue_14_02_02_92_85_3665580000,rs_2026_general_revenue_14_02_02_92,2026_general_revenue_14_02_02,2026,general,一般会計,14,都支出金,02,都補助金,02,民生費補助金,92,地域子ども・子育て支援事業,85,一時預かり事業（認定こども園）,子ども・若者部 保育課,都支出金,specific,2108,2236,128,false,1,ippansainyu.csv,18286
rd_2026_general_revenue_14_02_02_92_88_3665570000,rs_2026_general_revenue_14_02_02_92,2026_general_revenue_14_02_02,2026,general,一般会計,14,都支出金,02,都補助金,02,民生費補助金,92,地域子ども・子育て支援事業,88,親子関係形成支援事業,子ども・若者部 児童相談支援課,都支出金,specific,176,120,-56,false,1,ippansainyu.csv,18161
rd_2026_general_revenue_14_02_02_92_89_3665570000,rs_2026_general_revenue_14_02_02_92,2026_general_revenue_14_02_02,2026,general,一般会計,14,都支出金,02,都補助金,02,民生費補助金,92,地域子ども・子育て支援事業,89,子育て世帯訪問支援事業（養育支援等ホームヘルパー訪問事業）,子ども・若者部 児童相談支援課,都支出金,specific,11504,13838,2334,false,1,ippansainyu.csv,18162
rd_2026_general_revenue_14_02_02_92_90_3665570000,rs_2026_general_revenue_14_02_02_92,2026_general_revenue_14_02_02,2026,general,一般会計,14,都支出金,02,都補助金,02,民生費補助金,92,地域子ども・子育て支援事業,90,子育て世帯訪問支援事業（学生ボランティア派遣事業）,子ども・若者部 児童相談支援課,都支出金,specific,737,937,200,false,1,ippansainyu.csv,18163
rd_2026_general_revenue_14_02_02_92_91_3665570000,rs_2026_general_revenue_14_02_02_92,2026_general_revenue_14_02_02,2026,general,一般会計,14,都支出金,02,都補助金,02,民生費補助金,92,地域子ども・子育て支援事業,91,産後ケア事業,子ども・若者部 児童相談支援課,都支出金,specific,39792,56071,16279,false,1,ippansainyu.csv,18164
rd_2026_general_revenue_14_02_02_92_92_3665500000,rs_2026_general_revenue_14_02_02_92,2026_general_revenue_14_02_02,2026,general,一般会計,14,都支出金,02,都補助金,02,民生費補助金,92,地域子ども・子育て支援事業,92,子育て世帯訪問支援事業（在宅子育て支援）,子ども・若者部 子ども家庭課,都支出金,specific,7804,10523,2719,false,1,ippansainyu.csv,18108
rd_2026_general_revenue_14_02_02_93_01_3665580000,rs_2026_general_revenue_14_02_02_93,2026_general_revenue_14_02_02,2026,general,一般会計,14,都支出金,02,都補助金,02,民生費補助金,93,東京都保育従事職員宿舎借り上げ支援事業,01,保育士宿舎借り上げ支援事業,子ども・若者部 保育課,都支出金,specific,1136343,1176815,40472,false,1,ippansainyu.csv,18287
rd_2026_general_revenue_14_02_02_95_11_3665580000,rs_2026_general_revenue_14_02_02_95,2026_general_revenue_14_02_02,2026,general,一般会計,14,都支出金,02,都補助金,02,民生費補助金,95,保育対策総合支援事業費補助金,11,保育補助者雇上強化事業（私立保育園）,子ども・若者部 保育課,都支出金,specific,218190,205065,-13125,false,1,ippansainyu.csv,18288
rd_2026_general_revenue_14_02_02_95_12_3665580000,rs_2026_general_revenue_14_02_02_95,2026_general_revenue_14_02_02,2026,general,一般会計,14,都支出金,02,都補助金,02,民生費補助金,95,保育対策総合支援事業費補助金,12,保育補助者雇上強化事業（認定こども園）,子ども・若者部 保育課,都支出金,specific,16363,7323,-9040,false,1,ippansainyu.csv,18289
rd_2026_general_revenue_14_02_02_95_13_3665580000,rs_2026_general_revenue_14_02_02_95,2026_general_revenue_14_02_02,2026,general,一般会計,14,都支出金,02,都補助金,02,民生費補助金,95,保育対策総合支援事業費補助金,13,保育補助者雇上強化事業（特定地域型保育事業）,子ども・若者部 保育課,都支出金,specific,24319,23190,-1129,false,1,ippansainyu.csv,18290
rd_2026_general_revenue_14_02_02_95_14_3665580000,rs_2026_general_revenue_14_02_02_95,2026_general_revenue_14_02_02,2026,general,一般会計,14,都支出金,02,都補助金,02,民生費補助金,95,保育対策総合支援事業費補助金,14,保育体制強化事業（私立保育園）,子ども・若者部 保育課,都支出金,specific,15177,7016,-8161,false,1,ippansainyu.csv,18291
rd_2026_general_revenue_14_02_02_95_15_3665580000,rs_2026_general_revenue_14_02_02_95,2026_general_revenue_14_02_02,2026,general,一般会計,14,都支出金,02,都補助金,02,民生費補助金,95,保育対策総合支援事業費補助金,15,保育体制強化事業（認定こども園）,子ども・若者部 保育課,都支出金,specific,612,544,-68,false,1,ippansainyu.csv,18292
rd_2026_general_revenue_14_02_02_95_22_3665580000,rs_2026_general_revenue_14_02_02_95,2026_general_revenue_14_02_02,2026,general,一般会計,14,都支出金,02,都補助金,02,民生費補助金,95,保育対策総合支援事業費補助金,22,保育所等の質の確保・向上のための巡回支援指導事業,子ども・若者部 保育課,都支出金,specific,40050,43012,2962,false,1,ippansainyu.csv,18293
rd_2026_general_revenue_14_02_02_95_26_4985400000,rs_2026_general_revenue_14_02_02_95,2026_general_revenue_14_02_02,2026,general,一般会計,14,都支出金,02,都補助金,02,民生費補助金,95,保育対策総合支援事業費補助金,26,保育所等の質の確保・向上のための巡回支援指導事業,教育委員会事務局 乳幼教・保支課,都支出金,specific,0,4488,4488,false,1,ippansainyu.csv,18919
rd_2026_general_revenue_14_02_02_96_01_3665580000,rs_2026_general_revenue_14_02_02_96,2026_general_revenue_14_02_02,2026,general,一般会計,14,都支出金,02,都補助金,02,民生費補助金,96,保育環境改善事業,01,保育環境改善事業,子ども・若者部 保育課,都支出金,specific,2312,2353,41,false,1,ippansainyu.csv,18294
rd_2026_general_revenue_14_02_02_98_03_3665500000,rs_2026_general_revenue_14_02_02_98,2026_general_revenue_14_02_02,2026,general,一般会計,14,都支出金,02,都補助金,02,民生費補助金,98,出産・子育て応援事業,03,バースデーサポート,子ども・若者部 子ども家庭課,都支出金,specific,394800,424100,29300,false,1,ippansainyu.csv,18109
rd_2026_general_revenue_14_02_02_98_04_3785200000,rs_2026_general_revenue_14_02_02_98,2026_general_revenue_14_02_02,2026,general,一般会計,14,都支出金,02,都補助金,02,民生費補助金,98,出産・子育て応援事業,04,育児パッケージ,世田谷保健所 健康推進課,都支出金,specific,70010,68600,-1410,false,1,ippansainyu.csv,18451
rd_2026_general_revenue_14_02_02_99_01_3645100000,rs_2026_general_revenue_14_02_02_99,2026_general_revenue_14_02_02,2026,general,一般会計,14,都支出金,02,都補助金,02,民生費補助金,99,地域医療介護総合確保基金,01,地域密着型サービス拠点の整備,高齢福祉部 高齢福祉課,都支出金,specific,219916,24760,-195156,false,1,ippansainyu.csv,17512
rd_2026_general_revenue_14_02_02_99_02_3645100000,rs_2026_general_revenue_14_02_02_99,2026_general_revenue_14_02_02,2026,general,一般会計,14,都支出金,02,都補助金,02,民生費補助金,99,地域医療介護総合確保基金,02,介護人材確保・定着支援事業,高齢福祉部 高齢福祉課,都支出金,specific,20000,20000,0,false,1,ippansainyu.csv,17513
rd_2026_general_revenue_14_02_03_22_01_3555300000,rs_2026_general_revenue_14_02_03_22,2026_general_revenue_14_02_03,2026,general,一般会計,14,都支出金,02,都補助金,03,環境費補助金,22,一般廃棄物の適正処理・資源利用における働き方改革事業,01,一般廃棄物の適正処理・資源利用における働き方改革事業,環境政策部 事業課,都支出金,specific,0,30000,30000,false,1,ippansainyu.csv,17205
rd_2026_general_revenue_14_02_04_17_01_3785100000,rs_2026_general_revenue_14_02_04_17,2026_general_revenue_14_02_04,2026,general,一般会計,14,都支出金,02,都補助金,04,衛生費補助金,17,健康診査費,01,骨粗しょう症検診,世田谷保健所 健康企画課,都支出金,specific,4167,4521,354,false,1,ippansainyu.csv,18412
rd_2026_general_revenue_14_02_04_17_02_3785200000,rs_2026_general_revenue_14_02_04_17,2026_general_revenue_14_02_04,2026,general,一般会計,14,都支出金,02,都補助金,04,衛生費補助金,17,健康診査費,02,歯周疾患健診,世田谷保健所 健康推進課,都支出金,specific,17330,16536,-794,false,1,ippansainyu.csv,18452
rd_2026_general_revenue_14_02_04_17_03_3785100000,rs_2026_general_revenue_14_02_04_17,2026_general_revenue_14_02_04,2026,general,一般会計,14,都支出金,02,都補助金,04,衛生費補助金,17,健康診査費,03,成人健康診査,世田谷保健所 健康企画課,都支出金,specific,12488,11493,-995,false,1,ippansainyu.csv,18413
rd_2026_general_revenue_14_02_04_18_03_3785100000,rs_2026_general_revenue_14_02_04_18,2026_general_revenue_14_02_04,2026,general,一般会計,14,都支出金,02,都補助金,04,衛生費補助金,18,感染症対策費,03,肝炎ウイルス検診,世田谷保健所 健康企画課,都支出金,specific,6079,6364,285,false,1,ippansainyu.csv,18414
rd_2026_general_revenue_14_02_04_19_01_3785200000,rs_2026_general_revenue_14_02_04_19,2026_general_revenue_14_02_04,2026,general,一般会計,14,都支出金,02,都補助金,04,衛生費補助金,19,東京都妊婦健康診査事業費,01,妊婦健康診査事業費,世田谷保健所 健康推進課,都支出金,specific,92299,0,-92299,true,0,ippansainyu.csv,18453
rd_2026_general_revenue_14_02_04_19_02_3785200000,rs_2026_general_revenue_14_02_04_19,2026_general_revenue_14_02_04,2026,general,一般会計,14,都支出金,02,都補助金,04,衛生費補助金,19,東京都妊婦健康診査事業費,02,妊婦健康診査事業費,世田谷保健所 健康推進課,都支出金,specific,0,89501,89501,false,1,ippansainyu.csv,18454
rd_2026_general_revenue_14_02_04_26_01_3785200000,rs_2026_general_revenue_14_02_04_26,2026_general_revenue_14_02_04,2026,general,一般会計,14,都支出金,02,都補助金,04,衛生費補助金,26,地域自殺対策強化交付金,01,自殺対策強化事業,世田谷保健所 健康推進課,都支出金,specific,7006,5768,-1238,false,1,ippansainyu.csv,18455
rd_2026_general_revenue_14_02_04_27_01_3595150000,rs_2026_general_revenue_14_02_04_27,2026_general_revenue_14_02_04,2026,general,一般会計,14,都支出金,02,都補助金,04,衛生費補助金,27,小児初期救急施設整備費等補助金,01,小児初期救急設備整備費,保健福祉政策部 保福推進課,都支出金,specific,79,378,299,false,1,ippansainyu.csv,17266
rd_2026_general_revenue_14_02_04_32_01_3785200000,rs_2026_general_revenue_14_02_04_32,2026_general_revenue_14_02_04,2026,general,一般会計,14,都支出金,02,都補助金,04,衛生費補助金,32,健康相談費,01,区民歯科相談,世田谷保健所 健康推進課,都支出金,specific,1289,1289,0,false,1,ippansainyu.csv,18456
rd_2026_general_revenue_14_02_04_38_02_3785250000,rs_2026_general_revenue_14_02_04_38,2026_general_revenue_14_02_04,2026,general,一般会計,14,都支出金,02,都補助金,04,衛生費補助金,38,帯状疱疹ワクチン任意接種補助事業,02,帯状疱疹ワクチン任意接種補助事業,世田谷保健所 感染症対策課,都支出金,specific,63243,0,-63243,true,0,ippansainyu.csv,18495
rd_2026_general_revenue_14_02_04_39_02_3785250000,rs_2026_general_revenue_14_02_04_39,2026_general_revenue_14_02_04,2026,general,一般会計,14,都支出金,02,都補助金,04,衛生費補助金,39,ＨＰＶワクチン男性接種補助事業,02,ＨＰＶワクチン男性接種補助事業,世田谷保健所 感染症対策課,都支出金,specific,26483,17870,-8613,false,1,ippansainyu.csv,18496
rd_2026_general_revenue_14_02_04_41_01_3785250000,rs_2026_general_revenue_14_02_04_41,2026_general_revenue_14_02_04,2026,general,一般会計,14,都支出金,02,都補助金,04,衛生費補助金,41,小児インフルエンザワクチン任意接種補助事業,01,小児インフルエンザワクチン任意接種補助事業,世田谷保健所 感染症対策課,都支出金,specific,80844,89978,9134,false,1,ippansainyu.csv,18497
rd_2026_general_revenue_14_02_05_01_01_3525400000,rs_2026_general_revenue_14_02_05_01,2026_general_revenue_14_02_05,2026,general,一般会計,14,都支出金,02,都補助金,05,産業経済費補助金,01,農業委員会費,01,委員報酬,経済産業部 都市農業課,都支出金,specific,1135,1135,0,false,1,ippansainyu.csv,17184
rd_2026_general_revenue_14_02_05_01_02_3525400000,rs_2026_general_revenue_14_02_05_01,2026_general_revenue_14_02_05,2026,general,一般会計,14,都支出金,02,都補助金,05,産業経済費補助金,01,農業委員会費,02,事務運営,経済産業部 都市農業課,都支出金,specific,160,160,0,false,1,ippansainyu.csv,17185
rd_2026_general_revenue_14_02_05_05_11_3525100000,rs_2026_general_revenue_14_02_05_05,2026_general_revenue_14_02_05,2026,general,一般会計,14,都支出金,02,都補助金,05,産業経済費補助金,05,商業振興費,11,商店街イベント支援事業,経済産業部 商業課,都支出金,specific,100183,125472,25289,false,1,ippansainyu.csv,17161
rd_2026_general_revenue_14_02_05_05_13_3525100000,rs_2026_general_revenue_14_02_05_05,2026_general_revenue_14_02_05,2026,general,一般会計,14,都支出金,02,都補助金,05,産業経済費補助金,05,商業振興費,13,活力ある商店街育成事業,経済産業部 商業課,都支出金,specific,24099,18219,-5880,false,1,ippansainyu.csv,17162
rd_2026_general_revenue_14_02_05_10_01_3525350000,rs_2026_general_revenue_14_02_05_10,2026_general_revenue_14_02_05,2026,general,一般会計,14,都支出金,02,都補助金,05,産業経済費補助金,10,就業推進事業費,01,シルバー人材センター,経済産業部 工・建・雇用促進課,都支出金,specific,14995,14995,0,false,1,ippansainyu.csv,17179
rd_2026_general_revenue_14_02_05_18_01_3785200000,rs_2026_general_revenue_14_02_05_18,2026_general_revenue_14_02_05,2026,general,一般会計,14,都支出金,02,都補助金,05,産業経済費補助金,18,区市町村食育推進活動支援事業費補助金,01,食育推進事業費,世田谷保健所 健康推進課,都支出金,specific,1000,980,-20,false,1,ippansainyu.csv,18457
rd_2026_general_revenue_14_02_05_21_01_3525350000,rs_2026_general_revenue_14_02_05_21,2026_general_revenue_14_02_05,2026,general,一般会計,14,都支出金,02,都補助金,05,産業経済費補助金,21,都内ものづくり企業立地継続支援事業,01,都内ものづくり企業立地継続支援事業,経済産業部 工・建・雇用促進課,都支出金,specific,2500,2500,0,false,1,ippansainyu.csv,17180
rd_2026_general_revenue_14_02_05_26_01_3525400000,rs_2026_general_revenue_14_02_05_26,2026_general_revenue_14_02_05,2026,general,一般会計,14,都支出金,02,都補助金,05,産業経済費補助金,26,農作物獣害防止対策事業費補助金,01,農作物獣害防止対策事業,経済産業部 都市農業課,都支出金,specific,594,594,0,false,1,ippansainyu.csv,17186
rd_2026_general_revenue_14_02_05_27_02_3835300000,rs_2026_general_revenue_14_02_05_27,2026_general_revenue_14_02_05,2026,general,一般会計,14,都支出金,02,都補助金,05,産業経済費補助金,27,都市農地保全支援プロジェクト補助金,02,農業公園整備事業,みどり33推進担当部 公園緑地課,都支出金,specific,0,8147,8147,false,1,ippansainyu.csv,18633
rd_2026_general_revenue_14_02_05_31_02_4965200000,rs_2026_general_revenue_14_02_05_31,2026_general_revenue_14_02_05,2026,general,一般会計,14,都支出金,02,都補助金,05,産業経済費補助金,31,公共施設への多摩産材利用促進プロジェクト事業,02,図書館,教育委員会事務局 中央図書館,都支出金,specific,10346,0,-10346,true,0,ippansainyu.csv,18840
rd_2026_general_revenue_14_02_05_31_03_3835300000,rs_2026_general_revenue_14_02_05_31,2026_general_revenue_14_02_05,2026,general,一般会計,14,都支出金,02,都補助金,05,産業経済費補助金,31,公共施設への多摩産材利用促進プロジェクト事業,03,公園整備,みどり33推進担当部 公園緑地課,都支出金,specific,6118,0,-6118,true,0,ippansainyu.csv,18634
rd_2026_general_revenue_14_02_05_34_01_3525100000,rs_2026_general_revenue_14_02_05_34,2026_general_revenue_14_02_05,2026,general,一般会計,14,都支出金,02,都補助金,05,産業経済費補助金,34,未来を創る商店街支援事業,01,未来を創る商店街支援事業,経済産業部 商業課,都支出金,specific,2500,3000,500,false,1,ippansainyu.csv,17163
rd_2026_general_revenue_14_02_05_36_01_3525400000,rs_2026_general_revenue_14_02_05_36,2026_general_revenue_14_02_05,2026,general,一般会計,14,都支出金,02,都補助金,05,産業経済費補助金,36,未来に残す東京の農地プロジェクト補助金,01,区民農園維持運営,経済産業部 都市農業課,都支出金,specific,16133,26141,10008,false,1,ippansainyu.csv,17187
rd_2026_general_revenue_14_02_05_36_02_3525400000,rs_2026_general_revenue_14_02_05_36,2026_general_revenue_14_02_05,2026,general,一般会計,14,都支出金,02,都補助金,05,産業経済費補助金,36,未来に残す東京の農地プロジェクト補助金,02,農地の保全,経済産業部 都市農業課,都支出金,specific,3067,8180,5113,false,1,ippansainyu.csv,17188
rd_2026_general_revenue_14_02_05_37_01_3525400000,rs_2026_general_revenue_14_02_05_37,2026_general_revenue_14_02_05,2026,general,一般会計,14,都支出金,02,都補助金,05,産業経済費補助金,37,都市農業経営力強化事業補助金,01,農地の保全,経済産業部 都市農業課,都支出金,specific,17220,0,-17220,true,0,ippansainyu.csv,17189
rd_2026_general_revenue_14_02_05_38_01_3525100000,rs_2026_general_revenue_14_02_05_38,2026_general_revenue_14_02_05,2026,general,一般会計,14,都支出金,02,都補助金,05,産業経済費補助金,38,地域の観光需要対応支援事業,01,地域の観光需要対応支援事業,経済産業部 商業課,都支出金,specific,5000,0,-5000,true,0,ippansainyu.csv,17164
rd_2026_general_revenue_14_02_05_39_01_3525100000,rs_2026_general_revenue_14_02_05_39,2026_general_revenue_14_02_05,2026,general,一般会計,14,都支出金,02,都補助金,05,産業経済費補助金,39,地域産業活力創出支援事業,01,せたがやＰａｙ機能拡充事業,経済産業部 商業課,都支出金,specific,4000,4000,0,false,1,ippansainyu.csv,17165
rd_2026_general_revenue_14_02_05_39_02_3525100000,rs_2026_general_revenue_14_02_05_39,2026_general_revenue_14_02_05,2026,general,一般会計,14,都支出金,02,都補助金,05,産業経済費補助金,39,地域産業活力創出支援事業,02,エリアリノベーション事業等,経済産業部 商業課,都支出金,specific,5491,6363,872,false,1,ippansainyu.csv,17166
rd_2026_general_revenue_14_02_05_39_03_3525210000,rs_2026_general_revenue_14_02_05_39,2026_general_revenue_14_02_05,2026,general,一般会計,14,都支出金,02,都補助金,05,産業経済費補助金,39,地域産業活力創出支援事業,03,事業承継プラットフォーム,経済産業部 経済課,都支出金,specific,3449,2854,-595,false,1,ippansainyu.csv,17169
rd_2026_general_revenue_14_02_05_39_04_3525210000,rs_2026_general_revenue_14_02_05_39,2026_general_revenue_14_02_05,2026,general,一般会計,14,都支出金,02,都補助金,05,産業経済費補助金,39,地域産業活力創出支援事業,04,せたがや産業創造プラットフォーム,経済産業部 経済課,都支出金,specific,14208,14712,504,false,1,ippansainyu.csv,17170
rd_2026_general_revenue_14_02_05_39_05_3525210000,rs_2026_general_revenue_14_02_05_39,2026_general_revenue_14_02_05,2026,general,一般会計,14,都支出金,02,都補助金,05,産業経済費補助金,39,地域産業活力創出支援事業,05,中小事業者経営支援事業,経済産業部 経済課,都支出金,specific,39442,38792,-650,false,1,ippansainyu.csv,17171
rd_2026_general_revenue_14_02_05_39_06_3525210000,rs_2026_general_revenue_14_02_05_39,2026_general_revenue_14_02_05,2026,general,一般会計,14,都支出金,02,都補助金,05,産業経済費補助金,39,地域産業活力創出支援事業,06,ソーシャルビジネス促進事業,経済産業部 経済課,都支出金,specific,5926,3824,-2102,false,1,ippansainyu.csv,17172
rd_2026_general_revenue_14_02_05_39_07_3525210000,rs_2026_general_revenue_14_02_05_39,2026_general_revenue_14_02_05,2026,general,一般会計,14,都支出金,02,都補助金,05,産業経済費補助金,39,地域産業活力創出支援事業,07,中小企業等ハンズオン支援事業,経済産業部 経済課,都支出金,specific,32893,38362,5469,false,1,ippansainyu.csv,17173
rd_2026_general_revenue_14_02_05_40_01_3595110000,rs_2026_general_revenue_14_02_05_40,2026_general_revenue_14_02_05,2026,general,一般会計,14,都支出金,02,都補助金,05,産業経済費補助金,40,東京都地域人材確保総合支援事業,01,福祉人材確保対策事業,保健福祉政策部 保健福祉政策課,都支出金,specific,3905,4193,288,false,1,ippansainyu.csv,17249
rd_2026_general_revenue_14_02_05_40_02_3525350000,rs_2026_general_revenue_14_02_05_40,2026_general_revenue_14_02_05,2026,general,一般会計,14,都支出金,02,都補助金,05,産業経済費補助金,40,東京都地域人材確保総合支援事業,02,地域人材確保総合支援事業,経済産業部 工・建・雇用促進課,都支出金,specific,37145,41559,4414,false,1,ippansainyu.csv,17181
rd_2026_general_revenue_14_02_05_40_03_3655200000,rs_2026_general_revenue_14_02_05_40,2026_general_revenue_14_02_05,2026,general,一般会計,14,都支出金,02,都補助金,05,産業経済費補助金,40,東京都地域人材確保総合支援事業,03,障害者就労促進事業,障害福祉部 障害地域生活課,都支出金,specific,503,0,-503,true,0,ippansainyu.csv,17863
rd_2026_general_revenue_14_02_05_41_01_3525100000,rs_2026_general_revenue_14_02_05_41,2026_general_revenue_14_02_05,2026,general,一般会計,14,都支出金,02,都補助金,05,産業経済費補助金,41,未来商店街活力向上支援事業,01,未来商店街活力向上支援事業,経済産業部 商業課,都支出金,specific,0,7000,7000,false,1,ippansainyu.csv,17167
rd_2026_general_revenue_14_02_06_01_01_3865300000,rs_2026_general_revenue_14_02_06_01,2026_general_revenue_14_02_06,2026,general,一般会計,14,都支出金,02,都補助金,06,土木費補助金,01,都市計画交付金,01,道路用地,道路・交通計画部 道路計画課,都支出金,specific,368998,369996,998,false,1,ippansainyu.csv,18665
rd_2026_general_revenue_14_02_06_01_02_3835400000,rs_2026_general_revenue_14_02_06_01,2026_general_revenue_14_02_06,2026,general,一般会計,14,都支出金,02,都補助金,06,土木費補助金,01,都市計画交付金,02,公園用地,みどり33推進担当部 公園利活用推進課,都支出金,specific,487201,561835,74634,false,1,ippansainyu.csv,18650
rd_2026_general_revenue_14_02_06_01_03_3865500000,rs_2026_general_revenue_14_02_06_01,2026_general_revenue_14_02_06,2026,general,一般会計,14,都支出金,02,都補助金,06,土木費補助金,01,都市計画交付金,03,連続立体交差化事業,道路・交通計画部 交通政策課,都支出金,specific,383344,404765,21421,false,1,ippansainyu.csv,18674
rd_2026_general_revenue_14_02_06_01_05_3835300000,rs_2026_general_revenue_14_02_06_01,2026_general_revenue_14_02_06,2026,general,一般会計,14,都支出金,02,都補助金,06,土木費補助金,01,都市計画交付金,05,公園整備,みどり33推進担当部 公園緑地課,都支出金,specific,166878,27215,-139663,false,1,ippansainyu.csv,18635
rd_2026_general_revenue_14_02_06_01_06_3865300000,rs_2026_general_revenue_14_02_06_01,2026_general_revenue_14_02_06,2026,general,一般会計,14,都支出金,02,都補助金,06,土木費補助金,01,都市計画交付金,06,道路用地（地先道路）,道路・交通計画部 道路計画課,都支出金,specific,2798,0,-2798,true,0,ippansainyu.csv,18666
rd_2026_general_revenue_14_02_06_01_44_3865500000,rs_2026_general_revenue_14_02_06_01,2026_general_revenue_14_02_06,2026,general,一般会計,14,都支出金,02,都補助金,06,土木費補助金,01,都市計画交付金,44,京王街づくり側道,道路・交通計画部 交通政策課,都支出金,specific,78750,75266,-3484,false,1,ippansainyu.csv,18675
rd_2026_general_revenue_14_02_06_01_47_3895300000,rs_2026_general_revenue_14_02_06_01,2026_general_revenue_14_02_06,2026,general,一般会計,14,都支出金,02,都補助金,06,土木費補助金,01,都市計画交付金,47,道路整備（世田谷・北沢・烏山）,土木部 工事第一課,都支出金,specific,52536,14032,-38504,false,1,ippansainyu.csv,18720
rd_2026_general_revenue_14_02_06_01_48_3895400000,rs_2026_general_revenue_14_02_06_01,2026_general_revenue_14_02_06,2026,general,一般会計,14,都支出金,02,都補助金,06,土木費補助金,01,都市計画交付金,48,道路整備（玉川・砧）,土木部 工事第二課,都支出金,specific,38575,18443,-20132,false,1,ippansainyu.csv,18736
rd_2026_general_revenue_14_02_06_01_50_3895400000,rs_2026_general_revenue_14_02_06_01,2026_general_revenue_14_02_06,2026,general,一般会計,14,都支出金,02,都補助金,06,土木費補助金,01,都市計画交付金,50,橋梁新設改良,土木部 工事第二課,都支出金,specific,25062,270350,245288,false,1,ippansainyu.csv,18737
rd_2026_general_revenue_14_02_06_01_51_3835300000,rs_2026_general_revenue_14_02_06_01,2026_general_revenue_14_02_06,2026,general,一般会計,14,都支出金,02,都補助金,06,土木費補助金,01,都市計画交付金,51,大規模公園改修,みどり33推進担当部 公園緑地課,都支出金,specific,102474,153540,51066,false,1,ippansainyu.csv,18636
rd_2026_general_revenue_14_02_06_01_52_3445550000,rs_2026_general_revenue_14_02_06_01,2026_general_revenue_14_02_06,2026,general,一般会計,14,都支出金,02,都補助金,06,土木費補助金,01,都市計画交付金,52,大蔵運動公園改修,スポーツ推進部 スポーツ施設課,都支出金,specific,112266,0,-112266,true,0,ippansainyu.csv,17113
rd_2026_general_revenue_14_02_06_01_53_3445550000,rs_2026_general_revenue_14_02_06_01,2026_general_revenue_14_02_06,2026,general,一般会計,14,都支出金,02,都補助金,06,土木費補助金,01,都市計画交付金,53,大蔵第二運動公園改修,スポーツ推進部 スポーツ施設課,都支出金,specific,30492,0,-30492,true,0,ippansainyu.csv,17114
rd_2026_general_revenue_14_02_06_01_64_3895400000,rs_2026_general_revenue_14_02_06_01,2026_general_revenue_14_02_06,2026,general,一般会計,14,都支出金,02,都補助金,06,土木費補助金,01,都市計画交付金,64,無電柱化整備（玉川・砧）,土木部 工事第二課,都支出金,specific,5104,9263,4159,false,1,ippansainyu.csv,18738
rd_2026_general_revenue_14_02_06_01_66_3445600000,rs_2026_general_revenue_14_02_06_01,2026_general_revenue_14_02_06,2026,general,一般会計,14,都支出金,02,都補助金,06,土木費補助金,01,都市計画交付金,66,上用賀公園拡張整備,スポーツ推進部 拠点スポ整備課,都支出金,specific,10125,39457,29332,false,1,ippansainyu.csv,17133
rd_2026_general_revenue_14_02_06_01_68_3865300000,rs_2026_general_revenue_14_02_06_01,2026_general_revenue_14_02_06,2026,general,一般会計,14,都支出金,02,都補助金,06,土木費補助金,01,都市計画交付金,68,道路用地,道路・交通計画部 道路計画課,都支出金,specific,9934,10483,549,false,1,ippansainyu.csv,18667
rd_2026_general_revenue_14_02_06_01_71_3835300000,rs_2026_general_revenue_14_02_06_01,2026_general_revenue_14_02_06,2026,general,一般会計,14,都支出金,02,都補助金,06,土木費補助金,01,都市計画交付金,71,公園・身近な広場維持運営,みどり33推進担当部 公園緑地課,都支出金,specific,3300,0,-3300,true,0,ippansainyu.csv,18637
rd_2026_general_revenue_14_02_06_01_74_3825110000,rs_2026_general_revenue_14_02_06_01,2026_general_revenue_14_02_06,2026,general,一般会計,14,都支出金,02,都補助金,06,土木費補助金,01,都市計画交付金,74,市街地再開発事業（千歳烏山駅周辺地区）,防災街づくり担当部 市街地整備課,都支出金,specific,0,0,0,true,0,ippansainyu.csv,18601
rd_2026_general_revenue_14_02_06_11_26_3825100000,rs_2026_general_revenue_14_02_06_11,2026_general_revenue_14_02_06,2026,general,一般会計,14,都支出金,02,都補助金,06,土木費補助金,11,木造住宅密集地域整備促進費,26,木造住宅密集地域の解消（木密）,防災街づくり担当部 防災街づくり課,都支出金,specific,14504,32014,17510,false,1,ippansainyu.csv,18589
rd_2026_general_revenue_14_02_06_11_32_3825100000,rs_2026_general_revenue_14_02_06_11,2026_general_revenue_14_02_06,2026,general,一般会計,14,都支出金,02,都補助金,06,土木費補助金,11,木造住宅密集地域整備促進費,32,祖師ヶ谷大蔵駅周辺地区街づくりの推進,防災街づくり担当部 防災街づくり課,都支出金,specific,0,2182,2182,false,1,ippansainyu.csv,18590
rd_2026_general_revenue_14_02_06_14_01_3815100000,rs_2026_general_revenue_14_02_06_14,2026_general_revenue_14_02_06,2026,general,一般会計,14,都支出金,02,都補助金,06,土木費補助金,14,国土利用計画事務費,01,国土利用計画,都市整備政策部 都市計画課,都支出金,specific,96,86,-10,false,1,ippansainyu.csv,18524
rd_2026_general_revenue_14_02_06_23_02_3815450000,rs_2026_general_revenue_14_02_06_23,2026_general_revenue_14_02_06,2026,general,一般会計,14,都支出金,02,都補助金,06,土木費補助金,23,家賃収入補助,02,公営住宅,都市整備政策部 住宅課,都支出金,specific,16619,18401,1782,false,1,ippansainyu.csv,18554
rd_2026_general_revenue_14_02_06_25_02_3865500000,rs_2026_general_revenue_14_02_06_25,2026_general_revenue_14_02_06,2026,general,一般会計,14,都支出金,02,都補助金,06,土木費補助金,25,鉄道駅エレベーター等整備補助,02,鉄道駅ホームドア整備補助,道路・交通計画部 交通政策課,都支出金,specific,240000,0,-240000,true,0,ippansainyu.csv,18676
rd_2026_general_revenue_14_02_06_37_01_3825100000,rs_2026_general_revenue_14_02_06_37,2026_general_revenue_14_02_06,2026,general,一般会計,14,都支出金,02,都補助金,06,土木費補助金,37,緊急輸送道路沿道建築物耐震化促進事業費,01,緊急輸送道路沿道建築物耐震化促進事業費,防災街づくり担当部 防災街づくり課,都支出金,specific,23267,37981,14714,false,1,ippansainyu.csv,18591
rd_2026_general_revenue_14_02_06_39_01_3825100000,rs_2026_general_revenue_14_02_06_39,2026_general_revenue_14_02_06,2026,general,一般会計,14,都支出金,02,都補助金,06,土木費補助金,39,耐震化促進普及啓発活動支援事業,01,建築物耐震診断・補強工事,防災街づくり担当部 防災街づくり課,都支出金,specific,3904,5386,1482,false,1,ippansainyu.csv,18592
rd_2026_general_revenue_14_02_06_41_06_3895300000,rs_2026_general_revenue_14_02_06_41,2026_general_revenue_14_02_06,2026,general,一般会計,14,都支出金,02,都補助金,06,土木費補助金,41,無電柱化事業補助,06,無電柱化整備（世田谷・北沢・烏山）,土木部 工事第一課,都支出金,specific,4500,3000,-1500,false,1,ippansainyu.csv,18721
rd_2026_general_revenue_14_02_06_41_07_3895400000,rs_2026_general_revenue_14_02_06_41,2026_general_revenue_14_02_06,2026,general,一般会計,14,都支出金,02,都補助金,06,土木費補助金,41,無電柱化事業補助,07,無電柱化整備（玉川・砧）,土木部 工事第二課,都支出金,specific,9000,5400,-3600,false,1,ippansainyu.csv,18739
rd_2026_general_revenue_14_02_06_45_01_3825100000,rs_2026_general_revenue_14_02_06_45,2026_general_revenue_14_02_06,2026,general,一般会計,14,都支出金,02,都補助金,06,土木費補助金,45,不燃化推進特定整備事業,01,木造住宅密集地域の解消（不燃化特区）,防災街づくり担当部 防災街づくり課,都支出金,specific,155521,130360,-25161,false,1,ippansainyu.csv,18593
rd_2026_general_revenue_14_02_06_48_01_3825100000,rs_2026_general_revenue_14_02_06_48,2026_general_revenue_14_02_06,2026,general,一般会計,14,都支出金,02,都補助金,06,土木費補助金,48,マンション耐震化促進事業,01,マンション耐震化促進事業,防災街づくり担当部 防災街づくり課,都支出金,specific,32903,28012,-4891,false,1,ippansainyu.csv,18594
rd_2026_general_revenue_14_02_06_52_06_3815500000,rs_2026_general_revenue_14_02_06_52,2026_general_revenue_14_02_06,2026,general,一般会計,14,都支出金,02,都補助金,06,土木費補助金,52,空き家利活用等区市町村支援事業,06,空き家相談体制整備,都市整備政策部 居住支援課,都支出金,specific,3668,3637,-31,false,1,ippansainyu.csv,18572
rd_2026_general_revenue_14_02_06_52_08_3825150000,rs_2026_general_revenue_14_02_06_52,2026_general_revenue_14_02_06,2026,general,一般会計,14,都支出金,02,都補助金,06,土木費補助金,52,空き家利活用等区市町村支援事業,08,空き家対策基本型事業,防災街づくり担当部 建築安全課,都支出金,specific,905,10972,10067,false,1,ippansainyu.csv,18606
rd_2026_general_revenue_14_02_06_52_09_3815500000,rs_2026_general_revenue_14_02_06_52,2026_general_revenue_14_02_06,2026,general,一般会計,14,都支出金,02,都補助金,06,土木費補助金,52,空き家利活用等区市町村支援事業,09,空き家地域活性化施設改修,都市整備政策部 居住支援課,都支出金,specific,1500,1500,0,false,1,ippansainyu.csv,18573
rd_2026_general_revenue_14_02_06_57_01_3825100000,rs_2026_general_revenue_14_02_06_57,2026_general_revenue_14_02_06,2026,general,一般会計,14,都支出金,02,都補助金,06,土木費補助金,57,防災生活道路整備・不燃化促進事業費,01,木造住宅密集地域の解消（地区防災不燃化促進）,防災街づくり担当部 防災街づくり課,都支出金,specific,2661,2749,88,false,1,ippansainyu.csv,18595
rd_2026_general_revenue_14_02_06_58_01_3815500000,rs_2026_general_revenue_14_02_06_58,2026_general_revenue_14_02_06,2026,general,一般会計,14,都支出金,02,都補助金,06,土木費補助金,58,住宅セーフティネット制度活用助成事業,01,住宅セーフティネット制度活用助成事業,都市整備政策部 居住支援課,都支出金,specific,3480,3720,240,false,1,ippansainyu.csv,18574
rd_2026_general_revenue_14_02_06_61_01_3835400000,rs_2026_general_revenue_14_02_06_61,2026_general_revenue_14_02_06,2026,general,一般会計,14,都支出金,02,都補助金,06,土木費補助金,61,生産緑地買取り事業補助金,01,都市計画公園・緑地整備,みどり33推進担当部 公園利活用推進課,都支出金,specific,421865,135557,-286308,false,1,ippansainyu.csv,18651
rd_2026_general_revenue_14_02_06_62_02_3825100000,rs_2026_general_revenue_14_02_06_62,2026_general_revenue_14_02_06,2026,general,一般会計,14,都支出金,02,都補助金,06,土木費補助金,62,ブロック塀等安全対策促進事業,02,ブロック塀等安全対策促進事業,防災街づくり担当部 防災街づくり課,都支出金,specific,1000,1062,62,false,1,ippansainyu.csv,18596
rd_2026_general_revenue_14_02_06_65_01_3825100000,rs_2026_general_revenue_14_02_06_65,2026_general_revenue_14_02_06,2026,general,一般会計,14,都支出金,02,都補助金,06,土木費補助金,65,戸建住宅等耐震化促進事業,01,戸建住宅等耐震化促進事業,防災街づくり担当部 防災街づくり課,都支出金,specific,30415,42684,12269,false,1,ippansainyu.csv,18597
rd_2026_general_revenue_14_02_06_66_01_3865500000,rs_2026_general_revenue_14_02_06_66,2026_general_revenue_14_02_06,2026,general,一般会計,14,都支出金,02,都補助金,06,土木費補助金,66,持続可能な地域公共交通実現に向けた事業費補助金,01,持続可能な地域公共交通実現に向けた事業費補助金,道路・交通計画部 交通政策課,都支出金,specific,13053,5232,-7821,false,1,ippansainyu.csv,18677
rd_2026_general_revenue_14_02_06_70_01_3825110000,rs_2026_general_revenue_14_02_06_70,2026_general_revenue_14_02_06,2026,general,一般会計,14,都支出金,02,都補助金,06,土木費補助金,70,東京都住宅・建築物土砂災害対策事業補助金,01,住宅・建築物土砂災害対策改修事業,防災街づくり担当部 市街地整備課,都支出金,specific,193,193,0,false,1,ippansainyu.csv,18602
rd_2026_general_revenue_14_02_06_71_01_3895170000,rs_2026_general_revenue_14_02_06_71,2026_general_revenue_14_02_06,2026,general,一般会計,14,都支出金,02,都補助金,06,土木費補助金,71,流域対策等強化・推進事業,01,雨水流出抑制施設設置事業,土木部 豪雨・下水道整備課,都支出金,specific,2404,2347,-57,false,1,ippansainyu.csv,18691
rd_2026_general_revenue_14_02_06_71_02_3895170000,rs_2026_general_revenue_14_02_06_71,2026_general_revenue_14_02_06,2026,general,一般会計,14,都支出金,02,都補助金,06,土木費補助金,71,流域対策等強化・推進事業,02,雨水流出抑制気運醸成事業,土木部 豪雨・下水道整備課,都支出金,specific,1830,1463,-367,false,1,ippansainyu.csv,18692
rd_2026_general_revenue_14_02_06_71_03_4960160000,rs_2026_general_revenue_14_02_06_71,2026_general_revenue_14_02_06,2026,general,一般会計,14,都支出金,02,都補助金,06,土木費補助金,71,流域対策等強化・推進事業,03,雨水流出抑制施設設置事業（小学校）,教育委員会事務局 教育環境課,都支出金,specific,0,16118,16118,false,1,ippansainyu.csv,18798
rd_2026_general_revenue_14_02_06_71_04_3895170000,rs_2026_general_revenue_14_02_06_71,2026_general_revenue_14_02_06,2026,general,一般会計,14,都支出金,02,都補助金,06,土木費補助金,71,流域対策等強化・推進事業,04,雨水流出抑制先進的取組事業,土木部 豪雨・下水道整備課,都支出金,specific,0,10000,10000,false,1,ippansainyu.csv,18693
rd_2026_general_revenue_14_02_06_71_05_3895170000,rs_2026_general_revenue_14_02_06_71,2026_general_revenue_14_02_06,2026,general,一般会計,14,都支出金,02,都補助金,06,土木費補助金,71,流域対策等強化・推進事業,05,止水板設置事業,土木部 豪雨・下水道整備課,都支出金,specific,0,11313,11313,false,1,ippansainyu.csv,18694
rd_2026_general_revenue_14_02_06_72_01_3835100000,rs_2026_general_revenue_14_02_06_72,2026_general_revenue_14_02_06,2026,general,一般会計,14,都支出金,02,都補助金,06,土木費補助金,72,特別緑地保全地区買取等補助事業,01,特別保護区保護管理,みどり33推進担当部 みどり政策課,都支出金,specific,0,0,0,true,0,ippansainyu.csv,18611
rd_2026_general_revenue_14_02_07_09_01_4980100000,rs_2026_general_revenue_14_02_07_09,2026_general_revenue_14_02_07,2026,general,一般会計,14,都支出金,02,都補助金,07,教育費補助金,09,放課後子どもプラン,01,放課後子どもプラン,教育委員会事務局 地域学校連携課,都支出金,specific,144016,152508,8492,false,1,ippansainyu.csv,18874
rd_2026_general_revenue_14_02_07_09_02_4960100000,rs_2026_general_revenue_14_02_07_09,2026_general_revenue_14_02_07,2026,general,一般会計,14,都支出金,02,都補助金,07,教育費補助金,09,放課後子どもプラン,02,放課後子どもプラン,教育委員会事務局 教育総務課,都支出金,specific,109305,110377,1072,false,1,ippansainyu.csv,18751
rd_2026_general_revenue_14_02_07_15_04_4985300000,rs_2026_general_revenue_14_02_07_15,2026_general_revenue_14_02_07,2026,general,一般会計,14,都支出金,02,都補助金,07,教育費補助金,15,スクールソーシャルワーカー活用事業費,04,スクールソーシャルワーカー活用事業費,教育委員会事務局 支援教育課,都支出金,specific,0,115,115,false,1,ippansainyu.csv,18905
rd_2026_general_revenue_14_02_07_15_07_4960100000,rs_2026_general_revenue_14_02_07_15,2026_general_revenue_14_02_07,2026,general,一般会計,14,都支出金,02,都補助金,07,教育費補助金,15,スクールソーシャルワーカー活用事業費,07,スクールソーシャルワーカー活用事業費,教育委員会事務局 教育総務課,都支出金,specific,4561,4758,197,false,1,ippansainyu.csv,18752
rd_2026_general_revenue_14_02_07_15_10_4960100000,rs_2026_general_revenue_14_02_07_15,2026_general_revenue_14_02_07,2026,general,一般会計,14,都支出金,02,都補助金,07,教育費補助金,15,スクールソーシャルワーカー活用事業費,10,スクールソーシャルワーカー活用事業費,教育委員会事務局 教育総務課,都支出金,specific,9844,23300,13456,false,1,ippansainyu.csv,18753
rd_2026_general_revenue_14_02_07_15_11_4960100000,rs_2026_general_revenue_14_02_07_15,2026_general_revenue_14_02_07,2026,general,一般会計,14,都支出金,02,都補助金,07,教育費補助金,15,スクールソーシャルワーカー活用事業費,11,スクールソーシャルワーカー活用事業費,教育委員会事務局 教育総務課,都支出金,specific,12224,12621,397,false,1,ippansainyu.csv,18754
rd_2026_general_revenue_14_02_07_18_02_4965100000,rs_2026_general_revenue_14_02_07_18,2026_general_revenue_14_02_07,2026,general,一般会計,14,都支出金,02,都補助金,07,教育費補助金,18,教育支援活動促進事業,02,地域ぐるみの学校安全体制の整備補助金（こども１１０番）,教育委員会事務局 生涯学習課,都支出金,specific,240,240,0,false,1,ippansainyu.csv,18827
rd_2026_general_revenue_14_02_07_18_03_4960150000,rs_2026_general_revenue_14_02_07_18,2026_general_revenue_14_02_07,2026,general,一般会計,14,都支出金,02,都補助金,07,教育費補助金,18,教育支援活動促進事業,03,地域ぐるみの学校安全体制の整備補助金（登下校中のパトロール）,教育委員会事務局 学校健康推進課,都支出金,specific,22,22,0,false,1,ippansainyu.csv,18769
rd_2026_general_revenue_14_02_07_19_01_4965100000,rs_2026_general_revenue_14_02_07_19,2026_general_revenue_14_02_07,2026,general,一般会計,14,都支出金,02,都補助金,07,教育費補助金,19,家庭教育支援基盤形成事業費,01,家庭教育支援基盤形成事業費,教育委員会事務局 生涯学習課,都支出金,specific,1767,1720,-47,false,1,ippansainyu.csv,18828
rd_2026_general_revenue_14_02_07_20_01_4965100000,rs_2026_general_revenue_14_02_07_20,2026_general_revenue_14_02_07,2026,general,一般会計,14,都支出金,02,都補助金,07,教育費補助金,20,人権啓発活動区市町村補助金,01,人権啓発活動区市町村補助金,教育委員会事務局 生涯学習課,都支出金,specific,1023,913,-110,false,1,ippansainyu.csv,18829
rd_2026_general_revenue_14_02_07_21_01_4965100000,rs_2026_general_revenue_14_02_07_21,2026_general_revenue_14_02_07,2026,general,一般会計,14,都支出金,02,都補助金,07,教育費補助金,21,文化財保存事業費補助金,01,埋蔵文化財遺跡緊急発掘調査事業,教育委員会事務局 生涯学習課,都支出金,specific,6456,5576,-880,false,1,ippansainyu.csv,18830
rd_2026_general_revenue_14_02_07_23_01_4960160000,rs_2026_general_revenue_14_02_07_23,2026_general_revenue_14_02_07,2026,general,一般会計,14,都支出金,02,都補助金,07,教育費補助金,23,公立学校施設非構造部材耐震化支援事業補助金,01,小学校（防災機能強化）,教育委員会事務局 教育環境課,都支出金,specific,0,0,0,true,0,ippansainyu.csv,18799
rd_2026_general_revenue_14_02_07_23_02_4960160000,rs_2026_general_revenue_14_02_07_23,2026_general_revenue_14_02_07,2026,general,一般会計,14,都支出金,02,都補助金,07,教育費補助金,23,公立学校施設非構造部材耐震化支援事業補助金,02,中学校（防災機能強化）,教育委員会事務局 教育環境課,都支出金,specific,0,0,0,true,0,ippansainyu.csv,18800
rd_2026_general_revenue_14_02_07_27_01_4960160000,rs_2026_general_revenue_14_02_07_27,2026_general_revenue_14_02_07,2026,general,一般会計,14,都支出金,02,都補助金,07,教育費補助金,27,公立学校施設トイレ整備支援事業,01,小学校,教育委員会事務局 教育環境課,都支出金,specific,43479,0,-43479,true,0,ippansainyu.csv,18801
rd_2026_general_revenue_14_02_07_27_02_4960160000,rs_2026_general_revenue_14_02_07_27,2026_general_revenue_14_02_07,2026,general,一般会計,14,都支出金,02,都補助金,07,教育費補助金,27,公立学校施設トイレ整備支援事業,02,中学校,教育委員会事務局 教育環境課,都支出金,specific,17389,0,-17389,true,0,ippansainyu.csv,18802
rd_2026_general_revenue_14_02_07_30_01_4980100000,rs_2026_general_revenue_14_02_07_30,2026_general_revenue_14_02_07,2026,general,一般会計,14,都支出金,02,都補助金,07,教育費補助金,30,地域学校協働活動推進事業,01,学校支援地域本部,教育委員会事務局 地域学校連携課,都支出金,specific,22256,0,-22256,true,0,ippansainyu.csv,18875
rd_2026_general_revenue_14_02_07_31_02_4960100000,rs_2026_general_revenue_14_02_07_31,2026_general_revenue_14_02_07,2026,general,一般会計,14,都支出金,02,都補助金,07,教育費補助金,31,スクール・サポート・スタッフ配置支援事業補助金,02,スクール・サポート・スタッフ配置支援事業,教育委員会事務局 教育総務課,都支出金,specific,193382,218228,24846,false,1,ippansainyu.csv,18755
rd_2026_general_revenue_14_02_07_38_02_4985100000,rs_2026_general_revenue_14_02_07_38,2026_general_revenue_14_02_07,2026,general,一般会計,14,都支出金,02,都補助金,07,教育費補助金,38,不登校特例校設置学習環境整備事業,02,不登校特例校設置学習環境整備事業,教育委員会事務局 教育相談課,都支出金,specific,10000,0,-10000,true,0,ippansainyu.csv,18882
rd_2026_general_revenue_14_02_07_41_01_4975300000,rs_2026_general_revenue_14_02_07_41,2026_general_revenue_14_02_07,2026,general,一般会計,14,都支出金,02,都補助金,07,教育費補助金,41,学校飼育動物にかかる獣医師活用補助事業,01,学校飼育動物にかかる獣医師活用補助事業,教育委員会事務局 学務課,都支出金,specific,106,82,-24,false,1,ippansainyu.csv,18869
rd_2026_general_revenue_14_02_07_44_02_4985100000,rs_2026_general_revenue_14_02_07_44,2026_general_revenue_14_02_07,2026,general,一般会計,14,都支出金,02,都補助金,07,教育費補助金,44,教育支援センター機能強化補助事業補助金,02,教育支援センターの機能強化,教育委員会事務局 教育相談課,都支出金,specific,7080,2100,-4980,false,1,ippansainyu.csv,18883
rd_2026_general_revenue_14_02_07_45_01_4985120000,rs_2026_general_revenue_14_02_07_45,2026_general_revenue_14_02_07,2026,general,一般会計,14,都支出金,02,都補助金,07,教育費補助金,45,東京都デジタル利活用支援員配置支援事業,01,ＩＣＴ支援員,教育委員会事務局 教育ＤＸ推進担当課,都支出金,specific,189428,229499,40071,false,1,ippansainyu.csv,18894
rd_2026_general_revenue_14_02_07_48_01_4980100000,rs_2026_general_revenue_14_02_07_48,2026_general_revenue_14_02_07,2026,general,一般会計,14,都支出金,02,都補助金,07,教育費補助金,48,中学校の部活動における外部指導者配置支援事業,01,中学校の部活動における外部指導者配置支援事業,教育委員会事務局 地域学校連携課,都支出金,specific,100891,122447,21556,false,1,ippansainyu.csv,18876
rd_2026_general_revenue_14_02_07_53_01_4960100000,rs_2026_general_revenue_14_02_07_53,2026_general_revenue_14_02_07,2026,general,一般会計,14,都支出金,02,都補助金,07,教育費補助金,53,学校マネジメント強化事業,01,副校長補佐の配置,教育委員会事務局 教育総務課,都支出金,specific,32558,53601,21043,false,1,ippansainyu.csv,18756
rd_2026_general_revenue_14_02_07_54_01_4960150000,rs_2026_general_revenue_14_02_07_54,2026_general_revenue_14_02_07,2026,general,一般会計,14,都支出金,02,都補助金,07,教育費補助金,54,学校給食費支援事業,01,学校給食費支援事業,教育委員会事務局 学校健康推進課,都支出金,specific,1231365,0,-1231365,true,0,ippansainyu.csv,18770
rd_2026_general_revenue_14_02_07_54_02_4960150000,rs_2026_general_revenue_14_02_07_54,2026_general_revenue_14_02_07,2026,general,一般会計,14,都支出金,02,都補助金,07,教育費補助金,54,学校給食費支援事業,02,学校給食費支援事業,教育委員会事務局 学校健康推進課,都支出金,specific,2155,0,-2155,true,0,ippansainyu.csv,18771
rd_2026_general_revenue_14_02_07_54_03_4960150000,rs_2026_general_revenue_14_02_07_54,2026_general_revenue_14_02_07,2026,general,一般会計,14,都支出金,02,都補助金,07,教育費補助金,54,学校給食費支援事業,03,学校給食費支援事業,教育委員会事務局 学校健康推進課,都支出金,specific,7355,0,-7355,true,0,ippansainyu.csv,18772
rd_2026_general_revenue_14_02_07_54_04_4960150000,rs_2026_general_revenue_14_02_07_54,2026_general_revenue_14_02_07,2026,general,一般会計,14,都支出金,02,都補助金,07,教育費補助金,54,学校給食費支援事業,04,学校給食費支援事業,教育委員会事務局 学校健康推進課,都支出金,specific,8837,0,-8837,true,0,ippansainyu.csv,18773
rd_2026_general_revenue_14_02_07_54_05_4960150000,rs_2026_general_revenue_14_02_07_54,2026_general_revenue_14_02_07,2026,general,一般会計,14,都支出金,02,都補助金,07,教育費補助金,54,学校給食費支援事業,05,学校給食費支援事業,教育委員会事務局 学校健康推進課,都支出金,specific,0,8726,8726,false,1,ippansainyu.csv,18774
rd_2026_general_revenue_14_02_07_54_07_4960150000,rs_2026_general_revenue_14_02_07_54,2026_general_revenue_14_02_07,2026,general,一般会計,14,都支出金,02,都補助金,07,教育費補助金,54,学校給食費支援事業,07,学校給食費支援事業,教育委員会事務局 学校健康推進課,都支出金,specific,0,1345295,1345295,false,1,ippansainyu.csv,18775
rd_2026_general_revenue_14_02_07_54_08_4960150000,rs_2026_general_revenue_14_02_07_54,2026_general_revenue_14_02_07,2026,general,一般会計,14,都支出金,02,都補助金,07,教育費補助金,54,学校給食費支援事業,08,学校給食費支援事業,教育委員会事務局 学校健康推進課,都支出金,specific,0,2368,2368,false,1,ippansainyu.csv,18776
rd_2026_general_revenue_14_02_07_58_01_4975200000,rs_2026_general_revenue_14_02_07_58,2026_general_revenue_14_02_07,2026,general,一般会計,14,都支出金,02,都補助金,07,教育費補助金,58,エデュケーション・アシスタント配置支援事業,01,エデュケーション・アシスタント配置支援事業,教育委員会事務局 教育指導課,都支出金,specific,266039,293532,27493,false,1,ippansainyu.csv,18853
rd_2026_general_revenue_14_02_07_59_01_4960100000,rs_2026_general_revenue_14_02_07_59,2026_general_revenue_14_02_07,2026,general,一般会計,14,都支出金,02,都補助金,07,教育費補助金,59,東京都公立小・中学校インクルーシブ教育支援員配置補助事業,01,東京都公立小・中学校インクルーシブ教育支援員配置補助事業,教育委員会事務局 教育総務課,都支出金,specific,145775,195004,49229,false,1,ippansainyu.csv,18757
rd_2026_general_revenue_14_02_07_59_02_4960100000,rs_2026_general_revenue_14_02_07_59,2026_general_revenue_14_02_07,2026,general,一般会計,14,都支出金,02,都補助金,07,教育費補助金,59,東京都公立小・中学校インクルーシブ教育支援員配置補助事業,02,東京都公立小・中学校インクルーシブ教育支援員配置補助事業,教育委員会事務局 教育総務課,都支出金,specific,36366,0,-36366,true,0,ippansainyu.csv,18758
rd_2026_general_revenue_14_02_07_59_03_4985300000,rs_2026_general_revenue_14_02_07_59,2026_general_revenue_14_02_07,2026,general,一般会計,14,都支出金,02,都補助金,07,教育費補助金,59,東京都公立小・中学校インクルーシブ教育支援員配置補助事業,03,東京都公立小・中学校インクルーシブ教育支援員配置補助事業,教育委員会事務局 支援教育課,都支出金,specific,3770,9434,5664,false,1,ippansainyu.csv,18906
rd_2026_general_revenue_14_02_07_59_04_4975200000,rs_2026_general_revenue_14_02_07_59,2026_general_revenue_14_02_07,2026,general,一般会計,14,都支出金,02,都補助金,07,教育費補助金,59,東京都公立小・中学校インクルーシブ教育支援員配置補助事業,04,東京都公立小・中学校インクルーシブ教育支援員配置補助事業,教育委員会事務局 教育指導課,都支出金,specific,8330,8277,-53,false,1,ippansainyu.csv,18854
rd_2026_general_revenue_14_02_07_60_01_4985120000,rs_2026_general_revenue_14_02_07_60,2026_general_revenue_14_02_07,2026,general,一般会計,14,都支出金,02,都補助金,07,教育費補助金,60,公立幼稚園におけるＩＣＴ環境整備支援事業補助金,01,公立幼稚園におけるＩＣＴ環境整備支援事業補助金,教育委員会事務局 教育ＤＸ推進担当課,都支出金,specific,1457,0,-1457,true,0,ippansainyu.csv,18895
rd_2026_general_revenue_14_02_07_61_01_4975200000,rs_2026_general_revenue_14_02_07_61,2026_general_revenue_14_02_07,2026,general,一般会計,14,都支出金,02,都補助金,07,教育費補助金,61,笑顔と学びの体験活動プロジェクト子供企画型補助金,01,笑顔と学びの体験活動プロジェクト子供企画型補助金,教育委員会事務局 教育指導課,都支出金,specific,0,7200,7200,false,1,ippansainyu.csv,18855
rd_2026_general_revenue_14_02_07_62_01_4980100000,rs_2026_general_revenue_14_02_07_62,2026_general_revenue_14_02_07,2026,general,一般会計,14,都支出金,02,都補助金,07,教育費補助金,62,朝の子供の居場所づくり事業費補助金,01,朝の子供の居場所づくり事業費補助金,教育委員会事務局 地域学校連携課,都支出金,specific,0,15560,15560,false,1,ippansainyu.csv,18877
rd_2026_general_revenue_14_02_07_63_01_4980100000,rs_2026_general_revenue_14_02_07_63,2026_general_revenue_14_02_07,2026,general,一般会計,14,都支出金,02,都補助金,07,教育費補助金,63,地域学校協働活動推進事業,01,学校支援地域本部,教育委員会事務局 地域学校連携課,都支出金,specific,0,33538,33538,false,1,ippansainyu.csv,18878
rd_2026_general_revenue_14_02_07_64_01_4960160000,rs_2026_general_revenue_14_02_07_64,2026_general_revenue_14_02_07,2026,general,一般会計,14,都支出金,02,都補助金,07,教育費補助金,64,公立学校施設防災機能強化支援事業補助金,01,小学校（防災機能強化）,教育委員会事務局 教育環境課,都支出金,specific,0,128751,128751,false,1,ippansainyu.csv,18803
rd_2026_general_revenue_14_02_07_64_02_4960160000,rs_2026_general_revenue_14_02_07_64,2026_general_revenue_14_02_07,2026,general,一般会計,14,都支出金,02,都補助金,07,教育費補助金,64,公立学校施設防災機能強化支援事業補助金,02,中学校（防災機能強化）,教育委員会事務局 教育環境課,都支出金,specific,0,29832,29832,false,1,ippansainyu.csv,18804
rd_2026_general_revenue_14_02_07_64_03_4960160000,rs_2026_general_revenue_14_02_07_64,2026_general_revenue_14_02_07,2026,general,一般会計,14,都支出金,02,都補助金,07,教育費補助金,64,公立学校施設防災機能強化支援事業補助金,03,幼稚園（防災機能強化）,教育委員会事務局 教育環境課,都支出金,specific,0,0,0,true,0,ippansainyu.csv,18805
rd_2026_general_revenue_14_02_07_65_01_4975300000,rs_2026_general_revenue_14_02_07_65,2026_general_revenue_14_02_07,2026,general,一般会計,14,都支出金,02,都補助金,07,教育費補助金,65,東京都教育支援体制整備事業費補助金,01,帰国・外国人児童生徒等に対するきめ細かな支援事業,教育委員会事務局 学務課,都支出金,specific,0,4256,4256,false,1,ippansainyu.csv,18870
rd_2026_general_revenue_14_02_07_65_02_4975200000,rs_2026_general_revenue_14_02_07_65,2026_general_revenue_14_02_07,2026,general,一般会計,14,都支出金,02,都補助金,07,教育費補助金,65,東京都教育支援体制整備事業費補助金,02,帰国・外国人児童生徒等に対するきめ細かな支援事業,教育委員会事務局 教育指導課,都支出金,specific,0,12305,12305,false,1,ippansainyu.csv,18856
rd_2026_general_revenue_14_02_07_65_03_4960100000,rs_2026_general_revenue_14_02_07_65,2026_general_revenue_14_02_07,2026,general,一般会計,14,都支出金,02,都補助金,07,教育費補助金,65,東京都教育支援体制整備事業費補助金,03,帰国・外国人児童生徒等に対するきめ細かな支援事業,教育委員会事務局 教育総務課,都支出金,specific,0,13719,13719,false,1,ippansainyu.csv,18759
rd_2026_general_revenue_14_02_08_02_01_3595110000,rs_2026_general_revenue_14_02_08_02,2026_general_revenue_14_02_08,2026,general,一般会計,14,都支出金,02,都補助金,08,民生費補助金（２）,02,保育力強化事業補助金,01,第三者評価受審費加算分,保健福祉政策部 保健福祉政策課,都支出金,specific,8008,3478,-4530,false,1,ippansainyu.csv,17250
rd_2026_general_revenue_14_02_08_02_02_3665590000,rs_2026_general_revenue_14_02_08_02,2026_general_revenue_14_02_08,2026,general,一般会計,14,都支出金,02,都補助金,08,民生費補助金（２）,02,保育力強化事業補助金,02,認証保育所事業,子ども・若者部 保育認定・調整課,都支出金,specific,86195,99612,13417,false,1,ippansainyu.csv,18350
rd_2026_general_revenue_14_02_08_02_03_3665590000,rs_2026_general_revenue_14_02_08_02,2026_general_revenue_14_02_08,2026,general,一般会計,14,都支出金,02,都補助金,08,民生費補助金（２）,02,保育力強化事業補助金,03,一時預かり事業（認証保育所）,子ども・若者部 保育認定・調整課,都支出金,specific,3442,2753,-689,false,1,ippansainyu.csv,18351
rd_2026_general_revenue_14_02_08_04_01_3645300000,rs_2026_general_revenue_14_02_08_04,2026_general_revenue_14_02_08,2026,general,一般会計,14,都支出金,02,都補助金,08,民生費補助金（２）,04,介護予防・フレイル予防推進員配置事業補助金,01,介護予防・フレイル予防推進員配置事業,高齢福祉部 介護予防・支援課,都支出金,specific,120,120,0,false,1,ippansainyu.csv,17716
rd_2026_general_revenue_14_02_08_04_03_3645100000,rs_2026_general_revenue_14_02_08_04,2026_general_revenue_14_02_08,2026,general,一般会計,14,都支出金,02,都補助金,08,民生費補助金（２）,04,介護予防・フレイル予防推進員配置事業補助金,03,介護予防・フレイル予防推進員配置事業,高齢福祉部 高齢福祉課,都支出金,specific,7839,7643,-196,false,1,ippansainyu.csv,17514
rd_2026_general_revenue_14_02_08_08_01_3665570000,rs_2026_general_revenue_14_02_08_08,2026_general_revenue_14_02_08,2026,general,一般会計,14,都支出金,02,都補助金,08,民生費補助金（２）,08,未就園児等全戸訪問事業,01,未就園児等全戸訪問事業,子ども・若者部 児童相談支援課,都支出金,specific,891,441,-450,false,1,ippansainyu.csv,18165
rd_2026_general_revenue_14_02_08_10_01_3785200000,rs_2026_general_revenue_14_02_08_10,2026_general_revenue_14_02_08,2026,general,一般会計,14,都支出金,02,都補助金,08,民生費補助金（２）,10,とうきょうママパパ応援事業,01,必須事業,世田谷保健所 健康推進課,都支出金,specific,82999,64594,-18405,false,1,ippansainyu.csv,18458
rd_2026_general_revenue_14_02_08_10_04_3665500000,rs_2026_general_revenue_14_02_08_10,2026_general_revenue_14_02_08,2026,general,一般会計,14,都支出金,02,都補助金,08,民生費補助金（２）,10,とうきょうママパパ応援事業,04,多胎児家庭支援事業,子ども・若者部 子ども家庭課,都支出金,specific,53437,53004,-433,false,1,ippansainyu.csv,18110
rd_2026_general_revenue_14_02_08_10_07_3785200000,rs_2026_general_revenue_14_02_08_10,2026_general_revenue_14_02_08,2026,general,一般会計,14,都支出金,02,都補助金,08,民生費補助金（２）,10,とうきょうママパパ応援事業,07,多胎児家庭支援事業,世田谷保健所 健康推進課,都支出金,specific,7,0,-7,true,0,ippansainyu.csv,18459
rd_2026_general_revenue_14_02_08_10_08_3665200000,rs_2026_general_revenue_14_02_08_10,2026_general_revenue_14_02_08,2026,general,一般会計,14,都支出金,02,都補助金,08,民生費補助金（２）,10,とうきょうママパパ応援事業,08,多胎ピアサポート事業,子ども・若者部 児童課,都支出金,specific,968,1228,260,false,1,ippansainyu.csv,18029
rd_2026_general_revenue_14_02_08_10_10_3665500000,rs_2026_general_revenue_14_02_08_10,2026_general_revenue_14_02_08,2026,general,一般会計,14,都支出金,02,都補助金,08,民生費補助金（２）,10,とうきょうママパパ応援事業,10,バースデーサポート,子ども・若者部 子ども家庭課,都支出金,specific,7058,19552,12494,false,1,ippansainyu.csv,18111
rd_2026_general_revenue_14_02_08_10_11_3785200000,rs_2026_general_revenue_14_02_08_10,2026_general_revenue_14_02_08,2026,general,一般会計,14,都支出金,02,都補助金,08,民生費補助金（２）,10,とうきょうママパパ応援事業,11,出産・子育て応援交付金事業,世田谷保健所 健康推進課,都支出金,specific,57095,0,-57095,true,0,ippansainyu.csv,18460
rd_2026_general_revenue_14_02_08_10_12_3665570000,rs_2026_general_revenue_14_02_08_10,2026_general_revenue_14_02_08,2026,general,一般会計,14,都支出金,02,都補助金,08,民生費補助金（２）,10,とうきょうママパパ応援事業,12,産後ケア事業,子ども・若者部 児童相談支援課,都支出金,specific,39792,56071,16279,false,1,ippansainyu.csv,18166
rd_2026_general_revenue_14_02_08_10_14_3785200000,rs_2026_general_revenue_14_02_08_10,2026_general_revenue_14_02_08,2026,general,一般会計,14,都支出金,02,都補助金,08,民生費補助金（２）,10,とうきょうママパパ応援事業,14,多胎児家庭支援事業,世田谷保健所 健康推進課,都支出金,specific,0,8,8,false,1,ippansainyu.csv,18461
rd_2026_general_revenue_14_02_08_10_15_3785200000,rs_2026_general_revenue_14_02_08_10,2026_general_revenue_14_02_08,2026,general,一般会計,14,都支出金,02,都補助金,08,民生費補助金（２）,10,とうきょうママパパ応援事業,15,産婦健康診査事業,世田谷保健所 健康推進課,都支出金,specific,0,7230,7230,false,1,ippansainyu.csv,18462
rd_2026_general_revenue_14_02_08_11_01_3665590000,rs_2026_general_revenue_14_02_08_11,2026_general_revenue_14_02_08,2026,general,一般会計,14,都支出金,02,都補助金,08,民生費補助金（２）,11,認証保育所１歳児受入促進事業,01,認証保育所１歳児受入促進事業,子ども・若者部 保育認定・調整課,都支出金,specific,18596,25667,7071,false,1,ippansainyu.csv,18352
rd_2026_general_revenue_14_02_08_14_03_3665500000,rs_2026_general_revenue_14_02_08_14,2026_general_revenue_14_02_08,2026,general,一般会計,14,都支出金,02,都補助金,08,民生費補助金（２）,14,地域少子化対策重点推進交付金,03,地域少子化対策重点推進交付金,子ども・若者部 子ども家庭課,都支出金,specific,2481,2689,208,false,1,ippansainyu.csv,18112
rd_2026_general_revenue_14_02_08_16_01_3655200000,rs_2026_general_revenue_14_02_08_16,2026_general_revenue_14_02_08,2026,general,一般会計,14,都支出金,02,都補助金,08,民生費補助金（２）,16,重層的支援体制整備事業,01,地域活動支援センター運営助成,障害福祉部 障害地域生活課,都支出金,specific,3750,3750,0,false,1,ippansainyu.csv,17864
rd_2026_general_revenue_14_02_08_16_02_3655300000,rs_2026_general_revenue_14_02_08_16,2026_general_revenue_14_02_08,2026,general,一般会計,14,都支出金,02,都補助金,08,民生費補助金（２）,16,重層的支援体制整備事業,02,相談支援（機能強化事業）,障害福祉部 障害保健福祉課,都支出金,specific,31996,36532,4536,false,1,ippansainyu.csv,17920
rd_2026_general_revenue_14_02_08_16_03_3655300000,rs_2026_general_revenue_14_02_08_16,2026_general_revenue_14_02_08,2026,general,一般会計,14,都支出金,02,都補助金,08,民生費補助金（２）,16,重層的支援体制整備事業,03,相談支援（基幹相談支援センター）,障害福祉部 障害保健福祉課,都支出金,specific,4116,5449,1333,false,1,ippansainyu.csv,17921
rd_2026_general_revenue_14_02_08_16_04_3655300000,rs_2026_general_revenue_14_02_08_16,2026_general_revenue_14_02_08,2026,general,一般会計,14,都支出金,02,都補助金,08,民生費補助金（２）,16,重層的支援体制整備事業,04,相談支援（保健センター障害者専門相談）,障害福祉部 障害保健福祉課,都支出金,specific,13972,14852,880,false,1,ippansainyu.csv,17922
rd_2026_general_revenue_14_02_08_16_05_3655300000,rs_2026_general_revenue_14_02_08_16,2026_general_revenue_14_02_08,2026,general,一般会計,14,都支出金,02,都補助金,08,民生費補助金（２）,16,重層的支援体制整備事業,05,相談支援（保健センター乳幼児育成相談）,障害福祉部 障害保健福祉課,都支出金,specific,15048,15989,941,false,1,ippansainyu.csv,17923
rd_2026_general_revenue_14_02_08_16_06_3665580000,rs_2026_general_revenue_14_02_08_16,2026_general_revenue_14_02_08,2026,general,一般会計,14,都支出金,02,都補助金,08,民生費補助金（２）,16,重層的支援体制整備事業,06,地域子育て支援拠点事業（区立保育園）,子ども・若者部 保育課,都支出金,specific,17479,22029,4550,false,1,ippansainyu.csv,18295
rd_2026_general_revenue_14_02_08_16_07_3665500000,rs_2026_general_revenue_14_02_08_16,2026_general_revenue_14_02_08,2026,general,一般会計,14,都支出金,02,都補助金,08,民生費補助金（２）,16,重層的支援体制整備事業,07,利用者支援事業,子ども・若者部 子ども家庭課,都支出金,specific,30077,31631,1554,false,1,ippansainyu.csv,18113
rd_2026_general_revenue_14_02_08_16_08_3665500000,rs_2026_general_revenue_14_02_08_16,2026_general_revenue_14_02_08,2026,general,一般会計,14,都支出金,02,都補助金,08,民生費補助金（２）,16,重層的支援体制整備事業,08,地域子育て支援拠点事業（単独施設）,子ども・若者部 子ども家庭課,都支出金,specific,144846,166185,21339,false,1,ippansainyu.csv,18114
rd_2026_general_revenue_14_02_08_16_09_3665500000,rs_2026_general_revenue_14_02_08_16,2026_general_revenue_14_02_08,2026,general,一般会計,14,都支出金,02,都補助金,08,民生費補助金（２）,16,重層的支援体制整備事業,09,地域子育て支援拠点事業（子育てステーション）,子ども・若者部 子ども家庭課,都支出金,specific,25851,25548,-303,false,1,ippansainyu.csv,18115
rd_2026_general_revenue_14_02_08_16_10_3665200000,rs_2026_general_revenue_14_02_08_16,2026_general_revenue_14_02_08,2026,general,一般会計,14,都支出金,02,都補助金,08,民生費補助金（２）,16,重層的支援体制整備事業,10,地域子育て支援拠点事業（児童館）,子ども・若者部 児童課,都支出金,specific,5320,5580,260,false,1,ippansainyu.csv,18030
rd_2026_general_revenue_14_02_08_16_12_3645300000,rs_2026_general_revenue_14_02_08_16,2026_general_revenue_14_02_08,2026,general,一般会計,14,都支出金,02,都補助金,08,民生費補助金（２）,16,重層的支援体制整備事業,12,地域包括支援センター運営委託,高齢福祉部 介護予防・支援課,都支出金,specific,128772,138067,9295,false,1,ippansainyu.csv,17717
rd_2026_general_revenue_14_02_08_16_13_3645300000,rs_2026_general_revenue_14_02_08_16,2026_general_revenue_14_02_08,2026,general,一般会計,14,都支出金,02,都補助金,08,民生費補助金（２）,16,重層的支援体制整備事業,13,あんしん見守り事業,高齢福祉部 介護予防・支援課,都支出金,specific,23954,25815,1861,false,1,ippansainyu.csv,17718
rd_2026_general_revenue_14_02_08_16_14_3645300000,rs_2026_general_revenue_14_02_08_16,2026_general_revenue_14_02_08,2026,general,一般会計,14,都支出金,02,都補助金,08,民生費補助金（２）,16,重層的支援体制整備事業,14,生活支援体制整備事業,高齢福祉部 介護予防・支援課,都支出金,specific,23100,23100,0,false,1,ippansainyu.csv,17719
rd_2026_general_revenue_14_02_08_16_15_3645300000,rs_2026_general_revenue_14_02_08_16,2026_general_revenue_14_02_08,2026,general,一般会計,14,都支出金,02,都補助金,08,民生費補助金（２）,16,重層的支援体制整備事業,15,一般介護予防事業,高齢福祉部 介護予防・支援課,都支出金,specific,6514,6966,452,false,1,ippansainyu.csv,17720
rd_2026_general_revenue_14_02_08_16_16_3645200000,rs_2026_general_revenue_14_02_08_16,2026_general_revenue_14_02_08,2026,general,一般会計,14,都支出金,02,都補助金,08,民生費補助金（２）,16,重層的支援体制整備事業,16,シニアボランティアポイント事業,高齢福祉部 介護保険課,都支出金,specific,289,366,77,false,1,ippansainyu.csv,17547
rd_2026_general_revenue_14_02_08_16_18_3655100000,rs_2026_general_revenue_14_02_08_16,2026_general_revenue_14_02_08,2026,general,一般会計,14,都支出金,02,都補助金,08,民生費補助金（２）,16,重層的支援体制整備事業,18,相談支援（基幹相談支援センター自立支援協議会分）,障害福祉部 障害施策課,都支出金,specific,541,0,-541,true,0,ippansainyu.csv,17818
rd_2026_general_revenue_14_02_08_16_24_3595200000,rs_2026_general_revenue_14_02_08_16,2026_general_revenue_14_02_08,2026,general,一般会計,14,都支出金,02,都補助金,08,民生費補助金（２）,16,重層的支援体制整備事業,24,多機関協働事業,保健福祉政策部 生活福祉課,都支出金,specific,15450,13750,-1700,false,1,ippansainyu.csv,17321
rd_2026_general_revenue_14_02_08_16_25_3665570000,rs_2026_general_revenue_14_02_08_16,2026_general_revenue_14_02_08,2026,general,一般会計,14,都支出金,02,都補助金,08,民生費補助金（２）,16,重層的支援体制整備事業,25,利用者支援事業（こども家庭センター型）,子ども・若者部 児童相談支援課,都支出金,specific,10224,10079,-145,false,1,ippansainyu.csv,18167
rd_2026_general_revenue_14_02_08_16_26_3785200000,rs_2026_general_revenue_14_02_08_16,2026_general_revenue_14_02_08,2026,general,一般会計,14,都支出金,02,都補助金,08,民生費補助金（２）,16,重層的支援体制整備事業,26,利用者支援事業（こども家庭センター型）,世田谷保健所 健康推進課,都支出金,specific,15664,10265,-5399,false,1,ippansainyu.csv,18463
rd_2026_general_revenue_14_02_08_16_27_3785200000,rs_2026_general_revenue_14_02_08_16,2026_general_revenue_14_02_08,2026,general,一般会計,14,都支出金,02,都補助金,08,民生費補助金（２）,16,重層的支援体制整備事業,27,利用者支援事業（妊婦等包括相談支援事業型）,世田谷保健所 健康推進課,都支出金,specific,1938,0,-1938,true,0,ippansainyu.csv,18464
rd_2026_general_revenue_14_02_08_16_28_3665150000,rs_2026_general_revenue_14_02_08_16,2026_general_revenue_14_02_08,2026,general,一般会計,14,都支出金,02,都補助金,08,民生費補助金（２）,16,重層的支援体制整備事業,28,地域子育て支援拠点事業（青少年交流センター）,子ども・若者部 子ども・若者支援課,都支出金,specific,2029,714,-1315,false,1,ippansainyu.csv,17980
rd_2026_general_revenue_14_02_08_20_02_3665200000,rs_2026_general_revenue_14_02_08_20,2026_general_revenue_14_02_08,2026,general,一般会計,14,都支出金,02,都補助金,08,民生費補助金（２）,20,東京都子供・子育て支援交付金,02,学童クラブ事業,子ども・若者部 児童課,都支出金,specific,4500,103700,99200,false,1,ippansainyu.csv,18031
rd_2026_general_revenue_14_02_08_21_01_3655300000,rs_2026_general_revenue_14_02_08_21,2026_general_revenue_14_02_08,2026,general,一般会計,14,都支出金,02,都補助金,08,民生費補助金（２）,21,医療的ケア児及び重症心身障害児の放課後等支援事業補助金,01,医療的ケア児及び重症心身障害児の放課後等支援事業補助金,障害福祉部 障害保健福祉課,都支出金,specific,5000,5000,0,false,1,ippansainyu.csv,17924
rd_2026_general_revenue_14_02_08_22_02_3665570000,rs_2026_general_revenue_14_02_08_22,2026_general_revenue_14_02_08,2026,general,一般会計,14,都支出金,02,都補助金,08,民生費補助金（２）,22,児童相談所設置区における児童福祉施設等整備費補助事業,02,児童養護施設,子ども・若者部 児童相談支援課,都支出金,specific,0,0,0,true,0,ippansainyu.csv,18168
rd_2026_general_revenue_14_02_08_23_02_3665200000,rs_2026_general_revenue_14_02_08_23,2026_general_revenue_14_02_08,2026,general,一般会計,14,都支出金,02,都補助金,08,民生費補助金（２）,23,都型学童クラブ事業,02,都型学童クラブ事業,子ども・若者部 児童課,都支出金,specific,24528,8184,-16344,false,1,ippansainyu.csv,18032
rd_2026_general_revenue_14_02_08_24_01_3665580000,rs_2026_general_revenue_14_02_08_24,2026_general_revenue_14_02_08,2026,general,一般会計,14,都支出金,02,都補助金,08,民生費補助金（２）,24,医療的ケア児保育支援事業,01,医療的ケア児保育支援事業,子ども・若者部 保育課,都支出金,specific,2099,1972,-127,false,1,ippansainyu.csv,18296
rd_2026_general_revenue_14_02_08_31_01_3655100000,rs_2026_general_revenue_14_02_08_31,2026_general_revenue_14_02_08,2026,general,一般会計,14,都支出金,02,都補助金,08,民生費補助金（２）,31,在宅レスパイト・就労等支援事業,01,在宅レスパイト・就労等支援事業,障害福祉部 障害施策課,都支出金,specific,14608,23131,8523,false,1,ippansainyu.csv,17819
rd_2026_general_revenue_14_02_08_33_02_3665500000,rs_2026_general_revenue_14_02_08_33,2026_general_revenue_14_02_08,2026,general,一般会計,14,都支出金,02,都補助金,08,民生費補助金（２）,33,高校生等医療費助成事業,02,高校生等医療費助成事業,子ども・若者部 子ども家庭課,都支出金,specific,652992,439944,-213048,false,1,ippansainyu.csv,18116
rd_2026_general_revenue_14_02_08_34_01_3595200000,rs_2026_general_revenue_14_02_08_34,2026_general_revenue_14_02_08,2026,general,一般会計,14,都支出金,02,都補助金,08,民生費補助金（２）,34,受験生チャレンジ支援貸付窓口の運営事業,01,受験生チャレンジ支援貸付窓口の運営事業,保健福祉政策部 生活福祉課,都支出金,specific,9399,9799,400,false,1,ippansainyu.csv,17322
rd_2026_general_revenue_14_02_08_35_02_3665590000,rs_2026_general_revenue_14_02_08_35,2026_general_revenue_14_02_08,2026,general,一般会計,14,都支出金,02,都補助金,08,民生費補助金（２）,35,一時預かり事業・定期利用保育事業,02,多子世帯負担軽減,子ども・若者部 保育認定・調整課,都支出金,specific,16632,30240,13608,false,1,ippansainyu.csv,18353
rd_2026_general_revenue_14_02_08_35_08_3665590000,rs_2026_general_revenue_14_02_08_35,2026_general_revenue_14_02_08,2026,general,一般会計,14,都支出金,02,都補助金,08,民生費補助金（２）,35,一時預かり事業・定期利用保育事業,08,都単独型一時預かり事業,子ども・若者部 保育認定・調整課,都支出金,specific,1631,1131,-500,false,1,ippansainyu.csv,18354
rd_2026_general_revenue_14_02_08_37_04_3665150000,rs_2026_general_revenue_14_02_08_37,2026_general_revenue_14_02_08,2026,general,一般会計,14,都支出金,02,都補助金,08,民生費補助金（２）,37,東京都地域人材確保総合支援事業,04,若者福祉的就労プログラム事業（池之上青少年交流センター）,子ども・若者部 子ども・若者支援課,都支出金,specific,1655,1625,-30,false,1,ippansainyu.csv,17981
rd_2026_general_revenue_14_02_08_37_05_3665150000,rs_2026_general_revenue_14_02_08_37,2026_general_revenue_14_02_08,2026,general,一般会計,14,都支出金,02,都補助金,08,民生費補助金（２）,37,東京都地域人材確保総合支援事業,05,若者福祉的就労プログラム事業（野毛青少年交流センター）,子ども・若者部 子ども・若者支援課,都支出金,specific,2081,2110,29,false,1,ippansainyu.csv,17982
rd_2026_general_revenue_14_02_08_37_06_3665150000,rs_2026_general_revenue_14_02_08_37,2026_general_revenue_14_02_08,2026,general,一般会計,14,都支出金,02,都補助金,08,民生費補助金（２）,37,東京都地域人材確保総合支援事業,06,若者福祉的就労プログラム事業（希望丘青少年交流センター）,子ども・若者部 子ども・若者支援課,都支出金,specific,3247,3319,72,false,1,ippansainyu.csv,17983
rd_2026_general_revenue_14_02_08_41_01_3665580000,rs_2026_general_revenue_14_02_08_41,2026_general_revenue_14_02_08,2026,general,一般会計,14,都支出金,02,都補助金,08,民生費補助金（２）,41,保育所等物価高騰緊急対策事業,01,私立保育園運営,子ども・若者部 保育課,都支出金,specific,0,0,0,true,0,ippansainyu.csv,18297
rd_2026_general_revenue_14_02_08_41_02_3665580000,rs_2026_general_revenue_14_02_08_41,2026_general_revenue_14_02_08,2026,general,一般会計,14,都支出金,02,都補助金,08,民生費補助金（２）,41,保育所等物価高騰緊急対策事業,02,認定こども園運営,子ども・若者部 保育課,都支出金,specific,0,0,0,true,0,ippansainyu.csv,18298
rd_2026_general_revenue_14_02_08_41_03_3665580000,rs_2026_general_revenue_14_02_08_41,2026_general_revenue_14_02_08,2026,general,一般会計,14,都支出金,02,都補助金,08,民生費補助金（２）,41,保育所等物価高騰緊急対策事業,03,特定地域型保育事業,子ども・若者部 保育課,都支出金,specific,0,0,0,true,0,ippansainyu.csv,18299
rd_2026_general_revenue_14_02_08_41_04_3665590000,rs_2026_general_revenue_14_02_08_41,2026_general_revenue_14_02_08,2026,general,一般会計,14,都支出金,02,都補助金,08,民生費補助金（２）,41,保育所等物価高騰緊急対策事業,04,認証保育所事業,子ども・若者部 保育認定・調整課,都支出金,specific,0,0,0,true,0,ippansainyu.csv,18355
rd_2026_general_revenue_14_02_08_41_05_3665580000,rs_2026_general_revenue_14_02_08_41,2026_general_revenue_14_02_08,2026,general,一般会計,14,都支出金,02,都補助金,08,民生費補助金（２）,41,保育所等物価高騰緊急対策事業,05,単独施設型一時保育事業,子ども・若者部 保育課,都支出金,specific,0,0,0,true,0,ippansainyu.csv,18300
rd_2026_general_revenue_14_02_08_41_07_3665500000,rs_2026_general_revenue_14_02_08_41,2026_general_revenue_14_02_08,2026,general,一般会計,14,都支出金,02,都補助金,08,民生費補助金（２）,41,保育所等物価高騰緊急対策事業,07,子育てつどいの広場,子ども・若者部 子ども家庭課,都支出金,specific,0,0,0,true,0,ippansainyu.csv,18117
rd_2026_general_revenue_14_02_08_41_08_3665580000,rs_2026_general_revenue_14_02_08_41,2026_general_revenue_14_02_08,2026,general,一般会計,14,都支出金,02,都補助金,08,民生費補助金（２）,41,保育所等物価高騰緊急対策事業,08,認可保育施設等の一時預かり事業の推進,子ども・若者部 保育課,都支出金,specific,0,0,0,true,0,ippansainyu.csv,18301
rd_2026_general_revenue_14_02_08_41_09_3665500000,rs_2026_general_revenue_14_02_08_41,2026_general_revenue_14_02_08,2026,general,一般会計,14,都支出金,02,都補助金,08,民生費補助金（２）,41,保育所等物価高騰緊急対策事業,09,子育てステーション事業,子ども・若者部 子ども家庭課,都支出金,specific,0,0,0,true,0,ippansainyu.csv,18118
rd_2026_general_revenue_14_02_08_46_01_3645300000,rs_2026_general_revenue_14_02_08_46,2026_general_revenue_14_02_08,2026,general,一般会計,14,都支出金,02,都補助金,08,民生費補助金（２）,46,子供・長寿・居場所区市町村包括補助事業,01,子供・長寿・居場所区市町村包括補助事業,高齢福祉部 介護予防・支援課,都支出金,specific,94713,0,-94713,true,0,ippansainyu.csv,17721
rd_2026_general_revenue_14_02_08_46_02_3665150000,rs_2026_general_revenue_14_02_08_46,2026_general_revenue_14_02_08,2026,general,一般会計,14,都支出金,02,都補助金,08,民生費補助金（２）,46,子供・長寿・居場所区市町村包括補助事業,02,子供・長寿・居場所区市町村包括補助事業,子ども・若者部 子ども・若者支援課,都支出金,specific,728,0,-728,true,0,ippansainyu.csv,17984
rd_2026_general_revenue_14_02_08_46_03_3645100000,rs_2026_general_revenue_14_02_08_46,2026_general_revenue_14_02_08,2026,general,一般会計,14,都支出金,02,都補助金,08,民生費補助金（２）,46,子供・長寿・居場所区市町村包括補助事業,03,子供・長寿・居場所区市町村包括補助事業,高齢福祉部 高齢福祉課,都支出金,specific,2488,0,-2488,true,0,ippansainyu.csv,17515
rd_2026_general_revenue_14_02_08_46_05_3665150000,rs_2026_general_revenue_14_02_08_46,2026_general_revenue_14_02_08,2026,general,一般会計,14,都支出金,02,都補助金,08,民生費補助金（２）,46,子供・長寿・居場所区市町村包括補助事業,05,子供・長寿・居場所区市町村包括補助事業,子ども・若者部 子ども・若者支援課,都支出金,specific,0,42672,42672,false,1,ippansainyu.csv,17985
rd_2026_general_revenue_14_02_08_47_01_3665500000,rs_2026_general_revenue_14_02_08_47,2026_general_revenue_14_02_08,2026,general,一般会計,14,都支出金,02,都補助金,08,民生費補助金（２）,47,養育費確保支援事業,01,養育費確保支援事業,子ども・若者部 子ども家庭課,都支出金,specific,533,0,-533,true,0,ippansainyu.csv,18119
rd_2026_general_revenue_14_02_08_48_08_3665580000,rs_2026_general_revenue_14_02_08_48,2026_general_revenue_14_02_08,2026,general,一般会計,14,都支出金,02,都補助金,08,民生費補助金（２）,48,多様な他者との関わりの機会の創出事業費補助金,08,私立保育園,子ども・若者部 保育課,都支出金,specific,154959,209104,54145,false,1,ippansainyu.csv,18302
rd_2026_general_revenue_14_02_08_48_09_3665580000,rs_2026_general_revenue_14_02_08_48,2026_general_revenue_14_02_08,2026,general,一般会計,14,都支出金,02,都補助金,08,民生費補助金（２）,48,多様な他者との関わりの機会の創出事業費補助金,09,認定こども園,子ども・若者部 保育課,都支出金,specific,3394,9091,5697,false,1,ippansainyu.csv,18303
rd_2026_general_revenue_14_02_08_48_10_3665580000,rs_2026_general_revenue_14_02_08_48,2026_general_revenue_14_02_08,2026,general,一般会計,14,都支出金,02,都補助金,08,民生費補助金（２）,48,多様な他者との関わりの機会の創出事業費補助金,10,特定地域型保育事業,子ども・若者部 保育課,都支出金,specific,48292,72733,24441,false,1,ippansainyu.csv,18304
rd_2026_general_revenue_14_02_08_48_11_3665580000,rs_2026_general_revenue_14_02_08_48,2026_general_revenue_14_02_08,2026,general,一般会計,14,都支出金,02,都補助金,08,民生費補助金（２）,48,多様な他者との関わりの機会の創出事業費補助金,11,私立幼稚園（施設型給付）,子ども・若者部 保育課,都支出金,specific,76541,44118,-32423,false,1,ippansainyu.csv,18305
rd_2026_general_revenue_14_02_08_48_12_3665590000,rs_2026_general_revenue_14_02_08_48,2026_general_revenue_14_02_08,2026,general,一般会計,14,都支出金,02,都補助金,08,民生費補助金（２）,48,多様な他者との関わりの機会の創出事業費補助金,12,認証保育所,子ども・若者部 保育認定・調整課,都支出金,specific,265836,238090,-27746,false,1,ippansainyu.csv,18356
rd_2026_general_revenue_14_02_08_48_13_3665150000,rs_2026_general_revenue_14_02_08_48,2026_general_revenue_14_02_08,2026,general,一般会計,14,都支出金,02,都補助金,08,民生費補助金（２）,48,多様な他者との関わりの機会の創出事業費補助金,13,私立幼稚園,子ども・若者部 子ども・若者支援課,都支出金,specific,145252,0,-145252,true,0,ippansainyu.csv,17986
rd_2026_general_revenue_14_02_08_48_14_3665150000,rs_2026_general_revenue_14_02_08_48,2026_general_revenue_14_02_08,2026,general,一般会計,14,都支出金,02,都補助金,08,民生費補助金（２）,48,多様な他者との関わりの機会の創出事業費補助金,14,私立幼稚園（こども誰でも通園制度）,子ども・若者部 子ども・若者支援課,都支出金,specific,0,13951,13951,false,1,ippansainyu.csv,17987
rd_2026_general_revenue_14_02_08_49_01_3665500000,rs_2026_general_revenue_14_02_08_49,2026_general_revenue_14_02_08,2026,general,一般会計,14,都支出金,02,都補助金,08,民生費補助金（２）,49,ファミリー・アテンダント先進事例創出事業補助金,01,ファミリー・アテンダント先進事例創出事業補助金,子ども・若者部 子ども家庭課,都支出金,specific,453679,390713,-62966,false,1,ippansainyu.csv,18120
rd_2026_general_revenue_14_02_08_50_01_3665590000,rs_2026_general_revenue_14_02_08_50,2026_general_revenue_14_02_08,2026,general,一般会計,14,都支出金,02,都補助金,08,民生費補助金（２）,50,保育補助者雇上強化事業,01,認証保育所,子ども・若者部 保育認定・調整課,都支出金,specific,35023,65506,30483,false,1,ippansainyu.csv,18357
rd_2026_general_revenue_14_02_08_51_01_3785200000,rs_2026_general_revenue_14_02_08_51,2026_general_revenue_14_02_08,2026,general,一般会計,14,都支出金,02,都補助金,08,民生費補助金（２）,51,母子保健支援事業,01,母子保健支援事業,世田谷保健所 健康推進課,都支出金,specific,597,1120,523,false,1,ippansainyu.csv,18465
rd_2026_general_revenue_14_02_08_53_01_3665500000,rs_2026_general_revenue_14_02_08_53,2026_general_revenue_14_02_08,2026,general,一般会計,14,都支出金,02,都補助金,08,民生費補助金（２）,53,ヤングケアラー・コーディネーター配置促進事業,01,ヤングケアラー・コーディネーター配置促進事業,子ども・若者部 子ども家庭課,都支出金,specific,1895,0,-1895,true,0,ippansainyu.csv,18121
rd_2026_general_revenue_14_02_08_54_01_3655200000,rs_2026_general_revenue_14_02_08_54,2026_general_revenue_14_02_08,2026,general,一般会計,14,都支出金,02,都補助金,08,民生費補助金（２）,54,障害者日中活動系サービス推進事業補助金,01,障害者日中活動系サービス推進事業（生活介護）,障害福祉部 障害地域生活課,都支出金,specific,78947,82413,3466,false,1,ippansainyu.csv,17865
rd_2026_general_revenue_14_02_08_54_02_3655200000,rs_2026_general_revenue_14_02_08_54,2026_general_revenue_14_02_08,2026,general,一般会計,14,都支出金,02,都補助金,08,民生費補助金（２）,54,障害者日中活動系サービス推進事業補助金,02,障害者日中活動系サービス推進事業（就労系）,障害福祉部 障害地域生活課,都支出金,specific,257097,249426,-7671,false,1,ippansainyu.csv,17866
rd_2026_general_revenue_14_02_08_54_03_3595110000,rs_2026_general_revenue_14_02_08_54,2026_general_revenue_14_02_08,2026,general,一般会計,14,都支出金,02,都補助金,08,民生費補助金（２）,54,障害者日中活動系サービス推進事業補助金,03,障害者日中活動系サービス推進事業（第三者評価）,保健福祉政策部 保健福祉政策課,都支出金,specific,8708,5593,-3115,false,1,ippansainyu.csv,17251
rd_2026_general_revenue_14_02_08_55_01_2535100000,rs_2026_general_revenue_14_02_08_55,2026_general_revenue_14_02_08,2026,general,一般会計,14,都支出金,02,都補助金,08,民生費補助金（２）,55,児童館環境整備事業,01,児童施設改修工事（烏山）,烏山総合支所 地域振興課,都支出金,specific,5874,0,-5874,true,0,ippansainyu.csv,16873
rd_2026_general_revenue_14_02_08_55_02_2335100000,rs_2026_general_revenue_14_02_08_55,2026_general_revenue_14_02_08,2026,general,一般会計,14,都支出金,02,都補助金,08,民生費補助金（２）,55,児童館環境整備事業,02,児童施設改修工事（玉川）,玉川総合支所 地域振興課,都支出金,specific,16094,0,-16094,true,0,ippansainyu.csv,16811
rd_2026_general_revenue_14_02_08_55_03_3665580000,rs_2026_general_revenue_14_02_08_55,2026_general_revenue_14_02_08,2026,general,一般会計,14,都支出金,02,都補助金,08,民生費補助金（２）,55,児童館環境整備事業,03,保育施設改修,子ども・若者部 保育課,都支出金,specific,35150,0,-35150,true,0,ippansainyu.csv,18306
rd_2026_general_revenue_14_02_08_55_04_4960160000,rs_2026_general_revenue_14_02_08_55,2026_general_revenue_14_02_08,2026,general,一般会計,14,都支出金,02,都補助金,08,民生費補助金（２）,55,児童館環境整備事業,04,区立児童館整備（中学校改築）,教育委員会事務局 教育環境課,都支出金,specific,6774,0,-6774,true,0,ippansainyu.csv,18806
rd_2026_general_revenue_14_02_08_56_01_3655300000,rs_2026_general_revenue_14_02_08_56,2026_general_revenue_14_02_08,2026,general,一般会計,14,都支出金,02,都補助金,08,民生費補助金（２）,56,児童虐待防止等対策総合支援事業費,01,巡回支援専門員整備事業（発達障害相談・療育センター）,障害福祉部 障害保健福祉課,都支出金,specific,831,831,0,false,1,ippansainyu.csv,17925
rd_2026_general_revenue_14_02_08_56_02_3655300000,rs_2026_general_revenue_14_02_08_56,2026_general_revenue_14_02_08,2026,general,一般会計,14,都支出金,02,都補助金,08,民生費補助金（２）,56,児童虐待防止等対策総合支援事業費,02,巡回支援専門員整備事業（梅ヶ丘拠点障害者支援施設）,障害福祉部 障害保健福祉課,都支出金,specific,562,562,0,false,1,ippansainyu.csv,17926
rd_2026_general_revenue_14_02_08_59_01_3655300000,rs_2026_general_revenue_14_02_08_59,2026_general_revenue_14_02_08,2026,general,一般会計,14,都支出金,02,都補助金,08,民生費補助金（２）,59,区市町村発達検査体制整備支援事業,01,発達障害支援の中核的拠点事業,障害福祉部 障害保健福祉課,都支出金,specific,5000,5000,0,false,1,ippansainyu.csv,17927
rd_2026_general_revenue_14_02_08_59_04_4985100000,rs_2026_general_revenue_14_02_08_59,2026_general_revenue_14_02_08,2026,general,一般会計,14,都支出金,02,都補助金,08,民生費補助金（２）,59,区市町村発達検査体制整備支援事業,04,教育相談事業,教育委員会事務局 教育相談課,都支出金,specific,0,5000,5000,false,1,ippansainyu.csv,18884
rd_2026_general_revenue_14_02_08_60_01_3645100000,rs_2026_general_revenue_14_02_08_60,2026_general_revenue_14_02_08,2026,general,一般会計,14,都支出金,02,都補助金,08,民生費補助金（２）,60,高齢者聞こえのコミュニケーション支援事業,01,高齢者補聴器購入費助成,高齢福祉部 高齢福祉課,都支出金,specific,14990,14704,-286,false,1,ippansainyu.csv,17516
rd_2026_general_revenue_14_02_08_60_02_3655300000,rs_2026_general_revenue_14_02_08_60,2026_general_revenue_14_02_08,2026,general,一般会計,14,都支出金,02,都補助金,08,民生費補助金（２）,60,高齢者聞こえのコミュニケーション支援事業,02,福祉用具相談,障害福祉部 障害保健福祉課,都支出金,specific,1794,1789,-5,false,1,ippansainyu.csv,17928
rd_2026_general_revenue_14_02_08_62_01_3595200000,rs_2026_general_revenue_14_02_08_62,2026_general_revenue_14_02_08,2026,general,一般会計,14,都支出金,02,都補助金,08,民生費補助金（２）,62,子供食堂推進事業,01,子供食堂推進事業,保健福祉政策部 生活福祉課,都支出金,specific,22150,21520,-630,false,1,ippansainyu.csv,17323
rd_2026_general_revenue_14_02_08_63_01_3665590000,rs_2026_general_revenue_14_02_08_63,2026_general_revenue_14_02_08,2026,general,一般会計,14,都支出金,02,都補助金,08,民生費補助金（２）,63,認証保育所運営費等補助金,01,認証保育所事業,子ども・若者部 保育認定・調整課,都支出金,specific,25000,20042,-4958,false,1,ippansainyu.csv,18358
rd_2026_general_revenue_14_02_08_64_01_3665590000,rs_2026_general_revenue_14_02_08_64,2026_general_revenue_14_02_08,2026,general,一般会計,14,都支出金,02,都補助金,08,民生費補助金（２）,64,認証保育所障害児受入促進事業,01,認証保育所事業,子ども・若者部 保育認定・調整課,都支出金,specific,17611,17706,95,false,1,ippansainyu.csv,18359
rd_2026_general_revenue_14_02_08_65_01_3665200000,rs_2026_general_revenue_14_02_08_65,2026_general_revenue_14_02_08,2026,general,一般会計,14,都支出金,02,都補助金,08,民生費補助金（２）,65,学童クラブ整備費補助金,01,学童クラブ運営,子ども・若者部 児童課,都支出金,specific,46537,130744,84207,false,1,ippansainyu.csv,18033
rd_2026_general_revenue_14_02_08_66_01_3645300000,rs_2026_general_revenue_14_02_08_66,2026_general_revenue_14_02_08,2026,general,一般会計,14,都支出金,02,都補助金,08,民生費補助金（２）,66,認知症の人の社会参加推進事業補助金,01,認知症在宅生活サポートセンター認知症社会参加推進事業,高齢福祉部 介護予防・支援課,都支出金,specific,2675,2675,0,false,1,ippansainyu.csv,17722
rd_2026_general_revenue_14_02_08_66_02_3645300000,rs_2026_general_revenue_14_02_08_66,2026_general_revenue_14_02_08,2026,general,一般会計,14,都支出金,02,都補助金,08,民生費補助金（２）,66,認知症の人の社会参加推進事業補助金,02,地域包括支援センター認知症社会参加推進事業,高齢福祉部 介護予防・支援課,都支出金,specific,4046,4277,231,false,1,ippansainyu.csv,17723
rd_2026_general_revenue_14_02_08_67_01_3665580000,rs_2026_general_revenue_14_02_08_67,2026_general_revenue_14_02_08,2026,general,一般会計,14,都支出金,02,都補助金,08,民生費補助金（２）,67,社会福祉施設等への非常用電源等整備促進事業,01,非常用電源等整備促進事業（区立保育園）,子ども・若者部 保育課,都支出金,specific,11137,0,-11137,true,0,ippansainyu.csv,18307
rd_2026_general_revenue_14_02_08_67_02_3665570000,rs_2026_general_revenue_14_02_08_67,2026_general_revenue_14_02_08,2026,general,一般会計,14,都支出金,02,都補助金,08,民生費補助金（２）,67,社会福祉施設等への非常用電源等整備促進事業,02,非常用電源等整備促進事業（区立産後ケアセンター）,子ども・若者部 児童相談支援課,都支出金,specific,247,0,-247,true,0,ippansainyu.csv,18169
rd_2026_general_revenue_14_02_08_67_03_3665200000,rs_2026_general_revenue_14_02_08_67,2026_general_revenue_14_02_08,2026,general,一般会計,14,都支出金,02,都補助金,08,民生費補助金（２）,67,社会福祉施設等への非常用電源等整備促進事業,03,非常用電源等整備促進事業（児童館）,子ども・若者部 児童課,都支出金,specific,6187,0,-6187,true,0,ippansainyu.csv,18034
rd_2026_general_revenue_14_02_08_68_01_3665580000,rs_2026_general_revenue_14_02_08_68,2026_general_revenue_14_02_08,2026,general,一般会計,14,都支出金,02,都補助金,08,民生費補助金（２）,68,子供家庭支援区市町村包括補助事業（２）,01,保育施設改修,子ども・若者部 保育課,都支出金,specific,8787,0,-8787,true,0,ippansainyu.csv,18308
rd_2026_general_revenue_14_02_08_68_02_4960160000,rs_2026_general_revenue_14_02_08_68,2026_general_revenue_14_02_08,2026,general,一般会計,14,都支出金,02,都補助金,08,民生費補助金（２）,68,子供家庭支援区市町村包括補助事業（２）,02,区立児童館整備（中学校改築）,教育委員会事務局 教育環境課,都支出金,specific,21696,0,-21696,true,0,ippansainyu.csv,18807
rd_2026_general_revenue_14_02_08_68_03_3665590000,rs_2026_general_revenue_14_02_08_68,2026_general_revenue_14_02_08,2026,general,一般会計,14,都支出金,02,都補助金,08,民生費補助金（２）,68,子供家庭支援区市町村包括補助事業（２）,03,学校１１０番設置（移行支援）,子ども・若者部 保育認定・調整課,都支出金,specific,300,0,-300,true,0,ippansainyu.csv,18360
rd_2026_general_revenue_14_02_08_68_04_3665590000,rs_2026_general_revenue_14_02_08_68,2026_general_revenue_14_02_08,2026,general,一般会計,14,都支出金,02,都補助金,08,民生費補助金（２）,68,子供家庭支援区市町村包括補助事業（２）,04,防犯カメラ設置（移行支援）,子ども・若者部 保育認定・調整課,都支出金,specific,800,0,-800,true,0,ippansainyu.csv,18361
rd_2026_general_revenue_14_02_08_68_05_3665200000,rs_2026_general_revenue_14_02_08_68,2026_general_revenue_14_02_08,2026,general,一般会計,14,都支出金,02,都補助金,08,民生費補助金（２）,68,子供家庭支援区市町村包括補助事業（２）,05,学童クラブ整備,子ども・若者部 児童課,都支出金,specific,73966,165185,91219,false,1,ippansainyu.csv,18035
rd_2026_general_revenue_14_02_08_68_06_3665150000,rs_2026_general_revenue_14_02_08_68,2026_general_revenue_14_02_08,2026,general,一般会計,14,都支出金,02,都補助金,08,民生費補助金（２）,68,子供家庭支援区市町村包括補助事業（２）,06,子どもの権利擁護,子ども・若者部 子ども・若者支援課,都支出金,specific,0,23700,23700,false,2,ippansainyu.csv,17988
rd_2026_general_revenue_14_02_08_68_07_3665150000,rs_2026_general_revenue_14_02_08_68,2026_general_revenue_14_02_08,2026,general,一般会計,14,都支出金,02,都補助金,08,民生費補助金（２）,68,子供家庭支援区市町村包括補助事業（２）,07,青少年交流センター整備,子ども・若者部 子ども・若者支援課,都支出金,specific,0,0,0,true,0,ippansainyu.csv,17989
rd_2026_general_revenue_14_02_08_69_01_3665200000,rs_2026_general_revenue_14_02_08_69,2026_general_revenue_14_02_08,2026,general,一般会計,14,都支出金,02,都補助金,08,民生費補助金（２）,69,子供の未来を育む「体験活動」推進区市町村支援事業,01,児童館運営,子ども・若者部 児童課,都支出金,specific,1860,3737,1877,false,1,ippansainyu.csv,18036
rd_2026_general_revenue_14_02_08_69_02_3665200000,rs_2026_general_revenue_14_02_08_69,2026_general_revenue_14_02_08,2026,general,一般会計,14,都支出金,02,都補助金,08,民生費補助金（２）,69,子供の未来を育む「体験活動」推進区市町村支援事業,02,中高生支援事業,子ども・若者部 児童課,都支出金,specific,648,1031,383,false,1,ippansainyu.csv,18037
rd_2026_general_revenue_14_02_08_69_03_3665200000,rs_2026_general_revenue_14_02_08_69,2026_general_revenue_14_02_08,2026,general,一般会計,14,都支出金,02,都補助金,08,民生費補助金（２）,69,子供の未来を育む「体験活動」推進区市町村支援事業,03,児童館キャンプ,子ども・若者部 児童課,都支出金,specific,1070,1060,-10,false,1,ippansainyu.csv,18038
rd_2026_general_revenue_14_02_08_69_04_3665150000,rs_2026_general_revenue_14_02_08_69,2026_general_revenue_14_02_08,2026,general,一般会計,14,都支出金,02,都補助金,08,民生費補助金（２）,69,子供の未来を育む「体験活動」推進区市町村支援事業,04,池之上青少年交流センター,子ども・若者部 子ども・若者支援課,都支出金,specific,96,219,123,false,1,ippansainyu.csv,17990
rd_2026_general_revenue_14_02_08_69_05_3665150000,rs_2026_general_revenue_14_02_08_69,2026_general_revenue_14_02_08,2026,general,一般会計,14,都支出金,02,都補助金,08,民生費補助金（２）,69,子供の未来を育む「体験活動」推進区市町村支援事業,05,希望丘青少年交流センター,子ども・若者部 子ども・若者支援課,都支出金,specific,198,214,16,false,1,ippansainyu.csv,17991
rd_2026_general_revenue_14_02_08_69_06_3665150000,rs_2026_general_revenue_14_02_08_69,2026_general_revenue_14_02_08,2026,general,一般会計,14,都支出金,02,都補助金,08,民生費補助金（２）,69,子供の未来を育む「体験活動」推進区市町村支援事業,06,野毛青少年交流センター,子ども・若者部 子ども・若者支援課,都支出金,specific,142,229,87,false,1,ippansainyu.csv,17992
rd_2026_general_revenue_14_02_08_69_07_3665150000,rs_2026_general_revenue_14_02_08_69,2026_general_revenue_14_02_08,2026,general,一般会計,14,都支出金,02,都補助金,08,民生費補助金（２）,69,子供の未来を育む「体験活動」推進区市町村支援事業,07,大学連携による若者の居場所スーパーバイズ事業,子ども・若者部 子ども・若者支援課,都支出金,specific,67,63,-4,false,1,ippansainyu.csv,17993
rd_2026_general_revenue_14_02_08_70_01_3665200000,rs_2026_general_revenue_14_02_08_70,2026_general_revenue_14_02_08,2026,general,一般会計,14,都支出金,02,都補助金,08,民生費補助金（２）,70,認証学童クラブ制度事業補助金,01,学童クラブ運営,子ども・若者部 児童課,都支出金,specific,0,120699,120699,false,1,ippansainyu.csv,18039
rd_2026_general_revenue_14_02_08_72_01_3665570000,rs_2026_general_revenue_14_02_08_72,2026_general_revenue_14_02_08,2026,general,一般会計,14,都支出金,02,都補助金,08,民生費補助金（２）,72,子育て世帯訪問支援利用者負担軽減事業,01,養育支援等ホームヘルパー訪問事業,子ども・若者部 児童相談支援課,都支出金,specific,2630,12547,9917,false,1,ippansainyu.csv,18170
rd_2026_general_revenue_14_02_08_72_02_3665570000,rs_2026_general_revenue_14_02_08_72,2026_general_revenue_14_02_08,2026,general,一般会計,14,都支出金,02,都補助金,08,民生費補助金（２）,72,子育て世帯訪問支援利用者負担軽減事業,02,学生ボランティア派遣事業,子ども・若者部 児童相談支援課,都支出金,specific,779,1438,659,false,1,ippansainyu.csv,18171
rd_2026_general_revenue_14_02_08_74_01_3655100000,rs_2026_general_revenue_14_02_08_74,2026_general_revenue_14_02_08,2026,general,一般会計,14,都支出金,02,都補助金,08,民生費補助金（２）,74,児童発達支援事業所等利用支援事業,01,児童発達支援事業所等利用支援事業,障害福祉部 障害施策課,都支出金,specific,0,8280,8280,false,1,ippansainyu.csv,17820
rd_2026_general_revenue_14_02_08_75_01_3665580000,rs_2026_general_revenue_14_02_08_75,2026_general_revenue_14_02_08,2026,general,一般会計,14,都支出金,02,都補助金,08,民生費補助金（２）,75,保育所等利用世帯負担軽減事業,01,私立保育園,子ども・若者部 保育課,都支出金,specific,0,4246285,4246285,false,1,ippansainyu.csv,18309
rd_2026_general_revenue_14_02_08_75_02_3665580000,rs_2026_general_revenue_14_02_08_75,2026_general_revenue_14_02_08,2026,general,一般会計,14,都支出金,02,都補助金,08,民生費補助金（２）,75,保育所等利用世帯負担軽減事業,02,地域型保育事業,子ども・若者部 保育課,都支出金,specific,0,256736,256736,false,1,ippansainyu.csv,18310
rd_2026_general_revenue_14_02_08_75_03_3665580000,rs_2026_general_revenue_14_02_08_75,2026_general_revenue_14_02_08,2026,general,一般会計,14,都支出金,02,都補助金,08,民生費補助金（２）,75,保育所等利用世帯負担軽減事業,03,認定こども園,子ども・若者部 保育課,都支出金,specific,0,110922,110922,false,1,ippansainyu.csv,18311
rd_2026_general_revenue_14_02_08_75_04_3665580000,rs_2026_general_revenue_14_02_08_75,2026_general_revenue_14_02_08,2026,general,一般会計,14,都支出金,02,都補助金,08,民生費補助金（２）,75,保育所等利用世帯負担軽減事業,04,区立保育園,子ども・若者部 保育課,都支出金,specific,0,590224,590224,false,1,ippansainyu.csv,18312
rd_2026_general_revenue_14_02_08_75_05_3665580000,rs_2026_general_revenue_14_02_08_75,2026_general_revenue_14_02_08,2026,general,一般会計,14,都支出金,02,都補助金,08,民生費補助金（２）,75,保育所等利用世帯負担軽減事業,05,実施円滑化事業,子ども・若者部 保育課,都支出金,specific,0,0,0,true,0,ippansainyu.csv,18313
rd_2026_general_revenue_14_02_08_78_01_3665150000,rs_2026_general_revenue_14_02_08_78,2026_general_revenue_14_02_08,2026,general,一般会計,14,都支出金,02,都補助金,08,民生費補助金（２）,78,子供・若者自立等支援体制整備事業,01,青少年交流センター整備,子ども・若者部 子ども・若者支援課,都支出金,specific,0,6000,6000,false,1,ippansainyu.csv,17994
rd_2026_general_revenue_14_02_08_79_01_3645100000,rs_2026_general_revenue_14_02_08_79,2026_general_revenue_14_02_08,2026,general,一般会計,14,都支出金,02,都補助金,08,民生費補助金（２）,79,地域におけるケアプランデータ連携システム活用促進事業,01,地域におけるケアプランデータ連携システム活用促進事業,高齢福祉部 高齢福祉課,都支出金,specific,0,29828,29828,false,1,ippansainyu.csv,17517
rd_2026_general_revenue_14_02_08_80_01_3665590000,rs_2026_general_revenue_14_02_08_80,2026_general_revenue_14_02_08,2026,general,一般会計,14,都支出金,02,都補助金,08,民生費補助金（２）,80,ベビーシッター利用支援事業,01,ベビーシッター利用支援事業（一時預かり利用支援）,子ども・若者部 保育認定・調整課,都支出金,specific,0,0,0,true,0,ippansainyu.csv,18362
rd_2026_general_revenue_14_02_08_80_02_3665590000,rs_2026_general_revenue_14_02_08_80,2026_general_revenue_14_02_08,2026,general,一般会計,14,都支出金,02,都補助金,08,民生費補助金（２）,80,ベビーシッター利用支援事業,02,ベビーシッター利用支援事業（一時預かり利用支援）,子ども・若者部 保育認定・調整課,都支出金,specific,0,392935,392935,false,1,ippansainyu.csv,18363
rd_2026_general_revenue_14_02_08_81_01_3665570000,rs_2026_general_revenue_14_02_08_81,2026_general_revenue_14_02_08,2026,general,一般会計,14,都支出金,02,都補助金,08,民生費補助金（２）,81,要支援家庭を対象としたショートステイ事業,01,要支援家庭を対象としたショートステイ事業,子ども・若者部 児童相談支援課,都支出金,specific,0,0,0,true,0,ippansainyu.csv,18172
rd_2026_general_revenue_14_02_08_82_01_3665570000,rs_2026_general_revenue_14_02_08_82,2026_general_revenue_14_02_08,2026,general,一般会計,14,都支出金,02,都補助金,08,民生費補助金（２）,82,要支援家庭を対象としたショートステイ事業,01,要支援家庭を対象としたショートステイ事業,子ども・若者部 児童相談支援課,都支出金,specific,0,5060,5060,false,1,ippansainyu.csv,18173
rd_2026_general_revenue_14_02_08_83_01_3645300000,rs_2026_general_revenue_14_02_08_83,2026_general_revenue_14_02_08,2026,general,一般会計,14,都支出金,02,都補助金,08,民生費補助金（２）,83,認知症サポート検診事業補助金,01,認知症サポート検診事業補助金,高齢福祉部 介護予防・支援課,都支出金,specific,0,2341,2341,false,1,ippansainyu.csv,17724
rd_2026_general_revenue_14_02_08_83_02_3095100000,rs_2026_general_revenue_14_02_08_83,2026_general_revenue_14_02_08,2026,general,一般会計,14,都支出金,02,都補助金,08,民生費補助金（２）,83,認知症サポート検診事業補助金,02,認知症サポート検診事業補助金,DX推進担当部 ＤＸ推進担当課,都支出金,specific,0,999,999,false,1,ippansainyu.csv,16929
rd_2026_general_revenue_14_03_01_01_06_3355300000,rs_2026_general_revenue_14_03_01_01,2026_general_revenue_14_03_01,2026,general,一般会計,14,都支出金,03,都委託金,01,総務費委託金,01,徴税費,06,徴税費,財務部 課税課,都支出金,specific,1851808,1925292,73484,false,6,ippansainyu.csv,16990
rd_2026_general_revenue_14_03_01_02_04_3415100000,rs_2026_general_revenue_14_03_01_02,2026_general_revenue_14_03_01,2026,general,一般会計,14,都支出金,03,都委託金,01,総務費委託金,02,自衛隊員募集費,04,自衛隊員募集,地域行政部 地域行政課,都支出金,specific,200,200,0,false,1,ippansainyu.csv,17083
rd_2026_general_revenue_14_03_01_03_04_3065400000,rs_2026_general_revenue_14_03_01_03,2026_general_revenue_14_03_01,2026,general,一般会計,14,都支出金,03,都委託金,01,総務費委託金,03,統計費,04,基幹統計,政策経営部 政策研究・調査課,都支出金,specific,677388,67236,-610152,false,1,ippansainyu.csv,16902
rd_2026_general_revenue_14_03_01_03_06_3065100000,rs_2026_general_revenue_14_03_01_03,2026_general_revenue_14_03_01,2026,general,一般会計,14,都支出金,03,都委託金,01,総務費委託金,03,統計費,06,基幹統計,政策経営部 政策企画課,都支出金,specific,27355,738,-26617,false,1,ippansainyu.csv,16896
rd_2026_general_revenue_14_03_01_03_07_3065100000,rs_2026_general_revenue_14_03_01_03,2026_general_revenue_14_03_01,2026,general,一般会計,14,都支出金,03,都委託金,01,総務費委託金,03,統計費,07,基幹統計,政策経営部 政策企画課,都支出金,specific,0,29570,29570,false,1,ippansainyu.csv,16897
rd_2026_general_revenue_14_03_01_04_01_3415220000,rs_2026_general_revenue_14_03_01_04,2026_general_revenue_14_03_01,2026,general,一般会計,14,都支出金,03,都委託金,01,総務費委託金,04,住民記録費,01,住民記録,地域行政部 住民記録・戸籍課,都支出金,specific,1511,1510,-1,false,1,ippansainyu.csv,17094
rd_2026_general_revenue_14_03_01_05_01_3415220000,rs_2026_general_revenue_14_03_01_05,2026_general_revenue_14_03_01,2026,general,一般会計,14,都支出金,03,都委託金,01,総務費委託金,05,戸籍統計費,01,戸籍統計,地域行政部 住民記録・戸籍課,都支出金,specific,722,722,0,false,1,ippansainyu.csv,17095
rd_2026_general_revenue_14_03_01_07_01_5305100000,rs_2026_general_revenue_14_03_01_07,2026_general_revenue_14_03_01,2026,general,一般会計,14,都支出金,03,都委託金,01,総務費委託金,07,地方選挙費,01,都議会議員選挙,選挙管理委員会事務局,都支出金,specific,321245,0,-321245,true,0,ippansainyu.csv,18924
rd_2026_general_revenue_14_03_01_07_05_5305100000,rs_2026_general_revenue_14_03_01_07,2026_general_revenue_14_03_01,2026,general,一般会計,14,都支出金,03,都委託金,01,総務費委託金,07,地方選挙費,05,都議会議員選挙,選挙管理委員会事務局,都支出金,specific,448,0,-448,true,0,ippansainyu.csv,18925
rd_2026_general_revenue_14_03_01_08_01_5305100000,rs_2026_general_revenue_14_03_01_08,2026_general_revenue_14_03_01,2026,general,一般会計,14,都支出金,03,都委託金,01,総務費委託金,08,参議院議員選挙費,01,参議院議員選挙,選挙管理委員会事務局,都支出金,specific,411810,0,-411810,true,0,ippansainyu.csv,18926
rd_2026_general_revenue_14_03_01_08_02_5305100000,rs_2026_general_revenue_14_03_01_08,2026_general_revenue_14_03_01,2026,general,一般会計,14,都支出金,03,都委託金,01,総務費委託金,08,参議院議員選挙費,02,参議院議員選挙,選挙管理委員会事務局,都支出金,specific,707,0,-707,true,0,ippansainyu.csv,18927
rd_2026_general_revenue_14_03_01_12_01_5305100000,rs_2026_general_revenue_14_03_01_12,2026_general_revenue_14_03_01,2026,general,一般会計,14,都支出金,03,都委託金,01,総務費委託金,12,在外選挙人名簿登録費,01,住所地・本籍地登録,選挙管理委員会事務局,都支出金,specific,767,450,-317,false,1,ippansainyu.csv,18928
rd_2026_general_revenue_14_03_01_13_01_3205500000,rs_2026_general_revenue_14_03_01_13,2026_general_revenue_14_03_01,2026,general,一般会計,14,都支出金,03,都委託金,01,総務費委託金,13,事務処理特例交付金,01,事務処理特例交付金,総務部 人事課,都支出金,specific,398000,406000,8000,false,1,ippansainyu.csv,16943
rd_2026_general_revenue_14_03_01_13_09_3895400000,rs_2026_general_revenue_14_03_01_13,2026_general_revenue_14_03_01,2026,general,一般会計,14,都支出金,03,都委託金,01,総務費委託金,13,事務処理特例交付金,09,事務処理特例交付金（河川）,土木部 工事第二課,都支出金,specific,68882,48708,-20174,false,1,ippansainyu.csv,18740
rd_2026_general_revenue_14_03_01_13_10_3895300000,rs_2026_general_revenue_14_03_01_13,2026_general_revenue_14_03_01,2026,general,一般会計,14,都支出金,03,都委託金,01,総務費委託金,13,事務処理特例交付金,10,事務処理特例交付金（河川）,土木部 工事第一課,都支出金,specific,9009,9009,0,false,1,ippansainyu.csv,18722
rd_2026_general_revenue_14_03_01_13_12_3815100000,rs_2026_general_revenue_14_03_01_13,2026_general_revenue_14_03_01,2026,general,一般会計,14,都支出金,03,都委託金,01,総務費委託金,13,事務処理特例交付金,12,事務処理特例交付金,都市整備政策部 都市計画課,都支出金,specific,10545,6024,-4521,false,2,ippansainyu.csv,18525
rd_2026_general_revenue_14_03_01_13_13_3465110000,rs_2026_general_revenue_14_03_01_13,2026_general_revenue_14_03_01,2026,general,一般会計,14,都支出金,03,都委託金,01,総務費委託金,13,事務処理特例交付金,13,事務処理特例交付金,環境政策部 環境政策課,都支出金,specific,37786,42767,4981,false,1,ippansainyu.csv,17134
rd_2026_general_revenue_14_03_02_01_01_3785100000,rs_2026_general_revenue_14_03_02_01,2026_general_revenue_14_03_02,2026,general,一般会計,14,都支出金,03,都委託金,02,衛生費委託金,01,衛生統計費,01,人口動態調査等,世田谷保健所 健康企画課,都支出金,specific,2029,3222,1193,false,1,ippansainyu.csv,18415
rd_2026_general_revenue_14_03_02_01_03_3785100000,rs_2026_general_revenue_14_03_02_01,2026_general_revenue_14_03_02,2026,general,一般会計,14,都支出金,03,都委託金,02,衛生費委託金,01,衛生統計費,03,人口動態調査等,世田谷保健所 健康企画課,都支出金,specific,0,405,405,false,1,ippansainyu.csv,18416
rd_2026_general_revenue_14_03_02_02_09_3655300000,rs_2026_general_revenue_14_03_02_02,2026_general_revenue_14_03_02,2026,general,一般会計,14,都支出金,03,都委託金,02,衛生費委託金,02,医療費助成事務費,09,小児精神病等,障害福祉部 障害保健福祉課,都支出金,specific,15545,16935,1390,false,2,ippansainyu.csv,17929
rd_2026_general_revenue_14_03_02_02_11_3785250000,rs_2026_general_revenue_14_03_02_02,2026_general_revenue_14_03_02,2026,general,一般会計,14,都支出金,03,都委託金,02,衛生費委託金,02,医療費助成事務費,11,難病医療費事務費交付金,世田谷保健所 感染症対策課,都支出金,specific,6781,8095,1314,false,2,ippansainyu.csv,18498
rd_2026_general_revenue_14_03_03_01_04_3655100000,rs_2026_general_revenue_14_03_03_01,2026_general_revenue_14_03_03,2026,general,一般会計,14,都支出金,03,都委託金,03,民生費委託金,01,民生統計費,04,全国障害児・者等実態調査,障害福祉部 障害施策課,都支出金,specific,0,4146,4146,false,1,ippansainyu.csv,17821
rd_2026_general_revenue_14_03_03_02_01_3655200000,rs_2026_general_revenue_14_03_03_02,2026_general_revenue_14_03_03,2026,general,一般会計,14,都支出金,03,都委託金,03,民生費委託金,02,無料乗車券発行事務費,01,無料乗車券発行事務費,障害福祉部 障害地域生活課,都支出金,specific,255,259,4,false,1,ippansainyu.csv,17867
rd_2026_general_revenue_14_03_03_09_01_3665500000,rs_2026_general_revenue_14_03_03_09,2026_general_revenue_14_03_03,2026,general,一般会計,14,都支出金,03,都委託金,03,民生費委託金,09,全国ひとり親世帯等調査費,01,全国ひとり親世帯等調査,子ども・若者部 子ども家庭課,都支出金,specific,0,25,25,false,1,ippansainyu.csv,18122
rd_2026_general_revenue_14_03_04_01_03_3865100000,rs_2026_general_revenue_14_03_04_01,2026_general_revenue_14_03_04,2026,general,一般会計,14,都支出金,03,都委託金,04,土木費委託金,01,建設統計費,03,建設統計,道路・交通計画部 道路管理課,都支出金,specific,415,0,-415,true,0,ippansainyu.csv,18656
rd_2026_general_revenue_14_03_04_02_03_3815250000,rs_2026_general_revenue_14_03_04_02,2026_general_revenue_14_03_04,2026,general,一般会計,14,都支出金,03,都委託金,04,土木費委託金,02,建築行政費,03,建築物動態統計調査事務費,都市整備政策部 建築調整課,都支出金,specific,44,42,-2,false,1,ippansainyu.csv,18538
rd_2026_general_revenue_14_03_04_03_02_3895400000,rs_2026_general_revenue_14_03_04_03,2026_general_revenue_14_03_04,2026,general,一般会計,14,都支出金,03,都委託金,04,土木費委託金,03,水門管理費,02,水門管理,土木部 工事第二課,都支出金,specific,9134,9462,328,false,2,ippansainyu.csv,18741
rd_2026_general_revenue_14_03_04_06_05_3895400000,rs_2026_general_revenue_14_03_04_06,2026_general_revenue_14_03_04,2026,general,一般会計,14,都支出金,03,都委託金,04,土木費委託金,06,側溝施設管理,05,側溝施設管理費（玉川・砧）,土木部 工事第二課,都支出金,specific,8627,9189,562,false,1,ippansainyu.csv,18742
rd_2026_general_revenue_14_03_04_06_06_3895300000,rs_2026_general_revenue_14_03_04_06,2026_general_revenue_14_03_04,2026,general,一般会計,14,都支出金,03,都委託金,04,土木費委託金,06,側溝施設管理,06,側溝施設管理費（世田谷・北沢・烏山）,土木部 工事第一課,都支出金,specific,506,539,33,false,1,ippansainyu.csv,18723
rd_2026_general_revenue_14_03_07_02_01_4985200000,rs_2026_general_revenue_14_03_07_02,2026_general_revenue_14_03_07,2026,general,一般会計,14,都支出金,03,都委託金,07,教育費委託金,02,研修・研究費,01,教員研修事業事務処理特例交付金,教育委員会事務局 事業推進担当課,都支出金,specific,485,485,0,false,1,ippansainyu.csv,18896
rd_2026_general_revenue_14_03_07_02_03_4985200000,rs_2026_general_revenue_14_03_07_02,2026_general_revenue_14_03_07,2026,general,一般会計,14,都支出金,03,都委託金,07,教育費委託金,02,研修・研究費,03,人権尊重教育推進校事業費,教育委員会事務局 事業推進担当課,都支出金,specific,357,357,0,false,1,ippansainyu.csv,18897
rd_2026_general_revenue_14_03_07_02_08_4985200000,rs_2026_general_revenue_14_03_07_02,2026_general_revenue_14_03_07,2026,general,一般会計,14,都支出金,03,都委託金,07,教育費委託金,02,研修・研究費,08,安全教育推進校事業費,教育委員会事務局 事業推進担当課,都支出金,specific,0,200,200,false,1,ippansainyu.csv,18898
rd_2026_general_revenue_14_03_07_02_11_4985200000,rs_2026_general_revenue_14_03_07_02,2026_general_revenue_14_03_07,2026,general,一般会計,14,都支出金,03,都委託金,07,教育費委託金,02,研修・研究費,11,学校と家庭の連携推進校事業費,教育委員会事務局 事業推進担当課,都支出金,specific,230,399,169,false,1,ippansainyu.csv,18899
rd_2026_general_revenue_14_03_07_02_31_4985200000,rs_2026_general_revenue_14_03_07_02,2026_general_revenue_14_03_07,2026,general,一般会計,14,都支出金,03,都委託金,07,教育費委託金,02,研修・研究費,31,体育健康教育推進校事業,教育委員会事務局 事業推進担当課,都支出金,specific,500,500,0,false,1,ippansainyu.csv,18900
rd_2026_general_revenue_14_03_07_02_32_4985200000,rs_2026_general_revenue_14_03_07_02,2026_general_revenue_14_03_07,2026,general,一般会計,14,都支出金,03,都委託金,07,教育費委託金,02,研修・研究費,32,日本語指導推進校事業費,教育委員会事務局 事業推進担当課,都支出金,specific,200,200,0,false,1,ippansainyu.csv,18901
rd_2026_general_revenue_14_03_07_02_33_4985200000,rs_2026_general_revenue_14_03_07_02,2026_general_revenue_14_03_07,2026,general,一般会計,14,都支出金,03,都委託金,07,教育費委託金,02,研修・研究費,33,デジタルを活用したこれからの学び推進地区事業費,教育委員会事務局 事業推進担当課,都支出金,specific,0,300,300,false,1,ippansainyu.csv,18902
rd_2026_general_revenue_14_03_07_08_07_4960100000,rs_2026_general_revenue_14_03_07_08,2026_general_revenue_14_03_07,2026,general,一般会計,14,都支出金,03,都委託金,07,教育費委託金,08,会計年度任用職員報酬,07,小学校費,教育委員会事務局 教育総務課,都支出金,specific,23404,26335,2931,false,1,ippansainyu.csv,18760
rd_2026_general_revenue_14_03_07_08_08_4960100000,rs_2026_general_revenue_14_03_07_08,2026_general_revenue_14_03_07,2026,general,一般会計,14,都支出金,03,都委託金,07,教育費委託金,08,会計年度任用職員報酬,08,中学校費,教育委員会事務局 教育総務課,都支出金,specific,9806,10352,546,false,1,ippansainyu.csv,18761
rd_2026_general_revenue_15_01_01_01_01_3205600000,rs_2026_general_revenue_15_01_01_01,2026_general_revenue_15_01_01,2026,general,一般会計,15,財産収入,01,財産運用収入,01,財産貸付収入,01,職員住宅,01,職員住宅,総務部 職員厚生課,財産収入,specific,10249,9873,-376,false,1,ippansainyu.csv,16956
rd_2026_general_revenue_15_01_01_03_02_2235100000,rs_2026_general_revenue_15_01_01_03,2026_general_revenue_15_01_01,2026,general,一般会計,15,財産収入,01,財産運用収入,01,財産貸付収入,03,建物貸付,02,北沢タウンホール駐車場,北沢総合支所 地域振興課,財産収入,specific,3735,6784,3049,false,1,ippansainyu.csv,16784
rd_2026_general_revenue_15_01_01_03_08_3405400000,rs_2026_general_revenue_15_01_01_03,2026_general_revenue_15_01_01,2026,general,一般会計,15,財産収入,01,財産運用収入,01,財産貸付収入,03,建物貸付,08,文化生活情報センター駐輪場,生活文化政策部 文化・国際課,一般財源,general,16315,16315,0,false,0,ippansainyu.csv,17050
rd_2026_general_revenue_15_01_01_03_12_3645100000,rs_2026_general_revenue_15_01_01_03,2026_general_revenue_15_01_01,2026,general,一般会計,15,財産収入,01,財産運用収入,01,財産貸付収入,03,建物貸付,12,地域密着型サービス拠点,高齢福祉部 高齢福祉課,一般財源,general,31297,31297,0,false,0,ippansainyu.csv,17518
rd_2026_general_revenue_15_01_01_03_14_3665580000,rs_2026_general_revenue_15_01_01_03,2026_general_revenue_15_01_01,2026,general,一般会計,15,財産収入,01,財産運用収入,01,財産貸付収入,03,建物貸付,14,私立認可保育園,子ども・若者部 保育課,財産収入,specific,14839,13987,-852,false,1,ippansainyu.csv,18314
rd_2026_general_revenue_15_01_01_03_17_3815450000,rs_2026_general_revenue_15_01_01_03,2026_general_revenue_15_01_01,2026,general,一般会計,15,財産収入,01,財産運用収入,01,財産貸付収入,03,建物貸付,17,区営住宅,都市整備政策部 住宅課,財産収入,specific,94,94,0,false,1,ippansainyu.csv,18555
rd_2026_general_revenue_15_01_01_03_21_3095100000,rs_2026_general_revenue_15_01_01_03,2026_general_revenue_15_01_01,2026,general,一般会計,15,財産収入,01,財産運用収入,01,財産貸付収入,03,建物貸付,21,事務センター,DX推進担当部 ＤＸ推進担当課,財産収入,specific,19,19,0,false,1,ippansainyu.csv,16930
rd_2026_general_revenue_15_01_01_03_22_3665150000,rs_2026_general_revenue_15_01_01_03,2026_general_revenue_15_01_01,2026,general,一般会計,15,財産収入,01,財産運用収入,01,財産貸付収入,03,建物貸付,22,屋上貸付（子ども・子育て総合センター）,子ども・若者部 子ども・若者支援課,財産収入,specific,10,10,0,false,1,ippansainyu.csv,17995
rd_2026_general_revenue_15_01_01_03_23_3665580000,rs_2026_general_revenue_15_01_01_03,2026_general_revenue_15_01_01,2026,general,一般会計,15,財産収入,01,財産運用収入,01,財産貸付収入,03,建物貸付,23,認定こども園貸付料,子ども・若者部 保育課,財産収入,specific,2122,2122,0,false,1,ippansainyu.csv,18315
rd_2026_general_revenue_15_01_01_03_24_2135100000,rs_2026_general_revenue_15_01_01_03,2026_general_revenue_15_01_01,2026,general,一般会計,15,財産収入,01,財産運用収入,01,財産貸付収入,03,建物貸付,24,屋上貸付（宮坂区民センター）,世田谷総合支所 地域振興課,財産収入,specific,19,19,0,false,1,ippansainyu.csv,16753
rd_2026_general_revenue_15_01_01_03_26_3695150000,rs_2026_general_revenue_15_01_01_03,2026_general_revenue_15_01_01,2026,general,一般会計,15,財産収入,01,財産運用収入,01,財産貸付収入,03,建物貸付,26,児童相談所,児童相談所 児童相談課,財産収入,specific,877,390,-487,false,1,ippansainyu.csv,18373
rd_2026_general_revenue_15_01_01_03_27_2335100000,rs_2026_general_revenue_15_01_01_03,2026_general_revenue_15_01_01,2026,general,一般会計,15,財産収入,01,財産運用収入,01,財産貸付収入,03,建物貸付,27,玉川区民会館別館,玉川総合支所 地域振興課,財産収入,specific,25,25,0,false,1,ippansainyu.csv,16812
rd_2026_general_revenue_15_01_01_03_28_3445550000,rs_2026_general_revenue_15_01_01_03,2026_general_revenue_15_01_01,2026,general,一般会計,15,財産収入,01,財産運用収入,01,財産貸付収入,03,建物貸付,28,北烏山地区体育室,スポーツ推進部 スポーツ施設課,財産収入,specific,6,6,0,false,1,ippansainyu.csv,17115
rd_2026_general_revenue_15_01_01_03_29_2435100000,rs_2026_general_revenue_15_01_01_03,2026_general_revenue_15_01_01,2026,general,一般会計,15,財産収入,01,財産運用収入,01,財産貸付収入,03,建物貸付,29,鎌田区民センター,砧総合支所 地域振興課,財産収入,specific,611,611,0,false,1,ippansainyu.csv,16841
rd_2026_general_revenue_15_01_01_03_30_2135100000,rs_2026_general_revenue_15_01_01_03,2026_general_revenue_15_01_01,2026,general,一般会計,15,財産収入,01,財産運用収入,01,財産貸付収入,03,建物貸付,30,宮坂区民センター,世田谷総合支所 地域振興課,財産収入,specific,897,897,0,false,1,ippansainyu.csv,16754
rd_2026_general_revenue_15_01_01_03_31_2135100000,rs_2026_general_revenue_15_01_01_03,2026_general_revenue_15_01_01,2026,general,一般会計,15,財産収入,01,財産運用収入,01,財産貸付収入,03,建物貸付,31,桜丘区民センター,世田谷総合支所 地域振興課,財産収入,specific,871,871,0,false,1,ippansainyu.csv,16755
rd_2026_general_revenue_15_01_01_03_32_2135100000,rs_2026_general_revenue_15_01_01_03,2026_general_revenue_15_01_01,2026,general,一般会計,15,財産収入,01,財産運用収入,01,財産貸付収入,03,建物貸付,32,弦巻区民センター,世田谷総合支所 地域振興課,財産収入,specific,641,609,-32,false,1,ippansainyu.csv,16756
rd_2026_general_revenue_15_01_01_03_33_4960160000,rs_2026_general_revenue_15_01_01_03,2026_general_revenue_15_01_01,2026,general,一般会計,15,財産収入,01,財産運用収入,01,財産貸付収入,03,建物貸付,33,中学校,教育委員会事務局 教育環境課,財産収入,specific,464,464,0,false,1,ippansainyu.csv,18808
rd_2026_general_revenue_15_01_01_03_34_3525210000,rs_2026_general_revenue_15_01_01_03,2026_general_revenue_15_01_01,2026,general,一般会計,15,財産収入,01,財産運用収入,01,財産貸付収入,03,建物貸付,34,旧池尻中学校跡地貸付料,経済産業部 経済課,財産収入,specific,13200,13200,0,false,1,ippansainyu.csv,17174
rd_2026_general_revenue_15_01_01_03_35_2235100000,rs_2026_general_revenue_15_01_01_03,2026_general_revenue_15_01_01,2026,general,一般会計,15,財産収入,01,財産運用収入,01,財産貸付収入,03,建物貸付,35,北沢地域地区会館,北沢総合支所 地域振興課,財産収入,specific,924,924,0,false,1,ippansainyu.csv,16785
rd_2026_general_revenue_15_01_01_03_36_2435100000,rs_2026_general_revenue_15_01_01_03,2026_general_revenue_15_01_01,2026,general,一般会計,15,財産収入,01,財産運用収入,01,財産貸付収入,03,建物貸付,36,砧総合支所,砧総合支所 地域振興課,財産収入,specific,921,921,0,false,1,ippansainyu.csv,16842
rd_2026_general_revenue_15_01_01_03_37_2535100000,rs_2026_general_revenue_15_01_01_03,2026_general_revenue_15_01_01,2026,general,一般会計,15,財産収入,01,財産運用収入,01,財産貸付収入,03,建物貸付,37,烏山総合支所,烏山総合支所 地域振興課,財産収入,specific,393,393,0,false,1,ippansainyu.csv,16874
rd_2026_general_revenue_15_01_01_03_38_2535100000,rs_2026_general_revenue_15_01_01_03,2026_general_revenue_15_01_01,2026,general,一般会計,15,財産収入,01,財産運用収入,01,財産貸付収入,03,建物貸付,38,上北沢区民センター,烏山総合支所 地域振興課,財産収入,specific,367,367,0,false,1,ippansainyu.csv,16875
rd_2026_general_revenue_15_01_01_03_39_2535100000,rs_2026_general_revenue_15_01_01_03,2026_general_revenue_15_01_01,2026,general,一般会計,15,財産収入,01,財産運用収入,01,財産貸付収入,03,建物貸付,39,粕谷区民センター,烏山総合支所 地域振興課,財産収入,specific,404,404,0,false,1,ippansainyu.csv,16876
rd_2026_general_revenue_15_01_01_03_40_3665570000,rs_2026_general_revenue_15_01_01_03,2026_general_revenue_15_01_01,2026,general,一般会計,15,財産収入,01,財産運用収入,01,財産貸付収入,03,建物貸付,40,産後ケアセンター,子ども・若者部 児童相談支援課,財産収入,specific,0,229,229,false,1,ippansainyu.csv,18174
rd_2026_general_revenue_15_01_01_03_41_3555300000,rs_2026_general_revenue_15_01_01_03,2026_general_revenue_15_01_01,2026,general,一般会計,15,財産収入,01,財産運用収入,01,財産貸付収入,03,建物貸付,41,資源循環センター,環境政策部 事業課,財産収入,specific,196,196,0,false,1,ippansainyu.csv,17206
rd_2026_general_revenue_15_01_01_03_42_4965200000,rs_2026_general_revenue_15_01_01_03,2026_general_revenue_15_01_01,2026,general,一般会計,15,財産収入,01,財産運用収入,01,財産貸付収入,03,建物貸付,42,図書館,教育委員会事務局 中央図書館,財産収入,specific,1260,200,-1060,false,1,ippansainyu.csv,18841
rd_2026_general_revenue_15_01_01_03_44_4960160000,rs_2026_general_revenue_15_01_01_03,2026_general_revenue_15_01_01,2026,general,一般会計,15,財産収入,01,財産運用収入,01,財産貸付収入,03,建物貸付,44,小学校,教育委員会事務局 教育環境課,財産収入,specific,0,3024,3024,false,1,ippansainyu.csv,18809
rd_2026_general_revenue_15_01_01_04_02_2235100000,rs_2026_general_revenue_15_01_01_04,2026_general_revenue_15_01_01,2026,general,一般会計,15,財産収入,01,財産運用収入,01,財産貸付収入,04,土地貸付,02,代田区民センター,北沢総合支所 地域振興課,財産収入,specific,822,822,0,false,1,ippansainyu.csv,16786
rd_2026_general_revenue_15_01_01_04_05_3355100000,rs_2026_general_revenue_15_01_01_04,2026_general_revenue_15_01_01,2026,general,一般会計,15,財産収入,01,財産運用収入,01,財産貸付収入,04,土地貸付,05,土地貸付,財務部 経理課,一般財源,general,6267,6309,42,false,0,ippansainyu.csv,16983
rd_2026_general_revenue_15_01_01_04_05_3465120000,rs_2026_general_revenue_15_01_01_04,2026_general_revenue_15_01_01,2026,general,一般会計,15,財産収入,01,財産運用収入,01,財産貸付収入,04,土地貸付,05,土地貸付,環境政策部 気候危機対策課,一般財源,general,9,3,-6,false,0,ippansainyu.csv,17142
rd_2026_general_revenue_15_01_01_04_05_3595150000,rs_2026_general_revenue_15_01_01_04,2026_general_revenue_15_01_01,2026,general,一般会計,15,財産収入,01,財産運用収入,01,財産貸付収入,04,土地貸付,05,土地貸付,保健福祉政策部 保福推進課,一般財源,general,46135,46135,0,false,0,ippansainyu.csv,17267
rd_2026_general_revenue_15_01_01_04_05_3645100000,rs_2026_general_revenue_15_01_01_04,2026_general_revenue_15_01_01,2026,general,一般会計,15,財産収入,01,財産運用収入,01,財産貸付収入,04,土地貸付,05,土地貸付,高齢福祉部 高齢福祉課,一般財源,general,19843,13750,-6093,false,0,ippansainyu.csv,17519
rd_2026_general_revenue_15_01_01_04_08_3645100000,rs_2026_general_revenue_15_01_01_04,2026_general_revenue_15_01_01,2026,general,一般会計,15,財産収入,01,財産運用収入,01,財産貸付収入,04,土地貸付,08,老人保健施設,高齢福祉部 高齢福祉課,財産収入,specific,13428,13428,0,false,2,ippansainyu.csv,17520
rd_2026_general_revenue_15_01_01_04_30_2135600000,rs_2026_general_revenue_15_01_01_04,2026_general_revenue_15_01_01,2026,general,一般会計,15,財産収入,01,財産運用収入,01,財産貸付収入,04,土地貸付,30,街づくり用地,世田谷総合支所 街づくり課,一般財源,general,3452,3466,14,false,0,ippansainyu.csv,16771
rd_2026_general_revenue_15_01_01_04_31_3865400000,rs_2026_general_revenue_15_01_01_04,2026_general_revenue_15_01_01,2026,general,一般会計,15,財産収入,01,財産運用収入,01,財産貸付収入,04,土地貸付,31,道路代替地,道路・交通計画部 道路事業推進課,一般財源,general,34696,45583,10887,false,0,ippansainyu.csv,18671
rd_2026_general_revenue_15_01_01_04_34_3445550000,rs_2026_general_revenue_15_01_01_04,2026_general_revenue_15_01_01,2026,general,一般会計,15,財産収入,01,財産運用収入,01,財産貸付収入,04,土地貸付,34,大蔵第二運動場,スポーツ推進部 スポーツ施設課,財産収入,specific,1600,1700,100,false,1,ippansainyu.csv,17116
rd_2026_general_revenue_15_01_01_04_36_3665580000,rs_2026_general_revenue_15_01_01_04,2026_general_revenue_15_01_01,2026,general,一般会計,15,財産収入,01,財産運用収入,01,財産貸付収入,04,土地貸付,36,私立認可保育園,子ども・若者部 保育課,財産収入,specific,73702,74535,833,false,1,ippansainyu.csv,18316
rd_2026_general_revenue_15_01_01_04_37_3555400000,rs_2026_general_revenue_15_01_01_04,2026_general_revenue_15_01_01,2026,general,一般会計,15,財産収入,01,財産運用収入,01,財産貸付収入,04,土地貸付,37,世田谷清掃事務所,環境政策部 世田谷清掃事務所,財産収入,specific,602,602,0,false,1,ippansainyu.csv,17224
rd_2026_general_revenue_15_01_01_04_38_3555500000,rs_2026_general_revenue_15_01_01_04,2026_general_revenue_15_01_01,2026,general,一般会計,15,財産収入,01,財産運用収入,01,財産貸付収入,04,土地貸付,38,玉川清掃事務所,環境政策部 玉川清掃事務所,財産収入,specific,385,384,-1,false,1,ippansainyu.csv,17227
rd_2026_general_revenue_15_01_01_04_39_3555600000,rs_2026_general_revenue_15_01_01_04,2026_general_revenue_15_01_01,2026,general,一般会計,15,財産収入,01,財産運用収入,01,財産貸付収入,04,土地貸付,39,砧清掃事務所,環境政策部 砧清掃事務所,財産収入,specific,831,831,0,false,1,ippansainyu.csv,17229
rd_2026_general_revenue_15_01_01_04_40_3655200000,rs_2026_general_revenue_15_01_01_04,2026_general_revenue_15_01_01,2026,general,一般会計,15,財産収入,01,財産運用収入,01,財産貸付収入,04,土地貸付,40,障害者休養ホームひまわり荘,障害福祉部 障害地域生活課,財産収入,specific,26,26,0,false,1,ippansainyu.csv,17868
rd_2026_general_revenue_15_01_01_04_41_3445550000,rs_2026_general_revenue_15_01_01_04,2026_general_revenue_15_01_01,2026,general,一般会計,15,財産収入,01,財産運用収入,01,財産貸付収入,04,土地貸付,41,総合運動場,スポーツ推進部 スポーツ施設課,財産収入,specific,1807,2008,201,false,1,ippansainyu.csv,17117
rd_2026_general_revenue_15_01_01_04_42_3445550000,rs_2026_general_revenue_15_01_01_04,2026_general_revenue_15_01_01,2026,general,一般会計,15,財産収入,01,財産運用収入,01,財産貸付収入,04,土地貸付,42,千歳温水プール,スポーツ推進部 スポーツ施設課,財産収入,specific,466,573,107,false,1,ippansainyu.csv,17118
rd_2026_general_revenue_15_01_01_04_43_3405400000,rs_2026_general_revenue_15_01_01_04,2026_general_revenue_15_01_01,2026,general,一般会計,15,財産収入,01,財産運用収入,01,財産貸付収入,04,土地貸付,43,文化生活情報センター,生活文化政策部 文化・国際課,財産収入,specific,53,56,3,false,1,ippansainyu.csv,17051
rd_2026_general_revenue_15_01_01_04_46_2535100000,rs_2026_general_revenue_15_01_01_04,2026_general_revenue_15_01_01,2026,general,一般会計,15,財産収入,01,財産運用収入,01,財産貸付収入,04,土地貸付,46,みどり会館,烏山総合支所 地域振興課,財産収入,specific,60,60,0,false,1,ippansainyu.csv,16877
rd_2026_general_revenue_15_01_01_04_48_3235200000,rs_2026_general_revenue_15_01_01_04,2026_general_revenue_15_01_01,2026,general,一般会計,15,財産収入,01,財産運用収入,01,財産貸付収入,04,土地貸付,48,庁舎,庁舎整備担当部 庁舎管理担当課,財産収入,specific,8000,26056,18056,false,1,ippansainyu.csv,16961
rd_2026_general_revenue_15_01_01_04_52_3815450000,rs_2026_general_revenue_15_01_01_04,2026_general_revenue_15_01_01,2026,general,一般会計,15,財産収入,01,財産運用収入,01,財産貸付収入,04,土地貸付,52,区営住宅,都市整備政策部 住宅課,財産収入,specific,4406,6140,1734,false,1,ippansainyu.csv,18556
rd_2026_general_revenue_15_01_01_04_55_2235100000,rs_2026_general_revenue_15_01_01_04,2026_general_revenue_15_01_01,2026,general,一般会計,15,財産収入,01,財産運用収入,01,財産貸付収入,04,土地貸付,55,北沢タウンホール,北沢総合支所 地域振興課,財産収入,specific,792,792,0,false,1,ippansainyu.csv,16787
rd_2026_general_revenue_15_01_01_04_56_2235100000,rs_2026_general_revenue_15_01_01_04,2026_general_revenue_15_01_01,2026,general,一般会計,15,財産収入,01,財産運用収入,01,財産貸付収入,04,土地貸付,56,北沢地域まちづくりセンター,北沢総合支所 地域振興課,財産収入,specific,485,585,100,false,1,ippansainyu.csv,16788
rd_2026_general_revenue_15_01_01_04_58_2335100000,rs_2026_general_revenue_15_01_01_04,2026_general_revenue_15_01_01,2026,general,一般会計,15,財産収入,01,財産運用収入,01,財産貸付収入,04,土地貸付,58,玉川地域出張所,玉川総合支所 地域振興課,財産収入,specific,128,128,0,false,1,ippansainyu.csv,16813
rd_2026_general_revenue_15_01_01_04_59_3405350000,rs_2026_general_revenue_15_01_01_04,2026_general_revenue_15_01_01,2026,general,一般会計,15,財産収入,01,財産運用収入,01,財産貸付収入,04,土地貸付,59,健康増進・交流施設,生活文化政策部 市民活動推進課,財産収入,specific,6711,6736,25,false,1,ippansainyu.csv,17027
rd_2026_general_revenue_15_01_01_04_60_2135100000,rs_2026_general_revenue_15_01_01_04,2026_general_revenue_15_01_01,2026,general,一般会計,15,財産収入,01,財産運用収入,01,財産貸付収入,04,土地貸付,60,太子堂区民センター,世田谷総合支所 地域振興課,財産収入,specific,296,296,0,false,1,ippansainyu.csv,16757
rd_2026_general_revenue_15_01_01_04_63_3665150000,rs_2026_general_revenue_15_01_01_04,2026_general_revenue_15_01_01,2026,general,一般会計,15,財産収入,01,財産運用収入,01,財産貸付収入,04,土地貸付,63,池之上青少年交流センター,子ども・若者部 子ども・若者支援課,財産収入,specific,405,405,0,false,1,ippansainyu.csv,17996
rd_2026_general_revenue_15_01_01_04_64_3895200000,rs_2026_general_revenue_15_01_01_04,2026_general_revenue_15_01_01,2026,general,一般会計,15,財産収入,01,財産運用収入,01,財産貸付収入,04,土地貸付,64,自動二輪車駐車場,土木部 交通安全自転車課,財産収入,specific,8392,8392,0,false,1,ippansainyu.csv,18701
rd_2026_general_revenue_15_01_01_04_72_3405350000,rs_2026_general_revenue_15_01_01_04,2026_general_revenue_15_01_01,2026,general,一般会計,15,財産収入,01,財産運用収入,01,財産貸付収入,04,土地貸付,72,ひだまり友遊会館,生活文化政策部 市民活動推進課,財産収入,specific,40,43,3,false,1,ippansainyu.csv,17028
rd_2026_general_revenue_15_01_01_04_79_2135100000,rs_2026_general_revenue_15_01_01_04,2026_general_revenue_15_01_01,2026,general,一般会計,15,財産収入,01,財産運用収入,01,財産貸付収入,04,土地貸付,79,世田谷地域まちづくりセンター,世田谷総合支所 地域振興課,財産収入,specific,4420,4420,0,false,1,ippansainyu.csv,16758
rd_2026_general_revenue_15_01_01_04_80_3665580000,rs_2026_general_revenue_15_01_01_04,2026_general_revenue_15_01_01,2026,general,一般会計,15,財産収入,01,財産運用収入,01,財産貸付収入,04,土地貸付,80,認定こども園,子ども・若者部 保育課,財産収入,specific,6456,6456,0,false,1,ippansainyu.csv,18317
rd_2026_general_revenue_15_01_01_04_82_2235100000,rs_2026_general_revenue_15_01_01_04,2026_general_revenue_15_01_01,2026,general,一般会計,15,財産収入,01,財産運用収入,01,財産貸付収入,04,土地貸付,82,北沢地域地区会館,北沢総合支所 地域振興課,財産収入,specific,733,733,0,false,1,ippansainyu.csv,16789
rd_2026_general_revenue_15_01_01_04_84_2435100000,rs_2026_general_revenue_15_01_01_04,2026_general_revenue_15_01_01,2026,general,一般会計,15,財産収入,01,財産運用収入,01,財産貸付収入,04,土地貸付,84,砧地域まちづくりセンター,砧総合支所 地域振興課,財産収入,specific,954,954,0,false,1,ippansainyu.csv,16843
rd_2026_general_revenue_15_01_01_04_85_2535100000,rs_2026_general_revenue_15_01_01_04,2026_general_revenue_15_01_01,2026,general,一般会計,15,財産収入,01,財産運用収入,01,財産貸付収入,04,土地貸付,85,烏山地域地区会館,烏山総合支所 地域振興課,財産収入,specific,448,448,0,false,1,ippansainyu.csv,16878
rd_2026_general_revenue_15_01_01_04_88_3665150000,rs_2026_general_revenue_15_01_01_04,2026_general_revenue_15_01_01,2026,general,一般会計,15,財産収入,01,財産運用収入,01,財産貸付収入,04,土地貸付,88,希望丘青少年交流センター,子ども・若者部 子ども・若者支援課,財産収入,specific,5601,5601,0,false,1,ippansainyu.csv,17997
rd_2026_general_revenue_15_01_01_04_89_4985100000,rs_2026_general_revenue_15_01_01_04,2026_general_revenue_15_01_01,2026,general,一般会計,15,財産収入,01,財産運用収入,01,財産貸付収入,04,土地貸付,89,教育総合センター,教育委員会事務局 教育相談課,財産収入,specific,1092,1143,51,false,1,ippansainyu.csv,18885
rd_2026_general_revenue_15_01_01_04_90_4965200000,rs_2026_general_revenue_15_01_01_04,2026_general_revenue_15_01_01,2026,general,一般会計,15,財産収入,01,財産運用収入,01,財産貸付収入,04,土地貸付,90,教育会館,教育委員会事務局 中央図書館,財産収入,specific,1870,1870,0,false,1,ippansainyu.csv,18842
rd_2026_general_revenue_15_01_01_04_91_4965200000,rs_2026_general_revenue_15_01_01_04,2026_general_revenue_15_01_01,2026,general,一般会計,15,財産収入,01,財産運用収入,01,財産貸付収入,04,土地貸付,91,砧図書館,教育委員会事務局 中央図書館,財産収入,specific,398,398,0,false,1,ippansainyu.csv,18843
rd_2026_general_revenue_15_01_01_04_92_2535100000,rs_2026_general_revenue_15_01_01_04,2026_general_revenue_15_01_01,2026,general,一般会計,15,財産収入,01,財産運用収入,01,財産貸付収入,04,土地貸付,92,烏山地域区民集会所,烏山総合支所 地域振興課,財産収入,specific,105,105,0,false,1,ippansainyu.csv,16879
rd_2026_general_revenue_15_01_01_04_94_3895200000,rs_2026_general_revenue_15_01_01_04,2026_general_revenue_15_01_01,2026,general,一般会計,15,財産収入,01,財産運用収入,01,財産貸付収入,04,土地貸付,94,自転車等駐車場,土木部 交通安全自転車課,財産収入,specific,0,2362,2362,false,1,ippansainyu.csv,18702
rd_2026_general_revenue_15_01_01_04_96_3405350000,rs_2026_general_revenue_15_01_01_04,2026_general_revenue_15_01_01,2026,general,一般会計,15,財産収入,01,財産運用収入,01,財産貸付収入,04,土地貸付,96,土と農の交流園,生活文化政策部 市民活動推進課,財産収入,specific,0,50,50,false,1,ippansainyu.csv,17029
rd_2026_general_revenue_15_01_01_05_01_3065600000,rs_2026_general_revenue_15_01_01_05,2026_general_revenue_15_01_01,2026,general,一般会計,15,財産収入,01,財産運用収入,01,財産貸付収入,05,物品貸付,01,著作権利用許諾,政策経営部 広報広聴課,財産収入,specific,36,21,-15,false,1,ippansainyu.csv,16920
rd_2026_general_revenue_15_01_01_06_01_3895300000,rs_2026_general_revenue_15_01_01_06,2026_general_revenue_15_01_01,2026,general,一般会計,15,財産収入,01,財産運用収入,01,財産貸付収入,06,広告板貸付,01,三茶パティオ,土木部 工事第一課,財産収入,specific,2970,2970,0,false,1,ippansainyu.csv,18724
rd_2026_general_revenue_15_01_02_02_07_4960160000,rs_2026_general_revenue_15_01_02_02,2026_general_revenue_15_01_02,2026,general,一般会計,15,財産収入,01,財産運用収入,02,利子及配当金,02,基金利子,07,義務教育施設整備基金,教育委員会事務局 教育環境課,財産収入,specific,79268,319539,240271,false,1,ippansainyu.csv,18810
rd_2026_general_revenue_15_01_02_02_11_3815100000,rs_2026_general_revenue_15_01_02_02,2026_general_revenue_15_01_02,2026,general,一般会計,15,財産収入,01,財産運用収入,02,利子及配当金,02,基金利子,11,都市整備基金,都市整備政策部 都市計画課,財産収入,specific,26765,78169,51404,false,1,ippansainyu.csv,18526
rd_2026_general_revenue_15_01_02_02_12_3205100000,rs_2026_general_revenue_15_01_02_02,2026_general_revenue_15_01_02,2026,general,一般会計,15,財産収入,01,財産運用収入,02,利子及配当金,02,基金利子,12,庁舎等建設等基金,総務部 総務課,財産収入,specific,83491,151031,67540,false,1,ippansainyu.csv,16935
rd_2026_general_revenue_15_01_02_02_26_3595110000,rs_2026_general_revenue_15_01_02_02,2026_general_revenue_15_01_02,2026,general,一般会計,15,財産収入,01,財産運用収入,02,利子及配当金,02,基金利子,26,地域保健福祉等推進基金,保健福祉政策部 保健福祉政策課,財産収入,specific,2942,4802,1860,false,1,ippansainyu.csv,17252
rd_2026_general_revenue_15_01_02_02_27_3065500000,rs_2026_general_revenue_15_01_02_02,2026_general_revenue_15_01_02,2026,general,一般会計,15,財産収入,01,財産運用収入,02,利子及配当金,02,基金利子,27,財政調整基金,政策経営部 財政課,財産収入,specific,128140,261700,133560,false,1,ippansainyu.csv,16909
rd_2026_general_revenue_15_01_02_02_34_3815450000,rs_2026_general_revenue_15_01_02_02,2026_general_revenue_15_01_02,2026,general,一般会計,15,財産収入,01,財産運用収入,02,利子及配当金,02,基金利子,34,住宅基金,都市整備政策部 住宅課,財産収入,specific,4023,4903,880,false,1,ippansainyu.csv,18557
rd_2026_general_revenue_15_01_02_02_35_3065500000,rs_2026_general_revenue_15_01_02_02,2026_general_revenue_15_01_02,2026,general,一般会計,15,財産収入,01,財産運用収入,02,利子及配当金,02,基金利子,35,減債基金,政策経営部 財政課,財産収入,specific,15969,25599,9630,false,1,ippansainyu.csv,16910
rd_2026_general_revenue_15_01_02_02_41_3405400000,rs_2026_general_revenue_15_01_02_02,2026_general_revenue_15_01_02,2026,general,一般会計,15,財産収入,01,財産運用収入,02,利子及配当金,02,基金利子,41,国際平和交流基金,生活文化政策部 文化・国際課,財産収入,specific,1092,2219,1127,false,1,ippansainyu.csv,17052
rd_2026_general_revenue_15_01_02_02_42_3405400000,rs_2026_general_revenue_15_01_02_02,2026_general_revenue_15_01_02,2026,general,一般会計,15,財産収入,01,財産運用収入,02,利子及配当金,02,基金利子,42,文化振興基金,生活文化政策部 文化・国際課,財産収入,specific,220,351,131,false,1,ippansainyu.csv,17053
rd_2026_general_revenue_15_01_02_02_46_3665150000,rs_2026_general_revenue_15_01_02_02,2026_general_revenue_15_01_02,2026,general,一般会計,15,財産収入,01,財産運用収入,02,利子及配当金,02,基金利子,46,子ども・若者基金,子ども・若者部 子ども・若者支援課,財産収入,specific,912,2329,1417,false,1,ippansainyu.csv,17998
rd_2026_general_revenue_15_01_02_02_47_3835100000,rs_2026_general_revenue_15_01_02_02,2026_general_revenue_15_01_02,2026,general,一般会計,15,財産収入,01,財産運用収入,02,利子及配当金,02,基金利子,47,みどりのトラスト基金,みどり33推進担当部 みどり政策課,財産収入,specific,34155,75120,40965,false,1,ippansainyu.csv,18612
rd_2026_general_revenue_15_01_02_02_48_3305300000,rs_2026_general_revenue_15_01_02_02,2026_general_revenue_15_01_02,2026,general,一般会計,15,財産収入,01,財産運用収入,02,利子及配当金,02,基金利子,48,災害対策基金,危機管理部 災害対策課,財産収入,specific,7132,12864,5732,false,1,ippansainyu.csv,16972
rd_2026_general_revenue_15_01_02_02_52_3445100000,rs_2026_general_revenue_15_01_02_02,2026_general_revenue_15_01_02,2026,general,一般会計,15,財産収入,01,財産運用収入,02,利子及配当金,02,基金利子,52,スポーツ推進基金,スポーツ推進部 スポーツ推進課,財産収入,specific,16603,34858,18255,false,1,ippansainyu.csv,17105
rd_2026_general_revenue_15_01_02_02_53_4975200000,rs_2026_general_revenue_15_01_02_02,2026_general_revenue_15_01_02,2026,general,一般会計,15,財産収入,01,財産運用収入,02,利子及配当金,02,基金利子,53,世田谷遊びと学びの教育基金,教育委員会事務局 教育指導課,財産収入,specific,81,155,74,false,1,ippansainyu.csv,18857
rd_2026_general_revenue_15_01_02_02_54_3655300000,rs_2026_general_revenue_15_01_02_02,2026_general_revenue_15_01_02,2026,general,一般会計,15,財産収入,01,財産運用収入,02,利子及配当金,02,基金利子,54,医療的ケア児の笑顔を支える基金,障害福祉部 障害保健福祉課,財産収入,specific,275,520,245,false,1,ippansainyu.csv,17930
rd_2026_general_revenue_15_01_02_02_56_3665570000,rs_2026_general_revenue_15_01_02_02,2026_general_revenue_15_01_02,2026,general,一般会計,15,財産収入,01,財産運用収入,02,利子及配当金,02,基金利子,56,児童養護施設退所者等奨学・自立支援基金,子ども・若者部 児童相談支援課,財産収入,specific,919,2218,1299,false,1,ippansainyu.csv,18175
rd_2026_general_revenue_15_01_02_02_57_3465110000,rs_2026_general_revenue_15_01_02_02,2026_general_revenue_15_01_02,2026,general,一般会計,15,財産収入,01,財産運用収入,02,利子及配当金,02,基金利子,57,気候危機対策基金,環境政策部 環境政策課,財産収入,specific,2195,4194,1999,false,1,ippansainyu.csv,17135
rd_2026_general_revenue_15_01_02_02_58_3405450000,rs_2026_general_revenue_15_01_02_02,2026_general_revenue_15_01_02,2026,general,一般会計,15,財産収入,01,財産運用収入,02,利子及配当金,02,基金利子,58,犯罪被害者等支援等基金,生活文化政策部 人権男女共同参画課,財産収入,specific,0,186,186,false,1,ippansainyu.csv,17070
rd_2026_general_revenue_15_01_02_03_01_3355100000,rs_2026_general_revenue_15_01_02_03,2026_general_revenue_15_01_02,2026,general,一般会計,15,財産収入,01,財産運用収入,02,利子及配当金,03,株式配当金,01,株式会社配当金,財務部 経理課,一般財源,general,54384,58061,3677,false,0,ippansainyu.csv,16984
rd_2026_general_revenue_15_02_01_01_01_3355100000,rs_2026_general_revenue_15_02_01_01,2026_general_revenue_15_02_01,2026,general,一般会計,15,財産収入,02,財産売払収入,01,不動産売払収入,01,土地,01,土地,財務部 経理課,一般財源,general,85000,324226,239226,false,0,ippansainyu.csv,16985
rd_2026_general_revenue_15_02_01_01_05_3865400000,rs_2026_general_revenue_15_02_01_01,2026_general_revenue_15_02_01,2026,general,一般会計,15,財産収入,02,財産売払収入,01,不動産売払収入,01,土地,05,道路代替地売払,道路・交通計画部 道路事業推進課,一般財源,general,121500,368051,246551,false,0,ippansainyu.csv,18672
rd_2026_general_revenue_15_02_02_01_01_3555600000,rs_2026_general_revenue_15_02_02_01,2026_general_revenue_15_02_02,2026,general,一般会計,15,財産収入,02,財産売払収入,02,物品売払収入,01,不用品売払,01,清掃・リサイクル関係売払,環境政策部 砧清掃事務所,一般財源,general,19688,16969,-2719,false,0,ippansainyu.csv,17230
rd_2026_general_revenue_15_02_02_01_06_4960100000,rs_2026_general_revenue_15_02_02_01,2026_general_revenue_15_02_02,2026,general,一般会計,15,財産収入,02,財産売払収入,02,物品売払収入,01,不用品売払,06,教育委員会関係売払,教育委員会事務局 教育総務課,一般財源,general,236703,0,-236703,true,0,ippansainyu.csv,18762
rd_2026_general_revenue_15_02_02_01_12_3895200000,rs_2026_general_revenue_15_02_02_01,2026_general_revenue_15_02_02,2026,general,一般会計,15,財産収入,02,財産売払収入,02,物品売払収入,01,不用品売払,12,自転車関係売払,土木部 交通安全自転車課,財産収入,specific,1367,0,-1367,true,0,ippansainyu.csv,18703
rd_2026_general_revenue_15_02_02_01_13_3235200000,rs_2026_general_revenue_15_02_02_01,2026_general_revenue_15_02_02,2026,general,一般会計,15,財産収入,02,財産売払収入,02,物品売払収入,01,不用品売払,13,リサイクル資源売払（庁舎維持管理）,庁舎整備担当部 庁舎管理担当課,財産収入,specific,507,483,-24,false,1,ippansainyu.csv,16962
rd_2026_general_revenue_15_02_02_01_14_3665150000,rs_2026_general_revenue_15_02_02_01,2026_general_revenue_15_02_02,2026,general,一般会計,15,財産収入,02,財産売払収入,02,物品売払収入,01,不用品売払,14,リサイクル資源売払（野毛青少年交流センター）,子ども・若者部 子ども・若者支援課,財産収入,specific,1,1,0,false,1,ippansainyu.csv,17999
rd_2026_general_revenue_15_02_02_01_15_3665150000,rs_2026_general_revenue_15_02_02_01,2026_general_revenue_15_02_02,2026,general,一般会計,15,財産収入,02,財産売払収入,02,物品売払収入,01,不用品売払,15,リサイクル資源売払（希望丘青少年交流センター）,子ども・若者部 子ども・若者支援課,財産収入,specific,6,6,0,false,1,ippansainyu.csv,18000
rd_2026_general_revenue_15_02_02_01_16_2235100000,rs_2026_general_revenue_15_02_02_01,2026_general_revenue_15_02_02,2026,general,一般会計,15,財産収入,02,財産売払収入,02,物品売払収入,01,不用品売払,16,リサイクル資源売払（北沢総合支所）,北沢総合支所 地域振興課,財産収入,specific,100,110,10,false,1,ippansainyu.csv,16790
rd_2026_general_revenue_15_02_02_01_17_2335100000,rs_2026_general_revenue_15_02_02_01,2026_general_revenue_15_02_02,2026,general,一般会計,15,財産収入,02,財産売払収入,02,物品売払収入,01,不用品売払,17,リサイクル資源売払（玉川総合支所）,玉川総合支所 地域振興課,財産収入,specific,92,99,7,false,1,ippansainyu.csv,16814
rd_2026_general_revenue_15_02_02_01_18_2435100000,rs_2026_general_revenue_15_02_02_01,2026_general_revenue_15_02_02,2026,general,一般会計,15,財産収入,02,財産売払収入,02,物品売払収入,01,不用品売払,18,リサイクル資源売払（砧総合支所）,砧総合支所 地域振興課,財産収入,specific,102,113,11,false,1,ippansainyu.csv,16844
rd_2026_general_revenue_15_02_02_01_19_2535100000,rs_2026_general_revenue_15_02_02_01,2026_general_revenue_15_02_02,2026,general,一般会計,15,財産収入,02,財産売払収入,02,物品売払収入,01,不用品売払,19,リサイクル資源売払（烏山総合支所）,烏山総合支所 地域振興課,財産収入,specific,60,60,0,false,1,ippansainyu.csv,16880
rd_2026_general_revenue_15_02_02_01_20_3555300000,rs_2026_general_revenue_15_02_02_01,2026_general_revenue_15_02_02,2026,general,一般会計,15,財産収入,02,財産売払収入,02,物品売払収入,01,不用品売払,20,リユース品売払（エコプラザ用賀）,環境政策部 事業課,財産収入,specific,51960,52440,480,false,1,ippansainyu.csv,17207
rd_2026_general_revenue_15_02_02_01_21_3555300000,rs_2026_general_revenue_15_02_02_01,2026_general_revenue_15_02_02,2026,general,一般会計,15,財産収入,02,財産売払収入,02,物品売払収入,01,不用品売払,21,リサイクル資源売払（資源循環センター）,環境政策部 事業課,財産収入,specific,1645,1415,-230,false,1,ippansainyu.csv,17208
rd_2026_general_revenue_15_02_02_01_22_3555300000,rs_2026_general_revenue_15_02_02_01,2026_general_revenue_15_02_02,2026,general,一般会計,15,財産収入,02,財産売払収入,02,物品売払収入,01,不用品売払,22,リサイクル資源売払（資源分別回収事業）,環境政策部 事業課,財産収入,specific,845843,788959,-56884,false,1,ippansainyu.csv,17209
rd_2026_general_revenue_15_02_02_01_24_3555300000,rs_2026_general_revenue_15_02_02_01,2026_general_revenue_15_02_02,2026,general,一般会計,15,財産収入,02,財産売払収入,02,物品売払収入,01,不用品売払,24,リサイクル資源売払（金属分資源化事業）,環境政策部 事業課,財産収入,specific,3037,2609,-428,false,1,ippansainyu.csv,17210
rd_2026_general_revenue_15_02_02_02_02_3835100000,rs_2026_general_revenue_15_02_02_02,2026_general_revenue_15_02_02,2026,general,一般会計,15,財産収入,02,財産売払収入,02,物品売払収入,02,物品売払,02,みどり３３ピンバッチ,みどり33推進担当部 みどり政策課,財産収入,specific,50,50,0,false,1,ippansainyu.csv,18613
rd_2026_general_revenue_15_02_02_02_04_3205400000,rs_2026_general_revenue_15_02_02_02,2026_general_revenue_15_02_02,2026,general,一般会計,15,財産収入,02,財産売払収入,02,物品売払収入,02,物品売払,04,有償刊行物売払料（区政情報センター）,総務部 区政情報課,財産収入,specific,586,586,0,false,1,ippansainyu.csv,16939
rd_2026_general_revenue_15_02_02_02_05_3205400000,rs_2026_general_revenue_15_02_02_02,2026_general_revenue_15_02_02,2026,general,一般会計,15,財産収入,02,財産売払収入,02,物品売払収入,02,物品売払,05,有償刊行物売払料（区政会館）,総務部 区政情報課,財産収入,specific,13,13,0,false,1,ippansainyu.csv,16940
rd_2026_general_revenue_16_01_01_01_01_3205100000,rs_2026_general_revenue_16_01_01_01,2026_general_revenue_16_01_01,2026,general,一般会計,16,寄附金,01,寄附金,01,一般寄附金,01,一般寄附金,01,一般寄附金,総務部 総務課,一般財源,general,300000,300000,0,false,0,ippansainyu.csv,16936
rd_2026_general_revenue_16_01_02_01_01_3405400000,rs_2026_general_revenue_16_01_02_01,2026_general_revenue_16_01_02,2026,general,一般会計,16,寄附金,01,寄附金,02,指定寄附金,01,総務費,01,文化振興基金,生活文化政策部 文化・国際課,寄附金,specific,8195,14288,6093,false,1,ippansainyu.csv,17054
rd_2026_general_revenue_16_01_02_01_02_3405400000,rs_2026_general_revenue_16_01_02_01,2026_general_revenue_16_01_02,2026,general,一般会計,16,寄附金,01,寄附金,02,指定寄附金,01,総務費,02,国際平和交流基金,生活文化政策部 文化・国際課,寄附金,specific,1000,1752,752,false,1,ippansainyu.csv,17055
rd_2026_general_revenue_16_01_02_01_03_3445100000,rs_2026_general_revenue_16_01_02_01,2026_general_revenue_16_01_02,2026,general,一般会計,16,寄附金,01,寄附金,02,指定寄附金,01,総務費,03,スポーツ推進基金,スポーツ推進部 スポーツ推進課,寄附金,specific,28335,24728,-3607,false,1,ippansainyu.csv,17106
rd_2026_general_revenue_16_01_02_01_05_2135100000,rs_2026_general_revenue_16_01_02_01,2026_general_revenue_16_01_02,2026,general,一般会計,16,寄附金,01,寄附金,02,指定寄附金,01,総務費,05,宮坂区民センター展示車両補修整備事業,世田谷総合支所 地域振興課,寄附金,specific,0,0,0,true,0,ippansainyu.csv,16759
rd_2026_general_revenue_16_01_02_01_12_3205100000,rs_2026_general_revenue_16_01_02_01,2026_general_revenue_16_01_02,2026,general,一般会計,16,寄附金,01,寄附金,02,指定寄附金,01,総務費,12,世田谷区民会館整備,総務部 総務課,寄附金,specific,10000,10000,0,false,1,ippansainyu.csv,16937
rd_2026_general_revenue_16_01_02_01_19_3305300000,rs_2026_general_revenue_16_01_02_01,2026_general_revenue_16_01_02,2026,general,一般会計,16,寄附金,01,寄附金,02,指定寄附金,01,総務費,19,災害対策基金,危機管理部 災害対策課,寄附金,specific,13128,18038,4910,false,1,ippansainyu.csv,16973
rd_2026_general_revenue_16_01_02_01_26_3405450000,rs_2026_general_revenue_16_01_02_01,2026_general_revenue_16_01_02,2026,general,一般会計,16,寄附金,01,寄附金,02,指定寄附金,01,総務費,26,犯罪被害者等支援等基金,生活文化政策部 人権男女共同参画課,寄附金,specific,10000,7137,-2863,false,1,ippansainyu.csv,17071
rd_2026_general_revenue_16_01_02_01_28_2135100000,rs_2026_general_revenue_16_01_02_01,2026_general_revenue_16_01_02,2026,general,一般会計,16,寄附金,01,寄附金,02,指定寄附金,01,総務費,28,宮坂区民センター展示車両補修整備事業,世田谷総合支所 地域振興課,寄附金,specific,0,2000,2000,false,1,ippansainyu.csv,16760
rd_2026_general_revenue_16_01_02_02_04_3835100000,rs_2026_general_revenue_16_01_02_02,2026_general_revenue_16_01_02,2026,general,一般会計,16,寄附金,01,寄附金,02,指定寄附金,02,土木費,04,みどりのトラスト基金,みどり33推進担当部 みどり政策課,寄附金,specific,45379,34023,-11356,false,1,ippansainyu.csv,18614
rd_2026_general_revenue_16_01_02_02_09_3835300000,rs_2026_general_revenue_16_01_02_02,2026_general_revenue_16_01_02,2026,general,一般会計,16,寄附金,01,寄附金,02,指定寄附金,02,土木費,09,等々力渓谷プロジェクト,みどり33推進担当部 公園緑地課,寄附金,specific,10000,0,-10000,true,0,ippansainyu.csv,18638
rd_2026_general_revenue_16_01_02_02_10_3865500000,rs_2026_general_revenue_16_01_02_02,2026_general_revenue_16_01_02,2026,general,一般会計,16,寄附金,01,寄附金,02,指定寄附金,02,土木費,10,公共交通不便地域対策,道路・交通計画部 交通政策課,寄附金,specific,0,1000,1000,false,1,ippansainyu.csv,18678
rd_2026_general_revenue_16_01_02_03_01_3595110000,rs_2026_general_revenue_16_01_02_03,2026_general_revenue_16_01_02,2026,general,一般会計,16,寄附金,01,寄附金,02,指定寄附金,03,民生費,01,地域保健福祉等推進基金,保健福祉政策部 保健福祉政策課,寄附金,specific,35233,53378,18145,false,1,ippansainyu.csv,17253
rd_2026_general_revenue_16_01_02_03_02_3665150000,rs_2026_general_revenue_16_01_02_03,2026_general_revenue_16_01_02,2026,general,一般会計,16,寄附金,01,寄附金,02,指定寄附金,03,民生費,02,子ども・若者基金,子ども・若者部 子ども・若者支援課,寄附金,specific,96615,115644,19029,false,1,ippansainyu.csv,18001
rd_2026_general_revenue_16_01_02_03_12_3655300000,rs_2026_general_revenue_16_01_02_03,2026_general_revenue_16_01_02,2026,general,一般会計,16,寄附金,01,寄附金,02,指定寄附金,03,民生費,12,医療的ケア児の笑顔を支える基金,障害福祉部 障害保健福祉課,寄附金,specific,33026,18226,-14800,false,1,ippansainyu.csv,17931
rd_2026_general_revenue_16_01_02_03_15_3665570000,rs_2026_general_revenue_16_01_02_03,2026_general_revenue_16_01_02,2026,general,一般会計,16,寄附金,01,寄附金,02,指定寄附金,03,民生費,15,児童養護施設退所者等奨学・自立支援基金,子ども・若者部 児童相談支援課,寄附金,specific,84511,63236,-21275,false,1,ippansainyu.csv,18176
rd_2026_general_revenue_16_01_02_03_16_3665200000,rs_2026_general_revenue_16_01_02_03,2026_general_revenue_16_01_02,2026,general,一般会計,16,寄附金,01,寄附金,02,指定寄附金,03,民生費,16,児童館陶芸窯購入,子ども・若者部 児童課,寄附金,specific,0,3872,3872,false,1,ippansainyu.csv,18040
rd_2026_general_revenue_16_01_02_04_02_4960160000,rs_2026_general_revenue_16_01_02_04,2026_general_revenue_16_01_02,2026,general,一般会計,16,寄附金,01,寄附金,02,指定寄附金,04,教育費,02,義務教育施設整備基金,教育委員会事務局 教育環境課,寄附金,specific,4712,7774,3062,false,1,ippansainyu.csv,18811
rd_2026_general_revenue_16_01_02_04_04_4975200000,rs_2026_general_revenue_16_01_02_04,2026_general_revenue_16_01_02,2026,general,一般会計,16,寄附金,01,寄附金,02,指定寄附金,04,教育費,04,世田谷遊びと学びの教育基金,教育委員会事務局 教育指導課,寄附金,specific,6866,2578,-4288,false,1,ippansainyu.csv,18858
rd_2026_general_revenue_16_01_02_04_05_4960160000,rs_2026_general_revenue_16_01_02_04,2026_general_revenue_16_01_02,2026,general,一般会計,16,寄附金,01,寄附金,02,指定寄附金,04,教育費,05,義務教育施設整備基金（小学校指定）,教育委員会事務局 教育環境課,寄附金,specific,0,6000,6000,false,1,ippansainyu.csv,18812
rd_2026_general_revenue_16_01_02_04_06_4960160000,rs_2026_general_revenue_16_01_02_04,2026_general_revenue_16_01_02,2026,general,一般会計,16,寄附金,01,寄附金,02,指定寄附金,04,教育費,06,義務教育施設整備基金（中学校指定）,教育委員会事務局 教育環境課,寄附金,specific,0,8000,8000,false,1,ippansainyu.csv,18813
rd_2026_general_revenue_16_01_02_05_02_3465110000,rs_2026_general_revenue_16_01_02_05,2026_general_revenue_16_01_02,2026,general,一般会計,16,寄附金,01,寄附金,02,指定寄附金,05,環境費,02,気候危機対策基金,環境政策部 環境政策課,寄附金,specific,13000,8326,-4674,false,1,ippansainyu.csv,17136
rd_2026_general_revenue_17_01_01_01_01_3065500000,rs_2026_general_revenue_17_01_01_01,2026_general_revenue_17_01_01,2026,general,一般会計,17,繰入金,01,基金繰入金,01,減債基金繰入金,01,特別区債償還,01,特別区債償還元金,政策経営部 財政課,一般財源,general,1094698,0,-1094698,true,0,ippansainyu.csv,16911
rd_2026_general_revenue_17_01_06_01_09_4960160000,rs_2026_general_revenue_17_01_06_01,2026_general_revenue_17_01_06,2026,general,一般会計,17,繰入金,01,基金繰入金,06,義務教育施設整備基金繰入金,01,義務教育,09,小学校,教育委員会事務局 教育環境課,繰入金,specific,300000,0,-300000,true,0,ippansainyu.csv,18814
rd_2026_general_revenue_17_01_06_01_10_4960160000,rs_2026_general_revenue_17_01_06_01,2026_general_revenue_17_01_06,2026,general,一般会計,17,繰入金,01,基金繰入金,06,義務教育施設整備基金繰入金,01,義務教育,10,中学校,教育委員会事務局 教育環境課,繰入金,specific,500000,500000,0,false,1,ippansainyu.csv,18815
rd_2026_general_revenue_17_01_06_01_11_4960160000,rs_2026_general_revenue_17_01_06_01,2026_general_revenue_17_01_06,2026,general,一般会計,17,繰入金,01,基金繰入金,06,義務教育施設整備基金繰入金,01,義務教育,11,小学校（施設改修）,教育委員会事務局 教育環境課,繰入金,specific,0,1959834,1959834,false,1,ippansainyu.csv,18816
rd_2026_general_revenue_17_01_06_01_12_4960160000,rs_2026_general_revenue_17_01_06_01,2026_general_revenue_17_01_06,2026,general,一般会計,17,繰入金,01,基金繰入金,06,義務教育施設整備基金繰入金,01,義務教育,12,中学校（施設改修）,教育委員会事務局 教育環境課,繰入金,specific,0,1000000,1000000,false,1,ippansainyu.csv,18817
rd_2026_general_revenue_17_01_10_01_02_3865300000,rs_2026_general_revenue_17_01_10_01,2026_general_revenue_17_01_10,2026,general,一般会計,17,繰入金,01,基金繰入金,10,都市整備基金繰入金,01,都市整備基金繰入金,02,都市計画道路用地,道路・交通計画部 道路計画課,繰入金,specific,250000,0,-250000,true,0,ippansainyu.csv,18668
rd_2026_general_revenue_17_01_10_01_05_3865300000,rs_2026_general_revenue_17_01_10_01,2026_general_revenue_17_01_10,2026,general,一般会計,17,繰入金,01,基金繰入金,10,都市整備基金繰入金,01,都市整備基金繰入金,05,地先道路用地,道路・交通計画部 道路計画課,繰入金,specific,700000,500000,-200000,false,1,ippansainyu.csv,18669
rd_2026_general_revenue_17_01_10_01_17_3865500000,rs_2026_general_revenue_17_01_10_01,2026_general_revenue_17_01_10,2026,general,一般会計,17,繰入金,01,基金繰入金,10,都市整備基金繰入金,01,都市整備基金繰入金,17,鉄道と道路の立体化促進,道路・交通計画部 交通政策課,繰入金,specific,300000,300000,0,false,1,ippansainyu.csv,18679
rd_2026_general_revenue_17_01_10_01_18_3895400000,rs_2026_general_revenue_17_01_10_01,2026_general_revenue_17_01_10,2026,general,一般会計,17,繰入金,01,基金繰入金,10,都市整備基金繰入金,01,都市整備基金繰入金,18,路面改良（玉川・砧）,土木部 工事第二課,繰入金,specific,500000,500000,0,false,1,ippansainyu.csv,18743
rd_2026_general_revenue_17_01_10_01_20_3895400000,rs_2026_general_revenue_17_01_10_01,2026_general_revenue_17_01_10,2026,general,一般会計,17,繰入金,01,基金繰入金,10,都市整備基金繰入金,01,都市整備基金繰入金,20,橋梁新設改良,土木部 工事第二課,繰入金,specific,300000,800000,500000,false,1,ippansainyu.csv,18744
rd_2026_general_revenue_17_01_10_01_24_3865500000,rs_2026_general_revenue_17_01_10_01,2026_general_revenue_17_01_10,2026,general,一般会計,17,繰入金,01,基金繰入金,10,都市整備基金繰入金,01,都市整備基金繰入金,24,鉄道沿線街づくりの推進,道路・交通計画部 交通政策課,繰入金,specific,200000,0,-200000,true,0,ippansainyu.csv,18680
rd_2026_general_revenue_17_01_10_01_25_3895300000,rs_2026_general_revenue_17_01_10_01,2026_general_revenue_17_01_10,2026,general,一般会計,17,繰入金,01,基金繰入金,10,都市整備基金繰入金,01,都市整備基金繰入金,25,路面改良（世田谷・北沢・烏山）,土木部 工事第一課,繰入金,specific,500000,200000,-300000,false,1,ippansainyu.csv,18725
rd_2026_general_revenue_17_01_15_01_01_3065500000,rs_2026_general_revenue_17_01_15_01,2026_general_revenue_17_01_15,2026,general,一般会計,17,繰入金,01,基金繰入金,15,財政調整基金繰入金,01,財政調整,01,財政調整,政策経営部 財政課,一般財源,general,0,0,0,true,0,ippansainyu.csv,16912
rd_2026_general_revenue_17_01_16_04_04_3405350000,rs_2026_general_revenue_17_01_16_04,2026_general_revenue_17_01_16,2026,general,一般会計,17,繰入金,01,基金繰入金,16,地域保健福祉等推進基金繰入金,04,市民活動の促進,04,市民活動の促進,生活文化政策部 市民活動推進課,繰入金,specific,13180,15300,2120,false,1,ippansainyu.csv,17030
rd_2026_general_revenue_17_01_16_10_02_3595110000,rs_2026_general_revenue_17_01_16_10,2026_general_revenue_17_01_16,2026,general,一般会計,17,繰入金,01,基金繰入金,16,地域保健福祉等推進基金繰入金,10,地域福祉活動等促進事業,02,福祉施設等支援,保健福祉政策部 保健福祉政策課,繰入金,specific,16000,17700,1700,false,1,ippansainyu.csv,17254
rd_2026_general_revenue_17_01_16_12_01_3655200000,rs_2026_general_revenue_17_01_16_12,2026_general_revenue_17_01_16,2026,general,一般会計,17,繰入金,01,基金繰入金,16,地域保健福祉等推進基金繰入金,12,障害者施設受注拡大・工賃向上推進事業,01,障害者施設受注拡大・工賃向上推進事業,障害福祉部 障害地域生活課,繰入金,specific,29000,17000,-12000,false,1,ippansainyu.csv,17869
rd_2026_general_revenue_17_01_16_16_01_3655100000,rs_2026_general_revenue_17_01_16_16,2026_general_revenue_17_01_16,2026,general,一般会計,17,繰入金,01,基金繰入金,16,地域保健福祉等推進基金繰入金,16,合理的配慮提供支援助成事業,01,合理的配慮提供支援助成事業,障害福祉部 障害施策課,繰入金,specific,1200,1200,0,false,1,ippansainyu.csv,17822
rd_2026_general_revenue_17_01_16_19_01_3645100000,rs_2026_general_revenue_17_01_16_19,2026_general_revenue_17_01_16,2026,general,一般会計,17,繰入金,01,基金繰入金,16,地域保健福祉等推進基金繰入金,19,介護人材確保支援事業,01,介護人材確保支援事業,高齢福祉部 高齢福祉課,繰入金,specific,101358,68727,-32631,false,1,ippansainyu.csv,17521
rd_2026_general_revenue_17_01_16_25_01_3785700000,rs_2026_general_revenue_17_01_16_25,2026_general_revenue_17_01_16,2026,general,一般会計,17,繰入金,01,基金繰入金,16,地域保健福祉等推進基金繰入金,25,人と動物との共生推進事業,01,人と動物との共生推進事業,世田谷保健所 生活保健課,繰入金,specific,4010,6510,2500,false,1,ippansainyu.csv,18523
rd_2026_general_revenue_17_01_16_26_01_3595200000,rs_2026_general_revenue_17_01_16_26,2026_general_revenue_17_01_16,2026,general,一般会計,17,繰入金,01,基金繰入金,16,地域保健福祉等推進基金繰入金,26,ひきこもり対策,01,ひきこもり等の居場所事業,保健福祉政策部 生活福祉課,繰入金,specific,8925,14851,5926,false,1,ippansainyu.csv,17324
rd_2026_general_revenue_17_01_16_26_02_3595200000,rs_2026_general_revenue_17_01_16_26,2026_general_revenue_17_01_16,2026,general,一般会計,17,繰入金,01,基金繰入金,16,地域保健福祉等推進基金繰入金,26,ひきこもり対策,02,ひきこもり等当事者及び家族による交流支援事業,保健福祉政策部 生活福祉課,繰入金,specific,840,840,0,false,1,ippansainyu.csv,17325
rd_2026_general_revenue_17_01_16_27_01_3655100000,rs_2026_general_revenue_17_01_16_27,2026_general_revenue_17_01_16,2026,general,一般会計,17,繰入金,01,基金繰入金,16,地域保健福祉等推進基金繰入金,27,福祉人材確保支援事業,01,障害福祉人材採用活動経費助成事業,障害福祉部 障害施策課,繰入金,specific,4425,7899,3474,false,1,ippansainyu.csv,17823
rd_2026_general_revenue_17_01_16_28_01_3595200000,rs_2026_general_revenue_17_01_16_28,2026_general_revenue_17_01_16,2026,general,一般会計,17,繰入金,01,基金繰入金,16,地域保健福祉等推進基金繰入金,28,多世代食堂支援事業,01,多世代食堂支援事業,保健福祉政策部 生活福祉課,繰入金,specific,2000,1800,-200,false,1,ippansainyu.csv,17326
rd_2026_general_revenue_17_01_16_29_01_3665150000,rs_2026_general_revenue_17_01_16_29,2026_general_revenue_17_01_16,2026,general,一般会計,17,繰入金,01,基金繰入金,16,地域保健福祉等推進基金繰入金,29,若者支援事業運営,01,地域保健福祉等推進基金による若者支援事業,子ども・若者部 子ども・若者支援課,繰入金,specific,20000,23024,3024,false,1,ippansainyu.csv,18002
rd_2026_general_revenue_17_01_21_01_01_3815450000,rs_2026_general_revenue_17_01_21_01,2026_general_revenue_17_01_21,2026,general,一般会計,17,繰入金,01,基金繰入金,21,住宅基金繰入金,01,住宅基金繰入金,01,住宅基金繰入金（計画修繕）,都市整備政策部 住宅課,繰入金,specific,669359,555623,-113736,false,1,ippansainyu.csv,18558
rd_2026_general_revenue_17_01_22_01_01_3405400000,rs_2026_general_revenue_17_01_22_01,2026_general_revenue_17_01_22,2026,general,一般会計,17,繰入金,01,基金繰入金,22,国際平和交流基金繰入金,01,国際平和交流,01,国際平和交流,生活文化政策部 文化・国際課,繰入金,specific,300,300,0,false,1,ippansainyu.csv,17056
rd_2026_general_revenue_17_01_22_01_03_3405400000,rs_2026_general_revenue_17_01_22_01,2026_general_revenue_17_01_22,2026,general,一般会計,17,繰入金,01,基金繰入金,22,国際平和交流基金繰入金,01,国際平和交流,03,国際平和交流（国際化）,生活文化政策部 文化・国際課,繰入金,specific,1720,1620,-100,false,1,ippansainyu.csv,17057
rd_2026_general_revenue_17_01_22_01_05_3405450000,rs_2026_general_revenue_17_01_22_01,2026_general_revenue_17_01_22,2026,general,一般会計,17,繰入金,01,基金繰入金,22,国際平和交流基金繰入金,01,国際平和交流,05,平和都市宣言事業,生活文化政策部 人権男女共同参画課,繰入金,specific,0,5633,5633,false,1,ippansainyu.csv,17072
rd_2026_general_revenue_17_01_35_01_11_3235200000,rs_2026_general_revenue_17_01_35_01,2026_general_revenue_17_01_35,2026,general,一般会計,17,繰入金,01,基金繰入金,35,庁舎等建設等基金繰入金,01,庁舎建設,11,本庁舎等整備費,庁舎整備担当部 庁舎管理担当課,繰入金,specific,3527000,5887860,2360860,false,1,ippansainyu.csv,16963
rd_2026_general_revenue_17_01_35_07_01_4965200000,rs_2026_general_revenue_17_01_35_07,2026_general_revenue_17_01_35,2026,general,一般会計,17,繰入金,01,基金繰入金,35,庁舎等建設等基金繰入金,07,図書館整備,01,地域図書館建設,教育委員会事務局 中央図書館,繰入金,specific,700000,0,-700000,true,0,ippansainyu.csv,18844
rd_2026_general_revenue_17_01_36_01_03_3405400000,rs_2026_general_revenue_17_01_36_01,2026_general_revenue_17_01_36,2026,general,一般会計,17,繰入金,01,基金繰入金,36,文化振興基金繰入金,01,文化振興,03,文化・芸術資源の魅力発信,生活文化政策部 文化・国際課,繰入金,specific,2600,4600,2000,false,1,ippansainyu.csv,17058
rd_2026_general_revenue_17_01_38_01_02_3665500000,rs_2026_general_revenue_17_01_38_01,2026_general_revenue_17_01_38,2026,general,一般会計,17,繰入金,01,基金繰入金,38,子ども・若者基金繰入金,01,子ども・若者基金,02,子ども・若者基金による補助・支援事業,子ども・若者部 子ども家庭課,繰入金,specific,11547,19503,7956,false,1,ippansainyu.csv,18123
rd_2026_general_revenue_17_01_38_01_08_3665200000,rs_2026_general_revenue_17_01_38_01,2026_general_revenue_17_01_38,2026,general,一般会計,17,繰入金,01,基金繰入金,38,子ども・若者基金繰入金,01,子ども・若者基金,08,外遊び推進事業,子ども・若者部 児童課,繰入金,specific,1200,3354,2154,false,1,ippansainyu.csv,18041
rd_2026_general_revenue_17_01_38_01_11_3665150000,rs_2026_general_revenue_17_01_38_01,2026_general_revenue_17_01_38,2026,general,一般会計,17,繰入金,01,基金繰入金,38,子ども・若者基金繰入金,01,子ども・若者基金,11,子ども・若者基金による若者支援事業,子ども・若者部 子ども・若者支援課,繰入金,specific,1200,2713,1513,false,1,ippansainyu.csv,18003
rd_2026_general_revenue_17_01_38_01_13_3665150000,rs_2026_general_revenue_17_01_38_01,2026_general_revenue_17_01_38,2026,general,一般会計,17,繰入金,01,基金繰入金,38,子ども・若者基金繰入金,01,子ども・若者基金,13,子ども・若者基金による子ども応援事業,子ども・若者部 子ども・若者支援課,繰入金,specific,3000,3000,0,false,1,ippansainyu.csv,18004
rd_2026_general_revenue_17_01_38_01_14_3665200000,rs_2026_general_revenue_17_01_38_01,2026_general_revenue_17_01_38,2026,general,一般会計,17,繰入金,01,基金繰入金,38,子ども・若者基金繰入金,01,子ども・若者基金,14,外遊びの環境整備,子ども・若者部 児童課,繰入金,specific,3989,0,-3989,true,0,ippansainyu.csv,18042
rd_2026_general_revenue_17_01_38_01_15_3665580000,rs_2026_general_revenue_17_01_38_01,2026_general_revenue_17_01_38,2026,general,一般会計,17,繰入金,01,基金繰入金,38,子ども・若者基金繰入金,01,子ども・若者基金,15,子ども・若者基金による普及・啓発事業（子育て支援事業）,子ども・若者部 保育課,繰入金,specific,2407,2676,269,false,1,ippansainyu.csv,18318
rd_2026_general_revenue_17_01_38_01_16_3665150000,rs_2026_general_revenue_17_01_38_01,2026_general_revenue_17_01_38,2026,general,一般会計,17,繰入金,01,基金繰入金,38,子ども・若者基金繰入金,01,子ども・若者基金,16,子ども・若者基金による普及・啓発事業（子どもの権利事業）,子ども・若者部 子ども・若者支援課,繰入金,specific,8000,0,-8000,true,0,ippansainyu.csv,18005
rd_2026_general_revenue_17_01_38_01_18_3665570000,rs_2026_general_revenue_17_01_38_01,2026_general_revenue_17_01_38,2026,general,一般会計,17,繰入金,01,基金繰入金,38,子ども・若者基金繰入金,01,子ども・若者基金,18,子ども・若者基金による世田谷の里親普及啓発事業,子ども・若者部 児童相談支援課,繰入金,specific,0,11000,11000,false,1,ippansainyu.csv,18177
rd_2026_general_revenue_17_01_38_01_19_3665200000,rs_2026_general_revenue_17_01_38_01,2026_general_revenue_17_01_38,2026,general,一般会計,17,繰入金,01,基金繰入金,38,子ども・若者基金繰入金,01,子ども・若者基金,19,子ども・若者基金による子どもの意見を反映させた遊び等充実事業,子ども・若者部 児童課,繰入金,specific,0,7388,7388,false,1,ippansainyu.csv,18043
rd_2026_general_revenue_17_01_40_01_04_2135100000,rs_2026_general_revenue_17_01_40_01,2026_general_revenue_17_01_40,2026,general,一般会計,17,繰入金,01,基金繰入金,40,災害対策基金繰入金,01,災害対策基金繰入金,04,防災訓練・組織育成（世田谷）,世田谷総合支所 地域振興課,繰入金,specific,5888,7564,1676,false,1,ippansainyu.csv,16761
rd_2026_general_revenue_17_01_40_01_05_2135100000,rs_2026_general_revenue_17_01_40_01,2026_general_revenue_17_01_40,2026,general,一般会計,17,繰入金,01,基金繰入金,40,災害対策基金繰入金,01,災害対策基金繰入金,05,防災施設管理（世田谷）,世田谷総合支所 地域振興課,繰入金,specific,6074,515,-5559,false,1,ippansainyu.csv,16762
rd_2026_general_revenue_17_01_40_01_06_2235100000,rs_2026_general_revenue_17_01_40_01,2026_general_revenue_17_01_40,2026,general,一般会計,17,繰入金,01,基金繰入金,40,災害対策基金繰入金,01,災害対策基金繰入金,06,防災訓練・組織育成（北沢）,北沢総合支所 地域振興課,繰入金,specific,4730,3050,-1680,false,1,ippansainyu.csv,16791
rd_2026_general_revenue_17_01_40_01_07_2235100000,rs_2026_general_revenue_17_01_40_01,2026_general_revenue_17_01_40,2026,general,一般会計,17,繰入金,01,基金繰入金,40,災害対策基金繰入金,01,災害対策基金繰入金,07,防災施設管理（北沢）,北沢総合支所 地域振興課,繰入金,specific,3721,1766,-1955,false,1,ippansainyu.csv,16792
rd_2026_general_revenue_17_01_40_01_08_2335100000,rs_2026_general_revenue_17_01_40_01,2026_general_revenue_17_01_40,2026,general,一般会計,17,繰入金,01,基金繰入金,40,災害対策基金繰入金,01,災害対策基金繰入金,08,防災訓練・組織育成（玉川）,玉川総合支所 地域振興課,繰入金,specific,9663,4412,-5251,false,1,ippansainyu.csv,16815
rd_2026_general_revenue_17_01_40_01_11_2435100000,rs_2026_general_revenue_17_01_40_01,2026_general_revenue_17_01_40,2026,general,一般会計,17,繰入金,01,基金繰入金,40,災害対策基金繰入金,01,災害対策基金繰入金,11,防災事業運営（砧）,砧総合支所 地域振興課,繰入金,specific,6042,0,-6042,true,0,ippansainyu.csv,16845
rd_2026_general_revenue_17_01_40_01_12_2435100000,rs_2026_general_revenue_17_01_40_01,2026_general_revenue_17_01_40,2026,general,一般会計,17,繰入金,01,基金繰入金,40,災害対策基金繰入金,01,災害対策基金繰入金,12,防災訓練・組織育成（砧）,砧総合支所 地域振興課,繰入金,specific,6867,2720,-4147,false,1,ippansainyu.csv,16846
rd_2026_general_revenue_17_01_40_01_13_2435100000,rs_2026_general_revenue_17_01_40_01,2026_general_revenue_17_01_40,2026,general,一般会計,17,繰入金,01,基金繰入金,40,災害対策基金繰入金,01,災害対策基金繰入金,13,防災施設管理（砧）,砧総合支所 地域振興課,繰入金,specific,3741,2226,-1515,false,1,ippansainyu.csv,16847
rd_2026_general_revenue_17_01_40_01_14_2535100000,rs_2026_general_revenue_17_01_40_01,2026_general_revenue_17_01_40,2026,general,一般会計,17,繰入金,01,基金繰入金,40,災害対策基金繰入金,01,災害対策基金繰入金,14,防災訓練・組織育成（烏山）,烏山総合支所 地域振興課,繰入金,specific,4319,2090,-2229,false,1,ippansainyu.csv,16881
rd_2026_general_revenue_17_01_40_01_15_2535100000,rs_2026_general_revenue_17_01_40_01,2026_general_revenue_17_01_40,2026,general,一般会計,17,繰入金,01,基金繰入金,40,災害対策基金繰入金,01,災害対策基金繰入金,15,防災施設管理（烏山）,烏山総合支所 地域振興課,繰入金,specific,3519,2004,-1515,false,1,ippansainyu.csv,16882
rd_2026_general_revenue_17_01_40_01_17_4960100000,rs_2026_general_revenue_17_01_40_01,2026_general_revenue_17_01_40,2026,general,一般会計,17,繰入金,01,基金繰入金,40,災害対策基金繰入金,01,災害対策基金繰入金,17,事務局庶務事務,教育委員会事務局 教育総務課,繰入金,specific,78315,0,-78315,true,0,ippansainyu.csv,18763
rd_2026_general_revenue_17_01_40_01_18_2335100000,rs_2026_general_revenue_17_01_40_01,2026_general_revenue_17_01_40,2026,general,一般会計,17,繰入金,01,基金繰入金,40,災害対策基金繰入金,01,災害対策基金繰入金,18,防災事業運営（玉川）,玉川総合支所 地域振興課,繰入金,specific,737,59,-678,false,1,ippansainyu.csv,16816
rd_2026_general_revenue_17_01_40_01_19_3305300000,rs_2026_general_revenue_17_01_40_01,2026_general_revenue_17_01_40,2026,general,一般会計,17,繰入金,01,基金繰入金,40,災害対策基金繰入金,01,災害対策基金繰入金,19,災害対策・体制の整備,危機管理部 災害対策課,繰入金,specific,331320,2132,-329188,false,1,ippansainyu.csv,16974
rd_2026_general_revenue_17_01_40_01_20_3895170000,rs_2026_general_revenue_17_01_40_01,2026_general_revenue_17_01_40,2026,general,一般会計,17,繰入金,01,基金繰入金,40,災害対策基金繰入金,01,災害対策基金繰入金,20,都市型水害対策の推進,土木部 豪雨・下水道整備課,繰入金,specific,0,24887,24887,false,1,ippansainyu.csv,18695
rd_2026_general_revenue_17_01_41_01_01_3835100000,rs_2026_general_revenue_17_01_41_01,2026_general_revenue_17_01_41,2026,general,一般会計,17,繰入金,01,基金繰入金,41,みどりのトラスト基金繰入金,01,みどりのトラスト基金,01,特別保護区保護管理,みどり33推進担当部 みどり政策課,繰入金,specific,3015,2813,-202,false,1,ippansainyu.csv,18615
rd_2026_general_revenue_17_01_41_01_02_3835400000,rs_2026_general_revenue_17_01_41_01,2026_general_revenue_17_01_41,2026,general,一般会計,17,繰入金,01,基金繰入金,41,みどりのトラスト基金繰入金,01,みどりのトラスト基金,02,公園用地買収,みどり33推進担当部 公園利活用推進課,繰入金,specific,300000,400000,100000,false,1,ippansainyu.csv,18652
rd_2026_general_revenue_17_01_41_01_04_3835300000,rs_2026_general_revenue_17_01_41_01,2026_general_revenue_17_01_41,2026,general,一般会計,17,繰入金,01,基金繰入金,41,みどりのトラスト基金繰入金,01,みどりのトラスト基金,04,公園新設,みどり33推進担当部 公園緑地課,繰入金,specific,500000,0,-500000,true,0,ippansainyu.csv,18639
rd_2026_general_revenue_17_01_41_01_07_3835300000,rs_2026_general_revenue_17_01_41_01,2026_general_revenue_17_01_41,2026,general,一般会計,17,繰入金,01,基金繰入金,41,みどりのトラスト基金繰入金,01,みどりのトラスト基金,07,公園・身近な広場維持運営,みどり33推進担当部 公園緑地課,繰入金,specific,6000,5705,-295,false,1,ippansainyu.csv,18640
rd_2026_general_revenue_17_01_41_01_09_3835300000,rs_2026_general_revenue_17_01_41_01,2026_general_revenue_17_01_41,2026,general,一般会計,17,繰入金,01,基金繰入金,41,みどりのトラスト基金繰入金,01,みどりのトラスト基金,09,大規模公園改修,みどり33推進担当部 公園緑地課,繰入金,specific,300000,800000,500000,false,1,ippansainyu.csv,18641
rd_2026_general_revenue_17_01_41_01_12_3895300000,rs_2026_general_revenue_17_01_41_01,2026_general_revenue_17_01_41,2026,general,一般会計,17,繰入金,01,基金繰入金,41,みどりのトラスト基金繰入金,01,みどりのトラスト基金,12,下北沢駅前広場プロジェクト,土木部 工事第一課,繰入金,specific,13038,0,-13038,true,0,ippansainyu.csv,18726
rd_2026_general_revenue_17_01_41_01_13_3835100000,rs_2026_general_revenue_17_01_41_01,2026_general_revenue_17_01_41,2026,general,一般会計,17,繰入金,01,基金繰入金,41,みどりのトラスト基金繰入金,01,みどりのトラスト基金,13,緑と水のまちづくり,みどり33推進担当部 みどり政策課,繰入金,specific,493,0,-493,true,0,ippansainyu.csv,18616
rd_2026_general_revenue_17_01_41_01_15_3835300000,rs_2026_general_revenue_17_01_41_01,2026_general_revenue_17_01_41,2026,general,一般会計,17,繰入金,01,基金繰入金,41,みどりのトラスト基金繰入金,01,みどりのトラスト基金,15,崖線樹林地保全管理,みどり33推進担当部 公園緑地課,繰入金,specific,50000,50000,0,false,1,ippansainyu.csv,18642
rd_2026_general_revenue_17_01_43_01_01_3445550000,rs_2026_general_revenue_17_01_43_01,2026_general_revenue_17_01_43,2026,general,一般会計,17,繰入金,01,基金繰入金,43,スポーツ推進基金繰入金,01,スポーツ推進基金,01,スポーツ推進基金（総合運動場施設整備工事）,スポーツ推進部 スポーツ施設課,繰入金,specific,200000,0,-200000,true,0,ippansainyu.csv,17119
rd_2026_general_revenue_17_01_43_01_04_3445100000,rs_2026_general_revenue_17_01_43_01,2026_general_revenue_17_01_43,2026,general,一般会計,17,繰入金,01,基金繰入金,43,スポーツ推進基金繰入金,01,スポーツ推進基金,04,スポーツ推進基金（パラスポーツの推進）,スポーツ推進部 スポーツ推進課,繰入金,specific,1536,0,-1536,true,0,ippansainyu.csv,17107
rd_2026_general_revenue_17_01_43_01_05_3445550000,rs_2026_general_revenue_17_01_43_01,2026_general_revenue_17_01_43,2026,general,一般会計,17,繰入金,01,基金繰入金,43,スポーツ推進基金繰入金,01,スポーツ推進基金,05,スポーツ推進基金（総合運動場維持運営）,スポーツ推進部 スポーツ施設課,繰入金,specific,144,0,-144,true,0,ippansainyu.csv,17120
rd_2026_general_revenue_17_01_43_01_06_3445550000,rs_2026_general_revenue_17_01_43_01,2026_general_revenue_17_01_43,2026,general,一般会計,17,繰入金,01,基金繰入金,43,スポーツ推進基金繰入金,01,スポーツ推進基金,06,スポーツ推進基金（千歳温水プール維持運営）,スポーツ推進部 スポーツ施設課,繰入金,specific,0,796,796,false,1,ippansainyu.csv,17121
rd_2026_general_revenue_17_01_45_01_01_4975200000,rs_2026_general_revenue_17_01_45_01,2026_general_revenue_17_01_45,2026,general,一般会計,17,繰入金,01,基金繰入金,45,世田谷遊びと学びの教育基金繰入金,01,世田谷遊びと学びの教育基金,01,世田谷遊びと学びの教育基金,教育委員会事務局 教育指導課,繰入金,specific,3105,3096,-9,false,1,ippansainyu.csv,18859
rd_2026_general_revenue_17_01_45_01_02_4985400000,rs_2026_general_revenue_17_01_45_01,2026_general_revenue_17_01_45,2026,general,一般会計,17,繰入金,01,基金繰入金,45,世田谷遊びと学びの教育基金繰入金,01,世田谷遊びと学びの教育基金,02,世田谷遊びと学びの教育基金,教育委員会事務局 乳幼教・保支課,繰入金,specific,500,380,-120,false,1,ippansainyu.csv,18920
rd_2026_general_revenue_17_01_45_01_03_4985200000,rs_2026_general_revenue_17_01_45_01,2026_general_revenue_17_01_45,2026,general,一般会計,17,繰入金,01,基金繰入金,45,世田谷遊びと学びの教育基金繰入金,01,世田谷遊びと学びの教育基金,03,世田谷遊びと学びの教育基金,教育委員会事務局 事業推進担当課,繰入金,specific,1000,2000,1000,false,1,ippansainyu.csv,18903
rd_2026_general_revenue_17_01_46_01_01_3655300000,rs_2026_general_revenue_17_01_46_01,2026_general_revenue_17_01_46,2026,general,一般会計,17,繰入金,01,基金繰入金,46,医療的ケア児の笑顔を支える基金繰入金,01,医療的ケア児の笑顔を支える基金,01,医療的ケア児の笑顔を支える基金,障害福祉部 障害保健福祉課,繰入金,specific,12240,33189,20949,false,1,ippansainyu.csv,17932
rd_2026_general_revenue_17_01_47_01_01_3465120000,rs_2026_general_revenue_17_01_47_01,2026_general_revenue_17_01_47,2026,general,一般会計,17,繰入金,01,基金繰入金,47,気候危機対策基金繰入金,01,気候危機対策基金,01,環境啓発事業の推進,環境政策部 気候危機対策課,繰入金,specific,17022,9217,-7805,false,1,ippansainyu.csv,17143
rd_2026_general_revenue_17_01_47_01_03_3465120000,rs_2026_general_revenue_17_01_47_01,2026_general_revenue_17_01_47,2026,general,一般会計,17,繰入金,01,基金繰入金,47,気候危機対策基金繰入金,01,気候危機対策基金,03,再生可能エネルギーの利用拡大と促進,環境政策部 気候危機対策課,繰入金,specific,10311,18708,8397,false,1,ippansainyu.csv,17144
rd_2026_general_revenue_17_01_47_01_05_3465120000,rs_2026_general_revenue_17_01_47_01,2026_general_revenue_17_01_47,2026,general,一般会計,17,繰入金,01,基金繰入金,47,気候危機対策基金繰入金,01,気候危機対策基金,05,環境配慮型住宅推進事業,環境政策部 気候危機対策課,繰入金,specific,12000,2000,-10000,false,1,ippansainyu.csv,17145
rd_2026_general_revenue_17_01_47_01_06_3465110000,rs_2026_general_revenue_17_01_47_01,2026_general_revenue_17_01_47,2026,general,一般会計,17,繰入金,01,基金繰入金,47,気候危機対策基金繰入金,01,気候危機対策基金,06,環境計画等の推進,環境政策部 環境政策課,繰入金,specific,0,3329,3329,false,1,ippansainyu.csv,17137
rd_2026_general_revenue_17_01_47_01_07_3465120000,rs_2026_general_revenue_17_01_47_01,2026_general_revenue_17_01_47,2026,general,一般会計,17,繰入金,01,基金繰入金,47,気候危機対策基金繰入金,01,気候危機対策基金,07,脱炭素地域づくり等の推進,環境政策部 気候危機対策課,繰入金,specific,19866,21101,1235,false,1,ippansainyu.csv,17146
rd_2026_general_revenue_17_01_48_01_01_3665570000,rs_2026_general_revenue_17_01_48_01,2026_general_revenue_17_01_48,2026,general,一般会計,17,繰入金,01,基金繰入金,48,児童養護施設退所者等奨学・自立支援基金繰入金,01,児童養護施設退所者等奨学・自立支援基金繰入金,01,児童養護施設退所者等奨学・自立支援基金繰入金,子ども・若者部 児童相談支援課,繰入金,specific,46522,40101,-6421,false,1,ippansainyu.csv,18178
rd_2026_general_revenue_17_01_49_01_01_3405450000,rs_2026_general_revenue_17_01_49_01,2026_general_revenue_17_01_49,2026,general,一般会計,17,繰入金,01,基金繰入金,49,犯罪被害者等支援等基金繰入金,01,犯罪被害者等支援等基金,01,犯罪被害者等支援等基金,生活文化政策部 人権男女共同参画課,繰入金,specific,9999,9614,-385,false,1,ippansainyu.csv,17073
rd_2026_general_revenue_17_02_03_01_01_3645300000,rs_2026_general_revenue_17_02_03_01,2026_general_revenue_17_02_03,2026,general,一般会計,17,繰入金,02,特別会計繰入金,03,介護保険事業会計繰入金,01,重層的支援体制整備事業繰入金,01,地域包括支援センター運営委託,高齢福祉部 介護予防・支援課,繰入金,specific,153859,164963,11104,false,1,ippansainyu.csv,17725
rd_2026_general_revenue_17_02_03_01_02_3645300000,rs_2026_general_revenue_17_02_03_01,2026_general_revenue_17_02_03,2026,general,一般会計,17,繰入金,02,特別会計繰入金,03,介護保険事業会計繰入金,01,重層的支援体制整備事業繰入金,02,あんしん見守り事業,高齢福祉部 介護予防・支援課,繰入金,specific,28619,30844,2225,false,1,ippansainyu.csv,17726
rd_2026_general_revenue_17_02_03_01_03_3645300000,rs_2026_general_revenue_17_02_03_01,2026_general_revenue_17_02_03,2026,general,一般会計,17,繰入金,02,特別会計繰入金,03,介護保険事業会計繰入金,01,重層的支援体制整備事業繰入金,03,生活支援体制整備事業,高齢福祉部 介護予防・支援課,繰入金,specific,27600,27600,0,false,1,ippansainyu.csv,17727
rd_2026_general_revenue_17_02_03_01_04_3645300000,rs_2026_general_revenue_17_02_03_01,2026_general_revenue_17_02_03,2026,general,一般会計,17,繰入金,02,特別会計繰入金,03,介護保険事業会計繰入金,01,重層的支援体制整備事業繰入金,04,一般介護予防事業（調整）,高齢福祉部 介護予防・支援課,繰入金,specific,28661,30647,1986,false,1,ippansainyu.csv,17728
rd_2026_general_revenue_17_02_03_01_05_3645200000,rs_2026_general_revenue_17_02_03_01,2026_general_revenue_17_02_03,2026,general,一般会計,17,繰入金,02,特別会計繰入金,03,介護保険事業会計繰入金,01,重層的支援体制整備事業繰入金,05,シニアボランティアポイント事業,高齢福祉部 介護保険課,繰入金,specific,1272,1607,335,false,1,ippansainyu.csv,17548
rd_2026_general_revenue_18_01_01_01_01_3065500000,rs_2026_general_revenue_18_01_01_01,2026_general_revenue_18_01_01,2026,general,一般会計,18,繰越金,01,繰越金,01,繰越金,01,前年度繰越金,01,一般の使途充当繰越金,政策経営部 財政課,一般財源,general,1,1,0,false,0,ippansainyu.csv,16913
rd_2026_general_revenue_19_01_01_01_01_3355400000,rs_2026_general_revenue_19_01_01_01,2026_general_revenue_19_01_01,2026,general,一般会計,19,諸収入,01,延滞金加算金及過料,01,延滞金,01,延滞金,01,特別区税にかかる延滞金,財務部 納税課,一般財源,general,103000,104000,1000,false,0,ippansainyu.csv,17004
rd_2026_general_revenue_19_01_01_01_06_3595200000,rs_2026_general_revenue_19_01_01_01,2026_general_revenue_19_01_01,2026,general,一般会計,19,諸収入,01,延滞金加算金及過料,01,延滞金,01,延滞金,06,区民生活事業資金貸付金延滞金,保健福祉政策部 生活福祉課,一般財源,general,52,27,-25,false,0,ippansainyu.csv,17327
rd_2026_general_revenue_19_02_01_01_01_3955100000,rs_2026_general_revenue_19_02_01_01,2026_general_revenue_19_02_01,2026,general,一般会計,19,諸収入,02,特別区預金利子,01,特別区預金利子,01,特別区預金利子,01,特別区預金利子,会計室 会計課,一般財源,general,17730,37626,19896,false,0,ippansainyu.csv,18745
rd_2026_general_revenue_19_03_01_01_01_3665150000,rs_2026_general_revenue_19_03_01_01,2026_general_revenue_19_03_01,2026,general,一般会計,19,諸収入,03,貸付金元利収入,01,奨学資金等収入,01,貸付金返還金,01,奨学資金等貸付金返還金,子ども・若者部 子ども・若者支援課,諸収入,specific,17485,14361,-3124,false,2,ippansainyu.csv,18006
rd_2026_general_revenue_19_03_04_01_02_3595200000,rs_2026_general_revenue_19_03_04_01,2026_general_revenue_19_03_04,2026,general,一般会計,19,諸収入,03,貸付金元利収入,04,区民生活事業資金収入,01,貸付金返還金,02,区民生活事業資金貸付金返還金,保健福祉政策部 生活福祉課,一般財源,general,624,617,-7,false,0,ippansainyu.csv,17328
rd_2026_general_revenue_19_03_04_02_02_3595200000,rs_2026_general_revenue_19_03_04_02,2026_general_revenue_19_03_04,2026,general,一般会計,19,諸収入,03,貸付金元利収入,04,区民生活事業資金収入,02,貸付金利子,02,区民生活事業資金貸付金利子,保健福祉政策部 生活福祉課,一般財源,general,202,221,19,false,0,ippansainyu.csv,17329
rd_2026_general_revenue_19_03_05_01_01_3595200000,rs_2026_general_revenue_19_03_05_01,2026_general_revenue_19_03_05,2026,general,一般会計,19,諸収入,03,貸付金元利収入,05,母子福祉応急小口資金収入,01,貸付金返還金,01,母子福祉応急小口資金貸付金返還金,保健福祉政策部 生活福祉課,諸収入,specific,663,547,-116,false,1,ippansainyu.csv,17330
rd_2026_general_revenue_19_03_06_01_01_3595200000,rs_2026_general_revenue_19_03_06_01,2026_general_revenue_19_03_06,2026,general,一般会計,19,諸収入,03,貸付金元利収入,06,女性福祉資金収入,01,貸付金返還金,01,女性福祉資金貸付金返還金,保健福祉政策部 生活福祉課,諸収入,specific,10845,9920,-925,false,1,ippansainyu.csv,17331
rd_2026_general_revenue_19_03_06_02_01_3595200000,rs_2026_general_revenue_19_03_06_02,2026_general_revenue_19_03_06,2026,general,一般会計,19,諸収入,03,貸付金元利収入,06,女性福祉資金収入,02,貸付金利子,01,女性福祉資金貸付金利子,保健福祉政策部 生活福祉課,諸収入,specific,2,3,1,false,1,ippansainyu.csv,17332
rd_2026_general_revenue_19_03_07_01_01_3595200000,rs_2026_general_revenue_19_03_07_01,2026_general_revenue_19_03_07,2026,general,一般会計,19,諸収入,03,貸付金元利収入,07,応急小口資金収入,01,貸付金返還金,01,応急小口資金貸付金返還金,保健福祉政策部 生活福祉課,諸収入,specific,994,798,-196,false,1,ippansainyu.csv,17333
rd_2026_general_revenue_19_03_09_01_02_3665580000,rs_2026_general_revenue_19_03_09_01,2026_general_revenue_19_03_09,2026,general,一般会計,19,諸収入,03,貸付金元利収入,09,私立保育所増改築資金収入,01,貸付金返還金,02,私立保育所増改築資金貸付金返還金,子ども・若者部 保育課,諸収入,specific,45531,41931,-3600,false,1,ippansainyu.csv,18319
rd_2026_general_revenue_19_03_09_02_02_3665580000,rs_2026_general_revenue_19_03_09_02,2026_general_revenue_19_03_09,2026,general,一般会計,19,諸収入,03,貸付金元利収入,09,私立保育所増改築資金収入,02,貸付金利子,02,私立保育所増改築資金貸付金利子,子ども・若者部 保育課,諸収入,specific,3976,3226,-750,false,1,ippansainyu.csv,18320
rd_2026_general_revenue_19_03_12_01_01_3355505000,rs_2026_general_revenue_19_03_12_01,2026_general_revenue_19_03_12,2026,general,一般会計,19,諸収入,03,貸付金元利収入,12,土地開発公社貸付金収入,01,貸付金返還金,01,土地開発公社貸付金返還金,財務部 用地課,諸収入,specific,2809890,1274832,-1535058,false,1,ippansainyu.csv,17007
rd_2026_general_revenue_19_03_25_01_04_3305300000,rs_2026_general_revenue_19_03_25_01,2026_general_revenue_19_03_25,2026,general,一般会計,19,諸収入,03,貸付金元利収入,25,災害援護貸付金,01,貸付金返還金,04,貸付金返還金,危機管理部 災害対策課,諸収入,specific,2772,2772,0,false,1,ippansainyu.csv,16975
rd_2026_general_revenue_19_04_01_02_01_3665580000,rs_2026_general_revenue_19_04_01_02,2026_general_revenue_19_04_01,2026,general,一般会計,19,諸収入,04,受託事業収入,01,民生費受託収入,02,保育所費,01,他区市町村からの受託児童保育所運営費収入,子ども・若者部 保育課,諸収入,specific,44399,50935,6536,false,1,ippansainyu.csv,18321
rd_2026_general_revenue_19_04_01_06_01_3695150000,rs_2026_general_revenue_19_04_01_06,2026_general_revenue_19_04_01,2026,general,一般会計,19,諸収入,04,受託事業収入,01,民生費受託収入,06,児童相談所費,01,他自治体からの受託児童一時保護収入,児童相談所 児童相談課,諸収入,specific,464,450,-14,false,1,ippansainyu.csv,18374
rd_2026_general_revenue_19_04_02_01_02_3525400000,rs_2026_general_revenue_19_04_02_01,2026_general_revenue_19_04_02,2026,general,一般会計,19,諸収入,04,受託事業収入,02,産業経済費受託収入,01,農業者年金費,02,農業者年金基金業務受託事業収入,経済産業部 都市農業課,諸収入,specific,88,80,-8,false,1,ippansainyu.csv,17190
rd_2026_general_revenue_19_04_03_01_16_3895300000,rs_2026_general_revenue_19_04_03_01,2026_general_revenue_19_04_03,2026,general,一般会計,19,諸収入,04,受託事業収入,03,土木費受託収入,01,掘さく道路復旧費,16,掘さく道路受託復旧費収入,土木部 工事第一課,諸収入,specific,529400,545700,16300,false,1,ippansainyu.csv,18727
rd_2026_general_revenue_19_04_03_03_01_3895170000,rs_2026_general_revenue_19_04_03_03,2026_general_revenue_19_04_03,2026,general,一般会計,19,諸収入,04,受託事業収入,03,土木費受託収入,03,下水道建設費,01,公共下水道建設受託工事費収入,土木部 豪雨・下水道整備課,諸収入,specific,903578,427940,-475638,false,1,ippansainyu.csv,18696
rd_2026_general_revenue_19_04_03_07_01_3865500000,rs_2026_general_revenue_19_04_03_07,2026_general_revenue_19_04_03,2026,general,一般会計,19,諸収入,04,受託事業収入,03,土木費受託収入,07,連続立体化費,01,連続立体化側道整備受託事業収入,道路・交通計画部 交通政策課,諸収入,specific,226532,160125,-66407,false,1,ippansainyu.csv,18681
rd_2026_general_revenue_19_04_03_20_01_3865300000,rs_2026_general_revenue_19_04_03_20,2026_general_revenue_19_04_03,2026,general,一般会計,19,諸収入,04,受託事業収入,03,土木費受託収入,20,主要生活道路事業執行費,01,占有家屋収去受託事業収入,道路・交通計画部 道路計画課,諸収入,specific,0,36845,36845,false,1,ippansainyu.csv,18670
rd_2026_general_revenue_19_04_04_04_01_3785250000,rs_2026_general_revenue_19_04_04_04,2026_general_revenue_19_04_04,2026,general,一般会計,19,諸収入,04,受託事業収入,04,衛生費受託収入,04,感染症予防費,01,予防接種受託事業収入,世田谷保健所 感染症対策課,諸収入,specific,139047,187490,48443,false,1,ippansainyu.csv,18499
rd_2026_general_revenue_19_04_04_04_02_3785250000,rs_2026_general_revenue_19_04_04_04,2026_general_revenue_19_04_04,2026,general,一般会計,19,諸収入,04,受託事業収入,04,衛生費受託収入,04,感染症予防費,02,高齢者インフルエンザ予防接種受託収入,世田谷保健所 感染症対策課,諸収入,specific,30080,29813,-267,false,1,ippansainyu.csv,18500
rd_2026_general_revenue_19_04_04_04_04_3785250000,rs_2026_general_revenue_19_04_04_04,2026_general_revenue_19_04_04,2026,general,一般会計,19,諸収入,04,受託事業収入,04,衛生費受託収入,04,感染症予防費,04,高齢者肺炎球菌予防接種受託収入,世田谷保健所 感染症対策課,諸収入,specific,868,1377,509,false,1,ippansainyu.csv,18501
rd_2026_general_revenue_19_04_04_04_06_3785250000,rs_2026_general_revenue_19_04_04_04,2026_general_revenue_19_04_04,2026,general,一般会計,19,諸収入,04,受託事業収入,04,衛生費受託収入,04,感染症予防費,06,高齢者新型コロナ予防接種受託事業収入,世田谷保健所 感染症対策課,諸収入,specific,0,58179,58179,false,1,ippansainyu.csv,18502
rd_2026_general_revenue_19_04_04_04_07_3785250000,rs_2026_general_revenue_19_04_04_04,2026_general_revenue_19_04_04,2026,general,一般会計,19,諸収入,04,受託事業収入,04,衛生費受託収入,04,感染症予防費,07,帯状疱疹予防接種受託収入,世田谷保健所 感染症対策課,諸収入,specific,3357,8025,4668,false,1,ippansainyu.csv,18503
rd_2026_general_revenue_19_05_01_01_01_3355100000,rs_2026_general_revenue_19_05_01_01,2026_general_revenue_19_05_01,2026,general,一般会計,19,諸収入,05,収益事業収入,01,競馬組合分配金,01,競馬組合分配金,01,特別区競馬組合収益分配金,財務部 経理課,一般財源,general,600000,600000,0,false,0,ippansainyu.csv,16986
rd_2026_general_revenue_19_06_01_01_01_3355400000,rs_2026_general_revenue_19_06_01_01,2026_general_revenue_19_06_01,2026,general,一般会計,19,諸収入,06,雑入,01,弁償金,01,軽自動車標識,01,軽自動車標識紛失弁償金,財務部 納税課,諸収入,specific,54,46,-8,false,1,ippansainyu.csv,17005
rd_2026_general_revenue_19_06_01_02_03_3595200000,rs_2026_general_revenue_19_06_01_02,2026_general_revenue_19_06_01,2026,general,一般会計,19,諸収入,06,雑入,01,弁償金,02,生活保護,03,生活保護法に基づく保護費の弁償金,保健福祉政策部 生活福祉課,諸収入,specific,232455,198872,-33583,false,1,ippansainyu.csv,17334
rd_2026_general_revenue_19_06_01_03_25_3895140000,rs_2026_general_revenue_19_06_01_03,2026_general_revenue_19_06_01,2026,general,一般会計,19,諸収入,06,雑入,01,弁償金,03,許可番号標,25,自動車臨時運行許可標紛失弁償金,土木部 土木計画調整課,諸収入,specific,4,4,0,false,1,ippansainyu.csv,18689
rd_2026_general_revenue_19_06_01_05_01_3595200000,rs_2026_general_revenue_19_06_01_05,2026_general_revenue_19_06_01,2026,general,一般会計,19,諸収入,06,雑入,01,弁償金,05,特定中国残留邦人等に係る支援給付,01,特定中国残留邦人等に係る支援給付費の弁償金,保健福祉政策部 生活福祉課,諸収入,specific,1,1,0,false,1,ippansainyu.csv,17335
rd_2026_general_revenue_19_06_03_03_02_3655200000,rs_2026_general_revenue_19_06_03_03,2026_general_revenue_19_06_03,2026,general,一般会計,19,諸収入,06,雑入,03,賄収入,03,障害者休養施設,02,緊急一時保護賄費収入（ひまわり荘）,障害福祉部 障害地域生活課,諸収入,specific,9,7,-2,false,1,ippansainyu.csv,17870
rd_2026_general_revenue_19_06_03_05_01_3665200000,rs_2026_general_revenue_19_06_03_05,2026_general_revenue_19_06_03,2026,general,一般会計,19,諸収入,06,雑入,03,賄収入,05,学童クラブ,01,学童クラブ賄費収入,子ども・若者部 児童課,諸収入,specific,15,15,0,false,1,ippansainyu.csv,18044
rd_2026_general_revenue_19_06_03_11_01_3665580000,rs_2026_general_revenue_19_06_03_11,2026_general_revenue_19_06_03,2026,general,一般会計,19,諸収入,06,雑入,03,賄収入,11,保育園,01,保育園賄費収入,子ども・若者部 保育課,諸収入,specific,107914,124060,16146,false,1,ippansainyu.csv,18322
rd_2026_general_revenue_19_06_03_12_01_4985400000,rs_2026_general_revenue_19_06_03_12,2026_general_revenue_19_06_03,2026,general,一般会計,19,諸収入,06,雑入,03,賄収入,12,認定こども園,01,認定こども園賄費収入,教育委員会事務局 乳幼教・保支課,諸収入,specific,2053,1838,-215,false,1,ippansainyu.csv,18921
rd_2026_general_revenue_19_06_03_13_01_3695200000,rs_2026_general_revenue_19_06_03_13,2026_general_revenue_19_06_03,2026,general,一般会計,19,諸収入,06,雑入,03,賄収入,13,一時保護所,01,一時保護所賄費収入,児童相談所 一時保護課,諸収入,specific,2628,2628,0,false,1,ippansainyu.csv,18381
rd_2026_general_revenue_19_06_03_14_01_4960150000,rs_2026_general_revenue_19_06_03_14,2026_general_revenue_19_06_03,2026,general,一般会計,19,諸収入,06,雑入,03,賄収入,14,学校給食,01,学校給食費賄収入,教育委員会事務局 学校健康推進課,諸収入,specific,0,526888,526888,false,1,ippansainyu.csv,18777
rd_2026_general_revenue_19_06_03_15_01_4985100000,rs_2026_general_revenue_19_06_03_15,2026_general_revenue_19_06_03,2026,general,一般会計,19,諸収入,06,雑入,03,賄収入,15,ほっとスクール,01,ほっとスクール賄費収入,教育委員会事務局 教育相談課,諸収入,specific,0,633,633,false,1,ippansainyu.csv,18886
rd_2026_general_revenue_19_06_04_01_24_3205500000,rs_2026_general_revenue_19_06_04_01,2026_general_revenue_19_06_04,2026,general,一般会計,19,諸収入,06,雑入,04,納付金,01,納付金,24,再任用職員社会保険料（総務）,総務部 人事課,諸収入,specific,16377,10687,-5690,false,1,ippansainyu.csv,16944
rd_2026_general_revenue_19_06_04_01_25_3205500000,rs_2026_general_revenue_19_06_04_01,2026_general_revenue_19_06_04,2026,general,一般会計,19,諸収入,06,雑入,04,納付金,01,納付金,25,再任用職員社会保険料（民生）,総務部 人事課,諸収入,specific,24874,14696,-10178,false,1,ippansainyu.csv,16945
rd_2026_general_revenue_19_06_04_01_26_3205500000,rs_2026_general_revenue_19_06_04_01,2026_general_revenue_19_06_04,2026,general,一般会計,19,諸収入,06,雑入,04,納付金,01,納付金,26,再任用職員社会保険料（環境）,総務部 人事課,諸収入,specific,30,29,-1,false,1,ippansainyu.csv,16946
rd_2026_general_revenue_19_06_04_01_27_3205500000,rs_2026_general_revenue_19_06_04_01,2026_general_revenue_19_06_04,2026,general,一般会計,19,諸収入,06,雑入,04,納付金,01,納付金,27,再任用職員社会保険料（衛生）,総務部 人事課,諸収入,specific,3017,1652,-1365,false,1,ippansainyu.csv,16947
rd_2026_general_revenue_19_06_04_01_28_3205500000,rs_2026_general_revenue_19_06_04_01,2026_general_revenue_19_06_04,2026,general,一般会計,19,諸収入,06,雑入,04,納付金,01,納付金,28,再任用職員社会保険料（土木）,総務部 人事課,諸収入,specific,6254,5055,-1199,false,1,ippansainyu.csv,16948
rd_2026_general_revenue_19_06_04_01_29_3205500000,rs_2026_general_revenue_19_06_04_01,2026_general_revenue_19_06_04,2026,general,一般会計,19,諸収入,06,雑入,04,納付金,01,納付金,29,再任用職員社会保険料（教育）,総務部 人事課,諸収入,specific,9949,5348,-4601,false,1,ippansainyu.csv,16949
rd_2026_general_revenue_19_06_04_01_30_3205500000,rs_2026_general_revenue_19_06_04_01,2026_general_revenue_19_06_04,2026,general,一般会計,19,諸収入,06,雑入,04,納付金,01,納付金,30,再任用職員社会保険料（清掃）,総務部 人事課,諸収入,specific,4736,6644,1908,false,1,ippansainyu.csv,16950
rd_2026_general_revenue_19_06_04_01_53_4975300000,rs_2026_general_revenue_19_06_04_01,2026_general_revenue_19_06_04,2026,general,一般会計,19,諸収入,06,雑入,04,納付金,01,納付金,53,非常勤職員社会保険料（帰国）,教育委員会事務局 学務課,諸収入,specific,0,0,0,true,0,ippansainyu.csv,18871
rd_2026_general_revenue_19_06_04_01_69_4975100000,rs_2026_general_revenue_19_06_04_01,2026_general_revenue_19_06_04,2026,general,一般会計,19,諸収入,06,雑入,04,納付金,01,納付金,69,再任用職員社会保険料,教育委員会事務局 学校職員課,諸収入,specific,6949,4834,-2115,false,1,ippansainyu.csv,18850
rd_2026_general_revenue_19_06_04_01_95_3205500000,rs_2026_general_revenue_19_06_04_01,2026_general_revenue_19_06_04,2026,general,一般会計,19,諸収入,06,雑入,04,納付金,01,納付金,95,再任用職員社会保険料（産経）,総務部 人事課,諸収入,specific,966,99,-867,false,1,ippansainyu.csv,16951
rd_2026_general_revenue_19_06_04_06_01_2135100000,rs_2026_general_revenue_19_06_04_06,2026_general_revenue_19_06_04,2026,general,一般会計,19,諸収入,06,雑入,04,納付金,06,納付金（３）,01,会計年度任用職員社会保険料（世田谷総合支所）,世田谷総合支所 地域振興課,諸収入,specific,1084,1238,154,false,1,ippansainyu.csv,16763
rd_2026_general_revenue_19_06_04_06_02_3405350000,rs_2026_general_revenue_19_06_04_06,2026_general_revenue_19_06_04,2026,general,一般会計,19,諸収入,06,雑入,04,納付金,06,納付金（３）,02,会計年度任用職員社会保険料（生活文化政策部）,生活文化政策部 市民活動推進課,諸収入,specific,3153,3146,-7,false,1,ippansainyu.csv,17031
rd_2026_general_revenue_19_06_04_06_03_3415100000,rs_2026_general_revenue_19_06_04_06,2026_general_revenue_19_06_04,2026,general,一般会計,19,諸収入,06,雑入,04,納付金,06,納付金（３）,03,会計年度任用職員社会保険料（地域行政部）,地域行政部 地域行政課,諸収入,specific,32812,32268,-544,false,1,ippansainyu.csv,17084
rd_2026_general_revenue_19_06_04_06_05_3525100000,rs_2026_general_revenue_19_06_04_06,2026_general_revenue_19_06_04,2026,general,一般会計,19,諸収入,06,雑入,04,納付金,06,納付金（３）,05,会計年度任用職員社会保険料（経済産業部）,経済産業部 商業課,諸収入,specific,4326,4870,544,false,1,ippansainyu.csv,17168
rd_2026_general_revenue_19_06_04_06_06_3555100000,rs_2026_general_revenue_19_06_04_06,2026_general_revenue_19_06_04,2026,general,一般会計,19,諸収入,06,雑入,04,納付金,06,納付金（３）,06,会計年度任用職員社会保険料（清掃・リサイクル部）,環境政策部 管理課,諸収入,specific,5414,0,-5414,true,0,ippansainyu.csv,17199
rd_2026_general_revenue_19_06_04_06_07_4960100000,rs_2026_general_revenue_19_06_04_06,2026_general_revenue_19_06_04,2026,general,一般会計,19,諸収入,06,雑入,04,納付金,06,納付金（３）,07,会計年度任用職員社会保険料（教育委員会事務局）,教育委員会事務局 教育総務課,諸収入,specific,431340,505972,74632,false,1,ippansainyu.csv,18764
rd_2026_general_revenue_19_06_04_06_08_3595110000,rs_2026_general_revenue_19_06_04_06,2026_general_revenue_19_06_04,2026,general,一般会計,19,諸収入,06,雑入,04,納付金,06,納付金（３）,08,会計年度任用職員社会保険料（保健福祉政策部）,保健福祉政策部 保健福祉政策課,諸収入,specific,11197,14027,2830,false,1,ippansainyu.csv,17255
rd_2026_general_revenue_19_06_04_06_09_3645100000,rs_2026_general_revenue_19_06_04_06,2026_general_revenue_19_06_04,2026,general,一般会計,19,諸収入,06,雑入,04,納付金,06,納付金（３）,09,会計年度任用職員社会保険料（高齢福祉部）,高齢福祉部 高齢福祉課,諸収入,specific,1319,1090,-229,false,1,ippansainyu.csv,17522
rd_2026_general_revenue_19_06_04_06_10_3655100000,rs_2026_general_revenue_19_06_04_06,2026_general_revenue_19_06_04,2026,general,一般会計,19,諸収入,06,雑入,04,納付金,06,納付金（３）,10,会計年度任用職員社会保険料（障害福祉部）,障害福祉部 障害施策課,諸収入,specific,6112,6374,262,false,1,ippansainyu.csv,17824
rd_2026_general_revenue_19_06_04_06_16_3065100000,rs_2026_general_revenue_19_06_04_06,2026_general_revenue_19_06_04,2026,general,一般会計,19,諸収入,06,雑入,04,納付金,06,納付金（３）,16,会計年度任用職員社会保険料（政策経営部）,政策経営部 政策企画課,諸収入,specific,1539,1754,215,false,1,ippansainyu.csv,16898
rd_2026_general_revenue_19_06_04_06_17_3205500000,rs_2026_general_revenue_19_06_04_06,2026_general_revenue_19_06_04,2026,general,一般会計,19,諸収入,06,雑入,04,納付金,06,納付金（３）,17,会計年度任用職員社会保険料（総務部）,総務部 人事課,諸収入,specific,849824,984135,134311,false,1,ippansainyu.csv,16952
rd_2026_general_revenue_19_06_04_06_18_3305300000,rs_2026_general_revenue_19_06_04_06,2026_general_revenue_19_06_04,2026,general,一般会計,19,諸収入,06,雑入,04,納付金,06,納付金（３）,18,会計年度任用職員社会保険料（危機管理部）,危機管理部 災害対策課,諸収入,specific,394,403,9,false,1,ippansainyu.csv,16976
rd_2026_general_revenue_19_06_04_06_19_3665150000,rs_2026_general_revenue_19_06_04_06,2026_general_revenue_19_06_04,2026,general,一般会計,19,諸収入,06,雑入,04,納付金,06,納付金（３）,19,会計年度任用職員社会保険料（子ども・若者部）,子ども・若者部 子ども・若者支援課,諸収入,specific,23772,26844,3072,false,1,ippansainyu.csv,18007
rd_2026_general_revenue_19_06_04_06_25_3665150000,rs_2026_general_revenue_19_06_04_06,2026_general_revenue_19_06_04,2026,general,一般会計,19,諸収入,06,雑入,04,納付金,06,納付金（３）,25,会計年度任用職員社会保険料（子ども・若者部（２））,子ども・若者部 子ども・若者支援課,諸収入,specific,141666,169667,28001,false,1,ippansainyu.csv,18008
rd_2026_general_revenue_19_06_04_06_26_3785100000,rs_2026_general_revenue_19_06_04_06,2026_general_revenue_19_06_04,2026,general,一般会計,19,諸収入,06,雑入,04,納付金,06,納付金（３）,26,会計年度任用職員社会保険料（世田谷保健所）,世田谷保健所 健康企画課,諸収入,specific,14001,15907,1906,false,1,ippansainyu.csv,18417
rd_2026_general_revenue_19_06_04_06_29_5305100000,rs_2026_general_revenue_19_06_04_06,2026_general_revenue_19_06_04,2026,general,一般会計,19,諸収入,06,雑入,04,納付金,06,納付金（３）,29,会計年度任用職員社会保険料（選挙管理委員会事務局）,選挙管理委員会事務局,諸収入,specific,3,0,-3,true,0,ippansainyu.csv,18929
rd_2026_general_revenue_19_06_04_06_36_3815100000,rs_2026_general_revenue_19_06_04_06,2026_general_revenue_19_06_04,2026,general,一般会計,19,諸収入,06,雑入,04,納付金,06,納付金（３）,36,会計年度任用職員社会保険料（都市整備政策部）,都市整備政策部 都市計画課,諸収入,specific,396,450,54,false,1,ippansainyu.csv,18527
rd_2026_general_revenue_19_06_04_06_37_3695150000,rs_2026_general_revenue_19_06_04_06,2026_general_revenue_19_06_04,2026,general,一般会計,19,諸収入,06,雑入,04,納付金,06,納付金（３）,37,会計年度任用職員社会保険料（児童相談所）,児童相談所 児童相談課,諸収入,specific,10728,11922,1194,false,1,ippansainyu.csv,18375
rd_2026_general_revenue_19_06_04_06_38_3465110000,rs_2026_general_revenue_19_06_04_06,2026_general_revenue_19_06_04,2026,general,一般会計,19,諸収入,06,雑入,04,納付金,06,納付金（３）,38,会計年度任用職員社会保険料（環境政策部）,環境政策部 環境政策課,諸収入,specific,1587,8333,6746,false,1,ippansainyu.csv,17138
rd_2026_general_revenue_19_06_04_06_51_2165100000,rs_2026_general_revenue_19_06_04_06,2026_general_revenue_19_06_04,2026,general,一般会計,19,諸収入,06,雑入,04,納付金,06,納付金（３）,51,会計年度任用職員社会保険料（世田谷総合支所）,世田谷総合支所 生活支援課,諸収入,specific,398,451,53,false,1,ippansainyu.csv,16773
rd_2026_general_revenue_19_06_04_06_52_2265100000,rs_2026_general_revenue_19_06_04_06,2026_general_revenue_19_06_04,2026,general,一般会計,19,諸収入,06,雑入,04,納付金,06,納付金（３）,52,会計年度任用職員社会保険料（北沢総合支所）,北沢総合支所 生活支援課,諸収入,specific,398,451,53,false,1,ippansainyu.csv,16798
rd_2026_general_revenue_19_06_04_06_53_2365100000,rs_2026_general_revenue_19_06_04_06,2026_general_revenue_19_06_04,2026,general,一般会計,19,諸収入,06,雑入,04,納付金,06,納付金（３）,53,会計年度任用職員社会保険料（玉川総合支所）,玉川総合支所 生活支援課,諸収入,specific,1193,1229,36,false,1,ippansainyu.csv,16829
rd_2026_general_revenue_19_06_04_06_54_2465100000,rs_2026_general_revenue_19_06_04_06,2026_general_revenue_19_06_04,2026,general,一般会計,19,諸収入,06,雑入,04,納付金,06,納付金（３）,54,会計年度任用職員社会保険料（砧総合支所）,砧総合支所 生活支援課,諸収入,specific,398,451,53,false,1,ippansainyu.csv,16855
rd_2026_general_revenue_19_06_04_06_55_2565100000,rs_2026_general_revenue_19_06_04_06,2026_general_revenue_19_06_04,2026,general,一般会計,19,諸収入,06,雑入,04,納付金,06,納付金（３）,55,会計年度任用職員社会保険料（烏山総合支所）,烏山総合支所 生活支援課,諸収入,specific,1119,1278,159,false,1,ippansainyu.csv,16892
rd_2026_general_revenue_19_06_04_06_56_4960100000,rs_2026_general_revenue_19_06_04_06,2026_general_revenue_19_06_04,2026,general,一般会計,19,諸収入,06,雑入,04,納付金,06,納付金（３）,56,会計年度任用職員社会保険料（教育委員会事務局）,教育委員会事務局 教育総務課,諸収入,specific,9853,11875,2022,false,1,ippansainyu.csv,18765
rd_2026_general_revenue_19_06_04_06_58_4960100000,rs_2026_general_revenue_19_06_04_06,2026_general_revenue_19_06_04,2026,general,一般会計,19,諸収入,06,雑入,04,納付金,06,納付金（３）,58,会計年度任用職員社会保険料（教育委員会事務局）,教育委員会事務局 教育総務課,諸収入,specific,43915,47790,3875,false,1,ippansainyu.csv,18766
rd_2026_general_revenue_19_06_04_06_59_4960100000,rs_2026_general_revenue_19_06_04_06,2026_general_revenue_19_06_04,2026,general,一般会計,19,諸収入,06,雑入,04,納付金,06,納付金（３）,59,会計年度任用職員社会保険料（教育委員会事務局）,教育委員会事務局 教育総務課,諸収入,specific,7801,9832,2031,false,1,ippansainyu.csv,18767
rd_2026_general_revenue_19_06_04_06_60_4960100000,rs_2026_general_revenue_19_06_04_06,2026_general_revenue_19_06_04,2026,general,一般会計,19,諸収入,06,雑入,04,納付金,06,納付金（３）,60,会計年度任用職員社会保険料（教育委員会事務局）,教育委員会事務局 教育総務課,諸収入,specific,34095,37658,3563,false,1,ippansainyu.csv,18768
rd_2026_general_revenue_19_06_04_06_61_3655100000,rs_2026_general_revenue_19_06_04_06,2026_general_revenue_19_06_04,2026,general,一般会計,19,諸収入,06,雑入,04,納付金,06,納付金（３）,61,会計年度任用職員社会保険料（障害福祉部）,障害福祉部 障害施策課,諸収入,specific,650,714,64,false,1,ippansainyu.csv,17825
rd_2026_general_revenue_19_06_04_06_62_3665150000,rs_2026_general_revenue_19_06_04_06,2026_general_revenue_19_06_04,2026,general,一般会計,19,諸収入,06,雑入,04,納付金,06,納付金（３）,62,会計年度任用職員社会保険料（子ども・若者部）,子ども・若者部 子ども・若者支援課,諸収入,specific,3031,3732,701,false,1,ippansainyu.csv,18009
rd_2026_general_revenue_19_06_04_06_63_3785100000,rs_2026_general_revenue_19_06_04_06,2026_general_revenue_19_06_04,2026,general,一般会計,19,諸収入,06,雑入,04,納付金,06,納付金（３）,63,会計年度任用職員社会保険料（世田谷保健所）,世田谷保健所 健康企画課,諸収入,specific,4399,5151,752,false,1,ippansainyu.csv,18418
rd_2026_general_revenue_19_06_04_06_64_3405350000,rs_2026_general_revenue_19_06_04_06,2026_general_revenue_19_06_04,2026,general,一般会計,19,諸収入,06,雑入,04,納付金,06,納付金（３）,64,会計年度任用職員社会保険料（生活文化政策部）,生活文化政策部 市民活動推進課,諸収入,specific,2421,6528,4107,false,1,ippansainyu.csv,17032
rd_2026_general_revenue_19_06_04_06_66_3065200000,rs_2026_general_revenue_19_06_04_06,2026_general_revenue_19_06_04,2026,general,一般会計,19,諸収入,06,雑入,04,納付金,06,納付金（３）,66,特別職非常勤職員社会保険料（行政手法改革参与）,政策経営部 官民行政手法改革課,諸収入,specific,0,1267,1267,false,1,ippansainyu.csv,16901
rd_2026_general_revenue_19_06_04_06_67_3095100000,rs_2026_general_revenue_19_06_04_06,2026_general_revenue_19_06_04,2026,general,一般会計,19,諸収入,06,雑入,04,納付金,06,納付金（３）,67,特別職非常勤職員社会保険料（システム標準化参与）,DX推進担当部 ＤＸ推進担当課,諸収入,specific,0,717,717,false,1,ippansainyu.csv,16931
rd_2026_general_revenue_19_06_04_06_68_2335100000,rs_2026_general_revenue_19_06_04_06,2026_general_revenue_19_06_04,2026,general,一般会計,19,諸収入,06,雑入,04,納付金,06,納付金（３）,68,特別職非常勤職員社会保険料（玉川総合支所）,玉川総合支所 地域振興課,諸収入,specific,0,819,819,false,1,ippansainyu.csv,16817
rd_2026_general_revenue_19_06_06_01_01_3355400000,rs_2026_general_revenue_19_06_06_01,2026_general_revenue_19_06_06,2026,general,一般会計,19,諸収入,06,雑入,06,滞納処分費,01,滞納処分費,01,特別区税等滞納処分費,財務部 納税課,諸収入,specific,437,568,131,false,1,ippansainyu.csv,17006
rd_2026_general_revenue_19_06_09_01_01_2135100000,rs_2026_general_revenue_19_06_09_01,2026_general_revenue_19_06_09,2026,general,一般会計,19,諸収入,06,雑入,09,雑入,01,電話料,01,電話料,世田谷総合支所 地域振興課,一般財源,general,8,12,4,false,0,ippansainyu.csv,16764
rd_2026_general_revenue_19_06_09_01_01_2335100000,rs_2026_general_revenue_19_06_09_01,2026_general_revenue_19_06_09,2026,general,一般会計,19,諸収入,06,雑入,09,雑入,01,電話料,01,電話料,玉川総合支所 地域振興課,一般財源,general,20,0,-20,true,0,ippansainyu.csv,16818
rd_2026_general_revenue_19_06_09_01_01_2435100000,rs_2026_general_revenue_19_06_09_01,2026_general_revenue_19_06_09,2026,general,一般会計,19,諸収入,06,雑入,09,雑入,01,電話料,01,電話料,砧総合支所 地域振興課,一般財源,general,6,4,-2,false,0,ippansainyu.csv,16848
rd_2026_general_revenue_19_06_09_01_01_2535100000,rs_2026_general_revenue_19_06_09_01,2026_general_revenue_19_06_09,2026,general,一般会計,19,諸収入,06,雑入,09,雑入,01,電話料,01,電話料,烏山総合支所 地域振興課,一般財源,general,4,4,0,false,0,ippansainyu.csv,16883
rd_2026_general_revenue_19_06_09_01_01_3235200000,rs_2026_general_revenue_19_06_09_01,2026_general_revenue_19_06_09,2026,general,一般会計,19,諸収入,06,雑入,09,雑入,01,電話料,01,電話料,庁舎整備担当部 庁舎管理担当課,一般財源,general,22,0,-22,true,0,ippansainyu.csv,16964
rd_2026_general_revenue_19_06_09_01_01_3405350000,rs_2026_general_revenue_19_06_09_01,2026_general_revenue_19_06_09,2026,general,一般会計,19,諸収入,06,雑入,09,雑入,01,電話料,01,電話料,生活文化政策部 市民活動推進課,一般財源,general,6,1,-5,false,0,ippansainyu.csv,17033
rd_2026_general_revenue_19_06_09_01_01_3445550000,rs_2026_general_revenue_19_06_09_01,2026_general_revenue_19_06_09,2026,general,一般会計,19,諸収入,06,雑入,09,雑入,01,電話料,01,電話料,スポーツ推進部 スポーツ施設課,一般財源,general,19,10,-9,false,0,ippansainyu.csv,17122
rd_2026_general_revenue_19_06_09_01_01_3655200000,rs_2026_general_revenue_19_06_09_01,2026_general_revenue_19_06_09,2026,general,一般会計,19,諸収入,06,雑入,09,雑入,01,電話料,01,電話料,障害福祉部 障害地域生活課,一般財源,general,1,0,-1,true,0,ippansainyu.csv,17871
rd_2026_general_revenue_19_06_09_02_27_3655200000,rs_2026_general_revenue_19_06_09_02,2026_general_revenue_19_06_09,2026,general,一般会計,19,諸収入,06,雑入,09,雑入,02,施設入居者負担金,27,生活寮,障害福祉部 障害地域生活課,一般財源,general,280,300,20,false,0,ippansainyu.csv,17872
rd_2026_general_revenue_19_06_09_05_01_3235200000,rs_2026_general_revenue_19_06_09_05,2026_general_revenue_19_06_09,2026,general,一般会計,19,諸収入,06,雑入,09,雑入,05,光熱水費等負担金,01,庁舎,庁舎整備担当部 庁舎管理担当課,諸収入,specific,4272,12209,7937,false,1,ippansainyu.csv,16965
rd_2026_general_revenue_19_06_09_05_03_2335100000,rs_2026_general_revenue_19_06_09_05,2026_general_revenue_19_06_09,2026,general,一般会計,19,諸収入,06,雑入,09,雑入,05,光熱水費等負担金,03,玉川総合支所,玉川総合支所 地域振興課,諸収入,specific,417,357,-60,false,1,ippansainyu.csv,16819
rd_2026_general_revenue_19_06_09_05_04_2535100000,rs_2026_general_revenue_19_06_09_05,2026_general_revenue_19_06_09,2026,general,一般会計,19,諸収入,06,雑入,09,雑入,05,光熱水費等負担金,04,烏山区民センター,烏山総合支所 地域振興課,諸収入,specific,759,542,-217,false,1,ippansainyu.csv,16884
rd_2026_general_revenue_19_06_09_05_05_3555600000,rs_2026_general_revenue_19_06_09_05,2026_general_revenue_19_06_09,2026,general,一般会計,19,諸収入,06,雑入,09,雑入,05,光熱水費等負担金,05,砧清掃事務所,環境政策部 砧清掃事務所,諸収入,specific,205,187,-18,false,1,ippansainyu.csv,17231
rd_2026_general_revenue_19_06_09_05_07_3555400000,rs_2026_general_revenue_19_06_09_05,2026_general_revenue_19_06_09,2026,general,一般会計,19,諸収入,06,雑入,09,雑入,05,光熱水費等負担金,07,世田谷清掃事務所,環境政策部 世田谷清掃事務所,諸収入,specific,237,237,0,false,1,ippansainyu.csv,17225
rd_2026_general_revenue_19_06_09_05_10_3405400000,rs_2026_general_revenue_19_06_09_05,2026_general_revenue_19_06_09,2026,general,一般会計,19,諸収入,06,雑入,09,雑入,05,光熱水費等負担金,10,文化生活情報センター,生活文化政策部 文化・国際課,諸収入,specific,3220,2868,-352,false,1,ippansainyu.csv,17059
rd_2026_general_revenue_19_06_09_05_11_3655200000,rs_2026_general_revenue_19_06_09_05,2026_general_revenue_19_06_09,2026,general,一般会計,19,諸収入,06,雑入,09,雑入,05,光熱水費等負担金,11,障害者休養ホームひまわり荘,障害福祉部 障害地域生活課,諸収入,specific,42,38,-4,false,1,ippansainyu.csv,17873
rd_2026_general_revenue_19_06_09_05_12_3595150000,rs_2026_general_revenue_19_06_09_05,2026_general_revenue_19_06_09,2026,general,一般会計,19,諸収入,06,雑入,09,雑入,05,光熱水費等負担金,12,保健センター,保健福祉政策部 保福推進課,諸収入,specific,5323,5513,190,false,1,ippansainyu.csv,17268
rd_2026_general_revenue_19_06_09_05_14_3835300000,rs_2026_general_revenue_19_06_09_05,2026_general_revenue_19_06_09,2026,general,一般会計,19,諸収入,06,雑入,09,雑入,05,光熱水費等負担金,14,公園・身近な広場,みどり33推進担当部 公園緑地課,諸収入,specific,7452,6560,-892,false,1,ippansainyu.csv,18643
rd_2026_general_revenue_19_06_09_05_16_3655200000,rs_2026_general_revenue_19_06_09_05,2026_general_revenue_19_06_09,2026,general,一般会計,19,諸収入,06,雑入,09,雑入,05,光熱水費等負担金,16,知的障害者援護施設緊急一時保護（宿泊）事業,障害福祉部 障害地域生活課,諸収入,specific,1,1,0,false,1,ippansainyu.csv,17874
rd_2026_general_revenue_19_06_09_05_20_2135100000,rs_2026_general_revenue_19_06_09_05,2026_general_revenue_19_06_09,2026,general,一般会計,19,諸収入,06,雑入,09,雑入,05,光熱水費等負担金,20,桜丘区民センター,世田谷総合支所 地域振興課,諸収入,specific,58,54,-4,false,1,ippansainyu.csv,16765
rd_2026_general_revenue_19_06_09_05_22_2135100000,rs_2026_general_revenue_19_06_09_05,2026_general_revenue_19_06_09,2026,general,一般会計,19,諸収入,06,雑入,09,雑入,05,光熱水費等負担金,22,世田谷地域出張所,世田谷総合支所 地域振興課,諸収入,specific,2524,2827,303,false,1,ippansainyu.csv,16766
rd_2026_general_revenue_19_06_09_05_24_2335100000,rs_2026_general_revenue_19_06_09_05,2026_general_revenue_19_06_09,2026,general,一般会計,19,諸収入,06,雑入,09,雑入,05,光熱水費等負担金,24,尾山台地区会館防災倉庫,玉川総合支所 地域振興課,諸収入,specific,6,6,0,false,1,ippansainyu.csv,16820
rd_2026_general_revenue_19_06_09_05_25_3235200000,rs_2026_general_revenue_19_06_09_05,2026_general_revenue_19_06_09,2026,general,一般会計,19,諸収入,06,雑入,09,雑入,05,光熱水費等負担金,25,分庁舎,庁舎整備担当部 庁舎管理担当課,諸収入,specific,32457,32151,-306,false,1,ippansainyu.csv,16966
rd_2026_general_revenue_19_06_09_05_26_2535100000,rs_2026_general_revenue_19_06_09_05,2026_general_revenue_19_06_09,2026,general,一般会計,19,諸収入,06,雑入,09,雑入,05,光熱水費等負担金,26,上北沢区民センター,烏山総合支所 地域振興課,諸収入,specific,438,421,-17,false,1,ippansainyu.csv,16885
rd_2026_general_revenue_19_06_09_05_28_3405400000,rs_2026_general_revenue_19_06_09_05,2026_general_revenue_19_06_09,2026,general,一般会計,19,諸収入,06,雑入,09,雑入,05,光熱水費等負担金,28,美術館,生活文化政策部 文化・国際課,諸収入,specific,6663,6820,157,false,1,ippansainyu.csv,17060
rd_2026_general_revenue_19_06_09_05_30_2235100000,rs_2026_general_revenue_19_06_09_05,2026_general_revenue_19_06_09,2026,general,一般会計,19,諸収入,06,雑入,09,雑入,05,光熱水費等負担金,30,北沢総合支所,北沢総合支所 地域振興課,諸収入,specific,8000,6800,-1200,false,1,ippansainyu.csv,16793
rd_2026_general_revenue_19_06_09_05_32_2335100000,rs_2026_general_revenue_19_06_09_05,2026_general_revenue_19_06_09,2026,general,一般会計,19,諸収入,06,雑入,09,雑入,05,光熱水費等負担金,32,東玉川地区会館,玉川総合支所 地域振興課,諸収入,specific,65,65,0,false,1,ippansainyu.csv,16821
rd_2026_general_revenue_19_06_09_05_34_4965100000,rs_2026_general_revenue_19_06_09_05,2026_general_revenue_19_06_09,2026,general,一般会計,19,諸収入,06,雑入,09,雑入,05,光熱水費等負担金,34,民家園,教育委員会事務局 生涯学習課,諸収入,specific,1,5,4,false,1,ippansainyu.csv,18831
rd_2026_general_revenue_19_06_09_05_36_2435100000,rs_2026_general_revenue_19_06_09_05,2026_general_revenue_19_06_09,2026,general,一般会計,19,諸収入,06,雑入,09,雑入,05,光熱水費等負担金,36,砧地域出張所,砧総合支所 地域振興課,諸収入,specific,1216,1321,105,false,1,ippansainyu.csv,16849
rd_2026_general_revenue_19_06_09_05_40_2535100000,rs_2026_general_revenue_19_06_09_05,2026_general_revenue_19_06_09,2026,general,一般会計,19,諸収入,06,雑入,09,雑入,05,光熱水費等負担金,40,区民斎場,烏山総合支所 地域振興課,諸収入,specific,48,41,-7,false,1,ippansainyu.csv,16886
rd_2026_general_revenue_19_06_09_05_42_3305300000,rs_2026_general_revenue_19_06_09_05,2026_general_revenue_19_06_09,2026,general,一般会計,19,諸収入,06,雑入,09,雑入,05,光熱水費等負担金,42,池尻防災施設,危機管理部 災害対策課,諸収入,specific,0,2,2,false,1,ippansainyu.csv,16977
rd_2026_general_revenue_19_06_09_05_47_2335100000,rs_2026_general_revenue_19_06_09_05,2026_general_revenue_19_06_09,2026,general,一般会計,19,諸収入,06,雑入,09,雑入,05,光熱水費等負担金,47,用賀地区会館,玉川総合支所 地域振興課,諸収入,specific,50,50,0,false,1,ippansainyu.csv,16822
rd_2026_general_revenue_19_06_09_05_49_2335100000,rs_2026_general_revenue_19_06_09_05,2026_general_revenue_19_06_09,2026,general,一般会計,19,諸収入,06,雑入,09,雑入,05,光熱水費等負担金,49,桜新町区民集会所,玉川総合支所 地域振興課,諸収入,specific,200,200,0,false,1,ippansainyu.csv,16823
rd_2026_general_revenue_19_06_09_05_51_3405400000,rs_2026_general_revenue_19_06_09_05,2026_general_revenue_19_06_09,2026,general,一般会計,19,諸収入,06,雑入,09,雑入,05,光熱水費等負担金,51,文学館,生活文化政策部 文化・国際課,諸収入,specific,1462,1476,14,false,1,ippansainyu.csv,17061
rd_2026_general_revenue_19_06_09_05_52_2535100000,rs_2026_general_revenue_19_06_09_05,2026_general_revenue_19_06_09,2026,general,一般会計,19,諸収入,06,雑入,09,雑入,05,光熱水費等負担金,52,烏山総合支所,烏山総合支所 地域振興課,諸収入,specific,50,47,-3,false,1,ippansainyu.csv,16887
rd_2026_general_revenue_19_06_09_05_53_2435100000,rs_2026_general_revenue_19_06_09_05,2026_general_revenue_19_06_09,2026,general,一般会計,19,諸収入,06,雑入,09,雑入,05,光熱水費等負担金,53,砧総合支所,砧総合支所 地域振興課,諸収入,specific,424,491,67,false,1,ippansainyu.csv,16850
rd_2026_general_revenue_19_06_09_05_55_3835300000,rs_2026_general_revenue_19_06_09_05,2026_general_revenue_19_06_09,2026,general,一般会計,19,諸収入,06,雑入,09,雑入,05,光熱水費等負担金,55,多摩川緑地広場管理公社,みどり33推進担当部 公園緑地課,諸収入,specific,257,257,0,false,1,ippansainyu.csv,18644
rd_2026_general_revenue_19_06_09_05_56_3665500000,rs_2026_general_revenue_19_06_09_05,2026_general_revenue_19_06_09,2026,general,一般会計,19,諸収入,06,雑入,09,雑入,05,光熱水費等負担金,56,子育てステーション,子ども・若者部 子ども家庭課,諸収入,specific,2619,2709,90,false,1,ippansainyu.csv,18124
rd_2026_general_revenue_19_06_09_05_58_2135100000,rs_2026_general_revenue_19_06_09_05,2026_general_revenue_19_06_09,2026,general,一般会計,19,諸収入,06,雑入,09,雑入,05,光熱水費等負担金,58,宮坂区民センター,世田谷総合支所 地域振興課,諸収入,specific,1903,2204,301,false,1,ippansainyu.csv,16767
rd_2026_general_revenue_19_06_09_05_60_2535100000,rs_2026_general_revenue_19_06_09_05,2026_general_revenue_19_06_09,2026,general,一般会計,19,諸収入,06,雑入,09,雑入,05,光熱水費等負担金,60,粕谷区民センター,烏山総合支所 地域振興課,諸収入,specific,829,639,-190,false,1,ippansainyu.csv,16888
rd_2026_general_revenue_19_06_09_05_61_2235100000,rs_2026_general_revenue_19_06_09_05,2026_general_revenue_19_06_09,2026,general,一般会計,19,諸収入,06,雑入,09,雑入,05,光熱水費等負担金,61,北沢地域出張所,北沢総合支所 地域振興課,諸収入,specific,700,700,0,false,1,ippansainyu.csv,16794
rd_2026_general_revenue_19_06_09_05_62_2435100000,rs_2026_general_revenue_19_06_09_05,2026_general_revenue_19_06_09,2026,general,一般会計,19,諸収入,06,雑入,09,雑入,05,光熱水費等負担金,62,鎌田区民センター,砧総合支所 地域振興課,諸収入,specific,540,480,-60,false,1,ippansainyu.csv,16851
rd_2026_general_revenue_19_06_09_05_65_3895300000,rs_2026_general_revenue_19_06_09_05,2026_general_revenue_19_06_09,2026,general,一般会計,19,諸収入,06,雑入,09,雑入,05,光熱水費等負担金,65,三軒茶屋パティオ,土木部 工事第一課,諸収入,specific,4,4,0,false,1,ippansainyu.csv,18728
rd_2026_general_revenue_19_06_09_05_67_3655200000,rs_2026_general_revenue_19_06_09_05,2026_general_revenue_19_06_09,2026,general,一般会計,19,諸収入,06,雑入,09,雑入,05,光熱水費等負担金,67,白梅福祉作業所,障害福祉部 障害地域生活課,諸収入,specific,1647,1552,-95,false,1,ippansainyu.csv,17875
rd_2026_general_revenue_19_06_09_05_71_3645100000,rs_2026_general_revenue_19_06_09_05,2026_general_revenue_19_06_09,2026,general,一般会計,19,諸収入,06,雑入,09,雑入,05,光熱水費等負担金,71,法人負担分（高齢者在宅サービスセンター）,高齢福祉部 高齢福祉課,諸収入,specific,25813,24834,-979,false,1,ippansainyu.csv,17523
rd_2026_general_revenue_19_06_09_05_72_3555500000,rs_2026_general_revenue_19_06_09_05,2026_general_revenue_19_06_09,2026,general,一般会計,19,諸収入,06,雑入,09,雑入,05,光熱水費等負担金,72,玉川清掃事務所,環境政策部 玉川清掃事務所,諸収入,specific,84,85,1,false,1,ippansainyu.csv,17228
rd_2026_general_revenue_19_06_09_05_73_4960160000,rs_2026_general_revenue_19_06_09_05,2026_general_revenue_19_06_09,2026,general,一般会計,19,諸収入,06,雑入,09,雑入,05,光熱水費等負担金,73,中学校,教育委員会事務局 教育環境課,諸収入,specific,4032,3952,-80,false,1,ippansainyu.csv,18818
rd_2026_general_revenue_19_06_09_05_74_2535100000,rs_2026_general_revenue_19_06_09_05,2026_general_revenue_19_06_09,2026,general,一般会計,19,諸収入,06,雑入,09,雑入,05,光熱水費等負担金,74,烏山地区地区会館,烏山総合支所 地域振興課,諸収入,specific,656,628,-28,false,1,ippansainyu.csv,16889
rd_2026_general_revenue_19_06_09_05_81_3555300000,rs_2026_general_revenue_19_06_09_05,2026_general_revenue_19_06_09,2026,general,一般会計,19,諸収入,06,雑入,09,雑入,05,光熱水費等負担金,81,エコプラザ用賀,環境政策部 事業課,諸収入,specific,1700,1600,-100,false,1,ippansainyu.csv,17211
rd_2026_general_revenue_19_06_09_05_86_3645100000,rs_2026_general_revenue_19_06_09_05,2026_general_revenue_19_06_09,2026,general,一般会計,19,諸収入,06,雑入,09,雑入,05,光熱水費等負担金,86,一時生活援助施設,高齢福祉部 高齢福祉課,諸収入,specific,216,131,-85,false,1,ippansainyu.csv,17524
rd_2026_general_revenue_19_06_09_05_87_2335100000,rs_2026_general_revenue_19_06_09_05,2026_general_revenue_19_06_09,2026,general,一般会計,19,諸収入,06,雑入,09,雑入,05,光熱水費等負担金,87,東深沢地域集会所,玉川総合支所 地域振興課,諸収入,specific,10,10,0,false,1,ippansainyu.csv,16824
rd_2026_general_revenue_19_06_09_05_90_3655200000,rs_2026_general_revenue_19_06_09_05,2026_general_revenue_19_06_09,2026,general,一般会計,19,諸収入,06,雑入,09,雑入,05,光熱水費等負担金,90,なかまっち日中ショート事業,障害福祉部 障害地域生活課,諸収入,specific,44,45,1,false,1,ippansainyu.csv,17876
rd_2026_general_revenue_19_06_09_05_91_3445550000,rs_2026_general_revenue_19_06_09_05,2026_general_revenue_19_06_09,2026,general,一般会計,19,諸収入,06,雑入,09,雑入,05,光熱水費等負担金,91,地域体育施設,スポーツ推進部 スポーツ施設課,諸収入,specific,76,60,-16,false,1,ippansainyu.csv,17123
rd_2026_general_revenue_19_06_09_05_92_3445550000,rs_2026_general_revenue_19_06_09_05,2026_general_revenue_19_06_09,2026,general,一般会計,19,諸収入,06,雑入,09,雑入,05,光熱水費等負担金,92,総合運動場,スポーツ推進部 スポーツ施設課,諸収入,specific,3960,4363,403,false,1,ippansainyu.csv,17124
rd_2026_general_revenue_19_06_09_05_93_3445550000,rs_2026_general_revenue_19_06_09_05,2026_general_revenue_19_06_09,2026,general,一般会計,19,諸収入,06,雑入,09,雑入,05,光熱水費等負担金,93,千歳温水プール,スポーツ推進部 スポーツ施設課,諸収入,specific,1773,1980,207,false,1,ippansainyu.csv,17125
rd_2026_general_revenue_19_06_09_05_96_2335100000,rs_2026_general_revenue_19_06_09_05,2026_general_revenue_19_06_09,2026,general,一般会計,19,諸収入,06,雑入,09,雑入,05,光熱水費等負担金,96,玉川区民会館別館,玉川総合支所 地域振興課,諸収入,specific,50,25,-25,false,1,ippansainyu.csv,16825
rd_2026_general_revenue_19_06_09_05_99_3445550000,rs_2026_general_revenue_19_06_09_05,2026_general_revenue_19_06_09,2026,general,一般会計,19,諸収入,06,雑入,09,雑入,05,光熱水費等負担金,99,大蔵第二運動公園運動施設,スポーツ推進部 スポーツ施設課,諸収入,specific,2900,3100,200,false,1,ippansainyu.csv,17126
rd_2026_general_revenue_19_06_09_06_01_3205600000,rs_2026_general_revenue_19_06_09_06,2026_general_revenue_19_06_09,2026,general,一般会計,19,諸収入,06,雑入,09,雑入,06,住宅利用料,01,職員住宅利用料,総務部 職員厚生課,諸収入,specific,35200,33591,-1609,false,1,ippansainyu.csv,16957
rd_2026_general_revenue_19_06_09_06_04_3815450000,rs_2026_general_revenue_19_06_09_06,2026_general_revenue_19_06_09,2026,general,一般会計,19,諸収入,06,雑入,09,雑入,06,住宅利用料,04,高齢者集合住宅協力員利用料,都市整備政策部 住宅課,諸収入,specific,576,385,-191,false,1,ippansainyu.csv,18559
rd_2026_general_revenue_19_06_09_07_01_3815450000,rs_2026_general_revenue_19_06_09_07,2026_general_revenue_19_06_09,2026,general,一般会計,19,諸収入,06,雑入,09,雑入,07,住宅共益費,01,公営住宅共益費,都市整備政策部 住宅課,諸収入,specific,33451,30896,-2555,false,1,ippansainyu.csv,18560
rd_2026_general_revenue_19_06_09_07_05_3815450000,rs_2026_general_revenue_19_06_09_07,2026_general_revenue_19_06_09,2026,general,一般会計,19,諸収入,06,雑入,09,雑入,07,住宅共益費,05,特定公共賃貸住宅共益費,都市整備政策部 住宅課,諸収入,specific,156,156,0,false,1,ippansainyu.csv,18561
rd_2026_general_revenue_19_06_09_07_07_3815450000,rs_2026_general_revenue_19_06_09_07,2026_general_revenue_19_06_09,2026,general,一般会計,19,諸収入,06,雑入,09,雑入,07,住宅共益費,07,区立地域優良賃貸住宅,都市整備政策部 住宅課,諸収入,specific,3462,3498,36,false,1,ippansainyu.csv,18562
rd_2026_general_revenue_19_06_09_08_06_4975200000,rs_2026_general_revenue_19_06_09_08,2026_general_revenue_19_06_09,2026,general,一般会計,19,諸収入,06,雑入,09,雑入,08,参加料・利用料,06,小中学生の国内留学プログラム参加料,教育委員会事務局 教育指導課,諸収入,specific,2415,2173,-242,false,1,ippansainyu.csv,18860
rd_2026_general_revenue_19_06_09_08_09_3815100000,rs_2026_general_revenue_19_06_09_08,2026_general_revenue_19_06_09,2026,general,一般会計,19,諸収入,06,雑入,09,雑入,08,参加料・利用料,09,二子玉川分庁舎コピーサービス料,都市整備政策部 都市計画課,諸収入,specific,117,105,-12,false,1,ippansainyu.csv,18528
rd_2026_general_revenue_19_06_09_08_10_3665580000,rs_2026_general_revenue_19_06_09_08,2026_general_revenue_19_06_09,2026,general,一般会計,19,諸収入,06,雑入,09,雑入,08,参加料・利用料,10,区立保育園内ほっとステイ利用料,子ども・若者部 保育課,諸収入,specific,2880,2880,0,false,1,ippansainyu.csv,18323
rd_2026_general_revenue_19_06_09_08_14_3665570000,rs_2026_general_revenue_19_06_09_08,2026_general_revenue_19_06_09,2026,general,一般会計,19,諸収入,06,雑入,09,雑入,08,参加料・利用料,14,ひとり親家庭,子ども・若者部 児童相談支援課,諸収入,specific,341,0,-341,true,0,ippansainyu.csv,18179
rd_2026_general_revenue_19_06_09_08_16_3645100000,rs_2026_general_revenue_19_06_09_08,2026_general_revenue_19_06_09,2026,general,一般会計,19,諸収入,06,雑入,09,雑入,08,参加料・利用料,16,福祉緊急対応,高齢福祉部 高齢福祉課,諸収入,specific,25051,6262,-18789,false,1,ippansainyu.csv,17525
rd_2026_general_revenue_19_06_09_08_17_3595200000,rs_2026_general_revenue_19_06_09_08,2026_general_revenue_19_06_09,2026,general,一般会計,19,諸収入,06,雑入,09,雑入,08,参加料・利用料,17,成年後見制度,保健福祉政策部 生活福祉課,諸収入,specific,1256,940,-316,false,1,ippansainyu.csv,17336
rd_2026_general_revenue_19_06_09_08_18_3665570000,rs_2026_general_revenue_19_06_09_08,2026_general_revenue_19_06_09,2026,general,一般会計,19,諸収入,06,雑入,09,雑入,08,参加料・利用料,18,養育困難家庭,子ども・若者部 児童相談支援課,諸収入,specific,5158,0,-5158,true,0,ippansainyu.csv,18180
rd_2026_general_revenue_19_06_09_08_22_3205400000,rs_2026_general_revenue_19_06_09_08,2026_general_revenue_19_06_09,2026,general,一般会計,19,諸収入,06,雑入,09,雑入,08,参加料・利用料,22,区政情報センター運営,総務部 区政情報課,諸収入,specific,246,294,48,false,1,ippansainyu.csv,16941
rd_2026_general_revenue_19_06_09_08_28_3835300000,rs_2026_general_revenue_19_06_09_08,2026_general_revenue_19_06_09,2026,general,一般会計,19,諸収入,06,雑入,09,雑入,08,参加料・利用料,28,農業体験等参加料,みどり33推進担当部 公園緑地課,諸収入,specific,702,557,-145,false,1,ippansainyu.csv,18645
rd_2026_general_revenue_19_06_09_08_32_4965100000,rs_2026_general_revenue_19_06_09_08,2026_general_revenue_19_06_09,2026,general,一般会計,19,諸収入,06,雑入,09,雑入,08,参加料・利用料,32,郷土資料館,教育委員会事務局 生涯学習課,諸収入,specific,172,176,4,false,1,ippansainyu.csv,18832
rd_2026_general_revenue_19_06_09_08_33_4965100000,rs_2026_general_revenue_19_06_09_08,2026_general_revenue_19_06_09,2026,general,一般会計,19,諸収入,06,雑入,09,雑入,08,参加料・利用料,33,成人教育,教育委員会事務局 生涯学習課,諸収入,specific,1838,1817,-21,false,1,ippansainyu.csv,18833
rd_2026_general_revenue_19_06_09_08_50_3405450000,rs_2026_general_revenue_19_06_09_08,2026_general_revenue_19_06_09,2026,general,一般会計,19,諸収入,06,雑入,09,雑入,08,参加料・利用料,50,男女共同参画センターコピーサービス料等,生活文化政策部 人権男女共同参画課,諸収入,specific,66,61,-5,false,1,ippansainyu.csv,17074
rd_2026_general_revenue_19_06_09_08_67_3525400000,rs_2026_general_revenue_19_06_09_08,2026_general_revenue_19_06_09,2026,general,一般会計,19,諸収入,06,雑入,09,雑入,08,参加料・利用料,67,次大夫堀公園自然体験農園事業,経済産業部 都市農業課,諸収入,specific,600,600,0,false,1,ippansainyu.csv,17191
rd_2026_general_revenue_19_06_09_08_68_3555300000,rs_2026_general_revenue_19_06_09_08,2026_general_revenue_19_06_09,2026,general,一般会計,19,諸収入,06,雑入,09,雑入,08,参加料・利用料,68,生ごみ減量講習会等参加料,環境政策部 事業課,諸収入,specific,50,0,-50,true,0,ippansainyu.csv,17212
rd_2026_general_revenue_19_06_09_08_70_3655100000,rs_2026_general_revenue_19_06_09_08,2026_general_revenue_19_06_09,2026,general,一般会計,19,諸収入,06,雑入,09,雑入,08,参加料・利用料,70,福祉緊急対応（障害）,障害福祉部 障害施策課,諸収入,specific,981,1003,22,false,1,ippansainyu.csv,17826
rd_2026_general_revenue_19_06_09_08_72_3655200000,rs_2026_general_revenue_19_06_09_08,2026_general_revenue_19_06_09,2026,general,一般会計,19,諸収入,06,雑入,09,雑入,08,参加料・利用料,72,ひまわり荘（運動プログラム）,障害福祉部 障害地域生活課,諸収入,specific,86,127,41,false,1,ippansainyu.csv,17877
rd_2026_general_revenue_19_06_09_08_73_3405350000,rs_2026_general_revenue_19_06_09_08,2026_general_revenue_19_06_09,2026,general,一般会計,19,諸収入,06,雑入,09,雑入,08,参加料・利用料,73,シルバー工芸教室,生活文化政策部 市民活動推進課,諸収入,specific,675,675,0,false,1,ippansainyu.csv,17034
rd_2026_general_revenue_19_06_09_08_74_3405350000,rs_2026_general_revenue_19_06_09_08,2026_general_revenue_19_06_09,2026,general,一般会計,19,諸収入,06,雑入,09,雑入,08,参加料・利用料,74,陶芸教室,生活文化政策部 市民活動推進課,諸収入,specific,2932,2961,29,false,1,ippansainyu.csv,17035
rd_2026_general_revenue_19_06_09_08_75_3405350000,rs_2026_general_revenue_19_06_09_08,2026_general_revenue_19_06_09,2026,general,一般会計,19,諸収入,06,雑入,09,雑入,08,参加料・利用料,75,生涯大学,生活文化政策部 市民活動推進課,諸収入,specific,3060,3590,530,false,1,ippansainyu.csv,17036
rd_2026_general_revenue_19_06_09_08_77_3405350000,rs_2026_general_revenue_19_06_09_08,2026_general_revenue_19_06_09,2026,general,一般会計,19,諸収入,06,雑入,09,雑入,08,参加料・利用料,77,土と農の交流園,生活文化政策部 市民活動推進課,諸収入,specific,2880,2880,0,false,1,ippansainyu.csv,17037
rd_2026_general_revenue_19_06_09_08_78_3405350000,rs_2026_general_revenue_19_06_09_08,2026_general_revenue_19_06_09,2026,general,一般会計,19,諸収入,06,雑入,09,雑入,08,参加料・利用料,78,市民大学,生活文化政策部 市民活動推進課,諸収入,specific,9701,9590,-111,false,1,ippansainyu.csv,17038
rd_2026_general_revenue_19_06_09_08_80_3405350000,rs_2026_general_revenue_19_06_09_08,2026_general_revenue_19_06_09,2026,general,一般会計,19,諸収入,06,雑入,09,雑入,08,参加料・利用料,80,ひだまり友遊会館コピーサービス料,生活文化政策部 市民活動推進課,諸収入,specific,65,64,-1,false,1,ippansainyu.csv,17039
rd_2026_general_revenue_19_06_09_08_83_3205400000,rs_2026_general_revenue_19_06_09_08,2026_general_revenue_19_06_09,2026,general,一般会計,19,諸収入,06,雑入,09,雑入,08,参加料・利用料,83,情報公開等,総務部 区政情報課,諸収入,specific,201,191,-10,false,1,ippansainyu.csv,16942
rd_2026_general_revenue_19_06_09_08_84_3815250000,rs_2026_general_revenue_19_06_09_08,2026_general_revenue_19_06_09,2026,general,一般会計,19,諸収入,06,雑入,09,雑入,08,参加料・利用料,84,建築計画概要書等閲覧,都市整備政策部 建築調整課,諸収入,specific,3752,3752,0,false,1,ippansainyu.csv,18539
rd_2026_general_revenue_19_06_09_08_85_3825150000,rs_2026_general_revenue_19_06_09_08,2026_general_revenue_19_06_09,2026,general,一般会計,19,諸収入,06,雑入,09,雑入,08,参加料・利用料,85,定期調査報告概要書等閲覧,防災街づくり担当部 建築安全課,諸収入,specific,60,80,20,false,1,ippansainyu.csv,18607
rd_2026_general_revenue_19_06_09_08_93_4975200000,rs_2026_general_revenue_19_06_09_08,2026_general_revenue_19_06_09,2026,general,一般会計,19,諸収入,06,雑入,09,雑入,08,参加料・利用料,93,中学生国際交流事業,教育委員会事務局 教育指導課,諸収入,specific,0,2360,2360,false,1,ippansainyu.csv,18861
rd_2026_general_revenue_19_06_09_08_95_4965100000,rs_2026_general_revenue_19_06_09_08,2026_general_revenue_19_06_09,2026,general,一般会計,19,諸収入,06,雑入,09,雑入,08,参加料・利用料,95,文化財普及・啓発事業,教育委員会事務局 生涯学習課,諸収入,specific,20,20,0,false,1,ippansainyu.csv,18834
rd_2026_general_revenue_19_06_09_09_01_3355100000,rs_2026_general_revenue_19_06_09_09,2026_general_revenue_19_06_09,2026,general,一般会計,19,諸収入,06,雑入,09,雑入,09,自治体賠償,01,雑入（自治体賠償保険）,財務部 経理課,一般財源,general,70,100,30,false,0,ippansainyu.csv,16987
rd_2026_general_revenue_19_06_09_09_06_3835300000,rs_2026_general_revenue_19_06_09_09,2026_general_revenue_19_06_09,2026,general,一般会計,19,諸収入,06,雑入,09,雑入,09,自治体賠償,06,自治体賠償（公園施設）,みどり33推進担当部 公園緑地課,諸収入,specific,0,16687,16687,false,1,ippansainyu.csv,18646
rd_2026_general_revenue_19_06_09_10_07_3895200000,rs_2026_general_revenue_19_06_09_10,2026_general_revenue_19_06_09,2026,general,一般会計,19,諸収入,06,雑入,09,雑入,10,自転車等駐車場利用料金納付金,07,自転車等駐車場利用料金納付金,土木部 交通安全自転車課,諸収入,specific,47442,28463,-18979,false,1,ippansainyu.csv,18704
rd_2026_general_revenue_19_06_09_12_03_3665580000,rs_2026_general_revenue_19_06_09_12,2026_general_revenue_19_06_09,2026,general,一般会計,19,諸収入,06,雑入,09,雑入,12,緊急・一時保育,03,区立保育園緊急保育料,子ども・若者部 保育課,諸収入,specific,2641,1,-2640,false,1,ippansainyu.csv,18324
rd_2026_general_revenue_19_06_09_12_04_3665580000,rs_2026_general_revenue_19_06_09_12,2026_general_revenue_19_06_09,2026,general,一般会計,19,諸収入,06,雑入,09,雑入,12,緊急・一時保育,04,区立保育園一時保育料,子ども・若者部 保育課,諸収入,specific,1956,2,-1954,false,1,ippansainyu.csv,18325
rd_2026_general_revenue_19_06_09_15_05_3555300000,rs_2026_general_revenue_19_06_09_15,2026_general_revenue_19_06_09,2026,general,一般会計,19,諸収入,06,雑入,09,雑入,15,リサイクル資源売払金,05,拠点回収事業,環境政策部 事業課,諸収入,specific,328,323,-5,false,1,ippansainyu.csv,17213
rd_2026_general_revenue_19_06_09_15_20_3555300000,rs_2026_general_revenue_19_06_09_15,2026_general_revenue_19_06_09,2026,general,一般会計,19,諸収入,06,雑入,09,雑入,15,リサイクル資源売払金,20,金属以外資源化事業,環境政策部 事業課,諸収入,specific,1177,918,-259,false,1,ippansainyu.csv,17214
rd_2026_general_revenue_19_06_09_15_21_4960150000,rs_2026_general_revenue_19_06_09_15,2026_general_revenue_19_06_09,2026,general,一般会計,19,諸収入,06,雑入,09,雑入,15,リサイクル資源売払金,21,廃食用油回収事業（給食）,教育委員会事務局 学校健康推進課,諸収入,specific,540,0,-540,true,0,ippansainyu.csv,18778
rd_2026_general_revenue_19_06_09_15_33_4985100000,rs_2026_general_revenue_19_06_09_15,2026_general_revenue_19_06_09,2026,general,一般会計,19,諸収入,06,雑入,09,雑入,15,リサイクル資源売払金,33,教育総合センター維持管理,教育委員会事務局 教育相談課,諸収入,specific,19,17,-2,false,1,ippansainyu.csv,18887
rd_2026_general_revenue_19_06_09_15_34_4965200000,rs_2026_general_revenue_19_06_09_15,2026_general_revenue_19_06_09,2026,general,一般会計,19,諸収入,06,雑入,09,雑入,15,リサイクル資源売払金,34,教育会館維持管理,教育委員会事務局 中央図書館,諸収入,specific,76,97,21,false,1,ippansainyu.csv,18845
rd_2026_general_revenue_19_06_09_15_35_4985100000,rs_2026_general_revenue_19_06_09_15,2026_general_revenue_19_06_09,2026,general,一般会計,19,諸収入,06,雑入,09,雑入,15,リサイクル資源売払金,35,リサイクル資源売払金,教育委員会事務局 教育相談課,諸収入,specific,2,2,0,false,1,ippansainyu.csv,18888
rd_2026_general_revenue_19_06_09_15_38_4960150000,rs_2026_general_revenue_19_06_09_15,2026_general_revenue_19_06_09,2026,general,一般会計,19,諸収入,06,雑入,09,雑入,15,リサイクル資源売払金,38,廃食用油回収事業（給食）,教育委員会事務局 学校健康推進課,諸収入,specific,0,540,540,false,1,ippansainyu.csv,18779
rd_2026_general_revenue_19_06_09_16_03_4965100000,rs_2026_general_revenue_19_06_09_16,2026_general_revenue_19_06_09,2026,general,一般会計,19,諸収入,06,雑入,09,雑入,16,有償刊行物売払料,03,郷土資料館,教育委員会事務局 生涯学習課,諸収入,specific,572,700,128,false,1,ippansainyu.csv,18835
rd_2026_general_revenue_19_06_09_18_01_2235100000,rs_2026_general_revenue_19_06_09_18,2026_general_revenue_19_06_09,2026,general,一般会計,19,諸収入,06,雑入,09,雑入,18,施設管理費負担金,01,北沢総合支所維持管理,北沢総合支所 地域振興課,諸収入,specific,18000,37000,19000,false,1,ippansainyu.csv,16795
rd_2026_general_revenue_19_06_09_18_03_3595150000,rs_2026_general_revenue_19_06_09_18,2026_general_revenue_19_06_09,2026,general,一般会計,19,諸収入,06,雑入,09,雑入,18,施設管理費負担金,03,保健医療福祉総合プラザ維持管理,保健福祉政策部 保福推進課,諸収入,specific,7618,7947,329,false,1,ippansainyu.csv,17269
rd_2026_general_revenue_19_06_09_23_03_3415220000,rs_2026_general_revenue_19_06_09_23,2026_general_revenue_19_06_09,2026,general,一般会計,19,諸収入,06,雑入,09,雑入,23,自動証明写真機管理協力金,03,世田谷総合支所,地域行政部 住民記録・戸籍課,一般財源,general,540,270,-270,false,0,ippansainyu.csv,17096
rd_2026_general_revenue_19_06_09_27_03_3065500000,rs_2026_general_revenue_19_06_09_27,2026_general_revenue_19_06_09,2026,general,一般会計,19,諸収入,06,雑入,09,雑入,27,区市町村振興協会交付金,03,ハロウィンジャンボ宝くじ区市町村交付金,政策経営部 財政課,一般財源,general,64131,61220,-2911,false,0,ippansainyu.csv,16914
rd_2026_general_revenue_19_06_09_31_02_3895140000,rs_2026_general_revenue_19_06_09_31,2026_general_revenue_19_06_09,2026,general,一般会計,19,諸収入,06,雑入,09,雑入,31,屋外広告物除却費,02,屋外広告物除却費,土木部 土木計画調整課,諸収入,specific,1,1,0,false,1,ippansainyu.csv,18690
rd_2026_general_revenue_19_06_09_34_01_3235200000,rs_2026_general_revenue_19_06_09_34,2026_general_revenue_19_06_09,2026,general,一般会計,19,諸収入,06,雑入,09,雑入,34,施設利用者負担金,01,三軒茶屋分庁舎,庁舎整備担当部 庁舎管理担当課,諸収入,specific,10605,10605,0,false,1,ippansainyu.csv,16967
rd_2026_general_revenue_19_06_09_36_03_3665580000,rs_2026_general_revenue_19_06_09_36,2026_general_revenue_19_06_09,2026,general,一般会計,19,諸収入,06,雑入,09,雑入,36,電力売払収入,03,区立保育園関連,子ども・若者部 保育課,一般財源,general,1,0,-1,true,0,ippansainyu.csv,18326
rd_2026_general_revenue_19_06_09_36_04_3465120000,rs_2026_general_revenue_19_06_09_36,2026_general_revenue_19_06_09,2026,general,一般会計,19,諸収入,06,雑入,09,雑入,36,電力売払収入,04,自然エネルギー発電所,環境政策部 気候危機対策課,諸収入,specific,20329,18673,-1656,false,1,ippansainyu.csv,17147
rd_2026_general_revenue_19_06_09_36_07_3895200000,rs_2026_general_revenue_19_06_09_36,2026_general_revenue_19_06_09,2026,general,一般会計,19,諸収入,06,雑入,09,雑入,36,電力売払収入,07,自転車等駐車場関連,土木部 交通安全自転車課,諸収入,specific,40,26,-14,false,1,ippansainyu.csv,18705
rd_2026_general_revenue_19_06_09_36_08_3895300000,rs_2026_general_revenue_19_06_09_36,2026_general_revenue_19_06_09,2026,general,一般会計,19,諸収入,06,雑入,09,雑入,36,電力売払収入,08,街路灯維持管理（世田谷・北沢・烏山）,土木部 工事第一課,諸収入,specific,12,1,-11,false,1,ippansainyu.csv,18729
rd_2026_general_revenue_19_06_09_38_02_3895200000,rs_2026_general_revenue_19_06_09_38,2026_general_revenue_19_06_09,2026,general,一般会計,19,諸収入,06,雑入,09,雑入,38,東京都道路整備保全公社助成金,02,自転車駐輪場整備事業,土木部 交通安全自転車課,諸収入,specific,2861,5000,2139,false,1,ippansainyu.csv,18706
rd_2026_general_revenue_19_06_09_45_02_3065600000,rs_2026_general_revenue_19_06_09_45,2026_general_revenue_19_06_09,2026,general,一般会計,19,諸収入,06,雑入,09,雑入,45,広告料収入,02,せたがや便利帳,政策経営部 広報広聴課,諸収入,specific,1508,1508,0,false,1,ippansainyu.csv,16921
rd_2026_general_revenue_19_06_09_45_06_3065600000,rs_2026_general_revenue_19_06_09_45,2026_general_revenue_19_06_09,2026,general,一般会計,19,諸収入,06,雑入,09,雑入,45,広告料収入,06,区ホームページ,政策経営部 広報広聴課,諸収入,specific,4525,4525,0,false,1,ippansainyu.csv,16922
rd_2026_general_revenue_19_06_09_45_11_3065600000,rs_2026_general_revenue_19_06_09_45,2026_general_revenue_19_06_09,2026,general,一般会計,19,諸収入,06,雑入,09,雑入,45,広告料収入,11,庁舎内映像モニター,政策経営部 広報広聴課,諸収入,specific,2412,2412,0,false,1,ippansainyu.csv,16923
rd_2026_general_revenue_19_06_09_45_12_3655100000,rs_2026_general_revenue_19_06_09_45,2026_general_revenue_19_06_09,2026,general,一般会計,19,諸収入,06,雑入,09,雑入,45,広告料収入,12,障害者のしおり,障害福祉部 障害施策課,諸収入,specific,0,31,31,false,1,ippansainyu.csv,17827
rd_2026_general_revenue_19_06_09_45_15_3555300000,rs_2026_general_revenue_19_06_09_45,2026_general_revenue_19_06_09,2026,general,一般会計,19,諸収入,06,雑入,09,雑入,45,広告料収入,15,資源とごみの分け方・出し方,環境政策部 事業課,諸収入,specific,50,50,0,false,1,ippansainyu.csv,17215
rd_2026_general_revenue_19_06_09_45_16_3555300000,rs_2026_general_revenue_19_06_09_45,2026_general_revenue_19_06_09,2026,general,一般会計,19,諸収入,06,雑入,09,雑入,45,広告料収入,16,資源・ごみ収集カレンダー,環境政策部 事業課,諸収入,specific,836,836,0,false,1,ippansainyu.csv,17216
rd_2026_general_revenue_19_06_09_45_18_3415220000,rs_2026_general_revenue_19_06_09_45,2026_general_revenue_19_06_09,2026,general,一般会計,19,諸収入,06,雑入,09,雑入,45,広告料収入,18,総合支所くみん窓口,地域行政部 住民記録・戸籍課,諸収入,specific,6115,6115,0,false,2,ippansainyu.csv,17097
rd_2026_general_revenue_19_06_09_45_20_3415100000,rs_2026_general_revenue_19_06_09_45,2026_general_revenue_19_06_09,2026,general,一般会計,19,諸収入,06,雑入,09,雑入,45,広告料収入,20,公共施設利用案内システム,地域行政部 地域行政課,諸収入,specific,132,132,0,false,1,ippansainyu.csv,17085
rd_2026_general_revenue_19_06_09_45_24_2335100000,rs_2026_general_revenue_19_06_09_45,2026_general_revenue_19_06_09,2026,general,一般会計,19,諸収入,06,雑入,09,雑入,45,広告料収入,24,玉川総合支所,玉川総合支所 地域振興課,諸収入,specific,264,264,0,false,1,ippansainyu.csv,16826
rd_2026_general_revenue_19_06_09_45_25_2435100000,rs_2026_general_revenue_19_06_09_45,2026_general_revenue_19_06_09,2026,general,一般会計,19,諸収入,06,雑入,09,雑入,45,広告料収入,25,砧総合支所,砧総合支所 地域振興課,諸収入,specific,264,264,0,false,1,ippansainyu.csv,16852
rd_2026_general_revenue_19_06_09_45_26_3835300000,rs_2026_general_revenue_19_06_09_45,2026_general_revenue_19_06_09,2026,general,一般会計,19,諸収入,06,雑入,09,雑入,45,広告料収入,26,ミニＳＬネーミングライツ,みどり33推進担当部 公園緑地課,諸収入,specific,1000,1000,0,false,1,ippansainyu.csv,18647
rd_2026_general_revenue_19_06_09_45_27_3405500000,rs_2026_general_revenue_19_06_09_45,2026_general_revenue_19_06_09,2026,general,一般会計,19,諸収入,06,雑入,09,雑入,45,広告料収入,27,二十歳のつどい,生活文化政策部 健康村・ふる交流課,諸収入,specific,880,0,-880,true,0,ippansainyu.csv,17079
rd_2026_general_revenue_19_06_09_45_28_4965200000,rs_2026_general_revenue_19_06_09_45,2026_general_revenue_19_06_09,2026,general,一般会計,19,諸収入,06,雑入,09,雑入,45,広告料収入,28,図書館案内,教育委員会事務局 中央図書館,諸収入,specific,62,31,-31,false,1,ippansainyu.csv,18846
rd_2026_general_revenue_19_06_09_45_29_3865500000,rs_2026_general_revenue_19_06_09_45,2026_general_revenue_19_06_09,2026,general,一般会計,19,諸収入,06,雑入,09,雑入,45,広告料収入,29,コミュニティ交通,道路・交通計画部 交通政策課,諸収入,specific,693,660,-33,false,1,ippansainyu.csv,18682
rd_2026_general_revenue_19_06_09_48_02_3785100000,rs_2026_general_revenue_19_06_09_48,2026_general_revenue_19_06_09,2026,general,一般会計,19,諸収入,06,雑入,09,雑入,48,広域連合支出金,02,長寿健康増進事業補助金（追加健診）,世田谷保健所 健康企画課,諸収入,specific,8579,8475,-104,false,1,ippansainyu.csv,18419
rd_2026_general_revenue_19_06_09_48_03_3785200000,rs_2026_general_revenue_19_06_09_48,2026_general_revenue_19_06_09,2026,general,一般会計,19,諸収入,06,雑入,09,雑入,48,広域連合支出金,03,歯科健康診査事業費補助金,世田谷保健所 健康推進課,諸収入,specific,736,1490,754,false,1,ippansainyu.csv,18466
rd_2026_general_revenue_19_06_09_48_05_3785200000,rs_2026_general_revenue_19_06_09_48,2026_general_revenue_19_06_09,2026,general,一般会計,19,諸収入,06,雑入,09,雑入,48,広域連合支出金,05,長寿・健康増進事業費等補助金,世田谷保健所 健康推進課,諸収入,specific,1059,1047,-12,false,1,ippansainyu.csv,18467
rd_2026_general_revenue_19_06_09_50_01_3865100000,rs_2026_general_revenue_19_06_09_50,2026_general_revenue_19_06_09,2026,general,一般会計,19,諸収入,06,雑入,09,雑入,50,雑入,01,街づくり情報,道路・交通計画部 道路管理課,諸収入,specific,8100,8100,0,false,1,ippansainyu.csv,18657
rd_2026_general_revenue_19_06_09_50_04_5305100000,rs_2026_general_revenue_19_06_09_50,2026_general_revenue_19_06_09,2026,general,一般会計,19,諸収入,06,雑入,09,雑入,50,雑入,04,明るい選挙推進協会講師招聘助成金,選挙管理委員会事務局,諸収入,specific,70,70,0,false,1,ippansainyu.csv,18930
rd_2026_general_revenue_19_06_09_50_13_3595200000,rs_2026_general_revenue_19_06_09_50,2026_general_revenue_19_06_09,2026,general,一般会計,19,諸収入,06,雑入,09,雑入,50,雑入,13,被保護世帯等に対する援護（不当利得等）,保健福祉政策部 生活福祉課,諸収入,specific,20,0,-20,true,0,ippansainyu.csv,17337
rd_2026_general_revenue_19_06_09_50_15_3595200000,rs_2026_general_revenue_19_06_09_50,2026_general_revenue_19_06_09,2026,general,一般会計,19,諸収入,06,雑入,09,雑入,50,雑入,15,生活保護法に基づく保護費,保健福祉政策部 生活福祉課,諸収入,specific,19824,14002,-5822,false,1,ippansainyu.csv,17338
rd_2026_general_revenue_19_06_09_50_17_3595200000,rs_2026_general_revenue_19_06_09_50,2026_general_revenue_19_06_09,2026,general,一般会計,19,諸収入,06,雑入,09,雑入,50,雑入,17,生活保護法に基づく保護費（不当利得等）,保健福祉政策部 生活福祉課,諸収入,specific,727,867,140,false,1,ippansainyu.csv,17339
rd_2026_general_revenue_19_06_09_50_30_2135100000,rs_2026_general_revenue_19_06_09_50,2026_general_revenue_19_06_09,2026,general,一般会計,19,諸収入,06,雑入,09,雑入,50,雑入,30,防災事業運営,世田谷総合支所 地域振興課,諸収入,specific,144,144,0,false,1,ippansainyu.csv,16768
rd_2026_general_revenue_19_06_09_50_41_3645100000,rs_2026_general_revenue_19_06_09_50,2026_general_revenue_19_06_09,2026,general,一般会計,19,諸収入,06,雑入,09,雑入,50,雑入,41,ひとりぐらし高齢者の安全確保,高齢福祉部 高齢福祉課,諸収入,specific,163,171,8,false,1,ippansainyu.csv,17526
rd_2026_general_revenue_19_06_09_50_48_2265300000,rs_2026_general_revenue_19_06_09_50,2026_general_revenue_19_06_09,2026,general,一般会計,19,諸収入,06,雑入,09,雑入,50,雑入,48,健康づくり支援（北沢）,北沢総合支所 健康づくり課,諸収入,specific,24,46,22,false,1,ippansainyu.csv,16801
rd_2026_general_revenue_19_06_09_50_52_3785200000,rs_2026_general_revenue_19_06_09_50,2026_general_revenue_19_06_09,2026,general,一般会計,19,諸収入,06,雑入,09,雑入,50,雑入,52,アレルギー疾患相談,世田谷保健所 健康推進課,諸収入,specific,189,223,34,false,1,ippansainyu.csv,18468
rd_2026_general_revenue_19_06_09_50_68_3595200000,rs_2026_general_revenue_19_06_09_50,2026_general_revenue_19_06_09,2026,general,一般会計,19,諸収入,06,雑入,09,雑入,50,雑入,68,行旅病人死亡人,保健福祉政策部 生活福祉課,諸収入,specific,7039,6564,-475,false,1,ippansainyu.csv,17340
rd_2026_general_revenue_19_06_09_50_98_3825150000,rs_2026_general_revenue_19_06_09_50,2026_general_revenue_19_06_09,2026,general,一般会計,19,諸収入,06,雑入,09,雑入,50,雑入,98,指定道路情報,防災街づくり担当部 建築安全課,諸収入,specific,2400,2400,0,false,1,ippansainyu.csv,18608
rd_2026_general_revenue_19_06_09_51_12_3835100000,rs_2026_general_revenue_19_06_09_51,2026_general_revenue_19_06_09,2026,general,一般会計,19,諸収入,06,雑入,09,雑入,51,雑入（２）,12,緑の募金事業交付金,みどり33推進担当部 みどり政策課,諸収入,specific,90,90,0,false,1,ippansainyu.csv,18617
rd_2026_general_revenue_19_06_09_51_25_3205100000,rs_2026_general_revenue_19_06_09_51,2026_general_revenue_19_06_09,2026,general,一般会計,19,諸収入,06,雑入,09,雑入,51,雑入（２）,25,遺失物所有権取得（現金）,総務部 総務課,一般財源,general,0,1,1,false,0,ippansainyu.csv,16938
rd_2026_general_revenue_19_06_09_51_28_2135600000,rs_2026_general_revenue_19_06_09_51,2026_general_revenue_19_06_09,2026,general,一般会計,19,諸収入,06,雑入,09,雑入,51,雑入（２）,28,架設送電線路補償料,世田谷総合支所 街づくり課,一般財源,general,1,1,0,false,0,ippansainyu.csv,16772
rd_2026_general_revenue_19_06_09_51_28_3645100000,rs_2026_general_revenue_19_06_09_51,2026_general_revenue_19_06_09,2026,general,一般会計,19,諸収入,06,雑入,09,雑入,51,雑入（２）,28,架設送電線路補償料,高齢福祉部 高齢福祉課,一般財源,general,618,618,0,false,0,ippansainyu.csv,17527
rd_2026_general_revenue_19_06_09_51_33_3665500000,rs_2026_general_revenue_19_06_09_51,2026_general_revenue_19_06_09,2026,general,一般会計,19,諸収入,06,雑入,09,雑入,51,雑入（２）,33,子育てステーション桜新町賃借料,子ども・若者部 子ども家庭課,諸収入,specific,9201,9201,0,false,1,ippansainyu.csv,18125
rd_2026_general_revenue_19_06_09_51_42_2465300000,rs_2026_general_revenue_19_06_09_51,2026_general_revenue_19_06_09,2026,general,一般会計,19,諸収入,06,雑入,09,雑入,51,雑入（２）,42,健康づくり支援（砧）,砧総合支所 健康づくり課,諸収入,specific,92,92,0,false,1,ippansainyu.csv,16858
rd_2026_general_revenue_19_06_09_51_43_3895200000,rs_2026_general_revenue_19_06_09_51,2026_general_revenue_19_06_09,2026,general,一般会計,19,諸収入,06,雑入,09,雑入,51,雑入（２）,43,未引取自転車売払,土木部 交通安全自転車課,諸収入,specific,6523,6753,230,false,1,ippansainyu.csv,18707
rd_2026_general_revenue_19_06_09_51_46_3405400000,rs_2026_general_revenue_19_06_09_51,2026_general_revenue_19_06_09,2026,general,一般会計,19,諸収入,06,雑入,09,雑入,51,雑入（２）,46,地域の芸術環境づくり助成事業,生活文化政策部 文化・国際課,諸収入,specific,5000,5000,0,false,1,ippansainyu.csv,17062
rd_2026_general_revenue_19_06_09_51_52_3465120000,rs_2026_general_revenue_19_06_09_51,2026_general_revenue_19_06_09,2026,general,一般会計,19,諸収入,06,雑入,09,雑入,51,雑入（２）,52,みどり東京・温暖化防止プロジェクト助成金,環境政策部 気候危機対策課,諸収入,specific,1000,1000,0,false,1,ippansainyu.csv,17148
rd_2026_general_revenue_19_06_09_51_68_3665200000,rs_2026_general_revenue_19_06_09_51,2026_general_revenue_19_06_09,2026,general,一般会計,19,諸収入,06,雑入,09,雑入,51,雑入（２）,68,児童館キャンプ参加費,子ども・若者部 児童課,諸収入,specific,5227,6010,783,false,1,ippansainyu.csv,18045
rd_2026_general_revenue_19_06_09_51_85_3835300000,rs_2026_general_revenue_19_06_09_51,2026_general_revenue_19_06_09,2026,general,一般会計,19,諸収入,06,雑入,09,雑入,51,雑入（２）,85,移動販売車営業料,みどり33推進担当部 公園緑地課,諸収入,specific,257,258,1,false,1,ippansainyu.csv,18648
rd_2026_general_revenue_19_06_09_51_89_3405450000,rs_2026_general_revenue_19_06_09_51,2026_general_revenue_19_06_09,2026,general,一般会計,19,諸収入,06,雑入,09,雑入,51,雑入（２）,89,らぷらす自動販売機設置（転貸料）,生活文化政策部 人権男女共同参画課,諸収入,specific,52,104,52,false,1,ippansainyu.csv,17075
rd_2026_general_revenue_19_06_09_51_90_3405450000,rs_2026_general_revenue_19_06_09_51,2026_general_revenue_19_06_09,2026,general,一般会計,19,諸収入,06,雑入,09,雑入,51,雑入（２）,90,らぷらす自動販売機設置（光熱水費負担分）,生活文化政策部 人権男女共同参画課,諸収入,specific,26,31,5,false,1,ippansainyu.csv,17076
rd_2026_general_revenue_19_06_09_51_91_3645100000,rs_2026_general_revenue_19_06_09_51,2026_general_revenue_19_06_09,2026,general,一般会計,19,諸収入,06,雑入,09,雑入,51,雑入（２）,91,デイ・ホーム太子堂（居宅支援事業使用料）,高齢福祉部 高齢福祉課,諸収入,specific,119,131,12,false,1,ippansainyu.csv,17528
rd_2026_general_revenue_19_06_09_52_08_3595200000,rs_2026_general_revenue_19_06_09_52,2026_general_revenue_19_06_09,2026,general,一般会計,19,諸収入,06,雑入,09,雑入,52,返還金・戻入金（２）,08,特定中国残留邦人等に係る支援給付費,保健福祉政策部 生活福祉課,諸収入,specific,1,1,0,false,1,ippansainyu.csv,17341
rd_2026_general_revenue_19_06_09_53_07_3355100000,rs_2026_general_revenue_19_06_09_53,2026_general_revenue_19_06_09,2026,general,一般会計,19,諸収入,06,雑入,09,雑入,53,都市計画道路事業補償金,07,公園・身近な広場維持運営（物件移転補償）,財務部 経理課,一般財源,general,0,15372,15372,false,0,ippansainyu.csv,16988
rd_2026_general_revenue_19_06_09_54_06_3655200000,rs_2026_general_revenue_19_06_09_54,2026_general_revenue_19_06_09,2026,general,一般会計,19,諸収入,06,雑入,09,雑入,54,光熱水費等負担金（２）,06,玉川福祉作業所電気使用料,障害福祉部 障害地域生活課,諸収入,specific,34,37,3,false,1,ippansainyu.csv,17878
rd_2026_general_revenue_19_06_09_54_07_3655200000,rs_2026_general_revenue_19_06_09_54,2026_general_revenue_19_06_09,2026,general,一般会計,19,諸収入,06,雑入,09,雑入,54,光熱水費等負担金（２）,07,等々力分場電気使用料,障害福祉部 障害地域生活課,諸収入,specific,29,24,-5,false,1,ippansainyu.csv,17879
rd_2026_general_revenue_19_06_09_54_15_3655200000,rs_2026_general_revenue_19_06_09_54,2026_general_revenue_19_06_09,2026,general,一般会計,19,諸収入,06,雑入,09,雑入,54,光熱水費等負担金（２）,15,九品仏生活実習所中町分場,障害福祉部 障害地域生活課,諸収入,specific,954,942,-12,false,1,ippansainyu.csv,17880
rd_2026_general_revenue_19_06_09_54_16_3655200000,rs_2026_general_revenue_19_06_09_54,2026_general_revenue_19_06_09,2026,general,一般会計,19,諸収入,06,雑入,09,雑入,54,光熱水費等負担金（２）,16,祖師谷三丁目福祉施設,障害福祉部 障害地域生活課,諸収入,specific,6824,7009,185,false,1,ippansainyu.csv,17881
rd_2026_general_revenue_19_06_09_54_17_2535100000,rs_2026_general_revenue_19_06_09_54,2026_general_revenue_19_06_09,2026,general,一般会計,19,諸収入,06,雑入,09,雑入,54,光熱水費等負担金（２）,17,烏山地域出張所,烏山総合支所 地域振興課,諸収入,specific,300,790,490,false,1,ippansainyu.csv,16890
rd_2026_general_revenue_19_06_09_54_18_2335100000,rs_2026_general_revenue_19_06_09_54,2026_general_revenue_19_06_09,2026,general,一般会計,19,諸収入,06,雑入,09,雑入,54,光熱水費等負担金（２）,18,玉川地域出張所,玉川総合支所 地域振興課,諸収入,specific,1685,2309,624,false,1,ippansainyu.csv,16827
rd_2026_general_revenue_19_06_09_54_24_3655200000,rs_2026_general_revenue_19_06_09_54,2026_general_revenue_19_06_09,2026,general,一般会計,19,諸収入,06,雑入,09,雑入,54,光熱水費等負担金（２）,24,下馬防災ボランティア等複合施設,障害福祉部 障害地域生活課,諸収入,specific,4524,3968,-556,false,1,ippansainyu.csv,17882
rd_2026_general_revenue_19_06_09_54_28_3665580000,rs_2026_general_revenue_19_06_09_54,2026_general_revenue_19_06_09,2026,general,一般会計,19,諸収入,06,雑入,09,雑入,54,光熱水費等負担金（２）,28,烏山保育園,子ども・若者部 保育課,諸収入,specific,2186,2351,165,false,1,ippansainyu.csv,18327
rd_2026_general_revenue_19_06_09_54_29_3665580000,rs_2026_general_revenue_19_06_09_54,2026_general_revenue_19_06_09,2026,general,一般会計,19,諸収入,06,雑入,09,雑入,54,光熱水費等負担金（２）,29,等々力二丁目保育施設,子ども・若者部 保育課,諸収入,specific,2000,2200,200,false,1,ippansainyu.csv,18328
rd_2026_general_revenue_19_06_09_54_30_3655300000,rs_2026_general_revenue_19_06_09_54,2026_general_revenue_19_06_09,2026,general,一般会計,19,諸収入,06,雑入,09,雑入,54,光熱水費等負担金（２）,30,大蔵二丁目複合型子ども支援センター,障害福祉部 障害保健福祉課,諸収入,specific,3765,3765,0,false,1,ippansainyu.csv,17933
rd_2026_general_revenue_19_06_09_54_33_2235100000,rs_2026_general_revenue_19_06_09_54,2026_general_revenue_19_06_09,2026,general,一般会計,19,諸収入,06,雑入,09,雑入,54,光熱水費等負担金（２）,33,代田区民センター,北沢総合支所 地域振興課,諸収入,specific,61,60,-1,false,1,ippansainyu.csv,16796
rd_2026_general_revenue_19_06_09_54_34_3555300000,rs_2026_general_revenue_19_06_09_54,2026_general_revenue_19_06_09,2026,general,一般会計,19,諸収入,06,雑入,09,雑入,54,光熱水費等負担金（２）,34,資源循環センター,環境政策部 事業課,諸収入,specific,25,30,5,false,1,ippansainyu.csv,17217
rd_2026_general_revenue_19_06_09_54_35_3665150000,rs_2026_general_revenue_19_06_09_54,2026_general_revenue_19_06_09,2026,general,一般会計,19,諸収入,06,雑入,09,雑入,54,光熱水費等負担金（２）,35,子ども・子育て総合センター,子ども・若者部 子ども・若者支援課,諸収入,specific,1154,1042,-112,false,1,ippansainyu.csv,18010
rd_2026_general_revenue_19_06_09_54_37_2135100000,rs_2026_general_revenue_19_06_09_54,2026_general_revenue_19_06_09,2026,general,一般会計,19,諸収入,06,雑入,09,雑入,54,光熱水費等負担金（２）,37,弦巻区民センター,世田谷総合支所 地域振興課,諸収入,specific,328,328,0,false,1,ippansainyu.csv,16769
rd_2026_general_revenue_19_06_09_54_40_3405350000,rs_2026_general_revenue_19_06_09_54,2026_general_revenue_19_06_09,2026,general,一般会計,19,諸収入,06,雑入,09,雑入,54,光熱水費等負担金（２）,40,支えあい活動拠点,生活文化政策部 市民活動推進課,諸収入,specific,216,224,8,false,1,ippansainyu.csv,17040
rd_2026_general_revenue_19_06_09_54_41_3405350000,rs_2026_general_revenue_19_06_09_54,2026_general_revenue_19_06_09,2026,general,一般会計,19,諸収入,06,雑入,09,雑入,54,光熱水費等負担金（２）,41,健康増進・交流施設,生活文化政策部 市民活動推進課,諸収入,specific,179,179,0,false,1,ippansainyu.csv,17041
rd_2026_general_revenue_19_06_09_54_42_2135100000,rs_2026_general_revenue_19_06_09_54,2026_general_revenue_19_06_09,2026,general,一般会計,19,諸収入,06,雑入,09,雑入,54,光熱水費等負担金（２）,42,太子堂区民センター,世田谷総合支所 地域振興課,諸収入,specific,474,486,12,false,1,ippansainyu.csv,16770
rd_2026_general_revenue_19_06_09_54_43_3655200000,rs_2026_general_revenue_19_06_09_54,2026_general_revenue_19_06_09,2026,general,一般会計,19,諸収入,06,雑入,09,雑入,54,光熱水費等負担金（２）,43,松原けやき寮,障害福祉部 障害地域生活課,諸収入,specific,79,91,12,false,1,ippansainyu.csv,17883
rd_2026_general_revenue_19_06_09_54_45_3405350000,rs_2026_general_revenue_19_06_09_54,2026_general_revenue_19_06_09,2026,general,一般会計,19,諸収入,06,雑入,09,雑入,54,光熱水費等負担金（２）,45,ひだまり友遊会館,生活文化政策部 市民活動推進課,諸収入,specific,448,450,2,false,1,ippansainyu.csv,17042
rd_2026_general_revenue_19_06_09_54_46_3665150000,rs_2026_general_revenue_19_06_09_54,2026_general_revenue_19_06_09,2026,general,一般会計,19,諸収入,06,雑入,09,雑入,54,光熱水費等負担金（２）,46,野毛青少年交流センター,子ども・若者部 子ども・若者支援課,諸収入,specific,75,70,-5,false,1,ippansainyu.csv,18011
rd_2026_general_revenue_19_06_09_54_47_3665150000,rs_2026_general_revenue_19_06_09_54,2026_general_revenue_19_06_09,2026,general,一般会計,19,諸収入,06,雑入,09,雑入,54,光熱水費等負担金（２）,47,池之上青少年交流センター,子ども・若者部 子ども・若者支援課,諸収入,specific,31,34,3,false,1,ippansainyu.csv,18012
rd_2026_general_revenue_19_06_09_54_48_3655200000,rs_2026_general_revenue_19_06_09_54,2026_general_revenue_19_06_09,2026,general,一般会計,19,諸収入,06,雑入,09,雑入,54,光熱水費等負担金（２）,48,玉川福祉作業所,障害福祉部 障害地域生活課,諸収入,specific,32,25,-7,false,1,ippansainyu.csv,17884
rd_2026_general_revenue_19_06_09_54_51_3655200000,rs_2026_general_revenue_19_06_09_54,2026_general_revenue_19_06_09,2026,general,一般会計,19,諸収入,06,雑入,09,雑入,54,光熱水費等負担金（２）,51,喜多見駅高架下施設,障害福祉部 障害地域生活課,諸収入,specific,520,540,20,false,1,ippansainyu.csv,17885
rd_2026_general_revenue_19_06_09_54_53_3655200000,rs_2026_general_revenue_19_06_09_54,2026_general_revenue_19_06_09,2026,general,一般会計,19,諸収入,06,雑入,09,雑入,54,光熱水費等負担金（２）,53,岡本福祉作業ホーム,障害福祉部 障害地域生活課,諸収入,specific,33,30,-3,false,1,ippansainyu.csv,17886
rd_2026_general_revenue_19_06_09_54_57_3655200000,rs_2026_general_revenue_19_06_09_54,2026_general_revenue_19_06_09,2026,general,一般会計,19,諸収入,06,雑入,09,雑入,54,光熱水費等負担金（２）,57,世田谷福祉作業所,障害福祉部 障害地域生活課,諸収入,specific,9,8,-1,false,1,ippansainyu.csv,17887
rd_2026_general_revenue_19_06_09_54_58_3655200000,rs_2026_general_revenue_19_06_09_54,2026_general_revenue_19_06_09,2026,general,一般会計,19,諸収入,06,雑入,09,雑入,54,光熱水費等負担金（２）,58,梅丘ウッドペッカーの森,障害福祉部 障害地域生活課,諸収入,specific,2,2,0,false,1,ippansainyu.csv,17888
rd_2026_general_revenue_19_06_09_54_67_3525210000,rs_2026_general_revenue_19_06_09_54,2026_general_revenue_19_06_09,2026,general,一般会計,19,諸収入,06,雑入,09,雑入,54,光熱水費等負担金（２）,67,キャロットタワー八角堂,経済産業部 経済課,諸収入,specific,10,10,0,false,1,ippansainyu.csv,17175
rd_2026_general_revenue_19_06_09_54_69_3655200000,rs_2026_general_revenue_19_06_09_54,2026_general_revenue_19_06_09,2026,general,一般会計,19,諸収入,06,雑入,09,雑入,54,光熱水費等負担金（２）,69,障害者就労支援センターゆに,障害福祉部 障害地域生活課,諸収入,specific,2239,2490,251,false,1,ippansainyu.csv,17889
rd_2026_general_revenue_19_06_09_54_72_2235100000,rs_2026_general_revenue_19_06_09_54,2026_general_revenue_19_06_09,2026,general,一般会計,19,諸収入,06,雑入,09,雑入,54,光熱水費等負担金（２）,72,北沢地域地区会館,北沢総合支所 地域振興課,諸収入,specific,1674,575,-1099,false,1,ippansainyu.csv,16797
rd_2026_general_revenue_19_06_09_54_73_3595150000,rs_2026_general_revenue_19_06_09_54,2026_general_revenue_19_06_09,2026,general,一般会計,19,諸収入,06,雑入,09,雑入,54,光熱水費等負担金（２）,73,保健医療福祉総合プラザ,保健福祉政策部 保福推進課,諸収入,specific,5251,5477,226,false,1,ippansainyu.csv,17270
rd_2026_general_revenue_19_06_09_54_80_3695150000,rs_2026_general_revenue_19_06_09_54,2026_general_revenue_19_06_09,2026,general,一般会計,19,諸収入,06,雑入,09,雑入,54,光熱水費等負担金（２）,80,児童相談所,児童相談所 児童相談課,諸収入,specific,1472,1611,139,false,1,ippansainyu.csv,18376
rd_2026_general_revenue_19_06_09_54_81_2435100000,rs_2026_general_revenue_19_06_09_54,2026_general_revenue_19_06_09,2026,general,一般会計,19,諸収入,06,雑入,09,雑入,54,光熱水費等負担金（２）,81,成城６丁目事務所棟,砧総合支所 地域振興課,諸収入,specific,2988,3057,69,false,1,ippansainyu.csv,16853
rd_2026_general_revenue_19_06_09_54_83_3815100000,rs_2026_general_revenue_19_06_09_54,2026_general_revenue_19_06_09,2026,general,一般会計,19,諸収入,06,雑入,09,雑入,54,光熱水費等負担金（２）,83,旧玉川高校,都市整備政策部 都市計画課,諸収入,specific,684,618,-66,false,1,ippansainyu.csv,18529
rd_2026_general_revenue_19_06_09_54_85_2335100000,rs_2026_general_revenue_19_06_09_54,2026_general_revenue_19_06_09,2026,general,一般会計,19,諸収入,06,雑入,09,雑入,54,光熱水費等負担金（２）,85,玉川区民会館,玉川総合支所 地域振興課,諸収入,specific,300,300,0,false,1,ippansainyu.csv,16828
rd_2026_general_revenue_19_06_09_54_86_3655200000,rs_2026_general_revenue_19_06_09_54,2026_general_revenue_19_06_09,2026,general,一般会計,19,諸収入,06,雑入,09,雑入,54,光熱水費等負担金（２）,86,障害者就労支援センターすきっぷ,障害福祉部 障害地域生活課,諸収入,specific,35,35,0,false,1,ippansainyu.csv,17890
rd_2026_general_revenue_19_06_09_54_87_3525350000,rs_2026_general_revenue_19_06_09_54,2026_general_revenue_19_06_09,2026,general,一般会計,19,諸収入,06,雑入,09,雑入,54,光熱水費等負担金（２）,87,ＳＴＫハイツ,経済産業部 工・建・雇用促進課,諸収入,specific,282,282,0,false,1,ippansainyu.csv,17182
rd_2026_general_revenue_19_06_09_54_88_3665150000,rs_2026_general_revenue_19_06_09_54,2026_general_revenue_19_06_09,2026,general,一般会計,19,諸収入,06,雑入,09,雑入,54,光熱水費等負担金（２）,88,希望丘青少年交流センター,子ども・若者部 子ども・若者支援課,諸収入,specific,135,141,6,false,1,ippansainyu.csv,18013
rd_2026_general_revenue_19_06_09_54_92_4985100000,rs_2026_general_revenue_19_06_09_54,2026_general_revenue_19_06_09,2026,general,一般会計,19,諸収入,06,雑入,09,雑入,54,光熱水費等負担金（２）,92,教育総合センター,教育委員会事務局 教育相談課,諸収入,specific,210,240,30,false,1,ippansainyu.csv,18889
rd_2026_general_revenue_19_06_09_54_93_4985100000,rs_2026_general_revenue_19_06_09_54,2026_general_revenue_19_06_09,2026,general,一般会計,19,諸収入,06,雑入,09,雑入,54,光熱水費等負担金（２）,93,教育総合センター（キッチンカー）,教育委員会事務局 教育相談課,諸収入,specific,0,0,0,true,0,ippansainyu.csv,18890
rd_2026_general_revenue_19_06_09_54_94_4965200000,rs_2026_general_revenue_19_06_09_54,2026_general_revenue_19_06_09,2026,general,一般会計,19,諸収入,06,雑入,09,雑入,54,光熱水費等負担金（２）,94,教育会館,教育委員会事務局 中央図書館,諸収入,specific,716,730,14,false,1,ippansainyu.csv,18847
rd_2026_general_revenue_19_06_09_54_95_4985100000,rs_2026_general_revenue_19_06_09_54,2026_general_revenue_19_06_09,2026,general,一般会計,19,諸収入,06,雑入,09,雑入,54,光熱水費等負担金（２）,95,教育相談室玉川分室,教育委員会事務局 教育相談課,諸収入,specific,1610,1639,29,false,1,ippansainyu.csv,18891
rd_2026_general_revenue_19_06_09_60_02_3445550000,rs_2026_general_revenue_19_06_09_60,2026_general_revenue_19_06_09,2026,general,一般会計,19,諸収入,06,雑入,09,雑入,60,スポーツ振興くじ助成金,02,地方公共団体スポーツ活動助成,スポーツ推進部 スポーツ施設課,諸収入,specific,0,1108,1108,false,1,ippansainyu.csv,17127
rd_2026_general_revenue_19_06_09_64_02_3825150000,rs_2026_general_revenue_19_06_09_64,2026_general_revenue_19_06_09,2026,general,一般会計,19,諸収入,06,雑入,09,雑入,64,空家等対策,02,空家等対策,防災街づくり担当部 建築安全課,諸収入,specific,15062,1155,-13907,false,1,ippansainyu.csv,18609
rd_2026_general_revenue_19_06_09_66_01_3835100000,rs_2026_general_revenue_19_06_09_66,2026_general_revenue_19_06_09,2026,general,一般会計,19,諸収入,06,雑入,09,雑入,66,東京都環境公社補助金,01,生物多様性地域戦略,みどり33推進担当部 みどり政策課,諸収入,specific,0,7803,7803,false,1,ippansainyu.csv,18618
rd_2026_general_revenue_19_06_09_66_02_3465200000,rs_2026_general_revenue_19_06_09_66,2026_general_revenue_19_06_09,2026,general,一般会計,19,諸収入,06,雑入,09,雑入,66,東京都環境公社補助金,02,外来種・移入種の積極的防除事業,環境政策部 環境保全課,諸収入,specific,7112,7588,476,false,1,ippansainyu.csv,17157
rd_2026_general_revenue_19_06_09_66_15_3465120000,rs_2026_general_revenue_19_06_09_66,2026_general_revenue_19_06_09,2026,general,一般会計,19,諸収入,06,雑入,09,雑入,66,東京都環境公社補助金,15,充電設備運営支援事業,環境政策部 気候危機対策課,諸収入,specific,864,868,4,false,1,ippansainyu.csv,17149
rd_2026_general_revenue_19_06_09_66_17_3465200000,rs_2026_general_revenue_19_06_09_66,2026_general_revenue_19_06_09,2026,general,一般会計,19,諸収入,06,雑入,09,雑入,66,東京都環境公社補助金,17,アスベスト飛散防止対策の推進事業,環境政策部 環境保全課,諸収入,specific,75,75,0,false,1,ippansainyu.csv,17158
rd_2026_general_revenue_19_06_09_66_18_3555300000,rs_2026_general_revenue_19_06_09_66,2026_general_revenue_19_06_09,2026,general,一般会計,19,諸収入,06,雑入,09,雑入,66,東京都環境公社補助金,18,熱中症・ヒートアイランド対策推進事業,環境政策部 事業課,諸収入,specific,5640,1500,-4140,false,1,ippansainyu.csv,17218
rd_2026_general_revenue_19_06_09_66_19_3555300000,rs_2026_general_revenue_19_06_09_66,2026_general_revenue_19_06_09,2026,general,一般会計,19,諸収入,06,雑入,09,雑入,66,東京都環境公社補助金,19,熱中症・ヒートアイランド対策推進事業,環境政策部 事業課,諸収入,specific,3300,1500,-1800,false,1,ippansainyu.csv,17219
rd_2026_general_revenue_19_06_09_66_20_3555300000,rs_2026_general_revenue_19_06_09_66,2026_general_revenue_19_06_09,2026,general,一般会計,19,諸収入,06,雑入,09,雑入,66,東京都環境公社補助金,20,廃棄物の３Ｒ推進事業,環境政策部 事業課,諸収入,specific,2500,2500,0,false,1,ippansainyu.csv,17220
rd_2026_general_revenue_19_06_09_66_22_3465110000,rs_2026_general_revenue_19_06_09_66,2026_general_revenue_19_06_09,2026,general,一般会計,19,諸収入,06,雑入,09,雑入,66,東京都環境公社補助金,22,環境課題の解決に向けた計画策定支援事業,環境政策部 環境政策課,諸収入,specific,5511,0,-5511,true,0,ippansainyu.csv,17139
rd_2026_general_revenue_19_06_09_66_23_3465120000,rs_2026_general_revenue_19_06_09_66,2026_general_revenue_19_06_09,2026,general,一般会計,19,諸収入,06,雑入,09,雑入,66,東京都環境公社補助金,23,脱炭素地域づくり事業,環境政策部 気候危機対策課,諸収入,specific,29527,25708,-3819,false,1,ippansainyu.csv,17150
rd_2026_general_revenue_19_06_09_66_24_3555300000,rs_2026_general_revenue_19_06_09_66,2026_general_revenue_19_06_09,2026,general,一般会計,19,諸収入,06,雑入,09,雑入,66,東京都環境公社補助金,24,廃棄物の適正処理推進事業,環境政策部 事業課,諸収入,specific,0,3294,3294,false,1,ippansainyu.csv,17221
rd_2026_general_revenue_19_06_09_66_25_2435100000,rs_2026_general_revenue_19_06_09_66,2026_general_revenue_19_06_09,2026,general,一般会計,19,諸収入,06,雑入,09,雑入,66,東京都環境公社補助金,25,区市町村公共施設等への再生可能エネルギー導入促進事業,砧総合支所 地域振興課,諸収入,specific,0,6500,6500,false,1,ippansainyu.csv,16854
rd_2026_general_revenue_19_06_09_67_02_3595200000,rs_2026_general_revenue_19_06_09_67,2026_general_revenue_19_06_09,2026,general,一般会計,19,諸収入,06,雑入,09,雑入,67,第三者求償事務,02,第三者求償事務,保健福祉政策部 生活福祉課,諸収入,specific,5320,9429,4109,false,1,ippansainyu.csv,17342
rd_2026_general_revenue_19_06_09_69_01_3665580000,rs_2026_general_revenue_19_06_09_69,2026_general_revenue_19_06_09,2026,general,一般会計,19,諸収入,06,雑入,09,雑入,69,定期利用保育事業,01,区立保育園,子ども・若者部 保育課,諸収入,specific,2356,0,-2356,true,0,ippansainyu.csv,18329
rd_2026_general_revenue_19_06_09_70_01_3465200000,rs_2026_general_revenue_19_06_09_70,2026_general_revenue_19_06_09,2026,general,一般会計,19,諸収入,06,雑入,09,雑入,70,生活環境保全事業,01,代行措置費用,環境政策部 環境保全課,諸収入,specific,364,435,71,false,1,ippansainyu.csv,17159
rd_2026_general_revenue_19_06_09_71_02_3355100000,rs_2026_general_revenue_19_06_09_71,2026_general_revenue_19_06_09,2026,general,一般会計,19,諸収入,06,雑入,09,雑入,71,次世代自動車振興センター補助金,02,クリーンエネルギー自動車等導入促進対策費補助金,財務部 経理課,諸収入,specific,0,23,23,false,1,ippansainyu.csv,16989
rd_2026_general_revenue_19_06_09_73_05_3405500000,rs_2026_general_revenue_19_06_09_73,2026_general_revenue_19_06_09,2026,general,一般会計,19,諸収入,06,雑入,09,雑入,73,特別区全国連携プロジェクト関連事業助成金,05,特別区全国連携プロジェクト関連事業助成金,生活文化政策部 健康村・ふる交流課,諸収入,specific,0,2000,2000,false,1,ippansainyu.csv,17080
rd_2026_general_revenue_19_06_09_76_02_3445550000,rs_2026_general_revenue_19_06_09_76,2026_general_revenue_19_06_09,2026,general,一般会計,19,諸収入,06,雑入,09,雑入,76,大蔵第二運動場利用料金納付金,02,大蔵第二運動場利用料金納付金（光熱水費等）,スポーツ推進部 スポーツ施設課,諸収入,specific,69890,68880,-1010,false,1,ippansainyu.csv,17128
rd_2026_general_revenue_19_06_09_76_03_3445100000,rs_2026_general_revenue_19_06_09_76,2026_general_revenue_19_06_09,2026,general,一般会計,19,諸収入,06,雑入,09,雑入,76,大蔵第二運動場利用料金納付金,03,大蔵第二運動場利用料金納付金（基金積立金）,スポーツ推進部 スポーツ推進課,諸収入,specific,151964,58159,-93805,false,1,ippansainyu.csv,17108
rd_2026_general_revenue_19_06_09_77_02_3405350000,rs_2026_general_revenue_19_06_09_77,2026_general_revenue_19_06_09,2026,general,一般会計,19,諸収入,06,雑入,09,雑入,77,自治総合センター補助金,02,コミュニティ助成事業,生活文化政策部 市民活動推進課,諸収入,specific,0,3600,3600,false,1,ippansainyu.csv,17043
rd_2026_general_revenue_19_06_09_77_03_3415100000,rs_2026_general_revenue_19_06_09_77,2026_general_revenue_19_06_09,2026,general,一般会計,19,諸収入,06,雑入,09,雑入,77,自治総合センター補助金,03,コミュニティ助成事業,地域行政部 地域行政課,諸収入,specific,3100,0,-3100,true,0,ippansainyu.csv,17086
rd_2026_general_revenue_19_06_09_82_22_3645100000,rs_2026_general_revenue_19_06_09_82,2026_general_revenue_19_06_09,2026,general,一般会計,19,諸収入,06,雑入,09,雑入,82,返還金・戻入金（３）,22,拠点密着型サービス拠点等整備費補助金返還金,高齢福祉部 高齢福祉課,諸収入,specific,50000,0,-50000,true,0,ippansainyu.csv,17529
rd_2026_general_revenue_19_06_09_82_98_3665570000,rs_2026_general_revenue_19_06_09_82,2026_general_revenue_19_06_09,2026,general,一般会計,19,諸収入,06,雑入,09,雑入,82,返還金・戻入金（３）,98,措置費共同経理課負担金返還金,子ども・若者部 児童相談支援課,諸収入,specific,55057,0,-55057,true,0,ippansainyu.csv,18181
rd_2026_general_revenue_19_06_09_83_01_3895200000,rs_2026_general_revenue_19_06_09_83,2026_general_revenue_19_06_09,2026,general,一般会計,19,諸収入,06,雑入,09,雑入,83,雑入（３）,01,区民交通傷害保険特約事務取扱費,土木部 交通安全自転車課,諸収入,specific,2482,2386,-96,false,1,ippansainyu.csv,18708
rd_2026_general_revenue_19_06_09_83_23_3865100000,rs_2026_general_revenue_19_06_09_83,2026_general_revenue_19_06_09,2026,general,一般会計,19,諸収入,06,雑入,09,雑入,83,雑入（３）,23,測量標復旧,道路・交通計画部 道路管理課,諸収入,specific,185,7001,6816,false,1,ippansainyu.csv,18658
rd_2026_general_revenue_19_06_09_83_40_3555300000,rs_2026_general_revenue_19_06_09_83,2026_general_revenue_19_06_09,2026,general,一般会計,19,諸収入,06,雑入,09,雑入,83,雑入（３）,40,ペットボトル等の有償入札拠出金,環境政策部 事業課,諸収入,specific,118872,113508,-5364,false,1,ippansainyu.csv,17222
rd_2026_general_revenue_19_06_09_83_41_3555300000,rs_2026_general_revenue_19_06_09_83,2026_general_revenue_19_06_09,2026,general,一般会計,19,諸収入,06,雑入,09,雑入,83,雑入（３）,41,再商品化合理化拠出金,環境政策部 事業課,諸収入,specific,476,1278,802,false,1,ippansainyu.csv,17223
rd_2026_general_revenue_19_06_09_83_42_3865500000,rs_2026_general_revenue_19_06_09_83,2026_general_revenue_19_06_09,2026,general,一般会計,19,諸収入,06,雑入,09,雑入,83,雑入（３）,42,コミュニティ交通協賛金,道路・交通計画部 交通政策課,諸収入,specific,406,340,-66,false,1,ippansainyu.csv,18683
rd_2026_general_revenue_19_06_09_83_46_3445550000,rs_2026_general_revenue_19_06_09_83,2026_general_revenue_19_06_09,2026,general,一般会計,19,諸収入,06,雑入,09,雑入,83,雑入（３）,46,千歳温水プール管理運営,スポーツ推進部 スポーツ施設課,諸収入,specific,608,608,0,false,1,ippansainyu.csv,17129
rd_2026_general_revenue_19_06_09_83_47_3525210000,rs_2026_general_revenue_19_06_09_83,2026_general_revenue_19_06_09,2026,general,一般会計,19,諸収入,06,雑入,09,雑入,83,雑入（３）,47,キッチンカー等出店料,経済産業部 経済課,諸収入,specific,1603,979,-624,false,1,ippansainyu.csv,17176
rd_2026_general_revenue_19_06_09_83_52_3405450000,rs_2026_general_revenue_19_06_09_83,2026_general_revenue_19_06_09,2026,general,一般会計,19,諸収入,06,雑入,09,雑入,83,雑入（３）,52,若い世代による被爆地での平和学習支援補助金,生活文化政策部 人権男女共同参画課,諸収入,specific,0,223,223,false,1,ippansainyu.csv,17077
rd_2026_general_revenue_19_06_09_85_01_3665580000,rs_2026_general_revenue_19_06_09_85,2026_general_revenue_19_06_09,2026,general,一般会計,19,諸収入,06,雑入,09,雑入,85,保育園給食費,01,区立保育園入所者給食費収入,子ども・若者部 保育課,諸収入,specific,91985,0,-91985,true,0,ippansainyu.csv,18330
rd_2026_general_revenue_19_06_09_90_01_3415220000,rs_2026_general_revenue_19_06_09_90,2026_general_revenue_19_06_09,2026,general,一般会計,19,諸収入,06,雑入,09,雑入,90,地方公共団体情報システム機構手数料,01,庁内設置分手数料,地域行政部 住民記録・戸籍課,諸収入,specific,13658,11796,-1862,false,1,ippansainyu.csv,17098
rd_2026_general_revenue_19_06_09_97_02_3445550000,rs_2026_general_revenue_19_06_09_97,2026_general_revenue_19_06_09,2026,general,一般会計,19,諸収入,06,雑入,09,雑入,97,参加料・利用料（２）,02,リコー砧総合運動場,スポーツ推進部 スポーツ施設課,諸収入,specific,1178,1097,-81,false,1,ippansainyu.csv,17130
rd_2026_general_revenue_19_06_09_97_03_3445550000,rs_2026_general_revenue_19_06_09_97,2026_general_revenue_19_06_09,2026,general,一般会計,19,諸収入,06,雑入,09,雑入,97,参加料・利用料（２）,03,給田一丁目第一生命グラウンド,スポーツ推進部 スポーツ施設課,諸収入,specific,4177,3922,-255,false,1,ippansainyu.csv,17131
rd_2026_general_revenue_19_06_09_97_04_3405350000,rs_2026_general_revenue_19_06_09_97,2026_general_revenue_19_06_09,2026,general,一般会計,19,諸収入,06,雑入,09,雑入,97,参加料・利用料（２）,04,代田地区会館居場所づくり,生活文化政策部 市民活動推進課,諸収入,specific,294,294,0,false,1,ippansainyu.csv,17044
rd_2026_general_revenue_19_06_09_97_07_3445550000,rs_2026_general_revenue_19_06_09_97,2026_general_revenue_19_06_09,2026,general,一般会計,19,諸収入,06,雑入,09,雑入,97,参加料・利用料（２）,07,第一生命相娯園テニスコート,スポーツ推進部 スポーツ施設課,諸収入,specific,0,1158,1158,false,1,ippansainyu.csv,17132
rd_2026_general_revenue_19_06_09_97_09_4965200000,rs_2026_general_revenue_19_06_09_97,2026_general_revenue_19_06_09,2026,general,一般会計,19,諸収入,06,雑入,09,雑入,97,参加料・利用料（２）,09,図書館コピーサービス料,教育委員会事務局 中央図書館,諸収入,specific,3122,3107,-15,false,1,ippansainyu.csv,18848
rd_2026_general_revenue_19_06_09_97_12_3525210000,rs_2026_general_revenue_19_06_09_97,2026_general_revenue_19_06_09,2026,general,一般会計,19,諸収入,06,雑入,09,雑入,97,参加料・利用料（２）,12,池尻２丁目体育館,経済産業部 経済課,諸収入,specific,399,511,112,false,1,ippansainyu.csv,17177
rd_2026_general_revenue_19_06_09_97_13_3785200000,rs_2026_general_revenue_19_06_09_97,2026_general_revenue_19_06_09,2026,general,一般会計,19,諸収入,06,雑入,09,雑入,97,参加料・利用料（２）,13,産前・産後と家族の食事体験型講座,世田谷保健所 健康推進課,諸収入,specific,40,0,-40,true,0,ippansainyu.csv,18469
rd_2026_general_revenue_19_06_09_97_14_3595200000,rs_2026_general_revenue_19_06_09_97,2026_general_revenue_19_06_09,2026,general,一般会計,19,諸収入,06,雑入,09,雑入,97,参加料・利用料（２）,14,あんしん事業利用開始前支援事業,保健福祉政策部 生活福祉課,諸収入,specific,45,0,-45,true,0,ippansainyu.csv,17343
rd_2026_general_revenue_19_06_09_97_16_3785200000,rs_2026_general_revenue_19_06_09_97,2026_general_revenue_19_06_09,2026,general,一般会計,19,諸収入,06,雑入,09,雑入,97,参加料・利用料（２）,16,マタニティランチ参加費,世田谷保健所 健康推進課,諸収入,specific,0,134,134,false,1,ippansainyu.csv,18470
rd_2026_general_revenue_19_06_09_98_01_3095100000,rs_2026_general_revenue_19_06_09_98,2026_general_revenue_19_06_09,2026,general,一般会計,19,諸収入,06,雑入,09,雑入,98,デジタル基盤改革支援補助金,01,地方公共団体情報システムの標準化・共通化に係る事業,DX推進担当部 ＤＸ推進担当課,諸収入,specific,200308,224235,23927,false,1,ippansainyu.csv,16932
rd_2026_general_revenue_19_06_09_98_07_3095100000,rs_2026_general_revenue_19_06_09_98,2026_general_revenue_19_06_09,2026,general,一般会計,19,諸収入,06,雑入,09,雑入,98,デジタル基盤改革支援補助金,07,地方公共団体情報システムの標準化・共通化に係る事業,DX推進担当部 ＤＸ推進担当課,諸収入,specific,0,3168,3168,false,1,ippansainyu.csv,16933
rd_2026_general_revenue_19_06_10_01_08_3655100000,rs_2026_general_revenue_19_06_10_01,2026_general_revenue_19_06_10,2026,general,一般会計,19,諸収入,06,雑入,10,自立支援給付サービス収入,01,利用者負担金,08,居宅介護事業,障害福祉部 障害施策課,諸収入,specific,138,446,308,false,1,ippansainyu.csv,17828
rd_2026_general_revenue_19_06_10_01_79_3655300000,rs_2026_general_revenue_19_06_10_01,2026_general_revenue_19_06_10,2026,general,一般会計,19,諸収入,06,雑入,10,自立支援給付サービス収入,01,利用者負担金,79,発達障害相談・療育センター,障害福祉部 障害保健福祉課,諸収入,specific,1896,1896,0,false,1,ippansainyu.csv,17934
rd_2026_general_revenue_19_06_10_01_80_3655300000,rs_2026_general_revenue_19_06_10_01,2026_general_revenue_19_06_10,2026,general,一般会計,19,諸収入,06,雑入,10,自立支援給付サービス収入,01,利用者負担金,80,子育てステーション発達相談室,障害福祉部 障害保健福祉課,諸収入,specific,2857,2428,-429,false,1,ippansainyu.csv,17935
rd_2026_general_revenue_19_06_10_02_36_3655100000,rs_2026_general_revenue_19_06_10_02,2026_general_revenue_19_06_10,2026,general,一般会計,19,諸収入,06,雑入,10,自立支援給付サービス収入,02,自立支援サービス収入,36,居宅介護事業,障害福祉部 障害施策課,諸収入,specific,47250,42548,-4702,false,1,ippansainyu.csv,17829
rd_2026_general_revenue_19_06_10_02_47_3655300000,rs_2026_general_revenue_19_06_10_02,2026_general_revenue_19_06_10,2026,general,一般会計,19,諸収入,06,雑入,10,自立支援給付サービス収入,02,自立支援サービス収入,47,計画相談支援等,障害福祉部 障害保健福祉課,諸収入,specific,1688,1688,0,false,1,ippansainyu.csv,17936
rd_2026_general_revenue_19_06_10_02_49_3655300000,rs_2026_general_revenue_19_06_10_02,2026_general_revenue_19_06_10,2026,general,一般会計,19,諸収入,06,雑入,10,自立支援給付サービス収入,02,自立支援サービス収入,49,発達障害相談・療育センター,障害福祉部 障害保健福祉課,諸収入,specific,97121,97121,0,false,1,ippansainyu.csv,17937
rd_2026_general_revenue_19_06_11_01_04_3655200000,rs_2026_general_revenue_19_06_11_01,2026_general_revenue_19_06_11,2026,general,一般会計,19,諸収入,06,雑入,11,自立支援給付サービス収入（２）,01,利用者負担金,04,なかまっち,障害福祉部 障害地域生活課,諸収入,specific,38,56,18,false,1,ippansainyu.csv,17891
rd_2026_general_revenue_19_06_11_01_05_3655200000,rs_2026_general_revenue_19_06_11_01,2026_general_revenue_19_06_11,2026,general,一般会計,19,諸収入,06,雑入,11,自立支援給付サービス収入（２）,01,利用者負担金,05,松原けやき寮,障害福祉部 障害地域生活課,諸収入,specific,20,40,20,false,1,ippansainyu.csv,17892
rd_2026_general_revenue_19_06_11_01_52_3655200000,rs_2026_general_revenue_19_06_11_01,2026_general_revenue_19_06_11,2026,general,一般会計,19,諸収入,06,雑入,11,自立支援給付サービス収入（２）,01,利用者負担金,52,なかまっち賄費,障害福祉部 障害地域生活課,諸収入,specific,714,725,11,false,1,ippansainyu.csv,17893
rd_2026_general_revenue_19_06_11_01_53_3655200000,rs_2026_general_revenue_19_06_11_01,2026_general_revenue_19_06_11,2026,general,一般会計,19,諸収入,06,雑入,11,自立支援給付サービス収入（２）,01,利用者負担金,53,松原けやき寮賄費,障害福祉部 障害地域生活課,諸収入,specific,288,298,10,false,1,ippansainyu.csv,17894
rd_2026_general_revenue_19_06_11_01_82_3655200000,rs_2026_general_revenue_19_06_11_01,2026_general_revenue_19_06_11,2026,general,一般会計,19,諸収入,06,雑入,11,自立支援給付サービス収入（２）,01,利用者負担金,82,利用者自己負担金（生活介護）,障害福祉部 障害地域生活課,諸収入,specific,20778,20371,-407,false,1,ippansainyu.csv,17895
rd_2026_general_revenue_19_06_11_01_84_3655200000,rs_2026_general_revenue_19_06_11_01,2026_general_revenue_19_06_11,2026,general,一般会計,19,諸収入,06,雑入,11,自立支援給付サービス収入（２）,01,利用者負担金,84,利用者自己負担金（就労系）,障害福祉部 障害地域生活課,諸収入,specific,13223,12693,-530,false,1,ippansainyu.csv,17896
rd_2026_general_revenue_19_06_11_02_04_3655200000,rs_2026_general_revenue_19_06_11_02,2026_general_revenue_19_06_11,2026,general,一般会計,19,諸収入,06,雑入,11,自立支援給付サービス収入（２）,02,自立支援サービス収入,04,なかまっち,障害福祉部 障害地域生活課,諸収入,specific,15969,15712,-257,false,1,ippansainyu.csv,17897
rd_2026_general_revenue_19_06_11_02_05_3655200000,rs_2026_general_revenue_19_06_11_02,2026_general_revenue_19_06_11,2026,general,一般会計,19,諸収入,06,雑入,11,自立支援給付サービス収入（２）,02,自立支援サービス収入,05,松原けやき寮,障害福祉部 障害地域生活課,諸収入,specific,6387,6546,159,false,1,ippansainyu.csv,17898
rd_2026_general_revenue_19_06_11_02_25_3655200000,rs_2026_general_revenue_19_06_11_02,2026_general_revenue_19_06_11,2026,general,一般会計,19,諸収入,06,雑入,11,自立支援給付サービス収入（２）,02,自立支援サービス収入,25,自立支援サービス収入（生活介護）,障害福祉部 障害地域生活課,諸収入,specific,1149618,1178156,28538,false,1,ippansainyu.csv,17899
rd_2026_general_revenue_19_06_11_02_26_3655200000,rs_2026_general_revenue_19_06_11_02,2026_general_revenue_19_06_11,2026,general,一般会計,19,諸収入,06,雑入,11,自立支援給付サービス収入（２）,02,自立支援サービス収入,26,自立支援サービス収入（就労系）,障害福祉部 障害地域生活課,諸収入,specific,496417,473266,-23151,false,1,ippansainyu.csv,17900
rd_2026_general_revenue_19_06_12_01_01_3465120000,rs_2026_general_revenue_19_06_12_01,2026_general_revenue_19_06_12,2026,general,一般会計,19,諸収入,06,雑入,12,雑入（２）,01,電気自動車公共用急速充電器利用料金納付金,01,電気自動車公共用急速充電器利用料金納付金,環境政策部 気候危機対策課,諸収入,specific,213,256,43,false,1,ippansainyu.csv,17151
rd_2026_general_revenue_19_06_12_05_01_3655200000,rs_2026_general_revenue_19_06_12_05,2026_general_revenue_19_06_12,2026,general,一般会計,19,諸収入,06,雑入,12,雑入（２）,05,光熱水費等負担金（３）,01,烏山福祉作業所,障害福祉部 障害地域生活課,諸収入,specific,1,1,0,false,1,ippansainyu.csv,17901
rd_2026_general_revenue_19_06_12_05_02_4965200000,rs_2026_general_revenue_19_06_12_05,2026_general_revenue_19_06_12,2026,general,一般会計,19,諸収入,06,雑入,12,雑入（２）,05,光熱水費等負担金（３）,02,図書館,教育委員会事務局 中央図書館,諸収入,specific,110,119,9,false,1,ippansainyu.csv,18849
rd_2026_general_revenue_19_06_12_05_04_2535100000,rs_2026_general_revenue_19_06_12_05,2026_general_revenue_19_06_12,2026,general,一般会計,19,諸収入,06,雑入,12,雑入（２）,05,光熱水費等負担金（３）,04,烏山地域区民集会所,烏山総合支所 地域振興課,諸収入,specific,27,13,-14,false,1,ippansainyu.csv,16891
rd_2026_general_revenue_19_06_12_05_05_3665570000,rs_2026_general_revenue_19_06_12_05,2026_general_revenue_19_06_12,2026,general,一般会計,19,諸収入,06,雑入,12,雑入（２）,05,光熱水費等負担金（３）,05,産後ケアセンター,子ども・若者部 児童相談支援課,諸収入,specific,40,40,0,false,1,ippansainyu.csv,18182
rd_2026_general_revenue_19_06_12_05_06_4985100000,rs_2026_general_revenue_19_06_12_05,2026_general_revenue_19_06_12,2026,general,一般会計,19,諸収入,06,雑入,12,雑入（２）,05,光熱水費等負担金（３）,06,教育総合センター（電気自動車）,教育委員会事務局 教育相談課,諸収入,specific,14,16,2,false,1,ippansainyu.csv,18892
rd_2026_general_revenue_19_06_12_05_08_3525400000,rs_2026_general_revenue_19_06_12_05,2026_general_revenue_19_06_12,2026,general,一般会計,19,諸収入,06,雑入,12,雑入（２）,05,光熱水費等負担金（３）,08,農福連携事業,経済産業部 都市農業課,諸収入,specific,100,150,50,false,1,ippansainyu.csv,17192
rd_2026_general_revenue_19_06_12_05_09_3525210000,rs_2026_general_revenue_19_06_12_05,2026_general_revenue_19_06_12,2026,general,一般会計,19,諸収入,06,雑入,12,雑入（２）,05,光熱水費等負担金（３）,09,池尻２丁目体育館ふれあいルーム光熱水費,経済産業部 経済課,諸収入,specific,0,41,41,false,1,ippansainyu.csv,17178
rd_2026_general_revenue_19_06_12_05_11_3665580000,rs_2026_general_revenue_19_06_12_05,2026_general_revenue_19_06_12,2026,general,一般会計,19,諸収入,06,雑入,12,雑入（２）,05,光熱水費等負担金（３）,11,ＳＴＫハイツ,子ども・若者部 保育課,諸収入,specific,0,447,447,false,1,ippansainyu.csv,18331
rd_2026_general_revenue_19_06_12_05_12_3895300000,rs_2026_general_revenue_19_06_12_05,2026_general_revenue_19_06_12,2026,general,一般会計,19,諸収入,06,雑入,12,雑入（２）,05,光熱水費等負担金（３）,12,経堂駅駅前広場,土木部 工事第一課,諸収入,specific,0,18,18,false,1,ippansainyu.csv,18730
rd_2026_general_revenue_19_06_12_08_02_3595200000,rs_2026_general_revenue_19_06_12_08,2026_general_revenue_19_06_12,2026,general,一般会計,19,諸収入,06,雑入,12,雑入（２）,08,返還金・戻入金（４）,02,緊急対応金銭管理事業,保健福祉政策部 生活福祉課,諸収入,specific,9900,9900,0,false,1,ippansainyu.csv,17344
rd_2026_general_revenue_19_06_12_09_01_3815500000,rs_2026_general_revenue_19_06_12_09,2026_general_revenue_19_06_12,2026,general,一般会計,19,諸収入,06,雑入,12,雑入（２）,09,居住支援協議会等活動支援事業補助金,01,居住支援協議会運営,都市整備政策部 居住支援課,諸収入,specific,0,816,816,false,1,ippansainyu.csv,18575
rd_2026_general_revenue_19_06_12_10_01_4975200000,rs_2026_general_revenue_19_06_12_10,2026_general_revenue_19_06_12,2026,general,一般会計,19,諸収入,06,雑入,12,雑入（２）,10,ＡＩの活用による英語教育強化事業費,01,ＡＩの活用による英語教育強化事業費,教育委員会事務局 教育指導課,諸収入,specific,0,0,0,true,0,ippansainyu.csv,18862
rd_2026_general_revenue_19_06_12_10_02_4975200000,rs_2026_general_revenue_19_06_12_10,2026_general_revenue_19_06_12,2026,general,一般会計,19,諸収入,06,雑入,12,雑入（２）,10,ＡＩの活用による英語教育強化事業費,02,ＡＩの活用による英語教育強化事業費,教育委員会事務局 教育指導課,諸収入,specific,0,15000,15000,false,1,ippansainyu.csv,18863
rd_2026_general_revenue_20_01_01_17_01_3235200000,rs_2026_general_revenue_20_01_01_17,2026_general_revenue_20_01_01,2026,general,一般会計,20,特別区債,01,特別区債,01,総務債,17,本庁舎等整備費,01,本庁舎等整備費,庁舎整備担当部 庁舎管理担当課,特別区債,specific,870000,1471000,601000,false,1,ippansainyu.csv,16968
rd_2026_general_revenue_20_01_03_04_01_3835400000,rs_2026_general_revenue_20_01_03_04,2026_general_revenue_20_01_03,2026,general,一般会計,20,特別区債,01,特別区債,03,土木債,04,公園用地費,01,公園用地買収,みどり33推進担当部 公園利活用推進課,特別区債,specific,1000000,1000000,0,false,1,ippansainyu.csv,18653
rd_2026_general_revenue_20_01_03_07_01_3865500000,rs_2026_general_revenue_20_01_03_07,2026_general_revenue_20_01_03,2026,general,一般会計,20,特別区債,01,特別区債,03,土木債,07,連続立体化費,01,連続立体化事業,道路・交通計画部 交通政策課,特別区債,specific,550000,500000,-50000,false,1,ippansainyu.csv,18684
rd_2026_general_revenue_20_01_04_01_03_4960160000,rs_2026_general_revenue_20_01_04_01,2026_general_revenue_20_01_04,2026,general,一般会計,20,特別区債,01,特別区債,04,教育債,01,学校建設費,03,小学校改築工事,教育委員会事務局 教育環境課,特別区債,specific,500000,0,-500000,true,0,ippansainyu.csv,18819
rd_2026_general_revenue_20_01_04_01_04_4960160000,rs_2026_general_revenue_20_01_04_01,2026_general_revenue_20_01_04,2026,general,一般会計,20,特別区債,01,特別区債,04,教育債,01,学校建設費,04,中学校改築工事,教育委員会事務局 教育環境課,特別区債,specific,500000,2000000,1500000,false,1,ippansainyu.csv,18820
rd_2026_general_revenue_20_01_04_01_05_4960160000,rs_2026_general_revenue_20_01_04_01,2026_general_revenue_20_01_04,2026,general,一般会計,20,特別区債,01,特別区債,04,教育債,01,学校建設費,05,小学校用地買収,教育委員会事務局 教育環境課,特別区債,specific,0,83000,83000,false,1,ippansainyu.csv,18821
rd_2026_general_revenue_21_01_01_01_01_3065500000,rs_2026_general_revenue_21_01_01_01,2026_general_revenue_21_01_01,2026,general,一般会計,21,環境性能割交付金,01,環境性能割交付金,01,環境性能割交付金,01,環境性能割交付金,01,環境性能割交付金,政策経営部 財政課,一般財源,general,545000,0,-545000,true,0,ippansainyu.csv,16915
rd_2026_latter_stage_elderly_healthcare_revenue_61_01_01_01_01_3595400000,rs_2026_latter_stage_elderly_healthcare_revenue_61_01_01_01,2026_latter_stage_elderly_healthcare_revenue_61_01_01,2026,latter_stage_elderly_healthcare,後期高齢者医療会計,61,後期高齢者医療保険料,01,後期高齢者医療保険料,01,後期高齢者医療保険料,01,現年度分特別徴収分,01,広域連合保険料等負担金,保健福祉政策部 国保・年金課,後期高齢者医療保険料,special_account,5107535,5673239,565704,false,1,ippansainyu.csv,17437
rd_2026_latter_stage_elderly_healthcare_revenue_61_01_01_02_01_3595400000,rs_2026_latter_stage_elderly_healthcare_revenue_61_01_01_02,2026_latter_stage_elderly_healthcare_revenue_61_01_01,2026,latter_stage_elderly_healthcare,後期高齢者医療会計,61,後期高齢者医療保険料,01,後期高齢者医療保険料,01,後期高齢者医療保険料,02,現年度分普通徴収分,01,広域連合保険料等負担金,保健福祉政策部 国保・年金課,後期高齢者医療保険料,special_account,10576734,12201837,1625103,false,1,ippansainyu.csv,17438
rd_2026_latter_stage_elderly_healthcare_revenue_61_01_01_03_01_3595400000,rs_2026_latter_stage_elderly_healthcare_revenue_61_01_01_03,2026_latter_stage_elderly_healthcare_revenue_61_01_01,2026,latter_stage_elderly_healthcare,後期高齢者医療会計,61,後期高齢者医療保険料,01,後期高齢者医療保険料,01,後期高齢者医療保険料,03,滞納繰越分普通徴収分,01,広域連合保険料等負担金,保健福祉政策部 国保・年金課,後期高齢者医療保険料,special_account,223956,194613,-29343,false,1,ippansainyu.csv,17439
rd_2026_latter_stage_elderly_healthcare_revenue_62_01_01_01_01_3595400000,rs_2026_latter_stage_elderly_healthcare_revenue_62_01_01_01,2026_latter_stage_elderly_healthcare_revenue_62_01_01,2026,latter_stage_elderly_healthcare,後期高齢者医療会計,62,使用料及手数料,01,手数料,01,総務手数料,01,総務手数料,01,保険料納付済等証明手数料,保健福祉政策部 国保・年金課,手数料,special_account,30,30,0,false,1,ippansainyu.csv,17440
rd_2026_latter_stage_elderly_healthcare_revenue_63_01_01_01_01_3595400000,rs_2026_latter_stage_elderly_healthcare_revenue_63_01_01_01,2026_latter_stage_elderly_healthcare_revenue_63_01_01,2026,latter_stage_elderly_healthcare,後期高齢者医療会計,63,繰入金,01,一般会計繰入金,01,一般会計繰入金,01,職員給与費等繰入金,01,職員給与費,保健福祉政策部 国保・年金課,繰入金,special_account,203758,203106,-652,false,3,ippansainyu.csv,17441
rd_2026_latter_stage_elderly_healthcare_revenue_63_01_01_01_02_3595400000,rs_2026_latter_stage_elderly_healthcare_revenue_63_01_01_01,2026_latter_stage_elderly_healthcare_revenue_63_01_01,2026,latter_stage_elderly_healthcare,後期高齢者医療会計,63,繰入金,01,一般会計繰入金,01,一般会計繰入金,01,職員給与費等繰入金,02,一般管理（管理運営）,保健福祉政策部 国保・年金課,繰入金,special_account,187977,170971,-17006,false,1,ippansainyu.csv,17442
rd_2026_latter_stage_elderly_healthcare_revenue_63_01_01_01_03_3595400000,rs_2026_latter_stage_elderly_healthcare_revenue_63_01_01_01,2026_latter_stage_elderly_healthcare_revenue_63_01_01,2026,latter_stage_elderly_healthcare,後期高齢者医療会計,63,繰入金,01,一般会計繰入金,01,一般会計繰入金,01,職員給与費等繰入金,03,一般管理（徴収事務）,保健福祉政策部 国保・年金課,繰入金,special_account,70096,89933,19837,false,1,ippansainyu.csv,17443
rd_2026_latter_stage_elderly_healthcare_revenue_63_01_01_01_04_3595400000,rs_2026_latter_stage_elderly_healthcare_revenue_63_01_01_01,2026_latter_stage_elderly_healthcare_revenue_63_01_01,2026,latter_stage_elderly_healthcare,後期高齢者医療会計,63,繰入金,01,一般会計繰入金,01,一般会計繰入金,01,職員給与費等繰入金,04,事務費負担金,保健福祉政策部 国保・年金課,繰入金,special_account,372108,406052,33944,false,1,ippansainyu.csv,17444
rd_2026_latter_stage_elderly_healthcare_revenue_63_01_01_01_05_3595400000,rs_2026_latter_stage_elderly_healthcare_revenue_63_01_01_01,2026_latter_stage_elderly_healthcare_revenue_63_01_01,2026,latter_stage_elderly_healthcare,後期高齢者医療会計,63,繰入金,01,一般会計繰入金,01,一般会計繰入金,01,職員給与費等繰入金,05,一般管理（健康診査）,保健福祉政策部 国保・年金課,繰入金,special_account,35217,37807,2590,false,1,ippansainyu.csv,17445
rd_2026_latter_stage_elderly_healthcare_revenue_63_01_01_02_01_3595400000,rs_2026_latter_stage_elderly_healthcare_revenue_63_01_01_02,2026_latter_stage_elderly_healthcare_revenue_63_01_01,2026,latter_stage_elderly_healthcare,後期高齢者医療会計,63,繰入金,01,一般会計繰入金,01,一般会計繰入金,02,療養給付費繰入金,01,広域連合療養給付費負担金,保健福祉政策部 国保・年金課,繰入金,special_account,6735622,7064085,328463,false,1,ippansainyu.csv,17446
rd_2026_latter_stage_elderly_healthcare_revenue_63_01_01_03_02_3595400000,rs_2026_latter_stage_elderly_healthcare_revenue_63_01_01_03,2026_latter_stage_elderly_healthcare_revenue_63_01_01,2026,latter_stage_elderly_healthcare,後期高齢者医療会計,63,繰入金,01,一般会計繰入金,01,一般会計繰入金,03,保険基盤安定繰入金,02,広域連合保険料等負担金,保健福祉政策部 国保・年金課,繰入金,special_account,1474772,1722772,248000,false,1,ippansainyu.csv,17447
rd_2026_latter_stage_elderly_healthcare_revenue_63_01_01_04_01_3595400000,rs_2026_latter_stage_elderly_healthcare_revenue_63_01_01_04,2026_latter_stage_elderly_healthcare_revenue_63_01_01,2026,latter_stage_elderly_healthcare,後期高齢者医療会計,63,繰入金,01,一般会計繰入金,01,一般会計繰入金,04,保険料軽減措置繰入金,01,保険料軽減措置負担金,保健福祉政策部 国保・年金課,繰入金,special_account,527427,527000,-427,false,1,ippansainyu.csv,17448
rd_2026_latter_stage_elderly_healthcare_revenue_63_01_01_05_01_3595400000,rs_2026_latter_stage_elderly_healthcare_revenue_63_01_01_05,2026_latter_stage_elderly_healthcare_revenue_63_01_01,2026,latter_stage_elderly_healthcare,後期高齢者医療会計,63,繰入金,01,一般会計繰入金,01,一般会計繰入金,05,健康診査費繰入金,01,後期高齢者健康診査,保健福祉政策部 国保・年金課,繰入金,special_account,295779,307271,11492,false,1,ippansainyu.csv,17449
rd_2026_latter_stage_elderly_healthcare_revenue_63_01_01_06_01_3595400000,rs_2026_latter_stage_elderly_healthcare_revenue_63_01_01_06,2026_latter_stage_elderly_healthcare_revenue_63_01_01,2026,latter_stage_elderly_healthcare,後期高齢者医療会計,63,繰入金,01,一般会計繰入金,01,一般会計繰入金,06,葬祭費繰入金,01,葬祭費,保健福祉政策部 国保・年金課,繰入金,special_account,121800,119720,-2080,false,1,ippansainyu.csv,17450
rd_2026_latter_stage_elderly_healthcare_revenue_63_01_01_07_01_3595400000,rs_2026_latter_stage_elderly_healthcare_revenue_63_01_01_07,2026_latter_stage_elderly_healthcare_revenue_63_01_01,2026,latter_stage_elderly_healthcare,後期高齢者医療会計,63,繰入金,01,一般会計繰入金,01,一般会計繰入金,07,その他一般会計繰入金,01,予備費,保健福祉政策部 国保・年金課,繰入金,special_account,30000,30000,0,false,1,ippansainyu.csv,17451
rd_2026_latter_stage_elderly_healthcare_revenue_64_01_01_01_01_3595400000,rs_2026_latter_stage_elderly_healthcare_revenue_64_01_01_01,2026_latter_stage_elderly_healthcare_revenue_64_01_01,2026,latter_stage_elderly_healthcare,後期高齢者医療会計,64,繰越金,01,繰越金,01,繰越金,01,繰越金,01,広域連合保険料等負担金,保健福祉政策部 国保・年金課,繰越金,special_account,1,1,0,false,1,ippansainyu.csv,17452
rd_2026_latter_stage_elderly_healthcare_revenue_64_01_01_02_05_3595400000,rs_2026_latter_stage_elderly_healthcare_revenue_64_01_01_02,2026_latter_stage_elderly_healthcare_revenue_64_01_01,2026,latter_stage_elderly_healthcare,後期高齢者医療会計,64,繰越金,01,繰越金,01,繰越金,02,その他繰越金,05,保険料還付金繰越金,保健福祉政策部 国保・年金課,繰越金,special_account,0,0,0,true,0,ippansainyu.csv,17453
rd_2026_latter_stage_elderly_healthcare_revenue_64_01_01_02_06_3595400000,rs_2026_latter_stage_elderly_healthcare_revenue_64_01_01_02,2026_latter_stage_elderly_healthcare_revenue_64_01_01,2026,latter_stage_elderly_healthcare,後期高齢者医療会計,64,繰越金,01,繰越金,01,繰越金,02,その他繰越金,06,保険料延滞金還付金繰越金,保健福祉政策部 国保・年金課,繰越金,special_account,0,0,0,true,0,ippansainyu.csv,17454
rd_2026_latter_stage_elderly_healthcare_revenue_64_01_01_02_07_3595400000,rs_2026_latter_stage_elderly_healthcare_revenue_64_01_01_02,2026_latter_stage_elderly_healthcare_revenue_64_01_01,2026,latter_stage_elderly_healthcare,後期高齢者医療会計,64,繰越金,01,繰越金,01,繰越金,02,その他繰越金,07,保険料還付加算金繰越金,保健福祉政策部 国保・年金課,繰越金,special_account,0,0,0,true,0,ippansainyu.csv,17455
rd_2026_latter_stage_elderly_healthcare_revenue_65_01_01_01_01_3595400000,rs_2026_latter_stage_elderly_healthcare_revenue_65_01_01_01,2026_latter_stage_elderly_healthcare_revenue_65_01_01,2026,latter_stage_elderly_healthcare,後期高齢者医療会計,65,諸収入,01,延滞金加算金及過料,01,延滞金,01,延滞金,01,広域連合保険料等負担金,保健福祉政策部 国保・年金課,諸収入,special_account,5000,5000,0,false,1,ippansainyu.csv,17456
rd_2026_latter_stage_elderly_healthcare_revenue_65_02_03_01_01_3595400000,rs_2026_latter_stage_elderly_healthcare_revenue_65_02_03_01,2026_latter_stage_elderly_healthcare_revenue_65_02_03,2026,latter_stage_elderly_healthcare,後期高齢者医療会計,65,諸収入,02,償還金及還付加算金,03,保険料還付金及還付加算金,01,保険料還付金及還付加算金,01,広域連合保険料還付金,保健福祉政策部 国保・年金課,諸収入,special_account,35000,35000,0,false,1,ippansainyu.csv,17457
rd_2026_latter_stage_elderly_healthcare_revenue_65_02_03_01_02_3595400000,rs_2026_latter_stage_elderly_healthcare_revenue_65_02_03_01,2026_latter_stage_elderly_healthcare_revenue_65_02_03,2026,latter_stage_elderly_healthcare,後期高齢者医療会計,65,諸収入,02,償還金及還付加算金,03,保険料還付金及還付加算金,01,保険料還付金及還付加算金,02,広域連合保険料還付加算金,保健福祉政策部 国保・年金課,諸収入,special_account,300,300,0,false,1,ippansainyu.csv,17458
rd_2026_latter_stage_elderly_healthcare_revenue_65_02_03_01_03_3595400000,rs_2026_latter_stage_elderly_healthcare_revenue_65_02_03_01,2026_latter_stage_elderly_healthcare_revenue_65_02_03,2026,latter_stage_elderly_healthcare,後期高齢者医療会計,65,諸収入,02,償還金及還付加算金,03,保険料還付金及還付加算金,01,保険料還付金及還付加算金,03,広域連合保険料延滞金還付金,保健福祉政策部 国保・年金課,諸収入,special_account,100,100,0,false,1,ippansainyu.csv,17459
rd_2026_latter_stage_elderly_healthcare_revenue_65_03_01_01_01_3595400000,rs_2026_latter_stage_elderly_healthcare_revenue_65_03_01_01,2026_latter_stage_elderly_healthcare_revenue_65_03_01,2026,latter_stage_elderly_healthcare,後期高齢者医療会計,65,諸収入,03,特別区預金利子,01,特別区預金利子,01,特別区預金利子,01,預金利子収入,保健福祉政策部 国保・年金課,諸収入,special_account,1,1,0,false,1,ippansainyu.csv,17460
rd_2026_latter_stage_elderly_healthcare_revenue_65_04_01_01_01_3595400000,rs_2026_latter_stage_elderly_healthcare_revenue_65_04_01_01,2026_latter_stage_elderly_healthcare_revenue_65_04_01,2026,latter_stage_elderly_healthcare,後期高齢者医療会計,65,諸収入,04,受託事業収入,01,受託事業収入,01,健康診査費受託事業収入,01,後期高齢者健康診査,保健福祉政策部 国保・年金課,諸収入,special_account,310028,306333,-3695,false,1,ippansainyu.csv,17461
rd_2026_latter_stage_elderly_healthcare_revenue_65_04_01_02_01_3595400000,rs_2026_latter_stage_elderly_healthcare_revenue_65_04_01_02,2026_latter_stage_elderly_healthcare_revenue_65_04_01,2026,latter_stage_elderly_healthcare,後期高齢者医療会計,65,諸収入,04,受託事業収入,01,受託事業収入,02,葬祭費受託事業収入,01,葬祭費受託事業収入,保健福祉政策部 国保・年金課,諸収入,special_account,304500,299300,-5200,false,1,ippansainyu.csv,17462
rd_2026_latter_stage_elderly_healthcare_revenue_65_04_01_03_01_3595400000,rs_2026_latter_stage_elderly_healthcare_revenue_65_04_01_03,2026_latter_stage_elderly_healthcare_revenue_65_04_01,2026,latter_stage_elderly_healthcare,後期高齢者医療会計,65,諸収入,04,受託事業収入,01,受託事業収入,03,保健事業費受託事業収入,01,後期高齢者保健事業,保健福祉政策部 国保・年金課,諸収入,special_account,4642,4642,0,false,1,ippansainyu.csv,17463
rd_2026_latter_stage_elderly_healthcare_revenue_65_05_01_01_04_3595400000,rs_2026_latter_stage_elderly_healthcare_revenue_65_05_01_01,2026_latter_stage_elderly_healthcare_revenue_65_05_01,2026,latter_stage_elderly_healthcare,後期高齢者医療会計,65,諸収入,05,雑入,01,雑入,01,雑入,04,消費税還付金,保健福祉政策部 国保・年金課,諸収入,special_account,1,1,0,false,1,ippansainyu.csv,17464
rd_2026_latter_stage_elderly_healthcare_revenue_65_05_01_03_03_3595400000,rs_2026_latter_stage_elderly_healthcare_revenue_65_05_01_03,2026_latter_stage_elderly_healthcare_revenue_65_05_01,2026,latter_stage_elderly_healthcare,後期高齢者医療会計,65,諸収入,05,雑入,01,雑入,03,広域連合特別交付金,03,区市町村支援事業補助金,保健福祉政策部 国保・年金課,諸収入,special_account,14457,15681,1224,false,1,ippansainyu.csv,17465
rd_2026_latter_stage_elderly_healthcare_revenue_65_05_03_03_01_3595400000,rs_2026_latter_stage_elderly_healthcare_revenue_65_05_03_03,2026_latter_stage_elderly_healthcare_revenue_65_05_03,2026,latter_stage_elderly_healthcare,後期高齢者医療会計,65,諸収入,05,雑入,03,広域連合負担金返還金,03,未収金補填分負担金返還金,01,未収金補填分負担金返還金,保健福祉政策部 国保・年金課,諸収入,special_account,1,1,0,false,1,ippansainyu.csv,17466
rd_2026_long_term_care_insurance_revenue_41_01_01_01_01_3645200000,rs_2026_long_term_care_insurance_revenue_41_01_01_01,2026_long_term_care_insurance_revenue_41_01_01,2026,long_term_care_insurance,介護保険事業会計,41,保険料,01,介護保険料,01,第１号被保険者保険料,01,現年度分特別徴収分,01,居宅介護サービス給付費,高齢福祉部 介護保険課,事業収入,special_account,4957361,4596143,-361218,false,1,ippansainyu.csv,17549
rd_2026_long_term_care_insurance_revenue_41_01_01_01_02_3645200000,rs_2026_long_term_care_insurance_revenue_41_01_01_01,2026_long_term_care_insurance_revenue_41_01_01,2026,long_term_care_insurance,介護保険事業会計,41,保険料,01,介護保険料,01,第１号被保険者保険料,01,現年度分特別徴収分,02,施設介護サービス給付費,高齢福祉部 介護保険課,事業収入,special_account,3521887,3685728,163841,false,1,ippansainyu.csv,17550
rd_2026_long_term_care_insurance_revenue_41_01_01_01_03_3645200000,rs_2026_long_term_care_insurance_revenue_41_01_01_01,2026_long_term_care_insurance_revenue_41_01_01,2026,long_term_care_insurance,介護保険事業会計,41,保険料,01,介護保険料,01,第１号被保険者保険料,01,現年度分特別徴収分,03,居宅介護福祉用具購入費,高齢福祉部 介護保険課,事業収入,special_account,24319,25006,687,false,1,ippansainyu.csv,17551
rd_2026_long_term_care_insurance_revenue_41_01_01_01_04_3645200000,rs_2026_long_term_care_insurance_revenue_41_01_01_01,2026_long_term_care_insurance_revenue_41_01_01,2026,long_term_care_insurance,介護保険事業会計,41,保険料,01,介護保険料,01,第１号被保険者保険料,01,現年度分特別徴収分,04,居宅介護住宅改修費,高齢福祉部 介護保険課,事業収入,special_account,37527,38237,710,false,1,ippansainyu.csv,17552
rd_2026_long_term_care_insurance_revenue_41_01_01_01_05_3645200000,rs_2026_long_term_care_insurance_revenue_41_01_01_01,2026_long_term_care_insurance_revenue_41_01_01,2026,long_term_care_insurance,介護保険事業会計,41,保険料,01,介護保険料,01,第１号被保険者保険料,01,現年度分特別徴収分,05,居宅介護サービス計画費,高齢福祉部 介護保険課,事業収入,special_account,1032540,1051383,18843,false,1,ippansainyu.csv,17553
rd_2026_long_term_care_insurance_revenue_41_01_01_01_10_3645200000,rs_2026_long_term_care_insurance_revenue_41_01_01_01,2026_long_term_care_insurance_revenue_41_01_01,2026,long_term_care_insurance,介護保険事業会計,41,保険料,01,介護保険料,01,第１号被保険者保険料,01,現年度分特別徴収分,10,審査支払手数料,高齢福祉部 介護保険課,事業収入,special_account,22154,22743,589,false,1,ippansainyu.csv,17554
rd_2026_long_term_care_insurance_revenue_41_01_01_01_11_3645200000,rs_2026_long_term_care_insurance_revenue_41_01_01_01,2026_long_term_care_insurance_revenue_41_01_01,2026,long_term_care_insurance,介護保険事業会計,41,保険料,01,介護保険料,01,第１号被保険者保険料,01,現年度分特別徴収分,11,高額介護サービス費,高齢福祉部 介護保険課,事業収入,special_account,611471,632281,20810,false,1,ippansainyu.csv,17555
rd_2026_long_term_care_insurance_revenue_41_01_01_01_16_3645200000,rs_2026_long_term_care_insurance_revenue_41_01_01_01,2026_long_term_care_insurance_revenue_41_01_01,2026,long_term_care_insurance,介護保険事業会計,41,保険料,01,介護保険料,01,第１号被保険者保険料,01,現年度分特別徴収分,16,地域密着型介護サービス給付費,高齢福祉部 介護保険課,事業収入,special_account,2627608,2568470,-59138,false,1,ippansainyu.csv,17556
rd_2026_long_term_care_insurance_revenue_41_01_01_01_17_3645200000,rs_2026_long_term_care_insurance_revenue_41_01_01_01,2026_long_term_care_insurance_revenue_41_01_01,2026,long_term_care_insurance,介護保険事業会計,41,保険料,01,介護保険料,01,第１号被保険者保険料,01,現年度分特別徴収分,17,地域密着型介護予防サービス給付費,高齢福祉部 介護保険課,事業収入,special_account,10138,9609,-529,false,1,ippansainyu.csv,17557
rd_2026_long_term_care_insurance_revenue_41_01_01_01_18_3645200000,rs_2026_long_term_care_insurance_revenue_41_01_01_01,2026_long_term_care_insurance_revenue_41_01_01,2026,long_term_care_insurance,介護保険事業会計,41,保険料,01,介護保険料,01,第１号被保険者保険料,01,現年度分特別徴収分,18,特定入所者介護サービス費,高齢福祉部 介護保険課,事業収入,special_account,204303,178270,-26033,false,1,ippansainyu.csv,17558
rd_2026_long_term_care_insurance_revenue_41_01_01_01_19_3645200000,rs_2026_long_term_care_insurance_revenue_41_01_01_01,2026_long_term_care_insurance_revenue_41_01_01,2026,long_term_care_insurance,介護保険事業会計,41,保険料,01,介護保険料,01,第１号被保険者保険料,01,現年度分特別徴収分,19,特定入所者介護予防サービス費,高齢福祉部 介護保険課,事業収入,special_account,106,108,2,false,1,ippansainyu.csv,17559
rd_2026_long_term_care_insurance_revenue_41_01_01_01_20_3645200000,rs_2026_long_term_care_insurance_revenue_41_01_01_01,2026_long_term_care_insurance_revenue_41_01_01,2026,long_term_care_insurance,介護保険事業会計,41,保険料,01,介護保険料,01,第１号被保険者保険料,01,現年度分特別徴収分,20,介護予防サービス給付費,高齢福祉部 介護保険課,事業収入,special_account,319437,358316,38879,false,1,ippansainyu.csv,17560
rd_2026_long_term_care_insurance_revenue_41_01_01_01_21_3645200000,rs_2026_long_term_care_insurance_revenue_41_01_01_01,2026_long_term_care_insurance_revenue_41_01_01,2026,long_term_care_insurance,介護保険事業会計,41,保険料,01,介護保険料,01,第１号被保険者保険料,01,現年度分特別徴収分,21,介護予防福祉用具購入費,高齢福祉部 介護保険課,事業収入,special_account,4774,4580,-194,false,1,ippansainyu.csv,17561
rd_2026_long_term_care_insurance_revenue_41_01_01_01_22_3645200000,rs_2026_long_term_care_insurance_revenue_41_01_01_01,2026_long_term_care_insurance_revenue_41_01_01,2026,long_term_care_insurance,介護保険事業会計,41,保険料,01,介護保険料,01,第１号被保険者保険料,01,現年度分特別徴収分,22,介護予防住宅改修費,高齢福祉部 介護保険課,事業収入,special_account,20623,21561,938,false,1,ippansainyu.csv,17562
rd_2026_long_term_care_insurance_revenue_41_01_01_01_23_3645200000,rs_2026_long_term_care_insurance_revenue_41_01_01_01,2026_long_term_care_insurance_revenue_41_01_01,2026,long_term_care_insurance,介護保険事業会計,41,保険料,01,介護保険料,01,第１号被保険者保険料,01,現年度分特別徴収分,23,介護予防サービス計画給付費,高齢福祉部 介護保険課,事業収入,special_account,63735,65199,1464,false,1,ippansainyu.csv,17563
rd_2026_long_term_care_insurance_revenue_41_01_01_01_24_3645200000,rs_2026_long_term_care_insurance_revenue_41_01_01_01,2026_long_term_care_insurance_revenue_41_01_01,2026,long_term_care_insurance,介護保険事業会計,41,保険料,01,介護保険料,01,第１号被保険者保険料,01,現年度分特別徴収分,24,高額介護予防サービス費,高齢福祉部 介護保険課,事業収入,special_account,1001,1338,337,false,1,ippansainyu.csv,17564
rd_2026_long_term_care_insurance_revenue_41_01_01_01_30_3645300000,rs_2026_long_term_care_insurance_revenue_41_01_01_01,2026_long_term_care_insurance_revenue_41_01_01,2026,long_term_care_insurance,介護保険事業会計,41,保険料,01,介護保険料,01,第１号被保険者保険料,01,現年度分特別徴収分,30,地域包括支援センター運営委託,高齢福祉部 介護予防・支援課,事業収入,special_account,8191,8845,654,false,1,ippansainyu.csv,17729
rd_2026_long_term_care_insurance_revenue_41_01_01_01_33_3645100000,rs_2026_long_term_care_insurance_revenue_41_01_01_01,2026_long_term_care_insurance_revenue_41_01_01,2026,long_term_care_insurance,介護保険事業会計,41,保険料,01,介護保険料,01,第１号被保険者保険料,01,現年度分特別徴収分,33,高齢者おむつ支給,高齢福祉部 高齢福祉課,事業収入,special_account,46173,41829,-4344,false,1,ippansainyu.csv,17530
rd_2026_long_term_care_insurance_revenue_41_01_01_01_35_3645100000,rs_2026_long_term_care_insurance_revenue_41_01_01_01,2026_long_term_care_insurance_revenue_41_01_01,2026,long_term_care_insurance,介護保険事業会計,41,保険料,01,介護保険料,01,第１号被保険者保険料,01,現年度分特別徴収分,35,住宅改修アドバイザー派遣,高齢福祉部 高齢福祉課,事業収入,special_account,338,333,-5,false,1,ippansainyu.csv,17531
rd_2026_long_term_care_insurance_revenue_41_01_01_01_36_3645200000,rs_2026_long_term_care_insurance_revenue_41_01_01_01,2026_long_term_care_insurance_revenue_41_01_01,2026,long_term_care_insurance,介護保険事業会計,41,保険料,01,介護保険料,01,第１号被保険者保険料,01,現年度分特別徴収分,36,介護給付適正化事業,高齢福祉部 介護保険課,事業収入,special_account,691,779,88,false,1,ippansainyu.csv,17565
rd_2026_long_term_care_insurance_revenue_41_01_01_01_41_3645200000,rs_2026_long_term_care_insurance_revenue_41_01_01_01,2026_long_term_care_insurance_revenue_41_01_01,2026,long_term_care_insurance,介護保険事業会計,41,保険料,01,介護保険料,01,第１号被保険者保険料,01,現年度分特別徴収分,41,介護給付費準備基金積立金,高齢福祉部 介護保険課,事業収入,special_account,105148,0,-105148,true,0,ippansainyu.csv,17566
rd_2026_long_term_care_insurance_revenue_41_01_01_01_45_3645200000,rs_2026_long_term_care_insurance_revenue_41_01_01_01,2026_long_term_care_insurance_revenue_41_01_01,2026,long_term_care_insurance,介護保険事業会計,41,保険料,01,介護保険料,01,第１号被保険者保険料,01,現年度分特別徴収分,45,高額医療合算介護サービス費,高齢福祉部 介護保険課,事業収入,special_account,111701,115843,4142,false,1,ippansainyu.csv,17567
rd_2026_long_term_care_insurance_revenue_41_01_01_01_46_3645200000,rs_2026_long_term_care_insurance_revenue_41_01_01_01,2026_long_term_care_insurance_revenue_41_01_01,2026,long_term_care_insurance,介護保険事業会計,41,保険料,01,介護保険料,01,第１号被保険者保険料,01,現年度分特別徴収分,46,高額医療合算介護予防サービス費,高齢福祉部 介護保険課,事業収入,special_account,1205,1223,18,false,1,ippansainyu.csv,17568
rd_2026_long_term_care_insurance_revenue_41_01_01_01_56_3645300000,rs_2026_long_term_care_insurance_revenue_41_01_01_01,2026_long_term_care_insurance_revenue_41_01_01,2026,long_term_care_insurance,介護保険事業会計,41,保険料,01,介護保険料,01,第１号被保険者保険料,01,現年度分特別徴収分,56,認知症ケア推進事業,高齢福祉部 介護予防・支援課,事業収入,special_account,7677,8395,718,false,1,ippansainyu.csv,17730
rd_2026_long_term_care_insurance_revenue_41_01_01_01_57_3645300000,rs_2026_long_term_care_insurance_revenue_41_01_01_01,2026_long_term_care_insurance_revenue_41_01_01,2026,long_term_care_insurance,介護保険事業会計,41,保険料,01,介護保険料,01,第１号被保険者保険料,01,現年度分特別徴収分,57,サービス・活動事業,高齢福祉部 介護予防・支援課,事業収入,special_account,52504,62788,10284,false,1,ippansainyu.csv,17731
rd_2026_long_term_care_insurance_revenue_41_01_01_01_58_3645200000,rs_2026_long_term_care_insurance_revenue_41_01_01_01,2026_long_term_care_insurance_revenue_41_01_01,2026,long_term_care_insurance,介護保険事業会計,41,保険料,01,介護保険料,01,第１号被保険者保険料,01,現年度分特別徴収分,58,高額介護サービス費相当等事業費,高齢福祉部 介護保険課,事業収入,special_account,2401,2670,269,false,1,ippansainyu.csv,17569
rd_2026_long_term_care_insurance_revenue_41_01_01_01_63_3645200000,rs_2026_long_term_care_insurance_revenue_41_01_01_01,2026_long_term_care_insurance_revenue_41_01_01,2026,long_term_care_insurance,介護保険事業会計,41,保険料,01,介護保険料,01,第１号被保険者保険料,01,現年度分特別徴収分,63,家族介護支援事業,高齢福祉部 介護保険課,事業収入,special_account,821,937,116,false,1,ippansainyu.csv,17570
rd_2026_long_term_care_insurance_revenue_41_01_01_01_64_3645200000,rs_2026_long_term_care_insurance_revenue_41_01_01_01,2026_long_term_care_insurance_revenue_41_01_01,2026,long_term_care_insurance,介護保険事業会計,41,保険料,01,介護保険料,01,第１号被保険者保険料,01,現年度分特別徴収分,64,総合事業指定事業者実施サービス等諸費,高齢福祉部 介護保険課,事業収入,special_account,336805,344242,7437,false,1,ippansainyu.csv,17571
rd_2026_long_term_care_insurance_revenue_41_01_01_01_65_3595200000,rs_2026_long_term_care_insurance_revenue_41_01_01_01,2026_long_term_care_insurance_revenue_41_01_01,2026,long_term_care_insurance,介護保険事業会計,41,保険料,01,介護保険料,01,第１号被保険者保険料,01,現年度分特別徴収分,65,成年後見制度,保健福祉政策部 生活福祉課,事業収入,special_account,5487,5603,116,false,1,ippansainyu.csv,17345
rd_2026_long_term_care_insurance_revenue_41_01_01_01_66_3645100000,rs_2026_long_term_care_insurance_revenue_41_01_01_01,2026_long_term_care_insurance_revenue_41_01_01,2026,long_term_care_insurance,介護保険事業会計,41,保険料,01,介護保険料,01,第１号被保険者保険料,01,現年度分特別徴収分,66,高齢者安心コール,高齢福祉部 高齢福祉課,事業収入,special_account,9066,8857,-209,false,1,ippansainyu.csv,17532
rd_2026_long_term_care_insurance_revenue_41_01_01_01_67_3645200000,rs_2026_long_term_care_insurance_revenue_41_01_01_01,2026_long_term_care_insurance_revenue_41_01_01,2026,long_term_care_insurance,介護保険事業会計,41,保険料,01,介護保険料,01,第１号被保険者保険料,01,現年度分特別徴収分,67,重層的支援体制整備事業繰出金,高齢福祉部 介護保険課,事業収入,special_account,176478,195871,19393,false,1,ippansainyu.csv,17572
rd_2026_long_term_care_insurance_revenue_41_01_01_02_01_3645200000,rs_2026_long_term_care_insurance_revenue_41_01_01_02,2026_long_term_care_insurance_revenue_41_01_01,2026,long_term_care_insurance,介護保険事業会計,41,保険料,01,介護保険料,01,第１号被保険者保険料,02,現年度分普通徴収分,01,居宅介護サービス給付費,高齢福祉部 介護保険課,事業収入,special_account,2004252,2470958,466706,false,1,ippansainyu.csv,17573
rd_2026_long_term_care_insurance_revenue_41_01_01_03_01_3645200000,rs_2026_long_term_care_insurance_revenue_41_01_01_03,2026_long_term_care_insurance_revenue_41_01_01,2026,long_term_care_insurance,介護保険事業会計,41,保険料,01,介護保険料,01,第１号被保険者保険料,03,滞納繰越分普通徴収分,01,居宅介護サービス給付費,高齢福祉部 介護保険課,事業収入,special_account,25502,25854,352,false,1,ippansainyu.csv,17574
rd_2026_long_term_care_insurance_revenue_41_01_01_03_14_3645200000,rs_2026_long_term_care_insurance_revenue_41_01_01_03,2026_long_term_care_insurance_revenue_41_01_01,2026,long_term_care_insurance,介護保険事業会計,41,保険料,01,介護保険料,01,第１号被保険者保険料,03,滞納繰越分普通徴収分,14,介護給付費準備基金積立金,高齢福祉部 介護保険課,事業収入,special_account,0,0,0,true,0,ippansainyu.csv,17575
rd_2026_long_term_care_insurance_revenue_41_01_01_03_52_3645200000,rs_2026_long_term_care_insurance_revenue_41_01_01_03,2026_long_term_care_insurance_revenue_41_01_01,2026,long_term_care_insurance,介護保険事業会計,41,保険料,01,介護保険料,01,第１号被保険者保険料,03,滞納繰越分普通徴収分,52,第１号被保険者保険料還付金,高齢福祉部 介護保険課,事業収入,special_account,44900,43384,-1516,false,1,ippansainyu.csv,17576
rd_2026_long_term_care_insurance_revenue_41_01_01_03_53_3645200000,rs_2026_long_term_care_insurance_revenue_41_01_01_03,2026_long_term_care_insurance_revenue_41_01_01,2026,long_term_care_insurance,介護保険事業会計,41,保険料,01,介護保険料,01,第１号被保険者保険料,03,滞納繰越分普通徴収分,53,第１号被保険者保険料延滞金還付金,高齢福祉部 介護保険課,事業収入,special_account,9,11,2,false,1,ippansainyu.csv,17577
rd_2026_long_term_care_insurance_revenue_42_01_01_01_01_3645200000,rs_2026_long_term_care_insurance_revenue_42_01_01_01,2026_long_term_care_insurance_revenue_42_01_01,2026,long_term_care_insurance,介護保険事業会計,42,使用料及手数料,01,手数料,01,総務手数料,01,総務手数料,01,保険料納付済等証明手数料,高齢福祉部 介護保険課,手数料,special_account,1,1,0,false,1,ippansainyu.csv,17578
rd_2026_long_term_care_insurance_revenue_43_01_01_01_01_3645200000,rs_2026_long_term_care_insurance_revenue_43_01_01_01,2026_long_term_care_insurance_revenue_43_01_01,2026,long_term_care_insurance,介護保険事業会計,43,国庫支出金,01,国庫負担金,01,介護給付費負担金,01,現年度分,01,居宅介護サービス給付費,高齢福祉部 介護保険課,国庫支出金,special_account,6964619,7183340,218721,false,1,ippansainyu.csv,17579
rd_2026_long_term_care_insurance_revenue_43_01_01_01_02_3645200000,rs_2026_long_term_care_insurance_revenue_43_01_01_01,2026_long_term_care_insurance_revenue_43_01_01,2026,long_term_care_insurance,介護保険事業会計,43,国庫支出金,01,国庫負担金,01,介護給付費負担金,01,現年度分,02,施設介護サービス給付費,高齢福祉部 介護保険課,国庫支出金,special_account,2002592,2064450,61858,false,1,ippansainyu.csv,17580
rd_2026_long_term_care_insurance_revenue_43_01_01_01_03_3645200000,rs_2026_long_term_care_insurance_revenue_43_01_01_01,2026_long_term_care_insurance_revenue_43_01_01,2026,long_term_care_insurance,介護保険事業会計,43,国庫支出金,01,国庫負担金,01,介護給付費負担金,01,現年度分,03,居宅介護福祉用具購入費,高齢福祉部 介護保険課,国庫支出金,special_account,18437,18675,238,false,1,ippansainyu.csv,17581
rd_2026_long_term_care_insurance_revenue_43_01_01_01_04_3645200000,rs_2026_long_term_care_insurance_revenue_43_01_01_01,2026_long_term_care_insurance_revenue_43_01_01,2026,long_term_care_insurance,介護保険事業会計,43,国庫支出金,01,国庫負担金,01,介護給付費負担金,01,現年度分,04,居宅介護住宅改修費,高齢福祉部 介護保険課,国庫支出金,special_account,28451,28556,105,false,1,ippansainyu.csv,17582
rd_2026_long_term_care_insurance_revenue_43_01_01_01_05_3645200000,rs_2026_long_term_care_insurance_revenue_43_01_01_01,2026_long_term_care_insurance_revenue_43_01_01,2026,long_term_care_insurance,介護保険事業会計,43,国庫支出金,01,国庫負担金,01,介護給付費負担金,01,現年度分,05,居宅介護サービス計画費,高齢福祉部 介護保険課,国庫支出金,special_account,782822,785200,2378,false,1,ippansainyu.csv,17583
rd_2026_long_term_care_insurance_revenue_43_01_01_01_10_3645200000,rs_2026_long_term_care_insurance_revenue_43_01_01_01,2026_long_term_care_insurance_revenue_43_01_01,2026,long_term_care_insurance,介護保険事業会計,43,国庫支出金,01,国庫負担金,01,介護給付費負担金,01,現年度分,10,審査支払手数料,高齢福祉部 介護保険課,国庫支出金,special_account,16473,16660,187,false,1,ippansainyu.csv,17584
rd_2026_long_term_care_insurance_revenue_43_01_01_01_11_3645200000,rs_2026_long_term_care_insurance_revenue_43_01_01_01,2026_long_term_care_insurance_revenue_43_01_01,2026,long_term_care_insurance,介護保険事業会計,43,国庫支出金,01,国庫負担金,01,介護給付費負担金,01,現年度分,11,高額介護サービス費,高齢福祉部 介護保険課,国庫支出金,special_account,463588,472206,8618,false,1,ippansainyu.csv,17585
rd_2026_long_term_care_insurance_revenue_43_01_01_01_13_3645200000,rs_2026_long_term_care_insurance_revenue_43_01_01_01,2026_long_term_care_insurance_revenue_43_01_01,2026,long_term_care_insurance,介護保険事業会計,43,国庫支出金,01,国庫負担金,01,介護給付費負担金,01,現年度分,13,地域密着型介護サービス給付費,高齢福祉部 介護保険課,国庫支出金,special_account,1992123,1918200,-73923,false,1,ippansainyu.csv,17586
rd_2026_long_term_care_insurance_revenue_43_01_01_01_14_3645200000,rs_2026_long_term_care_insurance_revenue_43_01_01_01,2026_long_term_care_insurance_revenue_43_01_01,2026,long_term_care_insurance,介護保険事業会計,43,国庫支出金,01,国庫負担金,01,介護給付費負担金,01,現年度分,14,地域密着型介護予防サービス給付費,高齢福祉部 介護保険課,国庫支出金,special_account,7687,7177,-510,false,1,ippansainyu.csv,17587
rd_2026_long_term_care_insurance_revenue_43_01_01_01_15_3645200000,rs_2026_long_term_care_insurance_revenue_43_01_01_01,2026_long_term_care_insurance_revenue_43_01_01,2026,long_term_care_insurance,介護保険事業会計,43,国庫支出金,01,国庫負担金,01,介護給付費負担金,01,現年度分,15,特定入所者介護サービス費,高齢福祉部 介護保険課,国庫支出金,special_account,118991,102533,-16458,false,1,ippansainyu.csv,17588
rd_2026_long_term_care_insurance_revenue_43_01_01_01_16_3645200000,rs_2026_long_term_care_insurance_revenue_43_01_01_01,2026_long_term_care_insurance_revenue_43_01_01,2026,long_term_care_insurance,介護保険事業会計,43,国庫支出金,01,国庫負担金,01,介護給付費負担金,01,現年度分,16,特定入所者介護予防サービス費,高齢福祉部 介護保険課,国庫支出金,special_account,81,81,0,false,1,ippansainyu.csv,17589
rd_2026_long_term_care_insurance_revenue_43_01_01_01_17_3645200000,rs_2026_long_term_care_insurance_revenue_43_01_01_01,2026_long_term_care_insurance_revenue_43_01_01,2026,long_term_care_insurance,介護保険事業会計,43,国庫支出金,01,国庫負担金,01,介護給付費負担金,01,現年度分,17,介護予防サービス給付費,高齢福祉部 介護保険課,国庫支出金,special_account,224387,246727,22340,false,1,ippansainyu.csv,17590
rd_2026_long_term_care_insurance_revenue_43_01_01_01_18_3645200000,rs_2026_long_term_care_insurance_revenue_43_01_01_01,2026_long_term_care_insurance_revenue_43_01_01,2026,long_term_care_insurance,介護保険事業会計,43,国庫支出金,01,国庫負担金,01,介護給付費負担金,01,現年度分,18,介護予防福祉用具購入費,高齢福祉部 介護保険課,国庫支出金,special_account,3620,3422,-198,false,1,ippansainyu.csv,17591
rd_2026_long_term_care_insurance_revenue_43_01_01_01_19_3645200000,rs_2026_long_term_care_insurance_revenue_43_01_01_01,2026_long_term_care_insurance_revenue_43_01_01,2026,long_term_care_insurance,介護保険事業会計,43,国庫支出金,01,国庫負担金,01,介護給付費負担金,01,現年度分,19,介護予防住宅改修費,高齢福祉部 介護保険課,国庫支出金,special_account,15636,16102,466,false,1,ippansainyu.csv,17592
rd_2026_long_term_care_insurance_revenue_43_01_01_01_20_3645200000,rs_2026_long_term_care_insurance_revenue_43_01_01_01,2026_long_term_care_insurance_revenue_43_01_01,2026,long_term_care_insurance,介護保険事業会計,43,国庫支出金,01,国庫負担金,01,介護給付費負担金,01,現年度分,20,介護予防サービス計画給付費,高齢福祉部 介護保険課,国庫支出金,special_account,48321,48691,370,false,1,ippansainyu.csv,17593
rd_2026_long_term_care_insurance_revenue_43_01_01_01_21_3645200000,rs_2026_long_term_care_insurance_revenue_43_01_01_01,2026_long_term_care_insurance_revenue_43_01_01,2026,long_term_care_insurance,介護保険事業会計,43,国庫支出金,01,国庫負担金,01,介護給付費負担金,01,現年度分,21,高額介護予防サービス費,高齢福祉部 介護保険課,国庫支出金,special_account,759,999,240,false,1,ippansainyu.csv,17594
rd_2026_long_term_care_insurance_revenue_43_01_01_01_24_3645200000,rs_2026_long_term_care_insurance_revenue_43_01_01_01,2026_long_term_care_insurance_revenue_43_01_01,2026,long_term_care_insurance,介護保険事業会計,43,国庫支出金,01,国庫負担金,01,介護給付費負担金,01,現年度分,24,高額医療合算介護サービス費,高齢福祉部 介護保険課,国庫支出金,special_account,84687,86514,1827,false,1,ippansainyu.csv,17595
rd_2026_long_term_care_insurance_revenue_43_01_01_01_25_3645200000,rs_2026_long_term_care_insurance_revenue_43_01_01_01,2026_long_term_care_insurance_revenue_43_01_01,2026,long_term_care_insurance,介護保険事業会計,43,国庫支出金,01,国庫負担金,01,介護給付費負担金,01,現年度分,25,高額医療合算介護予防サービス費,高齢福祉部 介護保険課,国庫支出金,special_account,914,914,0,false,1,ippansainyu.csv,17596
rd_2026_long_term_care_insurance_revenue_43_02_01_01_01_3645200000,rs_2026_long_term_care_insurance_revenue_43_02_01_01,2026_long_term_care_insurance_revenue_43_02_01,2026,long_term_care_insurance,介護保険事業会計,43,国庫支出金,02,国庫補助金,01,調整交付金,01,現年度分,01,居宅介護サービス給付費,高齢福祉部 介護保険課,国庫支出金,special_account,608931,474085,-134846,false,1,ippansainyu.csv,17597
rd_2026_long_term_care_insurance_revenue_43_02_01_01_02_3645200000,rs_2026_long_term_care_insurance_revenue_43_02_01_01,2026_long_term_care_insurance_revenue_43_02_01,2026,long_term_care_insurance,介護保険事業会計,43,国庫支出金,02,国庫補助金,01,調整交付金,01,現年度分,02,施設介護サービス給付費,高齢福祉部 介護保険課,国庫支出金,special_account,216280,167909,-48371,false,1,ippansainyu.csv,17598
rd_2026_long_term_care_insurance_revenue_43_02_01_01_03_3645200000,rs_2026_long_term_care_insurance_revenue_43_02_01_01,2026_long_term_care_insurance_revenue_43_02_01,2026,long_term_care_insurance,介護保険事業会計,43,国庫支出金,02,国庫補助金,01,調整交付金,01,現年度分,03,居宅介護福祉用具購入費,高齢福祉部 介護保険課,国庫支出金,special_account,1493,1139,-354,false,1,ippansainyu.csv,17599
rd_2026_long_term_care_insurance_revenue_43_02_01_01_04_3645200000,rs_2026_long_term_care_insurance_revenue_43_02_01_01,2026_long_term_care_insurance_revenue_43_02_01,2026,long_term_care_insurance,介護保険事業会計,43,国庫支出金,02,国庫補助金,01,調整交付金,01,現年度分,04,居宅介護住宅改修費,高齢福祉部 介護保険課,国庫支出金,special_account,2305,1742,-563,false,1,ippansainyu.csv,17600
rd_2026_long_term_care_insurance_revenue_43_02_01_01_05_3645200000,rs_2026_long_term_care_insurance_revenue_43_02_01_01,2026_long_term_care_insurance_revenue_43_02_01,2026,long_term_care_insurance,介護保険事業会計,43,国庫支出金,02,国庫補助金,01,調整交付金,01,現年度分,05,居宅介護サービス計画費,高齢福祉部 介護保険課,国庫支出金,special_account,63409,47897,-15512,false,1,ippansainyu.csv,17601
rd_2026_long_term_care_insurance_revenue_43_02_01_01_10_3645200000,rs_2026_long_term_care_insurance_revenue_43_02_01_01,2026_long_term_care_insurance_revenue_43_02_01,2026,long_term_care_insurance,介護保険事業会計,43,国庫支出金,02,国庫補助金,01,調整交付金,01,現年度分,10,審査支払手数料,高齢福祉部 介護保険課,国庫支出金,special_account,1360,1037,-323,false,1,ippansainyu.csv,17602
rd_2026_long_term_care_insurance_revenue_43_02_01_01_11_3645200000,rs_2026_long_term_care_insurance_revenue_43_02_01_01,2026_long_term_care_insurance_revenue_43_02_01,2026,long_term_care_insurance,介護保険事業会計,43,国庫支出金,02,国庫補助金,01,調整交付金,01,現年度分,11,高額介護サービス費,高齢福祉部 介護保険課,国庫支出金,special_account,37551,28805,-8746,false,1,ippansainyu.csv,17603
rd_2026_long_term_care_insurance_revenue_43_02_01_01_13_3645200000,rs_2026_long_term_care_insurance_revenue_43_02_01_01,2026_long_term_care_insurance_revenue_43_02_01,2026,long_term_care_insurance,介護保険事業会計,43,国庫支出金,02,国庫補助金,01,調整交付金,01,現年度分,13,地域密着型介護サービス給付費,高齢福祉部 介護保険課,国庫支出金,special_account,161362,117010,-44352,false,1,ippansainyu.csv,17604
rd_2026_long_term_care_insurance_revenue_43_02_01_01_14_3645200000,rs_2026_long_term_care_insurance_revenue_43_02_01_01,2026_long_term_care_insurance_revenue_43_02_01,2026,long_term_care_insurance,介護保険事業会計,43,国庫支出金,02,国庫補助金,01,調整交付金,01,現年度分,14,地域密着型介護予防サービス給付費,高齢福祉部 介護保険課,国庫支出金,special_account,623,438,-185,false,1,ippansainyu.csv,17605
rd_2026_long_term_care_insurance_revenue_43_02_01_01_15_3645200000,rs_2026_long_term_care_insurance_revenue_43_02_01_01,2026_long_term_care_insurance_revenue_43_02_01,2026,long_term_care_insurance,介護保険事業会計,43,国庫支出金,02,国庫補助金,01,調整交付金,01,現年度分,15,特定入所者介護サービス費,高齢福祉部 介護保険課,国庫支出金,special_account,12546,8122,-4424,false,1,ippansainyu.csv,17606
rd_2026_long_term_care_insurance_revenue_43_02_01_01_16_3645200000,rs_2026_long_term_care_insurance_revenue_43_02_01_01,2026_long_term_care_insurance_revenue_43_02_01,2026,long_term_care_insurance,介護保険事業会計,43,国庫支出金,02,国庫補助金,01,調整交付金,01,現年度分,16,特定入所者介護予防サービス費,高齢福祉部 介護保険課,国庫支出金,special_account,7,5,-2,false,1,ippansainyu.csv,17607
rd_2026_long_term_care_insurance_revenue_43_02_01_01_17_3645200000,rs_2026_long_term_care_insurance_revenue_43_02_01_01,2026_long_term_care_insurance_revenue_43_02_01,2026,long_term_care_insurance,介護保険事業会計,43,国庫支出金,02,国庫補助金,01,調整交付金,01,現年度分,17,介護予防サービス給付費,高齢福祉部 介護保険課,国庫支出金,special_account,19616,16324,-3292,false,1,ippansainyu.csv,17608
rd_2026_long_term_care_insurance_revenue_43_02_01_01_18_3645200000,rs_2026_long_term_care_insurance_revenue_43_02_01_01,2026_long_term_care_insurance_revenue_43_02_01,2026,long_term_care_insurance,介護保険事業会計,43,国庫支出金,02,国庫補助金,01,調整交付金,01,現年度分,18,介護予防福祉用具購入費,高齢福祉部 介護保険課,国庫支出金,special_account,293,209,-84,false,1,ippansainyu.csv,17609
rd_2026_long_term_care_insurance_revenue_43_02_01_01_19_3645200000,rs_2026_long_term_care_insurance_revenue_43_02_01_01,2026_long_term_care_insurance_revenue_43_02_01,2026,long_term_care_insurance,介護保険事業会計,43,国庫支出金,02,国庫補助金,01,調整交付金,01,現年度分,19,介護予防住宅改修費,高齢福祉部 介護保険課,国庫支出金,special_account,1267,982,-285,false,1,ippansainyu.csv,17610
rd_2026_long_term_care_insurance_revenue_43_02_01_01_20_3645200000,rs_2026_long_term_care_insurance_revenue_43_02_01_01,2026_long_term_care_insurance_revenue_43_02_01,2026,long_term_care_insurance,介護保険事業会計,43,国庫支出金,02,国庫補助金,01,調整交付金,01,現年度分,20,介護予防サービス計画給付費,高齢福祉部 介護保険課,国庫支出金,special_account,3914,2970,-944,false,1,ippansainyu.csv,17611
rd_2026_long_term_care_insurance_revenue_43_02_01_01_21_3645200000,rs_2026_long_term_care_insurance_revenue_43_02_01_01,2026_long_term_care_insurance_revenue_43_02_01,2026,long_term_care_insurance,介護保険事業会計,43,国庫支出金,02,国庫補助金,01,調整交付金,01,現年度分,21,高額介護予防サービス費,高齢福祉部 介護保険課,国庫支出金,special_account,62,61,-1,false,1,ippansainyu.csv,17612
rd_2026_long_term_care_insurance_revenue_43_02_01_01_24_3645200000,rs_2026_long_term_care_insurance_revenue_43_02_01_01,2026_long_term_care_insurance_revenue_43_02_01,2026,long_term_care_insurance,介護保険事業会計,43,国庫支出金,02,国庫補助金,01,調整交付金,01,現年度分,24,高額医療合算介護サービス費,高齢福祉部 介護保険課,国庫支出金,special_account,6860,5277,-1583,false,1,ippansainyu.csv,17613
rd_2026_long_term_care_insurance_revenue_43_02_01_01_25_3645200000,rs_2026_long_term_care_insurance_revenue_43_02_01_01,2026_long_term_care_insurance_revenue_43_02_01,2026,long_term_care_insurance,介護保険事業会計,43,国庫支出金,02,国庫補助金,01,調整交付金,01,現年度分,25,高額医療合算介護予防サービス費,高齢福祉部 介護保険課,国庫支出金,special_account,74,56,-18,false,1,ippansainyu.csv,17614
rd_2026_long_term_care_insurance_revenue_43_02_01_01_31_3645200000,rs_2026_long_term_care_insurance_revenue_43_02_01_01,2026_long_term_care_insurance_revenue_43_02_01,2026,long_term_care_insurance,介護保険事業会計,43,国庫支出金,02,国庫補助金,01,調整交付金,01,現年度分,31,介護保険事業管理運営,高齢福祉部 介護保険課,国庫支出金,special_account,96,48,-48,false,1,ippansainyu.csv,17615
rd_2026_long_term_care_insurance_revenue_43_02_01_01_32_3645200000,rs_2026_long_term_care_insurance_revenue_43_02_01_01,2026_long_term_care_insurance_revenue_43_02_01,2026,long_term_care_insurance,介護保険事業会計,43,国庫支出金,02,国庫補助金,01,調整交付金,01,現年度分,32,高額介護サービス費相当等事業費（調整）,高齢福祉部 介護保険課,国庫支出金,special_account,147,122,-25,false,1,ippansainyu.csv,17616
rd_2026_long_term_care_insurance_revenue_43_02_01_01_34_3645300000,rs_2026_long_term_care_insurance_revenue_43_02_01_01,2026_long_term_care_insurance_revenue_43_02_01,2026,long_term_care_insurance,介護保険事業会計,43,国庫支出金,02,国庫補助金,01,調整交付金,01,現年度分,34,サービス・活動事業（調整）,高齢福祉部 介護予防・支援課,国庫支出金,special_account,4029,3045,-984,false,1,ippansainyu.csv,17732
rd_2026_long_term_care_insurance_revenue_43_02_01_01_35_3645300000,rs_2026_long_term_care_insurance_revenue_43_02_01_01,2026_long_term_care_insurance_revenue_43_02_01,2026,long_term_care_insurance,介護保険事業会計,43,国庫支出金,02,国庫補助金,01,調整交付金,01,現年度分,35,一般介護予防事業（調整）,高齢福祉部 介護予防・支援課,国庫支出金,special_account,3265,2733,-532,false,1,ippansainyu.csv,17733
rd_2026_long_term_care_insurance_revenue_43_02_01_01_36_3645200000,rs_2026_long_term_care_insurance_revenue_43_02_01_01,2026_long_term_care_insurance_revenue_43_02_01,2026,long_term_care_insurance,介護保険事業会計,43,国庫支出金,02,国庫補助金,01,調整交付金,01,現年度分,36,総合事業指定事業者実施サービス等諸費（調整）,高齢福祉部 介護保険課,国庫支出金,special_account,20684,15682,-5002,false,1,ippansainyu.csv,17617
rd_2026_long_term_care_insurance_revenue_43_02_05_01_01_3645300000,rs_2026_long_term_care_insurance_revenue_43_02_05_01,2026_long_term_care_insurance_revenue_43_02_05,2026,long_term_care_insurance,介護保険事業会計,43,国庫支出金,02,国庫補助金,05,地域支援事業交付金（包括的支援事業・任意事業）,01,現年度分,01,地域包括支援センター運営委託,高齢福祉部 介護予防・支援課,国庫支出金,special_account,13712,14804,1092,false,1,ippansainyu.csv,17734
rd_2026_long_term_care_insurance_revenue_43_02_05_01_04_3645100000,rs_2026_long_term_care_insurance_revenue_43_02_05_01,2026_long_term_care_insurance_revenue_43_02_05,2026,long_term_care_insurance,介護保険事業会計,43,国庫支出金,02,国庫補助金,05,地域支援事業交付金（包括的支援事業・任意事業）,01,現年度分,04,高齢者おむつ支給,高齢福祉部 高齢福祉課,国庫支出金,special_account,77290,70016,-7274,false,1,ippansainyu.csv,17533
rd_2026_long_term_care_insurance_revenue_43_02_05_01_06_3645100000,rs_2026_long_term_care_insurance_revenue_43_02_05_01,2026_long_term_care_insurance_revenue_43_02_05,2026,long_term_care_insurance,介護保険事業会計,43,国庫支出金,02,国庫補助金,05,地域支援事業交付金（包括的支援事業・任意事業）,01,現年度分,06,住宅改修アドバイザー派遣,高齢福祉部 高齢福祉課,国庫支出金,special_account,564,559,-5,false,1,ippansainyu.csv,17534
rd_2026_long_term_care_insurance_revenue_43_02_05_01_07_3645200000,rs_2026_long_term_care_insurance_revenue_43_02_05_01,2026_long_term_care_insurance_revenue_43_02_05,2026,long_term_care_insurance,介護保険事業会計,43,国庫支出金,02,国庫補助金,05,地域支援事業交付金（包括的支援事業・任意事業）,01,現年度分,07,介護給付適正化事業,高齢福祉部 介護保険課,国庫支出金,special_account,1157,1306,149,false,1,ippansainyu.csv,17618
rd_2026_long_term_care_insurance_revenue_43_02_05_01_14_3645300000,rs_2026_long_term_care_insurance_revenue_43_02_05_01,2026_long_term_care_insurance_revenue_43_02_05,2026,long_term_care_insurance,介護保険事業会計,43,国庫支出金,02,国庫補助金,05,地域支援事業交付金（包括的支援事業・任意事業）,01,現年度分,14,認知症包括支援事業,高齢福祉部 介護予防・支援課,国庫支出金,special_account,21690,20562,-1128,false,1,ippansainyu.csv,17735
rd_2026_long_term_care_insurance_revenue_43_02_05_01_15_3645300000,rs_2026_long_term_care_insurance_revenue_43_02_05_01,2026_long_term_care_insurance_revenue_43_02_05,2026,long_term_care_insurance,介護保険事業会計,43,国庫支出金,02,国庫補助金,05,地域支援事業交付金（包括的支援事業・任意事業）,01,現年度分,15,認知症ケア推進事業,高齢福祉部 介護予防・支援課,国庫支出金,special_account,12851,14054,1203,false,1,ippansainyu.csv,17736
rd_2026_long_term_care_insurance_revenue_43_02_05_01_17_3595150000,rs_2026_long_term_care_insurance_revenue_43_02_05_01,2026_long_term_care_insurance_revenue_43_02_05,2026,long_term_care_insurance,介護保険事業会計,43,国庫支出金,02,国庫補助金,05,地域支援事業交付金（包括的支援事業・任意事業）,01,現年度分,17,在宅医療・介護連携推進事業,保健福祉政策部 保福推進課,国庫支出金,special_account,29300,30864,1564,false,1,ippansainyu.csv,17271
rd_2026_long_term_care_insurance_revenue_43_02_05_01_18_3645200000,rs_2026_long_term_care_insurance_revenue_43_02_05_01,2026_long_term_care_insurance_revenue_43_02_05,2026,long_term_care_insurance,介護保険事業会計,43,国庫支出金,02,国庫補助金,05,地域支援事業交付金（包括的支援事業・任意事業）,01,現年度分,18,家族介護支援事業,高齢福祉部 介護保険課,国庫支出金,special_account,1376,1568,192,false,1,ippansainyu.csv,17619
rd_2026_long_term_care_insurance_revenue_43_02_05_01_19_3595200000,rs_2026_long_term_care_insurance_revenue_43_02_05_01,2026_long_term_care_insurance_revenue_43_02_05,2026,long_term_care_insurance,介護保険事業会計,43,国庫支出金,02,国庫補助金,05,地域支援事業交付金（包括的支援事業・任意事業）,01,現年度分,19,成年後見制度,保健福祉政策部 生活福祉課,国庫支出金,special_account,9185,9379,194,false,1,ippansainyu.csv,17346
rd_2026_long_term_care_insurance_revenue_43_02_05_01_20_3645100000,rs_2026_long_term_care_insurance_revenue_43_02_05_01,2026_long_term_care_insurance_revenue_43_02_05,2026,long_term_care_insurance,介護保険事業会計,43,国庫支出金,02,国庫補助金,05,地域支援事業交付金（包括的支援事業・任意事業）,01,現年度分,20,高齢者安心コール,高齢福祉部 高齢福祉課,国庫支出金,special_account,15174,14825,-349,false,1,ippansainyu.csv,17535
rd_2026_long_term_care_insurance_revenue_43_02_10_01_01_3645200000,rs_2026_long_term_care_insurance_revenue_43_02_10_01,2026_long_term_care_insurance_revenue_43_02_10,2026,long_term_care_insurance,介護保険事業会計,43,国庫支出金,02,国庫補助金,10,介護保険災害臨時特例補助金,01,介護保険災害臨時特例補助金,01,居宅介護サービス給付費,高齢福祉部 介護保険課,国庫支出金,special_account,35,35,0,false,1,ippansainyu.csv,17620
rd_2026_long_term_care_insurance_revenue_43_02_10_01_02_3645200000,rs_2026_long_term_care_insurance_revenue_43_02_10_01,2026_long_term_care_insurance_revenue_43_02_10,2026,long_term_care_insurance,介護保険事業会計,43,国庫支出金,02,国庫補助金,10,介護保険災害臨時特例補助金,01,介護保険災害臨時特例補助金,02,介護保険事業管理運営,高齢福祉部 介護保険課,国庫支出金,special_account,24,12,-12,false,1,ippansainyu.csv,17621
rd_2026_long_term_care_insurance_revenue_43_02_14_01_09_3645200000,rs_2026_long_term_care_insurance_revenue_43_02_14_01,2026_long_term_care_insurance_revenue_43_02_14,2026,long_term_care_insurance,介護保険事業会計,43,国庫支出金,02,国庫補助金,14,地域支援事業交付金（介護予防・日常生活支援総合事業）,01,現年度分,09,高額介護サービス費相当等事業費（地域支援）,高齢福祉部 介護保険課,国庫支出金,special_account,1820,1995,175,false,1,ippansainyu.csv,17622
rd_2026_long_term_care_insurance_revenue_43_02_14_01_11_3645300000,rs_2026_long_term_care_insurance_revenue_43_02_14_01,2026_long_term_care_insurance_revenue_43_02_14,2026,long_term_care_insurance,介護保険事業会計,43,国庫支出金,02,国庫補助金,14,地域支援事業交付金（介護予防・日常生活支援総合事業）,01,現年度分,11,サービス・活動事業（地域支援）,高齢福祉部 介護予防・支援課,国庫支出金,special_account,49736,49926,190,false,1,ippansainyu.csv,17737
rd_2026_long_term_care_insurance_revenue_43_02_14_01_12_3645300000,rs_2026_long_term_care_insurance_revenue_43_02_14_01,2026_long_term_care_insurance_revenue_43_02_14,2026,long_term_care_insurance,介護保険事業会計,43,国庫支出金,02,国庫補助金,14,地域支援事業交付金（介護予防・日常生活支援総合事業）,01,現年度分,12,一般介護予防事業（地域支援）,高齢福祉部 介護予防・支援課,国庫支出金,special_account,40314,44797,4483,false,1,ippansainyu.csv,17738
rd_2026_long_term_care_insurance_revenue_43_02_14_01_13_3645200000,rs_2026_long_term_care_insurance_revenue_43_02_14_01,2026_long_term_care_insurance_revenue_43_02_14,2026,long_term_care_insurance,介護保険事業会計,43,国庫支出金,02,国庫補助金,14,地域支援事業交付金（介護予防・日常生活支援総合事業）,01,現年度分,13,総合事業指定事業者実施サービス等諸費（地域支援）,高齢福祉部 介護保険課,国庫支出金,special_account,255350,257087,1737,false,1,ippansainyu.csv,17623
rd_2026_long_term_care_insurance_revenue_43_02_16_01_04_3645200000,rs_2026_long_term_care_insurance_revenue_43_02_16_01,2026_long_term_care_insurance_revenue_43_02_16,2026,long_term_care_insurance,介護保険事業会計,43,国庫支出金,02,国庫補助金,16,保険者機能強化推進交付金,01,保険者機能強化推進交付金,04,重層的支援体制整備事業繰出金,高齢福祉部 介護保険課,国庫支出金,special_account,48837,43954,-4883,false,1,ippansainyu.csv,17624
rd_2026_long_term_care_insurance_revenue_43_02_17_01_01_3645300000,rs_2026_long_term_care_insurance_revenue_43_02_17_01,2026_long_term_care_insurance_revenue_43_02_17,2026,long_term_care_insurance,介護保険事業会計,43,国庫支出金,02,国庫補助金,17,介護保険保険者努力支援交付金,01,介護保険保険者努力支援交付金,01,一般介護予防事業,高齢福祉部 介護予防・支援課,国庫支出金,special_account,53174,59983,6809,false,1,ippansainyu.csv,17739
rd_2026_long_term_care_insurance_revenue_43_02_17_01_02_3645300000,rs_2026_long_term_care_insurance_revenue_43_02_17_01,2026_long_term_care_insurance_revenue_43_02_17,2026,long_term_care_insurance,介護保険事業会計,43,国庫支出金,02,国庫補助金,17,介護保険保険者努力支援交付金,01,介護保険保険者努力支援交付金,02,サービス・活動事業,高齢福祉部 介護予防・支援課,国庫支出金,special_account,13099,4062,-9037,false,1,ippansainyu.csv,17740
rd_2026_long_term_care_insurance_revenue_43_02_17_01_05_3645300000,rs_2026_long_term_care_insurance_revenue_43_02_17_01,2026_long_term_care_insurance_revenue_43_02_17,2026,long_term_care_insurance,介護保険事業会計,43,国庫支出金,02,国庫補助金,17,介護保険保険者努力支援交付金,01,介護保険保険者努力支援交付金,05,認知症包括支援事業,高齢福祉部 介護予防・支援課,国庫支出金,special_account,12957,12283,-674,false,1,ippansainyu.csv,17741
rd_2026_long_term_care_insurance_revenue_43_02_17_01_06_3595150000,rs_2026_long_term_care_insurance_revenue_43_02_17_01,2026_long_term_care_insurance_revenue_43_02_17,2026,long_term_care_insurance,介護保険事業会計,43,国庫支出金,02,国庫補助金,17,介護保険保険者努力支援交付金,01,介護保険保険者努力支援交付金,06,在宅医療・介護連携推進事業,保健福祉政策部 保福推進課,国庫支出金,special_account,17505,18439,934,false,1,ippansainyu.csv,17272
rd_2026_long_term_care_insurance_revenue_44_01_01_01_01_3645200000,rs_2026_long_term_care_insurance_revenue_44_01_01_01,2026_long_term_care_insurance_revenue_44_01_01,2026,long_term_care_insurance,介護保険事業会計,44,支払基金交付金,01,支払基金交付金,01,介護給付費交付金,01,現年度分,01,居宅介護サービス給付費,高齢福祉部 介護保険課,支払基金交付金,special_account,10146481,10488898,342417,false,1,ippansainyu.csv,17625
rd_2026_long_term_care_insurance_revenue_44_01_01_01_02_3645200000,rs_2026_long_term_care_insurance_revenue_44_01_01_01,2026_long_term_care_insurance_revenue_44_01_01,2026,long_term_care_insurance,介護保険事業会計,44,支払基金交付金,01,支払基金交付金,01,介護給付費交付金,01,現年度分,02,施設介護サービス給付費,高齢福祉部 介護保険課,支払基金交付金,special_account,3604665,3716010,111345,false,1,ippansainyu.csv,17626
rd_2026_long_term_care_insurance_revenue_44_01_01_01_03_3645200000,rs_2026_long_term_care_insurance_revenue_44_01_01_01,2026_long_term_care_insurance_revenue_44_01_01,2026,long_term_care_insurance,介護保険事業会計,44,支払基金交付金,01,支払基金交付金,01,介護給付費交付金,01,現年度分,03,居宅介護福祉用具購入費,高齢福祉部 介護保険課,支払基金交付金,special_account,24890,25212,322,false,1,ippansainyu.csv,17627
rd_2026_long_term_care_insurance_revenue_44_01_01_01_04_3645200000,rs_2026_long_term_care_insurance_revenue_44_01_01_01,2026_long_term_care_insurance_revenue_44_01_01,2026,long_term_care_insurance,介護保険事業会計,44,支払基金交付金,01,支払基金交付金,01,介護給付費交付金,01,現年度分,04,居宅介護住宅改修費,高齢福祉部 介護保険課,支払基金交付金,special_account,38409,38550,141,false,1,ippansainyu.csv,17628
rd_2026_long_term_care_insurance_revenue_44_01_01_01_05_3645200000,rs_2026_long_term_care_insurance_revenue_44_01_01_01,2026_long_term_care_insurance_revenue_44_01_01,2026,long_term_care_insurance,介護保険事業会計,44,支払基金交付金,01,支払基金交付金,01,介護給付費交付金,01,現年度分,05,居宅介護サービス計画費,高齢福祉部 介護保険課,支払基金交付金,special_account,1056809,1060020,3211,false,1,ippansainyu.csv,17629
rd_2026_long_term_care_insurance_revenue_44_01_01_01_10_3645200000,rs_2026_long_term_care_insurance_revenue_44_01_01_01,2026_long_term_care_insurance_revenue_44_01_01,2026,long_term_care_insurance,介護保険事業会計,44,支払基金交付金,01,支払基金交付金,01,介護給付費交付金,01,現年度分,10,審査支払手数料,高齢福祉部 介護保険課,支払基金交付金,special_account,22673,22931,258,false,1,ippansainyu.csv,17630
rd_2026_long_term_care_insurance_revenue_44_01_01_01_11_3645200000,rs_2026_long_term_care_insurance_revenue_44_01_01_01,2026_long_term_care_insurance_revenue_44_01_01,2026,long_term_care_insurance,介護保険事業会計,44,支払基金交付金,01,支払基金交付金,01,介護給付費交付金,01,現年度分,11,高額介護サービス費,高齢福祉部 介護保険課,支払基金交付金,special_account,625844,637478,11634,false,1,ippansainyu.csv,17631
rd_2026_long_term_care_insurance_revenue_44_01_01_01_13_3645200000,rs_2026_long_term_care_insurance_revenue_44_01_01_01,2026_long_term_care_insurance_revenue_44_01_01,2026,long_term_care_insurance,介護保険事業会計,44,支払基金交付金,01,支払基金交付金,01,介護給付費交付金,01,現年度分,13,地域密着型介護サービス給付費,高齢福祉部 介護保険課,支払基金交付金,special_account,2689366,2589570,-99796,false,1,ippansainyu.csv,17632
rd_2026_long_term_care_insurance_revenue_44_01_01_01_14_3645200000,rs_2026_long_term_care_insurance_revenue_44_01_01_01,2026_long_term_care_insurance_revenue_44_01_01,2026,long_term_care_insurance,介護保険事業会計,44,支払基金交付金,01,支払基金交付金,01,介護給付費交付金,01,現年度分,14,地域密着型介護予防サービス給付費,高齢福祉部 介護保険課,支払基金交付金,special_account,10377,9689,-688,false,1,ippansainyu.csv,17633
rd_2026_long_term_care_insurance_revenue_44_01_01_01_15_3645200000,rs_2026_long_term_care_insurance_revenue_44_01_01_01,2026_long_term_care_insurance_revenue_44_01_01,2026,long_term_care_insurance,介護保険事業会計,44,支払基金交付金,01,支払基金交付金,01,介護給付費交付金,01,現年度分,15,特定入所者介護サービス費,高齢福祉部 介護保険課,支払基金交付金,special_account,209106,179737,-29369,false,1,ippansainyu.csv,17634
rd_2026_long_term_care_insurance_revenue_44_01_01_01_16_3645200000,rs_2026_long_term_care_insurance_revenue_44_01_01_01,2026_long_term_care_insurance_revenue_44_01_01,2026,long_term_care_insurance,介護保険事業会計,44,支払基金交付金,01,支払基金交付金,01,介護給付費交付金,01,現年度分,16,特定入所者介護予防サービス費,高齢福祉部 介護保険課,支払基金交付金,special_account,109,109,0,false,1,ippansainyu.csv,17635
rd_2026_long_term_care_insurance_revenue_44_01_01_01_17_3645200000,rs_2026_long_term_care_insurance_revenue_44_01_01_01,2026_long_term_care_insurance_revenue_44_01_01,2026,long_term_care_insurance,介護保険事業会計,44,支払基金交付金,01,支払基金交付金,01,介護給付費交付金,01,現年度分,17,介護予防サービス給付費,高齢福祉部 介護保険課,支払基金交付金,special_account,326944,361260,34316,false,1,ippansainyu.csv,17636
rd_2026_long_term_care_insurance_revenue_44_01_01_01_18_3645200000,rs_2026_long_term_care_insurance_revenue_44_01_01_01,2026_long_term_care_insurance_revenue_44_01_01,2026,long_term_care_insurance,介護保険事業会計,44,支払基金交付金,01,支払基金交付金,01,介護給付費交付金,01,現年度分,18,介護予防福祉用具購入費,高齢福祉部 介護保険課,支払基金交付金,special_account,4887,4619,-268,false,1,ippansainyu.csv,17637
rd_2026_long_term_care_insurance_revenue_44_01_01_01_19_3645200000,rs_2026_long_term_care_insurance_revenue_44_01_01_01,2026_long_term_care_insurance_revenue_44_01_01,2026,long_term_care_insurance,介護保険事業会計,44,支払基金交付金,01,支払基金交付金,01,介護給付費交付金,01,現年度分,19,介護予防住宅改修費,高齢福祉部 介護保険課,支払基金交付金,special_account,21109,21738,629,false,1,ippansainyu.csv,17638
rd_2026_long_term_care_insurance_revenue_44_01_01_01_20_3645200000,rs_2026_long_term_care_insurance_revenue_44_01_01_01,2026_long_term_care_insurance_revenue_44_01_01,2026,long_term_care_insurance,介護保険事業会計,44,支払基金交付金,01,支払基金交付金,01,介護給付費交付金,01,現年度分,20,介護予防サービス計画給付費,高齢福祉部 介護保険課,支払基金交付金,special_account,65234,65733,499,false,1,ippansainyu.csv,17639
rd_2026_long_term_care_insurance_revenue_44_01_01_01_21_3645200000,rs_2026_long_term_care_insurance_revenue_44_01_01_01,2026_long_term_care_insurance_revenue_44_01_01,2026,long_term_care_insurance,介護保険事業会計,44,支払基金交付金,01,支払基金交付金,01,介護給付費交付金,01,現年度分,21,高額介護予防サービス費,高齢福祉部 介護保険課,支払基金交付金,special_account,1025,1349,324,false,1,ippansainyu.csv,17640
rd_2026_long_term_care_insurance_revenue_44_01_01_01_25_3645200000,rs_2026_long_term_care_insurance_revenue_44_01_01_01,2026_long_term_care_insurance_revenue_44_01_01,2026,long_term_care_insurance,介護保険事業会計,44,支払基金交付金,01,支払基金交付金,01,介護給付費交付金,01,現年度分,25,高額医療合算介護サービス費,高齢福祉部 介護保険課,支払基金交付金,special_account,114327,116794,2467,false,1,ippansainyu.csv,17641
rd_2026_long_term_care_insurance_revenue_44_01_01_01_26_3645200000,rs_2026_long_term_care_insurance_revenue_44_01_01_01,2026_long_term_care_insurance_revenue_44_01_01,2026,long_term_care_insurance,介護保険事業会計,44,支払基金交付金,01,支払基金交付金,01,介護給付費交付金,01,現年度分,26,高額医療合算介護予防サービス費,高齢福祉部 介護保険課,支払基金交付金,special_account,1234,1234,0,false,1,ippansainyu.csv,17642
rd_2026_long_term_care_insurance_revenue_44_01_03_01_05_3645300000,rs_2026_long_term_care_insurance_revenue_44_01_03_01,2026_long_term_care_insurance_revenue_44_01_03,2026,long_term_care_insurance,介護保険事業会計,44,支払基金交付金,01,支払基金交付金,03,地域支援事業支援交付金（介護予防・日常生活支援総合事業）,01,現年度分,05,サービス・活動事業,高齢福祉部 介護予防・支援課,支払基金交付金,special_account,67144,67400,256,false,1,ippansainyu.csv,17742
rd_2026_long_term_care_insurance_revenue_44_01_03_01_06_3645200000,rs_2026_long_term_care_insurance_revenue_44_01_03_01,2026_long_term_care_insurance_revenue_44_01_03,2026,long_term_care_insurance,介護保険事業会計,44,支払基金交付金,01,支払基金交付金,03,地域支援事業支援交付金（介護予防・日常生活支援総合事業）,01,現年度分,06,高額介護サービス費相当等事業費,高齢福祉部 介護保険課,支払基金交付金,special_account,2457,2693,236,false,1,ippansainyu.csv,17643
rd_2026_long_term_care_insurance_revenue_44_01_03_01_07_3645300000,rs_2026_long_term_care_insurance_revenue_44_01_03_01,2026_long_term_care_insurance_revenue_44_01_03,2026,long_term_care_insurance,介護保険事業会計,44,支払基金交付金,01,支払基金交付金,03,地域支援事業支援交付金（介護予防・日常生活支援総合事業）,01,現年度分,07,一般介護予防事業,高齢福祉部 介護予防・支援課,支払基金交付金,special_account,54424,60476,6052,false,1,ippansainyu.csv,17743
rd_2026_long_term_care_insurance_revenue_44_01_03_01_09_3645200000,rs_2026_long_term_care_insurance_revenue_44_01_03_01,2026_long_term_care_insurance_revenue_44_01_03,2026,long_term_care_insurance,介護保険事業会計,44,支払基金交付金,01,支払基金交付金,03,地域支援事業支援交付金（介護予防・日常生活支援総合事業）,01,現年度分,09,総合事業指定事業者実施サービス等諸費,高齢福祉部 介護保険課,支払基金交付金,special_account,344722,347068,2346,false,1,ippansainyu.csv,17644
rd_2026_long_term_care_insurance_revenue_44_01_03_01_10_3645200000,rs_2026_long_term_care_insurance_revenue_44_01_03_01,2026_long_term_care_insurance_revenue_44_01_03,2026,long_term_care_insurance,介護保険事業会計,44,支払基金交付金,01,支払基金交付金,03,地域支援事業支援交付金（介護予防・日常生活支援総合事業）,01,現年度分,10,重層的支援体制整備事業繰出金,高齢福祉部 介護保険課,支払基金交付金,special_account,14696,15836,1140,false,1,ippansainyu.csv,17645
rd_2026_long_term_care_insurance_revenue_45_01_01_01_01_3645200000,rs_2026_long_term_care_insurance_revenue_45_01_01_01,2026_long_term_care_insurance_revenue_45_01_01,2026,long_term_care_insurance,介護保険事業会計,45,都支出金,01,都負担金,01,介護給付費負担金,01,現年度分,01,居宅介護サービス給付費,高齢福祉部 介護保険課,都支出金,special_account,5248734,5442185,193451,false,1,ippansainyu.csv,17646
rd_2026_long_term_care_insurance_revenue_45_01_01_01_02_3645200000,rs_2026_long_term_care_insurance_revenue_45_01_01_01,2026_long_term_care_insurance_revenue_45_01_01,2026,long_term_care_insurance,介護保険事業会計,45,都支出金,01,都負担金,01,介護給付費負担金,01,現年度分,02,施設介護サービス給付費,高齢福祉部 介護保険課,都支出金,special_account,2336357,2408525,72168,false,1,ippansainyu.csv,17647
rd_2026_long_term_care_insurance_revenue_45_01_01_01_03_3645200000,rs_2026_long_term_care_insurance_revenue_45_01_01_01,2026_long_term_care_insurance_revenue_45_01_01,2026,long_term_care_insurance,介護保険事業会計,45,都支出金,01,都負担金,01,介護給付費負担金,01,現年度分,03,居宅介護福祉用具購入費,高齢福祉部 介護保険課,都支出金,special_account,11523,11672,149,false,1,ippansainyu.csv,17648
rd_2026_long_term_care_insurance_revenue_45_01_01_01_04_3645200000,rs_2026_long_term_care_insurance_revenue_45_01_01_01,2026_long_term_care_insurance_revenue_45_01_01,2026,long_term_care_insurance,介護保険事業会計,45,都支出金,01,都負担金,01,介護給付費負担金,01,現年度分,04,居宅介護住宅改修費,高齢福祉部 介護保険課,都支出金,special_account,17782,17847,65,false,1,ippansainyu.csv,17649
rd_2026_long_term_care_insurance_revenue_45_01_01_01_05_3645200000,rs_2026_long_term_care_insurance_revenue_45_01_01_01,2026_long_term_care_insurance_revenue_45_01_01,2026,long_term_care_insurance,介護保険事業会計,45,都支出金,01,都負担金,01,介護給付費負担金,01,現年度分,05,居宅介護サービス計画費,高齢福祉部 介護保険課,都支出金,special_account,489264,490750,1486,false,1,ippansainyu.csv,17650
rd_2026_long_term_care_insurance_revenue_45_01_01_01_10_3645200000,rs_2026_long_term_care_insurance_revenue_45_01_01_01,2026_long_term_care_insurance_revenue_45_01_01,2026,long_term_care_insurance,介護保険事業会計,45,都支出金,01,都負担金,01,介護給付費負担金,01,現年度分,10,審査支払手数料,高齢福祉部 介護保険課,都支出金,special_account,10819,10942,123,false,1,ippansainyu.csv,17651
rd_2026_long_term_care_insurance_revenue_45_01_01_01_11_3645200000,rs_2026_long_term_care_insurance_revenue_45_01_01_01,2026_long_term_care_insurance_revenue_45_01_01,2026,long_term_care_insurance,介護保険事業会計,45,都支出金,01,都負担金,01,介護給付費負担金,01,現年度分,11,高額介護サービス費,高齢福祉部 介護保険課,都支出金,special_account,289743,295129,5386,false,1,ippansainyu.csv,17652
rd_2026_long_term_care_insurance_revenue_45_01_01_01_13_3645200000,rs_2026_long_term_care_insurance_revenue_45_01_01_01,2026_long_term_care_insurance_revenue_45_01_01,2026,long_term_care_insurance,介護保険事業会計,45,都支出金,01,都負担金,01,介護給付費負担金,01,現年度分,13,地域密着型介護サービス給付費,高齢福祉部 介護保険課,都支出金,special_account,1245077,1198875,-46202,false,1,ippansainyu.csv,17653
rd_2026_long_term_care_insurance_revenue_45_01_01_01_14_3645200000,rs_2026_long_term_care_insurance_revenue_45_01_01_01,2026_long_term_care_insurance_revenue_45_01_01,2026,long_term_care_insurance,介護保険事業会計,45,都支出金,01,都負担金,01,介護給付費負担金,01,現年度分,14,地域密着型介護予防サービス給付費,高齢福祉部 介護保険課,都支出金,special_account,4804,4486,-318,false,1,ippansainyu.csv,17654
rd_2026_long_term_care_insurance_revenue_45_01_01_01_15_3645200000,rs_2026_long_term_care_insurance_revenue_45_01_01_01,2026_long_term_care_insurance_revenue_45_01_01,2026,long_term_care_insurance,介護保険事業会計,45,都支出金,01,都負担金,01,介護給付費負担金,01,現年度分,15,特定入所者介護サービス費,高齢福祉部 介護保険課,都支出金,special_account,132710,113817,-18893,false,1,ippansainyu.csv,17655
rd_2026_long_term_care_insurance_revenue_45_01_01_01_16_3645200000,rs_2026_long_term_care_insurance_revenue_45_01_01_01,2026_long_term_care_insurance_revenue_45_01_01,2026,long_term_care_insurance,介護保険事業会計,45,都支出金,01,都負担金,01,介護給付費負担金,01,現年度分,16,特定入所者介護予防サービス費,高齢福祉部 介護保険課,都支出金,special_account,50,50,0,false,1,ippansainyu.csv,17656
rd_2026_long_term_care_insurance_revenue_45_01_01_01_17_3645200000,rs_2026_long_term_care_insurance_revenue_45_01_01_01,2026_long_term_care_insurance_revenue_45_01_01,2026,long_term_care_insurance,介護保険事業会計,45,都支出金,01,都負担金,01,介護給付費負担金,01,現年度分,17,介護予防サービス給付費,高齢福祉部 介護保険課,都支出金,special_account,169158,188123,18965,false,1,ippansainyu.csv,17657
rd_2026_long_term_care_insurance_revenue_45_01_01_01_18_3645200000,rs_2026_long_term_care_insurance_revenue_45_01_01_01,2026_long_term_care_insurance_revenue_45_01_01,2026,long_term_care_insurance,介護保険事業会計,45,都支出金,01,都負担金,01,介護給付費負担金,01,現年度分,18,介護予防福祉用具購入費,高齢福祉部 介護保険課,都支出金,special_account,2263,2139,-124,false,1,ippansainyu.csv,17658
rd_2026_long_term_care_insurance_revenue_45_01_01_01_19_3645200000,rs_2026_long_term_care_insurance_revenue_45_01_01_01,2026_long_term_care_insurance_revenue_45_01_01,2026,long_term_care_insurance,介護保険事業会計,45,都支出金,01,都負担金,01,介護給付費負担金,01,現年度分,19,介護予防住宅改修費,高齢福祉部 介護保険課,都支出金,special_account,9773,10064,291,false,1,ippansainyu.csv,17659
rd_2026_long_term_care_insurance_revenue_45_01_01_01_20_3645200000,rs_2026_long_term_care_insurance_revenue_45_01_01_01,2026_long_term_care_insurance_revenue_45_01_01,2026,long_term_care_insurance,介護保険事業会計,45,都支出金,01,都負担金,01,介護給付費負担金,01,現年度分,20,介護予防サービス計画給付費,高齢福祉部 介護保険課,都支出金,special_account,30201,30432,231,false,1,ippansainyu.csv,17660
rd_2026_long_term_care_insurance_revenue_45_01_01_01_21_3645200000,rs_2026_long_term_care_insurance_revenue_45_01_01_01,2026_long_term_care_insurance_revenue_45_01_01,2026,long_term_care_insurance,介護保険事業会計,45,都支出金,01,都負担金,01,介護給付費負担金,01,現年度分,21,高額介護予防サービス費,高齢福祉部 介護保険課,都支出金,special_account,475,624,149,false,1,ippansainyu.csv,17661
rd_2026_long_term_care_insurance_revenue_45_01_01_01_24_3645200000,rs_2026_long_term_care_insurance_revenue_45_01_01_01,2026_long_term_care_insurance_revenue_45_01_01,2026,long_term_care_insurance,介護保険事業会計,45,都支出金,01,都負担金,01,介護給付費負担金,01,現年度分,24,高額医療合算介護サービス費,高齢福祉部 介護保険課,都支出金,special_account,52929,54071,1142,false,1,ippansainyu.csv,17662
rd_2026_long_term_care_insurance_revenue_45_01_01_01_25_3645200000,rs_2026_long_term_care_insurance_revenue_45_01_01_01,2026_long_term_care_insurance_revenue_45_01_01,2026,long_term_care_insurance,介護保険事業会計,45,都支出金,01,都負担金,01,介護給付費負担金,01,現年度分,25,高額医療合算介護予防サービス費,高齢福祉部 介護保険課,都支出金,special_account,571,571,0,false,1,ippansainyu.csv,17663
rd_2026_long_term_care_insurance_revenue_45_03_02_01_01_3645300000,rs_2026_long_term_care_insurance_revenue_45_03_02_01,2026_long_term_care_insurance_revenue_45_03_02,2026,long_term_care_insurance,介護保険事業会計,45,都支出金,03,都補助金,02,地域支援事業交付金（包括的支援事業・任意事業）,01,現年度分,01,地域包括支援センター運営委託,高齢福祉部 介護予防・支援課,都支出金,special_account,6856,7402,546,false,1,ippansainyu.csv,17744
rd_2026_long_term_care_insurance_revenue_45_03_02_01_04_3645100000,rs_2026_long_term_care_insurance_revenue_45_03_02_01,2026_long_term_care_insurance_revenue_45_03_02,2026,long_term_care_insurance,介護保険事業会計,45,都支出金,03,都補助金,02,地域支援事業交付金（包括的支援事業・任意事業）,01,現年度分,04,高齢者おむつ支給,高齢福祉部 高齢福祉課,都支出金,special_account,38645,35008,-3637,false,1,ippansainyu.csv,17536
rd_2026_long_term_care_insurance_revenue_45_03_02_01_06_3645100000,rs_2026_long_term_care_insurance_revenue_45_03_02_01,2026_long_term_care_insurance_revenue_45_03_02,2026,long_term_care_insurance,介護保険事業会計,45,都支出金,03,都補助金,02,地域支援事業交付金（包括的支援事業・任意事業）,01,現年度分,06,住宅改修アドバイザー派遣,高齢福祉部 高齢福祉課,都支出金,special_account,282,280,-2,false,1,ippansainyu.csv,17537
rd_2026_long_term_care_insurance_revenue_45_03_02_01_07_3645200000,rs_2026_long_term_care_insurance_revenue_45_03_02_01,2026_long_term_care_insurance_revenue_45_03_02,2026,long_term_care_insurance,介護保険事業会計,45,都支出金,03,都補助金,02,地域支援事業交付金（包括的支援事業・任意事業）,01,現年度分,07,介護給付適正化事業,高齢福祉部 介護保険課,都支出金,special_account,578,653,75,false,1,ippansainyu.csv,17664
rd_2026_long_term_care_insurance_revenue_45_03_02_01_14_3645300000,rs_2026_long_term_care_insurance_revenue_45_03_02_01,2026_long_term_care_insurance_revenue_45_03_02,2026,long_term_care_insurance,介護保険事業会計,45,都支出金,03,都補助金,02,地域支援事業交付金（包括的支援事業・任意事業）,01,現年度分,14,認知症包括支援事業,高齢福祉部 介護予防・支援課,都支出金,special_account,10845,10281,-564,false,1,ippansainyu.csv,17745
rd_2026_long_term_care_insurance_revenue_45_03_02_01_15_3645300000,rs_2026_long_term_care_insurance_revenue_45_03_02_01,2026_long_term_care_insurance_revenue_45_03_02,2026,long_term_care_insurance,介護保険事業会計,45,都支出金,03,都補助金,02,地域支援事業交付金（包括的支援事業・任意事業）,01,現年度分,15,認知症ケア推進事業,高齢福祉部 介護予防・支援課,都支出金,special_account,6426,7027,601,false,1,ippansainyu.csv,17746
rd_2026_long_term_care_insurance_revenue_45_03_02_01_17_3595150000,rs_2026_long_term_care_insurance_revenue_45_03_02_01,2026_long_term_care_insurance_revenue_45_03_02,2026,long_term_care_insurance,介護保険事業会計,45,都支出金,03,都補助金,02,地域支援事業交付金（包括的支援事業・任意事業）,01,現年度分,17,在宅医療・介護連携推進事業,保健福祉政策部 保福推進課,都支出金,special_account,14650,15432,782,false,1,ippansainyu.csv,17273
rd_2026_long_term_care_insurance_revenue_45_03_02_01_18_3645200000,rs_2026_long_term_care_insurance_revenue_45_03_02_01,2026_long_term_care_insurance_revenue_45_03_02,2026,long_term_care_insurance,介護保険事業会計,45,都支出金,03,都補助金,02,地域支援事業交付金（包括的支援事業・任意事業）,01,現年度分,18,家族介護支援事業,高齢福祉部 介護保険課,都支出金,special_account,688,784,96,false,1,ippansainyu.csv,17665
rd_2026_long_term_care_insurance_revenue_45_03_02_01_19_3595200000,rs_2026_long_term_care_insurance_revenue_45_03_02_01,2026_long_term_care_insurance_revenue_45_03_02,2026,long_term_care_insurance,介護保険事業会計,45,都支出金,03,都補助金,02,地域支援事業交付金（包括的支援事業・任意事業）,01,現年度分,19,成年後見制度,保健福祉政策部 生活福祉課,都支出金,special_account,4592,4689,97,false,1,ippansainyu.csv,17347
rd_2026_long_term_care_insurance_revenue_45_03_02_01_20_3645100000,rs_2026_long_term_care_insurance_revenue_45_03_02_01,2026_long_term_care_insurance_revenue_45_03_02,2026,long_term_care_insurance,介護保険事業会計,45,都支出金,03,都補助金,02,地域支援事業交付金（包括的支援事業・任意事業）,01,現年度分,20,高齢者安心コール,高齢福祉部 高齢福祉課,都支出金,special_account,7587,7412,-175,false,1,ippansainyu.csv,17538
rd_2026_long_term_care_insurance_revenue_45_03_08_01_05_3645300000,rs_2026_long_term_care_insurance_revenue_45_03_08_01,2026_long_term_care_insurance_revenue_45_03_08,2026,long_term_care_insurance,介護保険事業会計,45,都支出金,03,都補助金,08,地域支援事業交付金（介護予防・日常生活支援総合事業）,01,現年度分,05,サービス・活動事業,高齢福祉部 介護予防・支援課,都支出金,special_account,31085,31204,119,false,1,ippansainyu.csv,17747
rd_2026_long_term_care_insurance_revenue_45_03_08_01_06_3645200000,rs_2026_long_term_care_insurance_revenue_45_03_08_01,2026_long_term_care_insurance_revenue_45_03_08,2026,long_term_care_insurance,介護保険事業会計,45,都支出金,03,都補助金,08,地域支援事業交付金（介護予防・日常生活支援総合事業）,01,現年度分,06,高額介護サービス費相当等事業費,高齢福祉部 介護保険課,都支出金,special_account,1137,1247,110,false,1,ippansainyu.csv,17666
rd_2026_long_term_care_insurance_revenue_45_03_08_01_07_3645300000,rs_2026_long_term_care_insurance_revenue_45_03_08_01,2026_long_term_care_insurance_revenue_45_03_08,2026,long_term_care_insurance,介護保険事業会計,45,都支出金,03,都補助金,08,地域支援事業交付金（介護予防・日常生活支援総合事業）,01,現年度分,07,一般介護予防事業,高齢福祉部 介護予防・支援課,都支出金,special_account,25196,27998,2802,false,1,ippansainyu.csv,17748
rd_2026_long_term_care_insurance_revenue_45_03_08_01_09_3645200000,rs_2026_long_term_care_insurance_revenue_45_03_08_01,2026_long_term_care_insurance_revenue_45_03_08,2026,long_term_care_insurance,介護保険事業会計,45,都支出金,03,都補助金,08,地域支援事業交付金（介護予防・日常生活支援総合事業）,01,現年度分,09,総合事業指定事業者実施サービス等諸費,高齢福祉部 介護保険課,都支出金,special_account,159595,160679,1084,false,1,ippansainyu.csv,17667
rd_2026_long_term_care_insurance_revenue_46_01_02_01_02_3645200000,rs_2026_long_term_care_insurance_revenue_46_01_02_01,2026_long_term_care_insurance_revenue_46_01_02,2026,long_term_care_insurance,介護保険事業会計,46,財産収入,01,財産運用収入,02,利子及配当金,01,基金利子,02,介護給付費準備基金利子,高齢福祉部 介護保険課,財産収入,special_account,34640,65792,31152,false,1,ippansainyu.csv,17668
rd_2026_long_term_care_insurance_revenue_48_01_01_01_01_3645200000,rs_2026_long_term_care_insurance_revenue_48_01_01_01,2026_long_term_care_insurance_revenue_48_01_01,2026,long_term_care_insurance,介護保険事業会計,48,繰入金,01,一般会計繰入金,01,介護給付費繰入金,01,現年度分,01,居宅介護サービス給付費,高齢福祉部 介護保険課,繰入金,special_account,4697444,4855973,158529,false,1,ippansainyu.csv,17669
rd_2026_long_term_care_insurance_revenue_48_01_01_01_02_3645200000,rs_2026_long_term_care_insurance_revenue_48_01_01_01,2026_long_term_care_insurance_revenue_48_01_01,2026,long_term_care_insurance,介護保険事業会計,48,繰入金,01,一般会計繰入金,01,介護給付費繰入金,01,現年度分,02,施設介護サービス給付費,高齢福祉部 介護保険課,繰入金,special_account,1668826,1720375,51549,false,1,ippansainyu.csv,17670
rd_2026_long_term_care_insurance_revenue_48_01_01_01_03_3645200000,rs_2026_long_term_care_insurance_revenue_48_01_01_01,2026_long_term_care_insurance_revenue_48_01_01,2026,long_term_care_insurance,介護保険事業会計,48,繰入金,01,一般会計繰入金,01,介護給付費繰入金,01,現年度分,03,居宅介護福祉用具購入費,高齢福祉部 介護保険課,繰入金,special_account,11523,11672,149,false,1,ippansainyu.csv,17671
rd_2026_long_term_care_insurance_revenue_48_01_01_01_04_3645200000,rs_2026_long_term_care_insurance_revenue_48_01_01_01,2026_long_term_care_insurance_revenue_48_01_01,2026,long_term_care_insurance,介護保険事業会計,48,繰入金,01,一般会計繰入金,01,介護給付費繰入金,01,現年度分,04,居宅介護住宅改修費,高齢福祉部 介護保険課,繰入金,special_account,17782,17847,65,false,1,ippansainyu.csv,17672
rd_2026_long_term_care_insurance_revenue_48_01_01_01_05_3645200000,rs_2026_long_term_care_insurance_revenue_48_01_01_01,2026_long_term_care_insurance_revenue_48_01_01,2026,long_term_care_insurance,介護保険事業会計,48,繰入金,01,一般会計繰入金,01,介護給付費繰入金,01,現年度分,05,居宅介護サービス計画費,高齢福祉部 介護保険課,繰入金,special_account,489264,490750,1486,false,1,ippansainyu.csv,17673
rd_2026_long_term_care_insurance_revenue_48_01_01_01_10_3645200000,rs_2026_long_term_care_insurance_revenue_48_01_01_01,2026_long_term_care_insurance_revenue_48_01_01,2026,long_term_care_insurance,介護保険事業会計,48,繰入金,01,一般会計繰入金,01,介護給付費繰入金,01,現年度分,10,審査支払手数料,高齢福祉部 介護保険課,繰入金,special_account,10497,10616,119,false,1,ippansainyu.csv,17674
rd_2026_long_term_care_insurance_revenue_48_01_01_01_11_3645200000,rs_2026_long_term_care_insurance_revenue_48_01_01_01,2026_long_term_care_insurance_revenue_48_01_01,2026,long_term_care_insurance,介護保険事業会計,48,繰入金,01,一般会計繰入金,01,介護給付費繰入金,01,現年度分,11,高額介護サービス費,高齢福祉部 介護保険課,繰入金,special_account,289743,295129,5386,false,1,ippansainyu.csv,17675
rd_2026_long_term_care_insurance_revenue_48_01_01_01_13_3645200000,rs_2026_long_term_care_insurance_revenue_48_01_01_01,2026_long_term_care_insurance_revenue_48_01_01,2026,long_term_care_insurance,介護保険事業会計,48,繰入金,01,一般会計繰入金,01,介護給付費繰入金,01,現年度分,13,予備費,高齢福祉部 介護保険課,繰入金,special_account,30000,30000,0,false,1,ippansainyu.csv,17676
rd_2026_long_term_care_insurance_revenue_48_01_01_01_14_3645200000,rs_2026_long_term_care_insurance_revenue_48_01_01_01,2026_long_term_care_insurance_revenue_48_01_01,2026,long_term_care_insurance,介護保険事業会計,48,繰入金,01,一般会計繰入金,01,介護給付費繰入金,01,現年度分,14,地域密着型介護サービス給付費,高齢福祉部 介護保険課,繰入金,special_account,1245077,1198875,-46202,false,1,ippansainyu.csv,17677
rd_2026_long_term_care_insurance_revenue_48_01_01_01_15_3645200000,rs_2026_long_term_care_insurance_revenue_48_01_01_01,2026_long_term_care_insurance_revenue_48_01_01,2026,long_term_care_insurance,介護保険事業会計,48,繰入金,01,一般会計繰入金,01,介護給付費繰入金,01,現年度分,15,地域密着型介護予防サービス給付費,高齢福祉部 介護保険課,繰入金,special_account,4804,4486,-318,false,1,ippansainyu.csv,17678
rd_2026_long_term_care_insurance_revenue_48_01_01_01_16_3645200000,rs_2026_long_term_care_insurance_revenue_48_01_01_01,2026_long_term_care_insurance_revenue_48_01_01,2026,long_term_care_insurance,介護保険事業会計,48,繰入金,01,一般会計繰入金,01,介護給付費繰入金,01,現年度分,16,特定入所者介護サービス費,高齢福祉部 介護保険課,繰入金,special_account,96808,83211,-13597,false,1,ippansainyu.csv,17679
rd_2026_long_term_care_insurance_revenue_48_01_01_01_17_3645200000,rs_2026_long_term_care_insurance_revenue_48_01_01_01,2026_long_term_care_insurance_revenue_48_01_01,2026,long_term_care_insurance,介護保険事業会計,48,繰入金,01,一般会計繰入金,01,介護給付費繰入金,01,現年度分,17,特定入所者介護予防サービス費,高齢福祉部 介護保険課,繰入金,special_account,50,50,0,false,1,ippansainyu.csv,17680
rd_2026_long_term_care_insurance_revenue_48_01_01_01_18_3645200000,rs_2026_long_term_care_insurance_revenue_48_01_01_01,2026_long_term_care_insurance_revenue_48_01_01,2026,long_term_care_insurance,介護保険事業会計,48,繰入金,01,一般会計繰入金,01,介護給付費繰入金,01,現年度分,18,介護予防サービス給付費,高齢福祉部 介護保険課,繰入金,special_account,151363,167250,15887,false,1,ippansainyu.csv,17681
rd_2026_long_term_care_insurance_revenue_48_01_01_01_19_3645200000,rs_2026_long_term_care_insurance_revenue_48_01_01_01,2026_long_term_care_insurance_revenue_48_01_01,2026,long_term_care_insurance,介護保険事業会計,48,繰入金,01,一般会計繰入金,01,介護給付費繰入金,01,現年度分,19,介護予防福祉用具購入費,高齢福祉部 介護保険課,繰入金,special_account,2263,2139,-124,false,1,ippansainyu.csv,17682
rd_2026_long_term_care_insurance_revenue_48_01_01_01_20_3645200000,rs_2026_long_term_care_insurance_revenue_48_01_01_01,2026_long_term_care_insurance_revenue_48_01_01,2026,long_term_care_insurance,介護保険事業会計,48,繰入金,01,一般会計繰入金,01,介護給付費繰入金,01,現年度分,20,介護予防住宅改修費,高齢福祉部 介護保険課,繰入金,special_account,9773,10064,291,false,1,ippansainyu.csv,17683
rd_2026_long_term_care_insurance_revenue_48_01_01_01_21_3645200000,rs_2026_long_term_care_insurance_revenue_48_01_01_01,2026_long_term_care_insurance_revenue_48_01_01,2026,long_term_care_insurance,介護保険事業会計,48,繰入金,01,一般会計繰入金,01,介護給付費繰入金,01,現年度分,21,介護予防サービス計画給付費,高齢福祉部 介護保険課,繰入金,special_account,30201,30432,231,false,1,ippansainyu.csv,17684
rd_2026_long_term_care_insurance_revenue_48_01_01_01_22_3645200000,rs_2026_long_term_care_insurance_revenue_48_01_01_01,2026_long_term_care_insurance_revenue_48_01_01,2026,long_term_care_insurance,介護保険事業会計,48,繰入金,01,一般会計繰入金,01,介護給付費繰入金,01,現年度分,22,高額介護予防サービス費,高齢福祉部 介護保険課,繰入金,special_account,475,624,149,false,1,ippansainyu.csv,17685
rd_2026_long_term_care_insurance_revenue_48_01_01_01_25_3645200000,rs_2026_long_term_care_insurance_revenue_48_01_01_01,2026_long_term_care_insurance_revenue_48_01_01,2026,long_term_care_insurance,介護保険事業会計,48,繰入金,01,一般会計繰入金,01,介護給付費繰入金,01,現年度分,25,高額医療合算介護サービス費,高齢福祉部 介護保険課,繰入金,special_account,52929,54071,1142,false,1,ippansainyu.csv,17686
rd_2026_long_term_care_insurance_revenue_48_01_01_01_26_3645200000,rs_2026_long_term_care_insurance_revenue_48_01_01_01,2026_long_term_care_insurance_revenue_48_01_01,2026,long_term_care_insurance,介護保険事業会計,48,繰入金,01,一般会計繰入金,01,介護給付費繰入金,01,現年度分,26,高額医療合算介護予防サービス費,高齢福祉部 介護保険課,繰入金,special_account,571,571,0,false,1,ippansainyu.csv,17687
rd_2026_long_term_care_insurance_revenue_48_01_02_01_01_3645200000,rs_2026_long_term_care_insurance_revenue_48_01_02_01,2026_long_term_care_insurance_revenue_48_01_02,2026,long_term_care_insurance,介護保険事業会計,48,繰入金,01,一般会計繰入金,02,その他一般会計繰入金,01,職員給与費等繰入金,01,職員給与費,高齢福祉部 介護保険課,繰入金,special_account,616836,651864,35028,false,2,ippansainyu.csv,17688
rd_2026_long_term_care_insurance_revenue_48_01_02_02_01_3645200000,rs_2026_long_term_care_insurance_revenue_48_01_02_02,2026_long_term_care_insurance_revenue_48_01_02,2026,long_term_care_insurance,介護保険事業会計,48,繰入金,01,一般会計繰入金,02,その他一般会計繰入金,02,事務費繰入金,01,要介護認定事務,高齢福祉部 介護保険課,繰入金,special_account,351588,494142,142554,false,1,ippansainyu.csv,17689
rd_2026_long_term_care_insurance_revenue_48_01_02_02_02_3645200000,rs_2026_long_term_care_insurance_revenue_48_01_02_02,2026_long_term_care_insurance_revenue_48_01_02,2026,long_term_care_insurance,介護保険事業会計,48,繰入金,01,一般会計繰入金,02,その他一般会計繰入金,02,事務費繰入金,02,一般管理,高齢福祉部 介護保険課,繰入金,special_account,476108,575325,99217,false,2,ippansainyu.csv,17690
rd_2026_long_term_care_insurance_revenue_48_01_02_02_05_3645200000,rs_2026_long_term_care_insurance_revenue_48_01_02_02,2026_long_term_care_insurance_revenue_48_01_02,2026,long_term_care_insurance,介護保険事業会計,48,繰入金,01,一般会計繰入金,02,その他一般会計繰入金,02,事務費繰入金,05,趣旨普及,高齢福祉部 介護保険課,繰入金,special_account,3573,4205,632,false,1,ippansainyu.csv,17691
rd_2026_long_term_care_insurance_revenue_48_01_02_02_09_3645200000,rs_2026_long_term_care_insurance_revenue_48_01_02_02,2026_long_term_care_insurance_revenue_48_01_02,2026,long_term_care_insurance,介護保険事業会計,48,繰入金,01,一般会計繰入金,02,その他一般会計繰入金,02,事務費繰入金,09,資格管理・賦課・収納事務,高齢福祉部 介護保険課,繰入金,special_account,42352,42524,172,false,1,ippansainyu.csv,17692
rd_2026_long_term_care_insurance_revenue_48_01_02_03_01_3645200000,rs_2026_long_term_care_insurance_revenue_48_01_02_03,2026_long_term_care_insurance_revenue_48_01_02,2026,long_term_care_insurance,介護保険事業会計,48,繰入金,01,一般会計繰入金,02,その他一般会計繰入金,03,保険料還付等繰入金,01,第１号被保険者保険料還付加算金,高齢福祉部 介護保険課,繰入金,special_account,30,20,-10,false,1,ippansainyu.csv,17693
rd_2026_long_term_care_insurance_revenue_48_01_04_01_01_3645300000,rs_2026_long_term_care_insurance_revenue_48_01_04_01,2026_long_term_care_insurance_revenue_48_01_04,2026,long_term_care_insurance,介護保険事業会計,48,繰入金,01,一般会計繰入金,04,地域支援事業繰入金（包括的支援・任意事業）,01,現年度分,01,地域包括支援センター運営委託,高齢福祉部 介護予防・支援課,繰入金,special_account,6856,7402,546,false,1,ippansainyu.csv,17749
rd_2026_long_term_care_insurance_revenue_48_01_04_01_04_3645100000,rs_2026_long_term_care_insurance_revenue_48_01_04_01,2026_long_term_care_insurance_revenue_48_01_04,2026,long_term_care_insurance,介護保険事業会計,48,繰入金,01,一般会計繰入金,04,地域支援事業繰入金（包括的支援・任意事業）,01,現年度分,04,高齢者おむつ支給,高齢福祉部 高齢福祉課,繰入金,special_account,38645,35008,-3637,false,1,ippansainyu.csv,17539
rd_2026_long_term_care_insurance_revenue_48_01_04_01_06_3645100000,rs_2026_long_term_care_insurance_revenue_48_01_04_01,2026_long_term_care_insurance_revenue_48_01_04,2026,long_term_care_insurance,介護保険事業会計,48,繰入金,01,一般会計繰入金,04,地域支援事業繰入金（包括的支援・任意事業）,01,現年度分,06,住宅改修アドバイザー派遣,高齢福祉部 高齢福祉課,繰入金,special_account,282,280,-2,false,1,ippansainyu.csv,17540
rd_2026_long_term_care_insurance_revenue_48_01_04_01_07_3645200000,rs_2026_long_term_care_insurance_revenue_48_01_04_01,2026_long_term_care_insurance_revenue_48_01_04,2026,long_term_care_insurance,介護保険事業会計,48,繰入金,01,一般会計繰入金,04,地域支援事業繰入金（包括的支援・任意事業）,01,現年度分,07,介護給付適正化事業,高齢福祉部 介護保険課,繰入金,special_account,578,653,75,false,1,ippansainyu.csv,17694
rd_2026_long_term_care_insurance_revenue_48_01_04_01_14_3645300000,rs_2026_long_term_care_insurance_revenue_48_01_04_01,2026_long_term_care_insurance_revenue_48_01_04,2026,long_term_care_insurance,介護保険事業会計,48,繰入金,01,一般会計繰入金,04,地域支援事業繰入金（包括的支援・任意事業）,01,現年度分,14,認知症包括支援事業,高齢福祉部 介護予防・支援課,繰入金,special_account,10845,10281,-564,false,1,ippansainyu.csv,17750
rd_2026_long_term_care_insurance_revenue_48_01_04_01_15_3645300000,rs_2026_long_term_care_insurance_revenue_48_01_04_01,2026_long_term_care_insurance_revenue_48_01_04,2026,long_term_care_insurance,介護保険事業会計,48,繰入金,01,一般会計繰入金,04,地域支援事業繰入金（包括的支援・任意事業）,01,現年度分,15,認知症ケア推進事業,高齢福祉部 介護予防・支援課,繰入金,special_account,6426,7027,601,false,1,ippansainyu.csv,17751
rd_2026_long_term_care_insurance_revenue_48_01_04_01_17_3595150000,rs_2026_long_term_care_insurance_revenue_48_01_04_01,2026_long_term_care_insurance_revenue_48_01_04,2026,long_term_care_insurance,介護保険事業会計,48,繰入金,01,一般会計繰入金,04,地域支援事業繰入金（包括的支援・任意事業）,01,現年度分,17,在宅医療・介護連携推進事業,保健福祉政策部 保福推進課,繰入金,special_account,14650,15432,782,false,1,ippansainyu.csv,17274
rd_2026_long_term_care_insurance_revenue_48_01_04_01_18_3645200000,rs_2026_long_term_care_insurance_revenue_48_01_04_01,2026_long_term_care_insurance_revenue_48_01_04,2026,long_term_care_insurance,介護保険事業会計,48,繰入金,01,一般会計繰入金,04,地域支援事業繰入金（包括的支援・任意事業）,01,現年度分,18,家族介護支援事業,高齢福祉部 介護保険課,繰入金,special_account,688,784,96,false,1,ippansainyu.csv,17695
rd_2026_long_term_care_insurance_revenue_48_01_04_01_19_3595200000,rs_2026_long_term_care_insurance_revenue_48_01_04_01,2026_long_term_care_insurance_revenue_48_01_04,2026,long_term_care_insurance,介護保険事業会計,48,繰入金,01,一般会計繰入金,04,地域支援事業繰入金（包括的支援・任意事業）,01,現年度分,19,成年後見制度,保健福祉政策部 生活福祉課,繰入金,special_account,4592,4689,97,false,1,ippansainyu.csv,17348
rd_2026_long_term_care_insurance_revenue_48_01_04_01_20_3645100000,rs_2026_long_term_care_insurance_revenue_48_01_04_01,2026_long_term_care_insurance_revenue_48_01_04,2026,long_term_care_insurance,介護保険事業会計,48,繰入金,01,一般会計繰入金,04,地域支援事業繰入金（包括的支援・任意事業）,01,現年度分,20,高齢者安心コール,高齢福祉部 高齢福祉課,繰入金,special_account,7587,7412,-175,false,1,ippansainyu.csv,17541
rd_2026_long_term_care_insurance_revenue_48_01_05_01_05_3645300000,rs_2026_long_term_care_insurance_revenue_48_01_05_01,2026_long_term_care_insurance_revenue_48_01_05,2026,long_term_care_insurance,介護保険事業会計,48,繰入金,01,一般会計繰入金,05,地域支援事業繰入金（介護予防・日常生活支援総合事業）,01,現年度分,05,サービス・活動事業,高齢福祉部 介護予防・支援課,繰入金,special_account,31085,31204,119,false,1,ippansainyu.csv,17752
rd_2026_long_term_care_insurance_revenue_48_01_05_01_07_3645200000,rs_2026_long_term_care_insurance_revenue_48_01_05_01,2026_long_term_care_insurance_revenue_48_01_05,2026,long_term_care_insurance,介護保険事業会計,48,繰入金,01,一般会計繰入金,05,地域支援事業繰入金（介護予防・日常生活支援総合事業）,01,現年度分,07,高額介護サービス費相当等事業費,高齢福祉部 介護保険課,繰入金,special_account,1137,1247,110,false,1,ippansainyu.csv,17696
rd_2026_long_term_care_insurance_revenue_48_01_05_01_08_3645300000,rs_2026_long_term_care_insurance_revenue_48_01_05_01,2026_long_term_care_insurance_revenue_48_01_05,2026,long_term_care_insurance,介護保険事業会計,48,繰入金,01,一般会計繰入金,05,地域支援事業繰入金（介護予防・日常生活支援総合事業）,01,現年度分,08,一般介護予防事業,高齢福祉部 介護予防・支援課,繰入金,special_account,25196,27998,2802,false,1,ippansainyu.csv,17753
rd_2026_long_term_care_insurance_revenue_48_01_05_01_10_3645200000,rs_2026_long_term_care_insurance_revenue_48_01_05_01,2026_long_term_care_insurance_revenue_48_01_05,2026,long_term_care_insurance,介護保険事業会計,48,繰入金,01,一般会計繰入金,05,地域支援事業繰入金（介護予防・日常生活支援総合事業）,01,現年度分,10,総合事業指定事業者実施サービス等諸費,高齢福祉部 介護保険課,繰入金,special_account,159595,160679,1084,false,1,ippansainyu.csv,17697
rd_2026_long_term_care_insurance_revenue_48_01_06_01_01_3645200000,rs_2026_long_term_care_insurance_revenue_48_01_06_01,2026_long_term_care_insurance_revenue_48_01_06,2026,long_term_care_insurance,介護保険事業会計,48,繰入金,01,一般会計繰入金,06,低所得者保険料軽減繰入金,01,現年度分,01,低所得者保険料軽減繰入金,高齢福祉部 介護保険課,繰入金,special_account,555088,532902,-22186,false,1,ippansainyu.csv,17698
rd_2026_long_term_care_insurance_revenue_48_02_01_01_01_3645200000,rs_2026_long_term_care_insurance_revenue_48_02_01_01,2026_long_term_care_insurance_revenue_48_02_01,2026,long_term_care_insurance,介護保険事業会計,48,繰入金,02,基金繰入金,01,介護給付費準備基金繰入金,01,介護給付費準備基金繰入金,01,居宅介護サービス給付費,高齢福祉部 介護保険課,繰入金,special_account,2369832,2776668,406836,false,1,ippansainyu.csv,17699
rd_2026_long_term_care_insurance_revenue_49_01_01_01_04_3645200000,rs_2026_long_term_care_insurance_revenue_49_01_01_01,2026_long_term_care_insurance_revenue_49_01_01,2026,long_term_care_insurance,介護保険事業会計,49,繰越金,01,繰越金,01,繰越金,01,繰越金,04,介護給付費準備基金積立金,高齢福祉部 介護保険課,繰越金,special_account,0,0,0,true,0,ippansainyu.csv,17700
rd_2026_long_term_care_insurance_revenue_49_01_01_01_06_3645200000,rs_2026_long_term_care_insurance_revenue_49_01_01_01,2026_long_term_care_insurance_revenue_49_01_01,2026,long_term_care_insurance,介護保険事業会計,49,繰越金,01,繰越金,01,繰越金,01,繰越金,06,償還金,高齢福祉部 介護保険課,繰越金,special_account,0,0,0,true,0,ippansainyu.csv,17701
rd_2026_long_term_care_insurance_revenue_49_01_01_01_10_3645200000,rs_2026_long_term_care_insurance_revenue_49_01_01_01,2026_long_term_care_insurance_revenue_49_01_01,2026,long_term_care_insurance,介護保険事業会計,49,繰越金,01,繰越金,01,繰越金,01,繰越金,10,第１号被保険者保険料還付金,高齢福祉部 介護保険課,繰越金,special_account,1,1,0,false,1,ippansainyu.csv,17702
rd_2026_long_term_care_insurance_revenue_49_01_01_01_11_3645200000,rs_2026_long_term_care_insurance_revenue_49_01_01_01,2026_long_term_care_insurance_revenue_49_01_01,2026,long_term_care_insurance,介護保険事業会計,49,繰越金,01,繰越金,01,繰越金,01,繰越金,11,第１号被保険者保険料延滞金還付金,高齢福祉部 介護保険課,繰越金,special_account,1,1,0,false,1,ippansainyu.csv,17703
rd_2026_long_term_care_insurance_revenue_50_01_01_01_01_3645200000,rs_2026_long_term_care_insurance_revenue_50_01_01_01,2026_long_term_care_insurance_revenue_50_01_01,2026,long_term_care_insurance,介護保険事業会計,50,諸収入,01,延滞金加算金及過料,01,第１号被保険者延滞金,01,第１号被保険者延滞金,01,居宅介護サービス給付費,高齢福祉部 介護保険課,諸収入,special_account,1283,732,-551,false,1,ippansainyu.csv,17704
rd_2026_long_term_care_insurance_revenue_50_01_03_01_01_3645200000,rs_2026_long_term_care_insurance_revenue_50_01_03_01,2026_long_term_care_insurance_revenue_50_01_03,2026,long_term_care_insurance,介護保険事業会計,50,諸収入,01,延滞金加算金及過料,03,加算金,01,加算金,01,居宅介護サービス給付金,高齢福祉部 介護保険課,諸収入,special_account,1,1,0,false,1,ippansainyu.csv,17705
rd_2026_long_term_care_insurance_revenue_50_01_03_01_02_3645200000,rs_2026_long_term_care_insurance_revenue_50_01_03_01,2026_long_term_care_insurance_revenue_50_01_03,2026,long_term_care_insurance,介護保険事業会計,50,諸収入,01,延滞金加算金及過料,03,加算金,01,加算金,02,施設介護サービス給付金,高齢福祉部 介護保険課,諸収入,special_account,1,1,0,false,1,ippansainyu.csv,17706
rd_2026_long_term_care_insurance_revenue_50_02_01_01_01_3645200000,rs_2026_long_term_care_insurance_revenue_50_02_01_01,2026_long_term_care_insurance_revenue_50_02_01,2026,long_term_care_insurance,介護保険事業会計,50,諸収入,02,特別区預金利子,01,特別区預金利子,01,特別区預金利子,01,一般管理,高齢福祉部 介護保険課,諸収入,special_account,1,1,0,false,1,ippansainyu.csv,17707
rd_2026_long_term_care_insurance_revenue_50_04_02_01_01_3645200000,rs_2026_long_term_care_insurance_revenue_50_04_02_01,2026_long_term_care_insurance_revenue_50_04_02,2026,long_term_care_insurance,介護保険事業会計,50,諸収入,04,雑入,02,第三者納付金,01,第三者納付金,01,第三者納付金,高齢福祉部 介護保険課,諸収入,special_account,1,1,0,false,1,ippansainyu.csv,17708
rd_2026_long_term_care_insurance_revenue_50_04_02_01_09_3645200000,rs_2026_long_term_care_insurance_revenue_50_04_02_01,2026_long_term_care_insurance_revenue_50_04_02,2026,long_term_care_insurance,介護保険事業会計,50,諸収入,04,雑入,02,第三者納付金,01,第三者納付金,09,施設介護サービス給付費,高齢福祉部 介護保険課,諸収入,special_account,1,1,0,false,1,ippansainyu.csv,17709
rd_2026_long_term_care_insurance_revenue_50_04_03_01_01_3645200000,rs_2026_long_term_care_insurance_revenue_50_04_03_01,2026_long_term_care_insurance_revenue_50_04_03,2026,long_term_care_insurance,介護保険事業会計,50,諸収入,04,雑入,03,返納金,01,返納金,01,居宅介護サービス給付費,高齢福祉部 介護保険課,諸収入,special_account,1,1,0,false,1,ippansainyu.csv,17710
rd_2026_long_term_care_insurance_revenue_50_04_03_01_02_3645200000,rs_2026_long_term_care_insurance_revenue_50_04_03_01,2026_long_term_care_insurance_revenue_50_04_03,2026,long_term_care_insurance,介護保険事業会計,50,諸収入,04,雑入,03,返納金,01,返納金,02,施設介護サービス給付費,高齢福祉部 介護保険課,諸収入,special_account,1,1,0,false,1,ippansainyu.csv,17711
rd_2026_long_term_care_insurance_revenue_50_04_04_01_17_3645300000,rs_2026_long_term_care_insurance_revenue_50_04_04_01,2026_long_term_care_insurance_revenue_50_04_04,2026,long_term_care_insurance,介護保険事業会計,50,諸収入,04,雑入,04,雑入,01,雑入,17,介護予防ケアマネジメント費返還金,高齢福祉部 介護予防・支援課,諸収入,special_account,0,1,1,false,1,ippansainyu.csv,17754
rd_2026_long_term_care_insurance_revenue_50_04_05_01_03_3205500000,rs_2026_long_term_care_insurance_revenue_50_04_05_01,2026_long_term_care_insurance_revenue_50_04_05,2026,long_term_care_insurance,介護保険事業会計,50,諸収入,04,雑入,05,納付金,01,納付金,03,再任用職員社会保険料（介保）,総務部 人事課,諸収入,special_account,90,29,-61,false,1,ippansainyu.csv,16955
rd_2026_long_term_care_insurance_revenue_50_04_05_01_08_3645100000,rs_2026_long_term_care_insurance_revenue_50_04_05_01,2026_long_term_care_insurance_revenue_50_04_05,2026,long_term_care_insurance,介護保険事業会計,50,諸収入,04,雑入,05,納付金,01,納付金,08,会計年度任用職員社会保険料（高齢福祉部）,高齢福祉部 高齢福祉課,諸収入,special_account,26570,31657,5087,false,1,ippansainyu.csv,17542
rd_2026_national_health_insurance_revenue_21_01_01_01_09_3595400000,rs_2026_national_health_insurance_revenue_21_01_01_01,2026_national_health_insurance_revenue_21_01_01,2026,national_health_insurance,国民健康保険事業会計,21,国民健康保険料,01,国民健康保険料,01,国民健康保険料,01,医療給付費分現年分,09,特定健康診査等事業費,保健福祉政策部 国保・年金課,国民健康保険料,special_account,71728,67555,-4173,false,1,ippansainyu.csv,17359
rd_2026_national_health_insurance_revenue_21_01_01_01_11_3595400000,rs_2026_national_health_insurance_revenue_21_01_01_01,2026_national_health_insurance_revenue_21_01_01,2026,national_health_insurance,国民健康保険事業会計,21,国民健康保険料,01,国民健康保険料,01,国民健康保険料,01,医療給付費分現年分,11,葬祭費,保健福祉政策部 国保・年金課,事業収入,special_account,45360,36400,-8960,false,1,ippansainyu.csv,17360
rd_2026_national_health_insurance_revenue_21_01_01_01_12_3595400000,rs_2026_national_health_insurance_revenue_21_01_01_01,2026_national_health_insurance_revenue_21_01_01,2026,national_health_insurance,国民健康保険事業会計,21,国民健康保険料,01,国民健康保険料,01,国民健康保険料,01,医療給付費分現年分,12,出産育児一時金,保健福祉政策部 国保・年金課,国民健康保険料,special_account,76334,260500,184166,false,1,ippansainyu.csv,17361
rd_2026_national_health_insurance_revenue_21_01_01_01_13_3595400000,rs_2026_national_health_insurance_revenue_21_01_01_01,2026_national_health_insurance_revenue_21_01_01,2026,national_health_insurance,国民健康保険事業会計,21,国民健康保険料,01,国民健康保険料,01,国民健康保険料,01,医療給付費分現年分,13,医療給付費分（納付金）,保健福祉政策部 国保・年金課,国民健康保険料,special_account,15698035,15730761,32726,false,1,ippansainyu.csv,17362
rd_2026_national_health_insurance_revenue_21_01_01_01_14_3595500000,rs_2026_national_health_insurance_revenue_21_01_01_01,2026_national_health_insurance_revenue_21_01_01,2026,national_health_insurance,国民健康保険事業会計,21,国民健康保険料,01,国民健康保険料,01,国民健康保険料,01,医療給付費分現年分,14,保険料還付金（医療給付費分）,保健福祉政策部 保険料収納課,国民健康保険料,special_account,179528,183297,3769,false,1,ippansainyu.csv,17467
rd_2026_national_health_insurance_revenue_21_01_01_01_15_3595400000,rs_2026_national_health_insurance_revenue_21_01_01_01,2026_national_health_insurance_revenue_21_01_01,2026,national_health_insurance,国民健康保険事業会計,21,国民健康保険料,01,国民健康保険料,01,国民健康保険料,01,医療給付費分現年分,15,出産育児一時金支払手数料,保健福祉政策部 国保・年金課,国民健康保険料,special_account,97,110,13,false,1,ippansainyu.csv,17363
rd_2026_national_health_insurance_revenue_21_01_01_01_17_3595500000,rs_2026_national_health_insurance_revenue_21_01_01_01,2026_national_health_insurance_revenue_21_01_01,2026,national_health_insurance,国民健康保険事業会計,21,国民健康保険料,01,国民健康保険料,01,国民健康保険料,01,医療給付費分現年分,17,保険料延滞金還付金,保健福祉政策部 保険料収納課,国民健康保険料,special_account,700,700,0,false,1,ippansainyu.csv,17468
rd_2026_national_health_insurance_revenue_21_01_01_02_04_3595400000,rs_2026_national_health_insurance_revenue_21_01_01_02,2026_national_health_insurance_revenue_21_01_01,2026,national_health_insurance,国民健康保険事業会計,21,国民健康保険料,01,国民健康保険料,01,国民健康保険料,02,医療給付費分滞納繰越分,04,医療給付費分（納付金）,保健福祉政策部 国保・年金課,国民健康保険料,special_account,832366,744620,-87746,false,1,ippansainyu.csv,17364
rd_2026_national_health_insurance_revenue_21_01_01_03_03_3595400000,rs_2026_national_health_insurance_revenue_21_01_01_03,2026_national_health_insurance_revenue_21_01_01,2026,national_health_insurance,国民健康保険事業会計,21,国民健康保険料,01,国民健康保険料,01,国民健康保険料,03,介護納付金分現年分,03,介護納付金分（納付金）,保健福祉政策部 国保・年金課,国民健康保険料,special_account,2272533,2342513,69980,false,1,ippansainyu.csv,17365
rd_2026_national_health_insurance_revenue_21_01_01_03_04_3595500000,rs_2026_national_health_insurance_revenue_21_01_01_03,2026_national_health_insurance_revenue_21_01_01,2026,national_health_insurance,国民健康保険事業会計,21,国民健康保険料,01,国民健康保険料,01,国民健康保険料,03,介護納付金分現年分,04,保険料還付金（介護納付金分）,保健福祉政策部 保険料収納課,国民健康保険料,special_account,5286,7031,1745,false,1,ippansainyu.csv,17469
rd_2026_national_health_insurance_revenue_21_01_01_04_02_3595400000,rs_2026_national_health_insurance_revenue_21_01_01_04,2026_national_health_insurance_revenue_21_01_01,2026,national_health_insurance,国民健康保険事業会計,21,国民健康保険料,01,国民健康保険料,01,国民健康保険料,04,介護納付金分滞納繰越分,02,介護納付金分（納付金）,保健福祉政策部 国保・年金課,国民健康保険料,special_account,144386,105317,-39069,false,1,ippansainyu.csv,17366
rd_2026_national_health_insurance_revenue_21_01_01_05_04_3595400000,rs_2026_national_health_insurance_revenue_21_01_01_05,2026_national_health_insurance_revenue_21_01_01,2026,national_health_insurance,国民健康保険事業会計,21,国民健康保険料,01,国民健康保険料,01,国民健康保険料,05,後期高齢者支援金分現年分,04,後期高齢者支援金分（納付金）,保健福祉政策部 国保・年金課,国民健康保険料,special_account,5619732,5888603,268871,false,1,ippansainyu.csv,17367
rd_2026_national_health_insurance_revenue_21_01_01_05_05_3595500000,rs_2026_national_health_insurance_revenue_21_01_01_05,2026_national_health_insurance_revenue_21_01_01,2026,national_health_insurance,国民健康保険事業会計,21,国民健康保険料,01,国民健康保険料,01,国民健康保険料,05,後期高齢者支援金分現年分,05,保険料還付金（後期高齢者支援金分）,保健福祉政策部 保険料収納課,国民健康保険料,special_account,11286,13672,2386,false,1,ippansainyu.csv,17470
rd_2026_national_health_insurance_revenue_21_01_01_06_02_3595400000,rs_2026_national_health_insurance_revenue_21_01_01_06,2026_national_health_insurance_revenue_21_01_01,2026,national_health_insurance,国民健康保険事業会計,21,国民健康保険料,01,国民健康保険料,01,国民健康保険料,06,後期高齢者支援金分滞納繰越分,02,後期高齢者支援金分（納付金）,保健福祉政策部 国保・年金課,国民健康保険料,special_account,278006,269841,-8165,false,1,ippansainyu.csv,17368
rd_2026_national_health_insurance_revenue_21_01_01_07_09_3595400000,rs_2026_national_health_insurance_revenue_21_01_01_07,2026_national_health_insurance_revenue_21_01_01,2026,national_health_insurance,国民健康保険事業会計,21,国民健康保険料,01,国民健康保険料,01,国民健康保険料,07,医療給付費分現年分特別徴収分,09,医療給付費分（納付金）,保健福祉政策部 国保・年金課,国民健康保険料,special_account,538760,473404,-65356,false,1,ippansainyu.csv,17369
rd_2026_national_health_insurance_revenue_21_01_01_08_03_3595400000,rs_2026_national_health_insurance_revenue_21_01_01_08,2026_national_health_insurance_revenue_21_01_01,2026,national_health_insurance,国民健康保険事業会計,21,国民健康保険料,01,国民健康保険料,01,国民健康保険料,08,介護納付金分現年分特別徴収分,03,介護納付金分（納付金）,保健福祉政策部 国保・年金課,国民健康保険料,special_account,1,1,0,false,1,ippansainyu.csv,17370
rd_2026_national_health_insurance_revenue_21_01_01_09_03_3595400000,rs_2026_national_health_insurance_revenue_21_01_01_09,2026_national_health_insurance_revenue_21_01_01,2026,national_health_insurance,国民健康保険事業会計,21,国民健康保険料,01,国民健康保険料,01,国民健康保険料,09,後期高齢者支援金分現年分特別徴収分,03,後期高齢者支援金分（納付金）,保健福祉政策部 国保・年金課,国民健康保険料,special_account,190511,169839,-20672,false,1,ippansainyu.csv,17371
rd_2026_national_health_insurance_revenue_21_01_01_10_01_3595400000,rs_2026_national_health_insurance_revenue_21_01_01_10,2026_national_health_insurance_revenue_21_01_01,2026,national_health_insurance,国民健康保険事業会計,21,国民健康保険料,01,国民健康保険料,01,国民健康保険料,10,子ども・子育て支援金分現年分,01,子ども・子育て支援金分（納付金）,保健福祉政策部 国保・年金課,国民健康保険料,special_account,0,520842,520842,false,1,ippansainyu.csv,17372
rd_2026_national_health_insurance_revenue_21_01_01_10_02_3595500000,rs_2026_national_health_insurance_revenue_21_01_01_10,2026_national_health_insurance_revenue_21_01_01,2026,national_health_insurance,国民健康保険事業会計,21,国民健康保険料,01,国民健康保険料,01,国民健康保険料,10,子ども・子育て支援金分現年分,02,保険料還付金（子ども・子育て支援金分）,保健福祉政策部 保険料収納課,国民健康保険料,special_account,0,0,0,true,0,ippansainyu.csv,17471
rd_2026_national_health_insurance_revenue_21_01_01_11_01_3595400000,rs_2026_national_health_insurance_revenue_21_01_01_11,2026_national_health_insurance_revenue_21_01_01,2026,national_health_insurance,国民健康保険事業会計,21,国民健康保険料,01,国民健康保険料,01,国民健康保険料,11,子ども・子育て支援金分滞納繰越分,01,子ども・子育て支援金分（納付金）,保健福祉政策部 国保・年金課,国民健康保険料,special_account,0,0,0,true,0,ippansainyu.csv,17373
rd_2026_national_health_insurance_revenue_21_01_01_12_01_3595400000,rs_2026_national_health_insurance_revenue_21_01_01_12,2026_national_health_insurance_revenue_21_01_01,2026,national_health_insurance,国民健康保険事業会計,21,国民健康保険料,01,国民健康保険料,01,国民健康保険料,12,子ども・子育て支援金分現年分特別徴収分,01,子ども・子育て支援金分（納付金）,保健福祉政策部 国保・年金課,国民健康保険料,special_account,0,14987,14987,false,1,ippansainyu.csv,17374
rd_2026_national_health_insurance_revenue_22_01_01_01_01_3595400000,rs_2026_national_health_insurance_revenue_22_01_01_01,2026_national_health_insurance_revenue_22_01_01,2026,national_health_insurance,国民健康保険事業会計,22,一部負担金,01,一部負担金,01,一部負担金,01,現年分,01,療養給付費,保健福祉政策部 国保・年金課,負担金,special_account,1,1,0,false,1,ippansainyu.csv,17375
rd_2026_national_health_insurance_revenue_22_01_01_02_01_3595400000,rs_2026_national_health_insurance_revenue_22_01_01_02,2026_national_health_insurance_revenue_22_01_01,2026,national_health_insurance,国民健康保険事業会計,22,一部負担金,01,一部負担金,01,一部負担金,02,滞納繰越分,01,療養給付費,保健福祉政策部 国保・年金課,負担金,special_account,1,1,0,false,1,ippansainyu.csv,17376
rd_2026_national_health_insurance_revenue_23_01_01_01_01_3595400000,rs_2026_national_health_insurance_revenue_23_01_01_01,2026_national_health_insurance_revenue_23_01_01,2026,national_health_insurance,国民健康保険事業会計,23,使用料及手数料,01,手数料,01,総務手数料,01,総務手数料,01,保険料納付済等証明手数料,保健福祉政策部 国保・年金課,手数料,special_account,127,140,13,false,1,ippansainyu.csv,17377
rd_2026_national_health_insurance_revenue_24_02_12_01_01_3595400000,rs_2026_national_health_insurance_revenue_24_02_12_01,2026_national_health_insurance_revenue_24_02_12,2026,national_health_insurance,国民健康保険事業会計,24,国庫支出金,02,国庫補助金,12,子ども・子育て支援事業費補助金,01,子ども・子育て支援事業費補助金,01,一般管理,保健福祉政策部 国保・年金課,国庫支出金,special_account,121017,0,-121017,true,0,ippansainyu.csv,17378
rd_2026_national_health_insurance_revenue_26_02_03_01_01_3595400000,rs_2026_national_health_insurance_revenue_26_02_03_01,2026_national_health_insurance_revenue_26_02_03,2026,national_health_insurance,国民健康保険事業会計,26,都支出金,02,都補助金,03,保険給付費等交付金,01,普通交付金,01,療養給付費,保健福祉政策部 国保・年金課,都支出金,special_account,41515454,41771187,255733,false,1,ippansainyu.csv,17379
rd_2026_national_health_insurance_revenue_26_02_03_01_03_3595400000,rs_2026_national_health_insurance_revenue_26_02_03_01,2026_national_health_insurance_revenue_26_02_03,2026,national_health_insurance,国民健康保険事業会計,26,都支出金,02,都補助金,03,保険給付費等交付金,01,普通交付金,03,療養費,保健福祉政策部 国保・年金課,都支出金,special_account,552125,566540,14415,false,1,ippansainyu.csv,17380
rd_2026_national_health_insurance_revenue_26_02_03_01_05_3595400000,rs_2026_national_health_insurance_revenue_26_02_03_01,2026_national_health_insurance_revenue_26_02_03,2026,national_health_insurance,国民健康保険事業会計,26,都支出金,02,都補助金,03,保険給付費等交付金,01,普通交付金,05,審査支払手数料,保健福祉政策部 国保・年金課,都支出金,special_account,132577,129027,-3550,false,1,ippansainyu.csv,17381
rd_2026_national_health_insurance_revenue_26_02_03_01_06_3595400000,rs_2026_national_health_insurance_revenue_26_02_03_01,2026_national_health_insurance_revenue_26_02_03,2026,national_health_insurance,国民健康保険事業会計,26,都支出金,02,都補助金,03,保険給付費等交付金,01,普通交付金,06,高額療養費,保健福祉政策部 国保・年金課,都支出金,special_account,5625566,5886421,260855,false,1,ippansainyu.csv,17382
rd_2026_national_health_insurance_revenue_26_02_03_01_08_3595400000,rs_2026_national_health_insurance_revenue_26_02_03_01,2026_national_health_insurance_revenue_26_02_03,2026,national_health_insurance,国民健康保険事業会計,26,都支出金,02,都補助金,03,保険給付費等交付金,01,普通交付金,08,高額介護合算療養費,保健福祉政策部 国保・年金課,都支出金,special_account,7486,8024,538,false,1,ippansainyu.csv,17383
rd_2026_national_health_insurance_revenue_26_02_03_01_10_3595400000,rs_2026_national_health_insurance_revenue_26_02_03_01,2026_national_health_insurance_revenue_26_02_03,2026,national_health_insurance,国民健康保険事業会計,26,都支出金,02,都補助金,03,保険給付費等交付金,01,普通交付金,10,移送費,保健福祉政策部 国保・年金課,都支出金,special_account,300,300,0,false,1,ippansainyu.csv,17384
rd_2026_national_health_insurance_revenue_26_02_03_01_12_3595400000,rs_2026_national_health_insurance_revenue_26_02_03_01,2026_national_health_insurance_revenue_26_02_03,2026,national_health_insurance,国民健康保険事業会計,26,都支出金,02,都補助金,03,保険給付費等交付金,01,普通交付金,12,結核・精神医療給付金,保健福祉政策部 国保・年金課,都支出金,special_account,75864,77084,1220,false,1,ippansainyu.csv,17385
rd_2026_national_health_insurance_revenue_26_02_03_02_01_3595400000,rs_2026_national_health_insurance_revenue_26_02_03_02,2026_national_health_insurance_revenue_26_02_03,2026,national_health_insurance,国民健康保険事業会計,26,都支出金,02,都補助金,03,保険給付費等交付金,02,特別交付金,01,保険者努力支援分（医療給付費分納付金）,保健福祉政策部 国保・年金課,都支出金,special_account,142136,96888,-45248,false,1,ippansainyu.csv,17386
rd_2026_national_health_insurance_revenue_26_02_03_02_02_3595400000,rs_2026_national_health_insurance_revenue_26_02_03_02,2026_national_health_insurance_revenue_26_02_03,2026,national_health_insurance,国民健康保険事業会計,26,都支出金,02,都補助金,03,保険給付費等交付金,02,特別交付金,02,特別調整交付金（国民健康保険事業管理運営）,保健福祉政策部 国保・年金課,都支出金,special_account,15030,110248,95218,false,1,ippansainyu.csv,17387
rd_2026_national_health_insurance_revenue_26_02_03_02_03_3595500000,rs_2026_national_health_insurance_revenue_26_02_03_02,2026_national_health_insurance_revenue_26_02_03,2026,national_health_insurance,国民健康保険事業会計,26,都支出金,02,都補助金,03,保険給付費等交付金,02,特別交付金,03,特別調整交付金（保険料滞納整理）,保健福祉政策部 保険料収納課,都支出金,special_account,1016,985,-31,false,1,ippansainyu.csv,17472
rd_2026_national_health_insurance_revenue_26_02_03_02_04_3595400000,rs_2026_national_health_insurance_revenue_26_02_03_02,2026_national_health_insurance_revenue_26_02_03,2026,national_health_insurance,国民健康保険事業会計,26,都支出金,02,都補助金,03,保険給付費等交付金,02,特別交付金,04,特別調整交付金（趣旨普及）,保健福祉政策部 国保・年金課,都支出金,special_account,626,962,336,false,1,ippansainyu.csv,17388
rd_2026_national_health_insurance_revenue_26_02_03_02_05_3595400000,rs_2026_national_health_insurance_revenue_26_02_03_02,2026_national_health_insurance_revenue_26_02_03,2026,national_health_insurance,国民健康保険事業会計,26,都支出金,02,都補助金,03,保険給付費等交付金,02,特別交付金,05,特別調整交付金（医療給付費分納付金）,保健福祉政策部 国保・年金課,都支出金,special_account,132159,117739,-14420,false,1,ippansainyu.csv,17389
rd_2026_national_health_insurance_revenue_26_02_03_02_07_3595400000,rs_2026_national_health_insurance_revenue_26_02_03_02,2026_national_health_insurance_revenue_26_02_03,2026,national_health_insurance,国民健康保険事業会計,26,都支出金,02,都補助金,03,保険給付費等交付金,02,特別交付金,07,特別調整交付金（特定健康診査等事業費）,保健福祉政策部 国保・年金課,都支出金,special_account,5580,4248,-1332,false,1,ippansainyu.csv,17390
rd_2026_national_health_insurance_revenue_26_02_03_02_08_3595400000,rs_2026_national_health_insurance_revenue_26_02_03_02,2026_national_health_insurance_revenue_26_02_03,2026,national_health_insurance,国民健康保険事業会計,26,都支出金,02,都補助金,03,保険給付費等交付金,02,特別交付金,08,都繰入金２号分（国民健康保険事業管理運営）,保健福祉政策部 国保・年金課,都支出金,special_account,8447,8984,537,false,1,ippansainyu.csv,17391
rd_2026_national_health_insurance_revenue_26_02_03_02_09_3595500000,rs_2026_national_health_insurance_revenue_26_02_03_02,2026_national_health_insurance_revenue_26_02_03,2026,national_health_insurance,国民健康保険事業会計,26,都支出金,02,都補助金,03,保険給付費等交付金,02,特別交付金,09,都繰入金２号分（保険料滞納整理）,保健福祉政策部 保険料収納課,都支出金,special_account,74750,31155,-43595,false,1,ippansainyu.csv,17473
rd_2026_national_health_insurance_revenue_26_02_03_02_11_3595400000,rs_2026_national_health_insurance_revenue_26_02_03_02,2026_national_health_insurance_revenue_26_02_03,2026,national_health_insurance,国民健康保険事業会計,26,都支出金,02,都補助金,03,保険給付費等交付金,02,特別交付金,11,都繰入金２号分（医療給付費分納付金）,保健福祉政策部 国保・年金課,都支出金,special_account,1,1,0,false,1,ippansainyu.csv,17392
rd_2026_national_health_insurance_revenue_26_02_03_02_14_3595400000,rs_2026_national_health_insurance_revenue_26_02_03_02,2026_national_health_insurance_revenue_26_02_03,2026,national_health_insurance,国民健康保険事業会計,26,都支出金,02,都補助金,03,保険給付費等交付金,02,特別交付金,14,特定健診等負担金,保健福祉政策部 国保・年金課,都支出金,special_account,143456,135110,-8346,false,1,ippansainyu.csv,17393
rd_2026_national_health_insurance_revenue_26_02_03_02_15_3595400000,rs_2026_national_health_insurance_revenue_26_02_03_02,2026_national_health_insurance_revenue_26_02_03,2026,national_health_insurance,国民健康保険事業会計,26,都支出金,02,都補助金,03,保険給付費等交付金,02,特別交付金,15,特別調整交付金（傷病手当金）,保健福祉政策部 国保・年金課,都支出金,special_account,1600,0,-1600,true,0,ippansainyu.csv,17394
rd_2026_national_health_insurance_revenue_26_02_03_02_20_3595400000,rs_2026_national_health_insurance_revenue_26_02_03_02,2026_national_health_insurance_revenue_26_02_03,2026,national_health_insurance,国民健康保険事業会計,26,都支出金,02,都補助金,03,保険給付費等交付金,02,特別交付金,20,保険者努力支援分（特定健康診査等事業費）,保健福祉政策部 国保・年金課,都支出金,special_account,16963,16995,32,false,1,ippansainyu.csv,17395
rd_2026_national_health_insurance_revenue_27_01_01_01_40_3595400000,rs_2026_national_health_insurance_revenue_27_01_01_01,2026_national_health_insurance_revenue_27_01_01,2026,national_health_insurance,国民健康保険事業会計,27,繰入金,01,一般会計繰入金,01,一般会計繰入金,01,その他一般会計繰入金,40,特定健康診査等事業費,保健福祉政策部 国保・年金課,繰入金,special_account,606608,589768,-16840,false,1,ippansainyu.csv,17396
rd_2026_national_health_insurance_revenue_27_01_01_01_42_3595400000,rs_2026_national_health_insurance_revenue_27_01_01_01,2026_national_health_insurance_revenue_27_01_01,2026,national_health_insurance,国民健康保険事業会計,27,繰入金,01,一般会計繰入金,01,一般会計繰入金,01,その他一般会計繰入金,42,医療給付費分（納付金）,保健福祉政策部 国保・年金課,繰入金,special_account,409194,768515,359321,false,1,ippansainyu.csv,17397
rd_2026_national_health_insurance_revenue_27_01_01_01_44_3595400000,rs_2026_national_health_insurance_revenue_27_01_01_01,2026_national_health_insurance_revenue_27_01_01,2026,national_health_insurance,国民健康保険事業会計,27,繰入金,01,一般会計繰入金,01,一般会計繰入金,01,その他一般会計繰入金,44,後期高齢者支援金分（納付金）,保健福祉政策部 国保・年金課,繰入金,special_account,409969,416382,6413,false,1,ippansainyu.csv,17398
rd_2026_national_health_insurance_revenue_27_01_01_01_46_3595400000,rs_2026_national_health_insurance_revenue_27_01_01_01,2026_national_health_insurance_revenue_27_01_01,2026,national_health_insurance,国民健康保険事業会計,27,繰入金,01,一般会計繰入金,01,一般会計繰入金,01,その他一般会計繰入金,46,介護納付金分（納付金）,保健福祉政策部 国保・年金課,繰入金,special_account,138216,230960,92744,false,1,ippansainyu.csv,17399
rd_2026_national_health_insurance_revenue_27_01_01_01_47_3595500000,rs_2026_national_health_insurance_revenue_27_01_01_01,2026_national_health_insurance_revenue_27_01_01,2026,national_health_insurance,国民健康保険事業会計,27,繰入金,01,一般会計繰入金,01,一般会計繰入金,01,その他一般会計繰入金,47,保険料還付加算金,保健福祉政策部 保険料収納課,繰入金,special_account,990,950,-40,false,1,ippansainyu.csv,17474
rd_2026_national_health_insurance_revenue_27_01_01_01_49_3595400000,rs_2026_national_health_insurance_revenue_27_01_01_01,2026_national_health_insurance_revenue_27_01_01,2026,national_health_insurance,国民健康保険事業会計,27,繰入金,01,一般会計繰入金,01,一般会計繰入金,01,その他一般会計繰入金,49,予備費,保健福祉政策部 国保・年金課,繰入金,special_account,30000,30000,0,false,1,ippansainyu.csv,17400
rd_2026_national_health_insurance_revenue_27_01_01_01_52_3595400000,rs_2026_national_health_insurance_revenue_27_01_01_01,2026_national_health_insurance_revenue_27_01_01,2026,national_health_insurance,国民健康保険事業会計,27,繰入金,01,一般会計繰入金,01,一般会計繰入金,01,その他一般会計繰入金,52,子ども・子育て支援金分（納付金）,保健福祉政策部 国保・年金課,繰入金,special_account,0,23585,23585,false,1,ippansainyu.csv,17401
rd_2026_national_health_insurance_revenue_27_01_01_03_02_3595400000,rs_2026_national_health_insurance_revenue_27_01_01_03,2026_national_health_insurance_revenue_27_01_01,2026,national_health_insurance,国民健康保険事業会計,27,繰入金,01,一般会計繰入金,01,一般会計繰入金,03,出産育児一時金等繰入金,02,出産育児一時金,保健福祉政策部 国保・年金課,繰入金,special_account,152666,0,-152666,true,0,ippansainyu.csv,17402
rd_2026_national_health_insurance_revenue_27_01_01_04_01_3595400000,rs_2026_national_health_insurance_revenue_27_01_01_04,2026_national_health_insurance_revenue_27_01_01,2026,national_health_insurance,国民健康保険事業会計,27,繰入金,01,一般会計繰入金,01,一般会計繰入金,04,職員給与費等繰入金,01,職員給与費,保健福祉政策部 国保・年金課,繰入金,special_account,762898,839878,76980,false,3,ippansainyu.csv,17403
rd_2026_national_health_insurance_revenue_27_01_01_04_02_3595400000,rs_2026_national_health_insurance_revenue_27_01_01_04,2026_national_health_insurance_revenue_27_01_01,2026,national_health_insurance,国民健康保険事業会計,27,繰入金,01,一般会計繰入金,01,一般会計繰入金,04,職員給与費等繰入金,02,一般管理,保健福祉政策部 国保・年金課,繰入金,special_account,574810,776034,201224,false,1,ippansainyu.csv,17404
rd_2026_national_health_insurance_revenue_27_01_01_04_05_3595400000,rs_2026_national_health_insurance_revenue_27_01_01_04,2026_national_health_insurance_revenue_27_01_01,2026,national_health_insurance,国民健康保険事業会計,27,繰入金,01,一般会計繰入金,01,一般会計繰入金,04,職員給与費等繰入金,05,運営協議会,保健福祉政策部 国保・年金課,繰入金,special_account,499,524,25,false,1,ippansainyu.csv,17405
rd_2026_national_health_insurance_revenue_27_01_01_04_06_3595400000,rs_2026_national_health_insurance_revenue_27_01_01_04,2026_national_health_insurance_revenue_27_01_01,2026,national_health_insurance,国民健康保険事業会計,27,繰入金,01,一般会計繰入金,01,一般会計繰入金,04,職員給与費等繰入金,06,趣旨普及,保健福祉政策部 国保・年金課,繰入金,special_account,4898,4644,-254,false,1,ippansainyu.csv,17406
rd_2026_national_health_insurance_revenue_27_01_01_04_07_3595400000,rs_2026_national_health_insurance_revenue_27_01_01_04,2026_national_health_insurance_revenue_27_01_01,2026,national_health_insurance,国民健康保険事業会計,27,繰入金,01,一般会計繰入金,01,一般会計繰入金,04,職員給与費等繰入金,07,連合会,保健福祉政策部 国保・年金課,繰入金,special_account,16525,16525,0,false,1,ippansainyu.csv,17407
rd_2026_national_health_insurance_revenue_27_01_01_04_11_3595500000,rs_2026_national_health_insurance_revenue_27_01_01_04,2026_national_health_insurance_revenue_27_01_01,2026,national_health_insurance,国民健康保険事業会計,27,繰入金,01,一般会計繰入金,01,一般会計繰入金,04,職員給与費等繰入金,11,一般管理（保険料滞納整理）,保健福祉政策部 保険料収納課,繰入金,special_account,173018,210065,37047,false,1,ippansainyu.csv,17475
rd_2026_national_health_insurance_revenue_27_01_01_04_16_3595400000,rs_2026_national_health_insurance_revenue_27_01_01_04,2026_national_health_insurance_revenue_27_01_01,2026,national_health_insurance,国民健康保険事業会計,27,繰入金,01,一般会計繰入金,01,一般会計繰入金,04,職員給与費等繰入金,16,審査支払手数料,保健福祉政策部 国保・年金課,繰入金,special_account,91299,88212,-3087,false,1,ippansainyu.csv,17408
rd_2026_national_health_insurance_revenue_27_01_01_05_04_3595400000,rs_2026_national_health_insurance_revenue_27_01_01_05,2026_national_health_insurance_revenue_27_01_01,2026,national_health_insurance,国民健康保険事業会計,27,繰入金,01,一般会計繰入金,01,一般会計繰入金,05,保険基盤安定繰入金（保険料軽減分）,04,医療給付費分（納付金）,保健福祉政策部 国保・年金課,繰入金,special_account,1717659,1678245,-39414,false,1,ippansainyu.csv,17409
rd_2026_national_health_insurance_revenue_27_01_01_05_05_3595400000,rs_2026_national_health_insurance_revenue_27_01_01_05,2026_national_health_insurance_revenue_27_01_01,2026,national_health_insurance,国民健康保険事業会計,27,繰入金,01,一般会計繰入金,01,一般会計繰入金,05,保険基盤安定繰入金（保険料軽減分）,05,後期高齢者支援金分（納付金）,保健福祉政策部 国保・年金課,繰入金,special_account,598850,601829,2979,false,1,ippansainyu.csv,17410
rd_2026_national_health_insurance_revenue_27_01_01_05_06_3595400000,rs_2026_national_health_insurance_revenue_27_01_01_05,2026_national_health_insurance_revenue_27_01_01,2026,national_health_insurance,国民健康保険事業会計,27,繰入金,01,一般会計繰入金,01,一般会計繰入金,05,保険基盤安定繰入金（保険料軽減分）,06,介護納付金分（納付金）,保健福祉政策部 国保・年金課,繰入金,special_account,236460,237473,1013,false,1,ippansainyu.csv,17411
rd_2026_national_health_insurance_revenue_27_01_01_05_07_3595400000,rs_2026_national_health_insurance_revenue_27_01_01_05,2026_national_health_insurance_revenue_27_01_01,2026,national_health_insurance,国民健康保険事業会計,27,繰入金,01,一般会計繰入金,01,一般会計繰入金,05,保険基盤安定繰入金（保険料軽減分）,07,子ども・子育て支援金分（納付金）,保健福祉政策部 国保・年金課,繰入金,special_account,0,69677,69677,false,1,ippansainyu.csv,17412
rd_2026_national_health_insurance_revenue_27_01_01_06_04_3595400000,rs_2026_national_health_insurance_revenue_27_01_01_06,2026_national_health_insurance_revenue_27_01_01,2026,national_health_insurance,国民健康保険事業会計,27,繰入金,01,一般会計繰入金,01,一般会計繰入金,06,保険基盤安定繰入金（保険者支援分）,04,医療給付費分（納付金）,保健福祉政策部 国保・年金課,繰入金,special_account,1089116,1081248,-7868,false,1,ippansainyu.csv,17413
rd_2026_national_health_insurance_revenue_27_01_01_06_05_3595400000,rs_2026_national_health_insurance_revenue_27_01_01_06,2026_national_health_insurance_revenue_27_01_01,2026,national_health_insurance,国民健康保険事業会計,27,繰入金,01,一般会計繰入金,01,一般会計繰入金,06,保険基盤安定繰入金（保険者支援分）,05,後期高齢者支援金分（納付金）,保健福祉政策部 国保・年金課,繰入金,special_account,374065,389720,15655,false,1,ippansainyu.csv,17414
rd_2026_national_health_insurance_revenue_27_01_01_06_06_3595400000,rs_2026_national_health_insurance_revenue_27_01_01_06,2026_national_health_insurance_revenue_27_01_01,2026,national_health_insurance,国民健康保険事業会計,27,繰入金,01,一般会計繰入金,01,一般会計繰入金,06,保険基盤安定繰入金（保険者支援分）,06,介護納付金分（納付金）,保健福祉政策部 国保・年金課,繰入金,special_account,140043,134495,-5548,false,1,ippansainyu.csv,17415
rd_2026_national_health_insurance_revenue_27_01_01_06_07_3595400000,rs_2026_national_health_insurance_revenue_27_01_01_06,2026_national_health_insurance_revenue_27_01_01,2026,national_health_insurance,国民健康保険事業会計,27,繰入金,01,一般会計繰入金,01,一般会計繰入金,06,保険基盤安定繰入金（保険者支援分）,07,子ども・子育て支援金分（納付金）,保健福祉政策部 国保・年金課,繰入金,special_account,0,34129,34129,false,1,ippansainyu.csv,17416
rd_2026_national_health_insurance_revenue_27_01_01_08_01_3595400000,rs_2026_national_health_insurance_revenue_27_01_01_08,2026_national_health_insurance_revenue_27_01_01,2026,national_health_insurance,国民健康保険事業会計,27,繰入金,01,一般会計繰入金,01,一般会計繰入金,08,未就学児均等割保険料繰入金,01,医療給付費分（納付金）,保健福祉政策部 国保・年金課,繰入金,special_account,50910,48170,-2740,false,1,ippansainyu.csv,17417
rd_2026_national_health_insurance_revenue_27_01_01_08_02_3595400000,rs_2026_national_health_insurance_revenue_27_01_01_08,2026_national_health_insurance_revenue_27_01_01,2026,national_health_insurance,国民健康保険事業会計,27,繰入金,01,一般会計繰入金,01,一般会計繰入金,08,未就学児均等割保険料繰入金,02,後期高齢者支援金分（納付金）,保健福祉政策部 国保・年金課,繰入金,special_account,17749,17274,-475,false,1,ippansainyu.csv,17418
rd_2026_national_health_insurance_revenue_27_01_01_08_03_3595400000,rs_2026_national_health_insurance_revenue_27_01_01_08,2026_national_health_insurance_revenue_27_01_01,2026,national_health_insurance,国民健康保険事業会計,27,繰入金,01,一般会計繰入金,01,一般会計繰入金,08,未就学児均等割保険料繰入金,03,子ども・子育て支援金分（納付金）,保健福祉政策部 国保・年金課,繰入金,special_account,0,1883,1883,false,1,ippansainyu.csv,17419
rd_2026_national_health_insurance_revenue_27_01_01_09_01_3595400000,rs_2026_national_health_insurance_revenue_27_01_01_09,2026_national_health_insurance_revenue_27_01_01,2026,national_health_insurance,国民健康保険事業会計,27,繰入金,01,一般会計繰入金,01,一般会計繰入金,09,産前産後保険料繰入金,01,医療給付費分（納付金）,保健福祉政策部 国保・年金課,繰入金,special_account,23791,30283,6492,false,1,ippansainyu.csv,17420
rd_2026_national_health_insurance_revenue_27_01_01_09_02_3595400000,rs_2026_national_health_insurance_revenue_27_01_01_09,2026_national_health_insurance_revenue_27_01_01,2026,national_health_insurance,国民健康保険事業会計,27,繰入金,01,一般会計繰入金,01,一般会計繰入金,09,産前産後保険料繰入金,02,後期高齢者支援金分（納付金）,保健福祉政策部 国保・年金課,繰入金,special_account,7777,10611,2834,false,1,ippansainyu.csv,17421
rd_2026_national_health_insurance_revenue_27_01_01_09_03_3595400000,rs_2026_national_health_insurance_revenue_27_01_01_09,2026_national_health_insurance_revenue_27_01_01,2026,national_health_insurance,国民健康保険事業会計,27,繰入金,01,一般会計繰入金,01,一般会計繰入金,09,産前産後保険料繰入金,03,介護納付金分,保健福祉政策部 国保・年金課,繰入金,special_account,1237,994,-243,false,1,ippansainyu.csv,17422
rd_2026_national_health_insurance_revenue_27_01_01_09_04_3595400000,rs_2026_national_health_insurance_revenue_27_01_01_09,2026_national_health_insurance_revenue_27_01_01,2026,national_health_insurance,国民健康保険事業会計,27,繰入金,01,一般会計繰入金,01,一般会計繰入金,09,産前産後保険料繰入金,04,子ども・子育て支援金分（納付金）,保健福祉政策部 国保・年金課,繰入金,special_account,0,1039,1039,false,1,ippansainyu.csv,17423
rd_2026_national_health_insurance_revenue_28_01_02_01_30_3595400000,rs_2026_national_health_insurance_revenue_28_01_02_01,2026_national_health_insurance_revenue_28_01_02,2026,national_health_insurance,国民健康保険事業会計,28,繰越金,01,繰越金,02,その他繰越金,01,その他繰越金,30,償還金,保健福祉政策部 国保・年金課,繰越金,special_account,0,0,0,true,0,ippansainyu.csv,17424
rd_2026_national_health_insurance_revenue_28_01_02_01_31_3595400000,rs_2026_national_health_insurance_revenue_28_01_02_01,2026_national_health_insurance_revenue_28_01_02,2026,national_health_insurance,国民健康保険事業会計,28,繰越金,01,繰越金,02,その他繰越金,01,その他繰越金,31,医療給付費分（納付金）,保健福祉政策部 国保・年金課,繰越金,special_account,1,1,0,false,1,ippansainyu.csv,17425
rd_2026_national_health_insurance_revenue_28_01_02_01_32_3595400000,rs_2026_national_health_insurance_revenue_28_01_02_01,2026_national_health_insurance_revenue_28_01_02,2026,national_health_insurance,国民健康保険事業会計,28,繰越金,01,繰越金,02,その他繰越金,01,その他繰越金,32,一般後期高齢者支援金等分（納付金）,保健福祉政策部 国保・年金課,繰越金,special_account,0,0,0,true,0,ippansainyu.csv,17426
rd_2026_national_health_insurance_revenue_28_01_02_01_35_3595400000,rs_2026_national_health_insurance_revenue_28_01_02_01,2026_national_health_insurance_revenue_28_01_02,2026,national_health_insurance,国民健康保険事業会計,28,繰越金,01,繰越金,02,その他繰越金,01,その他繰越金,35,子ども・子育て支援金分（納付金）,保健福祉政策部 国保・年金課,繰越金,special_account,0,0,0,true,0,ippansainyu.csv,17427
rd_2026_national_health_insurance_revenue_29_01_01_01_02_3595400000,rs_2026_national_health_insurance_revenue_29_01_01_01,2026_national_health_insurance_revenue_29_01_01,2026,national_health_insurance,国民健康保険事業会計,29,諸収入,01,延滞金加算金及過料,01,延滞金,01,延滞金,02,医療給付費分（納付金）,保健福祉政策部 国保・年金課,諸収入,special_account,24282,20600,-3682,false,1,ippansainyu.csv,17428
rd_2026_national_health_insurance_revenue_29_01_03_01_02_3595400000,rs_2026_national_health_insurance_revenue_29_01_03_01,2026_national_health_insurance_revenue_29_01_03,2026,national_health_insurance,国民健康保険事業会計,29,諸収入,01,延滞金加算金及過料,03,加算金,01,加算金,02,医療給付費分（納付金）,保健福祉政策部 国保・年金課,諸収入,special_account,1,1,0,false,1,ippansainyu.csv,17429
rd_2026_national_health_insurance_revenue_29_01_05_01_02_3595400000,rs_2026_national_health_insurance_revenue_29_01_05_01,2026_national_health_insurance_revenue_29_01_05,2026,national_health_insurance,国民健康保険事業会計,29,諸収入,01,延滞金加算金及過料,05,過料,01,過料,02,医療給付費分（納付金）,保健福祉政策部 国保・年金課,諸収入,special_account,1,1,0,false,1,ippansainyu.csv,17430
rd_2026_national_health_insurance_revenue_29_02_01_01_01_3595400000,rs_2026_national_health_insurance_revenue_29_02_01_01,2026_national_health_insurance_revenue_29_02_01,2026,national_health_insurance,国民健康保険事業会計,29,諸収入,02,特別区預金利子,01,特別区預金利子,01,特別区預金利子,01,預金利子収入,保健福祉政策部 国保・年金課,諸収入,special_account,1,1,0,false,1,ippansainyu.csv,17431
rd_2026_national_health_insurance_revenue_29_03_01_01_01_3595400000,rs_2026_national_health_insurance_revenue_29_03_01_01,2026_national_health_insurance_revenue_29_03_01,2026,national_health_insurance,国民健康保険事業会計,29,諸収入,03,雑入,01,第三者納付金,01,第三者納付金,01,第三者行為損害賠償金等,保健福祉政策部 国保・年金課,諸収入,special_account,18588,18142,-446,false,1,ippansainyu.csv,17432
rd_2026_national_health_insurance_revenue_29_03_03_01_01_3595400000,rs_2026_national_health_insurance_revenue_29_03_03_01,2026_national_health_insurance_revenue_29_03_03,2026,national_health_insurance,国民健康保険事業会計,29,諸収入,03,雑入,03,返納金,01,返納金,01,無資格受診等返還金,保健福祉政策部 国保・年金課,諸収入,special_account,27545,28181,636,false,1,ippansainyu.csv,17433
rd_2026_national_health_insurance_revenue_29_03_05_01_03_3205500000,rs_2026_national_health_insurance_revenue_29_03_05_01,2026_national_health_insurance_revenue_29_03_05,2026,national_health_insurance,国民健康保険事業会計,29,諸収入,03,雑入,05,納付金,01,納付金,03,再任用職員社会保険料,総務部 人事課,諸収入,special_account,361,412,51,false,1,ippansainyu.csv,16953
rd_2026_national_health_insurance_revenue_29_03_05_01_07_3595110000,rs_2026_national_health_insurance_revenue_29_03_05_01,2026_national_health_insurance_revenue_29_03_05,2026,national_health_insurance,国民健康保険事業会計,29,諸収入,03,雑入,05,納付金,01,納付金,07,会計年度任用職員社会保険料（保健福祉政策部）,保健福祉政策部 保健福祉政策課,諸収入,special_account,8113,8418,305,false,1,ippansainyu.csv,17256
rd_2026_national_health_insurance_revenue_29_03_06_01_01_3595400000,rs_2026_national_health_insurance_revenue_29_03_06_01,2026_national_health_insurance_revenue_29_03_06,2026,national_health_insurance,国民健康保険事業会計,29,諸収入,03,雑入,06,雑入,01,雑入,01,療養給付費,保健福祉政策部 国保・年金課,諸収入,special_account,1,1,0,false,1,ippansainyu.csv,17434
rd_2026_national_health_insurance_revenue_29_03_06_02_01_3595400000,rs_2026_national_health_insurance_revenue_29_03_06_02,2026_national_health_insurance_revenue_29_03_06,2026,national_health_insurance,国民健康保険事業会計,29,諸収入,03,雑入,06,雑入,02,滞納処分費,01,滞納処分費,保健福祉政策部 国保・年金課,諸収入,special_account,1,1,0,false,1,ippansainyu.csv,17435
rd_2026_national_health_insurance_revenue_29_03_06_26_01_3595400000,rs_2026_national_health_insurance_revenue_29_03_06_26,2026_national_health_insurance_revenue_29_03_06,2026,national_health_insurance,国民健康保険事業会計,29,諸収入,03,雑入,06,雑入,26,療養費分,01,療養費分,保健福祉政策部 国保・年金課,諸収入,special_account,1,1,0,false,1,ippansainyu.csv,17436
rd_2026_national_health_insurance_revenue_29_04_01_02_01_3205500000,rs_2026_national_health_insurance_revenue_29_04_01_02,2026_national_health_insurance_revenue_29_04_01,2026,national_health_insurance,国民健康保険事業会計,29,諸収入,04,受託事業収入,01,特定健康診査等受託料,02,保健事業費受託料,01,職員給与費（保健事業費受託事業収入）,総務部 人事課,諸収入,special_account,5800,6000,200,false,1,ippansainyu.csv,16954
rd_2026_school_lunch_fee_revenue_71_01_01_01_05_4960150000,rs_2026_school_lunch_fee_revenue_71_01_01_01,2026_school_lunch_fee_revenue_71_01_01,2026,school_lunch_fee,学校給食費会計,71,給食費,01,給食費,01,給食費収入,01,給食費収入,05,学校給食費徴収金,教育委員会事務局 学校健康推進課,諸収入,special_account,475731,0,-475731,true,0,ippansainyu.csv,18780
rd_2026_school_lunch_fee_revenue_72_01_01_01_04_4960150000,rs_2026_school_lunch_fee_revenue_72_01_01_01,2026_school_lunch_fee_revenue_72_01_01,2026,school_lunch_fee,学校給食費会計,72,繰入金,01,一般会計繰入金,01,一般会計繰入金,01,給食費繰入金,04,学校給食費,教育委員会事務局 学校健康推進課,繰入金,special_account,3470906,0,-3470906,true,0,ippansainyu.csv,18781
rd_2026_school_lunch_fee_revenue_73_01_01_01_02_4960150000,rs_2026_school_lunch_fee_revenue_73_01_01_01,2026_school_lunch_fee_revenue_73_01_01,2026,school_lunch_fee,学校給食費会計,73,繰越金,01,繰越金,01,繰越金,01,前年度繰越金,02,前年度繰越金,教育委員会事務局 学校健康推進課,繰越金,special_account,1,0,-1,true,0,ippansainyu.csv,18782
rd_2026_school_lunch_fee_revenue_74_01_01_01_02_4960150000,rs_2026_school_lunch_fee_revenue_74_01_01_01,2026_school_lunch_fee_revenue_74_01_01,2026,school_lunch_fee,学校給食費会計,74,諸収入,01,特別区預金利子,01,特別区預金利子,01,特別区預金利子,02,特別区預金利子,教育委員会事務局 学校健康推進課,財産収入,special_account,1,0,-1,true,0,ippansainyu.csv,18783
